T_K,F_QH_eV_per_atom,E_static_eV_per_atom,volume_scale,min_frequency_THz
851,-4.175455589412456,-4.112146634453286,1.02,-1.30200610075
852,-4.175814283431541,-4.112146634453286,1.02,-1.30200610075
853,-4.176173252802681,-4.112146634453286,1.02,-1.30200610075
854,-4.176532497260405,-4.112146634453286,1.02,-1.30200610075
855,-4.176892016539687,-4.112146634453286,1.02,-1.30200610075
856,-4.177251810375957,-4.112146634453286,1.02,-1.30200610075
857,-4.177611878505095,-4.112146634453286,1.02,-1.30200610075
858,-4.177972220663431,-4.112146634453286,1.02,-1.30200610075
859,-4.178332836587746,-4.112146634453286,1.02,-1.30200610075
860,-4.178693726015266,-4.112146634453286,1.02,-1.30200610075
861,-4.179054888683663,-4.112146634453286,1.02,-1.30200610075
862,-4.179416324331061,-4.112146634453286,1.02,-1.30200610075
863,-4.179778032696025,-4.112146634453286,1.02,-1.30200610075
864,-4.180140013517564,-4.112146634453286,1.02,-1.30200610075
865,-4.180502266535131,-4.112146634453286,1.02,-1.30200610075
866,-4.18086479148862,-4.112146634453286,1.02,-1.30200610075
867,-4.181227588118372,-4.112146634453286,1.02,-1.30200610075
868,-4.181590656165159,-4.112146634453286,1.02,-1.30200610075
869,-4.181953995370203,-4.112146634453286,1.02,-1.30200610075
870,-4.182317605475157,-4.112146634453286,1.02,-1.30200610075
871,-4.182681486222114,-4.112146634453286,1.02,-1.30200610075
872,-4.183045637353604,-4.112146634453286,1.02,-1.30200610075
873,-4.183410058612593,-4.112146634453286,1.02,-1.30200610075
874,-4.183774749742482,-4.112146634453286,1.02,-1.30200610075
875,-4.184139710487105,-4.112146634453286,1.02,-1.30200610075
876,-4.184504940590729,-4.112146634453286,1.02,-1.30200610075
877,-4.184870439798055,-4.112146634453286,1.02,-1.30200610075
878,-4.185236207854212,-4.112146634453286,1.02,-1.30200610075
879,-4.185602244504762,-4.112146634453286,1.02,-1.30200610075
880,-4.185968549495696,-4.112146634453286,1.02,-1.30200610075
881,-4.186335122573431,-4.112146634453286,1.02,-1.30200610075
882,-4.186701963484815,-4.112146634453286,1.02,-1.30200610075
883,-4.18706907197712,-4.112146634453286,1.02,-1.30200610075
884,-4.187436447798045,-4.112146634453286,1.02,-1.30200610075
885,-4.187804090695712,-4.112146634453286,1.02,-1.30200610075
886,-4.188172000418669,-4.112146634453286,1.02,-1.30200610075
887,-4.188540176715887,-4.112146634453286,1.02,-1.30200610075
888,-4.188908619336758,-4.112146634453286,1.02,-1.30200610075
889,-4.189277328031094,-4.112146634453286,1.02,-1.30200610075
890,-4.18964630254913,-4.112146634453286,1.02,-1.30200610075
891,-4.190015542641519,-4.112146634453286,1.02,-1.30200610075
892,-4.190385048059332,-4.112146634453286,1.02,-1.30200610075
893,-4.190754818554057,-4.112146634453286,1.02,-1.30200610075
894,-4.1911248538776,-4.112146634453286,1.02,-1.30200610075
895,-4.191495153782283,-4.112146634453286,1.02,-1.30200610075
896,-4.191865718020843,-4.112146634453286,1.02,-1.30200610075
897,-4.192236546346429,-4.112146634453286,1.02,-1.30200610075
898,-4.192607638512605,-4.112146634453286,1.02,-1.30200610075
899,-4.192978994273347,-4.112146634453286,1.02,-1.30200610075
900,-4.193350613383041,-4.112146634453286,1.02,-1.30200610075
901,-4.193722495596486,-4.112146634453286,1.02,-1.30200610075
902,-4.194094640668887,-4.112146634453286,1.02,-1.30200610075
903,-4.194467048355863,-4.112146634453286,1.02,-1.30200610075
904,-4.194839718413435,-4.112146634453286,1.02,-1.30200610075
905,-4.195212650598034,-4.112146634453286,1.02,-1.30200610075
906,-4.195585844666497,-4.112146634453286,1.02,-1.30200610075
907,-4.195959300376066,-4.112146634453286,1.02,-1.30200610075
908,-4.196333017484388,-4.112146634453286,1.02,-1.30200610075
909,-4.196706995749512,-4.112146634453286,1.02,-1.30200610075
910,-4.197081234929891,-4.112146634453286,1.02,-1.30200610075
911,-4.197455734784379,-4.112146634453286,1.02,-1.30200610075
912,-4.197830495072232,-4.112146634453286,1.02,-1.30200610075
913,-4.198205515553104,-4.112146634453286,1.02,-1.30200610075
914,-4.198580795987048,-4.112146634453286,1.02,-1.30200610075
915,-4.198956336134521,-4.112146634453286,1.02,-1.30200610075
916,-4.19933213575637,-4.112146634453286,1.02,-1.30200610075
917,-4.199708194613842,-4.112146634453286,1.02,-1.30200610075
918,-4.200084512468581,-4.112146634453286,1.02,-1.30200610075
919,-4.200461089082624,-4.112146634453286,1.02,-1.30200610075
920,-4.200837924218403,-4.112146634453286,1.02,-1.30200610075
921,-4.201215017638742,-4.112146634453286,1.02,-1.30200610075
922,-4.20159236910686,-4.112146634453286,1.02,-1.30200610075
923,-4.201969978386365,-4.112146634453286,1.02,-1.30200610075
924,-4.202347845241257,-4.112146634453286,1.02,-1.30200610075
925,-4.202725969435925,-4.112146634453286,1.02,-1.30200610075
926,-4.203104350735148,-4.112146634453286,1.02,-1.30200610075
927,-4.203482988904094,-4.112146634453286,1.02,-1.30200610075
928,-4.203861883708315,-4.112146634453286,1.02,-1.30200610075
929,-4.204241034913754,-4.112146634453286,1.02,-1.30200610075
930,-4.204620442286737,-4.112146634453286,1.02,-1.30200610075
931,-4.205000105593975,-4.112146634453286,1.02,-1.30200610075
932,-4.205380024602565,-4.112146634453286,1.02,-1.30200610075
933,-4.205760199079984,-4.112146634453286,1.02,-1.30200610075
934,-4.206140628794095,-4.112146634453286,1.02,-1.30200610075
935,-4.206521313513139,-4.112146634453286,1.02,-1.30200610075
936,-4.206902253005742,-4.112146634453286,1.02,-1.30200610075
937,-4.207283447040907,-4.112146634453286,1.02,-1.30200610075
938,-4.207664895388016,-4.112146634453286,1.02,-1.30200610075
939,-4.208046597816832,-4.112146634453286,1.02,-1.30200610075
940,-4.208428554097493,-4.112146634453286,1.02,-1.30200610075
941,-4.208810764000515,-4.112146634453286,1.02,-1.30200610075
942,-4.209193227296789,-4.112146634453286,1.02,-1.30200610075
943,-4.209575943757583,-4.112146634453286,1.02,-1.30200610075
944,-4.209958913154537,-4.112146634453286,1.02,-1.30200610075
945,-4.210342135259666,-4.112146634453286,1.02,-1.30200610075
946,-4.210725609845359,-4.112146634453286,1.02,-1.30200610075
947,-4.211109336684372,-4.112146634453286,1.02,-1.30200610075
948,-4.21149331554984,-4.112146634453286,1.02,-1.30200610075
949,-4.211877546215259,-4.112146634453286,1.02,-1.30200610075
950,-4.212262028454503,-4.112146634453286,1.02,-1.30200610075
951,-4.21264676204181,-4.112146634453286,1.02,-1.30200610075
952,-4.213031746751787,-4.112146634453286,1.02,-1.30200610075
953,-4.213416982359409,-4.112146634453286,1.02,-1.30200610075
954,-4.213802468640017,-4.112146634453286,1.02,-1.30200610075
955,-4.214188205369316,-4.112146634453286,1.02,-1.30200610075
956,-4.214574192323379,-4.112146634453286,1.02,-1.30200610075
957,-4.214960429278641,-4.112146634453286,1.02,-1.30200610075
958,-4.215346916011901,-4.112146634453286,1.02,-1.30200610075
959,-4.21573365230032,-4.112146634453286,1.02,-1.30200610075
960,-4.21612063792142,-4.112146634453286,1.02,-1.30200610075
961,-4.216507872653085,-4.112146634453286,1.02,-1.30200610075
962,-4.216895356273562,-4.112146634453286,1.02,-1.30200610075
963,-4.217283088561451,-4.112146634453286,1.02,-1.30200610075
964,-4.217671069295715,-4.112146634453286,1.02,-1.30200610075
965,-4.218059298255676,-4.112146634453286,1.02,-1.30200610075
966,-4.21844777522101,-4.112146634453286,1.02,-1.30200610075
967,-4.218836499971752,-4.112146634453286,1.02,-1.30200610075
968,-4.219225472288288,-4.112146634453286,1.02,-1.30200610075
969,-4.219614691951366,-4.112146634453286,1.02,-1.30200610075
970,-4.220004158742081,-4.112146634453286,1.02,-1.30200610075
971,-4.220393872441885,-4.112146634453286,1.02,-1.30200610075
972,-4.220783832832585,-4.112146634453286,1.02,-1.30200610075
973,-4.221174039696335,-4.112146634453286,1.02,-1.30200610075
974,-4.221564492815641,-4.112146634453286,1.02,-1.30200610075
975,-4.221955191973361,-4.112146634453286,1.02,-1.30200610075
976,-4.222346136952704,-4.112146634453286,1.02,-1.30200610075
977,-4.222737327537224,-4.112146634453286,1.02,-1.30200610075
978,-4.223128763510824,-4.112146634453286,1.02,-1.30200610075
979,-4.223520444657758,-4.112146634453286,1.02,-1.30200610075
980,-4.223912370762623,-4.112146634453286,1.02,-1.30200610075
981,-4.224304541610361,-4.112146634453286,1.02,-1.30200610075
982,-4.224696956986262,-4.112146634453286,1.02,-1.30200610075
983,-4.225089616675961,-4.112146634453286,1.02,-1.30200610075
984,-4.225482520465431,-4.112146634453286,1.02,-1.30200610075
985,-4.225875668140996,-4.112146634453286,1.02,-1.30200610075
986,-4.226269059489318,-4.112146634453286,1.02,-1.30200610075
987,-4.226662694297397,-4.112146634453286,1.02,-1.30200610075
988,-4.227056572352581,-4.112146634453286,1.02,-1.30200610075
989,-4.227450693442553,-4.112146634453286,1.02,-1.30200610075
990,-4.227845057355338,-4.112146634453286,1.02,-1.30200610075
991,-4.228239663879297,-4.112146634453286,1.02,-1.30200610075
992,-4.228634512803129,-4.112146634453286,1.02,-1.30200610075
993,-4.229029603915874,-4.112146634453286,1.02,-1.30200610075
994,-4.229424937006906,-4.112146634453286,1.02,-1.30200610075
995,-4.229820511865932,-4.112146634453286,1.02,-1.30200610075
996,-4.230216328282999,-4.112146634453286,1.02,-1.30200610075
997,-4.230612386048484,-4.112146634453286,1.02,-1.30200610075
998,-4.2310086849531,-4.112146634453286,1.02,-1.30200610075
999,-4.231405224787893,-4.112146634453286,1.02,-1.30200610075
1000,-4.231802005344239,-4.112146634453286,1.02,-1.30200610075
1001,-4.232199026413848,-4.112146634453286,1.02,-1.30200610075
1002,-4.23259628778876,-4.112146634453286,1.02,-1.30200610075
1003,-4.232993789261346,-4.112146634453286,1.02,-1.30200610075
1004,-4.233391530624301,-4.112146634453286,1.02,-1.30200610075
1005,-4.233789511670657,-4.112146634453286,1.02,-1.30200610075
1006,-4.234187732193767,-4.112146634453286,1.02,-1.30200610075
1007,-4.234586191987317,-4.112146634453286,1.02,-1.30200610075
1008,-4.234984890845312,-4.112146634453286,1.02,-1.30200610075
1009,-4.235383828562092,-4.112146634453286,1.02,-1.30200610075
1010,-4.235783004932315,-4.112146634453286,1.02,-1.30200610075
1011,-4.236182419750968,-4.112146634453286,1.02,-1.30200610075
1012,-4.236582072813357,-4.112146634453286,1.02,-1.30200610075
1013,-4.236981963915118,-4.112146634453286,1.02,-1.30200610075
1014,-4.237382092852203,-4.112146634453286,1.02,-1.30200610075
1015,-4.23778245942089,-4.112146634453286,1.02,-1.30200610075
1016,-4.238183063417775,-4.112146634453286,1.02,-1.30200610075
1017,-4.238583904639776,-4.112146634453286,1.02,-1.30200610075
1018,-4.238984982884133,-4.112146634453286,1.02,-1.30200610075
1019,-4.239386297948398,-4.112146634453286,1.02,-1.30200610075
1020,-4.239787849630449,-4.112146634453286,1.02,-1.30200610075
1021,-4.240189637728479,-4.112146634453286,1.02,-1.30200610075
1022,-4.240591662040997,-4.112146634453286,1.02,-1.30200610075
1023,-4.24099392236683,-4.112146634453286,1.02,-1.30200610075
1024,-4.241396418505118,-4.112146634453286,1.02,-1.30200610075
1025,-4.241799150255318,-4.112146634453286,1.02,-1.30200610075
1026,-4.242202117417203,-4.112146634453286,1.02,-1.30200610075
1027,-4.242605319790857,-4.112146634453286,1.02,-1.30200610075
1028,-4.243008757176677,-4.112146634453286,1.02,-1.30200610075
1029,-4.243412429375375,-4.112146634453286,1.02,-1.30200610075
1030,-4.243816336187973,-4.112146634453286,1.02,-1.30200610075
1031,-4.244220477415803,-4.112146634453286,1.02,-1.30200610075
1032,-4.244624852860508,-4.112146634453286,1.02,-1.30200610075
1033,-4.245029462324043,-4.112146634453286,1.02,-1.30200610075
1034,-4.245434305608669,-4.112146634453286,1.02,-1.30200610075
1035,-4.245839382516958,-4.112146634453286,1.02,-1.30200610075
1036,-4.246244692851788,-4.112146634453286,1.02,-1.30200610075
1037,-4.246650236416345,-4.112146634453286,1.02,-1.30200610075
1038,-4.24705601301412,-4.112146634453286,1.02,-1.30200610075
1039,-4.247462022448913,-4.112146634453286,1.02,-1.30200610075
1040,-4.247868264524826,-4.112146634453286,1.02,-1.30200610075
1041,-4.248274739046269,-4.112146634453286,1.02,-1.30200610075
1042,-4.248681445817953,-4.112146634453286,1.02,-1.30200610075
1043,-4.249088384644891,-4.112146634453286,1.02,-1.30200610075
1044,-4.249495555332403,-4.112146634453286,1.02,-1.30200610075
1045,-4.249902957686109,-4.112146634453286,1.02,-1.30200610075
1046,-4.25031059151193,-4.112146634453286,1.02,-1.30200610075
1047,-4.250718456616086,-4.112146634453286,1.02,-1.30200610075
1048,-4.251126552805103,-4.112146634453286,1.02,-1.30200610075
1049,-4.2515348798858,-4.112146634453286,1.02,-1.30200610075
1050,-4.251943437665298,-4.112146634453286,1.02,-1.30200610075
1051,-4.252352225951016,-4.112146634453286,1.02,-1.30200610075
1052,-4.252761244550673,-4.112146634453286,1.02,-1.30200610075
1053,-4.253170493272276,-4.112146634453286,1.02,-1.30200610075
1054,-4.253579971924141,-4.112146634453286,1.02,-1.30200610075
1055,-4.25398968031487,-4.112146634453286,1.02,-1.30200610075
1056,-4.254399618253366,-4.112146634453286,1.02,-1.30200610075
1057,-4.254809785548821,-4.112146634453286,1.02,-1.30200610075
1058,-4.255220182010728,-4.112146634453286,1.02,-1.30200610075
1059,-4.255630807448867,-4.112146634453286,1.02,-1.30200610075
1060,-4.256041661673313,-4.112146634453286,1.02,-1.30200610075
1061,-4.256452744494434,-4.112146634453286,1.02,-1.30200610075
1062,-4.256864055722888,-4.112146634453286,1.02,-1.30200610075
1063,-4.257275595169625,-4.112146634453286,1.02,-1.30200610075
1064,-4.257687362645885,-4.112146634453286,1.02,-1.30200610075
1065,-4.258099357963195,-4.112146634453286,1.02,-1.30200610075
1066,-4.258511580933375,-4.112146634453286,1.02,-1.30200610075
1067,-4.258924031368531,-4.112146634453286,1.02,-1.30200610075
1068,-4.259336709081057,-4.112146634453286,1.02,-1.30200610075
1069,-4.259749613883637,-4.112146634453286,1.02,-1.30200610075
1070,-4.260162745589239,-4.112146634453286,1.02,-1.30200610075
1071,-4.260576104011116,-4.112146634453286,1.02,-1.30200610075
1072,-4.260989688962806,-4.112146634453286,1.02,-1.30200610075
1073,-4.261403500258139,-4.112146634453286,1.02,-1.30200610075
1074,-4.261817537711217,-4.112146634453286,1.02,-1.30200610075
1075,-4.262231801136439,-4.112146634453286,1.02,-1.30200610075
1076,-4.262646290348477,-4.112146634453286,1.02,-1.30200610075
1077,-4.263061005162289,-4.112146634453286,1.02,-1.30200610075
1078,-4.263475945393117,-4.112146634453286,1.02,-1.30200610075
1079,-4.26389111085648,-4.112146634453286,1.02,-1.30200610075
1080,-4.264306501368181,-4.112146634453286,1.02,-1.30200610075
1081,-4.264722116744302,-4.112146634453286,1.02,-1.30200610075
1082,-4.265137956801205,-4.112146634453286,1.02,-1.30200610075
1083,-4.265554021355528,-4.112146634453286,1.02,-1.30200610075
1084,-4.265970310224193,-4.112146634453286,1.02,-1.30200610075
1085,-4.266386823224396,-4.112146634453286,1.02,-1.30200610075
1086,-4.266803560173611,-4.112146634453286,1.02,-1.30200610075
1087,-4.267220520889587,-4.112146634453286,1.02,-1.30200610075
1088,-4.267637705190353,-4.112146634453286,1.02,-1.30200610075
1089,-4.26805511289421,-4.112146634453286,1.02,-1.30200610075
1090,-4.268472743819735,-4.112146634453286,1.02,-1.30200610075
1091,-4.26889059778578,-4.112146634453286,1.02,-1.30200610075
1092,-4.26930867461147,-4.112146634453286,1.02,-1.30200610075
1093,-4.269726974116204,-4.112146634453286,1.02,-1.30200610075
1094,-4.270145496119652,-4.112146634453286,1.02,-1.30200610075
1095,-4.270564240441759,-4.112146634453286,1.02,-1.30200610075
1096,-4.27098320690274,-4.112146634453286,1.02,-1.30200610075
1097,-4.271402395323079,-4.112146634453286,1.02,-1.30200610075
1098,-4.271821805523534,-4.112146634453286,1.02,-1.30200610075
1099,-4.27224143732513,-4.112146634453286,1.02,-1.30200610075
1100,-4.272661290549164,-4.112146634453286,1.02,-1.30200610075
1101,-4.273081365017198,-4.112146634453286,1.02,-1.30200610075
1102,-4.273501660551066,-4.112146634453286,1.02,-1.30200610075
1103,-4.273922176972867,-4.112146634453286,1.02,-1.30200610075
1104,-4.27434291410497,-4.112146634453286,1.02,-1.30200610075
1105,-4.274763871770006,-4.112146634453286,1.02,-1.30200610075
1106,-4.275185049790877,-4.112146634453286,1.02,-1.30200610075
1107,-4.275606447990747,-4.112146634453286,1.02,-1.30200610075
1108,-4.276028066193046,-4.112146634453286,1.02,-1.30200610075
1109,-4.276449904221469,-4.112146634453286,1.02,-1.30200610075
1110,-4.276871961899972,-4.112146634453286,1.02,-1.30200610075
1111,-4.27729423905278,-4.112146634453286,1.02,-1.30200610075
1112,-4.277716735504375,-4.112146634453286,1.02,-1.30200610075
1113,-4.278139451079503,-4.112146634453286,1.02,-1.30200610075
1114,-4.278562385603173,-4.112146634453286,1.02,-1.30200610075
1115,-4.278985538900653,-4.112146634453286,1.02,-1.30200610075
1116,-4.279408910797475,-4.112146634453286,1.02,-1.30200610075
1117,-4.279832501119426,-4.112146634453286,1.02,-1.30200610075
1118,-4.280256309692557,-4.112146634453286,1.02,-1.30200610075
1119,-4.280680336343174,-4.112146634453286,1.02,-1.30200610075
1120,-4.281104580897845,-4.112146634453286,1.02,-1.30200610075
1121,-4.281529043183395,-4.112146634453286,1.02,-1.30200610075
1122,-4.281953723026907,-4.112146634453286,1.02,-1.30200610075
1123,-4.282378620255717,-4.112146634453286,1.02,-1.30200610075
1124,-4.282803734697422,-4.112146634453286,1.02,-1.30200610075
1125,-4.283229066179872,-4.112146634453286,1.02,-1.30200610075
1126,-4.283654614531173,-4.112146634453286,1.02,-1.30200610075
1127,-4.284080379579686,-4.112146634453286,1.02,-1.30200610075
1128,-4.284506361154027,-4.112146634453286,1.02,-1.30200610075
1129,-4.284932559083064,-4.112146634453286,1.02,-1.30200610075
1130,-4.285358973195921,-4.112146634453286,1.02,-1.30200610075
1131,-4.285785603321969,-4.112146634453286,1.02,-1.30200610075
1132,-4.286212449290838,-4.112146634453286,1.02,-1.30200610075
1133,-4.286639510932407,-4.112146634453286,1.02,-1.30200610075
1134,-4.287066788076804,-4.112146634453286,1.02,-1.30200610075
1135,-4.287494280554409,-4.112146634453286,1.02,-1.30200610075
1136,-4.287921988195854,-4.112146634453286,1.02,-1.30200610075
1137,-4.288349910832018,-4.112146634453286,1.02,-1.30200610075
1138,-4.28877804829403,-4.112146634453286,1.02,-1.30200610075
1139,-4.289206400413269,-4.112146634453286,1.02,-1.30200610075
1140,-4.28963496702136,-4.112146634453286,1.02,-1.30200610075
1141,-4.290063747950177,-4.112146634453286,1.02,-1.30200610075
1142,-4.290492743031841,-4.112146634453286,1.02,-1.30200610075
1143,-4.290921952098717,-4.112146634453286,1.02,-1.30200610075
1144,-4.29135137498342,-4.112146634453286,1.02,-1.30200610075
1145,-4.291781011518808,-4.112146634453286,1.02,-1.30200610075
1146,-4.292210861537985,-4.112146634453286,1.02,-1.30200610075
1147,-4.292640924874298,-4.112146634453286,1.02,-1.30200610075
1148,-4.293071201361342,-4.112146634453286,1.02,-1.30200610075
1149,-4.293501690832953,-4.112146634453286,1.02,-1.30200610075
1150,-4.293932393123207,-4.112146634453286,1.02,-1.30200610075
1151,-4.294363308066429,-4.112146634453286,1.02,-1.30200610075
1152,-4.29479443549718,-4.112146634453286,1.02,-1.30200610075
1153,-4.295225775250268,-4.112146634453286,1.02,-1.30200610075
1154,-4.29565732716074,-4.112146634453286,1.02,-1.30200610075
1155,-4.296089091063879,-4.112146634453286,1.02,-1.30200610075
1156,-4.296521066795218,-4.112146634453286,1.02,-1.30200610075
1157,-4.29695325419052,-4.112146634453286,1.02,-1.30200610075
1158,-4.297385653085792,-4.112146634453286,1.02,-1.30200610075
1159,-4.29781826331728,-4.112146634453286,1.02,-1.30200610075
1160,-4.298251084721468,-4.112146634453286,1.02,-1.30200610075
1161,-4.298684117135074,-4.112146634453286,1.02,-1.30200610075
1162,-4.299117360395058,-4.112146634453286,1.02,-1.30200610075
1163,-4.299550814338615,-4.112146634453286,1.02,-1.30200610075
1164,-4.299984478803175,-4.112146634453286,1.02,-1.30200610075
1165,-4.300418353626407,-4.112146634453286,1.02,-1.30200610075
1166,-4.300852438646212,-4.112146634453286,1.02,-1.30200610075
1167,-4.301286733700728,-4.112146634453286,1.02,-1.30200610075
1168,-4.301721238628325,-4.112146634453286,1.02,-1.30200610075
1169,-4.30215595326761,-4.112146634453286,1.02,-1.30200610075
1170,-4.302590877457424,-4.112146634453286,1.02,-1.30200610075
1171,-4.303026011036835,-4.112146634453286,1.02,-1.30200610075
1172,-4.30346135384515,-4.112146634453286,1.02,-1.30200610075
1173,-4.303896905721905,-4.112146634453286,1.02,-1.30200610075
1174,-4.304332666506872,-4.112146634453286,1.02,-1.30200610075
1175,-4.304768636040042,-4.112146634453286,1.02,-1.30200610075
1176,-4.305204814161653,-4.112146634453286,1.02,-1.30200610075
1177,-4.30564120071216,-4.112146634453286,1.02,-1.30200610075
1178,-4.306077795532257,-4.112146634453286,1.02,-1.30200610075
1179,-4.306514598462861,-4.112146634453286,1.02,-1.30200610075
1180,-4.306951609345119,-4.112146634453286,1.02,-1.30200610075
1181,-4.30738882802041,-4.112146634453286,1.02,-1.30200610075
1182,-4.307826254330337,-4.112146634453286,1.02,-1.30200610075
1183,-4.308263888116731,-4.112146634453286,1.02,-1.30200610075
1184,-4.30870172922165,-4.112146634453286,1.02,-1.30200610075
1185,-4.309139777487384,-4.112146634453286,1.02,-1.30200610075
1186,-4.30957803275644,-4.112146634453286,1.02,-1.30200610075
1187,-4.310016494871555,-4.112146634453286,1.02,-1.30200610075
1188,-4.310455163675693,-4.112146634453286,1.02,-1.30200610075
1189,-4.310894039012041,-4.112146634453286,1.02,-1.30200610075
1190,-4.311333120724008,-4.112146634453286,1.02,-1.30200610075
1191,-4.31177240865523,-4.112146634453286,1.02,-1.30200610075
1192,-4.312211902649567,-4.112146634453286,1.02,-1.30200610075
1193,-4.312651602551099,-4.112146634453286,1.02,-1.30200610075
1194,-4.313091508204129,-4.112146634453286,1.02,-1.30200610075
1195,-4.313531619453183,-4.112146634453286,1.02,-1.30200610075
1196,-4.313971936143011,-4.112146634453286,1.02,-1.30200610075
1197,-4.314412458118579,-4.112146634453286,1.02,-1.30200610075
1198,-4.314853185225077,-4.112146634453286,1.02,-1.30200610075
1199,-4.315294117307915,-4.112146634453286,1.02,-1.30200610075
1200,-4.315735254212724,-4.112146634453286,1.02,-1.30200610075
1201,-4.31617659578535,-4.112146634453286,1.02,-1.30200610075
1202,-4.316618141871863,-4.112146634453286,1.02,-1.30200610075
1203,-4.317059892318548,-4.112146634453286,1.02,-1.30200610075
1204,-4.317501846971912,-4.112146634453286,1.02,-1.30200610075
1205,-4.317944005678676,-4.112146634453286,1.02,-1.30200610075
1206,-4.318386368285779,-4.112146634453286,1.02,-1.30200610075
1207,-4.318828934640377,-4.112146634453286,1.02,-1.30200610075
1208,-4.319271704589845,-4.112146634453286,1.02,-1.30200610075
1209,-4.319714677981769,-4.112146634453286,1.02,-1.30200610075
1210,-4.320157854663955,-4.112146634453286,1.02,-1.30200610075
1211,-4.320601234484422,-4.112146634453286,1.02,-1.30200610075
1212,-4.321044817291403,-4.112146634453286,1.02,-1.30200610075
1213,-4.321488602933349,-4.112146634453286,1.02,-1.30200610075
1214,-4.321932591258919,-4.112146634453286,1.02,-1.30200610075
1215,-4.322376782116989,-4.112146634453286,1.02,-1.30200610075
1216,-4.32282117535665,-4.112146634453286,1.02,-1.30200610075
1217,-4.3232657708272,-4.112146634453286,1.02,-1.30200610075
1218,-4.323710568378155,-4.112146634453286,1.02,-1.30200610075
1219,-4.324155567859239,-4.112146634453286,1.02,-1.30200610075
1220,-4.324600769120387,-4.112146634453286,1.02,-1.30200610075
1221,-4.325046172011748,-4.112146634453286,1.02,-1.30200610075
1222,-4.32549177638368,-4.112146634453286,1.02,-1.30200610075
1223,-4.325937582086747,-4.112146634453286,1.02,-1.30200610075
1224,-4.326383588971731,-4.112146634453286,1.02,-1.30200610075
1225,-4.326829796889617,-4.112146634453286,1.02,-1.30200610075
1226,-4.327276205691599,-4.112146634453286,1.02,-1.30200610075
1227,-4.327722815229083,-4.112146634453286,1.02,-1.30200610075
1228,-4.32816962535368,-4.112146634453286,1.02,-1.30200610075
1229,-4.32861663591721,-4.112146634453286,1.02,-1.30200610075
1230,-4.329063846771697,-4.112146634453286,1.02,-1.30200610075
1231,-4.329511257769379,-4.112146634453286,1.02,-1.30200610075
1232,-4.329958868762693,-4.112146634453286,1.02,-1.30200610075
1233,-4.330406679604286,-4.112146634453286,1.02,-1.30200610075
1234,-4.330854690147009,-4.112146634453286,1.02,-1.30200610075
1235,-4.331302900243918,-4.112146634453286,1.02,-1.30200610075
1236,-4.331751309748276,-4.112146634453286,1.02,-1.30200610075
1237,-4.332199918513546,-4.112146634453286,1.02,-1.30200610075
1238,-4.332648726393401,-4.112146634453286,1.02,-1.30200610075
1239,-4.333097733241712,-4.112146634453286,1.02,-1.30200610075
1240,-4.333546938912558,-4.112146634453286,1.02,-1.30200610075
1241,-4.333996343260216,-4.112146634453286,1.02,-1.30200610075
1242,-4.334445946139167,-4.112146634453286,1.02,-1.30200610075
1243,-4.334895747404096,-4.112146634453286,1.02,-1.30200610075
1244,-4.33534574690989,-4.112146634453286,1.02,-1.30200610075
1245,-4.335795944511631,-4.112146634453286,1.02,-1.30200610075
1246,-4.336246340064609,-4.112146634453286,1.02,-1.30200610075
1247,-4.336696933424313,-4.112146634453286,1.02,-1.30200610075
1248,-4.337147724446428,-4.112146634453286,1.02,-1.30200610075
1249,-4.337598712986843,-4.112146634453286,1.02,-1.30200610075
1250,-4.338049898901644,-4.112146634453286,1.02,-1.30200610075
1251,-4.338501282047114,-4.112146634453286,1.02,-1.30200610075
1252,-4.338952862279742,-4.112146634453286,1.02,-1.30200610075
1253,-4.339404639456204,-4.112146634453286,1.02,-1.30200610075
1254,-4.339856613433385,-4.112146634453286,1.02,-1.30200610075
1255,-4.340308784068361,-4.112146634453286,1.02,-1.30200610075
1256,-4.340761151218402,-4.112146634453286,1.02,-1.30200610075
1257,-4.341213714740983,-4.112146634453286,1.02,-1.30200610075
1258,-4.341666474493769,-4.112146634453286,1.02,-1.30200610075
1259,-4.342119430334621,-4.112146634453286,1.02,-1.30200610075
1260,-4.342572582121599,-4.112146634453286,1.02,-1.30200610075
1261,-4.343025929712955,-4.112146634453286,1.02,-1.30200610075
1262,-4.343479472967137,-4.112146634453286,1.02,-1.30200610075
1263,-4.343933211742786,-4.112146634453286,1.02,-1.30200610075
1264,-4.344387145898738,-4.112146634453286,1.02,-1.30200610075
1265,-4.344841275294023,-4.112146634453286,1.02,-1.30200610075
1266,-4.345295599787863,-4.112146634453286,1.02,-1.30200610075
1267,-4.345750119239673,-4.112146634453286,1.02,-1.30200610075
1268,-4.34620483350906,-4.112146634453286,1.02,-1.30200610075
1269,-4.346659742455826,-4.112146634453286,1.02,-1.30200610075
1270,-4.347114845939959,-4.112146634453286,1.02,-1.30200610075
1271,-4.347570143821645,-4.112146634453286,1.02,-1.30200610075
1272,-4.348025635961255,-4.112146634453286,1.02,-1.30200610075
1273,-4.348481322219355,-4.112146634453286,1.02,-1.30200610075
1274,-4.348937202456698,-4.112146634453286,1.02,-1.30200610075
1275,-4.349393276534228,-4.112146634453286,1.02,-1.30200610075
1276,-4.349849544313078,-4.112146634453286,1.02,-1.30200610075
1277,-4.350306005654574,-4.112146634453286,1.02,-1.30200610075
1278,-4.350762660420225,-4.112146634453286,1.02,-1.30200610075
1279,-4.351219508471731,-4.112146634453286,1.02,-1.30200610075
1280,-4.351676549670979,-4.112146634453286,1.02,-1.30200610075
1281,-4.352133783880046,-4.112146634453286,1.02,-1.30200610075
1282,-4.352591210961195,-4.112146634453286,1.02,-1.30200610075
1283,-4.353048830776874,-4.112146634453286,1.02,-1.30200610075
1284,-4.353506643189721,-4.112146634453286,1.02,-1.30200610075
1285,-4.353964648062557,-4.112146634453286,1.02,-1.30200610075
1286,-4.354422845258392,-4.112146634453286,1.02,-1.30200610075
1287,-4.354881234640418,-4.112146634453286,1.02,-1.30200610075
1288,-4.355339816072016,-4.112146634453286,1.02,-1.30200610075
1289,-4.355798589416748,-4.112146634453286,1.02,-1.30200610075
1290,-4.356257554538364,-4.112146634453286,1.02,-1.30200610075
1291,-4.356716711300794,-4.112146634453286,1.02,-1.30200610075
1292,-4.357176059568157,-4.112146634453286,1.02,-1.30200610075
1293,-4.35763559920475,-4.112146634453286,1.02,-1.30200610075
1294,-4.358095330075057,-4.112146634453286,1.02,-1.30200610075
1295,-4.358555252043742,-4.112146634453286,1.02,-1.30200610075
1296,-4.359015364975652,-4.112146634453286,1.02,-1.30200610075
1297,-4.35947566873582,-4.112146634453286,1.02,-1.30200610075
1298,-4.359936163189455,-4.112146634453286,1.02,-1.30200610075
1299,-4.360396848201948,-4.112146634453286,1.02,-1.30200610075
1300,-4.360857723638873,-4.112146634453286,1.02,-1.30200610075
1301,-4.361318789365986,-4.112146634453286,1.02,-1.30200610075
1302,-4.36178004524922,-4.112146634453286,1.02,-1.30200610075
1303,-4.362241491154689,-4.112146634453286,1.02,-1.30200610075
1304,-4.362703126948685,-4.112146634453286,1.02,-1.30200610075
1305,-4.363164952497685,-4.112146634453286,1.02,-1.30200610075
1306,-4.36362696766834,-4.112146634453286,1.02,-1.30200610075
1307,-4.364089172327478,-4.112146634453286,1.02,-1.30200610075
1308,-4.364551566342109,-4.112146634453286,1.02,-1.30200610075
1309,-4.365014149579421,-4.112146634453286,1.02,-1.30200610075
1310,-4.365476921906776,-4.112146634453286,1.02,-1.30200610075
1311,-4.365939883191716,-4.112146634453286,1.02,-1.30200610075
1312,-4.36640303330196,-4.112146634453286,1.02,-1.30200610075
1313,-4.366866372105402,-4.112146634453286,1.02,-1.30200610075
1314,-4.367329899470114,-4.112146634453286,1.02,-1.30200610075
1315,-4.367793615264341,-4.112146634453286,1.02,-1.30200610075
1316,-4.368257519356507,-4.112146634453286,1.02,-1.30200610075
1317,-4.368721611615208,-4.112146634453286,1.02,-1.30200610075
1318,-4.36918589190922,-4.112146634453286,1.02,-1.30200610075
1319,-4.369650360107487,-4.112146634453286,1.02,-1.30200610075
1320,-4.370115016079129,-4.112146634453286,1.02,-1.30200610075
1321,-4.370579859693445,-4.112146634453286,1.02,-1.30200610075
1322,-4.371044890819901,-4.112146634453286,1.02,-1.30200610075
1323,-4.371510109328137,-4.112146634453286,1.02,-1.30200610075
1324,-4.371975515087975,-4.112146634453286,1.02,-1.30200610075
1325,-4.372441107969396,-4.112146634453286,1.02,-1.30200610075
1326,-4.372906887842561,-4.112146634453286,1.02,-1.30200610075
1327,-4.373372854577803,-4.112146634453286,1.02,-1.30200610075
1328,-4.373839008045624,-4.112146634453286,1.02,-1.30200610075
1329,-4.374305348116698,-4.112146634453286,1.02,-1.30200610075
1330,-4.374771874661872,-4.112146634453286,1.02,-1.30200610075
1331,-4.375238587552163,-4.112146634453286,1.02,-1.30200610075
1332,-4.375705486658754,-4.112146634453286,1.02,-1.30200610075
1333,-4.376172571853005,-4.112146634453286,1.02,-1.30200610075
1334,-4.376639843006441,-4.112146634453286,1.02,-1.30200610075
1335,-4.377107299990756,-4.112146634453286,1.02,-1.30200610075
1336,-4.377574942677816,-4.112146634453286,1.02,-1.30200610075
1337,-4.378042770939655,-4.112146634453286,1.02,-1.30200610075
1338,-4.378510784648474,-4.112146634453286,1.02,-1.30200610075
1339,-4.378978983676643,-4.112146634453286,1.02,-1.30200610075
1340,-4.379447367896699,-4.112146634453286,1.02,-1.30200610075
1341,-4.379915937181346,-4.112146634453286,1.02,-1.30200610075
1342,-4.380384691403459,-4.112146634453286,1.02,-1.30200610075
1343,-4.380853630436077,-4.112146634453286,1.02,-1.30200610075
1344,-4.381322754152404,-4.112146634453286,1.02,-1.30200610075
1345,-4.381792062425811,-4.112146634453286,1.02,-1.30200610075
1346,-4.382261555129841,-4.112146634453286,1.02,-1.30200610075
1347,-4.382731232138191,-4.112146634453286,1.02,-1.30200610075
1348,-4.383201093324734,-4.112146634453286,1.02,-1.30200610075
1349,-4.383671138563503,-4.112146634453286,1.02,-1.30200610075
1350,-4.384141367728695,-4.112146634453286,1.02,-1.30200610075
1351,-4.384611780694674,-4.112146634453286,1.02,-1.30200610075
1352,-4.385082377335966,-4.112146634453286,1.02,-1.30200610075
1353,-4.385553157527262,-4.112146634453286,1.02,-1.30200610075
1354,-4.386024121143419,-4.112146634453286,1.02,-1.30200610075
1355,-4.386495268059449,-4.112146634453286,1.02,-1.30200610075
1356,-4.386966598150537,-4.112146634453286,1.02,-1.30200610075
1357,-4.387438111292024,-4.112146634453286,1.02,-1.30200610075
1358,-4.387909807359413,-4.112146634453286,1.02,-1.30200610075
1359,-4.388381686228374,-4.112146634453286,1.02,-1.30200610075
1360,-4.388853747774735,-4.112146634453286,1.02,-1.30200610075
1361,-4.389325991874484,-4.112146634453286,1.02,-1.30200610075
1362,-4.389798418403775,-4.112146634453286,1.02,-1.30200610075
1363,-4.390271027238916,-4.112146634453286,1.02,-1.30200610075
1364,-4.390743818256384,-4.112146634453286,1.02,-1.30200610075
1365,-4.391216791332808,-4.112146634453286,1.02,-1.30200610075
1366,-4.391689946344981,-4.112146634453286,1.02,-1.30200610075
1367,-4.392163283169855,-4.112146634453286,1.02,-1.30200610075
1368,-4.392636801684541,-4.112146634453286,1.02,-1.30200610075
1369,-4.393110501766311,-4.112146634453286,1.02,-1.30200610075
1370,-4.393584383292591,-4.112146634453286,1.02,-1.30200610075
1371,-4.39405844614097,-4.112146634453286,1.02,-1.30200610075
1372,-4.394532690189193,-4.112146634453286,1.02,-1.30200610075
1373,-4.395007115315163,-4.112146634453286,1.02,-1.30200610075
1374,-4.395481721396942,-4.112146634453286,1.02,-1.30200610075
1375,-4.395956508312747,-4.112146634453286,1.02,-1.30200610075
1376,-4.39643147594095,-4.112146634453286,1.02,-1.30200610075
1377,-4.396906624160088,-4.112146634453286,1.02,-1.30200610075
1378,-4.397381952848846,-4.112146634453286,1.02,-1.30200610075
1379,-4.397857461886068,-4.112146634453286,1.02,-1.30200610075
1380,-4.398333151150753,-4.112146634453286,1.02,-1.30200610075
1381,-4.39880902052206,-4.112146634453286,1.02,-1.30200610075
1382,-4.399285069879297,-4.112146634453286,1.02,-1.30200610075
1383,-4.399761299101929,-4.112146634453286,1.02,-1.30200610075
1384,-4.400237708069577,-4.112146634453286,1.02,-1.30200610075
1385,-4.400714296662016,-4.112146634453286,1.02,-1.30200610075
1386,-4.401191064759173,-4.112146634453286,1.02,-1.30200610075
1387,-4.401668012241133,-4.112146634453286,1.02,-1.30200610075
1388,-4.40214513898813,-4.112146634453286,1.02,-1.30200610075
1389,-4.402622444880555,-4.112146634453286,1.02,-1.30200610075
1390,-4.403099929798948,-4.112146634453286,1.02,-1.30200610075
1391,-4.403577593624005,-4.112146634453286,1.02,-1.30200610075
1392,-4.404055436236577,-4.112146634453286,1.02,-1.30200610075
1393,-4.404533457517656,-4.112146634453286,1.02,-1.30200610075
1394,-4.405011657348399,-4.112146634453286,1.02,-1.30200610075
1395,-4.405490035610108,-4.112146634453286,1.02,-1.30200610075
1396,-4.405968592184237,-4.112146634453286,1.02,-1.30200610075
1397,-4.40644732695239,-4.112146634453286,1.02,-1.30200610075
1398,-4.406926239796324,-4.112146634453286,1.02,-1.30200610075
1399,-4.407405330597946,-4.112146634453286,1.02,-1.30200610075
1400,-4.407884599239313,-4.112146634453286,1.02,-1.30200610075
1401,-4.40836404560263,-4.112146634453286,1.02,-1.30200610075
1402,-4.408843669570254,-4.112146634453286,1.02,-1.30200610075
1403,-4.409323471024691,-4.112146634453286,1.02,-1.30200610075
1404,-4.409803449848595,-4.112146634453286,1.02,-1.30200610075
1405,-4.410283605924772,-4.112146634453286,1.02,-1.30200610075
1406,-4.410763939136173,-4.112146634453286,1.02,-1.30200610075
1407,-4.411244449365896,-4.112146634453286,1.02,-1.30200610075
1408,-4.411725136497194,-4.112146634453286,1.02,-1.30200610075
1409,-4.412206000413461,-4.112146634453286,1.02,-1.30200610075
1410,-4.412687040998239,-4.112146634453286,1.02,-1.30200610075
1411,-4.413168258135225,-4.112146634453286,1.02,-1.30200610075
1412,-4.41364965170825,-4.112146634453286,1.02,-1.30200610075
1413,-4.414131221601304,-4.112146634453286,1.02,-1.30200610075
1414,-4.414612967698516,-4.112146634453286,1.02,-1.30200610075
1415,-4.415094889884164,-4.112146634453286,1.02,-1.30200610075
1416,-4.415576988042671,-4.112146634453286,1.02,-1.30200610075
1417,-4.416059262058607,-4.112146634453286,1.02,-1.30200610075
1418,-4.416541711816684,-4.112146634453286,1.02,-1.30200610075
1419,-4.417024337201766,-4.112146634453286,1.02,-1.30200610075
1420,-4.417507138098852,-4.112146634453286,1.02,-1.30200610075
1421,-4.417990114393095,-4.112146634453286,1.02,-1.30200610075
1422,-4.418473265969785,-4.112146634453286,1.02,-1.30200610075
1423,-4.418956592714362,-4.112146634453286,1.02,-1.30200610075
1424,-4.419440094512407,-4.112146634453286,1.02,-1.30200610075
1425,-4.419923771249644,-4.112146634453286,1.02,-1.30200610075
1426,-4.42040762281194,-4.112146634453286,1.02,-1.30200610075
1427,-4.420891649085308,-4.112146634453286,1.02,-1.30200610075
1428,-4.421375849955903,-4.112146634453286,1.02,-1.30200610075
1429,-4.421860225310018,-4.112146634453286,1.02,-1.30200610075
1430,-4.422344775034095,-4.112146634453286,1.02,-1.30200610075
1431,-4.422829499014713,-4.112146634453286,1.02,-1.30200610075
1432,-4.423314397138595,-4.112146634453286,1.02,-1.30200610075
1433,-4.423799469292605,-4.112146634453286,1.02,-1.30200610075
1434,-4.424284715363747,-4.112146634453286,1.02,-1.30200610075
1435,-4.424770135239171,-4.112146634453286,1.02,-1.30200610075
1436,-4.425255728806161,-4.112146634453286,1.02,-1.30200610075
1437,-4.425741495952145,-4.112146634453286,1.02,-1.30200610075
1438,-4.426227436564692,-4.112146634453286,1.02,-1.30200610075
1439,-4.426713550531509,-4.112146634453286,1.02,-1.30200610075
1440,-4.427199837740443,-4.112146634453286,1.02,-1.30200610075
1441,-4.427686298079483,-4.112146634453286,1.02,-1.30200610075
1442,-4.428172931436755,-4.112146634453286,1.02,-1.30200610075
1443,-4.428659737700522,-4.112146634453286,1.02,-1.30200610075
1444,-4.429146716759193,-4.112146634453286,1.02,-1.30200610075
1445,-4.429633868501305,-4.112146634453286,1.02,-1.30200610075
1446,-4.430121192815543,-4.112146634453286,1.02,-1.30200610075
1447,-4.430608689590724,-4.112146634453286,1.02,-1.30200610075
1448,-4.431096358715806,-4.112146634453286,1.02,-1.30200610075
1449,-4.431584200079882,-4.112146634453286,1.02,-1.30200610075
1450,-4.432072213572185,-4.112146634453286,1.02,-1.30200610075
1451,-4.432560399082083,-4.112146634453286,1.02,-1.30200610075
1452,-4.433048756499081,-4.112146634453286,1.02,-1.30200610075
1453,-4.433537285712822,-4.112146634453286,1.02,-1.30200610075
1454,-4.434025986613084,-4.112146634453286,1.02,-1.30200610075
1455,-4.434514859089782,-4.112146634453286,1.02,-1.30200610075
1456,-4.435003903032962,-4.112146634453286,1.02,-1.30200610075
1457,-4.435493118332817,-4.112146634453286,1.02,-1.30200610075
1458,-4.435982504879663,-4.112146634453286,1.02,-1.30200610075
1459,-4.436472062563957,-4.112146634453286,1.02,-1.30200610075
1460,-4.436961791276291,-4.112146634453286,1.02,-1.30200610075
1461,-4.437451690907391,-4.112146634453286,1.02,-1.30200610075
1462,-4.437941761348116,-4.112146634453286,1.02,-1.30200610075
1463,-4.438432002489462,-4.112146634453286,1.02,-1.30200610075
1464,-4.438922414222557,-4.112146634453286,1.02,-1.30200610075
1465,-4.439412996438661,-4.112146634453286,1.02,-1.30200610075
1466,-4.43990374902917,-4.112146634453286,1.02,-1.30200610075
1467,-4.440394671885615,-4.112146634453286,1.02,-1.30200610075
1468,-4.440885764899655,-4.112146634453286,1.02,-1.30200610075
1469,-4.441377027963087,-4.112146634453286,1.02,-1.30200610075
1470,-4.441868460967836,-4.112146634453286,1.02,-1.30200610075
1471,-4.442360063805961,-4.112146634453286,1.02,-1.30200610075
1472,-4.442851836369653,-4.112146634453286,1.02,-1.30200610075
1473,-4.443343778551237,-4.112146634453286,1.02,-1.30200610075
1474,-4.443835890243165,-4.112146634453286,1.02,-1.30200610075
1475,-4.444328171338026,-4.112146634453286,1.02,-1.30200610075
1476,-4.444820621728534,-4.112146634453286,1.02,-1.30200610075
1477,-4.445313241307539,-4.112146634453286,1.02,-1.30200610075
1478,-4.445806029968018,-4.112146634453286,1.02,-1.30200610075
1479,-4.446298987603081,-4.112146634453286,1.02,-1.30200610075
1480,-4.446792114105969,-4.112146634453286,1.02,-1.30200610075
1481,-4.447285409370049,-4.112146634453286,1.02,-1.30200610075
1482,-4.447778873288819,-4.112146634453286,1.02,-1.30200610075
1483,-4.44827250575591,-4.112146634453286,1.02,-1.30200610075
1484,-4.448766306665081,-4.112146634453286,1.02,-1.30200610075
1485,-4.449260275910215,-4.112146634453286,1.02,-1.30200610075
1486,-4.449754413385332,-4.112146634453286,1.02,-1.30200610075
1487,-4.450248718984572,-4.112146634453286,1.02,-1.30200610075
1488,-4.45074319260221,-4.112146634453286,1.02,-1.30200610075
1489,-4.451237834132647,-4.112146634453286,1.02,-1.30200610075
1490,-4.451732643470413,-4.112146634453286,1.02,-1.30200610075
1491,-4.452227620510161,-4.112146634453286,1.02,-1.30200610075
1492,-4.452722765146678,-4.112146634453286,1.02,-1.30200610075
1493,-4.453218077274877,-4.112146634453286,1.02,-1.30200610075
1494,-4.453713556789793,-4.112146634453286,1.02,-1.30200610075
1495,-4.454209203586592,-4.112146634453286,1.02,-1.30200610075
1496,-4.454705017560567,-4.112146634453286,1.02,-1.30200610075
1497,-4.455200998607135,-4.112146634453286,1.02,-1.30200610075
1498,-4.455697146621842,-4.112146634453286,1.02,-1.30200610075
1499,-4.45619346150036,-4.112146634453286,1.02,-1.30200610075
1500,-4.45668994313848,-4.112146634453286,1.02,-1.30200610075
1501,-4.457186591432127,-4.112146634453286,1.02,-1.30200610075
1502,-4.457683406277349,-4.112146634453286,1.02,-1.30200610075
1503,-4.458180387570316,-4.112146634453286,1.02,-1.30200610075
1504,-4.458677535207327,-4.112146634453286,1.02,-1.30200610075
1505,-4.459174849084802,-4.112146634453286,1.02,-1.30200610075
1506,-4.459672329099286,-4.112146634453286,1.02,-1.30200610075
1507,-4.460169975147452,-4.112146634453286,1.02,-1.30200610075
1508,-4.460667787126094,-4.112146634453286,1.02,-1.30200610075
1509,-4.461165764932128,-4.112146634453286,1.02,-1.30200610075
1510,-4.461663908462596,-4.112146634453286,1.02,-1.30200610075
1511,-4.462162217614665,-4.112146634453286,1.02,-1.30200610075
1512,-4.462660692285623,-4.112146634453286,1.02,-1.30200610075
1513,-4.46315933237288,-4.112146634453286,1.02,-1.30200610075
1514,-4.46365813777397,-4.112146634453286,1.02,-1.30200610075
1515,-4.464157108386549,-4.112146634453286,1.02,-1.30200610075
1516,-4.464656244108396,-4.112146634453286,1.02,-1.30200610075
1517,-4.465155544837415,-4.112146634453286,1.02,-1.30200610075
1518,-4.465655010471623,-4.112146634453286,1.02,-1.30200610075
1519,-4.466154640909167,-4.112146634453286,1.02,-1.30200610075
1520,-4.466654436048314,-4.112146634453286,1.02,-1.30200610075
1521,-4.467154395787451,-4.112146634453286,1.02,-1.30200610075
1522,-4.467654520025083,-4.112146634453286,1.02,-1.30200610075
1523,-4.468154808659841,-4.112146634453286,1.02,-1.30200610075
1524,-4.468655261590476,-4.112146634453286,1.02,-1.30200610075
1525,-4.469155878715856,-4.112146634453286,1.02,-1.30200610075
1526,-4.469656659934973,-4.112146634453286,1.02,-1.30200610075
1527,-4.470157605146936,-4.112146634453286,1.02,-1.30200610075
1528,-4.470658714250974,-4.112146634453286,1.02,-1.30200610075
1529,-4.471159987146439,-4.112146634453286,1.02,-1.30200610075
1530,-4.4716614237328,-4.112146634453286,1.02,-1.30200610075
1531,-4.472163023909642,-4.112146634453286,1.02,-1.30200610075
1532,-4.472664787576677,-4.112146634453286,1.02,-1.30200610075
1533,-4.473166714633728,-4.112146634453286,1.02,-1.30200610075
1534,-4.473668804980741,-4.112146634453286,1.02,-1.30200610075
1535,-4.474171058517777,-4.112146634453286,1.02,-1.30200610075
1536,-4.474673475145019,-4.112146634453286,1.02,-1.30200610075
1537,-4.475176054762768,-4.112146634453286,1.02,-1.30200610075
1538,-4.475678797271435,-4.112146634453286,1.02,-1.30200610075
1539,-4.476181702571561,-4.112146634453286,1.02,-1.30200610075
1540,-4.476684770563794,-4.112146634453286,1.02,-1.30200610075
1541,-4.477188001148904,-4.112146634453286,1.02,-1.30200610075
1542,-4.477691394227779,-4.112146634453286,1.02,-1.30200610075
1543,-4.47819494970142,-4.112146634453286,1.02,-1.30200610075
1544,-4.478698667470946,-4.112146634453286,1.02,-1.30200610075
1545,-4.479202547437595,-4.112146634453286,1.02,-1.30200610075
1546,-4.479706589502715,-4.112146634453286,1.02,-1.30200610075
1547,-4.480210793567778,-4.112146634453286,1.02,-1.30200610075
1548,-4.480715159534366,-4.112146634453286,1.02,-1.30200610075
1549,-4.481219687304179,-4.112146634453286,1.02,-1.30200610075
1550,-4.48172437677903,-4.112146634453286,1.02,-1.30200610075
1551,-4.482229227860852,-4.112146634453286,1.02,-1.30200610075
1552,-4.482734240451689,-4.112146634453286,1.02,-1.30200610075
1553,-4.483239414453697,-4.112146634453286,1.02,-1.30200610075
1554,-4.483744749769156,-4.112146634453286,1.02,-1.30200610075
1555,-4.484250246300451,-4.112146634453286,1.02,-1.30200610075
1556,-4.484755903950088,-4.112146634453286,1.02,-1.30200610075
1557,-4.48526172262068,-4.112146634453286,1.02,-1.30200610075
1558,-4.485767702214962,-4.112146634453286,1.02,-1.30200610075
1559,-4.486273842635778,-4.112146634453286,1.02,-1.30200610075
1560,-4.486780143786083,-4.112146634453286,1.02,-1.30200610075
1561,-4.487286605568951,-4.112146634453286,1.02,-1.30200610075
1562,-4.487793227887567,-4.112146634453286,1.02,-1.30200610075
1563,-4.488300010645226,-4.112146634453286,1.02,-1.30200610075
1564,-4.488806953745337,-4.112146634453286,1.02,-1.30200610075
1565,-4.489314057091428,-4.112146634453286,1.02,-1.30200610075
1566,-4.489821320587129,-4.112146634453286,1.02,-1.30200610075
1567,-4.490328744136188,-4.112146634453286,1.02,-1.30200610075
1568,-4.490836327642463,-4.112146634453286,1.02,-1.30200610075
1569,-4.491344071009927,-4.112146634453286,1.02,-1.30200610075
1570,-4.491851974142661,-4.112146634453286,1.02,-1.30200610075
1571,-4.492360036944857,-4.112146634453286,1.02,-1.30200610075
1572,-4.492868259320822,-4.112146634453286,1.02,-1.30200610075
1573,-4.493376641174972,-4.112146634453286,1.02,-1.30200610075
1574,-4.493885182411833,-4.112146634453286,1.02,-1.30200610075
1575,-4.494393882936039,-4.112146634453286,1.02,-1.30200610075
1576,-4.494902742652343,-4.112146634453286,1.02,-1.30200610075
1577,-4.495411761465597,-4.112146634453286,1.02,-1.30200610075
1578,-4.495920939280774,-4.112146634453286,1.02,-1.30200610075
1579,-4.496430276002951,-4.112146634453286,1.02,-1.30200610075
1580,-4.496939771537314,-4.112146634453286,1.02,-1.30200610075
1581,-4.497449425789162,-4.112146634453286,1.02,-1.30200610075
1582,-4.497959238663899,-4.112146634453286,1.02,-1.30200610075
1583,-4.498469210067041,-4.112146634453286,1.02,-1.30200610075
1584,-4.498979339904215,-4.112146634453286,1.02,-1.30200610075
1585,-4.499489628081153,-4.112146634453286,1.02,-1.30200610075
1586,-4.500000074503697,-4.112146634453286,1.02,-1.30200610075
1587,-4.500510679077796,-4.112146634453286,1.02,-1.30200610075
1588,-4.501021441709511,-4.112146634453286,1.02,-1.30200610075
1589,-4.501532362305008,-4.112146634453286,1.02,-1.30200610075
1590,-4.50204344077056,-4.112146634453286,1.02,-1.30200610075
1591,-4.502554677012553,-4.112146634453286,1.02,-1.30200610075
1592,-4.503066070937472,-4.112146634453286,1.02,-1.30200610075
1593,-4.50357762245192,-4.112146634453286,1.02,-1.30200610075
1594,-4.504089331462596,-4.112146634453286,1.02,-1.30200610075
1595,-4.504601197876315,-4.112146634453286,1.02,-1.30200610075
1596,-4.505113221599992,-4.112146634453286,1.02,-1.30200610075
1597,-4.505625402540656,-4.112146634453286,1.02,-1.30200610075
1598,-4.506137740605437,-4.112146634453286,1.02,-1.30200610075
1599,-4.50665023570157,-4.112146634453286,1.02,-1.30200610075
1600,-4.5071628877364,-4.112146634453286,1.02,-1.30200610075
1601,-4.50767569661738,-4.112146634453286,1.02,-1.30200610075
1602,-4.508188662252061,-4.112146634453286,1.02,-1.30200610075
1603,-4.508701784548106,-4.112146634453286,1.02,-1.30200610075
1604,-4.509215063413281,-4.112146634453286,1.02,-1.30200610075
1605,-4.509728498755458,-4.112146634453286,1.02,-1.30200610075
1606,-4.510242090482613,-4.112146634453286,1.02,-1.30200610075
1607,-4.510755838502833,-4.112146634453286,1.02,-1.30200610075
1608,-4.511269742724295,-4.112146634453286,1.02,-1.30200610075
1609,-4.511783803055297,-4.112146634453286,1.02,-1.30200610075
1610,-4.51229801940423,-4.112146634453286,1.02,-1.30200610075
1611,-4.512812391679597,-4.112146634453286,1.02,-1.30200610075
1612,-4.513326919790001,-4.112146634453286,1.02,-1.30200610075
1613,-4.513841603644146,-4.112146634453286,1.02,-1.30200610075
1614,-4.514356443150848,-4.112146634453286,1.02,-1.30200610075
1615,-4.514871438219018,-4.112146634453286,1.02,-1.30200610075
1616,-4.515386588757674,-4.112146634453286,1.02,-1.30200610075
1617,-4.515901894675939,-4.112146634453286,1.02,-1.30200610075
1618,-4.516417355883035,-4.112146634453286,1.02,-1.30200610075
1619,-4.516932972288291,-4.112146634453286,1.02,-1.30200610075
1620,-4.517448743801138,-4.112146634453286,1.02,-1.30200610075
1621,-4.517964670331103,-4.112146634453286,1.02,-1.30200610075
1622,-4.518480751787825,-4.112146634453286,1.02,-1.30200610075
1623,-4.518996988081038,-4.112146634453286,1.02,-1.30200610075
1624,-4.519513379120582,-4.112146634453286,1.02,-1.30200610075
1625,-4.520029924816398,-4.112146634453286,1.02,-1.30200610075
1626,-4.520546625078525,-4.112146634453286,1.02,-1.30200610075
1627,-4.52106347981711,-4.112146634453286,1.02,-1.30200610075
1628,-4.521580488942396,-4.112146634453286,1.02,-1.30200610075
1629,-4.522097652364731,-4.112146634453286,1.02,-1.30200610075
1630,-4.522614969994559,-4.112146634453286,1.02,-1.30200610075
1631,-4.523132441742431,-4.112146634453286,1.02,-1.30200610075
1632,-4.523650067518994,-4.112146634453286,1.02,-1.30200610075
1633,-4.524167847234998,-4.112146634453286,1.02,-1.30200610075
1634,-4.524685780801292,-4.112146634453286,1.02,-1.30200610075
1635,-4.525203868128824,-4.112146634453286,1.02,-1.30200610075
1636,-4.525722109128647,-4.112146634453286,1.02,-1.30200610075
1637,-4.526240503711908,-4.112146634453286,1.02,-1.30200610075
1638,-4.526759051789858,-4.112146634453286,1.02,-1.30200610075
1639,-4.527277753273843,-4.112146634453286,1.02,-1.30200610075
1640,-4.527796608075314,-4.112146634453286,1.02,-1.30200610075
1641,-4.528315616105814,-4.112146634453286,1.02,-1.30200610075
1642,-4.528834777276995,-4.112146634453286,1.02,-1.30200610075
1643,-4.529354091500597,-4.112146634453286,1.02,-1.30200610075
1644,-4.529873558688471,-4.112146634453286,1.02,-1.30200610075
1645,-4.530393178752551,-4.112146634453286,1.02,-1.30200610075
1646,-4.530912951604882,-4.112146634453286,1.02,-1.30200610075
1647,-4.531432877157604,-4.112146634453286,1.02,-1.30200610075
1648,-4.531952955322954,-4.112146634453286,1.02,-1.30200610075
1649,-4.532473186013264,-4.112146634453286,1.02,-1.30200610075
1650,-4.532993569140969,-4.112146634453286,1.02,-1.30200610075
1651,-4.533514104618601,-4.112146634453286,1.02,-1.30200610075
1652,-4.534034792358787,-4.112146634453286,1.02,-1.30200610075
1653,-4.53455563227425,-4.112146634453286,1.02,-1.30200610075
1654,-4.535076624277816,-4.112146634453286,1.02,-1.30200610075
1655,-4.5355977682824,-4.112146634453286,1.02,-1.30200610075
1656,-4.536119064201025,-4.112146634453286,1.02,-1.30200610075
1657,-4.536640511946798,-4.112146634453286,1.02,-1.30200610075
1658,-4.537162111432928,-4.112146634453286,1.02,-1.30200610075
1659,-4.537683862572722,-4.112146634453286,1.02,-1.30200610075
1660,-4.538205765279585,-4.112146634453286,1.02,-1.30200610075
1661,-4.53872781946701,-4.112146634453286,1.02,-1.30200610075
1662,-4.539250025048597,-4.112146634453286,1.02,-1.30200610075
1663,-4.539772381938028,-4.112146634453286,1.02,-1.30200610075
1664,-4.540294890049093,-4.112146634453286,1.02,-1.30200610075
1665,-4.540817549295673,-4.112146634453286,1.02,-1.30200610075
1666,-4.541340359591741,-4.112146634453286,1.02,-1.30200610075
1667,-4.541863320851369,-4.112146634453286,1.02,-1.30200610075
1668,-4.542386432988722,-4.112146634453286,1.02,-1.30200610075
1669,-4.542909695918064,-4.112146634453286,1.02,-1.30200610075
1670,-4.543433109553747,-4.112146634453286,1.02,-1.30200610075
1671,-4.543956673810225,-4.112146634453286,1.02,-1.30200610075
1672,-4.544480388602038,-4.112146634453286,1.02,-1.30200610075
1673,-4.545004253843824,-4.112146634453286,1.02,-1.30200610075
1674,-4.545528269450318,-4.112146634453286,1.02,-1.30200610075
1675,-4.546052435336347,-4.112146634453286,1.02,-1.30200610075
1676,-4.54657675141683,-4.112146634453286,1.02,-1.30200610075
1677,-4.547101217606779,-4.112146634453286,1.02,-1.30200610075
1678,-4.547625833821306,-4.112146634453286,1.02,-1.30200610075
1679,-4.548150599975607,-4.112146634453286,1.02,-1.30200610075
1680,-4.548675515984978,-4.112146634453286,1.02,-1.30200610075
1681,-4.549200581764804,-4.112146634453286,1.02,-1.30200610075
1682,-4.549725797230566,-4.112146634453286,1.02,-1.30200610075
1683,-4.550251162297837,-4.112146634453286,1.02,-1.30200610075
1684,-4.550776676882279,-4.112146634453286,1.02,-1.30200610075
1685,-4.551302340899653,-4.112146634453286,1.02,-1.30200610075
1686,-4.551828154265805,-4.112146634453286,1.02,-1.30200610075
1687,-4.552354116896679,-4.112146634453286,1.02,-1.30200610075
1688,-4.552880228708307,-4.112146634453286,1.02,-1.30200610075
1689,-4.553406489616818,-4.112146634453286,1.02,-1.30200610075
1690,-4.553932899538422,-4.112146634453286,1.02,-1.30200610075
1691,-4.554459458389436,-4.112146634453286,1.02,-1.30200610075
1692,-4.554986166086256,-4.112146634453286,1.02,-1.30200610075
1693,-4.555513022545371,-4.112146634453286,1.02,-1.30200610075
1694,-4.556040027683369,-4.112146634453286,1.02,-1.30200610075
1695,-4.556567181416918,-4.112146634453286,1.02,-1.30200610075
1696,-4.557094483662787,-4.112146634453286,1.02,-1.30200610075
1697,-4.557621934337826,-4.112146634453286,1.02,-1.30200610075
1698,-4.558149533358986,-4.112146634453286,1.02,-1.30200610075
1699,-4.558677280643295,-4.112146634453286,1.02,-1.30200610075
1700,-4.559205176107886,-4.112146634453286,1.02,-1.30200610075
1701,-4.559733219669972,-4.112146634453286,1.02,-1.30200610075
1702,-4.560261411246863,-4.112146634453286,1.02,-1.30200610075
1703,-4.560789750755949,-4.112146634453286,1.02,-1.30200610075
1704,-4.561318238114719,-4.112146634453286,1.02,-1.30200610075
1705,-4.561846873240746,-4.112146634453286,1.02,-1.30200610075
1706,-4.562375656051699,-4.112146634453286,1.02,-1.30200610075
1707,-4.562904586465327,-4.112146634453286,1.02,-1.30200610075
1708,-4.563433664399473,-4.112146634453286,1.02,-1.30200610075
1709,-4.563962889772073,-4.112146634453286,1.02,-1.30200610075
1710,-4.564492262501142,-4.112146634453286,1.02,-1.30200610075
1711,-4.565021782504793,-4.112146634453286,1.02,-1.30200610075
1712,-4.565551449701222,-4.112146634453286,1.02,-1.30200610075
1713,-4.566081264008718,-4.112146634453286,1.02,-1.30200610075
1714,-4.566611225345653,-4.112146634453286,1.02,-1.30200610075
1715,-4.56714133363049,-4.112146634453286,1.02,-1.30200610075
1716,-4.567671588781781,-4.112146634453286,1.02,-1.30200610075
1717,-4.568201990718162,-4.112146634453286,1.02,-1.30200610075
1718,-4.568732539358363,-4.112146634453286,1.02,-1.30200610075
1719,-4.569263234621194,-4.112146634453286,1.02,-1.30200610075
1720,-4.569794076425558,-4.112146634453286,1.02,-1.30200610075
1721,-4.570325064690444,-4.112146634453286,1.02,-1.30200610075
1722,-4.570856199334923,-4.112146634453286,1.02,-1.30200610075
1723,-4.571387480278166,-4.112146634453286,1.02,-1.30200610075
1724,-4.571918907439417,-4.112146634453286,1.02,-1.30200610075
1725,-4.572450480738014,-4.112146634453286,1.02,-1.30200610075
1726,-4.572982200093378,-4.112146634453286,1.02,-1.30200610075
1727,-4.573514065425022,-4.112146634453286,1.02,-1.30200610075
1728,-4.574046076652539,-4.112146634453286,1.02,-1.30200610075
1729,-4.57457823369561,-4.112146634453286,1.02,-1.30200610075
1730,-4.575110536474009,-4.112146634453286,1.02,-1.30200610075
1731,-4.575642984907583,-4.112146634453286,1.02,-1.30200610075
1732,-4.576175578916276,-4.112146634453286,1.02,-1.30200610075
1733,-4.576708318420112,-4.112146634453286,1.02,-1.30200610075
1734,-4.577241203339203,-4.112146634453286,1.02,-1.30200610075
1735,-4.577774233593745,-4.112146634453286,1.02,-1.30200610075
1736,-4.578307409104021,-4.112146634453286,1.02,-1.30200610075
1737,-4.578840729790396,-4.112146634453286,1.02,-1.30200610075
1738,-4.579374195573322,-4.112146634453286,1.02,-1.30200610075
1739,-4.579907806373336,-4.112146634453286,1.02,-1.30200610075
1740,-4.580441562111063,-4.112146634453286,1.02,-1.30200610075
1741,-4.580975462707206,-4.112146634453286,1.02,-1.30200610075
1742,-4.581509508082555,-4.112146634453286,1.02,-1.30200610075
1743,-4.582043698157984,-4.112146634453286,1.02,-1.30200610075
1744,-4.582578032854459,-4.112146634453286,1.02,-1.30200610075
1745,-4.583112512093016,-4.112146634453286,1.02,-1.30200610075
1746,-4.583647135794785,-4.112146634453286,1.02,-1.30200610075
1747,-4.584181903880977,-4.112146634453286,1.02,-1.30200610075
1748,-4.584716816272887,-4.112146634453286,1.02,-1.30200610075
1749,-4.585251872891895,-4.112146634453286,1.02,-1.30200610075
1750,-4.585787073659461,-4.112146634453286,1.02,-1.30200610075
1751,-4.586322418497128,-4.112146634453286,1.02,-1.30200610075
1752,-4.58685790732653,-4.112146634453286,1.02,-1.30200610075
1753,-4.587393540069373,-4.112146634453286,1.02,-1.30200610075
1754,-4.587929316647454,-4.112146634453286,1.02,-1.30200610075
1755,-4.588465236982652,-4.112146634453286,1.02,-1.30200610075
1756,-4.589001300996923,-4.112146634453286,1.02,-1.30200610075
1757,-4.589537508612312,-4.112146634453286,1.02,-1.30200610075
1758,-4.590073859750941,-4.112146634453286,1.02,-1.30200610075
1759,-4.59061035433502,-4.112146634453286,1.02,-1.30200610075
1760,-4.591146992286839,-4.112146634453286,1.02,-1.30200610075
1761,-4.591683773528763,-4.112146634453286,1.02,-1.30200610075
1762,-4.592220697983254,-4.112146634453286,1.02,-1.30200610075
1763,-4.592757765572841,-4.112146634453286,1.02,-1.30200610075
1764,-4.593294976220143,-4.112146634453286,1.02,-1.30200610075
1765,-4.593832329847858,-4.112146634453286,1.02,-1.30200610075
1766,-4.594369826378763,-4.112146634453286,1.02,-1.30200610075
1767,-4.594907465735723,-4.112146634453286,1.02,-1.30200610075
1768,-4.595445247841679,-4.112146634453286,1.02,-1.30200610075
1769,-4.595983172619651,-4.112146634453286,1.02,-1.30200610075
1770,-4.596521239992745,-4.112146634453286,1.02,-1.30200610075
1771,-4.597059449884146,-4.112146634453286,1.02,-1.30200610075
1772,-4.59759780221712,-4.112146634453286,1.02,-1.30200610075
1773,-4.598136296915012,-4.112146634453286,1.02,-1.30200610075
1774,-4.598674933901249,-4.112146634453286,1.02,-1.30200610075
1775,-4.599213713099338,-4.112146634453286,1.02,-1.30200610075
1776,-4.599752634432864,-4.112146634453286,1.02,-1.30200610075
1777,-4.600291697825496,-4.112146634453286,1.02,-1.30200610075
1778,-4.600830903200982,-4.112146634453286,1.02,-1.30200610075
1779,-4.601370250483144,-4.112146634453286,1.02,-1.30200610075
1780,-4.601909739595892,-4.112146634453286,1.02,-1.30200610075
1781,-4.602449370463211,-4.112146634453286,1.02,-1.30200610075
1782,-4.602989143009165,-4.112146634453286,1.02,-1.30200610075
1783,-4.603529057157902,-4.112146634453286,1.02,-1.30200610075
1784,-4.604069112833642,-4.112146634453286,1.02,-1.30200610075
1785,-4.604609309960688,-4.112146634453286,1.02,-1.30200610075
1786,-4.605149648463426,-4.112146634453286,1.02,-1.30200610075
1787,-4.605690128266315,-4.112146634453286,1.02,-1.30200610075
1788,-4.606230749293892,-4.112146634453286,1.02,-1.30200610075
1789,-4.606771511470776,-4.112146634453286,1.02,-1.30200610075
1790,-4.607312414721664,-4.112146634453286,1.02,-1.30200610075
1791,-4.607853458971332,-4.112146634453286,1.02,-1.30200610075
1792,-4.608394644144632,-4.112146634453286,1.02,-1.30200610075
1793,-4.608935970166496,-4.112146634453286,1.02,-1.30200610075
1794,-4.609477436961933,-4.112146634453286,1.02,-1.30200610075
1795,-4.610019044456028,-4.112146634453286,1.02,-1.30200610075
1796,-4.610560792573946,-4.112146634453286,1.02,-1.30200610075
1797,-4.611102681240933,-4.112146634453286,1.02,-1.30200610075
1798,-4.611644710382307,-4.112146634453286,1.02,-1.30200610075
1799,-4.612186879923464,-4.112146634453286,1.02,-1.30200610075
1800,-4.612729189789881,-4.112146634453286,1.02,-1.30200610075
1801,-4.613271639907109,-4.112146634453286,1.02,-1.30200610075
1802,-4.613814230200776,-4.112146634453286,1.02,-1.30200610075
1803,-4.614356960596591,-4.112146634453286,1.02,-1.30200610075
1804,-4.614899831020332,-4.112146634453286,1.02,-1.30200610075
1805,-4.615442841397863,-4.112146634453286,1.02,-1.30200610075
1806,-4.615985991655117,-4.112146634453286,1.02,-1.30200610075
1807,-4.616529281718109,-4.112146634453286,1.02,-1.30200610075
1808,-4.617072711512927,-4.112146634453286,1.02,-1.30200610075
1809,-4.617616280965733,-4.112146634453286,1.02,-1.30200610075
1810,-4.618159990002773,-4.112146634453286,1.02,-1.30200610075
1811,-4.618703838550363,-4.112146634453286,1.02,-1.30200610075
1812,-4.619247826534895,-4.112146634453286,1.02,-1.30200610075
1813,-4.61979195388284,-4.112146634453286,1.02,-1.30200610075
1814,-4.620336220520738,-4.112146634453286,1.02,-1.30200610075
1815,-4.620880626375215,-4.112146634453286,1.02,-1.30200610075
1816,-4.621425171372964,-4.112146634453286,1.02,-1.30200610075
1817,-4.621969855440756,-4.112146634453286,1.02,-1.30200610075
1818,-4.622514678505437,-4.112146634453286,1.02,-1.30200610075
1819,-4.62305964049393,-4.112146634453286,1.02,-1.30200610075
1820,-4.62360474133323,-4.112146634453286,1.02,-1.30200610075
1821,-4.624149980950409,-4.112146634453286,1.02,-1.30200610075
1822,-4.624695359272614,-4.112146634453286,1.02,-1.30200610075
1823,-4.625240876227061,-4.112146634453286,1.02,-1.30200610075
1824,-4.625786531741051,-4.112146634453286,1.02,-1.30200610075
1825,-4.626332325741951,-4.112146634453286,1.02,-1.30200610075
1826,-4.626878258157205,-4.112146634453286,1.02,-1.30200610075
1827,-4.62742432891433,-4.112146634453286,1.02,-1.30200610075
1828,-4.627970537940923,-4.112146634453286,1.02,-1.30200610075
1829,-4.628516885164647,-4.112146634453286,1.02,-1.30200610075
1830,-4.629063370513241,-4.112146634453286,1.02,-1.30200610075
1831,-4.629609993914521,-4.112146634453286,1.02,-1.30200610075
1832,-4.630156755296374,-4.112146634453286,1.02,-1.30200610075
1833,-4.63070365458676,-4.112146634453286,1.02,-1.30200610075
1834,-4.631250691713718,-4.112146634453286,1.02,-1.30200610075
1835,-4.631797866605353,-4.112146634453286,1.02,-1.30200610075
1836,-4.632345179189844,-4.112146634453286,1.02,-1.30200610075
1837,-4.632892629395449,-4.112146634453286,1.02,-1.30200610075
1838,-4.633440217150492,-4.112146634453286,1.02,-1.30200610075
1839,-4.63398794238338,-4.112146634453286,1.02,-1.30200610075
1840,-4.634535805022575,-4.112146634453286,1.02,-1.30200610075
1841,-4.635083804996634,-4.112146634453286,1.02,-1.30200610075
1842,-4.635631942234169,-4.112146634453286,1.02,-1.30200610075
1843,-4.63618021666387,-4.112146634453286,1.02,-1.30200610075
1844,-4.636728628214503,-4.112146634453286,1.02,-1.30200610075
1845,-4.637277176814904,-4.112146634453286,1.02,-1.30200610075
1846,-4.637825862393978,-4.112146634453286,1.02,-1.30200610075
1847,-4.638374684880707,-4.112146634453286,1.02,-1.30200610075
1848,-4.638923644204141,-4.112146634453286,1.02,-1.30200610075
1849,-4.639472740293401,-4.112146634453286,1.02,-1.30200610075
1850,-4.640021973077685,-4.112146634453286,1.02,-1.30200610075
1851,-4.64057134248626,-4.112146634453286,1.02,-1.30200610075
1852,-4.641120848448464,-4.112146634453286,1.02,-1.30200610075
1853,-4.641670490893708,-4.112146634453286,1.02,-1.30200610075
1854,-4.642220269751467,-4.112146634453286,1.02,-1.30200610075
1855,-4.642770184951299,-4.112146634453286,1.02,-1.30200610075
1856,-4.643320236422823,-4.112146634453286,1.02,-1.30200610075
1857,-4.643870424095736,-4.112146634453286,1.02,-1.30200610075
1858,-4.644420747899801,-4.112146634453286,1.02,-1.30200610075
1859,-4.644971207764856,-4.112146634453286,1.02,-1.30200610075
1860,-4.645521803620807,-4.112146634453286,1.02,-1.30200610075
1861,-4.646072535397627,-4.112146634453286,1.02,-1.30200610075
1862,-4.646623403025371,-4.112146634453286,1.02,-1.30200610075
1863,-4.647174406434148,-4.112146634453286,1.02,-1.30200610075
1864,-4.647725545554152,-4.112146634453286,1.02,-1.30200610075
1865,-4.64827682031564,-4.112146634453286,1.02,-1.30200610075
1866,-4.648828230648942,-4.112146634453286,1.02,-1.30200610075
1867,-4.649379776484452,-4.112146634453286,1.02,-1.30200610075
1868,-4.649931457752641,-4.112146634453286,1.02,-1.30200610075
1869,-4.650483274384046,-4.112146634453286,1.02,-1.30200610075
1870,-4.651035226309273,-4.112146634453286,1.02,-1.30200610075
1871,-4.651587313459,-4.112146634453286,1.02,-1.30200610075
1872,-4.652139535763975,-4.112146634453286,1.02,-1.30200610075
1873,-4.652691893155011,-4.112146634453286,1.02,-1.30200610075
1874,-4.653244385562996,-4.112146634453286,1.02,-1.30200610075
1875,-4.653797012918881,-4.112146634453286,1.02,-1.30200610075
1876,-4.65434977515369,-4.112146634453286,1.02,-1.30200610075
1877,-4.654902672198516,-4.112146634453286,1.02,-1.30200610075
1878,-4.655455703984519,-4.112146634453286,1.02,-1.30200610075
1879,-4.656008870442927,-4.112146634453286,1.02,-1.30200610075
1880,-4.656562171505043,-4.112146634453286,1.02,-1.30200610075
1881,-4.657115607102229,-4.112146634453286,1.02,-1.30200610075
1882,-4.657669177165921,-4.112146634453286,1.02,-1.30200610075
1883,-4.658222881627623,-4.112146634453286,1.02,-1.30200610075
1884,-4.658776720418908,-4.112146634453286,1.02,-1.30200610075
1885,-4.659330693471414,-4.112146634453286,1.02,-1.30200610075
1886,-4.65988480071685,-4.112146634453286,1.02,-1.30200610075
1887,-4.660439042086989,-4.112146634453286,1.02,-1.30200610075
1888,-4.660993417513676,-4.112146634453286,1.02,-1.30200610075
1889,-4.661547926928826,-4.112146634453286,1.02,-1.30200610075
1890,-4.662102570264412,-4.112146634453286,1.02,-1.30200610075
1891,-4.662657347452485,-4.112146634453286,1.02,-1.30200610075
1892,-4.663212258425155,-4.112146634453286,1.02,-1.30200610075
1893,-4.663767303114605,-4.112146634453286,1.02,-1.30200610075
1894,-4.664322481453085,-4.112146634453286,1.02,-1.30200610075
1895,-4.66487779337291,-4.112146634453286,1.02,-1.30200610075
1896,-4.66543323880646,-4.112146634453286,1.02,-1.30200610075
1897,-4.665988817686187,-4.112146634453286,1.02,-1.30200610075
1898,-4.666544529944606,-4.112146634453286,1.02,-1.30200610075
1899,-4.667100375514299,-4.112146634453286,1.02,-1.30200610075
1900,-4.667656354327923,-4.112146634453286,1.02,-1.30200610075
1901,-4.668212466318186,-4.112146634453286,1.02,-1.30200610075
1902,-4.668768711417873,-4.112146634453286,1.02,-1.30200610075
1903,-4.669325089559836,-4.112146634453286,1.02,-1.30200610075
1904,-4.669881600676987,-4.112146634453286,1.02,-1.30200610075
1905,-4.67043824470231,-4.112146634453286,1.02,-1.30200610075
1906,-4.670995021568851,-4.112146634453286,1.02,-1.30200610075
1907,-4.671551931209724,-4.112146634453286,1.02,-1.30200610075
1908,-4.672108973558112,-4.112146634453286,1.02,-1.30200610075
1909,-4.672666148547257,-4.112146634453286,1.02,-1.30200610075
1910,-4.673223456110466,-4.112146634453286,1.02,-1.30200610075
1911,-4.673780896181124,-4.112146634453286,1.02,-1.30200610075
1912,-4.674338468692668,-4.112146634453286,1.02,-1.30200610075
1913,-4.674896173578607,-4.112146634453286,1.02,-1.30200610075
1914,-4.675454010772515,-4.112146634453286,1.02,-1.30200610075
1915,-4.676011980208027,-4.112146634453286,1.02,-1.30200610075
1916,-4.676570081818851,-4.112146634453286,1.02,-1.30200610075
1917,-4.677128315538749,-4.112146634453286,1.02,-1.30200610075
1918,-4.677686681301561,-4.112146634453286,1.02,-1.30200610075
1919,-4.678245179041179,-4.112146634453286,1.02,-1.30200610075
1920,-4.67880380869157,-4.112146634453286,1.02,-1.30200610075
1921,-4.67936257018676,-4.112146634453286,1.02,-1.30200610075
1922,-4.679921463460841,-4.112146634453286,1.02,-1.30200610075
1923,-4.68048048844797,-4.112146634453286,1.02,-1.30200610075
1924,-4.681039645082367,-4.112146634453286,1.02,-1.30200610075
1925,-4.681598933298321,-4.112146634453286,1.02,-1.30200610075
1926,-4.682158353030173,-4.112146634453286,1.02,-1.30200610075
1927,-4.682717904212345,-4.112146634453286,1.02,-1.30200610075
1928,-4.683277586779313,-4.112146634453286,1.02,-1.30200610075
1929,-4.683837400665614,-4.112146634453286,1.02,-1.30200610075
1930,-4.684397345805858,-4.112146634453286,1.02,-1.30200610075
1931,-4.684957422134712,-4.112146634453286,1.02,-1.30200610075
1932,-4.685517629586911,-4.112146634453286,1.02,-1.30200610075
1933,-4.686077968097248,-4.112146634453286,1.02,-1.30200610075
1934,-4.686638437600584,-4.112146634453286,1.02,-1.30200610075
1935,-4.687199038031841,-4.112146634453286,1.02,-1.30200610075
1936,-4.687759769326009,-4.112146634453286,1.02,-1.30200610075
1937,-4.688320631418134,-4.112146634453286,1.02,-1.30200610075
1938,-4.688881624243333,-4.112146634453286,1.02,-1.30200610075
1939,-4.689442747736775,-4.112146634453286,1.02,-1.30200610075
1940,-4.690004001833705,-4.112146634453286,1.02,-1.30200610075
1941,-4.690565386469422,-4.112146634453286,1.02,-1.30200610075
1942,-4.691126901579288,-4.112146634453286,1.02,-1.30200610075
1943,-4.691688547098734,-4.112146634453286,1.02,-1.30200610075
1944,-4.692250322963249,-4.112146634453286,1.02,-1.30200610075
1945,-4.692812229108383,-4.112146634453286,1.02,-1.30200610075
1946,-4.693374265469751,-4.112146634453286,1.02,-1.30200610075
1947,-4.693936431983031,-4.112146634453286,1.02,-1.30200610075
1948,-4.694498728583961,-4.112146634453286,1.02,-1.30200610075
1949,-4.69506115520834,-4.112146634453286,1.02,-1.30200610075
1950,-4.695623711792035,-4.112146634453286,1.02,-1.30200610075
1951,-4.696186398270967,-4.112146634453286,1.02,-1.30200610075
1952,-4.696749214581128,-4.112146634453286,1.02,-1.30200610075
1953,-4.697312160658562,-4.112146634453286,1.02,-1.30200610075
1954,-4.697875236439382,-4.112146634453286,1.02,-1.30200610075
1955,-4.698438441859759,-4.112146634453286,1.02,-1.30200610075
1956,-4.699001776855928,-4.112146634453286,1.02,-1.30200610075
1957,-4.699565241364179,-4.112146634453286,1.02,-1.30200610075
1958,-4.700128835320877,-4.112146634453286,1.02,-1.30200610075
1959,-4.70069255866243,-4.112146634453286,1.02,-1.30200610075
1960,-4.701256411325325,-4.112146634453286,1.02,-1.30200610075
1961,-4.701820393246096,-4.112146634453286,1.02,-1.30200610075
1962,-4.702384504361344,-4.112146634453286,1.02,-1.30200610075
1963,-4.702948744607736,-4.112146634453286,1.02,-1.30200610075
1964,-4.703513113921988,-4.112146634453286,1.02,-1.30200610075
1965,-4.70407761224089,-4.112146634453286,1.02,-1.30200610075
1966,-4.704642239501279,-4.112146634453286,1.02,-1.30200610075
1967,-4.705206995640065,-4.112146634453286,1.02,-1.30200610075
1968,-4.70577188059421,-4.112146634453286,1.02,-1.30200610075
1969,-4.706336894300741,-4.112146634453286,1.02,-1.30200610075
1970,-4.706902036696742,-4.112146634453286,1.02,-1.30200610075
1971,-4.707467307719358,-4.112146634453286,1.02,-1.30200610075
1972,-4.708032707305801,-4.112146634453286,1.02,-1.30200610075
1973,-4.708598235393332,-4.112146634453286,1.02,-1.30200610075
1974,-4.709163891919277,-4.112146634453286,1.02,-1.30200610075
1975,-4.709729676821022,-4.112146634453286,1.02,-1.30200610075
1976,-4.710295590036016,-4.112146634453286,1.02,-1.30200610075
1977,-4.710861631501762,-4.112146634453286,1.02,-1.30200610075
1978,-4.711427801155827,-4.112146634453286,1.02,-1.30200610075
1979,-4.711994098935833,-4.112146634453286,1.02,-1.30200610075
1980,-4.712560524779466,-4.112146634453286,1.02,-1.30200610075
1981,-4.713127078624468,-4.112146634453286,1.02,-1.30200610075
1982,-4.713693760408645,-4.112146634453286,1.02,-1.30200610075
1983,-4.714260570069857,-4.112146634453286,1.02,-1.30200610075
1984,-4.714827507546026,-4.112146634453286,1.02,-1.30200610075
1985,-4.715394572775131,-4.112146634453286,1.02,-1.30200610075
1986,-4.715961765695212,-4.112146634453286,1.02,-1.30200610075
1987,-4.71652908624437,-4.112146634453286,1.02,-1.30200610075
1988,-4.717096534360756,-4.112146634453286,1.02,-1.30200610075
1989,-4.717664109982591,-4.112146634453286,1.02,-1.30200610075
1990,-4.718231813048146,-4.112146634453286,1.02,-1.30200610075
1991,-4.718799643495759,-4.112146634453286,1.02,-1.30200610075
1992,-4.719367601263817,-4.112146634453286,1.02,-1.30200610075
1993,-4.71993568629077,-4.112146634453286,1.02,-1.30200610075
1994,-4.720503898515128,-4.112146634453286,1.02,-1.30200610075
1995,-4.721072237875454,-4.112146634453286,1.02,-1.30200610075
1996,-4.721640704310379,-4.112146634453286,1.02,-1.30200610075
1997,-4.722209297758579,-4.112146634453286,1.02,-1.30200610075
1998,-4.722778018158798,-4.112146634453286,1.02,-1.30200610075
1999,-4.723346865449836,-4.112146634453286,1.02,-1.30200610075
2000,-4.723915839570545,-4.112146634453286,1.02,-1.30200610075
2001,-4.724484940459841,-4.112146634453286,1.02,-1.30200610075
2002,-4.725054168056698,-4.112146634453286,1.02,-1.30200610075
2003,-4.725623522300144,-4.112146634453286,1.02,-1.30200610075
2004,-4.726193003129266,-4.112146634453286,1.02,-1.30200610075
2005,-4.726762610483208,-4.112146634453286,1.02,-1.30200610075
2006,-4.727332344301172,-4.112146634453286,1.02,-1.30200610075
2007,-4.727902204522417,-4.112146634453286,1.02,-1.30200610075
2008,-4.728472191086259,-4.112146634453286,1.02,-1.30200610075
2009,-4.729042303932073,-4.112146634453286,1.02,-1.30200610075
2010,-4.729612542999289,-4.112146634453286,1.02,-1.30200610075
2011,-4.730182908227391,-4.112146634453286,1.02,-1.30200610075
2012,-4.730753399555926,-4.112146634453286,1.02,-1.30200610075
2013,-4.731324016924496,-4.112146634453286,1.02,-1.30200610075
2014,-4.731894760272757,-4.112146634453286,1.02,-1.30200610075
2015,-4.732465629540424,-4.112146634453286,1.02,-1.30200610075
2016,-4.733036624667268,-4.112146634453286,1.02,-1.30200610075
2017,-4.733607745593117,-4.112146634453286,1.02,-1.30200610075
2018,-4.734178992257855,-4.112146634453286,1.02,-1.30200610075
2019,-4.734750364601421,-4.112146634453286,1.02,-1.30200610075
2020,-4.735321862563813,-4.112146634453286,1.02,-1.30200610075
2021,-4.735893486085081,-4.112146634453286,1.02,-1.30200610075
2022,-4.736465235105337,-4.112146634453286,1.02,-1.30200610075
2023,-4.737037109564745,-4.112146634453286,1.02,-1.30200610075
2024,-4.737609109403526,-4.112146634453286,1.02,-1.30200610075
2025,-4.738181234561957,-4.112146634453286,1.02,-1.30200610075
2026,-4.738753484980367,-4.112146634453286,1.02,-1.30200610075
2027,-4.739325860599147,-4.112146634453286,1.02,-1.30200610075
2028,-4.73989836135874,-4.112146634453286,1.02,-1.30200610075
2029,-4.740470987199648,-4.112146634453286,1.02,-1.30200610075
2030,-4.741043738062422,-4.112146634453286,1.02,-1.30200610075
2031,-4.741616613887675,-4.112146634453286,1.02,-1.30200610075
2032,-4.742189614616072,-4.112146634453286,1.02,-1.30200610075
2033,-4.742762740188333,-4.112146634453286,1.02,-1.30200610075
2034,-4.743335990545233,-4.112146634453286,1.02,-1.30200610075
2035,-4.743909365627609,-4.112146634453286,1.02,-1.30200610075
2036,-4.74448286537634,-4.112146634453286,1.02,-1.30200610075
2037,-4.745056489732374,-4.112146634453286,1.02,-1.30200610075
2038,-4.745630238636699,-4.112146634453286,1.02,-1.30200610075
2039,-4.746204112030373,-4.112146634453286,1.02,-1.30200610075
2040,-4.746778109854498,-4.112146634453286,1.02,-1.30200610075
2041,-4.747352232050237,-4.112146634453286,1.02,-1.30200610075
2042,-4.747926478558803,-4.112146634453286,1.02,-1.30200610075
2043,-4.748500849321464,-4.112146634453286,1.02,-1.30200610075
2044,-4.749075344279548,-4.112146634453286,1.02,-1.30200610075
2045,-4.749649963374429,-4.112146634453286,1.02,-1.30200610075
2046,-4.750224706547542,-4.112146634453286,1.02,-1.30200610075
2047,-4.750799573740374,-4.112146634453286,1.02,-1.30200610075
2048,-4.751374564894465,-4.112146634453286,1.02,-1.30200610075
2049,-4.751949679951408,-4.112146634453286,1.02,-1.30200610075
2050,-4.752524918852854,-4.112146634453286,1.02,-1.30200610075
2051,-4.753100281540508,-4.112146634453286,1.02,-1.30200610075
2052,-4.753675767956121,-4.112146634453286,1.02,-1.30200610075
2053,-4.754251378041511,-4.112146634453286,1.02,-1.30200610075
2054,-4.754827111738534,-4.112146634453286,1.02,-1.30200610075
2055,-4.755402968989113,-4.112146634453286,1.02,-1.30200610075
2056,-4.755978949735222,-4.112146634453286,1.02,-1.30200610075
2057,-4.756555053918879,-4.112146634453286,1.02,-1.30200610075
2058,-4.757131281482167,-4.112146634453286,1.02,-1.30200610075
2059,-4.757707632367216,-4.112146634453286,1.02,-1.30200610075
2060,-4.758284106516209,-4.112146634453286,1.02,-1.30200610075
2061,-4.75886070387139,-4.112146634453286,1.02,-1.30200610075
2062,-4.759437424375043,-4.112146634453286,1.02,-1.30200610075
2063,-4.760014267969517,-4.112146634453286,1.02,-1.30200610075
2064,-4.760591234597208,-4.112146634453286,1.02,-1.30200610075
2065,-4.761168324200566,-4.112146634453286,1.02,-1.30200610075
2066,-4.761745536722096,-4.112146634453286,1.02,-1.30200610075
2067,-4.762322872104348,-4.112146634453286,1.02,-1.30200610075
2068,-4.762900330289936,-4.112146634453286,1.02,-1.30200610075
2069,-4.763477911221521,-4.112146634453286,1.02,-1.30200610075
2070,-4.764055614841813,-4.112146634453286,1.02,-1.30200610075
2071,-4.764633441093582,-4.112146634453286,1.02,-1.30200610075
2072,-4.765211389919645,-4.112146634453286,1.02,-1.30200610075
2073,-4.765789461262874,-4.112146634453286,1.02,-1.30200610075
2074,-4.766367655066187,-4.112146634453286,1.02,-1.30200610075
2075,-4.766945971272567,-4.112146634453286,1.02,-1.30200610075
2076,-4.767524409825035,-4.112146634453286,1.02,-1.30200610075
2077,-4.768102970666676,-4.112146634453286,1.02,-1.30200610075
2078,-4.768681653740616,-4.112146634453286,1.02,-1.30200610075
2079,-4.769260458990044,-4.112146634453286,1.02,-1.30200610075
2080,-4.76983938635819,-4.112146634453286,1.02,-1.30200610075
2081,-4.770418435788346,-4.112146634453286,1.02,-1.30200610075
2082,-4.770997607223848,-4.112146634453286,1.02,-1.30200610075
2083,-4.771576900608087,-4.112146634453286,1.02,-1.30200610075
2084,-4.772156315884503,-4.112146634453286,1.02,-1.30200610075
2085,-4.772735852996595,-4.112146634453286,1.02,-1.30200610075
2086,-4.773315511887904,-4.112146634453286,1.02,-1.30200610075
2087,-4.773895292502027,-4.112146634453286,1.02,-1.30200610075
2088,-4.774475194782609,-4.112146634453286,1.02,-1.30200610075
2089,-4.775055218673355,-4.112146634453286,1.02,-1.30200610075
2090,-4.77563536411801,-4.112146634453286,1.02,-1.30200610075
2091,-4.776215631060374,-4.112146634453286,1.02,-1.30200610075
2092,-4.776796019444305,-4.112146634453286,1.02,-1.30200610075
2093,-4.777376529213702,-4.112146634453286,1.02,-1.30200610075
2094,-4.777957160312519,-4.112146634453286,1.02,-1.30200610075
2095,-4.778537912684763,-4.112146634453286,1.02,-1.30200610075
2096,-4.779118786274488,-4.112146634453286,1.02,-1.30200610075
2097,-4.7796997810258,-4.112146634453286,1.02,-1.30200610075
2098,-4.780280896882856,-4.112146634453286,1.02,-1.30200610075
2099,-4.780862133789864,-4.112146634453286,1.02,-1.30200610075
2100,-4.781443491691081,-4.112146634453286,1.02,-1.30200610075
2101,-4.782024970530816,-4.112146634453286,1.02,-1.30200610075
2102,-4.782606570253428,-4.112146634453286,1.02,-1.30200610075
2103,-4.783188290803326,-4.112146634453286,1.02,-1.30200610075
2104,-4.783770132124968,-4.112146634453286,1.02,-1.30200610075
2105,-4.784352094162866,-4.112146634453286,1.02,-1.30200610075
2106,-4.784934176861578,-4.112146634453286,1.02,-1.30200610075
2107,-4.785516380165707,-4.112146634453286,1.02,-1.30200610075
2108,-4.786098704019923,-4.112146634453286,1.02,-1.30200610075
2109,-4.786681148368928,-4.112146634453286,1.02,-1.30200610075
2110,-4.787263713157486,-4.112146634453286,1.02,-1.30200610075
2111,-4.7878463983304,-4.112146634453286,1.02,-1.30200610075
2112,-4.788429203832534,-4.112146634453286,1.02,-1.30200610075
2113,-4.789012129608793,-4.112146634453286,1.02,-1.30200610075
2114,-4.789595175604138,-4.112146634453286,1.02,-1.30200610075
2115,-4.790178341763568,-4.112146634453286,1.02,-1.30200610075
2116,-4.790761628032149,-4.112146634453286,1.02,-1.30200610075
2117,-4.791345034354982,-4.112146634453286,1.02,-1.30200610075
2118,-4.791928560677222,-4.112146634453286,1.02,-1.30200610075
2119,-4.792512206944077,-4.112146634453286,1.02,-1.30200610075
2120,-4.793095973100798,-4.112146634453286,1.02,-1.30200610075
2121,-4.793679859092686,-4.112146634453286,1.02,-1.30200610075
2122,-4.794263864865093,-4.112146634453286,1.02,-1.30200610075
2123,-4.794847990363427,-4.112146634453286,1.02,-1.30200610075
2124,-4.795432235533128,-4.112146634453286,1.02,-1.30200610075
2125,-4.796016600319698,-4.112146634453286,1.02,-1.30200610075
2126,-4.796601084668684,-4.112146634453286,1.02,-1.30200610075
2127,-4.797185688525684,-4.112146634453286,1.02,-1.30200610075
2128,-4.79777041183634,-4.112146634453286,1.02,-1.30200610075
2129,-4.798355254546347,-4.112146634453286,1.02,-1.30200610075
2130,-4.798940216601444,-4.112146634453286,1.02,-1.30200610075
2131,-4.799525297947426,-4.112146634453286,1.02,-1.30200610075
2132,-4.800110498530127,-4.112146634453286,1.02,-1.30200610075
2133,-4.800695818295432,-4.112146634453286,1.02,-1.30200610075
2134,-4.801281257189281,-4.112146634453286,1.02,-1.30200610075
2135,-4.801866815157656,-4.112146634453286,1.02,-1.30200610075
2136,-4.802452492146586,-4.112146634453286,1.02,-1.30200610075
2137,-4.803038288102152,-4.112146634453286,1.02,-1.30200610075
2138,-4.803624202970484,-4.112146634453286,1.02,-1.30200610075
2139,-4.804210236697755,-4.112146634453286,1.02,-1.30200610075
2140,-4.804796389230188,-4.112146634453286,1.02,-1.30200610075
2141,-4.805382660514054,-4.112146634453286,1.02,-1.30200610075
2142,-4.805969050495672,-4.112146634453286,1.02,-1.30200610075
2143,-4.806555559121409,-4.112146634453286,1.02,-1.30200610075
2144,-4.80714218633768,-4.112146634453286,1.02,-1.30200610075
2145,-4.807728932090944,-4.112146634453286,1.02,-1.30200610075
2146,-4.808315796327714,-4.112146634453286,1.02,-1.30200610075
2147,-4.808902778994545,-4.112146634453286,1.02,-1.30200610075
2148,-4.809489880038041,-4.112146634453286,1.02,-1.30200610075
2149,-4.810077099404852,-4.112146634453286,1.02,-1.30200610075
2150,-4.810664437041681,-4.112146634453286,1.02,-1.30200610075
2151,-4.811251892895267,-4.112146634453286,1.02,-1.30200610075
2152,-4.81183946691241,-4.112146634453286,1.02,-1.30200610075
2153,-4.812427159039946,-4.112146634453286,1.02,-1.30200610075
2154,-4.813014969224767,-4.112146634453286,1.02,-1.30200610075
2155,-4.813602897413801,-4.112146634453286,1.02,-1.30200610075
2156,-4.814190943554033,-4.112146634453286,1.02,-1.30200610075
2157,-4.814779107592486,-4.112146634453286,1.02,-1.30200610075
2158,-4.815367389476238,-4.112146634453286,1.02,-1.30200610075
2159,-4.815955789152413,-4.112146634453286,1.02,-1.30200610075
2160,-4.816544306568174,-4.112146634453286,1.02,-1.30200610075
2161,-4.81713294167074,-4.112146634453286,1.02,-1.30200610075
2162,-4.817721694407367,-4.112146634453286,1.02,-1.30200610075
2163,-4.818310564725366,-4.112146634453286,1.02,-1.30200610075
2164,-4.818899552572093,-4.112146634453286,1.02,-1.30200610075
2165,-4.81948865789494,-4.112146634453286,1.02,-1.30200610075
2166,-4.820077880641361,-4.112146634453286,1.02,-1.30200610075
2167,-4.820667220758848,-4.112146634453286,1.02,-1.30200610075
2168,-4.821256678194939,-4.112146634453286,1.02,-1.30200610075
2169,-4.821846252897217,-4.112146634453286,1.02,-1.30200610075
2170,-4.822435944813316,-4.112146634453286,1.02,-1.30200610075
2171,-4.823025753890912,-4.112146634453286,1.02,-1.30200610075
2172,-4.823615680077725,-4.112146634453286,1.02,-1.30200610075
2173,-4.824205723321531,-4.112146634453286,1.02,-1.30200610075
2174,-4.824795883570135,-4.112146634453286,1.02,-1.30200610075
2175,-4.825386160771406,-4.112146634453286,1.02,-1.30200610075
2176,-4.825976554873249,-4.112146634453286,1.02,-1.30200610075
2177,-4.826567065823612,-4.112146634453286,1.02,-1.30200610075
2178,-4.827157693570494,-4.112146634453286,1.02,-1.30200610075
2179,-4.827748438061938,-4.112146634453286,1.02,-1.30200610075
2180,-4.828339299246032,-4.112146634453286,1.02,-1.30200610075
2181,-4.828930277070913,-4.112146634453286,1.02,-1.30200610075
2182,-4.829521371484753,-4.112146634453286,1.02,-1.30200610075
2183,-4.830112582435783,-4.112146634453286,1.02,-1.30200610075
2184,-4.830703909872268,-4.112146634453286,1.02,-1.30200610075
2185,-4.831295353742528,-4.112146634453286,1.02,-1.30200610075
2186,-4.831886913994916,-4.112146634453286,1.02,-1.30200610075
2187,-4.832478590577842,-4.112146634453286,1.02,-1.30200610075
2188,-4.833070383439754,-4.112146634453286,1.02,-1.30200610075
2189,-4.833662292529147,-4.112146634453286,1.02,-1.30200610075
2190,-4.834254317794559,-4.112146634453286,1.02,-1.30200610075
2191,-4.834846459184576,-4.112146634453286,1.02,-1.30200610075
2192,-4.835438716647831,-4.112146634453286,1.02,-1.30200610075
2193,-4.836031090132993,-4.112146634453286,1.02,-1.30200610075
2194,-4.83662357958878,-4.112146634453286,1.02,-1.30200610075
2195,-4.837216184963959,-4.112146634453286,1.02,-1.30200610075
2196,-4.837808906207333,-4.112146634453286,1.02,-1.30200610075
2197,-4.838401743267759,-4.112146634453286,1.02,-1.30200610075
2198,-4.838994696094132,-4.112146634453286,1.02,-1.30200610075
2199,-4.839587764635393,-4.112146634453286,1.02,-1.30200610075
2200,-4.840180948840525,-4.112146634453286,1.02,-1.30200610075
2201,-4.840774248658562,-4.112146634453286,1.02,-1.30200610075
2202,-4.84136766403857,-4.112146634453286,1.02,-1.30200610075
2203,-4.841961194929677,-4.112146634453286,1.02,-1.30200610075
2204,-4.842554841281036,-4.112146634453286,1.02,-1.30200610075
2205,-4.843148603041856,-4.112146634453286,1.02,-1.30200610075
2206,-4.843742480161389,-4.112146634453286,1.02,-1.30200610075
2207,-4.844336472588925,-4.112146634453286,1.02,-1.30200610075
2208,-4.844930580273807,-4.112146634453286,1.02,-1.30200610075
2209,-4.845524803165413,-4.112146634453286,1.02,-1.30200610075
2210,-4.846119141213165,-4.112146634453286,1.02,-1.30200610075
2211,-4.846713594366538,-4.112146634453286,1.02,-1.30200610075
2212,-4.847308162575042,-4.112146634453286,1.02,-1.30200610075
2213,-4.847902845788232,-4.112146634453286,1.02,-1.30200610075
2214,-4.848497643955708,-4.112146634453286,1.02,-1.30200610075
2215,-4.849092557027115,-4.112146634453286,1.02,-1.30200610075
2216,-4.849687584952138,-4.112146634453286,1.02,-1.30200610075
2217,-4.850282727680504,-4.112146634453286,1.02,-1.30200610075
2218,-4.850877985161988,-4.112146634453286,1.02,-1.30200610075
2219,-4.851473357346411,-4.112146634453286,1.02,-1.30200610075
2220,-4.852068844183627,-4.112146634453286,1.02,-1.30200610075
2221,-4.852664445623538,-4.112146634453286,1.02,-1.30200610075
2222,-4.853260161616094,-4.112146634453286,1.02,-1.30200610075
2223,-4.853855992111281,-4.112146634453286,1.02,-1.30200610075
2224,-4.854451937059132,-4.112146634453286,1.02,-1.30200610075
2225,-4.855047996409724,-4.112146634453286,1.02,-1.30200610075
2226,-4.855644170113165,-4.112146634453286,1.02,-1.30200610075
2227,-4.856240458119628,-4.112146634453286,1.02,-1.30200610075
2228,-4.856836860379306,-4.112146634453286,1.02,-1.30200610075
2229,-4.857433376842447,-4.112146634453286,1.02,-1.30200610075
2230,-4.858030007459345,-4.112146634453286,1.02,-1.30200610075
2231,-4.858626752180325,-4.112146634453286,1.02,-1.30200610075
2232,-4.859223610955763,-4.112146634453286,1.02,-1.30200610075
2233,-4.859820583736075,-4.112146634453286,1.02,-1.30200610075
2234,-4.860417670471718,-4.112146634453286,1.02,-1.30200610075
2235,-4.861014871113196,-4.112146634453286,1.02,-1.30200610075
2236,-4.861612185611047,-4.112146634453286,1.02,-1.30200610075
2237,-4.86220961391586,-4.112146634453286,1.02,-1.30200610075
2238,-4.862807155978262,-4.112146634453286,1.02,-1.30200610075
2239,-4.863404811748922,-4.112146634453286,1.02,-1.30200610075
2240,-4.864002581178554,-4.112146634453286,1.02,-1.30200610075
2241,-4.86460046421791,-4.112146634453286,1.02,-1.30200610075
2242,-4.865198460817785,-4.112146634453286,1.02,-1.30200610075
2243,-4.865796570929019,-4.112146634453286,1.02,-1.30200610075
2244,-4.866394794502489,-4.112146634453286,1.02,-1.30200610075
2245,-4.866993131489122,-4.112146634453286,1.02,-1.30200610075
2246,-4.867591581839877,-4.112146634453286,1.02,-1.30200610075
2247,-4.868190145505756,-4.112146634453286,1.02,-1.30200610075
2248,-4.868788822437813,-4.112146634453286,1.02,-1.30200610075
2249,-4.869387612587134,-4.112146634453286,1.02,-1.30200610075
2250,-4.869986515904849,-4.112146634453286,1.02,-1.30200610075
2251,-4.870585532342128,-4.112146634453286,1.02,-1.30200610075
2252,-4.871184661850183,-4.112146634453286,1.02,-1.30200610075
2253,-4.871783904380274,-4.112146634453286,1.02,-1.30200610075
2254,-4.872383259883689,-4.112146634453286,1.02,-1.30200610075
2255,-4.872982728311771,-4.112146634453286,1.02,-1.30200610075
2256,-4.873582309615901,-4.112146634453286,1.02,-1.30200610075
2257,-4.87418200374749,-4.112146634453286,1.02,-1.30200610075
2258,-4.874781810658004,-4.112146634453286,1.02,-1.30200610075
2259,-4.875381730298948,-4.112146634453286,1.02,-1.30200610075
2260,-4.875981762621858,-4.112146634453286,1.02,-1.30200610075
2261,-4.876581907578323,-4.112146634453286,1.02,-1.30200610075
2262,-4.877182165119964,-4.112146634453286,1.02,-1.30200610075
2263,-4.877782535198452,-4.112146634453286,1.02,-1.30200610075
2264,-4.878383017765487,-4.112146634453286,1.02,-1.30200610075
2265,-4.878983612772824,-4.112146634453286,1.02,-1.30200610075
2266,-4.879584320172246,-4.112146634453286,1.02,-1.30200610075
2267,-4.880185139915588,-4.112146634453286,1.02,-1.30200610075
2268,-4.880786071954713,-4.112146634453286,1.02,-1.30200610075
2269,-4.881387116241536,-4.112146634453286,1.02,-1.30200610075
2270,-4.881988272727999,-4.112146634453286,1.02,-1.30200610075
2271,-4.882589541366105,-4.112146634453286,1.02,-1.30200610075
2272,-4.883190922107881,-4.112146634453286,1.02,-1.30200610075
2273,-4.883792414905399,-4.112146634453286,1.02,-1.30200610075
2274,-4.884394019710772,-4.112146634453286,1.02,-1.30200610075
2275,-4.884995736476148,-4.112146634453286,1.02,-1.30200610075
2276,-4.885597565153729,-4.112146634453286,1.02,-1.30200610075
2277,-4.886199505695743,-4.112146634453286,1.02,-1.30200610075
2278,-4.886801558054463,-4.112146634453286,1.02,-1.30200610075
2279,-4.887403722182205,-4.112146634453286,1.02,-1.30200610075
2280,-4.888005998031321,-4.112146634453286,1.02,-1.30200610075
2281,-4.888608385554207,-4.112146634453286,1.02,-1.30200610075
2282,-4.889210884703294,-4.112146634453286,1.02,-1.30200610075
2283,-4.889813495431055,-4.112146634453286,1.02,-1.30200610075
2284,-4.890416217690005,-4.112146634453286,1.02,-1.30200610075
2285,-4.891019051432695,-4.112146634453286,1.02,-1.30200610075
2286,-4.891621996611724,-4.112146634453286,1.02,-1.30200610075
2287,-4.892225053179718,-4.112146634453286,1.02,-1.30200610075
2288,-4.892828221089349,-4.112146634453286,1.02,-1.30200610075
2289,-4.893431500293334,-4.112146634453286,1.02,-1.30200610075
2290,-4.894034890744422,-4.112146634453286,1.02,-1.30200610075
2291,-4.894638392395402,-4.112146634453286,1.02,-1.30200610075
2292,-4.895242005199107,-4.112146634453286,1.02,-1.30200610075
2293,-4.895845729108408,-4.112146634453286,1.02,-1.30200610075
2294,-4.89644956407621,-4.112146634453286,1.02,-1.30200610075
2295,-4.897053510055467,-4.112146634453286,1.02,-1.30200610075
2296,-4.897657566999158,-4.112146634453286,1.02,-1.30200610075
2297,-4.89826173486032,-4.112146634453286,1.02,-1.30200610075
2298,-4.898866013592013,-4.112146634453286,1.02,-1.30200610075
2299,-4.899470403147347,-4.112146634453286,1.02,-1.30200610075
2300,-4.900074903479456,-4.112146634453286,1.02,-1.30200610075
2301,-4.900679514541537,-4.112146634453286,1.02,-1.30200610075
2302,-4.901284236286801,-4.112146634453286,1.02,-1.30200610075
2303,-4.901889068668519,-4.112146634453286,1.02,-1.30200610075
2304,-4.902494011639985,-4.112146634453286,1.02,-1.30200610075
2305,-4.90309906515454,-4.112146634453286,1.02,-1.30200610075
2306,-4.903704229165561,-4.112146634453286,1.02,-1.30200610075
2307,-4.904309503626466,-4.112146634453286,1.02,-1.30200610075
2308,-4.904914888490709,-4.112146634453286,1.02,-1.30200610075
2309,-4.905520383711787,-4.112146634453286,1.02,-1.30200610075
2310,-4.906125989243227,-4.112146634453286,1.02,-1.30200610075
2311,-4.906731705038601,-4.112146634453286,1.02,-1.30200610075
2312,-4.907337531051523,-4.112146634453286,1.02,-1.30200610075
2313,-4.907943467235635,-4.112146634453286,1.02,-1.30200610075
2314,-4.90854951354463,-4.112146634453286,1.02,-1.30200610075
2315,-4.909155669932231,-4.112146634453286,1.02,-1.30200610075
2316,-4.909761936352199,-4.112146634453286,1.02,-1.30200610075
2317,-4.910368312758333,-4.112146634453286,1.02,-1.30200610075
2318,-4.910974799104481,-4.112146634453286,1.02,-1.30200610075
2319,-4.911581395344506,-4.112146634453286,1.02,-1.30200610075
2320,-4.912188101432343,-4.112146634453286,1.02,-1.30200610075
2321,-4.912794917321933,-4.112146634453286,1.02,-1.30200610075
2322,-4.913401842967271,-4.112146634453286,1.02,-1.30200610075
2323,-4.914008878322385,-4.112146634453286,1.02,-1.30200610075
2324,-4.914616023341348,-4.112146634453286,1.02,-1.30200610075
2325,-4.915223277978261,-4.112146634453286,1.02,-1.30200610075
2326,-4.915830642187272,-4.112146634453286,1.02,-1.30200610075
2327,-4.916438115922561,-4.112146634453286,1.02,-1.30200610075
2328,-4.917045699138344,-4.112146634453286,1.02,-1.30200610075
2329,-4.917653391788884,-4.112146634453286,1.02,-1.30200610075
2330,-4.918261193828469,-4.112146634453286,1.02,-1.30200610075
2331,-4.918869105211436,-4.112146634453286,1.02,-1.30200610075
2332,-4.919477125892151,-4.112146634453286,1.02,-1.30200610075
2333,-4.920085255825028,-4.112146634453286,1.02,-1.30200610075
2334,-4.920693494964504,-4.112146634453286,1.02,-1.30200610075
2335,-4.921301843265065,-4.112146634453286,1.02,-1.30200610075
2336,-4.921910300681234,-4.112146634453286,1.02,-1.30200610075
2337,-4.922518867167559,-4.112146634453286,1.02,-1.30200610075
2338,-4.923127542678647,-4.112146634453286,1.02,-1.30200610075
2339,-4.923736327169117,-4.112146634453286,1.02,-1.30200610075
2340,-4.924345220593644,-4.112146634453286,1.02,-1.30200610075
2341,-4.924954222906933,-4.112146634453286,1.02,-1.30200610075
2342,-4.92556333406373,-4.112146634453286,1.02,-1.30200610075
2343,-4.926172554018809,-4.112146634453286,1.02,-1.30200610075
2344,-4.926781882726992,-4.112146634453286,1.02,-1.30200610075
2345,-4.927391320143133,-4.112146634453286,1.02,-1.30200610075
2346,-4.928000866222121,-4.112146634453286,1.02,-1.30200610075
2347,-4.928610520918883,-4.112146634453286,1.02,-1.30200610075
2348,-4.929220284188387,-4.112146634453286,1.02,-1.30200610075
2349,-4.929830155985634,-4.112146634453286,1.02,-1.30200610075
2350,-4.930440136265664,-4.112146634453286,1.02,-1.30200610075
2351,-4.931050224983549,-4.112146634453286,1.02,-1.30200610075
2352,-4.931660422094399,-4.112146634453286,1.02,-1.30200610075
2353,-4.93227072755337,-4.112146634453286,1.02,-1.30200610075
2354,-4.932881141315643,-4.112146634453286,1.02,-1.30200610075
2355,-4.933491663336437,-4.112146634453286,1.02,-1.30200610075
2356,-4.934102293571009,-4.112146634453286,1.02,-1.30200610075
2357,-4.934713031974663,-4.112146634453286,1.02,-1.30200610075
2358,-4.93532387850272,-4.112146634453286,1.02,-1.30200610075
2359,-4.935934833110552,-4.112146634453286,1.02,-1.30200610075
2360,-4.936545895753562,-4.112146634453286,1.02,-1.30200610075
2361,-4.937157066387191,-4.112146634453286,1.02,-1.30200610075
2362,-4.93776834496691,-4.112146634453286,1.02,-1.30200610075
2363,-4.93837973144824,-4.112146634453286,1.02,-1.30200610075
2364,-4.938991225786722,-4.112146634453286,1.02,-1.30200610075
2365,-4.939602827937946,-4.112146634453286,1.02,-1.30200610075
2366,-4.940214537857529,-4.112146634453286,1.02,-1.30200610075
2367,-4.940826355501126,-4.112146634453286,1.02,-1.30200610075
2368,-4.941438280824436,-4.112146634453286,1.02,-1.30200610075
2369,-4.942050313783185,-4.112146634453286,1.02,-1.30200610075
2370,-4.942662454333136,-4.112146634453286,1.02,-1.30200610075
2371,-4.943274702430088,-4.112146634453286,1.02,-1.30200610075
2372,-4.943887058029878,-4.112146634453286,1.02,-1.30200610075
2373,-4.944499521088384,-4.112146634453286,1.02,-1.30200610075
2374,-4.945112091561507,-4.112146634453286,1.02,-1.30200610075
2375,-4.945724769405192,-4.112146634453286,1.02,-1.30200610075
2376,-4.946337554575419,-4.112146634453286,1.02,-1.30200610075
2377,-4.9469504470282,-4.112146634453286,1.02,-1.30200610075
2378,-4.947563446719586,-4.112146634453286,1.02,-1.30200610075
2379,-4.948176553605665,-4.112146634453286,1.02,-1.30200610075
2380,-4.948789767642556,-4.112146634453286,1.02,-1.30200610075
2381,-4.949403088786413,-4.112146634453286,1.02,-1.30200610075
2382,-4.950016516993436,-4.112146634453286,1.02,-1.30200610075
2383,-4.950630052219842,-4.112146634453286,1.02,-1.30200610075
2384,-4.951243694421901,-4.112146634453286,1.02,-1.30200610075
2385,-4.951857443555911,-4.112146634453286,1.02,-1.30200610075
2386,-4.952471299578199,-4.112146634453286,1.02,-1.30200610075
2387,-4.953085262445136,-4.112146634453286,1.02,-1.30200610075
2388,-4.953699332113122,-4.112146634453286,1.02,-1.30200610075
2389,-4.954313508538602,-4.112146634453286,1.02,-1.30200610075
2390,-4.954927791678047,-4.112146634453286,1.02,-1.30200610075
2391,-4.955542181487966,-4.112146634453286,1.02,-1.30200610075
2392,-4.956156677924897,-4.112146634453286,1.02,-1.30200610075
2393,-4.956771280945426,-4.112146634453286,1.02,-1.30200610075
2394,-4.957385990506156,-4.112146634453286,1.02,-1.30200610075
2395,-4.958000806563748,-4.112146634453286,1.02,-1.30200610075
2396,-4.958615729074876,-4.112146634453286,1.02,-1.30200610075
2397,-4.959230757996258,-4.112146634453286,1.02,-1.30200610075
2398,-4.959845893284649,-4.112146634453286,1.02,-1.30200610075
2399,-4.960461134896833,-4.112146634453286,1.02,-1.30200610075
2400,-4.961076482789636,-4.112146634453286,1.02,-1.30200610075
2401,-4.961691936919907,-4.112146634453286,1.02,-1.30200610075
2402,-4.962307497244542,-4.112146634453286,1.02,-1.30200610075
2403,-4.962923163720466,-4.112146634453286,1.02,-1.30200610075
2404,-4.963538936304638,-4.112146634453286,1.02,-1.30200610075
2405,-4.964154814954048,-4.112146634453286,1.02,-1.30200610075
2406,-4.964770799625732,-4.112146634453286,1.02,-1.30200610075
2407,-4.965386890276749,-4.112146634453286,1.02,-1.30200610075
2408,-4.966003086864195,-4.112146634453286,1.02,-1.30200610075
2409,-4.966619389345206,-4.112146634453286,1.02,-1.30200610075
2410,-4.967235797676937,-4.112146634453286,1.02,-1.30200610075
2411,-4.967852311816597,-4.112146634453286,1.02,-1.30200610075
2412,-4.968468931721417,-4.112146634453286,1.02,-1.30200610075
2413,-4.969085657348669,-4.112146634453286,1.02,-1.30200610075
2414,-4.969702488655646,-4.112146634453286,1.02,-1.30200610075
2415,-4.970319425599691,-4.112146634453286,1.02,-1.30200610075
2416,-4.970936468138177,-4.112146634453286,1.02,-1.30200610075
2417,-4.971553616228501,-4.112146634453286,1.02,-1.30200610075
2418,-4.972170869828103,-4.112146634453286,1.02,-1.30200610075
2419,-4.972788228894453,-4.112146634453286,1.02,-1.30200610075
2420,-4.973405693385063,-4.112146634453286,1.02,-1.30200610075
2421,-4.974023263257464,-4.112146634453286,1.02,-1.30200610075
2422,-4.974640938469236,-4.112146634453286,1.02,-1.30200610075
2423,-4.975258718977981,-4.112146634453286,1.02,-1.30200610075
2424,-4.975876604741342,-4.112146634453286,1.02,-1.30200610075
2425,-4.976494595716996,-4.112146634453286,1.02,-1.30200610075
2426,-4.977112691862643,-4.112146634453286,1.02,-1.30200610075
2427,-4.977730893136028,-4.112146634453286,1.02,-1.30200610075
2428,-4.978349199494928,-4.112146634453286,1.02,-1.30200610075
2429,-4.978967610897148,-4.112146634453286,1.02,-1.30200610075
2430,-4.979586127300532,-4.112146634453286,1.02,-1.30200610075
2431,-4.980204748662954,-4.112146634453286,1.02,-1.30200610075
2432,-4.980823474942324,-4.112146634453286,1.02,-1.30200610075
2433,-4.981442306096579,-4.112146634453286,1.02,-1.30200610075
2434,-4.982061242083695,-4.112146634453286,1.02,-1.30200610075
2435,-4.982680282861685,-4.112146634453286,1.02,-1.30200610075
2436,-4.983299428388587,-4.112146634453286,1.02,-1.30200610075
2437,-4.983918678622471,-4.112146634453286,1.02,-1.30200610075
2438,-4.984538033521451,-4.112146634453286,1.02,-1.30200610075
2439,-4.985157493043671,-4.112146634453286,1.02,-1.30200610075
2440,-4.985777057147294,-4.112146634453286,1.02,-1.30200610075
2441,-4.986396725790534,-4.112146634453286,1.02,-1.30200610075
2442,-4.98701649893163,-4.112146634453286,1.02,-1.30200610075
2443,-4.987636376528854,-4.112146634453286,1.02,-1.30200610075
2444,-4.988256358540507,-4.112146634453286,1.02,-1.30200610075
2445,-4.988876444924935,-4.112146634453286,1.02,-1.30200610075
2446,-4.989496635640505,-4.112146634453286,1.02,-1.30200610075
2447,-4.990116930645618,-4.112146634453286,1.02,-1.30200610075
2448,-4.990737329898717,-4.112146634453286,1.02,-1.30200610075
2449,-4.991357833358268,-4.112146634453286,1.02,-1.30200610075
2450,-4.991978440982769,-4.112146634453286,1.02,-1.30200610075
2451,-4.992599152730763,-4.112146634453286,1.02,-1.30200610075
2452,-4.993219968560812,-4.112146634453286,1.02,-1.30200610075
2453,-4.993840888431519,-4.112146634453286,1.02,-1.30200610075
2454,-4.994461912301509,-4.112146634453286,1.02,-1.30200610075
2455,-4.995083040129453,-4.112146634453286,1.02,-1.30200610075
2456,-4.995704271874047,-4.112146634453286,1.02,-1.30200610075
2457,-4.99632560749402,-4.112146634453286,1.02,-1.30200610075
2458,-4.996947046948131,-4.112146634453286,1.02,-1.30200610075
2459,-4.997568590195185,-4.112146634453286,1.02,-1.30200610075
2460,-4.998190237193991,-4.112146634453286,1.02,-1.30200610075
2461,-4.998811987903421,-4.112146634453286,1.02,-1.30200610075
2462,-4.999433842282362,-4.112146634453286,1.02,-1.30200610075
2463,-5.000055800289737,-4.112146634453286,1.02,-1.30200610075
2464,-5.000677861884502,-4.112146634453286,1.02,-1.30200610075
2465,-5.001300027025637,-4.112146634453286,1.02,-1.30200610075
2466,-5.001922295672173,-4.112146634453286,1.02,-1.30200610075
2467,-5.002544667783156,-4.112146634453286,1.02,-1.30200610075
2468,-5.003167143317667,-4.112146634453286,1.02,-1.30200610075
2469,-5.003789722234825,-4.112146634453286,1.02,-1.30200610075
2470,-5.004412404493773,-4.112146634453286,1.02,-1.30200610075
2471,-5.005035190053695,-4.112146634453286,1.02,-1.30200610075
2472,-5.005658078873797,-4.112146634453286,1.02,-1.30200610075
2473,-5.006281070913326,-4.112146634453286,1.02,-1.30200610075
2474,-5.006904166131552,-4.112146634453286,1.02,-1.30200610075
2475,-5.007527364487785,-4.112146634453286,1.02,-1.30200610075
2476,-5.008150665941359,-4.112146634453286,1.02,-1.30200610075
2477,-5.008774070451647,-4.112146634453286,1.02,-1.30200610075
2478,-5.009397577978049,-4.112146634453286,1.02,-1.30200610075
2479,-5.010021188479999,-4.112146634453286,1.02,-1.30200610075
2480,-5.010644901916958,-4.112146634453286,1.02,-1.30200610075
2481,-5.01126871824842,-4.112146634453286,1.02,-1.30200610075
2482,-5.011892637433919,-4.112146634453286,1.02,-1.30200610075
2483,-5.012516659433008,-4.112146634453286,1.02,-1.30200610075
2484,-5.013140784205277,-4.112146634453286,1.02,-1.30200610075
2485,-5.013765011710353,-4.112146634453286,1.02,-1.30200610075
2486,-5.014389341907883,-4.112146634453286,1.02,-1.30200610075
2487,-5.01501377475755,-4.112146634453286,1.02,-1.30200610075
2488,-5.015638310219075,-4.112146634453286,1.02,-1.30200610075
2489,-5.016262948252199,-4.112146634453286,1.02,-1.30200610075
2490,-5.016887688816702,-4.112146634453286,1.02,-1.30200610075
2491,-5.017512531872393,-4.112146634453286,1.02,-1.30200610075
2492,-5.018137477379115,-4.112146634453286,1.02,-1.30200610075
2493,-5.018762525296729,-4.112146634453286,1.02,-1.30200610075
2494,-5.019387675585145,-4.112146634453286,1.02,-1.30200610075
2495,-5.020012928204295,-4.112146634453286,1.02,-1.30200610075
2496,-5.020638283114141,-4.112146634453286,1.02,-1.30200610075
2497,-5.021263740274678,-4.112146634453286,1.02,-1.30200610075
2498,-5.021889299645933,-4.112146634453286,1.02,-1.30200610075
2499,-5.02251496118796,-4.112146634453286,1.02,-1.30200610075
