basis,seed,field,category,historical_value,rerun_value,absolute_difference,absolute_tolerance,status
polynomial,11,basis,exact_other,polynomial,polynomial,,0.0,pass
polynomial,11,calibration_constants_eV_per_atom/formal_train_window,energy_eV_per_atom,-3.14679970526856,-3.1467997053258077,5.724754004177157e-11,1e-06,pass
polynomial,11,calibration_constants_eV_per_atom/heldout_window_audit,energy_eV_per_atom,2.9883859927662884,2.9883859930376,2.7131186186579725e-10,1e-06,pass
polynomial,11,metrics/formal_train_window/full_range/G_MAE_eV_per_atom,energy_eV_per_atom,4.125924719330497,4.12592471992832,5.978231243375376e-10,1e-06,pass
polynomial,11,metrics/formal_train_window/full_range/coverage_2sigma,exact_other,0.0,0.0,0.0,0.0,pass
polynomial,11,metrics/formal_train_window/full_range/n_test_frames,exact_other,4947,4947,0.0,0.0,pass
polynomial,11,metrics/formal_train_window/full_range/pairs/sio2:cristobalite_beta_minus_quartz_beta/Tc_err_from_dG_K/0,temperature_K,2822.0955424260155,2822.086905806523,0.00863661949233574,0.05,pass
polynomial,11,metrics/formal_train_window/full_range/pairs/sio2:cristobalite_beta_minus_quartz_beta/Tc_err_from_dG_K/length,discrete,1,1,0.0,0.0,pass
polynomial,11,metrics/formal_train_window/full_range/pairs/sio2:cristobalite_beta_minus_quartz_beta/Tc_error_K/0,temperature_K,670.5870806127393,670.5873449628818,0.0002643501425154682,0.05,pass
polynomial,11,metrics/formal_train_window/full_range/pairs/sio2:cristobalite_beta_minus_quartz_beta/Tc_error_K/length,discrete,1,1,0.0,0.0,pass
polynomial,11,metrics/formal_train_window/full_range/pairs/sio2:cristobalite_beta_minus_quartz_beta/Tc_scatter_K/0,temperature_K,0.0,0.0,0.0,0.05,pass
polynomial,11,metrics/formal_train_window/full_range/pairs/sio2:cristobalite_beta_minus_quartz_beta/Tc_scatter_K/length,discrete,1,1,0.0,0.0,pass
polynomial,11,metrics/formal_train_window/full_range/pairs/sio2:cristobalite_beta_minus_quartz_beta/crossing_slope_eV_per_atom_per_K/0,energy_eV_per_atom,7.551407561479095e-06,7.551407561479095e-06,0.0,1e-06,pass
polynomial,11,metrics/formal_train_window/full_range/pairs/sio2:cristobalite_beta_minus_quartz_beta/crossing_slope_eV_per_atom_per_K/length,discrete,1,1,0.0,0.0,pass
polynomial,11,metrics/formal_train_window/full_range/pairs/sio2:cristobalite_beta_minus_quartz_beta/delta_G_MAE_at_crossing_eV_per_atom/0,energy_eV_per_atom,0.021310793618292263,0.021310728399658523,6.52186337400662e-08,1e-06,pass
polynomial,11,metrics/formal_train_window/full_range/pairs/sio2:cristobalite_beta_minus_quartz_beta/delta_G_MAE_at_crossing_eV_per_atom/length,discrete,1,1,0.0,0.0,pass
polynomial,11,metrics/formal_train_window/full_range/pairs/sio2:cristobalite_beta_minus_quartz_beta/delta_G_MAE_eV_per_atom,energy_eV_per_atom,0.015966740431725752,0.015966738832806728,1.5989190249587892e-09,1e-06,pass
polynomial,11,metrics/formal_train_window/full_range/pairs/sio2:cristobalite_beta_minus_quartz_beta/delta_G_RMSE_eV_per_atom,energy_eV_per_atom,0.017493026036513204,0.017493025302638673,7.338745305895955e-10,1e-06,pass
polynomial,11,metrics/formal_train_window/full_range/pairs/sio2:cristobalite_beta_minus_quartz_beta/false_crossings,discrete,0,0,0.0,0.0,pass
polynomial,11,metrics/formal_train_window/full_range/pairs/sio2:cristobalite_beta_minus_quartz_beta/missed_crossings,discrete,0,0,0.0,0.0,pass
polynomial,11,metrics/formal_train_window/full_range/pairs/sio2:cristobalite_beta_minus_quartz_beta/pair_support,exact_other,test_only,test_only,,0.0,pass
polynomial,11,metrics/formal_train_window/full_range/pairs/sio2:cristobalite_beta_minus_quartz_beta/predicted_Tc_K/0,temperature_K,2213.295785388607,2213.2960497387494,0.0002643501425154682,0.05,pass
polynomial,11,metrics/formal_train_window/full_range/pairs/sio2:cristobalite_beta_minus_quartz_beta/predicted_Tc_K/length,discrete,1,1,0.0,0.0,pass
polynomial,11,metrics/formal_train_window/full_range/pairs/sio2:cristobalite_beta_minus_quartz_beta/predicted_Tc_by_seed_K/0/0,temperature_K,2213.295785388607,2213.2960497387494,0.0002643501425154682,0.05,pass
polynomial,11,metrics/formal_train_window/full_range/pairs/sio2:cristobalite_beta_minus_quartz_beta/predicted_Tc_by_seed_K/0/length,discrete,1,1,0.0,0.0,pass
polynomial,11,metrics/formal_train_window/full_range/pairs/sio2:cristobalite_beta_minus_quartz_beta/predicted_Tc_by_seed_K/length,discrete,1,1,0.0,0.0,pass
polynomial,11,metrics/formal_train_window/full_range/pairs/sio2:cristobalite_beta_minus_quartz_beta/reference_Tc_K/0,temperature_K,1542.7087047758675,1542.7087047758675,0.0,0.05,pass
polynomial,11,metrics/formal_train_window/full_range/pairs/sio2:cristobalite_beta_minus_quartz_beta/reference_Tc_K/length,discrete,1,1,0.0,0.0,pass
polynomial,11,metrics/formal_train_window/full_range/pairs/sio2:cristobalite_beta_minus_quartz_beta/sign_accuracy,ratio,0.593086719223772,0.593086719223772,0.0,0.0,pass
polynomial,11,metrics/formal_train_window/full_range/pairs/sio2:cristobalite_beta_minus_tridymite_p63mmc/Tc_err_from_dG_K/length,discrete,0,0,0.0,0.0,pass
polynomial,11,metrics/formal_train_window/full_range/pairs/sio2:cristobalite_beta_minus_tridymite_p63mmc/Tc_error_K/length,discrete,0,0,0.0,0.0,pass
polynomial,11,metrics/formal_train_window/full_range/pairs/sio2:cristobalite_beta_minus_tridymite_p63mmc/Tc_scatter_K/length,discrete,0,0,0.0,0.0,pass
polynomial,11,metrics/formal_train_window/full_range/pairs/sio2:cristobalite_beta_minus_tridymite_p63mmc/crossing_slope_eV_per_atom_per_K/length,discrete,0,0,0.0,0.0,pass
polynomial,11,metrics/formal_train_window/full_range/pairs/sio2:cristobalite_beta_minus_tridymite_p63mmc/delta_G_MAE_at_crossing_eV_per_atom/length,discrete,0,0,0.0,0.0,pass
polynomial,11,metrics/formal_train_window/full_range/pairs/sio2:cristobalite_beta_minus_tridymite_p63mmc/delta_G_MAE_eV_per_atom,energy_eV_per_atom,0.0032861893417066436,0.003286188115372683,1.2263339605952939e-09,1e-06,pass
polynomial,11,metrics/formal_train_window/full_range/pairs/sio2:cristobalite_beta_minus_tridymite_p63mmc/delta_G_RMSE_eV_per_atom,energy_eV_per_atom,0.003726195607277143,0.003726195209989931,3.972872118090942e-10,1e-06,pass
polynomial,11,metrics/formal_train_window/full_range/pairs/sio2:cristobalite_beta_minus_tridymite_p63mmc/false_crossings,discrete,1,1,0.0,0.0,pass
polynomial,11,metrics/formal_train_window/full_range/pairs/sio2:cristobalite_beta_minus_tridymite_p63mmc/missed_crossings,discrete,0,0,0.0,0.0,pass
polynomial,11,metrics/formal_train_window/full_range/pairs/sio2:cristobalite_beta_minus_tridymite_p63mmc/pair_support,exact_other,test_only,test_only,,0.0,pass
polynomial,11,metrics/formal_train_window/full_range/pairs/sio2:cristobalite_beta_minus_tridymite_p63mmc/predicted_Tc_K/0,temperature_K,2187.7684675403325,2187.7669830961427,0.0014844441898276273,0.05,pass
polynomial,11,metrics/formal_train_window/full_range/pairs/sio2:cristobalite_beta_minus_tridymite_p63mmc/predicted_Tc_K/length,discrete,1,1,0.0,0.0,pass
polynomial,11,metrics/formal_train_window/full_range/pairs/sio2:cristobalite_beta_minus_tridymite_p63mmc/predicted_Tc_by_seed_K/0/0,temperature_K,2187.7684675403325,2187.7669830961427,0.0014844441898276273,0.05,pass
polynomial,11,metrics/formal_train_window/full_range/pairs/sio2:cristobalite_beta_minus_tridymite_p63mmc/predicted_Tc_by_seed_K/0/length,discrete,1,1,0.0,0.0,pass
polynomial,11,metrics/formal_train_window/full_range/pairs/sio2:cristobalite_beta_minus_tridymite_p63mmc/predicted_Tc_by_seed_K/length,discrete,1,1,0.0,0.0,pass
polynomial,11,metrics/formal_train_window/full_range/pairs/sio2:cristobalite_beta_minus_tridymite_p63mmc/reference_Tc_K/length,discrete,0,0,0.0,0.0,pass
polynomial,11,metrics/formal_train_window/full_range/pairs/sio2:cristobalite_beta_minus_tridymite_p63mmc/sign_accuracy,ratio,0.810794420861128,0.810794420861128,0.0,0.0,pass
polynomial,11,metrics/formal_train_window/full_range/pairs/sio2:quartz_beta_minus_tridymite_p63mmc/Tc_err_from_dG_K/0,temperature_K,3315.7018001921165,3315.708219468788,0.006419276671294938,0.05,pass
polynomial,11,metrics/formal_train_window/full_range/pairs/sio2:quartz_beta_minus_tridymite_p63mmc/Tc_err_from_dG_K/length,discrete,1,1,0.0,0.0,pass
polynomial,11,metrics/formal_train_window/full_range/pairs/sio2:quartz_beta_minus_tridymite_p63mmc/Tc_error_K/0,temperature_K,626.89685919934,626.8969082669121,4.906757203571033e-05,0.05,pass
polynomial,11,metrics/formal_train_window/full_range/pairs/sio2:quartz_beta_minus_tridymite_p63mmc/Tc_error_K/length,discrete,1,1,0.0,0.0,pass
polynomial,11,metrics/formal_train_window/full_range/pairs/sio2:quartz_beta_minus_tridymite_p63mmc/Tc_scatter_K/0,temperature_K,0.0,0.0,0.0,0.05,pass
polynomial,11,metrics/formal_train_window/full_range/pairs/sio2:quartz_beta_minus_tridymite_p63mmc/Tc_scatter_K/length,discrete,1,1,0.0,0.0,pass
polynomial,11,metrics/formal_train_window/full_range/pairs/sio2:quartz_beta_minus_tridymite_p63mmc/crossing_slope_eV_per_atom_per_K/0,energy_eV_per_atom,7.448345272997869e-06,7.448345272997869e-06,0.0,1e-06,pass
polynomial,11,metrics/formal_train_window/full_range/pairs/sio2:quartz_beta_minus_tridymite_p63mmc/crossing_slope_eV_per_atom_per_K/length,discrete,1,1,0.0,0.0,pass
polynomial,11,metrics/formal_train_window/full_range/pairs/sio2:quartz_beta_minus_tridymite_p63mmc/delta_G_MAE_at_crossing_eV_per_atom/0,energy_eV_per_atom,0.02469649183013148,0.02469653964312053,4.7812989050627364e-08,1e-06,pass
polynomial,11,metrics/formal_train_window/full_range/pairs/sio2:quartz_beta_minus_tridymite_p63mmc/delta_G_MAE_at_crossing_eV_per_atom/length,discrete,1,1,0.0,0.0,pass
polynomial,11,metrics/formal_train_window/full_range/pairs/sio2:quartz_beta_minus_tridymite_p63mmc/delta_G_MAE_eV_per_atom,energy_eV_per_atom,0.01911265074322269,0.01911264852025156,2.2229711300891797e-09,1e-06,pass
polynomial,11,metrics/formal_train_window/full_range/pairs/sio2:quartz_beta_minus_tridymite_p63mmc/delta_G_RMSE_eV_per_atom,energy_eV_per_atom,0.021073286663252606,0.021073286205058293,4.581943123527221e-10,1e-06,pass
polynomial,11,metrics/formal_train_window/full_range/pairs/sio2:quartz_beta_minus_tridymite_p63mmc/false_crossings,discrete,0,0,0.0,0.0,pass
polynomial,11,metrics/formal_train_window/full_range/pairs/sio2:quartz_beta_minus_tridymite_p63mmc/missed_crossings,discrete,0,0,0.0,0.0,pass
polynomial,11,metrics/formal_train_window/full_range/pairs/sio2:quartz_beta_minus_tridymite_p63mmc/pair_support,exact_other,test_only,test_only,,0.0,pass
polynomial,11,metrics/formal_train_window/full_range/pairs/sio2:quartz_beta_minus_tridymite_p63mmc/predicted_Tc_K/0,temperature_K,2209.218410257494,2209.218459325066,4.906757203571033e-05,0.05,pass
polynomial,11,metrics/formal_train_window/full_range/pairs/sio2:quartz_beta_minus_tridymite_p63mmc/predicted_Tc_K/length,discrete,1,1,0.0,0.0,pass
polynomial,11,metrics/formal_train_window/full_range/pairs/sio2:quartz_beta_minus_tridymite_p63mmc/predicted_Tc_by_seed_K/0/0,temperature_K,2209.218410257494,2209.218459325066,4.906757203571033e-05,0.05,pass
polynomial,11,metrics/formal_train_window/full_range/pairs/sio2:quartz_beta_minus_tridymite_p63mmc/predicted_Tc_by_seed_K/0/length,discrete,1,1,0.0,0.0,pass
polynomial,11,metrics/formal_train_window/full_range/pairs/sio2:quartz_beta_minus_tridymite_p63mmc/predicted_Tc_by_seed_K/length,discrete,1,1,0.0,0.0,pass
polynomial,11,metrics/formal_train_window/full_range/pairs/sio2:quartz_beta_minus_tridymite_p63mmc/reference_Tc_K/0,temperature_K,1582.3215510581538,1582.3215510581538,0.0,0.05,pass
polynomial,11,metrics/formal_train_window/full_range/pairs/sio2:quartz_beta_minus_tridymite_p63mmc/reference_Tc_K/length,discrete,1,1,0.0,0.0,pass
polynomial,11,metrics/formal_train_window/full_range/pairs/sio2:quartz_beta_minus_tridymite_p63mmc/sign_accuracy,ratio,0.6197695573074591,0.6197695573074591,0.0,0.0,pass
polynomial,11,metrics/formal_train_window/full_range/seeds/0,exact_other,11,11,0.0,0.0,pass
polynomial,11,metrics/formal_train_window/full_range/seeds/length,discrete,1,1,0.0,0.0,pass
polynomial,11,metrics/formal_train_window/temp_extrap/G_MAE_eV_per_atom,energy_eV_per_atom,6.1351856980348485,6.135185698363408,3.2855940190756883e-10,1e-06,pass
polynomial,11,metrics/formal_train_window/temp_extrap/coverage_2sigma,exact_other,0.0,0.0,0.0,0.0,pass
polynomial,11,metrics/formal_train_window/temp_extrap/n_test_frames,exact_other,3171,3171,0.0,0.0,pass
polynomial,11,metrics/formal_train_window/temp_extrap/pairs/sio2:cristobalite_beta_minus_quartz_beta/Tc_err_from_dG_K/0,temperature_K,2822.0955424260155,2822.086905806523,0.00863661949233574,0.05,pass
polynomial,11,metrics/formal_train_window/temp_extrap/pairs/sio2:cristobalite_beta_minus_quartz_beta/Tc_err_from_dG_K/length,discrete,1,1,0.0,0.0,pass
polynomial,11,metrics/formal_train_window/temp_extrap/pairs/sio2:cristobalite_beta_minus_quartz_beta/Tc_error_K/0,temperature_K,670.5870806127393,670.5873449628818,0.0002643501425154682,0.05,pass
polynomial,11,metrics/formal_train_window/temp_extrap/pairs/sio2:cristobalite_beta_minus_quartz_beta/Tc_error_K/length,discrete,1,1,0.0,0.0,pass
polynomial,11,metrics/formal_train_window/temp_extrap/pairs/sio2:cristobalite_beta_minus_quartz_beta/Tc_scatter_K/0,temperature_K,0.0,0.0,0.0,0.05,pass
polynomial,11,metrics/formal_train_window/temp_extrap/pairs/sio2:cristobalite_beta_minus_quartz_beta/Tc_scatter_K/length,discrete,1,1,0.0,0.0,pass
polynomial,11,metrics/formal_train_window/temp_extrap/pairs/sio2:cristobalite_beta_minus_quartz_beta/crossing_slope_eV_per_atom_per_K/0,energy_eV_per_atom,7.551407561479095e-06,7.551407561479095e-06,0.0,1e-06,pass
polynomial,11,metrics/formal_train_window/temp_extrap/pairs/sio2:cristobalite_beta_minus_quartz_beta/crossing_slope_eV_per_atom_per_K/length,discrete,1,1,0.0,0.0,pass
polynomial,11,metrics/formal_train_window/temp_extrap/pairs/sio2:cristobalite_beta_minus_quartz_beta/delta_G_MAE_at_crossing_eV_per_atom/0,energy_eV_per_atom,0.021310793618292263,0.021310728399658523,6.52186337400662e-08,1e-06,pass
polynomial,11,metrics/formal_train_window/temp_extrap/pairs/sio2:cristobalite_beta_minus_quartz_beta/delta_G_MAE_at_crossing_eV_per_atom/length,discrete,1,1,0.0,0.0,pass
polynomial,11,metrics/formal_train_window/temp_extrap/pairs/sio2:cristobalite_beta_minus_quartz_beta/delta_G_MAE_eV_per_atom,energy_eV_per_atom,0.015966740431725752,0.015966738832806728,1.5989190249587892e-09,1e-06,pass
polynomial,11,metrics/formal_train_window/temp_extrap/pairs/sio2:cristobalite_beta_minus_quartz_beta/delta_G_RMSE_eV_per_atom,energy_eV_per_atom,0.017493026036513204,0.017493025302638673,7.338745305895955e-10,1e-06,pass
polynomial,11,metrics/formal_train_window/temp_extrap/pairs/sio2:cristobalite_beta_minus_quartz_beta/false_crossings,discrete,0,0,0.0,0.0,pass
polynomial,11,metrics/formal_train_window/temp_extrap/pairs/sio2:cristobalite_beta_minus_quartz_beta/missed_crossings,discrete,0,0,0.0,0.0,pass
polynomial,11,metrics/formal_train_window/temp_extrap/pairs/sio2:cristobalite_beta_minus_quartz_beta/pair_support,exact_other,test_and_train_partner,test_and_train_partner,,0.0,pass
polynomial,11,metrics/formal_train_window/temp_extrap/pairs/sio2:cristobalite_beta_minus_quartz_beta/predicted_Tc_K/0,temperature_K,2213.295785388607,2213.2960497387494,0.0002643501425154682,0.05,pass
polynomial,11,metrics/formal_train_window/temp_extrap/pairs/sio2:cristobalite_beta_minus_quartz_beta/predicted_Tc_K/length,discrete,1,1,0.0,0.0,pass
polynomial,11,metrics/formal_train_window/temp_extrap/pairs/sio2:cristobalite_beta_minus_quartz_beta/predicted_Tc_by_seed_K/0/0,temperature_K,2213.295785388607,2213.2960497387494,0.0002643501425154682,0.05,pass
polynomial,11,metrics/formal_train_window/temp_extrap/pairs/sio2:cristobalite_beta_minus_quartz_beta/predicted_Tc_by_seed_K/0/length,discrete,1,1,0.0,0.0,pass
polynomial,11,metrics/formal_train_window/temp_extrap/pairs/sio2:cristobalite_beta_minus_quartz_beta/predicted_Tc_by_seed_K/length,discrete,1,1,0.0,0.0,pass
polynomial,11,metrics/formal_train_window/temp_extrap/pairs/sio2:cristobalite_beta_minus_quartz_beta/reference_Tc_K/0,temperature_K,1542.7087047758675,1542.7087047758675,0.0,0.05,pass
polynomial,11,metrics/formal_train_window/temp_extrap/pairs/sio2:cristobalite_beta_minus_quartz_beta/reference_Tc_K/length,discrete,1,1,0.0,0.0,pass
polynomial,11,metrics/formal_train_window/temp_extrap/pairs/sio2:cristobalite_beta_minus_quartz_beta/sign_accuracy,ratio,0.593086719223772,0.593086719223772,0.0,0.0,pass
polynomial,11,metrics/formal_train_window/temp_extrap/pairs/sio2:cristobalite_beta_minus_tridymite_p63mmc/Tc_err_from_dG_K/length,discrete,0,0,0.0,0.0,pass
polynomial,11,metrics/formal_train_window/temp_extrap/pairs/sio2:cristobalite_beta_minus_tridymite_p63mmc/Tc_error_K/length,discrete,0,0,0.0,0.0,pass
polynomial,11,metrics/formal_train_window/temp_extrap/pairs/sio2:cristobalite_beta_minus_tridymite_p63mmc/Tc_scatter_K/length,discrete,0,0,0.0,0.0,pass
polynomial,11,metrics/formal_train_window/temp_extrap/pairs/sio2:cristobalite_beta_minus_tridymite_p63mmc/crossing_slope_eV_per_atom_per_K/length,discrete,0,0,0.0,0.0,pass
polynomial,11,metrics/formal_train_window/temp_extrap/pairs/sio2:cristobalite_beta_minus_tridymite_p63mmc/delta_G_MAE_at_crossing_eV_per_atom/length,discrete,0,0,0.0,0.0,pass
polynomial,11,metrics/formal_train_window/temp_extrap/pairs/sio2:cristobalite_beta_minus_tridymite_p63mmc/delta_G_MAE_eV_per_atom,energy_eV_per_atom,0.0032861893417066436,0.003286188115372683,1.2263339605952939e-09,1e-06,pass
polynomial,11,metrics/formal_train_window/temp_extrap/pairs/sio2:cristobalite_beta_minus_tridymite_p63mmc/delta_G_RMSE_eV_per_atom,energy_eV_per_atom,0.003726195607277143,0.003726195209989931,3.972872118090942e-10,1e-06,pass
polynomial,11,metrics/formal_train_window/temp_extrap/pairs/sio2:cristobalite_beta_minus_tridymite_p63mmc/false_crossings,discrete,1,1,0.0,0.0,pass
polynomial,11,metrics/formal_train_window/temp_extrap/pairs/sio2:cristobalite_beta_minus_tridymite_p63mmc/missed_crossings,discrete,0,0,0.0,0.0,pass
polynomial,11,metrics/formal_train_window/temp_extrap/pairs/sio2:cristobalite_beta_minus_tridymite_p63mmc/pair_support,exact_other,test_and_train_partner,test_and_train_partner,,0.0,pass
polynomial,11,metrics/formal_train_window/temp_extrap/pairs/sio2:cristobalite_beta_minus_tridymite_p63mmc/predicted_Tc_K/0,temperature_K,2187.7684675403325,2187.7669830961427,0.0014844441898276273,0.05,pass
polynomial,11,metrics/formal_train_window/temp_extrap/pairs/sio2:cristobalite_beta_minus_tridymite_p63mmc/predicted_Tc_K/length,discrete,1,1,0.0,0.0,pass
polynomial,11,metrics/formal_train_window/temp_extrap/pairs/sio2:cristobalite_beta_minus_tridymite_p63mmc/predicted_Tc_by_seed_K/0/0,temperature_K,2187.7684675403325,2187.7669830961427,0.0014844441898276273,0.05,pass
polynomial,11,metrics/formal_train_window/temp_extrap/pairs/sio2:cristobalite_beta_minus_tridymite_p63mmc/predicted_Tc_by_seed_K/0/length,discrete,1,1,0.0,0.0,pass
polynomial,11,metrics/formal_train_window/temp_extrap/pairs/sio2:cristobalite_beta_minus_tridymite_p63mmc/predicted_Tc_by_seed_K/length,discrete,1,1,0.0,0.0,pass
polynomial,11,metrics/formal_train_window/temp_extrap/pairs/sio2:cristobalite_beta_minus_tridymite_p63mmc/reference_Tc_K/length,discrete,0,0,0.0,0.0,pass
polynomial,11,metrics/formal_train_window/temp_extrap/pairs/sio2:cristobalite_beta_minus_tridymite_p63mmc/sign_accuracy,ratio,0.810794420861128,0.810794420861128,0.0,0.0,pass
polynomial,11,metrics/formal_train_window/temp_extrap/pairs/sio2:quartz_beta_minus_tridymite_p63mmc/Tc_err_from_dG_K/0,temperature_K,3315.7018001921165,3315.708219468788,0.006419276671294938,0.05,pass
polynomial,11,metrics/formal_train_window/temp_extrap/pairs/sio2:quartz_beta_minus_tridymite_p63mmc/Tc_err_from_dG_K/length,discrete,1,1,0.0,0.0,pass
polynomial,11,metrics/formal_train_window/temp_extrap/pairs/sio2:quartz_beta_minus_tridymite_p63mmc/Tc_error_K/0,temperature_K,626.89685919934,626.8969082669121,4.906757203571033e-05,0.05,pass
polynomial,11,metrics/formal_train_window/temp_extrap/pairs/sio2:quartz_beta_minus_tridymite_p63mmc/Tc_error_K/length,discrete,1,1,0.0,0.0,pass
polynomial,11,metrics/formal_train_window/temp_extrap/pairs/sio2:quartz_beta_minus_tridymite_p63mmc/Tc_scatter_K/0,temperature_K,0.0,0.0,0.0,0.05,pass
polynomial,11,metrics/formal_train_window/temp_extrap/pairs/sio2:quartz_beta_minus_tridymite_p63mmc/Tc_scatter_K/length,discrete,1,1,0.0,0.0,pass
polynomial,11,metrics/formal_train_window/temp_extrap/pairs/sio2:quartz_beta_minus_tridymite_p63mmc/crossing_slope_eV_per_atom_per_K/0,energy_eV_per_atom,7.448345272997869e-06,7.448345272997869e-06,0.0,1e-06,pass
polynomial,11,metrics/formal_train_window/temp_extrap/pairs/sio2:quartz_beta_minus_tridymite_p63mmc/crossing_slope_eV_per_atom_per_K/length,discrete,1,1,0.0,0.0,pass
polynomial,11,metrics/formal_train_window/temp_extrap/pairs/sio2:quartz_beta_minus_tridymite_p63mmc/delta_G_MAE_at_crossing_eV_per_atom/0,energy_eV_per_atom,0.02469649183013148,0.02469653964312053,4.7812989050627364e-08,1e-06,pass
polynomial,11,metrics/formal_train_window/temp_extrap/pairs/sio2:quartz_beta_minus_tridymite_p63mmc/delta_G_MAE_at_crossing_eV_per_atom/length,discrete,1,1,0.0,0.0,pass
polynomial,11,metrics/formal_train_window/temp_extrap/pairs/sio2:quartz_beta_minus_tridymite_p63mmc/delta_G_MAE_eV_per_atom,energy_eV_per_atom,0.01911265074322269,0.01911264852025156,2.2229711300891797e-09,1e-06,pass
polynomial,11,metrics/formal_train_window/temp_extrap/pairs/sio2:quartz_beta_minus_tridymite_p63mmc/delta_G_RMSE_eV_per_atom,energy_eV_per_atom,0.021073286663252606,0.021073286205058293,4.581943123527221e-10,1e-06,pass
polynomial,11,metrics/formal_train_window/temp_extrap/pairs/sio2:quartz_beta_minus_tridymite_p63mmc/false_crossings,discrete,0,0,0.0,0.0,pass
polynomial,11,metrics/formal_train_window/temp_extrap/pairs/sio2:quartz_beta_minus_tridymite_p63mmc/missed_crossings,discrete,0,0,0.0,0.0,pass
polynomial,11,metrics/formal_train_window/temp_extrap/pairs/sio2:quartz_beta_minus_tridymite_p63mmc/pair_support,exact_other,test_and_train_partner,test_and_train_partner,,0.0,pass
polynomial,11,metrics/formal_train_window/temp_extrap/pairs/sio2:quartz_beta_minus_tridymite_p63mmc/predicted_Tc_K/0,temperature_K,2209.218410257494,2209.218459325066,4.906757203571033e-05,0.05,pass
polynomial,11,metrics/formal_train_window/temp_extrap/pairs/sio2:quartz_beta_minus_tridymite_p63mmc/predicted_Tc_K/length,discrete,1,1,0.0,0.0,pass
polynomial,11,metrics/formal_train_window/temp_extrap/pairs/sio2:quartz_beta_minus_tridymite_p63mmc/predicted_Tc_by_seed_K/0/0,temperature_K,2209.218410257494,2209.218459325066,4.906757203571033e-05,0.05,pass
polynomial,11,metrics/formal_train_window/temp_extrap/pairs/sio2:quartz_beta_minus_tridymite_p63mmc/predicted_Tc_by_seed_K/0/length,discrete,1,1,0.0,0.0,pass
polynomial,11,metrics/formal_train_window/temp_extrap/pairs/sio2:quartz_beta_minus_tridymite_p63mmc/predicted_Tc_by_seed_K/length,discrete,1,1,0.0,0.0,pass
polynomial,11,metrics/formal_train_window/temp_extrap/pairs/sio2:quartz_beta_minus_tridymite_p63mmc/reference_Tc_K/0,temperature_K,1582.3215510581538,1582.3215510581538,0.0,0.05,pass
polynomial,11,metrics/formal_train_window/temp_extrap/pairs/sio2:quartz_beta_minus_tridymite_p63mmc/reference_Tc_K/length,discrete,1,1,0.0,0.0,pass
polynomial,11,metrics/formal_train_window/temp_extrap/pairs/sio2:quartz_beta_minus_tridymite_p63mmc/sign_accuracy,ratio,0.6197695573074591,0.6197695573074591,0.0,0.0,pass
polynomial,11,metrics/formal_train_window/temp_extrap/seeds/0,exact_other,11,11,0.0,0.0,pass
polynomial,11,metrics/formal_train_window/temp_extrap/seeds/length,discrete,1,1,0.0,0.0,pass
polynomial,11,metrics/heldout_window_audit/full_range/G_MAE_eV_per_atom,energy_eV_per_atom,4.091936229413351,4.09193622978811,3.7475889058669054e-10,1e-06,pass
polynomial,11,metrics/heldout_window_audit/full_range/coverage_2sigma,exact_other,0.0,0.0,0.0,0.0,pass
polynomial,11,metrics/heldout_window_audit/full_range/n_test_frames,exact_other,4947,4947,0.0,0.0,pass
polynomial,11,metrics/heldout_window_audit/full_range/pairs/sio2:cristobalite_beta_minus_quartz_beta/Tc_err_from_dG_K/0,temperature_K,2822.0955424260155,2822.086905806523,0.00863661949233574,0.05,pass
polynomial,11,metrics/heldout_window_audit/full_range/pairs/sio2:cristobalite_beta_minus_quartz_beta/Tc_err_from_dG_K/length,discrete,1,1,0.0,0.0,pass
polynomial,11,metrics/heldout_window_audit/full_range/pairs/sio2:cristobalite_beta_minus_quartz_beta/Tc_error_K/0,temperature_K,670.5870806127502,670.5873449628714,0.0002643501211423427,0.05,pass
polynomial,11,metrics/heldout_window_audit/full_range/pairs/sio2:cristobalite_beta_minus_quartz_beta/Tc_error_K/length,discrete,1,1,0.0,0.0,pass
polynomial,11,metrics/heldout_window_audit/full_range/pairs/sio2:cristobalite_beta_minus_quartz_beta/Tc_scatter_K/0,temperature_K,0.0,0.0,0.0,0.05,pass
polynomial,11,metrics/heldout_window_audit/full_range/pairs/sio2:cristobalite_beta_minus_quartz_beta/Tc_scatter_K/length,discrete,1,1,0.0,0.0,pass
polynomial,11,metrics/heldout_window_audit/full_range/pairs/sio2:cristobalite_beta_minus_quartz_beta/crossing_slope_eV_per_atom_per_K/0,energy_eV_per_atom,7.551407561479095e-06,7.551407561479095e-06,0.0,1e-06,pass
polynomial,11,metrics/heldout_window_audit/full_range/pairs/sio2:cristobalite_beta_minus_quartz_beta/crossing_slope_eV_per_atom_per_K/length,discrete,1,1,0.0,0.0,pass
polynomial,11,metrics/heldout_window_audit/full_range/pairs/sio2:cristobalite_beta_minus_quartz_beta/delta_G_MAE_at_crossing_eV_per_atom/0,energy_eV_per_atom,0.021310793618292263,0.021310728399658523,6.52186337400662e-08,1e-06,pass
polynomial,11,metrics/heldout_window_audit/full_range/pairs/sio2:cristobalite_beta_minus_quartz_beta/delta_G_MAE_at_crossing_eV_per_atom/length,discrete,1,1,0.0,0.0,pass
polynomial,11,metrics/heldout_window_audit/full_range/pairs/sio2:cristobalite_beta_minus_quartz_beta/delta_G_MAE_eV_per_atom,energy_eV_per_atom,0.015966740431725874,0.015966738832806648,1.5989192261867125e-09,1e-06,pass
polynomial,11,metrics/heldout_window_audit/full_range/pairs/sio2:cristobalite_beta_minus_quartz_beta/delta_G_RMSE_eV_per_atom,energy_eV_per_atom,0.017493026036513325,0.0174930253026386,7.338747248786248e-10,1e-06,pass
polynomial,11,metrics/heldout_window_audit/full_range/pairs/sio2:cristobalite_beta_minus_quartz_beta/false_crossings,discrete,0,0,0.0,0.0,pass
polynomial,11,metrics/heldout_window_audit/full_range/pairs/sio2:cristobalite_beta_minus_quartz_beta/missed_crossings,discrete,0,0,0.0,0.0,pass
polynomial,11,metrics/heldout_window_audit/full_range/pairs/sio2:cristobalite_beta_minus_quartz_beta/pair_support,exact_other,test_only,test_only,,0.0,pass
polynomial,11,metrics/heldout_window_audit/full_range/pairs/sio2:cristobalite_beta_minus_quartz_beta/predicted_Tc_K/0,temperature_K,2213.295785388618,2213.296049738739,0.0002643501211423427,0.05,pass
polynomial,11,metrics/heldout_window_audit/full_range/pairs/sio2:cristobalite_beta_minus_quartz_beta/predicted_Tc_K/length,discrete,1,1,0.0,0.0,pass
polynomial,11,metrics/heldout_window_audit/full_range/pairs/sio2:cristobalite_beta_minus_quartz_beta/predicted_Tc_by_seed_K/0/0,temperature_K,2213.295785388618,2213.296049738739,0.0002643501211423427,0.05,pass
polynomial,11,metrics/heldout_window_audit/full_range/pairs/sio2:cristobalite_beta_minus_quartz_beta/predicted_Tc_by_seed_K/0/length,discrete,1,1,0.0,0.0,pass
polynomial,11,metrics/heldout_window_audit/full_range/pairs/sio2:cristobalite_beta_minus_quartz_beta/predicted_Tc_by_seed_K/length,discrete,1,1,0.0,0.0,pass
polynomial,11,metrics/heldout_window_audit/full_range/pairs/sio2:cristobalite_beta_minus_quartz_beta/reference_Tc_K/0,temperature_K,1542.7087047758675,1542.7087047758675,0.0,0.05,pass
polynomial,11,metrics/heldout_window_audit/full_range/pairs/sio2:cristobalite_beta_minus_quartz_beta/reference_Tc_K/length,discrete,1,1,0.0,0.0,pass
polynomial,11,metrics/heldout_window_audit/full_range/pairs/sio2:cristobalite_beta_minus_quartz_beta/sign_accuracy,ratio,0.593086719223772,0.593086719223772,0.0,0.0,pass
polynomial,11,metrics/heldout_window_audit/full_range/pairs/sio2:cristobalite_beta_minus_tridymite_p63mmc/Tc_err_from_dG_K/length,discrete,0,0,0.0,0.0,pass
polynomial,11,metrics/heldout_window_audit/full_range/pairs/sio2:cristobalite_beta_minus_tridymite_p63mmc/Tc_error_K/length,discrete,0,0,0.0,0.0,pass
polynomial,11,metrics/heldout_window_audit/full_range/pairs/sio2:cristobalite_beta_minus_tridymite_p63mmc/Tc_scatter_K/length,discrete,0,0,0.0,0.0,pass
polynomial,11,metrics/heldout_window_audit/full_range/pairs/sio2:cristobalite_beta_minus_tridymite_p63mmc/crossing_slope_eV_per_atom_per_K/length,discrete,0,0,0.0,0.0,pass
polynomial,11,metrics/heldout_window_audit/full_range/pairs/sio2:cristobalite_beta_minus_tridymite_p63mmc/delta_G_MAE_at_crossing_eV_per_atom/length,discrete,0,0,0.0,0.0,pass
polynomial,11,metrics/heldout_window_audit/full_range/pairs/sio2:cristobalite_beta_minus_tridymite_p63mmc/delta_G_MAE_eV_per_atom,energy_eV_per_atom,0.003286189341706593,0.003286188115372706,1.2263338868695461e-09,1e-06,pass
polynomial,11,metrics/heldout_window_audit/full_range/pairs/sio2:cristobalite_beta_minus_tridymite_p63mmc/delta_G_RMSE_eV_per_atom,energy_eV_per_atom,0.003726195607277064,0.0037261952099899996,3.9728706435759875e-10,1e-06,pass
polynomial,11,metrics/heldout_window_audit/full_range/pairs/sio2:cristobalite_beta_minus_tridymite_p63mmc/false_crossings,discrete,1,1,0.0,0.0,pass
polynomial,11,metrics/heldout_window_audit/full_range/pairs/sio2:cristobalite_beta_minus_tridymite_p63mmc/missed_crossings,discrete,0,0,0.0,0.0,pass
polynomial,11,metrics/heldout_window_audit/full_range/pairs/sio2:cristobalite_beta_minus_tridymite_p63mmc/pair_support,exact_other,test_only,test_only,,0.0,pass
polynomial,11,metrics/heldout_window_audit/full_range/pairs/sio2:cristobalite_beta_minus_tridymite_p63mmc/predicted_Tc_K/0,temperature_K,2187.7684675403325,2187.7669830961427,0.0014844441898276273,0.05,pass
polynomial,11,metrics/heldout_window_audit/full_range/pairs/sio2:cristobalite_beta_minus_tridymite_p63mmc/predicted_Tc_K/length,discrete,1,1,0.0,0.0,pass
polynomial,11,metrics/heldout_window_audit/full_range/pairs/sio2:cristobalite_beta_minus_tridymite_p63mmc/predicted_Tc_by_seed_K/0/0,temperature_K,2187.7684675403325,2187.7669830961427,0.0014844441898276273,0.05,pass
polynomial,11,metrics/heldout_window_audit/full_range/pairs/sio2:cristobalite_beta_minus_tridymite_p63mmc/predicted_Tc_by_seed_K/0/length,discrete,1,1,0.0,0.0,pass
polynomial,11,metrics/heldout_window_audit/full_range/pairs/sio2:cristobalite_beta_minus_tridymite_p63mmc/predicted_Tc_by_seed_K/length,discrete,1,1,0.0,0.0,pass
polynomial,11,metrics/heldout_window_audit/full_range/pairs/sio2:cristobalite_beta_minus_tridymite_p63mmc/reference_Tc_K/length,discrete,0,0,0.0,0.0,pass
polynomial,11,metrics/heldout_window_audit/full_range/pairs/sio2:cristobalite_beta_minus_tridymite_p63mmc/sign_accuracy,ratio,0.810794420861128,0.810794420861128,0.0,0.0,pass
polynomial,11,metrics/heldout_window_audit/full_range/pairs/sio2:quartz_beta_minus_tridymite_p63mmc/Tc_err_from_dG_K/0,temperature_K,3315.7018001922784,3315.708219468788,0.006419276509404881,0.05,pass
polynomial,11,metrics/heldout_window_audit/full_range/pairs/sio2:quartz_beta_minus_tridymite_p63mmc/Tc_err_from_dG_K/length,discrete,1,1,0.0,0.0,pass
polynomial,11,metrics/heldout_window_audit/full_range/pairs/sio2:quartz_beta_minus_tridymite_p63mmc/Tc_error_K/0,temperature_K,626.8968591993637,626.8969082669057,4.906754202238517e-05,0.05,pass
polynomial,11,metrics/heldout_window_audit/full_range/pairs/sio2:quartz_beta_minus_tridymite_p63mmc/Tc_error_K/length,discrete,1,1,0.0,0.0,pass
polynomial,11,metrics/heldout_window_audit/full_range/pairs/sio2:quartz_beta_minus_tridymite_p63mmc/Tc_scatter_K/0,temperature_K,0.0,0.0,0.0,0.05,pass
polynomial,11,metrics/heldout_window_audit/full_range/pairs/sio2:quartz_beta_minus_tridymite_p63mmc/Tc_scatter_K/length,discrete,1,1,0.0,0.0,pass
polynomial,11,metrics/heldout_window_audit/full_range/pairs/sio2:quartz_beta_minus_tridymite_p63mmc/crossing_slope_eV_per_atom_per_K/0,energy_eV_per_atom,7.448345272997869e-06,7.448345272997869e-06,0.0,1e-06,pass
polynomial,11,metrics/heldout_window_audit/full_range/pairs/sio2:quartz_beta_minus_tridymite_p63mmc/crossing_slope_eV_per_atom_per_K/length,discrete,1,1,0.0,0.0,pass
polynomial,11,metrics/heldout_window_audit/full_range/pairs/sio2:quartz_beta_minus_tridymite_p63mmc/delta_G_MAE_at_crossing_eV_per_atom/0,energy_eV_per_atom,0.024696491830132682,0.02469653964312053,4.781298784672927e-08,1e-06,pass
polynomial,11,metrics/heldout_window_audit/full_range/pairs/sio2:quartz_beta_minus_tridymite_p63mmc/delta_G_MAE_at_crossing_eV_per_atom/length,discrete,1,1,0.0,0.0,pass
polynomial,11,metrics/heldout_window_audit/full_range/pairs/sio2:quartz_beta_minus_tridymite_p63mmc/delta_G_MAE_eV_per_atom,energy_eV_per_atom,0.019112650743222704,0.019112648520251546,2.2229711578447553e-09,1e-06,pass
polynomial,11,metrics/heldout_window_audit/full_range/pairs/sio2:quartz_beta_minus_tridymite_p63mmc/delta_G_RMSE_eV_per_atom,energy_eV_per_atom,0.021073286663252633,0.021073286205058293,4.5819434010829774e-10,1e-06,pass
polynomial,11,metrics/heldout_window_audit/full_range/pairs/sio2:quartz_beta_minus_tridymite_p63mmc/false_crossings,discrete,0,0,0.0,0.0,pass
polynomial,11,metrics/heldout_window_audit/full_range/pairs/sio2:quartz_beta_minus_tridymite_p63mmc/missed_crossings,discrete,0,0,0.0,0.0,pass
polynomial,11,metrics/heldout_window_audit/full_range/pairs/sio2:quartz_beta_minus_tridymite_p63mmc/pair_support,exact_other,test_only,test_only,,0.0,pass
polynomial,11,metrics/heldout_window_audit/full_range/pairs/sio2:quartz_beta_minus_tridymite_p63mmc/predicted_Tc_K/0,temperature_K,2209.2184102575175,2209.2184593250595,4.906754202238517e-05,0.05,pass
polynomial,11,metrics/heldout_window_audit/full_range/pairs/sio2:quartz_beta_minus_tridymite_p63mmc/predicted_Tc_K/length,discrete,1,1,0.0,0.0,pass
polynomial,11,metrics/heldout_window_audit/full_range/pairs/sio2:quartz_beta_minus_tridymite_p63mmc/predicted_Tc_by_seed_K/0/0,temperature_K,2209.2184102575175,2209.2184593250595,4.906754202238517e-05,0.05,pass
polynomial,11,metrics/heldout_window_audit/full_range/pairs/sio2:quartz_beta_minus_tridymite_p63mmc/predicted_Tc_by_seed_K/0/length,discrete,1,1,0.0,0.0,pass
polynomial,11,metrics/heldout_window_audit/full_range/pairs/sio2:quartz_beta_minus_tridymite_p63mmc/predicted_Tc_by_seed_K/length,discrete,1,1,0.0,0.0,pass
polynomial,11,metrics/heldout_window_audit/full_range/pairs/sio2:quartz_beta_minus_tridymite_p63mmc/reference_Tc_K/0,temperature_K,1582.3215510581538,1582.3215510581538,0.0,0.05,pass
polynomial,11,metrics/heldout_window_audit/full_range/pairs/sio2:quartz_beta_minus_tridymite_p63mmc/reference_Tc_K/length,discrete,1,1,0.0,0.0,pass
polynomial,11,metrics/heldout_window_audit/full_range/pairs/sio2:quartz_beta_minus_tridymite_p63mmc/sign_accuracy,ratio,0.6197695573074591,0.6197695573074591,0.0,0.0,pass
polynomial,11,metrics/heldout_window_audit/full_range/seeds/0,exact_other,11,11,0.0,0.0,pass
polynomial,11,metrics/heldout_window_audit/full_range/seeds/length,discrete,1,1,0.0,0.0,pass
polynomial,11,metrics/heldout_window_audit/temp_extrap/G_MAE_eV_per_atom,energy_eV_per_atom,2.947561881803204,2.947561882203836,4.0063197204176504e-10,1e-06,pass
polynomial,11,metrics/heldout_window_audit/temp_extrap/coverage_2sigma,exact_other,0.0,0.0,0.0,0.0,pass
polynomial,11,metrics/heldout_window_audit/temp_extrap/n_test_frames,exact_other,3171,3171,0.0,0.0,pass
polynomial,11,metrics/heldout_window_audit/temp_extrap/pairs/sio2:cristobalite_beta_minus_quartz_beta/Tc_err_from_dG_K/0,temperature_K,2822.0955424260155,2822.086905806523,0.00863661949233574,0.05,pass
polynomial,11,metrics/heldout_window_audit/temp_extrap/pairs/sio2:cristobalite_beta_minus_quartz_beta/Tc_err_from_dG_K/length,discrete,1,1,0.0,0.0,pass
polynomial,11,metrics/heldout_window_audit/temp_extrap/pairs/sio2:cristobalite_beta_minus_quartz_beta/Tc_error_K/0,temperature_K,670.5870806127502,670.5873449628714,0.0002643501211423427,0.05,pass
polynomial,11,metrics/heldout_window_audit/temp_extrap/pairs/sio2:cristobalite_beta_minus_quartz_beta/Tc_error_K/length,discrete,1,1,0.0,0.0,pass
polynomial,11,metrics/heldout_window_audit/temp_extrap/pairs/sio2:cristobalite_beta_minus_quartz_beta/Tc_scatter_K/0,temperature_K,0.0,0.0,0.0,0.05,pass
polynomial,11,metrics/heldout_window_audit/temp_extrap/pairs/sio2:cristobalite_beta_minus_quartz_beta/Tc_scatter_K/length,discrete,1,1,0.0,0.0,pass
polynomial,11,metrics/heldout_window_audit/temp_extrap/pairs/sio2:cristobalite_beta_minus_quartz_beta/crossing_slope_eV_per_atom_per_K/0,energy_eV_per_atom,7.551407561479095e-06,7.551407561479095e-06,0.0,1e-06,pass
polynomial,11,metrics/heldout_window_audit/temp_extrap/pairs/sio2:cristobalite_beta_minus_quartz_beta/crossing_slope_eV_per_atom_per_K/length,discrete,1,1,0.0,0.0,pass
polynomial,11,metrics/heldout_window_audit/temp_extrap/pairs/sio2:cristobalite_beta_minus_quartz_beta/delta_G_MAE_at_crossing_eV_per_atom/0,energy_eV_per_atom,0.021310793618292263,0.021310728399658523,6.52186337400662e-08,1e-06,pass
polynomial,11,metrics/heldout_window_audit/temp_extrap/pairs/sio2:cristobalite_beta_minus_quartz_beta/delta_G_MAE_at_crossing_eV_per_atom/length,discrete,1,1,0.0,0.0,pass
polynomial,11,metrics/heldout_window_audit/temp_extrap/pairs/sio2:cristobalite_beta_minus_quartz_beta/delta_G_MAE_eV_per_atom,energy_eV_per_atom,0.015966740431725874,0.015966738832806648,1.5989192261867125e-09,1e-06,pass
polynomial,11,metrics/heldout_window_audit/temp_extrap/pairs/sio2:cristobalite_beta_minus_quartz_beta/delta_G_RMSE_eV_per_atom,energy_eV_per_atom,0.017493026036513325,0.0174930253026386,7.338747248786248e-10,1e-06,pass
polynomial,11,metrics/heldout_window_audit/temp_extrap/pairs/sio2:cristobalite_beta_minus_quartz_beta/false_crossings,discrete,0,0,0.0,0.0,pass
polynomial,11,metrics/heldout_window_audit/temp_extrap/pairs/sio2:cristobalite_beta_minus_quartz_beta/missed_crossings,discrete,0,0,0.0,0.0,pass
polynomial,11,metrics/heldout_window_audit/temp_extrap/pairs/sio2:cristobalite_beta_minus_quartz_beta/pair_support,exact_other,test_and_train_partner,test_and_train_partner,,0.0,pass
polynomial,11,metrics/heldout_window_audit/temp_extrap/pairs/sio2:cristobalite_beta_minus_quartz_beta/predicted_Tc_K/0,temperature_K,2213.295785388618,2213.296049738739,0.0002643501211423427,0.05,pass
polynomial,11,metrics/heldout_window_audit/temp_extrap/pairs/sio2:cristobalite_beta_minus_quartz_beta/predicted_Tc_K/length,discrete,1,1,0.0,0.0,pass
polynomial,11,metrics/heldout_window_audit/temp_extrap/pairs/sio2:cristobalite_beta_minus_quartz_beta/predicted_Tc_by_seed_K/0/0,temperature_K,2213.295785388618,2213.296049738739,0.0002643501211423427,0.05,pass
polynomial,11,metrics/heldout_window_audit/temp_extrap/pairs/sio2:cristobalite_beta_minus_quartz_beta/predicted_Tc_by_seed_K/0/length,discrete,1,1,0.0,0.0,pass
polynomial,11,metrics/heldout_window_audit/temp_extrap/pairs/sio2:cristobalite_beta_minus_quartz_beta/predicted_Tc_by_seed_K/length,discrete,1,1,0.0,0.0,pass
polynomial,11,metrics/heldout_window_audit/temp_extrap/pairs/sio2:cristobalite_beta_minus_quartz_beta/reference_Tc_K/0,temperature_K,1542.7087047758675,1542.7087047758675,0.0,0.05,pass
polynomial,11,metrics/heldout_window_audit/temp_extrap/pairs/sio2:cristobalite_beta_minus_quartz_beta/reference_Tc_K/length,discrete,1,1,0.0,0.0,pass
polynomial,11,metrics/heldout_window_audit/temp_extrap/pairs/sio2:cristobalite_beta_minus_quartz_beta/sign_accuracy,ratio,0.593086719223772,0.593086719223772,0.0,0.0,pass
polynomial,11,metrics/heldout_window_audit/temp_extrap/pairs/sio2:cristobalite_beta_minus_tridymite_p63mmc/Tc_err_from_dG_K/length,discrete,0,0,0.0,0.0,pass
polynomial,11,metrics/heldout_window_audit/temp_extrap/pairs/sio2:cristobalite_beta_minus_tridymite_p63mmc/Tc_error_K/length,discrete,0,0,0.0,0.0,pass
polynomial,11,metrics/heldout_window_audit/temp_extrap/pairs/sio2:cristobalite_beta_minus_tridymite_p63mmc/Tc_scatter_K/length,discrete,0,0,0.0,0.0,pass
polynomial,11,metrics/heldout_window_audit/temp_extrap/pairs/sio2:cristobalite_beta_minus_tridymite_p63mmc/crossing_slope_eV_per_atom_per_K/length,discrete,0,0,0.0,0.0,pass
polynomial,11,metrics/heldout_window_audit/temp_extrap/pairs/sio2:cristobalite_beta_minus_tridymite_p63mmc/delta_G_MAE_at_crossing_eV_per_atom/length,discrete,0,0,0.0,0.0,pass
polynomial,11,metrics/heldout_window_audit/temp_extrap/pairs/sio2:cristobalite_beta_minus_tridymite_p63mmc/delta_G_MAE_eV_per_atom,energy_eV_per_atom,0.003286189341706593,0.003286188115372706,1.2263338868695461e-09,1e-06,pass
polynomial,11,metrics/heldout_window_audit/temp_extrap/pairs/sio2:cristobalite_beta_minus_tridymite_p63mmc/delta_G_RMSE_eV_per_atom,energy_eV_per_atom,0.003726195607277064,0.0037261952099899996,3.9728706435759875e-10,1e-06,pass
polynomial,11,metrics/heldout_window_audit/temp_extrap/pairs/sio2:cristobalite_beta_minus_tridymite_p63mmc/false_crossings,discrete,1,1,0.0,0.0,pass
polynomial,11,metrics/heldout_window_audit/temp_extrap/pairs/sio2:cristobalite_beta_minus_tridymite_p63mmc/missed_crossings,discrete,0,0,0.0,0.0,pass
polynomial,11,metrics/heldout_window_audit/temp_extrap/pairs/sio2:cristobalite_beta_minus_tridymite_p63mmc/pair_support,exact_other,test_and_train_partner,test_and_train_partner,,0.0,pass
polynomial,11,metrics/heldout_window_audit/temp_extrap/pairs/sio2:cristobalite_beta_minus_tridymite_p63mmc/predicted_Tc_K/0,temperature_K,2187.7684675403325,2187.7669830961427,0.0014844441898276273,0.05,pass
polynomial,11,metrics/heldout_window_audit/temp_extrap/pairs/sio2:cristobalite_beta_minus_tridymite_p63mmc/predicted_Tc_K/length,discrete,1,1,0.0,0.0,pass
polynomial,11,metrics/heldout_window_audit/temp_extrap/pairs/sio2:cristobalite_beta_minus_tridymite_p63mmc/predicted_Tc_by_seed_K/0/0,temperature_K,2187.7684675403325,2187.7669830961427,0.0014844441898276273,0.05,pass
polynomial,11,metrics/heldout_window_audit/temp_extrap/pairs/sio2:cristobalite_beta_minus_tridymite_p63mmc/predicted_Tc_by_seed_K/0/length,discrete,1,1,0.0,0.0,pass
polynomial,11,metrics/heldout_window_audit/temp_extrap/pairs/sio2:cristobalite_beta_minus_tridymite_p63mmc/predicted_Tc_by_seed_K/length,discrete,1,1,0.0,0.0,pass
polynomial,11,metrics/heldout_window_audit/temp_extrap/pairs/sio2:cristobalite_beta_minus_tridymite_p63mmc/reference_Tc_K/length,discrete,0,0,0.0,0.0,pass
polynomial,11,metrics/heldout_window_audit/temp_extrap/pairs/sio2:cristobalite_beta_minus_tridymite_p63mmc/sign_accuracy,ratio,0.810794420861128,0.810794420861128,0.0,0.0,pass
polynomial,11,metrics/heldout_window_audit/temp_extrap/pairs/sio2:quartz_beta_minus_tridymite_p63mmc/Tc_err_from_dG_K/0,temperature_K,3315.7018001922784,3315.708219468788,0.006419276509404881,0.05,pass
polynomial,11,metrics/heldout_window_audit/temp_extrap/pairs/sio2:quartz_beta_minus_tridymite_p63mmc/Tc_err_from_dG_K/length,discrete,1,1,0.0,0.0,pass
polynomial,11,metrics/heldout_window_audit/temp_extrap/pairs/sio2:quartz_beta_minus_tridymite_p63mmc/Tc_error_K/0,temperature_K,626.8968591993637,626.8969082669057,4.906754202238517e-05,0.05,pass
polynomial,11,metrics/heldout_window_audit/temp_extrap/pairs/sio2:quartz_beta_minus_tridymite_p63mmc/Tc_error_K/length,discrete,1,1,0.0,0.0,pass
polynomial,11,metrics/heldout_window_audit/temp_extrap/pairs/sio2:quartz_beta_minus_tridymite_p63mmc/Tc_scatter_K/0,temperature_K,0.0,0.0,0.0,0.05,pass
polynomial,11,metrics/heldout_window_audit/temp_extrap/pairs/sio2:quartz_beta_minus_tridymite_p63mmc/Tc_scatter_K/length,discrete,1,1,0.0,0.0,pass
polynomial,11,metrics/heldout_window_audit/temp_extrap/pairs/sio2:quartz_beta_minus_tridymite_p63mmc/crossing_slope_eV_per_atom_per_K/0,energy_eV_per_atom,7.448345272997869e-06,7.448345272997869e-06,0.0,1e-06,pass
polynomial,11,metrics/heldout_window_audit/temp_extrap/pairs/sio2:quartz_beta_minus_tridymite_p63mmc/crossing_slope_eV_per_atom_per_K/length,discrete,1,1,0.0,0.0,pass
polynomial,11,metrics/heldout_window_audit/temp_extrap/pairs/sio2:quartz_beta_minus_tridymite_p63mmc/delta_G_MAE_at_crossing_eV_per_atom/0,energy_eV_per_atom,0.024696491830132682,0.02469653964312053,4.781298784672927e-08,1e-06,pass
polynomial,11,metrics/heldout_window_audit/temp_extrap/pairs/sio2:quartz_beta_minus_tridymite_p63mmc/delta_G_MAE_at_crossing_eV_per_atom/length,discrete,1,1,0.0,0.0,pass
polynomial,11,metrics/heldout_window_audit/temp_extrap/pairs/sio2:quartz_beta_minus_tridymite_p63mmc/delta_G_MAE_eV_per_atom,energy_eV_per_atom,0.019112650743222704,0.019112648520251546,2.2229711578447553e-09,1e-06,pass
polynomial,11,metrics/heldout_window_audit/temp_extrap/pairs/sio2:quartz_beta_minus_tridymite_p63mmc/delta_G_RMSE_eV_per_atom,energy_eV_per_atom,0.021073286663252633,0.021073286205058293,4.5819434010829774e-10,1e-06,pass
polynomial,11,metrics/heldout_window_audit/temp_extrap/pairs/sio2:quartz_beta_minus_tridymite_p63mmc/false_crossings,discrete,0,0,0.0,0.0,pass
polynomial,11,metrics/heldout_window_audit/temp_extrap/pairs/sio2:quartz_beta_minus_tridymite_p63mmc/missed_crossings,discrete,0,0,0.0,0.0,pass
polynomial,11,metrics/heldout_window_audit/temp_extrap/pairs/sio2:quartz_beta_minus_tridymite_p63mmc/pair_support,exact_other,test_and_train_partner,test_and_train_partner,,0.0,pass
polynomial,11,metrics/heldout_window_audit/temp_extrap/pairs/sio2:quartz_beta_minus_tridymite_p63mmc/predicted_Tc_K/0,temperature_K,2209.2184102575175,2209.2184593250595,4.906754202238517e-05,0.05,pass
polynomial,11,metrics/heldout_window_audit/temp_extrap/pairs/sio2:quartz_beta_minus_tridymite_p63mmc/predicted_Tc_K/length,discrete,1,1,0.0,0.0,pass
polynomial,11,metrics/heldout_window_audit/temp_extrap/pairs/sio2:quartz_beta_minus_tridymite_p63mmc/predicted_Tc_by_seed_K/0/0,temperature_K,2209.2184102575175,2209.2184593250595,4.906754202238517e-05,0.05,pass
polynomial,11,metrics/heldout_window_audit/temp_extrap/pairs/sio2:quartz_beta_minus_tridymite_p63mmc/predicted_Tc_by_seed_K/0/length,discrete,1,1,0.0,0.0,pass
polynomial,11,metrics/heldout_window_audit/temp_extrap/pairs/sio2:quartz_beta_minus_tridymite_p63mmc/predicted_Tc_by_seed_K/length,discrete,1,1,0.0,0.0,pass
polynomial,11,metrics/heldout_window_audit/temp_extrap/pairs/sio2:quartz_beta_minus_tridymite_p63mmc/reference_Tc_K/0,temperature_K,1582.3215510581538,1582.3215510581538,0.0,0.05,pass
polynomial,11,metrics/heldout_window_audit/temp_extrap/pairs/sio2:quartz_beta_minus_tridymite_p63mmc/reference_Tc_K/length,discrete,1,1,0.0,0.0,pass
polynomial,11,metrics/heldout_window_audit/temp_extrap/pairs/sio2:quartz_beta_minus_tridymite_p63mmc/sign_accuracy,ratio,0.6197695573074591,0.6197695573074591,0.0,0.0,pass
polynomial,11,metrics/heldout_window_audit/temp_extrap/seeds/0,exact_other,11,11,0.0,0.0,pass
polynomial,11,metrics/heldout_window_audit/temp_extrap/seeds/length,discrete,1,1,0.0,0.0,pass
polynomial,11,model_internal_c_system_field,exact_other,None,None,,0.0,pass
polynomial,11,seed,exact_other,11,11,0.0,0.0,pass
polynomial,23,basis,exact_other,polynomial,polynomial,,0.0,pass
polynomial,23,calibration_constants_eV_per_atom/formal_train_window,energy_eV_per_atom,-3.1157032399137985,-3.115703239779888,1.3391066033818788e-10,1e-06,pass
polynomial,23,calibration_constants_eV_per_atom/heldout_window_audit,energy_eV_per_atom,3.0638969093336077,3.0638969095742543,2.4064661374723073e-10,1e-06,pass
polynomial,23,metrics/formal_train_window/full_range/G_MAE_eV_per_atom,energy_eV_per_atom,4.156236169391487,4.156236169532601,1.411137873219559e-10,1e-06,pass
polynomial,23,metrics/formal_train_window/full_range/coverage_2sigma,exact_other,0.0,0.0,0.0,0.0,pass
polynomial,23,metrics/formal_train_window/full_range/n_test_frames,exact_other,4947,4947,0.0,0.0,pass
polynomial,23,metrics/formal_train_window/full_range/pairs/sio2:cristobalite_beta_minus_quartz_beta/Tc_err_from_dG_K/0,temperature_K,2839.585186526175,2839.5837379549866,0.0014485711885754426,0.05,pass
polynomial,23,metrics/formal_train_window/full_range/pairs/sio2:cristobalite_beta_minus_quartz_beta/Tc_err_from_dG_K/length,discrete,1,1,0.0,0.0,pass
polynomial,23,metrics/formal_train_window/full_range/pairs/sio2:cristobalite_beta_minus_quartz_beta/Tc_error_K/0,temperature_K,668.5152115856861,668.5176364839774,0.0024248982913377404,0.05,pass
polynomial,23,metrics/formal_train_window/full_range/pairs/sio2:cristobalite_beta_minus_quartz_beta/Tc_error_K/length,discrete,1,1,0.0,0.0,pass
polynomial,23,metrics/formal_train_window/full_range/pairs/sio2:cristobalite_beta_minus_quartz_beta/Tc_scatter_K/0,temperature_K,0.0,0.0,0.0,0.05,pass
polynomial,23,metrics/formal_train_window/full_range/pairs/sio2:cristobalite_beta_minus_quartz_beta/Tc_scatter_K/length,discrete,1,1,0.0,0.0,pass
polynomial,23,metrics/formal_train_window/full_range/pairs/sio2:cristobalite_beta_minus_quartz_beta/crossing_slope_eV_per_atom_per_K/0,energy_eV_per_atom,7.551407561479095e-06,7.551407561479095e-06,0.0,1e-06,pass
polynomial,23,metrics/formal_train_window/full_range/pairs/sio2:cristobalite_beta_minus_quartz_beta/crossing_slope_eV_per_atom_per_K/length,discrete,1,1,0.0,0.0,pass
polynomial,23,metrics/formal_train_window/full_range/pairs/sio2:cristobalite_beta_minus_quartz_beta/delta_G_MAE_at_crossing_eV_per_atom/0,energy_eV_per_atom,0.021442865048997787,0.02144285411024636,1.0938751425493276e-08,1e-06,pass
polynomial,23,metrics/formal_train_window/full_range/pairs/sio2:cristobalite_beta_minus_quartz_beta/delta_G_MAE_at_crossing_eV_per_atom/length,discrete,1,1,0.0,0.0,pass
polynomial,23,metrics/formal_train_window/full_range/pairs/sio2:cristobalite_beta_minus_quartz_beta/delta_G_MAE_eV_per_atom,energy_eV_per_atom,0.016056115278456774,0.016056114918335862,3.6012091225723353e-10,1e-06,pass
polynomial,23,metrics/formal_train_window/full_range/pairs/sio2:cristobalite_beta_minus_quartz_beta/delta_G_RMSE_eV_per_atom,energy_eV_per_atom,0.0175909810212682,0.01759098126809073,2.4682252769414603e-10,1e-06,pass
polynomial,23,metrics/formal_train_window/full_range/pairs/sio2:cristobalite_beta_minus_quartz_beta/false_crossings,discrete,0,0,0.0,0.0,pass
polynomial,23,metrics/formal_train_window/full_range/pairs/sio2:cristobalite_beta_minus_quartz_beta/missed_crossings,discrete,0,0,0.0,0.0,pass
polynomial,23,metrics/formal_train_window/full_range/pairs/sio2:cristobalite_beta_minus_quartz_beta/pair_support,exact_other,test_only,test_only,,0.0,pass
polynomial,23,metrics/formal_train_window/full_range/pairs/sio2:cristobalite_beta_minus_quartz_beta/predicted_Tc_K/0,temperature_K,2211.2239163615536,2211.226341259845,0.0024248982913377404,0.05,pass
polynomial,23,metrics/formal_train_window/full_range/pairs/sio2:cristobalite_beta_minus_quartz_beta/predicted_Tc_K/length,discrete,1,1,0.0,0.0,pass
polynomial,23,metrics/formal_train_window/full_range/pairs/sio2:cristobalite_beta_minus_quartz_beta/predicted_Tc_by_seed_K/0/0,temperature_K,2211.2239163615536,2211.226341259845,0.0024248982913377404,0.05,pass
polynomial,23,metrics/formal_train_window/full_range/pairs/sio2:cristobalite_beta_minus_quartz_beta/predicted_Tc_by_seed_K/0/length,discrete,1,1,0.0,0.0,pass
polynomial,23,metrics/formal_train_window/full_range/pairs/sio2:cristobalite_beta_minus_quartz_beta/predicted_Tc_by_seed_K/length,discrete,1,1,0.0,0.0,pass
polynomial,23,metrics/formal_train_window/full_range/pairs/sio2:cristobalite_beta_minus_quartz_beta/reference_Tc_K/0,temperature_K,1542.7087047758675,1542.7087047758675,0.0,0.05,pass
polynomial,23,metrics/formal_train_window/full_range/pairs/sio2:cristobalite_beta_minus_quartz_beta/reference_Tc_K/length,discrete,1,1,0.0,0.0,pass
polynomial,23,metrics/formal_train_window/full_range/pairs/sio2:cristobalite_beta_minus_quartz_beta/sign_accuracy,ratio,0.5942995755003032,0.5942995755003032,0.0,0.0,pass
polynomial,23,metrics/formal_train_window/full_range/pairs/sio2:cristobalite_beta_minus_tridymite_p63mmc/Tc_err_from_dG_K/length,discrete,0,0,0.0,0.0,pass
polynomial,23,metrics/formal_train_window/full_range/pairs/sio2:cristobalite_beta_minus_tridymite_p63mmc/Tc_error_K/length,discrete,0,0,0.0,0.0,pass
polynomial,23,metrics/formal_train_window/full_range/pairs/sio2:cristobalite_beta_minus_tridymite_p63mmc/Tc_scatter_K/length,discrete,0,0,0.0,0.0,pass
polynomial,23,metrics/formal_train_window/full_range/pairs/sio2:cristobalite_beta_minus_tridymite_p63mmc/crossing_slope_eV_per_atom_per_K/length,discrete,0,0,0.0,0.0,pass
polynomial,23,metrics/formal_train_window/full_range/pairs/sio2:cristobalite_beta_minus_tridymite_p63mmc/delta_G_MAE_at_crossing_eV_per_atom/length,discrete,0,0,0.0,0.0,pass
polynomial,23,metrics/formal_train_window/full_range/pairs/sio2:cristobalite_beta_minus_tridymite_p63mmc/delta_G_MAE_eV_per_atom,energy_eV_per_atom,0.003279477985620101,0.0032794794589318587,1.4733117577499233e-09,1e-06,pass
polynomial,23,metrics/formal_train_window/full_range/pairs/sio2:cristobalite_beta_minus_tridymite_p63mmc/delta_G_RMSE_eV_per_atom,energy_eV_per_atom,0.0037158800246801685,0.0037158814288728715,1.4041927030861157e-09,1e-06,pass
polynomial,23,metrics/formal_train_window/full_range/pairs/sio2:cristobalite_beta_minus_tridymite_p63mmc/false_crossings,discrete,1,1,0.0,0.0,pass
polynomial,23,metrics/formal_train_window/full_range/pairs/sio2:cristobalite_beta_minus_tridymite_p63mmc/missed_crossings,discrete,0,0,0.0,0.0,pass
polynomial,23,metrics/formal_train_window/full_range/pairs/sio2:cristobalite_beta_minus_tridymite_p63mmc/pair_support,exact_other,test_only,test_only,,0.0,pass
polynomial,23,metrics/formal_train_window/full_range/pairs/sio2:cristobalite_beta_minus_tridymite_p63mmc/predicted_Tc_K/0,temperature_K,2184.043701742993,2184.036247749729,0.007453993264334713,0.05,pass
polynomial,23,metrics/formal_train_window/full_range/pairs/sio2:cristobalite_beta_minus_tridymite_p63mmc/predicted_Tc_K/length,discrete,1,1,0.0,0.0,pass
polynomial,23,metrics/formal_train_window/full_range/pairs/sio2:cristobalite_beta_minus_tridymite_p63mmc/predicted_Tc_by_seed_K/0/0,temperature_K,2184.043701742993,2184.036247749729,0.007453993264334713,0.05,pass
polynomial,23,metrics/formal_train_window/full_range/pairs/sio2:cristobalite_beta_minus_tridymite_p63mmc/predicted_Tc_by_seed_K/0/length,discrete,1,1,0.0,0.0,pass
polynomial,23,metrics/formal_train_window/full_range/pairs/sio2:cristobalite_beta_minus_tridymite_p63mmc/predicted_Tc_by_seed_K/length,discrete,1,1,0.0,0.0,pass
polynomial,23,metrics/formal_train_window/full_range/pairs/sio2:cristobalite_beta_minus_tridymite_p63mmc/reference_Tc_K/length,discrete,0,0,0.0,0.0,pass
polynomial,23,metrics/formal_train_window/full_range/pairs/sio2:cristobalite_beta_minus_tridymite_p63mmc/sign_accuracy,ratio,0.8089751364463311,0.8089751364463311,0.0,0.0,pass
polynomial,23,metrics/formal_train_window/full_range/pairs/sio2:quartz_beta_minus_tridymite_p63mmc/Tc_err_from_dG_K/0,temperature_K,3330.586715088782,3330.5832146248326,0.003500463949421828,0.05,pass
polynomial,23,metrics/formal_train_window/full_range/pairs/sio2:quartz_beta_minus_tridymite_p63mmc/Tc_err_from_dG_K/length,discrete,1,1,0.0,0.0,pass
polynomial,23,metrics/formal_train_window/full_range/pairs/sio2:quartz_beta_minus_tridymite_p63mmc/Tc_error_K/0,temperature_K,624.5872335850474,624.5853656187958,0.0018679662516660756,0.05,pass
polynomial,23,metrics/formal_train_window/full_range/pairs/sio2:quartz_beta_minus_tridymite_p63mmc/Tc_error_K/length,discrete,1,1,0.0,0.0,pass
polynomial,23,metrics/formal_train_window/full_range/pairs/sio2:quartz_beta_minus_tridymite_p63mmc/Tc_scatter_K/0,temperature_K,0.0,0.0,0.0,0.05,pass
polynomial,23,metrics/formal_train_window/full_range/pairs/sio2:quartz_beta_minus_tridymite_p63mmc/Tc_scatter_K/length,discrete,1,1,0.0,0.0,pass
polynomial,23,metrics/formal_train_window/full_range/pairs/sio2:quartz_beta_minus_tridymite_p63mmc/crossing_slope_eV_per_atom_per_K/0,energy_eV_per_atom,7.448345272997869e-06,7.448345272997869e-06,0.0,1e-06,pass
polynomial,23,metrics/formal_train_window/full_range/pairs/sio2:quartz_beta_minus_tridymite_p63mmc/crossing_slope_eV_per_atom_per_K/length,discrete,1,1,0.0,0.0,pass
polynomial,23,metrics/formal_train_window/full_range/pairs/sio2:quartz_beta_minus_tridymite_p63mmc/delta_G_MAE_at_crossing_eV_per_atom/0,energy_eV_per_atom,0.02480735981564103,0.02480733374297692,2.607266411103204e-08,1e-06,pass
polynomial,23,metrics/formal_train_window/full_range/pairs/sio2:quartz_beta_minus_tridymite_p63mmc/delta_G_MAE_at_crossing_eV_per_atom/length,discrete,1,1,0.0,0.0,pass
polynomial,23,metrics/formal_train_window/full_range/pairs/sio2:quartz_beta_minus_tridymite_p63mmc/delta_G_MAE_eV_per_atom,energy_eV_per_atom,0.01919473799578014,0.019194738378240383,3.824602440305469e-10,1e-06,pass
polynomial,23,metrics/formal_train_window/full_range/pairs/sio2:quartz_beta_minus_tridymite_p63mmc/delta_G_RMSE_eV_per_atom,energy_eV_per_atom,0.02115967831650294,0.021159679895780555,1.5792776149325949e-09,1e-06,pass
polynomial,23,metrics/formal_train_window/full_range/pairs/sio2:quartz_beta_minus_tridymite_p63mmc/false_crossings,discrete,0,0,0.0,0.0,pass
polynomial,23,metrics/formal_train_window/full_range/pairs/sio2:quartz_beta_minus_tridymite_p63mmc/missed_crossings,discrete,0,0,0.0,0.0,pass
polynomial,23,metrics/formal_train_window/full_range/pairs/sio2:quartz_beta_minus_tridymite_p63mmc/pair_support,exact_other,test_only,test_only,,0.0,pass
polynomial,23,metrics/formal_train_window/full_range/pairs/sio2:quartz_beta_minus_tridymite_p63mmc/predicted_Tc_K/0,temperature_K,2206.908784643201,2206.9069166769495,0.0018679662516660756,0.05,pass
polynomial,23,metrics/formal_train_window/full_range/pairs/sio2:quartz_beta_minus_tridymite_p63mmc/predicted_Tc_K/length,discrete,1,1,0.0,0.0,pass
polynomial,23,metrics/formal_train_window/full_range/pairs/sio2:quartz_beta_minus_tridymite_p63mmc/predicted_Tc_by_seed_K/0/0,temperature_K,2206.908784643201,2206.9069166769495,0.0018679662516660756,0.05,pass
polynomial,23,metrics/formal_train_window/full_range/pairs/sio2:quartz_beta_minus_tridymite_p63mmc/predicted_Tc_by_seed_K/0/length,discrete,1,1,0.0,0.0,pass
polynomial,23,metrics/formal_train_window/full_range/pairs/sio2:quartz_beta_minus_tridymite_p63mmc/predicted_Tc_by_seed_K/length,discrete,1,1,0.0,0.0,pass
polynomial,23,metrics/formal_train_window/full_range/pairs/sio2:quartz_beta_minus_tridymite_p63mmc/reference_Tc_K/0,temperature_K,1582.3215510581538,1582.3215510581538,0.0,0.05,pass
polynomial,23,metrics/formal_train_window/full_range/pairs/sio2:quartz_beta_minus_tridymite_p63mmc/reference_Tc_K/length,discrete,1,1,0.0,0.0,pass
polynomial,23,metrics/formal_train_window/full_range/pairs/sio2:quartz_beta_minus_tridymite_p63mmc/sign_accuracy,ratio,0.6215888417222559,0.6215888417222559,0.0,0.0,pass
polynomial,23,metrics/formal_train_window/full_range/seeds/0,exact_other,23,23,0.0,0.0,pass
polynomial,23,metrics/formal_train_window/full_range/seeds/length,discrete,1,1,0.0,0.0,pass
polynomial,23,metrics/formal_train_window/temp_extrap/G_MAE_eV_per_atom,energy_eV_per_atom,6.179600149247405,6.179600149354141,1.0673595340904285e-10,1e-06,pass
polynomial,23,metrics/formal_train_window/temp_extrap/coverage_2sigma,exact_other,0.0,0.0,0.0,0.0,pass
polynomial,23,metrics/formal_train_window/temp_extrap/n_test_frames,exact_other,3171,3171,0.0,0.0,pass
polynomial,23,metrics/formal_train_window/temp_extrap/pairs/sio2:cristobalite_beta_minus_quartz_beta/Tc_err_from_dG_K/0,temperature_K,2839.585186526175,2839.5837379549866,0.0014485711885754426,0.05,pass
polynomial,23,metrics/formal_train_window/temp_extrap/pairs/sio2:cristobalite_beta_minus_quartz_beta/Tc_err_from_dG_K/length,discrete,1,1,0.0,0.0,pass
polynomial,23,metrics/formal_train_window/temp_extrap/pairs/sio2:cristobalite_beta_minus_quartz_beta/Tc_error_K/0,temperature_K,668.5152115856861,668.5176364839774,0.0024248982913377404,0.05,pass
polynomial,23,metrics/formal_train_window/temp_extrap/pairs/sio2:cristobalite_beta_minus_quartz_beta/Tc_error_K/length,discrete,1,1,0.0,0.0,pass
polynomial,23,metrics/formal_train_window/temp_extrap/pairs/sio2:cristobalite_beta_minus_quartz_beta/Tc_scatter_K/0,temperature_K,0.0,0.0,0.0,0.05,pass
polynomial,23,metrics/formal_train_window/temp_extrap/pairs/sio2:cristobalite_beta_minus_quartz_beta/Tc_scatter_K/length,discrete,1,1,0.0,0.0,pass
polynomial,23,metrics/formal_train_window/temp_extrap/pairs/sio2:cristobalite_beta_minus_quartz_beta/crossing_slope_eV_per_atom_per_K/0,energy_eV_per_atom,7.551407561479095e-06,7.551407561479095e-06,0.0,1e-06,pass
polynomial,23,metrics/formal_train_window/temp_extrap/pairs/sio2:cristobalite_beta_minus_quartz_beta/crossing_slope_eV_per_atom_per_K/length,discrete,1,1,0.0,0.0,pass
polynomial,23,metrics/formal_train_window/temp_extrap/pairs/sio2:cristobalite_beta_minus_quartz_beta/delta_G_MAE_at_crossing_eV_per_atom/0,energy_eV_per_atom,0.021442865048997787,0.02144285411024636,1.0938751425493276e-08,1e-06,pass
polynomial,23,metrics/formal_train_window/temp_extrap/pairs/sio2:cristobalite_beta_minus_quartz_beta/delta_G_MAE_at_crossing_eV_per_atom/length,discrete,1,1,0.0,0.0,pass
polynomial,23,metrics/formal_train_window/temp_extrap/pairs/sio2:cristobalite_beta_minus_quartz_beta/delta_G_MAE_eV_per_atom,energy_eV_per_atom,0.016056115278456774,0.016056114918335862,3.6012091225723353e-10,1e-06,pass
polynomial,23,metrics/formal_train_window/temp_extrap/pairs/sio2:cristobalite_beta_minus_quartz_beta/delta_G_RMSE_eV_per_atom,energy_eV_per_atom,0.0175909810212682,0.01759098126809073,2.4682252769414603e-10,1e-06,pass
polynomial,23,metrics/formal_train_window/temp_extrap/pairs/sio2:cristobalite_beta_minus_quartz_beta/false_crossings,discrete,0,0,0.0,0.0,pass
polynomial,23,metrics/formal_train_window/temp_extrap/pairs/sio2:cristobalite_beta_minus_quartz_beta/missed_crossings,discrete,0,0,0.0,0.0,pass
polynomial,23,metrics/formal_train_window/temp_extrap/pairs/sio2:cristobalite_beta_minus_quartz_beta/pair_support,exact_other,test_and_train_partner,test_and_train_partner,,0.0,pass
polynomial,23,metrics/formal_train_window/temp_extrap/pairs/sio2:cristobalite_beta_minus_quartz_beta/predicted_Tc_K/0,temperature_K,2211.2239163615536,2211.226341259845,0.0024248982913377404,0.05,pass
polynomial,23,metrics/formal_train_window/temp_extrap/pairs/sio2:cristobalite_beta_minus_quartz_beta/predicted_Tc_K/length,discrete,1,1,0.0,0.0,pass
polynomial,23,metrics/formal_train_window/temp_extrap/pairs/sio2:cristobalite_beta_minus_quartz_beta/predicted_Tc_by_seed_K/0/0,temperature_K,2211.2239163615536,2211.226341259845,0.0024248982913377404,0.05,pass
polynomial,23,metrics/formal_train_window/temp_extrap/pairs/sio2:cristobalite_beta_minus_quartz_beta/predicted_Tc_by_seed_K/0/length,discrete,1,1,0.0,0.0,pass
polynomial,23,metrics/formal_train_window/temp_extrap/pairs/sio2:cristobalite_beta_minus_quartz_beta/predicted_Tc_by_seed_K/length,discrete,1,1,0.0,0.0,pass
polynomial,23,metrics/formal_train_window/temp_extrap/pairs/sio2:cristobalite_beta_minus_quartz_beta/reference_Tc_K/0,temperature_K,1542.7087047758675,1542.7087047758675,0.0,0.05,pass
polynomial,23,metrics/formal_train_window/temp_extrap/pairs/sio2:cristobalite_beta_minus_quartz_beta/reference_Tc_K/length,discrete,1,1,0.0,0.0,pass
polynomial,23,metrics/formal_train_window/temp_extrap/pairs/sio2:cristobalite_beta_minus_quartz_beta/sign_accuracy,ratio,0.5942995755003032,0.5942995755003032,0.0,0.0,pass
polynomial,23,metrics/formal_train_window/temp_extrap/pairs/sio2:cristobalite_beta_minus_tridymite_p63mmc/Tc_err_from_dG_K/length,discrete,0,0,0.0,0.0,pass
polynomial,23,metrics/formal_train_window/temp_extrap/pairs/sio2:cristobalite_beta_minus_tridymite_p63mmc/Tc_error_K/length,discrete,0,0,0.0,0.0,pass
polynomial,23,metrics/formal_train_window/temp_extrap/pairs/sio2:cristobalite_beta_minus_tridymite_p63mmc/Tc_scatter_K/length,discrete,0,0,0.0,0.0,pass
polynomial,23,metrics/formal_train_window/temp_extrap/pairs/sio2:cristobalite_beta_minus_tridymite_p63mmc/crossing_slope_eV_per_atom_per_K/length,discrete,0,0,0.0,0.0,pass
polynomial,23,metrics/formal_train_window/temp_extrap/pairs/sio2:cristobalite_beta_minus_tridymite_p63mmc/delta_G_MAE_at_crossing_eV_per_atom/length,discrete,0,0,0.0,0.0,pass
polynomial,23,metrics/formal_train_window/temp_extrap/pairs/sio2:cristobalite_beta_minus_tridymite_p63mmc/delta_G_MAE_eV_per_atom,energy_eV_per_atom,0.003279477985620101,0.0032794794589318587,1.4733117577499233e-09,1e-06,pass
polynomial,23,metrics/formal_train_window/temp_extrap/pairs/sio2:cristobalite_beta_minus_tridymite_p63mmc/delta_G_RMSE_eV_per_atom,energy_eV_per_atom,0.0037158800246801685,0.0037158814288728715,1.4041927030861157e-09,1e-06,pass
polynomial,23,metrics/formal_train_window/temp_extrap/pairs/sio2:cristobalite_beta_minus_tridymite_p63mmc/false_crossings,discrete,1,1,0.0,0.0,pass
polynomial,23,metrics/formal_train_window/temp_extrap/pairs/sio2:cristobalite_beta_minus_tridymite_p63mmc/missed_crossings,discrete,0,0,0.0,0.0,pass
polynomial,23,metrics/formal_train_window/temp_extrap/pairs/sio2:cristobalite_beta_minus_tridymite_p63mmc/pair_support,exact_other,test_and_train_partner,test_and_train_partner,,0.0,pass
polynomial,23,metrics/formal_train_window/temp_extrap/pairs/sio2:cristobalite_beta_minus_tridymite_p63mmc/predicted_Tc_K/0,temperature_K,2184.043701742993,2184.036247749729,0.007453993264334713,0.05,pass
polynomial,23,metrics/formal_train_window/temp_extrap/pairs/sio2:cristobalite_beta_minus_tridymite_p63mmc/predicted_Tc_K/length,discrete,1,1,0.0,0.0,pass
polynomial,23,metrics/formal_train_window/temp_extrap/pairs/sio2:cristobalite_beta_minus_tridymite_p63mmc/predicted_Tc_by_seed_K/0/0,temperature_K,2184.043701742993,2184.036247749729,0.007453993264334713,0.05,pass
polynomial,23,metrics/formal_train_window/temp_extrap/pairs/sio2:cristobalite_beta_minus_tridymite_p63mmc/predicted_Tc_by_seed_K/0/length,discrete,1,1,0.0,0.0,pass
polynomial,23,metrics/formal_train_window/temp_extrap/pairs/sio2:cristobalite_beta_minus_tridymite_p63mmc/predicted_Tc_by_seed_K/length,discrete,1,1,0.0,0.0,pass
polynomial,23,metrics/formal_train_window/temp_extrap/pairs/sio2:cristobalite_beta_minus_tridymite_p63mmc/reference_Tc_K/length,discrete,0,0,0.0,0.0,pass
polynomial,23,metrics/formal_train_window/temp_extrap/pairs/sio2:cristobalite_beta_minus_tridymite_p63mmc/sign_accuracy,ratio,0.8089751364463311,0.8089751364463311,0.0,0.0,pass
polynomial,23,metrics/formal_train_window/temp_extrap/pairs/sio2:quartz_beta_minus_tridymite_p63mmc/Tc_err_from_dG_K/0,temperature_K,3330.586715088782,3330.5832146248326,0.003500463949421828,0.05,pass
polynomial,23,metrics/formal_train_window/temp_extrap/pairs/sio2:quartz_beta_minus_tridymite_p63mmc/Tc_err_from_dG_K/length,discrete,1,1,0.0,0.0,pass
polynomial,23,metrics/formal_train_window/temp_extrap/pairs/sio2:quartz_beta_minus_tridymite_p63mmc/Tc_error_K/0,temperature_K,624.5872335850474,624.5853656187958,0.0018679662516660756,0.05,pass
polynomial,23,metrics/formal_train_window/temp_extrap/pairs/sio2:quartz_beta_minus_tridymite_p63mmc/Tc_error_K/length,discrete,1,1,0.0,0.0,pass
polynomial,23,metrics/formal_train_window/temp_extrap/pairs/sio2:quartz_beta_minus_tridymite_p63mmc/Tc_scatter_K/0,temperature_K,0.0,0.0,0.0,0.05,pass
polynomial,23,metrics/formal_train_window/temp_extrap/pairs/sio2:quartz_beta_minus_tridymite_p63mmc/Tc_scatter_K/length,discrete,1,1,0.0,0.0,pass
polynomial,23,metrics/formal_train_window/temp_extrap/pairs/sio2:quartz_beta_minus_tridymite_p63mmc/crossing_slope_eV_per_atom_per_K/0,energy_eV_per_atom,7.448345272997869e-06,7.448345272997869e-06,0.0,1e-06,pass
polynomial,23,metrics/formal_train_window/temp_extrap/pairs/sio2:quartz_beta_minus_tridymite_p63mmc/crossing_slope_eV_per_atom_per_K/length,discrete,1,1,0.0,0.0,pass
polynomial,23,metrics/formal_train_window/temp_extrap/pairs/sio2:quartz_beta_minus_tridymite_p63mmc/delta_G_MAE_at_crossing_eV_per_atom/0,energy_eV_per_atom,0.02480735981564103,0.02480733374297692,2.607266411103204e-08,1e-06,pass
polynomial,23,metrics/formal_train_window/temp_extrap/pairs/sio2:quartz_beta_minus_tridymite_p63mmc/delta_G_MAE_at_crossing_eV_per_atom/length,discrete,1,1,0.0,0.0,pass
polynomial,23,metrics/formal_train_window/temp_extrap/pairs/sio2:quartz_beta_minus_tridymite_p63mmc/delta_G_MAE_eV_per_atom,energy_eV_per_atom,0.01919473799578014,0.019194738378240383,3.824602440305469e-10,1e-06,pass
polynomial,23,metrics/formal_train_window/temp_extrap/pairs/sio2:quartz_beta_minus_tridymite_p63mmc/delta_G_RMSE_eV_per_atom,energy_eV_per_atom,0.02115967831650294,0.021159679895780555,1.5792776149325949e-09,1e-06,pass
polynomial,23,metrics/formal_train_window/temp_extrap/pairs/sio2:quartz_beta_minus_tridymite_p63mmc/false_crossings,discrete,0,0,0.0,0.0,pass
polynomial,23,metrics/formal_train_window/temp_extrap/pairs/sio2:quartz_beta_minus_tridymite_p63mmc/missed_crossings,discrete,0,0,0.0,0.0,pass
polynomial,23,metrics/formal_train_window/temp_extrap/pairs/sio2:quartz_beta_minus_tridymite_p63mmc/pair_support,exact_other,test_and_train_partner,test_and_train_partner,,0.0,pass
polynomial,23,metrics/formal_train_window/temp_extrap/pairs/sio2:quartz_beta_minus_tridymite_p63mmc/predicted_Tc_K/0,temperature_K,2206.908784643201,2206.9069166769495,0.0018679662516660756,0.05,pass
polynomial,23,metrics/formal_train_window/temp_extrap/pairs/sio2:quartz_beta_minus_tridymite_p63mmc/predicted_Tc_K/length,discrete,1,1,0.0,0.0,pass
polynomial,23,metrics/formal_train_window/temp_extrap/pairs/sio2:quartz_beta_minus_tridymite_p63mmc/predicted_Tc_by_seed_K/0/0,temperature_K,2206.908784643201,2206.9069166769495,0.0018679662516660756,0.05,pass
polynomial,23,metrics/formal_train_window/temp_extrap/pairs/sio2:quartz_beta_minus_tridymite_p63mmc/predicted_Tc_by_seed_K/0/length,discrete,1,1,0.0,0.0,pass
polynomial,23,metrics/formal_train_window/temp_extrap/pairs/sio2:quartz_beta_minus_tridymite_p63mmc/predicted_Tc_by_seed_K/length,discrete,1,1,0.0,0.0,pass
polynomial,23,metrics/formal_train_window/temp_extrap/pairs/sio2:quartz_beta_minus_tridymite_p63mmc/reference_Tc_K/0,temperature_K,1582.3215510581538,1582.3215510581538,0.0,0.05,pass
polynomial,23,metrics/formal_train_window/temp_extrap/pairs/sio2:quartz_beta_minus_tridymite_p63mmc/reference_Tc_K/length,discrete,1,1,0.0,0.0,pass
polynomial,23,metrics/formal_train_window/temp_extrap/pairs/sio2:quartz_beta_minus_tridymite_p63mmc/sign_accuracy,ratio,0.6215888417222559,0.6215888417222559,0.0,0.0,pass
polynomial,23,metrics/formal_train_window/temp_extrap/seeds/0,exact_other,23,23,0.0,0.0,pass
polynomial,23,metrics/formal_train_window/temp_extrap/seeds/length,discrete,1,1,0.0,0.0,pass
polynomial,23,metrics/heldout_window_audit/full_range/G_MAE_eV_per_atom,energy_eV_per_atom,4.120008502322939,4.120008501967396,3.5554315047647833e-10,1e-06,pass
polynomial,23,metrics/heldout_window_audit/full_range/coverage_2sigma,exact_other,0.0,0.0,0.0,0.0,pass
polynomial,23,metrics/heldout_window_audit/full_range/n_test_frames,exact_other,4947,4947,0.0,0.0,pass
polynomial,23,metrics/heldout_window_audit/full_range/pairs/sio2:cristobalite_beta_minus_quartz_beta/Tc_err_from_dG_K/0,temperature_K,2839.585186526175,2839.5837379549866,0.0014485711885754426,0.05,pass
polynomial,23,metrics/heldout_window_audit/full_range/pairs/sio2:cristobalite_beta_minus_quartz_beta/Tc_err_from_dG_K/length,discrete,1,1,0.0,0.0,pass
polynomial,23,metrics/heldout_window_audit/full_range/pairs/sio2:cristobalite_beta_minus_quartz_beta/Tc_error_K/0,temperature_K,668.5152115856861,668.5176364839774,0.0024248982913377404,0.05,pass
polynomial,23,metrics/heldout_window_audit/full_range/pairs/sio2:cristobalite_beta_minus_quartz_beta/Tc_error_K/length,discrete,1,1,0.0,0.0,pass
polynomial,23,metrics/heldout_window_audit/full_range/pairs/sio2:cristobalite_beta_minus_quartz_beta/Tc_scatter_K/0,temperature_K,0.0,0.0,0.0,0.05,pass
polynomial,23,metrics/heldout_window_audit/full_range/pairs/sio2:cristobalite_beta_minus_quartz_beta/Tc_scatter_K/length,discrete,1,1,0.0,0.0,pass
polynomial,23,metrics/heldout_window_audit/full_range/pairs/sio2:cristobalite_beta_minus_quartz_beta/crossing_slope_eV_per_atom_per_K/0,energy_eV_per_atom,7.551407561479095e-06,7.551407561479095e-06,0.0,1e-06,pass
polynomial,23,metrics/heldout_window_audit/full_range/pairs/sio2:cristobalite_beta_minus_quartz_beta/crossing_slope_eV_per_atom_per_K/length,discrete,1,1,0.0,0.0,pass
polynomial,23,metrics/heldout_window_audit/full_range/pairs/sio2:cristobalite_beta_minus_quartz_beta/delta_G_MAE_at_crossing_eV_per_atom/0,energy_eV_per_atom,0.021442865048997787,0.02144285411024636,1.0938751425493276e-08,1e-06,pass
polynomial,23,metrics/heldout_window_audit/full_range/pairs/sio2:cristobalite_beta_minus_quartz_beta/delta_G_MAE_at_crossing_eV_per_atom/length,discrete,1,1,0.0,0.0,pass
polynomial,23,metrics/heldout_window_audit/full_range/pairs/sio2:cristobalite_beta_minus_quartz_beta/delta_G_MAE_eV_per_atom,energy_eV_per_atom,0.016056115278456663,0.01605611491833583,3.6012083245995363e-10,1e-06,pass
polynomial,23,metrics/heldout_window_audit/full_range/pairs/sio2:cristobalite_beta_minus_quartz_beta/delta_G_RMSE_eV_per_atom,energy_eV_per_atom,0.01759098102126811,0.017590981268090656,2.468225450413808e-10,1e-06,pass
polynomial,23,metrics/heldout_window_audit/full_range/pairs/sio2:cristobalite_beta_minus_quartz_beta/false_crossings,discrete,0,0,0.0,0.0,pass
polynomial,23,metrics/heldout_window_audit/full_range/pairs/sio2:cristobalite_beta_minus_quartz_beta/missed_crossings,discrete,0,0,0.0,0.0,pass
polynomial,23,metrics/heldout_window_audit/full_range/pairs/sio2:cristobalite_beta_minus_quartz_beta/pair_support,exact_other,test_only,test_only,,0.0,pass
polynomial,23,metrics/heldout_window_audit/full_range/pairs/sio2:cristobalite_beta_minus_quartz_beta/predicted_Tc_K/0,temperature_K,2211.2239163615536,2211.226341259845,0.0024248982913377404,0.05,pass
polynomial,23,metrics/heldout_window_audit/full_range/pairs/sio2:cristobalite_beta_minus_quartz_beta/predicted_Tc_K/length,discrete,1,1,0.0,0.0,pass
polynomial,23,metrics/heldout_window_audit/full_range/pairs/sio2:cristobalite_beta_minus_quartz_beta/predicted_Tc_by_seed_K/0/0,temperature_K,2211.2239163615536,2211.226341259845,0.0024248982913377404,0.05,pass
polynomial,23,metrics/heldout_window_audit/full_range/pairs/sio2:cristobalite_beta_minus_quartz_beta/predicted_Tc_by_seed_K/0/length,discrete,1,1,0.0,0.0,pass
polynomial,23,metrics/heldout_window_audit/full_range/pairs/sio2:cristobalite_beta_minus_quartz_beta/predicted_Tc_by_seed_K/length,discrete,1,1,0.0,0.0,pass
polynomial,23,metrics/heldout_window_audit/full_range/pairs/sio2:cristobalite_beta_minus_quartz_beta/reference_Tc_K/0,temperature_K,1542.7087047758675,1542.7087047758675,0.0,0.05,pass
polynomial,23,metrics/heldout_window_audit/full_range/pairs/sio2:cristobalite_beta_minus_quartz_beta/reference_Tc_K/length,discrete,1,1,0.0,0.0,pass
polynomial,23,metrics/heldout_window_audit/full_range/pairs/sio2:cristobalite_beta_minus_quartz_beta/sign_accuracy,ratio,0.5942995755003032,0.5942995755003032,0.0,0.0,pass
polynomial,23,metrics/heldout_window_audit/full_range/pairs/sio2:cristobalite_beta_minus_tridymite_p63mmc/Tc_err_from_dG_K/length,discrete,0,0,0.0,0.0,pass
polynomial,23,metrics/heldout_window_audit/full_range/pairs/sio2:cristobalite_beta_minus_tridymite_p63mmc/Tc_error_K/length,discrete,0,0,0.0,0.0,pass
polynomial,23,metrics/heldout_window_audit/full_range/pairs/sio2:cristobalite_beta_minus_tridymite_p63mmc/Tc_scatter_K/length,discrete,0,0,0.0,0.0,pass
polynomial,23,metrics/heldout_window_audit/full_range/pairs/sio2:cristobalite_beta_minus_tridymite_p63mmc/crossing_slope_eV_per_atom_per_K/length,discrete,0,0,0.0,0.0,pass
polynomial,23,metrics/heldout_window_audit/full_range/pairs/sio2:cristobalite_beta_minus_tridymite_p63mmc/delta_G_MAE_at_crossing_eV_per_atom/length,discrete,0,0,0.0,0.0,pass
polynomial,23,metrics/heldout_window_audit/full_range/pairs/sio2:cristobalite_beta_minus_tridymite_p63mmc/delta_G_MAE_eV_per_atom,energy_eV_per_atom,0.003279477985620141,0.0032794794589319242,1.4733117833370946e-09,1e-06,pass
polynomial,23,metrics/heldout_window_audit/full_range/pairs/sio2:cristobalite_beta_minus_tridymite_p63mmc/delta_G_RMSE_eV_per_atom,energy_eV_per_atom,0.003715880024680237,0.0037158814288729557,1.404192718698627e-09,1e-06,pass
polynomial,23,metrics/heldout_window_audit/full_range/pairs/sio2:cristobalite_beta_minus_tridymite_p63mmc/false_crossings,discrete,1,1,0.0,0.0,pass
polynomial,23,metrics/heldout_window_audit/full_range/pairs/sio2:cristobalite_beta_minus_tridymite_p63mmc/missed_crossings,discrete,0,0,0.0,0.0,pass
polynomial,23,metrics/heldout_window_audit/full_range/pairs/sio2:cristobalite_beta_minus_tridymite_p63mmc/pair_support,exact_other,test_only,test_only,,0.0,pass
polynomial,23,metrics/heldout_window_audit/full_range/pairs/sio2:cristobalite_beta_minus_tridymite_p63mmc/predicted_Tc_K/0,temperature_K,2184.0437017428203,2184.0362477497215,0.007453993098806677,0.05,pass
polynomial,23,metrics/heldout_window_audit/full_range/pairs/sio2:cristobalite_beta_minus_tridymite_p63mmc/predicted_Tc_K/length,discrete,1,1,0.0,0.0,pass
polynomial,23,metrics/heldout_window_audit/full_range/pairs/sio2:cristobalite_beta_minus_tridymite_p63mmc/predicted_Tc_by_seed_K/0/0,temperature_K,2184.0437017428203,2184.0362477497215,0.007453993098806677,0.05,pass
polynomial,23,metrics/heldout_window_audit/full_range/pairs/sio2:cristobalite_beta_minus_tridymite_p63mmc/predicted_Tc_by_seed_K/0/length,discrete,1,1,0.0,0.0,pass
polynomial,23,metrics/heldout_window_audit/full_range/pairs/sio2:cristobalite_beta_minus_tridymite_p63mmc/predicted_Tc_by_seed_K/length,discrete,1,1,0.0,0.0,pass
polynomial,23,metrics/heldout_window_audit/full_range/pairs/sio2:cristobalite_beta_minus_tridymite_p63mmc/reference_Tc_K/length,discrete,0,0,0.0,0.0,pass
polynomial,23,metrics/heldout_window_audit/full_range/pairs/sio2:cristobalite_beta_minus_tridymite_p63mmc/sign_accuracy,ratio,0.8089751364463311,0.8089751364463311,0.0,0.0,pass
polynomial,23,metrics/heldout_window_audit/full_range/pairs/sio2:quartz_beta_minus_tridymite_p63mmc/Tc_err_from_dG_K/0,temperature_K,3330.586715088782,3330.5832146248326,0.003500463949421828,0.05,pass
polynomial,23,metrics/heldout_window_audit/full_range/pairs/sio2:quartz_beta_minus_tridymite_p63mmc/Tc_err_from_dG_K/length,discrete,1,1,0.0,0.0,pass
polynomial,23,metrics/heldout_window_audit/full_range/pairs/sio2:quartz_beta_minus_tridymite_p63mmc/Tc_error_K/0,temperature_K,624.587233585072,624.5853656187685,0.0018679663035072736,0.05,pass
polynomial,23,metrics/heldout_window_audit/full_range/pairs/sio2:quartz_beta_minus_tridymite_p63mmc/Tc_error_K/length,discrete,1,1,0.0,0.0,pass
polynomial,23,metrics/heldout_window_audit/full_range/pairs/sio2:quartz_beta_minus_tridymite_p63mmc/Tc_scatter_K/0,temperature_K,0.0,0.0,0.0,0.05,pass
polynomial,23,metrics/heldout_window_audit/full_range/pairs/sio2:quartz_beta_minus_tridymite_p63mmc/Tc_scatter_K/length,discrete,1,1,0.0,0.0,pass
polynomial,23,metrics/heldout_window_audit/full_range/pairs/sio2:quartz_beta_minus_tridymite_p63mmc/crossing_slope_eV_per_atom_per_K/0,energy_eV_per_atom,7.448345272997869e-06,7.448345272997869e-06,0.0,1e-06,pass
polynomial,23,metrics/heldout_window_audit/full_range/pairs/sio2:quartz_beta_minus_tridymite_p63mmc/crossing_slope_eV_per_atom_per_K/length,discrete,1,1,0.0,0.0,pass
polynomial,23,metrics/heldout_window_audit/full_range/pairs/sio2:quartz_beta_minus_tridymite_p63mmc/delta_G_MAE_at_crossing_eV_per_atom/0,energy_eV_per_atom,0.02480735981564103,0.02480733374297692,2.607266411103204e-08,1e-06,pass
polynomial,23,metrics/heldout_window_audit/full_range/pairs/sio2:quartz_beta_minus_tridymite_p63mmc/delta_G_MAE_at_crossing_eV_per_atom/length,discrete,1,1,0.0,0.0,pass
polynomial,23,metrics/heldout_window_audit/full_range/pairs/sio2:quartz_beta_minus_tridymite_p63mmc/delta_G_MAE_eV_per_atom,energy_eV_per_atom,0.01919473799578012,0.019194738378240393,3.824602717861225e-10,1e-06,pass
polynomial,23,metrics/heldout_window_audit/full_range/pairs/sio2:quartz_beta_minus_tridymite_p63mmc/delta_G_RMSE_eV_per_atom,energy_eV_per_atom,0.02115967831650293,0.02115967989578055,1.5792776218714888e-09,1e-06,pass
polynomial,23,metrics/heldout_window_audit/full_range/pairs/sio2:quartz_beta_minus_tridymite_p63mmc/false_crossings,discrete,0,0,0.0,0.0,pass
polynomial,23,metrics/heldout_window_audit/full_range/pairs/sio2:quartz_beta_minus_tridymite_p63mmc/missed_crossings,discrete,0,0,0.0,0.0,pass
polynomial,23,metrics/heldout_window_audit/full_range/pairs/sio2:quartz_beta_minus_tridymite_p63mmc/pair_support,exact_other,test_only,test_only,,0.0,pass
polynomial,23,metrics/heldout_window_audit/full_range/pairs/sio2:quartz_beta_minus_tridymite_p63mmc/predicted_Tc_K/0,temperature_K,2206.9087846432258,2206.9069166769223,0.0018679663035072736,0.05,pass
polynomial,23,metrics/heldout_window_audit/full_range/pairs/sio2:quartz_beta_minus_tridymite_p63mmc/predicted_Tc_K/length,discrete,1,1,0.0,0.0,pass
polynomial,23,metrics/heldout_window_audit/full_range/pairs/sio2:quartz_beta_minus_tridymite_p63mmc/predicted_Tc_by_seed_K/0/0,temperature_K,2206.9087846432258,2206.9069166769223,0.0018679663035072736,0.05,pass
polynomial,23,metrics/heldout_window_audit/full_range/pairs/sio2:quartz_beta_minus_tridymite_p63mmc/predicted_Tc_by_seed_K/0/length,discrete,1,1,0.0,0.0,pass
polynomial,23,metrics/heldout_window_audit/full_range/pairs/sio2:quartz_beta_minus_tridymite_p63mmc/predicted_Tc_by_seed_K/length,discrete,1,1,0.0,0.0,pass
polynomial,23,metrics/heldout_window_audit/full_range/pairs/sio2:quartz_beta_minus_tridymite_p63mmc/reference_Tc_K/0,temperature_K,1582.3215510581538,1582.3215510581538,0.0,0.05,pass
polynomial,23,metrics/heldout_window_audit/full_range/pairs/sio2:quartz_beta_minus_tridymite_p63mmc/reference_Tc_K/length,discrete,1,1,0.0,0.0,pass
polynomial,23,metrics/heldout_window_audit/full_range/pairs/sio2:quartz_beta_minus_tridymite_p63mmc/sign_accuracy,ratio,0.6215888417222559,0.6215888417222559,0.0,0.0,pass
polynomial,23,metrics/heldout_window_audit/full_range/seeds/0,exact_other,23,23,0.0,0.0,pass
polynomial,23,metrics/heldout_window_audit/full_range/seeds/length,discrete,1,1,0.0,0.0,pass
polynomial,23,metrics/heldout_window_audit/temp_extrap/G_MAE_eV_per_atom,energy_eV_per_atom,2.9664812979905983,2.9664812973761423,6.144560416032618e-10,1e-06,pass
polynomial,23,metrics/heldout_window_audit/temp_extrap/coverage_2sigma,exact_other,0.0,0.0,0.0,0.0,pass
polynomial,23,metrics/heldout_window_audit/temp_extrap/n_test_frames,exact_other,3171,3171,0.0,0.0,pass
polynomial,23,metrics/heldout_window_audit/temp_extrap/pairs/sio2:cristobalite_beta_minus_quartz_beta/Tc_err_from_dG_K/0,temperature_K,2839.585186526175,2839.5837379549866,0.0014485711885754426,0.05,pass
polynomial,23,metrics/heldout_window_audit/temp_extrap/pairs/sio2:cristobalite_beta_minus_quartz_beta/Tc_err_from_dG_K/length,discrete,1,1,0.0,0.0,pass
polynomial,23,metrics/heldout_window_audit/temp_extrap/pairs/sio2:cristobalite_beta_minus_quartz_beta/Tc_error_K/0,temperature_K,668.5152115856861,668.5176364839774,0.0024248982913377404,0.05,pass
polynomial,23,metrics/heldout_window_audit/temp_extrap/pairs/sio2:cristobalite_beta_minus_quartz_beta/Tc_error_K/length,discrete,1,1,0.0,0.0,pass
polynomial,23,metrics/heldout_window_audit/temp_extrap/pairs/sio2:cristobalite_beta_minus_quartz_beta/Tc_scatter_K/0,temperature_K,0.0,0.0,0.0,0.05,pass
polynomial,23,metrics/heldout_window_audit/temp_extrap/pairs/sio2:cristobalite_beta_minus_quartz_beta/Tc_scatter_K/length,discrete,1,1,0.0,0.0,pass
polynomial,23,metrics/heldout_window_audit/temp_extrap/pairs/sio2:cristobalite_beta_minus_quartz_beta/crossing_slope_eV_per_atom_per_K/0,energy_eV_per_atom,7.551407561479095e-06,7.551407561479095e-06,0.0,1e-06,pass
polynomial,23,metrics/heldout_window_audit/temp_extrap/pairs/sio2:cristobalite_beta_minus_quartz_beta/crossing_slope_eV_per_atom_per_K/length,discrete,1,1,0.0,0.0,pass
polynomial,23,metrics/heldout_window_audit/temp_extrap/pairs/sio2:cristobalite_beta_minus_quartz_beta/delta_G_MAE_at_crossing_eV_per_atom/0,energy_eV_per_atom,0.021442865048997787,0.02144285411024636,1.0938751425493276e-08,1e-06,pass
polynomial,23,metrics/heldout_window_audit/temp_extrap/pairs/sio2:cristobalite_beta_minus_quartz_beta/delta_G_MAE_at_crossing_eV_per_atom/length,discrete,1,1,0.0,0.0,pass
polynomial,23,metrics/heldout_window_audit/temp_extrap/pairs/sio2:cristobalite_beta_minus_quartz_beta/delta_G_MAE_eV_per_atom,energy_eV_per_atom,0.016056115278456663,0.01605611491833583,3.6012083245995363e-10,1e-06,pass
polynomial,23,metrics/heldout_window_audit/temp_extrap/pairs/sio2:cristobalite_beta_minus_quartz_beta/delta_G_RMSE_eV_per_atom,energy_eV_per_atom,0.01759098102126811,0.017590981268090656,2.468225450413808e-10,1e-06,pass
polynomial,23,metrics/heldout_window_audit/temp_extrap/pairs/sio2:cristobalite_beta_minus_quartz_beta/false_crossings,discrete,0,0,0.0,0.0,pass
polynomial,23,metrics/heldout_window_audit/temp_extrap/pairs/sio2:cristobalite_beta_minus_quartz_beta/missed_crossings,discrete,0,0,0.0,0.0,pass
polynomial,23,metrics/heldout_window_audit/temp_extrap/pairs/sio2:cristobalite_beta_minus_quartz_beta/pair_support,exact_other,test_and_train_partner,test_and_train_partner,,0.0,pass
polynomial,23,metrics/heldout_window_audit/temp_extrap/pairs/sio2:cristobalite_beta_minus_quartz_beta/predicted_Tc_K/0,temperature_K,2211.2239163615536,2211.226341259845,0.0024248982913377404,0.05,pass
polynomial,23,metrics/heldout_window_audit/temp_extrap/pairs/sio2:cristobalite_beta_minus_quartz_beta/predicted_Tc_K/length,discrete,1,1,0.0,0.0,pass
polynomial,23,metrics/heldout_window_audit/temp_extrap/pairs/sio2:cristobalite_beta_minus_quartz_beta/predicted_Tc_by_seed_K/0/0,temperature_K,2211.2239163615536,2211.226341259845,0.0024248982913377404,0.05,pass
polynomial,23,metrics/heldout_window_audit/temp_extrap/pairs/sio2:cristobalite_beta_minus_quartz_beta/predicted_Tc_by_seed_K/0/length,discrete,1,1,0.0,0.0,pass
polynomial,23,metrics/heldout_window_audit/temp_extrap/pairs/sio2:cristobalite_beta_minus_quartz_beta/predicted_Tc_by_seed_K/length,discrete,1,1,0.0,0.0,pass
polynomial,23,metrics/heldout_window_audit/temp_extrap/pairs/sio2:cristobalite_beta_minus_quartz_beta/reference_Tc_K/0,temperature_K,1542.7087047758675,1542.7087047758675,0.0,0.05,pass
polynomial,23,metrics/heldout_window_audit/temp_extrap/pairs/sio2:cristobalite_beta_minus_quartz_beta/reference_Tc_K/length,discrete,1,1,0.0,0.0,pass
polynomial,23,metrics/heldout_window_audit/temp_extrap/pairs/sio2:cristobalite_beta_minus_quartz_beta/sign_accuracy,ratio,0.5942995755003032,0.5942995755003032,0.0,0.0,pass
polynomial,23,metrics/heldout_window_audit/temp_extrap/pairs/sio2:cristobalite_beta_minus_tridymite_p63mmc/Tc_err_from_dG_K/length,discrete,0,0,0.0,0.0,pass
polynomial,23,metrics/heldout_window_audit/temp_extrap/pairs/sio2:cristobalite_beta_minus_tridymite_p63mmc/Tc_error_K/length,discrete,0,0,0.0,0.0,pass
polynomial,23,metrics/heldout_window_audit/temp_extrap/pairs/sio2:cristobalite_beta_minus_tridymite_p63mmc/Tc_scatter_K/length,discrete,0,0,0.0,0.0,pass
polynomial,23,metrics/heldout_window_audit/temp_extrap/pairs/sio2:cristobalite_beta_minus_tridymite_p63mmc/crossing_slope_eV_per_atom_per_K/length,discrete,0,0,0.0,0.0,pass
polynomial,23,metrics/heldout_window_audit/temp_extrap/pairs/sio2:cristobalite_beta_minus_tridymite_p63mmc/delta_G_MAE_at_crossing_eV_per_atom/length,discrete,0,0,0.0,0.0,pass
polynomial,23,metrics/heldout_window_audit/temp_extrap/pairs/sio2:cristobalite_beta_minus_tridymite_p63mmc/delta_G_MAE_eV_per_atom,energy_eV_per_atom,0.003279477985620141,0.0032794794589319242,1.4733117833370946e-09,1e-06,pass
polynomial,23,metrics/heldout_window_audit/temp_extrap/pairs/sio2:cristobalite_beta_minus_tridymite_p63mmc/delta_G_RMSE_eV_per_atom,energy_eV_per_atom,0.003715880024680237,0.0037158814288729557,1.404192718698627e-09,1e-06,pass
polynomial,23,metrics/heldout_window_audit/temp_extrap/pairs/sio2:cristobalite_beta_minus_tridymite_p63mmc/false_crossings,discrete,1,1,0.0,0.0,pass
polynomial,23,metrics/heldout_window_audit/temp_extrap/pairs/sio2:cristobalite_beta_minus_tridymite_p63mmc/missed_crossings,discrete,0,0,0.0,0.0,pass
polynomial,23,metrics/heldout_window_audit/temp_extrap/pairs/sio2:cristobalite_beta_minus_tridymite_p63mmc/pair_support,exact_other,test_and_train_partner,test_and_train_partner,,0.0,pass
polynomial,23,metrics/heldout_window_audit/temp_extrap/pairs/sio2:cristobalite_beta_minus_tridymite_p63mmc/predicted_Tc_K/0,temperature_K,2184.0437017428203,2184.0362477497215,0.007453993098806677,0.05,pass
polynomial,23,metrics/heldout_window_audit/temp_extrap/pairs/sio2:cristobalite_beta_minus_tridymite_p63mmc/predicted_Tc_K/length,discrete,1,1,0.0,0.0,pass
polynomial,23,metrics/heldout_window_audit/temp_extrap/pairs/sio2:cristobalite_beta_minus_tridymite_p63mmc/predicted_Tc_by_seed_K/0/0,temperature_K,2184.0437017428203,2184.0362477497215,0.007453993098806677,0.05,pass
polynomial,23,metrics/heldout_window_audit/temp_extrap/pairs/sio2:cristobalite_beta_minus_tridymite_p63mmc/predicted_Tc_by_seed_K/0/length,discrete,1,1,0.0,0.0,pass
polynomial,23,metrics/heldout_window_audit/temp_extrap/pairs/sio2:cristobalite_beta_minus_tridymite_p63mmc/predicted_Tc_by_seed_K/length,discrete,1,1,0.0,0.0,pass
polynomial,23,metrics/heldout_window_audit/temp_extrap/pairs/sio2:cristobalite_beta_minus_tridymite_p63mmc/reference_Tc_K/length,discrete,0,0,0.0,0.0,pass
polynomial,23,metrics/heldout_window_audit/temp_extrap/pairs/sio2:cristobalite_beta_minus_tridymite_p63mmc/sign_accuracy,ratio,0.8089751364463311,0.8089751364463311,0.0,0.0,pass
polynomial,23,metrics/heldout_window_audit/temp_extrap/pairs/sio2:quartz_beta_minus_tridymite_p63mmc/Tc_err_from_dG_K/0,temperature_K,3330.586715088782,3330.5832146248326,0.003500463949421828,0.05,pass
polynomial,23,metrics/heldout_window_audit/temp_extrap/pairs/sio2:quartz_beta_minus_tridymite_p63mmc/Tc_err_from_dG_K/length,discrete,1,1,0.0,0.0,pass
polynomial,23,metrics/heldout_window_audit/temp_extrap/pairs/sio2:quartz_beta_minus_tridymite_p63mmc/Tc_error_K/0,temperature_K,624.587233585072,624.5853656187685,0.0018679663035072736,0.05,pass
polynomial,23,metrics/heldout_window_audit/temp_extrap/pairs/sio2:quartz_beta_minus_tridymite_p63mmc/Tc_error_K/length,discrete,1,1,0.0,0.0,pass
polynomial,23,metrics/heldout_window_audit/temp_extrap/pairs/sio2:quartz_beta_minus_tridymite_p63mmc/Tc_scatter_K/0,temperature_K,0.0,0.0,0.0,0.05,pass
polynomial,23,metrics/heldout_window_audit/temp_extrap/pairs/sio2:quartz_beta_minus_tridymite_p63mmc/Tc_scatter_K/length,discrete,1,1,0.0,0.0,pass
polynomial,23,metrics/heldout_window_audit/temp_extrap/pairs/sio2:quartz_beta_minus_tridymite_p63mmc/crossing_slope_eV_per_atom_per_K/0,energy_eV_per_atom,7.448345272997869e-06,7.448345272997869e-06,0.0,1e-06,pass
polynomial,23,metrics/heldout_window_audit/temp_extrap/pairs/sio2:quartz_beta_minus_tridymite_p63mmc/crossing_slope_eV_per_atom_per_K/length,discrete,1,1,0.0,0.0,pass
polynomial,23,metrics/heldout_window_audit/temp_extrap/pairs/sio2:quartz_beta_minus_tridymite_p63mmc/delta_G_MAE_at_crossing_eV_per_atom/0,energy_eV_per_atom,0.02480735981564103,0.02480733374297692,2.607266411103204e-08,1e-06,pass
polynomial,23,metrics/heldout_window_audit/temp_extrap/pairs/sio2:quartz_beta_minus_tridymite_p63mmc/delta_G_MAE_at_crossing_eV_per_atom/length,discrete,1,1,0.0,0.0,pass
polynomial,23,metrics/heldout_window_audit/temp_extrap/pairs/sio2:quartz_beta_minus_tridymite_p63mmc/delta_G_MAE_eV_per_atom,energy_eV_per_atom,0.01919473799578012,0.019194738378240393,3.824602717861225e-10,1e-06,pass
polynomial,23,metrics/heldout_window_audit/temp_extrap/pairs/sio2:quartz_beta_minus_tridymite_p63mmc/delta_G_RMSE_eV_per_atom,energy_eV_per_atom,0.02115967831650293,0.02115967989578055,1.5792776218714888e-09,1e-06,pass
polynomial,23,metrics/heldout_window_audit/temp_extrap/pairs/sio2:quartz_beta_minus_tridymite_p63mmc/false_crossings,discrete,0,0,0.0,0.0,pass
polynomial,23,metrics/heldout_window_audit/temp_extrap/pairs/sio2:quartz_beta_minus_tridymite_p63mmc/missed_crossings,discrete,0,0,0.0,0.0,pass
polynomial,23,metrics/heldout_window_audit/temp_extrap/pairs/sio2:quartz_beta_minus_tridymite_p63mmc/pair_support,exact_other,test_and_train_partner,test_and_train_partner,,0.0,pass
polynomial,23,metrics/heldout_window_audit/temp_extrap/pairs/sio2:quartz_beta_minus_tridymite_p63mmc/predicted_Tc_K/0,temperature_K,2206.9087846432258,2206.9069166769223,0.0018679663035072736,0.05,pass
polynomial,23,metrics/heldout_window_audit/temp_extrap/pairs/sio2:quartz_beta_minus_tridymite_p63mmc/predicted_Tc_K/length,discrete,1,1,0.0,0.0,pass
polynomial,23,metrics/heldout_window_audit/temp_extrap/pairs/sio2:quartz_beta_minus_tridymite_p63mmc/predicted_Tc_by_seed_K/0/0,temperature_K,2206.9087846432258,2206.9069166769223,0.0018679663035072736,0.05,pass
polynomial,23,metrics/heldout_window_audit/temp_extrap/pairs/sio2:quartz_beta_minus_tridymite_p63mmc/predicted_Tc_by_seed_K/0/length,discrete,1,1,0.0,0.0,pass
polynomial,23,metrics/heldout_window_audit/temp_extrap/pairs/sio2:quartz_beta_minus_tridymite_p63mmc/predicted_Tc_by_seed_K/length,discrete,1,1,0.0,0.0,pass
polynomial,23,metrics/heldout_window_audit/temp_extrap/pairs/sio2:quartz_beta_minus_tridymite_p63mmc/reference_Tc_K/0,temperature_K,1582.3215510581538,1582.3215510581538,0.0,0.05,pass
polynomial,23,metrics/heldout_window_audit/temp_extrap/pairs/sio2:quartz_beta_minus_tridymite_p63mmc/reference_Tc_K/length,discrete,1,1,0.0,0.0,pass
polynomial,23,metrics/heldout_window_audit/temp_extrap/pairs/sio2:quartz_beta_minus_tridymite_p63mmc/sign_accuracy,ratio,0.6215888417222559,0.6215888417222559,0.0,0.0,pass
polynomial,23,metrics/heldout_window_audit/temp_extrap/seeds/0,exact_other,23,23,0.0,0.0,pass
polynomial,23,metrics/heldout_window_audit/temp_extrap/seeds/length,discrete,1,1,0.0,0.0,pass
polynomial,23,model_internal_c_system_field,exact_other,None,None,,0.0,pass
polynomial,23,seed,exact_other,23,23,0.0,0.0,pass
polynomial,37,basis,exact_other,polynomial,polynomial,,0.0,pass
polynomial,37,calibration_constants_eV_per_atom/formal_train_window,energy_eV_per_atom,-3.120655257162142,-3.1206552572242243,6.20823392694092e-11,1e-06,pass
polynomial,37,calibration_constants_eV_per_atom/heldout_window_audit,energy_eV_per_atom,3.0430663871101706,3.043066387343985,2.338143012536875e-10,1e-06,pass
polynomial,37,metrics/formal_train_window/full_range/G_MAE_eV_per_atom,energy_eV_per_atom,4.14544108063875,4.145441080726964,8.821388064461644e-11,1e-06,pass
polynomial,37,metrics/formal_train_window/full_range/coverage_2sigma,exact_other,0.0,0.0,0.0,0.0,pass
polynomial,37,metrics/formal_train_window/full_range/n_test_frames,exact_other,4947,4947,0.0,0.0,pass
polynomial,37,metrics/formal_train_window/full_range/pairs/sio2:cristobalite_beta_minus_quartz_beta/Tc_err_from_dG_K/0,temperature_K,2845.6954502647127,2845.695775113925,0.0003248492121201707,0.05,pass
polynomial,37,metrics/formal_train_window/full_range/pairs/sio2:cristobalite_beta_minus_quartz_beta/Tc_err_from_dG_K/length,discrete,1,1,0.0,0.0,pass
polynomial,37,metrics/formal_train_window/full_range/pairs/sio2:cristobalite_beta_minus_quartz_beta/Tc_error_K/0,temperature_K,667.9766346576623,667.9772375179639,0.0006028603015693079,0.05,pass
polynomial,37,metrics/formal_train_window/full_range/pairs/sio2:cristobalite_beta_minus_quartz_beta/Tc_error_K/length,discrete,1,1,0.0,0.0,pass
polynomial,37,metrics/formal_train_window/full_range/pairs/sio2:cristobalite_beta_minus_quartz_beta/Tc_scatter_K/0,temperature_K,0.0,0.0,0.0,0.05,pass
polynomial,37,metrics/formal_train_window/full_range/pairs/sio2:cristobalite_beta_minus_quartz_beta/Tc_scatter_K/length,discrete,1,1,0.0,0.0,pass
polynomial,37,metrics/formal_train_window/full_range/pairs/sio2:cristobalite_beta_minus_quartz_beta/crossing_slope_eV_per_atom_per_K/0,energy_eV_per_atom,7.551407561479095e-06,7.551407561479095e-06,0.0,1e-06,pass
polynomial,37,metrics/formal_train_window/full_range/pairs/sio2:cristobalite_beta_minus_quartz_beta/crossing_slope_eV_per_atom_per_K/length,discrete,1,1,0.0,0.0,pass
polynomial,37,metrics/formal_train_window/full_range/pairs/sio2:cristobalite_beta_minus_quartz_beta/delta_G_MAE_at_crossing_eV_per_atom/0,energy_eV_per_atom,0.02148900614079561,0.021489008593864406,2.4530687967039277e-09,1e-06,pass
polynomial,37,metrics/formal_train_window/full_range/pairs/sio2:cristobalite_beta_minus_quartz_beta/delta_G_MAE_at_crossing_eV_per_atom/length,discrete,1,1,0.0,0.0,pass
polynomial,37,metrics/formal_train_window/full_range/pairs/sio2:cristobalite_beta_minus_quartz_beta/delta_G_MAE_eV_per_atom,energy_eV_per_atom,0.016089406305114087,0.016089403551177904,2.7539361832640274e-09,1e-06,pass
polynomial,37,metrics/formal_train_window/full_range/pairs/sio2:cristobalite_beta_minus_quartz_beta/delta_G_RMSE_eV_per_atom,energy_eV_per_atom,0.01762807911252996,0.01762807755502469,1.5575052705885106e-09,1e-06,pass
polynomial,37,metrics/formal_train_window/full_range/pairs/sio2:cristobalite_beta_minus_quartz_beta/false_crossings,discrete,0,0,0.0,0.0,pass
polynomial,37,metrics/formal_train_window/full_range/pairs/sio2:cristobalite_beta_minus_quartz_beta/missed_crossings,discrete,0,0,0.0,0.0,pass
polynomial,37,metrics/formal_train_window/full_range/pairs/sio2:cristobalite_beta_minus_quartz_beta/pair_support,exact_other,test_only,test_only,,0.0,pass
polynomial,37,metrics/formal_train_window/full_range/pairs/sio2:cristobalite_beta_minus_quartz_beta/predicted_Tc_K/0,temperature_K,2210.68533943353,2210.6859422938314,0.0006028603015693079,0.05,pass
polynomial,37,metrics/formal_train_window/full_range/pairs/sio2:cristobalite_beta_minus_quartz_beta/predicted_Tc_K/length,discrete,1,1,0.0,0.0,pass
polynomial,37,metrics/formal_train_window/full_range/pairs/sio2:cristobalite_beta_minus_quartz_beta/predicted_Tc_by_seed_K/0/0,temperature_K,2210.68533943353,2210.6859422938314,0.0006028603015693079,0.05,pass
polynomial,37,metrics/formal_train_window/full_range/pairs/sio2:cristobalite_beta_minus_quartz_beta/predicted_Tc_by_seed_K/0/length,discrete,1,1,0.0,0.0,pass
polynomial,37,metrics/formal_train_window/full_range/pairs/sio2:cristobalite_beta_minus_quartz_beta/predicted_Tc_by_seed_K/length,discrete,1,1,0.0,0.0,pass
polynomial,37,metrics/formal_train_window/full_range/pairs/sio2:cristobalite_beta_minus_quartz_beta/reference_Tc_K/0,temperature_K,1542.7087047758675,1542.7087047758675,0.0,0.05,pass
polynomial,37,metrics/formal_train_window/full_range/pairs/sio2:cristobalite_beta_minus_quartz_beta/reference_Tc_K/length,discrete,1,1,0.0,0.0,pass
polynomial,37,metrics/formal_train_window/full_range/pairs/sio2:cristobalite_beta_minus_quartz_beta/sign_accuracy,ratio,0.5949060036385688,0.5949060036385688,0.0,0.0,pass
polynomial,37,metrics/formal_train_window/full_range/pairs/sio2:cristobalite_beta_minus_tridymite_p63mmc/Tc_err_from_dG_K/length,discrete,0,0,0.0,0.0,pass
polynomial,37,metrics/formal_train_window/full_range/pairs/sio2:cristobalite_beta_minus_tridymite_p63mmc/Tc_error_K/length,discrete,0,0,0.0,0.0,pass
polynomial,37,metrics/formal_train_window/full_range/pairs/sio2:cristobalite_beta_minus_tridymite_p63mmc/Tc_scatter_K/length,discrete,0,0,0.0,0.0,pass
polynomial,37,metrics/formal_train_window/full_range/pairs/sio2:cristobalite_beta_minus_tridymite_p63mmc/crossing_slope_eV_per_atom_per_K/length,discrete,0,0,0.0,0.0,pass
polynomial,37,metrics/formal_train_window/full_range/pairs/sio2:cristobalite_beta_minus_tridymite_p63mmc/delta_G_MAE_at_crossing_eV_per_atom/length,discrete,0,0,0.0,0.0,pass
polynomial,37,metrics/formal_train_window/full_range/pairs/sio2:cristobalite_beta_minus_tridymite_p63mmc/delta_G_MAE_eV_per_atom,energy_eV_per_atom,0.0032826163099817477,0.003282617689989099,1.3800073514480538e-09,1e-06,pass
polynomial,37,metrics/formal_train_window/full_range/pairs/sio2:cristobalite_beta_minus_tridymite_p63mmc/delta_G_RMSE_eV_per_atom,energy_eV_per_atom,0.0037190646842288257,0.0037190652733912625,5.891624367190818e-10,1e-06,pass
polynomial,37,metrics/formal_train_window/full_range/pairs/sio2:cristobalite_beta_minus_tridymite_p63mmc/false_crossings,discrete,1,1,0.0,0.0,pass
polynomial,37,metrics/formal_train_window/full_range/pairs/sio2:cristobalite_beta_minus_tridymite_p63mmc/missed_crossings,discrete,0,0,0.0,0.0,pass
polynomial,37,metrics/formal_train_window/full_range/pairs/sio2:cristobalite_beta_minus_tridymite_p63mmc/pair_support,exact_other,test_only,test_only,,0.0,pass
polynomial,37,metrics/formal_train_window/full_range/pairs/sio2:cristobalite_beta_minus_tridymite_p63mmc/predicted_Tc_K/0,temperature_K,2183.764530770986,2183.7674405152065,0.002909744220687571,0.05,pass
polynomial,37,metrics/formal_train_window/full_range/pairs/sio2:cristobalite_beta_minus_tridymite_p63mmc/predicted_Tc_K/length,discrete,1,1,0.0,0.0,pass
polynomial,37,metrics/formal_train_window/full_range/pairs/sio2:cristobalite_beta_minus_tridymite_p63mmc/predicted_Tc_by_seed_K/0/0,temperature_K,2183.764530770986,2183.7674405152065,0.002909744220687571,0.05,pass
polynomial,37,metrics/formal_train_window/full_range/pairs/sio2:cristobalite_beta_minus_tridymite_p63mmc/predicted_Tc_by_seed_K/0/length,discrete,1,1,0.0,0.0,pass
polynomial,37,metrics/formal_train_window/full_range/pairs/sio2:cristobalite_beta_minus_tridymite_p63mmc/predicted_Tc_by_seed_K/length,discrete,1,1,0.0,0.0,pass
polynomial,37,metrics/formal_train_window/full_range/pairs/sio2:cristobalite_beta_minus_tridymite_p63mmc/reference_Tc_K/length,discrete,0,0,0.0,0.0,pass
polynomial,37,metrics/formal_train_window/full_range/pairs/sio2:cristobalite_beta_minus_tridymite_p63mmc/sign_accuracy,ratio,0.8083687083080655,0.8083687083080655,0.0,0.0,pass
polynomial,37,metrics/formal_train_window/full_range/pairs/sio2:quartz_beta_minus_tridymite_p63mmc/Tc_err_from_dG_K/0,temperature_K,3336.9646626345243,3336.971936513625,0.0072738791009214765,0.05,pass
polynomial,37,metrics/formal_train_window/full_range/pairs/sio2:quartz_beta_minus_tridymite_p63mmc/Tc_err_from_dG_K/length,discrete,1,1,0.0,0.0,pass
polynomial,37,metrics/formal_train_window/full_range/pairs/sio2:quartz_beta_minus_tridymite_p63mmc/Tc_error_K/0,temperature_K,624.0968636114101,624.0972114454355,0.0003478340254332579,0.05,pass
polynomial,37,metrics/formal_train_window/full_range/pairs/sio2:quartz_beta_minus_tridymite_p63mmc/Tc_error_K/length,discrete,1,1,0.0,0.0,pass
polynomial,37,metrics/formal_train_window/full_range/pairs/sio2:quartz_beta_minus_tridymite_p63mmc/Tc_scatter_K/0,temperature_K,0.0,0.0,0.0,0.05,pass
polynomial,37,metrics/formal_train_window/full_range/pairs/sio2:quartz_beta_minus_tridymite_p63mmc/Tc_scatter_K/length,discrete,1,1,0.0,0.0,pass
polynomial,37,metrics/formal_train_window/full_range/pairs/sio2:quartz_beta_minus_tridymite_p63mmc/crossing_slope_eV_per_atom_per_K/0,energy_eV_per_atom,7.448345272997869e-06,7.448345272997869e-06,0.0,1e-06,pass
polynomial,37,metrics/formal_train_window/full_range/pairs/sio2:quartz_beta_minus_tridymite_p63mmc/crossing_slope_eV_per_atom_per_K/length,discrete,1,1,0.0,0.0,pass
polynomial,37,metrics/formal_train_window/full_range/pairs/sio2:quartz_beta_minus_tridymite_p63mmc/delta_G_MAE_at_crossing_eV_per_atom/0,energy_eV_per_atom,0.02485486497109479,0.024854919149457807,5.417836301813139e-08,1e-06,pass
polynomial,37,metrics/formal_train_window/full_range/pairs/sio2:quartz_beta_minus_tridymite_p63mmc/delta_G_MAE_at_crossing_eV_per_atom/length,discrete,1,1,0.0,0.0,pass
polynomial,37,metrics/formal_train_window/full_range/pairs/sio2:quartz_beta_minus_tridymite_p63mmc/delta_G_MAE_eV_per_atom,energy_eV_per_atom,0.019232206414120767,0.019232206471628162,5.7507394679578994e-11,1e-06,pass
polynomial,37,metrics/formal_train_window/full_range/pairs/sio2:quartz_beta_minus_tridymite_p63mmc/delta_G_RMSE_eV_per_atom,energy_eV_per_atom,0.021200677056218867,0.021200676412803557,6.434153106138485e-10,1e-06,pass
polynomial,37,metrics/formal_train_window/full_range/pairs/sio2:quartz_beta_minus_tridymite_p63mmc/false_crossings,discrete,0,0,0.0,0.0,pass
polynomial,37,metrics/formal_train_window/full_range/pairs/sio2:quartz_beta_minus_tridymite_p63mmc/missed_crossings,discrete,0,0,0.0,0.0,pass
polynomial,37,metrics/formal_train_window/full_range/pairs/sio2:quartz_beta_minus_tridymite_p63mmc/pair_support,exact_other,test_only,test_only,,0.0,pass
polynomial,37,metrics/formal_train_window/full_range/pairs/sio2:quartz_beta_minus_tridymite_p63mmc/predicted_Tc_K/0,temperature_K,2206.418414669564,2206.4187625035893,0.0003478340254332579,0.05,pass
polynomial,37,metrics/formal_train_window/full_range/pairs/sio2:quartz_beta_minus_tridymite_p63mmc/predicted_Tc_K/length,discrete,1,1,0.0,0.0,pass
polynomial,37,metrics/formal_train_window/full_range/pairs/sio2:quartz_beta_minus_tridymite_p63mmc/predicted_Tc_by_seed_K/0/0,temperature_K,2206.418414669564,2206.4187625035893,0.0003478340254332579,0.05,pass
polynomial,37,metrics/formal_train_window/full_range/pairs/sio2:quartz_beta_minus_tridymite_p63mmc/predicted_Tc_by_seed_K/0/length,discrete,1,1,0.0,0.0,pass
polynomial,37,metrics/formal_train_window/full_range/pairs/sio2:quartz_beta_minus_tridymite_p63mmc/predicted_Tc_by_seed_K/length,discrete,1,1,0.0,0.0,pass
polynomial,37,metrics/formal_train_window/full_range/pairs/sio2:quartz_beta_minus_tridymite_p63mmc/reference_Tc_K/0,temperature_K,1582.3215510581538,1582.3215510581538,0.0,0.05,pass
polynomial,37,metrics/formal_train_window/full_range/pairs/sio2:quartz_beta_minus_tridymite_p63mmc/reference_Tc_K/length,discrete,1,1,0.0,0.0,pass
polynomial,37,metrics/formal_train_window/full_range/pairs/sio2:quartz_beta_minus_tridymite_p63mmc/sign_accuracy,ratio,0.6215888417222559,0.6215888417222559,0.0,0.0,pass
polynomial,37,metrics/formal_train_window/full_range/seeds/0,exact_other,37,37,0.0,0.0,pass
polynomial,37,metrics/formal_train_window/full_range/seeds/length,discrete,1,1,0.0,0.0,pass
polynomial,37,metrics/formal_train_window/temp_extrap/G_MAE_eV_per_atom,energy_eV_per_atom,6.163721644272313,6.163721644568208,2.95895752344677e-10,1e-06,pass
polynomial,37,metrics/formal_train_window/temp_extrap/coverage_2sigma,exact_other,0.0,0.0,0.0,0.0,pass
polynomial,37,metrics/formal_train_window/temp_extrap/n_test_frames,exact_other,3171,3171,0.0,0.0,pass
polynomial,37,metrics/formal_train_window/temp_extrap/pairs/sio2:cristobalite_beta_minus_quartz_beta/Tc_err_from_dG_K/0,temperature_K,2845.6954502647127,2845.695775113925,0.0003248492121201707,0.05,pass
polynomial,37,metrics/formal_train_window/temp_extrap/pairs/sio2:cristobalite_beta_minus_quartz_beta/Tc_err_from_dG_K/length,discrete,1,1,0.0,0.0,pass
polynomial,37,metrics/formal_train_window/temp_extrap/pairs/sio2:cristobalite_beta_minus_quartz_beta/Tc_error_K/0,temperature_K,667.9766346576623,667.9772375179639,0.0006028603015693079,0.05,pass
polynomial,37,metrics/formal_train_window/temp_extrap/pairs/sio2:cristobalite_beta_minus_quartz_beta/Tc_error_K/length,discrete,1,1,0.0,0.0,pass
polynomial,37,metrics/formal_train_window/temp_extrap/pairs/sio2:cristobalite_beta_minus_quartz_beta/Tc_scatter_K/0,temperature_K,0.0,0.0,0.0,0.05,pass
polynomial,37,metrics/formal_train_window/temp_extrap/pairs/sio2:cristobalite_beta_minus_quartz_beta/Tc_scatter_K/length,discrete,1,1,0.0,0.0,pass
polynomial,37,metrics/formal_train_window/temp_extrap/pairs/sio2:cristobalite_beta_minus_quartz_beta/crossing_slope_eV_per_atom_per_K/0,energy_eV_per_atom,7.551407561479095e-06,7.551407561479095e-06,0.0,1e-06,pass
polynomial,37,metrics/formal_train_window/temp_extrap/pairs/sio2:cristobalite_beta_minus_quartz_beta/crossing_slope_eV_per_atom_per_K/length,discrete,1,1,0.0,0.0,pass
polynomial,37,metrics/formal_train_window/temp_extrap/pairs/sio2:cristobalite_beta_minus_quartz_beta/delta_G_MAE_at_crossing_eV_per_atom/0,energy_eV_per_atom,0.02148900614079561,0.021489008593864406,2.4530687967039277e-09,1e-06,pass
polynomial,37,metrics/formal_train_window/temp_extrap/pairs/sio2:cristobalite_beta_minus_quartz_beta/delta_G_MAE_at_crossing_eV_per_atom/length,discrete,1,1,0.0,0.0,pass
polynomial,37,metrics/formal_train_window/temp_extrap/pairs/sio2:cristobalite_beta_minus_quartz_beta/delta_G_MAE_eV_per_atom,energy_eV_per_atom,0.016089406305114087,0.016089403551177904,2.7539361832640274e-09,1e-06,pass
polynomial,37,metrics/formal_train_window/temp_extrap/pairs/sio2:cristobalite_beta_minus_quartz_beta/delta_G_RMSE_eV_per_atom,energy_eV_per_atom,0.01762807911252996,0.01762807755502469,1.5575052705885106e-09,1e-06,pass
polynomial,37,metrics/formal_train_window/temp_extrap/pairs/sio2:cristobalite_beta_minus_quartz_beta/false_crossings,discrete,0,0,0.0,0.0,pass
polynomial,37,metrics/formal_train_window/temp_extrap/pairs/sio2:cristobalite_beta_minus_quartz_beta/missed_crossings,discrete,0,0,0.0,0.0,pass
polynomial,37,metrics/formal_train_window/temp_extrap/pairs/sio2:cristobalite_beta_minus_quartz_beta/pair_support,exact_other,test_and_train_partner,test_and_train_partner,,0.0,pass
polynomial,37,metrics/formal_train_window/temp_extrap/pairs/sio2:cristobalite_beta_minus_quartz_beta/predicted_Tc_K/0,temperature_K,2210.68533943353,2210.6859422938314,0.0006028603015693079,0.05,pass
polynomial,37,metrics/formal_train_window/temp_extrap/pairs/sio2:cristobalite_beta_minus_quartz_beta/predicted_Tc_K/length,discrete,1,1,0.0,0.0,pass
polynomial,37,metrics/formal_train_window/temp_extrap/pairs/sio2:cristobalite_beta_minus_quartz_beta/predicted_Tc_by_seed_K/0/0,temperature_K,2210.68533943353,2210.6859422938314,0.0006028603015693079,0.05,pass
polynomial,37,metrics/formal_train_window/temp_extrap/pairs/sio2:cristobalite_beta_minus_quartz_beta/predicted_Tc_by_seed_K/0/length,discrete,1,1,0.0,0.0,pass
polynomial,37,metrics/formal_train_window/temp_extrap/pairs/sio2:cristobalite_beta_minus_quartz_beta/predicted_Tc_by_seed_K/length,discrete,1,1,0.0,0.0,pass
polynomial,37,metrics/formal_train_window/temp_extrap/pairs/sio2:cristobalite_beta_minus_quartz_beta/reference_Tc_K/0,temperature_K,1542.7087047758675,1542.7087047758675,0.0,0.05,pass
polynomial,37,metrics/formal_train_window/temp_extrap/pairs/sio2:cristobalite_beta_minus_quartz_beta/reference_Tc_K/length,discrete,1,1,0.0,0.0,pass
polynomial,37,metrics/formal_train_window/temp_extrap/pairs/sio2:cristobalite_beta_minus_quartz_beta/sign_accuracy,ratio,0.5949060036385688,0.5949060036385688,0.0,0.0,pass
polynomial,37,metrics/formal_train_window/temp_extrap/pairs/sio2:cristobalite_beta_minus_tridymite_p63mmc/Tc_err_from_dG_K/length,discrete,0,0,0.0,0.0,pass
polynomial,37,metrics/formal_train_window/temp_extrap/pairs/sio2:cristobalite_beta_minus_tridymite_p63mmc/Tc_error_K/length,discrete,0,0,0.0,0.0,pass
polynomial,37,metrics/formal_train_window/temp_extrap/pairs/sio2:cristobalite_beta_minus_tridymite_p63mmc/Tc_scatter_K/length,discrete,0,0,0.0,0.0,pass
polynomial,37,metrics/formal_train_window/temp_extrap/pairs/sio2:cristobalite_beta_minus_tridymite_p63mmc/crossing_slope_eV_per_atom_per_K/length,discrete,0,0,0.0,0.0,pass
polynomial,37,metrics/formal_train_window/temp_extrap/pairs/sio2:cristobalite_beta_minus_tridymite_p63mmc/delta_G_MAE_at_crossing_eV_per_atom/length,discrete,0,0,0.0,0.0,pass
polynomial,37,metrics/formal_train_window/temp_extrap/pairs/sio2:cristobalite_beta_minus_tridymite_p63mmc/delta_G_MAE_eV_per_atom,energy_eV_per_atom,0.0032826163099817477,0.003282617689989099,1.3800073514480538e-09,1e-06,pass
polynomial,37,metrics/formal_train_window/temp_extrap/pairs/sio2:cristobalite_beta_minus_tridymite_p63mmc/delta_G_RMSE_eV_per_atom,energy_eV_per_atom,0.0037190646842288257,0.0037190652733912625,5.891624367190818e-10,1e-06,pass
polynomial,37,metrics/formal_train_window/temp_extrap/pairs/sio2:cristobalite_beta_minus_tridymite_p63mmc/false_crossings,discrete,1,1,0.0,0.0,pass
polynomial,37,metrics/formal_train_window/temp_extrap/pairs/sio2:cristobalite_beta_minus_tridymite_p63mmc/missed_crossings,discrete,0,0,0.0,0.0,pass
polynomial,37,metrics/formal_train_window/temp_extrap/pairs/sio2:cristobalite_beta_minus_tridymite_p63mmc/pair_support,exact_other,test_and_train_partner,test_and_train_partner,,0.0,pass
polynomial,37,metrics/formal_train_window/temp_extrap/pairs/sio2:cristobalite_beta_minus_tridymite_p63mmc/predicted_Tc_K/0,temperature_K,2183.764530770986,2183.7674405152065,0.002909744220687571,0.05,pass
polynomial,37,metrics/formal_train_window/temp_extrap/pairs/sio2:cristobalite_beta_minus_tridymite_p63mmc/predicted_Tc_K/length,discrete,1,1,0.0,0.0,pass
polynomial,37,metrics/formal_train_window/temp_extrap/pairs/sio2:cristobalite_beta_minus_tridymite_p63mmc/predicted_Tc_by_seed_K/0/0,temperature_K,2183.764530770986,2183.7674405152065,0.002909744220687571,0.05,pass
polynomial,37,metrics/formal_train_window/temp_extrap/pairs/sio2:cristobalite_beta_minus_tridymite_p63mmc/predicted_Tc_by_seed_K/0/length,discrete,1,1,0.0,0.0,pass
polynomial,37,metrics/formal_train_window/temp_extrap/pairs/sio2:cristobalite_beta_minus_tridymite_p63mmc/predicted_Tc_by_seed_K/length,discrete,1,1,0.0,0.0,pass
polynomial,37,metrics/formal_train_window/temp_extrap/pairs/sio2:cristobalite_beta_minus_tridymite_p63mmc/reference_Tc_K/length,discrete,0,0,0.0,0.0,pass
polynomial,37,metrics/formal_train_window/temp_extrap/pairs/sio2:cristobalite_beta_minus_tridymite_p63mmc/sign_accuracy,ratio,0.8083687083080655,0.8083687083080655,0.0,0.0,pass
polynomial,37,metrics/formal_train_window/temp_extrap/pairs/sio2:quartz_beta_minus_tridymite_p63mmc/Tc_err_from_dG_K/0,temperature_K,3336.9646626345243,3336.971936513625,0.0072738791009214765,0.05,pass
polynomial,37,metrics/formal_train_window/temp_extrap/pairs/sio2:quartz_beta_minus_tridymite_p63mmc/Tc_err_from_dG_K/length,discrete,1,1,0.0,0.0,pass
polynomial,37,metrics/formal_train_window/temp_extrap/pairs/sio2:quartz_beta_minus_tridymite_p63mmc/Tc_error_K/0,temperature_K,624.0968636114101,624.0972114454355,0.0003478340254332579,0.05,pass
polynomial,37,metrics/formal_train_window/temp_extrap/pairs/sio2:quartz_beta_minus_tridymite_p63mmc/Tc_error_K/length,discrete,1,1,0.0,0.0,pass
polynomial,37,metrics/formal_train_window/temp_extrap/pairs/sio2:quartz_beta_minus_tridymite_p63mmc/Tc_scatter_K/0,temperature_K,0.0,0.0,0.0,0.05,pass
polynomial,37,metrics/formal_train_window/temp_extrap/pairs/sio2:quartz_beta_minus_tridymite_p63mmc/Tc_scatter_K/length,discrete,1,1,0.0,0.0,pass
polynomial,37,metrics/formal_train_window/temp_extrap/pairs/sio2:quartz_beta_minus_tridymite_p63mmc/crossing_slope_eV_per_atom_per_K/0,energy_eV_per_atom,7.448345272997869e-06,7.448345272997869e-06,0.0,1e-06,pass
polynomial,37,metrics/formal_train_window/temp_extrap/pairs/sio2:quartz_beta_minus_tridymite_p63mmc/crossing_slope_eV_per_atom_per_K/length,discrete,1,1,0.0,0.0,pass
polynomial,37,metrics/formal_train_window/temp_extrap/pairs/sio2:quartz_beta_minus_tridymite_p63mmc/delta_G_MAE_at_crossing_eV_per_atom/0,energy_eV_per_atom,0.02485486497109479,0.024854919149457807,5.417836301813139e-08,1e-06,pass
polynomial,37,metrics/formal_train_window/temp_extrap/pairs/sio2:quartz_beta_minus_tridymite_p63mmc/delta_G_MAE_at_crossing_eV_per_atom/length,discrete,1,1,0.0,0.0,pass
polynomial,37,metrics/formal_train_window/temp_extrap/pairs/sio2:quartz_beta_minus_tridymite_p63mmc/delta_G_MAE_eV_per_atom,energy_eV_per_atom,0.019232206414120767,0.019232206471628162,5.7507394679578994e-11,1e-06,pass
polynomial,37,metrics/formal_train_window/temp_extrap/pairs/sio2:quartz_beta_minus_tridymite_p63mmc/delta_G_RMSE_eV_per_atom,energy_eV_per_atom,0.021200677056218867,0.021200676412803557,6.434153106138485e-10,1e-06,pass
polynomial,37,metrics/formal_train_window/temp_extrap/pairs/sio2:quartz_beta_minus_tridymite_p63mmc/false_crossings,discrete,0,0,0.0,0.0,pass
polynomial,37,metrics/formal_train_window/temp_extrap/pairs/sio2:quartz_beta_minus_tridymite_p63mmc/missed_crossings,discrete,0,0,0.0,0.0,pass
polynomial,37,metrics/formal_train_window/temp_extrap/pairs/sio2:quartz_beta_minus_tridymite_p63mmc/pair_support,exact_other,test_and_train_partner,test_and_train_partner,,0.0,pass
polynomial,37,metrics/formal_train_window/temp_extrap/pairs/sio2:quartz_beta_minus_tridymite_p63mmc/predicted_Tc_K/0,temperature_K,2206.418414669564,2206.4187625035893,0.0003478340254332579,0.05,pass
polynomial,37,metrics/formal_train_window/temp_extrap/pairs/sio2:quartz_beta_minus_tridymite_p63mmc/predicted_Tc_K/length,discrete,1,1,0.0,0.0,pass
polynomial,37,metrics/formal_train_window/temp_extrap/pairs/sio2:quartz_beta_minus_tridymite_p63mmc/predicted_Tc_by_seed_K/0/0,temperature_K,2206.418414669564,2206.4187625035893,0.0003478340254332579,0.05,pass
polynomial,37,metrics/formal_train_window/temp_extrap/pairs/sio2:quartz_beta_minus_tridymite_p63mmc/predicted_Tc_by_seed_K/0/length,discrete,1,1,0.0,0.0,pass
polynomial,37,metrics/formal_train_window/temp_extrap/pairs/sio2:quartz_beta_minus_tridymite_p63mmc/predicted_Tc_by_seed_K/length,discrete,1,1,0.0,0.0,pass
polynomial,37,metrics/formal_train_window/temp_extrap/pairs/sio2:quartz_beta_minus_tridymite_p63mmc/reference_Tc_K/0,temperature_K,1582.3215510581538,1582.3215510581538,0.0,0.05,pass
polynomial,37,metrics/formal_train_window/temp_extrap/pairs/sio2:quartz_beta_minus_tridymite_p63mmc/reference_Tc_K/length,discrete,1,1,0.0,0.0,pass
polynomial,37,metrics/formal_train_window/temp_extrap/pairs/sio2:quartz_beta_minus_tridymite_p63mmc/sign_accuracy,ratio,0.6215888417222559,0.6215888417222559,0.0,0.0,pass
polynomial,37,metrics/formal_train_window/temp_extrap/seeds/0,exact_other,37,37,0.0,0.0,pass
polynomial,37,metrics/formal_train_window/temp_extrap/seeds/length,discrete,1,1,0.0,0.0,pass
polynomial,37,metrics/heldout_window_audit/full_range/G_MAE_eV_per_atom,energy_eV_per_atom,4.109827301078671,4.10982730093175,1.4692069782995532e-10,1e-06,pass
polynomial,37,metrics/heldout_window_audit/full_range/coverage_2sigma,exact_other,0.0,0.0,0.0,0.0,pass
polynomial,37,metrics/heldout_window_audit/full_range/n_test_frames,exact_other,4947,4947,0.0,0.0,pass
polynomial,37,metrics/heldout_window_audit/full_range/pairs/sio2:cristobalite_beta_minus_quartz_beta/Tc_err_from_dG_K/0,temperature_K,2845.6954502647127,2845.6957751138757,0.0003248491630074568,0.05,pass
polynomial,37,metrics/heldout_window_audit/full_range/pairs/sio2:cristobalite_beta_minus_quartz_beta/Tc_err_from_dG_K/length,discrete,1,1,0.0,0.0,pass
polynomial,37,metrics/heldout_window_audit/full_range/pairs/sio2:cristobalite_beta_minus_quartz_beta/Tc_error_K/0,temperature_K,667.9766346576623,667.9772375179639,0.0006028603015693079,0.05,pass
polynomial,37,metrics/heldout_window_audit/full_range/pairs/sio2:cristobalite_beta_minus_quartz_beta/Tc_error_K/length,discrete,1,1,0.0,0.0,pass
polynomial,37,metrics/heldout_window_audit/full_range/pairs/sio2:cristobalite_beta_minus_quartz_beta/Tc_scatter_K/0,temperature_K,0.0,0.0,0.0,0.05,pass
polynomial,37,metrics/heldout_window_audit/full_range/pairs/sio2:cristobalite_beta_minus_quartz_beta/Tc_scatter_K/length,discrete,1,1,0.0,0.0,pass
polynomial,37,metrics/heldout_window_audit/full_range/pairs/sio2:cristobalite_beta_minus_quartz_beta/crossing_slope_eV_per_atom_per_K/0,energy_eV_per_atom,7.551407561479095e-06,7.551407561479095e-06,0.0,1e-06,pass
polynomial,37,metrics/heldout_window_audit/full_range/pairs/sio2:cristobalite_beta_minus_quartz_beta/crossing_slope_eV_per_atom_per_K/length,discrete,1,1,0.0,0.0,pass
polynomial,37,metrics/heldout_window_audit/full_range/pairs/sio2:cristobalite_beta_minus_quartz_beta/delta_G_MAE_at_crossing_eV_per_atom/0,energy_eV_per_atom,0.02148900614079561,0.021489008593864035,2.453068425473104e-09,1e-06,pass
polynomial,37,metrics/heldout_window_audit/full_range/pairs/sio2:cristobalite_beta_minus_quartz_beta/delta_G_MAE_at_crossing_eV_per_atom/length,discrete,1,1,0.0,0.0,pass
polynomial,37,metrics/heldout_window_audit/full_range/pairs/sio2:cristobalite_beta_minus_quartz_beta/delta_G_MAE_eV_per_atom,energy_eV_per_atom,0.01608940630511418,0.016089403551177932,2.7539362491835195e-09,1e-06,pass
polynomial,37,metrics/heldout_window_audit/full_range/pairs/sio2:cristobalite_beta_minus_quartz_beta/delta_G_RMSE_eV_per_atom,energy_eV_per_atom,0.017628079112530042,0.017628077555024733,1.557505308752427e-09,1e-06,pass
polynomial,37,metrics/heldout_window_audit/full_range/pairs/sio2:cristobalite_beta_minus_quartz_beta/false_crossings,discrete,0,0,0.0,0.0,pass
polynomial,37,metrics/heldout_window_audit/full_range/pairs/sio2:cristobalite_beta_minus_quartz_beta/missed_crossings,discrete,0,0,0.0,0.0,pass
polynomial,37,metrics/heldout_window_audit/full_range/pairs/sio2:cristobalite_beta_minus_quartz_beta/pair_support,exact_other,test_only,test_only,,0.0,pass
polynomial,37,metrics/heldout_window_audit/full_range/pairs/sio2:cristobalite_beta_minus_quartz_beta/predicted_Tc_K/0,temperature_K,2210.68533943353,2210.6859422938314,0.0006028603015693079,0.05,pass
polynomial,37,metrics/heldout_window_audit/full_range/pairs/sio2:cristobalite_beta_minus_quartz_beta/predicted_Tc_K/length,discrete,1,1,0.0,0.0,pass
polynomial,37,metrics/heldout_window_audit/full_range/pairs/sio2:cristobalite_beta_minus_quartz_beta/predicted_Tc_by_seed_K/0/0,temperature_K,2210.68533943353,2210.6859422938314,0.0006028603015693079,0.05,pass
polynomial,37,metrics/heldout_window_audit/full_range/pairs/sio2:cristobalite_beta_minus_quartz_beta/predicted_Tc_by_seed_K/0/length,discrete,1,1,0.0,0.0,pass
polynomial,37,metrics/heldout_window_audit/full_range/pairs/sio2:cristobalite_beta_minus_quartz_beta/predicted_Tc_by_seed_K/length,discrete,1,1,0.0,0.0,pass
polynomial,37,metrics/heldout_window_audit/full_range/pairs/sio2:cristobalite_beta_minus_quartz_beta/reference_Tc_K/0,temperature_K,1542.7087047758675,1542.7087047758675,0.0,0.05,pass
polynomial,37,metrics/heldout_window_audit/full_range/pairs/sio2:cristobalite_beta_minus_quartz_beta/reference_Tc_K/length,discrete,1,1,0.0,0.0,pass
polynomial,37,metrics/heldout_window_audit/full_range/pairs/sio2:cristobalite_beta_minus_quartz_beta/sign_accuracy,ratio,0.5949060036385688,0.5949060036385688,0.0,0.0,pass
polynomial,37,metrics/heldout_window_audit/full_range/pairs/sio2:cristobalite_beta_minus_tridymite_p63mmc/Tc_err_from_dG_K/length,discrete,0,0,0.0,0.0,pass
polynomial,37,metrics/heldout_window_audit/full_range/pairs/sio2:cristobalite_beta_minus_tridymite_p63mmc/Tc_error_K/length,discrete,0,0,0.0,0.0,pass
polynomial,37,metrics/heldout_window_audit/full_range/pairs/sio2:cristobalite_beta_minus_tridymite_p63mmc/Tc_scatter_K/length,discrete,0,0,0.0,0.0,pass
polynomial,37,metrics/heldout_window_audit/full_range/pairs/sio2:cristobalite_beta_minus_tridymite_p63mmc/crossing_slope_eV_per_atom_per_K/length,discrete,0,0,0.0,0.0,pass
polynomial,37,metrics/heldout_window_audit/full_range/pairs/sio2:cristobalite_beta_minus_tridymite_p63mmc/delta_G_MAE_at_crossing_eV_per_atom/length,discrete,0,0,0.0,0.0,pass
polynomial,37,metrics/heldout_window_audit/full_range/pairs/sio2:cristobalite_beta_minus_tridymite_p63mmc/delta_G_MAE_eV_per_atom,energy_eV_per_atom,0.003282616309981698,0.003282617689989086,1.3800073878772467e-09,1e-06,pass
polynomial,37,metrics/heldout_window_audit/full_range/pairs/sio2:cristobalite_beta_minus_tridymite_p63mmc/delta_G_RMSE_eV_per_atom,energy_eV_per_atom,0.0037190646842287507,0.003719065273391216,5.891624653420191e-10,1e-06,pass
polynomial,37,metrics/heldout_window_audit/full_range/pairs/sio2:cristobalite_beta_minus_tridymite_p63mmc/false_crossings,discrete,1,1,0.0,0.0,pass
polynomial,37,metrics/heldout_window_audit/full_range/pairs/sio2:cristobalite_beta_minus_tridymite_p63mmc/missed_crossings,discrete,0,0,0.0,0.0,pass
polynomial,37,metrics/heldout_window_audit/full_range/pairs/sio2:cristobalite_beta_minus_tridymite_p63mmc/pair_support,exact_other,test_only,test_only,,0.0,pass
polynomial,37,metrics/heldout_window_audit/full_range/pairs/sio2:cristobalite_beta_minus_tridymite_p63mmc/predicted_Tc_K/0,temperature_K,2183.7645307708403,2183.7674405152065,0.0029097443662067235,0.05,pass
polynomial,37,metrics/heldout_window_audit/full_range/pairs/sio2:cristobalite_beta_minus_tridymite_p63mmc/predicted_Tc_K/length,discrete,1,1,0.0,0.0,pass
polynomial,37,metrics/heldout_window_audit/full_range/pairs/sio2:cristobalite_beta_minus_tridymite_p63mmc/predicted_Tc_by_seed_K/0/0,temperature_K,2183.7645307708403,2183.7674405152065,0.0029097443662067235,0.05,pass
polynomial,37,metrics/heldout_window_audit/full_range/pairs/sio2:cristobalite_beta_minus_tridymite_p63mmc/predicted_Tc_by_seed_K/0/length,discrete,1,1,0.0,0.0,pass
polynomial,37,metrics/heldout_window_audit/full_range/pairs/sio2:cristobalite_beta_minus_tridymite_p63mmc/predicted_Tc_by_seed_K/length,discrete,1,1,0.0,0.0,pass
polynomial,37,metrics/heldout_window_audit/full_range/pairs/sio2:cristobalite_beta_minus_tridymite_p63mmc/reference_Tc_K/length,discrete,0,0,0.0,0.0,pass
polynomial,37,metrics/heldout_window_audit/full_range/pairs/sio2:cristobalite_beta_minus_tridymite_p63mmc/sign_accuracy,ratio,0.8083687083080655,0.8083687083080655,0.0,0.0,pass
polynomial,37,metrics/heldout_window_audit/full_range/pairs/sio2:quartz_beta_minus_tridymite_p63mmc/Tc_err_from_dG_K/0,temperature_K,3336.9646626345243,3336.9719365137444,0.007273879220065282,0.05,pass
polynomial,37,metrics/heldout_window_audit/full_range/pairs/sio2:quartz_beta_minus_tridymite_p63mmc/Tc_err_from_dG_K/length,discrete,1,1,0.0,0.0,pass
polynomial,37,metrics/heldout_window_audit/full_range/pairs/sio2:quartz_beta_minus_tridymite_p63mmc/Tc_error_K/0,temperature_K,624.0968636114101,624.0972114454355,0.0003478340254332579,0.05,pass
polynomial,37,metrics/heldout_window_audit/full_range/pairs/sio2:quartz_beta_minus_tridymite_p63mmc/Tc_error_K/length,discrete,1,1,0.0,0.0,pass
polynomial,37,metrics/heldout_window_audit/full_range/pairs/sio2:quartz_beta_minus_tridymite_p63mmc/Tc_scatter_K/0,temperature_K,0.0,0.0,0.0,0.05,pass
polynomial,37,metrics/heldout_window_audit/full_range/pairs/sio2:quartz_beta_minus_tridymite_p63mmc/Tc_scatter_K/length,discrete,1,1,0.0,0.0,pass
polynomial,37,metrics/heldout_window_audit/full_range/pairs/sio2:quartz_beta_minus_tridymite_p63mmc/crossing_slope_eV_per_atom_per_K/0,energy_eV_per_atom,7.448345272997869e-06,7.448345272997869e-06,0.0,1e-06,pass
polynomial,37,metrics/heldout_window_audit/full_range/pairs/sio2:quartz_beta_minus_tridymite_p63mmc/crossing_slope_eV_per_atom_per_K/length,discrete,1,1,0.0,0.0,pass
polynomial,37,metrics/heldout_window_audit/full_range/pairs/sio2:quartz_beta_minus_tridymite_p63mmc/delta_G_MAE_at_crossing_eV_per_atom/0,energy_eV_per_atom,0.02485486497109479,0.024854919149458695,5.417836390630981e-08,1e-06,pass
polynomial,37,metrics/heldout_window_audit/full_range/pairs/sio2:quartz_beta_minus_tridymite_p63mmc/delta_G_MAE_at_crossing_eV_per_atom/length,discrete,1,1,0.0,0.0,pass
polynomial,37,metrics/heldout_window_audit/full_range/pairs/sio2:quartz_beta_minus_tridymite_p63mmc/delta_G_MAE_eV_per_atom,energy_eV_per_atom,0.019232206414120774,0.019232206471628176,5.75074016184729e-11,1e-06,pass
polynomial,37,metrics/heldout_window_audit/full_range/pairs/sio2:quartz_beta_minus_tridymite_p63mmc/delta_G_RMSE_eV_per_atom,energy_eV_per_atom,0.021200677056218874,0.02120067641280357,6.434153036749546e-10,1e-06,pass
polynomial,37,metrics/heldout_window_audit/full_range/pairs/sio2:quartz_beta_minus_tridymite_p63mmc/false_crossings,discrete,0,0,0.0,0.0,pass
polynomial,37,metrics/heldout_window_audit/full_range/pairs/sio2:quartz_beta_minus_tridymite_p63mmc/missed_crossings,discrete,0,0,0.0,0.0,pass
polynomial,37,metrics/heldout_window_audit/full_range/pairs/sio2:quartz_beta_minus_tridymite_p63mmc/pair_support,exact_other,test_only,test_only,,0.0,pass
polynomial,37,metrics/heldout_window_audit/full_range/pairs/sio2:quartz_beta_minus_tridymite_p63mmc/predicted_Tc_K/0,temperature_K,2206.418414669564,2206.4187625035893,0.0003478340254332579,0.05,pass
polynomial,37,metrics/heldout_window_audit/full_range/pairs/sio2:quartz_beta_minus_tridymite_p63mmc/predicted_Tc_K/length,discrete,1,1,0.0,0.0,pass
polynomial,37,metrics/heldout_window_audit/full_range/pairs/sio2:quartz_beta_minus_tridymite_p63mmc/predicted_Tc_by_seed_K/0/0,temperature_K,2206.418414669564,2206.4187625035893,0.0003478340254332579,0.05,pass
polynomial,37,metrics/heldout_window_audit/full_range/pairs/sio2:quartz_beta_minus_tridymite_p63mmc/predicted_Tc_by_seed_K/0/length,discrete,1,1,0.0,0.0,pass
polynomial,37,metrics/heldout_window_audit/full_range/pairs/sio2:quartz_beta_minus_tridymite_p63mmc/predicted_Tc_by_seed_K/length,discrete,1,1,0.0,0.0,pass
polynomial,37,metrics/heldout_window_audit/full_range/pairs/sio2:quartz_beta_minus_tridymite_p63mmc/reference_Tc_K/0,temperature_K,1582.3215510581538,1582.3215510581538,0.0,0.05,pass
polynomial,37,metrics/heldout_window_audit/full_range/pairs/sio2:quartz_beta_minus_tridymite_p63mmc/reference_Tc_K/length,discrete,1,1,0.0,0.0,pass
polynomial,37,metrics/heldout_window_audit/full_range/pairs/sio2:quartz_beta_minus_tridymite_p63mmc/sign_accuracy,ratio,0.6215888417222559,0.6215888417222559,0.0,0.0,pass
polynomial,37,metrics/heldout_window_audit/full_range/seeds/0,exact_other,37,37,0.0,0.0,pass
polynomial,37,metrics/heldout_window_audit/full_range/seeds/length,discrete,1,1,0.0,0.0,pass
polynomial,37,metrics/heldout_window_audit/temp_extrap/G_MAE_eV_per_atom,energy_eV_per_atom,2.9594910180411724,2.9594910176462386,3.949338633901789e-10,1e-06,pass
polynomial,37,metrics/heldout_window_audit/temp_extrap/coverage_2sigma,exact_other,0.0,0.0,0.0,0.0,pass
polynomial,37,metrics/heldout_window_audit/temp_extrap/n_test_frames,exact_other,3171,3171,0.0,0.0,pass
polynomial,37,metrics/heldout_window_audit/temp_extrap/pairs/sio2:cristobalite_beta_minus_quartz_beta/Tc_err_from_dG_K/0,temperature_K,2845.6954502647127,2845.6957751138757,0.0003248491630074568,0.05,pass
polynomial,37,metrics/heldout_window_audit/temp_extrap/pairs/sio2:cristobalite_beta_minus_quartz_beta/Tc_err_from_dG_K/length,discrete,1,1,0.0,0.0,pass
polynomial,37,metrics/heldout_window_audit/temp_extrap/pairs/sio2:cristobalite_beta_minus_quartz_beta/Tc_error_K/0,temperature_K,667.9766346576623,667.9772375179639,0.0006028603015693079,0.05,pass
polynomial,37,metrics/heldout_window_audit/temp_extrap/pairs/sio2:cristobalite_beta_minus_quartz_beta/Tc_error_K/length,discrete,1,1,0.0,0.0,pass
polynomial,37,metrics/heldout_window_audit/temp_extrap/pairs/sio2:cristobalite_beta_minus_quartz_beta/Tc_scatter_K/0,temperature_K,0.0,0.0,0.0,0.05,pass
polynomial,37,metrics/heldout_window_audit/temp_extrap/pairs/sio2:cristobalite_beta_minus_quartz_beta/Tc_scatter_K/length,discrete,1,1,0.0,0.0,pass
polynomial,37,metrics/heldout_window_audit/temp_extrap/pairs/sio2:cristobalite_beta_minus_quartz_beta/crossing_slope_eV_per_atom_per_K/0,energy_eV_per_atom,7.551407561479095e-06,7.551407561479095e-06,0.0,1e-06,pass
polynomial,37,metrics/heldout_window_audit/temp_extrap/pairs/sio2:cristobalite_beta_minus_quartz_beta/crossing_slope_eV_per_atom_per_K/length,discrete,1,1,0.0,0.0,pass
polynomial,37,metrics/heldout_window_audit/temp_extrap/pairs/sio2:cristobalite_beta_minus_quartz_beta/delta_G_MAE_at_crossing_eV_per_atom/0,energy_eV_per_atom,0.02148900614079561,0.021489008593864035,2.453068425473104e-09,1e-06,pass
polynomial,37,metrics/heldout_window_audit/temp_extrap/pairs/sio2:cristobalite_beta_minus_quartz_beta/delta_G_MAE_at_crossing_eV_per_atom/length,discrete,1,1,0.0,0.0,pass
polynomial,37,metrics/heldout_window_audit/temp_extrap/pairs/sio2:cristobalite_beta_minus_quartz_beta/delta_G_MAE_eV_per_atom,energy_eV_per_atom,0.01608940630511418,0.016089403551177932,2.7539362491835195e-09,1e-06,pass
polynomial,37,metrics/heldout_window_audit/temp_extrap/pairs/sio2:cristobalite_beta_minus_quartz_beta/delta_G_RMSE_eV_per_atom,energy_eV_per_atom,0.017628079112530042,0.017628077555024733,1.557505308752427e-09,1e-06,pass
polynomial,37,metrics/heldout_window_audit/temp_extrap/pairs/sio2:cristobalite_beta_minus_quartz_beta/false_crossings,discrete,0,0,0.0,0.0,pass
polynomial,37,metrics/heldout_window_audit/temp_extrap/pairs/sio2:cristobalite_beta_minus_quartz_beta/missed_crossings,discrete,0,0,0.0,0.0,pass
polynomial,37,metrics/heldout_window_audit/temp_extrap/pairs/sio2:cristobalite_beta_minus_quartz_beta/pair_support,exact_other,test_and_train_partner,test_and_train_partner,,0.0,pass
polynomial,37,metrics/heldout_window_audit/temp_extrap/pairs/sio2:cristobalite_beta_minus_quartz_beta/predicted_Tc_K/0,temperature_K,2210.68533943353,2210.6859422938314,0.0006028603015693079,0.05,pass
polynomial,37,metrics/heldout_window_audit/temp_extrap/pairs/sio2:cristobalite_beta_minus_quartz_beta/predicted_Tc_K/length,discrete,1,1,0.0,0.0,pass
polynomial,37,metrics/heldout_window_audit/temp_extrap/pairs/sio2:cristobalite_beta_minus_quartz_beta/predicted_Tc_by_seed_K/0/0,temperature_K,2210.68533943353,2210.6859422938314,0.0006028603015693079,0.05,pass
polynomial,37,metrics/heldout_window_audit/temp_extrap/pairs/sio2:cristobalite_beta_minus_quartz_beta/predicted_Tc_by_seed_K/0/length,discrete,1,1,0.0,0.0,pass
polynomial,37,metrics/heldout_window_audit/temp_extrap/pairs/sio2:cristobalite_beta_minus_quartz_beta/predicted_Tc_by_seed_K/length,discrete,1,1,0.0,0.0,pass
polynomial,37,metrics/heldout_window_audit/temp_extrap/pairs/sio2:cristobalite_beta_minus_quartz_beta/reference_Tc_K/0,temperature_K,1542.7087047758675,1542.7087047758675,0.0,0.05,pass
polynomial,37,metrics/heldout_window_audit/temp_extrap/pairs/sio2:cristobalite_beta_minus_quartz_beta/reference_Tc_K/length,discrete,1,1,0.0,0.0,pass
polynomial,37,metrics/heldout_window_audit/temp_extrap/pairs/sio2:cristobalite_beta_minus_quartz_beta/sign_accuracy,ratio,0.5949060036385688,0.5949060036385688,0.0,0.0,pass
polynomial,37,metrics/heldout_window_audit/temp_extrap/pairs/sio2:cristobalite_beta_minus_tridymite_p63mmc/Tc_err_from_dG_K/length,discrete,0,0,0.0,0.0,pass
polynomial,37,metrics/heldout_window_audit/temp_extrap/pairs/sio2:cristobalite_beta_minus_tridymite_p63mmc/Tc_error_K/length,discrete,0,0,0.0,0.0,pass
polynomial,37,metrics/heldout_window_audit/temp_extrap/pairs/sio2:cristobalite_beta_minus_tridymite_p63mmc/Tc_scatter_K/length,discrete,0,0,0.0,0.0,pass
polynomial,37,metrics/heldout_window_audit/temp_extrap/pairs/sio2:cristobalite_beta_minus_tridymite_p63mmc/crossing_slope_eV_per_atom_per_K/length,discrete,0,0,0.0,0.0,pass
polynomial,37,metrics/heldout_window_audit/temp_extrap/pairs/sio2:cristobalite_beta_minus_tridymite_p63mmc/delta_G_MAE_at_crossing_eV_per_atom/length,discrete,0,0,0.0,0.0,pass
polynomial,37,metrics/heldout_window_audit/temp_extrap/pairs/sio2:cristobalite_beta_minus_tridymite_p63mmc/delta_G_MAE_eV_per_atom,energy_eV_per_atom,0.003282616309981698,0.003282617689989086,1.3800073878772467e-09,1e-06,pass
polynomial,37,metrics/heldout_window_audit/temp_extrap/pairs/sio2:cristobalite_beta_minus_tridymite_p63mmc/delta_G_RMSE_eV_per_atom,energy_eV_per_atom,0.0037190646842287507,0.003719065273391216,5.891624653420191e-10,1e-06,pass
polynomial,37,metrics/heldout_window_audit/temp_extrap/pairs/sio2:cristobalite_beta_minus_tridymite_p63mmc/false_crossings,discrete,1,1,0.0,0.0,pass
polynomial,37,metrics/heldout_window_audit/temp_extrap/pairs/sio2:cristobalite_beta_minus_tridymite_p63mmc/missed_crossings,discrete,0,0,0.0,0.0,pass
polynomial,37,metrics/heldout_window_audit/temp_extrap/pairs/sio2:cristobalite_beta_minus_tridymite_p63mmc/pair_support,exact_other,test_and_train_partner,test_and_train_partner,,0.0,pass
polynomial,37,metrics/heldout_window_audit/temp_extrap/pairs/sio2:cristobalite_beta_minus_tridymite_p63mmc/predicted_Tc_K/0,temperature_K,2183.7645307708403,2183.7674405152065,0.0029097443662067235,0.05,pass
polynomial,37,metrics/heldout_window_audit/temp_extrap/pairs/sio2:cristobalite_beta_minus_tridymite_p63mmc/predicted_Tc_K/length,discrete,1,1,0.0,0.0,pass
polynomial,37,metrics/heldout_window_audit/temp_extrap/pairs/sio2:cristobalite_beta_minus_tridymite_p63mmc/predicted_Tc_by_seed_K/0/0,temperature_K,2183.7645307708403,2183.7674405152065,0.0029097443662067235,0.05,pass
polynomial,37,metrics/heldout_window_audit/temp_extrap/pairs/sio2:cristobalite_beta_minus_tridymite_p63mmc/predicted_Tc_by_seed_K/0/length,discrete,1,1,0.0,0.0,pass
polynomial,37,metrics/heldout_window_audit/temp_extrap/pairs/sio2:cristobalite_beta_minus_tridymite_p63mmc/predicted_Tc_by_seed_K/length,discrete,1,1,0.0,0.0,pass
polynomial,37,metrics/heldout_window_audit/temp_extrap/pairs/sio2:cristobalite_beta_minus_tridymite_p63mmc/reference_Tc_K/length,discrete,0,0,0.0,0.0,pass
polynomial,37,metrics/heldout_window_audit/temp_extrap/pairs/sio2:cristobalite_beta_minus_tridymite_p63mmc/sign_accuracy,ratio,0.8083687083080655,0.8083687083080655,0.0,0.0,pass
polynomial,37,metrics/heldout_window_audit/temp_extrap/pairs/sio2:quartz_beta_minus_tridymite_p63mmc/Tc_err_from_dG_K/0,temperature_K,3336.9646626345243,3336.9719365137444,0.007273879220065282,0.05,pass
polynomial,37,metrics/heldout_window_audit/temp_extrap/pairs/sio2:quartz_beta_minus_tridymite_p63mmc/Tc_err_from_dG_K/length,discrete,1,1,0.0,0.0,pass
polynomial,37,metrics/heldout_window_audit/temp_extrap/pairs/sio2:quartz_beta_minus_tridymite_p63mmc/Tc_error_K/0,temperature_K,624.0968636114101,624.0972114454355,0.0003478340254332579,0.05,pass
polynomial,37,metrics/heldout_window_audit/temp_extrap/pairs/sio2:quartz_beta_minus_tridymite_p63mmc/Tc_error_K/length,discrete,1,1,0.0,0.0,pass
polynomial,37,metrics/heldout_window_audit/temp_extrap/pairs/sio2:quartz_beta_minus_tridymite_p63mmc/Tc_scatter_K/0,temperature_K,0.0,0.0,0.0,0.05,pass
polynomial,37,metrics/heldout_window_audit/temp_extrap/pairs/sio2:quartz_beta_minus_tridymite_p63mmc/Tc_scatter_K/length,discrete,1,1,0.0,0.0,pass
polynomial,37,metrics/heldout_window_audit/temp_extrap/pairs/sio2:quartz_beta_minus_tridymite_p63mmc/crossing_slope_eV_per_atom_per_K/0,energy_eV_per_atom,7.448345272997869e-06,7.448345272997869e-06,0.0,1e-06,pass
polynomial,37,metrics/heldout_window_audit/temp_extrap/pairs/sio2:quartz_beta_minus_tridymite_p63mmc/crossing_slope_eV_per_atom_per_K/length,discrete,1,1,0.0,0.0,pass
polynomial,37,metrics/heldout_window_audit/temp_extrap/pairs/sio2:quartz_beta_minus_tridymite_p63mmc/delta_G_MAE_at_crossing_eV_per_atom/0,energy_eV_per_atom,0.02485486497109479,0.024854919149458695,5.417836390630981e-08,1e-06,pass
polynomial,37,metrics/heldout_window_audit/temp_extrap/pairs/sio2:quartz_beta_minus_tridymite_p63mmc/delta_G_MAE_at_crossing_eV_per_atom/length,discrete,1,1,0.0,0.0,pass
polynomial,37,metrics/heldout_window_audit/temp_extrap/pairs/sio2:quartz_beta_minus_tridymite_p63mmc/delta_G_MAE_eV_per_atom,energy_eV_per_atom,0.019232206414120774,0.019232206471628176,5.75074016184729e-11,1e-06,pass
polynomial,37,metrics/heldout_window_audit/temp_extrap/pairs/sio2:quartz_beta_minus_tridymite_p63mmc/delta_G_RMSE_eV_per_atom,energy_eV_per_atom,0.021200677056218874,0.02120067641280357,6.434153036749546e-10,1e-06,pass
polynomial,37,metrics/heldout_window_audit/temp_extrap/pairs/sio2:quartz_beta_minus_tridymite_p63mmc/false_crossings,discrete,0,0,0.0,0.0,pass
polynomial,37,metrics/heldout_window_audit/temp_extrap/pairs/sio2:quartz_beta_minus_tridymite_p63mmc/missed_crossings,discrete,0,0,0.0,0.0,pass
polynomial,37,metrics/heldout_window_audit/temp_extrap/pairs/sio2:quartz_beta_minus_tridymite_p63mmc/pair_support,exact_other,test_and_train_partner,test_and_train_partner,,0.0,pass
polynomial,37,metrics/heldout_window_audit/temp_extrap/pairs/sio2:quartz_beta_minus_tridymite_p63mmc/predicted_Tc_K/0,temperature_K,2206.418414669564,2206.4187625035893,0.0003478340254332579,0.05,pass
polynomial,37,metrics/heldout_window_audit/temp_extrap/pairs/sio2:quartz_beta_minus_tridymite_p63mmc/predicted_Tc_K/length,discrete,1,1,0.0,0.0,pass
polynomial,37,metrics/heldout_window_audit/temp_extrap/pairs/sio2:quartz_beta_minus_tridymite_p63mmc/predicted_Tc_by_seed_K/0/0,temperature_K,2206.418414669564,2206.4187625035893,0.0003478340254332579,0.05,pass
polynomial,37,metrics/heldout_window_audit/temp_extrap/pairs/sio2:quartz_beta_minus_tridymite_p63mmc/predicted_Tc_by_seed_K/0/length,discrete,1,1,0.0,0.0,pass
polynomial,37,metrics/heldout_window_audit/temp_extrap/pairs/sio2:quartz_beta_minus_tridymite_p63mmc/predicted_Tc_by_seed_K/length,discrete,1,1,0.0,0.0,pass
polynomial,37,metrics/heldout_window_audit/temp_extrap/pairs/sio2:quartz_beta_minus_tridymite_p63mmc/reference_Tc_K/0,temperature_K,1582.3215510581538,1582.3215510581538,0.0,0.05,pass
polynomial,37,metrics/heldout_window_audit/temp_extrap/pairs/sio2:quartz_beta_minus_tridymite_p63mmc/reference_Tc_K/length,discrete,1,1,0.0,0.0,pass
polynomial,37,metrics/heldout_window_audit/temp_extrap/pairs/sio2:quartz_beta_minus_tridymite_p63mmc/sign_accuracy,ratio,0.6215888417222559,0.6215888417222559,0.0,0.0,pass
polynomial,37,metrics/heldout_window_audit/temp_extrap/seeds/0,exact_other,37,37,0.0,0.0,pass
polynomial,37,metrics/heldout_window_audit/temp_extrap/seeds/length,discrete,1,1,0.0,0.0,pass
polynomial,37,model_internal_c_system_field,exact_other,None,None,,0.0,pass
polynomial,37,seed,exact_other,37,37,0.0,0.0,pass
polynomial,51,basis,exact_other,polynomial,polynomial,,0.0,pass
polynomial,51,calibration_constants_eV_per_atom/formal_train_window,energy_eV_per_atom,-3.1455877293778602,-3.1455877295420023,1.641420332987309e-10,1e-06,pass
polynomial,51,calibration_constants_eV_per_atom/heldout_window_audit,energy_eV_per_atom,2.996994091924878,2.9969940920305604,1.056825738032785e-10,1e-06,pass
polynomial,51,metrics/formal_train_window/full_range/G_MAE_eV_per_atom,energy_eV_per_atom,4.130858540558697,4.130858540793493,2.347952943182463e-10,1e-06,pass
polynomial,51,metrics/formal_train_window/full_range/coverage_2sigma,exact_other,0.0,0.0,0.0,0.0,pass
polynomial,51,metrics/formal_train_window/full_range/n_test_frames,exact_other,4947,4947,0.0,0.0,pass
polynomial,51,metrics/formal_train_window/full_range/pairs/sio2:cristobalite_beta_minus_quartz_beta/Tc_err_from_dG_K/0,temperature_K,2823.625319847747,2823.6271033163175,0.0017834685704656295,0.05,pass
polynomial,51,metrics/formal_train_window/full_range/pairs/sio2:cristobalite_beta_minus_quartz_beta/Tc_err_from_dG_K/length,discrete,1,1,0.0,0.0,pass
polynomial,51,metrics/formal_train_window/full_range/pairs/sio2:cristobalite_beta_minus_quartz_beta/Tc_error_K/0,temperature_K,670.4375300598047,670.4383824788999,0.0008524190952812205,0.05,pass
polynomial,51,metrics/formal_train_window/full_range/pairs/sio2:cristobalite_beta_minus_quartz_beta/Tc_error_K/length,discrete,1,1,0.0,0.0,pass
polynomial,51,metrics/formal_train_window/full_range/pairs/sio2:cristobalite_beta_minus_quartz_beta/Tc_scatter_K/0,temperature_K,0.0,0.0,0.0,0.05,pass
polynomial,51,metrics/formal_train_window/full_range/pairs/sio2:cristobalite_beta_minus_quartz_beta/Tc_scatter_K/length,discrete,1,1,0.0,0.0,pass
polynomial,51,metrics/formal_train_window/full_range/pairs/sio2:cristobalite_beta_minus_quartz_beta/crossing_slope_eV_per_atom_per_K/0,energy_eV_per_atom,7.551407561479095e-06,7.551407561479095e-06,0.0,1e-06,pass
polynomial,51,metrics/formal_train_window/full_range/pairs/sio2:cristobalite_beta_minus_quartz_beta/crossing_slope_eV_per_atom_per_K/length,discrete,1,1,0.0,0.0,pass
polynomial,51,metrics/formal_train_window/full_range/pairs/sio2:cristobalite_beta_minus_quartz_beta/delta_G_MAE_at_crossing_eV_per_atom/0,energy_eV_per_atom,0.021322345591082106,0.021322359058780153,1.3467698047053833e-08,1e-06,pass
polynomial,51,metrics/formal_train_window/full_range/pairs/sio2:cristobalite_beta_minus_quartz_beta/delta_G_MAE_at_crossing_eV_per_atom/length,discrete,1,1,0.0,0.0,pass
polynomial,51,metrics/formal_train_window/full_range/pairs/sio2:cristobalite_beta_minus_quartz_beta/delta_G_MAE_eV_per_atom,energy_eV_per_atom,0.015975283119166822,0.015975281081297768,2.0378690540612254e-09,1e-06,pass
polynomial,51,metrics/formal_train_window/full_range/pairs/sio2:cristobalite_beta_minus_quartz_beta/delta_G_RMSE_eV_per_atom,energy_eV_per_atom,0.01750270720430433,0.017502705651071863,1.5532324662559382e-09,1e-06,pass
polynomial,51,metrics/formal_train_window/full_range/pairs/sio2:cristobalite_beta_minus_quartz_beta/false_crossings,discrete,0,0,0.0,0.0,pass
polynomial,51,metrics/formal_train_window/full_range/pairs/sio2:cristobalite_beta_minus_quartz_beta/missed_crossings,discrete,0,0,0.0,0.0,pass
polynomial,51,metrics/formal_train_window/full_range/pairs/sio2:cristobalite_beta_minus_quartz_beta/pair_support,exact_other,test_only,test_only,,0.0,pass
polynomial,51,metrics/formal_train_window/full_range/pairs/sio2:cristobalite_beta_minus_quartz_beta/predicted_Tc_K/0,temperature_K,2213.146234835672,2213.1470872547675,0.0008524190952812205,0.05,pass
polynomial,51,metrics/formal_train_window/full_range/pairs/sio2:cristobalite_beta_minus_quartz_beta/predicted_Tc_K/length,discrete,1,1,0.0,0.0,pass
polynomial,51,metrics/formal_train_window/full_range/pairs/sio2:cristobalite_beta_minus_quartz_beta/predicted_Tc_by_seed_K/0/0,temperature_K,2213.146234835672,2213.1470872547675,0.0008524190952812205,0.05,pass
polynomial,51,metrics/formal_train_window/full_range/pairs/sio2:cristobalite_beta_minus_quartz_beta/predicted_Tc_by_seed_K/0/length,discrete,1,1,0.0,0.0,pass
polynomial,51,metrics/formal_train_window/full_range/pairs/sio2:cristobalite_beta_minus_quartz_beta/predicted_Tc_by_seed_K/length,discrete,1,1,0.0,0.0,pass
polynomial,51,metrics/formal_train_window/full_range/pairs/sio2:cristobalite_beta_minus_quartz_beta/reference_Tc_K/0,temperature_K,1542.7087047758675,1542.7087047758675,0.0,0.05,pass
polynomial,51,metrics/formal_train_window/full_range/pairs/sio2:cristobalite_beta_minus_quartz_beta/reference_Tc_K/length,discrete,1,1,0.0,0.0,pass
polynomial,51,metrics/formal_train_window/full_range/pairs/sio2:cristobalite_beta_minus_quartz_beta/sign_accuracy,ratio,0.593086719223772,0.593086719223772,0.0,0.0,pass
polynomial,51,metrics/formal_train_window/full_range/pairs/sio2:cristobalite_beta_minus_tridymite_p63mmc/Tc_err_from_dG_K/length,discrete,0,0,0.0,0.0,pass
polynomial,51,metrics/formal_train_window/full_range/pairs/sio2:cristobalite_beta_minus_tridymite_p63mmc/Tc_error_K/length,discrete,0,0,0.0,0.0,pass
polynomial,51,metrics/formal_train_window/full_range/pairs/sio2:cristobalite_beta_minus_tridymite_p63mmc/Tc_scatter_K/length,discrete,0,0,0.0,0.0,pass
polynomial,51,metrics/formal_train_window/full_range/pairs/sio2:cristobalite_beta_minus_tridymite_p63mmc/crossing_slope_eV_per_atom_per_K/length,discrete,0,0,0.0,0.0,pass
polynomial,51,metrics/formal_train_window/full_range/pairs/sio2:cristobalite_beta_minus_tridymite_p63mmc/delta_G_MAE_at_crossing_eV_per_atom/length,discrete,0,0,0.0,0.0,pass
polynomial,51,metrics/formal_train_window/full_range/pairs/sio2:cristobalite_beta_minus_tridymite_p63mmc/delta_G_MAE_eV_per_atom,energy_eV_per_atom,0.003287209844980812,0.0032872094037204955,4.4126031648050734e-10,1e-06,pass
polynomial,51,metrics/formal_train_window/full_range/pairs/sio2:cristobalite_beta_minus_tridymite_p63mmc/delta_G_RMSE_eV_per_atom,energy_eV_per_atom,0.0037272952406054204,0.003727294842411471,3.9819394960158294e-10,1e-06,pass
polynomial,51,metrics/formal_train_window/full_range/pairs/sio2:cristobalite_beta_minus_tridymite_p63mmc/false_crossings,discrete,1,1,0.0,0.0,pass
polynomial,51,metrics/formal_train_window/full_range/pairs/sio2:cristobalite_beta_minus_tridymite_p63mmc/missed_crossings,discrete,0,0,0.0,0.0,pass
polynomial,51,metrics/formal_train_window/full_range/pairs/sio2:cristobalite_beta_minus_tridymite_p63mmc/pair_support,exact_other,test_only,test_only,,0.0,pass
polynomial,51,metrics/formal_train_window/full_range/pairs/sio2:cristobalite_beta_minus_tridymite_p63mmc/predicted_Tc_K/0,temperature_K,2187.704205505493,2187.717200900987,0.012995395493817341,0.05,pass
polynomial,51,metrics/formal_train_window/full_range/pairs/sio2:cristobalite_beta_minus_tridymite_p63mmc/predicted_Tc_K/length,discrete,1,1,0.0,0.0,pass
polynomial,51,metrics/formal_train_window/full_range/pairs/sio2:cristobalite_beta_minus_tridymite_p63mmc/predicted_Tc_by_seed_K/0/0,temperature_K,2187.704205505493,2187.717200900987,0.012995395493817341,0.05,pass
polynomial,51,metrics/formal_train_window/full_range/pairs/sio2:cristobalite_beta_minus_tridymite_p63mmc/predicted_Tc_by_seed_K/0/length,discrete,1,1,0.0,0.0,pass
polynomial,51,metrics/formal_train_window/full_range/pairs/sio2:cristobalite_beta_minus_tridymite_p63mmc/predicted_Tc_by_seed_K/length,discrete,1,1,0.0,0.0,pass
polynomial,51,metrics/formal_train_window/full_range/pairs/sio2:cristobalite_beta_minus_tridymite_p63mmc/reference_Tc_K/length,discrete,0,0,0.0,0.0,pass
polynomial,51,metrics/formal_train_window/full_range/pairs/sio2:cristobalite_beta_minus_tridymite_p63mmc/sign_accuracy,ratio,0.810794420861128,0.810794420861128,0.0,0.0,pass
polynomial,51,metrics/formal_train_window/full_range/pairs/sio2:quartz_beta_minus_tridymite_p63mmc/Tc_err_from_dG_K/0,temperature_K,3317.336287135916,3317.335303966552,0.0009831693637352146,0.05,pass
polynomial,51,metrics/formal_train_window/full_range/pairs/sio2:quartz_beta_minus_tridymite_p63mmc/Tc_err_from_dG_K/length,discrete,1,1,0.0,0.0,pass
polynomial,51,metrics/formal_train_window/full_range/pairs/sio2:quartz_beta_minus_tridymite_p63mmc/Tc_error_K/0,temperature_K,626.7641464308379,626.764990737064,0.0008443062260994338,0.05,pass
polynomial,51,metrics/formal_train_window/full_range/pairs/sio2:quartz_beta_minus_tridymite_p63mmc/Tc_error_K/length,discrete,1,1,0.0,0.0,pass
polynomial,51,metrics/formal_train_window/full_range/pairs/sio2:quartz_beta_minus_tridymite_p63mmc/Tc_scatter_K/0,temperature_K,0.0,0.0,0.0,0.05,pass
polynomial,51,metrics/formal_train_window/full_range/pairs/sio2:quartz_beta_minus_tridymite_p63mmc/Tc_scatter_K/length,discrete,1,1,0.0,0.0,pass
polynomial,51,metrics/formal_train_window/full_range/pairs/sio2:quartz_beta_minus_tridymite_p63mmc/crossing_slope_eV_per_atom_per_K/0,energy_eV_per_atom,7.448345272997869e-06,7.448345272997869e-06,0.0,1e-06,pass
polynomial,51,metrics/formal_train_window/full_range/pairs/sio2:quartz_beta_minus_tridymite_p63mmc/crossing_slope_eV_per_atom_per_K/length,discrete,1,1,0.0,0.0,pass
polynomial,51,metrics/formal_train_window/full_range/pairs/sio2:quartz_beta_minus_tridymite_p63mmc/delta_G_MAE_at_crossing_eV_per_atom/0,energy_eV_per_atom,0.024708666053233103,0.024708658730248217,7.322984885149708e-09,1e-06,pass
polynomial,51,metrics/formal_train_window/full_range/pairs/sio2:quartz_beta_minus_tridymite_p63mmc/delta_G_MAE_at_crossing_eV_per_atom/length,discrete,1,1,0.0,0.0,pass
polynomial,51,metrics/formal_train_window/full_range/pairs/sio2:quartz_beta_minus_tridymite_p63mmc/delta_G_MAE_eV_per_atom,energy_eV_per_atom,0.01912251838611676,0.01912251626286385,2.1232529102965803e-09,1e-06,pass
polynomial,51,metrics/formal_train_window/full_range/pairs/sio2:quartz_beta_minus_tridymite_p63mmc/delta_G_RMSE_eV_per_atom,energy_eV_per_atom,0.021084289203249697,0.02108428769817868,1.5050710157338276e-09,1e-06,pass
polynomial,51,metrics/formal_train_window/full_range/pairs/sio2:quartz_beta_minus_tridymite_p63mmc/false_crossings,discrete,0,0,0.0,0.0,pass
polynomial,51,metrics/formal_train_window/full_range/pairs/sio2:quartz_beta_minus_tridymite_p63mmc/missed_crossings,discrete,0,0,0.0,0.0,pass
polynomial,51,metrics/formal_train_window/full_range/pairs/sio2:quartz_beta_minus_tridymite_p63mmc/pair_support,exact_other,test_only,test_only,,0.0,pass
polynomial,51,metrics/formal_train_window/full_range/pairs/sio2:quartz_beta_minus_tridymite_p63mmc/predicted_Tc_K/0,temperature_K,2209.0856974889916,2209.0865417952177,0.0008443062260994338,0.05,pass
polynomial,51,metrics/formal_train_window/full_range/pairs/sio2:quartz_beta_minus_tridymite_p63mmc/predicted_Tc_K/length,discrete,1,1,0.0,0.0,pass
polynomial,51,metrics/formal_train_window/full_range/pairs/sio2:quartz_beta_minus_tridymite_p63mmc/predicted_Tc_by_seed_K/0/0,temperature_K,2209.0856974889916,2209.0865417952177,0.0008443062260994338,0.05,pass
polynomial,51,metrics/formal_train_window/full_range/pairs/sio2:quartz_beta_minus_tridymite_p63mmc/predicted_Tc_by_seed_K/0/length,discrete,1,1,0.0,0.0,pass
polynomial,51,metrics/formal_train_window/full_range/pairs/sio2:quartz_beta_minus_tridymite_p63mmc/predicted_Tc_by_seed_K/length,discrete,1,1,0.0,0.0,pass
polynomial,51,metrics/formal_train_window/full_range/pairs/sio2:quartz_beta_minus_tridymite_p63mmc/reference_Tc_K/0,temperature_K,1582.3215510581538,1582.3215510581538,0.0,0.05,pass
polynomial,51,metrics/formal_train_window/full_range/pairs/sio2:quartz_beta_minus_tridymite_p63mmc/reference_Tc_K/length,discrete,1,1,0.0,0.0,pass
polynomial,51,metrics/formal_train_window/full_range/pairs/sio2:quartz_beta_minus_tridymite_p63mmc/sign_accuracy,ratio,0.6197695573074591,0.6197695573074591,0.0,0.0,pass
polynomial,51,metrics/formal_train_window/full_range/seeds/0,exact_other,51,51,0.0,0.0,pass
polynomial,51,metrics/formal_train_window/full_range/seeds/length,discrete,1,1,0.0,0.0,pass
polynomial,51,metrics/formal_train_window/temp_extrap/G_MAE_eV_per_atom,energy_eV_per_atom,6.142581821302738,6.142581821572563,2.6982505119121925e-10,1e-06,pass
polynomial,51,metrics/formal_train_window/temp_extrap/coverage_2sigma,exact_other,0.0,0.0,0.0,0.0,pass
polynomial,51,metrics/formal_train_window/temp_extrap/n_test_frames,exact_other,3171,3171,0.0,0.0,pass
polynomial,51,metrics/formal_train_window/temp_extrap/pairs/sio2:cristobalite_beta_minus_quartz_beta/Tc_err_from_dG_K/0,temperature_K,2823.625319847747,2823.6271033163175,0.0017834685704656295,0.05,pass
polynomial,51,metrics/formal_train_window/temp_extrap/pairs/sio2:cristobalite_beta_minus_quartz_beta/Tc_err_from_dG_K/length,discrete,1,1,0.0,0.0,pass
polynomial,51,metrics/formal_train_window/temp_extrap/pairs/sio2:cristobalite_beta_minus_quartz_beta/Tc_error_K/0,temperature_K,670.4375300598047,670.4383824788999,0.0008524190952812205,0.05,pass
polynomial,51,metrics/formal_train_window/temp_extrap/pairs/sio2:cristobalite_beta_minus_quartz_beta/Tc_error_K/length,discrete,1,1,0.0,0.0,pass
polynomial,51,metrics/formal_train_window/temp_extrap/pairs/sio2:cristobalite_beta_minus_quartz_beta/Tc_scatter_K/0,temperature_K,0.0,0.0,0.0,0.05,pass
polynomial,51,metrics/formal_train_window/temp_extrap/pairs/sio2:cristobalite_beta_minus_quartz_beta/Tc_scatter_K/length,discrete,1,1,0.0,0.0,pass
polynomial,51,metrics/formal_train_window/temp_extrap/pairs/sio2:cristobalite_beta_minus_quartz_beta/crossing_slope_eV_per_atom_per_K/0,energy_eV_per_atom,7.551407561479095e-06,7.551407561479095e-06,0.0,1e-06,pass
polynomial,51,metrics/formal_train_window/temp_extrap/pairs/sio2:cristobalite_beta_minus_quartz_beta/crossing_slope_eV_per_atom_per_K/length,discrete,1,1,0.0,0.0,pass
polynomial,51,metrics/formal_train_window/temp_extrap/pairs/sio2:cristobalite_beta_minus_quartz_beta/delta_G_MAE_at_crossing_eV_per_atom/0,energy_eV_per_atom,0.021322345591082106,0.021322359058780153,1.3467698047053833e-08,1e-06,pass
polynomial,51,metrics/formal_train_window/temp_extrap/pairs/sio2:cristobalite_beta_minus_quartz_beta/delta_G_MAE_at_crossing_eV_per_atom/length,discrete,1,1,0.0,0.0,pass
polynomial,51,metrics/formal_train_window/temp_extrap/pairs/sio2:cristobalite_beta_minus_quartz_beta/delta_G_MAE_eV_per_atom,energy_eV_per_atom,0.015975283119166822,0.015975281081297768,2.0378690540612254e-09,1e-06,pass
polynomial,51,metrics/formal_train_window/temp_extrap/pairs/sio2:cristobalite_beta_minus_quartz_beta/delta_G_RMSE_eV_per_atom,energy_eV_per_atom,0.01750270720430433,0.017502705651071863,1.5532324662559382e-09,1e-06,pass
polynomial,51,metrics/formal_train_window/temp_extrap/pairs/sio2:cristobalite_beta_minus_quartz_beta/false_crossings,discrete,0,0,0.0,0.0,pass
polynomial,51,metrics/formal_train_window/temp_extrap/pairs/sio2:cristobalite_beta_minus_quartz_beta/missed_crossings,discrete,0,0,0.0,0.0,pass
polynomial,51,metrics/formal_train_window/temp_extrap/pairs/sio2:cristobalite_beta_minus_quartz_beta/pair_support,exact_other,test_and_train_partner,test_and_train_partner,,0.0,pass
polynomial,51,metrics/formal_train_window/temp_extrap/pairs/sio2:cristobalite_beta_minus_quartz_beta/predicted_Tc_K/0,temperature_K,2213.146234835672,2213.1470872547675,0.0008524190952812205,0.05,pass
polynomial,51,metrics/formal_train_window/temp_extrap/pairs/sio2:cristobalite_beta_minus_quartz_beta/predicted_Tc_K/length,discrete,1,1,0.0,0.0,pass
polynomial,51,metrics/formal_train_window/temp_extrap/pairs/sio2:cristobalite_beta_minus_quartz_beta/predicted_Tc_by_seed_K/0/0,temperature_K,2213.146234835672,2213.1470872547675,0.0008524190952812205,0.05,pass
polynomial,51,metrics/formal_train_window/temp_extrap/pairs/sio2:cristobalite_beta_minus_quartz_beta/predicted_Tc_by_seed_K/0/length,discrete,1,1,0.0,0.0,pass
polynomial,51,metrics/formal_train_window/temp_extrap/pairs/sio2:cristobalite_beta_minus_quartz_beta/predicted_Tc_by_seed_K/length,discrete,1,1,0.0,0.0,pass
polynomial,51,metrics/formal_train_window/temp_extrap/pairs/sio2:cristobalite_beta_minus_quartz_beta/reference_Tc_K/0,temperature_K,1542.7087047758675,1542.7087047758675,0.0,0.05,pass
polynomial,51,metrics/formal_train_window/temp_extrap/pairs/sio2:cristobalite_beta_minus_quartz_beta/reference_Tc_K/length,discrete,1,1,0.0,0.0,pass
polynomial,51,metrics/formal_train_window/temp_extrap/pairs/sio2:cristobalite_beta_minus_quartz_beta/sign_accuracy,ratio,0.593086719223772,0.593086719223772,0.0,0.0,pass
polynomial,51,metrics/formal_train_window/temp_extrap/pairs/sio2:cristobalite_beta_minus_tridymite_p63mmc/Tc_err_from_dG_K/length,discrete,0,0,0.0,0.0,pass
polynomial,51,metrics/formal_train_window/temp_extrap/pairs/sio2:cristobalite_beta_minus_tridymite_p63mmc/Tc_error_K/length,discrete,0,0,0.0,0.0,pass
polynomial,51,metrics/formal_train_window/temp_extrap/pairs/sio2:cristobalite_beta_minus_tridymite_p63mmc/Tc_scatter_K/length,discrete,0,0,0.0,0.0,pass
polynomial,51,metrics/formal_train_window/temp_extrap/pairs/sio2:cristobalite_beta_minus_tridymite_p63mmc/crossing_slope_eV_per_atom_per_K/length,discrete,0,0,0.0,0.0,pass
polynomial,51,metrics/formal_train_window/temp_extrap/pairs/sio2:cristobalite_beta_minus_tridymite_p63mmc/delta_G_MAE_at_crossing_eV_per_atom/length,discrete,0,0,0.0,0.0,pass
polynomial,51,metrics/formal_train_window/temp_extrap/pairs/sio2:cristobalite_beta_minus_tridymite_p63mmc/delta_G_MAE_eV_per_atom,energy_eV_per_atom,0.003287209844980812,0.0032872094037204955,4.4126031648050734e-10,1e-06,pass
polynomial,51,metrics/formal_train_window/temp_extrap/pairs/sio2:cristobalite_beta_minus_tridymite_p63mmc/delta_G_RMSE_eV_per_atom,energy_eV_per_atom,0.0037272952406054204,0.003727294842411471,3.9819394960158294e-10,1e-06,pass
polynomial,51,metrics/formal_train_window/temp_extrap/pairs/sio2:cristobalite_beta_minus_tridymite_p63mmc/false_crossings,discrete,1,1,0.0,0.0,pass
polynomial,51,metrics/formal_train_window/temp_extrap/pairs/sio2:cristobalite_beta_minus_tridymite_p63mmc/missed_crossings,discrete,0,0,0.0,0.0,pass
polynomial,51,metrics/formal_train_window/temp_extrap/pairs/sio2:cristobalite_beta_minus_tridymite_p63mmc/pair_support,exact_other,test_and_train_partner,test_and_train_partner,,0.0,pass
polynomial,51,metrics/formal_train_window/temp_extrap/pairs/sio2:cristobalite_beta_minus_tridymite_p63mmc/predicted_Tc_K/0,temperature_K,2187.704205505493,2187.717200900987,0.012995395493817341,0.05,pass
polynomial,51,metrics/formal_train_window/temp_extrap/pairs/sio2:cristobalite_beta_minus_tridymite_p63mmc/predicted_Tc_K/length,discrete,1,1,0.0,0.0,pass
polynomial,51,metrics/formal_train_window/temp_extrap/pairs/sio2:cristobalite_beta_minus_tridymite_p63mmc/predicted_Tc_by_seed_K/0/0,temperature_K,2187.704205505493,2187.717200900987,0.012995395493817341,0.05,pass
polynomial,51,metrics/formal_train_window/temp_extrap/pairs/sio2:cristobalite_beta_minus_tridymite_p63mmc/predicted_Tc_by_seed_K/0/length,discrete,1,1,0.0,0.0,pass
polynomial,51,metrics/formal_train_window/temp_extrap/pairs/sio2:cristobalite_beta_minus_tridymite_p63mmc/predicted_Tc_by_seed_K/length,discrete,1,1,0.0,0.0,pass
polynomial,51,metrics/formal_train_window/temp_extrap/pairs/sio2:cristobalite_beta_minus_tridymite_p63mmc/reference_Tc_K/length,discrete,0,0,0.0,0.0,pass
polynomial,51,metrics/formal_train_window/temp_extrap/pairs/sio2:cristobalite_beta_minus_tridymite_p63mmc/sign_accuracy,ratio,0.810794420861128,0.810794420861128,0.0,0.0,pass
polynomial,51,metrics/formal_train_window/temp_extrap/pairs/sio2:quartz_beta_minus_tridymite_p63mmc/Tc_err_from_dG_K/0,temperature_K,3317.336287135916,3317.335303966552,0.0009831693637352146,0.05,pass
polynomial,51,metrics/formal_train_window/temp_extrap/pairs/sio2:quartz_beta_minus_tridymite_p63mmc/Tc_err_from_dG_K/length,discrete,1,1,0.0,0.0,pass
polynomial,51,metrics/formal_train_window/temp_extrap/pairs/sio2:quartz_beta_minus_tridymite_p63mmc/Tc_error_K/0,temperature_K,626.7641464308379,626.764990737064,0.0008443062260994338,0.05,pass
polynomial,51,metrics/formal_train_window/temp_extrap/pairs/sio2:quartz_beta_minus_tridymite_p63mmc/Tc_error_K/length,discrete,1,1,0.0,0.0,pass
polynomial,51,metrics/formal_train_window/temp_extrap/pairs/sio2:quartz_beta_minus_tridymite_p63mmc/Tc_scatter_K/0,temperature_K,0.0,0.0,0.0,0.05,pass
polynomial,51,metrics/formal_train_window/temp_extrap/pairs/sio2:quartz_beta_minus_tridymite_p63mmc/Tc_scatter_K/length,discrete,1,1,0.0,0.0,pass
polynomial,51,metrics/formal_train_window/temp_extrap/pairs/sio2:quartz_beta_minus_tridymite_p63mmc/crossing_slope_eV_per_atom_per_K/0,energy_eV_per_atom,7.448345272997869e-06,7.448345272997869e-06,0.0,1e-06,pass
polynomial,51,metrics/formal_train_window/temp_extrap/pairs/sio2:quartz_beta_minus_tridymite_p63mmc/crossing_slope_eV_per_atom_per_K/length,discrete,1,1,0.0,0.0,pass
polynomial,51,metrics/formal_train_window/temp_extrap/pairs/sio2:quartz_beta_minus_tridymite_p63mmc/delta_G_MAE_at_crossing_eV_per_atom/0,energy_eV_per_atom,0.024708666053233103,0.024708658730248217,7.322984885149708e-09,1e-06,pass
polynomial,51,metrics/formal_train_window/temp_extrap/pairs/sio2:quartz_beta_minus_tridymite_p63mmc/delta_G_MAE_at_crossing_eV_per_atom/length,discrete,1,1,0.0,0.0,pass
polynomial,51,metrics/formal_train_window/temp_extrap/pairs/sio2:quartz_beta_minus_tridymite_p63mmc/delta_G_MAE_eV_per_atom,energy_eV_per_atom,0.01912251838611676,0.01912251626286385,2.1232529102965803e-09,1e-06,pass
polynomial,51,metrics/formal_train_window/temp_extrap/pairs/sio2:quartz_beta_minus_tridymite_p63mmc/delta_G_RMSE_eV_per_atom,energy_eV_per_atom,0.021084289203249697,0.02108428769817868,1.5050710157338276e-09,1e-06,pass
polynomial,51,metrics/formal_train_window/temp_extrap/pairs/sio2:quartz_beta_minus_tridymite_p63mmc/false_crossings,discrete,0,0,0.0,0.0,pass
polynomial,51,metrics/formal_train_window/temp_extrap/pairs/sio2:quartz_beta_minus_tridymite_p63mmc/missed_crossings,discrete,0,0,0.0,0.0,pass
polynomial,51,metrics/formal_train_window/temp_extrap/pairs/sio2:quartz_beta_minus_tridymite_p63mmc/pair_support,exact_other,test_and_train_partner,test_and_train_partner,,0.0,pass
polynomial,51,metrics/formal_train_window/temp_extrap/pairs/sio2:quartz_beta_minus_tridymite_p63mmc/predicted_Tc_K/0,temperature_K,2209.0856974889916,2209.0865417952177,0.0008443062260994338,0.05,pass
polynomial,51,metrics/formal_train_window/temp_extrap/pairs/sio2:quartz_beta_minus_tridymite_p63mmc/predicted_Tc_K/length,discrete,1,1,0.0,0.0,pass
polynomial,51,metrics/formal_train_window/temp_extrap/pairs/sio2:quartz_beta_minus_tridymite_p63mmc/predicted_Tc_by_seed_K/0/0,temperature_K,2209.0856974889916,2209.0865417952177,0.0008443062260994338,0.05,pass
polynomial,51,metrics/formal_train_window/temp_extrap/pairs/sio2:quartz_beta_minus_tridymite_p63mmc/predicted_Tc_by_seed_K/0/length,discrete,1,1,0.0,0.0,pass
polynomial,51,metrics/formal_train_window/temp_extrap/pairs/sio2:quartz_beta_minus_tridymite_p63mmc/predicted_Tc_by_seed_K/length,discrete,1,1,0.0,0.0,pass
polynomial,51,metrics/formal_train_window/temp_extrap/pairs/sio2:quartz_beta_minus_tridymite_p63mmc/reference_Tc_K/0,temperature_K,1582.3215510581538,1582.3215510581538,0.0,0.05,pass
polynomial,51,metrics/formal_train_window/temp_extrap/pairs/sio2:quartz_beta_minus_tridymite_p63mmc/reference_Tc_K/length,discrete,1,1,0.0,0.0,pass
polynomial,51,metrics/formal_train_window/temp_extrap/pairs/sio2:quartz_beta_minus_tridymite_p63mmc/sign_accuracy,ratio,0.6197695573074591,0.6197695573074591,0.0,0.0,pass
polynomial,51,metrics/formal_train_window/temp_extrap/seeds/0,exact_other,51,51,0.0,0.0,pass
polynomial,51,metrics/formal_train_window/temp_extrap/seeds/length,discrete,1,1,0.0,0.0,pass
polynomial,51,metrics/heldout_window_audit/full_range/G_MAE_eV_per_atom,energy_eV_per_atom,4.097020586938227,4.09702058649807,4.4015635580763046e-10,1e-06,pass
polynomial,51,metrics/heldout_window_audit/full_range/coverage_2sigma,exact_other,0.0,0.0,0.0,0.0,pass
polynomial,51,metrics/heldout_window_audit/full_range/n_test_frames,exact_other,4947,4947,0.0,0.0,pass
polynomial,51,metrics/heldout_window_audit/full_range/pairs/sio2:cristobalite_beta_minus_quartz_beta/Tc_err_from_dG_K/0,temperature_K,2823.625319847914,2823.6271033163175,0.0017834684035733517,0.05,pass
polynomial,51,metrics/heldout_window_audit/full_range/pairs/sio2:cristobalite_beta_minus_quartz_beta/Tc_err_from_dG_K/length,discrete,1,1,0.0,0.0,pass
polynomial,51,metrics/heldout_window_audit/full_range/pairs/sio2:cristobalite_beta_minus_quartz_beta/Tc_error_K/0,temperature_K,670.4375300598097,670.4383824789049,0.0008524190952812205,0.05,pass
polynomial,51,metrics/heldout_window_audit/full_range/pairs/sio2:cristobalite_beta_minus_quartz_beta/Tc_error_K/length,discrete,1,1,0.0,0.0,pass
polynomial,51,metrics/heldout_window_audit/full_range/pairs/sio2:cristobalite_beta_minus_quartz_beta/Tc_scatter_K/0,temperature_K,0.0,0.0,0.0,0.05,pass
polynomial,51,metrics/heldout_window_audit/full_range/pairs/sio2:cristobalite_beta_minus_quartz_beta/Tc_scatter_K/length,discrete,1,1,0.0,0.0,pass
polynomial,51,metrics/heldout_window_audit/full_range/pairs/sio2:cristobalite_beta_minus_quartz_beta/crossing_slope_eV_per_atom_per_K/0,energy_eV_per_atom,7.551407561479095e-06,7.551407561479095e-06,0.0,1e-06,pass
polynomial,51,metrics/heldout_window_audit/full_range/pairs/sio2:cristobalite_beta_minus_quartz_beta/crossing_slope_eV_per_atom_per_K/length,discrete,1,1,0.0,0.0,pass
polynomial,51,metrics/heldout_window_audit/full_range/pairs/sio2:cristobalite_beta_minus_quartz_beta/delta_G_MAE_at_crossing_eV_per_atom/0,energy_eV_per_atom,0.021322345591083366,0.021322359058780153,1.346769678764459e-08,1e-06,pass
polynomial,51,metrics/heldout_window_audit/full_range/pairs/sio2:cristobalite_beta_minus_quartz_beta/delta_G_MAE_at_crossing_eV_per_atom/length,discrete,1,1,0.0,0.0,pass
polynomial,51,metrics/heldout_window_audit/full_range/pairs/sio2:cristobalite_beta_minus_quartz_beta/delta_G_MAE_eV_per_atom,energy_eV_per_atom,0.015975283119166725,0.015975281081297747,2.0378689777333925e-09,1e-06,pass
polynomial,51,metrics/heldout_window_audit/full_range/pairs/sio2:cristobalite_beta_minus_quartz_beta/delta_G_RMSE_eV_per_atom,energy_eV_per_atom,0.01750270720430433,0.017502705651071808,1.5532325217670895e-09,1e-06,pass
polynomial,51,metrics/heldout_window_audit/full_range/pairs/sio2:cristobalite_beta_minus_quartz_beta/false_crossings,discrete,0,0,0.0,0.0,pass
polynomial,51,metrics/heldout_window_audit/full_range/pairs/sio2:cristobalite_beta_minus_quartz_beta/missed_crossings,discrete,0,0,0.0,0.0,pass
polynomial,51,metrics/heldout_window_audit/full_range/pairs/sio2:cristobalite_beta_minus_quartz_beta/pair_support,exact_other,test_only,test_only,,0.0,pass
polynomial,51,metrics/heldout_window_audit/full_range/pairs/sio2:cristobalite_beta_minus_quartz_beta/predicted_Tc_K/0,temperature_K,2213.146234835677,2213.1470872547725,0.0008524190952812205,0.05,pass
polynomial,51,metrics/heldout_window_audit/full_range/pairs/sio2:cristobalite_beta_minus_quartz_beta/predicted_Tc_K/length,discrete,1,1,0.0,0.0,pass
polynomial,51,metrics/heldout_window_audit/full_range/pairs/sio2:cristobalite_beta_minus_quartz_beta/predicted_Tc_by_seed_K/0/0,temperature_K,2213.146234835677,2213.1470872547725,0.0008524190952812205,0.05,pass
polynomial,51,metrics/heldout_window_audit/full_range/pairs/sio2:cristobalite_beta_minus_quartz_beta/predicted_Tc_by_seed_K/0/length,discrete,1,1,0.0,0.0,pass
polynomial,51,metrics/heldout_window_audit/full_range/pairs/sio2:cristobalite_beta_minus_quartz_beta/predicted_Tc_by_seed_K/length,discrete,1,1,0.0,0.0,pass
polynomial,51,metrics/heldout_window_audit/full_range/pairs/sio2:cristobalite_beta_minus_quartz_beta/reference_Tc_K/0,temperature_K,1542.7087047758675,1542.7087047758675,0.0,0.05,pass
polynomial,51,metrics/heldout_window_audit/full_range/pairs/sio2:cristobalite_beta_minus_quartz_beta/reference_Tc_K/length,discrete,1,1,0.0,0.0,pass
polynomial,51,metrics/heldout_window_audit/full_range/pairs/sio2:cristobalite_beta_minus_quartz_beta/sign_accuracy,ratio,0.593086719223772,0.593086719223772,0.0,0.0,pass
polynomial,51,metrics/heldout_window_audit/full_range/pairs/sio2:cristobalite_beta_minus_tridymite_p63mmc/Tc_err_from_dG_K/length,discrete,0,0,0.0,0.0,pass
polynomial,51,metrics/heldout_window_audit/full_range/pairs/sio2:cristobalite_beta_minus_tridymite_p63mmc/Tc_error_K/length,discrete,0,0,0.0,0.0,pass
polynomial,51,metrics/heldout_window_audit/full_range/pairs/sio2:cristobalite_beta_minus_tridymite_p63mmc/Tc_scatter_K/length,discrete,0,0,0.0,0.0,pass
polynomial,51,metrics/heldout_window_audit/full_range/pairs/sio2:cristobalite_beta_minus_tridymite_p63mmc/crossing_slope_eV_per_atom_per_K/length,discrete,0,0,0.0,0.0,pass
polynomial,51,metrics/heldout_window_audit/full_range/pairs/sio2:cristobalite_beta_minus_tridymite_p63mmc/delta_G_MAE_at_crossing_eV_per_atom/length,discrete,0,0,0.0,0.0,pass
polynomial,51,metrics/heldout_window_audit/full_range/pairs/sio2:cristobalite_beta_minus_tridymite_p63mmc/delta_G_MAE_eV_per_atom,energy_eV_per_atom,0.0032872098449807895,0.0032872094037205667,4.4126022280543964e-10,1e-06,pass
polynomial,51,metrics/heldout_window_audit/full_range/pairs/sio2:cristobalite_beta_minus_tridymite_p63mmc/delta_G_RMSE_eV_per_atom,energy_eV_per_atom,0.0037272952406054057,0.003727294842411542,3.981938637327709e-10,1e-06,pass
polynomial,51,metrics/heldout_window_audit/full_range/pairs/sio2:cristobalite_beta_minus_tridymite_p63mmc/false_crossings,discrete,1,1,0.0,0.0,pass
polynomial,51,metrics/heldout_window_audit/full_range/pairs/sio2:cristobalite_beta_minus_tridymite_p63mmc/missed_crossings,discrete,0,0,0.0,0.0,pass
polynomial,51,metrics/heldout_window_audit/full_range/pairs/sio2:cristobalite_beta_minus_tridymite_p63mmc/pair_support,exact_other,test_only,test_only,,0.0,pass
polynomial,51,metrics/heldout_window_audit/full_range/pairs/sio2:cristobalite_beta_minus_tridymite_p63mmc/predicted_Tc_K/0,temperature_K,2187.704205505629,2187.717200900987,0.012995395357847883,0.05,pass
polynomial,51,metrics/heldout_window_audit/full_range/pairs/sio2:cristobalite_beta_minus_tridymite_p63mmc/predicted_Tc_K/length,discrete,1,1,0.0,0.0,pass
polynomial,51,metrics/heldout_window_audit/full_range/pairs/sio2:cristobalite_beta_minus_tridymite_p63mmc/predicted_Tc_by_seed_K/0/0,temperature_K,2187.704205505629,2187.717200900987,0.012995395357847883,0.05,pass
polynomial,51,metrics/heldout_window_audit/full_range/pairs/sio2:cristobalite_beta_minus_tridymite_p63mmc/predicted_Tc_by_seed_K/0/length,discrete,1,1,0.0,0.0,pass
polynomial,51,metrics/heldout_window_audit/full_range/pairs/sio2:cristobalite_beta_minus_tridymite_p63mmc/predicted_Tc_by_seed_K/length,discrete,1,1,0.0,0.0,pass
polynomial,51,metrics/heldout_window_audit/full_range/pairs/sio2:cristobalite_beta_minus_tridymite_p63mmc/reference_Tc_K/length,discrete,0,0,0.0,0.0,pass
polynomial,51,metrics/heldout_window_audit/full_range/pairs/sio2:cristobalite_beta_minus_tridymite_p63mmc/sign_accuracy,ratio,0.810794420861128,0.810794420861128,0.0,0.0,pass
polynomial,51,metrics/heldout_window_audit/full_range/pairs/sio2:quartz_beta_minus_tridymite_p63mmc/Tc_err_from_dG_K/0,temperature_K,3317.336287135754,3317.335303966552,0.0009831692018451577,0.05,pass
polynomial,51,metrics/heldout_window_audit/full_range/pairs/sio2:quartz_beta_minus_tridymite_p63mmc/Tc_err_from_dG_K/length,discrete,1,1,0.0,0.0,pass
polynomial,51,metrics/heldout_window_audit/full_range/pairs/sio2:quartz_beta_minus_tridymite_p63mmc/Tc_error_K/0,temperature_K,626.7641464308101,626.764990737089,0.0008443062788501265,0.05,pass
polynomial,51,metrics/heldout_window_audit/full_range/pairs/sio2:quartz_beta_minus_tridymite_p63mmc/Tc_error_K/length,discrete,1,1,0.0,0.0,pass
polynomial,51,metrics/heldout_window_audit/full_range/pairs/sio2:quartz_beta_minus_tridymite_p63mmc/Tc_scatter_K/0,temperature_K,0.0,0.0,0.0,0.05,pass
polynomial,51,metrics/heldout_window_audit/full_range/pairs/sio2:quartz_beta_minus_tridymite_p63mmc/Tc_scatter_K/length,discrete,1,1,0.0,0.0,pass
polynomial,51,metrics/heldout_window_audit/full_range/pairs/sio2:quartz_beta_minus_tridymite_p63mmc/crossing_slope_eV_per_atom_per_K/0,energy_eV_per_atom,7.448345272997869e-06,7.448345272997869e-06,0.0,1e-06,pass
polynomial,51,metrics/heldout_window_audit/full_range/pairs/sio2:quartz_beta_minus_tridymite_p63mmc/crossing_slope_eV_per_atom_per_K/length,discrete,1,1,0.0,0.0,pass
polynomial,51,metrics/heldout_window_audit/full_range/pairs/sio2:quartz_beta_minus_tridymite_p63mmc/delta_G_MAE_at_crossing_eV_per_atom/0,energy_eV_per_atom,0.024708666053231895,0.024708658730248217,7.322983677782169e-09,1e-06,pass
polynomial,51,metrics/heldout_window_audit/full_range/pairs/sio2:quartz_beta_minus_tridymite_p63mmc/delta_G_MAE_at_crossing_eV_per_atom/length,discrete,1,1,0.0,0.0,pass
polynomial,51,metrics/heldout_window_audit/full_range/pairs/sio2:quartz_beta_minus_tridymite_p63mmc/delta_G_MAE_eV_per_atom,energy_eV_per_atom,0.019122518386116748,0.019122516262863844,2.1232529033576863e-09,1e-06,pass
polynomial,51,metrics/heldout_window_audit/full_range/pairs/sio2:quartz_beta_minus_tridymite_p63mmc/delta_G_RMSE_eV_per_atom,energy_eV_per_atom,0.021084289203249694,0.021084287698178678,1.5050710157338276e-09,1e-06,pass
polynomial,51,metrics/heldout_window_audit/full_range/pairs/sio2:quartz_beta_minus_tridymite_p63mmc/false_crossings,discrete,0,0,0.0,0.0,pass
polynomial,51,metrics/heldout_window_audit/full_range/pairs/sio2:quartz_beta_minus_tridymite_p63mmc/missed_crossings,discrete,0,0,0.0,0.0,pass
polynomial,51,metrics/heldout_window_audit/full_range/pairs/sio2:quartz_beta_minus_tridymite_p63mmc/pair_support,exact_other,test_only,test_only,,0.0,pass
polynomial,51,metrics/heldout_window_audit/full_range/pairs/sio2:quartz_beta_minus_tridymite_p63mmc/predicted_Tc_K/0,temperature_K,2209.085697488964,2209.0865417952427,0.0008443062788501265,0.05,pass
polynomial,51,metrics/heldout_window_audit/full_range/pairs/sio2:quartz_beta_minus_tridymite_p63mmc/predicted_Tc_K/length,discrete,1,1,0.0,0.0,pass
polynomial,51,metrics/heldout_window_audit/full_range/pairs/sio2:quartz_beta_minus_tridymite_p63mmc/predicted_Tc_by_seed_K/0/0,temperature_K,2209.085697488964,2209.0865417952427,0.0008443062788501265,0.05,pass
polynomial,51,metrics/heldout_window_audit/full_range/pairs/sio2:quartz_beta_minus_tridymite_p63mmc/predicted_Tc_by_seed_K/0/length,discrete,1,1,0.0,0.0,pass
polynomial,51,metrics/heldout_window_audit/full_range/pairs/sio2:quartz_beta_minus_tridymite_p63mmc/predicted_Tc_by_seed_K/length,discrete,1,1,0.0,0.0,pass
polynomial,51,metrics/heldout_window_audit/full_range/pairs/sio2:quartz_beta_minus_tridymite_p63mmc/reference_Tc_K/0,temperature_K,1582.3215510581538,1582.3215510581538,0.0,0.05,pass
polynomial,51,metrics/heldout_window_audit/full_range/pairs/sio2:quartz_beta_minus_tridymite_p63mmc/reference_Tc_K/length,discrete,1,1,0.0,0.0,pass
polynomial,51,metrics/heldout_window_audit/full_range/pairs/sio2:quartz_beta_minus_tridymite_p63mmc/sign_accuracy,ratio,0.6197695573074591,0.6197695573074591,0.0,0.0,pass
polynomial,51,metrics/heldout_window_audit/full_range/seeds/0,exact_other,51,51,0.0,0.0,pass
polynomial,51,metrics/heldout_window_audit/full_range/seeds/length,discrete,1,1,0.0,0.0,pass
polynomial,51,metrics/heldout_window_audit/temp_extrap/G_MAE_eV_per_atom,energy_eV_per_atom,2.951351475543911,2.9513514747061116,8.377996074671046e-10,1e-06,pass
polynomial,51,metrics/heldout_window_audit/temp_extrap/coverage_2sigma,exact_other,0.0,0.0,0.0,0.0,pass
polynomial,51,metrics/heldout_window_audit/temp_extrap/n_test_frames,exact_other,3171,3171,0.0,0.0,pass
polynomial,51,metrics/heldout_window_audit/temp_extrap/pairs/sio2:cristobalite_beta_minus_quartz_beta/Tc_err_from_dG_K/0,temperature_K,2823.625319847914,2823.6271033163175,0.0017834684035733517,0.05,pass
polynomial,51,metrics/heldout_window_audit/temp_extrap/pairs/sio2:cristobalite_beta_minus_quartz_beta/Tc_err_from_dG_K/length,discrete,1,1,0.0,0.0,pass
polynomial,51,metrics/heldout_window_audit/temp_extrap/pairs/sio2:cristobalite_beta_minus_quartz_beta/Tc_error_K/0,temperature_K,670.4375300598097,670.4383824789049,0.0008524190952812205,0.05,pass
polynomial,51,metrics/heldout_window_audit/temp_extrap/pairs/sio2:cristobalite_beta_minus_quartz_beta/Tc_error_K/length,discrete,1,1,0.0,0.0,pass
polynomial,51,metrics/heldout_window_audit/temp_extrap/pairs/sio2:cristobalite_beta_minus_quartz_beta/Tc_scatter_K/0,temperature_K,0.0,0.0,0.0,0.05,pass
polynomial,51,metrics/heldout_window_audit/temp_extrap/pairs/sio2:cristobalite_beta_minus_quartz_beta/Tc_scatter_K/length,discrete,1,1,0.0,0.0,pass
polynomial,51,metrics/heldout_window_audit/temp_extrap/pairs/sio2:cristobalite_beta_minus_quartz_beta/crossing_slope_eV_per_atom_per_K/0,energy_eV_per_atom,7.551407561479095e-06,7.551407561479095e-06,0.0,1e-06,pass
polynomial,51,metrics/heldout_window_audit/temp_extrap/pairs/sio2:cristobalite_beta_minus_quartz_beta/crossing_slope_eV_per_atom_per_K/length,discrete,1,1,0.0,0.0,pass
polynomial,51,metrics/heldout_window_audit/temp_extrap/pairs/sio2:cristobalite_beta_minus_quartz_beta/delta_G_MAE_at_crossing_eV_per_atom/0,energy_eV_per_atom,0.021322345591083366,0.021322359058780153,1.346769678764459e-08,1e-06,pass
polynomial,51,metrics/heldout_window_audit/temp_extrap/pairs/sio2:cristobalite_beta_minus_quartz_beta/delta_G_MAE_at_crossing_eV_per_atom/length,discrete,1,1,0.0,0.0,pass
polynomial,51,metrics/heldout_window_audit/temp_extrap/pairs/sio2:cristobalite_beta_minus_quartz_beta/delta_G_MAE_eV_per_atom,energy_eV_per_atom,0.015975283119166725,0.015975281081297747,2.0378689777333925e-09,1e-06,pass
polynomial,51,metrics/heldout_window_audit/temp_extrap/pairs/sio2:cristobalite_beta_minus_quartz_beta/delta_G_RMSE_eV_per_atom,energy_eV_per_atom,0.01750270720430433,0.017502705651071808,1.5532325217670895e-09,1e-06,pass
polynomial,51,metrics/heldout_window_audit/temp_extrap/pairs/sio2:cristobalite_beta_minus_quartz_beta/false_crossings,discrete,0,0,0.0,0.0,pass
polynomial,51,metrics/heldout_window_audit/temp_extrap/pairs/sio2:cristobalite_beta_minus_quartz_beta/missed_crossings,discrete,0,0,0.0,0.0,pass
polynomial,51,metrics/heldout_window_audit/temp_extrap/pairs/sio2:cristobalite_beta_minus_quartz_beta/pair_support,exact_other,test_and_train_partner,test_and_train_partner,,0.0,pass
polynomial,51,metrics/heldout_window_audit/temp_extrap/pairs/sio2:cristobalite_beta_minus_quartz_beta/predicted_Tc_K/0,temperature_K,2213.146234835677,2213.1470872547725,0.0008524190952812205,0.05,pass
polynomial,51,metrics/heldout_window_audit/temp_extrap/pairs/sio2:cristobalite_beta_minus_quartz_beta/predicted_Tc_K/length,discrete,1,1,0.0,0.0,pass
polynomial,51,metrics/heldout_window_audit/temp_extrap/pairs/sio2:cristobalite_beta_minus_quartz_beta/predicted_Tc_by_seed_K/0/0,temperature_K,2213.146234835677,2213.1470872547725,0.0008524190952812205,0.05,pass
polynomial,51,metrics/heldout_window_audit/temp_extrap/pairs/sio2:cristobalite_beta_minus_quartz_beta/predicted_Tc_by_seed_K/0/length,discrete,1,1,0.0,0.0,pass
polynomial,51,metrics/heldout_window_audit/temp_extrap/pairs/sio2:cristobalite_beta_minus_quartz_beta/predicted_Tc_by_seed_K/length,discrete,1,1,0.0,0.0,pass
polynomial,51,metrics/heldout_window_audit/temp_extrap/pairs/sio2:cristobalite_beta_minus_quartz_beta/reference_Tc_K/0,temperature_K,1542.7087047758675,1542.7087047758675,0.0,0.05,pass
polynomial,51,metrics/heldout_window_audit/temp_extrap/pairs/sio2:cristobalite_beta_minus_quartz_beta/reference_Tc_K/length,discrete,1,1,0.0,0.0,pass
polynomial,51,metrics/heldout_window_audit/temp_extrap/pairs/sio2:cristobalite_beta_minus_quartz_beta/sign_accuracy,ratio,0.593086719223772,0.593086719223772,0.0,0.0,pass
polynomial,51,metrics/heldout_window_audit/temp_extrap/pairs/sio2:cristobalite_beta_minus_tridymite_p63mmc/Tc_err_from_dG_K/length,discrete,0,0,0.0,0.0,pass
polynomial,51,metrics/heldout_window_audit/temp_extrap/pairs/sio2:cristobalite_beta_minus_tridymite_p63mmc/Tc_error_K/length,discrete,0,0,0.0,0.0,pass
polynomial,51,metrics/heldout_window_audit/temp_extrap/pairs/sio2:cristobalite_beta_minus_tridymite_p63mmc/Tc_scatter_K/length,discrete,0,0,0.0,0.0,pass
polynomial,51,metrics/heldout_window_audit/temp_extrap/pairs/sio2:cristobalite_beta_minus_tridymite_p63mmc/crossing_slope_eV_per_atom_per_K/length,discrete,0,0,0.0,0.0,pass
polynomial,51,metrics/heldout_window_audit/temp_extrap/pairs/sio2:cristobalite_beta_minus_tridymite_p63mmc/delta_G_MAE_at_crossing_eV_per_atom/length,discrete,0,0,0.0,0.0,pass
polynomial,51,metrics/heldout_window_audit/temp_extrap/pairs/sio2:cristobalite_beta_minus_tridymite_p63mmc/delta_G_MAE_eV_per_atom,energy_eV_per_atom,0.0032872098449807895,0.0032872094037205667,4.4126022280543964e-10,1e-06,pass
polynomial,51,metrics/heldout_window_audit/temp_extrap/pairs/sio2:cristobalite_beta_minus_tridymite_p63mmc/delta_G_RMSE_eV_per_atom,energy_eV_per_atom,0.0037272952406054057,0.003727294842411542,3.981938637327709e-10,1e-06,pass
polynomial,51,metrics/heldout_window_audit/temp_extrap/pairs/sio2:cristobalite_beta_minus_tridymite_p63mmc/false_crossings,discrete,1,1,0.0,0.0,pass
polynomial,51,metrics/heldout_window_audit/temp_extrap/pairs/sio2:cristobalite_beta_minus_tridymite_p63mmc/missed_crossings,discrete,0,0,0.0,0.0,pass
polynomial,51,metrics/heldout_window_audit/temp_extrap/pairs/sio2:cristobalite_beta_minus_tridymite_p63mmc/pair_support,exact_other,test_and_train_partner,test_and_train_partner,,0.0,pass
polynomial,51,metrics/heldout_window_audit/temp_extrap/pairs/sio2:cristobalite_beta_minus_tridymite_p63mmc/predicted_Tc_K/0,temperature_K,2187.704205505629,2187.717200900987,0.012995395357847883,0.05,pass
polynomial,51,metrics/heldout_window_audit/temp_extrap/pairs/sio2:cristobalite_beta_minus_tridymite_p63mmc/predicted_Tc_K/length,discrete,1,1,0.0,0.0,pass
polynomial,51,metrics/heldout_window_audit/temp_extrap/pairs/sio2:cristobalite_beta_minus_tridymite_p63mmc/predicted_Tc_by_seed_K/0/0,temperature_K,2187.704205505629,2187.717200900987,0.012995395357847883,0.05,pass
polynomial,51,metrics/heldout_window_audit/temp_extrap/pairs/sio2:cristobalite_beta_minus_tridymite_p63mmc/predicted_Tc_by_seed_K/0/length,discrete,1,1,0.0,0.0,pass
polynomial,51,metrics/heldout_window_audit/temp_extrap/pairs/sio2:cristobalite_beta_minus_tridymite_p63mmc/predicted_Tc_by_seed_K/length,discrete,1,1,0.0,0.0,pass
polynomial,51,metrics/heldout_window_audit/temp_extrap/pairs/sio2:cristobalite_beta_minus_tridymite_p63mmc/reference_Tc_K/length,discrete,0,0,0.0,0.0,pass
polynomial,51,metrics/heldout_window_audit/temp_extrap/pairs/sio2:cristobalite_beta_minus_tridymite_p63mmc/sign_accuracy,ratio,0.810794420861128,0.810794420861128,0.0,0.0,pass
polynomial,51,metrics/heldout_window_audit/temp_extrap/pairs/sio2:quartz_beta_minus_tridymite_p63mmc/Tc_err_from_dG_K/0,temperature_K,3317.336287135754,3317.335303966552,0.0009831692018451577,0.05,pass
polynomial,51,metrics/heldout_window_audit/temp_extrap/pairs/sio2:quartz_beta_minus_tridymite_p63mmc/Tc_err_from_dG_K/length,discrete,1,1,0.0,0.0,pass
polynomial,51,metrics/heldout_window_audit/temp_extrap/pairs/sio2:quartz_beta_minus_tridymite_p63mmc/Tc_error_K/0,temperature_K,626.7641464308101,626.764990737089,0.0008443062788501265,0.05,pass
polynomial,51,metrics/heldout_window_audit/temp_extrap/pairs/sio2:quartz_beta_minus_tridymite_p63mmc/Tc_error_K/length,discrete,1,1,0.0,0.0,pass
polynomial,51,metrics/heldout_window_audit/temp_extrap/pairs/sio2:quartz_beta_minus_tridymite_p63mmc/Tc_scatter_K/0,temperature_K,0.0,0.0,0.0,0.05,pass
polynomial,51,metrics/heldout_window_audit/temp_extrap/pairs/sio2:quartz_beta_minus_tridymite_p63mmc/Tc_scatter_K/length,discrete,1,1,0.0,0.0,pass
polynomial,51,metrics/heldout_window_audit/temp_extrap/pairs/sio2:quartz_beta_minus_tridymite_p63mmc/crossing_slope_eV_per_atom_per_K/0,energy_eV_per_atom,7.448345272997869e-06,7.448345272997869e-06,0.0,1e-06,pass
polynomial,51,metrics/heldout_window_audit/temp_extrap/pairs/sio2:quartz_beta_minus_tridymite_p63mmc/crossing_slope_eV_per_atom_per_K/length,discrete,1,1,0.0,0.0,pass
polynomial,51,metrics/heldout_window_audit/temp_extrap/pairs/sio2:quartz_beta_minus_tridymite_p63mmc/delta_G_MAE_at_crossing_eV_per_atom/0,energy_eV_per_atom,0.024708666053231895,0.024708658730248217,7.322983677782169e-09,1e-06,pass
polynomial,51,metrics/heldout_window_audit/temp_extrap/pairs/sio2:quartz_beta_minus_tridymite_p63mmc/delta_G_MAE_at_crossing_eV_per_atom/length,discrete,1,1,0.0,0.0,pass
polynomial,51,metrics/heldout_window_audit/temp_extrap/pairs/sio2:quartz_beta_minus_tridymite_p63mmc/delta_G_MAE_eV_per_atom,energy_eV_per_atom,0.019122518386116748,0.019122516262863844,2.1232529033576863e-09,1e-06,pass
polynomial,51,metrics/heldout_window_audit/temp_extrap/pairs/sio2:quartz_beta_minus_tridymite_p63mmc/delta_G_RMSE_eV_per_atom,energy_eV_per_atom,0.021084289203249694,0.021084287698178678,1.5050710157338276e-09,1e-06,pass
polynomial,51,metrics/heldout_window_audit/temp_extrap/pairs/sio2:quartz_beta_minus_tridymite_p63mmc/false_crossings,discrete,0,0,0.0,0.0,pass
polynomial,51,metrics/heldout_window_audit/temp_extrap/pairs/sio2:quartz_beta_minus_tridymite_p63mmc/missed_crossings,discrete,0,0,0.0,0.0,pass
polynomial,51,metrics/heldout_window_audit/temp_extrap/pairs/sio2:quartz_beta_minus_tridymite_p63mmc/pair_support,exact_other,test_and_train_partner,test_and_train_partner,,0.0,pass
polynomial,51,metrics/heldout_window_audit/temp_extrap/pairs/sio2:quartz_beta_minus_tridymite_p63mmc/predicted_Tc_K/0,temperature_K,2209.085697488964,2209.0865417952427,0.0008443062788501265,0.05,pass
polynomial,51,metrics/heldout_window_audit/temp_extrap/pairs/sio2:quartz_beta_minus_tridymite_p63mmc/predicted_Tc_K/length,discrete,1,1,0.0,0.0,pass
polynomial,51,metrics/heldout_window_audit/temp_extrap/pairs/sio2:quartz_beta_minus_tridymite_p63mmc/predicted_Tc_by_seed_K/0/0,temperature_K,2209.085697488964,2209.0865417952427,0.0008443062788501265,0.05,pass
polynomial,51,metrics/heldout_window_audit/temp_extrap/pairs/sio2:quartz_beta_minus_tridymite_p63mmc/predicted_Tc_by_seed_K/0/length,discrete,1,1,0.0,0.0,pass
polynomial,51,metrics/heldout_window_audit/temp_extrap/pairs/sio2:quartz_beta_minus_tridymite_p63mmc/predicted_Tc_by_seed_K/length,discrete,1,1,0.0,0.0,pass
polynomial,51,metrics/heldout_window_audit/temp_extrap/pairs/sio2:quartz_beta_minus_tridymite_p63mmc/reference_Tc_K/0,temperature_K,1582.3215510581538,1582.3215510581538,0.0,0.05,pass
polynomial,51,metrics/heldout_window_audit/temp_extrap/pairs/sio2:quartz_beta_minus_tridymite_p63mmc/reference_Tc_K/length,discrete,1,1,0.0,0.0,pass
polynomial,51,metrics/heldout_window_audit/temp_extrap/pairs/sio2:quartz_beta_minus_tridymite_p63mmc/sign_accuracy,ratio,0.6197695573074591,0.6197695573074591,0.0,0.0,pass
polynomial,51,metrics/heldout_window_audit/temp_extrap/seeds/0,exact_other,51,51,0.0,0.0,pass
polynomial,51,metrics/heldout_window_audit/temp_extrap/seeds/length,discrete,1,1,0.0,0.0,pass
polynomial,51,model_internal_c_system_field,exact_other,None,None,,0.0,pass
polynomial,51,seed,exact_other,51,51,0.0,0.0,pass
polynomial,67,basis,exact_other,polynomial,polynomial,,0.0,pass
polynomial,67,calibration_constants_eV_per_atom/formal_train_window,energy_eV_per_atom,-3.1461066031738105,-3.1461066027406566,4.331539571467147e-10,1e-06,pass
polynomial,67,calibration_constants_eV_per_atom/heldout_window_audit,energy_eV_per_atom,2.986400296967948,2.9864002984747327,1.506784474969436e-09,1e-06,pass
polynomial,67,metrics/formal_train_window/full_range/G_MAE_eV_per_atom,energy_eV_per_atom,4.124103333061844,4.1241033334949035,4.3305981023422646e-10,1e-06,pass
polynomial,67,metrics/formal_train_window/full_range/coverage_2sigma,exact_other,0.0,0.0,0.0,0.0,pass
polynomial,67,metrics/formal_train_window/full_range/n_test_frames,exact_other,4947,4947,0.0,0.0,pass
polynomial,67,metrics/formal_train_window/full_range/pairs/sio2:cristobalite_beta_minus_quartz_beta/Tc_err_from_dG_K/0,temperature_K,2834.001729565111,2834.0027485334294,0.0010189683184762544,0.05,pass
polynomial,67,metrics/formal_train_window/full_range/pairs/sio2:cristobalite_beta_minus_quartz_beta/Tc_err_from_dG_K/length,discrete,1,1,0.0,0.0,pass
polynomial,67,metrics/formal_train_window/full_range/pairs/sio2:cristobalite_beta_minus_quartz_beta/Tc_error_K/0,temperature_K,669.6654093853356,669.6660562140812,0.0006468287456300459,0.05,pass
polynomial,67,metrics/formal_train_window/full_range/pairs/sio2:cristobalite_beta_minus_quartz_beta/Tc_error_K/length,discrete,1,1,0.0,0.0,pass
polynomial,67,metrics/formal_train_window/full_range/pairs/sio2:cristobalite_beta_minus_quartz_beta/Tc_scatter_K/0,temperature_K,0.0,0.0,0.0,0.05,pass
polynomial,67,metrics/formal_train_window/full_range/pairs/sio2:cristobalite_beta_minus_quartz_beta/Tc_scatter_K/length,discrete,1,1,0.0,0.0,pass
polynomial,67,metrics/formal_train_window/full_range/pairs/sio2:cristobalite_beta_minus_quartz_beta/crossing_slope_eV_per_atom_per_K/0,energy_eV_per_atom,7.551407561479095e-06,7.551407561479095e-06,0.0,1e-06,pass
polynomial,67,metrics/formal_train_window/full_range/pairs/sio2:cristobalite_beta_minus_quartz_beta/crossing_slope_eV_per_atom_per_K/length,discrete,1,1,0.0,0.0,pass
polynomial,67,metrics/formal_train_window/full_range/pairs/sio2:cristobalite_beta_minus_quartz_beta/delta_G_MAE_at_crossing_eV_per_atom/0,energy_eV_per_atom,0.021400702089882814,0.021400709784527877,7.69464506347739e-09,1e-06,pass
polynomial,67,metrics/formal_train_window/full_range/pairs/sio2:cristobalite_beta_minus_quartz_beta/delta_G_MAE_at_crossing_eV_per_atom/length,discrete,1,1,0.0,0.0,pass
polynomial,67,metrics/formal_train_window/full_range/pairs/sio2:cristobalite_beta_minus_quartz_beta/delta_G_MAE_eV_per_atom,energy_eV_per_atom,0.016031354053079535,0.016031356117678027,2.0645984921685567e-09,1e-06,pass
polynomial,67,metrics/formal_train_window/full_range/pairs/sio2:cristobalite_beta_minus_quartz_beta/delta_G_RMSE_eV_per_atom,energy_eV_per_atom,0.01756495744509294,0.017564959331972742,1.886879801710206e-09,1e-06,pass
polynomial,67,metrics/formal_train_window/full_range/pairs/sio2:cristobalite_beta_minus_quartz_beta/false_crossings,discrete,0,0,0.0,0.0,pass
polynomial,67,metrics/formal_train_window/full_range/pairs/sio2:cristobalite_beta_minus_quartz_beta/missed_crossings,discrete,0,0,0.0,0.0,pass
polynomial,67,metrics/formal_train_window/full_range/pairs/sio2:cristobalite_beta_minus_quartz_beta/pair_support,exact_other,test_only,test_only,,0.0,pass
polynomial,67,metrics/formal_train_window/full_range/pairs/sio2:cristobalite_beta_minus_quartz_beta/predicted_Tc_K/0,temperature_K,2212.374114161203,2212.3747609899488,0.0006468287456300459,0.05,pass
polynomial,67,metrics/formal_train_window/full_range/pairs/sio2:cristobalite_beta_minus_quartz_beta/predicted_Tc_K/length,discrete,1,1,0.0,0.0,pass
polynomial,67,metrics/formal_train_window/full_range/pairs/sio2:cristobalite_beta_minus_quartz_beta/predicted_Tc_by_seed_K/0/0,temperature_K,2212.374114161203,2212.3747609899488,0.0006468287456300459,0.05,pass
polynomial,67,metrics/formal_train_window/full_range/pairs/sio2:cristobalite_beta_minus_quartz_beta/predicted_Tc_by_seed_K/0/length,discrete,1,1,0.0,0.0,pass
polynomial,67,metrics/formal_train_window/full_range/pairs/sio2:cristobalite_beta_minus_quartz_beta/predicted_Tc_by_seed_K/length,discrete,1,1,0.0,0.0,pass
polynomial,67,metrics/formal_train_window/full_range/pairs/sio2:cristobalite_beta_minus_quartz_beta/reference_Tc_K/0,temperature_K,1542.7087047758675,1542.7087047758675,0.0,0.05,pass
polynomial,67,metrics/formal_train_window/full_range/pairs/sio2:cristobalite_beta_minus_quartz_beta/reference_Tc_K/length,discrete,1,1,0.0,0.0,pass
polynomial,67,metrics/formal_train_window/full_range/pairs/sio2:cristobalite_beta_minus_quartz_beta/sign_accuracy,ratio,0.5936931473620376,0.5936931473620376,0.0,0.0,pass
polynomial,67,metrics/formal_train_window/full_range/pairs/sio2:cristobalite_beta_minus_tridymite_p63mmc/Tc_err_from_dG_K/length,discrete,0,0,0.0,0.0,pass
polynomial,67,metrics/formal_train_window/full_range/pairs/sio2:cristobalite_beta_minus_tridymite_p63mmc/Tc_error_K/length,discrete,0,0,0.0,0.0,pass
polynomial,67,metrics/formal_train_window/full_range/pairs/sio2:cristobalite_beta_minus_tridymite_p63mmc/Tc_scatter_K/length,discrete,0,0,0.0,0.0,pass
polynomial,67,metrics/formal_train_window/full_range/pairs/sio2:cristobalite_beta_minus_tridymite_p63mmc/crossing_slope_eV_per_atom_per_K/length,discrete,0,0,0.0,0.0,pass
polynomial,67,metrics/formal_train_window/full_range/pairs/sio2:cristobalite_beta_minus_tridymite_p63mmc/delta_G_MAE_at_crossing_eV_per_atom/length,discrete,0,0,0.0,0.0,pass
polynomial,67,metrics/formal_train_window/full_range/pairs/sio2:cristobalite_beta_minus_tridymite_p63mmc/delta_G_MAE_eV_per_atom,energy_eV_per_atom,0.0032908882005142485,0.0032908888108409357,6.103266871927693e-10,1e-06,pass
polynomial,67,metrics/formal_train_window/full_range/pairs/sio2:cristobalite_beta_minus_tridymite_p63mmc/delta_G_RMSE_eV_per_atom,energy_eV_per_atom,0.003730610297073514,0.003730611233777663,9.36704149141765e-10,1e-06,pass
polynomial,67,metrics/formal_train_window/full_range/pairs/sio2:cristobalite_beta_minus_tridymite_p63mmc/false_crossings,discrete,1,1,0.0,0.0,pass
polynomial,67,metrics/formal_train_window/full_range/pairs/sio2:cristobalite_beta_minus_tridymite_p63mmc/missed_crossings,discrete,0,0,0.0,0.0,pass
polynomial,67,metrics/formal_train_window/full_range/pairs/sio2:cristobalite_beta_minus_tridymite_p63mmc/pair_support,exact_other,test_only,test_only,,0.0,pass
polynomial,67,metrics/formal_train_window/full_range/pairs/sio2:cristobalite_beta_minus_tridymite_p63mmc/predicted_Tc_K/0,temperature_K,2186.6597912844536,2186.659074945947,0.0007163385066633055,0.05,pass
polynomial,67,metrics/formal_train_window/full_range/pairs/sio2:cristobalite_beta_minus_tridymite_p63mmc/predicted_Tc_K/length,discrete,1,1,0.0,0.0,pass
polynomial,67,metrics/formal_train_window/full_range/pairs/sio2:cristobalite_beta_minus_tridymite_p63mmc/predicted_Tc_by_seed_K/0/0,temperature_K,2186.6597912844536,2186.659074945947,0.0007163385066633055,0.05,pass
polynomial,67,metrics/formal_train_window/full_range/pairs/sio2:cristobalite_beta_minus_tridymite_p63mmc/predicted_Tc_by_seed_K/0/length,discrete,1,1,0.0,0.0,pass
polynomial,67,metrics/formal_train_window/full_range/pairs/sio2:cristobalite_beta_minus_tridymite_p63mmc/predicted_Tc_by_seed_K/length,discrete,1,1,0.0,0.0,pass
polynomial,67,metrics/formal_train_window/full_range/pairs/sio2:cristobalite_beta_minus_tridymite_p63mmc/reference_Tc_K/length,discrete,0,0,0.0,0.0,pass
polynomial,67,metrics/formal_train_window/full_range/pairs/sio2:cristobalite_beta_minus_tridymite_p63mmc/sign_accuracy,ratio,0.8101879927228623,0.8101879927228623,0.0,0.0,pass
polynomial,67,metrics/formal_train_window/full_range/pairs/sio2:quartz_beta_minus_tridymite_p63mmc/Tc_err_from_dG_K/0,temperature_K,3327.7491651028595,3327.7492975504506,0.00013244759111330495,0.05,pass
polynomial,67,metrics/formal_train_window/full_range/pairs/sio2:quartz_beta_minus_tridymite_p63mmc/Tc_err_from_dG_K/length,discrete,1,1,0.0,0.0,pass
polynomial,67,metrics/formal_train_window/full_range/pairs/sio2:quartz_beta_minus_tridymite_p63mmc/Tc_error_K/0,temperature_K,625.95638383439,625.9566520423607,0.00026820797074833536,0.05,pass
polynomial,67,metrics/formal_train_window/full_range/pairs/sio2:quartz_beta_minus_tridymite_p63mmc/Tc_error_K/length,discrete,1,1,0.0,0.0,pass
polynomial,67,metrics/formal_train_window/full_range/pairs/sio2:quartz_beta_minus_tridymite_p63mmc/Tc_scatter_K/0,temperature_K,0.0,0.0,0.0,0.05,pass
polynomial,67,metrics/formal_train_window/full_range/pairs/sio2:quartz_beta_minus_tridymite_p63mmc/Tc_scatter_K/length,discrete,1,1,0.0,0.0,pass
polynomial,67,metrics/formal_train_window/full_range/pairs/sio2:quartz_beta_minus_tridymite_p63mmc/crossing_slope_eV_per_atom_per_K/0,energy_eV_per_atom,7.448345272997869e-06,7.448345272997869e-06,0.0,1e-06,pass
polynomial,67,metrics/formal_train_window/full_range/pairs/sio2:quartz_beta_minus_tridymite_p63mmc/crossing_slope_eV_per_atom_per_K/length,discrete,1,1,0.0,0.0,pass
polynomial,67,metrics/formal_train_window/full_range/pairs/sio2:quartz_beta_minus_tridymite_p63mmc/delta_G_MAE_at_crossing_eV_per_atom/0,energy_eV_per_atom,0.02478622476361649,0.02478622575013188,9.865153902111068e-10,1e-06,pass
polynomial,67,metrics/formal_train_window/full_range/pairs/sio2:quartz_beta_minus_tridymite_p63mmc/delta_G_MAE_at_crossing_eV_per_atom/length,discrete,1,1,0.0,0.0,pass
polynomial,67,metrics/formal_train_window/full_range/pairs/sio2:quartz_beta_minus_tridymite_p63mmc/delta_G_MAE_eV_per_atom,energy_eV_per_atom,0.019182748099191235,0.0191827507123041,2.613112864979783e-09,1e-06,pass
polynomial,67,metrics/formal_train_window/full_range/pairs/sio2:quartz_beta_minus_tridymite_p63mmc/delta_G_RMSE_eV_per_atom,energy_eV_per_atom,0.021150012043468464,0.021150015235140242,3.1916717775637427e-09,1e-06,pass
polynomial,67,metrics/formal_train_window/full_range/pairs/sio2:quartz_beta_minus_tridymite_p63mmc/false_crossings,discrete,0,0,0.0,0.0,pass
polynomial,67,metrics/formal_train_window/full_range/pairs/sio2:quartz_beta_minus_tridymite_p63mmc/missed_crossings,discrete,0,0,0.0,0.0,pass
polynomial,67,metrics/formal_train_window/full_range/pairs/sio2:quartz_beta_minus_tridymite_p63mmc/pair_support,exact_other,test_only,test_only,,0.0,pass
polynomial,67,metrics/formal_train_window/full_range/pairs/sio2:quartz_beta_minus_tridymite_p63mmc/predicted_Tc_K/0,temperature_K,2208.2779348925437,2208.2782031005145,0.00026820797074833536,0.05,pass
polynomial,67,metrics/formal_train_window/full_range/pairs/sio2:quartz_beta_minus_tridymite_p63mmc/predicted_Tc_K/length,discrete,1,1,0.0,0.0,pass
polynomial,67,metrics/formal_train_window/full_range/pairs/sio2:quartz_beta_minus_tridymite_p63mmc/predicted_Tc_by_seed_K/0/0,temperature_K,2208.2779348925437,2208.2782031005145,0.00026820797074833536,0.05,pass
polynomial,67,metrics/formal_train_window/full_range/pairs/sio2:quartz_beta_minus_tridymite_p63mmc/predicted_Tc_by_seed_K/0/length,discrete,1,1,0.0,0.0,pass
polynomial,67,metrics/formal_train_window/full_range/pairs/sio2:quartz_beta_minus_tridymite_p63mmc/predicted_Tc_by_seed_K/length,discrete,1,1,0.0,0.0,pass
polynomial,67,metrics/formal_train_window/full_range/pairs/sio2:quartz_beta_minus_tridymite_p63mmc/reference_Tc_K/0,temperature_K,1582.3215510581538,1582.3215510581538,0.0,0.05,pass
polynomial,67,metrics/formal_train_window/full_range/pairs/sio2:quartz_beta_minus_tridymite_p63mmc/reference_Tc_K/length,discrete,1,1,0.0,0.0,pass
polynomial,67,metrics/formal_train_window/full_range/pairs/sio2:quartz_beta_minus_tridymite_p63mmc/sign_accuracy,ratio,0.6203759854457247,0.6203759854457247,0.0,0.0,pass
polynomial,67,metrics/formal_train_window/full_range/seeds/0,exact_other,67,67,0.0,0.0,pass
polynomial,67,metrics/formal_train_window/full_range/seeds/length,discrete,1,1,0.0,0.0,pass
polynomial,67,metrics/formal_train_window/temp_extrap/G_MAE_eV_per_atom,energy_eV_per_atom,6.132506900141759,6.132506901215389,1.0736300737335114e-09,1e-06,pass
polynomial,67,metrics/formal_train_window/temp_extrap/coverage_2sigma,exact_other,0.0,0.0,0.0,0.0,pass
polynomial,67,metrics/formal_train_window/temp_extrap/n_test_frames,exact_other,3171,3171,0.0,0.0,pass
polynomial,67,metrics/formal_train_window/temp_extrap/pairs/sio2:cristobalite_beta_minus_quartz_beta/Tc_err_from_dG_K/0,temperature_K,2834.001729565111,2834.0027485334294,0.0010189683184762544,0.05,pass
polynomial,67,metrics/formal_train_window/temp_extrap/pairs/sio2:cristobalite_beta_minus_quartz_beta/Tc_err_from_dG_K/length,discrete,1,1,0.0,0.0,pass
polynomial,67,metrics/formal_train_window/temp_extrap/pairs/sio2:cristobalite_beta_minus_quartz_beta/Tc_error_K/0,temperature_K,669.6654093853356,669.6660562140812,0.0006468287456300459,0.05,pass
polynomial,67,metrics/formal_train_window/temp_extrap/pairs/sio2:cristobalite_beta_minus_quartz_beta/Tc_error_K/length,discrete,1,1,0.0,0.0,pass
polynomial,67,metrics/formal_train_window/temp_extrap/pairs/sio2:cristobalite_beta_minus_quartz_beta/Tc_scatter_K/0,temperature_K,0.0,0.0,0.0,0.05,pass
polynomial,67,metrics/formal_train_window/temp_extrap/pairs/sio2:cristobalite_beta_minus_quartz_beta/Tc_scatter_K/length,discrete,1,1,0.0,0.0,pass
polynomial,67,metrics/formal_train_window/temp_extrap/pairs/sio2:cristobalite_beta_minus_quartz_beta/crossing_slope_eV_per_atom_per_K/0,energy_eV_per_atom,7.551407561479095e-06,7.551407561479095e-06,0.0,1e-06,pass
polynomial,67,metrics/formal_train_window/temp_extrap/pairs/sio2:cristobalite_beta_minus_quartz_beta/crossing_slope_eV_per_atom_per_K/length,discrete,1,1,0.0,0.0,pass
polynomial,67,metrics/formal_train_window/temp_extrap/pairs/sio2:cristobalite_beta_minus_quartz_beta/delta_G_MAE_at_crossing_eV_per_atom/0,energy_eV_per_atom,0.021400702089882814,0.021400709784527877,7.69464506347739e-09,1e-06,pass
polynomial,67,metrics/formal_train_window/temp_extrap/pairs/sio2:cristobalite_beta_minus_quartz_beta/delta_G_MAE_at_crossing_eV_per_atom/length,discrete,1,1,0.0,0.0,pass
polynomial,67,metrics/formal_train_window/temp_extrap/pairs/sio2:cristobalite_beta_minus_quartz_beta/delta_G_MAE_eV_per_atom,energy_eV_per_atom,0.016031354053079535,0.016031356117678027,2.0645984921685567e-09,1e-06,pass
polynomial,67,metrics/formal_train_window/temp_extrap/pairs/sio2:cristobalite_beta_minus_quartz_beta/delta_G_RMSE_eV_per_atom,energy_eV_per_atom,0.01756495744509294,0.017564959331972742,1.886879801710206e-09,1e-06,pass
polynomial,67,metrics/formal_train_window/temp_extrap/pairs/sio2:cristobalite_beta_minus_quartz_beta/false_crossings,discrete,0,0,0.0,0.0,pass
polynomial,67,metrics/formal_train_window/temp_extrap/pairs/sio2:cristobalite_beta_minus_quartz_beta/missed_crossings,discrete,0,0,0.0,0.0,pass
polynomial,67,metrics/formal_train_window/temp_extrap/pairs/sio2:cristobalite_beta_minus_quartz_beta/pair_support,exact_other,test_and_train_partner,test_and_train_partner,,0.0,pass
polynomial,67,metrics/formal_train_window/temp_extrap/pairs/sio2:cristobalite_beta_minus_quartz_beta/predicted_Tc_K/0,temperature_K,2212.374114161203,2212.3747609899488,0.0006468287456300459,0.05,pass
polynomial,67,metrics/formal_train_window/temp_extrap/pairs/sio2:cristobalite_beta_minus_quartz_beta/predicted_Tc_K/length,discrete,1,1,0.0,0.0,pass
polynomial,67,metrics/formal_train_window/temp_extrap/pairs/sio2:cristobalite_beta_minus_quartz_beta/predicted_Tc_by_seed_K/0/0,temperature_K,2212.374114161203,2212.3747609899488,0.0006468287456300459,0.05,pass
polynomial,67,metrics/formal_train_window/temp_extrap/pairs/sio2:cristobalite_beta_minus_quartz_beta/predicted_Tc_by_seed_K/0/length,discrete,1,1,0.0,0.0,pass
polynomial,67,metrics/formal_train_window/temp_extrap/pairs/sio2:cristobalite_beta_minus_quartz_beta/predicted_Tc_by_seed_K/length,discrete,1,1,0.0,0.0,pass
polynomial,67,metrics/formal_train_window/temp_extrap/pairs/sio2:cristobalite_beta_minus_quartz_beta/reference_Tc_K/0,temperature_K,1542.7087047758675,1542.7087047758675,0.0,0.05,pass
polynomial,67,metrics/formal_train_window/temp_extrap/pairs/sio2:cristobalite_beta_minus_quartz_beta/reference_Tc_K/length,discrete,1,1,0.0,0.0,pass
polynomial,67,metrics/formal_train_window/temp_extrap/pairs/sio2:cristobalite_beta_minus_quartz_beta/sign_accuracy,ratio,0.5936931473620376,0.5936931473620376,0.0,0.0,pass
polynomial,67,metrics/formal_train_window/temp_extrap/pairs/sio2:cristobalite_beta_minus_tridymite_p63mmc/Tc_err_from_dG_K/length,discrete,0,0,0.0,0.0,pass
polynomial,67,metrics/formal_train_window/temp_extrap/pairs/sio2:cristobalite_beta_minus_tridymite_p63mmc/Tc_error_K/length,discrete,0,0,0.0,0.0,pass
polynomial,67,metrics/formal_train_window/temp_extrap/pairs/sio2:cristobalite_beta_minus_tridymite_p63mmc/Tc_scatter_K/length,discrete,0,0,0.0,0.0,pass
polynomial,67,metrics/formal_train_window/temp_extrap/pairs/sio2:cristobalite_beta_minus_tridymite_p63mmc/crossing_slope_eV_per_atom_per_K/length,discrete,0,0,0.0,0.0,pass
polynomial,67,metrics/formal_train_window/temp_extrap/pairs/sio2:cristobalite_beta_minus_tridymite_p63mmc/delta_G_MAE_at_crossing_eV_per_atom/length,discrete,0,0,0.0,0.0,pass
polynomial,67,metrics/formal_train_window/temp_extrap/pairs/sio2:cristobalite_beta_minus_tridymite_p63mmc/delta_G_MAE_eV_per_atom,energy_eV_per_atom,0.0032908882005142485,0.0032908888108409357,6.103266871927693e-10,1e-06,pass
polynomial,67,metrics/formal_train_window/temp_extrap/pairs/sio2:cristobalite_beta_minus_tridymite_p63mmc/delta_G_RMSE_eV_per_atom,energy_eV_per_atom,0.003730610297073514,0.003730611233777663,9.36704149141765e-10,1e-06,pass
polynomial,67,metrics/formal_train_window/temp_extrap/pairs/sio2:cristobalite_beta_minus_tridymite_p63mmc/false_crossings,discrete,1,1,0.0,0.0,pass
polynomial,67,metrics/formal_train_window/temp_extrap/pairs/sio2:cristobalite_beta_minus_tridymite_p63mmc/missed_crossings,discrete,0,0,0.0,0.0,pass
polynomial,67,metrics/formal_train_window/temp_extrap/pairs/sio2:cristobalite_beta_minus_tridymite_p63mmc/pair_support,exact_other,test_and_train_partner,test_and_train_partner,,0.0,pass
polynomial,67,metrics/formal_train_window/temp_extrap/pairs/sio2:cristobalite_beta_minus_tridymite_p63mmc/predicted_Tc_K/0,temperature_K,2186.6597912844536,2186.659074945947,0.0007163385066633055,0.05,pass
polynomial,67,metrics/formal_train_window/temp_extrap/pairs/sio2:cristobalite_beta_minus_tridymite_p63mmc/predicted_Tc_K/length,discrete,1,1,0.0,0.0,pass
polynomial,67,metrics/formal_train_window/temp_extrap/pairs/sio2:cristobalite_beta_minus_tridymite_p63mmc/predicted_Tc_by_seed_K/0/0,temperature_K,2186.6597912844536,2186.659074945947,0.0007163385066633055,0.05,pass
polynomial,67,metrics/formal_train_window/temp_extrap/pairs/sio2:cristobalite_beta_minus_tridymite_p63mmc/predicted_Tc_by_seed_K/0/length,discrete,1,1,0.0,0.0,pass
polynomial,67,metrics/formal_train_window/temp_extrap/pairs/sio2:cristobalite_beta_minus_tridymite_p63mmc/predicted_Tc_by_seed_K/length,discrete,1,1,0.0,0.0,pass
polynomial,67,metrics/formal_train_window/temp_extrap/pairs/sio2:cristobalite_beta_minus_tridymite_p63mmc/reference_Tc_K/length,discrete,0,0,0.0,0.0,pass
polynomial,67,metrics/formal_train_window/temp_extrap/pairs/sio2:cristobalite_beta_minus_tridymite_p63mmc/sign_accuracy,ratio,0.8101879927228623,0.8101879927228623,0.0,0.0,pass
polynomial,67,metrics/formal_train_window/temp_extrap/pairs/sio2:quartz_beta_minus_tridymite_p63mmc/Tc_err_from_dG_K/0,temperature_K,3327.7491651028595,3327.7492975504506,0.00013244759111330495,0.05,pass
polynomial,67,metrics/formal_train_window/temp_extrap/pairs/sio2:quartz_beta_minus_tridymite_p63mmc/Tc_err_from_dG_K/length,discrete,1,1,0.0,0.0,pass
polynomial,67,metrics/formal_train_window/temp_extrap/pairs/sio2:quartz_beta_minus_tridymite_p63mmc/Tc_error_K/0,temperature_K,625.95638383439,625.9566520423607,0.00026820797074833536,0.05,pass
polynomial,67,metrics/formal_train_window/temp_extrap/pairs/sio2:quartz_beta_minus_tridymite_p63mmc/Tc_error_K/length,discrete,1,1,0.0,0.0,pass
polynomial,67,metrics/formal_train_window/temp_extrap/pairs/sio2:quartz_beta_minus_tridymite_p63mmc/Tc_scatter_K/0,temperature_K,0.0,0.0,0.0,0.05,pass
polynomial,67,metrics/formal_train_window/temp_extrap/pairs/sio2:quartz_beta_minus_tridymite_p63mmc/Tc_scatter_K/length,discrete,1,1,0.0,0.0,pass
polynomial,67,metrics/formal_train_window/temp_extrap/pairs/sio2:quartz_beta_minus_tridymite_p63mmc/crossing_slope_eV_per_atom_per_K/0,energy_eV_per_atom,7.448345272997869e-06,7.448345272997869e-06,0.0,1e-06,pass
polynomial,67,metrics/formal_train_window/temp_extrap/pairs/sio2:quartz_beta_minus_tridymite_p63mmc/crossing_slope_eV_per_atom_per_K/length,discrete,1,1,0.0,0.0,pass
polynomial,67,metrics/formal_train_window/temp_extrap/pairs/sio2:quartz_beta_minus_tridymite_p63mmc/delta_G_MAE_at_crossing_eV_per_atom/0,energy_eV_per_atom,0.02478622476361649,0.02478622575013188,9.865153902111068e-10,1e-06,pass
polynomial,67,metrics/formal_train_window/temp_extrap/pairs/sio2:quartz_beta_minus_tridymite_p63mmc/delta_G_MAE_at_crossing_eV_per_atom/length,discrete,1,1,0.0,0.0,pass
polynomial,67,metrics/formal_train_window/temp_extrap/pairs/sio2:quartz_beta_minus_tridymite_p63mmc/delta_G_MAE_eV_per_atom,energy_eV_per_atom,0.019182748099191235,0.0191827507123041,2.613112864979783e-09,1e-06,pass
polynomial,67,metrics/formal_train_window/temp_extrap/pairs/sio2:quartz_beta_minus_tridymite_p63mmc/delta_G_RMSE_eV_per_atom,energy_eV_per_atom,0.021150012043468464,0.021150015235140242,3.1916717775637427e-09,1e-06,pass
polynomial,67,metrics/formal_train_window/temp_extrap/pairs/sio2:quartz_beta_minus_tridymite_p63mmc/false_crossings,discrete,0,0,0.0,0.0,pass
polynomial,67,metrics/formal_train_window/temp_extrap/pairs/sio2:quartz_beta_minus_tridymite_p63mmc/missed_crossings,discrete,0,0,0.0,0.0,pass
polynomial,67,metrics/formal_train_window/temp_extrap/pairs/sio2:quartz_beta_minus_tridymite_p63mmc/pair_support,exact_other,test_and_train_partner,test_and_train_partner,,0.0,pass
polynomial,67,metrics/formal_train_window/temp_extrap/pairs/sio2:quartz_beta_minus_tridymite_p63mmc/predicted_Tc_K/0,temperature_K,2208.2779348925437,2208.2782031005145,0.00026820797074833536,0.05,pass
polynomial,67,metrics/formal_train_window/temp_extrap/pairs/sio2:quartz_beta_minus_tridymite_p63mmc/predicted_Tc_K/length,discrete,1,1,0.0,0.0,pass
polynomial,67,metrics/formal_train_window/temp_extrap/pairs/sio2:quartz_beta_minus_tridymite_p63mmc/predicted_Tc_by_seed_K/0/0,temperature_K,2208.2779348925437,2208.2782031005145,0.00026820797074833536,0.05,pass
polynomial,67,metrics/formal_train_window/temp_extrap/pairs/sio2:quartz_beta_minus_tridymite_p63mmc/predicted_Tc_by_seed_K/0/length,discrete,1,1,0.0,0.0,pass
polynomial,67,metrics/formal_train_window/temp_extrap/pairs/sio2:quartz_beta_minus_tridymite_p63mmc/predicted_Tc_by_seed_K/length,discrete,1,1,0.0,0.0,pass
polynomial,67,metrics/formal_train_window/temp_extrap/pairs/sio2:quartz_beta_minus_tridymite_p63mmc/reference_Tc_K/0,temperature_K,1582.3215510581538,1582.3215510581538,0.0,0.05,pass
polynomial,67,metrics/formal_train_window/temp_extrap/pairs/sio2:quartz_beta_minus_tridymite_p63mmc/reference_Tc_K/length,discrete,1,1,0.0,0.0,pass
polynomial,67,metrics/formal_train_window/temp_extrap/pairs/sio2:quartz_beta_minus_tridymite_p63mmc/sign_accuracy,ratio,0.6203759854457247,0.6203759854457247,0.0,0.0,pass
polynomial,67,metrics/formal_train_window/temp_extrap/seeds/0,exact_other,67,67,0.0,0.0,pass
polynomial,67,metrics/formal_train_window/temp_extrap/seeds/length,discrete,1,1,0.0,0.0,pass
polynomial,67,metrics/heldout_window_audit/full_range/G_MAE_eV_per_atom,energy_eV_per_atom,4.090231534650944,4.0902315357350565,1.0841123554428123e-09,1e-06,pass
polynomial,67,metrics/heldout_window_audit/full_range/coverage_2sigma,exact_other,0.0,0.0,0.0,0.0,pass
polynomial,67,metrics/heldout_window_audit/full_range/n_test_frames,exact_other,4947,4947,0.0,0.0,pass
polynomial,67,metrics/heldout_window_audit/full_range/pairs/sio2:cristobalite_beta_minus_quartz_beta/Tc_err_from_dG_K/0,temperature_K,2834.0017295650428,2834.002748533463,0.001018968420339661,0.05,pass
polynomial,67,metrics/heldout_window_audit/full_range/pairs/sio2:cristobalite_beta_minus_quartz_beta/Tc_err_from_dG_K/length,discrete,1,1,0.0,0.0,pass
polynomial,67,metrics/heldout_window_audit/full_range/pairs/sio2:cristobalite_beta_minus_quartz_beta/Tc_error_K/0,temperature_K,669.6654093853356,669.6660562141035,0.0006468287679126661,0.05,pass
polynomial,67,metrics/heldout_window_audit/full_range/pairs/sio2:cristobalite_beta_minus_quartz_beta/Tc_error_K/length,discrete,1,1,0.0,0.0,pass
polynomial,67,metrics/heldout_window_audit/full_range/pairs/sio2:cristobalite_beta_minus_quartz_beta/Tc_scatter_K/0,temperature_K,0.0,0.0,0.0,0.05,pass
polynomial,67,metrics/heldout_window_audit/full_range/pairs/sio2:cristobalite_beta_minus_quartz_beta/Tc_scatter_K/length,discrete,1,1,0.0,0.0,pass
polynomial,67,metrics/heldout_window_audit/full_range/pairs/sio2:cristobalite_beta_minus_quartz_beta/crossing_slope_eV_per_atom_per_K/0,energy_eV_per_atom,7.551407561479095e-06,7.551407561479095e-06,0.0,1e-06,pass
polynomial,67,metrics/heldout_window_audit/full_range/pairs/sio2:cristobalite_beta_minus_quartz_beta/crossing_slope_eV_per_atom_per_K/length,discrete,1,1,0.0,0.0,pass
polynomial,67,metrics/heldout_window_audit/full_range/pairs/sio2:cristobalite_beta_minus_quartz_beta/delta_G_MAE_at_crossing_eV_per_atom/0,energy_eV_per_atom,0.021400702089882297,0.021400709784528134,7.69464583716406e-09,1e-06,pass
polynomial,67,metrics/heldout_window_audit/full_range/pairs/sio2:cristobalite_beta_minus_quartz_beta/delta_G_MAE_at_crossing_eV_per_atom/length,discrete,1,1,0.0,0.0,pass
polynomial,67,metrics/heldout_window_audit/full_range/pairs/sio2:cristobalite_beta_minus_quartz_beta/delta_G_MAE_eV_per_atom,energy_eV_per_atom,0.016031354053079497,0.01603135611767801,2.0645985129852384e-09,1e-06,pass
polynomial,67,metrics/heldout_window_audit/full_range/pairs/sio2:cristobalite_beta_minus_quartz_beta/delta_G_RMSE_eV_per_atom,energy_eV_per_atom,0.01756495744509286,0.017564959331972666,1.886879805179653e-09,1e-06,pass
polynomial,67,metrics/heldout_window_audit/full_range/pairs/sio2:cristobalite_beta_minus_quartz_beta/false_crossings,discrete,0,0,0.0,0.0,pass
polynomial,67,metrics/heldout_window_audit/full_range/pairs/sio2:cristobalite_beta_minus_quartz_beta/missed_crossings,discrete,0,0,0.0,0.0,pass
polynomial,67,metrics/heldout_window_audit/full_range/pairs/sio2:cristobalite_beta_minus_quartz_beta/pair_support,exact_other,test_only,test_only,,0.0,pass
polynomial,67,metrics/heldout_window_audit/full_range/pairs/sio2:cristobalite_beta_minus_quartz_beta/predicted_Tc_K/0,temperature_K,2212.374114161203,2212.374760989971,0.0006468287679126661,0.05,pass
polynomial,67,metrics/heldout_window_audit/full_range/pairs/sio2:cristobalite_beta_minus_quartz_beta/predicted_Tc_K/length,discrete,1,1,0.0,0.0,pass
polynomial,67,metrics/heldout_window_audit/full_range/pairs/sio2:cristobalite_beta_minus_quartz_beta/predicted_Tc_by_seed_K/0/0,temperature_K,2212.374114161203,2212.374760989971,0.0006468287679126661,0.05,pass
polynomial,67,metrics/heldout_window_audit/full_range/pairs/sio2:cristobalite_beta_minus_quartz_beta/predicted_Tc_by_seed_K/0/length,discrete,1,1,0.0,0.0,pass
polynomial,67,metrics/heldout_window_audit/full_range/pairs/sio2:cristobalite_beta_minus_quartz_beta/predicted_Tc_by_seed_K/length,discrete,1,1,0.0,0.0,pass
polynomial,67,metrics/heldout_window_audit/full_range/pairs/sio2:cristobalite_beta_minus_quartz_beta/reference_Tc_K/0,temperature_K,1542.7087047758675,1542.7087047758675,0.0,0.05,pass
polynomial,67,metrics/heldout_window_audit/full_range/pairs/sio2:cristobalite_beta_minus_quartz_beta/reference_Tc_K/length,discrete,1,1,0.0,0.0,pass
polynomial,67,metrics/heldout_window_audit/full_range/pairs/sio2:cristobalite_beta_minus_quartz_beta/sign_accuracy,ratio,0.5936931473620376,0.5936931473620376,0.0,0.0,pass
polynomial,67,metrics/heldout_window_audit/full_range/pairs/sio2:cristobalite_beta_minus_tridymite_p63mmc/Tc_err_from_dG_K/length,discrete,0,0,0.0,0.0,pass
polynomial,67,metrics/heldout_window_audit/full_range/pairs/sio2:cristobalite_beta_minus_tridymite_p63mmc/Tc_error_K/length,discrete,0,0,0.0,0.0,pass
polynomial,67,metrics/heldout_window_audit/full_range/pairs/sio2:cristobalite_beta_minus_tridymite_p63mmc/Tc_scatter_K/length,discrete,0,0,0.0,0.0,pass
polynomial,67,metrics/heldout_window_audit/full_range/pairs/sio2:cristobalite_beta_minus_tridymite_p63mmc/crossing_slope_eV_per_atom_per_K/length,discrete,0,0,0.0,0.0,pass
polynomial,67,metrics/heldout_window_audit/full_range/pairs/sio2:cristobalite_beta_minus_tridymite_p63mmc/delta_G_MAE_at_crossing_eV_per_atom/length,discrete,0,0,0.0,0.0,pass
polynomial,67,metrics/heldout_window_audit/full_range/pairs/sio2:cristobalite_beta_minus_tridymite_p63mmc/delta_G_MAE_eV_per_atom,energy_eV_per_atom,0.0032908882005143365,0.0032908888108410216,6.103266850243649e-10,1e-06,pass
polynomial,67,metrics/heldout_window_audit/full_range/pairs/sio2:cristobalite_beta_minus_tridymite_p63mmc/delta_G_RMSE_eV_per_atom,energy_eV_per_atom,0.0037306102970736115,0.003730611233777741,9.367041296261258e-10,1e-06,pass
polynomial,67,metrics/heldout_window_audit/full_range/pairs/sio2:cristobalite_beta_minus_tridymite_p63mmc/false_crossings,discrete,1,1,0.0,0.0,pass
polynomial,67,metrics/heldout_window_audit/full_range/pairs/sio2:cristobalite_beta_minus_tridymite_p63mmc/missed_crossings,discrete,0,0,0.0,0.0,pass
polynomial,67,metrics/heldout_window_audit/full_range/pairs/sio2:cristobalite_beta_minus_tridymite_p63mmc/pair_support,exact_other,test_only,test_only,,0.0,pass
polynomial,67,metrics/heldout_window_audit/full_range/pairs/sio2:cristobalite_beta_minus_tridymite_p63mmc/predicted_Tc_K/0,temperature_K,2186.6597912846446,2186.659074945947,0.0007163386976571928,0.05,pass
polynomial,67,metrics/heldout_window_audit/full_range/pairs/sio2:cristobalite_beta_minus_tridymite_p63mmc/predicted_Tc_K/length,discrete,1,1,0.0,0.0,pass
polynomial,67,metrics/heldout_window_audit/full_range/pairs/sio2:cristobalite_beta_minus_tridymite_p63mmc/predicted_Tc_by_seed_K/0/0,temperature_K,2186.6597912846446,2186.659074945947,0.0007163386976571928,0.05,pass
polynomial,67,metrics/heldout_window_audit/full_range/pairs/sio2:cristobalite_beta_minus_tridymite_p63mmc/predicted_Tc_by_seed_K/0/length,discrete,1,1,0.0,0.0,pass
polynomial,67,metrics/heldout_window_audit/full_range/pairs/sio2:cristobalite_beta_minus_tridymite_p63mmc/predicted_Tc_by_seed_K/length,discrete,1,1,0.0,0.0,pass
polynomial,67,metrics/heldout_window_audit/full_range/pairs/sio2:cristobalite_beta_minus_tridymite_p63mmc/reference_Tc_K/length,discrete,0,0,0.0,0.0,pass
polynomial,67,metrics/heldout_window_audit/full_range/pairs/sio2:cristobalite_beta_minus_tridymite_p63mmc/sign_accuracy,ratio,0.8101879927228623,0.8101879927228623,0.0,0.0,pass
polynomial,67,metrics/heldout_window_audit/full_range/pairs/sio2:quartz_beta_minus_tridymite_p63mmc/Tc_err_from_dG_K/0,temperature_K,3327.7491651028595,3327.7492975504124,0.00013244755291452748,0.05,pass
polynomial,67,metrics/heldout_window_audit/full_range/pairs/sio2:quartz_beta_minus_tridymite_p63mmc/Tc_err_from_dG_K/length,discrete,1,1,0.0,0.0,pass
polynomial,67,metrics/heldout_window_audit/full_range/pairs/sio2:quartz_beta_minus_tridymite_p63mmc/Tc_error_K/0,temperature_K,625.95638383439,625.9566520423525,0.00026820796256288304,0.05,pass
polynomial,67,metrics/heldout_window_audit/full_range/pairs/sio2:quartz_beta_minus_tridymite_p63mmc/Tc_error_K/length,discrete,1,1,0.0,0.0,pass
polynomial,67,metrics/heldout_window_audit/full_range/pairs/sio2:quartz_beta_minus_tridymite_p63mmc/Tc_scatter_K/0,temperature_K,0.0,0.0,0.0,0.05,pass
polynomial,67,metrics/heldout_window_audit/full_range/pairs/sio2:quartz_beta_minus_tridymite_p63mmc/Tc_scatter_K/length,discrete,1,1,0.0,0.0,pass
polynomial,67,metrics/heldout_window_audit/full_range/pairs/sio2:quartz_beta_minus_tridymite_p63mmc/crossing_slope_eV_per_atom_per_K/0,energy_eV_per_atom,7.448345272997869e-06,7.448345272997869e-06,0.0,1e-06,pass
polynomial,67,metrics/heldout_window_audit/full_range/pairs/sio2:quartz_beta_minus_tridymite_p63mmc/crossing_slope_eV_per_atom_per_K/length,discrete,1,1,0.0,0.0,pass
polynomial,67,metrics/heldout_window_audit/full_range/pairs/sio2:quartz_beta_minus_tridymite_p63mmc/delta_G_MAE_at_crossing_eV_per_atom/0,energy_eV_per_atom,0.02478622476361649,0.024786225750131594,9.865151057164567e-10,1e-06,pass
polynomial,67,metrics/heldout_window_audit/full_range/pairs/sio2:quartz_beta_minus_tridymite_p63mmc/delta_G_MAE_at_crossing_eV_per_atom/length,discrete,1,1,0.0,0.0,pass
polynomial,67,metrics/heldout_window_audit/full_range/pairs/sio2:quartz_beta_minus_tridymite_p63mmc/delta_G_MAE_eV_per_atom,energy_eV_per_atom,0.019182748099191262,0.019182750712304082,2.6131128198769726e-09,1e-06,pass
polynomial,67,metrics/heldout_window_audit/full_range/pairs/sio2:quartz_beta_minus_tridymite_p63mmc/delta_G_RMSE_eV_per_atom,energy_eV_per_atom,0.021150012043468468,0.021150015235140218,3.191671749808167e-09,1e-06,pass
polynomial,67,metrics/heldout_window_audit/full_range/pairs/sio2:quartz_beta_minus_tridymite_p63mmc/false_crossings,discrete,0,0,0.0,0.0,pass
polynomial,67,metrics/heldout_window_audit/full_range/pairs/sio2:quartz_beta_minus_tridymite_p63mmc/missed_crossings,discrete,0,0,0.0,0.0,pass
polynomial,67,metrics/heldout_window_audit/full_range/pairs/sio2:quartz_beta_minus_tridymite_p63mmc/pair_support,exact_other,test_only,test_only,,0.0,pass
polynomial,67,metrics/heldout_window_audit/full_range/pairs/sio2:quartz_beta_minus_tridymite_p63mmc/predicted_Tc_K/0,temperature_K,2208.2779348925437,2208.2782031005063,0.00026820796256288304,0.05,pass
polynomial,67,metrics/heldout_window_audit/full_range/pairs/sio2:quartz_beta_minus_tridymite_p63mmc/predicted_Tc_K/length,discrete,1,1,0.0,0.0,pass
polynomial,67,metrics/heldout_window_audit/full_range/pairs/sio2:quartz_beta_minus_tridymite_p63mmc/predicted_Tc_by_seed_K/0/0,temperature_K,2208.2779348925437,2208.2782031005063,0.00026820796256288304,0.05,pass
polynomial,67,metrics/heldout_window_audit/full_range/pairs/sio2:quartz_beta_minus_tridymite_p63mmc/predicted_Tc_by_seed_K/0/length,discrete,1,1,0.0,0.0,pass
polynomial,67,metrics/heldout_window_audit/full_range/pairs/sio2:quartz_beta_minus_tridymite_p63mmc/predicted_Tc_by_seed_K/length,discrete,1,1,0.0,0.0,pass
polynomial,67,metrics/heldout_window_audit/full_range/pairs/sio2:quartz_beta_minus_tridymite_p63mmc/reference_Tc_K/0,temperature_K,1582.3215510581538,1582.3215510581538,0.0,0.05,pass
polynomial,67,metrics/heldout_window_audit/full_range/pairs/sio2:quartz_beta_minus_tridymite_p63mmc/reference_Tc_K/length,discrete,1,1,0.0,0.0,pass
polynomial,67,metrics/heldout_window_audit/full_range/pairs/sio2:quartz_beta_minus_tridymite_p63mmc/sign_accuracy,ratio,0.6203759854457247,0.6203759854457247,0.0,0.0,pass
polynomial,67,metrics/heldout_window_audit/full_range/seeds/0,exact_other,67,67,0.0,0.0,pass
polynomial,67,metrics/heldout_window_audit/full_range/seeds/length,discrete,1,1,0.0,0.0,pass
polynomial,67,metrics/heldout_window_audit/temp_extrap/G_MAE_eV_per_atom,energy_eV_per_atom,2.946402758519854,2.9464027596098363,1.0899823266186104e-09,1e-06,pass
polynomial,67,metrics/heldout_window_audit/temp_extrap/coverage_2sigma,exact_other,0.0,0.0,0.0,0.0,pass
polynomial,67,metrics/heldout_window_audit/temp_extrap/n_test_frames,exact_other,3171,3171,0.0,0.0,pass
polynomial,67,metrics/heldout_window_audit/temp_extrap/pairs/sio2:cristobalite_beta_minus_quartz_beta/Tc_err_from_dG_K/0,temperature_K,2834.0017295650428,2834.002748533463,0.001018968420339661,0.05,pass
polynomial,67,metrics/heldout_window_audit/temp_extrap/pairs/sio2:cristobalite_beta_minus_quartz_beta/Tc_err_from_dG_K/length,discrete,1,1,0.0,0.0,pass
polynomial,67,metrics/heldout_window_audit/temp_extrap/pairs/sio2:cristobalite_beta_minus_quartz_beta/Tc_error_K/0,temperature_K,669.6654093853356,669.6660562141035,0.0006468287679126661,0.05,pass
polynomial,67,metrics/heldout_window_audit/temp_extrap/pairs/sio2:cristobalite_beta_minus_quartz_beta/Tc_error_K/length,discrete,1,1,0.0,0.0,pass
polynomial,67,metrics/heldout_window_audit/temp_extrap/pairs/sio2:cristobalite_beta_minus_quartz_beta/Tc_scatter_K/0,temperature_K,0.0,0.0,0.0,0.05,pass
polynomial,67,metrics/heldout_window_audit/temp_extrap/pairs/sio2:cristobalite_beta_minus_quartz_beta/Tc_scatter_K/length,discrete,1,1,0.0,0.0,pass
polynomial,67,metrics/heldout_window_audit/temp_extrap/pairs/sio2:cristobalite_beta_minus_quartz_beta/crossing_slope_eV_per_atom_per_K/0,energy_eV_per_atom,7.551407561479095e-06,7.551407561479095e-06,0.0,1e-06,pass
polynomial,67,metrics/heldout_window_audit/temp_extrap/pairs/sio2:cristobalite_beta_minus_quartz_beta/crossing_slope_eV_per_atom_per_K/length,discrete,1,1,0.0,0.0,pass
polynomial,67,metrics/heldout_window_audit/temp_extrap/pairs/sio2:cristobalite_beta_minus_quartz_beta/delta_G_MAE_at_crossing_eV_per_atom/0,energy_eV_per_atom,0.021400702089882297,0.021400709784528134,7.69464583716406e-09,1e-06,pass
polynomial,67,metrics/heldout_window_audit/temp_extrap/pairs/sio2:cristobalite_beta_minus_quartz_beta/delta_G_MAE_at_crossing_eV_per_atom/length,discrete,1,1,0.0,0.0,pass
polynomial,67,metrics/heldout_window_audit/temp_extrap/pairs/sio2:cristobalite_beta_minus_quartz_beta/delta_G_MAE_eV_per_atom,energy_eV_per_atom,0.016031354053079497,0.01603135611767801,2.0645985129852384e-09,1e-06,pass
polynomial,67,metrics/heldout_window_audit/temp_extrap/pairs/sio2:cristobalite_beta_minus_quartz_beta/delta_G_RMSE_eV_per_atom,energy_eV_per_atom,0.01756495744509286,0.017564959331972666,1.886879805179653e-09,1e-06,pass
polynomial,67,metrics/heldout_window_audit/temp_extrap/pairs/sio2:cristobalite_beta_minus_quartz_beta/false_crossings,discrete,0,0,0.0,0.0,pass
polynomial,67,metrics/heldout_window_audit/temp_extrap/pairs/sio2:cristobalite_beta_minus_quartz_beta/missed_crossings,discrete,0,0,0.0,0.0,pass
polynomial,67,metrics/heldout_window_audit/temp_extrap/pairs/sio2:cristobalite_beta_minus_quartz_beta/pair_support,exact_other,test_and_train_partner,test_and_train_partner,,0.0,pass
polynomial,67,metrics/heldout_window_audit/temp_extrap/pairs/sio2:cristobalite_beta_minus_quartz_beta/predicted_Tc_K/0,temperature_K,2212.374114161203,2212.374760989971,0.0006468287679126661,0.05,pass
polynomial,67,metrics/heldout_window_audit/temp_extrap/pairs/sio2:cristobalite_beta_minus_quartz_beta/predicted_Tc_K/length,discrete,1,1,0.0,0.0,pass
polynomial,67,metrics/heldout_window_audit/temp_extrap/pairs/sio2:cristobalite_beta_minus_quartz_beta/predicted_Tc_by_seed_K/0/0,temperature_K,2212.374114161203,2212.374760989971,0.0006468287679126661,0.05,pass
polynomial,67,metrics/heldout_window_audit/temp_extrap/pairs/sio2:cristobalite_beta_minus_quartz_beta/predicted_Tc_by_seed_K/0/length,discrete,1,1,0.0,0.0,pass
polynomial,67,metrics/heldout_window_audit/temp_extrap/pairs/sio2:cristobalite_beta_minus_quartz_beta/predicted_Tc_by_seed_K/length,discrete,1,1,0.0,0.0,pass
polynomial,67,metrics/heldout_window_audit/temp_extrap/pairs/sio2:cristobalite_beta_minus_quartz_beta/reference_Tc_K/0,temperature_K,1542.7087047758675,1542.7087047758675,0.0,0.05,pass
polynomial,67,metrics/heldout_window_audit/temp_extrap/pairs/sio2:cristobalite_beta_minus_quartz_beta/reference_Tc_K/length,discrete,1,1,0.0,0.0,pass
polynomial,67,metrics/heldout_window_audit/temp_extrap/pairs/sio2:cristobalite_beta_minus_quartz_beta/sign_accuracy,ratio,0.5936931473620376,0.5936931473620376,0.0,0.0,pass
polynomial,67,metrics/heldout_window_audit/temp_extrap/pairs/sio2:cristobalite_beta_minus_tridymite_p63mmc/Tc_err_from_dG_K/length,discrete,0,0,0.0,0.0,pass
polynomial,67,metrics/heldout_window_audit/temp_extrap/pairs/sio2:cristobalite_beta_minus_tridymite_p63mmc/Tc_error_K/length,discrete,0,0,0.0,0.0,pass
polynomial,67,metrics/heldout_window_audit/temp_extrap/pairs/sio2:cristobalite_beta_minus_tridymite_p63mmc/Tc_scatter_K/length,discrete,0,0,0.0,0.0,pass
polynomial,67,metrics/heldout_window_audit/temp_extrap/pairs/sio2:cristobalite_beta_minus_tridymite_p63mmc/crossing_slope_eV_per_atom_per_K/length,discrete,0,0,0.0,0.0,pass
polynomial,67,metrics/heldout_window_audit/temp_extrap/pairs/sio2:cristobalite_beta_minus_tridymite_p63mmc/delta_G_MAE_at_crossing_eV_per_atom/length,discrete,0,0,0.0,0.0,pass
polynomial,67,metrics/heldout_window_audit/temp_extrap/pairs/sio2:cristobalite_beta_minus_tridymite_p63mmc/delta_G_MAE_eV_per_atom,energy_eV_per_atom,0.0032908882005143365,0.0032908888108410216,6.103266850243649e-10,1e-06,pass
polynomial,67,metrics/heldout_window_audit/temp_extrap/pairs/sio2:cristobalite_beta_minus_tridymite_p63mmc/delta_G_RMSE_eV_per_atom,energy_eV_per_atom,0.0037306102970736115,0.003730611233777741,9.367041296261258e-10,1e-06,pass
polynomial,67,metrics/heldout_window_audit/temp_extrap/pairs/sio2:cristobalite_beta_minus_tridymite_p63mmc/false_crossings,discrete,1,1,0.0,0.0,pass
polynomial,67,metrics/heldout_window_audit/temp_extrap/pairs/sio2:cristobalite_beta_minus_tridymite_p63mmc/missed_crossings,discrete,0,0,0.0,0.0,pass
polynomial,67,metrics/heldout_window_audit/temp_extrap/pairs/sio2:cristobalite_beta_minus_tridymite_p63mmc/pair_support,exact_other,test_and_train_partner,test_and_train_partner,,0.0,pass
polynomial,67,metrics/heldout_window_audit/temp_extrap/pairs/sio2:cristobalite_beta_minus_tridymite_p63mmc/predicted_Tc_K/0,temperature_K,2186.6597912846446,2186.659074945947,0.0007163386976571928,0.05,pass
polynomial,67,metrics/heldout_window_audit/temp_extrap/pairs/sio2:cristobalite_beta_minus_tridymite_p63mmc/predicted_Tc_K/length,discrete,1,1,0.0,0.0,pass
polynomial,67,metrics/heldout_window_audit/temp_extrap/pairs/sio2:cristobalite_beta_minus_tridymite_p63mmc/predicted_Tc_by_seed_K/0/0,temperature_K,2186.6597912846446,2186.659074945947,0.0007163386976571928,0.05,pass
polynomial,67,metrics/heldout_window_audit/temp_extrap/pairs/sio2:cristobalite_beta_minus_tridymite_p63mmc/predicted_Tc_by_seed_K/0/length,discrete,1,1,0.0,0.0,pass
polynomial,67,metrics/heldout_window_audit/temp_extrap/pairs/sio2:cristobalite_beta_minus_tridymite_p63mmc/predicted_Tc_by_seed_K/length,discrete,1,1,0.0,0.0,pass
polynomial,67,metrics/heldout_window_audit/temp_extrap/pairs/sio2:cristobalite_beta_minus_tridymite_p63mmc/reference_Tc_K/length,discrete,0,0,0.0,0.0,pass
polynomial,67,metrics/heldout_window_audit/temp_extrap/pairs/sio2:cristobalite_beta_minus_tridymite_p63mmc/sign_accuracy,ratio,0.8101879927228623,0.8101879927228623,0.0,0.0,pass
polynomial,67,metrics/heldout_window_audit/temp_extrap/pairs/sio2:quartz_beta_minus_tridymite_p63mmc/Tc_err_from_dG_K/0,temperature_K,3327.7491651028595,3327.7492975504124,0.00013244755291452748,0.05,pass
polynomial,67,metrics/heldout_window_audit/temp_extrap/pairs/sio2:quartz_beta_minus_tridymite_p63mmc/Tc_err_from_dG_K/length,discrete,1,1,0.0,0.0,pass
polynomial,67,metrics/heldout_window_audit/temp_extrap/pairs/sio2:quartz_beta_minus_tridymite_p63mmc/Tc_error_K/0,temperature_K,625.95638383439,625.9566520423525,0.00026820796256288304,0.05,pass
polynomial,67,metrics/heldout_window_audit/temp_extrap/pairs/sio2:quartz_beta_minus_tridymite_p63mmc/Tc_error_K/length,discrete,1,1,0.0,0.0,pass
polynomial,67,metrics/heldout_window_audit/temp_extrap/pairs/sio2:quartz_beta_minus_tridymite_p63mmc/Tc_scatter_K/0,temperature_K,0.0,0.0,0.0,0.05,pass
polynomial,67,metrics/heldout_window_audit/temp_extrap/pairs/sio2:quartz_beta_minus_tridymite_p63mmc/Tc_scatter_K/length,discrete,1,1,0.0,0.0,pass
polynomial,67,metrics/heldout_window_audit/temp_extrap/pairs/sio2:quartz_beta_minus_tridymite_p63mmc/crossing_slope_eV_per_atom_per_K/0,energy_eV_per_atom,7.448345272997869e-06,7.448345272997869e-06,0.0,1e-06,pass
polynomial,67,metrics/heldout_window_audit/temp_extrap/pairs/sio2:quartz_beta_minus_tridymite_p63mmc/crossing_slope_eV_per_atom_per_K/length,discrete,1,1,0.0,0.0,pass
polynomial,67,metrics/heldout_window_audit/temp_extrap/pairs/sio2:quartz_beta_minus_tridymite_p63mmc/delta_G_MAE_at_crossing_eV_per_atom/0,energy_eV_per_atom,0.02478622476361649,0.024786225750131594,9.865151057164567e-10,1e-06,pass
polynomial,67,metrics/heldout_window_audit/temp_extrap/pairs/sio2:quartz_beta_minus_tridymite_p63mmc/delta_G_MAE_at_crossing_eV_per_atom/length,discrete,1,1,0.0,0.0,pass
polynomial,67,metrics/heldout_window_audit/temp_extrap/pairs/sio2:quartz_beta_minus_tridymite_p63mmc/delta_G_MAE_eV_per_atom,energy_eV_per_atom,0.019182748099191262,0.019182750712304082,2.6131128198769726e-09,1e-06,pass
polynomial,67,metrics/heldout_window_audit/temp_extrap/pairs/sio2:quartz_beta_minus_tridymite_p63mmc/delta_G_RMSE_eV_per_atom,energy_eV_per_atom,0.021150012043468468,0.021150015235140218,3.191671749808167e-09,1e-06,pass
polynomial,67,metrics/heldout_window_audit/temp_extrap/pairs/sio2:quartz_beta_minus_tridymite_p63mmc/false_crossings,discrete,0,0,0.0,0.0,pass
polynomial,67,metrics/heldout_window_audit/temp_extrap/pairs/sio2:quartz_beta_minus_tridymite_p63mmc/missed_crossings,discrete,0,0,0.0,0.0,pass
polynomial,67,metrics/heldout_window_audit/temp_extrap/pairs/sio2:quartz_beta_minus_tridymite_p63mmc/pair_support,exact_other,test_and_train_partner,test_and_train_partner,,0.0,pass
polynomial,67,metrics/heldout_window_audit/temp_extrap/pairs/sio2:quartz_beta_minus_tridymite_p63mmc/predicted_Tc_K/0,temperature_K,2208.2779348925437,2208.2782031005063,0.00026820796256288304,0.05,pass
polynomial,67,metrics/heldout_window_audit/temp_extrap/pairs/sio2:quartz_beta_minus_tridymite_p63mmc/predicted_Tc_K/length,discrete,1,1,0.0,0.0,pass
polynomial,67,metrics/heldout_window_audit/temp_extrap/pairs/sio2:quartz_beta_minus_tridymite_p63mmc/predicted_Tc_by_seed_K/0/0,temperature_K,2208.2779348925437,2208.2782031005063,0.00026820796256288304,0.05,pass
polynomial,67,metrics/heldout_window_audit/temp_extrap/pairs/sio2:quartz_beta_minus_tridymite_p63mmc/predicted_Tc_by_seed_K/0/length,discrete,1,1,0.0,0.0,pass
polynomial,67,metrics/heldout_window_audit/temp_extrap/pairs/sio2:quartz_beta_minus_tridymite_p63mmc/predicted_Tc_by_seed_K/length,discrete,1,1,0.0,0.0,pass
polynomial,67,metrics/heldout_window_audit/temp_extrap/pairs/sio2:quartz_beta_minus_tridymite_p63mmc/reference_Tc_K/0,temperature_K,1582.3215510581538,1582.3215510581538,0.0,0.05,pass
polynomial,67,metrics/heldout_window_audit/temp_extrap/pairs/sio2:quartz_beta_minus_tridymite_p63mmc/reference_Tc_K/length,discrete,1,1,0.0,0.0,pass
polynomial,67,metrics/heldout_window_audit/temp_extrap/pairs/sio2:quartz_beta_minus_tridymite_p63mmc/sign_accuracy,ratio,0.6203759854457247,0.6203759854457247,0.0,0.0,pass
polynomial,67,metrics/heldout_window_audit/temp_extrap/seeds/0,exact_other,67,67,0.0,0.0,pass
polynomial,67,metrics/heldout_window_audit/temp_extrap/seeds/length,discrete,1,1,0.0,0.0,pass
polynomial,67,model_internal_c_system_field,exact_other,None,None,,0.0,pass
polynomial,67,seed,exact_other,67,67,0.0,0.0,pass
tlog_polynomial,11,basis,exact_other,tlog_polynomial,tlog_polynomial,,0.0,pass
tlog_polynomial,11,calibration_constants_eV_per_atom/formal_train_window,energy_eV_per_atom,-3.6073112276167105,-3.607311227091602,5.251084012058982e-10,1e-06,pass
tlog_polynomial,11,calibration_constants_eV_per_atom/heldout_window_audit,energy_eV_per_atom,-1.6259204265786307,-1.625920426691029,1.1239831287923607e-10,1e-06,pass
tlog_polynomial,11,metrics/formal_train_window/full_range/G_MAE_eV_per_atom,energy_eV_per_atom,1.358548668359845,1.3585486676952112,6.646336814242204e-10,1e-06,pass
tlog_polynomial,11,metrics/formal_train_window/full_range/coverage_2sigma,exact_other,0.0,0.0,0.0,0.0,pass
tlog_polynomial,11,metrics/formal_train_window/full_range/n_test_frames,exact_other,4947,4947,0.0,0.0,pass
tlog_polynomial,11,metrics/formal_train_window/full_range/pairs/sio2:cristobalite_beta_minus_quartz_beta/Tc_err_from_dG_K/0,temperature_K,1321.4291893895543,1321.4349416393418,0.005752249787519759,0.05,pass
tlog_polynomial,11,metrics/formal_train_window/full_range/pairs/sio2:cristobalite_beta_minus_quartz_beta/Tc_err_from_dG_K/length,discrete,1,1,0.0,0.0,pass
tlog_polynomial,11,metrics/formal_train_window/full_range/pairs/sio2:cristobalite_beta_minus_quartz_beta/Tc_error_K/0,temperature_K,559.4468417676906,559.4466001493872,0.0002416183033346897,0.05,pass
tlog_polynomial,11,metrics/formal_train_window/full_range/pairs/sio2:cristobalite_beta_minus_quartz_beta/Tc_error_K/length,discrete,1,1,0.0,0.0,pass
tlog_polynomial,11,metrics/formal_train_window/full_range/pairs/sio2:cristobalite_beta_minus_quartz_beta/Tc_scatter_K/0,temperature_K,0.0,0.0,0.0,0.05,pass
tlog_polynomial,11,metrics/formal_train_window/full_range/pairs/sio2:cristobalite_beta_minus_quartz_beta/Tc_scatter_K/length,discrete,1,1,0.0,0.0,pass
tlog_polynomial,11,metrics/formal_train_window/full_range/pairs/sio2:cristobalite_beta_minus_quartz_beta/crossing_slope_eV_per_atom_per_K/0,energy_eV_per_atom,7.551407561479095e-06,7.551407561479095e-06,0.0,1e-06,pass
tlog_polynomial,11,metrics/formal_train_window/full_range/pairs/sio2:cristobalite_beta_minus_quartz_beta/crossing_slope_eV_per_atom_per_K/length,discrete,1,1,0.0,0.0,pass
tlog_polynomial,11,metrics/formal_train_window/full_range/pairs/sio2:cristobalite_beta_minus_quartz_beta/delta_G_MAE_at_crossing_eV_per_atom/0,energy_eV_per_atom,0.009978650372715472,0.009978693810298013,4.343758254130026e-08,1e-06,pass
tlog_polynomial,11,metrics/formal_train_window/full_range/pairs/sio2:cristobalite_beta_minus_quartz_beta/delta_G_MAE_at_crossing_eV_per_atom/length,discrete,1,1,0.0,0.0,pass
tlog_polynomial,11,metrics/formal_train_window/full_range/pairs/sio2:cristobalite_beta_minus_quartz_beta/delta_G_MAE_eV_per_atom,energy_eV_per_atom,0.007625392765745662,0.007625393332149597,5.664039350386507e-10,1e-06,pass
tlog_polynomial,11,metrics/formal_train_window/full_range/pairs/sio2:cristobalite_beta_minus_quartz_beta/delta_G_RMSE_eV_per_atom,energy_eV_per_atom,0.008472393923596437,0.00847239463955413,7.159576924375965e-10,1e-06,pass
tlog_polynomial,11,metrics/formal_train_window/full_range/pairs/sio2:cristobalite_beta_minus_quartz_beta/false_crossings,discrete,0,0,0.0,0.0,pass
tlog_polynomial,11,metrics/formal_train_window/full_range/pairs/sio2:cristobalite_beta_minus_quartz_beta/missed_crossings,discrete,0,0,0.0,0.0,pass
tlog_polynomial,11,metrics/formal_train_window/full_range/pairs/sio2:cristobalite_beta_minus_quartz_beta/pair_support,exact_other,test_only,test_only,,0.0,pass
tlog_polynomial,11,metrics/formal_train_window/full_range/pairs/sio2:cristobalite_beta_minus_quartz_beta/predicted_Tc_K/0,temperature_K,2102.155546543558,2102.1553049252548,0.0002416183033346897,0.05,pass
tlog_polynomial,11,metrics/formal_train_window/full_range/pairs/sio2:cristobalite_beta_minus_quartz_beta/predicted_Tc_K/length,discrete,1,1,0.0,0.0,pass
tlog_polynomial,11,metrics/formal_train_window/full_range/pairs/sio2:cristobalite_beta_minus_quartz_beta/predicted_Tc_by_seed_K/0/0,temperature_K,2102.155546543558,2102.1553049252548,0.0002416183033346897,0.05,pass
tlog_polynomial,11,metrics/formal_train_window/full_range/pairs/sio2:cristobalite_beta_minus_quartz_beta/predicted_Tc_by_seed_K/0/length,discrete,1,1,0.0,0.0,pass
tlog_polynomial,11,metrics/formal_train_window/full_range/pairs/sio2:cristobalite_beta_minus_quartz_beta/predicted_Tc_by_seed_K/length,discrete,1,1,0.0,0.0,pass
tlog_polynomial,11,metrics/formal_train_window/full_range/pairs/sio2:cristobalite_beta_minus_quartz_beta/reference_Tc_K/0,temperature_K,1542.7087047758675,1542.7087047758675,0.0,0.05,pass
tlog_polynomial,11,metrics/formal_train_window/full_range/pairs/sio2:cristobalite_beta_minus_quartz_beta/reference_Tc_K/length,discrete,1,1,0.0,0.0,pass
tlog_polynomial,11,metrics/formal_train_window/full_range/pairs/sio2:cristobalite_beta_minus_quartz_beta/sign_accuracy,ratio,0.6604002425712553,0.6604002425712553,0.0,0.0,pass
tlog_polynomial,11,metrics/formal_train_window/full_range/pairs/sio2:cristobalite_beta_minus_tridymite_p63mmc/Tc_err_from_dG_K/length,discrete,0,0,0.0,0.0,pass
tlog_polynomial,11,metrics/formal_train_window/full_range/pairs/sio2:cristobalite_beta_minus_tridymite_p63mmc/Tc_error_K/length,discrete,0,0,0.0,0.0,pass
tlog_polynomial,11,metrics/formal_train_window/full_range/pairs/sio2:cristobalite_beta_minus_tridymite_p63mmc/Tc_scatter_K/length,discrete,0,0,0.0,0.0,pass
tlog_polynomial,11,metrics/formal_train_window/full_range/pairs/sio2:cristobalite_beta_minus_tridymite_p63mmc/crossing_slope_eV_per_atom_per_K/length,discrete,0,0,0.0,0.0,pass
tlog_polynomial,11,metrics/formal_train_window/full_range/pairs/sio2:cristobalite_beta_minus_tridymite_p63mmc/delta_G_MAE_at_crossing_eV_per_atom/length,discrete,0,0,0.0,0.0,pass
tlog_polynomial,11,metrics/formal_train_window/full_range/pairs/sio2:cristobalite_beta_minus_tridymite_p63mmc/delta_G_MAE_eV_per_atom,energy_eV_per_atom,0.0021906756563301287,0.002190675187459237,4.688708917649498e-10,1e-06,pass
tlog_polynomial,11,metrics/formal_train_window/full_range/pairs/sio2:cristobalite_beta_minus_tridymite_p63mmc/delta_G_RMSE_eV_per_atom,energy_eV_per_atom,0.002576302258357236,0.002576301599359307,6.589979291427017e-10,1e-06,pass
tlog_polynomial,11,metrics/formal_train_window/full_range/pairs/sio2:cristobalite_beta_minus_tridymite_p63mmc/false_crossings,discrete,1,1,0.0,0.0,pass
tlog_polynomial,11,metrics/formal_train_window/full_range/pairs/sio2:cristobalite_beta_minus_tridymite_p63mmc/missed_crossings,discrete,0,0,0.0,0.0,pass
tlog_polynomial,11,metrics/formal_train_window/full_range/pairs/sio2:cristobalite_beta_minus_tridymite_p63mmc/pair_support,exact_other,test_only,test_only,,0.0,pass
tlog_polynomial,11,metrics/formal_train_window/full_range/pairs/sio2:cristobalite_beta_minus_tridymite_p63mmc/predicted_Tc_K/0,temperature_K,2259.1876797038176,2259.189297705873,0.0016180020552383212,0.05,pass
tlog_polynomial,11,metrics/formal_train_window/full_range/pairs/sio2:cristobalite_beta_minus_tridymite_p63mmc/predicted_Tc_K/length,discrete,1,1,0.0,0.0,pass
tlog_polynomial,11,metrics/formal_train_window/full_range/pairs/sio2:cristobalite_beta_minus_tridymite_p63mmc/predicted_Tc_by_seed_K/0/0,temperature_K,2259.1876797038176,2259.189297705873,0.0016180020552383212,0.05,pass
tlog_polynomial,11,metrics/formal_train_window/full_range/pairs/sio2:cristobalite_beta_minus_tridymite_p63mmc/predicted_Tc_by_seed_K/0/length,discrete,1,1,0.0,0.0,pass
tlog_polynomial,11,metrics/formal_train_window/full_range/pairs/sio2:cristobalite_beta_minus_tridymite_p63mmc/predicted_Tc_by_seed_K/length,discrete,1,1,0.0,0.0,pass
tlog_polynomial,11,metrics/formal_train_window/full_range/pairs/sio2:cristobalite_beta_minus_tridymite_p63mmc/reference_Tc_K/length,discrete,0,0,0.0,0.0,pass
tlog_polynomial,11,metrics/formal_train_window/full_range/pairs/sio2:cristobalite_beta_minus_tridymite_p63mmc/sign_accuracy,ratio,0.8544572468162522,0.8544572468162522,0.0,0.0,pass
tlog_polynomial,11,metrics/formal_train_window/full_range/pairs/sio2:quartz_beta_minus_tridymite_p63mmc/Tc_err_from_dG_K/0,temperature_K,1641.0424415693765,1641.0454216891094,0.00298011973291068,0.05,pass
tlog_polynomial,11,metrics/formal_train_window/full_range/pairs/sio2:quartz_beta_minus_tridymite_p63mmc/Tc_err_from_dG_K/length,discrete,1,1,0.0,0.0,pass
tlog_polynomial,11,metrics/formal_train_window/full_range/pairs/sio2:quartz_beta_minus_tridymite_p63mmc/Tc_error_K/0,temperature_K,547.4604252429328,547.4619203431032,0.0014951001703593647,0.05,pass
tlog_polynomial,11,metrics/formal_train_window/full_range/pairs/sio2:quartz_beta_minus_tridymite_p63mmc/Tc_error_K/length,discrete,1,1,0.0,0.0,pass
tlog_polynomial,11,metrics/formal_train_window/full_range/pairs/sio2:quartz_beta_minus_tridymite_p63mmc/Tc_scatter_K/0,temperature_K,0.0,0.0,0.0,0.05,pass
tlog_polynomial,11,metrics/formal_train_window/full_range/pairs/sio2:quartz_beta_minus_tridymite_p63mmc/Tc_scatter_K/length,discrete,1,1,0.0,0.0,pass
tlog_polynomial,11,metrics/formal_train_window/full_range/pairs/sio2:quartz_beta_minus_tridymite_p63mmc/crossing_slope_eV_per_atom_per_K/0,energy_eV_per_atom,7.448345272997869e-06,7.448345272997869e-06,0.0,1e-06,pass
tlog_polynomial,11,metrics/formal_train_window/full_range/pairs/sio2:quartz_beta_minus_tridymite_p63mmc/crossing_slope_eV_per_atom_per_K/length,discrete,1,1,0.0,0.0,pass
tlog_polynomial,11,metrics/formal_train_window/full_range/pairs/sio2:quartz_beta_minus_tridymite_p63mmc/delta_G_MAE_at_crossing_eV_per_atom/0,energy_eV_per_atom,0.012223050712452147,0.012223072909412873,2.2196960726070247e-08,1e-06,pass
tlog_polynomial,11,metrics/formal_train_window/full_range/pairs/sio2:quartz_beta_minus_tridymite_p63mmc/delta_G_MAE_at_crossing_eV_per_atom/length,discrete,1,1,0.0,0.0,pass
tlog_polynomial,11,metrics/formal_train_window/full_range/pairs/sio2:quartz_beta_minus_tridymite_p63mmc/delta_G_MAE_eV_per_atom,energy_eV_per_atom,0.00975930332920559,0.009759303725637245,3.9643165486435983e-10,1e-06,pass
tlog_polynomial,11,metrics/formal_train_window/full_range/pairs/sio2:quartz_beta_minus_tridymite_p63mmc/delta_G_RMSE_eV_per_atom,energy_eV_per_atom,0.010984190366204107,0.01098419069035449,3.241503836182158e-10,1e-06,pass
tlog_polynomial,11,metrics/formal_train_window/full_range/pairs/sio2:quartz_beta_minus_tridymite_p63mmc/false_crossings,discrete,0,0,0.0,0.0,pass
tlog_polynomial,11,metrics/formal_train_window/full_range/pairs/sio2:quartz_beta_minus_tridymite_p63mmc/missed_crossings,discrete,0,0,0.0,0.0,pass
tlog_polynomial,11,metrics/formal_train_window/full_range/pairs/sio2:quartz_beta_minus_tridymite_p63mmc/pair_support,exact_other,test_only,test_only,,0.0,pass
tlog_polynomial,11,metrics/formal_train_window/full_range/pairs/sio2:quartz_beta_minus_tridymite_p63mmc/predicted_Tc_K/0,temperature_K,2129.7819763010866,2129.783471401257,0.0014951001703593647,0.05,pass
tlog_polynomial,11,metrics/formal_train_window/full_range/pairs/sio2:quartz_beta_minus_tridymite_p63mmc/predicted_Tc_K/length,discrete,1,1,0.0,0.0,pass
tlog_polynomial,11,metrics/formal_train_window/full_range/pairs/sio2:quartz_beta_minus_tridymite_p63mmc/predicted_Tc_by_seed_K/0/0,temperature_K,2129.7819763010866,2129.783471401257,0.0014951001703593647,0.05,pass
tlog_polynomial,11,metrics/formal_train_window/full_range/pairs/sio2:quartz_beta_minus_tridymite_p63mmc/predicted_Tc_by_seed_K/0/length,discrete,1,1,0.0,0.0,pass
tlog_polynomial,11,metrics/formal_train_window/full_range/pairs/sio2:quartz_beta_minus_tridymite_p63mmc/predicted_Tc_by_seed_K/length,discrete,1,1,0.0,0.0,pass
tlog_polynomial,11,metrics/formal_train_window/full_range/pairs/sio2:quartz_beta_minus_tridymite_p63mmc/reference_Tc_K/0,temperature_K,1582.3215510581538,1582.3215510581538,0.0,0.05,pass
tlog_polynomial,11,metrics/formal_train_window/full_range/pairs/sio2:quartz_beta_minus_tridymite_p63mmc/reference_Tc_K/length,discrete,1,1,0.0,0.0,pass
tlog_polynomial,11,metrics/formal_train_window/full_range/pairs/sio2:quartz_beta_minus_tridymite_p63mmc/sign_accuracy,ratio,0.6682838083687083,0.6682838083687083,0.0,0.0,pass
tlog_polynomial,11,metrics/formal_train_window/full_range/seeds/0,exact_other,11,11,0.0,0.0,pass
tlog_polynomial,11,metrics/formal_train_window/full_range/seeds/length,discrete,1,1,0.0,0.0,pass
tlog_polynomial,11,metrics/formal_train_window/temp_extrap/G_MAE_eV_per_atom,energy_eV_per_atom,1.98139080103808,1.9813908004005731,6.375069361297392e-10,1e-06,pass
tlog_polynomial,11,metrics/formal_train_window/temp_extrap/coverage_2sigma,exact_other,0.0,0.0,0.0,0.0,pass
tlog_polynomial,11,metrics/formal_train_window/temp_extrap/n_test_frames,exact_other,3171,3171,0.0,0.0,pass
tlog_polynomial,11,metrics/formal_train_window/temp_extrap/pairs/sio2:cristobalite_beta_minus_quartz_beta/Tc_err_from_dG_K/0,temperature_K,1321.4291893895543,1321.4349416393418,0.005752249787519759,0.05,pass
tlog_polynomial,11,metrics/formal_train_window/temp_extrap/pairs/sio2:cristobalite_beta_minus_quartz_beta/Tc_err_from_dG_K/length,discrete,1,1,0.0,0.0,pass
tlog_polynomial,11,metrics/formal_train_window/temp_extrap/pairs/sio2:cristobalite_beta_minus_quartz_beta/Tc_error_K/0,temperature_K,559.4468417676906,559.4466001493872,0.0002416183033346897,0.05,pass
tlog_polynomial,11,metrics/formal_train_window/temp_extrap/pairs/sio2:cristobalite_beta_minus_quartz_beta/Tc_error_K/length,discrete,1,1,0.0,0.0,pass
tlog_polynomial,11,metrics/formal_train_window/temp_extrap/pairs/sio2:cristobalite_beta_minus_quartz_beta/Tc_scatter_K/0,temperature_K,0.0,0.0,0.0,0.05,pass
tlog_polynomial,11,metrics/formal_train_window/temp_extrap/pairs/sio2:cristobalite_beta_minus_quartz_beta/Tc_scatter_K/length,discrete,1,1,0.0,0.0,pass
tlog_polynomial,11,metrics/formal_train_window/temp_extrap/pairs/sio2:cristobalite_beta_minus_quartz_beta/crossing_slope_eV_per_atom_per_K/0,energy_eV_per_atom,7.551407561479095e-06,7.551407561479095e-06,0.0,1e-06,pass
tlog_polynomial,11,metrics/formal_train_window/temp_extrap/pairs/sio2:cristobalite_beta_minus_quartz_beta/crossing_slope_eV_per_atom_per_K/length,discrete,1,1,0.0,0.0,pass
tlog_polynomial,11,metrics/formal_train_window/temp_extrap/pairs/sio2:cristobalite_beta_minus_quartz_beta/delta_G_MAE_at_crossing_eV_per_atom/0,energy_eV_per_atom,0.009978650372715472,0.009978693810298013,4.343758254130026e-08,1e-06,pass
tlog_polynomial,11,metrics/formal_train_window/temp_extrap/pairs/sio2:cristobalite_beta_minus_quartz_beta/delta_G_MAE_at_crossing_eV_per_atom/length,discrete,1,1,0.0,0.0,pass
tlog_polynomial,11,metrics/formal_train_window/temp_extrap/pairs/sio2:cristobalite_beta_minus_quartz_beta/delta_G_MAE_eV_per_atom,energy_eV_per_atom,0.007625392765745662,0.007625393332149597,5.664039350386507e-10,1e-06,pass
tlog_polynomial,11,metrics/formal_train_window/temp_extrap/pairs/sio2:cristobalite_beta_minus_quartz_beta/delta_G_RMSE_eV_per_atom,energy_eV_per_atom,0.008472393923596437,0.00847239463955413,7.159576924375965e-10,1e-06,pass
tlog_polynomial,11,metrics/formal_train_window/temp_extrap/pairs/sio2:cristobalite_beta_minus_quartz_beta/false_crossings,discrete,0,0,0.0,0.0,pass
tlog_polynomial,11,metrics/formal_train_window/temp_extrap/pairs/sio2:cristobalite_beta_minus_quartz_beta/missed_crossings,discrete,0,0,0.0,0.0,pass
tlog_polynomial,11,metrics/formal_train_window/temp_extrap/pairs/sio2:cristobalite_beta_minus_quartz_beta/pair_support,exact_other,test_and_train_partner,test_and_train_partner,,0.0,pass
tlog_polynomial,11,metrics/formal_train_window/temp_extrap/pairs/sio2:cristobalite_beta_minus_quartz_beta/predicted_Tc_K/0,temperature_K,2102.155546543558,2102.1553049252548,0.0002416183033346897,0.05,pass
tlog_polynomial,11,metrics/formal_train_window/temp_extrap/pairs/sio2:cristobalite_beta_minus_quartz_beta/predicted_Tc_K/length,discrete,1,1,0.0,0.0,pass
tlog_polynomial,11,metrics/formal_train_window/temp_extrap/pairs/sio2:cristobalite_beta_minus_quartz_beta/predicted_Tc_by_seed_K/0/0,temperature_K,2102.155546543558,2102.1553049252548,0.0002416183033346897,0.05,pass
tlog_polynomial,11,metrics/formal_train_window/temp_extrap/pairs/sio2:cristobalite_beta_minus_quartz_beta/predicted_Tc_by_seed_K/0/length,discrete,1,1,0.0,0.0,pass
tlog_polynomial,11,metrics/formal_train_window/temp_extrap/pairs/sio2:cristobalite_beta_minus_quartz_beta/predicted_Tc_by_seed_K/length,discrete,1,1,0.0,0.0,pass
tlog_polynomial,11,metrics/formal_train_window/temp_extrap/pairs/sio2:cristobalite_beta_minus_quartz_beta/reference_Tc_K/0,temperature_K,1542.7087047758675,1542.7087047758675,0.0,0.05,pass
tlog_polynomial,11,metrics/formal_train_window/temp_extrap/pairs/sio2:cristobalite_beta_minus_quartz_beta/reference_Tc_K/length,discrete,1,1,0.0,0.0,pass
tlog_polynomial,11,metrics/formal_train_window/temp_extrap/pairs/sio2:cristobalite_beta_minus_quartz_beta/sign_accuracy,ratio,0.6604002425712553,0.6604002425712553,0.0,0.0,pass
tlog_polynomial,11,metrics/formal_train_window/temp_extrap/pairs/sio2:cristobalite_beta_minus_tridymite_p63mmc/Tc_err_from_dG_K/length,discrete,0,0,0.0,0.0,pass
tlog_polynomial,11,metrics/formal_train_window/temp_extrap/pairs/sio2:cristobalite_beta_minus_tridymite_p63mmc/Tc_error_K/length,discrete,0,0,0.0,0.0,pass
tlog_polynomial,11,metrics/formal_train_window/temp_extrap/pairs/sio2:cristobalite_beta_minus_tridymite_p63mmc/Tc_scatter_K/length,discrete,0,0,0.0,0.0,pass
tlog_polynomial,11,metrics/formal_train_window/temp_extrap/pairs/sio2:cristobalite_beta_minus_tridymite_p63mmc/crossing_slope_eV_per_atom_per_K/length,discrete,0,0,0.0,0.0,pass
tlog_polynomial,11,metrics/formal_train_window/temp_extrap/pairs/sio2:cristobalite_beta_minus_tridymite_p63mmc/delta_G_MAE_at_crossing_eV_per_atom/length,discrete,0,0,0.0,0.0,pass
tlog_polynomial,11,metrics/formal_train_window/temp_extrap/pairs/sio2:cristobalite_beta_minus_tridymite_p63mmc/delta_G_MAE_eV_per_atom,energy_eV_per_atom,0.0021906756563301287,0.002190675187459237,4.688708917649498e-10,1e-06,pass
tlog_polynomial,11,metrics/formal_train_window/temp_extrap/pairs/sio2:cristobalite_beta_minus_tridymite_p63mmc/delta_G_RMSE_eV_per_atom,energy_eV_per_atom,0.002576302258357236,0.002576301599359307,6.589979291427017e-10,1e-06,pass
tlog_polynomial,11,metrics/formal_train_window/temp_extrap/pairs/sio2:cristobalite_beta_minus_tridymite_p63mmc/false_crossings,discrete,1,1,0.0,0.0,pass
tlog_polynomial,11,metrics/formal_train_window/temp_extrap/pairs/sio2:cristobalite_beta_minus_tridymite_p63mmc/missed_crossings,discrete,0,0,0.0,0.0,pass
tlog_polynomial,11,metrics/formal_train_window/temp_extrap/pairs/sio2:cristobalite_beta_minus_tridymite_p63mmc/pair_support,exact_other,test_and_train_partner,test_and_train_partner,,0.0,pass
tlog_polynomial,11,metrics/formal_train_window/temp_extrap/pairs/sio2:cristobalite_beta_minus_tridymite_p63mmc/predicted_Tc_K/0,temperature_K,2259.1876797038176,2259.189297705873,0.0016180020552383212,0.05,pass
tlog_polynomial,11,metrics/formal_train_window/temp_extrap/pairs/sio2:cristobalite_beta_minus_tridymite_p63mmc/predicted_Tc_K/length,discrete,1,1,0.0,0.0,pass
tlog_polynomial,11,metrics/formal_train_window/temp_extrap/pairs/sio2:cristobalite_beta_minus_tridymite_p63mmc/predicted_Tc_by_seed_K/0/0,temperature_K,2259.1876797038176,2259.189297705873,0.0016180020552383212,0.05,pass
tlog_polynomial,11,metrics/formal_train_window/temp_extrap/pairs/sio2:cristobalite_beta_minus_tridymite_p63mmc/predicted_Tc_by_seed_K/0/length,discrete,1,1,0.0,0.0,pass
tlog_polynomial,11,metrics/formal_train_window/temp_extrap/pairs/sio2:cristobalite_beta_minus_tridymite_p63mmc/predicted_Tc_by_seed_K/length,discrete,1,1,0.0,0.0,pass
tlog_polynomial,11,metrics/formal_train_window/temp_extrap/pairs/sio2:cristobalite_beta_minus_tridymite_p63mmc/reference_Tc_K/length,discrete,0,0,0.0,0.0,pass
tlog_polynomial,11,metrics/formal_train_window/temp_extrap/pairs/sio2:cristobalite_beta_minus_tridymite_p63mmc/sign_accuracy,ratio,0.8544572468162522,0.8544572468162522,0.0,0.0,pass
tlog_polynomial,11,metrics/formal_train_window/temp_extrap/pairs/sio2:quartz_beta_minus_tridymite_p63mmc/Tc_err_from_dG_K/0,temperature_K,1641.0424415693765,1641.0454216891094,0.00298011973291068,0.05,pass
tlog_polynomial,11,metrics/formal_train_window/temp_extrap/pairs/sio2:quartz_beta_minus_tridymite_p63mmc/Tc_err_from_dG_K/length,discrete,1,1,0.0,0.0,pass
tlog_polynomial,11,metrics/formal_train_window/temp_extrap/pairs/sio2:quartz_beta_minus_tridymite_p63mmc/Tc_error_K/0,temperature_K,547.4604252429328,547.4619203431032,0.0014951001703593647,0.05,pass
tlog_polynomial,11,metrics/formal_train_window/temp_extrap/pairs/sio2:quartz_beta_minus_tridymite_p63mmc/Tc_error_K/length,discrete,1,1,0.0,0.0,pass
tlog_polynomial,11,metrics/formal_train_window/temp_extrap/pairs/sio2:quartz_beta_minus_tridymite_p63mmc/Tc_scatter_K/0,temperature_K,0.0,0.0,0.0,0.05,pass
tlog_polynomial,11,metrics/formal_train_window/temp_extrap/pairs/sio2:quartz_beta_minus_tridymite_p63mmc/Tc_scatter_K/length,discrete,1,1,0.0,0.0,pass
tlog_polynomial,11,metrics/formal_train_window/temp_extrap/pairs/sio2:quartz_beta_minus_tridymite_p63mmc/crossing_slope_eV_per_atom_per_K/0,energy_eV_per_atom,7.448345272997869e-06,7.448345272997869e-06,0.0,1e-06,pass
tlog_polynomial,11,metrics/formal_train_window/temp_extrap/pairs/sio2:quartz_beta_minus_tridymite_p63mmc/crossing_slope_eV_per_atom_per_K/length,discrete,1,1,0.0,0.0,pass
tlog_polynomial,11,metrics/formal_train_window/temp_extrap/pairs/sio2:quartz_beta_minus_tridymite_p63mmc/delta_G_MAE_at_crossing_eV_per_atom/0,energy_eV_per_atom,0.012223050712452147,0.012223072909412873,2.2196960726070247e-08,1e-06,pass
tlog_polynomial,11,metrics/formal_train_window/temp_extrap/pairs/sio2:quartz_beta_minus_tridymite_p63mmc/delta_G_MAE_at_crossing_eV_per_atom/length,discrete,1,1,0.0,0.0,pass
tlog_polynomial,11,metrics/formal_train_window/temp_extrap/pairs/sio2:quartz_beta_minus_tridymite_p63mmc/delta_G_MAE_eV_per_atom,energy_eV_per_atom,0.00975930332920559,0.009759303725637245,3.9643165486435983e-10,1e-06,pass
tlog_polynomial,11,metrics/formal_train_window/temp_extrap/pairs/sio2:quartz_beta_minus_tridymite_p63mmc/delta_G_RMSE_eV_per_atom,energy_eV_per_atom,0.010984190366204107,0.01098419069035449,3.241503836182158e-10,1e-06,pass
tlog_polynomial,11,metrics/formal_train_window/temp_extrap/pairs/sio2:quartz_beta_minus_tridymite_p63mmc/false_crossings,discrete,0,0,0.0,0.0,pass
tlog_polynomial,11,metrics/formal_train_window/temp_extrap/pairs/sio2:quartz_beta_minus_tridymite_p63mmc/missed_crossings,discrete,0,0,0.0,0.0,pass
tlog_polynomial,11,metrics/formal_train_window/temp_extrap/pairs/sio2:quartz_beta_minus_tridymite_p63mmc/pair_support,exact_other,test_and_train_partner,test_and_train_partner,,0.0,pass
tlog_polynomial,11,metrics/formal_train_window/temp_extrap/pairs/sio2:quartz_beta_minus_tridymite_p63mmc/predicted_Tc_K/0,temperature_K,2129.7819763010866,2129.783471401257,0.0014951001703593647,0.05,pass
tlog_polynomial,11,metrics/formal_train_window/temp_extrap/pairs/sio2:quartz_beta_minus_tridymite_p63mmc/predicted_Tc_K/length,discrete,1,1,0.0,0.0,pass
tlog_polynomial,11,metrics/formal_train_window/temp_extrap/pairs/sio2:quartz_beta_minus_tridymite_p63mmc/predicted_Tc_by_seed_K/0/0,temperature_K,2129.7819763010866,2129.783471401257,0.0014951001703593647,0.05,pass
tlog_polynomial,11,metrics/formal_train_window/temp_extrap/pairs/sio2:quartz_beta_minus_tridymite_p63mmc/predicted_Tc_by_seed_K/0/length,discrete,1,1,0.0,0.0,pass
tlog_polynomial,11,metrics/formal_train_window/temp_extrap/pairs/sio2:quartz_beta_minus_tridymite_p63mmc/predicted_Tc_by_seed_K/length,discrete,1,1,0.0,0.0,pass
tlog_polynomial,11,metrics/formal_train_window/temp_extrap/pairs/sio2:quartz_beta_minus_tridymite_p63mmc/reference_Tc_K/0,temperature_K,1582.3215510581538,1582.3215510581538,0.0,0.05,pass
tlog_polynomial,11,metrics/formal_train_window/temp_extrap/pairs/sio2:quartz_beta_minus_tridymite_p63mmc/reference_Tc_K/length,discrete,1,1,0.0,0.0,pass
tlog_polynomial,11,metrics/formal_train_window/temp_extrap/pairs/sio2:quartz_beta_minus_tridymite_p63mmc/sign_accuracy,ratio,0.6682838083687083,0.6682838083687083,0.0,0.0,pass
tlog_polynomial,11,metrics/formal_train_window/temp_extrap/seeds/0,exact_other,11,11,0.0,0.0,pass
tlog_polynomial,11,metrics/formal_train_window/temp_extrap/seeds/length,discrete,1,1,0.0,0.0,pass
tlog_polynomial,11,metrics/heldout_window_audit/full_range/G_MAE_eV_per_atom,energy_eV_per_atom,1.2250935691861984,1.2250935694933784,3.071800591669671e-10,1e-06,pass
tlog_polynomial,11,metrics/heldout_window_audit/full_range/coverage_2sigma,exact_other,0.0,0.0,0.0,0.0,pass
tlog_polynomial,11,metrics/heldout_window_audit/full_range/n_test_frames,exact_other,4947,4947,0.0,0.0,pass
tlog_polynomial,11,metrics/heldout_window_audit/full_range/pairs/sio2:cristobalite_beta_minus_quartz_beta/Tc_err_from_dG_K/0,temperature_K,1321.4291893896377,1321.4349416394252,0.005752249787519759,0.05,pass
tlog_polynomial,11,metrics/heldout_window_audit/full_range/pairs/sio2:cristobalite_beta_minus_quartz_beta/Tc_err_from_dG_K/length,discrete,1,1,0.0,0.0,pass
tlog_polynomial,11,metrics/heldout_window_audit/full_range/pairs/sio2:cristobalite_beta_minus_quartz_beta/Tc_error_K/0,temperature_K,559.4468417676783,559.4466001494541,0.00024161822420865064,0.05,pass
tlog_polynomial,11,metrics/heldout_window_audit/full_range/pairs/sio2:cristobalite_beta_minus_quartz_beta/Tc_error_K/length,discrete,1,1,0.0,0.0,pass
tlog_polynomial,11,metrics/heldout_window_audit/full_range/pairs/sio2:cristobalite_beta_minus_quartz_beta/Tc_scatter_K/0,temperature_K,0.0,0.0,0.0,0.05,pass
tlog_polynomial,11,metrics/heldout_window_audit/full_range/pairs/sio2:cristobalite_beta_minus_quartz_beta/Tc_scatter_K/length,discrete,1,1,0.0,0.0,pass
tlog_polynomial,11,metrics/heldout_window_audit/full_range/pairs/sio2:cristobalite_beta_minus_quartz_beta/crossing_slope_eV_per_atom_per_K/0,energy_eV_per_atom,7.551407561479095e-06,7.551407561479095e-06,0.0,1e-06,pass
tlog_polynomial,11,metrics/heldout_window_audit/full_range/pairs/sio2:cristobalite_beta_minus_quartz_beta/crossing_slope_eV_per_atom_per_K/length,discrete,1,1,0.0,0.0,pass
tlog_polynomial,11,metrics/heldout_window_audit/full_range/pairs/sio2:cristobalite_beta_minus_quartz_beta/delta_G_MAE_at_crossing_eV_per_atom/0,energy_eV_per_atom,0.009978650372716101,0.009978693810298643,4.343758254130026e-08,1e-06,pass
tlog_polynomial,11,metrics/heldout_window_audit/full_range/pairs/sio2:cristobalite_beta_minus_quartz_beta/delta_G_MAE_at_crossing_eV_per_atom/length,discrete,1,1,0.0,0.0,pass
tlog_polynomial,11,metrics/heldout_window_audit/full_range/pairs/sio2:cristobalite_beta_minus_quartz_beta/delta_G_MAE_eV_per_atom,energy_eV_per_atom,0.007625392765745724,0.007625393332149799,5.664040755512523e-10,1e-06,pass
tlog_polynomial,11,metrics/heldout_window_audit/full_range/pairs/sio2:cristobalite_beta_minus_quartz_beta/delta_G_RMSE_eV_per_atom,energy_eV_per_atom,0.008472393923596479,0.008472394639554317,7.159578381543685e-10,1e-06,pass
tlog_polynomial,11,metrics/heldout_window_audit/full_range/pairs/sio2:cristobalite_beta_minus_quartz_beta/false_crossings,discrete,0,0,0.0,0.0,pass
tlog_polynomial,11,metrics/heldout_window_audit/full_range/pairs/sio2:cristobalite_beta_minus_quartz_beta/missed_crossings,discrete,0,0,0.0,0.0,pass
tlog_polynomial,11,metrics/heldout_window_audit/full_range/pairs/sio2:cristobalite_beta_minus_quartz_beta/pair_support,exact_other,test_only,test_only,,0.0,pass
tlog_polynomial,11,metrics/heldout_window_audit/full_range/pairs/sio2:cristobalite_beta_minus_quartz_beta/predicted_Tc_K/0,temperature_K,2102.155546543546,2102.1553049253216,0.00024161822420865064,0.05,pass
tlog_polynomial,11,metrics/heldout_window_audit/full_range/pairs/sio2:cristobalite_beta_minus_quartz_beta/predicted_Tc_K/length,discrete,1,1,0.0,0.0,pass
tlog_polynomial,11,metrics/heldout_window_audit/full_range/pairs/sio2:cristobalite_beta_minus_quartz_beta/predicted_Tc_by_seed_K/0/0,temperature_K,2102.155546543546,2102.1553049253216,0.00024161822420865064,0.05,pass
tlog_polynomial,11,metrics/heldout_window_audit/full_range/pairs/sio2:cristobalite_beta_minus_quartz_beta/predicted_Tc_by_seed_K/0/length,discrete,1,1,0.0,0.0,pass
tlog_polynomial,11,metrics/heldout_window_audit/full_range/pairs/sio2:cristobalite_beta_minus_quartz_beta/predicted_Tc_by_seed_K/length,discrete,1,1,0.0,0.0,pass
tlog_polynomial,11,metrics/heldout_window_audit/full_range/pairs/sio2:cristobalite_beta_minus_quartz_beta/reference_Tc_K/0,temperature_K,1542.7087047758675,1542.7087047758675,0.0,0.05,pass
tlog_polynomial,11,metrics/heldout_window_audit/full_range/pairs/sio2:cristobalite_beta_minus_quartz_beta/reference_Tc_K/length,discrete,1,1,0.0,0.0,pass
tlog_polynomial,11,metrics/heldout_window_audit/full_range/pairs/sio2:cristobalite_beta_minus_quartz_beta/sign_accuracy,ratio,0.6604002425712553,0.6604002425712553,0.0,0.0,pass
tlog_polynomial,11,metrics/heldout_window_audit/full_range/pairs/sio2:cristobalite_beta_minus_tridymite_p63mmc/Tc_err_from_dG_K/length,discrete,0,0,0.0,0.0,pass
tlog_polynomial,11,metrics/heldout_window_audit/full_range/pairs/sio2:cristobalite_beta_minus_tridymite_p63mmc/Tc_error_K/length,discrete,0,0,0.0,0.0,pass
tlog_polynomial,11,metrics/heldout_window_audit/full_range/pairs/sio2:cristobalite_beta_minus_tridymite_p63mmc/Tc_scatter_K/length,discrete,0,0,0.0,0.0,pass
tlog_polynomial,11,metrics/heldout_window_audit/full_range/pairs/sio2:cristobalite_beta_minus_tridymite_p63mmc/crossing_slope_eV_per_atom_per_K/length,discrete,0,0,0.0,0.0,pass
tlog_polynomial,11,metrics/heldout_window_audit/full_range/pairs/sio2:cristobalite_beta_minus_tridymite_p63mmc/delta_G_MAE_at_crossing_eV_per_atom/length,discrete,0,0,0.0,0.0,pass
tlog_polynomial,11,metrics/heldout_window_audit/full_range/pairs/sio2:cristobalite_beta_minus_tridymite_p63mmc/delta_G_MAE_eV_per_atom,energy_eV_per_atom,0.00219067565633006,0.0021906751874590383,4.688710218692105e-10,1e-06,pass
tlog_polynomial,11,metrics/heldout_window_audit/full_range/pairs/sio2:cristobalite_beta_minus_tridymite_p63mmc/delta_G_RMSE_eV_per_atom,energy_eV_per_atom,0.0025763022583571746,0.0025763015993591535,6.58998021083046e-10,1e-06,pass
tlog_polynomial,11,metrics/heldout_window_audit/full_range/pairs/sio2:cristobalite_beta_minus_tridymite_p63mmc/false_crossings,discrete,1,1,0.0,0.0,pass
tlog_polynomial,11,metrics/heldout_window_audit/full_range/pairs/sio2:cristobalite_beta_minus_tridymite_p63mmc/missed_crossings,discrete,0,0,0.0,0.0,pass
tlog_polynomial,11,metrics/heldout_window_audit/full_range/pairs/sio2:cristobalite_beta_minus_tridymite_p63mmc/pair_support,exact_other,test_only,test_only,,0.0,pass
tlog_polynomial,11,metrics/heldout_window_audit/full_range/pairs/sio2:cristobalite_beta_minus_tridymite_p63mmc/predicted_Tc_K/0,temperature_K,2259.1876797038176,2259.1892977060925,0.0016180022748812917,0.05,pass
tlog_polynomial,11,metrics/heldout_window_audit/full_range/pairs/sio2:cristobalite_beta_minus_tridymite_p63mmc/predicted_Tc_K/length,discrete,1,1,0.0,0.0,pass
tlog_polynomial,11,metrics/heldout_window_audit/full_range/pairs/sio2:cristobalite_beta_minus_tridymite_p63mmc/predicted_Tc_by_seed_K/0/0,temperature_K,2259.1876797038176,2259.1892977060925,0.0016180022748812917,0.05,pass
tlog_polynomial,11,metrics/heldout_window_audit/full_range/pairs/sio2:cristobalite_beta_minus_tridymite_p63mmc/predicted_Tc_by_seed_K/0/length,discrete,1,1,0.0,0.0,pass
tlog_polynomial,11,metrics/heldout_window_audit/full_range/pairs/sio2:cristobalite_beta_minus_tridymite_p63mmc/predicted_Tc_by_seed_K/length,discrete,1,1,0.0,0.0,pass
tlog_polynomial,11,metrics/heldout_window_audit/full_range/pairs/sio2:cristobalite_beta_minus_tridymite_p63mmc/reference_Tc_K/length,discrete,0,0,0.0,0.0,pass
tlog_polynomial,11,metrics/heldout_window_audit/full_range/pairs/sio2:cristobalite_beta_minus_tridymite_p63mmc/sign_accuracy,ratio,0.8544572468162522,0.8544572468162522,0.0,0.0,pass
tlog_polynomial,11,metrics/heldout_window_audit/full_range/pairs/sio2:quartz_beta_minus_tridymite_p63mmc/Tc_err_from_dG_K/0,temperature_K,1641.0424415692955,1641.0454216892285,0.0029801199329995143,0.05,pass
tlog_polynomial,11,metrics/heldout_window_audit/full_range/pairs/sio2:quartz_beta_minus_tridymite_p63mmc/Tc_err_from_dG_K/length,discrete,1,1,0.0,0.0,pass
tlog_polynomial,11,metrics/heldout_window_audit/full_range/pairs/sio2:quartz_beta_minus_tridymite_p63mmc/Tc_error_K/0,temperature_K,547.4604252429469,547.4619203431032,0.0014951001562621968,0.05,pass
tlog_polynomial,11,metrics/heldout_window_audit/full_range/pairs/sio2:quartz_beta_minus_tridymite_p63mmc/Tc_error_K/length,discrete,1,1,0.0,0.0,pass
tlog_polynomial,11,metrics/heldout_window_audit/full_range/pairs/sio2:quartz_beta_minus_tridymite_p63mmc/Tc_scatter_K/0,temperature_K,0.0,0.0,0.0,0.05,pass
tlog_polynomial,11,metrics/heldout_window_audit/full_range/pairs/sio2:quartz_beta_minus_tridymite_p63mmc/Tc_scatter_K/length,discrete,1,1,0.0,0.0,pass
tlog_polynomial,11,metrics/heldout_window_audit/full_range/pairs/sio2:quartz_beta_minus_tridymite_p63mmc/crossing_slope_eV_per_atom_per_K/0,energy_eV_per_atom,7.448345272997869e-06,7.448345272997869e-06,0.0,1e-06,pass
tlog_polynomial,11,metrics/heldout_window_audit/full_range/pairs/sio2:quartz_beta_minus_tridymite_p63mmc/crossing_slope_eV_per_atom_per_K/length,discrete,1,1,0.0,0.0,pass
tlog_polynomial,11,metrics/heldout_window_audit/full_range/pairs/sio2:quartz_beta_minus_tridymite_p63mmc/delta_G_MAE_at_crossing_eV_per_atom/0,energy_eV_per_atom,0.012223050712451545,0.012223072909413761,2.2196962216197713e-08,1e-06,pass
tlog_polynomial,11,metrics/heldout_window_audit/full_range/pairs/sio2:quartz_beta_minus_tridymite_p63mmc/delta_G_MAE_at_crossing_eV_per_atom/length,discrete,1,1,0.0,0.0,pass
tlog_polynomial,11,metrics/heldout_window_audit/full_range/pairs/sio2:quartz_beta_minus_tridymite_p63mmc/delta_G_MAE_eV_per_atom,energy_eV_per_atom,0.009759303329205571,0.00975930372563725,3.964316791504885e-10,1e-06,pass
tlog_polynomial,11,metrics/heldout_window_audit/full_range/pairs/sio2:quartz_beta_minus_tridymite_p63mmc/delta_G_RMSE_eV_per_atom,energy_eV_per_atom,0.01098419036620407,0.010984190690354502,3.241504321904731e-10,1e-06,pass
tlog_polynomial,11,metrics/heldout_window_audit/full_range/pairs/sio2:quartz_beta_minus_tridymite_p63mmc/false_crossings,discrete,0,0,0.0,0.0,pass
tlog_polynomial,11,metrics/heldout_window_audit/full_range/pairs/sio2:quartz_beta_minus_tridymite_p63mmc/missed_crossings,discrete,0,0,0.0,0.0,pass
tlog_polynomial,11,metrics/heldout_window_audit/full_range/pairs/sio2:quartz_beta_minus_tridymite_p63mmc/pair_support,exact_other,test_only,test_only,,0.0,pass
tlog_polynomial,11,metrics/heldout_window_audit/full_range/pairs/sio2:quartz_beta_minus_tridymite_p63mmc/predicted_Tc_K/0,temperature_K,2129.7819763011007,2129.783471401257,0.0014951001562621968,0.05,pass
tlog_polynomial,11,metrics/heldout_window_audit/full_range/pairs/sio2:quartz_beta_minus_tridymite_p63mmc/predicted_Tc_K/length,discrete,1,1,0.0,0.0,pass
tlog_polynomial,11,metrics/heldout_window_audit/full_range/pairs/sio2:quartz_beta_minus_tridymite_p63mmc/predicted_Tc_by_seed_K/0/0,temperature_K,2129.7819763011007,2129.783471401257,0.0014951001562621968,0.05,pass
tlog_polynomial,11,metrics/heldout_window_audit/full_range/pairs/sio2:quartz_beta_minus_tridymite_p63mmc/predicted_Tc_by_seed_K/0/length,discrete,1,1,0.0,0.0,pass
tlog_polynomial,11,metrics/heldout_window_audit/full_range/pairs/sio2:quartz_beta_minus_tridymite_p63mmc/predicted_Tc_by_seed_K/length,discrete,1,1,0.0,0.0,pass
tlog_polynomial,11,metrics/heldout_window_audit/full_range/pairs/sio2:quartz_beta_minus_tridymite_p63mmc/reference_Tc_K/0,temperature_K,1582.3215510581538,1582.3215510581538,0.0,0.05,pass
tlog_polynomial,11,metrics/heldout_window_audit/full_range/pairs/sio2:quartz_beta_minus_tridymite_p63mmc/reference_Tc_K/length,discrete,1,1,0.0,0.0,pass
tlog_polynomial,11,metrics/heldout_window_audit/full_range/pairs/sio2:quartz_beta_minus_tridymite_p63mmc/sign_accuracy,ratio,0.6682838083687083,0.6682838083687083,0.0,0.0,pass
tlog_polynomial,11,metrics/heldout_window_audit/full_range/seeds/0,exact_other,11,11,0.0,0.0,pass
tlog_polynomial,11,metrics/heldout_window_audit/full_range/seeds/length,discrete,1,1,0.0,0.0,pass
tlog_polynomial,11,metrics/heldout_window_audit/temp_extrap/G_MAE_eV_per_atom,energy_eV_per_atom,0.8015098783098372,0.8015098791461137,8.362764924996213e-10,1e-06,pass
tlog_polynomial,11,metrics/heldout_window_audit/temp_extrap/coverage_2sigma,exact_other,0.0,0.0,0.0,0.0,pass
tlog_polynomial,11,metrics/heldout_window_audit/temp_extrap/n_test_frames,exact_other,3171,3171,0.0,0.0,pass
tlog_polynomial,11,metrics/heldout_window_audit/temp_extrap/pairs/sio2:cristobalite_beta_minus_quartz_beta/Tc_err_from_dG_K/0,temperature_K,1321.4291893896377,1321.4349416394252,0.005752249787519759,0.05,pass
tlog_polynomial,11,metrics/heldout_window_audit/temp_extrap/pairs/sio2:cristobalite_beta_minus_quartz_beta/Tc_err_from_dG_K/length,discrete,1,1,0.0,0.0,pass
tlog_polynomial,11,metrics/heldout_window_audit/temp_extrap/pairs/sio2:cristobalite_beta_minus_quartz_beta/Tc_error_K/0,temperature_K,559.4468417676783,559.4466001494541,0.00024161822420865064,0.05,pass
tlog_polynomial,11,metrics/heldout_window_audit/temp_extrap/pairs/sio2:cristobalite_beta_minus_quartz_beta/Tc_error_K/length,discrete,1,1,0.0,0.0,pass
tlog_polynomial,11,metrics/heldout_window_audit/temp_extrap/pairs/sio2:cristobalite_beta_minus_quartz_beta/Tc_scatter_K/0,temperature_K,0.0,0.0,0.0,0.05,pass
tlog_polynomial,11,metrics/heldout_window_audit/temp_extrap/pairs/sio2:cristobalite_beta_minus_quartz_beta/Tc_scatter_K/length,discrete,1,1,0.0,0.0,pass
tlog_polynomial,11,metrics/heldout_window_audit/temp_extrap/pairs/sio2:cristobalite_beta_minus_quartz_beta/crossing_slope_eV_per_atom_per_K/0,energy_eV_per_atom,7.551407561479095e-06,7.551407561479095e-06,0.0,1e-06,pass
tlog_polynomial,11,metrics/heldout_window_audit/temp_extrap/pairs/sio2:cristobalite_beta_minus_quartz_beta/crossing_slope_eV_per_atom_per_K/length,discrete,1,1,0.0,0.0,pass
tlog_polynomial,11,metrics/heldout_window_audit/temp_extrap/pairs/sio2:cristobalite_beta_minus_quartz_beta/delta_G_MAE_at_crossing_eV_per_atom/0,energy_eV_per_atom,0.009978650372716101,0.009978693810298643,4.343758254130026e-08,1e-06,pass
tlog_polynomial,11,metrics/heldout_window_audit/temp_extrap/pairs/sio2:cristobalite_beta_minus_quartz_beta/delta_G_MAE_at_crossing_eV_per_atom/length,discrete,1,1,0.0,0.0,pass
tlog_polynomial,11,metrics/heldout_window_audit/temp_extrap/pairs/sio2:cristobalite_beta_minus_quartz_beta/delta_G_MAE_eV_per_atom,energy_eV_per_atom,0.007625392765745724,0.007625393332149799,5.664040755512523e-10,1e-06,pass
tlog_polynomial,11,metrics/heldout_window_audit/temp_extrap/pairs/sio2:cristobalite_beta_minus_quartz_beta/delta_G_RMSE_eV_per_atom,energy_eV_per_atom,0.008472393923596479,0.008472394639554317,7.159578381543685e-10,1e-06,pass
tlog_polynomial,11,metrics/heldout_window_audit/temp_extrap/pairs/sio2:cristobalite_beta_minus_quartz_beta/false_crossings,discrete,0,0,0.0,0.0,pass
tlog_polynomial,11,metrics/heldout_window_audit/temp_extrap/pairs/sio2:cristobalite_beta_minus_quartz_beta/missed_crossings,discrete,0,0,0.0,0.0,pass
tlog_polynomial,11,metrics/heldout_window_audit/temp_extrap/pairs/sio2:cristobalite_beta_minus_quartz_beta/pair_support,exact_other,test_and_train_partner,test_and_train_partner,,0.0,pass
tlog_polynomial,11,metrics/heldout_window_audit/temp_extrap/pairs/sio2:cristobalite_beta_minus_quartz_beta/predicted_Tc_K/0,temperature_K,2102.155546543546,2102.1553049253216,0.00024161822420865064,0.05,pass
tlog_polynomial,11,metrics/heldout_window_audit/temp_extrap/pairs/sio2:cristobalite_beta_minus_quartz_beta/predicted_Tc_K/length,discrete,1,1,0.0,0.0,pass
tlog_polynomial,11,metrics/heldout_window_audit/temp_extrap/pairs/sio2:cristobalite_beta_minus_quartz_beta/predicted_Tc_by_seed_K/0/0,temperature_K,2102.155546543546,2102.1553049253216,0.00024161822420865064,0.05,pass
tlog_polynomial,11,metrics/heldout_window_audit/temp_extrap/pairs/sio2:cristobalite_beta_minus_quartz_beta/predicted_Tc_by_seed_K/0/length,discrete,1,1,0.0,0.0,pass
tlog_polynomial,11,metrics/heldout_window_audit/temp_extrap/pairs/sio2:cristobalite_beta_minus_quartz_beta/predicted_Tc_by_seed_K/length,discrete,1,1,0.0,0.0,pass
tlog_polynomial,11,metrics/heldout_window_audit/temp_extrap/pairs/sio2:cristobalite_beta_minus_quartz_beta/reference_Tc_K/0,temperature_K,1542.7087047758675,1542.7087047758675,0.0,0.05,pass
tlog_polynomial,11,metrics/heldout_window_audit/temp_extrap/pairs/sio2:cristobalite_beta_minus_quartz_beta/reference_Tc_K/length,discrete,1,1,0.0,0.0,pass
tlog_polynomial,11,metrics/heldout_window_audit/temp_extrap/pairs/sio2:cristobalite_beta_minus_quartz_beta/sign_accuracy,ratio,0.6604002425712553,0.6604002425712553,0.0,0.0,pass
tlog_polynomial,11,metrics/heldout_window_audit/temp_extrap/pairs/sio2:cristobalite_beta_minus_tridymite_p63mmc/Tc_err_from_dG_K/length,discrete,0,0,0.0,0.0,pass
tlog_polynomial,11,metrics/heldout_window_audit/temp_extrap/pairs/sio2:cristobalite_beta_minus_tridymite_p63mmc/Tc_error_K/length,discrete,0,0,0.0,0.0,pass
tlog_polynomial,11,metrics/heldout_window_audit/temp_extrap/pairs/sio2:cristobalite_beta_minus_tridymite_p63mmc/Tc_scatter_K/length,discrete,0,0,0.0,0.0,pass
tlog_polynomial,11,metrics/heldout_window_audit/temp_extrap/pairs/sio2:cristobalite_beta_minus_tridymite_p63mmc/crossing_slope_eV_per_atom_per_K/length,discrete,0,0,0.0,0.0,pass
tlog_polynomial,11,metrics/heldout_window_audit/temp_extrap/pairs/sio2:cristobalite_beta_minus_tridymite_p63mmc/delta_G_MAE_at_crossing_eV_per_atom/length,discrete,0,0,0.0,0.0,pass
tlog_polynomial,11,metrics/heldout_window_audit/temp_extrap/pairs/sio2:cristobalite_beta_minus_tridymite_p63mmc/delta_G_MAE_eV_per_atom,energy_eV_per_atom,0.00219067565633006,0.0021906751874590383,4.688710218692105e-10,1e-06,pass
tlog_polynomial,11,metrics/heldout_window_audit/temp_extrap/pairs/sio2:cristobalite_beta_minus_tridymite_p63mmc/delta_G_RMSE_eV_per_atom,energy_eV_per_atom,0.0025763022583571746,0.0025763015993591535,6.58998021083046e-10,1e-06,pass
tlog_polynomial,11,metrics/heldout_window_audit/temp_extrap/pairs/sio2:cristobalite_beta_minus_tridymite_p63mmc/false_crossings,discrete,1,1,0.0,0.0,pass
tlog_polynomial,11,metrics/heldout_window_audit/temp_extrap/pairs/sio2:cristobalite_beta_minus_tridymite_p63mmc/missed_crossings,discrete,0,0,0.0,0.0,pass
tlog_polynomial,11,metrics/heldout_window_audit/temp_extrap/pairs/sio2:cristobalite_beta_minus_tridymite_p63mmc/pair_support,exact_other,test_and_train_partner,test_and_train_partner,,0.0,pass
tlog_polynomial,11,metrics/heldout_window_audit/temp_extrap/pairs/sio2:cristobalite_beta_minus_tridymite_p63mmc/predicted_Tc_K/0,temperature_K,2259.1876797038176,2259.1892977060925,0.0016180022748812917,0.05,pass
tlog_polynomial,11,metrics/heldout_window_audit/temp_extrap/pairs/sio2:cristobalite_beta_minus_tridymite_p63mmc/predicted_Tc_K/length,discrete,1,1,0.0,0.0,pass
tlog_polynomial,11,metrics/heldout_window_audit/temp_extrap/pairs/sio2:cristobalite_beta_minus_tridymite_p63mmc/predicted_Tc_by_seed_K/0/0,temperature_K,2259.1876797038176,2259.1892977060925,0.0016180022748812917,0.05,pass
tlog_polynomial,11,metrics/heldout_window_audit/temp_extrap/pairs/sio2:cristobalite_beta_minus_tridymite_p63mmc/predicted_Tc_by_seed_K/0/length,discrete,1,1,0.0,0.0,pass
tlog_polynomial,11,metrics/heldout_window_audit/temp_extrap/pairs/sio2:cristobalite_beta_minus_tridymite_p63mmc/predicted_Tc_by_seed_K/length,discrete,1,1,0.0,0.0,pass
tlog_polynomial,11,metrics/heldout_window_audit/temp_extrap/pairs/sio2:cristobalite_beta_minus_tridymite_p63mmc/reference_Tc_K/length,discrete,0,0,0.0,0.0,pass
tlog_polynomial,11,metrics/heldout_window_audit/temp_extrap/pairs/sio2:cristobalite_beta_minus_tridymite_p63mmc/sign_accuracy,ratio,0.8544572468162522,0.8544572468162522,0.0,0.0,pass
tlog_polynomial,11,metrics/heldout_window_audit/temp_extrap/pairs/sio2:quartz_beta_minus_tridymite_p63mmc/Tc_err_from_dG_K/0,temperature_K,1641.0424415692955,1641.0454216892285,0.0029801199329995143,0.05,pass
tlog_polynomial,11,metrics/heldout_window_audit/temp_extrap/pairs/sio2:quartz_beta_minus_tridymite_p63mmc/Tc_err_from_dG_K/length,discrete,1,1,0.0,0.0,pass
tlog_polynomial,11,metrics/heldout_window_audit/temp_extrap/pairs/sio2:quartz_beta_minus_tridymite_p63mmc/Tc_error_K/0,temperature_K,547.4604252429469,547.4619203431032,0.0014951001562621968,0.05,pass
tlog_polynomial,11,metrics/heldout_window_audit/temp_extrap/pairs/sio2:quartz_beta_minus_tridymite_p63mmc/Tc_error_K/length,discrete,1,1,0.0,0.0,pass
tlog_polynomial,11,metrics/heldout_window_audit/temp_extrap/pairs/sio2:quartz_beta_minus_tridymite_p63mmc/Tc_scatter_K/0,temperature_K,0.0,0.0,0.0,0.05,pass
tlog_polynomial,11,metrics/heldout_window_audit/temp_extrap/pairs/sio2:quartz_beta_minus_tridymite_p63mmc/Tc_scatter_K/length,discrete,1,1,0.0,0.0,pass
tlog_polynomial,11,metrics/heldout_window_audit/temp_extrap/pairs/sio2:quartz_beta_minus_tridymite_p63mmc/crossing_slope_eV_per_atom_per_K/0,energy_eV_per_atom,7.448345272997869e-06,7.448345272997869e-06,0.0,1e-06,pass
tlog_polynomial,11,metrics/heldout_window_audit/temp_extrap/pairs/sio2:quartz_beta_minus_tridymite_p63mmc/crossing_slope_eV_per_atom_per_K/length,discrete,1,1,0.0,0.0,pass
tlog_polynomial,11,metrics/heldout_window_audit/temp_extrap/pairs/sio2:quartz_beta_minus_tridymite_p63mmc/delta_G_MAE_at_crossing_eV_per_atom/0,energy_eV_per_atom,0.012223050712451545,0.012223072909413761,2.2196962216197713e-08,1e-06,pass
tlog_polynomial,11,metrics/heldout_window_audit/temp_extrap/pairs/sio2:quartz_beta_minus_tridymite_p63mmc/delta_G_MAE_at_crossing_eV_per_atom/length,discrete,1,1,0.0,0.0,pass
tlog_polynomial,11,metrics/heldout_window_audit/temp_extrap/pairs/sio2:quartz_beta_minus_tridymite_p63mmc/delta_G_MAE_eV_per_atom,energy_eV_per_atom,0.009759303329205571,0.00975930372563725,3.964316791504885e-10,1e-06,pass
tlog_polynomial,11,metrics/heldout_window_audit/temp_extrap/pairs/sio2:quartz_beta_minus_tridymite_p63mmc/delta_G_RMSE_eV_per_atom,energy_eV_per_atom,0.01098419036620407,0.010984190690354502,3.241504321904731e-10,1e-06,pass
tlog_polynomial,11,metrics/heldout_window_audit/temp_extrap/pairs/sio2:quartz_beta_minus_tridymite_p63mmc/false_crossings,discrete,0,0,0.0,0.0,pass
tlog_polynomial,11,metrics/heldout_window_audit/temp_extrap/pairs/sio2:quartz_beta_minus_tridymite_p63mmc/missed_crossings,discrete,0,0,0.0,0.0,pass
tlog_polynomial,11,metrics/heldout_window_audit/temp_extrap/pairs/sio2:quartz_beta_minus_tridymite_p63mmc/pair_support,exact_other,test_and_train_partner,test_and_train_partner,,0.0,pass
tlog_polynomial,11,metrics/heldout_window_audit/temp_extrap/pairs/sio2:quartz_beta_minus_tridymite_p63mmc/predicted_Tc_K/0,temperature_K,2129.7819763011007,2129.783471401257,0.0014951001562621968,0.05,pass
tlog_polynomial,11,metrics/heldout_window_audit/temp_extrap/pairs/sio2:quartz_beta_minus_tridymite_p63mmc/predicted_Tc_K/length,discrete,1,1,0.0,0.0,pass
tlog_polynomial,11,metrics/heldout_window_audit/temp_extrap/pairs/sio2:quartz_beta_minus_tridymite_p63mmc/predicted_Tc_by_seed_K/0/0,temperature_K,2129.7819763011007,2129.783471401257,0.0014951001562621968,0.05,pass
tlog_polynomial,11,metrics/heldout_window_audit/temp_extrap/pairs/sio2:quartz_beta_minus_tridymite_p63mmc/predicted_Tc_by_seed_K/0/length,discrete,1,1,0.0,0.0,pass
tlog_polynomial,11,metrics/heldout_window_audit/temp_extrap/pairs/sio2:quartz_beta_minus_tridymite_p63mmc/predicted_Tc_by_seed_K/length,discrete,1,1,0.0,0.0,pass
tlog_polynomial,11,metrics/heldout_window_audit/temp_extrap/pairs/sio2:quartz_beta_minus_tridymite_p63mmc/reference_Tc_K/0,temperature_K,1582.3215510581538,1582.3215510581538,0.0,0.05,pass
tlog_polynomial,11,metrics/heldout_window_audit/temp_extrap/pairs/sio2:quartz_beta_minus_tridymite_p63mmc/reference_Tc_K/length,discrete,1,1,0.0,0.0,pass
tlog_polynomial,11,metrics/heldout_window_audit/temp_extrap/pairs/sio2:quartz_beta_minus_tridymite_p63mmc/sign_accuracy,ratio,0.6682838083687083,0.6682838083687083,0.0,0.0,pass
tlog_polynomial,11,metrics/heldout_window_audit/temp_extrap/seeds/0,exact_other,11,11,0.0,0.0,pass
tlog_polynomial,11,metrics/heldout_window_audit/temp_extrap/seeds/length,discrete,1,1,0.0,0.0,pass
tlog_polynomial,11,model_internal_c_system_field,exact_other,None,None,,0.0,pass
tlog_polynomial,11,seed,exact_other,11,11,0.0,0.0,pass
tlog_polynomial,23,basis,exact_other,tlog_polynomial,tlog_polynomial,,0.0,pass
tlog_polynomial,23,calibration_constants_eV_per_atom/formal_train_window,energy_eV_per_atom,-3.6065291222233955,-3.6065291225016978,2.783022701180471e-10,1e-06,pass
tlog_polynomial,23,calibration_constants_eV_per_atom/heldout_window_audit,energy_eV_per_atom,-1.6223358364394989,-1.6223358362304117,2.090871920046311e-10,1e-06,pass
tlog_polynomial,23,metrics/formal_train_window/full_range/G_MAE_eV_per_atom,energy_eV_per_atom,1.3604886419487758,1.3604886423290858,3.803100057098163e-10,1e-06,pass
tlog_polynomial,23,metrics/formal_train_window/full_range/coverage_2sigma,exact_other,0.0,0.0,0.0,0.0,pass
tlog_polynomial,23,metrics/formal_train_window/full_range/n_test_frames,exact_other,4947,4947,0.0,0.0,pass
tlog_polynomial,23,metrics/formal_train_window/full_range/pairs/sio2:cristobalite_beta_minus_quartz_beta/Tc_err_from_dG_K/0,temperature_K,1317.6151309121763,1317.6184690325003,0.0033381203240878676,0.05,pass
tlog_polynomial,23,metrics/formal_train_window/full_range/pairs/sio2:cristobalite_beta_minus_quartz_beta/Tc_err_from_dG_K/length,discrete,1,1,0.0,0.0,pass
tlog_polynomial,23,metrics/formal_train_window/full_range/pairs/sio2:cristobalite_beta_minus_quartz_beta/Tc_error_K/0,temperature_K,558.9149083092777,558.9156270893757,0.0007187800979409076,0.05,pass
tlog_polynomial,23,metrics/formal_train_window/full_range/pairs/sio2:cristobalite_beta_minus_quartz_beta/Tc_error_K/length,discrete,1,1,0.0,0.0,pass
tlog_polynomial,23,metrics/formal_train_window/full_range/pairs/sio2:cristobalite_beta_minus_quartz_beta/Tc_scatter_K/0,temperature_K,0.0,0.0,0.0,0.05,pass
tlog_polynomial,23,metrics/formal_train_window/full_range/pairs/sio2:cristobalite_beta_minus_quartz_beta/Tc_scatter_K/length,discrete,1,1,0.0,0.0,pass
tlog_polynomial,23,metrics/formal_train_window/full_range/pairs/sio2:cristobalite_beta_minus_quartz_beta/crossing_slope_eV_per_atom_per_K/0,energy_eV_per_atom,7.551407561479095e-06,7.551407561479095e-06,0.0,1e-06,pass
tlog_polynomial,23,metrics/formal_train_window/full_range/pairs/sio2:cristobalite_beta_minus_quartz_beta/crossing_slope_eV_per_atom_per_K/length,discrete,1,1,0.0,0.0,pass
tlog_polynomial,23,metrics/formal_train_window/full_range/pairs/sio2:cristobalite_beta_minus_quartz_beta/delta_G_MAE_at_crossing_eV_per_atom/0,energy_eV_per_atom,0.009949848862689476,0.009949874070196532,2.520750705566066e-08,1e-06,pass
tlog_polynomial,23,metrics/formal_train_window/full_range/pairs/sio2:cristobalite_beta_minus_quartz_beta/delta_G_MAE_at_crossing_eV_per_atom/length,discrete,1,1,0.0,0.0,pass
tlog_polynomial,23,metrics/formal_train_window/full_range/pairs/sio2:cristobalite_beta_minus_quartz_beta/delta_G_MAE_eV_per_atom,energy_eV_per_atom,0.007601727392338498,0.007601726236793063,1.1555454345127392e-09,1e-06,pass
tlog_polynomial,23,metrics/formal_train_window/full_range/pairs/sio2:cristobalite_beta_minus_quartz_beta/delta_G_RMSE_eV_per_atom,energy_eV_per_atom,0.008445331883221453,0.008445330630531588,1.2526898650333518e-09,1e-06,pass
tlog_polynomial,23,metrics/formal_train_window/full_range/pairs/sio2:cristobalite_beta_minus_quartz_beta/false_crossings,discrete,0,0,0.0,0.0,pass
tlog_polynomial,23,metrics/formal_train_window/full_range/pairs/sio2:cristobalite_beta_minus_quartz_beta/missed_crossings,discrete,0,0,0.0,0.0,pass
tlog_polynomial,23,metrics/formal_train_window/full_range/pairs/sio2:cristobalite_beta_minus_quartz_beta/pair_support,exact_other,test_only,test_only,,0.0,pass
tlog_polynomial,23,metrics/formal_train_window/full_range/pairs/sio2:cristobalite_beta_minus_quartz_beta/predicted_Tc_K/0,temperature_K,2101.6236130851453,2101.624331865243,0.0007187800979409076,0.05,pass
tlog_polynomial,23,metrics/formal_train_window/full_range/pairs/sio2:cristobalite_beta_minus_quartz_beta/predicted_Tc_K/length,discrete,1,1,0.0,0.0,pass
tlog_polynomial,23,metrics/formal_train_window/full_range/pairs/sio2:cristobalite_beta_minus_quartz_beta/predicted_Tc_by_seed_K/0/0,temperature_K,2101.6236130851453,2101.624331865243,0.0007187800979409076,0.05,pass
tlog_polynomial,23,metrics/formal_train_window/full_range/pairs/sio2:cristobalite_beta_minus_quartz_beta/predicted_Tc_by_seed_K/0/length,discrete,1,1,0.0,0.0,pass
tlog_polynomial,23,metrics/formal_train_window/full_range/pairs/sio2:cristobalite_beta_minus_quartz_beta/predicted_Tc_by_seed_K/length,discrete,1,1,0.0,0.0,pass
tlog_polynomial,23,metrics/formal_train_window/full_range/pairs/sio2:cristobalite_beta_minus_quartz_beta/reference_Tc_K/0,temperature_K,1542.7087047758675,1542.7087047758675,0.0,0.05,pass
tlog_polynomial,23,metrics/formal_train_window/full_range/pairs/sio2:cristobalite_beta_minus_quartz_beta/reference_Tc_K/length,discrete,1,1,0.0,0.0,pass
tlog_polynomial,23,metrics/formal_train_window/full_range/pairs/sio2:cristobalite_beta_minus_quartz_beta/sign_accuracy,ratio,0.6610066707095209,0.6610066707095209,0.0,0.0,pass
tlog_polynomial,23,metrics/formal_train_window/full_range/pairs/sio2:cristobalite_beta_minus_tridymite_p63mmc/Tc_err_from_dG_K/length,discrete,0,0,0.0,0.0,pass
tlog_polynomial,23,metrics/formal_train_window/full_range/pairs/sio2:cristobalite_beta_minus_tridymite_p63mmc/Tc_error_K/length,discrete,0,0,0.0,0.0,pass
tlog_polynomial,23,metrics/formal_train_window/full_range/pairs/sio2:cristobalite_beta_minus_tridymite_p63mmc/Tc_scatter_K/length,discrete,0,0,0.0,0.0,pass
tlog_polynomial,23,metrics/formal_train_window/full_range/pairs/sio2:cristobalite_beta_minus_tridymite_p63mmc/crossing_slope_eV_per_atom_per_K/length,discrete,0,0,0.0,0.0,pass
tlog_polynomial,23,metrics/formal_train_window/full_range/pairs/sio2:cristobalite_beta_minus_tridymite_p63mmc/delta_G_MAE_at_crossing_eV_per_atom/length,discrete,0,0,0.0,0.0,pass
tlog_polynomial,23,metrics/formal_train_window/full_range/pairs/sio2:cristobalite_beta_minus_tridymite_p63mmc/delta_G_MAE_eV_per_atom,energy_eV_per_atom,0.0021881098543909345,0.002188110309055005,4.546640707155103e-10,1e-06,pass
tlog_polynomial,23,metrics/formal_train_window/full_range/pairs/sio2:cristobalite_beta_minus_tridymite_p63mmc/delta_G_RMSE_eV_per_atom,energy_eV_per_atom,0.0025732365366419423,0.0025732371657269633,6.290850210546872e-10,1e-06,pass
tlog_polynomial,23,metrics/formal_train_window/full_range/pairs/sio2:cristobalite_beta_minus_tridymite_p63mmc/false_crossings,discrete,1,1,0.0,0.0,pass
tlog_polynomial,23,metrics/formal_train_window/full_range/pairs/sio2:cristobalite_beta_minus_tridymite_p63mmc/missed_crossings,discrete,0,0,0.0,0.0,pass
tlog_polynomial,23,metrics/formal_train_window/full_range/pairs/sio2:cristobalite_beta_minus_tridymite_p63mmc/pair_support,exact_other,test_only,test_only,,0.0,pass
tlog_polynomial,23,metrics/formal_train_window/full_range/pairs/sio2:cristobalite_beta_minus_tridymite_p63mmc/predicted_Tc_K/0,temperature_K,2259.1332630401357,2259.1367245586707,0.0034615185350048705,0.05,pass
tlog_polynomial,23,metrics/formal_train_window/full_range/pairs/sio2:cristobalite_beta_minus_tridymite_p63mmc/predicted_Tc_K/length,discrete,1,1,0.0,0.0,pass
tlog_polynomial,23,metrics/formal_train_window/full_range/pairs/sio2:cristobalite_beta_minus_tridymite_p63mmc/predicted_Tc_by_seed_K/0/0,temperature_K,2259.1332630401357,2259.1367245586707,0.0034615185350048705,0.05,pass
tlog_polynomial,23,metrics/formal_train_window/full_range/pairs/sio2:cristobalite_beta_minus_tridymite_p63mmc/predicted_Tc_by_seed_K/0/length,discrete,1,1,0.0,0.0,pass
tlog_polynomial,23,metrics/formal_train_window/full_range/pairs/sio2:cristobalite_beta_minus_tridymite_p63mmc/predicted_Tc_by_seed_K/length,discrete,1,1,0.0,0.0,pass
tlog_polynomial,23,metrics/formal_train_window/full_range/pairs/sio2:cristobalite_beta_minus_tridymite_p63mmc/reference_Tc_K/length,discrete,0,0,0.0,0.0,pass
tlog_polynomial,23,metrics/formal_train_window/full_range/pairs/sio2:cristobalite_beta_minus_tridymite_p63mmc/sign_accuracy,ratio,0.8544572468162522,0.8544572468162522,0.0,0.0,pass
tlog_polynomial,23,metrics/formal_train_window/full_range/pairs/sio2:quartz_beta_minus_tridymite_p63mmc/Tc_err_from_dG_K/0,temperature_K,1636.9287399108935,1636.9254835222634,0.003256388630006768,0.05,pass
tlog_polynomial,23,metrics/formal_train_window/full_range/pairs/sio2:quartz_beta_minus_tridymite_p63mmc/Tc_err_from_dG_K/length,discrete,1,1,0.0,0.0,pass
tlog_polynomial,23,metrics/formal_train_window/full_range/pairs/sio2:quartz_beta_minus_tridymite_p63mmc/Tc_error_K/0,temperature_K,547.0331339048269,547.0342951641667,0.0011612593398240278,0.05,pass
tlog_polynomial,23,metrics/formal_train_window/full_range/pairs/sio2:quartz_beta_minus_tridymite_p63mmc/Tc_error_K/length,discrete,1,1,0.0,0.0,pass
tlog_polynomial,23,metrics/formal_train_window/full_range/pairs/sio2:quartz_beta_minus_tridymite_p63mmc/Tc_scatter_K/0,temperature_K,0.0,0.0,0.0,0.05,pass
tlog_polynomial,23,metrics/formal_train_window/full_range/pairs/sio2:quartz_beta_minus_tridymite_p63mmc/Tc_scatter_K/length,discrete,1,1,0.0,0.0,pass
tlog_polynomial,23,metrics/formal_train_window/full_range/pairs/sio2:quartz_beta_minus_tridymite_p63mmc/crossing_slope_eV_per_atom_per_K/0,energy_eV_per_atom,7.448345272997869e-06,7.448345272997869e-06,0.0,1e-06,pass
tlog_polynomial,23,metrics/formal_train_window/full_range/pairs/sio2:quartz_beta_minus_tridymite_p63mmc/crossing_slope_eV_per_atom_per_K/length,discrete,1,1,0.0,0.0,pass
tlog_polynomial,23,metrics/formal_train_window/full_range/pairs/sio2:quartz_beta_minus_tridymite_p63mmc/delta_G_MAE_at_crossing_eV_per_atom/0,energy_eV_per_atom,0.012192410442149661,0.012192386187442802,2.4254706859280772e-08,1e-06,pass
tlog_polynomial,23,metrics/formal_train_window/full_range/pairs/sio2:quartz_beta_minus_tridymite_p63mmc/delta_G_MAE_at_crossing_eV_per_atom/length,discrete,1,1,0.0,0.0,pass
tlog_polynomial,23,metrics/formal_train_window/full_range/pairs/sio2:quartz_beta_minus_tridymite_p63mmc/delta_G_MAE_eV_per_atom,energy_eV_per_atom,0.009733193453194955,0.009733193099741915,3.534530394061486e-10,1e-06,pass
tlog_polynomial,23,metrics/formal_train_window/full_range/pairs/sio2:quartz_beta_minus_tridymite_p63mmc/delta_G_RMSE_eV_per_atom,energy_eV_per_atom,0.010954001161618626,0.010954000921927378,2.3969124775258255e-10,1e-06,pass
tlog_polynomial,23,metrics/formal_train_window/full_range/pairs/sio2:quartz_beta_minus_tridymite_p63mmc/false_crossings,discrete,0,0,0.0,0.0,pass
tlog_polynomial,23,metrics/formal_train_window/full_range/pairs/sio2:quartz_beta_minus_tridymite_p63mmc/missed_crossings,discrete,0,0,0.0,0.0,pass
tlog_polynomial,23,metrics/formal_train_window/full_range/pairs/sio2:quartz_beta_minus_tridymite_p63mmc/pair_support,exact_other,test_only,test_only,,0.0,pass
tlog_polynomial,23,metrics/formal_train_window/full_range/pairs/sio2:quartz_beta_minus_tridymite_p63mmc/predicted_Tc_K/0,temperature_K,2129.3546849629806,2129.3558462223205,0.0011612593398240278,0.05,pass
tlog_polynomial,23,metrics/formal_train_window/full_range/pairs/sio2:quartz_beta_minus_tridymite_p63mmc/predicted_Tc_K/length,discrete,1,1,0.0,0.0,pass
tlog_polynomial,23,metrics/formal_train_window/full_range/pairs/sio2:quartz_beta_minus_tridymite_p63mmc/predicted_Tc_by_seed_K/0/0,temperature_K,2129.3546849629806,2129.3558462223205,0.0011612593398240278,0.05,pass
tlog_polynomial,23,metrics/formal_train_window/full_range/pairs/sio2:quartz_beta_minus_tridymite_p63mmc/predicted_Tc_by_seed_K/0/length,discrete,1,1,0.0,0.0,pass
tlog_polynomial,23,metrics/formal_train_window/full_range/pairs/sio2:quartz_beta_minus_tridymite_p63mmc/predicted_Tc_by_seed_K/length,discrete,1,1,0.0,0.0,pass
tlog_polynomial,23,metrics/formal_train_window/full_range/pairs/sio2:quartz_beta_minus_tridymite_p63mmc/reference_Tc_K/0,temperature_K,1582.3215510581538,1582.3215510581538,0.0,0.05,pass
tlog_polynomial,23,metrics/formal_train_window/full_range/pairs/sio2:quartz_beta_minus_tridymite_p63mmc/reference_Tc_K/length,discrete,1,1,0.0,0.0,pass
tlog_polynomial,23,metrics/formal_train_window/full_range/pairs/sio2:quartz_beta_minus_tridymite_p63mmc/sign_accuracy,ratio,0.6682838083687083,0.6682838083687083,0.0,0.0,pass
tlog_polynomial,23,metrics/formal_train_window/full_range/seeds/0,exact_other,23,23,0.0,0.0,pass
tlog_polynomial,23,metrics/formal_train_window/full_range/seeds/length,discrete,1,1,0.0,0.0,pass
tlog_polynomial,23,metrics/formal_train_window/temp_extrap/G_MAE_eV_per_atom,energy_eV_per_atom,1.9841932857838969,1.984193286271286,4.873892400780733e-10,1e-06,pass
tlog_polynomial,23,metrics/formal_train_window/temp_extrap/coverage_2sigma,exact_other,0.0,0.0,0.0,0.0,pass
tlog_polynomial,23,metrics/formal_train_window/temp_extrap/n_test_frames,exact_other,3171,3171,0.0,0.0,pass
tlog_polynomial,23,metrics/formal_train_window/temp_extrap/pairs/sio2:cristobalite_beta_minus_quartz_beta/Tc_err_from_dG_K/0,temperature_K,1317.6151309121763,1317.6184690325003,0.0033381203240878676,0.05,pass
tlog_polynomial,23,metrics/formal_train_window/temp_extrap/pairs/sio2:cristobalite_beta_minus_quartz_beta/Tc_err_from_dG_K/length,discrete,1,1,0.0,0.0,pass
tlog_polynomial,23,metrics/formal_train_window/temp_extrap/pairs/sio2:cristobalite_beta_minus_quartz_beta/Tc_error_K/0,temperature_K,558.9149083092777,558.9156270893757,0.0007187800979409076,0.05,pass
tlog_polynomial,23,metrics/formal_train_window/temp_extrap/pairs/sio2:cristobalite_beta_minus_quartz_beta/Tc_error_K/length,discrete,1,1,0.0,0.0,pass
tlog_polynomial,23,metrics/formal_train_window/temp_extrap/pairs/sio2:cristobalite_beta_minus_quartz_beta/Tc_scatter_K/0,temperature_K,0.0,0.0,0.0,0.05,pass
tlog_polynomial,23,metrics/formal_train_window/temp_extrap/pairs/sio2:cristobalite_beta_minus_quartz_beta/Tc_scatter_K/length,discrete,1,1,0.0,0.0,pass
tlog_polynomial,23,metrics/formal_train_window/temp_extrap/pairs/sio2:cristobalite_beta_minus_quartz_beta/crossing_slope_eV_per_atom_per_K/0,energy_eV_per_atom,7.551407561479095e-06,7.551407561479095e-06,0.0,1e-06,pass
tlog_polynomial,23,metrics/formal_train_window/temp_extrap/pairs/sio2:cristobalite_beta_minus_quartz_beta/crossing_slope_eV_per_atom_per_K/length,discrete,1,1,0.0,0.0,pass
tlog_polynomial,23,metrics/formal_train_window/temp_extrap/pairs/sio2:cristobalite_beta_minus_quartz_beta/delta_G_MAE_at_crossing_eV_per_atom/0,energy_eV_per_atom,0.009949848862689476,0.009949874070196532,2.520750705566066e-08,1e-06,pass
tlog_polynomial,23,metrics/formal_train_window/temp_extrap/pairs/sio2:cristobalite_beta_minus_quartz_beta/delta_G_MAE_at_crossing_eV_per_atom/length,discrete,1,1,0.0,0.0,pass
tlog_polynomial,23,metrics/formal_train_window/temp_extrap/pairs/sio2:cristobalite_beta_minus_quartz_beta/delta_G_MAE_eV_per_atom,energy_eV_per_atom,0.007601727392338498,0.007601726236793063,1.1555454345127392e-09,1e-06,pass
tlog_polynomial,23,metrics/formal_train_window/temp_extrap/pairs/sio2:cristobalite_beta_minus_quartz_beta/delta_G_RMSE_eV_per_atom,energy_eV_per_atom,0.008445331883221453,0.008445330630531588,1.2526898650333518e-09,1e-06,pass
tlog_polynomial,23,metrics/formal_train_window/temp_extrap/pairs/sio2:cristobalite_beta_minus_quartz_beta/false_crossings,discrete,0,0,0.0,0.0,pass
tlog_polynomial,23,metrics/formal_train_window/temp_extrap/pairs/sio2:cristobalite_beta_minus_quartz_beta/missed_crossings,discrete,0,0,0.0,0.0,pass
tlog_polynomial,23,metrics/formal_train_window/temp_extrap/pairs/sio2:cristobalite_beta_minus_quartz_beta/pair_support,exact_other,test_and_train_partner,test_and_train_partner,,0.0,pass
tlog_polynomial,23,metrics/formal_train_window/temp_extrap/pairs/sio2:cristobalite_beta_minus_quartz_beta/predicted_Tc_K/0,temperature_K,2101.6236130851453,2101.624331865243,0.0007187800979409076,0.05,pass
tlog_polynomial,23,metrics/formal_train_window/temp_extrap/pairs/sio2:cristobalite_beta_minus_quartz_beta/predicted_Tc_K/length,discrete,1,1,0.0,0.0,pass
tlog_polynomial,23,metrics/formal_train_window/temp_extrap/pairs/sio2:cristobalite_beta_minus_quartz_beta/predicted_Tc_by_seed_K/0/0,temperature_K,2101.6236130851453,2101.624331865243,0.0007187800979409076,0.05,pass
tlog_polynomial,23,metrics/formal_train_window/temp_extrap/pairs/sio2:cristobalite_beta_minus_quartz_beta/predicted_Tc_by_seed_K/0/length,discrete,1,1,0.0,0.0,pass
tlog_polynomial,23,metrics/formal_train_window/temp_extrap/pairs/sio2:cristobalite_beta_minus_quartz_beta/predicted_Tc_by_seed_K/length,discrete,1,1,0.0,0.0,pass
tlog_polynomial,23,metrics/formal_train_window/temp_extrap/pairs/sio2:cristobalite_beta_minus_quartz_beta/reference_Tc_K/0,temperature_K,1542.7087047758675,1542.7087047758675,0.0,0.05,pass
tlog_polynomial,23,metrics/formal_train_window/temp_extrap/pairs/sio2:cristobalite_beta_minus_quartz_beta/reference_Tc_K/length,discrete,1,1,0.0,0.0,pass
tlog_polynomial,23,metrics/formal_train_window/temp_extrap/pairs/sio2:cristobalite_beta_minus_quartz_beta/sign_accuracy,ratio,0.6610066707095209,0.6610066707095209,0.0,0.0,pass
tlog_polynomial,23,metrics/formal_train_window/temp_extrap/pairs/sio2:cristobalite_beta_minus_tridymite_p63mmc/Tc_err_from_dG_K/length,discrete,0,0,0.0,0.0,pass
tlog_polynomial,23,metrics/formal_train_window/temp_extrap/pairs/sio2:cristobalite_beta_minus_tridymite_p63mmc/Tc_error_K/length,discrete,0,0,0.0,0.0,pass
tlog_polynomial,23,metrics/formal_train_window/temp_extrap/pairs/sio2:cristobalite_beta_minus_tridymite_p63mmc/Tc_scatter_K/length,discrete,0,0,0.0,0.0,pass
tlog_polynomial,23,metrics/formal_train_window/temp_extrap/pairs/sio2:cristobalite_beta_minus_tridymite_p63mmc/crossing_slope_eV_per_atom_per_K/length,discrete,0,0,0.0,0.0,pass
tlog_polynomial,23,metrics/formal_train_window/temp_extrap/pairs/sio2:cristobalite_beta_minus_tridymite_p63mmc/delta_G_MAE_at_crossing_eV_per_atom/length,discrete,0,0,0.0,0.0,pass
tlog_polynomial,23,metrics/formal_train_window/temp_extrap/pairs/sio2:cristobalite_beta_minus_tridymite_p63mmc/delta_G_MAE_eV_per_atom,energy_eV_per_atom,0.0021881098543909345,0.002188110309055005,4.546640707155103e-10,1e-06,pass
tlog_polynomial,23,metrics/formal_train_window/temp_extrap/pairs/sio2:cristobalite_beta_minus_tridymite_p63mmc/delta_G_RMSE_eV_per_atom,energy_eV_per_atom,0.0025732365366419423,0.0025732371657269633,6.290850210546872e-10,1e-06,pass
tlog_polynomial,23,metrics/formal_train_window/temp_extrap/pairs/sio2:cristobalite_beta_minus_tridymite_p63mmc/false_crossings,discrete,1,1,0.0,0.0,pass
tlog_polynomial,23,metrics/formal_train_window/temp_extrap/pairs/sio2:cristobalite_beta_minus_tridymite_p63mmc/missed_crossings,discrete,0,0,0.0,0.0,pass
tlog_polynomial,23,metrics/formal_train_window/temp_extrap/pairs/sio2:cristobalite_beta_minus_tridymite_p63mmc/pair_support,exact_other,test_and_train_partner,test_and_train_partner,,0.0,pass
tlog_polynomial,23,metrics/formal_train_window/temp_extrap/pairs/sio2:cristobalite_beta_minus_tridymite_p63mmc/predicted_Tc_K/0,temperature_K,2259.1332630401357,2259.1367245586707,0.0034615185350048705,0.05,pass
tlog_polynomial,23,metrics/formal_train_window/temp_extrap/pairs/sio2:cristobalite_beta_minus_tridymite_p63mmc/predicted_Tc_K/length,discrete,1,1,0.0,0.0,pass
tlog_polynomial,23,metrics/formal_train_window/temp_extrap/pairs/sio2:cristobalite_beta_minus_tridymite_p63mmc/predicted_Tc_by_seed_K/0/0,temperature_K,2259.1332630401357,2259.1367245586707,0.0034615185350048705,0.05,pass
tlog_polynomial,23,metrics/formal_train_window/temp_extrap/pairs/sio2:cristobalite_beta_minus_tridymite_p63mmc/predicted_Tc_by_seed_K/0/length,discrete,1,1,0.0,0.0,pass
tlog_polynomial,23,metrics/formal_train_window/temp_extrap/pairs/sio2:cristobalite_beta_minus_tridymite_p63mmc/predicted_Tc_by_seed_K/length,discrete,1,1,0.0,0.0,pass
tlog_polynomial,23,metrics/formal_train_window/temp_extrap/pairs/sio2:cristobalite_beta_minus_tridymite_p63mmc/reference_Tc_K/length,discrete,0,0,0.0,0.0,pass
tlog_polynomial,23,metrics/formal_train_window/temp_extrap/pairs/sio2:cristobalite_beta_minus_tridymite_p63mmc/sign_accuracy,ratio,0.8544572468162522,0.8544572468162522,0.0,0.0,pass
tlog_polynomial,23,metrics/formal_train_window/temp_extrap/pairs/sio2:quartz_beta_minus_tridymite_p63mmc/Tc_err_from_dG_K/0,temperature_K,1636.9287399108935,1636.9254835222634,0.003256388630006768,0.05,pass
tlog_polynomial,23,metrics/formal_train_window/temp_extrap/pairs/sio2:quartz_beta_minus_tridymite_p63mmc/Tc_err_from_dG_K/length,discrete,1,1,0.0,0.0,pass
tlog_polynomial,23,metrics/formal_train_window/temp_extrap/pairs/sio2:quartz_beta_minus_tridymite_p63mmc/Tc_error_K/0,temperature_K,547.0331339048269,547.0342951641667,0.0011612593398240278,0.05,pass
tlog_polynomial,23,metrics/formal_train_window/temp_extrap/pairs/sio2:quartz_beta_minus_tridymite_p63mmc/Tc_error_K/length,discrete,1,1,0.0,0.0,pass
tlog_polynomial,23,metrics/formal_train_window/temp_extrap/pairs/sio2:quartz_beta_minus_tridymite_p63mmc/Tc_scatter_K/0,temperature_K,0.0,0.0,0.0,0.05,pass
tlog_polynomial,23,metrics/formal_train_window/temp_extrap/pairs/sio2:quartz_beta_minus_tridymite_p63mmc/Tc_scatter_K/length,discrete,1,1,0.0,0.0,pass
tlog_polynomial,23,metrics/formal_train_window/temp_extrap/pairs/sio2:quartz_beta_minus_tridymite_p63mmc/crossing_slope_eV_per_atom_per_K/0,energy_eV_per_atom,7.448345272997869e-06,7.448345272997869e-06,0.0,1e-06,pass
tlog_polynomial,23,metrics/formal_train_window/temp_extrap/pairs/sio2:quartz_beta_minus_tridymite_p63mmc/crossing_slope_eV_per_atom_per_K/length,discrete,1,1,0.0,0.0,pass
tlog_polynomial,23,metrics/formal_train_window/temp_extrap/pairs/sio2:quartz_beta_minus_tridymite_p63mmc/delta_G_MAE_at_crossing_eV_per_atom/0,energy_eV_per_atom,0.012192410442149661,0.012192386187442802,2.4254706859280772e-08,1e-06,pass
tlog_polynomial,23,metrics/formal_train_window/temp_extrap/pairs/sio2:quartz_beta_minus_tridymite_p63mmc/delta_G_MAE_at_crossing_eV_per_atom/length,discrete,1,1,0.0,0.0,pass
tlog_polynomial,23,metrics/formal_train_window/temp_extrap/pairs/sio2:quartz_beta_minus_tridymite_p63mmc/delta_G_MAE_eV_per_atom,energy_eV_per_atom,0.009733193453194955,0.009733193099741915,3.534530394061486e-10,1e-06,pass
tlog_polynomial,23,metrics/formal_train_window/temp_extrap/pairs/sio2:quartz_beta_minus_tridymite_p63mmc/delta_G_RMSE_eV_per_atom,energy_eV_per_atom,0.010954001161618626,0.010954000921927378,2.3969124775258255e-10,1e-06,pass
tlog_polynomial,23,metrics/formal_train_window/temp_extrap/pairs/sio2:quartz_beta_minus_tridymite_p63mmc/false_crossings,discrete,0,0,0.0,0.0,pass
tlog_polynomial,23,metrics/formal_train_window/temp_extrap/pairs/sio2:quartz_beta_minus_tridymite_p63mmc/missed_crossings,discrete,0,0,0.0,0.0,pass
tlog_polynomial,23,metrics/formal_train_window/temp_extrap/pairs/sio2:quartz_beta_minus_tridymite_p63mmc/pair_support,exact_other,test_and_train_partner,test_and_train_partner,,0.0,pass
tlog_polynomial,23,metrics/formal_train_window/temp_extrap/pairs/sio2:quartz_beta_minus_tridymite_p63mmc/predicted_Tc_K/0,temperature_K,2129.3546849629806,2129.3558462223205,0.0011612593398240278,0.05,pass
tlog_polynomial,23,metrics/formal_train_window/temp_extrap/pairs/sio2:quartz_beta_minus_tridymite_p63mmc/predicted_Tc_K/length,discrete,1,1,0.0,0.0,pass
tlog_polynomial,23,metrics/formal_train_window/temp_extrap/pairs/sio2:quartz_beta_minus_tridymite_p63mmc/predicted_Tc_by_seed_K/0/0,temperature_K,2129.3546849629806,2129.3558462223205,0.0011612593398240278,0.05,pass
tlog_polynomial,23,metrics/formal_train_window/temp_extrap/pairs/sio2:quartz_beta_minus_tridymite_p63mmc/predicted_Tc_by_seed_K/0/length,discrete,1,1,0.0,0.0,pass
tlog_polynomial,23,metrics/formal_train_window/temp_extrap/pairs/sio2:quartz_beta_minus_tridymite_p63mmc/predicted_Tc_by_seed_K/length,discrete,1,1,0.0,0.0,pass
tlog_polynomial,23,metrics/formal_train_window/temp_extrap/pairs/sio2:quartz_beta_minus_tridymite_p63mmc/reference_Tc_K/0,temperature_K,1582.3215510581538,1582.3215510581538,0.0,0.05,pass
tlog_polynomial,23,metrics/formal_train_window/temp_extrap/pairs/sio2:quartz_beta_minus_tridymite_p63mmc/reference_Tc_K/length,discrete,1,1,0.0,0.0,pass
tlog_polynomial,23,metrics/formal_train_window/temp_extrap/pairs/sio2:quartz_beta_minus_tridymite_p63mmc/sign_accuracy,ratio,0.6682838083687083,0.6682838083687083,0.0,0.0,pass
tlog_polynomial,23,metrics/formal_train_window/temp_extrap/seeds/0,exact_other,23,23,0.0,0.0,pass
tlog_polynomial,23,metrics/formal_train_window/temp_extrap/seeds/length,discrete,1,1,0.0,0.0,pass
tlog_polynomial,23,metrics/heldout_window_audit/full_range/G_MAE_eV_per_atom,energy_eV_per_atom,1.2267688174595435,1.2267688174052827,5.4260818060924976e-11,1e-06,pass
tlog_polynomial,23,metrics/heldout_window_audit/full_range/coverage_2sigma,exact_other,0.0,0.0,0.0,0.0,pass
tlog_polynomial,23,metrics/heldout_window_audit/full_range/n_test_frames,exact_other,4947,4947,0.0,0.0,pass
tlog_polynomial,23,metrics/heldout_window_audit/full_range/pairs/sio2:cristobalite_beta_minus_quartz_beta/Tc_err_from_dG_K/0,temperature_K,1317.6151309120928,1317.6184690327013,0.0033381206085323356,0.05,pass
tlog_polynomial,23,metrics/heldout_window_audit/full_range/pairs/sio2:cristobalite_beta_minus_quartz_beta/Tc_err_from_dG_K/length,discrete,1,1,0.0,0.0,pass
tlog_polynomial,23,metrics/heldout_window_audit/full_range/pairs/sio2:cristobalite_beta_minus_quartz_beta/Tc_error_K/0,temperature_K,558.9149083092777,558.9156270894248,0.0007187801470536215,0.05,pass
tlog_polynomial,23,metrics/heldout_window_audit/full_range/pairs/sio2:cristobalite_beta_minus_quartz_beta/Tc_error_K/length,discrete,1,1,0.0,0.0,pass
tlog_polynomial,23,metrics/heldout_window_audit/full_range/pairs/sio2:cristobalite_beta_minus_quartz_beta/Tc_scatter_K/0,temperature_K,0.0,0.0,0.0,0.05,pass
tlog_polynomial,23,metrics/heldout_window_audit/full_range/pairs/sio2:cristobalite_beta_minus_quartz_beta/Tc_scatter_K/length,discrete,1,1,0.0,0.0,pass
tlog_polynomial,23,metrics/heldout_window_audit/full_range/pairs/sio2:cristobalite_beta_minus_quartz_beta/crossing_slope_eV_per_atom_per_K/0,energy_eV_per_atom,7.551407561479095e-06,7.551407561479095e-06,0.0,1e-06,pass
tlog_polynomial,23,metrics/heldout_window_audit/full_range/pairs/sio2:cristobalite_beta_minus_quartz_beta/crossing_slope_eV_per_atom_per_K/length,discrete,1,1,0.0,0.0,pass
tlog_polynomial,23,metrics/heldout_window_audit/full_range/pairs/sio2:cristobalite_beta_minus_quartz_beta/delta_G_MAE_at_crossing_eV_per_atom/0,energy_eV_per_atom,0.009949848862688846,0.00994987407019805,2.5207509203248324e-08,1e-06,pass
tlog_polynomial,23,metrics/heldout_window_audit/full_range/pairs/sio2:cristobalite_beta_minus_quartz_beta/delta_G_MAE_at_crossing_eV_per_atom/length,discrete,1,1,0.0,0.0,pass
tlog_polynomial,23,metrics/heldout_window_audit/full_range/pairs/sio2:cristobalite_beta_minus_quartz_beta/delta_G_MAE_eV_per_atom,energy_eV_per_atom,0.007601727392338338,0.007601726236792971,1.1555453668585236e-09,1e-06,pass
tlog_polynomial,23,metrics/heldout_window_audit/full_range/pairs/sio2:cristobalite_beta_minus_quartz_beta/delta_G_RMSE_eV_per_atom,energy_eV_per_atom,0.008445331883221312,0.008445330630531536,1.2526897765624545e-09,1e-06,pass
tlog_polynomial,23,metrics/heldout_window_audit/full_range/pairs/sio2:cristobalite_beta_minus_quartz_beta/false_crossings,discrete,0,0,0.0,0.0,pass
tlog_polynomial,23,metrics/heldout_window_audit/full_range/pairs/sio2:cristobalite_beta_minus_quartz_beta/missed_crossings,discrete,0,0,0.0,0.0,pass
tlog_polynomial,23,metrics/heldout_window_audit/full_range/pairs/sio2:cristobalite_beta_minus_quartz_beta/pair_support,exact_other,test_only,test_only,,0.0,pass
tlog_polynomial,23,metrics/heldout_window_audit/full_range/pairs/sio2:cristobalite_beta_minus_quartz_beta/predicted_Tc_K/0,temperature_K,2101.6236130851453,2101.6243318652923,0.0007187801470536215,0.05,pass
tlog_polynomial,23,metrics/heldout_window_audit/full_range/pairs/sio2:cristobalite_beta_minus_quartz_beta/predicted_Tc_K/length,discrete,1,1,0.0,0.0,pass
tlog_polynomial,23,metrics/heldout_window_audit/full_range/pairs/sio2:cristobalite_beta_minus_quartz_beta/predicted_Tc_by_seed_K/0/0,temperature_K,2101.6236130851453,2101.6243318652923,0.0007187801470536215,0.05,pass
tlog_polynomial,23,metrics/heldout_window_audit/full_range/pairs/sio2:cristobalite_beta_minus_quartz_beta/predicted_Tc_by_seed_K/0/length,discrete,1,1,0.0,0.0,pass
tlog_polynomial,23,metrics/heldout_window_audit/full_range/pairs/sio2:cristobalite_beta_minus_quartz_beta/predicted_Tc_by_seed_K/length,discrete,1,1,0.0,0.0,pass
tlog_polynomial,23,metrics/heldout_window_audit/full_range/pairs/sio2:cristobalite_beta_minus_quartz_beta/reference_Tc_K/0,temperature_K,1542.7087047758675,1542.7087047758675,0.0,0.05,pass
tlog_polynomial,23,metrics/heldout_window_audit/full_range/pairs/sio2:cristobalite_beta_minus_quartz_beta/reference_Tc_K/length,discrete,1,1,0.0,0.0,pass
tlog_polynomial,23,metrics/heldout_window_audit/full_range/pairs/sio2:cristobalite_beta_minus_quartz_beta/sign_accuracy,ratio,0.6610066707095209,0.6610066707095209,0.0,0.0,pass
tlog_polynomial,23,metrics/heldout_window_audit/full_range/pairs/sio2:cristobalite_beta_minus_tridymite_p63mmc/Tc_err_from_dG_K/length,discrete,0,0,0.0,0.0,pass
tlog_polynomial,23,metrics/heldout_window_audit/full_range/pairs/sio2:cristobalite_beta_minus_tridymite_p63mmc/Tc_error_K/length,discrete,0,0,0.0,0.0,pass
tlog_polynomial,23,metrics/heldout_window_audit/full_range/pairs/sio2:cristobalite_beta_minus_tridymite_p63mmc/Tc_scatter_K/length,discrete,0,0,0.0,0.0,pass
tlog_polynomial,23,metrics/heldout_window_audit/full_range/pairs/sio2:cristobalite_beta_minus_tridymite_p63mmc/crossing_slope_eV_per_atom_per_K/length,discrete,0,0,0.0,0.0,pass
tlog_polynomial,23,metrics/heldout_window_audit/full_range/pairs/sio2:cristobalite_beta_minus_tridymite_p63mmc/delta_G_MAE_at_crossing_eV_per_atom/length,discrete,0,0,0.0,0.0,pass
tlog_polynomial,23,metrics/heldout_window_audit/full_range/pairs/sio2:cristobalite_beta_minus_tridymite_p63mmc/delta_G_MAE_eV_per_atom,energy_eV_per_atom,0.0021881098543910693,0.002188110309055095,4.546640256126999e-10,1e-06,pass
tlog_polynomial,23,metrics/heldout_window_audit/full_range/pairs/sio2:cristobalite_beta_minus_tridymite_p63mmc/delta_G_RMSE_eV_per_atom,energy_eV_per_atom,0.0025732365366420464,0.002573237165726988,6.290849416910882e-10,1e-06,pass
tlog_polynomial,23,metrics/heldout_window_audit/full_range/pairs/sio2:cristobalite_beta_minus_tridymite_p63mmc/false_crossings,discrete,1,1,0.0,0.0,pass
tlog_polynomial,23,metrics/heldout_window_audit/full_range/pairs/sio2:cristobalite_beta_minus_tridymite_p63mmc/missed_crossings,discrete,0,0,0.0,0.0,pass
tlog_polynomial,23,metrics/heldout_window_audit/full_range/pairs/sio2:cristobalite_beta_minus_tridymite_p63mmc/pair_support,exact_other,test_only,test_only,,0.0,pass
tlog_polynomial,23,metrics/heldout_window_audit/full_range/pairs/sio2:cristobalite_beta_minus_tridymite_p63mmc/predicted_Tc_K/0,temperature_K,2259.1332630401357,2259.1367245583633,0.0034615182275956613,0.05,pass
tlog_polynomial,23,metrics/heldout_window_audit/full_range/pairs/sio2:cristobalite_beta_minus_tridymite_p63mmc/predicted_Tc_K/length,discrete,1,1,0.0,0.0,pass
tlog_polynomial,23,metrics/heldout_window_audit/full_range/pairs/sio2:cristobalite_beta_minus_tridymite_p63mmc/predicted_Tc_by_seed_K/0/0,temperature_K,2259.1332630401357,2259.1367245583633,0.0034615182275956613,0.05,pass
tlog_polynomial,23,metrics/heldout_window_audit/full_range/pairs/sio2:cristobalite_beta_minus_tridymite_p63mmc/predicted_Tc_by_seed_K/0/length,discrete,1,1,0.0,0.0,pass
tlog_polynomial,23,metrics/heldout_window_audit/full_range/pairs/sio2:cristobalite_beta_minus_tridymite_p63mmc/predicted_Tc_by_seed_K/length,discrete,1,1,0.0,0.0,pass
tlog_polynomial,23,metrics/heldout_window_audit/full_range/pairs/sio2:cristobalite_beta_minus_tridymite_p63mmc/reference_Tc_K/length,discrete,0,0,0.0,0.0,pass
tlog_polynomial,23,metrics/heldout_window_audit/full_range/pairs/sio2:cristobalite_beta_minus_tridymite_p63mmc/sign_accuracy,ratio,0.8544572468162522,0.8544572468162522,0.0,0.0,pass
tlog_polynomial,23,metrics/heldout_window_audit/full_range/pairs/sio2:quartz_beta_minus_tridymite_p63mmc/Tc_err_from_dG_K/0,temperature_K,1636.928739910936,1636.9254835222634,0.0032563886725256452,0.05,pass
tlog_polynomial,23,metrics/heldout_window_audit/full_range/pairs/sio2:quartz_beta_minus_tridymite_p63mmc/Tc_err_from_dG_K/length,discrete,1,1,0.0,0.0,pass
tlog_polynomial,23,metrics/heldout_window_audit/full_range/pairs/sio2:quartz_beta_minus_tridymite_p63mmc/Tc_error_K/0,temperature_K,547.0331339048496,547.0342951641021,0.0011612592525125365,0.05,pass
tlog_polynomial,23,metrics/heldout_window_audit/full_range/pairs/sio2:quartz_beta_minus_tridymite_p63mmc/Tc_error_K/length,discrete,1,1,0.0,0.0,pass
tlog_polynomial,23,metrics/heldout_window_audit/full_range/pairs/sio2:quartz_beta_minus_tridymite_p63mmc/Tc_scatter_K/0,temperature_K,0.0,0.0,0.0,0.05,pass
tlog_polynomial,23,metrics/heldout_window_audit/full_range/pairs/sio2:quartz_beta_minus_tridymite_p63mmc/Tc_scatter_K/length,discrete,1,1,0.0,0.0,pass
tlog_polynomial,23,metrics/heldout_window_audit/full_range/pairs/sio2:quartz_beta_minus_tridymite_p63mmc/crossing_slope_eV_per_atom_per_K/0,energy_eV_per_atom,7.448345272997869e-06,7.448345272997869e-06,0.0,1e-06,pass
tlog_polynomial,23,metrics/heldout_window_audit/full_range/pairs/sio2:quartz_beta_minus_tridymite_p63mmc/crossing_slope_eV_per_atom_per_K/length,discrete,1,1,0.0,0.0,pass
tlog_polynomial,23,metrics/heldout_window_audit/full_range/pairs/sio2:quartz_beta_minus_tridymite_p63mmc/delta_G_MAE_at_crossing_eV_per_atom/0,energy_eV_per_atom,0.012192410442149979,0.012192386187442802,2.425470717673517e-08,1e-06,pass
tlog_polynomial,23,metrics/heldout_window_audit/full_range/pairs/sio2:quartz_beta_minus_tridymite_p63mmc/delta_G_MAE_at_crossing_eV_per_atom/length,discrete,1,1,0.0,0.0,pass
tlog_polynomial,23,metrics/heldout_window_audit/full_range/pairs/sio2:quartz_beta_minus_tridymite_p63mmc/delta_G_MAE_eV_per_atom,energy_eV_per_atom,0.00973319345319495,0.009733193099741886,3.5345306369227725e-10,1e-06,pass
tlog_polynomial,23,metrics/heldout_window_audit/full_range/pairs/sio2:quartz_beta_minus_tridymite_p63mmc/delta_G_RMSE_eV_per_atom,energy_eV_per_atom,0.010954001161618623,0.010954000921927361,2.3969126163037036e-10,1e-06,pass
tlog_polynomial,23,metrics/heldout_window_audit/full_range/pairs/sio2:quartz_beta_minus_tridymite_p63mmc/false_crossings,discrete,0,0,0.0,0.0,pass
tlog_polynomial,23,metrics/heldout_window_audit/full_range/pairs/sio2:quartz_beta_minus_tridymite_p63mmc/missed_crossings,discrete,0,0,0.0,0.0,pass
tlog_polynomial,23,metrics/heldout_window_audit/full_range/pairs/sio2:quartz_beta_minus_tridymite_p63mmc/pair_support,exact_other,test_only,test_only,,0.0,pass
tlog_polynomial,23,metrics/heldout_window_audit/full_range/pairs/sio2:quartz_beta_minus_tridymite_p63mmc/predicted_Tc_K/0,temperature_K,2129.3546849630034,2129.355846222256,0.0011612592525125365,0.05,pass
tlog_polynomial,23,metrics/heldout_window_audit/full_range/pairs/sio2:quartz_beta_minus_tridymite_p63mmc/predicted_Tc_K/length,discrete,1,1,0.0,0.0,pass
tlog_polynomial,23,metrics/heldout_window_audit/full_range/pairs/sio2:quartz_beta_minus_tridymite_p63mmc/predicted_Tc_by_seed_K/0/0,temperature_K,2129.3546849630034,2129.355846222256,0.0011612592525125365,0.05,pass
tlog_polynomial,23,metrics/heldout_window_audit/full_range/pairs/sio2:quartz_beta_minus_tridymite_p63mmc/predicted_Tc_by_seed_K/0/length,discrete,1,1,0.0,0.0,pass
tlog_polynomial,23,metrics/heldout_window_audit/full_range/pairs/sio2:quartz_beta_minus_tridymite_p63mmc/predicted_Tc_by_seed_K/length,discrete,1,1,0.0,0.0,pass
tlog_polynomial,23,metrics/heldout_window_audit/full_range/pairs/sio2:quartz_beta_minus_tridymite_p63mmc/reference_Tc_K/0,temperature_K,1582.3215510581538,1582.3215510581538,0.0,0.05,pass
tlog_polynomial,23,metrics/heldout_window_audit/full_range/pairs/sio2:quartz_beta_minus_tridymite_p63mmc/reference_Tc_K/length,discrete,1,1,0.0,0.0,pass
tlog_polynomial,23,metrics/heldout_window_audit/full_range/pairs/sio2:quartz_beta_minus_tridymite_p63mmc/sign_accuracy,ratio,0.6682838083687083,0.6682838083687083,0.0,0.0,pass
tlog_polynomial,23,metrics/heldout_window_audit/full_range/seeds/0,exact_other,23,23,0.0,0.0,pass
tlog_polynomial,23,metrics/heldout_window_audit/full_range/seeds/length,discrete,1,1,0.0,0.0,pass
tlog_polynomial,23,metrics/heldout_window_audit/temp_extrap/G_MAE_eV_per_atom,energy_eV_per_atom,0.802553788842687,0.8025537884850614,3.5762559580376774e-10,1e-06,pass
tlog_polynomial,23,metrics/heldout_window_audit/temp_extrap/coverage_2sigma,exact_other,0.0,0.0,0.0,0.0,pass
tlog_polynomial,23,metrics/heldout_window_audit/temp_extrap/n_test_frames,exact_other,3171,3171,0.0,0.0,pass
tlog_polynomial,23,metrics/heldout_window_audit/temp_extrap/pairs/sio2:cristobalite_beta_minus_quartz_beta/Tc_err_from_dG_K/0,temperature_K,1317.6151309120928,1317.6184690327013,0.0033381206085323356,0.05,pass
tlog_polynomial,23,metrics/heldout_window_audit/temp_extrap/pairs/sio2:cristobalite_beta_minus_quartz_beta/Tc_err_from_dG_K/length,discrete,1,1,0.0,0.0,pass
tlog_polynomial,23,metrics/heldout_window_audit/temp_extrap/pairs/sio2:cristobalite_beta_minus_quartz_beta/Tc_error_K/0,temperature_K,558.9149083092777,558.9156270894248,0.0007187801470536215,0.05,pass
tlog_polynomial,23,metrics/heldout_window_audit/temp_extrap/pairs/sio2:cristobalite_beta_minus_quartz_beta/Tc_error_K/length,discrete,1,1,0.0,0.0,pass
tlog_polynomial,23,metrics/heldout_window_audit/temp_extrap/pairs/sio2:cristobalite_beta_minus_quartz_beta/Tc_scatter_K/0,temperature_K,0.0,0.0,0.0,0.05,pass
tlog_polynomial,23,metrics/heldout_window_audit/temp_extrap/pairs/sio2:cristobalite_beta_minus_quartz_beta/Tc_scatter_K/length,discrete,1,1,0.0,0.0,pass
tlog_polynomial,23,metrics/heldout_window_audit/temp_extrap/pairs/sio2:cristobalite_beta_minus_quartz_beta/crossing_slope_eV_per_atom_per_K/0,energy_eV_per_atom,7.551407561479095e-06,7.551407561479095e-06,0.0,1e-06,pass
tlog_polynomial,23,metrics/heldout_window_audit/temp_extrap/pairs/sio2:cristobalite_beta_minus_quartz_beta/crossing_slope_eV_per_atom_per_K/length,discrete,1,1,0.0,0.0,pass
tlog_polynomial,23,metrics/heldout_window_audit/temp_extrap/pairs/sio2:cristobalite_beta_minus_quartz_beta/delta_G_MAE_at_crossing_eV_per_atom/0,energy_eV_per_atom,0.009949848862688846,0.00994987407019805,2.5207509203248324e-08,1e-06,pass
tlog_polynomial,23,metrics/heldout_window_audit/temp_extrap/pairs/sio2:cristobalite_beta_minus_quartz_beta/delta_G_MAE_at_crossing_eV_per_atom/length,discrete,1,1,0.0,0.0,pass
tlog_polynomial,23,metrics/heldout_window_audit/temp_extrap/pairs/sio2:cristobalite_beta_minus_quartz_beta/delta_G_MAE_eV_per_atom,energy_eV_per_atom,0.007601727392338338,0.007601726236792971,1.1555453668585236e-09,1e-06,pass
tlog_polynomial,23,metrics/heldout_window_audit/temp_extrap/pairs/sio2:cristobalite_beta_minus_quartz_beta/delta_G_RMSE_eV_per_atom,energy_eV_per_atom,0.008445331883221312,0.008445330630531536,1.2526897765624545e-09,1e-06,pass
tlog_polynomial,23,metrics/heldout_window_audit/temp_extrap/pairs/sio2:cristobalite_beta_minus_quartz_beta/false_crossings,discrete,0,0,0.0,0.0,pass
tlog_polynomial,23,metrics/heldout_window_audit/temp_extrap/pairs/sio2:cristobalite_beta_minus_quartz_beta/missed_crossings,discrete,0,0,0.0,0.0,pass
tlog_polynomial,23,metrics/heldout_window_audit/temp_extrap/pairs/sio2:cristobalite_beta_minus_quartz_beta/pair_support,exact_other,test_and_train_partner,test_and_train_partner,,0.0,pass
tlog_polynomial,23,metrics/heldout_window_audit/temp_extrap/pairs/sio2:cristobalite_beta_minus_quartz_beta/predicted_Tc_K/0,temperature_K,2101.6236130851453,2101.6243318652923,0.0007187801470536215,0.05,pass
tlog_polynomial,23,metrics/heldout_window_audit/temp_extrap/pairs/sio2:cristobalite_beta_minus_quartz_beta/predicted_Tc_K/length,discrete,1,1,0.0,0.0,pass
tlog_polynomial,23,metrics/heldout_window_audit/temp_extrap/pairs/sio2:cristobalite_beta_minus_quartz_beta/predicted_Tc_by_seed_K/0/0,temperature_K,2101.6236130851453,2101.6243318652923,0.0007187801470536215,0.05,pass
tlog_polynomial,23,metrics/heldout_window_audit/temp_extrap/pairs/sio2:cristobalite_beta_minus_quartz_beta/predicted_Tc_by_seed_K/0/length,discrete,1,1,0.0,0.0,pass
tlog_polynomial,23,metrics/heldout_window_audit/temp_extrap/pairs/sio2:cristobalite_beta_minus_quartz_beta/predicted_Tc_by_seed_K/length,discrete,1,1,0.0,0.0,pass
tlog_polynomial,23,metrics/heldout_window_audit/temp_extrap/pairs/sio2:cristobalite_beta_minus_quartz_beta/reference_Tc_K/0,temperature_K,1542.7087047758675,1542.7087047758675,0.0,0.05,pass
tlog_polynomial,23,metrics/heldout_window_audit/temp_extrap/pairs/sio2:cristobalite_beta_minus_quartz_beta/reference_Tc_K/length,discrete,1,1,0.0,0.0,pass
tlog_polynomial,23,metrics/heldout_window_audit/temp_extrap/pairs/sio2:cristobalite_beta_minus_quartz_beta/sign_accuracy,ratio,0.6610066707095209,0.6610066707095209,0.0,0.0,pass
tlog_polynomial,23,metrics/heldout_window_audit/temp_extrap/pairs/sio2:cristobalite_beta_minus_tridymite_p63mmc/Tc_err_from_dG_K/length,discrete,0,0,0.0,0.0,pass
tlog_polynomial,23,metrics/heldout_window_audit/temp_extrap/pairs/sio2:cristobalite_beta_minus_tridymite_p63mmc/Tc_error_K/length,discrete,0,0,0.0,0.0,pass
tlog_polynomial,23,metrics/heldout_window_audit/temp_extrap/pairs/sio2:cristobalite_beta_minus_tridymite_p63mmc/Tc_scatter_K/length,discrete,0,0,0.0,0.0,pass
tlog_polynomial,23,metrics/heldout_window_audit/temp_extrap/pairs/sio2:cristobalite_beta_minus_tridymite_p63mmc/crossing_slope_eV_per_atom_per_K/length,discrete,0,0,0.0,0.0,pass
tlog_polynomial,23,metrics/heldout_window_audit/temp_extrap/pairs/sio2:cristobalite_beta_minus_tridymite_p63mmc/delta_G_MAE_at_crossing_eV_per_atom/length,discrete,0,0,0.0,0.0,pass
tlog_polynomial,23,metrics/heldout_window_audit/temp_extrap/pairs/sio2:cristobalite_beta_minus_tridymite_p63mmc/delta_G_MAE_eV_per_atom,energy_eV_per_atom,0.0021881098543910693,0.002188110309055095,4.546640256126999e-10,1e-06,pass
tlog_polynomial,23,metrics/heldout_window_audit/temp_extrap/pairs/sio2:cristobalite_beta_minus_tridymite_p63mmc/delta_G_RMSE_eV_per_atom,energy_eV_per_atom,0.0025732365366420464,0.002573237165726988,6.290849416910882e-10,1e-06,pass
tlog_polynomial,23,metrics/heldout_window_audit/temp_extrap/pairs/sio2:cristobalite_beta_minus_tridymite_p63mmc/false_crossings,discrete,1,1,0.0,0.0,pass
tlog_polynomial,23,metrics/heldout_window_audit/temp_extrap/pairs/sio2:cristobalite_beta_minus_tridymite_p63mmc/missed_crossings,discrete,0,0,0.0,0.0,pass
tlog_polynomial,23,metrics/heldout_window_audit/temp_extrap/pairs/sio2:cristobalite_beta_minus_tridymite_p63mmc/pair_support,exact_other,test_and_train_partner,test_and_train_partner,,0.0,pass
tlog_polynomial,23,metrics/heldout_window_audit/temp_extrap/pairs/sio2:cristobalite_beta_minus_tridymite_p63mmc/predicted_Tc_K/0,temperature_K,2259.1332630401357,2259.1367245583633,0.0034615182275956613,0.05,pass
tlog_polynomial,23,metrics/heldout_window_audit/temp_extrap/pairs/sio2:cristobalite_beta_minus_tridymite_p63mmc/predicted_Tc_K/length,discrete,1,1,0.0,0.0,pass
tlog_polynomial,23,metrics/heldout_window_audit/temp_extrap/pairs/sio2:cristobalite_beta_minus_tridymite_p63mmc/predicted_Tc_by_seed_K/0/0,temperature_K,2259.1332630401357,2259.1367245583633,0.0034615182275956613,0.05,pass
tlog_polynomial,23,metrics/heldout_window_audit/temp_extrap/pairs/sio2:cristobalite_beta_minus_tridymite_p63mmc/predicted_Tc_by_seed_K/0/length,discrete,1,1,0.0,0.0,pass
tlog_polynomial,23,metrics/heldout_window_audit/temp_extrap/pairs/sio2:cristobalite_beta_minus_tridymite_p63mmc/predicted_Tc_by_seed_K/length,discrete,1,1,0.0,0.0,pass
tlog_polynomial,23,metrics/heldout_window_audit/temp_extrap/pairs/sio2:cristobalite_beta_minus_tridymite_p63mmc/reference_Tc_K/length,discrete,0,0,0.0,0.0,pass
tlog_polynomial,23,metrics/heldout_window_audit/temp_extrap/pairs/sio2:cristobalite_beta_minus_tridymite_p63mmc/sign_accuracy,ratio,0.8544572468162522,0.8544572468162522,0.0,0.0,pass
tlog_polynomial,23,metrics/heldout_window_audit/temp_extrap/pairs/sio2:quartz_beta_minus_tridymite_p63mmc/Tc_err_from_dG_K/0,temperature_K,1636.928739910936,1636.9254835222634,0.0032563886725256452,0.05,pass
tlog_polynomial,23,metrics/heldout_window_audit/temp_extrap/pairs/sio2:quartz_beta_minus_tridymite_p63mmc/Tc_err_from_dG_K/length,discrete,1,1,0.0,0.0,pass
tlog_polynomial,23,metrics/heldout_window_audit/temp_extrap/pairs/sio2:quartz_beta_minus_tridymite_p63mmc/Tc_error_K/0,temperature_K,547.0331339048496,547.0342951641021,0.0011612592525125365,0.05,pass
tlog_polynomial,23,metrics/heldout_window_audit/temp_extrap/pairs/sio2:quartz_beta_minus_tridymite_p63mmc/Tc_error_K/length,discrete,1,1,0.0,0.0,pass
tlog_polynomial,23,metrics/heldout_window_audit/temp_extrap/pairs/sio2:quartz_beta_minus_tridymite_p63mmc/Tc_scatter_K/0,temperature_K,0.0,0.0,0.0,0.05,pass
tlog_polynomial,23,metrics/heldout_window_audit/temp_extrap/pairs/sio2:quartz_beta_minus_tridymite_p63mmc/Tc_scatter_K/length,discrete,1,1,0.0,0.0,pass
tlog_polynomial,23,metrics/heldout_window_audit/temp_extrap/pairs/sio2:quartz_beta_minus_tridymite_p63mmc/crossing_slope_eV_per_atom_per_K/0,energy_eV_per_atom,7.448345272997869e-06,7.448345272997869e-06,0.0,1e-06,pass
tlog_polynomial,23,metrics/heldout_window_audit/temp_extrap/pairs/sio2:quartz_beta_minus_tridymite_p63mmc/crossing_slope_eV_per_atom_per_K/length,discrete,1,1,0.0,0.0,pass
tlog_polynomial,23,metrics/heldout_window_audit/temp_extrap/pairs/sio2:quartz_beta_minus_tridymite_p63mmc/delta_G_MAE_at_crossing_eV_per_atom/0,energy_eV_per_atom,0.012192410442149979,0.012192386187442802,2.425470717673517e-08,1e-06,pass
tlog_polynomial,23,metrics/heldout_window_audit/temp_extrap/pairs/sio2:quartz_beta_minus_tridymite_p63mmc/delta_G_MAE_at_crossing_eV_per_atom/length,discrete,1,1,0.0,0.0,pass
tlog_polynomial,23,metrics/heldout_window_audit/temp_extrap/pairs/sio2:quartz_beta_minus_tridymite_p63mmc/delta_G_MAE_eV_per_atom,energy_eV_per_atom,0.00973319345319495,0.009733193099741886,3.5345306369227725e-10,1e-06,pass
tlog_polynomial,23,metrics/heldout_window_audit/temp_extrap/pairs/sio2:quartz_beta_minus_tridymite_p63mmc/delta_G_RMSE_eV_per_atom,energy_eV_per_atom,0.010954001161618623,0.010954000921927361,2.3969126163037036e-10,1e-06,pass
tlog_polynomial,23,metrics/heldout_window_audit/temp_extrap/pairs/sio2:quartz_beta_minus_tridymite_p63mmc/false_crossings,discrete,0,0,0.0,0.0,pass
tlog_polynomial,23,metrics/heldout_window_audit/temp_extrap/pairs/sio2:quartz_beta_minus_tridymite_p63mmc/missed_crossings,discrete,0,0,0.0,0.0,pass
tlog_polynomial,23,metrics/heldout_window_audit/temp_extrap/pairs/sio2:quartz_beta_minus_tridymite_p63mmc/pair_support,exact_other,test_and_train_partner,test_and_train_partner,,0.0,pass
tlog_polynomial,23,metrics/heldout_window_audit/temp_extrap/pairs/sio2:quartz_beta_minus_tridymite_p63mmc/predicted_Tc_K/0,temperature_K,2129.3546849630034,2129.355846222256,0.0011612592525125365,0.05,pass
tlog_polynomial,23,metrics/heldout_window_audit/temp_extrap/pairs/sio2:quartz_beta_minus_tridymite_p63mmc/predicted_Tc_K/length,discrete,1,1,0.0,0.0,pass
tlog_polynomial,23,metrics/heldout_window_audit/temp_extrap/pairs/sio2:quartz_beta_minus_tridymite_p63mmc/predicted_Tc_by_seed_K/0/0,temperature_K,2129.3546849630034,2129.355846222256,0.0011612592525125365,0.05,pass
tlog_polynomial,23,metrics/heldout_window_audit/temp_extrap/pairs/sio2:quartz_beta_minus_tridymite_p63mmc/predicted_Tc_by_seed_K/0/length,discrete,1,1,0.0,0.0,pass
tlog_polynomial,23,metrics/heldout_window_audit/temp_extrap/pairs/sio2:quartz_beta_minus_tridymite_p63mmc/predicted_Tc_by_seed_K/length,discrete,1,1,0.0,0.0,pass
tlog_polynomial,23,metrics/heldout_window_audit/temp_extrap/pairs/sio2:quartz_beta_minus_tridymite_p63mmc/reference_Tc_K/0,temperature_K,1582.3215510581538,1582.3215510581538,0.0,0.05,pass
tlog_polynomial,23,metrics/heldout_window_audit/temp_extrap/pairs/sio2:quartz_beta_minus_tridymite_p63mmc/reference_Tc_K/length,discrete,1,1,0.0,0.0,pass
tlog_polynomial,23,metrics/heldout_window_audit/temp_extrap/pairs/sio2:quartz_beta_minus_tridymite_p63mmc/sign_accuracy,ratio,0.6682838083687083,0.6682838083687083,0.0,0.0,pass
tlog_polynomial,23,metrics/heldout_window_audit/temp_extrap/seeds/0,exact_other,23,23,0.0,0.0,pass
tlog_polynomial,23,metrics/heldout_window_audit/temp_extrap/seeds/length,discrete,1,1,0.0,0.0,pass
tlog_polynomial,23,model_internal_c_system_field,exact_other,None,None,,0.0,pass
tlog_polynomial,23,seed,exact_other,23,23,0.0,0.0,pass
tlog_polynomial,37,basis,exact_other,tlog_polynomial,tlog_polynomial,,0.0,pass
tlog_polynomial,37,calibration_constants_eV_per_atom/formal_train_window,energy_eV_per_atom,-3.5868737026005246,-3.5868737020524364,5.480882414587995e-10,1e-06,pass
tlog_polynomial,37,calibration_constants_eV_per_atom/heldout_window_audit,energy_eV_per_atom,-1.5785166144536007,-1.57851661394944,5.041607131772707e-10,1e-06,pass
tlog_polynomial,37,metrics/formal_train_window/full_range/G_MAE_eV_per_atom,energy_eV_per_atom,1.3772070604893176,1.3772070606874134,1.9809576201623713e-10,1e-06,pass
tlog_polynomial,37,metrics/formal_train_window/full_range/coverage_2sigma,exact_other,0.0,0.0,0.0,0.0,pass
tlog_polynomial,37,metrics/formal_train_window/full_range/n_test_frames,exact_other,4947,4947,0.0,0.0,pass
tlog_polynomial,37,metrics/formal_train_window/full_range/pairs/sio2:cristobalite_beta_minus_quartz_beta/Tc_err_from_dG_K/0,temperature_K,1319.9964216515891,1319.9995939483067,0.003172296717593781,0.05,pass
tlog_polynomial,37,metrics/formal_train_window/full_range/pairs/sio2:cristobalite_beta_minus_quartz_beta/Tc_err_from_dG_K/length,discrete,1,1,0.0,0.0,pass
tlog_polynomial,37,metrics/formal_train_window/full_range/pairs/sio2:cristobalite_beta_minus_quartz_beta/Tc_error_K/0,temperature_K,559.3804612884699,559.3812856453612,0.0008243568913712807,0.05,pass
tlog_polynomial,37,metrics/formal_train_window/full_range/pairs/sio2:cristobalite_beta_minus_quartz_beta/Tc_error_K/length,discrete,1,1,0.0,0.0,pass
tlog_polynomial,37,metrics/formal_train_window/full_range/pairs/sio2:cristobalite_beta_minus_quartz_beta/Tc_scatter_K/0,temperature_K,0.0,0.0,0.0,0.05,pass
tlog_polynomial,37,metrics/formal_train_window/full_range/pairs/sio2:cristobalite_beta_minus_quartz_beta/Tc_scatter_K/length,discrete,1,1,0.0,0.0,pass
tlog_polynomial,37,metrics/formal_train_window/full_range/pairs/sio2:cristobalite_beta_minus_quartz_beta/crossing_slope_eV_per_atom_per_K/0,energy_eV_per_atom,7.551407561479095e-06,7.551407561479095e-06,0.0,1e-06,pass
tlog_polynomial,37,metrics/formal_train_window/full_range/pairs/sio2:cristobalite_beta_minus_quartz_beta/crossing_slope_eV_per_atom_per_K/length,discrete,1,1,0.0,0.0,pass
tlog_polynomial,37,metrics/formal_train_window/full_range/pairs/sio2:cristobalite_beta_minus_quartz_beta/delta_G_MAE_at_crossing_eV_per_atom/0,energy_eV_per_atom,0.009967830959585158,0.009967854914890578,2.3955305419876005e-08,1e-06,pass
tlog_polynomial,37,metrics/formal_train_window/full_range/pairs/sio2:cristobalite_beta_minus_quartz_beta/delta_G_MAE_at_crossing_eV_per_atom/length,discrete,1,1,0.0,0.0,pass
tlog_polynomial,37,metrics/formal_train_window/full_range/pairs/sio2:cristobalite_beta_minus_quartz_beta/delta_G_MAE_eV_per_atom,energy_eV_per_atom,0.007615347339387922,0.0076153467674242034,5.71963718574986e-10,1e-06,pass
tlog_polynomial,37,metrics/formal_train_window/full_range/pairs/sio2:cristobalite_beta_minus_quartz_beta/delta_G_RMSE_eV_per_atom,energy_eV_per_atom,0.008460056449347102,0.008460055189355498,1.2599916041078352e-09,1e-06,pass
tlog_polynomial,37,metrics/formal_train_window/full_range/pairs/sio2:cristobalite_beta_minus_quartz_beta/false_crossings,discrete,0,0,0.0,0.0,pass
tlog_polynomial,37,metrics/formal_train_window/full_range/pairs/sio2:cristobalite_beta_minus_quartz_beta/missed_crossings,discrete,0,0,0.0,0.0,pass
tlog_polynomial,37,metrics/formal_train_window/full_range/pairs/sio2:cristobalite_beta_minus_quartz_beta/pair_support,exact_other,test_only,test_only,,0.0,pass
tlog_polynomial,37,metrics/formal_train_window/full_range/pairs/sio2:cristobalite_beta_minus_quartz_beta/predicted_Tc_K/0,temperature_K,2102.0891660643374,2102.089990421229,0.0008243568913712807,0.05,pass
tlog_polynomial,37,metrics/formal_train_window/full_range/pairs/sio2:cristobalite_beta_minus_quartz_beta/predicted_Tc_K/length,discrete,1,1,0.0,0.0,pass
tlog_polynomial,37,metrics/formal_train_window/full_range/pairs/sio2:cristobalite_beta_minus_quartz_beta/predicted_Tc_by_seed_K/0/0,temperature_K,2102.0891660643374,2102.089990421229,0.0008243568913712807,0.05,pass
tlog_polynomial,37,metrics/formal_train_window/full_range/pairs/sio2:cristobalite_beta_minus_quartz_beta/predicted_Tc_by_seed_K/0/length,discrete,1,1,0.0,0.0,pass
tlog_polynomial,37,metrics/formal_train_window/full_range/pairs/sio2:cristobalite_beta_minus_quartz_beta/predicted_Tc_by_seed_K/length,discrete,1,1,0.0,0.0,pass
tlog_polynomial,37,metrics/formal_train_window/full_range/pairs/sio2:cristobalite_beta_minus_quartz_beta/reference_Tc_K/0,temperature_K,1542.7087047758675,1542.7087047758675,0.0,0.05,pass
tlog_polynomial,37,metrics/formal_train_window/full_range/pairs/sio2:cristobalite_beta_minus_quartz_beta/reference_Tc_K/length,discrete,1,1,0.0,0.0,pass
tlog_polynomial,37,metrics/formal_train_window/full_range/pairs/sio2:cristobalite_beta_minus_quartz_beta/sign_accuracy,ratio,0.6604002425712553,0.6604002425712553,0.0,0.0,pass
tlog_polynomial,37,metrics/formal_train_window/full_range/pairs/sio2:cristobalite_beta_minus_tridymite_p63mmc/Tc_err_from_dG_K/length,discrete,0,0,0.0,0.0,pass
tlog_polynomial,37,metrics/formal_train_window/full_range/pairs/sio2:cristobalite_beta_minus_tridymite_p63mmc/Tc_error_K/length,discrete,0,0,0.0,0.0,pass
tlog_polynomial,37,metrics/formal_train_window/full_range/pairs/sio2:cristobalite_beta_minus_tridymite_p63mmc/Tc_scatter_K/length,discrete,0,0,0.0,0.0,pass
tlog_polynomial,37,metrics/formal_train_window/full_range/pairs/sio2:cristobalite_beta_minus_tridymite_p63mmc/crossing_slope_eV_per_atom_per_K/length,discrete,0,0,0.0,0.0,pass
tlog_polynomial,37,metrics/formal_train_window/full_range/pairs/sio2:cristobalite_beta_minus_tridymite_p63mmc/delta_G_MAE_at_crossing_eV_per_atom/length,discrete,0,0,0.0,0.0,pass
tlog_polynomial,37,metrics/formal_train_window/full_range/pairs/sio2:cristobalite_beta_minus_tridymite_p63mmc/delta_G_MAE_eV_per_atom,energy_eV_per_atom,0.0021873768467401554,0.002187377596409284,7.496691284240853e-10,1e-06,pass
tlog_polynomial,37,metrics/formal_train_window/full_range/pairs/sio2:cristobalite_beta_minus_tridymite_p63mmc/delta_G_RMSE_eV_per_atom,energy_eV_per_atom,0.0025721800123636807,0.0025721812409251516,1.2285614708722192e-09,1e-06,pass
tlog_polynomial,37,metrics/formal_train_window/full_range/pairs/sio2:cristobalite_beta_minus_tridymite_p63mmc/false_crossings,discrete,1,1,0.0,0.0,pass
tlog_polynomial,37,metrics/formal_train_window/full_range/pairs/sio2:cristobalite_beta_minus_tridymite_p63mmc/missed_crossings,discrete,0,0,0.0,0.0,pass
tlog_polynomial,37,metrics/formal_train_window/full_range/pairs/sio2:cristobalite_beta_minus_tridymite_p63mmc/pair_support,exact_other,test_only,test_only,,0.0,pass
tlog_polynomial,37,metrics/formal_train_window/full_range/pairs/sio2:cristobalite_beta_minus_tridymite_p63mmc/predicted_Tc_K/0,temperature_K,2257.594584575202,2257.5918766117206,0.0027079634814981546,0.05,pass
tlog_polynomial,37,metrics/formal_train_window/full_range/pairs/sio2:cristobalite_beta_minus_tridymite_p63mmc/predicted_Tc_K/length,discrete,1,1,0.0,0.0,pass
tlog_polynomial,37,metrics/formal_train_window/full_range/pairs/sio2:cristobalite_beta_minus_tridymite_p63mmc/predicted_Tc_by_seed_K/0/0,temperature_K,2257.594584575202,2257.5918766117206,0.0027079634814981546,0.05,pass
tlog_polynomial,37,metrics/formal_train_window/full_range/pairs/sio2:cristobalite_beta_minus_tridymite_p63mmc/predicted_Tc_by_seed_K/0/length,discrete,1,1,0.0,0.0,pass
tlog_polynomial,37,metrics/formal_train_window/full_range/pairs/sio2:cristobalite_beta_minus_tridymite_p63mmc/predicted_Tc_by_seed_K/length,discrete,1,1,0.0,0.0,pass
tlog_polynomial,37,metrics/formal_train_window/full_range/pairs/sio2:cristobalite_beta_minus_tridymite_p63mmc/reference_Tc_K/length,discrete,0,0,0.0,0.0,pass
tlog_polynomial,37,metrics/formal_train_window/full_range/pairs/sio2:cristobalite_beta_minus_tridymite_p63mmc/sign_accuracy,ratio,0.853244390539721,0.853244390539721,0.0,0.0,pass
tlog_polynomial,37,metrics/formal_train_window/full_range/pairs/sio2:quartz_beta_minus_tridymite_p63mmc/Tc_err_from_dG_K/0,temperature_K,1638.970174382868,1638.974513129274,0.004338746406119753,0.05,pass
tlog_polynomial,37,metrics/formal_train_window/full_range/pairs/sio2:quartz_beta_minus_tridymite_p63mmc/Tc_err_from_dG_K/length,discrete,1,1,0.0,0.0,pass
tlog_polynomial,37,metrics/formal_train_window/full_range/pairs/sio2:quartz_beta_minus_tridymite_p63mmc/Tc_error_K/0,temperature_K,547.1579025953417,547.1582936602638,0.00039106492204155074,0.05,pass
tlog_polynomial,37,metrics/formal_train_window/full_range/pairs/sio2:quartz_beta_minus_tridymite_p63mmc/Tc_error_K/length,discrete,1,1,0.0,0.0,pass
tlog_polynomial,37,metrics/formal_train_window/full_range/pairs/sio2:quartz_beta_minus_tridymite_p63mmc/Tc_scatter_K/0,temperature_K,0.0,0.0,0.0,0.05,pass
tlog_polynomial,37,metrics/formal_train_window/full_range/pairs/sio2:quartz_beta_minus_tridymite_p63mmc/Tc_scatter_K/length,discrete,1,1,0.0,0.0,pass
tlog_polynomial,37,metrics/formal_train_window/full_range/pairs/sio2:quartz_beta_minus_tridymite_p63mmc/crossing_slope_eV_per_atom_per_K/0,energy_eV_per_atom,7.448345272997869e-06,7.448345272997869e-06,0.0,1e-06,pass
tlog_polynomial,37,metrics/formal_train_window/full_range/pairs/sio2:quartz_beta_minus_tridymite_p63mmc/crossing_slope_eV_per_atom_per_K/length,discrete,1,1,0.0,0.0,pass
tlog_polynomial,37,metrics/formal_train_window/full_range/pairs/sio2:quartz_beta_minus_tridymite_p63mmc/delta_G_MAE_at_crossing_eV_per_atom/0,energy_eV_per_atom,0.012207615750949129,0.012207648067430413,3.2316481284391796e-08,1e-06,pass
tlog_polynomial,37,metrics/formal_train_window/full_range/pairs/sio2:quartz_beta_minus_tridymite_p63mmc/delta_G_MAE_at_crossing_eV_per_atom/length,discrete,1,1,0.0,0.0,pass
tlog_polynomial,37,metrics/formal_train_window/full_range/pairs/sio2:quartz_beta_minus_tridymite_p63mmc/delta_G_MAE_eV_per_atom,energy_eV_per_atom,0.009744720196937038,0.009744720090645545,1.0629149296836893e-10,1e-06,pass
tlog_polynomial,37,metrics/formal_train_window/full_range/pairs/sio2:quartz_beta_minus_tridymite_p63mmc/delta_G_RMSE_eV_per_atom,energy_eV_per_atom,0.010966761757651662,0.010966761789128596,3.147693390659345e-11,1e-06,pass
tlog_polynomial,37,metrics/formal_train_window/full_range/pairs/sio2:quartz_beta_minus_tridymite_p63mmc/false_crossings,discrete,0,0,0.0,0.0,pass
tlog_polynomial,37,metrics/formal_train_window/full_range/pairs/sio2:quartz_beta_minus_tridymite_p63mmc/missed_crossings,discrete,0,0,0.0,0.0,pass
tlog_polynomial,37,metrics/formal_train_window/full_range/pairs/sio2:quartz_beta_minus_tridymite_p63mmc/pair_support,exact_other,test_only,test_only,,0.0,pass
tlog_polynomial,37,metrics/formal_train_window/full_range/pairs/sio2:quartz_beta_minus_tridymite_p63mmc/predicted_Tc_K/0,temperature_K,2129.4794536534955,2129.4798447184176,0.00039106492204155074,0.05,pass
tlog_polynomial,37,metrics/formal_train_window/full_range/pairs/sio2:quartz_beta_minus_tridymite_p63mmc/predicted_Tc_K/length,discrete,1,1,0.0,0.0,pass
tlog_polynomial,37,metrics/formal_train_window/full_range/pairs/sio2:quartz_beta_minus_tridymite_p63mmc/predicted_Tc_by_seed_K/0/0,temperature_K,2129.4794536534955,2129.4798447184176,0.00039106492204155074,0.05,pass
tlog_polynomial,37,metrics/formal_train_window/full_range/pairs/sio2:quartz_beta_minus_tridymite_p63mmc/predicted_Tc_by_seed_K/0/length,discrete,1,1,0.0,0.0,pass
tlog_polynomial,37,metrics/formal_train_window/full_range/pairs/sio2:quartz_beta_minus_tridymite_p63mmc/predicted_Tc_by_seed_K/length,discrete,1,1,0.0,0.0,pass
tlog_polynomial,37,metrics/formal_train_window/full_range/pairs/sio2:quartz_beta_minus_tridymite_p63mmc/reference_Tc_K/0,temperature_K,1582.3215510581538,1582.3215510581538,0.0,0.05,pass
tlog_polynomial,37,metrics/formal_train_window/full_range/pairs/sio2:quartz_beta_minus_tridymite_p63mmc/reference_Tc_K/length,discrete,1,1,0.0,0.0,pass
tlog_polynomial,37,metrics/formal_train_window/full_range/pairs/sio2:quartz_beta_minus_tridymite_p63mmc/sign_accuracy,ratio,0.6682838083687083,0.6682838083687083,0.0,0.0,pass
tlog_polynomial,37,metrics/formal_train_window/full_range/seeds/0,exact_other,37,37,0.0,0.0,pass
tlog_polynomial,37,metrics/formal_train_window/full_range/seeds/length,discrete,1,1,0.0,0.0,pass
tlog_polynomial,37,metrics/formal_train_window/temp_extrap/G_MAE_eV_per_atom,energy_eV_per_atom,2.0083570881469237,2.0083570881029966,4.3927084192318944e-11,1e-06,pass
tlog_polynomial,37,metrics/formal_train_window/temp_extrap/coverage_2sigma,exact_other,0.0,0.0,0.0,0.0,pass
tlog_polynomial,37,metrics/formal_train_window/temp_extrap/n_test_frames,exact_other,3171,3171,0.0,0.0,pass
tlog_polynomial,37,metrics/formal_train_window/temp_extrap/pairs/sio2:cristobalite_beta_minus_quartz_beta/Tc_err_from_dG_K/0,temperature_K,1319.9964216515891,1319.9995939483067,0.003172296717593781,0.05,pass
tlog_polynomial,37,metrics/formal_train_window/temp_extrap/pairs/sio2:cristobalite_beta_minus_quartz_beta/Tc_err_from_dG_K/length,discrete,1,1,0.0,0.0,pass
tlog_polynomial,37,metrics/formal_train_window/temp_extrap/pairs/sio2:cristobalite_beta_minus_quartz_beta/Tc_error_K/0,temperature_K,559.3804612884699,559.3812856453612,0.0008243568913712807,0.05,pass
tlog_polynomial,37,metrics/formal_train_window/temp_extrap/pairs/sio2:cristobalite_beta_minus_quartz_beta/Tc_error_K/length,discrete,1,1,0.0,0.0,pass
tlog_polynomial,37,metrics/formal_train_window/temp_extrap/pairs/sio2:cristobalite_beta_minus_quartz_beta/Tc_scatter_K/0,temperature_K,0.0,0.0,0.0,0.05,pass
tlog_polynomial,37,metrics/formal_train_window/temp_extrap/pairs/sio2:cristobalite_beta_minus_quartz_beta/Tc_scatter_K/length,discrete,1,1,0.0,0.0,pass
tlog_polynomial,37,metrics/formal_train_window/temp_extrap/pairs/sio2:cristobalite_beta_minus_quartz_beta/crossing_slope_eV_per_atom_per_K/0,energy_eV_per_atom,7.551407561479095e-06,7.551407561479095e-06,0.0,1e-06,pass
tlog_polynomial,37,metrics/formal_train_window/temp_extrap/pairs/sio2:cristobalite_beta_minus_quartz_beta/crossing_slope_eV_per_atom_per_K/length,discrete,1,1,0.0,0.0,pass
tlog_polynomial,37,metrics/formal_train_window/temp_extrap/pairs/sio2:cristobalite_beta_minus_quartz_beta/delta_G_MAE_at_crossing_eV_per_atom/0,energy_eV_per_atom,0.009967830959585158,0.009967854914890578,2.3955305419876005e-08,1e-06,pass
tlog_polynomial,37,metrics/formal_train_window/temp_extrap/pairs/sio2:cristobalite_beta_minus_quartz_beta/delta_G_MAE_at_crossing_eV_per_atom/length,discrete,1,1,0.0,0.0,pass
tlog_polynomial,37,metrics/formal_train_window/temp_extrap/pairs/sio2:cristobalite_beta_minus_quartz_beta/delta_G_MAE_eV_per_atom,energy_eV_per_atom,0.007615347339387922,0.0076153467674242034,5.71963718574986e-10,1e-06,pass
tlog_polynomial,37,metrics/formal_train_window/temp_extrap/pairs/sio2:cristobalite_beta_minus_quartz_beta/delta_G_RMSE_eV_per_atom,energy_eV_per_atom,0.008460056449347102,0.008460055189355498,1.2599916041078352e-09,1e-06,pass
tlog_polynomial,37,metrics/formal_train_window/temp_extrap/pairs/sio2:cristobalite_beta_minus_quartz_beta/false_crossings,discrete,0,0,0.0,0.0,pass
tlog_polynomial,37,metrics/formal_train_window/temp_extrap/pairs/sio2:cristobalite_beta_minus_quartz_beta/missed_crossings,discrete,0,0,0.0,0.0,pass
tlog_polynomial,37,metrics/formal_train_window/temp_extrap/pairs/sio2:cristobalite_beta_minus_quartz_beta/pair_support,exact_other,test_and_train_partner,test_and_train_partner,,0.0,pass
tlog_polynomial,37,metrics/formal_train_window/temp_extrap/pairs/sio2:cristobalite_beta_minus_quartz_beta/predicted_Tc_K/0,temperature_K,2102.0891660643374,2102.089990421229,0.0008243568913712807,0.05,pass
tlog_polynomial,37,metrics/formal_train_window/temp_extrap/pairs/sio2:cristobalite_beta_minus_quartz_beta/predicted_Tc_K/length,discrete,1,1,0.0,0.0,pass
tlog_polynomial,37,metrics/formal_train_window/temp_extrap/pairs/sio2:cristobalite_beta_minus_quartz_beta/predicted_Tc_by_seed_K/0/0,temperature_K,2102.0891660643374,2102.089990421229,0.0008243568913712807,0.05,pass
tlog_polynomial,37,metrics/formal_train_window/temp_extrap/pairs/sio2:cristobalite_beta_minus_quartz_beta/predicted_Tc_by_seed_K/0/length,discrete,1,1,0.0,0.0,pass
tlog_polynomial,37,metrics/formal_train_window/temp_extrap/pairs/sio2:cristobalite_beta_minus_quartz_beta/predicted_Tc_by_seed_K/length,discrete,1,1,0.0,0.0,pass
tlog_polynomial,37,metrics/formal_train_window/temp_extrap/pairs/sio2:cristobalite_beta_minus_quartz_beta/reference_Tc_K/0,temperature_K,1542.7087047758675,1542.7087047758675,0.0,0.05,pass
tlog_polynomial,37,metrics/formal_train_window/temp_extrap/pairs/sio2:cristobalite_beta_minus_quartz_beta/reference_Tc_K/length,discrete,1,1,0.0,0.0,pass
tlog_polynomial,37,metrics/formal_train_window/temp_extrap/pairs/sio2:cristobalite_beta_minus_quartz_beta/sign_accuracy,ratio,0.6604002425712553,0.6604002425712553,0.0,0.0,pass
tlog_polynomial,37,metrics/formal_train_window/temp_extrap/pairs/sio2:cristobalite_beta_minus_tridymite_p63mmc/Tc_err_from_dG_K/length,discrete,0,0,0.0,0.0,pass
tlog_polynomial,37,metrics/formal_train_window/temp_extrap/pairs/sio2:cristobalite_beta_minus_tridymite_p63mmc/Tc_error_K/length,discrete,0,0,0.0,0.0,pass
tlog_polynomial,37,metrics/formal_train_window/temp_extrap/pairs/sio2:cristobalite_beta_minus_tridymite_p63mmc/Tc_scatter_K/length,discrete,0,0,0.0,0.0,pass
tlog_polynomial,37,metrics/formal_train_window/temp_extrap/pairs/sio2:cristobalite_beta_minus_tridymite_p63mmc/crossing_slope_eV_per_atom_per_K/length,discrete,0,0,0.0,0.0,pass
tlog_polynomial,37,metrics/formal_train_window/temp_extrap/pairs/sio2:cristobalite_beta_minus_tridymite_p63mmc/delta_G_MAE_at_crossing_eV_per_atom/length,discrete,0,0,0.0,0.0,pass
tlog_polynomial,37,metrics/formal_train_window/temp_extrap/pairs/sio2:cristobalite_beta_minus_tridymite_p63mmc/delta_G_MAE_eV_per_atom,energy_eV_per_atom,0.0021873768467401554,0.002187377596409284,7.496691284240853e-10,1e-06,pass
tlog_polynomial,37,metrics/formal_train_window/temp_extrap/pairs/sio2:cristobalite_beta_minus_tridymite_p63mmc/delta_G_RMSE_eV_per_atom,energy_eV_per_atom,0.0025721800123636807,0.0025721812409251516,1.2285614708722192e-09,1e-06,pass
tlog_polynomial,37,metrics/formal_train_window/temp_extrap/pairs/sio2:cristobalite_beta_minus_tridymite_p63mmc/false_crossings,discrete,1,1,0.0,0.0,pass
tlog_polynomial,37,metrics/formal_train_window/temp_extrap/pairs/sio2:cristobalite_beta_minus_tridymite_p63mmc/missed_crossings,discrete,0,0,0.0,0.0,pass
tlog_polynomial,37,metrics/formal_train_window/temp_extrap/pairs/sio2:cristobalite_beta_minus_tridymite_p63mmc/pair_support,exact_other,test_and_train_partner,test_and_train_partner,,0.0,pass
tlog_polynomial,37,metrics/formal_train_window/temp_extrap/pairs/sio2:cristobalite_beta_minus_tridymite_p63mmc/predicted_Tc_K/0,temperature_K,2257.594584575202,2257.5918766117206,0.0027079634814981546,0.05,pass
tlog_polynomial,37,metrics/formal_train_window/temp_extrap/pairs/sio2:cristobalite_beta_minus_tridymite_p63mmc/predicted_Tc_K/length,discrete,1,1,0.0,0.0,pass
tlog_polynomial,37,metrics/formal_train_window/temp_extrap/pairs/sio2:cristobalite_beta_minus_tridymite_p63mmc/predicted_Tc_by_seed_K/0/0,temperature_K,2257.594584575202,2257.5918766117206,0.0027079634814981546,0.05,pass
tlog_polynomial,37,metrics/formal_train_window/temp_extrap/pairs/sio2:cristobalite_beta_minus_tridymite_p63mmc/predicted_Tc_by_seed_K/0/length,discrete,1,1,0.0,0.0,pass
tlog_polynomial,37,metrics/formal_train_window/temp_extrap/pairs/sio2:cristobalite_beta_minus_tridymite_p63mmc/predicted_Tc_by_seed_K/length,discrete,1,1,0.0,0.0,pass
tlog_polynomial,37,metrics/formal_train_window/temp_extrap/pairs/sio2:cristobalite_beta_minus_tridymite_p63mmc/reference_Tc_K/length,discrete,0,0,0.0,0.0,pass
tlog_polynomial,37,metrics/formal_train_window/temp_extrap/pairs/sio2:cristobalite_beta_minus_tridymite_p63mmc/sign_accuracy,ratio,0.853244390539721,0.853244390539721,0.0,0.0,pass
tlog_polynomial,37,metrics/formal_train_window/temp_extrap/pairs/sio2:quartz_beta_minus_tridymite_p63mmc/Tc_err_from_dG_K/0,temperature_K,1638.970174382868,1638.974513129274,0.004338746406119753,0.05,pass
tlog_polynomial,37,metrics/formal_train_window/temp_extrap/pairs/sio2:quartz_beta_minus_tridymite_p63mmc/Tc_err_from_dG_K/length,discrete,1,1,0.0,0.0,pass
tlog_polynomial,37,metrics/formal_train_window/temp_extrap/pairs/sio2:quartz_beta_minus_tridymite_p63mmc/Tc_error_K/0,temperature_K,547.1579025953417,547.1582936602638,0.00039106492204155074,0.05,pass
tlog_polynomial,37,metrics/formal_train_window/temp_extrap/pairs/sio2:quartz_beta_minus_tridymite_p63mmc/Tc_error_K/length,discrete,1,1,0.0,0.0,pass
tlog_polynomial,37,metrics/formal_train_window/temp_extrap/pairs/sio2:quartz_beta_minus_tridymite_p63mmc/Tc_scatter_K/0,temperature_K,0.0,0.0,0.0,0.05,pass
tlog_polynomial,37,metrics/formal_train_window/temp_extrap/pairs/sio2:quartz_beta_minus_tridymite_p63mmc/Tc_scatter_K/length,discrete,1,1,0.0,0.0,pass
tlog_polynomial,37,metrics/formal_train_window/temp_extrap/pairs/sio2:quartz_beta_minus_tridymite_p63mmc/crossing_slope_eV_per_atom_per_K/0,energy_eV_per_atom,7.448345272997869e-06,7.448345272997869e-06,0.0,1e-06,pass
tlog_polynomial,37,metrics/formal_train_window/temp_extrap/pairs/sio2:quartz_beta_minus_tridymite_p63mmc/crossing_slope_eV_per_atom_per_K/length,discrete,1,1,0.0,0.0,pass
tlog_polynomial,37,metrics/formal_train_window/temp_extrap/pairs/sio2:quartz_beta_minus_tridymite_p63mmc/delta_G_MAE_at_crossing_eV_per_atom/0,energy_eV_per_atom,0.012207615750949129,0.012207648067430413,3.2316481284391796e-08,1e-06,pass
tlog_polynomial,37,metrics/formal_train_window/temp_extrap/pairs/sio2:quartz_beta_minus_tridymite_p63mmc/delta_G_MAE_at_crossing_eV_per_atom/length,discrete,1,1,0.0,0.0,pass
tlog_polynomial,37,metrics/formal_train_window/temp_extrap/pairs/sio2:quartz_beta_minus_tridymite_p63mmc/delta_G_MAE_eV_per_atom,energy_eV_per_atom,0.009744720196937038,0.009744720090645545,1.0629149296836893e-10,1e-06,pass
tlog_polynomial,37,metrics/formal_train_window/temp_extrap/pairs/sio2:quartz_beta_minus_tridymite_p63mmc/delta_G_RMSE_eV_per_atom,energy_eV_per_atom,0.010966761757651662,0.010966761789128596,3.147693390659345e-11,1e-06,pass
tlog_polynomial,37,metrics/formal_train_window/temp_extrap/pairs/sio2:quartz_beta_minus_tridymite_p63mmc/false_crossings,discrete,0,0,0.0,0.0,pass
tlog_polynomial,37,metrics/formal_train_window/temp_extrap/pairs/sio2:quartz_beta_minus_tridymite_p63mmc/missed_crossings,discrete,0,0,0.0,0.0,pass
tlog_polynomial,37,metrics/formal_train_window/temp_extrap/pairs/sio2:quartz_beta_minus_tridymite_p63mmc/pair_support,exact_other,test_and_train_partner,test_and_train_partner,,0.0,pass
tlog_polynomial,37,metrics/formal_train_window/temp_extrap/pairs/sio2:quartz_beta_minus_tridymite_p63mmc/predicted_Tc_K/0,temperature_K,2129.4794536534955,2129.4798447184176,0.00039106492204155074,0.05,pass
tlog_polynomial,37,metrics/formal_train_window/temp_extrap/pairs/sio2:quartz_beta_minus_tridymite_p63mmc/predicted_Tc_K/length,discrete,1,1,0.0,0.0,pass
tlog_polynomial,37,metrics/formal_train_window/temp_extrap/pairs/sio2:quartz_beta_minus_tridymite_p63mmc/predicted_Tc_by_seed_K/0/0,temperature_K,2129.4794536534955,2129.4798447184176,0.00039106492204155074,0.05,pass
tlog_polynomial,37,metrics/formal_train_window/temp_extrap/pairs/sio2:quartz_beta_minus_tridymite_p63mmc/predicted_Tc_by_seed_K/0/length,discrete,1,1,0.0,0.0,pass
tlog_polynomial,37,metrics/formal_train_window/temp_extrap/pairs/sio2:quartz_beta_minus_tridymite_p63mmc/predicted_Tc_by_seed_K/length,discrete,1,1,0.0,0.0,pass
tlog_polynomial,37,metrics/formal_train_window/temp_extrap/pairs/sio2:quartz_beta_minus_tridymite_p63mmc/reference_Tc_K/0,temperature_K,1582.3215510581538,1582.3215510581538,0.0,0.05,pass
tlog_polynomial,37,metrics/formal_train_window/temp_extrap/pairs/sio2:quartz_beta_minus_tridymite_p63mmc/reference_Tc_K/length,discrete,1,1,0.0,0.0,pass
tlog_polynomial,37,metrics/formal_train_window/temp_extrap/pairs/sio2:quartz_beta_minus_tridymite_p63mmc/sign_accuracy,ratio,0.6682838083687083,0.6682838083687083,0.0,0.0,pass
tlog_polynomial,37,metrics/formal_train_window/temp_extrap/seeds/0,exact_other,37,37,0.0,0.0,pass
tlog_polynomial,37,metrics/formal_train_window/temp_extrap/seeds/length,discrete,1,1,0.0,0.0,pass
tlog_polynomial,37,metrics/heldout_window_audit/full_range/G_MAE_eV_per_atom,energy_eV_per_atom,1.2412574698217484,1.2412574696817795,1.3996892533896244e-10,1e-06,pass
tlog_polynomial,37,metrics/heldout_window_audit/full_range/coverage_2sigma,exact_other,0.0,0.0,0.0,0.0,pass
tlog_polynomial,37,metrics/heldout_window_audit/full_range/n_test_frames,exact_other,4947,4947,0.0,0.0,pass
tlog_polynomial,37,metrics/heldout_window_audit/full_range/pairs/sio2:cristobalite_beta_minus_quartz_beta/Tc_err_from_dG_K/0,temperature_K,1319.99642165154,1319.99959394839,0.00317229684992526,0.05,pass
tlog_polynomial,37,metrics/heldout_window_audit/full_range/pairs/sio2:cristobalite_beta_minus_quartz_beta/Tc_err_from_dG_K/length,discrete,1,1,0.0,0.0,pass
tlog_polynomial,37,metrics/heldout_window_audit/full_range/pairs/sio2:cristobalite_beta_minus_quartz_beta/Tc_error_K/0,temperature_K,559.3804612884771,559.381285645354,0.0008243568768193654,0.05,pass
tlog_polynomial,37,metrics/heldout_window_audit/full_range/pairs/sio2:cristobalite_beta_minus_quartz_beta/Tc_error_K/length,discrete,1,1,0.0,0.0,pass
tlog_polynomial,37,metrics/heldout_window_audit/full_range/pairs/sio2:cristobalite_beta_minus_quartz_beta/Tc_scatter_K/0,temperature_K,0.0,0.0,0.0,0.05,pass
tlog_polynomial,37,metrics/heldout_window_audit/full_range/pairs/sio2:cristobalite_beta_minus_quartz_beta/Tc_scatter_K/length,discrete,1,1,0.0,0.0,pass
tlog_polynomial,37,metrics/heldout_window_audit/full_range/pairs/sio2:cristobalite_beta_minus_quartz_beta/crossing_slope_eV_per_atom_per_K/0,energy_eV_per_atom,7.551407561479095e-06,7.551407561479095e-06,0.0,1e-06,pass
tlog_polynomial,37,metrics/heldout_window_audit/full_range/pairs/sio2:cristobalite_beta_minus_quartz_beta/crossing_slope_eV_per_atom_per_K/length,discrete,1,1,0.0,0.0,pass
tlog_polynomial,37,metrics/heldout_window_audit/full_range/pairs/sio2:cristobalite_beta_minus_quartz_beta/delta_G_MAE_at_crossing_eV_per_atom/0,energy_eV_per_atom,0.009967830959584787,0.009967854914891208,2.395530642081145e-08,1e-06,pass
tlog_polynomial,37,metrics/heldout_window_audit/full_range/pairs/sio2:cristobalite_beta_minus_quartz_beta/delta_G_MAE_at_crossing_eV_per_atom/length,discrete,1,1,0.0,0.0,pass
tlog_polynomial,37,metrics/heldout_window_audit/full_range/pairs/sio2:cristobalite_beta_minus_quartz_beta/delta_G_MAE_eV_per_atom,energy_eV_per_atom,0.007615347339388085,0.007615346767424167,5.719639180681857e-10,1e-06,pass
tlog_polynomial,37,metrics/heldout_window_audit/full_range/pairs/sio2:cristobalite_beta_minus_quartz_beta/delta_G_RMSE_eV_per_atom,energy_eV_per_atom,0.008460056449347254,0.008460055189355472,1.2599917827843532e-09,1e-06,pass
tlog_polynomial,37,metrics/heldout_window_audit/full_range/pairs/sio2:cristobalite_beta_minus_quartz_beta/false_crossings,discrete,0,0,0.0,0.0,pass
tlog_polynomial,37,metrics/heldout_window_audit/full_range/pairs/sio2:cristobalite_beta_minus_quartz_beta/missed_crossings,discrete,0,0,0.0,0.0,pass
tlog_polynomial,37,metrics/heldout_window_audit/full_range/pairs/sio2:cristobalite_beta_minus_quartz_beta/pair_support,exact_other,test_only,test_only,,0.0,pass
tlog_polynomial,37,metrics/heldout_window_audit/full_range/pairs/sio2:cristobalite_beta_minus_quartz_beta/predicted_Tc_K/0,temperature_K,2102.0891660643447,2102.0899904212215,0.0008243568768193654,0.05,pass
tlog_polynomial,37,metrics/heldout_window_audit/full_range/pairs/sio2:cristobalite_beta_minus_quartz_beta/predicted_Tc_K/length,discrete,1,1,0.0,0.0,pass
tlog_polynomial,37,metrics/heldout_window_audit/full_range/pairs/sio2:cristobalite_beta_minus_quartz_beta/predicted_Tc_by_seed_K/0/0,temperature_K,2102.0891660643447,2102.0899904212215,0.0008243568768193654,0.05,pass
tlog_polynomial,37,metrics/heldout_window_audit/full_range/pairs/sio2:cristobalite_beta_minus_quartz_beta/predicted_Tc_by_seed_K/0/length,discrete,1,1,0.0,0.0,pass
tlog_polynomial,37,metrics/heldout_window_audit/full_range/pairs/sio2:cristobalite_beta_minus_quartz_beta/predicted_Tc_by_seed_K/length,discrete,1,1,0.0,0.0,pass
tlog_polynomial,37,metrics/heldout_window_audit/full_range/pairs/sio2:cristobalite_beta_minus_quartz_beta/reference_Tc_K/0,temperature_K,1542.7087047758675,1542.7087047758675,0.0,0.05,pass
tlog_polynomial,37,metrics/heldout_window_audit/full_range/pairs/sio2:cristobalite_beta_minus_quartz_beta/reference_Tc_K/length,discrete,1,1,0.0,0.0,pass
tlog_polynomial,37,metrics/heldout_window_audit/full_range/pairs/sio2:cristobalite_beta_minus_quartz_beta/sign_accuracy,ratio,0.6604002425712553,0.6604002425712553,0.0,0.0,pass
tlog_polynomial,37,metrics/heldout_window_audit/full_range/pairs/sio2:cristobalite_beta_minus_tridymite_p63mmc/Tc_err_from_dG_K/length,discrete,0,0,0.0,0.0,pass
tlog_polynomial,37,metrics/heldout_window_audit/full_range/pairs/sio2:cristobalite_beta_minus_tridymite_p63mmc/Tc_error_K/length,discrete,0,0,0.0,0.0,pass
tlog_polynomial,37,metrics/heldout_window_audit/full_range/pairs/sio2:cristobalite_beta_minus_tridymite_p63mmc/Tc_scatter_K/length,discrete,0,0,0.0,0.0,pass
tlog_polynomial,37,metrics/heldout_window_audit/full_range/pairs/sio2:cristobalite_beta_minus_tridymite_p63mmc/crossing_slope_eV_per_atom_per_K/length,discrete,0,0,0.0,0.0,pass
tlog_polynomial,37,metrics/heldout_window_audit/full_range/pairs/sio2:cristobalite_beta_minus_tridymite_p63mmc/delta_G_MAE_at_crossing_eV_per_atom/length,discrete,0,0,0.0,0.0,pass
tlog_polynomial,37,metrics/heldout_window_audit/full_range/pairs/sio2:cristobalite_beta_minus_tridymite_p63mmc/delta_G_MAE_eV_per_atom,energy_eV_per_atom,0.002187376846740026,0.002187377596409292,7.496692659009208e-10,1e-06,pass
tlog_polynomial,37,metrics/heldout_window_audit/full_range/pairs/sio2:cristobalite_beta_minus_tridymite_p63mmc/delta_G_RMSE_eV_per_atom,energy_eV_per_atom,0.0025721800123635545,0.002572181240925142,1.228561587532373e-09,1e-06,pass
tlog_polynomial,37,metrics/heldout_window_audit/full_range/pairs/sio2:cristobalite_beta_minus_tridymite_p63mmc/false_crossings,discrete,1,1,0.0,0.0,pass
tlog_polynomial,37,metrics/heldout_window_audit/full_range/pairs/sio2:cristobalite_beta_minus_tridymite_p63mmc/missed_crossings,discrete,0,0,0.0,0.0,pass
tlog_polynomial,37,metrics/heldout_window_audit/full_range/pairs/sio2:cristobalite_beta_minus_tridymite_p63mmc/pair_support,exact_other,test_only,test_only,,0.0,pass
tlog_polynomial,37,metrics/heldout_window_audit/full_range/pairs/sio2:cristobalite_beta_minus_tridymite_p63mmc/predicted_Tc_K/0,temperature_K,2257.594584575202,2257.5918766117206,0.0027079634814981546,0.05,pass
tlog_polynomial,37,metrics/heldout_window_audit/full_range/pairs/sio2:cristobalite_beta_minus_tridymite_p63mmc/predicted_Tc_K/length,discrete,1,1,0.0,0.0,pass
tlog_polynomial,37,metrics/heldout_window_audit/full_range/pairs/sio2:cristobalite_beta_minus_tridymite_p63mmc/predicted_Tc_by_seed_K/0/0,temperature_K,2257.594584575202,2257.5918766117206,0.0027079634814981546,0.05,pass
tlog_polynomial,37,metrics/heldout_window_audit/full_range/pairs/sio2:cristobalite_beta_minus_tridymite_p63mmc/predicted_Tc_by_seed_K/0/length,discrete,1,1,0.0,0.0,pass
tlog_polynomial,37,metrics/heldout_window_audit/full_range/pairs/sio2:cristobalite_beta_minus_tridymite_p63mmc/predicted_Tc_by_seed_K/length,discrete,1,1,0.0,0.0,pass
tlog_polynomial,37,metrics/heldout_window_audit/full_range/pairs/sio2:cristobalite_beta_minus_tridymite_p63mmc/reference_Tc_K/length,discrete,0,0,0.0,0.0,pass
tlog_polynomial,37,metrics/heldout_window_audit/full_range/pairs/sio2:cristobalite_beta_minus_tridymite_p63mmc/sign_accuracy,ratio,0.853244390539721,0.853244390539721,0.0,0.0,pass
tlog_polynomial,37,metrics/heldout_window_audit/full_range/pairs/sio2:quartz_beta_minus_tridymite_p63mmc/Tc_err_from_dG_K/0,temperature_K,1638.9701743829107,1638.9745131292357,0.004338746324947351,0.05,pass
tlog_polynomial,37,metrics/heldout_window_audit/full_range/pairs/sio2:quartz_beta_minus_tridymite_p63mmc/Tc_err_from_dG_K/length,discrete,1,1,0.0,0.0,pass
tlog_polynomial,37,metrics/heldout_window_audit/full_range/pairs/sio2:quartz_beta_minus_tridymite_p63mmc/Tc_error_K/0,temperature_K,547.1579025953417,547.1582936603279,0.0003910649861609272,0.05,pass
tlog_polynomial,37,metrics/heldout_window_audit/full_range/pairs/sio2:quartz_beta_minus_tridymite_p63mmc/Tc_error_K/length,discrete,1,1,0.0,0.0,pass
tlog_polynomial,37,metrics/heldout_window_audit/full_range/pairs/sio2:quartz_beta_minus_tridymite_p63mmc/Tc_scatter_K/0,temperature_K,0.0,0.0,0.0,0.05,pass
tlog_polynomial,37,metrics/heldout_window_audit/full_range/pairs/sio2:quartz_beta_minus_tridymite_p63mmc/Tc_scatter_K/length,discrete,1,1,0.0,0.0,pass
tlog_polynomial,37,metrics/heldout_window_audit/full_range/pairs/sio2:quartz_beta_minus_tridymite_p63mmc/crossing_slope_eV_per_atom_per_K/0,energy_eV_per_atom,7.448345272997869e-06,7.448345272997869e-06,0.0,1e-06,pass
tlog_polynomial,37,metrics/heldout_window_audit/full_range/pairs/sio2:quartz_beta_minus_tridymite_p63mmc/crossing_slope_eV_per_atom_per_K/length,discrete,1,1,0.0,0.0,pass
tlog_polynomial,37,metrics/heldout_window_audit/full_range/pairs/sio2:quartz_beta_minus_tridymite_p63mmc/delta_G_MAE_at_crossing_eV_per_atom/0,energy_eV_per_atom,0.012207615750949447,0.012207648067430127,3.2316480680708026e-08,1e-06,pass
tlog_polynomial,37,metrics/heldout_window_audit/full_range/pairs/sio2:quartz_beta_minus_tridymite_p63mmc/delta_G_MAE_at_crossing_eV_per_atom/length,discrete,1,1,0.0,0.0,pass
tlog_polynomial,37,metrics/heldout_window_audit/full_range/pairs/sio2:quartz_beta_minus_tridymite_p63mmc/delta_G_MAE_eV_per_atom,energy_eV_per_atom,0.009744720196937064,0.009744720090645517,1.0629154674479668e-10,1e-06,pass
tlog_polynomial,37,metrics/heldout_window_audit/full_range/pairs/sio2:quartz_beta_minus_tridymite_p63mmc/delta_G_RMSE_eV_per_atom,energy_eV_per_atom,0.010966761757651673,0.010966761789128568,3.147689574267698e-11,1e-06,pass
tlog_polynomial,37,metrics/heldout_window_audit/full_range/pairs/sio2:quartz_beta_minus_tridymite_p63mmc/false_crossings,discrete,0,0,0.0,0.0,pass
tlog_polynomial,37,metrics/heldout_window_audit/full_range/pairs/sio2:quartz_beta_minus_tridymite_p63mmc/missed_crossings,discrete,0,0,0.0,0.0,pass
tlog_polynomial,37,metrics/heldout_window_audit/full_range/pairs/sio2:quartz_beta_minus_tridymite_p63mmc/pair_support,exact_other,test_only,test_only,,0.0,pass
tlog_polynomial,37,metrics/heldout_window_audit/full_range/pairs/sio2:quartz_beta_minus_tridymite_p63mmc/predicted_Tc_K/0,temperature_K,2129.4794536534955,2129.4798447184817,0.0003910649861609272,0.05,pass
tlog_polynomial,37,metrics/heldout_window_audit/full_range/pairs/sio2:quartz_beta_minus_tridymite_p63mmc/predicted_Tc_K/length,discrete,1,1,0.0,0.0,pass
tlog_polynomial,37,metrics/heldout_window_audit/full_range/pairs/sio2:quartz_beta_minus_tridymite_p63mmc/predicted_Tc_by_seed_K/0/0,temperature_K,2129.4794536534955,2129.4798447184817,0.0003910649861609272,0.05,pass
tlog_polynomial,37,metrics/heldout_window_audit/full_range/pairs/sio2:quartz_beta_minus_tridymite_p63mmc/predicted_Tc_by_seed_K/0/length,discrete,1,1,0.0,0.0,pass
tlog_polynomial,37,metrics/heldout_window_audit/full_range/pairs/sio2:quartz_beta_minus_tridymite_p63mmc/predicted_Tc_by_seed_K/length,discrete,1,1,0.0,0.0,pass
tlog_polynomial,37,metrics/heldout_window_audit/full_range/pairs/sio2:quartz_beta_minus_tridymite_p63mmc/reference_Tc_K/0,temperature_K,1582.3215510581538,1582.3215510581538,0.0,0.05,pass
tlog_polynomial,37,metrics/heldout_window_audit/full_range/pairs/sio2:quartz_beta_minus_tridymite_p63mmc/reference_Tc_K/length,discrete,1,1,0.0,0.0,pass
tlog_polynomial,37,metrics/heldout_window_audit/full_range/pairs/sio2:quartz_beta_minus_tridymite_p63mmc/sign_accuracy,ratio,0.6682838083687083,0.6682838083687083,0.0,0.0,pass
tlog_polynomial,37,metrics/heldout_window_audit/full_range/seeds/0,exact_other,37,37,0.0,0.0,pass
tlog_polynomial,37,metrics/heldout_window_audit/full_range/seeds/length,discrete,1,1,0.0,0.0,pass
tlog_polynomial,37,metrics/heldout_window_audit/temp_extrap/G_MAE_eV_per_atom,energy_eV_per_atom,0.8116236249319623,0.8116236247382034,1.9375889781514388e-10,1e-06,pass
tlog_polynomial,37,metrics/heldout_window_audit/temp_extrap/coverage_2sigma,exact_other,0.0,0.0,0.0,0.0,pass
tlog_polynomial,37,metrics/heldout_window_audit/temp_extrap/n_test_frames,exact_other,3171,3171,0.0,0.0,pass
tlog_polynomial,37,metrics/heldout_window_audit/temp_extrap/pairs/sio2:cristobalite_beta_minus_quartz_beta/Tc_err_from_dG_K/0,temperature_K,1319.99642165154,1319.99959394839,0.00317229684992526,0.05,pass
tlog_polynomial,37,metrics/heldout_window_audit/temp_extrap/pairs/sio2:cristobalite_beta_minus_quartz_beta/Tc_err_from_dG_K/length,discrete,1,1,0.0,0.0,pass
tlog_polynomial,37,metrics/heldout_window_audit/temp_extrap/pairs/sio2:cristobalite_beta_minus_quartz_beta/Tc_error_K/0,temperature_K,559.3804612884771,559.381285645354,0.0008243568768193654,0.05,pass
tlog_polynomial,37,metrics/heldout_window_audit/temp_extrap/pairs/sio2:cristobalite_beta_minus_quartz_beta/Tc_error_K/length,discrete,1,1,0.0,0.0,pass
tlog_polynomial,37,metrics/heldout_window_audit/temp_extrap/pairs/sio2:cristobalite_beta_minus_quartz_beta/Tc_scatter_K/0,temperature_K,0.0,0.0,0.0,0.05,pass
tlog_polynomial,37,metrics/heldout_window_audit/temp_extrap/pairs/sio2:cristobalite_beta_minus_quartz_beta/Tc_scatter_K/length,discrete,1,1,0.0,0.0,pass
tlog_polynomial,37,metrics/heldout_window_audit/temp_extrap/pairs/sio2:cristobalite_beta_minus_quartz_beta/crossing_slope_eV_per_atom_per_K/0,energy_eV_per_atom,7.551407561479095e-06,7.551407561479095e-06,0.0,1e-06,pass
tlog_polynomial,37,metrics/heldout_window_audit/temp_extrap/pairs/sio2:cristobalite_beta_minus_quartz_beta/crossing_slope_eV_per_atom_per_K/length,discrete,1,1,0.0,0.0,pass
tlog_polynomial,37,metrics/heldout_window_audit/temp_extrap/pairs/sio2:cristobalite_beta_minus_quartz_beta/delta_G_MAE_at_crossing_eV_per_atom/0,energy_eV_per_atom,0.009967830959584787,0.009967854914891208,2.395530642081145e-08,1e-06,pass
tlog_polynomial,37,metrics/heldout_window_audit/temp_extrap/pairs/sio2:cristobalite_beta_minus_quartz_beta/delta_G_MAE_at_crossing_eV_per_atom/length,discrete,1,1,0.0,0.0,pass
tlog_polynomial,37,metrics/heldout_window_audit/temp_extrap/pairs/sio2:cristobalite_beta_minus_quartz_beta/delta_G_MAE_eV_per_atom,energy_eV_per_atom,0.007615347339388085,0.007615346767424167,5.719639180681857e-10,1e-06,pass
tlog_polynomial,37,metrics/heldout_window_audit/temp_extrap/pairs/sio2:cristobalite_beta_minus_quartz_beta/delta_G_RMSE_eV_per_atom,energy_eV_per_atom,0.008460056449347254,0.008460055189355472,1.2599917827843532e-09,1e-06,pass
tlog_polynomial,37,metrics/heldout_window_audit/temp_extrap/pairs/sio2:cristobalite_beta_minus_quartz_beta/false_crossings,discrete,0,0,0.0,0.0,pass
tlog_polynomial,37,metrics/heldout_window_audit/temp_extrap/pairs/sio2:cristobalite_beta_minus_quartz_beta/missed_crossings,discrete,0,0,0.0,0.0,pass
tlog_polynomial,37,metrics/heldout_window_audit/temp_extrap/pairs/sio2:cristobalite_beta_minus_quartz_beta/pair_support,exact_other,test_and_train_partner,test_and_train_partner,,0.0,pass
tlog_polynomial,37,metrics/heldout_window_audit/temp_extrap/pairs/sio2:cristobalite_beta_minus_quartz_beta/predicted_Tc_K/0,temperature_K,2102.0891660643447,2102.0899904212215,0.0008243568768193654,0.05,pass
tlog_polynomial,37,metrics/heldout_window_audit/temp_extrap/pairs/sio2:cristobalite_beta_minus_quartz_beta/predicted_Tc_K/length,discrete,1,1,0.0,0.0,pass
tlog_polynomial,37,metrics/heldout_window_audit/temp_extrap/pairs/sio2:cristobalite_beta_minus_quartz_beta/predicted_Tc_by_seed_K/0/0,temperature_K,2102.0891660643447,2102.0899904212215,0.0008243568768193654,0.05,pass
tlog_polynomial,37,metrics/heldout_window_audit/temp_extrap/pairs/sio2:cristobalite_beta_minus_quartz_beta/predicted_Tc_by_seed_K/0/length,discrete,1,1,0.0,0.0,pass
tlog_polynomial,37,metrics/heldout_window_audit/temp_extrap/pairs/sio2:cristobalite_beta_minus_quartz_beta/predicted_Tc_by_seed_K/length,discrete,1,1,0.0,0.0,pass
tlog_polynomial,37,metrics/heldout_window_audit/temp_extrap/pairs/sio2:cristobalite_beta_minus_quartz_beta/reference_Tc_K/0,temperature_K,1542.7087047758675,1542.7087047758675,0.0,0.05,pass
tlog_polynomial,37,metrics/heldout_window_audit/temp_extrap/pairs/sio2:cristobalite_beta_minus_quartz_beta/reference_Tc_K/length,discrete,1,1,0.0,0.0,pass
tlog_polynomial,37,metrics/heldout_window_audit/temp_extrap/pairs/sio2:cristobalite_beta_minus_quartz_beta/sign_accuracy,ratio,0.6604002425712553,0.6604002425712553,0.0,0.0,pass
tlog_polynomial,37,metrics/heldout_window_audit/temp_extrap/pairs/sio2:cristobalite_beta_minus_tridymite_p63mmc/Tc_err_from_dG_K/length,discrete,0,0,0.0,0.0,pass
tlog_polynomial,37,metrics/heldout_window_audit/temp_extrap/pairs/sio2:cristobalite_beta_minus_tridymite_p63mmc/Tc_error_K/length,discrete,0,0,0.0,0.0,pass
tlog_polynomial,37,metrics/heldout_window_audit/temp_extrap/pairs/sio2:cristobalite_beta_minus_tridymite_p63mmc/Tc_scatter_K/length,discrete,0,0,0.0,0.0,pass
tlog_polynomial,37,metrics/heldout_window_audit/temp_extrap/pairs/sio2:cristobalite_beta_minus_tridymite_p63mmc/crossing_slope_eV_per_atom_per_K/length,discrete,0,0,0.0,0.0,pass
tlog_polynomial,37,metrics/heldout_window_audit/temp_extrap/pairs/sio2:cristobalite_beta_minus_tridymite_p63mmc/delta_G_MAE_at_crossing_eV_per_atom/length,discrete,0,0,0.0,0.0,pass
tlog_polynomial,37,metrics/heldout_window_audit/temp_extrap/pairs/sio2:cristobalite_beta_minus_tridymite_p63mmc/delta_G_MAE_eV_per_atom,energy_eV_per_atom,0.002187376846740026,0.002187377596409292,7.496692659009208e-10,1e-06,pass
tlog_polynomial,37,metrics/heldout_window_audit/temp_extrap/pairs/sio2:cristobalite_beta_minus_tridymite_p63mmc/delta_G_RMSE_eV_per_atom,energy_eV_per_atom,0.0025721800123635545,0.002572181240925142,1.228561587532373e-09,1e-06,pass
tlog_polynomial,37,metrics/heldout_window_audit/temp_extrap/pairs/sio2:cristobalite_beta_minus_tridymite_p63mmc/false_crossings,discrete,1,1,0.0,0.0,pass
tlog_polynomial,37,metrics/heldout_window_audit/temp_extrap/pairs/sio2:cristobalite_beta_minus_tridymite_p63mmc/missed_crossings,discrete,0,0,0.0,0.0,pass
tlog_polynomial,37,metrics/heldout_window_audit/temp_extrap/pairs/sio2:cristobalite_beta_minus_tridymite_p63mmc/pair_support,exact_other,test_and_train_partner,test_and_train_partner,,0.0,pass
tlog_polynomial,37,metrics/heldout_window_audit/temp_extrap/pairs/sio2:cristobalite_beta_minus_tridymite_p63mmc/predicted_Tc_K/0,temperature_K,2257.594584575202,2257.5918766117206,0.0027079634814981546,0.05,pass
tlog_polynomial,37,metrics/heldout_window_audit/temp_extrap/pairs/sio2:cristobalite_beta_minus_tridymite_p63mmc/predicted_Tc_K/length,discrete,1,1,0.0,0.0,pass
tlog_polynomial,37,metrics/heldout_window_audit/temp_extrap/pairs/sio2:cristobalite_beta_minus_tridymite_p63mmc/predicted_Tc_by_seed_K/0/0,temperature_K,2257.594584575202,2257.5918766117206,0.0027079634814981546,0.05,pass
tlog_polynomial,37,metrics/heldout_window_audit/temp_extrap/pairs/sio2:cristobalite_beta_minus_tridymite_p63mmc/predicted_Tc_by_seed_K/0/length,discrete,1,1,0.0,0.0,pass
tlog_polynomial,37,metrics/heldout_window_audit/temp_extrap/pairs/sio2:cristobalite_beta_minus_tridymite_p63mmc/predicted_Tc_by_seed_K/length,discrete,1,1,0.0,0.0,pass
tlog_polynomial,37,metrics/heldout_window_audit/temp_extrap/pairs/sio2:cristobalite_beta_minus_tridymite_p63mmc/reference_Tc_K/length,discrete,0,0,0.0,0.0,pass
tlog_polynomial,37,metrics/heldout_window_audit/temp_extrap/pairs/sio2:cristobalite_beta_minus_tridymite_p63mmc/sign_accuracy,ratio,0.853244390539721,0.853244390539721,0.0,0.0,pass
tlog_polynomial,37,metrics/heldout_window_audit/temp_extrap/pairs/sio2:quartz_beta_minus_tridymite_p63mmc/Tc_err_from_dG_K/0,temperature_K,1638.9701743829107,1638.9745131292357,0.004338746324947351,0.05,pass
tlog_polynomial,37,metrics/heldout_window_audit/temp_extrap/pairs/sio2:quartz_beta_minus_tridymite_p63mmc/Tc_err_from_dG_K/length,discrete,1,1,0.0,0.0,pass
tlog_polynomial,37,metrics/heldout_window_audit/temp_extrap/pairs/sio2:quartz_beta_minus_tridymite_p63mmc/Tc_error_K/0,temperature_K,547.1579025953417,547.1582936603279,0.0003910649861609272,0.05,pass
tlog_polynomial,37,metrics/heldout_window_audit/temp_extrap/pairs/sio2:quartz_beta_minus_tridymite_p63mmc/Tc_error_K/length,discrete,1,1,0.0,0.0,pass
tlog_polynomial,37,metrics/heldout_window_audit/temp_extrap/pairs/sio2:quartz_beta_minus_tridymite_p63mmc/Tc_scatter_K/0,temperature_K,0.0,0.0,0.0,0.05,pass
tlog_polynomial,37,metrics/heldout_window_audit/temp_extrap/pairs/sio2:quartz_beta_minus_tridymite_p63mmc/Tc_scatter_K/length,discrete,1,1,0.0,0.0,pass
tlog_polynomial,37,metrics/heldout_window_audit/temp_extrap/pairs/sio2:quartz_beta_minus_tridymite_p63mmc/crossing_slope_eV_per_atom_per_K/0,energy_eV_per_atom,7.448345272997869e-06,7.448345272997869e-06,0.0,1e-06,pass
tlog_polynomial,37,metrics/heldout_window_audit/temp_extrap/pairs/sio2:quartz_beta_minus_tridymite_p63mmc/crossing_slope_eV_per_atom_per_K/length,discrete,1,1,0.0,0.0,pass
tlog_polynomial,37,metrics/heldout_window_audit/temp_extrap/pairs/sio2:quartz_beta_minus_tridymite_p63mmc/delta_G_MAE_at_crossing_eV_per_atom/0,energy_eV_per_atom,0.012207615750949447,0.012207648067430127,3.2316480680708026e-08,1e-06,pass
tlog_polynomial,37,metrics/heldout_window_audit/temp_extrap/pairs/sio2:quartz_beta_minus_tridymite_p63mmc/delta_G_MAE_at_crossing_eV_per_atom/length,discrete,1,1,0.0,0.0,pass
tlog_polynomial,37,metrics/heldout_window_audit/temp_extrap/pairs/sio2:quartz_beta_minus_tridymite_p63mmc/delta_G_MAE_eV_per_atom,energy_eV_per_atom,0.009744720196937064,0.009744720090645517,1.0629154674479668e-10,1e-06,pass
tlog_polynomial,37,metrics/heldout_window_audit/temp_extrap/pairs/sio2:quartz_beta_minus_tridymite_p63mmc/delta_G_RMSE_eV_per_atom,energy_eV_per_atom,0.010966761757651673,0.010966761789128568,3.147689574267698e-11,1e-06,pass
tlog_polynomial,37,metrics/heldout_window_audit/temp_extrap/pairs/sio2:quartz_beta_minus_tridymite_p63mmc/false_crossings,discrete,0,0,0.0,0.0,pass
tlog_polynomial,37,metrics/heldout_window_audit/temp_extrap/pairs/sio2:quartz_beta_minus_tridymite_p63mmc/missed_crossings,discrete,0,0,0.0,0.0,pass
tlog_polynomial,37,metrics/heldout_window_audit/temp_extrap/pairs/sio2:quartz_beta_minus_tridymite_p63mmc/pair_support,exact_other,test_and_train_partner,test_and_train_partner,,0.0,pass
tlog_polynomial,37,metrics/heldout_window_audit/temp_extrap/pairs/sio2:quartz_beta_minus_tridymite_p63mmc/predicted_Tc_K/0,temperature_K,2129.4794536534955,2129.4798447184817,0.0003910649861609272,0.05,pass
tlog_polynomial,37,metrics/heldout_window_audit/temp_extrap/pairs/sio2:quartz_beta_minus_tridymite_p63mmc/predicted_Tc_K/length,discrete,1,1,0.0,0.0,pass
tlog_polynomial,37,metrics/heldout_window_audit/temp_extrap/pairs/sio2:quartz_beta_minus_tridymite_p63mmc/predicted_Tc_by_seed_K/0/0,temperature_K,2129.4794536534955,2129.4798447184817,0.0003910649861609272,0.05,pass
tlog_polynomial,37,metrics/heldout_window_audit/temp_extrap/pairs/sio2:quartz_beta_minus_tridymite_p63mmc/predicted_Tc_by_seed_K/0/length,discrete,1,1,0.0,0.0,pass
tlog_polynomial,37,metrics/heldout_window_audit/temp_extrap/pairs/sio2:quartz_beta_minus_tridymite_p63mmc/predicted_Tc_by_seed_K/length,discrete,1,1,0.0,0.0,pass
tlog_polynomial,37,metrics/heldout_window_audit/temp_extrap/pairs/sio2:quartz_beta_minus_tridymite_p63mmc/reference_Tc_K/0,temperature_K,1582.3215510581538,1582.3215510581538,0.0,0.05,pass
tlog_polynomial,37,metrics/heldout_window_audit/temp_extrap/pairs/sio2:quartz_beta_minus_tridymite_p63mmc/reference_Tc_K/length,discrete,1,1,0.0,0.0,pass
tlog_polynomial,37,metrics/heldout_window_audit/temp_extrap/pairs/sio2:quartz_beta_minus_tridymite_p63mmc/sign_accuracy,ratio,0.6682838083687083,0.6682838083687083,0.0,0.0,pass
tlog_polynomial,37,metrics/heldout_window_audit/temp_extrap/seeds/0,exact_other,37,37,0.0,0.0,pass
tlog_polynomial,37,metrics/heldout_window_audit/temp_extrap/seeds/length,discrete,1,1,0.0,0.0,pass
tlog_polynomial,37,model_internal_c_system_field,exact_other,None,None,,0.0,pass
tlog_polynomial,37,seed,exact_other,37,37,0.0,0.0,pass
tlog_polynomial,51,basis,exact_other,tlog_polynomial,tlog_polynomial,,0.0,pass
tlog_polynomial,51,calibration_constants_eV_per_atom/formal_train_window,energy_eV_per_atom,-3.593811712877217,-3.5938117130604255,1.8320855943443348e-10,1e-06,pass
tlog_polynomial,51,calibration_constants_eV_per_atom/heldout_window_audit,energy_eV_per_atom,-1.5933031662405972,-1.5933031664428365,2.0223933638874314e-10,1e-06,pass
tlog_polynomial,51,metrics/formal_train_window/full_range/G_MAE_eV_per_atom,energy_eV_per_atom,1.3718198849809684,1.3718198850537495,7.278111446851199e-11,1e-06,pass
tlog_polynomial,51,metrics/formal_train_window/full_range/coverage_2sigma,exact_other,0.0,0.0,0.0,0.0,pass
tlog_polynomial,51,metrics/formal_train_window/full_range/n_test_frames,exact_other,4947,4947,0.0,0.0,pass
tlog_polynomial,51,metrics/formal_train_window/full_range/pairs/sio2:cristobalite_beta_minus_quartz_beta/Tc_err_from_dG_K/0,temperature_K,1319.793231108034,1319.7895675899,0.003663518134089827,0.05,pass
tlog_polynomial,51,metrics/formal_train_window/full_range/pairs/sio2:cristobalite_beta_minus_quartz_beta/Tc_err_from_dG_K/length,discrete,1,1,0.0,0.0,pass
tlog_polynomial,51,metrics/formal_train_window/full_range/pairs/sio2:cristobalite_beta_minus_quartz_beta/Tc_error_K/0,temperature_K,559.2076638452747,559.2091777373914,0.0015138921166908403,0.05,pass
tlog_polynomial,51,metrics/formal_train_window/full_range/pairs/sio2:cristobalite_beta_minus_quartz_beta/Tc_error_K/length,discrete,1,1,0.0,0.0,pass
tlog_polynomial,51,metrics/formal_train_window/full_range/pairs/sio2:cristobalite_beta_minus_quartz_beta/Tc_scatter_K/0,temperature_K,0.0,0.0,0.0,0.05,pass
tlog_polynomial,51,metrics/formal_train_window/full_range/pairs/sio2:cristobalite_beta_minus_quartz_beta/Tc_scatter_K/length,discrete,1,1,0.0,0.0,pass
tlog_polynomial,51,metrics/formal_train_window/full_range/pairs/sio2:cristobalite_beta_minus_quartz_beta/crossing_slope_eV_per_atom_per_K/0,energy_eV_per_atom,7.551407561479095e-06,7.551407561479095e-06,0.0,1e-06,pass
tlog_polynomial,51,metrics/formal_train_window/full_range/pairs/sio2:cristobalite_beta_minus_quartz_beta/crossing_slope_eV_per_atom_per_K/length,discrete,1,1,0.0,0.0,pass
tlog_polynomial,51,metrics/formal_train_window/full_range/pairs/sio2:cristobalite_beta_minus_quartz_beta/delta_G_MAE_at_crossing_eV_per_atom/0,energy_eV_per_atom,0.009966296584978135,0.009966268920259596,2.7664718538558675e-08,1e-06,pass
tlog_polynomial,51,metrics/formal_train_window/full_range/pairs/sio2:cristobalite_beta_minus_quartz_beta/delta_G_MAE_at_crossing_eV_per_atom/length,discrete,1,1,0.0,0.0,pass
tlog_polynomial,51,metrics/formal_train_window/full_range/pairs/sio2:cristobalite_beta_minus_quartz_beta/delta_G_MAE_eV_per_atom,energy_eV_per_atom,0.007615057363211567,0.0076150570107558066,3.524557607575973e-10,1e-06,pass
tlog_polynomial,51,metrics/formal_train_window/full_range/pairs/sio2:cristobalite_beta_minus_quartz_beta/delta_G_RMSE_eV_per_atom,energy_eV_per_atom,0.008460538012039966,0.008460538322431179,3.103912127322417e-10,1e-06,pass
tlog_polynomial,51,metrics/formal_train_window/full_range/pairs/sio2:cristobalite_beta_minus_quartz_beta/false_crossings,discrete,0,0,0.0,0.0,pass
tlog_polynomial,51,metrics/formal_train_window/full_range/pairs/sio2:cristobalite_beta_minus_quartz_beta/missed_crossings,discrete,0,0,0.0,0.0,pass
tlog_polynomial,51,metrics/formal_train_window/full_range/pairs/sio2:cristobalite_beta_minus_quartz_beta/pair_support,exact_other,test_only,test_only,,0.0,pass
tlog_polynomial,51,metrics/formal_train_window/full_range/pairs/sio2:cristobalite_beta_minus_quartz_beta/predicted_Tc_K/0,temperature_K,2101.9163686211423,2101.917882513259,0.0015138921166908403,0.05,pass
tlog_polynomial,51,metrics/formal_train_window/full_range/pairs/sio2:cristobalite_beta_minus_quartz_beta/predicted_Tc_K/length,discrete,1,1,0.0,0.0,pass
tlog_polynomial,51,metrics/formal_train_window/full_range/pairs/sio2:cristobalite_beta_minus_quartz_beta/predicted_Tc_by_seed_K/0/0,temperature_K,2101.9163686211423,2101.917882513259,0.0015138921166908403,0.05,pass
tlog_polynomial,51,metrics/formal_train_window/full_range/pairs/sio2:cristobalite_beta_minus_quartz_beta/predicted_Tc_by_seed_K/0/length,discrete,1,1,0.0,0.0,pass
tlog_polynomial,51,metrics/formal_train_window/full_range/pairs/sio2:cristobalite_beta_minus_quartz_beta/predicted_Tc_by_seed_K/length,discrete,1,1,0.0,0.0,pass
tlog_polynomial,51,metrics/formal_train_window/full_range/pairs/sio2:cristobalite_beta_minus_quartz_beta/reference_Tc_K/0,temperature_K,1542.7087047758675,1542.7087047758675,0.0,0.05,pass
tlog_polynomial,51,metrics/formal_train_window/full_range/pairs/sio2:cristobalite_beta_minus_quartz_beta/reference_Tc_K/length,discrete,1,1,0.0,0.0,pass
tlog_polynomial,51,metrics/formal_train_window/full_range/pairs/sio2:cristobalite_beta_minus_quartz_beta/sign_accuracy,ratio,0.6610066707095209,0.6610066707095209,0.0,0.0,pass
tlog_polynomial,51,metrics/formal_train_window/full_range/pairs/sio2:cristobalite_beta_minus_tridymite_p63mmc/Tc_err_from_dG_K/length,discrete,0,0,0.0,0.0,pass
tlog_polynomial,51,metrics/formal_train_window/full_range/pairs/sio2:cristobalite_beta_minus_tridymite_p63mmc/Tc_error_K/length,discrete,0,0,0.0,0.0,pass
tlog_polynomial,51,metrics/formal_train_window/full_range/pairs/sio2:cristobalite_beta_minus_tridymite_p63mmc/Tc_scatter_K/length,discrete,0,0,0.0,0.0,pass
tlog_polynomial,51,metrics/formal_train_window/full_range/pairs/sio2:cristobalite_beta_minus_tridymite_p63mmc/crossing_slope_eV_per_atom_per_K/length,discrete,0,0,0.0,0.0,pass
tlog_polynomial,51,metrics/formal_train_window/full_range/pairs/sio2:cristobalite_beta_minus_tridymite_p63mmc/delta_G_MAE_at_crossing_eV_per_atom/length,discrete,0,0,0.0,0.0,pass
tlog_polynomial,51,metrics/formal_train_window/full_range/pairs/sio2:cristobalite_beta_minus_tridymite_p63mmc/delta_G_MAE_eV_per_atom,energy_eV_per_atom,0.0021892832950142706,0.0021892837036908155,4.086765448621521e-10,1e-06,pass
tlog_polynomial,51,metrics/formal_train_window/full_range/pairs/sio2:cristobalite_beta_minus_tridymite_p63mmc/delta_G_RMSE_eV_per_atom,energy_eV_per_atom,0.0025745497753007153,0.0025745494950447797,2.8025593564601214e-10,1e-06,pass
tlog_polynomial,51,metrics/formal_train_window/full_range/pairs/sio2:cristobalite_beta_minus_tridymite_p63mmc/false_crossings,discrete,1,1,0.0,0.0,pass
tlog_polynomial,51,metrics/formal_train_window/full_range/pairs/sio2:cristobalite_beta_minus_tridymite_p63mmc/missed_crossings,discrete,0,0,0.0,0.0,pass
tlog_polynomial,51,metrics/formal_train_window/full_range/pairs/sio2:cristobalite_beta_minus_tridymite_p63mmc/pair_support,exact_other,test_only,test_only,,0.0,pass
tlog_polynomial,51,metrics/formal_train_window/full_range/pairs/sio2:cristobalite_beta_minus_tridymite_p63mmc/predicted_Tc_K/0,temperature_K,2258.784987559142,2258.793925631968,0.008938072825912968,0.05,pass
tlog_polynomial,51,metrics/formal_train_window/full_range/pairs/sio2:cristobalite_beta_minus_tridymite_p63mmc/predicted_Tc_K/length,discrete,1,1,0.0,0.0,pass
tlog_polynomial,51,metrics/formal_train_window/full_range/pairs/sio2:cristobalite_beta_minus_tridymite_p63mmc/predicted_Tc_by_seed_K/0/0,temperature_K,2258.784987559142,2258.793925631968,0.008938072825912968,0.05,pass
tlog_polynomial,51,metrics/formal_train_window/full_range/pairs/sio2:cristobalite_beta_minus_tridymite_p63mmc/predicted_Tc_by_seed_K/0/length,discrete,1,1,0.0,0.0,pass
tlog_polynomial,51,metrics/formal_train_window/full_range/pairs/sio2:cristobalite_beta_minus_tridymite_p63mmc/predicted_Tc_by_seed_K/length,discrete,1,1,0.0,0.0,pass
tlog_polynomial,51,metrics/formal_train_window/full_range/pairs/sio2:cristobalite_beta_minus_tridymite_p63mmc/reference_Tc_K/length,discrete,0,0,0.0,0.0,pass
tlog_polynomial,51,metrics/formal_train_window/full_range/pairs/sio2:cristobalite_beta_minus_tridymite_p63mmc/sign_accuracy,ratio,0.8538508186779866,0.8538508186779866,0.0,0.0,pass
tlog_polynomial,51,metrics/formal_train_window/full_range/pairs/sio2:quartz_beta_minus_tridymite_p63mmc/Tc_err_from_dG_K/0,temperature_K,1639.1889372726944,1639.1899305501202,0.0009932774257777055,0.05,pass
tlog_polynomial,51,metrics/formal_train_window/full_range/pairs/sio2:quartz_beta_minus_tridymite_p63mmc/Tc_err_from_dG_K/length,discrete,1,1,0.0,0.0,pass
tlog_polynomial,51,metrics/formal_train_window/full_range/pairs/sio2:quartz_beta_minus_tridymite_p63mmc/Tc_error_K/0,temperature_K,547.2116061069653,547.211549124974,5.698199129255954e-05,0.05,pass
tlog_polynomial,51,metrics/formal_train_window/full_range/pairs/sio2:quartz_beta_minus_tridymite_p63mmc/Tc_error_K/length,discrete,1,1,0.0,0.0,pass
tlog_polynomial,51,metrics/formal_train_window/full_range/pairs/sio2:quartz_beta_minus_tridymite_p63mmc/Tc_scatter_K/0,temperature_K,0.0,0.0,0.0,0.05,pass
tlog_polynomial,51,metrics/formal_train_window/full_range/pairs/sio2:quartz_beta_minus_tridymite_p63mmc/Tc_scatter_K/length,discrete,1,1,0.0,0.0,pass
tlog_polynomial,51,metrics/formal_train_window/full_range/pairs/sio2:quartz_beta_minus_tridymite_p63mmc/crossing_slope_eV_per_atom_per_K/0,energy_eV_per_atom,7.448345272997869e-06,7.448345272997869e-06,0.0,1e-06,pass
tlog_polynomial,51,metrics/formal_train_window/full_range/pairs/sio2:quartz_beta_minus_tridymite_p63mmc/crossing_slope_eV_per_atom_per_K/length,discrete,1,1,0.0,0.0,pass
tlog_polynomial,51,metrics/formal_train_window/full_range/pairs/sio2:quartz_beta_minus_tridymite_p63mmc/delta_G_MAE_at_crossing_eV_per_atom/0,energy_eV_per_atom,0.012209245172485474,0.012209252570758694,7.398273219744178e-09,1e-06,pass
tlog_polynomial,51,metrics/formal_train_window/full_range/pairs/sio2:quartz_beta_minus_tridymite_p63mmc/delta_G_MAE_at_crossing_eV_per_atom/length,discrete,1,1,0.0,0.0,pass
tlog_polynomial,51,metrics/formal_train_window/full_range/pairs/sio2:quartz_beta_minus_tridymite_p63mmc/delta_G_MAE_eV_per_atom,energy_eV_per_atom,0.00974737153554764,0.009747370911074988,6.24472652407948e-10,1e-06,pass
tlog_polynomial,51,metrics/formal_train_window/full_range/pairs/sio2:quartz_beta_minus_tridymite_p63mmc/delta_G_RMSE_eV_per_atom,energy_eV_per_atom,0.01097039435943467,0.010970394420333067,6.089839743594894e-11,1e-06,pass
tlog_polynomial,51,metrics/formal_train_window/full_range/pairs/sio2:quartz_beta_minus_tridymite_p63mmc/false_crossings,discrete,0,0,0.0,0.0,pass
tlog_polynomial,51,metrics/formal_train_window/full_range/pairs/sio2:quartz_beta_minus_tridymite_p63mmc/missed_crossings,discrete,0,0,0.0,0.0,pass
tlog_polynomial,51,metrics/formal_train_window/full_range/pairs/sio2:quartz_beta_minus_tridymite_p63mmc/pair_support,exact_other,test_only,test_only,,0.0,pass
tlog_polynomial,51,metrics/formal_train_window/full_range/pairs/sio2:quartz_beta_minus_tridymite_p63mmc/predicted_Tc_K/0,temperature_K,2129.533157165119,2129.5331001831278,5.698199129255954e-05,0.05,pass
tlog_polynomial,51,metrics/formal_train_window/full_range/pairs/sio2:quartz_beta_minus_tridymite_p63mmc/predicted_Tc_K/length,discrete,1,1,0.0,0.0,pass
tlog_polynomial,51,metrics/formal_train_window/full_range/pairs/sio2:quartz_beta_minus_tridymite_p63mmc/predicted_Tc_by_seed_K/0/0,temperature_K,2129.533157165119,2129.5331001831278,5.698199129255954e-05,0.05,pass
tlog_polynomial,51,metrics/formal_train_window/full_range/pairs/sio2:quartz_beta_minus_tridymite_p63mmc/predicted_Tc_by_seed_K/0/length,discrete,1,1,0.0,0.0,pass
tlog_polynomial,51,metrics/formal_train_window/full_range/pairs/sio2:quartz_beta_minus_tridymite_p63mmc/predicted_Tc_by_seed_K/length,discrete,1,1,0.0,0.0,pass
tlog_polynomial,51,metrics/formal_train_window/full_range/pairs/sio2:quartz_beta_minus_tridymite_p63mmc/reference_Tc_K/0,temperature_K,1582.3215510581538,1582.3215510581538,0.0,0.05,pass
tlog_polynomial,51,metrics/formal_train_window/full_range/pairs/sio2:quartz_beta_minus_tridymite_p63mmc/reference_Tc_K/length,discrete,1,1,0.0,0.0,pass
tlog_polynomial,51,metrics/formal_train_window/full_range/pairs/sio2:quartz_beta_minus_tridymite_p63mmc/sign_accuracy,ratio,0.6682838083687083,0.6682838083687083,0.0,0.0,pass
tlog_polynomial,51,metrics/formal_train_window/full_range/seeds/0,exact_other,51,51,0.0,0.0,pass
tlog_polynomial,51,metrics/formal_train_window/full_range/seeds/length,discrete,1,1,0.0,0.0,pass
tlog_polynomial,51,metrics/formal_train_window/temp_extrap/G_MAE_eV_per_atom,energy_eV_per_atom,2.00050854663662,2.0005085466175894,1.9030554909704733e-11,1e-06,pass
tlog_polynomial,51,metrics/formal_train_window/temp_extrap/coverage_2sigma,exact_other,0.0,0.0,0.0,0.0,pass
tlog_polynomial,51,metrics/formal_train_window/temp_extrap/n_test_frames,exact_other,3171,3171,0.0,0.0,pass
tlog_polynomial,51,metrics/formal_train_window/temp_extrap/pairs/sio2:cristobalite_beta_minus_quartz_beta/Tc_err_from_dG_K/0,temperature_K,1319.793231108034,1319.7895675899,0.003663518134089827,0.05,pass
tlog_polynomial,51,metrics/formal_train_window/temp_extrap/pairs/sio2:cristobalite_beta_minus_quartz_beta/Tc_err_from_dG_K/length,discrete,1,1,0.0,0.0,pass
tlog_polynomial,51,metrics/formal_train_window/temp_extrap/pairs/sio2:cristobalite_beta_minus_quartz_beta/Tc_error_K/0,temperature_K,559.2076638452747,559.2091777373914,0.0015138921166908403,0.05,pass
tlog_polynomial,51,metrics/formal_train_window/temp_extrap/pairs/sio2:cristobalite_beta_minus_quartz_beta/Tc_error_K/length,discrete,1,1,0.0,0.0,pass
tlog_polynomial,51,metrics/formal_train_window/temp_extrap/pairs/sio2:cristobalite_beta_minus_quartz_beta/Tc_scatter_K/0,temperature_K,0.0,0.0,0.0,0.05,pass
tlog_polynomial,51,metrics/formal_train_window/temp_extrap/pairs/sio2:cristobalite_beta_minus_quartz_beta/Tc_scatter_K/length,discrete,1,1,0.0,0.0,pass
tlog_polynomial,51,metrics/formal_train_window/temp_extrap/pairs/sio2:cristobalite_beta_minus_quartz_beta/crossing_slope_eV_per_atom_per_K/0,energy_eV_per_atom,7.551407561479095e-06,7.551407561479095e-06,0.0,1e-06,pass
tlog_polynomial,51,metrics/formal_train_window/temp_extrap/pairs/sio2:cristobalite_beta_minus_quartz_beta/crossing_slope_eV_per_atom_per_K/length,discrete,1,1,0.0,0.0,pass
tlog_polynomial,51,metrics/formal_train_window/temp_extrap/pairs/sio2:cristobalite_beta_minus_quartz_beta/delta_G_MAE_at_crossing_eV_per_atom/0,energy_eV_per_atom,0.009966296584978135,0.009966268920259596,2.7664718538558675e-08,1e-06,pass
tlog_polynomial,51,metrics/formal_train_window/temp_extrap/pairs/sio2:cristobalite_beta_minus_quartz_beta/delta_G_MAE_at_crossing_eV_per_atom/length,discrete,1,1,0.0,0.0,pass
tlog_polynomial,51,metrics/formal_train_window/temp_extrap/pairs/sio2:cristobalite_beta_minus_quartz_beta/delta_G_MAE_eV_per_atom,energy_eV_per_atom,0.007615057363211567,0.0076150570107558066,3.524557607575973e-10,1e-06,pass
tlog_polynomial,51,metrics/formal_train_window/temp_extrap/pairs/sio2:cristobalite_beta_minus_quartz_beta/delta_G_RMSE_eV_per_atom,energy_eV_per_atom,0.008460538012039966,0.008460538322431179,3.103912127322417e-10,1e-06,pass
tlog_polynomial,51,metrics/formal_train_window/temp_extrap/pairs/sio2:cristobalite_beta_minus_quartz_beta/false_crossings,discrete,0,0,0.0,0.0,pass
tlog_polynomial,51,metrics/formal_train_window/temp_extrap/pairs/sio2:cristobalite_beta_minus_quartz_beta/missed_crossings,discrete,0,0,0.0,0.0,pass
tlog_polynomial,51,metrics/formal_train_window/temp_extrap/pairs/sio2:cristobalite_beta_minus_quartz_beta/pair_support,exact_other,test_and_train_partner,test_and_train_partner,,0.0,pass
tlog_polynomial,51,metrics/formal_train_window/temp_extrap/pairs/sio2:cristobalite_beta_minus_quartz_beta/predicted_Tc_K/0,temperature_K,2101.9163686211423,2101.917882513259,0.0015138921166908403,0.05,pass
tlog_polynomial,51,metrics/formal_train_window/temp_extrap/pairs/sio2:cristobalite_beta_minus_quartz_beta/predicted_Tc_K/length,discrete,1,1,0.0,0.0,pass
tlog_polynomial,51,metrics/formal_train_window/temp_extrap/pairs/sio2:cristobalite_beta_minus_quartz_beta/predicted_Tc_by_seed_K/0/0,temperature_K,2101.9163686211423,2101.917882513259,0.0015138921166908403,0.05,pass
tlog_polynomial,51,metrics/formal_train_window/temp_extrap/pairs/sio2:cristobalite_beta_minus_quartz_beta/predicted_Tc_by_seed_K/0/length,discrete,1,1,0.0,0.0,pass
tlog_polynomial,51,metrics/formal_train_window/temp_extrap/pairs/sio2:cristobalite_beta_minus_quartz_beta/predicted_Tc_by_seed_K/length,discrete,1,1,0.0,0.0,pass
tlog_polynomial,51,metrics/formal_train_window/temp_extrap/pairs/sio2:cristobalite_beta_minus_quartz_beta/reference_Tc_K/0,temperature_K,1542.7087047758675,1542.7087047758675,0.0,0.05,pass
tlog_polynomial,51,metrics/formal_train_window/temp_extrap/pairs/sio2:cristobalite_beta_minus_quartz_beta/reference_Tc_K/length,discrete,1,1,0.0,0.0,pass
tlog_polynomial,51,metrics/formal_train_window/temp_extrap/pairs/sio2:cristobalite_beta_minus_quartz_beta/sign_accuracy,ratio,0.6610066707095209,0.6610066707095209,0.0,0.0,pass
tlog_polynomial,51,metrics/formal_train_window/temp_extrap/pairs/sio2:cristobalite_beta_minus_tridymite_p63mmc/Tc_err_from_dG_K/length,discrete,0,0,0.0,0.0,pass
tlog_polynomial,51,metrics/formal_train_window/temp_extrap/pairs/sio2:cristobalite_beta_minus_tridymite_p63mmc/Tc_error_K/length,discrete,0,0,0.0,0.0,pass
tlog_polynomial,51,metrics/formal_train_window/temp_extrap/pairs/sio2:cristobalite_beta_minus_tridymite_p63mmc/Tc_scatter_K/length,discrete,0,0,0.0,0.0,pass
tlog_polynomial,51,metrics/formal_train_window/temp_extrap/pairs/sio2:cristobalite_beta_minus_tridymite_p63mmc/crossing_slope_eV_per_atom_per_K/length,discrete,0,0,0.0,0.0,pass
tlog_polynomial,51,metrics/formal_train_window/temp_extrap/pairs/sio2:cristobalite_beta_minus_tridymite_p63mmc/delta_G_MAE_at_crossing_eV_per_atom/length,discrete,0,0,0.0,0.0,pass
tlog_polynomial,51,metrics/formal_train_window/temp_extrap/pairs/sio2:cristobalite_beta_minus_tridymite_p63mmc/delta_G_MAE_eV_per_atom,energy_eV_per_atom,0.0021892832950142706,0.0021892837036908155,4.086765448621521e-10,1e-06,pass
tlog_polynomial,51,metrics/formal_train_window/temp_extrap/pairs/sio2:cristobalite_beta_minus_tridymite_p63mmc/delta_G_RMSE_eV_per_atom,energy_eV_per_atom,0.0025745497753007153,0.0025745494950447797,2.8025593564601214e-10,1e-06,pass
tlog_polynomial,51,metrics/formal_train_window/temp_extrap/pairs/sio2:cristobalite_beta_minus_tridymite_p63mmc/false_crossings,discrete,1,1,0.0,0.0,pass
tlog_polynomial,51,metrics/formal_train_window/temp_extrap/pairs/sio2:cristobalite_beta_minus_tridymite_p63mmc/missed_crossings,discrete,0,0,0.0,0.0,pass
tlog_polynomial,51,metrics/formal_train_window/temp_extrap/pairs/sio2:cristobalite_beta_minus_tridymite_p63mmc/pair_support,exact_other,test_and_train_partner,test_and_train_partner,,0.0,pass
tlog_polynomial,51,metrics/formal_train_window/temp_extrap/pairs/sio2:cristobalite_beta_minus_tridymite_p63mmc/predicted_Tc_K/0,temperature_K,2258.784987559142,2258.793925631968,0.008938072825912968,0.05,pass
tlog_polynomial,51,metrics/formal_train_window/temp_extrap/pairs/sio2:cristobalite_beta_minus_tridymite_p63mmc/predicted_Tc_K/length,discrete,1,1,0.0,0.0,pass
tlog_polynomial,51,metrics/formal_train_window/temp_extrap/pairs/sio2:cristobalite_beta_minus_tridymite_p63mmc/predicted_Tc_by_seed_K/0/0,temperature_K,2258.784987559142,2258.793925631968,0.008938072825912968,0.05,pass
tlog_polynomial,51,metrics/formal_train_window/temp_extrap/pairs/sio2:cristobalite_beta_minus_tridymite_p63mmc/predicted_Tc_by_seed_K/0/length,discrete,1,1,0.0,0.0,pass
tlog_polynomial,51,metrics/formal_train_window/temp_extrap/pairs/sio2:cristobalite_beta_minus_tridymite_p63mmc/predicted_Tc_by_seed_K/length,discrete,1,1,0.0,0.0,pass
tlog_polynomial,51,metrics/formal_train_window/temp_extrap/pairs/sio2:cristobalite_beta_minus_tridymite_p63mmc/reference_Tc_K/length,discrete,0,0,0.0,0.0,pass
tlog_polynomial,51,metrics/formal_train_window/temp_extrap/pairs/sio2:cristobalite_beta_minus_tridymite_p63mmc/sign_accuracy,ratio,0.8538508186779866,0.8538508186779866,0.0,0.0,pass
tlog_polynomial,51,metrics/formal_train_window/temp_extrap/pairs/sio2:quartz_beta_minus_tridymite_p63mmc/Tc_err_from_dG_K/0,temperature_K,1639.1889372726944,1639.1899305501202,0.0009932774257777055,0.05,pass
tlog_polynomial,51,metrics/formal_train_window/temp_extrap/pairs/sio2:quartz_beta_minus_tridymite_p63mmc/Tc_err_from_dG_K/length,discrete,1,1,0.0,0.0,pass
tlog_polynomial,51,metrics/formal_train_window/temp_extrap/pairs/sio2:quartz_beta_minus_tridymite_p63mmc/Tc_error_K/0,temperature_K,547.2116061069653,547.211549124974,5.698199129255954e-05,0.05,pass
tlog_polynomial,51,metrics/formal_train_window/temp_extrap/pairs/sio2:quartz_beta_minus_tridymite_p63mmc/Tc_error_K/length,discrete,1,1,0.0,0.0,pass
tlog_polynomial,51,metrics/formal_train_window/temp_extrap/pairs/sio2:quartz_beta_minus_tridymite_p63mmc/Tc_scatter_K/0,temperature_K,0.0,0.0,0.0,0.05,pass
tlog_polynomial,51,metrics/formal_train_window/temp_extrap/pairs/sio2:quartz_beta_minus_tridymite_p63mmc/Tc_scatter_K/length,discrete,1,1,0.0,0.0,pass
tlog_polynomial,51,metrics/formal_train_window/temp_extrap/pairs/sio2:quartz_beta_minus_tridymite_p63mmc/crossing_slope_eV_per_atom_per_K/0,energy_eV_per_atom,7.448345272997869e-06,7.448345272997869e-06,0.0,1e-06,pass
tlog_polynomial,51,metrics/formal_train_window/temp_extrap/pairs/sio2:quartz_beta_minus_tridymite_p63mmc/crossing_slope_eV_per_atom_per_K/length,discrete,1,1,0.0,0.0,pass
tlog_polynomial,51,metrics/formal_train_window/temp_extrap/pairs/sio2:quartz_beta_minus_tridymite_p63mmc/delta_G_MAE_at_crossing_eV_per_atom/0,energy_eV_per_atom,0.012209245172485474,0.012209252570758694,7.398273219744178e-09,1e-06,pass
tlog_polynomial,51,metrics/formal_train_window/temp_extrap/pairs/sio2:quartz_beta_minus_tridymite_p63mmc/delta_G_MAE_at_crossing_eV_per_atom/length,discrete,1,1,0.0,0.0,pass
tlog_polynomial,51,metrics/formal_train_window/temp_extrap/pairs/sio2:quartz_beta_minus_tridymite_p63mmc/delta_G_MAE_eV_per_atom,energy_eV_per_atom,0.00974737153554764,0.009747370911074988,6.24472652407948e-10,1e-06,pass
tlog_polynomial,51,metrics/formal_train_window/temp_extrap/pairs/sio2:quartz_beta_minus_tridymite_p63mmc/delta_G_RMSE_eV_per_atom,energy_eV_per_atom,0.01097039435943467,0.010970394420333067,6.089839743594894e-11,1e-06,pass
tlog_polynomial,51,metrics/formal_train_window/temp_extrap/pairs/sio2:quartz_beta_minus_tridymite_p63mmc/false_crossings,discrete,0,0,0.0,0.0,pass
tlog_polynomial,51,metrics/formal_train_window/temp_extrap/pairs/sio2:quartz_beta_minus_tridymite_p63mmc/missed_crossings,discrete,0,0,0.0,0.0,pass
tlog_polynomial,51,metrics/formal_train_window/temp_extrap/pairs/sio2:quartz_beta_minus_tridymite_p63mmc/pair_support,exact_other,test_and_train_partner,test_and_train_partner,,0.0,pass
tlog_polynomial,51,metrics/formal_train_window/temp_extrap/pairs/sio2:quartz_beta_minus_tridymite_p63mmc/predicted_Tc_K/0,temperature_K,2129.533157165119,2129.5331001831278,5.698199129255954e-05,0.05,pass
tlog_polynomial,51,metrics/formal_train_window/temp_extrap/pairs/sio2:quartz_beta_minus_tridymite_p63mmc/predicted_Tc_K/length,discrete,1,1,0.0,0.0,pass
tlog_polynomial,51,metrics/formal_train_window/temp_extrap/pairs/sio2:quartz_beta_minus_tridymite_p63mmc/predicted_Tc_by_seed_K/0/0,temperature_K,2129.533157165119,2129.5331001831278,5.698199129255954e-05,0.05,pass
tlog_polynomial,51,metrics/formal_train_window/temp_extrap/pairs/sio2:quartz_beta_minus_tridymite_p63mmc/predicted_Tc_by_seed_K/0/length,discrete,1,1,0.0,0.0,pass
tlog_polynomial,51,metrics/formal_train_window/temp_extrap/pairs/sio2:quartz_beta_minus_tridymite_p63mmc/predicted_Tc_by_seed_K/length,discrete,1,1,0.0,0.0,pass
tlog_polynomial,51,metrics/formal_train_window/temp_extrap/pairs/sio2:quartz_beta_minus_tridymite_p63mmc/reference_Tc_K/0,temperature_K,1582.3215510581538,1582.3215510581538,0.0,0.05,pass
tlog_polynomial,51,metrics/formal_train_window/temp_extrap/pairs/sio2:quartz_beta_minus_tridymite_p63mmc/reference_Tc_K/length,discrete,1,1,0.0,0.0,pass
tlog_polynomial,51,metrics/formal_train_window/temp_extrap/pairs/sio2:quartz_beta_minus_tridymite_p63mmc/sign_accuracy,ratio,0.6682838083687083,0.6682838083687083,0.0,0.0,pass
tlog_polynomial,51,metrics/formal_train_window/temp_extrap/seeds/0,exact_other,51,51,0.0,0.0,pass
tlog_polynomial,51,metrics/formal_train_window/temp_extrap/seeds/length,discrete,1,1,0.0,0.0,pass
tlog_polynomial,51,metrics/heldout_window_audit/full_range/G_MAE_eV_per_atom,energy_eV_per_atom,1.236422102679842,1.236422102470254,2.0958812463334198e-10,1e-06,pass
tlog_polynomial,51,metrics/heldout_window_audit/full_range/coverage_2sigma,exact_other,0.0,0.0,0.0,0.0,pass
tlog_polynomial,51,metrics/heldout_window_audit/full_range/n_test_frames,exact_other,4947,4947,0.0,0.0,pass
tlog_polynomial,51,metrics/heldout_window_audit/full_range/pairs/sio2:cristobalite_beta_minus_quartz_beta/Tc_err_from_dG_K/0,temperature_K,1319.7932311081515,1319.7895675899,0.0036635182516420173,0.05,pass
tlog_polynomial,51,metrics/heldout_window_audit/full_range/pairs/sio2:cristobalite_beta_minus_quartz_beta/Tc_err_from_dG_K/length,discrete,1,1,0.0,0.0,pass
tlog_polynomial,51,metrics/heldout_window_audit/full_range/pairs/sio2:cristobalite_beta_minus_quartz_beta/Tc_error_K/0,temperature_K,559.2076638452679,559.2091777373851,0.0015138921171455877,0.05,pass
tlog_polynomial,51,metrics/heldout_window_audit/full_range/pairs/sio2:cristobalite_beta_minus_quartz_beta/Tc_error_K/length,discrete,1,1,0.0,0.0,pass
tlog_polynomial,51,metrics/heldout_window_audit/full_range/pairs/sio2:cristobalite_beta_minus_quartz_beta/Tc_scatter_K/0,temperature_K,0.0,0.0,0.0,0.05,pass
tlog_polynomial,51,metrics/heldout_window_audit/full_range/pairs/sio2:cristobalite_beta_minus_quartz_beta/Tc_scatter_K/length,discrete,1,1,0.0,0.0,pass
tlog_polynomial,51,metrics/heldout_window_audit/full_range/pairs/sio2:cristobalite_beta_minus_quartz_beta/crossing_slope_eV_per_atom_per_K/0,energy_eV_per_atom,7.551407561479095e-06,7.551407561479095e-06,0.0,1e-06,pass
tlog_polynomial,51,metrics/heldout_window_audit/full_range/pairs/sio2:cristobalite_beta_minus_quartz_beta/crossing_slope_eV_per_atom_per_K/length,discrete,1,1,0.0,0.0,pass
tlog_polynomial,51,metrics/heldout_window_audit/full_range/pairs/sio2:cristobalite_beta_minus_quartz_beta/delta_G_MAE_at_crossing_eV_per_atom/0,energy_eV_per_atom,0.009966296584979023,0.009966268920259596,2.7664719426737094e-08,1e-06,pass
tlog_polynomial,51,metrics/heldout_window_audit/full_range/pairs/sio2:cristobalite_beta_minus_quartz_beta/delta_G_MAE_at_crossing_eV_per_atom/length,discrete,1,1,0.0,0.0,pass
tlog_polynomial,51,metrics/heldout_window_audit/full_range/pairs/sio2:cristobalite_beta_minus_quartz_beta/delta_G_MAE_eV_per_atom,energy_eV_per_atom,0.007615057363211381,0.00761505701075593,3.5245545110945686e-10,1e-06,pass
tlog_polynomial,51,metrics/heldout_window_audit/full_range/pairs/sio2:cristobalite_beta_minus_quartz_beta/delta_G_RMSE_eV_per_atom,energy_eV_per_atom,0.008460538012039807,0.008460538322431306,3.103914989616152e-10,1e-06,pass
tlog_polynomial,51,metrics/heldout_window_audit/full_range/pairs/sio2:cristobalite_beta_minus_quartz_beta/false_crossings,discrete,0,0,0.0,0.0,pass
tlog_polynomial,51,metrics/heldout_window_audit/full_range/pairs/sio2:cristobalite_beta_minus_quartz_beta/missed_crossings,discrete,0,0,0.0,0.0,pass
tlog_polynomial,51,metrics/heldout_window_audit/full_range/pairs/sio2:cristobalite_beta_minus_quartz_beta/pair_support,exact_other,test_only,test_only,,0.0,pass
tlog_polynomial,51,metrics/heldout_window_audit/full_range/pairs/sio2:cristobalite_beta_minus_quartz_beta/predicted_Tc_K/0,temperature_K,2101.9163686211355,2101.9178825132526,0.0015138921171455877,0.05,pass
tlog_polynomial,51,metrics/heldout_window_audit/full_range/pairs/sio2:cristobalite_beta_minus_quartz_beta/predicted_Tc_K/length,discrete,1,1,0.0,0.0,pass
tlog_polynomial,51,metrics/heldout_window_audit/full_range/pairs/sio2:cristobalite_beta_minus_quartz_beta/predicted_Tc_by_seed_K/0/0,temperature_K,2101.9163686211355,2101.9178825132526,0.0015138921171455877,0.05,pass
tlog_polynomial,51,metrics/heldout_window_audit/full_range/pairs/sio2:cristobalite_beta_minus_quartz_beta/predicted_Tc_by_seed_K/0/length,discrete,1,1,0.0,0.0,pass
tlog_polynomial,51,metrics/heldout_window_audit/full_range/pairs/sio2:cristobalite_beta_minus_quartz_beta/predicted_Tc_by_seed_K/length,discrete,1,1,0.0,0.0,pass
tlog_polynomial,51,metrics/heldout_window_audit/full_range/pairs/sio2:cristobalite_beta_minus_quartz_beta/reference_Tc_K/0,temperature_K,1542.7087047758675,1542.7087047758675,0.0,0.05,pass
tlog_polynomial,51,metrics/heldout_window_audit/full_range/pairs/sio2:cristobalite_beta_minus_quartz_beta/reference_Tc_K/length,discrete,1,1,0.0,0.0,pass
tlog_polynomial,51,metrics/heldout_window_audit/full_range/pairs/sio2:cristobalite_beta_minus_quartz_beta/sign_accuracy,ratio,0.6610066707095209,0.6610066707095209,0.0,0.0,pass
tlog_polynomial,51,metrics/heldout_window_audit/full_range/pairs/sio2:cristobalite_beta_minus_tridymite_p63mmc/Tc_err_from_dG_K/length,discrete,0,0,0.0,0.0,pass
tlog_polynomial,51,metrics/heldout_window_audit/full_range/pairs/sio2:cristobalite_beta_minus_tridymite_p63mmc/Tc_error_K/length,discrete,0,0,0.0,0.0,pass
tlog_polynomial,51,metrics/heldout_window_audit/full_range/pairs/sio2:cristobalite_beta_minus_tridymite_p63mmc/Tc_scatter_K/length,discrete,0,0,0.0,0.0,pass
tlog_polynomial,51,metrics/heldout_window_audit/full_range/pairs/sio2:cristobalite_beta_minus_tridymite_p63mmc/crossing_slope_eV_per_atom_per_K/length,discrete,0,0,0.0,0.0,pass
tlog_polynomial,51,metrics/heldout_window_audit/full_range/pairs/sio2:cristobalite_beta_minus_tridymite_p63mmc/delta_G_MAE_at_crossing_eV_per_atom/length,discrete,0,0,0.0,0.0,pass
tlog_polynomial,51,metrics/heldout_window_audit/full_range/pairs/sio2:cristobalite_beta_minus_tridymite_p63mmc/delta_G_MAE_eV_per_atom,energy_eV_per_atom,0.0021892832950144016,0.0021892837036907417,4.0867634016478194e-10,1e-06,pass
tlog_polynomial,51,metrics/heldout_window_audit/full_range/pairs/sio2:cristobalite_beta_minus_tridymite_p63mmc/delta_G_RMSE_eV_per_atom,energy_eV_per_atom,0.0025745497753008493,0.0025745494950447103,2.802561390423397e-10,1e-06,pass
tlog_polynomial,51,metrics/heldout_window_audit/full_range/pairs/sio2:cristobalite_beta_minus_tridymite_p63mmc/false_crossings,discrete,1,1,0.0,0.0,pass
tlog_polynomial,51,metrics/heldout_window_audit/full_range/pairs/sio2:cristobalite_beta_minus_tridymite_p63mmc/missed_crossings,discrete,0,0,0.0,0.0,pass
tlog_polynomial,51,metrics/heldout_window_audit/full_range/pairs/sio2:cristobalite_beta_minus_tridymite_p63mmc/pair_support,exact_other,test_only,test_only,,0.0,pass
tlog_polynomial,51,metrics/heldout_window_audit/full_range/pairs/sio2:cristobalite_beta_minus_tridymite_p63mmc/predicted_Tc_K/0,temperature_K,2258.784987559142,2258.793925631968,0.008938072825912968,0.05,pass
tlog_polynomial,51,metrics/heldout_window_audit/full_range/pairs/sio2:cristobalite_beta_minus_tridymite_p63mmc/predicted_Tc_K/length,discrete,1,1,0.0,0.0,pass
tlog_polynomial,51,metrics/heldout_window_audit/full_range/pairs/sio2:cristobalite_beta_minus_tridymite_p63mmc/predicted_Tc_by_seed_K/0/0,temperature_K,2258.784987559142,2258.793925631968,0.008938072825912968,0.05,pass
tlog_polynomial,51,metrics/heldout_window_audit/full_range/pairs/sio2:cristobalite_beta_minus_tridymite_p63mmc/predicted_Tc_by_seed_K/0/length,discrete,1,1,0.0,0.0,pass
tlog_polynomial,51,metrics/heldout_window_audit/full_range/pairs/sio2:cristobalite_beta_minus_tridymite_p63mmc/predicted_Tc_by_seed_K/length,discrete,1,1,0.0,0.0,pass
tlog_polynomial,51,metrics/heldout_window_audit/full_range/pairs/sio2:cristobalite_beta_minus_tridymite_p63mmc/reference_Tc_K/length,discrete,0,0,0.0,0.0,pass
tlog_polynomial,51,metrics/heldout_window_audit/full_range/pairs/sio2:cristobalite_beta_minus_tridymite_p63mmc/sign_accuracy,ratio,0.8538508186779866,0.8538508186779866,0.0,0.0,pass
tlog_polynomial,51,metrics/heldout_window_audit/full_range/pairs/sio2:quartz_beta_minus_tridymite_p63mmc/Tc_err_from_dG_K/0,temperature_K,1639.1889372726944,1639.1899305502818,0.0009932775874403887,0.05,pass
tlog_polynomial,51,metrics/heldout_window_audit/full_range/pairs/sio2:quartz_beta_minus_tridymite_p63mmc/Tc_err_from_dG_K/length,discrete,1,1,0.0,0.0,pass
tlog_polynomial,51,metrics/heldout_window_audit/full_range/pairs/sio2:quartz_beta_minus_tridymite_p63mmc/Tc_error_K/0,temperature_K,547.2116061069312,547.2115491250081,5.698192308045691e-05,0.05,pass
tlog_polynomial,51,metrics/heldout_window_audit/full_range/pairs/sio2:quartz_beta_minus_tridymite_p63mmc/Tc_error_K/length,discrete,1,1,0.0,0.0,pass
tlog_polynomial,51,metrics/heldout_window_audit/full_range/pairs/sio2:quartz_beta_minus_tridymite_p63mmc/Tc_scatter_K/0,temperature_K,0.0,0.0,0.0,0.05,pass
tlog_polynomial,51,metrics/heldout_window_audit/full_range/pairs/sio2:quartz_beta_minus_tridymite_p63mmc/Tc_scatter_K/length,discrete,1,1,0.0,0.0,pass
tlog_polynomial,51,metrics/heldout_window_audit/full_range/pairs/sio2:quartz_beta_minus_tridymite_p63mmc/crossing_slope_eV_per_atom_per_K/0,energy_eV_per_atom,7.448345272997869e-06,7.448345272997869e-06,0.0,1e-06,pass
tlog_polynomial,51,metrics/heldout_window_audit/full_range/pairs/sio2:quartz_beta_minus_tridymite_p63mmc/crossing_slope_eV_per_atom_per_K/length,discrete,1,1,0.0,0.0,pass
tlog_polynomial,51,metrics/heldout_window_audit/full_range/pairs/sio2:quartz_beta_minus_tridymite_p63mmc/delta_G_MAE_at_crossing_eV_per_atom/0,energy_eV_per_atom,0.012209245172485474,0.012209252570759898,7.39827442364227e-09,1e-06,pass
tlog_polynomial,51,metrics/heldout_window_audit/full_range/pairs/sio2:quartz_beta_minus_tridymite_p63mmc/delta_G_MAE_at_crossing_eV_per_atom/length,discrete,1,1,0.0,0.0,pass
tlog_polynomial,51,metrics/heldout_window_audit/full_range/pairs/sio2:quartz_beta_minus_tridymite_p63mmc/delta_G_MAE_eV_per_atom,energy_eV_per_atom,0.009747371535547616,0.009747370911075031,6.244725847537325e-10,1e-06,pass
tlog_polynomial,51,metrics/heldout_window_audit/full_range/pairs/sio2:quartz_beta_minus_tridymite_p63mmc/delta_G_RMSE_eV_per_atom,energy_eV_per_atom,0.010970394359434666,0.010970394420333115,6.089844947765322e-11,1e-06,pass
tlog_polynomial,51,metrics/heldout_window_audit/full_range/pairs/sio2:quartz_beta_minus_tridymite_p63mmc/false_crossings,discrete,0,0,0.0,0.0,pass
tlog_polynomial,51,metrics/heldout_window_audit/full_range/pairs/sio2:quartz_beta_minus_tridymite_p63mmc/missed_crossings,discrete,0,0,0.0,0.0,pass
tlog_polynomial,51,metrics/heldout_window_audit/full_range/pairs/sio2:quartz_beta_minus_tridymite_p63mmc/pair_support,exact_other,test_only,test_only,,0.0,pass
tlog_polynomial,51,metrics/heldout_window_audit/full_range/pairs/sio2:quartz_beta_minus_tridymite_p63mmc/predicted_Tc_K/0,temperature_K,2129.533157165085,2129.533100183162,5.698192308045691e-05,0.05,pass
tlog_polynomial,51,metrics/heldout_window_audit/full_range/pairs/sio2:quartz_beta_minus_tridymite_p63mmc/predicted_Tc_K/length,discrete,1,1,0.0,0.0,pass
tlog_polynomial,51,metrics/heldout_window_audit/full_range/pairs/sio2:quartz_beta_minus_tridymite_p63mmc/predicted_Tc_by_seed_K/0/0,temperature_K,2129.533157165085,2129.533100183162,5.698192308045691e-05,0.05,pass
tlog_polynomial,51,metrics/heldout_window_audit/full_range/pairs/sio2:quartz_beta_minus_tridymite_p63mmc/predicted_Tc_by_seed_K/0/length,discrete,1,1,0.0,0.0,pass
tlog_polynomial,51,metrics/heldout_window_audit/full_range/pairs/sio2:quartz_beta_minus_tridymite_p63mmc/predicted_Tc_by_seed_K/length,discrete,1,1,0.0,0.0,pass
tlog_polynomial,51,metrics/heldout_window_audit/full_range/pairs/sio2:quartz_beta_minus_tridymite_p63mmc/reference_Tc_K/0,temperature_K,1582.3215510581538,1582.3215510581538,0.0,0.05,pass
tlog_polynomial,51,metrics/heldout_window_audit/full_range/pairs/sio2:quartz_beta_minus_tridymite_p63mmc/reference_Tc_K/length,discrete,1,1,0.0,0.0,pass
tlog_polynomial,51,metrics/heldout_window_audit/full_range/pairs/sio2:quartz_beta_minus_tridymite_p63mmc/sign_accuracy,ratio,0.6682838083687083,0.6682838083687083,0.0,0.0,pass
tlog_polynomial,51,metrics/heldout_window_audit/full_range/seeds/0,exact_other,51,51,0.0,0.0,pass
tlog_polynomial,51,metrics/heldout_window_audit/full_range/seeds/length,discrete,1,1,0.0,0.0,pass
tlog_polynomial,51,metrics/heldout_window_audit/temp_extrap/G_MAE_eV_per_atom,energy_eV_per_atom,0.8084758634911827,0.8084758631748691,3.1631364194595335e-10,1e-06,pass
tlog_polynomial,51,metrics/heldout_window_audit/temp_extrap/coverage_2sigma,exact_other,0.0,0.0,0.0,0.0,pass
tlog_polynomial,51,metrics/heldout_window_audit/temp_extrap/n_test_frames,exact_other,3171,3171,0.0,0.0,pass
tlog_polynomial,51,metrics/heldout_window_audit/temp_extrap/pairs/sio2:cristobalite_beta_minus_quartz_beta/Tc_err_from_dG_K/0,temperature_K,1319.7932311081515,1319.7895675899,0.0036635182516420173,0.05,pass
tlog_polynomial,51,metrics/heldout_window_audit/temp_extrap/pairs/sio2:cristobalite_beta_minus_quartz_beta/Tc_err_from_dG_K/length,discrete,1,1,0.0,0.0,pass
tlog_polynomial,51,metrics/heldout_window_audit/temp_extrap/pairs/sio2:cristobalite_beta_minus_quartz_beta/Tc_error_K/0,temperature_K,559.2076638452679,559.2091777373851,0.0015138921171455877,0.05,pass
tlog_polynomial,51,metrics/heldout_window_audit/temp_extrap/pairs/sio2:cristobalite_beta_minus_quartz_beta/Tc_error_K/length,discrete,1,1,0.0,0.0,pass
tlog_polynomial,51,metrics/heldout_window_audit/temp_extrap/pairs/sio2:cristobalite_beta_minus_quartz_beta/Tc_scatter_K/0,temperature_K,0.0,0.0,0.0,0.05,pass
tlog_polynomial,51,metrics/heldout_window_audit/temp_extrap/pairs/sio2:cristobalite_beta_minus_quartz_beta/Tc_scatter_K/length,discrete,1,1,0.0,0.0,pass
tlog_polynomial,51,metrics/heldout_window_audit/temp_extrap/pairs/sio2:cristobalite_beta_minus_quartz_beta/crossing_slope_eV_per_atom_per_K/0,energy_eV_per_atom,7.551407561479095e-06,7.551407561479095e-06,0.0,1e-06,pass
tlog_polynomial,51,metrics/heldout_window_audit/temp_extrap/pairs/sio2:cristobalite_beta_minus_quartz_beta/crossing_slope_eV_per_atom_per_K/length,discrete,1,1,0.0,0.0,pass
tlog_polynomial,51,metrics/heldout_window_audit/temp_extrap/pairs/sio2:cristobalite_beta_minus_quartz_beta/delta_G_MAE_at_crossing_eV_per_atom/0,energy_eV_per_atom,0.009966296584979023,0.009966268920259596,2.7664719426737094e-08,1e-06,pass
tlog_polynomial,51,metrics/heldout_window_audit/temp_extrap/pairs/sio2:cristobalite_beta_minus_quartz_beta/delta_G_MAE_at_crossing_eV_per_atom/length,discrete,1,1,0.0,0.0,pass
tlog_polynomial,51,metrics/heldout_window_audit/temp_extrap/pairs/sio2:cristobalite_beta_minus_quartz_beta/delta_G_MAE_eV_per_atom,energy_eV_per_atom,0.007615057363211381,0.00761505701075593,3.5245545110945686e-10,1e-06,pass
tlog_polynomial,51,metrics/heldout_window_audit/temp_extrap/pairs/sio2:cristobalite_beta_minus_quartz_beta/delta_G_RMSE_eV_per_atom,energy_eV_per_atom,0.008460538012039807,0.008460538322431306,3.103914989616152e-10,1e-06,pass
tlog_polynomial,51,metrics/heldout_window_audit/temp_extrap/pairs/sio2:cristobalite_beta_minus_quartz_beta/false_crossings,discrete,0,0,0.0,0.0,pass
tlog_polynomial,51,metrics/heldout_window_audit/temp_extrap/pairs/sio2:cristobalite_beta_minus_quartz_beta/missed_crossings,discrete,0,0,0.0,0.0,pass
tlog_polynomial,51,metrics/heldout_window_audit/temp_extrap/pairs/sio2:cristobalite_beta_minus_quartz_beta/pair_support,exact_other,test_and_train_partner,test_and_train_partner,,0.0,pass
tlog_polynomial,51,metrics/heldout_window_audit/temp_extrap/pairs/sio2:cristobalite_beta_minus_quartz_beta/predicted_Tc_K/0,temperature_K,2101.9163686211355,2101.9178825132526,0.0015138921171455877,0.05,pass
tlog_polynomial,51,metrics/heldout_window_audit/temp_extrap/pairs/sio2:cristobalite_beta_minus_quartz_beta/predicted_Tc_K/length,discrete,1,1,0.0,0.0,pass
tlog_polynomial,51,metrics/heldout_window_audit/temp_extrap/pairs/sio2:cristobalite_beta_minus_quartz_beta/predicted_Tc_by_seed_K/0/0,temperature_K,2101.9163686211355,2101.9178825132526,0.0015138921171455877,0.05,pass
tlog_polynomial,51,metrics/heldout_window_audit/temp_extrap/pairs/sio2:cristobalite_beta_minus_quartz_beta/predicted_Tc_by_seed_K/0/length,discrete,1,1,0.0,0.0,pass
tlog_polynomial,51,metrics/heldout_window_audit/temp_extrap/pairs/sio2:cristobalite_beta_minus_quartz_beta/predicted_Tc_by_seed_K/length,discrete,1,1,0.0,0.0,pass
tlog_polynomial,51,metrics/heldout_window_audit/temp_extrap/pairs/sio2:cristobalite_beta_minus_quartz_beta/reference_Tc_K/0,temperature_K,1542.7087047758675,1542.7087047758675,0.0,0.05,pass
tlog_polynomial,51,metrics/heldout_window_audit/temp_extrap/pairs/sio2:cristobalite_beta_minus_quartz_beta/reference_Tc_K/length,discrete,1,1,0.0,0.0,pass
tlog_polynomial,51,metrics/heldout_window_audit/temp_extrap/pairs/sio2:cristobalite_beta_minus_quartz_beta/sign_accuracy,ratio,0.6610066707095209,0.6610066707095209,0.0,0.0,pass
tlog_polynomial,51,metrics/heldout_window_audit/temp_extrap/pairs/sio2:cristobalite_beta_minus_tridymite_p63mmc/Tc_err_from_dG_K/length,discrete,0,0,0.0,0.0,pass
tlog_polynomial,51,metrics/heldout_window_audit/temp_extrap/pairs/sio2:cristobalite_beta_minus_tridymite_p63mmc/Tc_error_K/length,discrete,0,0,0.0,0.0,pass
tlog_polynomial,51,metrics/heldout_window_audit/temp_extrap/pairs/sio2:cristobalite_beta_minus_tridymite_p63mmc/Tc_scatter_K/length,discrete,0,0,0.0,0.0,pass
tlog_polynomial,51,metrics/heldout_window_audit/temp_extrap/pairs/sio2:cristobalite_beta_minus_tridymite_p63mmc/crossing_slope_eV_per_atom_per_K/length,discrete,0,0,0.0,0.0,pass
tlog_polynomial,51,metrics/heldout_window_audit/temp_extrap/pairs/sio2:cristobalite_beta_minus_tridymite_p63mmc/delta_G_MAE_at_crossing_eV_per_atom/length,discrete,0,0,0.0,0.0,pass
tlog_polynomial,51,metrics/heldout_window_audit/temp_extrap/pairs/sio2:cristobalite_beta_minus_tridymite_p63mmc/delta_G_MAE_eV_per_atom,energy_eV_per_atom,0.0021892832950144016,0.0021892837036907417,4.0867634016478194e-10,1e-06,pass
tlog_polynomial,51,metrics/heldout_window_audit/temp_extrap/pairs/sio2:cristobalite_beta_minus_tridymite_p63mmc/delta_G_RMSE_eV_per_atom,energy_eV_per_atom,0.0025745497753008493,0.0025745494950447103,2.802561390423397e-10,1e-06,pass
tlog_polynomial,51,metrics/heldout_window_audit/temp_extrap/pairs/sio2:cristobalite_beta_minus_tridymite_p63mmc/false_crossings,discrete,1,1,0.0,0.0,pass
tlog_polynomial,51,metrics/heldout_window_audit/temp_extrap/pairs/sio2:cristobalite_beta_minus_tridymite_p63mmc/missed_crossings,discrete,0,0,0.0,0.0,pass
tlog_polynomial,51,metrics/heldout_window_audit/temp_extrap/pairs/sio2:cristobalite_beta_minus_tridymite_p63mmc/pair_support,exact_other,test_and_train_partner,test_and_train_partner,,0.0,pass
tlog_polynomial,51,metrics/heldout_window_audit/temp_extrap/pairs/sio2:cristobalite_beta_minus_tridymite_p63mmc/predicted_Tc_K/0,temperature_K,2258.784987559142,2258.793925631968,0.008938072825912968,0.05,pass
tlog_polynomial,51,metrics/heldout_window_audit/temp_extrap/pairs/sio2:cristobalite_beta_minus_tridymite_p63mmc/predicted_Tc_K/length,discrete,1,1,0.0,0.0,pass
tlog_polynomial,51,metrics/heldout_window_audit/temp_extrap/pairs/sio2:cristobalite_beta_minus_tridymite_p63mmc/predicted_Tc_by_seed_K/0/0,temperature_K,2258.784987559142,2258.793925631968,0.008938072825912968,0.05,pass
tlog_polynomial,51,metrics/heldout_window_audit/temp_extrap/pairs/sio2:cristobalite_beta_minus_tridymite_p63mmc/predicted_Tc_by_seed_K/0/length,discrete,1,1,0.0,0.0,pass
tlog_polynomial,51,metrics/heldout_window_audit/temp_extrap/pairs/sio2:cristobalite_beta_minus_tridymite_p63mmc/predicted_Tc_by_seed_K/length,discrete,1,1,0.0,0.0,pass
tlog_polynomial,51,metrics/heldout_window_audit/temp_extrap/pairs/sio2:cristobalite_beta_minus_tridymite_p63mmc/reference_Tc_K/length,discrete,0,0,0.0,0.0,pass
tlog_polynomial,51,metrics/heldout_window_audit/temp_extrap/pairs/sio2:cristobalite_beta_minus_tridymite_p63mmc/sign_accuracy,ratio,0.8538508186779866,0.8538508186779866,0.0,0.0,pass
tlog_polynomial,51,metrics/heldout_window_audit/temp_extrap/pairs/sio2:quartz_beta_minus_tridymite_p63mmc/Tc_err_from_dG_K/0,temperature_K,1639.1889372726944,1639.1899305502818,0.0009932775874403887,0.05,pass
tlog_polynomial,51,metrics/heldout_window_audit/temp_extrap/pairs/sio2:quartz_beta_minus_tridymite_p63mmc/Tc_err_from_dG_K/length,discrete,1,1,0.0,0.0,pass
tlog_polynomial,51,metrics/heldout_window_audit/temp_extrap/pairs/sio2:quartz_beta_minus_tridymite_p63mmc/Tc_error_K/0,temperature_K,547.2116061069312,547.2115491250081,5.698192308045691e-05,0.05,pass
tlog_polynomial,51,metrics/heldout_window_audit/temp_extrap/pairs/sio2:quartz_beta_minus_tridymite_p63mmc/Tc_error_K/length,discrete,1,1,0.0,0.0,pass
tlog_polynomial,51,metrics/heldout_window_audit/temp_extrap/pairs/sio2:quartz_beta_minus_tridymite_p63mmc/Tc_scatter_K/0,temperature_K,0.0,0.0,0.0,0.05,pass
tlog_polynomial,51,metrics/heldout_window_audit/temp_extrap/pairs/sio2:quartz_beta_minus_tridymite_p63mmc/Tc_scatter_K/length,discrete,1,1,0.0,0.0,pass
tlog_polynomial,51,metrics/heldout_window_audit/temp_extrap/pairs/sio2:quartz_beta_minus_tridymite_p63mmc/crossing_slope_eV_per_atom_per_K/0,energy_eV_per_atom,7.448345272997869e-06,7.448345272997869e-06,0.0,1e-06,pass
tlog_polynomial,51,metrics/heldout_window_audit/temp_extrap/pairs/sio2:quartz_beta_minus_tridymite_p63mmc/crossing_slope_eV_per_atom_per_K/length,discrete,1,1,0.0,0.0,pass
tlog_polynomial,51,metrics/heldout_window_audit/temp_extrap/pairs/sio2:quartz_beta_minus_tridymite_p63mmc/delta_G_MAE_at_crossing_eV_per_atom/0,energy_eV_per_atom,0.012209245172485474,0.012209252570759898,7.39827442364227e-09,1e-06,pass
tlog_polynomial,51,metrics/heldout_window_audit/temp_extrap/pairs/sio2:quartz_beta_minus_tridymite_p63mmc/delta_G_MAE_at_crossing_eV_per_atom/length,discrete,1,1,0.0,0.0,pass
tlog_polynomial,51,metrics/heldout_window_audit/temp_extrap/pairs/sio2:quartz_beta_minus_tridymite_p63mmc/delta_G_MAE_eV_per_atom,energy_eV_per_atom,0.009747371535547616,0.009747370911075031,6.244725847537325e-10,1e-06,pass
tlog_polynomial,51,metrics/heldout_window_audit/temp_extrap/pairs/sio2:quartz_beta_minus_tridymite_p63mmc/delta_G_RMSE_eV_per_atom,energy_eV_per_atom,0.010970394359434666,0.010970394420333115,6.089844947765322e-11,1e-06,pass
tlog_polynomial,51,metrics/heldout_window_audit/temp_extrap/pairs/sio2:quartz_beta_minus_tridymite_p63mmc/false_crossings,discrete,0,0,0.0,0.0,pass
tlog_polynomial,51,metrics/heldout_window_audit/temp_extrap/pairs/sio2:quartz_beta_minus_tridymite_p63mmc/missed_crossings,discrete,0,0,0.0,0.0,pass
tlog_polynomial,51,metrics/heldout_window_audit/temp_extrap/pairs/sio2:quartz_beta_minus_tridymite_p63mmc/pair_support,exact_other,test_and_train_partner,test_and_train_partner,,0.0,pass
tlog_polynomial,51,metrics/heldout_window_audit/temp_extrap/pairs/sio2:quartz_beta_minus_tridymite_p63mmc/predicted_Tc_K/0,temperature_K,2129.533157165085,2129.533100183162,5.698192308045691e-05,0.05,pass
tlog_polynomial,51,metrics/heldout_window_audit/temp_extrap/pairs/sio2:quartz_beta_minus_tridymite_p63mmc/predicted_Tc_K/length,discrete,1,1,0.0,0.0,pass
tlog_polynomial,51,metrics/heldout_window_audit/temp_extrap/pairs/sio2:quartz_beta_minus_tridymite_p63mmc/predicted_Tc_by_seed_K/0/0,temperature_K,2129.533157165085,2129.533100183162,5.698192308045691e-05,0.05,pass
tlog_polynomial,51,metrics/heldout_window_audit/temp_extrap/pairs/sio2:quartz_beta_minus_tridymite_p63mmc/predicted_Tc_by_seed_K/0/length,discrete,1,1,0.0,0.0,pass
tlog_polynomial,51,metrics/heldout_window_audit/temp_extrap/pairs/sio2:quartz_beta_minus_tridymite_p63mmc/predicted_Tc_by_seed_K/length,discrete,1,1,0.0,0.0,pass
tlog_polynomial,51,metrics/heldout_window_audit/temp_extrap/pairs/sio2:quartz_beta_minus_tridymite_p63mmc/reference_Tc_K/0,temperature_K,1582.3215510581538,1582.3215510581538,0.0,0.05,pass
tlog_polynomial,51,metrics/heldout_window_audit/temp_extrap/pairs/sio2:quartz_beta_minus_tridymite_p63mmc/reference_Tc_K/length,discrete,1,1,0.0,0.0,pass
tlog_polynomial,51,metrics/heldout_window_audit/temp_extrap/pairs/sio2:quartz_beta_minus_tridymite_p63mmc/sign_accuracy,ratio,0.6682838083687083,0.6682838083687083,0.0,0.0,pass
tlog_polynomial,51,metrics/heldout_window_audit/temp_extrap/seeds/0,exact_other,51,51,0.0,0.0,pass
tlog_polynomial,51,metrics/heldout_window_audit/temp_extrap/seeds/length,discrete,1,1,0.0,0.0,pass
tlog_polynomial,51,model_internal_c_system_field,exact_other,None,None,,0.0,pass
tlog_polynomial,51,seed,exact_other,51,51,0.0,0.0,pass
tlog_polynomial,67,basis,exact_other,tlog_polynomial,tlog_polynomial,,0.0,pass
tlog_polynomial,67,calibration_constants_eV_per_atom/formal_train_window,energy_eV_per_atom,-3.593660598783404,-3.5936605989362063,1.5280221532520954e-10,1e-06,pass
tlog_polynomial,67,calibration_constants_eV_per_atom/heldout_window_audit,energy_eV_per_atom,-1.5923624254780637,-1.5923624258307705,3.52706752693166e-10,1e-06,pass
tlog_polynomial,67,metrics/formal_train_window/full_range/G_MAE_eV_per_atom,energy_eV_per_atom,1.3723880695044652,1.3723880696849309,1.8046564242979457e-10,1e-06,pass
tlog_polynomial,67,metrics/formal_train_window/full_range/coverage_2sigma,exact_other,0.0,0.0,0.0,0.0,pass
tlog_polynomial,67,metrics/formal_train_window/full_range/n_test_frames,exact_other,4947,4947,0.0,0.0,pass
tlog_polynomial,67,metrics/formal_train_window/full_range/pairs/sio2:cristobalite_beta_minus_quartz_beta/Tc_err_from_dG_K/0,temperature_K,1317.3580146794804,1317.352945743614,0.005068935866347601,0.05,pass
tlog_polynomial,67,metrics/formal_train_window/full_range/pairs/sio2:cristobalite_beta_minus_quartz_beta/Tc_err_from_dG_K/length,discrete,1,1,0.0,0.0,pass
tlog_polynomial,67,metrics/formal_train_window/full_range/pairs/sio2:cristobalite_beta_minus_quartz_beta/Tc_error_K/0,temperature_K,558.845721449901,558.8474384584449,0.0017170085438920069,0.05,pass
tlog_polynomial,67,metrics/formal_train_window/full_range/pairs/sio2:cristobalite_beta_minus_quartz_beta/Tc_error_K/length,discrete,1,1,0.0,0.0,pass
tlog_polynomial,67,metrics/formal_train_window/full_range/pairs/sio2:cristobalite_beta_minus_quartz_beta/Tc_scatter_K/0,temperature_K,0.0,0.0,0.0,0.05,pass
tlog_polynomial,67,metrics/formal_train_window/full_range/pairs/sio2:cristobalite_beta_minus_quartz_beta/Tc_scatter_K/length,discrete,1,1,0.0,0.0,pass
tlog_polynomial,67,metrics/formal_train_window/full_range/pairs/sio2:cristobalite_beta_minus_quartz_beta/crossing_slope_eV_per_atom_per_K/0,energy_eV_per_atom,7.551407561479095e-06,7.551407561479095e-06,0.0,1e-06,pass
tlog_polynomial,67,metrics/formal_train_window/full_range/pairs/sio2:cristobalite_beta_minus_quartz_beta/crossing_slope_eV_per_atom_per_K/length,discrete,1,1,0.0,0.0,pass
tlog_polynomial,67,metrics/formal_train_window/full_range/pairs/sio2:cristobalite_beta_minus_quartz_beta/delta_G_MAE_at_crossing_eV_per_atom/0,energy_eV_per_atom,0.009947907273225717,0.009947868995625088,3.82776006290636e-08,1e-06,pass
tlog_polynomial,67,metrics/formal_train_window/full_range/pairs/sio2:cristobalite_beta_minus_quartz_beta/delta_G_MAE_at_crossing_eV_per_atom/length,discrete,1,1,0.0,0.0,pass
tlog_polynomial,67,metrics/formal_train_window/full_range/pairs/sio2:cristobalite_beta_minus_quartz_beta/delta_G_MAE_eV_per_atom,energy_eV_per_atom,0.007600111325475967,0.007600110702501301,6.22974665777376e-10,1e-06,pass
tlog_polynomial,67,metrics/formal_train_window/full_range/pairs/sio2:cristobalite_beta_minus_quartz_beta/delta_G_RMSE_eV_per_atom,energy_eV_per_atom,0.008443580503355277,0.008443579945393834,5.579614426737267e-10,1e-06,pass
tlog_polynomial,67,metrics/formal_train_window/full_range/pairs/sio2:cristobalite_beta_minus_quartz_beta/false_crossings,discrete,0,0,0.0,0.0,pass
tlog_polynomial,67,metrics/formal_train_window/full_range/pairs/sio2:cristobalite_beta_minus_quartz_beta/missed_crossings,discrete,0,0,0.0,0.0,pass
tlog_polynomial,67,metrics/formal_train_window/full_range/pairs/sio2:cristobalite_beta_minus_quartz_beta/pair_support,exact_other,test_only,test_only,,0.0,pass
tlog_polynomial,67,metrics/formal_train_window/full_range/pairs/sio2:cristobalite_beta_minus_quartz_beta/predicted_Tc_K/0,temperature_K,2101.5544262257686,2101.5561432343125,0.0017170085438920069,0.05,pass
tlog_polynomial,67,metrics/formal_train_window/full_range/pairs/sio2:cristobalite_beta_minus_quartz_beta/predicted_Tc_K/length,discrete,1,1,0.0,0.0,pass
tlog_polynomial,67,metrics/formal_train_window/full_range/pairs/sio2:cristobalite_beta_minus_quartz_beta/predicted_Tc_by_seed_K/0/0,temperature_K,2101.5544262257686,2101.5561432343125,0.0017170085438920069,0.05,pass
tlog_polynomial,67,metrics/formal_train_window/full_range/pairs/sio2:cristobalite_beta_minus_quartz_beta/predicted_Tc_by_seed_K/0/length,discrete,1,1,0.0,0.0,pass
tlog_polynomial,67,metrics/formal_train_window/full_range/pairs/sio2:cristobalite_beta_minus_quartz_beta/predicted_Tc_by_seed_K/length,discrete,1,1,0.0,0.0,pass
tlog_polynomial,67,metrics/formal_train_window/full_range/pairs/sio2:cristobalite_beta_minus_quartz_beta/reference_Tc_K/0,temperature_K,1542.7087047758675,1542.7087047758675,0.0,0.05,pass
tlog_polynomial,67,metrics/formal_train_window/full_range/pairs/sio2:cristobalite_beta_minus_quartz_beta/reference_Tc_K/length,discrete,1,1,0.0,0.0,pass
tlog_polynomial,67,metrics/formal_train_window/full_range/pairs/sio2:cristobalite_beta_minus_quartz_beta/sign_accuracy,ratio,0.6610066707095209,0.6610066707095209,0.0,0.0,pass
tlog_polynomial,67,metrics/formal_train_window/full_range/pairs/sio2:cristobalite_beta_minus_tridymite_p63mmc/Tc_err_from_dG_K/length,discrete,0,0,0.0,0.0,pass
tlog_polynomial,67,metrics/formal_train_window/full_range/pairs/sio2:cristobalite_beta_minus_tridymite_p63mmc/Tc_error_K/length,discrete,0,0,0.0,0.0,pass
tlog_polynomial,67,metrics/formal_train_window/full_range/pairs/sio2:cristobalite_beta_minus_tridymite_p63mmc/Tc_scatter_K/length,discrete,0,0,0.0,0.0,pass
tlog_polynomial,67,metrics/formal_train_window/full_range/pairs/sio2:cristobalite_beta_minus_tridymite_p63mmc/crossing_slope_eV_per_atom_per_K/length,discrete,0,0,0.0,0.0,pass
tlog_polynomial,67,metrics/formal_train_window/full_range/pairs/sio2:cristobalite_beta_minus_tridymite_p63mmc/delta_G_MAE_at_crossing_eV_per_atom/length,discrete,0,0,0.0,0.0,pass
tlog_polynomial,67,metrics/formal_train_window/full_range/pairs/sio2:cristobalite_beta_minus_tridymite_p63mmc/delta_G_MAE_eV_per_atom,energy_eV_per_atom,0.0021886032312093567,0.0021886046957383842,1.464529027564443e-09,1e-06,pass
tlog_polynomial,67,metrics/formal_train_window/full_range/pairs/sio2:cristobalite_beta_minus_tridymite_p63mmc/delta_G_RMSE_eV_per_atom,energy_eV_per_atom,0.002573744766015763,0.002573745978621658,1.2126058950359675e-09,1e-06,pass
tlog_polynomial,67,metrics/formal_train_window/full_range/pairs/sio2:cristobalite_beta_minus_tridymite_p63mmc/false_crossings,discrete,1,1,0.0,0.0,pass
tlog_polynomial,67,metrics/formal_train_window/full_range/pairs/sio2:cristobalite_beta_minus_tridymite_p63mmc/missed_crossings,discrete,0,0,0.0,0.0,pass
tlog_polynomial,67,metrics/formal_train_window/full_range/pairs/sio2:cristobalite_beta_minus_tridymite_p63mmc/pair_support,exact_other,test_only,test_only,,0.0,pass
tlog_polynomial,67,metrics/formal_train_window/full_range/pairs/sio2:cristobalite_beta_minus_tridymite_p63mmc/predicted_Tc_K/0,temperature_K,2258.9296255723657,2258.915476723183,0.014148849182674894,0.05,pass
tlog_polynomial,67,metrics/formal_train_window/full_range/pairs/sio2:cristobalite_beta_minus_tridymite_p63mmc/predicted_Tc_K/length,discrete,1,1,0.0,0.0,pass
tlog_polynomial,67,metrics/formal_train_window/full_range/pairs/sio2:cristobalite_beta_minus_tridymite_p63mmc/predicted_Tc_by_seed_K/0/0,temperature_K,2258.9296255723657,2258.915476723183,0.014148849182674894,0.05,pass
tlog_polynomial,67,metrics/formal_train_window/full_range/pairs/sio2:cristobalite_beta_minus_tridymite_p63mmc/predicted_Tc_by_seed_K/0/length,discrete,1,1,0.0,0.0,pass
tlog_polynomial,67,metrics/formal_train_window/full_range/pairs/sio2:cristobalite_beta_minus_tridymite_p63mmc/predicted_Tc_by_seed_K/length,discrete,1,1,0.0,0.0,pass
tlog_polynomial,67,metrics/formal_train_window/full_range/pairs/sio2:cristobalite_beta_minus_tridymite_p63mmc/reference_Tc_K/length,discrete,0,0,0.0,0.0,pass
tlog_polynomial,67,metrics/formal_train_window/full_range/pairs/sio2:cristobalite_beta_minus_tridymite_p63mmc/sign_accuracy,ratio,0.8538508186779866,0.8538508186779866,0.0,0.0,pass
tlog_polynomial,67,metrics/formal_train_window/full_range/pairs/sio2:quartz_beta_minus_tridymite_p63mmc/Tc_err_from_dG_K/0,temperature_K,1636.723378197655,1636.7153852410986,0.00799295655633614,0.05,pass
tlog_polynomial,67,metrics/formal_train_window/full_range/pairs/sio2:quartz_beta_minus_tridymite_p63mmc/Tc_err_from_dG_K/length,discrete,1,1,0.0,0.0,pass
tlog_polynomial,67,metrics/formal_train_window/full_range/pairs/sio2:quartz_beta_minus_tridymite_p63mmc/Tc_error_K/0,temperature_K,546.95502324839,546.953548995217,0.0014742531730007613,0.05,pass
tlog_polynomial,67,metrics/formal_train_window/full_range/pairs/sio2:quartz_beta_minus_tridymite_p63mmc/Tc_error_K/length,discrete,1,1,0.0,0.0,pass
tlog_polynomial,67,metrics/formal_train_window/full_range/pairs/sio2:quartz_beta_minus_tridymite_p63mmc/Tc_scatter_K/0,temperature_K,0.0,0.0,0.0,0.05,pass
tlog_polynomial,67,metrics/formal_train_window/full_range/pairs/sio2:quartz_beta_minus_tridymite_p63mmc/Tc_scatter_K/length,discrete,1,1,0.0,0.0,pass
tlog_polynomial,67,metrics/formal_train_window/full_range/pairs/sio2:quartz_beta_minus_tridymite_p63mmc/crossing_slope_eV_per_atom_per_K/0,energy_eV_per_atom,7.448345272997869e-06,7.448345272997869e-06,0.0,1e-06,pass
tlog_polynomial,67,metrics/formal_train_window/full_range/pairs/sio2:quartz_beta_minus_tridymite_p63mmc/crossing_slope_eV_per_atom_per_K/length,discrete,1,1,0.0,0.0,pass
tlog_polynomial,67,metrics/formal_train_window/full_range/pairs/sio2:quartz_beta_minus_tridymite_p63mmc/delta_G_MAE_at_crossing_eV_per_atom/0,energy_eV_per_atom,0.012190880837203608,0.012190821302903424,5.953430018412753e-08,1e-06,pass
tlog_polynomial,67,metrics/formal_train_window/full_range/pairs/sio2:quartz_beta_minus_tridymite_p63mmc/delta_G_MAE_at_crossing_eV_per_atom/length,discrete,1,1,0.0,0.0,pass
tlog_polynomial,67,metrics/formal_train_window/full_range/pairs/sio2:quartz_beta_minus_tridymite_p63mmc/delta_G_MAE_eV_per_atom,energy_eV_per_atom,0.00973195822420321,0.00973195914671546,9.225122488826232e-10,1e-06,pass
tlog_polynomial,67,metrics/formal_train_window/full_range/pairs/sio2:quartz_beta_minus_tridymite_p63mmc/delta_G_RMSE_eV_per_atom,energy_eV_per_atom,0.010952694517393512,0.010952695260173765,7.427802522358418e-10,1e-06,pass
tlog_polynomial,67,metrics/formal_train_window/full_range/pairs/sio2:quartz_beta_minus_tridymite_p63mmc/false_crossings,discrete,0,0,0.0,0.0,pass
tlog_polynomial,67,metrics/formal_train_window/full_range/pairs/sio2:quartz_beta_minus_tridymite_p63mmc/missed_crossings,discrete,0,0,0.0,0.0,pass
tlog_polynomial,67,metrics/formal_train_window/full_range/pairs/sio2:quartz_beta_minus_tridymite_p63mmc/pair_support,exact_other,test_only,test_only,,0.0,pass
tlog_polynomial,67,metrics/formal_train_window/full_range/pairs/sio2:quartz_beta_minus_tridymite_p63mmc/predicted_Tc_K/0,temperature_K,2129.276574306544,2129.275100053371,0.0014742531730007613,0.05,pass
tlog_polynomial,67,metrics/formal_train_window/full_range/pairs/sio2:quartz_beta_minus_tridymite_p63mmc/predicted_Tc_K/length,discrete,1,1,0.0,0.0,pass
tlog_polynomial,67,metrics/formal_train_window/full_range/pairs/sio2:quartz_beta_minus_tridymite_p63mmc/predicted_Tc_by_seed_K/0/0,temperature_K,2129.276574306544,2129.275100053371,0.0014742531730007613,0.05,pass
tlog_polynomial,67,metrics/formal_train_window/full_range/pairs/sio2:quartz_beta_minus_tridymite_p63mmc/predicted_Tc_by_seed_K/0/length,discrete,1,1,0.0,0.0,pass
tlog_polynomial,67,metrics/formal_train_window/full_range/pairs/sio2:quartz_beta_minus_tridymite_p63mmc/predicted_Tc_by_seed_K/length,discrete,1,1,0.0,0.0,pass
tlog_polynomial,67,metrics/formal_train_window/full_range/pairs/sio2:quartz_beta_minus_tridymite_p63mmc/reference_Tc_K/0,temperature_K,1582.3215510581538,1582.3215510581538,0.0,0.05,pass
tlog_polynomial,67,metrics/formal_train_window/full_range/pairs/sio2:quartz_beta_minus_tridymite_p63mmc/reference_Tc_K/length,discrete,1,1,0.0,0.0,pass
tlog_polynomial,67,metrics/formal_train_window/full_range/pairs/sio2:quartz_beta_minus_tridymite_p63mmc/sign_accuracy,ratio,0.6682838083687083,0.6682838083687083,0.0,0.0,pass
tlog_polynomial,67,metrics/formal_train_window/full_range/seeds/0,exact_other,67,67,0.0,0.0,pass
tlog_polynomial,67,metrics/formal_train_window/full_range/seeds/length,discrete,1,1,0.0,0.0,pass
tlog_polynomial,67,metrics/formal_train_window/temp_extrap/G_MAE_eV_per_atom,energy_eV_per_atom,2.0012981733053405,2.0012981731054356,1.9990498145716629e-10,1e-06,pass
tlog_polynomial,67,metrics/formal_train_window/temp_extrap/coverage_2sigma,exact_other,0.0,0.0,0.0,0.0,pass
tlog_polynomial,67,metrics/formal_train_window/temp_extrap/n_test_frames,exact_other,3171,3171,0.0,0.0,pass
tlog_polynomial,67,metrics/formal_train_window/temp_extrap/pairs/sio2:cristobalite_beta_minus_quartz_beta/Tc_err_from_dG_K/0,temperature_K,1317.3580146794804,1317.352945743614,0.005068935866347601,0.05,pass
tlog_polynomial,67,metrics/formal_train_window/temp_extrap/pairs/sio2:cristobalite_beta_minus_quartz_beta/Tc_err_from_dG_K/length,discrete,1,1,0.0,0.0,pass
tlog_polynomial,67,metrics/formal_train_window/temp_extrap/pairs/sio2:cristobalite_beta_minus_quartz_beta/Tc_error_K/0,temperature_K,558.845721449901,558.8474384584449,0.0017170085438920069,0.05,pass
tlog_polynomial,67,metrics/formal_train_window/temp_extrap/pairs/sio2:cristobalite_beta_minus_quartz_beta/Tc_error_K/length,discrete,1,1,0.0,0.0,pass
tlog_polynomial,67,metrics/formal_train_window/temp_extrap/pairs/sio2:cristobalite_beta_minus_quartz_beta/Tc_scatter_K/0,temperature_K,0.0,0.0,0.0,0.05,pass
tlog_polynomial,67,metrics/formal_train_window/temp_extrap/pairs/sio2:cristobalite_beta_minus_quartz_beta/Tc_scatter_K/length,discrete,1,1,0.0,0.0,pass
tlog_polynomial,67,metrics/formal_train_window/temp_extrap/pairs/sio2:cristobalite_beta_minus_quartz_beta/crossing_slope_eV_per_atom_per_K/0,energy_eV_per_atom,7.551407561479095e-06,7.551407561479095e-06,0.0,1e-06,pass
tlog_polynomial,67,metrics/formal_train_window/temp_extrap/pairs/sio2:cristobalite_beta_minus_quartz_beta/crossing_slope_eV_per_atom_per_K/length,discrete,1,1,0.0,0.0,pass
tlog_polynomial,67,metrics/formal_train_window/temp_extrap/pairs/sio2:cristobalite_beta_minus_quartz_beta/delta_G_MAE_at_crossing_eV_per_atom/0,energy_eV_per_atom,0.009947907273225717,0.009947868995625088,3.82776006290636e-08,1e-06,pass
tlog_polynomial,67,metrics/formal_train_window/temp_extrap/pairs/sio2:cristobalite_beta_minus_quartz_beta/delta_G_MAE_at_crossing_eV_per_atom/length,discrete,1,1,0.0,0.0,pass
tlog_polynomial,67,metrics/formal_train_window/temp_extrap/pairs/sio2:cristobalite_beta_minus_quartz_beta/delta_G_MAE_eV_per_atom,energy_eV_per_atom,0.007600111325475967,0.007600110702501301,6.22974665777376e-10,1e-06,pass
tlog_polynomial,67,metrics/formal_train_window/temp_extrap/pairs/sio2:cristobalite_beta_minus_quartz_beta/delta_G_RMSE_eV_per_atom,energy_eV_per_atom,0.008443580503355277,0.008443579945393834,5.579614426737267e-10,1e-06,pass
tlog_polynomial,67,metrics/formal_train_window/temp_extrap/pairs/sio2:cristobalite_beta_minus_quartz_beta/false_crossings,discrete,0,0,0.0,0.0,pass
tlog_polynomial,67,metrics/formal_train_window/temp_extrap/pairs/sio2:cristobalite_beta_minus_quartz_beta/missed_crossings,discrete,0,0,0.0,0.0,pass
tlog_polynomial,67,metrics/formal_train_window/temp_extrap/pairs/sio2:cristobalite_beta_minus_quartz_beta/pair_support,exact_other,test_and_train_partner,test_and_train_partner,,0.0,pass
tlog_polynomial,67,metrics/formal_train_window/temp_extrap/pairs/sio2:cristobalite_beta_minus_quartz_beta/predicted_Tc_K/0,temperature_K,2101.5544262257686,2101.5561432343125,0.0017170085438920069,0.05,pass
tlog_polynomial,67,metrics/formal_train_window/temp_extrap/pairs/sio2:cristobalite_beta_minus_quartz_beta/predicted_Tc_K/length,discrete,1,1,0.0,0.0,pass
tlog_polynomial,67,metrics/formal_train_window/temp_extrap/pairs/sio2:cristobalite_beta_minus_quartz_beta/predicted_Tc_by_seed_K/0/0,temperature_K,2101.5544262257686,2101.5561432343125,0.0017170085438920069,0.05,pass
tlog_polynomial,67,metrics/formal_train_window/temp_extrap/pairs/sio2:cristobalite_beta_minus_quartz_beta/predicted_Tc_by_seed_K/0/length,discrete,1,1,0.0,0.0,pass
tlog_polynomial,67,metrics/formal_train_window/temp_extrap/pairs/sio2:cristobalite_beta_minus_quartz_beta/predicted_Tc_by_seed_K/length,discrete,1,1,0.0,0.0,pass
tlog_polynomial,67,metrics/formal_train_window/temp_extrap/pairs/sio2:cristobalite_beta_minus_quartz_beta/reference_Tc_K/0,temperature_K,1542.7087047758675,1542.7087047758675,0.0,0.05,pass
tlog_polynomial,67,metrics/formal_train_window/temp_extrap/pairs/sio2:cristobalite_beta_minus_quartz_beta/reference_Tc_K/length,discrete,1,1,0.0,0.0,pass
tlog_polynomial,67,metrics/formal_train_window/temp_extrap/pairs/sio2:cristobalite_beta_minus_quartz_beta/sign_accuracy,ratio,0.6610066707095209,0.6610066707095209,0.0,0.0,pass
tlog_polynomial,67,metrics/formal_train_window/temp_extrap/pairs/sio2:cristobalite_beta_minus_tridymite_p63mmc/Tc_err_from_dG_K/length,discrete,0,0,0.0,0.0,pass
tlog_polynomial,67,metrics/formal_train_window/temp_extrap/pairs/sio2:cristobalite_beta_minus_tridymite_p63mmc/Tc_error_K/length,discrete,0,0,0.0,0.0,pass
tlog_polynomial,67,metrics/formal_train_window/temp_extrap/pairs/sio2:cristobalite_beta_minus_tridymite_p63mmc/Tc_scatter_K/length,discrete,0,0,0.0,0.0,pass
tlog_polynomial,67,metrics/formal_train_window/temp_extrap/pairs/sio2:cristobalite_beta_minus_tridymite_p63mmc/crossing_slope_eV_per_atom_per_K/length,discrete,0,0,0.0,0.0,pass
tlog_polynomial,67,metrics/formal_train_window/temp_extrap/pairs/sio2:cristobalite_beta_minus_tridymite_p63mmc/delta_G_MAE_at_crossing_eV_per_atom/length,discrete,0,0,0.0,0.0,pass
tlog_polynomial,67,metrics/formal_train_window/temp_extrap/pairs/sio2:cristobalite_beta_minus_tridymite_p63mmc/delta_G_MAE_eV_per_atom,energy_eV_per_atom,0.0021886032312093567,0.0021886046957383842,1.464529027564443e-09,1e-06,pass
tlog_polynomial,67,metrics/formal_train_window/temp_extrap/pairs/sio2:cristobalite_beta_minus_tridymite_p63mmc/delta_G_RMSE_eV_per_atom,energy_eV_per_atom,0.002573744766015763,0.002573745978621658,1.2126058950359675e-09,1e-06,pass
tlog_polynomial,67,metrics/formal_train_window/temp_extrap/pairs/sio2:cristobalite_beta_minus_tridymite_p63mmc/false_crossings,discrete,1,1,0.0,0.0,pass
tlog_polynomial,67,metrics/formal_train_window/temp_extrap/pairs/sio2:cristobalite_beta_minus_tridymite_p63mmc/missed_crossings,discrete,0,0,0.0,0.0,pass
tlog_polynomial,67,metrics/formal_train_window/temp_extrap/pairs/sio2:cristobalite_beta_minus_tridymite_p63mmc/pair_support,exact_other,test_and_train_partner,test_and_train_partner,,0.0,pass
tlog_polynomial,67,metrics/formal_train_window/temp_extrap/pairs/sio2:cristobalite_beta_minus_tridymite_p63mmc/predicted_Tc_K/0,temperature_K,2258.9296255723657,2258.915476723183,0.014148849182674894,0.05,pass
tlog_polynomial,67,metrics/formal_train_window/temp_extrap/pairs/sio2:cristobalite_beta_minus_tridymite_p63mmc/predicted_Tc_K/length,discrete,1,1,0.0,0.0,pass
tlog_polynomial,67,metrics/formal_train_window/temp_extrap/pairs/sio2:cristobalite_beta_minus_tridymite_p63mmc/predicted_Tc_by_seed_K/0/0,temperature_K,2258.9296255723657,2258.915476723183,0.014148849182674894,0.05,pass
tlog_polynomial,67,metrics/formal_train_window/temp_extrap/pairs/sio2:cristobalite_beta_minus_tridymite_p63mmc/predicted_Tc_by_seed_K/0/length,discrete,1,1,0.0,0.0,pass
tlog_polynomial,67,metrics/formal_train_window/temp_extrap/pairs/sio2:cristobalite_beta_minus_tridymite_p63mmc/predicted_Tc_by_seed_K/length,discrete,1,1,0.0,0.0,pass
tlog_polynomial,67,metrics/formal_train_window/temp_extrap/pairs/sio2:cristobalite_beta_minus_tridymite_p63mmc/reference_Tc_K/length,discrete,0,0,0.0,0.0,pass
tlog_polynomial,67,metrics/formal_train_window/temp_extrap/pairs/sio2:cristobalite_beta_minus_tridymite_p63mmc/sign_accuracy,ratio,0.8538508186779866,0.8538508186779866,0.0,0.0,pass
tlog_polynomial,67,metrics/formal_train_window/temp_extrap/pairs/sio2:quartz_beta_minus_tridymite_p63mmc/Tc_err_from_dG_K/0,temperature_K,1636.723378197655,1636.7153852410986,0.00799295655633614,0.05,pass
tlog_polynomial,67,metrics/formal_train_window/temp_extrap/pairs/sio2:quartz_beta_minus_tridymite_p63mmc/Tc_err_from_dG_K/length,discrete,1,1,0.0,0.0,pass
tlog_polynomial,67,metrics/formal_train_window/temp_extrap/pairs/sio2:quartz_beta_minus_tridymite_p63mmc/Tc_error_K/0,temperature_K,546.95502324839,546.953548995217,0.0014742531730007613,0.05,pass
tlog_polynomial,67,metrics/formal_train_window/temp_extrap/pairs/sio2:quartz_beta_minus_tridymite_p63mmc/Tc_error_K/length,discrete,1,1,0.0,0.0,pass
tlog_polynomial,67,metrics/formal_train_window/temp_extrap/pairs/sio2:quartz_beta_minus_tridymite_p63mmc/Tc_scatter_K/0,temperature_K,0.0,0.0,0.0,0.05,pass
tlog_polynomial,67,metrics/formal_train_window/temp_extrap/pairs/sio2:quartz_beta_minus_tridymite_p63mmc/Tc_scatter_K/length,discrete,1,1,0.0,0.0,pass
tlog_polynomial,67,metrics/formal_train_window/temp_extrap/pairs/sio2:quartz_beta_minus_tridymite_p63mmc/crossing_slope_eV_per_atom_per_K/0,energy_eV_per_atom,7.448345272997869e-06,7.448345272997869e-06,0.0,1e-06,pass
tlog_polynomial,67,metrics/formal_train_window/temp_extrap/pairs/sio2:quartz_beta_minus_tridymite_p63mmc/crossing_slope_eV_per_atom_per_K/length,discrete,1,1,0.0,0.0,pass
tlog_polynomial,67,metrics/formal_train_window/temp_extrap/pairs/sio2:quartz_beta_minus_tridymite_p63mmc/delta_G_MAE_at_crossing_eV_per_atom/0,energy_eV_per_atom,0.012190880837203608,0.012190821302903424,5.953430018412753e-08,1e-06,pass
tlog_polynomial,67,metrics/formal_train_window/temp_extrap/pairs/sio2:quartz_beta_minus_tridymite_p63mmc/delta_G_MAE_at_crossing_eV_per_atom/length,discrete,1,1,0.0,0.0,pass
tlog_polynomial,67,metrics/formal_train_window/temp_extrap/pairs/sio2:quartz_beta_minus_tridymite_p63mmc/delta_G_MAE_eV_per_atom,energy_eV_per_atom,0.00973195822420321,0.00973195914671546,9.225122488826232e-10,1e-06,pass
tlog_polynomial,67,metrics/formal_train_window/temp_extrap/pairs/sio2:quartz_beta_minus_tridymite_p63mmc/delta_G_RMSE_eV_per_atom,energy_eV_per_atom,0.010952694517393512,0.010952695260173765,7.427802522358418e-10,1e-06,pass
tlog_polynomial,67,metrics/formal_train_window/temp_extrap/pairs/sio2:quartz_beta_minus_tridymite_p63mmc/false_crossings,discrete,0,0,0.0,0.0,pass
tlog_polynomial,67,metrics/formal_train_window/temp_extrap/pairs/sio2:quartz_beta_minus_tridymite_p63mmc/missed_crossings,discrete,0,0,0.0,0.0,pass
tlog_polynomial,67,metrics/formal_train_window/temp_extrap/pairs/sio2:quartz_beta_minus_tridymite_p63mmc/pair_support,exact_other,test_and_train_partner,test_and_train_partner,,0.0,pass
tlog_polynomial,67,metrics/formal_train_window/temp_extrap/pairs/sio2:quartz_beta_minus_tridymite_p63mmc/predicted_Tc_K/0,temperature_K,2129.276574306544,2129.275100053371,0.0014742531730007613,0.05,pass
tlog_polynomial,67,metrics/formal_train_window/temp_extrap/pairs/sio2:quartz_beta_minus_tridymite_p63mmc/predicted_Tc_K/length,discrete,1,1,0.0,0.0,pass
tlog_polynomial,67,metrics/formal_train_window/temp_extrap/pairs/sio2:quartz_beta_minus_tridymite_p63mmc/predicted_Tc_by_seed_K/0/0,temperature_K,2129.276574306544,2129.275100053371,0.0014742531730007613,0.05,pass
tlog_polynomial,67,metrics/formal_train_window/temp_extrap/pairs/sio2:quartz_beta_minus_tridymite_p63mmc/predicted_Tc_by_seed_K/0/length,discrete,1,1,0.0,0.0,pass
tlog_polynomial,67,metrics/formal_train_window/temp_extrap/pairs/sio2:quartz_beta_minus_tridymite_p63mmc/predicted_Tc_by_seed_K/length,discrete,1,1,0.0,0.0,pass
tlog_polynomial,67,metrics/formal_train_window/temp_extrap/pairs/sio2:quartz_beta_minus_tridymite_p63mmc/reference_Tc_K/0,temperature_K,1582.3215510581538,1582.3215510581538,0.0,0.05,pass
tlog_polynomial,67,metrics/formal_train_window/temp_extrap/pairs/sio2:quartz_beta_minus_tridymite_p63mmc/reference_Tc_K/length,discrete,1,1,0.0,0.0,pass
tlog_polynomial,67,metrics/formal_train_window/temp_extrap/pairs/sio2:quartz_beta_minus_tridymite_p63mmc/sign_accuracy,ratio,0.6682838083687083,0.6682838083687083,0.0,0.0,pass
tlog_polynomial,67,metrics/formal_train_window/temp_extrap/seeds/0,exact_other,67,67,0.0,0.0,pass
tlog_polynomial,67,metrics/formal_train_window/temp_extrap/seeds/length,discrete,1,1,0.0,0.0,pass
tlog_polynomial,67,metrics/heldout_window_audit/full_range/G_MAE_eV_per_atom,energy_eV_per_atom,1.2368293691302432,1.2368293690028893,1.2735390519935663e-10,1e-06,pass
tlog_polynomial,67,metrics/heldout_window_audit/full_range/coverage_2sigma,exact_other,0.0,0.0,0.0,0.0,pass
tlog_polynomial,67,metrics/heldout_window_audit/full_range/n_test_frames,exact_other,4947,4947,0.0,0.0,pass
tlog_polynomial,67,metrics/heldout_window_audit/full_range/pairs/sio2:cristobalite_beta_minus_quartz_beta/Tc_err_from_dG_K/0,temperature_K,1317.3580146794804,1317.3529457437317,0.005068935748795411,0.05,pass
tlog_polynomial,67,metrics/heldout_window_audit/full_range/pairs/sio2:cristobalite_beta_minus_quartz_beta/Tc_err_from_dG_K/length,discrete,1,1,0.0,0.0,pass
tlog_polynomial,67,metrics/heldout_window_audit/full_range/pairs/sio2:cristobalite_beta_minus_quartz_beta/Tc_error_K/0,temperature_K,558.8457214499801,558.8474384584799,0.0017170084997815138,0.05,pass
tlog_polynomial,67,metrics/heldout_window_audit/full_range/pairs/sio2:cristobalite_beta_minus_quartz_beta/Tc_error_K/length,discrete,1,1,0.0,0.0,pass
tlog_polynomial,67,metrics/heldout_window_audit/full_range/pairs/sio2:cristobalite_beta_minus_quartz_beta/Tc_scatter_K/0,temperature_K,0.0,0.0,0.0,0.05,pass
tlog_polynomial,67,metrics/heldout_window_audit/full_range/pairs/sio2:cristobalite_beta_minus_quartz_beta/Tc_scatter_K/length,discrete,1,1,0.0,0.0,pass
tlog_polynomial,67,metrics/heldout_window_audit/full_range/pairs/sio2:cristobalite_beta_minus_quartz_beta/crossing_slope_eV_per_atom_per_K/0,energy_eV_per_atom,7.551407561479095e-06,7.551407561479095e-06,0.0,1e-06,pass
tlog_polynomial,67,metrics/heldout_window_audit/full_range/pairs/sio2:cristobalite_beta_minus_quartz_beta/crossing_slope_eV_per_atom_per_K/length,discrete,1,1,0.0,0.0,pass
tlog_polynomial,67,metrics/heldout_window_audit/full_range/pairs/sio2:cristobalite_beta_minus_quartz_beta/delta_G_MAE_at_crossing_eV_per_atom/0,energy_eV_per_atom,0.009947907273225717,0.009947868995625976,3.827759974088518e-08,1e-06,pass
tlog_polynomial,67,metrics/heldout_window_audit/full_range/pairs/sio2:cristobalite_beta_minus_quartz_beta/delta_G_MAE_at_crossing_eV_per_atom/length,discrete,1,1,0.0,0.0,pass
tlog_polynomial,67,metrics/heldout_window_audit/full_range/pairs/sio2:cristobalite_beta_minus_quartz_beta/delta_G_MAE_eV_per_atom,energy_eV_per_atom,0.007600111325476108,0.007600110702501523,6.229745851127344e-10,1e-06,pass
tlog_polynomial,67,metrics/heldout_window_audit/full_range/pairs/sio2:cristobalite_beta_minus_quartz_beta/delta_G_RMSE_eV_per_atom,energy_eV_per_atom,0.00844358050335542,0.008443579945394021,5.579613993056398e-10,1e-06,pass
tlog_polynomial,67,metrics/heldout_window_audit/full_range/pairs/sio2:cristobalite_beta_minus_quartz_beta/false_crossings,discrete,0,0,0.0,0.0,pass
tlog_polynomial,67,metrics/heldout_window_audit/full_range/pairs/sio2:cristobalite_beta_minus_quartz_beta/missed_crossings,discrete,0,0,0.0,0.0,pass
tlog_polynomial,67,metrics/heldout_window_audit/full_range/pairs/sio2:cristobalite_beta_minus_quartz_beta/pair_support,exact_other,test_only,test_only,,0.0,pass
tlog_polynomial,67,metrics/heldout_window_audit/full_range/pairs/sio2:cristobalite_beta_minus_quartz_beta/predicted_Tc_K/0,temperature_K,2101.5544262258477,2101.5561432343475,0.0017170084997815138,0.05,pass
tlog_polynomial,67,metrics/heldout_window_audit/full_range/pairs/sio2:cristobalite_beta_minus_quartz_beta/predicted_Tc_K/length,discrete,1,1,0.0,0.0,pass
tlog_polynomial,67,metrics/heldout_window_audit/full_range/pairs/sio2:cristobalite_beta_minus_quartz_beta/predicted_Tc_by_seed_K/0/0,temperature_K,2101.5544262258477,2101.5561432343475,0.0017170084997815138,0.05,pass
tlog_polynomial,67,metrics/heldout_window_audit/full_range/pairs/sio2:cristobalite_beta_minus_quartz_beta/predicted_Tc_by_seed_K/0/length,discrete,1,1,0.0,0.0,pass
tlog_polynomial,67,metrics/heldout_window_audit/full_range/pairs/sio2:cristobalite_beta_minus_quartz_beta/predicted_Tc_by_seed_K/length,discrete,1,1,0.0,0.0,pass
tlog_polynomial,67,metrics/heldout_window_audit/full_range/pairs/sio2:cristobalite_beta_minus_quartz_beta/reference_Tc_K/0,temperature_K,1542.7087047758675,1542.7087047758675,0.0,0.05,pass
tlog_polynomial,67,metrics/heldout_window_audit/full_range/pairs/sio2:cristobalite_beta_minus_quartz_beta/reference_Tc_K/length,discrete,1,1,0.0,0.0,pass
tlog_polynomial,67,metrics/heldout_window_audit/full_range/pairs/sio2:cristobalite_beta_minus_quartz_beta/sign_accuracy,ratio,0.6610066707095209,0.6610066707095209,0.0,0.0,pass
tlog_polynomial,67,metrics/heldout_window_audit/full_range/pairs/sio2:cristobalite_beta_minus_tridymite_p63mmc/Tc_err_from_dG_K/length,discrete,0,0,0.0,0.0,pass
tlog_polynomial,67,metrics/heldout_window_audit/full_range/pairs/sio2:cristobalite_beta_minus_tridymite_p63mmc/Tc_error_K/length,discrete,0,0,0.0,0.0,pass
tlog_polynomial,67,metrics/heldout_window_audit/full_range/pairs/sio2:cristobalite_beta_minus_tridymite_p63mmc/Tc_scatter_K/length,discrete,0,0,0.0,0.0,pass
tlog_polynomial,67,metrics/heldout_window_audit/full_range/pairs/sio2:cristobalite_beta_minus_tridymite_p63mmc/crossing_slope_eV_per_atom_per_K/length,discrete,0,0,0.0,0.0,pass
tlog_polynomial,67,metrics/heldout_window_audit/full_range/pairs/sio2:cristobalite_beta_minus_tridymite_p63mmc/delta_G_MAE_at_crossing_eV_per_atom/length,discrete,0,0,0.0,0.0,pass
tlog_polynomial,67,metrics/heldout_window_audit/full_range/pairs/sio2:cristobalite_beta_minus_tridymite_p63mmc/delta_G_MAE_eV_per_atom,energy_eV_per_atom,0.002188603231209198,0.0021886046957381796,1.4645289815942708e-09,1e-06,pass
tlog_polynomial,67,metrics/heldout_window_audit/full_range/pairs/sio2:cristobalite_beta_minus_tridymite_p63mmc/delta_G_RMSE_eV_per_atom,energy_eV_per_atom,0.002573744766015646,0.0025737459786215303,1.2126058841939458e-09,1e-06,pass
tlog_polynomial,67,metrics/heldout_window_audit/full_range/pairs/sio2:cristobalite_beta_minus_tridymite_p63mmc/false_crossings,discrete,1,1,0.0,0.0,pass
tlog_polynomial,67,metrics/heldout_window_audit/full_range/pairs/sio2:cristobalite_beta_minus_tridymite_p63mmc/missed_crossings,discrete,0,0,0.0,0.0,pass
tlog_polynomial,67,metrics/heldout_window_audit/full_range/pairs/sio2:cristobalite_beta_minus_tridymite_p63mmc/pair_support,exact_other,test_only,test_only,,0.0,pass
tlog_polynomial,67,metrics/heldout_window_audit/full_range/pairs/sio2:cristobalite_beta_minus_tridymite_p63mmc/predicted_Tc_K/0,temperature_K,2258.9296255723657,2258.915476723154,0.014148849211778725,0.05,pass
tlog_polynomial,67,metrics/heldout_window_audit/full_range/pairs/sio2:cristobalite_beta_minus_tridymite_p63mmc/predicted_Tc_K/length,discrete,1,1,0.0,0.0,pass
tlog_polynomial,67,metrics/heldout_window_audit/full_range/pairs/sio2:cristobalite_beta_minus_tridymite_p63mmc/predicted_Tc_by_seed_K/0/0,temperature_K,2258.9296255723657,2258.915476723154,0.014148849211778725,0.05,pass
tlog_polynomial,67,metrics/heldout_window_audit/full_range/pairs/sio2:cristobalite_beta_minus_tridymite_p63mmc/predicted_Tc_by_seed_K/0/length,discrete,1,1,0.0,0.0,pass
tlog_polynomial,67,metrics/heldout_window_audit/full_range/pairs/sio2:cristobalite_beta_minus_tridymite_p63mmc/predicted_Tc_by_seed_K/length,discrete,1,1,0.0,0.0,pass
tlog_polynomial,67,metrics/heldout_window_audit/full_range/pairs/sio2:cristobalite_beta_minus_tridymite_p63mmc/reference_Tc_K/length,discrete,0,0,0.0,0.0,pass
tlog_polynomial,67,metrics/heldout_window_audit/full_range/pairs/sio2:cristobalite_beta_minus_tridymite_p63mmc/sign_accuracy,ratio,0.8538508186779866,0.8538508186779866,0.0,0.0,pass
tlog_polynomial,67,metrics/heldout_window_audit/full_range/pairs/sio2:quartz_beta_minus_tridymite_p63mmc/Tc_err_from_dG_K/0,temperature_K,1636.7233781976124,1636.7153852412605,0.007992956351927205,0.05,pass
tlog_polynomial,67,metrics/heldout_window_audit/full_range/pairs/sio2:quartz_beta_minus_tridymite_p63mmc/Tc_err_from_dG_K/length,discrete,1,1,0.0,0.0,pass
tlog_polynomial,67,metrics/heldout_window_audit/full_range/pairs/sio2:quartz_beta_minus_tridymite_p63mmc/Tc_error_K/0,temperature_K,546.95502324839,546.953548995217,0.0014742531730007613,0.05,pass
tlog_polynomial,67,metrics/heldout_window_audit/full_range/pairs/sio2:quartz_beta_minus_tridymite_p63mmc/Tc_error_K/length,discrete,1,1,0.0,0.0,pass
tlog_polynomial,67,metrics/heldout_window_audit/full_range/pairs/sio2:quartz_beta_minus_tridymite_p63mmc/Tc_scatter_K/0,temperature_K,0.0,0.0,0.0,0.05,pass
tlog_polynomial,67,metrics/heldout_window_audit/full_range/pairs/sio2:quartz_beta_minus_tridymite_p63mmc/Tc_scatter_K/length,discrete,1,1,0.0,0.0,pass
tlog_polynomial,67,metrics/heldout_window_audit/full_range/pairs/sio2:quartz_beta_minus_tridymite_p63mmc/crossing_slope_eV_per_atom_per_K/0,energy_eV_per_atom,7.448345272997869e-06,7.448345272997869e-06,0.0,1e-06,pass
tlog_polynomial,67,metrics/heldout_window_audit/full_range/pairs/sio2:quartz_beta_minus_tridymite_p63mmc/crossing_slope_eV_per_atom_per_K/length,discrete,1,1,0.0,0.0,pass
tlog_polynomial,67,metrics/heldout_window_audit/full_range/pairs/sio2:quartz_beta_minus_tridymite_p63mmc/delta_G_MAE_at_crossing_eV_per_atom/0,energy_eV_per_atom,0.01219088083720329,0.01219082130290463,5.953429866104032e-08,1e-06,pass
tlog_polynomial,67,metrics/heldout_window_audit/full_range/pairs/sio2:quartz_beta_minus_tridymite_p63mmc/delta_G_MAE_at_crossing_eV_per_atom/length,discrete,1,1,0.0,0.0,pass
tlog_polynomial,67,metrics/heldout_window_audit/full_range/pairs/sio2:quartz_beta_minus_tridymite_p63mmc/delta_G_MAE_eV_per_atom,energy_eV_per_atom,0.00973195822420323,0.009731959146715485,9.225122558215171e-10,1e-06,pass
tlog_polynomial,67,metrics/heldout_window_audit/full_range/pairs/sio2:quartz_beta_minus_tridymite_p63mmc/delta_G_RMSE_eV_per_atom,energy_eV_per_atom,0.010952694517393535,0.010952695260173794,7.427802591747357e-10,1e-06,pass
tlog_polynomial,67,metrics/heldout_window_audit/full_range/pairs/sio2:quartz_beta_minus_tridymite_p63mmc/false_crossings,discrete,0,0,0.0,0.0,pass
tlog_polynomial,67,metrics/heldout_window_audit/full_range/pairs/sio2:quartz_beta_minus_tridymite_p63mmc/missed_crossings,discrete,0,0,0.0,0.0,pass
tlog_polynomial,67,metrics/heldout_window_audit/full_range/pairs/sio2:quartz_beta_minus_tridymite_p63mmc/pair_support,exact_other,test_only,test_only,,0.0,pass
tlog_polynomial,67,metrics/heldout_window_audit/full_range/pairs/sio2:quartz_beta_minus_tridymite_p63mmc/predicted_Tc_K/0,temperature_K,2129.276574306544,2129.275100053371,0.0014742531730007613,0.05,pass
tlog_polynomial,67,metrics/heldout_window_audit/full_range/pairs/sio2:quartz_beta_minus_tridymite_p63mmc/predicted_Tc_K/length,discrete,1,1,0.0,0.0,pass
tlog_polynomial,67,metrics/heldout_window_audit/full_range/pairs/sio2:quartz_beta_minus_tridymite_p63mmc/predicted_Tc_by_seed_K/0/0,temperature_K,2129.276574306544,2129.275100053371,0.0014742531730007613,0.05,pass
tlog_polynomial,67,metrics/heldout_window_audit/full_range/pairs/sio2:quartz_beta_minus_tridymite_p63mmc/predicted_Tc_by_seed_K/0/length,discrete,1,1,0.0,0.0,pass
tlog_polynomial,67,metrics/heldout_window_audit/full_range/pairs/sio2:quartz_beta_minus_tridymite_p63mmc/predicted_Tc_by_seed_K/length,discrete,1,1,0.0,0.0,pass
tlog_polynomial,67,metrics/heldout_window_audit/full_range/pairs/sio2:quartz_beta_minus_tridymite_p63mmc/reference_Tc_K/0,temperature_K,1582.3215510581538,1582.3215510581538,0.0,0.05,pass
tlog_polynomial,67,metrics/heldout_window_audit/full_range/pairs/sio2:quartz_beta_minus_tridymite_p63mmc/reference_Tc_K/length,discrete,1,1,0.0,0.0,pass
tlog_polynomial,67,metrics/heldout_window_audit/full_range/pairs/sio2:quartz_beta_minus_tridymite_p63mmc/sign_accuracy,ratio,0.6682838083687083,0.6682838083687083,0.0,0.0,pass
tlog_polynomial,67,metrics/heldout_window_audit/full_range/seeds/0,exact_other,67,67,0.0,0.0,pass
tlog_polynomial,67,metrics/heldout_window_audit/full_range/seeds/length,discrete,1,1,0.0,0.0,pass
tlog_polynomial,67,metrics/heldout_window_audit/temp_extrap/G_MAE_eV_per_atom,energy_eV_per_atom,0.808668979280047,0.8086689791933266,8.672040863189068e-11,1e-06,pass
tlog_polynomial,67,metrics/heldout_window_audit/temp_extrap/coverage_2sigma,exact_other,0.0,0.0,0.0,0.0,pass
tlog_polynomial,67,metrics/heldout_window_audit/temp_extrap/n_test_frames,exact_other,3171,3171,0.0,0.0,pass
tlog_polynomial,67,metrics/heldout_window_audit/temp_extrap/pairs/sio2:cristobalite_beta_minus_quartz_beta/Tc_err_from_dG_K/0,temperature_K,1317.3580146794804,1317.3529457437317,0.005068935748795411,0.05,pass
tlog_polynomial,67,metrics/heldout_window_audit/temp_extrap/pairs/sio2:cristobalite_beta_minus_quartz_beta/Tc_err_from_dG_K/length,discrete,1,1,0.0,0.0,pass
tlog_polynomial,67,metrics/heldout_window_audit/temp_extrap/pairs/sio2:cristobalite_beta_minus_quartz_beta/Tc_error_K/0,temperature_K,558.8457214499801,558.8474384584799,0.0017170084997815138,0.05,pass
tlog_polynomial,67,metrics/heldout_window_audit/temp_extrap/pairs/sio2:cristobalite_beta_minus_quartz_beta/Tc_error_K/length,discrete,1,1,0.0,0.0,pass
tlog_polynomial,67,metrics/heldout_window_audit/temp_extrap/pairs/sio2:cristobalite_beta_minus_quartz_beta/Tc_scatter_K/0,temperature_K,0.0,0.0,0.0,0.05,pass
tlog_polynomial,67,metrics/heldout_window_audit/temp_extrap/pairs/sio2:cristobalite_beta_minus_quartz_beta/Tc_scatter_K/length,discrete,1,1,0.0,0.0,pass
tlog_polynomial,67,metrics/heldout_window_audit/temp_extrap/pairs/sio2:cristobalite_beta_minus_quartz_beta/crossing_slope_eV_per_atom_per_K/0,energy_eV_per_atom,7.551407561479095e-06,7.551407561479095e-06,0.0,1e-06,pass
tlog_polynomial,67,metrics/heldout_window_audit/temp_extrap/pairs/sio2:cristobalite_beta_minus_quartz_beta/crossing_slope_eV_per_atom_per_K/length,discrete,1,1,0.0,0.0,pass
tlog_polynomial,67,metrics/heldout_window_audit/temp_extrap/pairs/sio2:cristobalite_beta_minus_quartz_beta/delta_G_MAE_at_crossing_eV_per_atom/0,energy_eV_per_atom,0.009947907273225717,0.009947868995625976,3.827759974088518e-08,1e-06,pass
tlog_polynomial,67,metrics/heldout_window_audit/temp_extrap/pairs/sio2:cristobalite_beta_minus_quartz_beta/delta_G_MAE_at_crossing_eV_per_atom/length,discrete,1,1,0.0,0.0,pass
tlog_polynomial,67,metrics/heldout_window_audit/temp_extrap/pairs/sio2:cristobalite_beta_minus_quartz_beta/delta_G_MAE_eV_per_atom,energy_eV_per_atom,0.007600111325476108,0.007600110702501523,6.229745851127344e-10,1e-06,pass
tlog_polynomial,67,metrics/heldout_window_audit/temp_extrap/pairs/sio2:cristobalite_beta_minus_quartz_beta/delta_G_RMSE_eV_per_atom,energy_eV_per_atom,0.00844358050335542,0.008443579945394021,5.579613993056398e-10,1e-06,pass
tlog_polynomial,67,metrics/heldout_window_audit/temp_extrap/pairs/sio2:cristobalite_beta_minus_quartz_beta/false_crossings,discrete,0,0,0.0,0.0,pass
tlog_polynomial,67,metrics/heldout_window_audit/temp_extrap/pairs/sio2:cristobalite_beta_minus_quartz_beta/missed_crossings,discrete,0,0,0.0,0.0,pass
tlog_polynomial,67,metrics/heldout_window_audit/temp_extrap/pairs/sio2:cristobalite_beta_minus_quartz_beta/pair_support,exact_other,test_and_train_partner,test_and_train_partner,,0.0,pass
tlog_polynomial,67,metrics/heldout_window_audit/temp_extrap/pairs/sio2:cristobalite_beta_minus_quartz_beta/predicted_Tc_K/0,temperature_K,2101.5544262258477,2101.5561432343475,0.0017170084997815138,0.05,pass
tlog_polynomial,67,metrics/heldout_window_audit/temp_extrap/pairs/sio2:cristobalite_beta_minus_quartz_beta/predicted_Tc_K/length,discrete,1,1,0.0,0.0,pass
tlog_polynomial,67,metrics/heldout_window_audit/temp_extrap/pairs/sio2:cristobalite_beta_minus_quartz_beta/predicted_Tc_by_seed_K/0/0,temperature_K,2101.5544262258477,2101.5561432343475,0.0017170084997815138,0.05,pass
tlog_polynomial,67,metrics/heldout_window_audit/temp_extrap/pairs/sio2:cristobalite_beta_minus_quartz_beta/predicted_Tc_by_seed_K/0/length,discrete,1,1,0.0,0.0,pass
tlog_polynomial,67,metrics/heldout_window_audit/temp_extrap/pairs/sio2:cristobalite_beta_minus_quartz_beta/predicted_Tc_by_seed_K/length,discrete,1,1,0.0,0.0,pass
tlog_polynomial,67,metrics/heldout_window_audit/temp_extrap/pairs/sio2:cristobalite_beta_minus_quartz_beta/reference_Tc_K/0,temperature_K,1542.7087047758675,1542.7087047758675,0.0,0.05,pass
tlog_polynomial,67,metrics/heldout_window_audit/temp_extrap/pairs/sio2:cristobalite_beta_minus_quartz_beta/reference_Tc_K/length,discrete,1,1,0.0,0.0,pass
tlog_polynomial,67,metrics/heldout_window_audit/temp_extrap/pairs/sio2:cristobalite_beta_minus_quartz_beta/sign_accuracy,ratio,0.6610066707095209,0.6610066707095209,0.0,0.0,pass
tlog_polynomial,67,metrics/heldout_window_audit/temp_extrap/pairs/sio2:cristobalite_beta_minus_tridymite_p63mmc/Tc_err_from_dG_K/length,discrete,0,0,0.0,0.0,pass
tlog_polynomial,67,metrics/heldout_window_audit/temp_extrap/pairs/sio2:cristobalite_beta_minus_tridymite_p63mmc/Tc_error_K/length,discrete,0,0,0.0,0.0,pass
tlog_polynomial,67,metrics/heldout_window_audit/temp_extrap/pairs/sio2:cristobalite_beta_minus_tridymite_p63mmc/Tc_scatter_K/length,discrete,0,0,0.0,0.0,pass
tlog_polynomial,67,metrics/heldout_window_audit/temp_extrap/pairs/sio2:cristobalite_beta_minus_tridymite_p63mmc/crossing_slope_eV_per_atom_per_K/length,discrete,0,0,0.0,0.0,pass
tlog_polynomial,67,metrics/heldout_window_audit/temp_extrap/pairs/sio2:cristobalite_beta_minus_tridymite_p63mmc/delta_G_MAE_at_crossing_eV_per_atom/length,discrete,0,0,0.0,0.0,pass
tlog_polynomial,67,metrics/heldout_window_audit/temp_extrap/pairs/sio2:cristobalite_beta_minus_tridymite_p63mmc/delta_G_MAE_eV_per_atom,energy_eV_per_atom,0.002188603231209198,0.0021886046957381796,1.4645289815942708e-09,1e-06,pass
tlog_polynomial,67,metrics/heldout_window_audit/temp_extrap/pairs/sio2:cristobalite_beta_minus_tridymite_p63mmc/delta_G_RMSE_eV_per_atom,energy_eV_per_atom,0.002573744766015646,0.0025737459786215303,1.2126058841939458e-09,1e-06,pass
tlog_polynomial,67,metrics/heldout_window_audit/temp_extrap/pairs/sio2:cristobalite_beta_minus_tridymite_p63mmc/false_crossings,discrete,1,1,0.0,0.0,pass
tlog_polynomial,67,metrics/heldout_window_audit/temp_extrap/pairs/sio2:cristobalite_beta_minus_tridymite_p63mmc/missed_crossings,discrete,0,0,0.0,0.0,pass
tlog_polynomial,67,metrics/heldout_window_audit/temp_extrap/pairs/sio2:cristobalite_beta_minus_tridymite_p63mmc/pair_support,exact_other,test_and_train_partner,test_and_train_partner,,0.0,pass
tlog_polynomial,67,metrics/heldout_window_audit/temp_extrap/pairs/sio2:cristobalite_beta_minus_tridymite_p63mmc/predicted_Tc_K/0,temperature_K,2258.9296255723657,2258.915476723154,0.014148849211778725,0.05,pass
tlog_polynomial,67,metrics/heldout_window_audit/temp_extrap/pairs/sio2:cristobalite_beta_minus_tridymite_p63mmc/predicted_Tc_K/length,discrete,1,1,0.0,0.0,pass
tlog_polynomial,67,metrics/heldout_window_audit/temp_extrap/pairs/sio2:cristobalite_beta_minus_tridymite_p63mmc/predicted_Tc_by_seed_K/0/0,temperature_K,2258.9296255723657,2258.915476723154,0.014148849211778725,0.05,pass
tlog_polynomial,67,metrics/heldout_window_audit/temp_extrap/pairs/sio2:cristobalite_beta_minus_tridymite_p63mmc/predicted_Tc_by_seed_K/0/length,discrete,1,1,0.0,0.0,pass
tlog_polynomial,67,metrics/heldout_window_audit/temp_extrap/pairs/sio2:cristobalite_beta_minus_tridymite_p63mmc/predicted_Tc_by_seed_K/length,discrete,1,1,0.0,0.0,pass
tlog_polynomial,67,metrics/heldout_window_audit/temp_extrap/pairs/sio2:cristobalite_beta_minus_tridymite_p63mmc/reference_Tc_K/length,discrete,0,0,0.0,0.0,pass
tlog_polynomial,67,metrics/heldout_window_audit/temp_extrap/pairs/sio2:cristobalite_beta_minus_tridymite_p63mmc/sign_accuracy,ratio,0.8538508186779866,0.8538508186779866,0.0,0.0,pass
tlog_polynomial,67,metrics/heldout_window_audit/temp_extrap/pairs/sio2:quartz_beta_minus_tridymite_p63mmc/Tc_err_from_dG_K/0,temperature_K,1636.7233781976124,1636.7153852412605,0.007992956351927205,0.05,pass
tlog_polynomial,67,metrics/heldout_window_audit/temp_extrap/pairs/sio2:quartz_beta_minus_tridymite_p63mmc/Tc_err_from_dG_K/length,discrete,1,1,0.0,0.0,pass
tlog_polynomial,67,metrics/heldout_window_audit/temp_extrap/pairs/sio2:quartz_beta_minus_tridymite_p63mmc/Tc_error_K/0,temperature_K,546.95502324839,546.953548995217,0.0014742531730007613,0.05,pass
tlog_polynomial,67,metrics/heldout_window_audit/temp_extrap/pairs/sio2:quartz_beta_minus_tridymite_p63mmc/Tc_error_K/length,discrete,1,1,0.0,0.0,pass
tlog_polynomial,67,metrics/heldout_window_audit/temp_extrap/pairs/sio2:quartz_beta_minus_tridymite_p63mmc/Tc_scatter_K/0,temperature_K,0.0,0.0,0.0,0.05,pass
tlog_polynomial,67,metrics/heldout_window_audit/temp_extrap/pairs/sio2:quartz_beta_minus_tridymite_p63mmc/Tc_scatter_K/length,discrete,1,1,0.0,0.0,pass
tlog_polynomial,67,metrics/heldout_window_audit/temp_extrap/pairs/sio2:quartz_beta_minus_tridymite_p63mmc/crossing_slope_eV_per_atom_per_K/0,energy_eV_per_atom,7.448345272997869e-06,7.448345272997869e-06,0.0,1e-06,pass
tlog_polynomial,67,metrics/heldout_window_audit/temp_extrap/pairs/sio2:quartz_beta_minus_tridymite_p63mmc/crossing_slope_eV_per_atom_per_K/length,discrete,1,1,0.0,0.0,pass
tlog_polynomial,67,metrics/heldout_window_audit/temp_extrap/pairs/sio2:quartz_beta_minus_tridymite_p63mmc/delta_G_MAE_at_crossing_eV_per_atom/0,energy_eV_per_atom,0.01219088083720329,0.01219082130290463,5.953429866104032e-08,1e-06,pass
tlog_polynomial,67,metrics/heldout_window_audit/temp_extrap/pairs/sio2:quartz_beta_minus_tridymite_p63mmc/delta_G_MAE_at_crossing_eV_per_atom/length,discrete,1,1,0.0,0.0,pass
tlog_polynomial,67,metrics/heldout_window_audit/temp_extrap/pairs/sio2:quartz_beta_minus_tridymite_p63mmc/delta_G_MAE_eV_per_atom,energy_eV_per_atom,0.00973195822420323,0.009731959146715485,9.225122558215171e-10,1e-06,pass
tlog_polynomial,67,metrics/heldout_window_audit/temp_extrap/pairs/sio2:quartz_beta_minus_tridymite_p63mmc/delta_G_RMSE_eV_per_atom,energy_eV_per_atom,0.010952694517393535,0.010952695260173794,7.427802591747357e-10,1e-06,pass
tlog_polynomial,67,metrics/heldout_window_audit/temp_extrap/pairs/sio2:quartz_beta_minus_tridymite_p63mmc/false_crossings,discrete,0,0,0.0,0.0,pass
tlog_polynomial,67,metrics/heldout_window_audit/temp_extrap/pairs/sio2:quartz_beta_minus_tridymite_p63mmc/missed_crossings,discrete,0,0,0.0,0.0,pass
tlog_polynomial,67,metrics/heldout_window_audit/temp_extrap/pairs/sio2:quartz_beta_minus_tridymite_p63mmc/pair_support,exact_other,test_and_train_partner,test_and_train_partner,,0.0,pass
tlog_polynomial,67,metrics/heldout_window_audit/temp_extrap/pairs/sio2:quartz_beta_minus_tridymite_p63mmc/predicted_Tc_K/0,temperature_K,2129.276574306544,2129.275100053371,0.0014742531730007613,0.05,pass
tlog_polynomial,67,metrics/heldout_window_audit/temp_extrap/pairs/sio2:quartz_beta_minus_tridymite_p63mmc/predicted_Tc_K/length,discrete,1,1,0.0,0.0,pass
tlog_polynomial,67,metrics/heldout_window_audit/temp_extrap/pairs/sio2:quartz_beta_minus_tridymite_p63mmc/predicted_Tc_by_seed_K/0/0,temperature_K,2129.276574306544,2129.275100053371,0.0014742531730007613,0.05,pass
tlog_polynomial,67,metrics/heldout_window_audit/temp_extrap/pairs/sio2:quartz_beta_minus_tridymite_p63mmc/predicted_Tc_by_seed_K/0/length,discrete,1,1,0.0,0.0,pass
tlog_polynomial,67,metrics/heldout_window_audit/temp_extrap/pairs/sio2:quartz_beta_minus_tridymite_p63mmc/predicted_Tc_by_seed_K/length,discrete,1,1,0.0,0.0,pass
tlog_polynomial,67,metrics/heldout_window_audit/temp_extrap/pairs/sio2:quartz_beta_minus_tridymite_p63mmc/reference_Tc_K/0,temperature_K,1582.3215510581538,1582.3215510581538,0.0,0.05,pass
tlog_polynomial,67,metrics/heldout_window_audit/temp_extrap/pairs/sio2:quartz_beta_minus_tridymite_p63mmc/reference_Tc_K/length,discrete,1,1,0.0,0.0,pass
tlog_polynomial,67,metrics/heldout_window_audit/temp_extrap/pairs/sio2:quartz_beta_minus_tridymite_p63mmc/sign_accuracy,ratio,0.6682838083687083,0.6682838083687083,0.0,0.0,pass
tlog_polynomial,67,metrics/heldout_window_audit/temp_extrap/seeds/0,exact_other,67,67,0.0,0.0,pass
tlog_polynomial,67,metrics/heldout_window_audit/temp_extrap/seeds/length,discrete,1,1,0.0,0.0,pass
tlog_polynomial,67,model_internal_c_system_field,exact_other,None,None,,0.0,pass
tlog_polynomial,67,seed,exact_other,67,67,0.0,0.0,pass
