T_K,F_QH_eV_per_atom,E_static_eV_per_atom,volume_scale,min_frequency_THz,checkpoint_sha256,head
851,-4.181426155984528,-4.106309541811545,1.02,-0.193488962524,86dd3a804d78ca5d203ebf98747e8f16dff9713ba8950097ceb760b161e19907,Domains_SSE_PBE
852,-4.181799909538897,-4.106309541811545,1.02,-0.193488962524,86dd3a804d78ca5d203ebf98747e8f16dff9713ba8950097ceb760b161e19907,Domains_SSE_PBE
853,-4.182173937991748,-4.106309541811545,1.02,-0.193488962524,86dd3a804d78ca5d203ebf98747e8f16dff9713ba8950097ceb760b161e19907,Domains_SSE_PBE
854,-4.182548241078419,-4.106309541811545,1.02,-0.193488962524,86dd3a804d78ca5d203ebf98747e8f16dff9713ba8950097ceb760b161e19907,Domains_SSE_PBE
855,-4.182922818534704,-4.106309541811545,1.02,-0.193488962524,86dd3a804d78ca5d203ebf98747e8f16dff9713ba8950097ceb760b161e19907,Domains_SSE_PBE
856,-4.18329767009685,-4.106309541811545,1.02,-0.193488962524,86dd3a804d78ca5d203ebf98747e8f16dff9713ba8950097ceb760b161e19907,Domains_SSE_PBE
857,-4.183672795501555,-4.106309541811545,1.02,-0.193488962524,86dd3a804d78ca5d203ebf98747e8f16dff9713ba8950097ceb760b161e19907,Domains_SSE_PBE
858,-4.18404819448597,-4.106309541811545,1.02,-0.193488962524,86dd3a804d78ca5d203ebf98747e8f16dff9713ba8950097ceb760b161e19907,Domains_SSE_PBE
859,-4.184423866787699,-4.106309541811545,1.02,-0.193488962524,86dd3a804d78ca5d203ebf98747e8f16dff9713ba8950097ceb760b161e19907,Domains_SSE_PBE
860,-4.18479981214479,-4.106309541811545,1.02,-0.193488962524,86dd3a804d78ca5d203ebf98747e8f16dff9713ba8950097ceb760b161e19907,Domains_SSE_PBE
861,-4.185176030295747,-4.106309541811545,1.02,-0.193488962524,86dd3a804d78ca5d203ebf98747e8f16dff9713ba8950097ceb760b161e19907,Domains_SSE_PBE
862,-4.185552520979513,-4.106309541811545,1.02,-0.193488962524,86dd3a804d78ca5d203ebf98747e8f16dff9713ba8950097ceb760b161e19907,Domains_SSE_PBE
863,-4.185929283935485,-4.106309541811545,1.02,-0.193488962524,86dd3a804d78ca5d203ebf98747e8f16dff9713ba8950097ceb760b161e19907,Domains_SSE_PBE
864,-4.186306318903503,-4.106309541811545,1.02,-0.193488962524,86dd3a804d78ca5d203ebf98747e8f16dff9713ba8950097ceb760b161e19907,Domains_SSE_PBE
865,-4.18668362562385,-4.106309541811545,1.02,-0.193488962524,86dd3a804d78ca5d203ebf98747e8f16dff9713ba8950097ceb760b161e19907,Domains_SSE_PBE
866,-4.187061203837256,-4.106309541811545,1.02,-0.193488962524,86dd3a804d78ca5d203ebf98747e8f16dff9713ba8950097ceb760b161e19907,Domains_SSE_PBE
867,-4.187439053284892,-4.106309541811545,1.02,-0.193488962524,86dd3a804d78ca5d203ebf98747e8f16dff9713ba8950097ceb760b161e19907,Domains_SSE_PBE
868,-4.187817173708369,-4.106309541811545,1.02,-0.193488962524,86dd3a804d78ca5d203ebf98747e8f16dff9713ba8950097ceb760b161e19907,Domains_SSE_PBE
869,-4.188195564849744,-4.106309541811545,1.02,-0.193488962524,86dd3a804d78ca5d203ebf98747e8f16dff9713ba8950097ceb760b161e19907,Domains_SSE_PBE
870,-4.188574226451508,-4.106309541811545,1.02,-0.193488962524,86dd3a804d78ca5d203ebf98747e8f16dff9713ba8950097ceb760b161e19907,Domains_SSE_PBE
871,-4.188953158256594,-4.106309541811545,1.02,-0.193488962524,86dd3a804d78ca5d203ebf98747e8f16dff9713ba8950097ceb760b161e19907,Domains_SSE_PBE
872,-4.189332360008373,-4.106309541811545,1.02,-0.193488962524,86dd3a804d78ca5d203ebf98747e8f16dff9713ba8950097ceb760b161e19907,Domains_SSE_PBE
873,-4.189711831450651,-4.106309541811545,1.02,-0.193488962524,86dd3a804d78ca5d203ebf98747e8f16dff9713ba8950097ceb760b161e19907,Domains_SSE_PBE
874,-4.190091572327671,-4.106309541811545,1.02,-0.193488962524,86dd3a804d78ca5d203ebf98747e8f16dff9713ba8950097ceb760b161e19907,Domains_SSE_PBE
875,-4.190471582384113,-4.106309541811545,1.02,-0.193488962524,86dd3a804d78ca5d203ebf98747e8f16dff9713ba8950097ceb760b161e19907,Domains_SSE_PBE
876,-4.190851861365088,-4.106309541811545,1.02,-0.193488962524,86dd3a804d78ca5d203ebf98747e8f16dff9713ba8950097ceb760b161e19907,Domains_SSE_PBE
877,-4.191232409016141,-4.106309541811545,1.02,-0.193488962524,86dd3a804d78ca5d203ebf98747e8f16dff9713ba8950097ceb760b161e19907,Domains_SSE_PBE
878,-4.19161322508325,-4.106309541811545,1.02,-0.193488962524,86dd3a804d78ca5d203ebf98747e8f16dff9713ba8950097ceb760b161e19907,Domains_SSE_PBE
879,-4.191994309312824,-4.106309541811545,1.02,-0.193488962524,86dd3a804d78ca5d203ebf98747e8f16dff9713ba8950097ceb760b161e19907,Domains_SSE_PBE
880,-4.1923756614517,-4.106309541811545,1.02,-0.193488962524,86dd3a804d78ca5d203ebf98747e8f16dff9713ba8950097ceb760b161e19907,Domains_SSE_PBE
881,-4.192757281247148,-4.106309541811545,1.02,-0.193488962524,86dd3a804d78ca5d203ebf98747e8f16dff9713ba8950097ceb760b161e19907,Domains_SSE_PBE
882,-4.193139168446862,-4.106309541811545,1.02,-0.193488962524,86dd3a804d78ca5d203ebf98747e8f16dff9713ba8950097ceb760b161e19907,Domains_SSE_PBE
883,-4.193521322798969,-4.106309541811545,1.02,-0.193488962524,86dd3a804d78ca5d203ebf98747e8f16dff9713ba8950097ceb760b161e19907,Domains_SSE_PBE
884,-4.193903744052017,-4.106309541811545,1.02,-0.193488962524,86dd3a804d78ca5d203ebf98747e8f16dff9713ba8950097ceb760b161e19907,Domains_SSE_PBE
885,-4.194286431954982,-4.106309541811545,1.02,-0.193488962524,86dd3a804d78ca5d203ebf98747e8f16dff9713ba8950097ceb760b161e19907,Domains_SSE_PBE
886,-4.194669386257265,-4.106309541811545,1.02,-0.193488962524,86dd3a804d78ca5d203ebf98747e8f16dff9713ba8950097ceb760b161e19907,Domains_SSE_PBE
887,-4.195052606708689,-4.106309541811545,1.02,-0.193488962524,86dd3a804d78ca5d203ebf98747e8f16dff9713ba8950097ceb760b161e19907,Domains_SSE_PBE
888,-4.195436093059501,-4.106309541811545,1.02,-0.193488962524,86dd3a804d78ca5d203ebf98747e8f16dff9713ba8950097ceb760b161e19907,Domains_SSE_PBE
889,-4.195819845060369,-4.106309541811545,1.02,-0.193488962524,86dd3a804d78ca5d203ebf98747e8f16dff9713ba8950097ceb760b161e19907,Domains_SSE_PBE
890,-4.196203862462384,-4.106309541811545,1.02,-0.193488962524,86dd3a804d78ca5d203ebf98747e8f16dff9713ba8950097ceb760b161e19907,Domains_SSE_PBE
891,-4.196588145017053,-4.106309541811545,1.02,-0.193488962524,86dd3a804d78ca5d203ebf98747e8f16dff9713ba8950097ceb760b161e19907,Domains_SSE_PBE
892,-4.196972692476304,-4.106309541811545,1.02,-0.193488962524,86dd3a804d78ca5d203ebf98747e8f16dff9713ba8950097ceb760b161e19907,Domains_SSE_PBE
893,-4.197357504592485,-4.106309541811545,1.02,-0.193488962524,86dd3a804d78ca5d203ebf98747e8f16dff9713ba8950097ceb760b161e19907,Domains_SSE_PBE
894,-4.19774258111836,-4.106309541811545,1.02,-0.193488962524,86dd3a804d78ca5d203ebf98747e8f16dff9713ba8950097ceb760b161e19907,Domains_SSE_PBE
895,-4.198127921807105,-4.106309541811545,1.02,-0.193488962524,86dd3a804d78ca5d203ebf98747e8f16dff9713ba8950097ceb760b161e19907,Domains_SSE_PBE
896,-4.198513526412317,-4.106309541811545,1.02,-0.193488962524,86dd3a804d78ca5d203ebf98747e8f16dff9713ba8950097ceb760b161e19907,Domains_SSE_PBE
897,-4.198899394688005,-4.106309541811545,1.02,-0.193488962524,86dd3a804d78ca5d203ebf98747e8f16dff9713ba8950097ceb760b161e19907,Domains_SSE_PBE
898,-4.199285526388592,-4.106309541811545,1.02,-0.193488962524,86dd3a804d78ca5d203ebf98747e8f16dff9713ba8950097ceb760b161e19907,Domains_SSE_PBE
899,-4.199671921268913,-4.106309541811545,1.02,-0.193488962524,86dd3a804d78ca5d203ebf98747e8f16dff9713ba8950097ceb760b161e19907,Domains_SSE_PBE
900,-4.200058579084216,-4.106309541811545,1.02,-0.193488962524,86dd3a804d78ca5d203ebf98747e8f16dff9713ba8950097ceb760b161e19907,Domains_SSE_PBE
901,-4.200445499590157,-4.106309541811545,1.02,-0.193488962524,86dd3a804d78ca5d203ebf98747e8f16dff9713ba8950097ceb760b161e19907,Domains_SSE_PBE
902,-4.200832682542805,-4.106309541811545,1.02,-0.193488962524,86dd3a804d78ca5d203ebf98747e8f16dff9713ba8950097ceb760b161e19907,Domains_SSE_PBE
903,-4.201220127698636,-4.106309541811545,1.02,-0.193488962524,86dd3a804d78ca5d203ebf98747e8f16dff9713ba8950097ceb760b161e19907,Domains_SSE_PBE
904,-4.201607834814535,-4.106309541811545,1.02,-0.193488962524,86dd3a804d78ca5d203ebf98747e8f16dff9713ba8950097ceb760b161e19907,Domains_SSE_PBE
905,-4.201995803647793,-4.106309541811545,1.02,-0.193488962524,86dd3a804d78ca5d203ebf98747e8f16dff9713ba8950097ceb760b161e19907,Domains_SSE_PBE
906,-4.202384033956109,-4.106309541811545,1.02,-0.193488962524,86dd3a804d78ca5d203ebf98747e8f16dff9713ba8950097ceb760b161e19907,Domains_SSE_PBE
907,-4.202772525497587,-4.106309541811545,1.02,-0.193488962524,86dd3a804d78ca5d203ebf98747e8f16dff9713ba8950097ceb760b161e19907,Domains_SSE_PBE
908,-4.203161278030734,-4.106309541811545,1.02,-0.193488962524,86dd3a804d78ca5d203ebf98747e8f16dff9713ba8950097ceb760b161e19907,Domains_SSE_PBE
909,-4.203550291314461,-4.106309541811545,1.02,-0.193488962524,86dd3a804d78ca5d203ebf98747e8f16dff9713ba8950097ceb760b161e19907,Domains_SSE_PBE
910,-4.203939565108084,-4.106309541811545,1.02,-0.193488962524,86dd3a804d78ca5d203ebf98747e8f16dff9713ba8950097ceb760b161e19907,Domains_SSE_PBE
911,-4.204329099171318,-4.106309541811545,1.02,-0.193488962524,86dd3a804d78ca5d203ebf98747e8f16dff9713ba8950097ceb760b161e19907,Domains_SSE_PBE
912,-4.20471889326428,-4.106309541811545,1.02,-0.193488962524,86dd3a804d78ca5d203ebf98747e8f16dff9713ba8950097ceb760b161e19907,Domains_SSE_PBE
913,-4.205108947147488,-4.106309541811545,1.02,-0.193488962524,86dd3a804d78ca5d203ebf98747e8f16dff9713ba8950097ceb760b161e19907,Domains_SSE_PBE
914,-4.205499260581856,-4.106309541811545,1.02,-0.193488962524,86dd3a804d78ca5d203ebf98747e8f16dff9713ba8950097ceb760b161e19907,Domains_SSE_PBE
915,-4.205889833328702,-4.106309541811545,1.02,-0.193488962524,86dd3a804d78ca5d203ebf98747e8f16dff9713ba8950097ceb760b161e19907,Domains_SSE_PBE
916,-4.206280665149736,-4.106309541811545,1.02,-0.193488962524,86dd3a804d78ca5d203ebf98747e8f16dff9713ba8950097ceb760b161e19907,Domains_SSE_PBE
917,-4.206671755807067,-4.106309541811545,1.02,-0.193488962524,86dd3a804d78ca5d203ebf98747e8f16dff9713ba8950097ceb760b161e19907,Domains_SSE_PBE
918,-4.207063105063199,-4.106309541811545,1.02,-0.193488962524,86dd3a804d78ca5d203ebf98747e8f16dff9713ba8950097ceb760b161e19907,Domains_SSE_PBE
919,-4.207454712681032,-4.106309541811545,1.02,-0.193488962524,86dd3a804d78ca5d203ebf98747e8f16dff9713ba8950097ceb760b161e19907,Domains_SSE_PBE
920,-4.207846578423858,-4.106309541811545,1.02,-0.193488962524,86dd3a804d78ca5d203ebf98747e8f16dff9713ba8950097ceb760b161e19907,Domains_SSE_PBE
921,-4.208238702055365,-4.106309541811545,1.02,-0.193488962524,86dd3a804d78ca5d203ebf98747e8f16dff9713ba8950097ceb760b161e19907,Domains_SSE_PBE
922,-4.20863108333963,-4.106309541811545,1.02,-0.193488962524,86dd3a804d78ca5d203ebf98747e8f16dff9713ba8950097ceb760b161e19907,Domains_SSE_PBE
923,-4.209023722041124,-4.106309541811545,1.02,-0.193488962524,86dd3a804d78ca5d203ebf98747e8f16dff9713ba8950097ceb760b161e19907,Domains_SSE_PBE
924,-4.209416617924706,-4.106309541811545,1.02,-0.193488962524,86dd3a804d78ca5d203ebf98747e8f16dff9713ba8950097ceb760b161e19907,Domains_SSE_PBE
925,-4.209809770755628,-4.106309541811545,1.02,-0.193488962524,86dd3a804d78ca5d203ebf98747e8f16dff9713ba8950097ceb760b161e19907,Domains_SSE_PBE
926,-4.210203180299527,-4.106309541811545,1.02,-0.193488962524,86dd3a804d78ca5d203ebf98747e8f16dff9713ba8950097ceb760b161e19907,Domains_SSE_PBE
927,-4.210596846322431,-4.106309541811545,1.02,-0.193488962524,86dd3a804d78ca5d203ebf98747e8f16dff9713ba8950097ceb760b161e19907,Domains_SSE_PBE
928,-4.210990768590754,-4.106309541811545,1.02,-0.193488962524,86dd3a804d78ca5d203ebf98747e8f16dff9713ba8950097ceb760b161e19907,Domains_SSE_PBE
929,-4.211384946871297,-4.106309541811545,1.02,-0.193488962524,86dd3a804d78ca5d203ebf98747e8f16dff9713ba8950097ceb760b161e19907,Domains_SSE_PBE
930,-4.211779380931244,-4.106309541811545,1.02,-0.193488962524,86dd3a804d78ca5d203ebf98747e8f16dff9713ba8950097ceb760b161e19907,Domains_SSE_PBE
931,-4.212174070538165,-4.106309541811545,1.02,-0.193488962524,86dd3a804d78ca5d203ebf98747e8f16dff9713ba8950097ceb760b161e19907,Domains_SSE_PBE
932,-4.212569015460016,-4.106309541811545,1.02,-0.193488962524,86dd3a804d78ca5d203ebf98747e8f16dff9713ba8950097ceb760b161e19907,Domains_SSE_PBE
933,-4.212964215465133,-4.106309541811545,1.02,-0.193488962524,86dd3a804d78ca5d203ebf98747e8f16dff9713ba8950097ceb760b161e19907,Domains_SSE_PBE
934,-4.213359670322235,-4.106309541811545,1.02,-0.193488962524,86dd3a804d78ca5d203ebf98747e8f16dff9713ba8950097ceb760b161e19907,Domains_SSE_PBE
935,-4.213755379800422,-4.106309541811545,1.02,-0.193488962524,86dd3a804d78ca5d203ebf98747e8f16dff9713ba8950097ceb760b161e19907,Domains_SSE_PBE
936,-4.214151343669175,-4.106309541811545,1.02,-0.193488962524,86dd3a804d78ca5d203ebf98747e8f16dff9713ba8950097ceb760b161e19907,Domains_SSE_PBE
937,-4.214547561698354,-4.106309541811545,1.02,-0.193488962524,86dd3a804d78ca5d203ebf98747e8f16dff9713ba8950097ceb760b161e19907,Domains_SSE_PBE
938,-4.214944033658198,-4.106309541811545,1.02,-0.193488962524,86dd3a804d78ca5d203ebf98747e8f16dff9713ba8950097ceb760b161e19907,Domains_SSE_PBE
939,-4.215340759319324,-4.106309541811545,1.02,-0.193488962524,86dd3a804d78ca5d203ebf98747e8f16dff9713ba8950097ceb760b161e19907,Domains_SSE_PBE
940,-4.215737738452726,-4.106309541811545,1.02,-0.193488962524,86dd3a804d78ca5d203ebf98747e8f16dff9713ba8950097ceb760b161e19907,Domains_SSE_PBE
941,-4.216134970829774,-4.106309541811545,1.02,-0.193488962524,86dd3a804d78ca5d203ebf98747e8f16dff9713ba8950097ceb760b161e19907,Domains_SSE_PBE
942,-4.216532456222214,-4.106309541811545,1.02,-0.193488962524,86dd3a804d78ca5d203ebf98747e8f16dff9713ba8950097ceb760b161e19907,Domains_SSE_PBE
943,-4.216930194402165,-4.106309541811545,1.02,-0.193488962524,86dd3a804d78ca5d203ebf98747e8f16dff9713ba8950097ceb760b161e19907,Domains_SSE_PBE
944,-4.217328185142123,-4.106309541811545,1.02,-0.193488962524,86dd3a804d78ca5d203ebf98747e8f16dff9713ba8950097ceb760b161e19907,Domains_SSE_PBE
945,-4.217726428214954,-4.106309541811545,1.02,-0.193488962524,86dd3a804d78ca5d203ebf98747e8f16dff9713ba8950097ceb760b161e19907,Domains_SSE_PBE
946,-4.218124923393898,-4.106309541811545,1.02,-0.193488962524,86dd3a804d78ca5d203ebf98747e8f16dff9713ba8950097ceb760b161e19907,Domains_SSE_PBE
947,-4.218523670452564,-4.106309541811545,1.02,-0.193488962524,86dd3a804d78ca5d203ebf98747e8f16dff9713ba8950097ceb760b161e19907,Domains_SSE_PBE
948,-4.218922669164935,-4.106309541811545,1.02,-0.193488962524,86dd3a804d78ca5d203ebf98747e8f16dff9713ba8950097ceb760b161e19907,Domains_SSE_PBE
949,-4.219321919305361,-4.106309541811545,1.02,-0.193488962524,86dd3a804d78ca5d203ebf98747e8f16dff9713ba8950097ceb760b161e19907,Domains_SSE_PBE
950,-4.219721420648562,-4.106309541811545,1.02,-0.193488962524,86dd3a804d78ca5d203ebf98747e8f16dff9713ba8950097ceb760b161e19907,Domains_SSE_PBE
951,-4.220121172969626,-4.106309541811545,1.02,-0.193488962524,86dd3a804d78ca5d203ebf98747e8f16dff9713ba8950097ceb760b161e19907,Domains_SSE_PBE
952,-4.220521176044008,-4.106309541811545,1.02,-0.193488962524,86dd3a804d78ca5d203ebf98747e8f16dff9713ba8950097ceb760b161e19907,Domains_SSE_PBE
953,-4.220921429647532,-4.106309541811545,1.02,-0.193488962524,86dd3a804d78ca5d203ebf98747e8f16dff9713ba8950097ceb760b161e19907,Domains_SSE_PBE
954,-4.221321933556383,-4.106309541811545,1.02,-0.193488962524,86dd3a804d78ca5d203ebf98747e8f16dff9713ba8950097ceb760b161e19907,Domains_SSE_PBE
955,-4.221722687547115,-4.106309541811545,1.02,-0.193488962524,86dd3a804d78ca5d203ebf98747e8f16dff9713ba8950097ceb760b161e19907,Domains_SSE_PBE
956,-4.222123691396645,-4.106309541811545,1.02,-0.193488962524,86dd3a804d78ca5d203ebf98747e8f16dff9713ba8950097ceb760b161e19907,Domains_SSE_PBE
957,-4.222524944882251,-4.106309541811545,1.02,-0.193488962524,86dd3a804d78ca5d203ebf98747e8f16dff9713ba8950097ceb760b161e19907,Domains_SSE_PBE
958,-4.222926447781579,-4.106309541811545,1.02,-0.193488962524,86dd3a804d78ca5d203ebf98747e8f16dff9713ba8950097ceb760b161e19907,Domains_SSE_PBE
959,-4.223328199872631,-4.106309541811545,1.02,-0.193488962524,86dd3a804d78ca5d203ebf98747e8f16dff9713ba8950097ceb760b161e19907,Domains_SSE_PBE
960,-4.223730200933773,-4.106309541811545,1.02,-0.193488962524,86dd3a804d78ca5d203ebf98747e8f16dff9713ba8950097ceb760b161e19907,Domains_SSE_PBE
961,-4.224132450743731,-4.106309541811545,1.02,-0.193488962524,86dd3a804d78ca5d203ebf98747e8f16dff9713ba8950097ceb760b161e19907,Domains_SSE_PBE
962,-4.224534949081591,-4.106309541811545,1.02,-0.193488962524,86dd3a804d78ca5d203ebf98747e8f16dff9713ba8950097ceb760b161e19907,Domains_SSE_PBE
963,-4.224937695726795,-4.106309541811545,1.02,-0.193488962524,86dd3a804d78ca5d203ebf98747e8f16dff9713ba8950097ceb760b161e19907,Domains_SSE_PBE
964,-4.225340690459146,-4.106309541811545,1.02,-0.193488962524,86dd3a804d78ca5d203ebf98747e8f16dff9713ba8950097ceb760b161e19907,Domains_SSE_PBE
965,-4.225743933058802,-4.106309541811545,1.02,-0.193488962524,86dd3a804d78ca5d203ebf98747e8f16dff9713ba8950097ceb760b161e19907,Domains_SSE_PBE
966,-4.226147423306279,-4.106309541811545,1.02,-0.193488962524,86dd3a804d78ca5d203ebf98747e8f16dff9713ba8950097ceb760b161e19907,Domains_SSE_PBE
967,-4.226551160982447,-4.106309541811545,1.02,-0.193488962524,86dd3a804d78ca5d203ebf98747e8f16dff9713ba8950097ceb760b161e19907,Domains_SSE_PBE
968,-4.226955145868531,-4.106309541811545,1.02,-0.193488962524,86dd3a804d78ca5d203ebf98747e8f16dff9713ba8950097ceb760b161e19907,Domains_SSE_PBE
969,-4.227359377746111,-4.106309541811545,1.02,-0.193488962524,86dd3a804d78ca5d203ebf98747e8f16dff9713ba8950097ceb760b161e19907,Domains_SSE_PBE
970,-4.22776385639712,-4.106309541811545,1.02,-0.193488962524,86dd3a804d78ca5d203ebf98747e8f16dff9713ba8950097ceb760b161e19907,Domains_SSE_PBE
971,-4.228168581603842,-4.106309541811545,1.02,-0.193488962524,86dd3a804d78ca5d203ebf98747e8f16dff9713ba8950097ceb760b161e19907,Domains_SSE_PBE
972,-4.228573553148915,-4.106309541811545,1.02,-0.193488962524,86dd3a804d78ca5d203ebf98747e8f16dff9713ba8950097ceb760b161e19907,Domains_SSE_PBE
973,-4.228978770815326,-4.106309541811545,1.02,-0.193488962524,86dd3a804d78ca5d203ebf98747e8f16dff9713ba8950097ceb760b161e19907,Domains_SSE_PBE
974,-4.229384234386413,-4.106309541811545,1.02,-0.193488962524,86dd3a804d78ca5d203ebf98747e8f16dff9713ba8950097ceb760b161e19907,Domains_SSE_PBE
975,-4.229789943645865,-4.106309541811545,1.02,-0.193488962524,86dd3a804d78ca5d203ebf98747e8f16dff9713ba8950097ceb760b161e19907,Domains_SSE_PBE
976,-4.230195898377715,-4.106309541811545,1.02,-0.193488962524,86dd3a804d78ca5d203ebf98747e8f16dff9713ba8950097ceb760b161e19907,Domains_SSE_PBE
977,-4.230602098366351,-4.106309541811545,1.02,-0.193488962524,86dd3a804d78ca5d203ebf98747e8f16dff9713ba8950097ceb760b161e19907,Domains_SSE_PBE
978,-4.2310085433965,-4.106309541811545,1.02,-0.193488962524,86dd3a804d78ca5d203ebf98747e8f16dff9713ba8950097ceb760b161e19907,Domains_SSE_PBE
979,-4.231415233253244,-4.106309541811545,1.02,-0.193488962524,86dd3a804d78ca5d203ebf98747e8f16dff9713ba8950097ceb760b161e19907,Domains_SSE_PBE
980,-4.231822167722002,-4.106309541811545,1.02,-0.193488962524,86dd3a804d78ca5d203ebf98747e8f16dff9713ba8950097ceb760b161e19907,Domains_SSE_PBE
981,-4.232229346588546,-4.106309541811545,1.02,-0.193488962524,86dd3a804d78ca5d203ebf98747e8f16dff9713ba8950097ceb760b161e19907,Domains_SSE_PBE
982,-4.232636769638985,-4.106309541811545,1.02,-0.193488962524,86dd3a804d78ca5d203ebf98747e8f16dff9713ba8950097ceb760b161e19907,Domains_SSE_PBE
983,-4.233044436659777,-4.106309541811545,1.02,-0.193488962524,86dd3a804d78ca5d203ebf98747e8f16dff9713ba8950097ceb760b161e19907,Domains_SSE_PBE
984,-4.233452347437721,-4.106309541811545,1.02,-0.193488962524,86dd3a804d78ca5d203ebf98747e8f16dff9713ba8950097ceb760b161e19907,Domains_SSE_PBE
985,-4.233860501759955,-4.106309541811545,1.02,-0.193488962524,86dd3a804d78ca5d203ebf98747e8f16dff9713ba8950097ceb760b161e19907,Domains_SSE_PBE
986,-4.234268899413963,-4.106309541811545,1.02,-0.193488962524,86dd3a804d78ca5d203ebf98747e8f16dff9713ba8950097ceb760b161e19907,Domains_SSE_PBE
987,-4.234677540187566,-4.106309541811545,1.02,-0.193488962524,86dd3a804d78ca5d203ebf98747e8f16dff9713ba8950097ceb760b161e19907,Domains_SSE_PBE
988,-4.235086423868927,-4.106309541811545,1.02,-0.193488962524,86dd3a804d78ca5d203ebf98747e8f16dff9713ba8950097ceb760b161e19907,Domains_SSE_PBE
989,-4.235495550246546,-4.106309541811545,1.02,-0.193488962524,86dd3a804d78ca5d203ebf98747e8f16dff9713ba8950097ceb760b161e19907,Domains_SSE_PBE
990,-4.235904919109262,-4.106309541811545,1.02,-0.193488962524,86dd3a804d78ca5d203ebf98747e8f16dff9713ba8950097ceb760b161e19907,Domains_SSE_PBE
991,-4.236314530246253,-4.106309541811545,1.02,-0.193488962524,86dd3a804d78ca5d203ebf98747e8f16dff9713ba8950097ceb760b161e19907,Domains_SSE_PBE
992,-4.236724383447031,-4.106309541811545,1.02,-0.193488962524,86dd3a804d78ca5d203ebf98747e8f16dff9713ba8950097ceb760b161e19907,Domains_SSE_PBE
993,-4.237134478501448,-4.106309541811545,1.02,-0.193488962524,86dd3a804d78ca5d203ebf98747e8f16dff9713ba8950097ceb760b161e19907,Domains_SSE_PBE
994,-4.237544815199687,-4.106309541811545,1.02,-0.193488962524,86dd3a804d78ca5d203ebf98747e8f16dff9713ba8950097ceb760b161e19907,Domains_SSE_PBE
995,-4.237955393332268,-4.106309541811545,1.02,-0.193488962524,86dd3a804d78ca5d203ebf98747e8f16dff9713ba8950097ceb760b161e19907,Domains_SSE_PBE
996,-4.238366212690045,-4.106309541811545,1.02,-0.193488962524,86dd3a804d78ca5d203ebf98747e8f16dff9713ba8950097ceb760b161e19907,Domains_SSE_PBE
997,-4.238777273064206,-4.106309541811545,1.02,-0.193488962524,86dd3a804d78ca5d203ebf98747e8f16dff9713ba8950097ceb760b161e19907,Domains_SSE_PBE
998,-4.239188574246269,-4.106309541811545,1.02,-0.193488962524,86dd3a804d78ca5d203ebf98747e8f16dff9713ba8950097ceb760b161e19907,Domains_SSE_PBE
999,-4.239600116028085,-4.106309541811545,1.02,-0.193488962524,86dd3a804d78ca5d203ebf98747e8f16dff9713ba8950097ceb760b161e19907,Domains_SSE_PBE
1000,-4.240011898201838,-4.106309541811545,1.02,-0.193488962524,86dd3a804d78ca5d203ebf98747e8f16dff9713ba8950097ceb760b161e19907,Domains_SSE_PBE
1001,-4.240423920560039,-4.106309541811545,1.02,-0.193488962524,86dd3a804d78ca5d203ebf98747e8f16dff9713ba8950097ceb760b161e19907,Domains_SSE_PBE
1002,-4.240836182895531,-4.106309541811545,1.02,-0.193488962524,86dd3a804d78ca5d203ebf98747e8f16dff9713ba8950097ceb760b161e19907,Domains_SSE_PBE
1003,-4.241248685001485,-4.106309541811545,1.02,-0.193488962524,86dd3a804d78ca5d203ebf98747e8f16dff9713ba8950097ceb760b161e19907,Domains_SSE_PBE
1004,-4.241661426671401,-4.106309541811545,1.02,-0.193488962524,86dd3a804d78ca5d203ebf98747e8f16dff9713ba8950097ceb760b161e19907,Domains_SSE_PBE
1005,-4.242074407699104,-4.106309541811545,1.02,-0.193488962524,86dd3a804d78ca5d203ebf98747e8f16dff9713ba8950097ceb760b161e19907,Domains_SSE_PBE
1006,-4.242487627878751,-4.106309541811545,1.02,-0.193488962524,86dd3a804d78ca5d203ebf98747e8f16dff9713ba8950097ceb760b161e19907,Domains_SSE_PBE
1007,-4.24290108700482,-4.106309541811545,1.02,-0.193488962524,86dd3a804d78ca5d203ebf98747e8f16dff9713ba8950097ceb760b161e19907,Domains_SSE_PBE
1008,-4.243314784872116,-4.106309541811545,1.02,-0.193488962524,86dd3a804d78ca5d203ebf98747e8f16dff9713ba8950097ceb760b161e19907,Domains_SSE_PBE
1009,-4.243728721275771,-4.106309541811545,1.02,-0.193488962524,86dd3a804d78ca5d203ebf98747e8f16dff9713ba8950097ceb760b161e19907,Domains_SSE_PBE
1010,-4.244142896011238,-4.106309541811545,1.02,-0.193488962524,86dd3a804d78ca5d203ebf98747e8f16dff9713ba8950097ceb760b161e19907,Domains_SSE_PBE
1011,-4.244557308874294,-4.106309541811545,1.02,-0.193488962524,86dd3a804d78ca5d203ebf98747e8f16dff9713ba8950097ceb760b161e19907,Domains_SSE_PBE
1012,-4.24497195966104,-4.106309541811545,1.02,-0.193488962524,86dd3a804d78ca5d203ebf98747e8f16dff9713ba8950097ceb760b161e19907,Domains_SSE_PBE
1013,-4.245386848167898,-4.106309541811545,1.02,-0.193488962524,86dd3a804d78ca5d203ebf98747e8f16dff9713ba8950097ceb760b161e19907,Domains_SSE_PBE
1014,-4.245801974191611,-4.106309541811545,1.02,-0.193488962524,86dd3a804d78ca5d203ebf98747e8f16dff9713ba8950097ceb760b161e19907,Domains_SSE_PBE
1015,-4.246217337529243,-4.106309541811545,1.02,-0.193488962524,86dd3a804d78ca5d203ebf98747e8f16dff9713ba8950097ceb760b161e19907,Domains_SSE_PBE
1016,-4.246632937978179,-4.106309541811545,1.02,-0.193488962524,86dd3a804d78ca5d203ebf98747e8f16dff9713ba8950097ceb760b161e19907,Domains_SSE_PBE
1017,-4.247048775336121,-4.106309541811545,1.02,-0.193488962524,86dd3a804d78ca5d203ebf98747e8f16dff9713ba8950097ceb760b161e19907,Domains_SSE_PBE
1018,-4.247464849401091,-4.106309541811545,1.02,-0.193488962524,86dd3a804d78ca5d203ebf98747e8f16dff9713ba8950097ceb760b161e19907,Domains_SSE_PBE
1019,-4.247881159971429,-4.106309541811545,1.02,-0.193488962524,86dd3a804d78ca5d203ebf98747e8f16dff9713ba8950097ceb760b161e19907,Domains_SSE_PBE
1020,-4.248297706845791,-4.106309541811545,1.02,-0.193488962524,86dd3a804d78ca5d203ebf98747e8f16dff9713ba8950097ceb760b161e19907,Domains_SSE_PBE
1021,-4.24871448982315,-4.106309541811545,1.02,-0.193488962524,86dd3a804d78ca5d203ebf98747e8f16dff9713ba8950097ceb760b161e19907,Domains_SSE_PBE
1022,-4.249131508702796,-4.106309541811545,1.02,-0.193488962524,86dd3a804d78ca5d203ebf98747e8f16dff9713ba8950097ceb760b161e19907,Domains_SSE_PBE
1023,-4.249548763284332,-4.106309541811545,1.02,-0.193488962524,86dd3a804d78ca5d203ebf98747e8f16dff9713ba8950097ceb760b161e19907,Domains_SSE_PBE
1024,-4.249966253367677,-4.106309541811545,1.02,-0.193488962524,86dd3a804d78ca5d203ebf98747e8f16dff9713ba8950097ceb760b161e19907,Domains_SSE_PBE
1025,-4.250383978753064,-4.106309541811545,1.02,-0.193488962524,86dd3a804d78ca5d203ebf98747e8f16dff9713ba8950097ceb760b161e19907,Domains_SSE_PBE
1026,-4.250801939241038,-4.106309541811545,1.02,-0.193488962524,86dd3a804d78ca5d203ebf98747e8f16dff9713ba8950097ceb760b161e19907,Domains_SSE_PBE
1027,-4.251220134632457,-4.106309541811545,1.02,-0.193488962524,86dd3a804d78ca5d203ebf98747e8f16dff9713ba8950097ceb760b161e19907,Domains_SSE_PBE
1028,-4.251638564728492,-4.106309541811545,1.02,-0.193488962524,86dd3a804d78ca5d203ebf98747e8f16dff9713ba8950097ceb760b161e19907,Domains_SSE_PBE
1029,-4.252057229330623,-4.106309541811545,1.02,-0.193488962524,86dd3a804d78ca5d203ebf98747e8f16dff9713ba8950097ceb760b161e19907,Domains_SSE_PBE
1030,-4.25247612824064,-4.106309541811545,1.02,-0.193488962524,86dd3a804d78ca5d203ebf98747e8f16dff9713ba8950097ceb760b161e19907,Domains_SSE_PBE
1031,-4.252895261260647,-4.106309541811545,1.02,-0.193488962524,86dd3a804d78ca5d203ebf98747e8f16dff9713ba8950097ceb760b161e19907,Domains_SSE_PBE
1032,-4.253314628193054,-4.106309541811545,1.02,-0.193488962524,86dd3a804d78ca5d203ebf98747e8f16dff9713ba8950097ceb760b161e19907,Domains_SSE_PBE
1033,-4.253734228840578,-4.106309541811545,1.02,-0.193488962524,86dd3a804d78ca5d203ebf98747e8f16dff9713ba8950097ceb760b161e19907,Domains_SSE_PBE
1034,-4.254154063006247,-4.106309541811545,1.02,-0.193488962524,86dd3a804d78ca5d203ebf98747e8f16dff9713ba8950097ceb760b161e19907,Domains_SSE_PBE
1035,-4.254574130493396,-4.106309541811545,1.02,-0.193488962524,86dd3a804d78ca5d203ebf98747e8f16dff9713ba8950097ceb760b161e19907,Domains_SSE_PBE
1036,-4.254994431105664,-4.106309541811545,1.02,-0.193488962524,86dd3a804d78ca5d203ebf98747e8f16dff9713ba8950097ceb760b161e19907,Domains_SSE_PBE
1037,-4.255414964646998,-4.106309541811545,1.02,-0.193488962524,86dd3a804d78ca5d203ebf98747e8f16dff9713ba8950097ceb760b161e19907,Domains_SSE_PBE
1038,-4.25583573092165,-4.106309541811545,1.02,-0.193488962524,86dd3a804d78ca5d203ebf98747e8f16dff9713ba8950097ceb760b161e19907,Domains_SSE_PBE
1039,-4.256256729734175,-4.106309541811545,1.02,-0.193488962524,86dd3a804d78ca5d203ebf98747e8f16dff9713ba8950097ceb760b161e19907,Domains_SSE_PBE
1040,-4.256677960889435,-4.106309541811545,1.02,-0.193488962524,86dd3a804d78ca5d203ebf98747e8f16dff9713ba8950097ceb760b161e19907,Domains_SSE_PBE
1041,-4.257099424192591,-4.106309541811545,1.02,-0.193488962524,86dd3a804d78ca5d203ebf98747e8f16dff9713ba8950097ceb760b161e19907,Domains_SSE_PBE
1042,-4.257521119449112,-4.106309541811545,1.02,-0.193488962524,86dd3a804d78ca5d203ebf98747e8f16dff9713ba8950097ceb760b161e19907,Domains_SSE_PBE
1043,-4.257943046464765,-4.106309541811545,1.02,-0.193488962524,86dd3a804d78ca5d203ebf98747e8f16dff9713ba8950097ceb760b161e19907,Domains_SSE_PBE
1044,-4.258365205045619,-4.106309541811545,1.02,-0.193488962524,86dd3a804d78ca5d203ebf98747e8f16dff9713ba8950097ceb760b161e19907,Domains_SSE_PBE
1045,-4.258787594998045,-4.106309541811545,1.02,-0.193488962524,86dd3a804d78ca5d203ebf98747e8f16dff9713ba8950097ceb760b161e19907,Domains_SSE_PBE
1046,-4.259210216128713,-4.106309541811545,1.02,-0.193488962524,86dd3a804d78ca5d203ebf98747e8f16dff9713ba8950097ceb760b161e19907,Domains_SSE_PBE
1047,-4.259633068244592,-4.106309541811545,1.02,-0.193488962524,86dd3a804d78ca5d203ebf98747e8f16dff9713ba8950097ceb760b161e19907,Domains_SSE_PBE
1048,-4.260056151152952,-4.106309541811545,1.02,-0.193488962524,86dd3a804d78ca5d203ebf98747e8f16dff9713ba8950097ceb760b161e19907,Domains_SSE_PBE
1049,-4.260479464661359,-4.106309541811545,1.02,-0.193488962524,86dd3a804d78ca5d203ebf98747e8f16dff9713ba8950097ceb760b161e19907,Domains_SSE_PBE
1050,-4.260903008577679,-4.106309541811545,1.02,-0.193488962524,86dd3a804d78ca5d203ebf98747e8f16dff9713ba8950097ceb760b161e19907,Domains_SSE_PBE
1051,-4.261326782710071,-4.106309541811545,1.02,-0.193488962524,86dd3a804d78ca5d203ebf98747e8f16dff9713ba8950097ceb760b161e19907,Domains_SSE_PBE
1052,-4.261750786866996,-4.106309541811545,1.02,-0.193488962524,86dd3a804d78ca5d203ebf98747e8f16dff9713ba8950097ceb760b161e19907,Domains_SSE_PBE
1053,-4.262175020857203,-4.106309541811545,1.02,-0.193488962524,86dd3a804d78ca5d203ebf98747e8f16dff9713ba8950097ceb760b161e19907,Domains_SSE_PBE
1054,-4.262599484489744,-4.106309541811545,1.02,-0.193488962524,86dd3a804d78ca5d203ebf98747e8f16dff9713ba8950097ceb760b161e19907,Domains_SSE_PBE
1055,-4.263024177573961,-4.106309541811545,1.02,-0.193488962524,86dd3a804d78ca5d203ebf98747e8f16dff9713ba8950097ceb760b161e19907,Domains_SSE_PBE
1056,-4.263449099919489,-4.106309541811545,1.02,-0.193488962524,86dd3a804d78ca5d203ebf98747e8f16dff9713ba8950097ceb760b161e19907,Domains_SSE_PBE
1057,-4.263874251336261,-4.106309541811545,1.02,-0.193488962524,86dd3a804d78ca5d203ebf98747e8f16dff9713ba8950097ceb760b161e19907,Domains_SSE_PBE
1058,-4.264299631634497,-4.106309541811545,1.02,-0.193488962524,86dd3a804d78ca5d203ebf98747e8f16dff9713ba8950097ceb760b161e19907,Domains_SSE_PBE
1059,-4.264725240624712,-4.106309541811545,1.02,-0.193488962524,86dd3a804d78ca5d203ebf98747e8f16dff9713ba8950097ceb760b161e19907,Domains_SSE_PBE
1060,-4.265151078117713,-4.106309541811545,1.02,-0.193488962524,86dd3a804d78ca5d203ebf98747e8f16dff9713ba8950097ceb760b161e19907,Domains_SSE_PBE
1061,-4.265577143924594,-4.106309541811545,1.02,-0.193488962524,86dd3a804d78ca5d203ebf98747e8f16dff9713ba8950097ceb760b161e19907,Domains_SSE_PBE
1062,-4.266003437856745,-4.106309541811545,1.02,-0.193488962524,86dd3a804d78ca5d203ebf98747e8f16dff9713ba8950097ceb760b161e19907,Domains_SSE_PBE
1063,-4.26642995972584,-4.106309541811545,1.02,-0.193488962524,86dd3a804d78ca5d203ebf98747e8f16dff9713ba8950097ceb760b161e19907,Domains_SSE_PBE
1064,-4.266856709343845,-4.106309541811545,1.02,-0.193488962524,86dd3a804d78ca5d203ebf98747e8f16dff9713ba8950097ceb760b161e19907,Domains_SSE_PBE
1065,-4.267283686523013,-4.106309541811545,1.02,-0.193488962524,86dd3a804d78ca5d203ebf98747e8f16dff9713ba8950097ceb760b161e19907,Domains_SSE_PBE
1066,-4.267710891075884,-4.106309541811545,1.02,-0.193488962524,86dd3a804d78ca5d203ebf98747e8f16dff9713ba8950097ceb760b161e19907,Domains_SSE_PBE
1067,-4.268138322815289,-4.106309541811545,1.02,-0.193488962524,86dd3a804d78ca5d203ebf98747e8f16dff9713ba8950097ceb760b161e19907,Domains_SSE_PBE
1068,-4.26856598155434,-4.106309541811545,1.02,-0.193488962524,86dd3a804d78ca5d203ebf98747e8f16dff9713ba8950097ceb760b161e19907,Domains_SSE_PBE
1069,-4.268993867106438,-4.106309541811545,1.02,-0.193488962524,86dd3a804d78ca5d203ebf98747e8f16dff9713ba8950097ceb760b161e19907,Domains_SSE_PBE
1070,-4.26942197928527,-4.106309541811545,1.02,-0.193488962524,86dd3a804d78ca5d203ebf98747e8f16dff9713ba8950097ceb760b161e19907,Domains_SSE_PBE
1071,-4.269850317904806,-4.106309541811545,1.02,-0.193488962524,86dd3a804d78ca5d203ebf98747e8f16dff9713ba8950097ceb760b161e19907,Domains_SSE_PBE
1072,-4.270278882779301,-4.106309541811545,1.02,-0.193488962524,86dd3a804d78ca5d203ebf98747e8f16dff9713ba8950097ceb760b161e19907,Domains_SSE_PBE
1073,-4.270707673723291,-4.106309541811545,1.02,-0.193488962524,86dd3a804d78ca5d203ebf98747e8f16dff9713ba8950097ceb760b161e19907,Domains_SSE_PBE
1074,-4.2711366905516,-4.106309541811545,1.02,-0.193488962524,86dd3a804d78ca5d203ebf98747e8f16dff9713ba8950097ceb760b161e19907,Domains_SSE_PBE
1075,-4.271565933079329,-4.106309541811545,1.02,-0.193488962524,86dd3a804d78ca5d203ebf98747e8f16dff9713ba8950097ceb760b161e19907,Domains_SSE_PBE
1076,-4.271995401121864,-4.106309541811545,1.02,-0.193488962524,86dd3a804d78ca5d203ebf98747e8f16dff9713ba8950097ceb760b161e19907,Domains_SSE_PBE
1077,-4.272425094494872,-4.106309541811545,1.02,-0.193488962524,86dd3a804d78ca5d203ebf98747e8f16dff9713ba8950097ceb760b161e19907,Domains_SSE_PBE
1078,-4.272855013014298,-4.106309541811545,1.02,-0.193488962524,86dd3a804d78ca5d203ebf98747e8f16dff9713ba8950097ceb760b161e19907,Domains_SSE_PBE
1079,-4.273285156496368,-4.106309541811545,1.02,-0.193488962524,86dd3a804d78ca5d203ebf98747e8f16dff9713ba8950097ceb760b161e19907,Domains_SSE_PBE
1080,-4.273715524757591,-4.106309541811545,1.02,-0.193488962524,86dd3a804d78ca5d203ebf98747e8f16dff9713ba8950097ceb760b161e19907,Domains_SSE_PBE
1081,-4.27414611761475,-4.106309541811545,1.02,-0.193488962524,86dd3a804d78ca5d203ebf98747e8f16dff9713ba8950097ceb760b161e19907,Domains_SSE_PBE
1082,-4.274576934884908,-4.106309541811545,1.02,-0.193488962524,86dd3a804d78ca5d203ebf98747e8f16dff9713ba8950097ceb760b161e19907,Domains_SSE_PBE
1083,-4.275007976385405,-4.106309541811545,1.02,-0.193488962524,86dd3a804d78ca5d203ebf98747e8f16dff9713ba8950097ceb760b161e19907,Domains_SSE_PBE
1084,-4.275439241933859,-4.106309541811545,1.02,-0.193488962524,86dd3a804d78ca5d203ebf98747e8f16dff9713ba8950097ceb760b161e19907,Domains_SSE_PBE
1085,-4.275870731348165,-4.106309541811545,1.02,-0.193488962524,86dd3a804d78ca5d203ebf98747e8f16dff9713ba8950097ceb760b161e19907,Domains_SSE_PBE
1086,-4.276302444446493,-4.106309541811545,1.02,-0.193488962524,86dd3a804d78ca5d203ebf98747e8f16dff9713ba8950097ceb760b161e19907,Domains_SSE_PBE
1087,-4.276734381047286,-4.106309541811545,1.02,-0.193488962524,86dd3a804d78ca5d203ebf98747e8f16dff9713ba8950097ceb760b161e19907,Domains_SSE_PBE
1088,-4.277166540969267,-4.106309541811545,1.02,-0.193488962524,86dd3a804d78ca5d203ebf98747e8f16dff9713ba8950097ceb760b161e19907,Domains_SSE_PBE
1089,-4.277598924031428,-4.106309541811545,1.02,-0.193488962524,86dd3a804d78ca5d203ebf98747e8f16dff9713ba8950097ceb760b161e19907,Domains_SSE_PBE
1090,-4.278031530053038,-4.106309541811545,1.02,-0.193488962524,86dd3a804d78ca5d203ebf98747e8f16dff9713ba8950097ceb760b161e19907,Domains_SSE_PBE
1091,-4.278464358853637,-4.106309541811545,1.02,-0.193488962524,86dd3a804d78ca5d203ebf98747e8f16dff9713ba8950097ceb760b161e19907,Domains_SSE_PBE
1092,-4.278897410253038,-4.106309541811545,1.02,-0.193488962524,86dd3a804d78ca5d203ebf98747e8f16dff9713ba8950097ceb760b161e19907,Domains_SSE_PBE
1093,-4.279330684071327,-4.106309541811545,1.02,-0.193488962524,86dd3a804d78ca5d203ebf98747e8f16dff9713ba8950097ceb760b161e19907,Domains_SSE_PBE
1094,-4.279764180128861,-4.106309541811545,1.02,-0.193488962524,86dd3a804d78ca5d203ebf98747e8f16dff9713ba8950097ceb760b161e19907,Domains_SSE_PBE
1095,-4.280197898246265,-4.106309541811545,1.02,-0.193488962524,86dd3a804d78ca5d203ebf98747e8f16dff9713ba8950097ceb760b161e19907,Domains_SSE_PBE
1096,-4.280631838244438,-4.106309541811545,1.02,-0.193488962524,86dd3a804d78ca5d203ebf98747e8f16dff9713ba8950097ceb760b161e19907,Domains_SSE_PBE
1097,-4.281065999944547,-4.106309541811545,1.02,-0.193488962524,86dd3a804d78ca5d203ebf98747e8f16dff9713ba8950097ceb760b161e19907,Domains_SSE_PBE
1098,-4.281500383168027,-4.106309541811545,1.02,-0.193488962524,86dd3a804d78ca5d203ebf98747e8f16dff9713ba8950097ceb760b161e19907,Domains_SSE_PBE
1099,-4.281934987736584,-4.106309541811545,1.02,-0.193488962524,86dd3a804d78ca5d203ebf98747e8f16dff9713ba8950097ceb760b161e19907,Domains_SSE_PBE
1100,-4.282369813472189,-4.106309541811545,1.02,-0.193488962524,86dd3a804d78ca5d203ebf98747e8f16dff9713ba8950097ceb760b161e19907,Domains_SSE_PBE
1101,-4.282804860197083,-4.106309541811545,1.02,-0.193488962524,86dd3a804d78ca5d203ebf98747e8f16dff9713ba8950097ceb760b161e19907,Domains_SSE_PBE
1102,-4.283240127733773,-4.106309541811545,1.02,-0.193488962524,86dd3a804d78ca5d203ebf98747e8f16dff9713ba8950097ceb760b161e19907,Domains_SSE_PBE
1103,-4.283675615905031,-4.106309541811545,1.02,-0.193488962524,86dd3a804d78ca5d203ebf98747e8f16dff9713ba8950097ceb760b161e19907,Domains_SSE_PBE
1104,-4.284111324533897,-4.106309541811545,1.02,-0.193488962524,86dd3a804d78ca5d203ebf98747e8f16dff9713ba8950097ceb760b161e19907,Domains_SSE_PBE
1105,-4.284547253443674,-4.106309541811545,1.02,-0.193488962524,86dd3a804d78ca5d203ebf98747e8f16dff9713ba8950097ceb760b161e19907,Domains_SSE_PBE
1106,-4.284983402457931,-4.106309541811545,1.02,-0.193488962524,86dd3a804d78ca5d203ebf98747e8f16dff9713ba8950097ceb760b161e19907,Domains_SSE_PBE
1107,-4.285419771400502,-4.106309541811545,1.02,-0.193488962524,86dd3a804d78ca5d203ebf98747e8f16dff9713ba8950097ceb760b161e19907,Domains_SSE_PBE
1108,-4.285856360095481,-4.106309541811545,1.02,-0.193488962524,86dd3a804d78ca5d203ebf98747e8f16dff9713ba8950097ceb760b161e19907,Domains_SSE_PBE
1109,-4.286293168367229,-4.106309541811545,1.02,-0.193488962524,86dd3a804d78ca5d203ebf98747e8f16dff9713ba8950097ceb760b161e19907,Domains_SSE_PBE
1110,-4.286730196040367,-4.106309541811545,1.02,-0.193488962524,86dd3a804d78ca5d203ebf98747e8f16dff9713ba8950097ceb760b161e19907,Domains_SSE_PBE
1111,-4.287167442939779,-4.106309541811545,1.02,-0.193488962524,86dd3a804d78ca5d203ebf98747e8f16dff9713ba8950097ceb760b161e19907,Domains_SSE_PBE
1112,-4.287604908890611,-4.106309541811545,1.02,-0.193488962524,86dd3a804d78ca5d203ebf98747e8f16dff9713ba8950097ceb760b161e19907,Domains_SSE_PBE
1113,-4.288042593718266,-4.106309541811545,1.02,-0.193488962524,86dd3a804d78ca5d203ebf98747e8f16dff9713ba8950097ceb760b161e19907,Domains_SSE_PBE
1114,-4.288480497248413,-4.106309541811545,1.02,-0.193488962524,86dd3a804d78ca5d203ebf98747e8f16dff9713ba8950097ceb760b161e19907,Domains_SSE_PBE
1115,-4.288918619306977,-4.106309541811545,1.02,-0.193488962524,86dd3a804d78ca5d203ebf98747e8f16dff9713ba8950097ceb760b161e19907,Domains_SSE_PBE
1116,-4.289356959720142,-4.106309541811545,1.02,-0.193488962524,86dd3a804d78ca5d203ebf98747e8f16dff9713ba8950097ceb760b161e19907,Domains_SSE_PBE
1117,-4.289795518314355,-4.106309541811545,1.02,-0.193488962524,86dd3a804d78ca5d203ebf98747e8f16dff9713ba8950097ceb760b161e19907,Domains_SSE_PBE
1118,-4.290234294916314,-4.106309541811545,1.02,-0.193488962524,86dd3a804d78ca5d203ebf98747e8f16dff9713ba8950097ceb760b161e19907,Domains_SSE_PBE
1119,-4.290673289352982,-4.106309541811545,1.02,-0.193488962524,86dd3a804d78ca5d203ebf98747e8f16dff9713ba8950097ceb760b161e19907,Domains_SSE_PBE
1120,-4.291112501451574,-4.106309541811545,1.02,-0.193488962524,86dd3a804d78ca5d203ebf98747e8f16dff9713ba8950097ceb760b161e19907,Domains_SSE_PBE
1121,-4.291551931039563,-4.106309541811545,1.02,-0.193488962524,86dd3a804d78ca5d203ebf98747e8f16dff9713ba8950097ceb760b161e19907,Domains_SSE_PBE
1122,-4.29199157794468,-4.106309541811545,1.02,-0.193488962524,86dd3a804d78ca5d203ebf98747e8f16dff9713ba8950097ceb760b161e19907,Domains_SSE_PBE
1123,-4.292431441994908,-4.106309541811545,1.02,-0.193488962524,86dd3a804d78ca5d203ebf98747e8f16dff9713ba8950097ceb760b161e19907,Domains_SSE_PBE
1124,-4.292871523018488,-4.106309541811545,1.02,-0.193488962524,86dd3a804d78ca5d203ebf98747e8f16dff9713ba8950097ceb760b161e19907,Domains_SSE_PBE
1125,-4.293311820843915,-4.106309541811545,1.02,-0.193488962524,86dd3a804d78ca5d203ebf98747e8f16dff9713ba8950097ceb760b161e19907,Domains_SSE_PBE
1126,-4.293752335299935,-4.106309541811545,1.02,-0.193488962524,86dd3a804d78ca5d203ebf98747e8f16dff9713ba8950097ceb760b161e19907,Domains_SSE_PBE
1127,-4.294193066215551,-4.106309541811545,1.02,-0.193488962524,86dd3a804d78ca5d203ebf98747e8f16dff9713ba8950097ceb760b161e19907,Domains_SSE_PBE
1128,-4.294634013420018,-4.106309541811545,1.02,-0.193488962524,86dd3a804d78ca5d203ebf98747e8f16dff9713ba8950097ceb760b161e19907,Domains_SSE_PBE
1129,-4.295075176742842,-4.106309541811545,1.02,-0.193488962524,86dd3a804d78ca5d203ebf98747e8f16dff9713ba8950097ceb760b161e19907,Domains_SSE_PBE
1130,-4.295516556013784,-4.106309541811545,1.02,-0.193488962524,86dd3a804d78ca5d203ebf98747e8f16dff9713ba8950097ceb760b161e19907,Domains_SSE_PBE
1131,-4.29595815106285,-4.106309541811545,1.02,-0.193488962524,86dd3a804d78ca5d203ebf98747e8f16dff9713ba8950097ceb760b161e19907,Domains_SSE_PBE
1132,-4.296399961720304,-4.106309541811545,1.02,-0.193488962524,86dd3a804d78ca5d203ebf98747e8f16dff9713ba8950097ceb760b161e19907,Domains_SSE_PBE
1133,-4.296841987816657,-4.106309541811545,1.02,-0.193488962524,86dd3a804d78ca5d203ebf98747e8f16dff9713ba8950097ceb760b161e19907,Domains_SSE_PBE
1134,-4.297284229182671,-4.106309541811545,1.02,-0.193488962524,86dd3a804d78ca5d203ebf98747e8f16dff9713ba8950097ceb760b161e19907,Domains_SSE_PBE
1135,-4.297726685649355,-4.106309541811545,1.02,-0.193488962524,86dd3a804d78ca5d203ebf98747e8f16dff9713ba8950097ceb760b161e19907,Domains_SSE_PBE
1136,-4.298169357047968,-4.106309541811545,1.02,-0.193488962524,86dd3a804d78ca5d203ebf98747e8f16dff9713ba8950097ceb760b161e19907,Domains_SSE_PBE
1137,-4.298612243210017,-4.106309541811545,1.02,-0.193488962524,86dd3a804d78ca5d203ebf98747e8f16dff9713ba8950097ceb760b161e19907,Domains_SSE_PBE
1138,-4.299055343967259,-4.106309541811545,1.02,-0.193488962524,86dd3a804d78ca5d203ebf98747e8f16dff9713ba8950097ceb760b161e19907,Domains_SSE_PBE
1139,-4.299498659151696,-4.106309541811545,1.02,-0.193488962524,86dd3a804d78ca5d203ebf98747e8f16dff9713ba8950097ceb760b161e19907,Domains_SSE_PBE
1140,-4.299942188595577,-4.106309541811545,1.02,-0.193488962524,86dd3a804d78ca5d203ebf98747e8f16dff9713ba8950097ceb760b161e19907,Domains_SSE_PBE
1141,-4.300385932131397,-4.106309541811545,1.02,-0.193488962524,86dd3a804d78ca5d203ebf98747e8f16dff9713ba8950097ceb760b161e19907,Domains_SSE_PBE
1142,-4.300829889591898,-4.106309541811545,1.02,-0.193488962524,86dd3a804d78ca5d203ebf98747e8f16dff9713ba8950097ceb760b161e19907,Domains_SSE_PBE
1143,-4.301274060810067,-4.106309541811545,1.02,-0.193488962524,86dd3a804d78ca5d203ebf98747e8f16dff9713ba8950097ceb760b161e19907,Domains_SSE_PBE
1144,-4.301718445619133,-4.106309541811545,1.02,-0.193488962524,86dd3a804d78ca5d203ebf98747e8f16dff9713ba8950097ceb760b161e19907,Domains_SSE_PBE
1145,-4.302163043852574,-4.106309541811545,1.02,-0.193488962524,86dd3a804d78ca5d203ebf98747e8f16dff9713ba8950097ceb760b161e19907,Domains_SSE_PBE
1146,-4.302607855344109,-4.106309541811545,1.02,-0.193488962524,86dd3a804d78ca5d203ebf98747e8f16dff9713ba8950097ceb760b161e19907,Domains_SSE_PBE
1147,-4.303052879927699,-4.106309541811545,1.02,-0.193488962524,86dd3a804d78ca5d203ebf98747e8f16dff9713ba8950097ceb760b161e19907,Domains_SSE_PBE
1148,-4.303498117437551,-4.106309541811545,1.02,-0.193488962524,86dd3a804d78ca5d203ebf98747e8f16dff9713ba8950097ceb760b161e19907,Domains_SSE_PBE
1149,-4.303943567708111,-4.106309541811545,1.02,-0.193488962524,86dd3a804d78ca5d203ebf98747e8f16dff9713ba8950097ceb760b161e19907,Domains_SSE_PBE
1150,-4.30438923057407,-4.106309541811545,1.02,-0.193488962524,86dd3a804d78ca5d203ebf98747e8f16dff9713ba8950097ceb760b161e19907,Domains_SSE_PBE
1151,-4.304835105870357,-4.106309541811545,1.02,-0.193488962524,86dd3a804d78ca5d203ebf98747e8f16dff9713ba8950097ceb760b161e19907,Domains_SSE_PBE
1152,-4.305281193432145,-4.106309541811545,1.02,-0.193488962524,86dd3a804d78ca5d203ebf98747e8f16dff9713ba8950097ceb760b161e19907,Domains_SSE_PBE
1153,-4.305727493094844,-4.106309541811545,1.02,-0.193488962524,86dd3a804d78ca5d203ebf98747e8f16dff9713ba8950097ceb760b161e19907,Domains_SSE_PBE
1154,-4.306174004694108,-4.106309541811545,1.02,-0.193488962524,86dd3a804d78ca5d203ebf98747e8f16dff9713ba8950097ceb760b161e19907,Domains_SSE_PBE
1155,-4.306620728065826,-4.106309541811545,1.02,-0.193488962524,86dd3a804d78ca5d203ebf98747e8f16dff9713ba8950097ceb760b161e19907,Domains_SSE_PBE
1156,-4.307067663046128,-4.106309541811545,1.02,-0.193488962524,86dd3a804d78ca5d203ebf98747e8f16dff9713ba8950097ceb760b161e19907,Domains_SSE_PBE
1157,-4.307514809471382,-4.106309541811545,1.02,-0.193488962524,86dd3a804d78ca5d203ebf98747e8f16dff9713ba8950097ceb760b161e19907,Domains_SSE_PBE
1158,-4.307962167178195,-4.106309541811545,1.02,-0.193488962524,86dd3a804d78ca5d203ebf98747e8f16dff9713ba8950097ceb760b161e19907,Domains_SSE_PBE
1159,-4.308409736003409,-4.106309541811545,1.02,-0.193488962524,86dd3a804d78ca5d203ebf98747e8f16dff9713ba8950097ceb760b161e19907,Domains_SSE_PBE
1160,-4.308857515784106,-4.106309541811545,1.02,-0.193488962524,86dd3a804d78ca5d203ebf98747e8f16dff9713ba8950097ceb760b161e19907,Domains_SSE_PBE
1161,-4.3093055063576,-4.106309541811545,1.02,-0.193488962524,86dd3a804d78ca5d203ebf98747e8f16dff9713ba8950097ceb760b161e19907,Domains_SSE_PBE
1162,-4.309753707561447,-4.106309541811545,1.02,-0.193488962524,86dd3a804d78ca5d203ebf98747e8f16dff9713ba8950097ceb760b161e19907,Domains_SSE_PBE
1163,-4.310202119233433,-4.106309541811545,1.02,-0.193488962524,86dd3a804d78ca5d203ebf98747e8f16dff9713ba8950097ceb760b161e19907,Domains_SSE_PBE
1164,-4.310650741211583,-4.106309541811545,1.02,-0.193488962524,86dd3a804d78ca5d203ebf98747e8f16dff9713ba8950097ceb760b161e19907,Domains_SSE_PBE
1165,-4.311099573334152,-4.106309541811545,1.02,-0.193488962524,86dd3a804d78ca5d203ebf98747e8f16dff9713ba8950097ceb760b161e19907,Domains_SSE_PBE
1166,-4.311548615439635,-4.106309541811545,1.02,-0.193488962524,86dd3a804d78ca5d203ebf98747e8f16dff9713ba8950097ceb760b161e19907,Domains_SSE_PBE
1167,-4.311997867366754,-4.106309541811545,1.02,-0.193488962524,86dd3a804d78ca5d203ebf98747e8f16dff9713ba8950097ceb760b161e19907,Domains_SSE_PBE
1168,-4.31244732895447,-4.106309541811545,1.02,-0.193488962524,86dd3a804d78ca5d203ebf98747e8f16dff9713ba8950097ceb760b161e19907,Domains_SSE_PBE
1169,-4.312897000041972,-4.106309541811545,1.02,-0.193488962524,86dd3a804d78ca5d203ebf98747e8f16dff9713ba8950097ceb760b161e19907,Domains_SSE_PBE
1170,-4.313346880468687,-4.106309541811545,1.02,-0.193488962524,86dd3a804d78ca5d203ebf98747e8f16dff9713ba8950097ceb760b161e19907,Domains_SSE_PBE
1171,-4.313796970074265,-4.106309541811545,1.02,-0.193488962524,86dd3a804d78ca5d203ebf98747e8f16dff9713ba8950097ceb760b161e19907,Domains_SSE_PBE
1172,-4.314247268698596,-4.106309541811545,1.02,-0.193488962524,86dd3a804d78ca5d203ebf98747e8f16dff9713ba8950097ceb760b161e19907,Domains_SSE_PBE
1173,-4.314697776181796,-4.106309541811545,1.02,-0.193488962524,86dd3a804d78ca5d203ebf98747e8f16dff9713ba8950097ceb760b161e19907,Domains_SSE_PBE
1174,-4.315148492364211,-4.106309541811545,1.02,-0.193488962524,86dd3a804d78ca5d203ebf98747e8f16dff9713ba8950097ceb760b161e19907,Domains_SSE_PBE
1175,-4.31559941708642,-4.106309541811545,1.02,-0.193488962524,86dd3a804d78ca5d203ebf98747e8f16dff9713ba8950097ceb760b161e19907,Domains_SSE_PBE
1176,-4.31605055018923,-4.106309541811545,1.02,-0.193488962524,86dd3a804d78ca5d203ebf98747e8f16dff9713ba8950097ceb760b161e19907,Domains_SSE_PBE
1177,-4.316501891513674,-4.106309541811545,1.02,-0.193488962524,86dd3a804d78ca5d203ebf98747e8f16dff9713ba8950097ceb760b161e19907,Domains_SSE_PBE
1178,-4.316953440901017,-4.106309541811545,1.02,-0.193488962524,86dd3a804d78ca5d203ebf98747e8f16dff9713ba8950097ceb760b161e19907,Domains_SSE_PBE
1179,-4.317405198192752,-4.106309541811545,1.02,-0.193488962524,86dd3a804d78ca5d203ebf98747e8f16dff9713ba8950097ceb760b161e19907,Domains_SSE_PBE
1180,-4.317857163230597,-4.106309541811545,1.02,-0.193488962524,86dd3a804d78ca5d203ebf98747e8f16dff9713ba8950097ceb760b161e19907,Domains_SSE_PBE
1181,-4.3183093358565,-4.106309541811545,1.02,-0.193488962524,86dd3a804d78ca5d203ebf98747e8f16dff9713ba8950097ceb760b161e19907,Domains_SSE_PBE
1182,-4.318761715912633,-4.106309541811545,1.02,-0.193488962524,86dd3a804d78ca5d203ebf98747e8f16dff9713ba8950097ceb760b161e19907,Domains_SSE_PBE
1183,-4.319214303241396,-4.106309541811545,1.02,-0.193488962524,86dd3a804d78ca5d203ebf98747e8f16dff9713ba8950097ceb760b161e19907,Domains_SSE_PBE
1184,-4.319667097685414,-4.106309541811545,1.02,-0.193488962524,86dd3a804d78ca5d203ebf98747e8f16dff9713ba8950097ceb760b161e19907,Domains_SSE_PBE
1185,-4.320120099087537,-4.106309541811545,1.02,-0.193488962524,86dd3a804d78ca5d203ebf98747e8f16dff9713ba8950097ceb760b161e19907,Domains_SSE_PBE
1186,-4.320573307290841,-4.106309541811545,1.02,-0.193488962524,86dd3a804d78ca5d203ebf98747e8f16dff9713ba8950097ceb760b161e19907,Domains_SSE_PBE
1187,-4.321026722138625,-4.106309541811545,1.02,-0.193488962524,86dd3a804d78ca5d203ebf98747e8f16dff9713ba8950097ceb760b161e19907,Domains_SSE_PBE
1188,-4.321480343474414,-4.106309541811545,1.02,-0.193488962524,86dd3a804d78ca5d203ebf98747e8f16dff9713ba8950097ceb760b161e19907,Domains_SSE_PBE
1189,-4.321934171141952,-4.106309541811545,1.02,-0.193488962524,86dd3a804d78ca5d203ebf98747e8f16dff9713ba8950097ceb760b161e19907,Domains_SSE_PBE
1190,-4.322388204985211,-4.106309541811545,1.02,-0.193488962524,86dd3a804d78ca5d203ebf98747e8f16dff9713ba8950097ceb760b161e19907,Domains_SSE_PBE
1191,-4.322842444848384,-4.106309541811545,1.02,-0.193488962524,86dd3a804d78ca5d203ebf98747e8f16dff9713ba8950097ceb760b161e19907,Domains_SSE_PBE
1192,-4.323296890575884,-4.106309541811545,1.02,-0.193488962524,86dd3a804d78ca5d203ebf98747e8f16dff9713ba8950097ceb760b161e19907,Domains_SSE_PBE
1193,-4.323751542012348,-4.106309541811545,1.02,-0.193488962524,86dd3a804d78ca5d203ebf98747e8f16dff9713ba8950097ceb760b161e19907,Domains_SSE_PBE
1194,-4.324206399002636,-4.106309541811545,1.02,-0.193488962524,86dd3a804d78ca5d203ebf98747e8f16dff9713ba8950097ceb760b161e19907,Domains_SSE_PBE
1195,-4.324661461391824,-4.106309541811545,1.02,-0.193488962524,86dd3a804d78ca5d203ebf98747e8f16dff9713ba8950097ceb760b161e19907,Domains_SSE_PBE
1196,-4.325116729025211,-4.106309541811545,1.02,-0.193488962524,86dd3a804d78ca5d203ebf98747e8f16dff9713ba8950097ceb760b161e19907,Domains_SSE_PBE
1197,-4.325572201748318,-4.106309541811545,1.02,-0.193488962524,86dd3a804d78ca5d203ebf98747e8f16dff9713ba8950097ceb760b161e19907,Domains_SSE_PBE
1198,-4.32602787940688,-4.106309541811545,1.02,-0.193488962524,86dd3a804d78ca5d203ebf98747e8f16dff9713ba8950097ceb760b161e19907,Domains_SSE_PBE
1199,-4.326483761846856,-4.106309541811545,1.02,-0.193488962524,86dd3a804d78ca5d203ebf98747e8f16dff9713ba8950097ceb760b161e19907,Domains_SSE_PBE
1200,-4.326939848914424,-4.106309541811545,1.02,-0.193488962524,86dd3a804d78ca5d203ebf98747e8f16dff9713ba8950097ceb760b161e19907,Domains_SSE_PBE
1201,-4.327396140455974,-4.106309541811545,1.02,-0.193488962524,86dd3a804d78ca5d203ebf98747e8f16dff9713ba8950097ceb760b161e19907,Domains_SSE_PBE
1202,-4.327852636318121,-4.106309541811545,1.02,-0.193488962524,86dd3a804d78ca5d203ebf98747e8f16dff9713ba8950097ceb760b161e19907,Domains_SSE_PBE
1203,-4.328309336347694,-4.106309541811545,1.02,-0.193488962524,86dd3a804d78ca5d203ebf98747e8f16dff9713ba8950097ceb760b161e19907,Domains_SSE_PBE
1204,-4.328766240391737,-4.106309541811545,1.02,-0.193488962524,86dd3a804d78ca5d203ebf98747e8f16dff9713ba8950097ceb760b161e19907,Domains_SSE_PBE
1205,-4.329223348297515,-4.106309541811545,1.02,-0.193488962524,86dd3a804d78ca5d203ebf98747e8f16dff9713ba8950097ceb760b161e19907,Domains_SSE_PBE
1206,-4.329680659912506,-4.106309541811545,1.02,-0.193488962524,86dd3a804d78ca5d203ebf98747e8f16dff9713ba8950097ceb760b161e19907,Domains_SSE_PBE
1207,-4.330138175084403,-4.106309541811545,1.02,-0.193488962524,86dd3a804d78ca5d203ebf98747e8f16dff9713ba8950097ceb760b161e19907,Domains_SSE_PBE
1208,-4.330595893661117,-4.106309541811545,1.02,-0.193488962524,86dd3a804d78ca5d203ebf98747e8f16dff9713ba8950097ceb760b161e19907,Domains_SSE_PBE
1209,-4.331053815490772,-4.106309541811545,1.02,-0.193488962524,86dd3a804d78ca5d203ebf98747e8f16dff9713ba8950097ceb760b161e19907,Domains_SSE_PBE
1210,-4.331511940421705,-4.106309541811545,1.02,-0.193488962524,86dd3a804d78ca5d203ebf98747e8f16dff9713ba8950097ceb760b161e19907,Domains_SSE_PBE
1211,-4.331970268302469,-4.106309541811545,1.02,-0.193488962524,86dd3a804d78ca5d203ebf98747e8f16dff9713ba8950097ceb760b161e19907,Domains_SSE_PBE
1212,-4.332428798981831,-4.106309541811545,1.02,-0.193488962524,86dd3a804d78ca5d203ebf98747e8f16dff9713ba8950097ceb760b161e19907,Domains_SSE_PBE
1213,-4.332887532308769,-4.106309541811545,1.02,-0.193488962524,86dd3a804d78ca5d203ebf98747e8f16dff9713ba8950097ceb760b161e19907,Domains_SSE_PBE
1214,-4.333346468132474,-4.106309541811545,1.02,-0.193488962524,86dd3a804d78ca5d203ebf98747e8f16dff9713ba8950097ceb760b161e19907,Domains_SSE_PBE
1215,-4.33380560630235,-4.106309541811545,1.02,-0.193488962524,86dd3a804d78ca5d203ebf98747e8f16dff9713ba8950097ceb760b161e19907,Domains_SSE_PBE
1216,-4.334264946668013,-4.106309541811545,1.02,-0.193488962524,86dd3a804d78ca5d203ebf98747e8f16dff9713ba8950097ceb760b161e19907,Domains_SSE_PBE
1217,-4.33472448907929,-4.106309541811545,1.02,-0.193488962524,86dd3a804d78ca5d203ebf98747e8f16dff9713ba8950097ceb760b161e19907,Domains_SSE_PBE
1218,-4.335184233386218,-4.106309541811545,1.02,-0.193488962524,86dd3a804d78ca5d203ebf98747e8f16dff9713ba8950097ceb760b161e19907,Domains_SSE_PBE
1219,-4.335644179439046,-4.106309541811545,1.02,-0.193488962524,86dd3a804d78ca5d203ebf98747e8f16dff9713ba8950097ceb760b161e19907,Domains_SSE_PBE
1220,-4.336104327088232,-4.106309541811545,1.02,-0.193488962524,86dd3a804d78ca5d203ebf98747e8f16dff9713ba8950097ceb760b161e19907,Domains_SSE_PBE
1221,-4.336564676184445,-4.106309541811545,1.02,-0.193488962524,86dd3a804d78ca5d203ebf98747e8f16dff9713ba8950097ceb760b161e19907,Domains_SSE_PBE
1222,-4.337025226578561,-4.106309541811545,1.02,-0.193488962524,86dd3a804d78ca5d203ebf98747e8f16dff9713ba8950097ceb760b161e19907,Domains_SSE_PBE
1223,-4.337485978121667,-4.106309541811545,1.02,-0.193488962524,86dd3a804d78ca5d203ebf98747e8f16dff9713ba8950097ceb760b161e19907,Domains_SSE_PBE
1224,-4.337946930665059,-4.106309541811545,1.02,-0.193488962524,86dd3a804d78ca5d203ebf98747e8f16dff9713ba8950097ceb760b161e19907,Domains_SSE_PBE
1225,-4.338408084060239,-4.106309541811545,1.02,-0.193488962524,86dd3a804d78ca5d203ebf98747e8f16dff9713ba8950097ceb760b161e19907,Domains_SSE_PBE
1226,-4.338869438158917,-4.106309541811545,1.02,-0.193488962524,86dd3a804d78ca5d203ebf98747e8f16dff9713ba8950097ceb760b161e19907,Domains_SSE_PBE
1227,-4.339330992813012,-4.106309541811545,1.02,-0.193488962524,86dd3a804d78ca5d203ebf98747e8f16dff9713ba8950097ceb760b161e19907,Domains_SSE_PBE
1228,-4.339792747874648,-4.106309541811545,1.02,-0.193488962524,86dd3a804d78ca5d203ebf98747e8f16dff9713ba8950097ceb760b161e19907,Domains_SSE_PBE
1229,-4.340254703196155,-4.106309541811545,1.02,-0.193488962524,86dd3a804d78ca5d203ebf98747e8f16dff9713ba8950097ceb760b161e19907,Domains_SSE_PBE
1230,-4.340716858630072,-4.106309541811545,1.02,-0.193488962524,86dd3a804d78ca5d203ebf98747e8f16dff9713ba8950097ceb760b161e19907,Domains_SSE_PBE
1231,-4.34117921402914,-4.106309541811545,1.02,-0.193488962524,86dd3a804d78ca5d203ebf98747e8f16dff9713ba8950097ceb760b161e19907,Domains_SSE_PBE
1232,-4.341641769246308,-4.106309541811545,1.02,-0.193488962524,86dd3a804d78ca5d203ebf98747e8f16dff9713ba8950097ceb760b161e19907,Domains_SSE_PBE
1233,-4.342104524134728,-4.106309541811545,1.02,-0.193488962524,86dd3a804d78ca5d203ebf98747e8f16dff9713ba8950097ceb760b161e19907,Domains_SSE_PBE
1234,-4.342567478547758,-4.106309541811545,1.02,-0.193488962524,86dd3a804d78ca5d203ebf98747e8f16dff9713ba8950097ceb760b161e19907,Domains_SSE_PBE
1235,-4.343030632338958,-4.106309541811545,1.02,-0.193488962524,86dd3a804d78ca5d203ebf98747e8f16dff9713ba8950097ceb760b161e19907,Domains_SSE_PBE
1236,-4.343493985362094,-4.106309541811545,1.02,-0.193488962524,86dd3a804d78ca5d203ebf98747e8f16dff9713ba8950097ceb760b161e19907,Domains_SSE_PBE
1237,-4.343957537471132,-4.106309541811545,1.02,-0.193488962524,86dd3a804d78ca5d203ebf98747e8f16dff9713ba8950097ceb760b161e19907,Domains_SSE_PBE
1238,-4.344421288520245,-4.106309541811545,1.02,-0.193488962524,86dd3a804d78ca5d203ebf98747e8f16dff9713ba8950097ceb760b161e19907,Domains_SSE_PBE
1239,-4.344885238363806,-4.106309541811545,1.02,-0.193488962524,86dd3a804d78ca5d203ebf98747e8f16dff9713ba8950097ceb760b161e19907,Domains_SSE_PBE
1240,-4.345349386856388,-4.106309541811545,1.02,-0.193488962524,86dd3a804d78ca5d203ebf98747e8f16dff9713ba8950097ceb760b161e19907,Domains_SSE_PBE
1241,-4.34581373385277,-4.106309541811545,1.02,-0.193488962524,86dd3a804d78ca5d203ebf98747e8f16dff9713ba8950097ceb760b161e19907,Domains_SSE_PBE
1242,-4.34627827920793,-4.106309541811545,1.02,-0.193488962524,86dd3a804d78ca5d203ebf98747e8f16dff9713ba8950097ceb760b161e19907,Domains_SSE_PBE
1243,-4.346743022777045,-4.106309541811545,1.02,-0.193488962524,86dd3a804d78ca5d203ebf98747e8f16dff9713ba8950097ceb760b161e19907,Domains_SSE_PBE
1244,-4.347207964415497,-4.106309541811545,1.02,-0.193488962524,86dd3a804d78ca5d203ebf98747e8f16dff9713ba8950097ceb760b161e19907,Domains_SSE_PBE
1245,-4.347673103978863,-4.106309541811545,1.02,-0.193488962524,86dd3a804d78ca5d203ebf98747e8f16dff9713ba8950097ceb760b161e19907,Domains_SSE_PBE
1246,-4.348138441322924,-4.106309541811545,1.02,-0.193488962524,86dd3a804d78ca5d203ebf98747e8f16dff9713ba8950097ceb760b161e19907,Domains_SSE_PBE
1247,-4.348603976303657,-4.106309541811545,1.02,-0.193488962524,86dd3a804d78ca5d203ebf98747e8f16dff9713ba8950097ceb760b161e19907,Domains_SSE_PBE
1248,-4.34906970877724,-4.106309541811545,1.02,-0.193488962524,86dd3a804d78ca5d203ebf98747e8f16dff9713ba8950097ceb760b161e19907,Domains_SSE_PBE
1249,-4.349535638600048,-4.106309541811545,1.02,-0.193488962524,86dd3a804d78ca5d203ebf98747e8f16dff9713ba8950097ceb760b161e19907,Domains_SSE_PBE
1250,-4.350001765628655,-4.106309541811545,1.02,-0.193488962524,86dd3a804d78ca5d203ebf98747e8f16dff9713ba8950097ceb760b161e19907,Domains_SSE_PBE
1251,-4.350468089719834,-4.106309541811545,1.02,-0.193488962524,86dd3a804d78ca5d203ebf98747e8f16dff9713ba8950097ceb760b161e19907,Domains_SSE_PBE
1252,-4.350934610730553,-4.106309541811545,1.02,-0.193488962524,86dd3a804d78ca5d203ebf98747e8f16dff9713ba8950097ceb760b161e19907,Domains_SSE_PBE
1253,-4.351401328517977,-4.106309541811545,1.02,-0.193488962524,86dd3a804d78ca5d203ebf98747e8f16dff9713ba8950097ceb760b161e19907,Domains_SSE_PBE
1254,-4.351868242939471,-4.106309541811545,1.02,-0.193488962524,86dd3a804d78ca5d203ebf98747e8f16dff9713ba8950097ceb760b161e19907,Domains_SSE_PBE
1255,-4.35233535385259,-4.106309541811545,1.02,-0.193488962524,86dd3a804d78ca5d203ebf98747e8f16dff9713ba8950097ceb760b161e19907,Domains_SSE_PBE
1256,-4.352802661115091,-4.106309541811545,1.02,-0.193488962524,86dd3a804d78ca5d203ebf98747e8f16dff9713ba8950097ceb760b161e19907,Domains_SSE_PBE
1257,-4.353270164584925,-4.106309541811545,1.02,-0.193488962524,86dd3a804d78ca5d203ebf98747e8f16dff9713ba8950097ceb760b161e19907,Domains_SSE_PBE
1258,-4.353737864120234,-4.106309541811545,1.02,-0.193488962524,86dd3a804d78ca5d203ebf98747e8f16dff9713ba8950097ceb760b161e19907,Domains_SSE_PBE
1259,-4.35420575957936,-4.106309541811545,1.02,-0.193488962524,86dd3a804d78ca5d203ebf98747e8f16dff9713ba8950097ceb760b161e19907,Domains_SSE_PBE
1260,-4.354673850820835,-4.106309541811545,1.02,-0.193488962524,86dd3a804d78ca5d203ebf98747e8f16dff9713ba8950097ceb760b161e19907,Domains_SSE_PBE
1261,-4.355142137703389,-4.106309541811545,1.02,-0.193488962524,86dd3a804d78ca5d203ebf98747e8f16dff9713ba8950097ceb760b161e19907,Domains_SSE_PBE
1262,-4.355610620085942,-4.106309541811545,1.02,-0.193488962524,86dd3a804d78ca5d203ebf98747e8f16dff9713ba8950097ceb760b161e19907,Domains_SSE_PBE
1263,-4.35607929782761,-4.106309541811545,1.02,-0.193488962524,86dd3a804d78ca5d203ebf98747e8f16dff9713ba8950097ceb760b161e19907,Domains_SSE_PBE
1264,-4.356548170787699,-4.106309541811545,1.02,-0.193488962524,86dd3a804d78ca5d203ebf98747e8f16dff9713ba8950097ceb760b161e19907,Domains_SSE_PBE
1265,-4.357017238825709,-4.106309541811545,1.02,-0.193488962524,86dd3a804d78ca5d203ebf98747e8f16dff9713ba8950097ceb760b161e19907,Domains_SSE_PBE
1266,-4.357486501801334,-4.106309541811545,1.02,-0.193488962524,86dd3a804d78ca5d203ebf98747e8f16dff9713ba8950097ceb760b161e19907,Domains_SSE_PBE
1267,-4.357955959574454,-4.106309541811545,1.02,-0.193488962524,86dd3a804d78ca5d203ebf98747e8f16dff9713ba8950097ceb760b161e19907,Domains_SSE_PBE
1268,-4.358425612005147,-4.106309541811545,1.02,-0.193488962524,86dd3a804d78ca5d203ebf98747e8f16dff9713ba8950097ceb760b161e19907,Domains_SSE_PBE
1269,-4.358895458953678,-4.106309541811545,1.02,-0.193488962524,86dd3a804d78ca5d203ebf98747e8f16dff9713ba8950097ceb760b161e19907,Domains_SSE_PBE
1270,-4.359365500280504,-4.106309541811545,1.02,-0.193488962524,86dd3a804d78ca5d203ebf98747e8f16dff9713ba8950097ceb760b161e19907,Domains_SSE_PBE
1271,-4.35983573584627,-4.106309541811545,1.02,-0.193488962524,86dd3a804d78ca5d203ebf98747e8f16dff9713ba8950097ceb760b161e19907,Domains_SSE_PBE
1272,-4.360306165511814,-4.106309541811545,1.02,-0.193488962524,86dd3a804d78ca5d203ebf98747e8f16dff9713ba8950097ceb760b161e19907,Domains_SSE_PBE
1273,-4.360776789138161,-4.106309541811545,1.02,-0.193488962524,86dd3a804d78ca5d203ebf98747e8f16dff9713ba8950097ceb760b161e19907,Domains_SSE_PBE
1274,-4.361247606586527,-4.106309541811545,1.02,-0.193488962524,86dd3a804d78ca5d203ebf98747e8f16dff9713ba8950097ceb760b161e19907,Domains_SSE_PBE
1275,-4.361718617718316,-4.106309541811545,1.02,-0.193488962524,86dd3a804d78ca5d203ebf98747e8f16dff9713ba8950097ceb760b161e19907,Domains_SSE_PBE
1276,-4.36218982239512,-4.106309541811545,1.02,-0.193488962524,86dd3a804d78ca5d203ebf98747e8f16dff9713ba8950097ceb760b161e19907,Domains_SSE_PBE
1277,-4.362661220478719,-4.106309541811545,1.02,-0.193488962524,86dd3a804d78ca5d203ebf98747e8f16dff9713ba8950097ceb760b161e19907,Domains_SSE_PBE
1278,-4.363132811831081,-4.106309541811545,1.02,-0.193488962524,86dd3a804d78ca5d203ebf98747e8f16dff9713ba8950097ceb760b161e19907,Domains_SSE_PBE
1279,-4.363604596314361,-4.106309541811545,1.02,-0.193488962524,86dd3a804d78ca5d203ebf98747e8f16dff9713ba8950097ceb760b161e19907,Domains_SSE_PBE
1280,-4.364076573790902,-4.106309541811545,1.02,-0.193488962524,86dd3a804d78ca5d203ebf98747e8f16dff9713ba8950097ceb760b161e19907,Domains_SSE_PBE
1281,-4.364548744123232,-4.106309541811545,1.02,-0.193488962524,86dd3a804d78ca5d203ebf98747e8f16dff9713ba8950097ceb760b161e19907,Domains_SSE_PBE
1282,-4.365021107174067,-4.106309541811545,1.02,-0.193488962524,86dd3a804d78ca5d203ebf98747e8f16dff9713ba8950097ceb760b161e19907,Domains_SSE_PBE
1283,-4.365493662806307,-4.106309541811545,1.02,-0.193488962524,86dd3a804d78ca5d203ebf98747e8f16dff9713ba8950097ceb760b161e19907,Domains_SSE_PBE
1284,-4.365966410883039,-4.106309541811545,1.02,-0.193488962524,86dd3a804d78ca5d203ebf98747e8f16dff9713ba8950097ceb760b161e19907,Domains_SSE_PBE
1285,-4.366439351267534,-4.106309541811545,1.02,-0.193488962524,86dd3a804d78ca5d203ebf98747e8f16dff9713ba8950097ceb760b161e19907,Domains_SSE_PBE
1286,-4.366912483823248,-4.106309541811545,1.02,-0.193488962524,86dd3a804d78ca5d203ebf98747e8f16dff9713ba8950097ceb760b161e19907,Domains_SSE_PBE
1287,-4.367385808413824,-4.106309541811545,1.02,-0.193488962524,86dd3a804d78ca5d203ebf98747e8f16dff9713ba8950097ceb760b161e19907,Domains_SSE_PBE
1288,-4.367859324903084,-4.106309541811545,1.02,-0.193488962524,86dd3a804d78ca5d203ebf98747e8f16dff9713ba8950097ceb760b161e19907,Domains_SSE_PBE
1289,-4.368333033155039,-4.106309541811545,1.02,-0.193488962524,86dd3a804d78ca5d203ebf98747e8f16dff9713ba8950097ceb760b161e19907,Domains_SSE_PBE
1290,-4.368806933033881,-4.106309541811545,1.02,-0.193488962524,86dd3a804d78ca5d203ebf98747e8f16dff9713ba8950097ceb760b161e19907,Domains_SSE_PBE
1291,-4.369281024403983,-4.106309541811545,1.02,-0.193488962524,86dd3a804d78ca5d203ebf98747e8f16dff9713ba8950097ceb760b161e19907,Domains_SSE_PBE
1292,-4.369755307129905,-4.106309541811545,1.02,-0.193488962524,86dd3a804d78ca5d203ebf98747e8f16dff9713ba8950097ceb760b161e19907,Domains_SSE_PBE
1293,-4.370229781076386,-4.106309541811545,1.02,-0.193488962524,86dd3a804d78ca5d203ebf98747e8f16dff9713ba8950097ceb760b161e19907,Domains_SSE_PBE
1294,-4.370704446108348,-4.106309541811545,1.02,-0.193488962524,86dd3a804d78ca5d203ebf98747e8f16dff9713ba8950097ceb760b161e19907,Domains_SSE_PBE
1295,-4.371179302090896,-4.106309541811545,1.02,-0.193488962524,86dd3a804d78ca5d203ebf98747e8f16dff9713ba8950097ceb760b161e19907,Domains_SSE_PBE
1296,-4.371654348889314,-4.106309541811545,1.02,-0.193488962524,86dd3a804d78ca5d203ebf98747e8f16dff9713ba8950097ceb760b161e19907,Domains_SSE_PBE
1297,-4.372129586369069,-4.106309541811545,1.02,-0.193488962524,86dd3a804d78ca5d203ebf98747e8f16dff9713ba8950097ceb760b161e19907,Domains_SSE_PBE
1298,-4.372605014395806,-4.106309541811545,1.02,-0.193488962524,86dd3a804d78ca5d203ebf98747e8f16dff9713ba8950097ceb760b161e19907,Domains_SSE_PBE
1299,-4.373080632835355,-4.106309541811545,1.02,-0.193488962524,86dd3a804d78ca5d203ebf98747e8f16dff9713ba8950097ceb760b161e19907,Domains_SSE_PBE
1300,-4.37355644155372,-4.106309541811545,1.02,-0.193488962524,86dd3a804d78ca5d203ebf98747e8f16dff9713ba8950097ceb760b161e19907,Domains_SSE_PBE
1301,-4.374032440417089,-4.106309541811545,1.02,-0.193488962524,86dd3a804d78ca5d203ebf98747e8f16dff9713ba8950097ceb760b161e19907,Domains_SSE_PBE
1302,-4.374508629291827,-4.106309541811545,1.02,-0.193488962524,86dd3a804d78ca5d203ebf98747e8f16dff9713ba8950097ceb760b161e19907,Domains_SSE_PBE
1303,-4.374985008044479,-4.106309541811545,1.02,-0.193488962524,86dd3a804d78ca5d203ebf98747e8f16dff9713ba8950097ceb760b161e19907,Domains_SSE_PBE
1304,-4.375461576541769,-4.106309541811545,1.02,-0.193488962524,86dd3a804d78ca5d203ebf98747e8f16dff9713ba8950097ceb760b161e19907,Domains_SSE_PBE
1305,-4.375938334650597,-4.106309541811545,1.02,-0.193488962524,86dd3a804d78ca5d203ebf98747e8f16dff9713ba8950097ceb760b161e19907,Domains_SSE_PBE
1306,-4.376415282238042,-4.106309541811545,1.02,-0.193488962524,86dd3a804d78ca5d203ebf98747e8f16dff9713ba8950097ceb760b161e19907,Domains_SSE_PBE
1307,-4.376892419171364,-4.106309541811545,1.02,-0.193488962524,86dd3a804d78ca5d203ebf98747e8f16dff9713ba8950097ceb760b161e19907,Domains_SSE_PBE
1308,-4.377369745317994,-4.106309541811545,1.02,-0.193488962524,86dd3a804d78ca5d203ebf98747e8f16dff9713ba8950097ceb760b161e19907,Domains_SSE_PBE
1309,-4.377847260545543,-4.106309541811545,1.02,-0.193488962524,86dd3a804d78ca5d203ebf98747e8f16dff9713ba8950097ceb760b161e19907,Domains_SSE_PBE
1310,-4.3783249647218,-4.106309541811545,1.02,-0.193488962524,86dd3a804d78ca5d203ebf98747e8f16dff9713ba8950097ceb760b161e19907,Domains_SSE_PBE
1311,-4.378802857714729,-4.106309541811545,1.02,-0.193488962524,86dd3a804d78ca5d203ebf98747e8f16dff9713ba8950097ceb760b161e19907,Domains_SSE_PBE
1312,-4.379280939392468,-4.106309541811545,1.02,-0.193488962524,86dd3a804d78ca5d203ebf98747e8f16dff9713ba8950097ceb760b161e19907,Domains_SSE_PBE
1313,-4.379759209623334,-4.106309541811545,1.02,-0.193488962524,86dd3a804d78ca5d203ebf98747e8f16dff9713ba8950097ceb760b161e19907,Domains_SSE_PBE
1314,-4.380237668275815,-4.106309541811545,1.02,-0.193488962524,86dd3a804d78ca5d203ebf98747e8f16dff9713ba8950097ceb760b161e19907,Domains_SSE_PBE
1315,-4.380716315218578,-4.106309541811545,1.02,-0.193488962524,86dd3a804d78ca5d203ebf98747e8f16dff9713ba8950097ceb760b161e19907,Domains_SSE_PBE
1316,-4.381195150320463,-4.106309541811545,1.02,-0.193488962524,86dd3a804d78ca5d203ebf98747e8f16dff9713ba8950097ceb760b161e19907,Domains_SSE_PBE
1317,-4.381674173450483,-4.106309541811545,1.02,-0.193488962524,86dd3a804d78ca5d203ebf98747e8f16dff9713ba8950097ceb760b161e19907,Domains_SSE_PBE
1318,-4.382153384477825,-4.106309541811545,1.02,-0.193488962524,86dd3a804d78ca5d203ebf98747e8f16dff9713ba8950097ceb760b161e19907,Domains_SSE_PBE
1319,-4.382632783271854,-4.106309541811545,1.02,-0.193488962524,86dd3a804d78ca5d203ebf98747e8f16dff9713ba8950097ceb760b161e19907,Domains_SSE_PBE
1320,-4.383112369702101,-4.106309541811545,1.02,-0.193488962524,86dd3a804d78ca5d203ebf98747e8f16dff9713ba8950097ceb760b161e19907,Domains_SSE_PBE
1321,-4.383592143638276,-4.106309541811545,1.02,-0.193488962524,86dd3a804d78ca5d203ebf98747e8f16dff9713ba8950097ceb760b161e19907,Domains_SSE_PBE
1322,-4.384072104950258,-4.106309541811545,1.02,-0.193488962524,86dd3a804d78ca5d203ebf98747e8f16dff9713ba8950097ceb760b161e19907,Domains_SSE_PBE
1323,-4.384552253508099,-4.106309541811545,1.02,-0.193488962524,86dd3a804d78ca5d203ebf98747e8f16dff9713ba8950097ceb760b161e19907,Domains_SSE_PBE
1324,-4.385032589182026,-4.106309541811545,1.02,-0.193488962524,86dd3a804d78ca5d203ebf98747e8f16dff9713ba8950097ceb760b161e19907,Domains_SSE_PBE
1325,-4.385513111842433,-4.106309541811545,1.02,-0.193488962524,86dd3a804d78ca5d203ebf98747e8f16dff9713ba8950097ceb760b161e19907,Domains_SSE_PBE
1326,-4.385993821359887,-4.106309541811545,1.02,-0.193488962524,86dd3a804d78ca5d203ebf98747e8f16dff9713ba8950097ceb760b161e19907,Domains_SSE_PBE
1327,-4.386474717605126,-4.106309541811545,1.02,-0.193488962524,86dd3a804d78ca5d203ebf98747e8f16dff9713ba8950097ceb760b161e19907,Domains_SSE_PBE
1328,-4.386955800449061,-4.106309541811545,1.02,-0.193488962524,86dd3a804d78ca5d203ebf98747e8f16dff9713ba8950097ceb760b161e19907,Domains_SSE_PBE
1329,-4.38743706976277,-4.106309541811545,1.02,-0.193488962524,86dd3a804d78ca5d203ebf98747e8f16dff9713ba8950097ceb760b161e19907,Domains_SSE_PBE
1330,-4.387918525417503,-4.106309541811545,1.02,-0.193488962524,86dd3a804d78ca5d203ebf98747e8f16dff9713ba8950097ceb760b161e19907,Domains_SSE_PBE
1331,-4.388400167284678,-4.106309541811545,1.02,-0.193488962524,86dd3a804d78ca5d203ebf98747e8f16dff9713ba8950097ceb760b161e19907,Domains_SSE_PBE
1332,-4.388881995235884,-4.106309541811545,1.02,-0.193488962524,86dd3a804d78ca5d203ebf98747e8f16dff9713ba8950097ceb760b161e19907,Domains_SSE_PBE
1333,-4.389364009142878,-4.106309541811545,1.02,-0.193488962524,86dd3a804d78ca5d203ebf98747e8f16dff9713ba8950097ceb760b161e19907,Domains_SSE_PBE
1334,-4.389846208877586,-4.106309541811545,1.02,-0.193488962524,86dd3a804d78ca5d203ebf98747e8f16dff9713ba8950097ceb760b161e19907,Domains_SSE_PBE
1335,-4.390328594312103,-4.106309541811545,1.02,-0.193488962524,86dd3a804d78ca5d203ebf98747e8f16dff9713ba8950097ceb760b161e19907,Domains_SSE_PBE
1336,-4.390811165318691,-4.106309541811545,1.02,-0.193488962524,86dd3a804d78ca5d203ebf98747e8f16dff9713ba8950097ceb760b161e19907,Domains_SSE_PBE
1337,-4.391293921769782,-4.106309541811545,1.02,-0.193488962524,86dd3a804d78ca5d203ebf98747e8f16dff9713ba8950097ceb760b161e19907,Domains_SSE_PBE
1338,-4.391776863537973,-4.106309541811545,1.02,-0.193488962524,86dd3a804d78ca5d203ebf98747e8f16dff9713ba8950097ceb760b161e19907,Domains_SSE_PBE
1339,-4.392259990496028,-4.106309541811545,1.02,-0.193488962524,86dd3a804d78ca5d203ebf98747e8f16dff9713ba8950097ceb760b161e19907,Domains_SSE_PBE
1340,-4.392743302516881,-4.106309541811545,1.02,-0.193488962524,86dd3a804d78ca5d203ebf98747e8f16dff9713ba8950097ceb760b161e19907,Domains_SSE_PBE
1341,-4.393226799473629,-4.106309541811545,1.02,-0.193488962524,86dd3a804d78ca5d203ebf98747e8f16dff9713ba8950097ceb760b161e19907,Domains_SSE_PBE
1342,-4.393710481239538,-4.106309541811545,1.02,-0.193488962524,86dd3a804d78ca5d203ebf98747e8f16dff9713ba8950097ceb760b161e19907,Domains_SSE_PBE
1343,-4.394194347688037,-4.106309541811545,1.02,-0.193488962524,86dd3a804d78ca5d203ebf98747e8f16dff9713ba8950097ceb760b161e19907,Domains_SSE_PBE
1344,-4.394678398692723,-4.106309541811545,1.02,-0.193488962524,86dd3a804d78ca5d203ebf98747e8f16dff9713ba8950097ceb760b161e19907,Domains_SSE_PBE
1345,-4.395162634127359,-4.106309541811545,1.02,-0.193488962524,86dd3a804d78ca5d203ebf98747e8f16dff9713ba8950097ceb760b161e19907,Domains_SSE_PBE
1346,-4.395647053865869,-4.106309541811545,1.02,-0.193488962524,86dd3a804d78ca5d203ebf98747e8f16dff9713ba8950097ceb760b161e19907,Domains_SSE_PBE
1347,-4.396131657782346,-4.106309541811545,1.02,-0.193488962524,86dd3a804d78ca5d203ebf98747e8f16dff9713ba8950097ceb760b161e19907,Domains_SSE_PBE
1348,-4.396616445751046,-4.106309541811545,1.02,-0.193488962524,86dd3a804d78ca5d203ebf98747e8f16dff9713ba8950097ceb760b161e19907,Domains_SSE_PBE
1349,-4.397101417646387,-4.106309541811545,1.02,-0.193488962524,86dd3a804d78ca5d203ebf98747e8f16dff9713ba8950097ceb760b161e19907,Domains_SSE_PBE
1350,-4.397586573342954,-4.106309541811545,1.02,-0.193488962524,86dd3a804d78ca5d203ebf98747e8f16dff9713ba8950097ceb760b161e19907,Domains_SSE_PBE
1351,-4.398071912715493,-4.106309541811545,1.02,-0.193488962524,86dd3a804d78ca5d203ebf98747e8f16dff9713ba8950097ceb760b161e19907,Domains_SSE_PBE
1352,-4.398557435638915,-4.106309541811545,1.02,-0.193488962524,86dd3a804d78ca5d203ebf98747e8f16dff9713ba8950097ceb760b161e19907,Domains_SSE_PBE
1353,-4.399043141988293,-4.106309541811545,1.02,-0.193488962524,86dd3a804d78ca5d203ebf98747e8f16dff9713ba8950097ceb760b161e19907,Domains_SSE_PBE
1354,-4.399529031638862,-4.106309541811545,1.02,-0.193488962524,86dd3a804d78ca5d203ebf98747e8f16dff9713ba8950097ceb760b161e19907,Domains_SSE_PBE
1355,-4.40001510446602,-4.106309541811545,1.02,-0.193488962524,86dd3a804d78ca5d203ebf98747e8f16dff9713ba8950097ceb760b161e19907,Domains_SSE_PBE
1356,-4.400501360345326,-4.106309541811545,1.02,-0.193488962524,86dd3a804d78ca5d203ebf98747e8f16dff9713ba8950097ceb760b161e19907,Domains_SSE_PBE
1357,-4.400987799152503,-4.106309541811545,1.02,-0.193488962524,86dd3a804d78ca5d203ebf98747e8f16dff9713ba8950097ceb760b161e19907,Domains_SSE_PBE
1358,-4.401474420763432,-4.106309541811545,1.02,-0.193488962524,86dd3a804d78ca5d203ebf98747e8f16dff9713ba8950097ceb760b161e19907,Domains_SSE_PBE
1359,-4.401961225054159,-4.106309541811545,1.02,-0.193488962524,86dd3a804d78ca5d203ebf98747e8f16dff9713ba8950097ceb760b161e19907,Domains_SSE_PBE
1360,-4.402448211900887,-4.106309541811545,1.02,-0.193488962524,86dd3a804d78ca5d203ebf98747e8f16dff9713ba8950097ceb760b161e19907,Domains_SSE_PBE
1361,-4.402935381179981,-4.106309541811545,1.02,-0.193488962524,86dd3a804d78ca5d203ebf98747e8f16dff9713ba8950097ceb760b161e19907,Domains_SSE_PBE
1362,-4.403422732767967,-4.106309541811545,1.02,-0.193488962524,86dd3a804d78ca5d203ebf98747e8f16dff9713ba8950097ceb760b161e19907,Domains_SSE_PBE
1363,-4.40391026654153,-4.106309541811545,1.02,-0.193488962524,86dd3a804d78ca5d203ebf98747e8f16dff9713ba8950097ceb760b161e19907,Domains_SSE_PBE
1364,-4.404397982377514,-4.106309541811545,1.02,-0.193488962524,86dd3a804d78ca5d203ebf98747e8f16dff9713ba8950097ceb760b161e19907,Domains_SSE_PBE
1365,-4.404885880152924,-4.106309541811545,1.02,-0.193488962524,86dd3a804d78ca5d203ebf98747e8f16dff9713ba8950097ceb760b161e19907,Domains_SSE_PBE
1366,-4.405373959744923,-4.106309541811545,1.02,-0.193488962524,86dd3a804d78ca5d203ebf98747e8f16dff9713ba8950097ceb760b161e19907,Domains_SSE_PBE
1367,-4.405862221030832,-4.106309541811545,1.02,-0.193488962524,86dd3a804d78ca5d203ebf98747e8f16dff9713ba8950097ceb760b161e19907,Domains_SSE_PBE
1368,-4.40635066388813,-4.106309541811545,1.02,-0.193488962524,86dd3a804d78ca5d203ebf98747e8f16dff9713ba8950097ceb760b161e19907,Domains_SSE_PBE
1369,-4.406839288194457,-4.106309541811545,1.02,-0.193488962524,86dd3a804d78ca5d203ebf98747e8f16dff9713ba8950097ceb760b161e19907,Domains_SSE_PBE
1370,-4.407328093827609,-4.106309541811545,1.02,-0.193488962524,86dd3a804d78ca5d203ebf98747e8f16dff9713ba8950097ceb760b161e19907,Domains_SSE_PBE
1371,-4.407817080665538,-4.106309541811545,1.02,-0.193488962524,86dd3a804d78ca5d203ebf98747e8f16dff9713ba8950097ceb760b161e19907,Domains_SSE_PBE
1372,-4.408306248586356,-4.106309541811545,1.02,-0.193488962524,86dd3a804d78ca5d203ebf98747e8f16dff9713ba8950097ceb760b161e19907,Domains_SSE_PBE
1373,-4.40879559746833,-4.106309541811545,1.02,-0.193488962524,86dd3a804d78ca5d203ebf98747e8f16dff9713ba8950097ceb760b161e19907,Domains_SSE_PBE
1374,-4.409285127189886,-4.106309541811545,1.02,-0.193488962524,86dd3a804d78ca5d203ebf98747e8f16dff9713ba8950097ceb760b161e19907,Domains_SSE_PBE
1375,-4.409774837629603,-4.106309541811545,1.02,-0.193488962524,86dd3a804d78ca5d203ebf98747e8f16dff9713ba8950097ceb760b161e19907,Domains_SSE_PBE
1376,-4.410264728666217,-4.106309541811545,1.02,-0.193488962524,86dd3a804d78ca5d203ebf98747e8f16dff9713ba8950097ceb760b161e19907,Domains_SSE_PBE
1377,-4.410754800178624,-4.106309541811545,1.02,-0.193488962524,86dd3a804d78ca5d203ebf98747e8f16dff9713ba8950097ceb760b161e19907,Domains_SSE_PBE
1378,-4.411245052045868,-4.106309541811545,1.02,-0.193488962524,86dd3a804d78ca5d203ebf98747e8f16dff9713ba8950097ceb760b161e19907,Domains_SSE_PBE
1379,-4.411735484147155,-4.106309541811545,1.02,-0.193488962524,86dd3a804d78ca5d203ebf98747e8f16dff9713ba8950097ceb760b161e19907,Domains_SSE_PBE
1380,-4.412226096361844,-4.106309541811545,1.02,-0.193488962524,86dd3a804d78ca5d203ebf98747e8f16dff9713ba8950097ceb760b161e19907,Domains_SSE_PBE
1381,-4.412716888569446,-4.106309541811545,1.02,-0.193488962524,86dd3a804d78ca5d203ebf98747e8f16dff9713ba8950097ceb760b161e19907,Domains_SSE_PBE
1382,-4.41320786064963,-4.106309541811545,1.02,-0.193488962524,86dd3a804d78ca5d203ebf98747e8f16dff9713ba8950097ceb760b161e19907,Domains_SSE_PBE
1383,-4.413699012482216,-4.106309541811545,1.02,-0.193488962524,86dd3a804d78ca5d203ebf98747e8f16dff9713ba8950097ceb760b161e19907,Domains_SSE_PBE
1384,-4.41419034394718,-4.106309541811545,1.02,-0.193488962524,86dd3a804d78ca5d203ebf98747e8f16dff9713ba8950097ceb760b161e19907,Domains_SSE_PBE
1385,-4.41468185492465,-4.106309541811545,1.02,-0.193488962524,86dd3a804d78ca5d203ebf98747e8f16dff9713ba8950097ceb760b161e19907,Domains_SSE_PBE
1386,-4.415173545294909,-4.106309541811545,1.02,-0.193488962524,86dd3a804d78ca5d203ebf98747e8f16dff9713ba8950097ceb760b161e19907,Domains_SSE_PBE
1387,-4.415665414938393,-4.106309541811545,1.02,-0.193488962524,86dd3a804d78ca5d203ebf98747e8f16dff9713ba8950097ceb760b161e19907,Domains_SSE_PBE
1388,-4.416157463735687,-4.106309541811545,1.02,-0.193488962524,86dd3a804d78ca5d203ebf98747e8f16dff9713ba8950097ceb760b161e19907,Domains_SSE_PBE
1389,-4.416649691567534,-4.106309541811545,1.02,-0.193488962524,86dd3a804d78ca5d203ebf98747e8f16dff9713ba8950097ceb760b161e19907,Domains_SSE_PBE
1390,-4.417142098314824,-4.106309541811545,1.02,-0.193488962524,86dd3a804d78ca5d203ebf98747e8f16dff9713ba8950097ceb760b161e19907,Domains_SSE_PBE
1391,-4.417634683858603,-4.106309541811545,1.02,-0.193488962524,86dd3a804d78ca5d203ebf98747e8f16dff9713ba8950097ceb760b161e19907,Domains_SSE_PBE
1392,-4.418127448080065,-4.106309541811545,1.02,-0.193488962524,86dd3a804d78ca5d203ebf98747e8f16dff9713ba8950097ceb760b161e19907,Domains_SSE_PBE
1393,-4.418620390860558,-4.106309541811545,1.02,-0.193488962524,86dd3a804d78ca5d203ebf98747e8f16dff9713ba8950097ceb760b161e19907,Domains_SSE_PBE
1394,-4.41911351208158,-4.106309541811545,1.02,-0.193488962524,86dd3a804d78ca5d203ebf98747e8f16dff9713ba8950097ceb760b161e19907,Domains_SSE_PBE
1395,-4.41960681162478,-4.106309541811545,1.02,-0.193488962524,86dd3a804d78ca5d203ebf98747e8f16dff9713ba8950097ceb760b161e19907,Domains_SSE_PBE
1396,-4.420100289371957,-4.106309541811545,1.02,-0.193488962524,86dd3a804d78ca5d203ebf98747e8f16dff9713ba8950097ceb760b161e19907,Domains_SSE_PBE
1397,-4.42059394520506,-4.106309541811545,1.02,-0.193488962524,86dd3a804d78ca5d203ebf98747e8f16dff9713ba8950097ceb760b161e19907,Domains_SSE_PBE
1398,-4.421087779006189,-4.106309541811545,1.02,-0.193488962524,86dd3a804d78ca5d203ebf98747e8f16dff9713ba8950097ceb760b161e19907,Domains_SSE_PBE
1399,-4.421581790657594,-4.106309541811545,1.02,-0.193488962524,86dd3a804d78ca5d203ebf98747e8f16dff9713ba8950097ceb760b161e19907,Domains_SSE_PBE
1400,-4.422075980041672,-4.106309541811545,1.02,-0.193488962524,86dd3a804d78ca5d203ebf98747e8f16dff9713ba8950097ceb760b161e19907,Domains_SSE_PBE
1401,-4.422570347040971,-4.106309541811545,1.02,-0.193488962524,86dd3a804d78ca5d203ebf98747e8f16dff9713ba8950097ceb760b161e19907,Domains_SSE_PBE
1402,-4.423064891538187,-4.106309541811545,1.02,-0.193488962524,86dd3a804d78ca5d203ebf98747e8f16dff9713ba8950097ceb760b161e19907,Domains_SSE_PBE
1403,-4.423559613416167,-4.106309541811545,1.02,-0.193488962524,86dd3a804d78ca5d203ebf98747e8f16dff9713ba8950097ceb760b161e19907,Domains_SSE_PBE
1404,-4.424054512557903,-4.106309541811545,1.02,-0.193488962524,86dd3a804d78ca5d203ebf98747e8f16dff9713ba8950097ceb760b161e19907,Domains_SSE_PBE
1405,-4.424549588846535,-4.106309541811545,1.02,-0.193488962524,86dd3a804d78ca5d203ebf98747e8f16dff9713ba8950097ceb760b161e19907,Domains_SSE_PBE
1406,-4.425044842165354,-4.106309541811545,1.02,-0.193488962524,86dd3a804d78ca5d203ebf98747e8f16dff9713ba8950097ceb760b161e19907,Domains_SSE_PBE
1407,-4.425540272397797,-4.106309541811545,1.02,-0.193488962524,86dd3a804d78ca5d203ebf98747e8f16dff9713ba8950097ceb760b161e19907,Domains_SSE_PBE
1408,-4.426035879427446,-4.106309541811545,1.02,-0.193488962524,86dd3a804d78ca5d203ebf98747e8f16dff9713ba8950097ceb760b161e19907,Domains_SSE_PBE
1409,-4.426531663138034,-4.106309541811545,1.02,-0.193488962524,86dd3a804d78ca5d203ebf98747e8f16dff9713ba8950097ceb760b161e19907,Domains_SSE_PBE
1410,-4.427027623413437,-4.106309541811545,1.02,-0.193488962524,86dd3a804d78ca5d203ebf98747e8f16dff9713ba8950097ceb760b161e19907,Domains_SSE_PBE
1411,-4.42752376013768,-4.106309541811545,1.02,-0.193488962524,86dd3a804d78ca5d203ebf98747e8f16dff9713ba8950097ceb760b161e19907,Domains_SSE_PBE
1412,-4.428020073194932,-4.106309541811545,1.02,-0.193488962524,86dd3a804d78ca5d203ebf98747e8f16dff9713ba8950097ceb760b161e19907,Domains_SSE_PBE
1413,-4.428516562469511,-4.106309541811545,1.02,-0.193488962524,86dd3a804d78ca5d203ebf98747e8f16dff9713ba8950097ceb760b161e19907,Domains_SSE_PBE
1414,-4.429013227845878,-4.106309541811545,1.02,-0.193488962524,86dd3a804d78ca5d203ebf98747e8f16dff9713ba8950097ceb760b161e19907,Domains_SSE_PBE
1415,-4.429510069208638,-4.106309541811545,1.02,-0.193488962524,86dd3a804d78ca5d203ebf98747e8f16dff9713ba8950097ceb760b161e19907,Domains_SSE_PBE
1416,-4.430007086442547,-4.106309541811545,1.02,-0.193488962524,86dd3a804d78ca5d203ebf98747e8f16dff9713ba8950097ceb760b161e19907,Domains_SSE_PBE
1417,-4.430504279432499,-4.106309541811545,1.02,-0.193488962524,86dd3a804d78ca5d203ebf98747e8f16dff9713ba8950097ceb760b161e19907,Domains_SSE_PBE
1418,-4.431001648063538,-4.106309541811545,1.02,-0.193488962524,86dd3a804d78ca5d203ebf98747e8f16dff9713ba8950097ceb760b161e19907,Domains_SSE_PBE
1419,-4.43149919222085,-4.106309541811545,1.02,-0.193488962524,86dd3a804d78ca5d203ebf98747e8f16dff9713ba8950097ceb760b161e19907,Domains_SSE_PBE
1420,-4.431996911789763,-4.106309541811545,1.02,-0.193488962524,86dd3a804d78ca5d203ebf98747e8f16dff9713ba8950097ceb760b161e19907,Domains_SSE_PBE
1421,-4.432494806655752,-4.106309541811545,1.02,-0.193488962524,86dd3a804d78ca5d203ebf98747e8f16dff9713ba8950097ceb760b161e19907,Domains_SSE_PBE
1422,-4.432992876704437,-4.106309541811545,1.02,-0.193488962524,86dd3a804d78ca5d203ebf98747e8f16dff9713ba8950097ceb760b161e19907,Domains_SSE_PBE
1423,-4.433491121821575,-4.106309541811545,1.02,-0.193488962524,86dd3a804d78ca5d203ebf98747e8f16dff9713ba8950097ceb760b161e19907,Domains_SSE_PBE
1424,-4.433989541893072,-4.106309541811545,1.02,-0.193488962524,86dd3a804d78ca5d203ebf98747e8f16dff9713ba8950097ceb760b161e19907,Domains_SSE_PBE
1425,-4.434488136804975,-4.106309541811545,1.02,-0.193488962524,86dd3a804d78ca5d203ebf98747e8f16dff9713ba8950097ceb760b161e19907,Domains_SSE_PBE
1426,-4.434986906443473,-4.106309541811545,1.02,-0.193488962524,86dd3a804d78ca5d203ebf98747e8f16dff9713ba8950097ceb760b161e19907,Domains_SSE_PBE
1427,-4.435485850694898,-4.106309541811545,1.02,-0.193488962524,86dd3a804d78ca5d203ebf98747e8f16dff9713ba8950097ceb760b161e19907,Domains_SSE_PBE
1428,-4.435984969445722,-4.106309541811545,1.02,-0.193488962524,86dd3a804d78ca5d203ebf98747e8f16dff9713ba8950097ceb760b161e19907,Domains_SSE_PBE
1429,-4.436484262582562,-4.106309541811545,1.02,-0.193488962524,86dd3a804d78ca5d203ebf98747e8f16dff9713ba8950097ceb760b161e19907,Domains_SSE_PBE
1430,-4.436983729992173,-4.106309541811545,1.02,-0.193488962524,86dd3a804d78ca5d203ebf98747e8f16dff9713ba8950097ceb760b161e19907,Domains_SSE_PBE
1431,-4.437483371561456,-4.106309541811545,1.02,-0.193488962524,86dd3a804d78ca5d203ebf98747e8f16dff9713ba8950097ceb760b161e19907,Domains_SSE_PBE
1432,-4.437983187177448,-4.106309541811545,1.02,-0.193488962524,86dd3a804d78ca5d203ebf98747e8f16dff9713ba8950097ceb760b161e19907,Domains_SSE_PBE
1433,-4.438483176727329,-4.106309541811545,1.02,-0.193488962524,86dd3a804d78ca5d203ebf98747e8f16dff9713ba8950097ceb760b161e19907,Domains_SSE_PBE
1434,-4.438983340098421,-4.106309541811545,1.02,-0.193488962524,86dd3a804d78ca5d203ebf98747e8f16dff9713ba8950097ceb760b161e19907,Domains_SSE_PBE
1435,-4.439483677178183,-4.106309541811545,1.02,-0.193488962524,86dd3a804d78ca5d203ebf98747e8f16dff9713ba8950097ceb760b161e19907,Domains_SSE_PBE
1436,-4.439984187854216,-4.106309541811545,1.02,-0.193488962524,86dd3a804d78ca5d203ebf98747e8f16dff9713ba8950097ceb760b161e19907,Domains_SSE_PBE
1437,-4.440484872014261,-4.106309541811545,1.02,-0.193488962524,86dd3a804d78ca5d203ebf98747e8f16dff9713ba8950097ceb760b161e19907,Domains_SSE_PBE
1438,-4.440985729546198,-4.106309541811545,1.02,-0.193488962524,86dd3a804d78ca5d203ebf98747e8f16dff9713ba8950097ceb760b161e19907,Domains_SSE_PBE
1439,-4.441486760338047,-4.106309541811545,1.02,-0.193488962524,86dd3a804d78ca5d203ebf98747e8f16dff9713ba8950097ceb760b161e19907,Domains_SSE_PBE
1440,-4.441987964277964,-4.106309541811545,1.02,-0.193488962524,86dd3a804d78ca5d203ebf98747e8f16dff9713ba8950097ceb760b161e19907,Domains_SSE_PBE
1441,-4.442489341254247,-4.106309541811545,1.02,-0.193488962524,86dd3a804d78ca5d203ebf98747e8f16dff9713ba8950097ceb760b161e19907,Domains_SSE_PBE
1442,-4.442990891155333,-4.106309541811545,1.02,-0.193488962524,86dd3a804d78ca5d203ebf98747e8f16dff9713ba8950097ceb760b161e19907,Domains_SSE_PBE
1443,-4.443492613869795,-4.106309541811545,1.02,-0.193488962524,86dd3a804d78ca5d203ebf98747e8f16dff9713ba8950097ceb760b161e19907,Domains_SSE_PBE
1444,-4.443994509286344,-4.106309541811545,1.02,-0.193488962524,86dd3a804d78ca5d203ebf98747e8f16dff9713ba8950097ceb760b161e19907,Domains_SSE_PBE
1445,-4.444496577293831,-4.106309541811545,1.02,-0.193488962524,86dd3a804d78ca5d203ebf98747e8f16dff9713ba8950097ceb760b161e19907,Domains_SSE_PBE
1446,-4.44499881778124,-4.106309541811545,1.02,-0.193488962524,86dd3a804d78ca5d203ebf98747e8f16dff9713ba8950097ceb760b161e19907,Domains_SSE_PBE
1447,-4.445501230637699,-4.106309541811545,1.02,-0.193488962524,86dd3a804d78ca5d203ebf98747e8f16dff9713ba8950097ceb760b161e19907,Domains_SSE_PBE
1448,-4.446003815752469,-4.106309541811545,1.02,-0.193488962524,86dd3a804d78ca5d203ebf98747e8f16dff9713ba8950097ceb760b161e19907,Domains_SSE_PBE
1449,-4.446506573014948,-4.106309541811545,1.02,-0.193488962524,86dd3a804d78ca5d203ebf98747e8f16dff9713ba8950097ceb760b161e19907,Domains_SSE_PBE
1450,-4.447009502314669,-4.106309541811545,1.02,-0.193488962524,86dd3a804d78ca5d203ebf98747e8f16dff9713ba8950097ceb760b161e19907,Domains_SSE_PBE
1451,-4.447512603541306,-4.106309541811545,1.02,-0.193488962524,86dd3a804d78ca5d203ebf98747e8f16dff9713ba8950097ceb760b161e19907,Domains_SSE_PBE
1452,-4.448015876584664,-4.106309541811545,1.02,-0.193488962524,86dd3a804d78ca5d203ebf98747e8f16dff9713ba8950097ceb760b161e19907,Domains_SSE_PBE
1453,-4.448519321334688,-4.106309541811545,1.02,-0.193488962524,86dd3a804d78ca5d203ebf98747e8f16dff9713ba8950097ceb760b161e19907,Domains_SSE_PBE
1454,-4.449022937681455,-4.106309541811545,1.02,-0.193488962524,86dd3a804d78ca5d203ebf98747e8f16dff9713ba8950097ceb760b161e19907,Domains_SSE_PBE
1455,-4.449526725515181,-4.106309541811545,1.02,-0.193488962524,86dd3a804d78ca5d203ebf98747e8f16dff9713ba8950097ceb760b161e19907,Domains_SSE_PBE
1456,-4.450030684726213,-4.106309541811545,1.02,-0.193488962524,86dd3a804d78ca5d203ebf98747e8f16dff9713ba8950097ceb760b161e19907,Domains_SSE_PBE
1457,-4.450534815205037,-4.106309541811545,1.02,-0.193488962524,86dd3a804d78ca5d203ebf98747e8f16dff9713ba8950097ceb760b161e19907,Domains_SSE_PBE
1458,-4.451039116842271,-4.106309541811545,1.02,-0.193488962524,86dd3a804d78ca5d203ebf98747e8f16dff9713ba8950097ceb760b161e19907,Domains_SSE_PBE
1459,-4.451543589528667,-4.106309541811545,1.02,-0.193488962524,86dd3a804d78ca5d203ebf98747e8f16dff9713ba8950097ceb760b161e19907,Domains_SSE_PBE
1460,-4.452048233155114,-4.106309541811545,1.02,-0.193488962524,86dd3a804d78ca5d203ebf98747e8f16dff9713ba8950097ceb760b161e19907,Domains_SSE_PBE
1461,-4.452553047612632,-4.106309541811545,1.02,-0.193488962524,86dd3a804d78ca5d203ebf98747e8f16dff9713ba8950097ceb760b161e19907,Domains_SSE_PBE
1462,-4.453058032792377,-4.106309541811545,1.02,-0.193488962524,86dd3a804d78ca5d203ebf98747e8f16dff9713ba8950097ceb760b161e19907,Domains_SSE_PBE
1463,-4.453563188585637,-4.106309541811545,1.02,-0.193488962524,86dd3a804d78ca5d203ebf98747e8f16dff9713ba8950097ceb760b161e19907,Domains_SSE_PBE
1464,-4.454068514883833,-4.106309541811545,1.02,-0.193488962524,86dd3a804d78ca5d203ebf98747e8f16dff9713ba8950097ceb760b161e19907,Domains_SSE_PBE
1465,-4.45457401157852,-4.106309541811545,1.02,-0.193488962524,86dd3a804d78ca5d203ebf98747e8f16dff9713ba8950097ceb760b161e19907,Domains_SSE_PBE
1466,-4.455079678561384,-4.106309541811545,1.02,-0.193488962524,86dd3a804d78ca5d203ebf98747e8f16dff9713ba8950097ceb760b161e19907,Domains_SSE_PBE
1467,-4.455585515724247,-4.106309541811545,1.02,-0.193488962524,86dd3a804d78ca5d203ebf98747e8f16dff9713ba8950097ceb760b161e19907,Domains_SSE_PBE
1468,-4.456091522959062,-4.106309541811545,1.02,-0.193488962524,86dd3a804d78ca5d203ebf98747e8f16dff9713ba8950097ceb760b161e19907,Domains_SSE_PBE
1469,-4.456597700157909,-4.106309541811545,1.02,-0.193488962524,86dd3a804d78ca5d203ebf98747e8f16dff9713ba8950097ceb760b161e19907,Domains_SSE_PBE
1470,-4.457104047213008,-4.106309541811545,1.02,-0.193488962524,86dd3a804d78ca5d203ebf98747e8f16dff9713ba8950097ceb760b161e19907,Domains_SSE_PBE
1471,-4.457610564016704,-4.106309541811545,1.02,-0.193488962524,86dd3a804d78ca5d203ebf98747e8f16dff9713ba8950097ceb760b161e19907,Domains_SSE_PBE
1472,-4.458117250461478,-4.106309541811545,1.02,-0.193488962524,86dd3a804d78ca5d203ebf98747e8f16dff9713ba8950097ceb760b161e19907,Domains_SSE_PBE
1473,-4.458624106439939,-4.106309541811545,1.02,-0.193488962524,86dd3a804d78ca5d203ebf98747e8f16dff9713ba8950097ceb760b161e19907,Domains_SSE_PBE
1474,-4.459131131844829,-4.106309541811545,1.02,-0.193488962524,86dd3a804d78ca5d203ebf98747e8f16dff9713ba8950097ceb760b161e19907,Domains_SSE_PBE
1475,-4.459638326569018,-4.106309541811545,1.02,-0.193488962524,86dd3a804d78ca5d203ebf98747e8f16dff9713ba8950097ceb760b161e19907,Domains_SSE_PBE
1476,-4.460145690505509,-4.106309541811545,1.02,-0.193488962524,86dd3a804d78ca5d203ebf98747e8f16dff9713ba8950097ceb760b161e19907,Domains_SSE_PBE
1477,-4.460653223547435,-4.106309541811545,1.02,-0.193488962524,86dd3a804d78ca5d203ebf98747e8f16dff9713ba8950097ceb760b161e19907,Domains_SSE_PBE
1478,-4.461160925588057,-4.106309541811545,1.02,-0.193488962524,86dd3a804d78ca5d203ebf98747e8f16dff9713ba8950097ceb760b161e19907,Domains_SSE_PBE
1479,-4.461668796520768,-4.106309541811545,1.02,-0.193488962524,86dd3a804d78ca5d203ebf98747e8f16dff9713ba8950097ceb760b161e19907,Domains_SSE_PBE
1480,-4.46217683623909,-4.106309541811545,1.02,-0.193488962524,86dd3a804d78ca5d203ebf98747e8f16dff9713ba8950097ceb760b161e19907,Domains_SSE_PBE
1481,-4.462685044636673,-4.106309541811545,1.02,-0.193488962524,86dd3a804d78ca5d203ebf98747e8f16dff9713ba8950097ceb760b161e19907,Domains_SSE_PBE
1482,-4.463193421607297,-4.106309541811545,1.02,-0.193488962524,86dd3a804d78ca5d203ebf98747e8f16dff9713ba8950097ceb760b161e19907,Domains_SSE_PBE
1483,-4.463701967044872,-4.106309541811545,1.02,-0.193488962524,86dd3a804d78ca5d203ebf98747e8f16dff9713ba8950097ceb760b161e19907,Domains_SSE_PBE
1484,-4.464210680843434,-4.106309541811545,1.02,-0.193488962524,86dd3a804d78ca5d203ebf98747e8f16dff9713ba8950097ceb760b161e19907,Domains_SSE_PBE
1485,-4.46471956289715,-4.106309541811545,1.02,-0.193488962524,86dd3a804d78ca5d203ebf98747e8f16dff9713ba8950097ceb760b161e19907,Domains_SSE_PBE
1486,-4.465228613100312,-4.106309541811545,1.02,-0.193488962524,86dd3a804d78ca5d203ebf98747e8f16dff9713ba8950097ceb760b161e19907,Domains_SSE_PBE
1487,-4.465737831347345,-4.106309541811545,1.02,-0.193488962524,86dd3a804d78ca5d203ebf98747e8f16dff9713ba8950097ceb760b161e19907,Domains_SSE_PBE
1488,-4.466247217532798,-4.106309541811545,1.02,-0.193488962524,86dd3a804d78ca5d203ebf98747e8f16dff9713ba8950097ceb760b161e19907,Domains_SSE_PBE
1489,-4.466756771551347,-4.106309541811545,1.02,-0.193488962524,86dd3a804d78ca5d203ebf98747e8f16dff9713ba8950097ceb760b161e19907,Domains_SSE_PBE
1490,-4.467266493297799,-4.106309541811545,1.02,-0.193488962524,86dd3a804d78ca5d203ebf98747e8f16dff9713ba8950097ceb760b161e19907,Domains_SSE_PBE
1491,-4.467776382667082,-4.106309541811545,1.02,-0.193488962524,86dd3a804d78ca5d203ebf98747e8f16dff9713ba8950097ceb760b161e19907,Domains_SSE_PBE
1492,-4.468286439554257,-4.106309541811545,1.02,-0.193488962524,86dd3a804d78ca5d203ebf98747e8f16dff9713ba8950097ceb760b161e19907,Domains_SSE_PBE
1493,-4.468796663854508,-4.106309541811545,1.02,-0.193488962524,86dd3a804d78ca5d203ebf98747e8f16dff9713ba8950097ceb760b161e19907,Domains_SSE_PBE
1494,-4.469307055463148,-4.106309541811545,1.02,-0.193488962524,86dd3a804d78ca5d203ebf98747e8f16dff9713ba8950097ceb760b161e19907,Domains_SSE_PBE
1495,-4.469817614275613,-4.106309541811545,1.02,-0.193488962524,86dd3a804d78ca5d203ebf98747e8f16dff9713ba8950097ceb760b161e19907,Domains_SSE_PBE
1496,-4.470328340187467,-4.106309541811545,1.02,-0.193488962524,86dd3a804d78ca5d203ebf98747e8f16dff9713ba8950097ceb760b161e19907,Domains_SSE_PBE
1497,-4.4708392330944,-4.106309541811545,1.02,-0.193488962524,86dd3a804d78ca5d203ebf98747e8f16dff9713ba8950097ceb760b161e19907,Domains_SSE_PBE
1498,-4.471350292892228,-4.106309541811545,1.02,-0.193488962524,86dd3a804d78ca5d203ebf98747e8f16dff9713ba8950097ceb760b161e19907,Domains_SSE_PBE
1499,-4.47186151947689,-4.106309541811545,1.02,-0.193488962524,86dd3a804d78ca5d203ebf98747e8f16dff9713ba8950097ceb760b161e19907,Domains_SSE_PBE
1500,-4.47237291274445,-4.106309541811545,1.02,-0.193488962524,86dd3a804d78ca5d203ebf98747e8f16dff9713ba8950097ceb760b161e19907,Domains_SSE_PBE
1501,-4.4728844725911,-4.106309541811545,1.02,-0.193488962524,86dd3a804d78ca5d203ebf98747e8f16dff9713ba8950097ceb760b161e19907,Domains_SSE_PBE
1502,-4.473396198913155,-4.106309541811545,1.02,-0.193488962524,86dd3a804d78ca5d203ebf98747e8f16dff9713ba8950097ceb760b161e19907,Domains_SSE_PBE
1503,-4.473908091607055,-4.106309541811545,1.02,-0.193488962524,86dd3a804d78ca5d203ebf98747e8f16dff9713ba8950097ceb760b161e19907,Domains_SSE_PBE
1504,-4.474420150569363,-4.106309541811545,1.02,-0.193488962524,86dd3a804d78ca5d203ebf98747e8f16dff9713ba8950097ceb760b161e19907,Domains_SSE_PBE
1505,-4.474932375696765,-4.106309541811545,1.02,-0.193488962524,86dd3a804d78ca5d203ebf98747e8f16dff9713ba8950097ceb760b161e19907,Domains_SSE_PBE
1506,-4.475444766886074,-4.106309541811545,1.02,-0.193488962524,86dd3a804d78ca5d203ebf98747e8f16dff9713ba8950097ceb760b161e19907,Domains_SSE_PBE
1507,-4.475957324034225,-4.106309541811545,1.02,-0.193488962524,86dd3a804d78ca5d203ebf98747e8f16dff9713ba8950097ceb760b161e19907,Domains_SSE_PBE
1508,-4.476470047038275,-4.106309541811545,1.02,-0.193488962524,86dd3a804d78ca5d203ebf98747e8f16dff9713ba8950097ceb760b161e19907,Domains_SSE_PBE
1509,-4.476982935795409,-4.106309541811545,1.02,-0.193488962524,86dd3a804d78ca5d203ebf98747e8f16dff9713ba8950097ceb760b161e19907,Domains_SSE_PBE
1510,-4.477495990202927,-4.106309541811545,1.02,-0.193488962524,86dd3a804d78ca5d203ebf98747e8f16dff9713ba8950097ceb760b161e19907,Domains_SSE_PBE
1511,-4.47800921015826,-4.106309541811545,1.02,-0.193488962524,86dd3a804d78ca5d203ebf98747e8f16dff9713ba8950097ceb760b161e19907,Domains_SSE_PBE
1512,-4.478522595558956,-4.106309541811545,1.02,-0.193488962524,86dd3a804d78ca5d203ebf98747e8f16dff9713ba8950097ceb760b161e19907,Domains_SSE_PBE
1513,-4.479036146302687,-4.106309541811545,1.02,-0.193488962524,86dd3a804d78ca5d203ebf98747e8f16dff9713ba8950097ceb760b161e19907,Domains_SSE_PBE
1514,-4.479549862287248,-4.106309541811545,1.02,-0.193488962524,86dd3a804d78ca5d203ebf98747e8f16dff9713ba8950097ceb760b161e19907,Domains_SSE_PBE
1515,-4.480063743410555,-4.106309541811545,1.02,-0.193488962524,86dd3a804d78ca5d203ebf98747e8f16dff9713ba8950097ceb760b161e19907,Domains_SSE_PBE
1516,-4.480577789570646,-4.106309541811545,1.02,-0.193488962524,86dd3a804d78ca5d203ebf98747e8f16dff9713ba8950097ceb760b161e19907,Domains_SSE_PBE
1517,-4.481092000665679,-4.106309541811545,1.02,-0.193488962524,86dd3a804d78ca5d203ebf98747e8f16dff9713ba8950097ceb760b161e19907,Domains_SSE_PBE
1518,-4.481606376593936,-4.106309541811545,1.02,-0.193488962524,86dd3a804d78ca5d203ebf98747e8f16dff9713ba8950097ceb760b161e19907,Domains_SSE_PBE
1519,-4.482120917253818,-4.106309541811545,1.02,-0.193488962524,86dd3a804d78ca5d203ebf98747e8f16dff9713ba8950097ceb760b161e19907,Domains_SSE_PBE
1520,-4.482635622543848,-4.106309541811545,1.02,-0.193488962524,86dd3a804d78ca5d203ebf98747e8f16dff9713ba8950097ceb760b161e19907,Domains_SSE_PBE
1521,-4.483150492362668,-4.106309541811545,1.02,-0.193488962524,86dd3a804d78ca5d203ebf98747e8f16dff9713ba8950097ceb760b161e19907,Domains_SSE_PBE
1522,-4.483665526609044,-4.106309541811545,1.02,-0.193488962524,86dd3a804d78ca5d203ebf98747e8f16dff9713ba8950097ceb760b161e19907,Domains_SSE_PBE
1523,-4.484180725181856,-4.106309541811545,1.02,-0.193488962524,86dd3a804d78ca5d203ebf98747e8f16dff9713ba8950097ceb760b161e19907,Domains_SSE_PBE
1524,-4.484696087980112,-4.106309541811545,1.02,-0.193488962524,86dd3a804d78ca5d203ebf98747e8f16dff9713ba8950097ceb760b161e19907,Domains_SSE_PBE
1525,-4.485211614902933,-4.106309541811545,1.02,-0.193488962524,86dd3a804d78ca5d203ebf98747e8f16dff9713ba8950097ceb760b161e19907,Domains_SSE_PBE
1526,-4.485727305849562,-4.106309541811545,1.02,-0.193488962524,86dd3a804d78ca5d203ebf98747e8f16dff9713ba8950097ceb760b161e19907,Domains_SSE_PBE
1527,-4.486243160719363,-4.106309541811545,1.02,-0.193488962524,86dd3a804d78ca5d203ebf98747e8f16dff9713ba8950097ceb760b161e19907,Domains_SSE_PBE
1528,-4.486759179411818,-4.106309541811545,1.02,-0.193488962524,86dd3a804d78ca5d203ebf98747e8f16dff9713ba8950097ceb760b161e19907,Domains_SSE_PBE
1529,-4.487275361826528,-4.106309541811545,1.02,-0.193488962524,86dd3a804d78ca5d203ebf98747e8f16dff9713ba8950097ceb760b161e19907,Domains_SSE_PBE
1530,-4.487791707863211,-4.106309541811545,1.02,-0.193488962524,86dd3a804d78ca5d203ebf98747e8f16dff9713ba8950097ceb760b161e19907,Domains_SSE_PBE
1531,-4.488308217421708,-4.106309541811545,1.02,-0.193488962524,86dd3a804d78ca5d203ebf98747e8f16dff9713ba8950097ceb760b161e19907,Domains_SSE_PBE
1532,-4.488824890401974,-4.106309541811545,1.02,-0.193488962524,86dd3a804d78ca5d203ebf98747e8f16dff9713ba8950097ceb760b161e19907,Domains_SSE_PBE
1533,-4.489341726704083,-4.106309541811545,1.02,-0.193488962524,86dd3a804d78ca5d203ebf98747e8f16dff9713ba8950097ceb760b161e19907,Domains_SSE_PBE
1534,-4.48985872622823,-4.106309541811545,1.02,-0.193488962524,86dd3a804d78ca5d203ebf98747e8f16dff9713ba8950097ceb760b161e19907,Domains_SSE_PBE
1535,-4.490375888874724,-4.106309541811545,1.02,-0.193488962524,86dd3a804d78ca5d203ebf98747e8f16dff9713ba8950097ceb760b161e19907,Domains_SSE_PBE
1536,-4.490893214543996,-4.106309541811545,1.02,-0.193488962524,86dd3a804d78ca5d203ebf98747e8f16dff9713ba8950097ceb760b161e19907,Domains_SSE_PBE
1537,-4.491410703136589,-4.106309541811545,1.02,-0.193488962524,86dd3a804d78ca5d203ebf98747e8f16dff9713ba8950097ceb760b161e19907,Domains_SSE_PBE
1538,-4.491928354553165,-4.106309541811545,1.02,-0.193488962524,86dd3a804d78ca5d203ebf98747e8f16dff9713ba8950097ceb760b161e19907,Domains_SSE_PBE
1539,-4.492446168694507,-4.106309541811545,1.02,-0.193488962524,86dd3a804d78ca5d203ebf98747e8f16dff9713ba8950097ceb760b161e19907,Domains_SSE_PBE
1540,-4.49296414546151,-4.106309541811545,1.02,-0.193488962524,86dd3a804d78ca5d203ebf98747e8f16dff9713ba8950097ceb760b161e19907,Domains_SSE_PBE
1541,-4.493482284755188,-4.106309541811545,1.02,-0.193488962524,86dd3a804d78ca5d203ebf98747e8f16dff9713ba8950097ceb760b161e19907,Domains_SSE_PBE
1542,-4.49400058647667,-4.106309541811545,1.02,-0.193488962524,86dd3a804d78ca5d203ebf98747e8f16dff9713ba8950097ceb760b161e19907,Domains_SSE_PBE
1543,-4.494519050527201,-4.106309541811545,1.02,-0.193488962524,86dd3a804d78ca5d203ebf98747e8f16dff9713ba8950097ceb760b161e19907,Domains_SSE_PBE
1544,-4.495037676808145,-4.106309541811545,1.02,-0.193488962524,86dd3a804d78ca5d203ebf98747e8f16dff9713ba8950097ceb760b161e19907,Domains_SSE_PBE
1545,-4.495556465220978,-4.106309541811545,1.02,-0.193488962524,86dd3a804d78ca5d203ebf98747e8f16dff9713ba8950097ceb760b161e19907,Domains_SSE_PBE
1546,-4.496075415667294,-4.106309541811545,1.02,-0.193488962524,86dd3a804d78ca5d203ebf98747e8f16dff9713ba8950097ceb760b161e19907,Domains_SSE_PBE
1547,-4.496594528048802,-4.106309541811545,1.02,-0.193488962524,86dd3a804d78ca5d203ebf98747e8f16dff9713ba8950097ceb760b161e19907,Domains_SSE_PBE
1548,-4.497113802267325,-4.106309541811545,1.02,-0.193488962524,86dd3a804d78ca5d203ebf98747e8f16dff9713ba8950097ceb760b161e19907,Domains_SSE_PBE
1549,-4.497633238224802,-4.106309541811545,1.02,-0.193488962524,86dd3a804d78ca5d203ebf98747e8f16dff9713ba8950097ceb760b161e19907,Domains_SSE_PBE
1550,-4.498152835823288,-4.106309541811545,1.02,-0.193488962524,86dd3a804d78ca5d203ebf98747e8f16dff9713ba8950097ceb760b161e19907,Domains_SSE_PBE
1551,-4.498672594964951,-4.106309541811545,1.02,-0.193488962524,86dd3a804d78ca5d203ebf98747e8f16dff9713ba8950097ceb760b161e19907,Domains_SSE_PBE
1552,-4.499192515552073,-4.106309541811545,1.02,-0.193488962524,86dd3a804d78ca5d203ebf98747e8f16dff9713ba8950097ceb760b161e19907,Domains_SSE_PBE
1553,-4.499712597487052,-4.106309541811545,1.02,-0.193488962524,86dd3a804d78ca5d203ebf98747e8f16dff9713ba8950097ceb760b161e19907,Domains_SSE_PBE
1554,-4.500232840672397,-4.106309541811545,1.02,-0.193488962524,86dd3a804d78ca5d203ebf98747e8f16dff9713ba8950097ceb760b161e19907,Domains_SSE_PBE
1555,-4.500753245010737,-4.106309541811545,1.02,-0.193488962524,86dd3a804d78ca5d203ebf98747e8f16dff9713ba8950097ceb760b161e19907,Domains_SSE_PBE
1556,-4.501273810404807,-4.106309541811545,1.02,-0.193488962524,86dd3a804d78ca5d203ebf98747e8f16dff9713ba8950097ceb760b161e19907,Domains_SSE_PBE
1557,-4.501794536757461,-4.106309541811545,1.02,-0.193488962524,86dd3a804d78ca5d203ebf98747e8f16dff9713ba8950097ceb760b161e19907,Domains_SSE_PBE
1558,-4.502315423971664,-4.106309541811545,1.02,-0.193488962524,86dd3a804d78ca5d203ebf98747e8f16dff9713ba8950097ceb760b161e19907,Domains_SSE_PBE
1559,-4.502836471950495,-4.106309541811545,1.02,-0.193488962524,86dd3a804d78ca5d203ebf98747e8f16dff9713ba8950097ceb760b161e19907,Domains_SSE_PBE
1560,-4.503357680597145,-4.106309541811545,1.02,-0.193488962524,86dd3a804d78ca5d203ebf98747e8f16dff9713ba8950097ceb760b161e19907,Domains_SSE_PBE
1561,-4.503879049814919,-4.106309541811545,1.02,-0.193488962524,86dd3a804d78ca5d203ebf98747e8f16dff9713ba8950097ceb760b161e19907,Domains_SSE_PBE
1562,-4.504400579507232,-4.106309541811545,1.02,-0.193488962524,86dd3a804d78ca5d203ebf98747e8f16dff9713ba8950097ceb760b161e19907,Domains_SSE_PBE
1563,-4.504922269577614,-4.106309541811545,1.02,-0.193488962524,86dd3a804d78ca5d203ebf98747e8f16dff9713ba8950097ceb760b161e19907,Domains_SSE_PBE
1564,-4.505444119929706,-4.106309541811545,1.02,-0.193488962524,86dd3a804d78ca5d203ebf98747e8f16dff9713ba8950097ceb760b161e19907,Domains_SSE_PBE
1565,-4.505966130467262,-4.106309541811545,1.02,-0.193488962524,86dd3a804d78ca5d203ebf98747e8f16dff9713ba8950097ceb760b161e19907,Domains_SSE_PBE
1566,-4.506488301094145,-4.106309541811545,1.02,-0.193488962524,86dd3a804d78ca5d203ebf98747e8f16dff9713ba8950097ceb760b161e19907,Domains_SSE_PBE
1567,-4.507010631714334,-4.106309541811545,1.02,-0.193488962524,86dd3a804d78ca5d203ebf98747e8f16dff9713ba8950097ceb760b161e19907,Domains_SSE_PBE
1568,-4.507533122231916,-4.106309541811545,1.02,-0.193488962524,86dd3a804d78ca5d203ebf98747e8f16dff9713ba8950097ceb760b161e19907,Domains_SSE_PBE
1569,-4.508055772551089,-4.106309541811545,1.02,-0.193488962524,86dd3a804d78ca5d203ebf98747e8f16dff9713ba8950097ceb760b161e19907,Domains_SSE_PBE
1570,-4.508578582576164,-4.106309541811545,1.02,-0.193488962524,86dd3a804d78ca5d203ebf98747e8f16dff9713ba8950097ceb760b161e19907,Domains_SSE_PBE
1571,-4.509101552211562,-4.106309541811545,1.02,-0.193488962524,86dd3a804d78ca5d203ebf98747e8f16dff9713ba8950097ceb760b161e19907,Domains_SSE_PBE
1572,-4.509624681361815,-4.106309541811545,1.02,-0.193488962524,86dd3a804d78ca5d203ebf98747e8f16dff9713ba8950097ceb760b161e19907,Domains_SSE_PBE
1573,-4.510147969931563,-4.106309541811545,1.02,-0.193488962524,86dd3a804d78ca5d203ebf98747e8f16dff9713ba8950097ceb760b161e19907,Domains_SSE_PBE
1574,-4.510671417825561,-4.106309541811545,1.02,-0.193488962524,86dd3a804d78ca5d203ebf98747e8f16dff9713ba8950097ceb760b161e19907,Domains_SSE_PBE
1575,-4.511195024948671,-4.106309541811545,1.02,-0.193488962524,86dd3a804d78ca5d203ebf98747e8f16dff9713ba8950097ceb760b161e19907,Domains_SSE_PBE
1576,-4.511718791205864,-4.106309541811545,1.02,-0.193488962524,86dd3a804d78ca5d203ebf98747e8f16dff9713ba8950097ceb760b161e19907,Domains_SSE_PBE
1577,-4.512242716502223,-4.106309541811545,1.02,-0.193488962524,86dd3a804d78ca5d203ebf98747e8f16dff9713ba8950097ceb760b161e19907,Domains_SSE_PBE
1578,-4.51276680074294,-4.106309541811545,1.02,-0.193488962524,86dd3a804d78ca5d203ebf98747e8f16dff9713ba8950097ceb760b161e19907,Domains_SSE_PBE
1579,-4.513291043833315,-4.106309541811545,1.02,-0.193488962524,86dd3a804d78ca5d203ebf98747e8f16dff9713ba8950097ceb760b161e19907,Domains_SSE_PBE
1580,-4.513815445678759,-4.106309541811545,1.02,-0.193488962524,86dd3a804d78ca5d203ebf98747e8f16dff9713ba8950097ceb760b161e19907,Domains_SSE_PBE
1581,-4.514340006184792,-4.106309541811545,1.02,-0.193488962524,86dd3a804d78ca5d203ebf98747e8f16dff9713ba8950097ceb760b161e19907,Domains_SSE_PBE
1582,-4.51486472525704,-4.106309541811545,1.02,-0.193488962524,86dd3a804d78ca5d203ebf98747e8f16dff9713ba8950097ceb760b161e19907,Domains_SSE_PBE
1583,-4.515389602801241,-4.106309541811545,1.02,-0.193488962524,86dd3a804d78ca5d203ebf98747e8f16dff9713ba8950097ceb760b161e19907,Domains_SSE_PBE
1584,-4.51591463872324,-4.106309541811545,1.02,-0.193488962524,86dd3a804d78ca5d203ebf98747e8f16dff9713ba8950097ceb760b161e19907,Domains_SSE_PBE
1585,-4.51643983292899,-4.106309541811545,1.02,-0.193488962524,86dd3a804d78ca5d203ebf98747e8f16dff9713ba8950097ceb760b161e19907,Domains_SSE_PBE
1586,-4.516965185324553,-4.106309541811545,1.02,-0.193488962524,86dd3a804d78ca5d203ebf98747e8f16dff9713ba8950097ceb760b161e19907,Domains_SSE_PBE
1587,-4.517490695816099,-4.106309541811545,1.02,-0.193488962524,86dd3a804d78ca5d203ebf98747e8f16dff9713ba8950097ceb760b161e19907,Domains_SSE_PBE
1588,-4.518016364309902,-4.106309541811545,1.02,-0.193488962524,86dd3a804d78ca5d203ebf98747e8f16dff9713ba8950097ceb760b161e19907,Domains_SSE_PBE
1589,-4.51854219071235,-4.106309541811545,1.02,-0.193488962524,86dd3a804d78ca5d203ebf98747e8f16dff9713ba8950097ceb760b161e19907,Domains_SSE_PBE
1590,-4.519068174929934,-4.106309541811545,1.02,-0.193488962524,86dd3a804d78ca5d203ebf98747e8f16dff9713ba8950097ceb760b161e19907,Domains_SSE_PBE
1591,-4.519594316869254,-4.106309541811545,1.02,-0.193488962524,86dd3a804d78ca5d203ebf98747e8f16dff9713ba8950097ceb760b161e19907,Domains_SSE_PBE
1592,-4.520120616437015,-4.106309541811545,1.02,-0.193488962524,86dd3a804d78ca5d203ebf98747e8f16dff9713ba8950097ceb760b161e19907,Domains_SSE_PBE
1593,-4.52064707354003,-4.106309541811545,1.02,-0.193488962524,86dd3a804d78ca5d203ebf98747e8f16dff9713ba8950097ceb760b161e19907,Domains_SSE_PBE
1594,-4.521173688085221,-4.106309541811545,1.02,-0.193488962524,86dd3a804d78ca5d203ebf98747e8f16dff9713ba8950097ceb760b161e19907,Domains_SSE_PBE
1595,-4.521700459979613,-4.106309541811545,1.02,-0.193488962524,86dd3a804d78ca5d203ebf98747e8f16dff9713ba8950097ceb760b161e19907,Domains_SSE_PBE
1596,-4.522227389130336,-4.106309541811545,1.02,-0.193488962524,86dd3a804d78ca5d203ebf98747e8f16dff9713ba8950097ceb760b161e19907,Domains_SSE_PBE
1597,-4.522754475444633,-4.106309541811545,1.02,-0.193488962524,86dd3a804d78ca5d203ebf98747e8f16dff9713ba8950097ceb760b161e19907,Domains_SSE_PBE
1598,-4.523281718829846,-4.106309541811545,1.02,-0.193488962524,86dd3a804d78ca5d203ebf98747e8f16dff9713ba8950097ceb760b161e19907,Domains_SSE_PBE
1599,-4.523809119193428,-4.106309541811545,1.02,-0.193488962524,86dd3a804d78ca5d203ebf98747e8f16dff9713ba8950097ceb760b161e19907,Domains_SSE_PBE
1600,-4.524336676442932,-4.106309541811545,1.02,-0.193488962524,86dd3a804d78ca5d203ebf98747e8f16dff9713ba8950097ceb760b161e19907,Domains_SSE_PBE
1601,-4.524864390486021,-4.106309541811545,1.02,-0.193488962524,86dd3a804d78ca5d203ebf98747e8f16dff9713ba8950097ceb760b161e19907,Domains_SSE_PBE
1602,-4.525392261230462,-4.106309541811545,1.02,-0.193488962524,86dd3a804d78ca5d203ebf98747e8f16dff9713ba8950097ceb760b161e19907,Domains_SSE_PBE
1603,-4.525920288584127,-4.106309541811545,1.02,-0.193488962524,86dd3a804d78ca5d203ebf98747e8f16dff9713ba8950097ceb760b161e19907,Domains_SSE_PBE
1604,-4.526448472454992,-4.106309541811545,1.02,-0.193488962524,86dd3a804d78ca5d203ebf98747e8f16dff9713ba8950097ceb760b161e19907,Domains_SSE_PBE
1605,-4.526976812751139,-4.106309541811545,1.02,-0.193488962524,86dd3a804d78ca5d203ebf98747e8f16dff9713ba8950097ceb760b161e19907,Domains_SSE_PBE
1606,-4.527505309380754,-4.106309541811545,1.02,-0.193488962524,86dd3a804d78ca5d203ebf98747e8f16dff9713ba8950097ceb760b161e19907,Domains_SSE_PBE
1607,-4.528033962252129,-4.106309541811545,1.02,-0.193488962524,86dd3a804d78ca5d203ebf98747e8f16dff9713ba8950097ceb760b161e19907,Domains_SSE_PBE
1608,-4.528562771273657,-4.106309541811545,1.02,-0.193488962524,86dd3a804d78ca5d203ebf98747e8f16dff9713ba8950097ceb760b161e19907,Domains_SSE_PBE
1609,-4.529091736353837,-4.106309541811545,1.02,-0.193488962524,86dd3a804d78ca5d203ebf98747e8f16dff9713ba8950097ceb760b161e19907,Domains_SSE_PBE
1610,-4.529620857401272,-4.106309541811545,1.02,-0.193488962524,86dd3a804d78ca5d203ebf98747e8f16dff9713ba8950097ceb760b161e19907,Domains_SSE_PBE
1611,-4.530150134324669,-4.106309541811545,1.02,-0.193488962524,86dd3a804d78ca5d203ebf98747e8f16dff9713ba8950097ceb760b161e19907,Domains_SSE_PBE
1612,-4.530679567032836,-4.106309541811545,1.02,-0.193488962524,86dd3a804d78ca5d203ebf98747e8f16dff9713ba8950097ceb760b161e19907,Domains_SSE_PBE
1613,-4.531209155434689,-4.106309541811545,1.02,-0.193488962524,86dd3a804d78ca5d203ebf98747e8f16dff9713ba8950097ceb760b161e19907,Domains_SSE_PBE
1614,-4.531738899439242,-4.106309541811545,1.02,-0.193488962524,86dd3a804d78ca5d203ebf98747e8f16dff9713ba8950097ceb760b161e19907,Domains_SSE_PBE
1615,-4.532268798955617,-4.106309541811545,1.02,-0.193488962524,86dd3a804d78ca5d203ebf98747e8f16dff9713ba8950097ceb760b161e19907,Domains_SSE_PBE
1616,-4.532798853893034,-4.106309541811545,1.02,-0.193488962524,86dd3a804d78ca5d203ebf98747e8f16dff9713ba8950097ceb760b161e19907,Domains_SSE_PBE
1617,-4.53332906416082,-4.106309541811545,1.02,-0.193488962524,86dd3a804d78ca5d203ebf98747e8f16dff9713ba8950097ceb760b161e19907,Domains_SSE_PBE
1618,-4.533859429668402,-4.106309541811545,1.02,-0.193488962524,86dd3a804d78ca5d203ebf98747e8f16dff9713ba8950097ceb760b161e19907,Domains_SSE_PBE
1619,-4.534389950325309,-4.106309541811545,1.02,-0.193488962524,86dd3a804d78ca5d203ebf98747e8f16dff9713ba8950097ceb760b161e19907,Domains_SSE_PBE
1620,-4.534920626041175,-4.106309541811545,1.02,-0.193488962524,86dd3a804d78ca5d203ebf98747e8f16dff9713ba8950097ceb760b161e19907,Domains_SSE_PBE
1621,-4.535451456725733,-4.106309541811545,1.02,-0.193488962524,86dd3a804d78ca5d203ebf98747e8f16dff9713ba8950097ceb760b161e19907,Domains_SSE_PBE
1622,-4.53598244228882,-4.106309541811545,1.02,-0.193488962524,86dd3a804d78ca5d203ebf98747e8f16dff9713ba8950097ceb760b161e19907,Domains_SSE_PBE
1623,-4.536513582640372,-4.106309541811545,1.02,-0.193488962524,86dd3a804d78ca5d203ebf98747e8f16dff9713ba8950097ceb760b161e19907,Domains_SSE_PBE
1624,-4.53704487769043,-4.106309541811545,1.02,-0.193488962524,86dd3a804d78ca5d203ebf98747e8f16dff9713ba8950097ceb760b161e19907,Domains_SSE_PBE
1625,-4.537576327349134,-4.106309541811545,1.02,-0.193488962524,86dd3a804d78ca5d203ebf98747e8f16dff9713ba8950097ceb760b161e19907,Domains_SSE_PBE
1626,-4.538107931526726,-4.106309541811545,1.02,-0.193488962524,86dd3a804d78ca5d203ebf98747e8f16dff9713ba8950097ceb760b161e19907,Domains_SSE_PBE
1627,-4.538639690133548,-4.106309541811545,1.02,-0.193488962524,86dd3a804d78ca5d203ebf98747e8f16dff9713ba8950097ceb760b161e19907,Domains_SSE_PBE
1628,-4.539171603080046,-4.106309541811545,1.02,-0.193488962524,86dd3a804d78ca5d203ebf98747e8f16dff9713ba8950097ceb760b161e19907,Domains_SSE_PBE
1629,-4.539703670276761,-4.106309541811545,1.02,-0.193488962524,86dd3a804d78ca5d203ebf98747e8f16dff9713ba8950097ceb760b161e19907,Domains_SSE_PBE
1630,-4.540235891634341,-4.106309541811545,1.02,-0.193488962524,86dd3a804d78ca5d203ebf98747e8f16dff9713ba8950097ceb760b161e19907,Domains_SSE_PBE
1631,-4.54076826706353,-4.106309541811545,1.02,-0.193488962524,86dd3a804d78ca5d203ebf98747e8f16dff9713ba8950097ceb760b161e19907,Domains_SSE_PBE
1632,-4.541300796475174,-4.106309541811545,1.02,-0.193488962524,86dd3a804d78ca5d203ebf98747e8f16dff9713ba8950097ceb760b161e19907,Domains_SSE_PBE
1633,-4.541833479780219,-4.106309541811545,1.02,-0.193488962524,86dd3a804d78ca5d203ebf98747e8f16dff9713ba8950097ceb760b161e19907,Domains_SSE_PBE
1634,-4.542366316889709,-4.106309541811545,1.02,-0.193488962524,86dd3a804d78ca5d203ebf98747e8f16dff9713ba8950097ceb760b161e19907,Domains_SSE_PBE
1635,-4.54289930771479,-4.106309541811545,1.02,-0.193488962524,86dd3a804d78ca5d203ebf98747e8f16dff9713ba8950097ceb760b161e19907,Domains_SSE_PBE
1636,-4.543432452166707,-4.106309541811545,1.02,-0.193488962524,86dd3a804d78ca5d203ebf98747e8f16dff9713ba8950097ceb760b161e19907,Domains_SSE_PBE
1637,-4.543965750156803,-4.106309541811545,1.02,-0.193488962524,86dd3a804d78ca5d203ebf98747e8f16dff9713ba8950097ceb760b161e19907,Domains_SSE_PBE
1638,-4.544499201596523,-4.106309541811545,1.02,-0.193488962524,86dd3a804d78ca5d203ebf98747e8f16dff9713ba8950097ceb760b161e19907,Domains_SSE_PBE
1639,-4.545032806397408,-4.106309541811545,1.02,-0.193488962524,86dd3a804d78ca5d203ebf98747e8f16dff9713ba8950097ceb760b161e19907,Domains_SSE_PBE
1640,-4.5455665644711,-4.106309541811545,1.02,-0.193488962524,86dd3a804d78ca5d203ebf98747e8f16dff9713ba8950097ceb760b161e19907,Domains_SSE_PBE
1641,-4.54610047572934,-4.106309541811545,1.02,-0.193488962524,86dd3a804d78ca5d203ebf98747e8f16dff9713ba8950097ceb760b161e19907,Domains_SSE_PBE
1642,-4.546634540083964,-4.106309541811545,1.02,-0.193488962524,86dd3a804d78ca5d203ebf98747e8f16dff9713ba8950097ceb760b161e19907,Domains_SSE_PBE
1643,-4.547168757446912,-4.106309541811545,1.02,-0.193488962524,86dd3a804d78ca5d203ebf98747e8f16dff9713ba8950097ceb760b161e19907,Domains_SSE_PBE
1644,-4.547703127730219,-4.106309541811545,1.02,-0.193488962524,86dd3a804d78ca5d203ebf98747e8f16dff9713ba8950097ceb760b161e19907,Domains_SSE_PBE
1645,-4.548237650846016,-4.106309541811545,1.02,-0.193488962524,86dd3a804d78ca5d203ebf98747e8f16dff9713ba8950097ceb760b161e19907,Domains_SSE_PBE
1646,-4.548772326706537,-4.106309541811545,1.02,-0.193488962524,86dd3a804d78ca5d203ebf98747e8f16dff9713ba8950097ceb760b161e19907,Domains_SSE_PBE
1647,-4.549307155224111,-4.106309541811545,1.02,-0.193488962524,86dd3a804d78ca5d203ebf98747e8f16dff9713ba8950097ceb760b161e19907,Domains_SSE_PBE
1648,-4.549842136311163,-4.106309541811545,1.02,-0.193488962524,86dd3a804d78ca5d203ebf98747e8f16dff9713ba8950097ceb760b161e19907,Domains_SSE_PBE
1649,-4.55037726988022,-4.106309541811545,1.02,-0.193488962524,86dd3a804d78ca5d203ebf98747e8f16dff9713ba8950097ceb760b161e19907,Domains_SSE_PBE
1650,-4.550912555843901,-4.106309541811545,1.02,-0.193488962524,86dd3a804d78ca5d203ebf98747e8f16dff9713ba8950097ceb760b161e19907,Domains_SSE_PBE
1651,-4.551447994114927,-4.106309541811545,1.02,-0.193488962524,86dd3a804d78ca5d203ebf98747e8f16dff9713ba8950097ceb760b161e19907,Domains_SSE_PBE
1652,-4.551983584606113,-4.106309541811545,1.02,-0.193488962524,86dd3a804d78ca5d203ebf98747e8f16dff9713ba8950097ceb760b161e19907,Domains_SSE_PBE
1653,-4.552519327230371,-4.106309541811545,1.02,-0.193488962524,86dd3a804d78ca5d203ebf98747e8f16dff9713ba8950097ceb760b161e19907,Domains_SSE_PBE
1654,-4.553055221900713,-4.106309541811545,1.02,-0.193488962524,86dd3a804d78ca5d203ebf98747e8f16dff9713ba8950097ceb760b161e19907,Domains_SSE_PBE
1655,-4.553591268530242,-4.106309541811545,1.02,-0.193488962524,86dd3a804d78ca5d203ebf98747e8f16dff9713ba8950097ceb760b161e19907,Domains_SSE_PBE
1656,-4.554127467032161,-4.106309541811545,1.02,-0.193488962524,86dd3a804d78ca5d203ebf98747e8f16dff9713ba8950097ceb760b161e19907,Domains_SSE_PBE
1657,-4.554663817319769,-4.106309541811545,1.02,-0.193488962524,86dd3a804d78ca5d203ebf98747e8f16dff9713ba8950097ceb760b161e19907,Domains_SSE_PBE
1658,-4.555200319306461,-4.106309541811545,1.02,-0.193488962524,86dd3a804d78ca5d203ebf98747e8f16dff9713ba8950097ceb760b161e19907,Domains_SSE_PBE
1659,-4.555736972905727,-4.106309541811545,1.02,-0.193488962524,86dd3a804d78ca5d203ebf98747e8f16dff9713ba8950097ceb760b161e19907,Domains_SSE_PBE
1660,-4.556273778031153,-4.106309541811545,1.02,-0.193488962524,86dd3a804d78ca5d203ebf98747e8f16dff9713ba8950097ceb760b161e19907,Domains_SSE_PBE
1661,-4.556810734596421,-4.106309541811545,1.02,-0.193488962524,86dd3a804d78ca5d203ebf98747e8f16dff9713ba8950097ceb760b161e19907,Domains_SSE_PBE
1662,-4.55734784251531,-4.106309541811545,1.02,-0.193488962524,86dd3a804d78ca5d203ebf98747e8f16dff9713ba8950097ceb760b161e19907,Domains_SSE_PBE
1663,-4.557885101701692,-4.106309541811545,1.02,-0.193488962524,86dd3a804d78ca5d203ebf98747e8f16dff9713ba8950097ceb760b161e19907,Domains_SSE_PBE
1664,-4.558422512069532,-4.106309541811545,1.02,-0.193488962524,86dd3a804d78ca5d203ebf98747e8f16dff9713ba8950097ceb760b161e19907,Domains_SSE_PBE
1665,-4.558960073532896,-4.106309541811545,1.02,-0.193488962524,86dd3a804d78ca5d203ebf98747e8f16dff9713ba8950097ceb760b161e19907,Domains_SSE_PBE
1666,-4.559497786005942,-4.106309541811545,1.02,-0.193488962524,86dd3a804d78ca5d203ebf98747e8f16dff9713ba8950097ceb760b161e19907,Domains_SSE_PBE
1667,-4.560035649402919,-4.106309541811545,1.02,-0.193488962524,86dd3a804d78ca5d203ebf98747e8f16dff9713ba8950097ceb760b161e19907,Domains_SSE_PBE
1668,-4.560573663638177,-4.106309541811545,1.02,-0.193488962524,86dd3a804d78ca5d203ebf98747e8f16dff9713ba8950097ceb760b161e19907,Domains_SSE_PBE
1669,-4.561111828626156,-4.106309541811545,1.02,-0.193488962524,86dd3a804d78ca5d203ebf98747e8f16dff9713ba8950097ceb760b161e19907,Domains_SSE_PBE
1670,-4.561650144281392,-4.106309541811545,1.02,-0.193488962524,86dd3a804d78ca5d203ebf98747e8f16dff9713ba8950097ceb760b161e19907,Domains_SSE_PBE
1671,-4.562188610518515,-4.106309541811545,1.02,-0.193488962524,86dd3a804d78ca5d203ebf98747e8f16dff9713ba8950097ceb760b161e19907,Domains_SSE_PBE
1672,-4.562727227252248,-4.106309541811545,1.02,-0.193488962524,86dd3a804d78ca5d203ebf98747e8f16dff9713ba8950097ceb760b161e19907,Domains_SSE_PBE
1673,-4.563265994397407,-4.106309541811545,1.02,-0.193488962524,86dd3a804d78ca5d203ebf98747e8f16dff9713ba8950097ceb760b161e19907,Domains_SSE_PBE
1674,-4.563804911868906,-4.106309541811545,1.02,-0.193488962524,86dd3a804d78ca5d203ebf98747e8f16dff9713ba8950097ceb760b161e19907,Domains_SSE_PBE
1675,-4.564343979581747,-4.106309541811545,1.02,-0.193488962524,86dd3a804d78ca5d203ebf98747e8f16dff9713ba8950097ceb760b161e19907,Domains_SSE_PBE
1676,-4.56488319745103,-4.106309541811545,1.02,-0.193488962524,86dd3a804d78ca5d203ebf98747e8f16dff9713ba8950097ceb760b161e19907,Domains_SSE_PBE
1677,-4.565422565391943,-4.106309541811545,1.02,-0.193488962524,86dd3a804d78ca5d203ebf98747e8f16dff9713ba8950097ceb760b161e19907,Domains_SSE_PBE
1678,-4.565962083319772,-4.106309541811545,1.02,-0.193488962524,86dd3a804d78ca5d203ebf98747e8f16dff9713ba8950097ceb760b161e19907,Domains_SSE_PBE
1679,-4.566501751149895,-4.106309541811545,1.02,-0.193488962524,86dd3a804d78ca5d203ebf98747e8f16dff9713ba8950097ceb760b161e19907,Domains_SSE_PBE
1680,-4.567041568797778,-4.106309541811545,1.02,-0.193488962524,86dd3a804d78ca5d203ebf98747e8f16dff9713ba8950097ceb760b161e19907,Domains_SSE_PBE
1681,-4.567581536178988,-4.106309541811545,1.02,-0.193488962524,86dd3a804d78ca5d203ebf98747e8f16dff9713ba8950097ceb760b161e19907,Domains_SSE_PBE
1682,-4.568121653209176,-4.106309541811545,1.02,-0.193488962524,86dd3a804d78ca5d203ebf98747e8f16dff9713ba8950097ceb760b161e19907,Domains_SSE_PBE
1683,-4.568661919804091,-4.106309541811545,1.02,-0.193488962524,86dd3a804d78ca5d203ebf98747e8f16dff9713ba8950097ceb760b161e19907,Domains_SSE_PBE
1684,-4.569202335879572,-4.106309541811545,1.02,-0.193488962524,86dd3a804d78ca5d203ebf98747e8f16dff9713ba8950097ceb760b161e19907,Domains_SSE_PBE
1685,-4.56974290135155,-4.106309541811545,1.02,-0.193488962524,86dd3a804d78ca5d203ebf98747e8f16dff9713ba8950097ceb760b161e19907,Domains_SSE_PBE
1686,-4.570283616136047,-4.106309541811545,1.02,-0.193488962524,86dd3a804d78ca5d203ebf98747e8f16dff9713ba8950097ceb760b161e19907,Domains_SSE_PBE
1687,-4.570824480149179,-4.106309541811545,1.02,-0.193488962524,86dd3a804d78ca5d203ebf98747e8f16dff9713ba8950097ceb760b161e19907,Domains_SSE_PBE
1688,-4.571365493307152,-4.106309541811545,1.02,-0.193488962524,86dd3a804d78ca5d203ebf98747e8f16dff9713ba8950097ceb760b161e19907,Domains_SSE_PBE
1689,-4.571906655526265,-4.106309541811545,1.02,-0.193488962524,86dd3a804d78ca5d203ebf98747e8f16dff9713ba8950097ceb760b161e19907,Domains_SSE_PBE
1690,-4.572447966722904,-4.106309541811545,1.02,-0.193488962524,86dd3a804d78ca5d203ebf98747e8f16dff9713ba8950097ceb760b161e19907,Domains_SSE_PBE
1691,-4.572989426813552,-4.106309541811545,1.02,-0.193488962524,86dd3a804d78ca5d203ebf98747e8f16dff9713ba8950097ceb760b161e19907,Domains_SSE_PBE
1692,-4.57353103571478,-4.106309541811545,1.02,-0.193488962524,86dd3a804d78ca5d203ebf98747e8f16dff9713ba8950097ceb760b161e19907,Domains_SSE_PBE
1693,-4.574072793343249,-4.106309541811545,1.02,-0.193488962524,86dd3a804d78ca5d203ebf98747e8f16dff9713ba8950097ceb760b161e19907,Domains_SSE_PBE
1694,-4.574614699615712,-4.106309541811545,1.02,-0.193488962524,86dd3a804d78ca5d203ebf98747e8f16dff9713ba8950097ceb760b161e19907,Domains_SSE_PBE
1695,-4.575156754449013,-4.106309541811545,1.02,-0.193488962524,86dd3a804d78ca5d203ebf98747e8f16dff9713ba8950097ceb760b161e19907,Domains_SSE_PBE
1696,-4.575698957760086,-4.106309541811545,1.02,-0.193488962524,86dd3a804d78ca5d203ebf98747e8f16dff9713ba8950097ceb760b161e19907,Domains_SSE_PBE
1697,-4.576241309465952,-4.106309541811545,1.02,-0.193488962524,86dd3a804d78ca5d203ebf98747e8f16dff9713ba8950097ceb760b161e19907,Domains_SSE_PBE
1698,-4.576783809483729,-4.106309541811545,1.02,-0.193488962524,86dd3a804d78ca5d203ebf98747e8f16dff9713ba8950097ceb760b161e19907,Domains_SSE_PBE
1699,-4.577326457730619,-4.106309541811545,1.02,-0.193488962524,86dd3a804d78ca5d203ebf98747e8f16dff9713ba8950097ceb760b161e19907,Domains_SSE_PBE
1700,-4.577869254123917,-4.106309541811545,1.02,-0.193488962524,86dd3a804d78ca5d203ebf98747e8f16dff9713ba8950097ceb760b161e19907,Domains_SSE_PBE
1701,-4.578412198581006,-4.106309541811545,1.02,-0.193488962524,86dd3a804d78ca5d203ebf98747e8f16dff9713ba8950097ceb760b161e19907,Domains_SSE_PBE
1702,-4.578955291019359,-4.106309541811545,1.02,-0.193488962524,86dd3a804d78ca5d203ebf98747e8f16dff9713ba8950097ceb760b161e19907,Domains_SSE_PBE
1703,-4.579498531356539,-4.106309541811545,1.02,-0.193488962524,86dd3a804d78ca5d203ebf98747e8f16dff9713ba8950097ceb760b161e19907,Domains_SSE_PBE
1704,-4.580041919510199,-4.106309541811545,1.02,-0.193488962524,86dd3a804d78ca5d203ebf98747e8f16dff9713ba8950097ceb760b161e19907,Domains_SSE_PBE
1705,-4.580585455398079,-4.106309541811545,1.02,-0.193488962524,86dd3a804d78ca5d203ebf98747e8f16dff9713ba8950097ceb760b161e19907,Domains_SSE_PBE
1706,-4.581129138938009,-4.106309541811545,1.02,-0.193488962524,86dd3a804d78ca5d203ebf98747e8f16dff9713ba8950097ceb760b161e19907,Domains_SSE_PBE
1707,-4.581672970047908,-4.106309541811545,1.02,-0.193488962524,86dd3a804d78ca5d203ebf98747e8f16dff9713ba8950097ceb760b161e19907,Domains_SSE_PBE
1708,-4.582216948645785,-4.106309541811545,1.02,-0.193488962524,86dd3a804d78ca5d203ebf98747e8f16dff9713ba8950097ceb760b161e19907,Domains_SSE_PBE
1709,-4.582761074649734,-4.106309541811545,1.02,-0.193488962524,86dd3a804d78ca5d203ebf98747e8f16dff9713ba8950097ceb760b161e19907,Domains_SSE_PBE
1710,-4.583305347977942,-4.106309541811545,1.02,-0.193488962524,86dd3a804d78ca5d203ebf98747e8f16dff9713ba8950097ceb760b161e19907,Domains_SSE_PBE
1711,-4.583849768548681,-4.106309541811545,1.02,-0.193488962524,86dd3a804d78ca5d203ebf98747e8f16dff9713ba8950097ceb760b161e19907,Domains_SSE_PBE
1712,-4.584394336280312,-4.106309541811545,1.02,-0.193488962524,86dd3a804d78ca5d203ebf98747e8f16dff9713ba8950097ceb760b161e19907,Domains_SSE_PBE
1713,-4.584939051091283,-4.106309541811545,1.02,-0.193488962524,86dd3a804d78ca5d203ebf98747e8f16dff9713ba8950097ceb760b161e19907,Domains_SSE_PBE
1714,-4.585483912900133,-4.106309541811545,1.02,-0.193488962524,86dd3a804d78ca5d203ebf98747e8f16dff9713ba8950097ceb760b161e19907,Domains_SSE_PBE
1715,-4.586028921625487,-4.106309541811545,1.02,-0.193488962524,86dd3a804d78ca5d203ebf98747e8f16dff9713ba8950097ceb760b161e19907,Domains_SSE_PBE
1716,-4.586574077186055,-4.106309541811545,1.02,-0.193488962524,86dd3a804d78ca5d203ebf98747e8f16dff9713ba8950097ceb760b161e19907,Domains_SSE_PBE
1717,-4.587119379500641,-4.106309541811545,1.02,-0.193488962524,86dd3a804d78ca5d203ebf98747e8f16dff9713ba8950097ceb760b161e19907,Domains_SSE_PBE
1718,-4.587664828488129,-4.106309541811545,1.02,-0.193488962524,86dd3a804d78ca5d203ebf98747e8f16dff9713ba8950097ceb760b161e19907,Domains_SSE_PBE
1719,-4.588210424067494,-4.106309541811545,1.02,-0.193488962524,86dd3a804d78ca5d203ebf98747e8f16dff9713ba8950097ceb760b161e19907,Domains_SSE_PBE
1720,-4.588756166157799,-4.106309541811545,1.02,-0.193488962524,86dd3a804d78ca5d203ebf98747e8f16dff9713ba8950097ceb760b161e19907,Domains_SSE_PBE
1721,-4.589302054678191,-4.106309541811545,1.02,-0.193488962524,86dd3a804d78ca5d203ebf98747e8f16dff9713ba8950097ceb760b161e19907,Domains_SSE_PBE
1722,-4.589848089547905,-4.106309541811545,1.02,-0.193488962524,86dd3a804d78ca5d203ebf98747e8f16dff9713ba8950097ceb760b161e19907,Domains_SSE_PBE
1723,-4.590394270686264,-4.106309541811545,1.02,-0.193488962524,86dd3a804d78ca5d203ebf98747e8f16dff9713ba8950097ceb760b161e19907,Domains_SSE_PBE
1724,-4.590940598012677,-4.106309541811545,1.02,-0.193488962524,86dd3a804d78ca5d203ebf98747e8f16dff9713ba8950097ceb760b161e19907,Domains_SSE_PBE
1725,-4.591487071446637,-4.106309541811545,1.02,-0.193488962524,86dd3a804d78ca5d203ebf98747e8f16dff9713ba8950097ceb760b161e19907,Domains_SSE_PBE
1726,-4.592033690907726,-4.106309541811545,1.02,-0.193488962524,86dd3a804d78ca5d203ebf98747e8f16dff9713ba8950097ceb760b161e19907,Domains_SSE_PBE
1727,-4.592580456315612,-4.106309541811545,1.02,-0.193488962524,86dd3a804d78ca5d203ebf98747e8f16dff9713ba8950097ceb760b161e19907,Domains_SSE_PBE
1728,-4.593127367590047,-4.106309541811545,1.02,-0.193488962524,86dd3a804d78ca5d203ebf98747e8f16dff9713ba8950097ceb760b161e19907,Domains_SSE_PBE
1729,-4.593674424650871,-4.106309541811545,1.02,-0.193488962524,86dd3a804d78ca5d203ebf98747e8f16dff9713ba8950097ceb760b161e19907,Domains_SSE_PBE
1730,-4.594221627418007,-4.106309541811545,1.02,-0.193488962524,86dd3a804d78ca5d203ebf98747e8f16dff9713ba8950097ceb760b161e19907,Domains_SSE_PBE
1731,-4.594768975811467,-4.106309541811545,1.02,-0.193488962524,86dd3a804d78ca5d203ebf98747e8f16dff9713ba8950097ceb760b161e19907,Domains_SSE_PBE
1732,-4.595316469751348,-4.106309541811545,1.02,-0.193488962524,86dd3a804d78ca5d203ebf98747e8f16dff9713ba8950097ceb760b161e19907,Domains_SSE_PBE
1733,-4.595864109157828,-4.106309541811545,1.02,-0.193488962524,86dd3a804d78ca5d203ebf98747e8f16dff9713ba8950097ceb760b161e19907,Domains_SSE_PBE
1734,-4.596411893951175,-4.106309541811545,1.02,-0.193488962524,86dd3a804d78ca5d203ebf98747e8f16dff9713ba8950097ceb760b161e19907,Domains_SSE_PBE
1735,-4.59695982405174,-4.106309541811545,1.02,-0.193488962524,86dd3a804d78ca5d203ebf98747e8f16dff9713ba8950097ceb760b161e19907,Domains_SSE_PBE
1736,-4.597507899379959,-4.106309541811545,1.02,-0.193488962524,86dd3a804d78ca5d203ebf98747e8f16dff9713ba8950097ceb760b161e19907,Domains_SSE_PBE
1737,-4.598056119856354,-4.106309541811545,1.02,-0.193488962524,86dd3a804d78ca5d203ebf98747e8f16dff9713ba8950097ceb760b161e19907,Domains_SSE_PBE
1738,-4.59860448540153,-4.106309541811545,1.02,-0.193488962524,86dd3a804d78ca5d203ebf98747e8f16dff9713ba8950097ceb760b161e19907,Domains_SSE_PBE
1739,-4.599152995936178,-4.106309541811545,1.02,-0.193488962524,86dd3a804d78ca5d203ebf98747e8f16dff9713ba8950097ceb760b161e19907,Domains_SSE_PBE
1740,-4.599701651381071,-4.106309541811545,1.02,-0.193488962524,86dd3a804d78ca5d203ebf98747e8f16dff9713ba8950097ceb760b161e19907,Domains_SSE_PBE
1741,-4.60025045165707,-4.106309541811545,1.02,-0.193488962524,86dd3a804d78ca5d203ebf98747e8f16dff9713ba8950097ceb760b161e19907,Domains_SSE_PBE
1742,-4.600799396685117,-4.106309541811545,1.02,-0.193488962524,86dd3a804d78ca5d203ebf98747e8f16dff9713ba8950097ceb760b161e19907,Domains_SSE_PBE
1743,-4.601348486386239,-4.106309541811545,1.02,-0.193488962524,86dd3a804d78ca5d203ebf98747e8f16dff9713ba8950097ceb760b161e19907,Domains_SSE_PBE
1744,-4.601897720681546,-4.106309541811545,1.02,-0.193488962524,86dd3a804d78ca5d203ebf98747e8f16dff9713ba8950097ceb760b161e19907,Domains_SSE_PBE
1745,-4.602447099492234,-4.106309541811545,1.02,-0.193488962524,86dd3a804d78ca5d203ebf98747e8f16dff9713ba8950097ceb760b161e19907,Domains_SSE_PBE
1746,-4.60299662273958,-4.106309541811545,1.02,-0.193488962524,86dd3a804d78ca5d203ebf98747e8f16dff9713ba8950097ceb760b161e19907,Domains_SSE_PBE
1747,-4.603546290344947,-4.106309541811545,1.02,-0.193488962524,86dd3a804d78ca5d203ebf98747e8f16dff9713ba8950097ceb760b161e19907,Domains_SSE_PBE
1748,-4.60409610222978,-4.106309541811545,1.02,-0.193488962524,86dd3a804d78ca5d203ebf98747e8f16dff9713ba8950097ceb760b161e19907,Domains_SSE_PBE
1749,-4.604646058315606,-4.106309541811545,1.02,-0.193488962524,86dd3a804d78ca5d203ebf98747e8f16dff9713ba8950097ceb760b161e19907,Domains_SSE_PBE
1750,-4.605196158524039,-4.106309541811545,1.02,-0.193488962524,86dd3a804d78ca5d203ebf98747e8f16dff9713ba8950097ceb760b161e19907,Domains_SSE_PBE
1751,-4.605746402776771,-4.106309541811545,1.02,-0.193488962524,86dd3a804d78ca5d203ebf98747e8f16dff9713ba8950097ceb760b161e19907,Domains_SSE_PBE
1752,-4.60629679099558,-4.106309541811545,1.02,-0.193488962524,86dd3a804d78ca5d203ebf98747e8f16dff9713ba8950097ceb760b161e19907,Domains_SSE_PBE
1753,-4.606847323102325,-4.106309541811545,1.02,-0.193488962524,86dd3a804d78ca5d203ebf98747e8f16dff9713ba8950097ceb760b161e19907,Domains_SSE_PBE
1754,-4.607397999018951,-4.106309541811545,1.02,-0.193488962524,86dd3a804d78ca5d203ebf98747e8f16dff9713ba8950097ceb760b161e19907,Domains_SSE_PBE
1755,-4.607948818667481,-4.106309541811545,1.02,-0.193488962524,86dd3a804d78ca5d203ebf98747e8f16dff9713ba8950097ceb760b161e19907,Domains_SSE_PBE
1756,-4.608499781970022,-4.106309541811545,1.02,-0.193488962524,86dd3a804d78ca5d203ebf98747e8f16dff9713ba8950097ceb760b161e19907,Domains_SSE_PBE
1757,-4.609050888848765,-4.106309541811545,1.02,-0.193488962524,86dd3a804d78ca5d203ebf98747e8f16dff9713ba8950097ceb760b161e19907,Domains_SSE_PBE
1758,-4.60960213922598,-4.106309541811545,1.02,-0.193488962524,86dd3a804d78ca5d203ebf98747e8f16dff9713ba8950097ceb760b161e19907,Domains_SSE_PBE
1759,-4.610153533024023,-4.106309541811545,1.02,-0.193488962524,86dd3a804d78ca5d203ebf98747e8f16dff9713ba8950097ceb760b161e19907,Domains_SSE_PBE
1760,-4.610705070165326,-4.106309541811545,1.02,-0.193488962524,86dd3a804d78ca5d203ebf98747e8f16dff9713ba8950097ceb760b161e19907,Domains_SSE_PBE
1761,-4.611256750572409,-4.106309541811545,1.02,-0.193488962524,86dd3a804d78ca5d203ebf98747e8f16dff9713ba8950097ceb760b161e19907,Domains_SSE_PBE
1762,-4.61180857416787,-4.106309541811545,1.02,-0.193488962524,86dd3a804d78ca5d203ebf98747e8f16dff9713ba8950097ceb760b161e19907,Domains_SSE_PBE
1763,-4.612360540874388,-4.106309541811545,1.02,-0.193488962524,86dd3a804d78ca5d203ebf98747e8f16dff9713ba8950097ceb760b161e19907,Domains_SSE_PBE
1764,-4.612912650614725,-4.106309541811545,1.02,-0.193488962524,86dd3a804d78ca5d203ebf98747e8f16dff9713ba8950097ceb760b161e19907,Domains_SSE_PBE
1765,-4.613464903311725,-4.106309541811545,1.02,-0.193488962524,86dd3a804d78ca5d203ebf98747e8f16dff9713ba8950097ceb760b161e19907,Domains_SSE_PBE
1766,-4.614017298888309,-4.106309541811545,1.02,-0.193488962524,86dd3a804d78ca5d203ebf98747e8f16dff9713ba8950097ceb760b161e19907,Domains_SSE_PBE
1767,-4.614569837267484,-4.106309541811545,1.02,-0.193488962524,86dd3a804d78ca5d203ebf98747e8f16dff9713ba8950097ceb760b161e19907,Domains_SSE_PBE
1768,-4.615122518372335,-4.106309541811545,1.02,-0.193488962524,86dd3a804d78ca5d203ebf98747e8f16dff9713ba8950097ceb760b161e19907,Domains_SSE_PBE
1769,-4.615675342126027,-4.106309541811545,1.02,-0.193488962524,86dd3a804d78ca5d203ebf98747e8f16dff9713ba8950097ceb760b161e19907,Domains_SSE_PBE
1770,-4.616228308451809,-4.106309541811545,1.02,-0.193488962524,86dd3a804d78ca5d203ebf98747e8f16dff9713ba8950097ceb760b161e19907,Domains_SSE_PBE
1771,-4.616781417273005,-4.106309541811545,1.02,-0.193488962524,86dd3a804d78ca5d203ebf98747e8f16dff9713ba8950097ceb760b161e19907,Domains_SSE_PBE
1772,-4.617334668513026,-4.106309541811545,1.02,-0.193488962524,86dd3a804d78ca5d203ebf98747e8f16dff9713ba8950097ceb760b161e19907,Domains_SSE_PBE
1773,-4.617888062095358,-4.106309541811545,1.02,-0.193488962524,86dd3a804d78ca5d203ebf98747e8f16dff9713ba8950097ceb760b161e19907,Domains_SSE_PBE
1774,-4.618441597943568,-4.106309541811545,1.02,-0.193488962524,86dd3a804d78ca5d203ebf98747e8f16dff9713ba8950097ceb760b161e19907,Domains_SSE_PBE
1775,-4.618995275981306,-4.106309541811545,1.02,-0.193488962524,86dd3a804d78ca5d203ebf98747e8f16dff9713ba8950097ceb760b161e19907,Domains_SSE_PBE
1776,-4.619549096132299,-4.106309541811545,1.02,-0.193488962524,86dd3a804d78ca5d203ebf98747e8f16dff9713ba8950097ceb760b161e19907,Domains_SSE_PBE
1777,-4.620103058320353,-4.106309541811545,1.02,-0.193488962524,86dd3a804d78ca5d203ebf98747e8f16dff9713ba8950097ceb760b161e19907,Domains_SSE_PBE
1778,-4.620657162469358,-4.106309541811545,1.02,-0.193488962524,86dd3a804d78ca5d203ebf98747e8f16dff9713ba8950097ceb760b161e19907,Domains_SSE_PBE
1779,-4.621211408503276,-4.106309541811545,1.02,-0.193488962524,86dd3a804d78ca5d203ebf98747e8f16dff9713ba8950097ceb760b161e19907,Domains_SSE_PBE
1780,-4.621765796346158,-4.106309541811545,1.02,-0.193488962524,86dd3a804d78ca5d203ebf98747e8f16dff9713ba8950097ceb760b161e19907,Domains_SSE_PBE
1781,-4.622320325922125,-4.106309541811545,1.02,-0.193488962524,86dd3a804d78ca5d203ebf98747e8f16dff9713ba8950097ceb760b161e19907,Domains_SSE_PBE
1782,-4.622874997155383,-4.106309541811545,1.02,-0.193488962524,86dd3a804d78ca5d203ebf98747e8f16dff9713ba8950097ceb760b161e19907,Domains_SSE_PBE
1783,-4.623429809970215,-4.106309541811545,1.02,-0.193488962524,86dd3a804d78ca5d203ebf98747e8f16dff9713ba8950097ceb760b161e19907,Domains_SSE_PBE
1784,-4.623984764290983,-4.106309541811545,1.02,-0.193488962524,86dd3a804d78ca5d203ebf98747e8f16dff9713ba8950097ceb760b161e19907,Domains_SSE_PBE
1785,-4.624539860042129,-4.106309541811545,1.02,-0.193488962524,86dd3a804d78ca5d203ebf98747e8f16dff9713ba8950097ceb760b161e19907,Domains_SSE_PBE
1786,-4.625095097148169,-4.106309541811545,1.02,-0.193488962524,86dd3a804d78ca5d203ebf98747e8f16dff9713ba8950097ceb760b161e19907,Domains_SSE_PBE
1787,-4.625650475533706,-4.106309541811545,1.02,-0.193488962524,86dd3a804d78ca5d203ebf98747e8f16dff9713ba8950097ceb760b161e19907,Domains_SSE_PBE
1788,-4.626205995123413,-4.106309541811545,1.02,-0.193488962524,86dd3a804d78ca5d203ebf98747e8f16dff9713ba8950097ceb760b161e19907,Domains_SSE_PBE
1789,-4.626761655842045,-4.106309541811545,1.02,-0.193488962524,86dd3a804d78ca5d203ebf98747e8f16dff9713ba8950097ceb760b161e19907,Domains_SSE_PBE
1790,-4.627317457614435,-4.106309541811545,1.02,-0.193488962524,86dd3a804d78ca5d203ebf98747e8f16dff9713ba8950097ceb760b161e19907,Domains_SSE_PBE
1791,-4.627873400365496,-4.106309541811545,1.02,-0.193488962524,86dd3a804d78ca5d203ebf98747e8f16dff9713ba8950097ceb760b161e19907,Domains_SSE_PBE
1792,-4.628429484020214,-4.106309541811545,1.02,-0.193488962524,86dd3a804d78ca5d203ebf98747e8f16dff9713ba8950097ceb760b161e19907,Domains_SSE_PBE
1793,-4.628985708503656,-4.106309541811545,1.02,-0.193488962524,86dd3a804d78ca5d203ebf98747e8f16dff9713ba8950097ceb760b161e19907,Domains_SSE_PBE
1794,-4.629542073740968,-4.106309541811545,1.02,-0.193488962524,86dd3a804d78ca5d203ebf98747e8f16dff9713ba8950097ceb760b161e19907,Domains_SSE_PBE
1795,-4.63009857965737,-4.106309541811545,1.02,-0.193488962524,86dd3a804d78ca5d203ebf98747e8f16dff9713ba8950097ceb760b161e19907,Domains_SSE_PBE
1796,-4.630655226178163,-4.106309541811545,1.02,-0.193488962524,86dd3a804d78ca5d203ebf98747e8f16dff9713ba8950097ceb760b161e19907,Domains_SSE_PBE
1797,-4.631212013228723,-4.106309541811545,1.02,-0.193488962524,86dd3a804d78ca5d203ebf98747e8f16dff9713ba8950097ceb760b161e19907,Domains_SSE_PBE
1798,-4.631768940734503,-4.106309541811545,1.02,-0.193488962524,86dd3a804d78ca5d203ebf98747e8f16dff9713ba8950097ceb760b161e19907,Domains_SSE_PBE
1799,-4.632326008621035,-4.106309541811545,1.02,-0.193488962524,86dd3a804d78ca5d203ebf98747e8f16dff9713ba8950097ceb760b161e19907,Domains_SSE_PBE
1800,-4.632883216813927,-4.106309541811545,1.02,-0.193488962524,86dd3a804d78ca5d203ebf98747e8f16dff9713ba8950097ceb760b161e19907,Domains_SSE_PBE
1801,-4.633440565238864,-4.106309541811545,1.02,-0.193488962524,86dd3a804d78ca5d203ebf98747e8f16dff9713ba8950097ceb760b161e19907,Domains_SSE_PBE
1802,-4.633998053821607,-4.106309541811545,1.02,-0.193488962524,86dd3a804d78ca5d203ebf98747e8f16dff9713ba8950097ceb760b161e19907,Domains_SSE_PBE
1803,-4.634555682487994,-4.106309541811545,1.02,-0.193488962524,86dd3a804d78ca5d203ebf98747e8f16dff9713ba8950097ceb760b161e19907,Domains_SSE_PBE
1804,-4.635113451163941,-4.106309541811545,1.02,-0.193488962524,86dd3a804d78ca5d203ebf98747e8f16dff9713ba8950097ceb760b161e19907,Domains_SSE_PBE
1805,-4.635671359775438,-4.106309541811545,1.02,-0.193488962524,86dd3a804d78ca5d203ebf98747e8f16dff9713ba8950097ceb760b161e19907,Domains_SSE_PBE
1806,-4.636229408248553,-4.106309541811545,1.02,-0.193488962524,86dd3a804d78ca5d203ebf98747e8f16dff9713ba8950097ceb760b161e19907,Domains_SSE_PBE
1807,-4.636787596509431,-4.106309541811545,1.02,-0.193488962524,86dd3a804d78ca5d203ebf98747e8f16dff9713ba8950097ceb760b161e19907,Domains_SSE_PBE
1808,-4.637345924484289,-4.106309541811545,1.02,-0.193488962524,86dd3a804d78ca5d203ebf98747e8f16dff9713ba8950097ceb760b161e19907,Domains_SSE_PBE
1809,-4.637904392099425,-4.106309541811545,1.02,-0.193488962524,86dd3a804d78ca5d203ebf98747e8f16dff9713ba8950097ceb760b161e19907,Domains_SSE_PBE
1810,-4.638462999281209,-4.106309541811545,1.02,-0.193488962524,86dd3a804d78ca5d203ebf98747e8f16dff9713ba8950097ceb760b161e19907,Domains_SSE_PBE
1811,-4.639021745956089,-4.106309541811545,1.02,-0.193488962524,86dd3a804d78ca5d203ebf98747e8f16dff9713ba8950097ceb760b161e19907,Domains_SSE_PBE
1812,-4.639580632050588,-4.106309541811545,1.02,-0.193488962524,86dd3a804d78ca5d203ebf98747e8f16dff9713ba8950097ceb760b161e19907,Domains_SSE_PBE
1813,-4.640139657491303,-4.106309541811545,1.02,-0.193488962524,86dd3a804d78ca5d203ebf98747e8f16dff9713ba8950097ceb760b161e19907,Domains_SSE_PBE
1814,-4.64069882220491,-4.106309541811545,1.02,-0.193488962524,86dd3a804d78ca5d203ebf98747e8f16dff9713ba8950097ceb760b161e19907,Domains_SSE_PBE
1815,-4.641258126118156,-4.106309541811545,1.02,-0.193488962524,86dd3a804d78ca5d203ebf98747e8f16dff9713ba8950097ceb760b161e19907,Domains_SSE_PBE
1816,-4.641817569157866,-4.106309541811545,1.02,-0.193488962524,86dd3a804d78ca5d203ebf98747e8f16dff9713ba8950097ceb760b161e19907,Domains_SSE_PBE
1817,-4.64237715125094,-4.106309541811545,1.02,-0.193488962524,86dd3a804d78ca5d203ebf98747e8f16dff9713ba8950097ceb760b161e19907,Domains_SSE_PBE
1818,-4.64293687232435,-4.106309541811545,1.02,-0.193488962524,86dd3a804d78ca5d203ebf98747e8f16dff9713ba8950097ceb760b161e19907,Domains_SSE_PBE
1819,-4.643496732305147,-4.106309541811545,1.02,-0.193488962524,86dd3a804d78ca5d203ebf98747e8f16dff9713ba8950097ceb760b161e19907,Domains_SSE_PBE
1820,-4.644056731120454,-4.106309541811545,1.02,-0.193488962524,86dd3a804d78ca5d203ebf98747e8f16dff9713ba8950097ceb760b161e19907,Domains_SSE_PBE
1821,-4.644616868697469,-4.106309541811545,1.02,-0.193488962524,86dd3a804d78ca5d203ebf98747e8f16dff9713ba8950097ceb760b161e19907,Domains_SSE_PBE
1822,-4.645177144963464,-4.106309541811545,1.02,-0.193488962524,86dd3a804d78ca5d203ebf98747e8f16dff9713ba8950097ceb760b161e19907,Domains_SSE_PBE
1823,-4.645737559845787,-4.106309541811545,1.02,-0.193488962524,86dd3a804d78ca5d203ebf98747e8f16dff9713ba8950097ceb760b161e19907,Domains_SSE_PBE
1824,-4.646298113271859,-4.106309541811545,1.02,-0.193488962524,86dd3a804d78ca5d203ebf98747e8f16dff9713ba8950097ceb760b161e19907,Domains_SSE_PBE
1825,-4.646858805169177,-4.106309541811545,1.02,-0.193488962524,86dd3a804d78ca5d203ebf98747e8f16dff9713ba8950097ceb760b161e19907,Domains_SSE_PBE
1826,-4.64741963546531,-4.106309541811545,1.02,-0.193488962524,86dd3a804d78ca5d203ebf98747e8f16dff9713ba8950097ceb760b161e19907,Domains_SSE_PBE
1827,-4.647980604087898,-4.106309541811545,1.02,-0.193488962524,86dd3a804d78ca5d203ebf98747e8f16dff9713ba8950097ceb760b161e19907,Domains_SSE_PBE
1828,-4.648541710964664,-4.106309541811545,1.02,-0.193488962524,86dd3a804d78ca5d203ebf98747e8f16dff9713ba8950097ceb760b161e19907,Domains_SSE_PBE
1829,-4.649102956023395,-4.106309541811545,1.02,-0.193488962524,86dd3a804d78ca5d203ebf98747e8f16dff9713ba8950097ceb760b161e19907,Domains_SSE_PBE
1830,-4.649664339191956,-4.106309541811545,1.02,-0.193488962524,86dd3a804d78ca5d203ebf98747e8f16dff9713ba8950097ceb760b161e19907,Domains_SSE_PBE
1831,-4.650225860398287,-4.106309541811545,1.02,-0.193488962524,86dd3a804d78ca5d203ebf98747e8f16dff9713ba8950097ceb760b161e19907,Domains_SSE_PBE
1832,-4.650787519570398,-4.106309541811545,1.02,-0.193488962524,86dd3a804d78ca5d203ebf98747e8f16dff9713ba8950097ceb760b161e19907,Domains_SSE_PBE
1833,-4.651349316636374,-4.106309541811545,1.02,-0.193488962524,86dd3a804d78ca5d203ebf98747e8f16dff9713ba8950097ceb760b161e19907,Domains_SSE_PBE
1834,-4.651911251524373,-4.106309541811545,1.02,-0.193488962524,86dd3a804d78ca5d203ebf98747e8f16dff9713ba8950097ceb760b161e19907,Domains_SSE_PBE
1835,-4.652473324162626,-4.106309541811545,1.02,-0.193488962524,86dd3a804d78ca5d203ebf98747e8f16dff9713ba8950097ceb760b161e19907,Domains_SSE_PBE
1836,-4.653035534479436,-4.106309541811545,1.02,-0.193488962524,86dd3a804d78ca5d203ebf98747e8f16dff9713ba8950097ceb760b161e19907,Domains_SSE_PBE
1837,-4.653597882403182,-4.106309541811545,1.02,-0.193488962524,86dd3a804d78ca5d203ebf98747e8f16dff9713ba8950097ceb760b161e19907,Domains_SSE_PBE
1838,-4.654160367862312,-4.106309541811545,1.02,-0.193488962524,86dd3a804d78ca5d203ebf98747e8f16dff9713ba8950097ceb760b161e19907,Domains_SSE_PBE
1839,-4.654722990785348,-4.106309541811545,1.02,-0.193488962524,86dd3a804d78ca5d203ebf98747e8f16dff9713ba8950097ceb760b161e19907,Domains_SSE_PBE
1840,-4.655285751100884,-4.106309541811545,1.02,-0.193488962524,86dd3a804d78ca5d203ebf98747e8f16dff9713ba8950097ceb760b161e19907,Domains_SSE_PBE
1841,-4.655848648737589,-4.106309541811545,1.02,-0.193488962524,86dd3a804d78ca5d203ebf98747e8f16dff9713ba8950097ceb760b161e19907,Domains_SSE_PBE
1842,-4.656411683624201,-4.106309541811545,1.02,-0.193488962524,86dd3a804d78ca5d203ebf98747e8f16dff9713ba8950097ceb760b161e19907,Domains_SSE_PBE
1843,-4.656974855689531,-4.106309541811545,1.02,-0.193488962524,86dd3a804d78ca5d203ebf98747e8f16dff9713ba8950097ceb760b161e19907,Domains_SSE_PBE
1844,-4.657538164862463,-4.106309541811545,1.02,-0.193488962524,86dd3a804d78ca5d203ebf98747e8f16dff9713ba8950097ceb760b161e19907,Domains_SSE_PBE
1845,-4.658101611071954,-4.106309541811545,1.02,-0.193488962524,86dd3a804d78ca5d203ebf98747e8f16dff9713ba8950097ceb760b161e19907,Domains_SSE_PBE
1846,-4.658665194247029,-4.106309541811545,1.02,-0.193488962524,86dd3a804d78ca5d203ebf98747e8f16dff9713ba8950097ceb760b161e19907,Domains_SSE_PBE
1847,-4.65922891431679,-4.106309541811545,1.02,-0.193488962524,86dd3a804d78ca5d203ebf98747e8f16dff9713ba8950097ceb760b161e19907,Domains_SSE_PBE
1848,-4.659792771210405,-4.106309541811545,1.02,-0.193488962524,86dd3a804d78ca5d203ebf98747e8f16dff9713ba8950097ceb760b161e19907,Domains_SSE_PBE
1849,-4.660356764857118,-4.106309541811545,1.02,-0.193488962524,86dd3a804d78ca5d203ebf98747e8f16dff9713ba8950097ceb760b161e19907,Domains_SSE_PBE
1850,-4.660920895186242,-4.106309541811545,1.02,-0.193488962524,86dd3a804d78ca5d203ebf98747e8f16dff9713ba8950097ceb760b161e19907,Domains_SSE_PBE
1851,-4.661485162127164,-4.106309541811545,1.02,-0.193488962524,86dd3a804d78ca5d203ebf98747e8f16dff9713ba8950097ceb760b161e19907,Domains_SSE_PBE
1852,-4.662049565609339,-4.106309541811545,1.02,-0.193488962524,86dd3a804d78ca5d203ebf98747e8f16dff9713ba8950097ceb760b161e19907,Domains_SSE_PBE
1853,-4.662614105562294,-4.106309541811545,1.02,-0.193488962524,86dd3a804d78ca5d203ebf98747e8f16dff9713ba8950097ceb760b161e19907,Domains_SSE_PBE
1854,-4.663178781915629,-4.106309541811545,1.02,-0.193488962524,86dd3a804d78ca5d203ebf98747e8f16dff9713ba8950097ceb760b161e19907,Domains_SSE_PBE
1855,-4.663743594599012,-4.106309541811545,1.02,-0.193488962524,86dd3a804d78ca5d203ebf98747e8f16dff9713ba8950097ceb760b161e19907,Domains_SSE_PBE
1856,-4.664308543542186,-4.106309541811545,1.02,-0.193488962524,86dd3a804d78ca5d203ebf98747e8f16dff9713ba8950097ceb760b161e19907,Domains_SSE_PBE
1857,-4.664873628674959,-4.106309541811545,1.02,-0.193488962524,86dd3a804d78ca5d203ebf98747e8f16dff9713ba8950097ceb760b161e19907,Domains_SSE_PBE
1858,-4.665438849927214,-4.106309541811545,1.02,-0.193488962524,86dd3a804d78ca5d203ebf98747e8f16dff9713ba8950097ceb760b161e19907,Domains_SSE_PBE
1859,-4.666004207228903,-4.106309541811545,1.02,-0.193488962524,86dd3a804d78ca5d203ebf98747e8f16dff9713ba8950097ceb760b161e19907,Domains_SSE_PBE
1860,-4.666569700510049,-4.106309541811545,1.02,-0.193488962524,86dd3a804d78ca5d203ebf98747e8f16dff9713ba8950097ceb760b161e19907,Domains_SSE_PBE
1861,-4.667135329700744,-4.106309541811545,1.02,-0.193488962524,86dd3a804d78ca5d203ebf98747e8f16dff9713ba8950097ceb760b161e19907,Domains_SSE_PBE
1862,-4.667701094731152,-4.106309541811545,1.02,-0.193488962524,86dd3a804d78ca5d203ebf98747e8f16dff9713ba8950097ceb760b161e19907,Domains_SSE_PBE
1863,-4.668266995531505,-4.106309541811545,1.02,-0.193488962524,86dd3a804d78ca5d203ebf98747e8f16dff9713ba8950097ceb760b161e19907,Domains_SSE_PBE
1864,-4.668833032032108,-4.106309541811545,1.02,-0.193488962524,86dd3a804d78ca5d203ebf98747e8f16dff9713ba8950097ceb760b161e19907,Domains_SSE_PBE
1865,-4.669399204163332,-4.106309541811545,1.02,-0.193488962524,86dd3a804d78ca5d203ebf98747e8f16dff9713ba8950097ceb760b161e19907,Domains_SSE_PBE
1866,-4.66996551185562,-4.106309541811545,1.02,-0.193488962524,86dd3a804d78ca5d203ebf98747e8f16dff9713ba8950097ceb760b161e19907,Domains_SSE_PBE
1867,-4.670531955039487,-4.106309541811545,1.02,-0.193488962524,86dd3a804d78ca5d203ebf98747e8f16dff9713ba8950097ceb760b161e19907,Domains_SSE_PBE
1868,-4.671098533645512,-4.106309541811545,1.02,-0.193488962524,86dd3a804d78ca5d203ebf98747e8f16dff9713ba8950097ceb760b161e19907,Domains_SSE_PBE
1869,-4.671665247604348,-4.106309541811545,1.02,-0.193488962524,86dd3a804d78ca5d203ebf98747e8f16dff9713ba8950097ceb760b161e19907,Domains_SSE_PBE
1870,-4.672232096846716,-4.106309541811545,1.02,-0.193488962524,86dd3a804d78ca5d203ebf98747e8f16dff9713ba8950097ceb760b161e19907,Domains_SSE_PBE
1871,-4.672799081303405,-4.106309541811545,1.02,-0.193488962524,86dd3a804d78ca5d203ebf98747e8f16dff9713ba8950097ceb760b161e19907,Domains_SSE_PBE
1872,-4.673366200905275,-4.106309541811545,1.02,-0.193488962524,86dd3a804d78ca5d203ebf98747e8f16dff9713ba8950097ceb760b161e19907,Domains_SSE_PBE
1873,-4.673933455583255,-4.106309541811545,1.02,-0.193488962524,86dd3a804d78ca5d203ebf98747e8f16dff9713ba8950097ceb760b161e19907,Domains_SSE_PBE
1874,-4.674500845268343,-4.106309541811545,1.02,-0.193488962524,86dd3a804d78ca5d203ebf98747e8f16dff9713ba8950097ceb760b161e19907,Domains_SSE_PBE
1875,-4.675068369891603,-4.106309541811545,1.02,-0.193488962524,86dd3a804d78ca5d203ebf98747e8f16dff9713ba8950097ceb760b161e19907,Domains_SSE_PBE
1876,-4.675636029384171,-4.106309541811545,1.02,-0.193488962524,86dd3a804d78ca5d203ebf98747e8f16dff9713ba8950097ceb760b161e19907,Domains_SSE_PBE
1877,-4.676203823677253,-4.106309541811545,1.02,-0.193488962524,86dd3a804d78ca5d203ebf98747e8f16dff9713ba8950097ceb760b161e19907,Domains_SSE_PBE
1878,-4.676771752702118,-4.106309541811545,1.02,-0.193488962524,86dd3a804d78ca5d203ebf98747e8f16dff9713ba8950097ceb760b161e19907,Domains_SSE_PBE
1879,-4.677339816390108,-4.106309541811545,1.02,-0.193488962524,86dd3a804d78ca5d203ebf98747e8f16dff9713ba8950097ceb760b161e19907,Domains_SSE_PBE
1880,-4.677908014672632,-4.106309541811545,1.02,-0.193488962524,86dd3a804d78ca5d203ebf98747e8f16dff9713ba8950097ceb760b161e19907,Domains_SSE_PBE
1881,-4.678476347481168,-4.106309541811545,1.02,-0.193488962524,86dd3a804d78ca5d203ebf98747e8f16dff9713ba8950097ceb760b161e19907,Domains_SSE_PBE
1882,-4.679044814747261,-4.106309541811545,1.02,-0.193488962524,86dd3a804d78ca5d203ebf98747e8f16dff9713ba8950097ceb760b161e19907,Domains_SSE_PBE
1883,-4.679613416402525,-4.106309541811545,1.02,-0.193488962524,86dd3a804d78ca5d203ebf98747e8f16dff9713ba8950097ceb760b161e19907,Domains_SSE_PBE
1884,-4.680182152378642,-4.106309541811545,1.02,-0.193488962524,86dd3a804d78ca5d203ebf98747e8f16dff9713ba8950097ceb760b161e19907,Domains_SSE_PBE
1885,-4.680751022607359,-4.106309541811545,1.02,-0.193488962524,86dd3a804d78ca5d203ebf98747e8f16dff9713ba8950097ceb760b161e19907,Domains_SSE_PBE
1886,-4.681320027020496,-4.106309541811545,1.02,-0.193488962524,86dd3a804d78ca5d203ebf98747e8f16dff9713ba8950097ceb760b161e19907,Domains_SSE_PBE
1887,-4.681889165549937,-4.106309541811545,1.02,-0.193488962524,86dd3a804d78ca5d203ebf98747e8f16dff9713ba8950097ceb760b161e19907,Domains_SSE_PBE
1888,-4.682458438127636,-4.106309541811545,1.02,-0.193488962524,86dd3a804d78ca5d203ebf98747e8f16dff9713ba8950097ceb760b161e19907,Domains_SSE_PBE
1889,-4.68302784468561,-4.106309541811545,1.02,-0.193488962524,86dd3a804d78ca5d203ebf98747e8f16dff9713ba8950097ceb760b161e19907,Domains_SSE_PBE
1890,-4.683597385155947,-4.106309541811545,1.02,-0.193488962524,86dd3a804d78ca5d203ebf98747e8f16dff9713ba8950097ceb760b161e19907,Domains_SSE_PBE
1891,-4.684167059470804,-4.106309541811545,1.02,-0.193488962524,86dd3a804d78ca5d203ebf98747e8f16dff9713ba8950097ceb760b161e19907,Domains_SSE_PBE
1892,-4.684736867562401,-4.106309541811545,1.02,-0.193488962524,86dd3a804d78ca5d203ebf98747e8f16dff9713ba8950097ceb760b161e19907,Domains_SSE_PBE
1893,-4.685306809363026,-4.106309541811545,1.02,-0.193488962524,86dd3a804d78ca5d203ebf98747e8f16dff9713ba8950097ceb760b161e19907,Domains_SSE_PBE
1894,-4.685876884805037,-4.106309541811545,1.02,-0.193488962524,86dd3a804d78ca5d203ebf98747e8f16dff9713ba8950097ceb760b161e19907,Domains_SSE_PBE
1895,-4.686447093820855,-4.106309541811545,1.02,-0.193488962524,86dd3a804d78ca5d203ebf98747e8f16dff9713ba8950097ceb760b161e19907,Domains_SSE_PBE
1896,-4.687017436342972,-4.106309541811545,1.02,-0.193488962524,86dd3a804d78ca5d203ebf98747e8f16dff9713ba8950097ceb760b161e19907,Domains_SSE_PBE
1897,-4.687587912303942,-4.106309541811545,1.02,-0.193488962524,86dd3a804d78ca5d203ebf98747e8f16dff9713ba8950097ceb760b161e19907,Domains_SSE_PBE
1898,-4.688158521636389,-4.106309541811545,1.02,-0.193488962524,86dd3a804d78ca5d203ebf98747e8f16dff9713ba8950097ceb760b161e19907,Domains_SSE_PBE
1899,-4.688729264273002,-4.106309541811545,1.02,-0.193488962524,86dd3a804d78ca5d203ebf98747e8f16dff9713ba8950097ceb760b161e19907,Domains_SSE_PBE
1900,-4.689300140146537,-4.106309541811545,1.02,-0.193488962524,86dd3a804d78ca5d203ebf98747e8f16dff9713ba8950097ceb760b161e19907,Domains_SSE_PBE
1901,-4.689871149189815,-4.106309541811545,1.02,-0.193488962524,86dd3a804d78ca5d203ebf98747e8f16dff9713ba8950097ceb760b161e19907,Domains_SSE_PBE
1902,-4.690442291335727,-4.106309541811545,1.02,-0.193488962524,86dd3a804d78ca5d203ebf98747e8f16dff9713ba8950097ceb760b161e19907,Domains_SSE_PBE
1903,-4.691013566517225,-4.106309541811545,1.02,-0.193488962524,86dd3a804d78ca5d203ebf98747e8f16dff9713ba8950097ceb760b161e19907,Domains_SSE_PBE
1904,-4.691584974667331,-4.106309541811545,1.02,-0.193488962524,86dd3a804d78ca5d203ebf98747e8f16dff9713ba8950097ceb760b161e19907,Domains_SSE_PBE
1905,-4.69215651571913,-4.106309541811545,1.02,-0.193488962524,86dd3a804d78ca5d203ebf98747e8f16dff9713ba8950097ceb760b161e19907,Domains_SSE_PBE
1906,-4.692728189605776,-4.106309541811545,1.02,-0.193488962524,86dd3a804d78ca5d203ebf98747e8f16dff9713ba8950097ceb760b161e19907,Domains_SSE_PBE
1907,-4.693299996260486,-4.106309541811545,1.02,-0.193488962524,86dd3a804d78ca5d203ebf98747e8f16dff9713ba8950097ceb760b161e19907,Domains_SSE_PBE
1908,-4.693871935616544,-4.106309541811545,1.02,-0.193488962524,86dd3a804d78ca5d203ebf98747e8f16dff9713ba8950097ceb760b161e19907,Domains_SSE_PBE
1909,-4.694444007607299,-4.106309541811545,1.02,-0.193488962524,86dd3a804d78ca5d203ebf98747e8f16dff9713ba8950097ceb760b161e19907,Domains_SSE_PBE
1910,-4.695016212166166,-4.106309541811545,1.02,-0.193488962524,86dd3a804d78ca5d203ebf98747e8f16dff9713ba8950097ceb760b161e19907,Domains_SSE_PBE
1911,-4.695588549226624,-4.106309541811545,1.02,-0.193488962524,86dd3a804d78ca5d203ebf98747e8f16dff9713ba8950097ceb760b161e19907,Domains_SSE_PBE
1912,-4.69616101872222,-4.106309541811545,1.02,-0.193488962524,86dd3a804d78ca5d203ebf98747e8f16dff9713ba8950097ceb760b161e19907,Domains_SSE_PBE
1913,-4.696733620586564,-4.106309541811545,1.02,-0.193488962524,86dd3a804d78ca5d203ebf98747e8f16dff9713ba8950097ceb760b161e19907,Domains_SSE_PBE
1914,-4.697306354753331,-4.106309541811545,1.02,-0.193488962524,86dd3a804d78ca5d203ebf98747e8f16dff9713ba8950097ceb760b161e19907,Domains_SSE_PBE
1915,-4.697879221156262,-4.106309541811545,1.02,-0.193488962524,86dd3a804d78ca5d203ebf98747e8f16dff9713ba8950097ceb760b161e19907,Domains_SSE_PBE
1916,-4.698452219729162,-4.106309541811545,1.02,-0.193488962524,86dd3a804d78ca5d203ebf98747e8f16dff9713ba8950097ceb760b161e19907,Domains_SSE_PBE
1917,-4.699025350405902,-4.106309541811545,1.02,-0.193488962524,86dd3a804d78ca5d203ebf98747e8f16dff9713ba8950097ceb760b161e19907,Domains_SSE_PBE
1918,-4.699598613120417,-4.106309541811545,1.02,-0.193488962524,86dd3a804d78ca5d203ebf98747e8f16dff9713ba8950097ceb760b161e19907,Domains_SSE_PBE
1919,-4.700172007806706,-4.106309541811545,1.02,-0.193488962524,86dd3a804d78ca5d203ebf98747e8f16dff9713ba8950097ceb760b161e19907,Domains_SSE_PBE
1920,-4.700745534398833,-4.106309541811545,1.02,-0.193488962524,86dd3a804d78ca5d203ebf98747e8f16dff9713ba8950097ceb760b161e19907,Domains_SSE_PBE
1921,-4.701319192830928,-4.106309541811545,1.02,-0.193488962524,86dd3a804d78ca5d203ebf98747e8f16dff9713ba8950097ceb760b161e19907,Domains_SSE_PBE
1922,-4.701892983037181,-4.106309541811545,1.02,-0.193488962524,86dd3a804d78ca5d203ebf98747e8f16dff9713ba8950097ceb760b161e19907,Domains_SSE_PBE
1923,-4.702466904951854,-4.106309541811545,1.02,-0.193488962524,86dd3a804d78ca5d203ebf98747e8f16dff9713ba8950097ceb760b161e19907,Domains_SSE_PBE
1924,-4.703040958509265,-4.106309541811545,1.02,-0.193488962524,86dd3a804d78ca5d203ebf98747e8f16dff9713ba8950097ceb760b161e19907,Domains_SSE_PBE
1925,-4.703615143643798,-4.106309541811545,1.02,-0.193488962524,86dd3a804d78ca5d203ebf98747e8f16dff9713ba8950097ceb760b161e19907,Domains_SSE_PBE
1926,-4.704189460289906,-4.106309541811545,1.02,-0.193488962524,86dd3a804d78ca5d203ebf98747e8f16dff9713ba8950097ceb760b161e19907,Domains_SSE_PBE
1927,-4.7047639083821,-4.106309541811545,1.02,-0.193488962524,86dd3a804d78ca5d203ebf98747e8f16dff9713ba8950097ceb760b161e19907,Domains_SSE_PBE
1928,-4.705338487854958,-4.106309541811545,1.02,-0.193488962524,86dd3a804d78ca5d203ebf98747e8f16dff9713ba8950097ceb760b161e19907,Domains_SSE_PBE
1929,-4.70591319864312,-4.106309541811545,1.02,-0.193488962524,86dd3a804d78ca5d203ebf98747e8f16dff9713ba8950097ceb760b161e19907,Domains_SSE_PBE
1930,-4.706488040681291,-4.106309541811545,1.02,-0.193488962524,86dd3a804d78ca5d203ebf98747e8f16dff9713ba8950097ceb760b161e19907,Domains_SSE_PBE
1931,-4.707063013904238,-4.106309541811545,1.02,-0.193488962524,86dd3a804d78ca5d203ebf98747e8f16dff9713ba8950097ceb760b161e19907,Domains_SSE_PBE
1932,-4.707638118246794,-4.106309541811545,1.02,-0.193488962524,86dd3a804d78ca5d203ebf98747e8f16dff9713ba8950097ceb760b161e19907,Domains_SSE_PBE
1933,-4.708213353643853,-4.106309541811545,1.02,-0.193488962524,86dd3a804d78ca5d203ebf98747e8f16dff9713ba8950097ceb760b161e19907,Domains_SSE_PBE
1934,-4.708788720030372,-4.106309541811545,1.02,-0.193488962524,86dd3a804d78ca5d203ebf98747e8f16dff9713ba8950097ceb760b161e19907,Domains_SSE_PBE
1935,-4.709364217341371,-4.106309541811545,1.02,-0.193488962524,86dd3a804d78ca5d203ebf98747e8f16dff9713ba8950097ceb760b161e19907,Domains_SSE_PBE
1936,-4.709939845511937,-4.106309541811545,1.02,-0.193488962524,86dd3a804d78ca5d203ebf98747e8f16dff9713ba8950097ceb760b161e19907,Domains_SSE_PBE
1937,-4.710515604477217,-4.106309541811545,1.02,-0.193488962524,86dd3a804d78ca5d203ebf98747e8f16dff9713ba8950097ceb760b161e19907,Domains_SSE_PBE
1938,-4.711091494172418,-4.106309541811545,1.02,-0.193488962524,86dd3a804d78ca5d203ebf98747e8f16dff9713ba8950097ceb760b161e19907,Domains_SSE_PBE
1939,-4.711667514532816,-4.106309541811545,1.02,-0.193488962524,86dd3a804d78ca5d203ebf98747e8f16dff9713ba8950097ceb760b161e19907,Domains_SSE_PBE
1940,-4.712243665493745,-4.106309541811545,1.02,-0.193488962524,86dd3a804d78ca5d203ebf98747e8f16dff9713ba8950097ceb760b161e19907,Domains_SSE_PBE
1941,-4.712819946990603,-4.106309541811545,1.02,-0.193488962524,86dd3a804d78ca5d203ebf98747e8f16dff9713ba8950097ceb760b161e19907,Domains_SSE_PBE
1942,-4.713396358958851,-4.106309541811545,1.02,-0.193488962524,86dd3a804d78ca5d203ebf98747e8f16dff9713ba8950097ceb760b161e19907,Domains_SSE_PBE
1943,-4.713972901334012,-4.106309541811545,1.02,-0.193488962524,86dd3a804d78ca5d203ebf98747e8f16dff9713ba8950097ceb760b161e19907,Domains_SSE_PBE
1944,-4.714549574051672,-4.106309541811545,1.02,-0.193488962524,86dd3a804d78ca5d203ebf98747e8f16dff9713ba8950097ceb760b161e19907,Domains_SSE_PBE
1945,-4.715126377047478,-4.106309541811545,1.02,-0.193488962524,86dd3a804d78ca5d203ebf98747e8f16dff9713ba8950097ceb760b161e19907,Domains_SSE_PBE
1946,-4.71570331025714,-4.106309541811545,1.02,-0.193488962524,86dd3a804d78ca5d203ebf98747e8f16dff9713ba8950097ceb760b161e19907,Domains_SSE_PBE
1947,-4.716280373616432,-4.106309541811545,1.02,-0.193488962524,86dd3a804d78ca5d203ebf98747e8f16dff9713ba8950097ceb760b161e19907,Domains_SSE_PBE
1948,-4.716857567061184,-4.106309541811545,1.02,-0.193488962524,86dd3a804d78ca5d203ebf98747e8f16dff9713ba8950097ceb760b161e19907,Domains_SSE_PBE
1949,-4.717434890527295,-4.106309541811545,1.02,-0.193488962524,86dd3a804d78ca5d203ebf98747e8f16dff9713ba8950097ceb760b161e19907,Domains_SSE_PBE
1950,-4.718012343950723,-4.106309541811545,1.02,-0.193488962524,86dd3a804d78ca5d203ebf98747e8f16dff9713ba8950097ceb760b161e19907,Domains_SSE_PBE
1951,-4.718589927267486,-4.106309541811545,1.02,-0.193488962524,86dd3a804d78ca5d203ebf98747e8f16dff9713ba8950097ceb760b161e19907,Domains_SSE_PBE
1952,-4.719167640413665,-4.106309541811545,1.02,-0.193488962524,86dd3a804d78ca5d203ebf98747e8f16dff9713ba8950097ceb760b161e19907,Domains_SSE_PBE
1953,-4.719745483325403,-4.106309541811545,1.02,-0.193488962524,86dd3a804d78ca5d203ebf98747e8f16dff9713ba8950097ceb760b161e19907,Domains_SSE_PBE
1954,-4.720323455938905,-4.106309541811545,1.02,-0.193488962524,86dd3a804d78ca5d203ebf98747e8f16dff9713ba8950097ceb760b161e19907,Domains_SSE_PBE
1955,-4.720901558190437,-4.106309541811545,1.02,-0.193488962524,86dd3a804d78ca5d203ebf98747e8f16dff9713ba8950097ceb760b161e19907,Domains_SSE_PBE
1956,-4.721479790016325,-4.106309541811545,1.02,-0.193488962524,86dd3a804d78ca5d203ebf98747e8f16dff9713ba8950097ceb760b161e19907,Domains_SSE_PBE
1957,-4.722058151352956,-4.106309541811545,1.02,-0.193488962524,86dd3a804d78ca5d203ebf98747e8f16dff9713ba8950097ceb760b161e19907,Domains_SSE_PBE
1958,-4.722636642136781,-4.106309541811545,1.02,-0.193488962524,86dd3a804d78ca5d203ebf98747e8f16dff9713ba8950097ceb760b161e19907,Domains_SSE_PBE
1959,-4.72321526230431,-4.106309541811545,1.02,-0.193488962524,86dd3a804d78ca5d203ebf98747e8f16dff9713ba8950097ceb760b161e19907,Domains_SSE_PBE
1960,-4.723794011792113,-4.106309541811545,1.02,-0.193488962524,86dd3a804d78ca5d203ebf98747e8f16dff9713ba8950097ceb760b161e19907,Domains_SSE_PBE
1961,-4.724372890536824,-4.106309541811545,1.02,-0.193488962524,86dd3a804d78ca5d203ebf98747e8f16dff9713ba8950097ceb760b161e19907,Domains_SSE_PBE
1962,-4.724951898475135,-4.106309541811545,1.02,-0.193488962524,86dd3a804d78ca5d203ebf98747e8f16dff9713ba8950097ceb760b161e19907,Domains_SSE_PBE
1963,-4.725531035543799,-4.106309541811545,1.02,-0.193488962524,86dd3a804d78ca5d203ebf98747e8f16dff9713ba8950097ceb760b161e19907,Domains_SSE_PBE
1964,-4.726110301679632,-4.106309541811545,1.02,-0.193488962524,86dd3a804d78ca5d203ebf98747e8f16dff9713ba8950097ceb760b161e19907,Domains_SSE_PBE
1965,-4.726689696819507,-4.106309541811545,1.02,-0.193488962524,86dd3a804d78ca5d203ebf98747e8f16dff9713ba8950097ceb760b161e19907,Domains_SSE_PBE
1966,-4.72726922090036,-4.106309541811545,1.02,-0.193488962524,86dd3a804d78ca5d203ebf98747e8f16dff9713ba8950097ceb760b161e19907,Domains_SSE_PBE
1967,-4.727848873859186,-4.106309541811545,1.02,-0.193488962524,86dd3a804d78ca5d203ebf98747e8f16dff9713ba8950097ceb760b161e19907,Domains_SSE_PBE
1968,-4.728428655633041,-4.106309541811545,1.02,-0.193488962524,86dd3a804d78ca5d203ebf98747e8f16dff9713ba8950097ceb760b161e19907,Domains_SSE_PBE
1969,-4.729008566159043,-4.106309541811545,1.02,-0.193488962524,86dd3a804d78ca5d203ebf98747e8f16dff9713ba8950097ceb760b161e19907,Domains_SSE_PBE
1970,-4.729588605374365,-4.106309541811545,1.02,-0.193488962524,86dd3a804d78ca5d203ebf98747e8f16dff9713ba8950097ceb760b161e19907,Domains_SSE_PBE
1971,-4.730168773216247,-4.106309541811545,1.02,-0.193488962524,86dd3a804d78ca5d203ebf98747e8f16dff9713ba8950097ceb760b161e19907,Domains_SSE_PBE
1972,-4.730749069621981,-4.106309541811545,1.02,-0.193488962524,86dd3a804d78ca5d203ebf98747e8f16dff9713ba8950097ceb760b161e19907,Domains_SSE_PBE
1973,-4.731329494528926,-4.106309541811545,1.02,-0.193488962524,86dd3a804d78ca5d203ebf98747e8f16dff9713ba8950097ceb760b161e19907,Domains_SSE_PBE
1974,-4.731910047874496,-4.106309541811545,1.02,-0.193488962524,86dd3a804d78ca5d203ebf98747e8f16dff9713ba8950097ceb760b161e19907,Domains_SSE_PBE
1975,-4.732490729596168,-4.106309541811545,1.02,-0.193488962524,86dd3a804d78ca5d203ebf98747e8f16dff9713ba8950097ceb760b161e19907,Domains_SSE_PBE
1976,-4.733071539631476,-4.106309541811545,1.02,-0.193488962524,86dd3a804d78ca5d203ebf98747e8f16dff9713ba8950097ceb760b161e19907,Domains_SSE_PBE
1977,-4.733652477918014,-4.106309541811545,1.02,-0.193488962524,86dd3a804d78ca5d203ebf98747e8f16dff9713ba8950097ceb760b161e19907,Domains_SSE_PBE
1978,-4.734233544393438,-4.106309541811545,1.02,-0.193488962524,86dd3a804d78ca5d203ebf98747e8f16dff9713ba8950097ceb760b161e19907,Domains_SSE_PBE
1979,-4.73481473899546,-4.106309541811545,1.02,-0.193488962524,86dd3a804d78ca5d203ebf98747e8f16dff9713ba8950097ceb760b161e19907,Domains_SSE_PBE
1980,-4.735396061661852,-4.106309541811545,1.02,-0.193488962524,86dd3a804d78ca5d203ebf98747e8f16dff9713ba8950097ceb760b161e19907,Domains_SSE_PBE
1981,-4.735977512330448,-4.106309541811545,1.02,-0.193488962524,86dd3a804d78ca5d203ebf98747e8f16dff9713ba8950097ceb760b161e19907,Domains_SSE_PBE
1982,-4.736559090939138,-4.106309541811545,1.02,-0.193488962524,86dd3a804d78ca5d203ebf98747e8f16dff9713ba8950097ceb760b161e19907,Domains_SSE_PBE
1983,-4.737140797425871,-4.106309541811545,1.02,-0.193488962524,86dd3a804d78ca5d203ebf98747e8f16dff9713ba8950097ceb760b161e19907,Domains_SSE_PBE
1984,-4.737722631728658,-4.106309541811545,1.02,-0.193488962524,86dd3a804d78ca5d203ebf98747e8f16dff9713ba8950097ceb760b161e19907,Domains_SSE_PBE
1985,-4.738304593785564,-4.106309541811545,1.02,-0.193488962524,86dd3a804d78ca5d203ebf98747e8f16dff9713ba8950097ceb760b161e19907,Domains_SSE_PBE
1986,-4.738886683534718,-4.106309541811545,1.02,-0.193488962524,86dd3a804d78ca5d203ebf98747e8f16dff9713ba8950097ceb760b161e19907,Domains_SSE_PBE
1987,-4.739468900914303,-4.106309541811545,1.02,-0.193488962524,86dd3a804d78ca5d203ebf98747e8f16dff9713ba8950097ceb760b161e19907,Domains_SSE_PBE
1988,-4.740051245862565,-4.106309541811545,1.02,-0.193488962524,86dd3a804d78ca5d203ebf98747e8f16dff9713ba8950097ceb760b161e19907,Domains_SSE_PBE
1989,-4.740633718317806,-4.106309541811545,1.02,-0.193488962524,86dd3a804d78ca5d203ebf98747e8f16dff9713ba8950097ceb760b161e19907,Domains_SSE_PBE
1990,-4.741216318218386,-4.106309541811545,1.02,-0.193488962524,86dd3a804d78ca5d203ebf98747e8f16dff9713ba8950097ceb760b161e19907,Domains_SSE_PBE
1991,-4.741799045502726,-4.106309541811545,1.02,-0.193488962524,86dd3a804d78ca5d203ebf98747e8f16dff9713ba8950097ceb760b161e19907,Domains_SSE_PBE
1992,-4.742381900109302,-4.106309541811545,1.02,-0.193488962524,86dd3a804d78ca5d203ebf98747e8f16dff9713ba8950097ceb760b161e19907,Domains_SSE_PBE
1993,-4.74296488197665,-4.106309541811545,1.02,-0.193488962524,86dd3a804d78ca5d203ebf98747e8f16dff9713ba8950097ceb760b161e19907,Domains_SSE_PBE
1994,-4.743547991043363,-4.106309541811545,1.02,-0.193488962524,86dd3a804d78ca5d203ebf98747e8f16dff9713ba8950097ceb760b161e19907,Domains_SSE_PBE
1995,-4.744131227248095,-4.106309541811545,1.02,-0.193488962524,86dd3a804d78ca5d203ebf98747e8f16dff9713ba8950097ceb760b161e19907,Domains_SSE_PBE
1996,-4.744714590529555,-4.106309541811545,1.02,-0.193488962524,86dd3a804d78ca5d203ebf98747e8f16dff9713ba8950097ceb760b161e19907,Domains_SSE_PBE
1997,-4.74529808082651,-4.106309541811545,1.02,-0.193488962524,86dd3a804d78ca5d203ebf98747e8f16dff9713ba8950097ceb760b161e19907,Domains_SSE_PBE
1998,-4.745881698077786,-4.106309541811545,1.02,-0.193488962524,86dd3a804d78ca5d203ebf98747e8f16dff9713ba8950097ceb760b161e19907,Domains_SSE_PBE
1999,-4.746465442222268,-4.106309541811545,1.02,-0.193488962524,86dd3a804d78ca5d203ebf98747e8f16dff9713ba8950097ceb760b161e19907,Domains_SSE_PBE
2000,-4.747049313198895,-4.106309541811545,1.02,-0.193488962524,86dd3a804d78ca5d203ebf98747e8f16dff9713ba8950097ceb760b161e19907,Domains_SSE_PBE
2001,-4.747633310946665,-4.106309541811545,1.02,-0.193488962524,86dd3a804d78ca5d203ebf98747e8f16dff9713ba8950097ceb760b161e19907,Domains_SSE_PBE
2002,-4.748217435404636,-4.106309541811545,1.02,-0.193488962524,86dd3a804d78ca5d203ebf98747e8f16dff9713ba8950097ceb760b161e19907,Domains_SSE_PBE
2003,-4.74880168651192,-4.106309541811545,1.02,-0.193488962524,86dd3a804d78ca5d203ebf98747e8f16dff9713ba8950097ceb760b161e19907,Domains_SSE_PBE
2004,-4.749386064207689,-4.106309541811545,1.02,-0.193488962524,86dd3a804d78ca5d203ebf98747e8f16dff9713ba8950097ceb760b161e19907,Domains_SSE_PBE
2005,-4.74997056843117,-4.106309541811545,1.02,-0.193488962524,86dd3a804d78ca5d203ebf98747e8f16dff9713ba8950097ceb760b161e19907,Domains_SSE_PBE
2006,-4.750555199121649,-4.106309541811545,1.02,-0.193488962524,86dd3a804d78ca5d203ebf98747e8f16dff9713ba8950097ceb760b161e19907,Domains_SSE_PBE
2007,-4.751139956218467,-4.106309541811545,1.02,-0.193488962524,86dd3a804d78ca5d203ebf98747e8f16dff9713ba8950097ceb760b161e19907,Domains_SSE_PBE
2008,-4.751724839661024,-4.106309541811545,1.02,-0.193488962524,86dd3a804d78ca5d203ebf98747e8f16dff9713ba8950097ceb760b161e19907,Domains_SSE_PBE
2009,-4.752309849388777,-4.106309541811545,1.02,-0.193488962524,86dd3a804d78ca5d203ebf98747e8f16dff9713ba8950097ceb760b161e19907,Domains_SSE_PBE
2010,-4.752894985341237,-4.106309541811545,1.02,-0.193488962524,86dd3a804d78ca5d203ebf98747e8f16dff9713ba8950097ceb760b161e19907,Domains_SSE_PBE
2011,-4.753480247457976,-4.106309541811545,1.02,-0.193488962524,86dd3a804d78ca5d203ebf98747e8f16dff9713ba8950097ceb760b161e19907,Domains_SSE_PBE
2012,-4.754065635678621,-4.106309541811545,1.02,-0.193488962524,86dd3a804d78ca5d203ebf98747e8f16dff9713ba8950097ceb760b161e19907,Domains_SSE_PBE
2013,-4.754651149942853,-4.106309541811545,1.02,-0.193488962524,86dd3a804d78ca5d203ebf98747e8f16dff9713ba8950097ceb760b161e19907,Domains_SSE_PBE
2014,-4.755236790190411,-4.106309541811545,1.02,-0.193488962524,86dd3a804d78ca5d203ebf98747e8f16dff9713ba8950097ceb760b161e19907,Domains_SSE_PBE
2015,-4.755822556361095,-4.106309541811545,1.02,-0.193488962524,86dd3a804d78ca5d203ebf98747e8f16dff9713ba8950097ceb760b161e19907,Domains_SSE_PBE
2016,-4.756408448394755,-4.106309541811545,1.02,-0.193488962524,86dd3a804d78ca5d203ebf98747e8f16dff9713ba8950097ceb760b161e19907,Domains_SSE_PBE
2017,-4.7569944662313,-4.106309541811545,1.02,-0.193488962524,86dd3a804d78ca5d203ebf98747e8f16dff9713ba8950097ceb760b161e19907,Domains_SSE_PBE
2018,-4.757580609810695,-4.106309541811545,1.02,-0.193488962524,86dd3a804d78ca5d203ebf98747e8f16dff9713ba8950097ceb760b161e19907,Domains_SSE_PBE
2019,-4.758166879072962,-4.106309541811545,1.02,-0.193488962524,86dd3a804d78ca5d203ebf98747e8f16dff9713ba8950097ceb760b161e19907,Domains_SSE_PBE
2020,-4.758753273958178,-4.106309541811545,1.02,-0.193488962524,86dd3a804d78ca5d203ebf98747e8f16dff9713ba8950097ceb760b161e19907,Domains_SSE_PBE
2021,-4.759339794406478,-4.106309541811545,1.02,-0.193488962524,86dd3a804d78ca5d203ebf98747e8f16dff9713ba8950097ceb760b161e19907,Domains_SSE_PBE
2022,-4.759926440358047,-4.106309541811545,1.02,-0.193488962524,86dd3a804d78ca5d203ebf98747e8f16dff9713ba8950097ceb760b161e19907,Domains_SSE_PBE
2023,-4.760513211753135,-4.106309541811545,1.02,-0.193488962524,86dd3a804d78ca5d203ebf98747e8f16dff9713ba8950097ceb760b161e19907,Domains_SSE_PBE
2024,-4.761100108532039,-4.106309541811545,1.02,-0.193488962524,86dd3a804d78ca5d203ebf98747e8f16dff9713ba8950097ceb760b161e19907,Domains_SSE_PBE
2025,-4.761687130635119,-4.106309541811545,1.02,-0.193488962524,86dd3a804d78ca5d203ebf98747e8f16dff9713ba8950097ceb760b161e19907,Domains_SSE_PBE
2026,-4.762274278002784,-4.106309541811545,1.02,-0.193488962524,86dd3a804d78ca5d203ebf98747e8f16dff9713ba8950097ceb760b161e19907,Domains_SSE_PBE
2027,-4.762861550575504,-4.106309541811545,1.02,-0.193488962524,86dd3a804d78ca5d203ebf98747e8f16dff9713ba8950097ceb760b161e19907,Domains_SSE_PBE
2028,-4.7634489482938,-4.106309541811545,1.02,-0.193488962524,86dd3a804d78ca5d203ebf98747e8f16dff9713ba8950097ceb760b161e19907,Domains_SSE_PBE
2029,-4.764036471098254,-4.106309541811545,1.02,-0.193488962524,86dd3a804d78ca5d203ebf98747e8f16dff9713ba8950097ceb760b161e19907,Domains_SSE_PBE
2030,-4.764624118929498,-4.106309541811545,1.02,-0.193488962524,86dd3a804d78ca5d203ebf98747e8f16dff9713ba8950097ceb760b161e19907,Domains_SSE_PBE
2031,-4.76521189172822,-4.106309541811545,1.02,-0.193488962524,86dd3a804d78ca5d203ebf98747e8f16dff9713ba8950097ceb760b161e19907,Domains_SSE_PBE
2032,-4.765799789435166,-4.106309541811545,1.02,-0.193488962524,86dd3a804d78ca5d203ebf98747e8f16dff9713ba8950097ceb760b161e19907,Domains_SSE_PBE
2033,-4.766387811991135,-4.106309541811545,1.02,-0.193488962524,86dd3a804d78ca5d203ebf98747e8f16dff9713ba8950097ceb760b161e19907,Domains_SSE_PBE
2034,-4.76697595933698,-4.106309541811545,1.02,-0.193488962524,86dd3a804d78ca5d203ebf98747e8f16dff9713ba8950097ceb760b161e19907,Domains_SSE_PBE
2035,-4.767564231413613,-4.106309541811545,1.02,-0.193488962524,86dd3a804d78ca5d203ebf98747e8f16dff9713ba8950097ceb760b161e19907,Domains_SSE_PBE
2036,-4.768152628161996,-4.106309541811545,1.02,-0.193488962524,86dd3a804d78ca5d203ebf98747e8f16dff9713ba8950097ceb760b161e19907,Domains_SSE_PBE
2037,-4.76874114952315,-4.106309541811545,1.02,-0.193488962524,86dd3a804d78ca5d203ebf98747e8f16dff9713ba8950097ceb760b161e19907,Domains_SSE_PBE
2038,-4.769329795438146,-4.106309541811545,1.02,-0.193488962524,86dd3a804d78ca5d203ebf98747e8f16dff9713ba8950097ceb760b161e19907,Domains_SSE_PBE
2039,-4.769918565848116,-4.106309541811545,1.02,-0.193488962524,86dd3a804d78ca5d203ebf98747e8f16dff9713ba8950097ceb760b161e19907,Domains_SSE_PBE
2040,-4.770507460694239,-4.106309541811545,1.02,-0.193488962524,86dd3a804d78ca5d203ebf98747e8f16dff9713ba8950097ceb760b161e19907,Domains_SSE_PBE
2041,-4.771096479917755,-4.106309541811545,1.02,-0.193488962524,86dd3a804d78ca5d203ebf98747e8f16dff9713ba8950097ceb760b161e19907,Domains_SSE_PBE
2042,-4.771685623459955,-4.106309541811545,1.02,-0.193488962524,86dd3a804d78ca5d203ebf98747e8f16dff9713ba8950097ceb760b161e19907,Domains_SSE_PBE
2043,-4.772274891262187,-4.106309541811545,1.02,-0.193488962524,86dd3a804d78ca5d203ebf98747e8f16dff9713ba8950097ceb760b161e19907,Domains_SSE_PBE
2044,-4.772864283265848,-4.106309541811545,1.02,-0.193488962524,86dd3a804d78ca5d203ebf98747e8f16dff9713ba8950097ceb760b161e19907,Domains_SSE_PBE
2045,-4.773453799412396,-4.106309541811545,1.02,-0.193488962524,86dd3a804d78ca5d203ebf98747e8f16dff9713ba8950097ceb760b161e19907,Domains_SSE_PBE
2046,-4.774043439643337,-4.106309541811545,1.02,-0.193488962524,86dd3a804d78ca5d203ebf98747e8f16dff9713ba8950097ceb760b161e19907,Domains_SSE_PBE
2047,-4.774633203900235,-4.106309541811545,1.02,-0.193488962524,86dd3a804d78ca5d203ebf98747e8f16dff9713ba8950097ceb760b161e19907,Domains_SSE_PBE
2048,-4.775223092124707,-4.106309541811545,1.02,-0.193488962524,86dd3a804d78ca5d203ebf98747e8f16dff9713ba8950097ceb760b161e19907,Domains_SSE_PBE
2049,-4.775813104258423,-4.106309541811545,1.02,-0.193488962524,86dd3a804d78ca5d203ebf98747e8f16dff9713ba8950097ceb760b161e19907,Domains_SSE_PBE
2050,-4.776403240243108,-4.106309541811545,1.02,-0.193488962524,86dd3a804d78ca5d203ebf98747e8f16dff9713ba8950097ceb760b161e19907,Domains_SSE_PBE
2051,-4.776993500020541,-4.106309541811545,1.02,-0.193488962524,86dd3a804d78ca5d203ebf98747e8f16dff9713ba8950097ceb760b161e19907,Domains_SSE_PBE
2052,-4.777583883532553,-4.106309541811545,1.02,-0.193488962524,86dd3a804d78ca5d203ebf98747e8f16dff9713ba8950097ceb760b161e19907,Domains_SSE_PBE
2053,-4.77817439072103,-4.106309541811545,1.02,-0.193488962524,86dd3a804d78ca5d203ebf98747e8f16dff9713ba8950097ceb760b161e19907,Domains_SSE_PBE
2054,-4.77876502152791,-4.106309541811545,1.02,-0.193488962524,86dd3a804d78ca5d203ebf98747e8f16dff9713ba8950097ceb760b161e19907,Domains_SSE_PBE
2055,-4.779355775895187,-4.106309541811545,1.02,-0.193488962524,86dd3a804d78ca5d203ebf98747e8f16dff9713ba8950097ceb760b161e19907,Domains_SSE_PBE
2056,-4.779946653764906,-4.106309541811545,1.02,-0.193488962524,86dd3a804d78ca5d203ebf98747e8f16dff9713ba8950097ceb760b161e19907,Domains_SSE_PBE
2057,-4.780537655079167,-4.106309541811545,1.02,-0.193488962524,86dd3a804d78ca5d203ebf98747e8f16dff9713ba8950097ceb760b161e19907,Domains_SSE_PBE
2058,-4.781128779780121,-4.106309541811545,1.02,-0.193488962524,86dd3a804d78ca5d203ebf98747e8f16dff9713ba8950097ceb760b161e19907,Domains_SSE_PBE
2059,-4.781720027809976,-4.106309541811545,1.02,-0.193488962524,86dd3a804d78ca5d203ebf98747e8f16dff9713ba8950097ceb760b161e19907,Domains_SSE_PBE
2060,-4.78231139911099,-4.106309541811545,1.02,-0.193488962524,86dd3a804d78ca5d203ebf98747e8f16dff9713ba8950097ceb760b161e19907,Domains_SSE_PBE
2061,-4.782902893625472,-4.106309541811545,1.02,-0.193488962524,86dd3a804d78ca5d203ebf98747e8f16dff9713ba8950097ceb760b161e19907,Domains_SSE_PBE
2062,-4.783494511295791,-4.106309541811545,1.02,-0.193488962524,86dd3a804d78ca5d203ebf98747e8f16dff9713ba8950097ceb760b161e19907,Domains_SSE_PBE
2063,-4.784086252064363,-4.106309541811545,1.02,-0.193488962524,86dd3a804d78ca5d203ebf98747e8f16dff9713ba8950097ceb760b161e19907,Domains_SSE_PBE
2064,-4.784678115873658,-4.106309541811545,1.02,-0.193488962524,86dd3a804d78ca5d203ebf98747e8f16dff9713ba8950097ceb760b161e19907,Domains_SSE_PBE
2065,-4.7852701026662,-4.106309541811545,1.02,-0.193488962524,86dd3a804d78ca5d203ebf98747e8f16dff9713ba8950097ceb760b161e19907,Domains_SSE_PBE
2066,-4.785862212384563,-4.106309541811545,1.02,-0.193488962524,86dd3a804d78ca5d203ebf98747e8f16dff9713ba8950097ceb760b161e19907,Domains_SSE_PBE
2067,-4.786454444971379,-4.106309541811545,1.02,-0.193488962524,86dd3a804d78ca5d203ebf98747e8f16dff9713ba8950097ceb760b161e19907,Domains_SSE_PBE
2068,-4.787046800369325,-4.106309541811545,1.02,-0.193488962524,86dd3a804d78ca5d203ebf98747e8f16dff9713ba8950097ceb760b161e19907,Domains_SSE_PBE
2069,-4.787639278521137,-4.106309541811545,1.02,-0.193488962524,86dd3a804d78ca5d203ebf98747e8f16dff9713ba8950097ceb760b161e19907,Domains_SSE_PBE
2070,-4.788231879369603,-4.106309541811545,1.02,-0.193488962524,86dd3a804d78ca5d203ebf98747e8f16dff9713ba8950097ceb760b161e19907,Domains_SSE_PBE
2071,-4.788824602857556,-4.106309541811545,1.02,-0.193488962524,86dd3a804d78ca5d203ebf98747e8f16dff9713ba8950097ceb760b161e19907,Domains_SSE_PBE
2072,-4.78941744892789,-4.106309541811545,1.02,-0.193488962524,86dd3a804d78ca5d203ebf98747e8f16dff9713ba8950097ceb760b161e19907,Domains_SSE_PBE
2073,-4.790010417523547,-4.106309541811545,1.02,-0.193488962524,86dd3a804d78ca5d203ebf98747e8f16dff9713ba8950097ceb760b161e19907,Domains_SSE_PBE
2074,-4.79060350858752,-4.106309541811545,1.02,-0.193488962524,86dd3a804d78ca5d203ebf98747e8f16dff9713ba8950097ceb760b161e19907,Domains_SSE_PBE
2075,-4.791196722062859,-4.106309541811545,1.02,-0.193488962524,86dd3a804d78ca5d203ebf98747e8f16dff9713ba8950097ceb760b161e19907,Domains_SSE_PBE
2076,-4.791790057892662,-4.106309541811545,1.02,-0.193488962524,86dd3a804d78ca5d203ebf98747e8f16dff9713ba8950097ceb760b161e19907,Domains_SSE_PBE
2077,-4.792383516020077,-4.106309541811545,1.02,-0.193488962524,86dd3a804d78ca5d203ebf98747e8f16dff9713ba8950097ceb760b161e19907,Domains_SSE_PBE
2078,-4.792977096388309,-4.106309541811545,1.02,-0.193488962524,86dd3a804d78ca5d203ebf98747e8f16dff9713ba8950097ceb760b161e19907,Domains_SSE_PBE
2079,-4.793570798940612,-4.106309541811545,1.02,-0.193488962524,86dd3a804d78ca5d203ebf98747e8f16dff9713ba8950097ceb760b161e19907,Domains_SSE_PBE
2080,-4.794164623620291,-4.106309541811545,1.02,-0.193488962524,86dd3a804d78ca5d203ebf98747e8f16dff9713ba8950097ceb760b161e19907,Domains_SSE_PBE
2081,-4.794758570370704,-4.106309541811545,1.02,-0.193488962524,86dd3a804d78ca5d203ebf98747e8f16dff9713ba8950097ceb760b161e19907,Domains_SSE_PBE
2082,-4.795352639135261,-4.106309541811545,1.02,-0.193488962524,86dd3a804d78ca5d203ebf98747e8f16dff9713ba8950097ceb760b161e19907,Domains_SSE_PBE
2083,-4.795946829857422,-4.106309541811545,1.02,-0.193488962524,86dd3a804d78ca5d203ebf98747e8f16dff9713ba8950097ceb760b161e19907,Domains_SSE_PBE
2084,-4.796541142480699,-4.106309541811545,1.02,-0.193488962524,86dd3a804d78ca5d203ebf98747e8f16dff9713ba8950097ceb760b161e19907,Domains_SSE_PBE
2085,-4.797135576948655,-4.106309541811545,1.02,-0.193488962524,86dd3a804d78ca5d203ebf98747e8f16dff9713ba8950097ceb760b161e19907,Domains_SSE_PBE
2086,-4.797730133204904,-4.106309541811545,1.02,-0.193488962524,86dd3a804d78ca5d203ebf98747e8f16dff9713ba8950097ceb760b161e19907,Domains_SSE_PBE
2087,-4.798324811193115,-4.106309541811545,1.02,-0.193488962524,86dd3a804d78ca5d203ebf98747e8f16dff9713ba8950097ceb760b161e19907,Domains_SSE_PBE
2088,-4.798919610857002,-4.106309541811545,1.02,-0.193488962524,86dd3a804d78ca5d203ebf98747e8f16dff9713ba8950097ceb760b161e19907,Domains_SSE_PBE
2089,-4.799514532140334,-4.106309541811545,1.02,-0.193488962524,86dd3a804d78ca5d203ebf98747e8f16dff9713ba8950097ceb760b161e19907,Domains_SSE_PBE
2090,-4.800109574986931,-4.106309541811545,1.02,-0.193488962524,86dd3a804d78ca5d203ebf98747e8f16dff9713ba8950097ceb760b161e19907,Domains_SSE_PBE
2091,-4.80070473934066,-4.106309541811545,1.02,-0.193488962524,86dd3a804d78ca5d203ebf98747e8f16dff9713ba8950097ceb760b161e19907,Domains_SSE_PBE
2092,-4.801300025145447,-4.106309541811545,1.02,-0.193488962524,86dd3a804d78ca5d203ebf98747e8f16dff9713ba8950097ceb760b161e19907,Domains_SSE_PBE
2093,-4.801895432345259,-4.106309541811545,1.02,-0.193488962524,86dd3a804d78ca5d203ebf98747e8f16dff9713ba8950097ceb760b161e19907,Domains_SSE_PBE
2094,-4.80249096088412,-4.106309541811545,1.02,-0.193488962524,86dd3a804d78ca5d203ebf98747e8f16dff9713ba8950097ceb760b161e19907,Domains_SSE_PBE
2095,-4.803086610706105,-4.106309541811545,1.02,-0.193488962524,86dd3a804d78ca5d203ebf98747e8f16dff9713ba8950097ceb760b161e19907,Domains_SSE_PBE
2096,-4.803682381755335,-4.106309541811545,1.02,-0.193488962524,86dd3a804d78ca5d203ebf98747e8f16dff9713ba8950097ceb760b161e19907,Domains_SSE_PBE
2097,-4.804278273975986,-4.106309541811545,1.02,-0.193488962524,86dd3a804d78ca5d203ebf98747e8f16dff9713ba8950097ceb760b161e19907,Domains_SSE_PBE
2098,-4.804874287312282,-4.106309541811545,1.02,-0.193488962524,86dd3a804d78ca5d203ebf98747e8f16dff9713ba8950097ceb760b161e19907,Domains_SSE_PBE
2099,-4.805470421708499,-4.106309541811545,1.02,-0.193488962524,86dd3a804d78ca5d203ebf98747e8f16dff9713ba8950097ceb760b161e19907,Domains_SSE_PBE
2100,-4.80606667710896,-4.106309541811545,1.02,-0.193488962524,86dd3a804d78ca5d203ebf98747e8f16dff9713ba8950097ceb760b161e19907,Domains_SSE_PBE
2101,-4.806663053458044,-4.106309541811545,1.02,-0.193488962524,86dd3a804d78ca5d203ebf98747e8f16dff9713ba8950097ceb760b161e19907,Domains_SSE_PBE
2102,-4.807259550700174,-4.106309541811545,1.02,-0.193488962524,86dd3a804d78ca5d203ebf98747e8f16dff9713ba8950097ceb760b161e19907,Domains_SSE_PBE
2103,-4.807856168779828,-4.106309541811545,1.02,-0.193488962524,86dd3a804d78ca5d203ebf98747e8f16dff9713ba8950097ceb760b161e19907,Domains_SSE_PBE
2104,-4.808452907641531,-4.106309541811545,1.02,-0.193488962524,86dd3a804d78ca5d203ebf98747e8f16dff9713ba8950097ceb760b161e19907,Domains_SSE_PBE
2105,-4.80904976722986,-4.106309541811545,1.02,-0.193488962524,86dd3a804d78ca5d203ebf98747e8f16dff9713ba8950097ceb760b161e19907,Domains_SSE_PBE
2106,-4.80964674748944,-4.106309541811545,1.02,-0.193488962524,86dd3a804d78ca5d203ebf98747e8f16dff9713ba8950097ceb760b161e19907,Domains_SSE_PBE
2107,-4.810243848364949,-4.106309541811545,1.02,-0.193488962524,86dd3a804d78ca5d203ebf98747e8f16dff9713ba8950097ceb760b161e19907,Domains_SSE_PBE
2108,-4.810841069801109,-4.106309541811545,1.02,-0.193488962524,86dd3a804d78ca5d203ebf98747e8f16dff9713ba8950097ceb760b161e19907,Domains_SSE_PBE
2109,-4.811438411742698,-4.106309541811545,1.02,-0.193488962524,86dd3a804d78ca5d203ebf98747e8f16dff9713ba8950097ceb760b161e19907,Domains_SSE_PBE
2110,-4.812035874134541,-4.106309541811545,1.02,-0.193488962524,86dd3a804d78ca5d203ebf98747e8f16dff9713ba8950097ceb760b161e19907,Domains_SSE_PBE
2111,-4.812633456921513,-4.106309541811545,1.02,-0.193488962524,86dd3a804d78ca5d203ebf98747e8f16dff9713ba8950097ceb760b161e19907,Domains_SSE_PBE
2112,-4.813231160048537,-4.106309541811545,1.02,-0.193488962524,86dd3a804d78ca5d203ebf98747e8f16dff9713ba8950097ceb760b161e19907,Domains_SSE_PBE
2113,-4.813828983460588,-4.106309541811545,1.02,-0.193488962524,86dd3a804d78ca5d203ebf98747e8f16dff9713ba8950097ceb760b161e19907,Domains_SSE_PBE
2114,-4.814426927102687,-4.106309541811545,1.02,-0.193488962524,86dd3a804d78ca5d203ebf98747e8f16dff9713ba8950097ceb760b161e19907,Domains_SSE_PBE
2115,-4.815024990919909,-4.106309541811545,1.02,-0.193488962524,86dd3a804d78ca5d203ebf98747e8f16dff9713ba8950097ceb760b161e19907,Domains_SSE_PBE
2116,-4.815623174857375,-4.106309541811545,1.02,-0.193488962524,86dd3a804d78ca5d203ebf98747e8f16dff9713ba8950097ceb760b161e19907,Domains_SSE_PBE
2117,-4.816221478860253,-4.106309541811545,1.02,-0.193488962524,86dd3a804d78ca5d203ebf98747e8f16dff9713ba8950097ceb760b161e19907,Domains_SSE_PBE
2118,-4.816819902873768,-4.106309541811545,1.02,-0.193488962524,86dd3a804d78ca5d203ebf98747e8f16dff9713ba8950097ceb760b161e19907,Domains_SSE_PBE
2119,-4.817418446843186,-4.106309541811545,1.02,-0.193488962524,86dd3a804d78ca5d203ebf98747e8f16dff9713ba8950097ceb760b161e19907,Domains_SSE_PBE
2120,-4.818017110713827,-4.106309541811545,1.02,-0.193488962524,86dd3a804d78ca5d203ebf98747e8f16dff9713ba8950097ceb760b161e19907,Domains_SSE_PBE
2121,-4.818615894431057,-4.106309541811545,1.02,-0.193488962524,86dd3a804d78ca5d203ebf98747e8f16dff9713ba8950097ceb760b161e19907,Domains_SSE_PBE
2122,-4.81921479794029,-4.106309541811545,1.02,-0.193488962524,86dd3a804d78ca5d203ebf98747e8f16dff9713ba8950097ceb760b161e19907,Domains_SSE_PBE
2123,-4.819813821186994,-4.106309541811545,1.02,-0.193488962524,86dd3a804d78ca5d203ebf98747e8f16dff9713ba8950097ceb760b161e19907,Domains_SSE_PBE
2124,-4.820412964116682,-4.106309541811545,1.02,-0.193488962524,86dd3a804d78ca5d203ebf98747e8f16dff9713ba8950097ceb760b161e19907,Domains_SSE_PBE
2125,-4.821012226674916,-4.106309541811545,1.02,-0.193488962524,86dd3a804d78ca5d203ebf98747e8f16dff9713ba8950097ceb760b161e19907,Domains_SSE_PBE
2126,-4.821611608807306,-4.106309541811545,1.02,-0.193488962524,86dd3a804d78ca5d203ebf98747e8f16dff9713ba8950097ceb760b161e19907,Domains_SSE_PBE
2127,-4.822211110459512,-4.106309541811545,1.02,-0.193488962524,86dd3a804d78ca5d203ebf98747e8f16dff9713ba8950097ceb760b161e19907,Domains_SSE_PBE
2128,-4.822810731577243,-4.106309541811545,1.02,-0.193488962524,86dd3a804d78ca5d203ebf98747e8f16dff9713ba8950097ceb760b161e19907,Domains_SSE_PBE
2129,-4.823410472106254,-4.106309541811545,1.02,-0.193488962524,86dd3a804d78ca5d203ebf98747e8f16dff9713ba8950097ceb760b161e19907,Domains_SSE_PBE
2130,-4.82401033199235,-4.106309541811545,1.02,-0.193488962524,86dd3a804d78ca5d203ebf98747e8f16dff9713ba8950097ceb760b161e19907,Domains_SSE_PBE
2131,-4.824610311181385,-4.106309541811545,1.02,-0.193488962524,86dd3a804d78ca5d203ebf98747e8f16dff9713ba8950097ceb760b161e19907,Domains_SSE_PBE
2132,-4.825210409619261,-4.106309541811545,1.02,-0.193488962524,86dd3a804d78ca5d203ebf98747e8f16dff9713ba8950097ceb760b161e19907,Domains_SSE_PBE
2133,-4.825810627251925,-4.106309541811545,1.02,-0.193488962524,86dd3a804d78ca5d203ebf98747e8f16dff9713ba8950097ceb760b161e19907,Domains_SSE_PBE
2134,-4.826410964025376,-4.106309541811545,1.02,-0.193488962524,86dd3a804d78ca5d203ebf98747e8f16dff9713ba8950097ceb760b161e19907,Domains_SSE_PBE
2135,-4.827011419885661,-4.106309541811545,1.02,-0.193488962524,86dd3a804d78ca5d203ebf98747e8f16dff9713ba8950097ceb760b161e19907,Domains_SSE_PBE
2136,-4.827611994778871,-4.106309541811545,1.02,-0.193488962524,86dd3a804d78ca5d203ebf98747e8f16dff9713ba8950097ceb760b161e19907,Domains_SSE_PBE
2137,-4.82821268865115,-4.106309541811545,1.02,-0.193488962524,86dd3a804d78ca5d203ebf98747e8f16dff9713ba8950097ceb760b161e19907,Domains_SSE_PBE
2138,-4.828813501448686,-4.106309541811545,1.02,-0.193488962524,86dd3a804d78ca5d203ebf98747e8f16dff9713ba8950097ceb760b161e19907,Domains_SSE_PBE
2139,-4.829414433117718,-4.106309541811545,1.02,-0.193488962524,86dd3a804d78ca5d203ebf98747e8f16dff9713ba8950097ceb760b161e19907,Domains_SSE_PBE
2140,-4.83001548360453,-4.106309541811545,1.02,-0.193488962524,86dd3a804d78ca5d203ebf98747e8f16dff9713ba8950097ceb760b161e19907,Domains_SSE_PBE
2141,-4.830616652855454,-4.106309541811545,1.02,-0.193488962524,86dd3a804d78ca5d203ebf98747e8f16dff9713ba8950097ceb760b161e19907,Domains_SSE_PBE
2142,-4.831217940816872,-4.106309541811545,1.02,-0.193488962524,86dd3a804d78ca5d203ebf98747e8f16dff9713ba8950097ceb760b161e19907,Domains_SSE_PBE
2143,-4.83181934743521,-4.106309541811545,1.02,-0.193488962524,86dd3a804d78ca5d203ebf98747e8f16dff9713ba8950097ceb760b161e19907,Domains_SSE_PBE
2144,-4.832420872656946,-4.106309541811545,1.02,-0.193488962524,86dd3a804d78ca5d203ebf98747e8f16dff9713ba8950097ceb760b161e19907,Domains_SSE_PBE
2145,-4.8330225164286,-4.106309541811545,1.02,-0.193488962524,86dd3a804d78ca5d203ebf98747e8f16dff9713ba8950097ceb760b161e19907,Domains_SSE_PBE
2146,-4.833624278696744,-4.106309541811545,1.02,-0.193488962524,86dd3a804d78ca5d203ebf98747e8f16dff9713ba8950097ceb760b161e19907,Domains_SSE_PBE
2147,-4.834226159407995,-4.106309541811545,1.02,-0.193488962524,86dd3a804d78ca5d203ebf98747e8f16dff9713ba8950097ceb760b161e19907,Domains_SSE_PBE
2148,-4.834828158509018,-4.106309541811545,1.02,-0.193488962524,86dd3a804d78ca5d203ebf98747e8f16dff9713ba8950097ceb760b161e19907,Domains_SSE_PBE
2149,-4.835430275946527,-4.106309541811545,1.02,-0.193488962524,86dd3a804d78ca5d203ebf98747e8f16dff9713ba8950097ceb760b161e19907,Domains_SSE_PBE
2150,-4.836032511667277,-4.106309541811545,1.02,-0.193488962524,86dd3a804d78ca5d203ebf98747e8f16dff9713ba8950097ceb760b161e19907,Domains_SSE_PBE
2151,-4.836634865618076,-4.106309541811545,1.02,-0.193488962524,86dd3a804d78ca5d203ebf98747e8f16dff9713ba8950097ceb760b161e19907,Domains_SSE_PBE
2152,-4.837237337745778,-4.106309541811545,1.02,-0.193488962524,86dd3a804d78ca5d203ebf98747e8f16dff9713ba8950097ceb760b161e19907,Domains_SSE_PBE
2153,-4.837839927997281,-4.106309541811545,1.02,-0.193488962524,86dd3a804d78ca5d203ebf98747e8f16dff9713ba8950097ceb760b161e19907,Domains_SSE_PBE
2154,-4.838442636319535,-4.106309541811545,1.02,-0.193488962524,86dd3a804d78ca5d203ebf98747e8f16dff9713ba8950097ceb760b161e19907,Domains_SSE_PBE
2155,-4.839045462659533,-4.106309541811545,1.02,-0.193488962524,86dd3a804d78ca5d203ebf98747e8f16dff9713ba8950097ceb760b161e19907,Domains_SSE_PBE
2156,-4.839648406964313,-4.106309541811545,1.02,-0.193488962524,86dd3a804d78ca5d203ebf98747e8f16dff9713ba8950097ceb760b161e19907,Domains_SSE_PBE
2157,-4.840251469180965,-4.106309541811545,1.02,-0.193488962524,86dd3a804d78ca5d203ebf98747e8f16dff9713ba8950097ceb760b161e19907,Domains_SSE_PBE
2158,-4.840854649256622,-4.106309541811545,1.02,-0.193488962524,86dd3a804d78ca5d203ebf98747e8f16dff9713ba8950097ceb760b161e19907,Domains_SSE_PBE
2159,-4.841457947138464,-4.106309541811545,1.02,-0.193488962524,86dd3a804d78ca5d203ebf98747e8f16dff9713ba8950097ceb760b161e19907,Domains_SSE_PBE
2160,-4.84206136277372,-4.106309541811545,1.02,-0.193488962524,86dd3a804d78ca5d203ebf98747e8f16dff9713ba8950097ceb760b161e19907,Domains_SSE_PBE
2161,-4.842664896109659,-4.106309541811545,1.02,-0.193488962524,86dd3a804d78ca5d203ebf98747e8f16dff9713ba8950097ceb760b161e19907,Domains_SSE_PBE
2162,-4.843268547093606,-4.106309541811545,1.02,-0.193488962524,86dd3a804d78ca5d203ebf98747e8f16dff9713ba8950097ceb760b161e19907,Domains_SSE_PBE
2163,-4.843872315672924,-4.106309541811545,1.02,-0.193488962524,86dd3a804d78ca5d203ebf98747e8f16dff9713ba8950097ceb760b161e19907,Domains_SSE_PBE
2164,-4.844476201795027,-4.106309541811545,1.02,-0.193488962524,86dd3a804d78ca5d203ebf98747e8f16dff9713ba8950097ceb760b161e19907,Domains_SSE_PBE
2165,-4.845080205407373,-4.106309541811545,1.02,-0.193488962524,86dd3a804d78ca5d203ebf98747e8f16dff9713ba8950097ceb760b161e19907,Domains_SSE_PBE
2166,-4.845684326457467,-4.106309541811545,1.02,-0.193488962524,86dd3a804d78ca5d203ebf98747e8f16dff9713ba8950097ceb760b161e19907,Domains_SSE_PBE
2167,-4.846288564892859,-4.106309541811545,1.02,-0.193488962524,86dd3a804d78ca5d203ebf98747e8f16dff9713ba8950097ceb760b161e19907,Domains_SSE_PBE
2168,-4.846892920661148,-4.106309541811545,1.02,-0.193488962524,86dd3a804d78ca5d203ebf98747e8f16dff9713ba8950097ceb760b161e19907,Domains_SSE_PBE
2169,-4.847497393709975,-4.106309541811545,1.02,-0.193488962524,86dd3a804d78ca5d203ebf98747e8f16dff9713ba8950097ceb760b161e19907,Domains_SSE_PBE
2170,-4.848101983987029,-4.106309541811545,1.02,-0.193488962524,86dd3a804d78ca5d203ebf98747e8f16dff9713ba8950097ceb760b161e19907,Domains_SSE_PBE
2171,-4.848706691440047,-4.106309541811545,1.02,-0.193488962524,86dd3a804d78ca5d203ebf98747e8f16dff9713ba8950097ceb760b161e19907,Domains_SSE_PBE
2172,-4.849311516016806,-4.106309541811545,1.02,-0.193488962524,86dd3a804d78ca5d203ebf98747e8f16dff9713ba8950097ceb760b161e19907,Domains_SSE_PBE
2173,-4.849916457665135,-4.106309541811545,1.02,-0.193488962524,86dd3a804d78ca5d203ebf98747e8f16dff9713ba8950097ceb760b161e19907,Domains_SSE_PBE
2174,-4.850521516332906,-4.106309541811545,1.02,-0.193488962524,86dd3a804d78ca5d203ebf98747e8f16dff9713ba8950097ceb760b161e19907,Domains_SSE_PBE
2175,-4.851126691968034,-4.106309541811545,1.02,-0.193488962524,86dd3a804d78ca5d203ebf98747e8f16dff9713ba8950097ceb760b161e19907,Domains_SSE_PBE
2176,-4.851731984518485,-4.106309541811545,1.02,-0.193488962524,86dd3a804d78ca5d203ebf98747e8f16dff9713ba8950097ceb760b161e19907,Domains_SSE_PBE
2177,-4.852337393932265,-4.106309541811545,1.02,-0.193488962524,86dd3a804d78ca5d203ebf98747e8f16dff9713ba8950097ceb760b161e19907,Domains_SSE_PBE
2178,-4.85294292015743,-4.106309541811545,1.02,-0.193488962524,86dd3a804d78ca5d203ebf98747e8f16dff9713ba8950097ceb760b161e19907,Domains_SSE_PBE
2179,-4.853548563142079,-4.106309541811545,1.02,-0.193488962524,86dd3a804d78ca5d203ebf98747e8f16dff9713ba8950097ceb760b161e19907,Domains_SSE_PBE
2180,-4.854154322834356,-4.106309541811545,1.02,-0.193488962524,86dd3a804d78ca5d203ebf98747e8f16dff9713ba8950097ceb760b161e19907,Domains_SSE_PBE
2181,-4.854760199182452,-4.106309541811545,1.02,-0.193488962524,86dd3a804d78ca5d203ebf98747e8f16dff9713ba8950097ceb760b161e19907,Domains_SSE_PBE
2182,-4.855366192134603,-4.106309541811545,1.02,-0.193488962524,86dd3a804d78ca5d203ebf98747e8f16dff9713ba8950097ceb760b161e19907,Domains_SSE_PBE
2183,-4.855972301639087,-4.106309541811545,1.02,-0.193488962524,86dd3a804d78ca5d203ebf98747e8f16dff9713ba8950097ceb760b161e19907,Domains_SSE_PBE
2184,-4.856578527644232,-4.106309541811545,1.02,-0.193488962524,86dd3a804d78ca5d203ebf98747e8f16dff9713ba8950097ceb760b161e19907,Domains_SSE_PBE
2185,-4.857184870098407,-4.106309541811545,1.02,-0.193488962524,86dd3a804d78ca5d203ebf98747e8f16dff9713ba8950097ceb760b161e19907,Domains_SSE_PBE
2186,-4.857791328950028,-4.106309541811545,1.02,-0.193488962524,86dd3a804d78ca5d203ebf98747e8f16dff9713ba8950097ceb760b161e19907,Domains_SSE_PBE
2187,-4.858397904147556,-4.106309541811545,1.02,-0.193488962524,86dd3a804d78ca5d203ebf98747e8f16dff9713ba8950097ceb760b161e19907,Domains_SSE_PBE
2188,-4.859004595639496,-4.106309541811545,1.02,-0.193488962524,86dd3a804d78ca5d203ebf98747e8f16dff9713ba8950097ceb760b161e19907,Domains_SSE_PBE
2189,-4.859611403374397,-4.106309541811545,1.02,-0.193488962524,86dd3a804d78ca5d203ebf98747e8f16dff9713ba8950097ceb760b161e19907,Domains_SSE_PBE
2190,-4.860218327300856,-4.106309541811545,1.02,-0.193488962524,86dd3a804d78ca5d203ebf98747e8f16dff9713ba8950097ceb760b161e19907,Domains_SSE_PBE
2191,-4.860825367367511,-4.106309541811545,1.02,-0.193488962524,86dd3a804d78ca5d203ebf98747e8f16dff9713ba8950097ceb760b161e19907,Domains_SSE_PBE
2192,-4.861432523523047,-4.106309541811545,1.02,-0.193488962524,86dd3a804d78ca5d203ebf98747e8f16dff9713ba8950097ceb760b161e19907,Domains_SSE_PBE
2193,-4.862039795716192,-4.106309541811545,1.02,-0.193488962524,86dd3a804d78ca5d203ebf98747e8f16dff9713ba8950097ceb760b161e19907,Domains_SSE_PBE
2194,-4.86264718389572,-4.106309541811545,1.02,-0.193488962524,86dd3a804d78ca5d203ebf98747e8f16dff9713ba8950097ceb760b161e19907,Domains_SSE_PBE
2195,-4.863254688010448,-4.106309541811545,1.02,-0.193488962524,86dd3a804d78ca5d203ebf98747e8f16dff9713ba8950097ceb760b161e19907,Domains_SSE_PBE
2196,-4.86386230800924,-4.106309541811545,1.02,-0.193488962524,86dd3a804d78ca5d203ebf98747e8f16dff9713ba8950097ceb760b161e19907,Domains_SSE_PBE
2197,-4.864470043841,-4.106309541811545,1.02,-0.193488962524,86dd3a804d78ca5d203ebf98747e8f16dff9713ba8950097ceb760b161e19907,Domains_SSE_PBE
2198,-4.865077895454681,-4.106309541811545,1.02,-0.193488962524,86dd3a804d78ca5d203ebf98747e8f16dff9713ba8950097ceb760b161e19907,Domains_SSE_PBE
2199,-4.865685862799277,-4.106309541811545,1.02,-0.193488962524,86dd3a804d78ca5d203ebf98747e8f16dff9713ba8950097ceb760b161e19907,Domains_SSE_PBE
2200,-4.866293945823828,-4.106309541811545,1.02,-0.193488962524,86dd3a804d78ca5d203ebf98747e8f16dff9713ba8950097ceb760b161e19907,Domains_SSE_PBE
2201,-4.866902144477416,-4.106309541811545,1.02,-0.193488962524,86dd3a804d78ca5d203ebf98747e8f16dff9713ba8950097ceb760b161e19907,Domains_SSE_PBE
2202,-4.86751045870917,-4.106309541811545,1.02,-0.193488962524,86dd3a804d78ca5d203ebf98747e8f16dff9713ba8950097ceb760b161e19907,Domains_SSE_PBE
2203,-4.868118888468262,-4.106309541811545,1.02,-0.193488962524,86dd3a804d78ca5d203ebf98747e8f16dff9713ba8950097ceb760b161e19907,Domains_SSE_PBE
2204,-4.868727433703904,-4.106309541811545,1.02,-0.193488962524,86dd3a804d78ca5d203ebf98747e8f16dff9713ba8950097ceb760b161e19907,Domains_SSE_PBE
2205,-4.869336094365359,-4.106309541811545,1.02,-0.193488962524,86dd3a804d78ca5d203ebf98747e8f16dff9713ba8950097ceb760b161e19907,Domains_SSE_PBE
2206,-4.869944870401928,-4.106309541811545,1.02,-0.193488962524,86dd3a804d78ca5d203ebf98747e8f16dff9713ba8950097ceb760b161e19907,Domains_SSE_PBE
2207,-4.870553761762959,-4.106309541811545,1.02,-0.193488962524,86dd3a804d78ca5d203ebf98747e8f16dff9713ba8950097ceb760b161e19907,Domains_SSE_PBE
2208,-4.871162768397841,-4.106309541811545,1.02,-0.193488962524,86dd3a804d78ca5d203ebf98747e8f16dff9713ba8950097ceb760b161e19907,Domains_SSE_PBE
2209,-4.871771890256012,-4.106309541811545,1.02,-0.193488962524,86dd3a804d78ca5d203ebf98747e8f16dff9713ba8950097ceb760b161e19907,Domains_SSE_PBE
2210,-4.872381127286946,-4.106309541811545,1.02,-0.193488962524,86dd3a804d78ca5d203ebf98747e8f16dff9713ba8950097ceb760b161e19907,Domains_SSE_PBE
2211,-4.872990479440167,-4.106309541811545,1.02,-0.193488962524,86dd3a804d78ca5d203ebf98747e8f16dff9713ba8950097ceb760b161e19907,Domains_SSE_PBE
2212,-4.873599946665239,-4.106309541811545,1.02,-0.193488962524,86dd3a804d78ca5d203ebf98747e8f16dff9713ba8950097ceb760b161e19907,Domains_SSE_PBE
2213,-4.874209528911771,-4.106309541811545,1.02,-0.193488962524,86dd3a804d78ca5d203ebf98747e8f16dff9713ba8950097ceb760b161e19907,Domains_SSE_PBE
2214,-4.874819226129415,-4.106309541811545,1.02,-0.193488962524,86dd3a804d78ca5d203ebf98747e8f16dff9713ba8950097ceb760b161e19907,Domains_SSE_PBE
2215,-4.875429038267866,-4.106309541811545,1.02,-0.193488962524,86dd3a804d78ca5d203ebf98747e8f16dff9713ba8950097ceb760b161e19907,Domains_SSE_PBE
2216,-4.876038965276862,-4.106309541811545,1.02,-0.193488962524,86dd3a804d78ca5d203ebf98747e8f16dff9713ba8950097ceb760b161e19907,Domains_SSE_PBE
2217,-4.876649007106186,-4.106309541811545,1.02,-0.193488962524,86dd3a804d78ca5d203ebf98747e8f16dff9713ba8950097ceb760b161e19907,Domains_SSE_PBE
2218,-4.877259163705662,-4.106309541811545,1.02,-0.193488962524,86dd3a804d78ca5d203ebf98747e8f16dff9713ba8950097ceb760b161e19907,Domains_SSE_PBE
2219,-4.877869435025159,-4.106309541811545,1.02,-0.193488962524,86dd3a804d78ca5d203ebf98747e8f16dff9713ba8950097ceb760b161e19907,Domains_SSE_PBE
2220,-4.878479821014587,-4.106309541811545,1.02,-0.193488962524,86dd3a804d78ca5d203ebf98747e8f16dff9713ba8950097ceb760b161e19907,Domains_SSE_PBE
2221,-4.879090321623901,-4.106309541811545,1.02,-0.193488962524,86dd3a804d78ca5d203ebf98747e8f16dff9713ba8950097ceb760b161e19907,Domains_SSE_PBE
2222,-4.879700936803097,-4.106309541811545,1.02,-0.193488962524,86dd3a804d78ca5d203ebf98747e8f16dff9713ba8950097ceb760b161e19907,Domains_SSE_PBE
2223,-4.880311666502216,-4.106309541811545,1.02,-0.193488962524,86dd3a804d78ca5d203ebf98747e8f16dff9713ba8950097ceb760b161e19907,Domains_SSE_PBE
2224,-4.880922510671343,-4.106309541811545,1.02,-0.193488962524,86dd3a804d78ca5d203ebf98747e8f16dff9713ba8950097ceb760b161e19907,Domains_SSE_PBE
2225,-4.881533469260599,-4.106309541811545,1.02,-0.193488962524,86dd3a804d78ca5d203ebf98747e8f16dff9713ba8950097ceb760b161e19907,Domains_SSE_PBE
2226,-4.882144542220157,-4.106309541811545,1.02,-0.193488962524,86dd3a804d78ca5d203ebf98747e8f16dff9713ba8950097ceb760b161e19907,Domains_SSE_PBE
2227,-4.882755729500224,-4.106309541811545,1.02,-0.193488962524,86dd3a804d78ca5d203ebf98747e8f16dff9713ba8950097ceb760b161e19907,Domains_SSE_PBE
2228,-4.883367031051058,-4.106309541811545,1.02,-0.193488962524,86dd3a804d78ca5d203ebf98747e8f16dff9713ba8950097ceb760b161e19907,Domains_SSE_PBE
2229,-4.883978446822953,-4.106309541811545,1.02,-0.193488962524,86dd3a804d78ca5d203ebf98747e8f16dff9713ba8950097ceb760b161e19907,Domains_SSE_PBE
2230,-4.884589976766248,-4.106309541811545,1.02,-0.193488962524,86dd3a804d78ca5d203ebf98747e8f16dff9713ba8950097ceb760b161e19907,Domains_SSE_PBE
2231,-4.885201620831323,-4.106309541811545,1.02,-0.193488962524,86dd3a804d78ca5d203ebf98747e8f16dff9713ba8950097ceb760b161e19907,Domains_SSE_PBE
2232,-4.885813378968605,-4.106309541811545,1.02,-0.193488962524,86dd3a804d78ca5d203ebf98747e8f16dff9713ba8950097ceb760b161e19907,Domains_SSE_PBE
2233,-4.886425251128559,-4.106309541811545,1.02,-0.193488962524,86dd3a804d78ca5d203ebf98747e8f16dff9713ba8950097ceb760b161e19907,Domains_SSE_PBE
2234,-4.887037237261691,-4.106309541811545,1.02,-0.193488962524,86dd3a804d78ca5d203ebf98747e8f16dff9713ba8950097ceb760b161e19907,Domains_SSE_PBE
2235,-4.887649337318555,-4.106309541811545,1.02,-0.193488962524,86dd3a804d78ca5d203ebf98747e8f16dff9713ba8950097ceb760b161e19907,Domains_SSE_PBE
2236,-4.888261551249742,-4.106309541811545,1.02,-0.193488962524,86dd3a804d78ca5d203ebf98747e8f16dff9713ba8950097ceb760b161e19907,Domains_SSE_PBE
2237,-4.888873879005889,-4.106309541811545,1.02,-0.193488962524,86dd3a804d78ca5d203ebf98747e8f16dff9713ba8950097ceb760b161e19907,Domains_SSE_PBE
2238,-4.889486320537671,-4.106309541811545,1.02,-0.193488962524,86dd3a804d78ca5d203ebf98747e8f16dff9713ba8950097ceb760b161e19907,Domains_SSE_PBE
2239,-4.890098875795809,-4.106309541811545,1.02,-0.193488962524,86dd3a804d78ca5d203ebf98747e8f16dff9713ba8950097ceb760b161e19907,Domains_SSE_PBE
2240,-4.890711544731063,-4.106309541811545,1.02,-0.193488962524,86dd3a804d78ca5d203ebf98747e8f16dff9713ba8950097ceb760b161e19907,Domains_SSE_PBE
2241,-4.891324327294237,-4.106309541811545,1.02,-0.193488962524,86dd3a804d78ca5d203ebf98747e8f16dff9713ba8950097ceb760b161e19907,Domains_SSE_PBE
2242,-4.891937223436175,-4.106309541811545,1.02,-0.193488962524,86dd3a804d78ca5d203ebf98747e8f16dff9713ba8950097ceb760b161e19907,Domains_SSE_PBE
2243,-4.892550233107766,-4.106309541811545,1.02,-0.193488962524,86dd3a804d78ca5d203ebf98747e8f16dff9713ba8950097ceb760b161e19907,Domains_SSE_PBE
2244,-4.893163356259936,-4.106309541811545,1.02,-0.193488962524,86dd3a804d78ca5d203ebf98747e8f16dff9713ba8950097ceb760b161e19907,Domains_SSE_PBE
2245,-4.893776592843658,-4.106309541811545,1.02,-0.193488962524,86dd3a804d78ca5d203ebf98747e8f16dff9713ba8950097ceb760b161e19907,Domains_SSE_PBE
2246,-4.894389942809942,-4.106309541811545,1.02,-0.193488962524,86dd3a804d78ca5d203ebf98747e8f16dff9713ba8950097ceb760b161e19907,Domains_SSE_PBE
2247,-4.895003406109844,-4.106309541811545,1.02,-0.193488962524,86dd3a804d78ca5d203ebf98747e8f16dff9713ba8950097ceb760b161e19907,Domains_SSE_PBE
2248,-4.895616982694457,-4.106309541811545,1.02,-0.193488962524,86dd3a804d78ca5d203ebf98747e8f16dff9713ba8950097ceb760b161e19907,Domains_SSE_PBE
2249,-4.896230672514919,-4.106309541811545,1.02,-0.193488962524,86dd3a804d78ca5d203ebf98747e8f16dff9713ba8950097ceb760b161e19907,Domains_SSE_PBE
2250,-4.896844475522409,-4.106309541811545,1.02,-0.193488962524,86dd3a804d78ca5d203ebf98747e8f16dff9713ba8950097ceb760b161e19907,Domains_SSE_PBE
2251,-4.897458391668145,-4.106309541811545,1.02,-0.193488962524,86dd3a804d78ca5d203ebf98747e8f16dff9713ba8950097ceb760b161e19907,Domains_SSE_PBE
2252,-4.898072420903391,-4.106309541811545,1.02,-0.193488962524,86dd3a804d78ca5d203ebf98747e8f16dff9713ba8950097ceb760b161e19907,Domains_SSE_PBE
2253,-4.898686563179446,-4.106309541811545,1.02,-0.193488962524,86dd3a804d78ca5d203ebf98747e8f16dff9713ba8950097ceb760b161e19907,Domains_SSE_PBE
2254,-4.899300818447657,-4.106309541811545,1.02,-0.193488962524,86dd3a804d78ca5d203ebf98747e8f16dff9713ba8950097ceb760b161e19907,Domains_SSE_PBE
2255,-4.899915186659406,-4.106309541811545,1.02,-0.193488962524,86dd3a804d78ca5d203ebf98747e8f16dff9713ba8950097ceb760b161e19907,Domains_SSE_PBE
2256,-4.90052966776612,-4.106309541811545,1.02,-0.193488962524,86dd3a804d78ca5d203ebf98747e8f16dff9713ba8950097ceb760b161e19907,Domains_SSE_PBE
2257,-4.901144261719267,-4.106309541811545,1.02,-0.193488962524,86dd3a804d78ca5d203ebf98747e8f16dff9713ba8950097ceb760b161e19907,Domains_SSE_PBE
2258,-4.901758968470355,-4.106309541811545,1.02,-0.193488962524,86dd3a804d78ca5d203ebf98747e8f16dff9713ba8950097ceb760b161e19907,Domains_SSE_PBE
2259,-4.902373787970934,-4.106309541811545,1.02,-0.193488962524,86dd3a804d78ca5d203ebf98747e8f16dff9713ba8950097ceb760b161e19907,Domains_SSE_PBE
2260,-4.902988720172591,-4.106309541811545,1.02,-0.193488962524,86dd3a804d78ca5d203ebf98747e8f16dff9713ba8950097ceb760b161e19907,Domains_SSE_PBE
2261,-4.903603765026962,-4.106309541811545,1.02,-0.193488962524,86dd3a804d78ca5d203ebf98747e8f16dff9713ba8950097ceb760b161e19907,Domains_SSE_PBE
2262,-4.904218922485716,-4.106309541811545,1.02,-0.193488962524,86dd3a804d78ca5d203ebf98747e8f16dff9713ba8950097ceb760b161e19907,Domains_SSE_PBE
2263,-4.904834192500566,-4.106309541811545,1.02,-0.193488962524,86dd3a804d78ca5d203ebf98747e8f16dff9713ba8950097ceb760b161e19907,Domains_SSE_PBE
2264,-4.905449575023265,-4.106309541811545,1.02,-0.193488962524,86dd3a804d78ca5d203ebf98747e8f16dff9713ba8950097ceb760b161e19907,Domains_SSE_PBE
2265,-4.906065070005608,-4.106309541811545,1.02,-0.193488962524,86dd3a804d78ca5d203ebf98747e8f16dff9713ba8950097ceb760b161e19907,Domains_SSE_PBE
2266,-4.90668067739943,-4.106309541811545,1.02,-0.193488962524,86dd3a804d78ca5d203ebf98747e8f16dff9713ba8950097ceb760b161e19907,Domains_SSE_PBE
2267,-4.907296397156608,-4.106309541811545,1.02,-0.193488962524,86dd3a804d78ca5d203ebf98747e8f16dff9713ba8950097ceb760b161e19907,Domains_SSE_PBE
2268,-4.907912229229056,-4.106309541811545,1.02,-0.193488962524,86dd3a804d78ca5d203ebf98747e8f16dff9713ba8950097ceb760b161e19907,Domains_SSE_PBE
2269,-4.908528173568731,-4.106309541811545,1.02,-0.193488962524,86dd3a804d78ca5d203ebf98747e8f16dff9713ba8950097ceb760b161e19907,Domains_SSE_PBE
2270,-4.909144230127629,-4.106309541811545,1.02,-0.193488962524,86dd3a804d78ca5d203ebf98747e8f16dff9713ba8950097ceb760b161e19907,Domains_SSE_PBE
2271,-4.909760398857791,-4.106309541811545,1.02,-0.193488962524,86dd3a804d78ca5d203ebf98747e8f16dff9713ba8950097ceb760b161e19907,Domains_SSE_PBE
2272,-4.910376679711289,-4.106309541811545,1.02,-0.193488962524,86dd3a804d78ca5d203ebf98747e8f16dff9713ba8950097ceb760b161e19907,Domains_SSE_PBE
2273,-4.910993072640248,-4.106309541811545,1.02,-0.193488962524,86dd3a804d78ca5d203ebf98747e8f16dff9713ba8950097ceb760b161e19907,Domains_SSE_PBE
2274,-4.91160957759682,-4.106309541811545,1.02,-0.193488962524,86dd3a804d78ca5d203ebf98747e8f16dff9713ba8950097ceb760b161e19907,Domains_SSE_PBE
2275,-4.912226194533208,-4.106309541811545,1.02,-0.193488962524,86dd3a804d78ca5d203ebf98747e8f16dff9713ba8950097ceb760b161e19907,Domains_SSE_PBE
2276,-4.912842923401648,-4.106309541811545,1.02,-0.193488962524,86dd3a804d78ca5d203ebf98747e8f16dff9713ba8950097ceb760b161e19907,Domains_SSE_PBE
2277,-4.91345976415442,-4.106309541811545,1.02,-0.193488962524,86dd3a804d78ca5d203ebf98747e8f16dff9713ba8950097ceb760b161e19907,Domains_SSE_PBE
2278,-4.914076716743843,-4.106309541811545,1.02,-0.193488962524,86dd3a804d78ca5d203ebf98747e8f16dff9713ba8950097ceb760b161e19907,Domains_SSE_PBE
2279,-4.914693781122274,-4.106309541811545,1.02,-0.193488962524,86dd3a804d78ca5d203ebf98747e8f16dff9713ba8950097ceb760b161e19907,Domains_SSE_PBE
2280,-4.915310957242114,-4.106309541811545,1.02,-0.193488962524,86dd3a804d78ca5d203ebf98747e8f16dff9713ba8950097ceb760b161e19907,Domains_SSE_PBE
2281,-4.915928245055801,-4.106309541811545,1.02,-0.193488962524,86dd3a804d78ca5d203ebf98747e8f16dff9713ba8950097ceb760b161e19907,Domains_SSE_PBE
2282,-4.916545644515813,-4.106309541811545,1.02,-0.193488962524,86dd3a804d78ca5d203ebf98747e8f16dff9713ba8950097ceb760b161e19907,Domains_SSE_PBE
2283,-4.917163155574669,-4.106309541811545,1.02,-0.193488962524,86dd3a804d78ca5d203ebf98747e8f16dff9713ba8950097ceb760b161e19907,Domains_SSE_PBE
2284,-4.917780778184926,-4.106309541811545,1.02,-0.193488962524,86dd3a804d78ca5d203ebf98747e8f16dff9713ba8950097ceb760b161e19907,Domains_SSE_PBE
2285,-4.918398512299182,-4.106309541811545,1.02,-0.193488962524,86dd3a804d78ca5d203ebf98747e8f16dff9713ba8950097ceb760b161e19907,Domains_SSE_PBE
2286,-4.919016357870078,-4.106309541811545,1.02,-0.193488962524,86dd3a804d78ca5d203ebf98747e8f16dff9713ba8950097ceb760b161e19907,Domains_SSE_PBE
2287,-4.919634314850287,-4.106309541811545,1.02,-0.193488962524,86dd3a804d78ca5d203ebf98747e8f16dff9713ba8950097ceb760b161e19907,Domains_SSE_PBE
2288,-4.920252383192524,-4.106309541811545,1.02,-0.193488962524,86dd3a804d78ca5d203ebf98747e8f16dff9713ba8950097ceb760b161e19907,Domains_SSE_PBE
2289,-4.92087056284955,-4.106309541811545,1.02,-0.193488962524,86dd3a804d78ca5d203ebf98747e8f16dff9713ba8950097ceb760b161e19907,Domains_SSE_PBE
2290,-4.921488853774159,-4.106309541811545,1.02,-0.193488962524,86dd3a804d78ca5d203ebf98747e8f16dff9713ba8950097ceb760b161e19907,Domains_SSE_PBE
2291,-4.922107255919184,-4.106309541811545,1.02,-0.193488962524,86dd3a804d78ca5d203ebf98747e8f16dff9713ba8950097ceb760b161e19907,Domains_SSE_PBE
2292,-4.922725769237501,-4.106309541811545,1.02,-0.193488962524,86dd3a804d78ca5d203ebf98747e8f16dff9713ba8950097ceb760b161e19907,Domains_SSE_PBE
2293,-4.923344393682025,-4.106309541811545,1.02,-0.193488962524,86dd3a804d78ca5d203ebf98747e8f16dff9713ba8950097ceb760b161e19907,Domains_SSE_PBE
2294,-4.923963129205706,-4.106309541811545,1.02,-0.193488962524,86dd3a804d78ca5d203ebf98747e8f16dff9713ba8950097ceb760b161e19907,Domains_SSE_PBE
2295,-4.924581975761538,-4.106309541811545,1.02,-0.193488962524,86dd3a804d78ca5d203ebf98747e8f16dff9713ba8950097ceb760b161e19907,Domains_SSE_PBE
2296,-4.925200933302552,-4.106309541811545,1.02,-0.193488962524,86dd3a804d78ca5d203ebf98747e8f16dff9713ba8950097ceb760b161e19907,Domains_SSE_PBE
2297,-4.925820001781819,-4.106309541811545,1.02,-0.193488962524,86dd3a804d78ca5d203ebf98747e8f16dff9713ba8950097ceb760b161e19907,Domains_SSE_PBE
2298,-4.926439181152447,-4.106309541811545,1.02,-0.193488962524,86dd3a804d78ca5d203ebf98747e8f16dff9713ba8950097ceb760b161e19907,Domains_SSE_PBE
2299,-4.927058471367586,-4.106309541811545,1.02,-0.193488962524,86dd3a804d78ca5d203ebf98747e8f16dff9713ba8950097ceb760b161e19907,Domains_SSE_PBE
2300,-4.927677872380424,-4.106309541811545,1.02,-0.193488962524,86dd3a804d78ca5d203ebf98747e8f16dff9713ba8950097ceb760b161e19907,Domains_SSE_PBE
2301,-4.928297384144186,-4.106309541811545,1.02,-0.193488962524,86dd3a804d78ca5d203ebf98747e8f16dff9713ba8950097ceb760b161e19907,Domains_SSE_PBE
2302,-4.928917006612138,-4.106309541811545,1.02,-0.193488962524,86dd3a804d78ca5d203ebf98747e8f16dff9713ba8950097ceb760b161e19907,Domains_SSE_PBE
2303,-4.929536739737584,-4.106309541811545,1.02,-0.193488962524,86dd3a804d78ca5d203ebf98747e8f16dff9713ba8950097ceb760b161e19907,Domains_SSE_PBE
2304,-4.930156583473868,-4.106309541811545,1.02,-0.193488962524,86dd3a804d78ca5d203ebf98747e8f16dff9713ba8950097ceb760b161e19907,Domains_SSE_PBE
2305,-4.930776537774371,-4.106309541811545,1.02,-0.193488962524,86dd3a804d78ca5d203ebf98747e8f16dff9713ba8950097ceb760b161e19907,Domains_SSE_PBE
2306,-4.93139660259251,-4.106309541811545,1.02,-0.193488962524,86dd3a804d78ca5d203ebf98747e8f16dff9713ba8950097ceb760b161e19907,Domains_SSE_PBE
2307,-4.932016777881751,-4.106309541811545,1.02,-0.193488962524,86dd3a804d78ca5d203ebf98747e8f16dff9713ba8950097ceb760b161e19907,Domains_SSE_PBE
2308,-4.932637063595587,-4.106309541811545,1.02,-0.193488962524,86dd3a804d78ca5d203ebf98747e8f16dff9713ba8950097ceb760b161e19907,Domains_SSE_PBE
2309,-4.933257459687556,-4.106309541811545,1.02,-0.193488962524,86dd3a804d78ca5d203ebf98747e8f16dff9713ba8950097ceb760b161e19907,Domains_SSE_PBE
2310,-4.933877966111231,-4.106309541811545,1.02,-0.193488962524,86dd3a804d78ca5d203ebf98747e8f16dff9713ba8950097ceb760b161e19907,Domains_SSE_PBE
2311,-4.934498582820226,-4.106309541811545,1.02,-0.193488962524,86dd3a804d78ca5d203ebf98747e8f16dff9713ba8950097ceb760b161e19907,Domains_SSE_PBE
2312,-4.935119309768194,-4.106309541811545,1.02,-0.193488962524,86dd3a804d78ca5d203ebf98747e8f16dff9713ba8950097ceb760b161e19907,Domains_SSE_PBE
2313,-4.935740146908823,-4.106309541811545,1.02,-0.193488962524,86dd3a804d78ca5d203ebf98747e8f16dff9713ba8950097ceb760b161e19907,Domains_SSE_PBE
2314,-4.936361094195842,-4.106309541811545,1.02,-0.193488962524,86dd3a804d78ca5d203ebf98747e8f16dff9713ba8950097ceb760b161e19907,Domains_SSE_PBE
2315,-4.936982151583017,-4.106309541811545,1.02,-0.193488962524,86dd3a804d78ca5d203ebf98747e8f16dff9713ba8950097ceb760b161e19907,Domains_SSE_PBE
2316,-4.937603319024154,-4.106309541811545,1.02,-0.193488962524,86dd3a804d78ca5d203ebf98747e8f16dff9713ba8950097ceb760b161e19907,Domains_SSE_PBE
2317,-4.938224596473095,-4.106309541811545,1.02,-0.193488962524,86dd3a804d78ca5d203ebf98747e8f16dff9713ba8950097ceb760b161e19907,Domains_SSE_PBE
2318,-4.938845983883721,-4.106309541811545,1.02,-0.193488962524,86dd3a804d78ca5d203ebf98747e8f16dff9713ba8950097ceb760b161e19907,Domains_SSE_PBE
2319,-4.939467481209951,-4.106309541811545,1.02,-0.193488962524,86dd3a804d78ca5d203ebf98747e8f16dff9713ba8950097ceb760b161e19907,Domains_SSE_PBE
2320,-4.940089088405744,-4.106309541811545,1.02,-0.193488962524,86dd3a804d78ca5d203ebf98747e8f16dff9713ba8950097ceb760b161e19907,Domains_SSE_PBE
2321,-4.940710805425092,-4.106309541811545,1.02,-0.193488962524,86dd3a804d78ca5d203ebf98747e8f16dff9713ba8950097ceb760b161e19907,Domains_SSE_PBE
2322,-4.941332632222031,-4.106309541811545,1.02,-0.193488962524,86dd3a804d78ca5d203ebf98747e8f16dff9713ba8950097ceb760b161e19907,Domains_SSE_PBE
2323,-4.941954568750631,-4.106309541811545,1.02,-0.193488962524,86dd3a804d78ca5d203ebf98747e8f16dff9713ba8950097ceb760b161e19907,Domains_SSE_PBE
2324,-4.942576614965001,-4.106309541811545,1.02,-0.193488962524,86dd3a804d78ca5d203ebf98747e8f16dff9713ba8950097ceb760b161e19907,Domains_SSE_PBE
2325,-4.943198770819285,-4.106309541811545,1.02,-0.193488962524,86dd3a804d78ca5d203ebf98747e8f16dff9713ba8950097ceb760b161e19907,Domains_SSE_PBE
2326,-4.943821036267672,-4.106309541811545,1.02,-0.193488962524,86dd3a804d78ca5d203ebf98747e8f16dff9713ba8950097ceb760b161e19907,Domains_SSE_PBE
2327,-4.944443411264381,-4.106309541811545,1.02,-0.193488962524,86dd3a804d78ca5d203ebf98747e8f16dff9713ba8950097ceb760b161e19907,Domains_SSE_PBE
2328,-4.945065895763674,-4.106309541811545,1.02,-0.193488962524,86dd3a804d78ca5d203ebf98747e8f16dff9713ba8950097ceb760b161e19907,Domains_SSE_PBE
2329,-4.945688489719847,-4.106309541811545,1.02,-0.193488962524,86dd3a804d78ca5d203ebf98747e8f16dff9713ba8950097ceb760b161e19907,Domains_SSE_PBE
2330,-4.946311193087234,-4.106309541811545,1.02,-0.193488962524,86dd3a804d78ca5d203ebf98747e8f16dff9713ba8950097ceb760b161e19907,Domains_SSE_PBE
2331,-4.946934005820209,-4.106309541811545,1.02,-0.193488962524,86dd3a804d78ca5d203ebf98747e8f16dff9713ba8950097ceb760b161e19907,Domains_SSE_PBE
2332,-4.947556927873181,-4.106309541811545,1.02,-0.193488962524,86dd3a804d78ca5d203ebf98747e8f16dff9713ba8950097ceb760b161e19907,Domains_SSE_PBE
2333,-4.9481799592006,-4.106309541811545,1.02,-0.193488962524,86dd3a804d78ca5d203ebf98747e8f16dff9713ba8950097ceb760b161e19907,Domains_SSE_PBE
2334,-4.948803099756948,-4.106309541811545,1.02,-0.193488962524,86dd3a804d78ca5d203ebf98747e8f16dff9713ba8950097ceb760b161e19907,Domains_SSE_PBE
2335,-4.949426349496749,-4.106309541811545,1.02,-0.193488962524,86dd3a804d78ca5d203ebf98747e8f16dff9713ba8950097ceb760b161e19907,Domains_SSE_PBE
2336,-4.950049708374561,-4.106309541811545,1.02,-0.193488962524,86dd3a804d78ca5d203ebf98747e8f16dff9713ba8950097ceb760b161e19907,Domains_SSE_PBE
2337,-4.950673176344981,-4.106309541811545,1.02,-0.193488962524,86dd3a804d78ca5d203ebf98747e8f16dff9713ba8950097ceb760b161e19907,Domains_SSE_PBE
2338,-4.951296753362645,-4.106309541811545,1.02,-0.193488962524,86dd3a804d78ca5d203ebf98747e8f16dff9713ba8950097ceb760b161e19907,Domains_SSE_PBE
2339,-4.951920439382222,-4.106309541811545,1.02,-0.193488962524,86dd3a804d78ca5d203ebf98747e8f16dff9713ba8950097ceb760b161e19907,Domains_SSE_PBE
2340,-4.952544234358421,-4.106309541811545,1.02,-0.193488962524,86dd3a804d78ca5d203ebf98747e8f16dff9713ba8950097ceb760b161e19907,Domains_SSE_PBE
2341,-4.953168138245986,-4.106309541811545,1.02,-0.193488962524,86dd3a804d78ca5d203ebf98747e8f16dff9713ba8950097ceb760b161e19907,Domains_SSE_PBE
2342,-4.953792150999702,-4.106309541811545,1.02,-0.193488962524,86dd3a804d78ca5d203ebf98747e8f16dff9713ba8950097ceb760b161e19907,Domains_SSE_PBE
2343,-4.954416272574385,-4.106309541811545,1.02,-0.193488962524,86dd3a804d78ca5d203ebf98747e8f16dff9713ba8950097ceb760b161e19907,Domains_SSE_PBE
2344,-4.955040502924895,-4.106309541811545,1.02,-0.193488962524,86dd3a804d78ca5d203ebf98747e8f16dff9713ba8950097ceb760b161e19907,Domains_SSE_PBE
2345,-4.955664842006123,-4.106309541811545,1.02,-0.193488962524,86dd3a804d78ca5d203ebf98747e8f16dff9713ba8950097ceb760b161e19907,Domains_SSE_PBE
2346,-4.956289289773,-4.106309541811545,1.02,-0.193488962524,86dd3a804d78ca5d203ebf98747e8f16dff9713ba8950097ceb760b161e19907,Domains_SSE_PBE
2347,-4.956913846180492,-4.106309541811545,1.02,-0.193488962524,86dd3a804d78ca5d203ebf98747e8f16dff9713ba8950097ceb760b161e19907,Domains_SSE_PBE
2348,-4.957538511183603,-4.106309541811545,1.02,-0.193488962524,86dd3a804d78ca5d203ebf98747e8f16dff9713ba8950097ceb760b161e19907,Domains_SSE_PBE
2349,-4.958163284737373,-4.106309541811545,1.02,-0.193488962524,86dd3a804d78ca5d203ebf98747e8f16dff9713ba8950097ceb760b161e19907,Domains_SSE_PBE
2350,-4.958788166796881,-4.106309541811545,1.02,-0.193488962524,86dd3a804d78ca5d203ebf98747e8f16dff9713ba8950097ceb760b161e19907,Domains_SSE_PBE
2351,-4.959413157317238,-4.106309541811545,1.02,-0.193488962524,86dd3a804d78ca5d203ebf98747e8f16dff9713ba8950097ceb760b161e19907,Domains_SSE_PBE
2352,-4.960038256253595,-4.106309541811545,1.02,-0.193488962524,86dd3a804d78ca5d203ebf98747e8f16dff9713ba8950097ceb760b161e19907,Domains_SSE_PBE
2353,-4.96066346356114,-4.106309541811545,1.02,-0.193488962524,86dd3a804d78ca5d203ebf98747e8f16dff9713ba8950097ceb760b161e19907,Domains_SSE_PBE
2354,-4.961288779195096,-4.106309541811545,1.02,-0.193488962524,86dd3a804d78ca5d203ebf98747e8f16dff9713ba8950097ceb760b161e19907,Domains_SSE_PBE
2355,-4.96191420311072,-4.106309541811545,1.02,-0.193488962524,86dd3a804d78ca5d203ebf98747e8f16dff9713ba8950097ceb760b161e19907,Domains_SSE_PBE
2356,-4.962539735263313,-4.106309541811545,1.02,-0.193488962524,86dd3a804d78ca5d203ebf98747e8f16dff9713ba8950097ceb760b161e19907,Domains_SSE_PBE
2357,-4.963165375608202,-4.106309541811545,1.02,-0.193488962524,86dd3a804d78ca5d203ebf98747e8f16dff9713ba8950097ceb760b161e19907,Domains_SSE_PBE
2358,-4.963791124100761,-4.106309541811545,1.02,-0.193488962524,86dd3a804d78ca5d203ebf98747e8f16dff9713ba8950097ceb760b161e19907,Domains_SSE_PBE
2359,-4.964416980696393,-4.106309541811545,1.02,-0.193488962524,86dd3a804d78ca5d203ebf98747e8f16dff9713ba8950097ceb760b161e19907,Domains_SSE_PBE
2360,-4.965042945350539,-4.106309541811545,1.02,-0.193488962524,86dd3a804d78ca5d203ebf98747e8f16dff9713ba8950097ceb760b161e19907,Domains_SSE_PBE
2361,-4.965669018018677,-4.106309541811545,1.02,-0.193488962524,86dd3a804d78ca5d203ebf98747e8f16dff9713ba8950097ceb760b161e19907,Domains_SSE_PBE
2362,-4.96629519865632,-4.106309541811545,1.02,-0.193488962524,86dd3a804d78ca5d203ebf98747e8f16dff9713ba8950097ceb760b161e19907,Domains_SSE_PBE
2363,-4.96692148721902,-4.106309541811545,1.02,-0.193488962524,86dd3a804d78ca5d203ebf98747e8f16dff9713ba8950097ceb760b161e19907,Domains_SSE_PBE
2364,-4.967547883662361,-4.106309541811545,1.02,-0.193488962524,86dd3a804d78ca5d203ebf98747e8f16dff9713ba8950097ceb760b161e19907,Domains_SSE_PBE
2365,-4.968174387941964,-4.106309541811545,1.02,-0.193488962524,86dd3a804d78ca5d203ebf98747e8f16dff9713ba8950097ceb760b161e19907,Domains_SSE_PBE
2366,-4.968801000013489,-4.106309541811545,1.02,-0.193488962524,86dd3a804d78ca5d203ebf98747e8f16dff9713ba8950097ceb760b161e19907,Domains_SSE_PBE
2367,-4.96942771983263,-4.106309541811545,1.02,-0.193488962524,86dd3a804d78ca5d203ebf98747e8f16dff9713ba8950097ceb760b161e19907,Domains_SSE_PBE
2368,-4.970054547355114,-4.106309541811545,1.02,-0.193488962524,86dd3a804d78ca5d203ebf98747e8f16dff9713ba8950097ceb760b161e19907,Domains_SSE_PBE
2369,-4.970681482536712,-4.106309541811545,1.02,-0.193488962524,86dd3a804d78ca5d203ebf98747e8f16dff9713ba8950097ceb760b161e19907,Domains_SSE_PBE
2370,-4.971308525333219,-4.106309541811545,1.02,-0.193488962524,86dd3a804d78ca5d203ebf98747e8f16dff9713ba8950097ceb760b161e19907,Domains_SSE_PBE
2371,-4.971935675700475,-4.106309541811545,1.02,-0.193488962524,86dd3a804d78ca5d203ebf98747e8f16dff9713ba8950097ceb760b161e19907,Domains_SSE_PBE
2372,-4.972562933594354,-4.106309541811545,1.02,-0.193488962524,86dd3a804d78ca5d203ebf98747e8f16dff9713ba8950097ceb760b161e19907,Domains_SSE_PBE
2373,-4.973190298970763,-4.106309541811545,1.02,-0.193488962524,86dd3a804d78ca5d203ebf98747e8f16dff9713ba8950097ceb760b161e19907,Domains_SSE_PBE
2374,-4.973817771785646,-4.106309541811545,1.02,-0.193488962524,86dd3a804d78ca5d203ebf98747e8f16dff9713ba8950097ceb760b161e19907,Domains_SSE_PBE
2375,-4.974445351994984,-4.106309541811545,1.02,-0.193488962524,86dd3a804d78ca5d203ebf98747e8f16dff9713ba8950097ceb760b161e19907,Domains_SSE_PBE
2376,-4.975073039554793,-4.106309541811545,1.02,-0.193488962524,86dd3a804d78ca5d203ebf98747e8f16dff9713ba8950097ceb760b161e19907,Domains_SSE_PBE
2377,-4.975700834421121,-4.106309541811545,1.02,-0.193488962524,86dd3a804d78ca5d203ebf98747e8f16dff9713ba8950097ceb760b161e19907,Domains_SSE_PBE
2378,-4.976328736550056,-4.106309541811545,1.02,-0.193488962524,86dd3a804d78ca5d203ebf98747e8f16dff9713ba8950097ceb760b161e19907,Domains_SSE_PBE
2379,-4.976956745897721,-4.106309541811545,1.02,-0.193488962524,86dd3a804d78ca5d203ebf98747e8f16dff9713ba8950097ceb760b161e19907,Domains_SSE_PBE
2380,-4.977584862420271,-4.106309541811545,1.02,-0.193488962524,86dd3a804d78ca5d203ebf98747e8f16dff9713ba8950097ceb760b161e19907,Domains_SSE_PBE
2381,-4.978213086073898,-4.106309541811545,1.02,-0.193488962524,86dd3a804d78ca5d203ebf98747e8f16dff9713ba8950097ceb760b161e19907,Domains_SSE_PBE
2382,-4.978841416814833,-4.106309541811545,1.02,-0.193488962524,86dd3a804d78ca5d203ebf98747e8f16dff9713ba8950097ceb760b161e19907,Domains_SSE_PBE
2383,-4.979469854599337,-4.106309541811545,1.02,-0.193488962524,86dd3a804d78ca5d203ebf98747e8f16dff9713ba8950097ceb760b161e19907,Domains_SSE_PBE
2384,-4.980098399383706,-4.106309541811545,1.02,-0.193488962524,86dd3a804d78ca5d203ebf98747e8f16dff9713ba8950097ceb760b161e19907,Domains_SSE_PBE
2385,-4.980727051124278,-4.106309541811545,1.02,-0.193488962524,86dd3a804d78ca5d203ebf98747e8f16dff9713ba8950097ceb760b161e19907,Domains_SSE_PBE
2386,-4.981355809777418,-4.106309541811545,1.02,-0.193488962524,86dd3a804d78ca5d203ebf98747e8f16dff9713ba8950097ceb760b161e19907,Domains_SSE_PBE
2387,-4.981984675299531,-4.106309541811545,1.02,-0.193488962524,86dd3a804d78ca5d203ebf98747e8f16dff9713ba8950097ceb760b161e19907,Domains_SSE_PBE
2388,-4.982613647647055,-4.106309541811545,1.02,-0.193488962524,86dd3a804d78ca5d203ebf98747e8f16dff9713ba8950097ceb760b161e19907,Domains_SSE_PBE
2389,-4.983242726776465,-4.106309541811545,1.02,-0.193488962524,86dd3a804d78ca5d203ebf98747e8f16dff9713ba8950097ceb760b161e19907,Domains_SSE_PBE
2390,-4.983871912644268,-4.106309541811545,1.02,-0.193488962524,86dd3a804d78ca5d203ebf98747e8f16dff9713ba8950097ceb760b161e19907,Domains_SSE_PBE
2391,-4.984501205207009,-4.106309541811545,1.02,-0.193488962524,86dd3a804d78ca5d203ebf98747e8f16dff9713ba8950097ceb760b161e19907,Domains_SSE_PBE
2392,-4.985130604421265,-4.106309541811545,1.02,-0.193488962524,86dd3a804d78ca5d203ebf98747e8f16dff9713ba8950097ceb760b161e19907,Domains_SSE_PBE
2393,-4.985760110243649,-4.106309541811545,1.02,-0.193488962524,86dd3a804d78ca5d203ebf98747e8f16dff9713ba8950097ceb760b161e19907,Domains_SSE_PBE
2394,-4.986389722630811,-4.106309541811545,1.02,-0.193488962524,86dd3a804d78ca5d203ebf98747e8f16dff9713ba8950097ceb760b161e19907,Domains_SSE_PBE
2395,-4.987019441539433,-4.106309541811545,1.02,-0.193488962524,86dd3a804d78ca5d203ebf98747e8f16dff9713ba8950097ceb760b161e19907,Domains_SSE_PBE
2396,-4.987649266926232,-4.106309541811545,1.02,-0.193488962524,86dd3a804d78ca5d203ebf98747e8f16dff9713ba8950097ceb760b161e19907,Domains_SSE_PBE
2397,-4.988279198747961,-4.106309541811545,1.02,-0.193488962524,86dd3a804d78ca5d203ebf98747e8f16dff9713ba8950097ceb760b161e19907,Domains_SSE_PBE
2398,-4.988909236961406,-4.106309541811545,1.02,-0.193488962524,86dd3a804d78ca5d203ebf98747e8f16dff9713ba8950097ceb760b161e19907,Domains_SSE_PBE
2399,-4.989539381523389,-4.106309541811545,1.02,-0.193488962524,86dd3a804d78ca5d203ebf98747e8f16dff9713ba8950097ceb760b161e19907,Domains_SSE_PBE
2400,-4.990169632390765,-4.106309541811545,1.02,-0.193488962524,86dd3a804d78ca5d203ebf98747e8f16dff9713ba8950097ceb760b161e19907,Domains_SSE_PBE
2401,-4.990799989520426,-4.106309541811545,1.02,-0.193488962524,86dd3a804d78ca5d203ebf98747e8f16dff9713ba8950097ceb760b161e19907,Domains_SSE_PBE
2402,-4.991430452869296,-4.106309541811545,1.02,-0.193488962524,86dd3a804d78ca5d203ebf98747e8f16dff9713ba8950097ceb760b161e19907,Domains_SSE_PBE
2403,-4.992061022394335,-4.106309541811545,1.02,-0.193488962524,86dd3a804d78ca5d203ebf98747e8f16dff9713ba8950097ceb760b161e19907,Domains_SSE_PBE
2404,-4.992691698052536,-4.106309541811545,1.02,-0.193488962524,86dd3a804d78ca5d203ebf98747e8f16dff9713ba8950097ceb760b161e19907,Domains_SSE_PBE
2405,-4.993322479800928,-4.106309541811545,1.02,-0.193488962524,86dd3a804d78ca5d203ebf98747e8f16dff9713ba8950097ceb760b161e19907,Domains_SSE_PBE
2406,-4.993953367596573,-4.106309541811545,1.02,-0.193488962524,86dd3a804d78ca5d203ebf98747e8f16dff9713ba8950097ceb760b161e19907,Domains_SSE_PBE
2407,-4.994584361396567,-4.106309541811545,1.02,-0.193488962524,86dd3a804d78ca5d203ebf98747e8f16dff9713ba8950097ceb760b161e19907,Domains_SSE_PBE
2408,-4.995215461158043,-4.106309541811545,1.02,-0.193488962524,86dd3a804d78ca5d203ebf98747e8f16dff9713ba8950097ceb760b161e19907,Domains_SSE_PBE
2409,-4.995846666838163,-4.106309541811545,1.02,-0.193488962524,86dd3a804d78ca5d203ebf98747e8f16dff9713ba8950097ceb760b161e19907,Domains_SSE_PBE
2410,-4.996477978394129,-4.106309541811545,1.02,-0.193488962524,86dd3a804d78ca5d203ebf98747e8f16dff9713ba8950097ceb760b161e19907,Domains_SSE_PBE
2411,-4.997109395783172,-4.106309541811545,1.02,-0.193488962524,86dd3a804d78ca5d203ebf98747e8f16dff9713ba8950097ceb760b161e19907,Domains_SSE_PBE
2412,-4.997740918962561,-4.106309541811545,1.02,-0.193488962524,86dd3a804d78ca5d203ebf98747e8f16dff9713ba8950097ceb760b161e19907,Domains_SSE_PBE
2413,-4.998372547889598,-4.106309541811545,1.02,-0.193488962524,86dd3a804d78ca5d203ebf98747e8f16dff9713ba8950097ceb760b161e19907,Domains_SSE_PBE
2414,-4.999004282521618,-4.106309541811545,1.02,-0.193488962524,86dd3a804d78ca5d203ebf98747e8f16dff9713ba8950097ceb760b161e19907,Domains_SSE_PBE
2415,-4.999636122815988,-4.106309541811545,1.02,-0.193488962524,86dd3a804d78ca5d203ebf98747e8f16dff9713ba8950097ceb760b161e19907,Domains_SSE_PBE
2416,-5.000268068730115,-4.106309541811545,1.02,-0.193488962524,86dd3a804d78ca5d203ebf98747e8f16dff9713ba8950097ceb760b161e19907,Domains_SSE_PBE
2417,-5.000900120221434,-4.106309541811545,1.02,-0.193488962524,86dd3a804d78ca5d203ebf98747e8f16dff9713ba8950097ceb760b161e19907,Domains_SSE_PBE
2418,-5.001532277247415,-4.106309541811545,1.02,-0.193488962524,86dd3a804d78ca5d203ebf98747e8f16dff9713ba8950097ceb760b161e19907,Domains_SSE_PBE
2419,-5.002164539765566,-4.106309541811545,1.02,-0.193488962524,86dd3a804d78ca5d203ebf98747e8f16dff9713ba8950097ceb760b161e19907,Domains_SSE_PBE
2420,-5.002796907733423,-4.106309541811545,1.02,-0.193488962524,86dd3a804d78ca5d203ebf98747e8f16dff9713ba8950097ceb760b161e19907,Domains_SSE_PBE
2421,-5.003429381108559,-4.106309541811545,1.02,-0.193488962524,86dd3a804d78ca5d203ebf98747e8f16dff9713ba8950097ceb760b161e19907,Domains_SSE_PBE
2422,-5.004061959848578,-4.106309541811545,1.02,-0.193488962524,86dd3a804d78ca5d203ebf98747e8f16dff9713ba8950097ceb760b161e19907,Domains_SSE_PBE
2423,-5.004694643911123,-4.106309541811545,1.02,-0.193488962524,86dd3a804d78ca5d203ebf98747e8f16dff9713ba8950097ceb760b161e19907,Domains_SSE_PBE
2424,-5.005327433253865,-4.106309541811545,1.02,-0.193488962524,86dd3a804d78ca5d203ebf98747e8f16dff9713ba8950097ceb760b161e19907,Domains_SSE_PBE
2425,-5.005960327834511,-4.106309541811545,1.02,-0.193488962524,86dd3a804d78ca5d203ebf98747e8f16dff9713ba8950097ceb760b161e19907,Domains_SSE_PBE
2426,-5.0065933276108,-4.106309541811545,1.02,-0.193488962524,86dd3a804d78ca5d203ebf98747e8f16dff9713ba8950097ceb760b161e19907,Domains_SSE_PBE
2427,-5.007226432540508,-4.106309541811545,1.02,-0.193488962524,86dd3a804d78ca5d203ebf98747e8f16dff9713ba8950097ceb760b161e19907,Domains_SSE_PBE
2428,-5.00785964258144,-4.106309541811545,1.02,-0.193488962524,86dd3a804d78ca5d203ebf98747e8f16dff9713ba8950097ceb760b161e19907,Domains_SSE_PBE
2429,-5.008492957691437,-4.106309541811545,1.02,-0.193488962524,86dd3a804d78ca5d203ebf98747e8f16dff9713ba8950097ceb760b161e19907,Domains_SSE_PBE
2430,-5.009126377828373,-4.106309541811545,1.02,-0.193488962524,86dd3a804d78ca5d203ebf98747e8f16dff9713ba8950097ceb760b161e19907,Domains_SSE_PBE
2431,-5.009759902950154,-4.106309541811545,1.02,-0.193488962524,86dd3a804d78ca5d203ebf98747e8f16dff9713ba8950097ceb760b161e19907,Domains_SSE_PBE
2432,-5.010393533014723,-4.106309541811545,1.02,-0.193488962524,86dd3a804d78ca5d203ebf98747e8f16dff9713ba8950097ceb760b161e19907,Domains_SSE_PBE
2433,-5.011027267980052,-4.106309541811545,1.02,-0.193488962524,86dd3a804d78ca5d203ebf98747e8f16dff9713ba8950097ceb760b161e19907,Domains_SSE_PBE
2434,-5.011661107804147,-4.106309541811545,1.02,-0.193488962524,86dd3a804d78ca5d203ebf98747e8f16dff9713ba8950097ceb760b161e19907,Domains_SSE_PBE
2435,-5.012295052445048,-4.106309541811545,1.02,-0.193488962524,86dd3a804d78ca5d203ebf98747e8f16dff9713ba8950097ceb760b161e19907,Domains_SSE_PBE
2436,-5.012929101860831,-4.106309541811545,1.02,-0.193488962524,86dd3a804d78ca5d203ebf98747e8f16dff9713ba8950097ceb760b161e19907,Domains_SSE_PBE
2437,-5.013563256009599,-4.106309541811545,1.02,-0.193488962524,86dd3a804d78ca5d203ebf98747e8f16dff9713ba8950097ceb760b161e19907,Domains_SSE_PBE
2438,-5.014197514849491,-4.106309541811545,1.02,-0.193488962524,86dd3a804d78ca5d203ebf98747e8f16dff9713ba8950097ceb760b161e19907,Domains_SSE_PBE
2439,-5.014831878338683,-4.106309541811545,1.02,-0.193488962524,86dd3a804d78ca5d203ebf98747e8f16dff9713ba8950097ceb760b161e19907,Domains_SSE_PBE
2440,-5.015466346435375,-4.106309541811545,1.02,-0.193488962524,86dd3a804d78ca5d203ebf98747e8f16dff9713ba8950097ceb760b161e19907,Domains_SSE_PBE
2441,-5.016100919097808,-4.106309541811545,1.02,-0.193488962524,86dd3a804d78ca5d203ebf98747e8f16dff9713ba8950097ceb760b161e19907,Domains_SSE_PBE
2442,-5.016735596284255,-4.106309541811545,1.02,-0.193488962524,86dd3a804d78ca5d203ebf98747e8f16dff9713ba8950097ceb760b161e19907,Domains_SSE_PBE
2443,-5.017370377953015,-4.106309541811545,1.02,-0.193488962524,86dd3a804d78ca5d203ebf98747e8f16dff9713ba8950097ceb760b161e19907,Domains_SSE_PBE
2444,-5.018005264062428,-4.106309541811545,1.02,-0.193488962524,86dd3a804d78ca5d203ebf98747e8f16dff9713ba8950097ceb760b161e19907,Domains_SSE_PBE
2445,-5.018640254570862,-4.106309541811545,1.02,-0.193488962524,86dd3a804d78ca5d203ebf98747e8f16dff9713ba8950097ceb760b161e19907,Domains_SSE_PBE
2446,-5.019275349436721,-4.106309541811545,1.02,-0.193488962524,86dd3a804d78ca5d203ebf98747e8f16dff9713ba8950097ceb760b161e19907,Domains_SSE_PBE
2447,-5.019910548618438,-4.106309541811545,1.02,-0.193488962524,86dd3a804d78ca5d203ebf98747e8f16dff9713ba8950097ceb760b161e19907,Domains_SSE_PBE
2448,-5.020545852074481,-4.106309541811545,1.02,-0.193488962524,86dd3a804d78ca5d203ebf98747e8f16dff9713ba8950097ceb760b161e19907,Domains_SSE_PBE
2449,-5.021181259763349,-4.106309541811545,1.02,-0.193488962524,86dd3a804d78ca5d203ebf98747e8f16dff9713ba8950097ceb760b161e19907,Domains_SSE_PBE
2450,-5.021816771643578,-4.106309541811545,1.02,-0.193488962524,86dd3a804d78ca5d203ebf98747e8f16dff9713ba8950097ceb760b161e19907,Domains_SSE_PBE
2451,-5.022452387673731,-4.106309541811545,1.02,-0.193488962524,86dd3a804d78ca5d203ebf98747e8f16dff9713ba8950097ceb760b161e19907,Domains_SSE_PBE
2452,-5.023088107812404,-4.106309541811545,1.02,-0.193488962524,86dd3a804d78ca5d203ebf98747e8f16dff9713ba8950097ceb760b161e19907,Domains_SSE_PBE
2453,-5.023723932018231,-4.106309541811545,1.02,-0.193488962524,86dd3a804d78ca5d203ebf98747e8f16dff9713ba8950097ceb760b161e19907,Domains_SSE_PBE
2454,-5.024359860249872,-4.106309541811545,1.02,-0.193488962524,86dd3a804d78ca5d203ebf98747e8f16dff9713ba8950097ceb760b161e19907,Domains_SSE_PBE
2455,-5.024995892466023,-4.106309541811545,1.02,-0.193488962524,86dd3a804d78ca5d203ebf98747e8f16dff9713ba8950097ceb760b161e19907,Domains_SSE_PBE
2456,-5.025632028625411,-4.106309541811545,1.02,-0.193488962524,86dd3a804d78ca5d203ebf98747e8f16dff9713ba8950097ceb760b161e19907,Domains_SSE_PBE
2457,-5.026268268686797,-4.106309541811545,1.02,-0.193488962524,86dd3a804d78ca5d203ebf98747e8f16dff9713ba8950097ceb760b161e19907,Domains_SSE_PBE
2458,-5.026904612608972,-4.106309541811545,1.02,-0.193488962524,86dd3a804d78ca5d203ebf98747e8f16dff9713ba8950097ceb760b161e19907,Domains_SSE_PBE
2459,-5.02754106035076,-4.106309541811545,1.02,-0.193488962524,86dd3a804d78ca5d203ebf98747e8f16dff9713ba8950097ceb760b161e19907,Domains_SSE_PBE
2460,-5.028177611871018,-4.106309541811545,1.02,-0.193488962524,86dd3a804d78ca5d203ebf98747e8f16dff9713ba8950097ceb760b161e19907,Domains_SSE_PBE
2461,-5.028814267128635,-4.106309541811545,1.02,-0.193488962524,86dd3a804d78ca5d203ebf98747e8f16dff9713ba8950097ceb760b161e19907,Domains_SSE_PBE
2462,-5.029451026082532,-4.106309541811545,1.02,-0.193488962524,86dd3a804d78ca5d203ebf98747e8f16dff9713ba8950097ceb760b161e19907,Domains_SSE_PBE
2463,-5.030087888691659,-4.106309541811545,1.02,-0.193488962524,86dd3a804d78ca5d203ebf98747e8f16dff9713ba8950097ceb760b161e19907,Domains_SSE_PBE
2464,-5.030724854915004,-4.106309541811545,1.02,-0.193488962524,86dd3a804d78ca5d203ebf98747e8f16dff9713ba8950097ceb760b161e19907,Domains_SSE_PBE
2465,-5.031361924711584,-4.106309541811545,1.02,-0.193488962524,86dd3a804d78ca5d203ebf98747e8f16dff9713ba8950097ceb760b161e19907,Domains_SSE_PBE
2466,-5.031999098040446,-4.106309541811545,1.02,-0.193488962524,86dd3a804d78ca5d203ebf98747e8f16dff9713ba8950097ceb760b161e19907,Domains_SSE_PBE
2467,-5.032636374860672,-4.106309541811545,1.02,-0.193488962524,86dd3a804d78ca5d203ebf98747e8f16dff9713ba8950097ceb760b161e19907,Domains_SSE_PBE
2468,-5.033273755131375,-4.106309541811545,1.02,-0.193488962524,86dd3a804d78ca5d203ebf98747e8f16dff9713ba8950097ceb760b161e19907,Domains_SSE_PBE
2469,-5.033911238811699,-4.106309541811545,1.02,-0.193488962524,86dd3a804d78ca5d203ebf98747e8f16dff9713ba8950097ceb760b161e19907,Domains_SSE_PBE
2470,-5.034548825860822,-4.106309541811545,1.02,-0.193488962524,86dd3a804d78ca5d203ebf98747e8f16dff9713ba8950097ceb760b161e19907,Domains_SSE_PBE
2471,-5.03518651623795,-4.106309541811545,1.02,-0.193488962524,86dd3a804d78ca5d203ebf98747e8f16dff9713ba8950097ceb760b161e19907,Domains_SSE_PBE
2472,-5.035824309902324,-4.106309541811545,1.02,-0.193488962524,86dd3a804d78ca5d203ebf98747e8f16dff9713ba8950097ceb760b161e19907,Domains_SSE_PBE
2473,-5.036462206813217,-4.106309541811545,1.02,-0.193488962524,86dd3a804d78ca5d203ebf98747e8f16dff9713ba8950097ceb760b161e19907,Domains_SSE_PBE
2474,-5.037100206929931,-4.106309541811545,1.02,-0.193488962524,86dd3a804d78ca5d203ebf98747e8f16dff9713ba8950097ceb760b161e19907,Domains_SSE_PBE
2475,-5.037738310211802,-4.106309541811545,1.02,-0.193488962524,86dd3a804d78ca5d203ebf98747e8f16dff9713ba8950097ceb760b161e19907,Domains_SSE_PBE
2476,-5.038376516618196,-4.106309541811545,1.02,-0.193488962524,86dd3a804d78ca5d203ebf98747e8f16dff9713ba8950097ceb760b161e19907,Domains_SSE_PBE
2477,-5.039014826108513,-4.106309541811545,1.02,-0.193488962524,86dd3a804d78ca5d203ebf98747e8f16dff9713ba8950097ceb760b161e19907,Domains_SSE_PBE
2478,-5.03965323864218,-4.106309541811545,1.02,-0.193488962524,86dd3a804d78ca5d203ebf98747e8f16dff9713ba8950097ceb760b161e19907,Domains_SSE_PBE
2479,-5.040291754178662,-4.106309541811545,1.02,-0.193488962524,86dd3a804d78ca5d203ebf98747e8f16dff9713ba8950097ceb760b161e19907,Domains_SSE_PBE
2480,-5.040930372677449,-4.106309541811545,1.02,-0.193488962524,86dd3a804d78ca5d203ebf98747e8f16dff9713ba8950097ceb760b161e19907,Domains_SSE_PBE
2481,-5.041569094098067,-4.106309541811545,1.02,-0.193488962524,86dd3a804d78ca5d203ebf98747e8f16dff9713ba8950097ceb760b161e19907,Domains_SSE_PBE
2482,-5.04220791840007,-4.106309541811545,1.02,-0.193488962524,86dd3a804d78ca5d203ebf98747e8f16dff9713ba8950097ceb760b161e19907,Domains_SSE_PBE
2483,-5.042846845543046,-4.106309541811545,1.02,-0.193488962524,86dd3a804d78ca5d203ebf98747e8f16dff9713ba8950097ceb760b161e19907,Domains_SSE_PBE
2484,-5.043485875486615,-4.106309541811545,1.02,-0.193488962524,86dd3a804d78ca5d203ebf98747e8f16dff9713ba8950097ceb760b161e19907,Domains_SSE_PBE
2485,-5.044125008190425,-4.106309541811545,1.02,-0.193488962524,86dd3a804d78ca5d203ebf98747e8f16dff9713ba8950097ceb760b161e19907,Domains_SSE_PBE
2486,-5.044764243614156,-4.106309541811545,1.02,-0.193488962524,86dd3a804d78ca5d203ebf98747e8f16dff9713ba8950097ceb760b161e19907,Domains_SSE_PBE
2487,-5.045403581717522,-4.106309541811545,1.02,-0.193488962524,86dd3a804d78ca5d203ebf98747e8f16dff9713ba8950097ceb760b161e19907,Domains_SSE_PBE
2488,-5.046043022460266,-4.106309541811545,1.02,-0.193488962524,86dd3a804d78ca5d203ebf98747e8f16dff9713ba8950097ceb760b161e19907,Domains_SSE_PBE
2489,-5.046682565802162,-4.106309541811545,1.02,-0.193488962524,86dd3a804d78ca5d203ebf98747e8f16dff9713ba8950097ceb760b161e19907,Domains_SSE_PBE
2490,-5.047322211703015,-4.106309541811545,1.02,-0.193488962524,86dd3a804d78ca5d203ebf98747e8f16dff9713ba8950097ceb760b161e19907,Domains_SSE_PBE
2491,-5.047961960122665,-4.106309541811545,1.02,-0.193488962524,86dd3a804d78ca5d203ebf98747e8f16dff9713ba8950097ceb760b161e19907,Domains_SSE_PBE
2492,-5.048601811020974,-4.106309541811545,1.02,-0.193488962524,86dd3a804d78ca5d203ebf98747e8f16dff9713ba8950097ceb760b161e19907,Domains_SSE_PBE
2493,-5.049241764357847,-4.106309541811545,1.02,-0.193488962524,86dd3a804d78ca5d203ebf98747e8f16dff9713ba8950097ceb760b161e19907,Domains_SSE_PBE
2494,-5.04988182009321,-4.106309541811545,1.02,-0.193488962524,86dd3a804d78ca5d203ebf98747e8f16dff9713ba8950097ceb760b161e19907,Domains_SSE_PBE
2495,-5.050521978187025,-4.106309541811545,1.02,-0.193488962524,86dd3a804d78ca5d203ebf98747e8f16dff9713ba8950097ceb760b161e19907,Domains_SSE_PBE
2496,-5.051162238599282,-4.106309541811545,1.02,-0.193488962524,86dd3a804d78ca5d203ebf98747e8f16dff9713ba8950097ceb760b161e19907,Domains_SSE_PBE
2497,-5.051802601290004,-4.106309541811545,1.02,-0.193488962524,86dd3a804d78ca5d203ebf98747e8f16dff9713ba8950097ceb760b161e19907,Domains_SSE_PBE
2498,-5.052443066219246,-4.106309541811545,1.02,-0.193488962524,86dd3a804d78ca5d203ebf98747e8f16dff9713ba8950097ceb760b161e19907,Domains_SSE_PBE
2499,-5.05308363334709,-4.106309541811545,1.02,-0.193488962524,86dd3a804d78ca5d203ebf98747e8f16dff9713ba8950097ceb760b161e19907,Domains_SSE_PBE
