T_K,F_QH_eV_per_atom,E_static_eV_per_atom,volume_scale,min_frequency_THz,checkpoint_sha256,head
851,-4.182926789437681,-4.103704646229744,1.02,-0.354003196531,86dd3a804d78ca5d203ebf98747e8f16dff9713ba8950097ceb760b161e19907,Domains_SSE_PBE
852,-4.183305027540404,-4.103704646229744,1.02,-0.354003196531,86dd3a804d78ca5d203ebf98747e8f16dff9713ba8950097ceb760b161e19907,Domains_SSE_PBE
853,-4.183683540523811,-4.103704646229744,1.02,-0.354003196531,86dd3a804d78ca5d203ebf98747e8f16dff9713ba8950097ceb760b161e19907,Domains_SSE_PBE
854,-4.184062328122971,-4.103704646229744,1.02,-0.354003196531,86dd3a804d78ca5d203ebf98747e8f16dff9713ba8950097ceb760b161e19907,Domains_SSE_PBE
855,-4.184441390073403,-4.103704646229744,1.02,-0.354003196531,86dd3a804d78ca5d203ebf98747e8f16dff9713ba8950097ceb760b161e19907,Domains_SSE_PBE
856,-4.184820726111084,-4.103704646229744,1.02,-0.354003196531,86dd3a804d78ca5d203ebf98747e8f16dff9713ba8950097ceb760b161e19907,Domains_SSE_PBE
857,-4.185200335972443,-4.103704646229744,1.02,-0.354003196531,86dd3a804d78ca5d203ebf98747e8f16dff9713ba8950097ceb760b161e19907,Domains_SSE_PBE
858,-4.185580219394364,-4.103704646229744,1.02,-0.354003196531,86dd3a804d78ca5d203ebf98747e8f16dff9713ba8950097ceb760b161e19907,Domains_SSE_PBE
859,-4.18596037611418,-4.103704646229744,1.02,-0.354003196531,86dd3a804d78ca5d203ebf98747e8f16dff9713ba8950097ceb760b161e19907,Domains_SSE_PBE
860,-4.186340805869679,-4.103704646229744,1.02,-0.354003196531,86dd3a804d78ca5d203ebf98747e8f16dff9713ba8950097ceb760b161e19907,Domains_SSE_PBE
861,-4.186721508399095,-4.103704646229744,1.02,-0.354003196531,86dd3a804d78ca5d203ebf98747e8f16dff9713ba8950097ceb760b161e19907,Domains_SSE_PBE
862,-4.187102483441113,-4.103704646229744,1.02,-0.354003196531,86dd3a804d78ca5d203ebf98747e8f16dff9713ba8950097ceb760b161e19907,Domains_SSE_PBE
863,-4.187483730734866,-4.103704646229744,1.02,-0.354003196531,86dd3a804d78ca5d203ebf98747e8f16dff9713ba8950097ceb760b161e19907,Domains_SSE_PBE
864,-4.187865250019932,-4.103704646229744,1.02,-0.354003196531,86dd3a804d78ca5d203ebf98747e8f16dff9713ba8950097ceb760b161e19907,Domains_SSE_PBE
865,-4.188247041036337,-4.103704646229744,1.02,-0.354003196531,86dd3a804d78ca5d203ebf98747e8f16dff9713ba8950097ceb760b161e19907,Domains_SSE_PBE
866,-4.188629103524553,-4.103704646229744,1.02,-0.354003196531,86dd3a804d78ca5d203ebf98747e8f16dff9713ba8950097ceb760b161e19907,Domains_SSE_PBE
867,-4.18901143722549,-4.103704646229744,1.02,-0.354003196531,86dd3a804d78ca5d203ebf98747e8f16dff9713ba8950097ceb760b161e19907,Domains_SSE_PBE
868,-4.18939404188051,-4.103704646229744,1.02,-0.354003196531,86dd3a804d78ca5d203ebf98747e8f16dff9713ba8950097ceb760b161e19907,Domains_SSE_PBE
869,-4.189776917231409,-4.103704646229744,1.02,-0.354003196531,86dd3a804d78ca5d203ebf98747e8f16dff9713ba8950097ceb760b161e19907,Domains_SSE_PBE
870,-4.190160063020429,-4.103704646229744,1.02,-0.354003196531,86dd3a804d78ca5d203ebf98747e8f16dff9713ba8950097ceb760b161e19907,Domains_SSE_PBE
871,-4.190543478990248,-4.103704646229744,1.02,-0.354003196531,86dd3a804d78ca5d203ebf98747e8f16dff9713ba8950097ceb760b161e19907,Domains_SSE_PBE
872,-4.190927164883988,-4.103704646229744,1.02,-0.354003196531,86dd3a804d78ca5d203ebf98747e8f16dff9713ba8950097ceb760b161e19907,Domains_SSE_PBE
873,-4.191311120445204,-4.103704646229744,1.02,-0.354003196531,86dd3a804d78ca5d203ebf98747e8f16dff9713ba8950097ceb760b161e19907,Domains_SSE_PBE
874,-4.191695345417893,-4.103704646229744,1.02,-0.354003196531,86dd3a804d78ca5d203ebf98747e8f16dff9713ba8950097ceb760b161e19907,Domains_SSE_PBE
875,-4.192079839546484,-4.103704646229744,1.02,-0.354003196531,86dd3a804d78ca5d203ebf98747e8f16dff9713ba8950097ceb760b161e19907,Domains_SSE_PBE
876,-4.192464602575844,-4.103704646229744,1.02,-0.354003196531,86dd3a804d78ca5d203ebf98747e8f16dff9713ba8950097ceb760b161e19907,Domains_SSE_PBE
877,-4.192849634251272,-4.103704646229744,1.02,-0.354003196531,86dd3a804d78ca5d203ebf98747e8f16dff9713ba8950097ceb760b161e19907,Domains_SSE_PBE
878,-4.193234934318503,-4.103704646229744,1.02,-0.354003196531,86dd3a804d78ca5d203ebf98747e8f16dff9713ba8950097ceb760b161e19907,Domains_SSE_PBE
879,-4.193620502523701,-4.103704646229744,1.02,-0.354003196531,86dd3a804d78ca5d203ebf98747e8f16dff9713ba8950097ceb760b161e19907,Domains_SSE_PBE
880,-4.194006338613465,-4.103704646229744,1.02,-0.354003196531,86dd3a804d78ca5d203ebf98747e8f16dff9713ba8950097ceb760b161e19907,Domains_SSE_PBE
881,-4.194392442334823,-4.103704646229744,1.02,-0.354003196531,86dd3a804d78ca5d203ebf98747e8f16dff9713ba8950097ceb760b161e19907,Domains_SSE_PBE
882,-4.194778813435229,-4.103704646229744,1.02,-0.354003196531,86dd3a804d78ca5d203ebf98747e8f16dff9713ba8950097ceb760b161e19907,Domains_SSE_PBE
883,-4.195165451662572,-4.103704646229744,1.02,-0.354003196531,86dd3a804d78ca5d203ebf98747e8f16dff9713ba8950097ceb760b161e19907,Domains_SSE_PBE
884,-4.195552356765162,-4.103704646229744,1.02,-0.354003196531,86dd3a804d78ca5d203ebf98747e8f16dff9713ba8950097ceb760b161e19907,Domains_SSE_PBE
885,-4.195939528491742,-4.103704646229744,1.02,-0.354003196531,86dd3a804d78ca5d203ebf98747e8f16dff9713ba8950097ceb760b161e19907,Domains_SSE_PBE
886,-4.196326966591474,-4.103704646229744,1.02,-0.354003196531,86dd3a804d78ca5d203ebf98747e8f16dff9713ba8950097ceb760b161e19907,Domains_SSE_PBE
887,-4.196714670813952,-4.103704646229744,1.02,-0.354003196531,86dd3a804d78ca5d203ebf98747e8f16dff9713ba8950097ceb760b161e19907,Domains_SSE_PBE
888,-4.197102640909187,-4.103704646229744,1.02,-0.354003196531,86dd3a804d78ca5d203ebf98747e8f16dff9713ba8950097ceb760b161e19907,Domains_SSE_PBE
889,-4.197490876627617,-4.103704646229744,1.02,-0.354003196531,86dd3a804d78ca5d203ebf98747e8f16dff9713ba8950097ceb760b161e19907,Domains_SSE_PBE
890,-4.197879377720101,-4.103704646229744,1.02,-0.354003196531,86dd3a804d78ca5d203ebf98747e8f16dff9713ba8950097ceb760b161e19907,Domains_SSE_PBE
891,-4.198268143937918,-4.103704646229744,1.02,-0.354003196531,86dd3a804d78ca5d203ebf98747e8f16dff9713ba8950097ceb760b161e19907,Domains_SSE_PBE
892,-4.198657175032769,-4.103704646229744,1.02,-0.354003196531,86dd3a804d78ca5d203ebf98747e8f16dff9713ba8950097ceb760b161e19907,Domains_SSE_PBE
893,-4.199046470756771,-4.103704646229744,1.02,-0.354003196531,86dd3a804d78ca5d203ebf98747e8f16dff9713ba8950097ceb760b161e19907,Domains_SSE_PBE
894,-4.199436030862464,-4.103704646229744,1.02,-0.354003196531,86dd3a804d78ca5d203ebf98747e8f16dff9713ba8950097ceb760b161e19907,Domains_SSE_PBE
895,-4.199825855102801,-4.103704646229744,1.02,-0.354003196531,86dd3a804d78ca5d203ebf98747e8f16dff9713ba8950097ceb760b161e19907,Domains_SSE_PBE
896,-4.200215943231153,-4.103704646229744,1.02,-0.354003196531,86dd3a804d78ca5d203ebf98747e8f16dff9713ba8950097ceb760b161e19907,Domains_SSE_PBE
897,-4.200606295001306,-4.103704646229744,1.02,-0.354003196531,86dd3a804d78ca5d203ebf98747e8f16dff9713ba8950097ceb760b161e19907,Domains_SSE_PBE
898,-4.200996910167461,-4.103704646229744,1.02,-0.354003196531,86dd3a804d78ca5d203ebf98747e8f16dff9713ba8950097ceb760b161e19907,Domains_SSE_PBE
899,-4.201387788484233,-4.103704646229744,1.02,-0.354003196531,86dd3a804d78ca5d203ebf98747e8f16dff9713ba8950097ceb760b161e19907,Domains_SSE_PBE
900,-4.20177892970665,-4.103704646229744,1.02,-0.354003196531,86dd3a804d78ca5d203ebf98747e8f16dff9713ba8950097ceb760b161e19907,Domains_SSE_PBE
901,-4.202170333590149,-4.103704646229744,1.02,-0.354003196531,86dd3a804d78ca5d203ebf98747e8f16dff9713ba8950097ceb760b161e19907,Domains_SSE_PBE
902,-4.202561999890582,-4.103704646229744,1.02,-0.354003196531,86dd3a804d78ca5d203ebf98747e8f16dff9713ba8950097ceb760b161e19907,Domains_SSE_PBE
903,-4.202953928364208,-4.103704646229744,1.02,-0.354003196531,86dd3a804d78ca5d203ebf98747e8f16dff9713ba8950097ceb760b161e19907,Domains_SSE_PBE
904,-4.203346118767696,-4.103704646229744,1.02,-0.354003196531,86dd3a804d78ca5d203ebf98747e8f16dff9713ba8950097ceb760b161e19907,Domains_SSE_PBE
905,-4.203738570858124,-4.103704646229744,1.02,-0.354003196531,86dd3a804d78ca5d203ebf98747e8f16dff9713ba8950097ceb760b161e19907,Domains_SSE_PBE
906,-4.204131284392975,-4.103704646229744,1.02,-0.354003196531,86dd3a804d78ca5d203ebf98747e8f16dff9713ba8950097ceb760b161e19907,Domains_SSE_PBE
907,-4.204524259130141,-4.103704646229744,1.02,-0.354003196531,86dd3a804d78ca5d203ebf98747e8f16dff9713ba8950097ceb760b161e19907,Domains_SSE_PBE
908,-4.204917494827919,-4.103704646229744,1.02,-0.354003196531,86dd3a804d78ca5d203ebf98747e8f16dff9713ba8950097ceb760b161e19907,Domains_SSE_PBE
909,-4.20531099124501,-4.103704646229744,1.02,-0.354003196531,86dd3a804d78ca5d203ebf98747e8f16dff9713ba8950097ceb760b161e19907,Domains_SSE_PBE
910,-4.205704748140517,-4.103704646229744,1.02,-0.354003196531,86dd3a804d78ca5d203ebf98747e8f16dff9713ba8950097ceb760b161e19907,Domains_SSE_PBE
911,-4.206098765273948,-4.103704646229744,1.02,-0.354003196531,86dd3a804d78ca5d203ebf98747e8f16dff9713ba8950097ceb760b161e19907,Domains_SSE_PBE
912,-4.206493042405214,-4.103704646229744,1.02,-0.354003196531,86dd3a804d78ca5d203ebf98747e8f16dff9713ba8950097ceb760b161e19907,Domains_SSE_PBE
913,-4.206887579294624,-4.103704646229744,1.02,-0.354003196531,86dd3a804d78ca5d203ebf98747e8f16dff9713ba8950097ceb760b161e19907,Domains_SSE_PBE
914,-4.20728237570289,-4.103704646229744,1.02,-0.354003196531,86dd3a804d78ca5d203ebf98747e8f16dff9713ba8950097ceb760b161e19907,Domains_SSE_PBE
915,-4.207677431391121,-4.103704646229744,1.02,-0.354003196531,86dd3a804d78ca5d203ebf98747e8f16dff9713ba8950097ceb760b161e19907,Domains_SSE_PBE
916,-4.208072746120827,-4.103704646229744,1.02,-0.354003196531,86dd3a804d78ca5d203ebf98747e8f16dff9713ba8950097ceb760b161e19907,Domains_SSE_PBE
917,-4.208468319653911,-4.103704646229744,1.02,-0.354003196531,86dd3a804d78ca5d203ebf98747e8f16dff9713ba8950097ceb760b161e19907,Domains_SSE_PBE
918,-4.208864151752679,-4.103704646229744,1.02,-0.354003196531,86dd3a804d78ca5d203ebf98747e8f16dff9713ba8950097ceb760b161e19907,Domains_SSE_PBE
919,-4.209260242179828,-4.103704646229744,1.02,-0.354003196531,86dd3a804d78ca5d203ebf98747e8f16dff9713ba8950097ceb760b161e19907,Domains_SSE_PBE
920,-4.209656590698451,-4.103704646229744,1.02,-0.354003196531,86dd3a804d78ca5d203ebf98747e8f16dff9713ba8950097ceb760b161e19907,Domains_SSE_PBE
921,-4.210053197072035,-4.103704646229744,1.02,-0.354003196531,86dd3a804d78ca5d203ebf98747e8f16dff9713ba8950097ceb760b161e19907,Domains_SSE_PBE
922,-4.210450061064463,-4.103704646229744,1.02,-0.354003196531,86dd3a804d78ca5d203ebf98747e8f16dff9713ba8950097ceb760b161e19907,Domains_SSE_PBE
923,-4.210847182440005,-4.103704646229744,1.02,-0.354003196531,86dd3a804d78ca5d203ebf98747e8f16dff9713ba8950097ceb760b161e19907,Domains_SSE_PBE
924,-4.211244560963326,-4.103704646229744,1.02,-0.354003196531,86dd3a804d78ca5d203ebf98747e8f16dff9713ba8950097ceb760b161e19907,Domains_SSE_PBE
925,-4.211642196399483,-4.103704646229744,1.02,-0.354003196531,86dd3a804d78ca5d203ebf98747e8f16dff9713ba8950097ceb760b161e19907,Domains_SSE_PBE
926,-4.21204008851392,-4.103704646229744,1.02,-0.354003196531,86dd3a804d78ca5d203ebf98747e8f16dff9713ba8950097ceb760b161e19907,Domains_SSE_PBE
927,-4.212438237072468,-4.103704646229744,1.02,-0.354003196531,86dd3a804d78ca5d203ebf98747e8f16dff9713ba8950097ceb760b161e19907,Domains_SSE_PBE
928,-4.212836641841352,-4.103704646229744,1.02,-0.354003196531,86dd3a804d78ca5d203ebf98747e8f16dff9713ba8950097ceb760b161e19907,Domains_SSE_PBE
929,-4.21323530258718,-4.103704646229744,1.02,-0.354003196531,86dd3a804d78ca5d203ebf98747e8f16dff9713ba8950097ceb760b161e19907,Domains_SSE_PBE
930,-4.213634219076947,-4.103704646229744,1.02,-0.354003196531,86dd3a804d78ca5d203ebf98747e8f16dff9713ba8950097ceb760b161e19907,Domains_SSE_PBE
931,-4.214033391078033,-4.103704646229744,1.02,-0.354003196531,86dd3a804d78ca5d203ebf98747e8f16dff9713ba8950097ceb760b161e19907,Domains_SSE_PBE
932,-4.214432818358203,-4.103704646229744,1.02,-0.354003196531,86dd3a804d78ca5d203ebf98747e8f16dff9713ba8950097ceb760b161e19907,Domains_SSE_PBE
933,-4.214832500685609,-4.103704646229744,1.02,-0.354003196531,86dd3a804d78ca5d203ebf98747e8f16dff9713ba8950097ceb760b161e19907,Domains_SSE_PBE
934,-4.21523243782878,-4.103704646229744,1.02,-0.354003196531,86dd3a804d78ca5d203ebf98747e8f16dff9713ba8950097ceb760b161e19907,Domains_SSE_PBE
935,-4.215632629556631,-4.103704646229744,1.02,-0.354003196531,86dd3a804d78ca5d203ebf98747e8f16dff9713ba8950097ceb760b161e19907,Domains_SSE_PBE
936,-4.216033075638459,-4.103704646229744,1.02,-0.354003196531,86dd3a804d78ca5d203ebf98747e8f16dff9713ba8950097ceb760b161e19907,Domains_SSE_PBE
937,-4.21643377584394,-4.103704646229744,1.02,-0.354003196531,86dd3a804d78ca5d203ebf98747e8f16dff9713ba8950097ceb760b161e19907,Domains_SSE_PBE
938,-4.216834729943127,-4.103704646229744,1.02,-0.354003196531,86dd3a804d78ca5d203ebf98747e8f16dff9713ba8950097ceb760b161e19907,Domains_SSE_PBE
939,-4.217235937706456,-4.103704646229744,1.02,-0.354003196531,86dd3a804d78ca5d203ebf98747e8f16dff9713ba8950097ceb760b161e19907,Domains_SSE_PBE
940,-4.21763739890474,-4.103704646229744,1.02,-0.354003196531,86dd3a804d78ca5d203ebf98747e8f16dff9713ba8950097ceb760b161e19907,Domains_SSE_PBE
941,-4.218039113309167,-4.103704646229744,1.02,-0.354003196531,86dd3a804d78ca5d203ebf98747e8f16dff9713ba8950097ceb760b161e19907,Domains_SSE_PBE
942,-4.218441080691306,-4.103704646229744,1.02,-0.354003196531,86dd3a804d78ca5d203ebf98747e8f16dff9713ba8950097ceb760b161e19907,Domains_SSE_PBE
943,-4.218843300823094,-4.103704646229744,1.02,-0.354003196531,86dd3a804d78ca5d203ebf98747e8f16dff9713ba8950097ceb760b161e19907,Domains_SSE_PBE
944,-4.21924577347685,-4.103704646229744,1.02,-0.354003196531,86dd3a804d78ca5d203ebf98747e8f16dff9713ba8950097ceb760b161e19907,Domains_SSE_PBE
945,-4.219648498425261,-4.103704646229744,1.02,-0.354003196531,86dd3a804d78ca5d203ebf98747e8f16dff9713ba8950097ceb760b161e19907,Domains_SSE_PBE
946,-4.220051475441393,-4.103704646229744,1.02,-0.354003196531,86dd3a804d78ca5d203ebf98747e8f16dff9713ba8950097ceb760b161e19907,Domains_SSE_PBE
947,-4.220454704298679,-4.103704646229744,1.02,-0.354003196531,86dd3a804d78ca5d203ebf98747e8f16dff9713ba8950097ceb760b161e19907,Domains_SSE_PBE
948,-4.220858184770926,-4.103704646229744,1.02,-0.354003196531,86dd3a804d78ca5d203ebf98747e8f16dff9713ba8950097ceb760b161e19907,Domains_SSE_PBE
949,-4.221261916632312,-4.103704646229744,1.02,-0.354003196531,86dd3a804d78ca5d203ebf98747e8f16dff9713ba8950097ceb760b161e19907,Domains_SSE_PBE
950,-4.221665899657381,-4.103704646229744,1.02,-0.354003196531,86dd3a804d78ca5d203ebf98747e8f16dff9713ba8950097ceb760b161e19907,Domains_SSE_PBE
951,-4.222070133621052,-4.103704646229744,1.02,-0.354003196531,86dd3a804d78ca5d203ebf98747e8f16dff9713ba8950097ceb760b161e19907,Domains_SSE_PBE
952,-4.222474618298608,-4.103704646229744,1.02,-0.354003196531,86dd3a804d78ca5d203ebf98747e8f16dff9713ba8950097ceb760b161e19907,Domains_SSE_PBE
953,-4.222879353465699,-4.103704646229744,1.02,-0.354003196531,86dd3a804d78ca5d203ebf98747e8f16dff9713ba8950097ceb760b161e19907,Domains_SSE_PBE
954,-4.223284338898345,-4.103704646229744,1.02,-0.354003196531,86dd3a804d78ca5d203ebf98747e8f16dff9713ba8950097ceb760b161e19907,Domains_SSE_PBE
955,-4.223689574372926,-4.103704646229744,1.02,-0.354003196531,86dd3a804d78ca5d203ebf98747e8f16dff9713ba8950097ceb760b161e19907,Domains_SSE_PBE
956,-4.224095059666195,-4.103704646229744,1.02,-0.354003196531,86dd3a804d78ca5d203ebf98747e8f16dff9713ba8950097ceb760b161e19907,Domains_SSE_PBE
957,-4.224500794555262,-4.103704646229744,1.02,-0.354003196531,86dd3a804d78ca5d203ebf98747e8f16dff9713ba8950097ceb760b161e19907,Domains_SSE_PBE
958,-4.224906778817604,-4.103704646229744,1.02,-0.354003196531,86dd3a804d78ca5d203ebf98747e8f16dff9713ba8950097ceb760b161e19907,Domains_SSE_PBE
959,-4.22531301223106,-4.103704646229744,1.02,-0.354003196531,86dd3a804d78ca5d203ebf98747e8f16dff9713ba8950097ceb760b161e19907,Domains_SSE_PBE
960,-4.22571949457383,-4.103704646229744,1.02,-0.354003196531,86dd3a804d78ca5d203ebf98747e8f16dff9713ba8950097ceb760b161e19907,Domains_SSE_PBE
961,-4.226126225624475,-4.103704646229744,1.02,-0.354003196531,86dd3a804d78ca5d203ebf98747e8f16dff9713ba8950097ceb760b161e19907,Domains_SSE_PBE
962,-4.226533205161918,-4.103704646229744,1.02,-0.354003196531,86dd3a804d78ca5d203ebf98747e8f16dff9713ba8950097ceb760b161e19907,Domains_SSE_PBE
963,-4.226940432965441,-4.103704646229744,1.02,-0.354003196531,86dd3a804d78ca5d203ebf98747e8f16dff9713ba8950097ceb760b161e19907,Domains_SSE_PBE
964,-4.227347908814681,-4.103704646229744,1.02,-0.354003196531,86dd3a804d78ca5d203ebf98747e8f16dff9713ba8950097ceb760b161e19907,Domains_SSE_PBE
965,-4.227755632489638,-4.103704646229744,1.02,-0.354003196531,86dd3a804d78ca5d203ebf98747e8f16dff9713ba8950097ceb760b161e19907,Domains_SSE_PBE
966,-4.228163603770667,-4.103704646229744,1.02,-0.354003196531,86dd3a804d78ca5d203ebf98747e8f16dff9713ba8950097ceb760b161e19907,Domains_SSE_PBE
967,-4.228571822438476,-4.103704646229744,1.02,-0.354003196531,86dd3a804d78ca5d203ebf98747e8f16dff9713ba8950097ceb760b161e19907,Domains_SSE_PBE
968,-4.228980288274135,-4.103704646229744,1.02,-0.354003196531,86dd3a804d78ca5d203ebf98747e8f16dff9713ba8950097ceb760b161e19907,Domains_SSE_PBE
969,-4.229389001059065,-4.103704646229744,1.02,-0.354003196531,86dd3a804d78ca5d203ebf98747e8f16dff9713ba8950097ceb760b161e19907,Domains_SSE_PBE
970,-4.22979796057504,-4.103704646229744,1.02,-0.354003196531,86dd3a804d78ca5d203ebf98747e8f16dff9713ba8950097ceb760b161e19907,Domains_SSE_PBE
971,-4.230207166604191,-4.103704646229744,1.02,-0.354003196531,86dd3a804d78ca5d203ebf98747e8f16dff9713ba8950097ceb760b161e19907,Domains_SSE_PBE
972,-4.230616618928997,-4.103704646229744,1.02,-0.354003196531,86dd3a804d78ca5d203ebf98747e8f16dff9713ba8950097ceb760b161e19907,Domains_SSE_PBE
973,-4.231026317332292,-4.103704646229744,1.02,-0.354003196531,86dd3a804d78ca5d203ebf98747e8f16dff9713ba8950097ceb760b161e19907,Domains_SSE_PBE
974,-4.23143626159726,-4.103704646229744,1.02,-0.354003196531,86dd3a804d78ca5d203ebf98747e8f16dff9713ba8950097ceb760b161e19907,Domains_SSE_PBE
975,-4.231846451507433,-4.103704646229744,1.02,-0.354003196531,86dd3a804d78ca5d203ebf98747e8f16dff9713ba8950097ceb760b161e19907,Domains_SSE_PBE
976,-4.232256886846697,-4.103704646229744,1.02,-0.354003196531,86dd3a804d78ca5d203ebf98747e8f16dff9713ba8950097ceb760b161e19907,Domains_SSE_PBE
977,-4.232667567399283,-4.103704646229744,1.02,-0.354003196531,86dd3a804d78ca5d203ebf98747e8f16dff9713ba8950097ceb760b161e19907,Domains_SSE_PBE
978,-4.233078492949772,-4.103704646229744,1.02,-0.354003196531,86dd3a804d78ca5d203ebf98747e8f16dff9713ba8950097ceb760b161e19907,Domains_SSE_PBE
979,-4.233489663283089,-4.103704646229744,1.02,-0.354003196531,86dd3a804d78ca5d203ebf98747e8f16dff9713ba8950097ceb760b161e19907,Domains_SSE_PBE
980,-4.233901078184509,-4.103704646229744,1.02,-0.354003196531,86dd3a804d78ca5d203ebf98747e8f16dff9713ba8950097ceb760b161e19907,Domains_SSE_PBE
981,-4.234312737439651,-4.103704646229744,1.02,-0.354003196531,86dd3a804d78ca5d203ebf98747e8f16dff9713ba8950097ceb760b161e19907,Domains_SSE_PBE
982,-4.234724640834479,-4.103704646229744,1.02,-0.354003196531,86dd3a804d78ca5d203ebf98747e8f16dff9713ba8950097ceb760b161e19907,Domains_SSE_PBE
983,-4.235136788155301,-4.103704646229744,1.02,-0.354003196531,86dd3a804d78ca5d203ebf98747e8f16dff9713ba8950097ceb760b161e19907,Domains_SSE_PBE
984,-4.235549179188769,-4.103704646229744,1.02,-0.354003196531,86dd3a804d78ca5d203ebf98747e8f16dff9713ba8950097ceb760b161e19907,Domains_SSE_PBE
985,-4.235961813721877,-4.103704646229744,1.02,-0.354003196531,86dd3a804d78ca5d203ebf98747e8f16dff9713ba8950097ceb760b161e19907,Domains_SSE_PBE
986,-4.236374691541962,-4.103704646229744,1.02,-0.354003196531,86dd3a804d78ca5d203ebf98747e8f16dff9713ba8950097ceb760b161e19907,Domains_SSE_PBE
987,-4.236787812436701,-4.103704646229744,1.02,-0.354003196531,86dd3a804d78ca5d203ebf98747e8f16dff9713ba8950097ceb760b161e19907,Domains_SSE_PBE
988,-4.237201176194112,-4.103704646229744,1.02,-0.354003196531,86dd3a804d78ca5d203ebf98747e8f16dff9713ba8950097ceb760b161e19907,Domains_SSE_PBE
989,-4.237614782602551,-4.103704646229744,1.02,-0.354003196531,86dd3a804d78ca5d203ebf98747e8f16dff9713ba8950097ceb760b161e19907,Domains_SSE_PBE
990,-4.238028631450717,-4.103704646229744,1.02,-0.354003196531,86dd3a804d78ca5d203ebf98747e8f16dff9713ba8950097ceb760b161e19907,Domains_SSE_PBE
991,-4.238442722527645,-4.103704646229744,1.02,-0.354003196531,86dd3a804d78ca5d203ebf98747e8f16dff9713ba8950097ceb760b161e19907,Domains_SSE_PBE
992,-4.238857055622705,-4.103704646229744,1.02,-0.354003196531,86dd3a804d78ca5d203ebf98747e8f16dff9713ba8950097ceb760b161e19907,Domains_SSE_PBE
993,-4.239271630525607,-4.103704646229744,1.02,-0.354003196531,86dd3a804d78ca5d203ebf98747e8f16dff9713ba8950097ceb760b161e19907,Domains_SSE_PBE
994,-4.239686447026397,-4.103704646229744,1.02,-0.354003196531,86dd3a804d78ca5d203ebf98747e8f16dff9713ba8950097ceb760b161e19907,Domains_SSE_PBE
995,-4.240101504915455,-4.103704646229744,1.02,-0.354003196531,86dd3a804d78ca5d203ebf98747e8f16dff9713ba8950097ceb760b161e19907,Domains_SSE_PBE
996,-4.240516803983496,-4.103704646229744,1.02,-0.354003196531,86dd3a804d78ca5d203ebf98747e8f16dff9713ba8950097ceb760b161e19907,Domains_SSE_PBE
997,-4.240932344021569,-4.103704646229744,1.02,-0.354003196531,86dd3a804d78ca5d203ebf98747e8f16dff9713ba8950097ceb760b161e19907,Domains_SSE_PBE
998,-4.241348124821058,-4.103704646229744,1.02,-0.354003196531,86dd3a804d78ca5d203ebf98747e8f16dff9713ba8950097ceb760b161e19907,Domains_SSE_PBE
999,-4.241764146173675,-4.103704646229744,1.02,-0.354003196531,86dd3a804d78ca5d203ebf98747e8f16dff9713ba8950097ceb760b161e19907,Domains_SSE_PBE
1000,-4.242180407871468,-4.103704646229744,1.02,-0.354003196531,86dd3a804d78ca5d203ebf98747e8f16dff9713ba8950097ceb760b161e19907,Domains_SSE_PBE
1001,-4.242596909706813,-4.103704646229744,1.02,-0.354003196531,86dd3a804d78ca5d203ebf98747e8f16dff9713ba8950097ceb760b161e19907,Domains_SSE_PBE
1002,-4.243013651472419,-4.103704646229744,1.02,-0.354003196531,86dd3a804d78ca5d203ebf98747e8f16dff9713ba8950097ceb760b161e19907,Domains_SSE_PBE
1003,-4.243430632961324,-4.103704646229744,1.02,-0.354003196531,86dd3a804d78ca5d203ebf98747e8f16dff9713ba8950097ceb760b161e19907,Domains_SSE_PBE
1004,-4.243847853966892,-4.103704646229744,1.02,-0.354003196531,86dd3a804d78ca5d203ebf98747e8f16dff9713ba8950097ceb760b161e19907,Domains_SSE_PBE
1005,-4.244265314282821,-4.103704646229744,1.02,-0.354003196531,86dd3a804d78ca5d203ebf98747e8f16dff9713ba8950097ceb760b161e19907,Domains_SSE_PBE
1006,-4.24468301370313,-4.103704646229744,1.02,-0.354003196531,86dd3a804d78ca5d203ebf98747e8f16dff9713ba8950097ceb760b161e19907,Domains_SSE_PBE
1007,-4.245100952022167,-4.103704646229744,1.02,-0.354003196531,86dd3a804d78ca5d203ebf98747e8f16dff9713ba8950097ceb760b161e19907,Domains_SSE_PBE
1008,-4.245519129034609,-4.103704646229744,1.02,-0.354003196531,86dd3a804d78ca5d203ebf98747e8f16dff9713ba8950097ceb760b161e19907,Domains_SSE_PBE
1009,-4.245937544535455,-4.103704646229744,1.02,-0.354003196531,86dd3a804d78ca5d203ebf98747e8f16dff9713ba8950097ceb760b161e19907,Domains_SSE_PBE
1010,-4.246356198320031,-4.103704646229744,1.02,-0.354003196531,86dd3a804d78ca5d203ebf98747e8f16dff9713ba8950097ceb760b161e19907,Domains_SSE_PBE
1011,-4.246775090183984,-4.103704646229744,1.02,-0.354003196531,86dd3a804d78ca5d203ebf98747e8f16dff9713ba8950097ceb760b161e19907,Domains_SSE_PBE
1012,-4.247194219923289,-4.103704646229744,1.02,-0.354003196531,86dd3a804d78ca5d203ebf98747e8f16dff9713ba8950097ceb760b161e19907,Domains_SSE_PBE
1013,-4.247613587334237,-4.103704646229744,1.02,-0.354003196531,86dd3a804d78ca5d203ebf98747e8f16dff9713ba8950097ceb760b161e19907,Domains_SSE_PBE
1014,-4.248033192213446,-4.103704646229744,1.02,-0.354003196531,86dd3a804d78ca5d203ebf98747e8f16dff9713ba8950097ceb760b161e19907,Domains_SSE_PBE
1015,-4.248453034357855,-4.103704646229744,1.02,-0.354003196531,86dd3a804d78ca5d203ebf98747e8f16dff9713ba8950097ceb760b161e19907,Domains_SSE_PBE
1016,-4.248873113564721,-4.103704646229744,1.02,-0.354003196531,86dd3a804d78ca5d203ebf98747e8f16dff9713ba8950097ceb760b161e19907,Domains_SSE_PBE
1017,-4.249293429631622,-4.103704646229744,1.02,-0.354003196531,86dd3a804d78ca5d203ebf98747e8f16dff9713ba8950097ceb760b161e19907,Domains_SSE_PBE
1018,-4.249713982356457,-4.103704646229744,1.02,-0.354003196531,86dd3a804d78ca5d203ebf98747e8f16dff9713ba8950097ceb760b161e19907,Domains_SSE_PBE
1019,-4.25013477153744,-4.103704646229744,1.02,-0.354003196531,86dd3a804d78ca5d203ebf98747e8f16dff9713ba8950097ceb760b161e19907,Domains_SSE_PBE
1020,-4.250555796973106,-4.103704646229744,1.02,-0.354003196531,86dd3a804d78ca5d203ebf98747e8f16dff9713ba8950097ceb760b161e19907,Domains_SSE_PBE
1021,-4.250977058462304,-4.103704646229744,1.02,-0.354003196531,86dd3a804d78ca5d203ebf98747e8f16dff9713ba8950097ceb760b161e19907,Domains_SSE_PBE
1022,-4.251398555804203,-4.103704646229744,1.02,-0.354003196531,86dd3a804d78ca5d203ebf98747e8f16dff9713ba8950097ceb760b161e19907,Domains_SSE_PBE
1023,-4.251820288798283,-4.103704646229744,1.02,-0.354003196531,86dd3a804d78ca5d203ebf98747e8f16dff9713ba8950097ceb760b161e19907,Domains_SSE_PBE
1024,-4.252242257244345,-4.103704646229744,1.02,-0.354003196531,86dd3a804d78ca5d203ebf98747e8f16dff9713ba8950097ceb760b161e19907,Domains_SSE_PBE
1025,-4.252664460942499,-4.103704646229744,1.02,-0.354003196531,86dd3a804d78ca5d203ebf98747e8f16dff9713ba8950097ceb760b161e19907,Domains_SSE_PBE
1026,-4.253086899693172,-4.103704646229744,1.02,-0.354003196531,86dd3a804d78ca5d203ebf98747e8f16dff9713ba8950097ceb760b161e19907,Domains_SSE_PBE
1027,-4.253509573297103,-4.103704646229744,1.02,-0.354003196531,86dd3a804d78ca5d203ebf98747e8f16dff9713ba8950097ceb760b161e19907,Domains_SSE_PBE
1028,-4.253932481555345,-4.103704646229744,1.02,-0.354003196531,86dd3a804d78ca5d203ebf98747e8f16dff9713ba8950097ceb760b161e19907,Domains_SSE_PBE
1029,-4.254355624269259,-4.103704646229744,1.02,-0.354003196531,86dd3a804d78ca5d203ebf98747e8f16dff9713ba8950097ceb760b161e19907,Domains_SSE_PBE
1030,-4.254779001240519,-4.103704646229744,1.02,-0.354003196531,86dd3a804d78ca5d203ebf98747e8f16dff9713ba8950097ceb760b161e19907,Domains_SSE_PBE
1031,-4.255202612271112,-4.103704646229744,1.02,-0.354003196531,86dd3a804d78ca5d203ebf98747e8f16dff9713ba8950097ceb760b161e19907,Domains_SSE_PBE
1032,-4.25562645716333,-4.103704646229744,1.02,-0.354003196531,86dd3a804d78ca5d203ebf98747e8f16dff9713ba8950097ceb760b161e19907,Domains_SSE_PBE
1033,-4.256050535719779,-4.103704646229744,1.02,-0.354003196531,86dd3a804d78ca5d203ebf98747e8f16dff9713ba8950097ceb760b161e19907,Domains_SSE_PBE
1034,-4.256474847743369,-4.103704646229744,1.02,-0.354003196531,86dd3a804d78ca5d203ebf98747e8f16dff9713ba8950097ceb760b161e19907,Domains_SSE_PBE
1035,-4.25689939303732,-4.103704646229744,1.02,-0.354003196531,86dd3a804d78ca5d203ebf98747e8f16dff9713ba8950097ceb760b161e19907,Domains_SSE_PBE
1036,-4.257324171405158,-4.103704646229744,1.02,-0.354003196531,86dd3a804d78ca5d203ebf98747e8f16dff9713ba8950097ceb760b161e19907,Domains_SSE_PBE
1037,-4.257749182650719,-4.103704646229744,1.02,-0.354003196531,86dd3a804d78ca5d203ebf98747e8f16dff9713ba8950097ceb760b161e19907,Domains_SSE_PBE
1038,-4.258174426578139,-4.103704646229744,1.02,-0.354003196531,86dd3a804d78ca5d203ebf98747e8f16dff9713ba8950097ceb760b161e19907,Domains_SSE_PBE
1039,-4.258599902991865,-4.103704646229744,1.02,-0.354003196531,86dd3a804d78ca5d203ebf98747e8f16dff9713ba8950097ceb760b161e19907,Domains_SSE_PBE
1040,-4.259025611696642,-4.103704646229744,1.02,-0.354003196531,86dd3a804d78ca5d203ebf98747e8f16dff9713ba8950097ceb760b161e19907,Domains_SSE_PBE
1041,-4.259451552497526,-4.103704646229744,1.02,-0.354003196531,86dd3a804d78ca5d203ebf98747e8f16dff9713ba8950097ceb760b161e19907,Domains_SSE_PBE
1042,-4.259877725199871,-4.103704646229744,1.02,-0.354003196531,86dd3a804d78ca5d203ebf98747e8f16dff9713ba8950097ceb760b161e19907,Domains_SSE_PBE
1043,-4.260304129609337,-4.103704646229744,1.02,-0.354003196531,86dd3a804d78ca5d203ebf98747e8f16dff9713ba8950097ceb760b161e19907,Domains_SSE_PBE
1044,-4.260730765531882,-4.103704646229744,1.02,-0.354003196531,86dd3a804d78ca5d203ebf98747e8f16dff9713ba8950097ceb760b161e19907,Domains_SSE_PBE
1045,-4.261157632773768,-4.103704646229744,1.02,-0.354003196531,86dd3a804d78ca5d203ebf98747e8f16dff9713ba8950097ceb760b161e19907,Domains_SSE_PBE
1046,-4.261584731141559,-4.103704646229744,1.02,-0.354003196531,86dd3a804d78ca5d203ebf98747e8f16dff9713ba8950097ceb760b161e19907,Domains_SSE_PBE
1047,-4.262012060442115,-4.103704646229744,1.02,-0.354003196531,86dd3a804d78ca5d203ebf98747e8f16dff9713ba8950097ceb760b161e19907,Domains_SSE_PBE
1048,-4.262439620482599,-4.103704646229744,1.02,-0.354003196531,86dd3a804d78ca5d203ebf98747e8f16dff9713ba8950097ceb760b161e19907,Domains_SSE_PBE
1049,-4.262867411070471,-4.103704646229744,1.02,-0.354003196531,86dd3a804d78ca5d203ebf98747e8f16dff9713ba8950097ceb760b161e19907,Domains_SSE_PBE
1050,-4.263295432013488,-4.103704646229744,1.02,-0.354003196531,86dd3a804d78ca5d203ebf98747e8f16dff9713ba8950097ceb760b161e19907,Domains_SSE_PBE
1051,-4.263723683119707,-4.103704646229744,1.02,-0.354003196531,86dd3a804d78ca5d203ebf98747e8f16dff9713ba8950097ceb760b161e19907,Domains_SSE_PBE
1052,-4.264152164197482,-4.103704646229744,1.02,-0.354003196531,86dd3a804d78ca5d203ebf98747e8f16dff9713ba8950097ceb760b161e19907,Domains_SSE_PBE
1053,-4.26458087505546,-4.103704646229744,1.02,-0.354003196531,86dd3a804d78ca5d203ebf98747e8f16dff9713ba8950097ceb760b161e19907,Domains_SSE_PBE
1054,-4.265009815502586,-4.103704646229744,1.02,-0.354003196531,86dd3a804d78ca5d203ebf98747e8f16dff9713ba8950097ceb760b161e19907,Domains_SSE_PBE
1055,-4.2654389853481,-4.103704646229744,1.02,-0.354003196531,86dd3a804d78ca5d203ebf98747e8f16dff9713ba8950097ceb760b161e19907,Domains_SSE_PBE
1056,-4.265868384401534,-4.103704646229744,1.02,-0.354003196531,86dd3a804d78ca5d203ebf98747e8f16dff9713ba8950097ceb760b161e19907,Domains_SSE_PBE
1057,-4.266298012472718,-4.103704646229744,1.02,-0.354003196531,86dd3a804d78ca5d203ebf98747e8f16dff9713ba8950097ceb760b161e19907,Domains_SSE_PBE
1058,-4.266727869371772,-4.103704646229744,1.02,-0.354003196531,86dd3a804d78ca5d203ebf98747e8f16dff9713ba8950097ceb760b161e19907,Domains_SSE_PBE
1059,-4.267157954909108,-4.103704646229744,1.02,-0.354003196531,86dd3a804d78ca5d203ebf98747e8f16dff9713ba8950097ceb760b161e19907,Domains_SSE_PBE
1060,-4.267588268895432,-4.103704646229744,1.02,-0.354003196531,86dd3a804d78ca5d203ebf98747e8f16dff9713ba8950097ceb760b161e19907,Domains_SSE_PBE
1061,-4.26801881114174,-4.103704646229744,1.02,-0.354003196531,86dd3a804d78ca5d203ebf98747e8f16dff9713ba8950097ceb760b161e19907,Domains_SSE_PBE
1062,-4.268449581459319,-4.103704646229744,1.02,-0.354003196531,86dd3a804d78ca5d203ebf98747e8f16dff9713ba8950097ceb760b161e19907,Domains_SSE_PBE
1063,-4.268880579659745,-4.103704646229744,1.02,-0.354003196531,86dd3a804d78ca5d203ebf98747e8f16dff9713ba8950097ceb760b161e19907,Domains_SSE_PBE
1064,-4.269311805554885,-4.103704646229744,1.02,-0.354003196531,86dd3a804d78ca5d203ebf98747e8f16dff9713ba8950097ceb760b161e19907,Domains_SSE_PBE
1065,-4.269743258956894,-4.103704646229744,1.02,-0.354003196531,86dd3a804d78ca5d203ebf98747e8f16dff9713ba8950097ceb760b161e19907,Domains_SSE_PBE
1066,-4.270174939678216,-4.103704646229744,1.02,-0.354003196531,86dd3a804d78ca5d203ebf98747e8f16dff9713ba8950097ceb760b161e19907,Domains_SSE_PBE
1067,-4.27060684753158,-4.103704646229744,1.02,-0.354003196531,86dd3a804d78ca5d203ebf98747e8f16dff9713ba8950097ceb760b161e19907,Domains_SSE_PBE
1068,-4.271038982330006,-4.103704646229744,1.02,-0.354003196531,86dd3a804d78ca5d203ebf98747e8f16dff9713ba8950097ceb760b161e19907,Domains_SSE_PBE
1069,-4.271471343886796,-4.103704646229744,1.02,-0.354003196531,86dd3a804d78ca5d203ebf98747e8f16dff9713ba8950097ceb760b161e19907,Domains_SSE_PBE
1070,-4.271903932015542,-4.103704646229744,1.02,-0.354003196531,86dd3a804d78ca5d203ebf98747e8f16dff9713ba8950097ceb760b161e19907,Domains_SSE_PBE
1071,-4.272336746530118,-4.103704646229744,1.02,-0.354003196531,86dd3a804d78ca5d203ebf98747e8f16dff9713ba8950097ceb760b161e19907,Domains_SSE_PBE
1072,-4.272769787244683,-4.103704646229744,1.02,-0.354003196531,86dd3a804d78ca5d203ebf98747e8f16dff9713ba8950097ceb760b161e19907,Domains_SSE_PBE
1073,-4.273203053973683,-4.103704646229744,1.02,-0.354003196531,86dd3a804d78ca5d203ebf98747e8f16dff9713ba8950097ceb760b161e19907,Domains_SSE_PBE
1074,-4.273636546531844,-4.103704646229744,1.02,-0.354003196531,86dd3a804d78ca5d203ebf98747e8f16dff9713ba8950097ceb760b161e19907,Domains_SSE_PBE
1075,-4.274070264734175,-4.103704646229744,1.02,-0.354003196531,86dd3a804d78ca5d203ebf98747e8f16dff9713ba8950097ceb760b161e19907,Domains_SSE_PBE
1076,-4.274504208395967,-4.103704646229744,1.02,-0.354003196531,86dd3a804d78ca5d203ebf98747e8f16dff9713ba8950097ceb760b161e19907,Domains_SSE_PBE
1077,-4.274938377332798,-4.103704646229744,1.02,-0.354003196531,86dd3a804d78ca5d203ebf98747e8f16dff9713ba8950097ceb760b161e19907,Domains_SSE_PBE
1078,-4.275372771360519,-4.103704646229744,1.02,-0.354003196531,86dd3a804d78ca5d203ebf98747e8f16dff9713ba8950097ceb760b161e19907,Domains_SSE_PBE
1079,-4.275807390295266,-4.103704646229744,1.02,-0.354003196531,86dd3a804d78ca5d203ebf98747e8f16dff9713ba8950097ceb760b161e19907,Domains_SSE_PBE
1080,-4.276242233953454,-4.103704646229744,1.02,-0.354003196531,86dd3a804d78ca5d203ebf98747e8f16dff9713ba8950097ceb760b161e19907,Domains_SSE_PBE
1081,-4.276677302151777,-4.103704646229744,1.02,-0.354003196531,86dd3a804d78ca5d203ebf98747e8f16dff9713ba8950097ceb760b161e19907,Domains_SSE_PBE
1082,-4.277112594707208,-4.103704646229744,1.02,-0.354003196531,86dd3a804d78ca5d203ebf98747e8f16dff9713ba8950097ceb760b161e19907,Domains_SSE_PBE
1083,-4.277548111436998,-4.103704646229744,1.02,-0.354003196531,86dd3a804d78ca5d203ebf98747e8f16dff9713ba8950097ceb760b161e19907,Domains_SSE_PBE
1084,-4.277983852158674,-4.103704646229744,1.02,-0.354003196531,86dd3a804d78ca5d203ebf98747e8f16dff9713ba8950097ceb760b161e19907,Domains_SSE_PBE
1085,-4.278419816690044,-4.103704646229744,1.02,-0.354003196531,86dd3a804d78ca5d203ebf98747e8f16dff9713ba8950097ceb760b161e19907,Domains_SSE_PBE
1086,-4.278856004849188,-4.103704646229744,1.02,-0.354003196531,86dd3a804d78ca5d203ebf98747e8f16dff9713ba8950097ceb760b161e19907,Domains_SSE_PBE
1087,-4.279292416454464,-4.103704646229744,1.02,-0.354003196531,86dd3a804d78ca5d203ebf98747e8f16dff9713ba8950097ceb760b161e19907,Domains_SSE_PBE
1088,-4.279729051324503,-4.103704646229744,1.02,-0.354003196531,86dd3a804d78ca5d203ebf98747e8f16dff9713ba8950097ceb760b161e19907,Domains_SSE_PBE
1089,-4.280165909278215,-4.103704646229744,1.02,-0.354003196531,86dd3a804d78ca5d203ebf98747e8f16dff9713ba8950097ceb760b161e19907,Domains_SSE_PBE
1090,-4.280602990134779,-4.103704646229744,1.02,-0.354003196531,86dd3a804d78ca5d203ebf98747e8f16dff9713ba8950097ceb760b161e19907,Domains_SSE_PBE
1091,-4.281040293713649,-4.103704646229744,1.02,-0.354003196531,86dd3a804d78ca5d203ebf98747e8f16dff9713ba8950097ceb760b161e19907,Domains_SSE_PBE
1092,-4.281477819834556,-4.103704646229744,1.02,-0.354003196531,86dd3a804d78ca5d203ebf98747e8f16dff9713ba8950097ceb760b161e19907,Domains_SSE_PBE
1093,-4.281915568317497,-4.103704646229744,1.02,-0.354003196531,86dd3a804d78ca5d203ebf98747e8f16dff9713ba8950097ceb760b161e19907,Domains_SSE_PBE
1094,-4.282353538982744,-4.103704646229744,1.02,-0.354003196531,86dd3a804d78ca5d203ebf98747e8f16dff9713ba8950097ceb760b161e19907,Domains_SSE_PBE
1095,-4.282791731650842,-4.103704646229744,1.02,-0.354003196531,86dd3a804d78ca5d203ebf98747e8f16dff9713ba8950097ceb760b161e19907,Domains_SSE_PBE
1096,-4.283230146142602,-4.103704646229744,1.02,-0.354003196531,86dd3a804d78ca5d203ebf98747e8f16dff9713ba8950097ceb760b161e19907,Domains_SSE_PBE
1097,-4.283668782279109,-4.103704646229744,1.02,-0.354003196531,86dd3a804d78ca5d203ebf98747e8f16dff9713ba8950097ceb760b161e19907,Domains_SSE_PBE
1098,-4.284107639881715,-4.103704646229744,1.02,-0.354003196531,86dd3a804d78ca5d203ebf98747e8f16dff9713ba8950097ceb760b161e19907,Domains_SSE_PBE
1099,-4.284546718772043,-4.103704646229744,1.02,-0.354003196531,86dd3a804d78ca5d203ebf98747e8f16dff9713ba8950097ceb760b161e19907,Domains_SSE_PBE
1100,-4.284986018771985,-4.103704646229744,1.02,-0.354003196531,86dd3a804d78ca5d203ebf98747e8f16dff9713ba8950097ceb760b161e19907,Domains_SSE_PBE
1101,-4.285425539703696,-4.103704646229744,1.02,-0.354003196531,86dd3a804d78ca5d203ebf98747e8f16dff9713ba8950097ceb760b161e19907,Domains_SSE_PBE
1102,-4.285865281389603,-4.103704646229744,1.02,-0.354003196531,86dd3a804d78ca5d203ebf98747e8f16dff9713ba8950097ceb760b161e19907,Domains_SSE_PBE
1103,-4.286305243652397,-4.103704646229744,1.02,-0.354003196531,86dd3a804d78ca5d203ebf98747e8f16dff9713ba8950097ceb760b161e19907,Domains_SSE_PBE
1104,-4.286745426315039,-4.103704646229744,1.02,-0.354003196531,86dd3a804d78ca5d203ebf98747e8f16dff9713ba8950097ceb760b161e19907,Domains_SSE_PBE
1105,-4.287185829200751,-4.103704646229744,1.02,-0.354003196531,86dd3a804d78ca5d203ebf98747e8f16dff9713ba8950097ceb760b161e19907,Domains_SSE_PBE
1106,-4.287626452133023,-4.103704646229744,1.02,-0.354003196531,86dd3a804d78ca5d203ebf98747e8f16dff9713ba8950097ceb760b161e19907,Domains_SSE_PBE
1107,-4.288067294935607,-4.103704646229744,1.02,-0.354003196531,86dd3a804d78ca5d203ebf98747e8f16dff9713ba8950097ceb760b161e19907,Domains_SSE_PBE
1108,-4.288508357432523,-4.103704646229744,1.02,-0.354003196531,86dd3a804d78ca5d203ebf98747e8f16dff9713ba8950097ceb760b161e19907,Domains_SSE_PBE
1109,-4.28894963944805,-4.103704646229744,1.02,-0.354003196531,86dd3a804d78ca5d203ebf98747e8f16dff9713ba8950097ceb760b161e19907,Domains_SSE_PBE
1110,-4.289391140806733,-4.103704646229744,1.02,-0.354003196531,86dd3a804d78ca5d203ebf98747e8f16dff9713ba8950097ceb760b161e19907,Domains_SSE_PBE
1111,-4.289832861333377,-4.103704646229744,1.02,-0.354003196531,86dd3a804d78ca5d203ebf98747e8f16dff9713ba8950097ceb760b161e19907,Domains_SSE_PBE
1112,-4.290274800853051,-4.103704646229744,1.02,-0.354003196531,86dd3a804d78ca5d203ebf98747e8f16dff9713ba8950097ceb760b161e19907,Domains_SSE_PBE
1113,-4.290716959191083,-4.103704646229744,1.02,-0.354003196531,86dd3a804d78ca5d203ebf98747e8f16dff9713ba8950097ceb760b161e19907,Domains_SSE_PBE
1114,-4.291159336173065,-4.103704646229744,1.02,-0.354003196531,86dd3a804d78ca5d203ebf98747e8f16dff9713ba8950097ceb760b161e19907,Domains_SSE_PBE
1115,-4.291601931624844,-4.103704646229744,1.02,-0.354003196531,86dd3a804d78ca5d203ebf98747e8f16dff9713ba8950097ceb760b161e19907,Domains_SSE_PBE
1116,-4.292044745372531,-4.103704646229744,1.02,-0.354003196531,86dd3a804d78ca5d203ebf98747e8f16dff9713ba8950097ceb760b161e19907,Domains_SSE_PBE
1117,-4.292487777242497,-4.103704646229744,1.02,-0.354003196531,86dd3a804d78ca5d203ebf98747e8f16dff9713ba8950097ceb760b161e19907,Domains_SSE_PBE
1118,-4.292931027061366,-4.103704646229744,1.02,-0.354003196531,86dd3a804d78ca5d203ebf98747e8f16dff9713ba8950097ceb760b161e19907,Domains_SSE_PBE
1119,-4.293374494656025,-4.103704646229744,1.02,-0.354003196531,86dd3a804d78ca5d203ebf98747e8f16dff9713ba8950097ceb760b161e19907,Domains_SSE_PBE
1120,-4.293818179853616,-4.103704646229744,1.02,-0.354003196531,86dd3a804d78ca5d203ebf98747e8f16dff9713ba8950097ceb760b161e19907,Domains_SSE_PBE
1121,-4.29426208248154,-4.103704646229744,1.02,-0.354003196531,86dd3a804d78ca5d203ebf98747e8f16dff9713ba8950097ceb760b161e19907,Domains_SSE_PBE
1122,-4.294706202367452,-4.103704646229744,1.02,-0.354003196531,86dd3a804d78ca5d203ebf98747e8f16dff9713ba8950097ceb760b161e19907,Domains_SSE_PBE
1123,-4.295150539339264,-4.103704646229744,1.02,-0.354003196531,86dd3a804d78ca5d203ebf98747e8f16dff9713ba8950097ceb760b161e19907,Domains_SSE_PBE
1124,-4.295595093225145,-4.103704646229744,1.02,-0.354003196531,86dd3a804d78ca5d203ebf98747e8f16dff9713ba8950097ceb760b161e19907,Domains_SSE_PBE
1125,-4.296039863853515,-4.103704646229744,1.02,-0.354003196531,86dd3a804d78ca5d203ebf98747e8f16dff9713ba8950097ceb760b161e19907,Domains_SSE_PBE
1126,-4.296484851053053,-4.103704646229744,1.02,-0.354003196531,86dd3a804d78ca5d203ebf98747e8f16dff9713ba8950097ceb760b161e19907,Domains_SSE_PBE
1127,-4.296930054652688,-4.103704646229744,1.02,-0.354003196531,86dd3a804d78ca5d203ebf98747e8f16dff9713ba8950097ceb760b161e19907,Domains_SSE_PBE
1128,-4.297375474481605,-4.103704646229744,1.02,-0.354003196531,86dd3a804d78ca5d203ebf98747e8f16dff9713ba8950097ceb760b161e19907,Domains_SSE_PBE
1129,-4.297821110369239,-4.103704646229744,1.02,-0.354003196531,86dd3a804d78ca5d203ebf98747e8f16dff9713ba8950097ceb760b161e19907,Domains_SSE_PBE
1130,-4.298266962145279,-4.103704646229744,1.02,-0.354003196531,86dd3a804d78ca5d203ebf98747e8f16dff9713ba8950097ceb760b161e19907,Domains_SSE_PBE
1131,-4.298713029639667,-4.103704646229744,1.02,-0.354003196531,86dd3a804d78ca5d203ebf98747e8f16dff9713ba8950097ceb760b161e19907,Domains_SSE_PBE
1132,-4.299159312682592,-4.103704646229744,1.02,-0.354003196531,86dd3a804d78ca5d203ebf98747e8f16dff9713ba8950097ceb760b161e19907,Domains_SSE_PBE
1133,-4.2996058111045,-4.103704646229744,1.02,-0.354003196531,86dd3a804d78ca5d203ebf98747e8f16dff9713ba8950097ceb760b161e19907,Domains_SSE_PBE
1134,-4.300052524736079,-4.103704646229744,1.02,-0.354003196531,86dd3a804d78ca5d203ebf98747e8f16dff9713ba8950097ceb760b161e19907,Domains_SSE_PBE
1135,-4.300499453408275,-4.103704646229744,1.02,-0.354003196531,86dd3a804d78ca5d203ebf98747e8f16dff9713ba8950097ceb760b161e19907,Domains_SSE_PBE
1136,-4.300946596952278,-4.103704646229744,1.02,-0.354003196531,86dd3a804d78ca5d203ebf98747e8f16dff9713ba8950097ceb760b161e19907,Domains_SSE_PBE
1137,-4.301393955199527,-4.103704646229744,1.02,-0.354003196531,86dd3a804d78ca5d203ebf98747e8f16dff9713ba8950097ceb760b161e19907,Domains_SSE_PBE
1138,-4.301841527981712,-4.103704646229744,1.02,-0.354003196531,86dd3a804d78ca5d203ebf98747e8f16dff9713ba8950097ceb760b161e19907,Domains_SSE_PBE
1139,-4.302289315130768,-4.103704646229744,1.02,-0.354003196531,86dd3a804d78ca5d203ebf98747e8f16dff9713ba8950097ceb760b161e19907,Domains_SSE_PBE
1140,-4.302737316478876,-4.103704646229744,1.02,-0.354003196531,86dd3a804d78ca5d203ebf98747e8f16dff9713ba8950097ceb760b161e19907,Domains_SSE_PBE
1141,-4.303185531858468,-4.103704646229744,1.02,-0.354003196531,86dd3a804d78ca5d203ebf98747e8f16dff9713ba8950097ceb760b161e19907,Domains_SSE_PBE
1142,-4.30363396110222,-4.103704646229744,1.02,-0.354003196531,86dd3a804d78ca5d203ebf98747e8f16dff9713ba8950097ceb760b161e19907,Domains_SSE_PBE
1143,-4.30408260404305,-4.103704646229744,1.02,-0.354003196531,86dd3a804d78ca5d203ebf98747e8f16dff9713ba8950097ceb760b161e19907,Domains_SSE_PBE
1144,-4.304531460514128,-4.103704646229744,1.02,-0.354003196531,86dd3a804d78ca5d203ebf98747e8f16dff9713ba8950097ceb760b161e19907,Domains_SSE_PBE
1145,-4.304980530348863,-4.103704646229744,1.02,-0.354003196531,86dd3a804d78ca5d203ebf98747e8f16dff9713ba8950097ceb760b161e19907,Domains_SSE_PBE
1146,-4.305429813380909,-4.103704646229744,1.02,-0.354003196531,86dd3a804d78ca5d203ebf98747e8f16dff9713ba8950097ceb760b161e19907,Domains_SSE_PBE
1147,-4.305879309444167,-4.103704646229744,1.02,-0.354003196531,86dd3a804d78ca5d203ebf98747e8f16dff9713ba8950097ceb760b161e19907,Domains_SSE_PBE
1148,-4.306329018372777,-4.103704646229744,1.02,-0.354003196531,86dd3a804d78ca5d203ebf98747e8f16dff9713ba8950097ceb760b161e19907,Domains_SSE_PBE
1149,-4.306778940001124,-4.103704646229744,1.02,-0.354003196531,86dd3a804d78ca5d203ebf98747e8f16dff9713ba8950097ceb760b161e19907,Domains_SSE_PBE
1150,-4.307229074163835,-4.103704646229744,1.02,-0.354003196531,86dd3a804d78ca5d203ebf98747e8f16dff9713ba8950097ceb760b161e19907,Domains_SSE_PBE
1151,-4.307679420695777,-4.103704646229744,1.02,-0.354003196531,86dd3a804d78ca5d203ebf98747e8f16dff9713ba8950097ceb760b161e19907,Domains_SSE_PBE
1152,-4.30812997943206,-4.103704646229744,1.02,-0.354003196531,86dd3a804d78ca5d203ebf98747e8f16dff9713ba8950097ceb760b161e19907,Domains_SSE_PBE
1153,-4.308580750208034,-4.103704646229744,1.02,-0.354003196531,86dd3a804d78ca5d203ebf98747e8f16dff9713ba8950097ceb760b161e19907,Domains_SSE_PBE
1154,-4.309031732859289,-4.103704646229744,1.02,-0.354003196531,86dd3a804d78ca5d203ebf98747e8f16dff9713ba8950097ceb760b161e19907,Domains_SSE_PBE
1155,-4.309482927221654,-4.103704646229744,1.02,-0.354003196531,86dd3a804d78ca5d203ebf98747e8f16dff9713ba8950097ceb760b161e19907,Domains_SSE_PBE
1156,-4.309934333131198,-4.103704646229744,1.02,-0.354003196531,86dd3a804d78ca5d203ebf98747e8f16dff9713ba8950097ceb760b161e19907,Domains_SSE_PBE
1157,-4.31038595042423,-4.103704646229744,1.02,-0.354003196531,86dd3a804d78ca5d203ebf98747e8f16dff9713ba8950097ceb760b161e19907,Domains_SSE_PBE
1158,-4.310837778937294,-4.103704646229744,1.02,-0.354003196531,86dd3a804d78ca5d203ebf98747e8f16dff9713ba8950097ceb760b161e19907,Domains_SSE_PBE
1159,-4.311289818507175,-4.103704646229744,1.02,-0.354003196531,86dd3a804d78ca5d203ebf98747e8f16dff9713ba8950097ceb760b161e19907,Domains_SSE_PBE
1160,-4.311742068970894,-4.103704646229744,1.02,-0.354003196531,86dd3a804d78ca5d203ebf98747e8f16dff9713ba8950097ceb760b161e19907,Domains_SSE_PBE
1161,-4.312194530165707,-4.103704646229744,1.02,-0.354003196531,86dd3a804d78ca5d203ebf98747e8f16dff9713ba8950097ceb760b161e19907,Domains_SSE_PBE
1162,-4.312647201929109,-4.103704646229744,1.02,-0.354003196531,86dd3a804d78ca5d203ebf98747e8f16dff9713ba8950097ceb760b161e19907,Domains_SSE_PBE
1163,-4.31310008409883,-4.103704646229744,1.02,-0.354003196531,86dd3a804d78ca5d203ebf98747e8f16dff9713ba8950097ceb760b161e19907,Domains_SSE_PBE
1164,-4.313553176512833,-4.103704646229744,1.02,-0.354003196531,86dd3a804d78ca5d203ebf98747e8f16dff9713ba8950097ceb760b161e19907,Domains_SSE_PBE
1165,-4.314006479009321,-4.103704646229744,1.02,-0.354003196531,86dd3a804d78ca5d203ebf98747e8f16dff9713ba8950097ceb760b161e19907,Domains_SSE_PBE
1166,-4.314459991426725,-4.103704646229744,1.02,-0.354003196531,86dd3a804d78ca5d203ebf98747e8f16dff9713ba8950097ceb760b161e19907,Domains_SSE_PBE
1167,-4.314913713603715,-4.103704646229744,1.02,-0.354003196531,86dd3a804d78ca5d203ebf98747e8f16dff9713ba8950097ceb760b161e19907,Domains_SSE_PBE
1168,-4.315367645379193,-4.103704646229744,1.02,-0.354003196531,86dd3a804d78ca5d203ebf98747e8f16dff9713ba8950097ceb760b161e19907,Domains_SSE_PBE
1169,-4.315821786592292,-4.103704646229744,1.02,-0.354003196531,86dd3a804d78ca5d203ebf98747e8f16dff9713ba8950097ceb760b161e19907,Domains_SSE_PBE
1170,-4.31627613708238,-4.103704646229744,1.02,-0.354003196531,86dd3a804d78ca5d203ebf98747e8f16dff9713ba8950097ceb760b161e19907,Domains_SSE_PBE
1171,-4.316730696689057,-4.103704646229744,1.02,-0.354003196531,86dd3a804d78ca5d203ebf98747e8f16dff9713ba8950097ceb760b161e19907,Domains_SSE_PBE
1172,-4.317185465252151,-4.103704646229744,1.02,-0.354003196531,86dd3a804d78ca5d203ebf98747e8f16dff9713ba8950097ceb760b161e19907,Domains_SSE_PBE
1173,-4.317640442611726,-4.103704646229744,1.02,-0.354003196531,86dd3a804d78ca5d203ebf98747e8f16dff9713ba8950097ceb760b161e19907,Domains_SSE_PBE
1174,-4.318095628608074,-4.103704646229744,1.02,-0.354003196531,86dd3a804d78ca5d203ebf98747e8f16dff9713ba8950097ceb760b161e19907,Domains_SSE_PBE
1175,-4.318551023081716,-4.103704646229744,1.02,-0.354003196531,86dd3a804d78ca5d203ebf98747e8f16dff9713ba8950097ceb760b161e19907,Domains_SSE_PBE
1176,-4.319006625873405,-4.103704646229744,1.02,-0.354003196531,86dd3a804d78ca5d203ebf98747e8f16dff9713ba8950097ceb760b161e19907,Domains_SSE_PBE
1177,-4.319462436824125,-4.103704646229744,1.02,-0.354003196531,86dd3a804d78ca5d203ebf98747e8f16dff9713ba8950097ceb760b161e19907,Domains_SSE_PBE
1178,-4.319918455775081,-4.103704646229744,1.02,-0.354003196531,86dd3a804d78ca5d203ebf98747e8f16dff9713ba8950097ceb760b161e19907,Domains_SSE_PBE
1179,-4.320374682567716,-4.103704646229744,1.02,-0.354003196531,86dd3a804d78ca5d203ebf98747e8f16dff9713ba8950097ceb760b161e19907,Domains_SSE_PBE
1180,-4.320831117043695,-4.103704646229744,1.02,-0.354003196531,86dd3a804d78ca5d203ebf98747e8f16dff9713ba8950097ceb760b161e19907,Domains_SSE_PBE
1181,-4.32128775904491,-4.103704646229744,1.02,-0.354003196531,86dd3a804d78ca5d203ebf98747e8f16dff9713ba8950097ceb760b161e19907,Domains_SSE_PBE
1182,-4.321744608413484,-4.103704646229744,1.02,-0.354003196531,86dd3a804d78ca5d203ebf98747e8f16dff9713ba8950097ceb760b161e19907,Domains_SSE_PBE
1183,-4.322201664991763,-4.103704646229744,1.02,-0.354003196531,86dd3a804d78ca5d203ebf98747e8f16dff9713ba8950097ceb760b161e19907,Domains_SSE_PBE
1184,-4.32265892862232,-4.103704646229744,1.02,-0.354003196531,86dd3a804d78ca5d203ebf98747e8f16dff9713ba8950097ceb760b161e19907,Domains_SSE_PBE
1185,-4.323116399147954,-4.103704646229744,1.02,-0.354003196531,86dd3a804d78ca5d203ebf98747e8f16dff9713ba8950097ceb760b161e19907,Domains_SSE_PBE
1186,-4.32357407641169,-4.103704646229744,1.02,-0.354003196531,86dd3a804d78ca5d203ebf98747e8f16dff9713ba8950097ceb760b161e19907,Domains_SSE_PBE
1187,-4.324031960256775,-4.103704646229744,1.02,-0.354003196531,86dd3a804d78ca5d203ebf98747e8f16dff9713ba8950097ceb760b161e19907,Domains_SSE_PBE
1188,-4.324490050526682,-4.103704646229744,1.02,-0.354003196531,86dd3a804d78ca5d203ebf98747e8f16dff9713ba8950097ceb760b161e19907,Domains_SSE_PBE
1189,-4.324948347065108,-4.103704646229744,1.02,-0.354003196531,86dd3a804d78ca5d203ebf98747e8f16dff9713ba8950097ceb760b161e19907,Domains_SSE_PBE
1190,-4.325406849715972,-4.103704646229744,1.02,-0.354003196531,86dd3a804d78ca5d203ebf98747e8f16dff9713ba8950097ceb760b161e19907,Domains_SSE_PBE
1191,-4.325865558323419,-4.103704646229744,1.02,-0.354003196531,86dd3a804d78ca5d203ebf98747e8f16dff9713ba8950097ceb760b161e19907,Domains_SSE_PBE
1192,-4.326324472731812,-4.103704646229744,1.02,-0.354003196531,86dd3a804d78ca5d203ebf98747e8f16dff9713ba8950097ceb760b161e19907,Domains_SSE_PBE
1193,-4.326783592785737,-4.103704646229744,1.02,-0.354003196531,86dd3a804d78ca5d203ebf98747e8f16dff9713ba8950097ceb760b161e19907,Domains_SSE_PBE
1194,-4.327242918330006,-4.103704646229744,1.02,-0.354003196531,86dd3a804d78ca5d203ebf98747e8f16dff9713ba8950097ceb760b161e19907,Domains_SSE_PBE
1195,-4.327702449209647,-4.103704646229744,1.02,-0.354003196531,86dd3a804d78ca5d203ebf98747e8f16dff9713ba8950097ceb760b161e19907,Domains_SSE_PBE
1196,-4.328162185269909,-4.103704646229744,1.02,-0.354003196531,86dd3a804d78ca5d203ebf98747e8f16dff9713ba8950097ceb760b161e19907,Domains_SSE_PBE
1197,-4.328622126356266,-4.103704646229744,1.02,-0.354003196531,86dd3a804d78ca5d203ebf98747e8f16dff9713ba8950097ceb760b161e19907,Domains_SSE_PBE
1198,-4.329082272314405,-4.103704646229744,1.02,-0.354003196531,86dd3a804d78ca5d203ebf98747e8f16dff9713ba8950097ceb760b161e19907,Domains_SSE_PBE
1199,-4.329542622990239,-4.103704646229744,1.02,-0.354003196531,86dd3a804d78ca5d203ebf98747e8f16dff9713ba8950097ceb760b161e19907,Domains_SSE_PBE
1200,-4.330003178229894,-4.103704646229744,1.02,-0.354003196531,86dd3a804d78ca5d203ebf98747e8f16dff9713ba8950097ceb760b161e19907,Domains_SSE_PBE
1201,-4.330463937879719,-4.103704646229744,1.02,-0.354003196531,86dd3a804d78ca5d203ebf98747e8f16dff9713ba8950097ceb760b161e19907,Domains_SSE_PBE
1202,-4.330924901786277,-4.103704646229744,1.02,-0.354003196531,86dd3a804d78ca5d203ebf98747e8f16dff9713ba8950097ceb760b161e19907,Domains_SSE_PBE
1203,-4.331386069796353,-4.103704646229744,1.02,-0.354003196531,86dd3a804d78ca5d203ebf98747e8f16dff9713ba8950097ceb760b161e19907,Domains_SSE_PBE
1204,-4.331847441756945,-4.103704646229744,1.02,-0.354003196531,86dd3a804d78ca5d203ebf98747e8f16dff9713ba8950097ceb760b161e19907,Domains_SSE_PBE
1205,-4.332309017515271,-4.103704646229744,1.02,-0.354003196531,86dd3a804d78ca5d203ebf98747e8f16dff9713ba8950097ceb760b161e19907,Domains_SSE_PBE
1206,-4.332770796918765,-4.103704646229744,1.02,-0.354003196531,86dd3a804d78ca5d203ebf98747e8f16dff9713ba8950097ceb760b161e19907,Domains_SSE_PBE
1207,-4.333232779815073,-4.103704646229744,1.02,-0.354003196531,86dd3a804d78ca5d203ebf98747e8f16dff9713ba8950097ceb760b161e19907,Domains_SSE_PBE
1208,-4.33369496605206,-4.103704646229744,1.02,-0.354003196531,86dd3a804d78ca5d203ebf98747e8f16dff9713ba8950097ceb760b161e19907,Domains_SSE_PBE
1209,-4.334157355477807,-4.103704646229744,1.02,-0.354003196531,86dd3a804d78ca5d203ebf98747e8f16dff9713ba8950097ceb760b161e19907,Domains_SSE_PBE
1210,-4.334619947940606,-4.103704646229744,1.02,-0.354003196531,86dd3a804d78ca5d203ebf98747e8f16dff9713ba8950097ceb760b161e19907,Domains_SSE_PBE
1211,-4.335082743288967,-4.103704646229744,1.02,-0.354003196531,86dd3a804d78ca5d203ebf98747e8f16dff9713ba8950097ceb760b161e19907,Domains_SSE_PBE
1212,-4.335545741371609,-4.103704646229744,1.02,-0.354003196531,86dd3a804d78ca5d203ebf98747e8f16dff9713ba8950097ceb760b161e19907,Domains_SSE_PBE
1213,-4.33600894203747,-4.103704646229744,1.02,-0.354003196531,86dd3a804d78ca5d203ebf98747e8f16dff9713ba8950097ceb760b161e19907,Domains_SSE_PBE
1214,-4.336472345135696,-4.103704646229744,1.02,-0.354003196531,86dd3a804d78ca5d203ebf98747e8f16dff9713ba8950097ceb760b161e19907,Domains_SSE_PBE
1215,-4.336935950515647,-4.103704646229744,1.02,-0.354003196531,86dd3a804d78ca5d203ebf98747e8f16dff9713ba8950097ceb760b161e19907,Domains_SSE_PBE
1216,-4.337399758026898,-4.103704646229744,1.02,-0.354003196531,86dd3a804d78ca5d203ebf98747e8f16dff9713ba8950097ceb760b161e19907,Domains_SSE_PBE
1217,-4.337863767519232,-4.103704646229744,1.02,-0.354003196531,86dd3a804d78ca5d203ebf98747e8f16dff9713ba8950097ceb760b161e19907,Domains_SSE_PBE
1218,-4.338327978842643,-4.103704646229744,1.02,-0.354003196531,86dd3a804d78ca5d203ebf98747e8f16dff9713ba8950097ceb760b161e19907,Domains_SSE_PBE
1219,-4.338792391847338,-4.103704646229744,1.02,-0.354003196531,86dd3a804d78ca5d203ebf98747e8f16dff9713ba8950097ceb760b161e19907,Domains_SSE_PBE
1220,-4.339257006383734,-4.103704646229744,1.02,-0.354003196531,86dd3a804d78ca5d203ebf98747e8f16dff9713ba8950097ceb760b161e19907,Domains_SSE_PBE
1221,-4.339721822302457,-4.103704646229744,1.02,-0.354003196531,86dd3a804d78ca5d203ebf98747e8f16dff9713ba8950097ceb760b161e19907,Domains_SSE_PBE
1222,-4.340186839454343,-4.103704646229744,1.02,-0.354003196531,86dd3a804d78ca5d203ebf98747e8f16dff9713ba8950097ceb760b161e19907,Domains_SSE_PBE
1223,-4.340652057690438,-4.103704646229744,1.02,-0.354003196531,86dd3a804d78ca5d203ebf98747e8f16dff9713ba8950097ceb760b161e19907,Domains_SSE_PBE
1224,-4.341117476861994,-4.103704646229744,1.02,-0.354003196531,86dd3a804d78ca5d203ebf98747e8f16dff9713ba8950097ceb760b161e19907,Domains_SSE_PBE
1225,-4.341583096820476,-4.103704646229744,1.02,-0.354003196531,86dd3a804d78ca5d203ebf98747e8f16dff9713ba8950097ceb760b161e19907,Domains_SSE_PBE
1226,-4.342048917417551,-4.103704646229744,1.02,-0.354003196531,86dd3a804d78ca5d203ebf98747e8f16dff9713ba8950097ceb760b161e19907,Domains_SSE_PBE
1227,-4.342514938505098,-4.103704646229744,1.02,-0.354003196531,86dd3a804d78ca5d203ebf98747e8f16dff9713ba8950097ceb760b161e19907,Domains_SSE_PBE
1228,-4.342981159935202,-4.103704646229744,1.02,-0.354003196531,86dd3a804d78ca5d203ebf98747e8f16dff9713ba8950097ceb760b161e19907,Domains_SSE_PBE
1229,-4.343447581560154,-4.103704646229744,1.02,-0.354003196531,86dd3a804d78ca5d203ebf98747e8f16dff9713ba8950097ceb760b161e19907,Domains_SSE_PBE
1230,-4.343914203232451,-4.103704646229744,1.02,-0.354003196531,86dd3a804d78ca5d203ebf98747e8f16dff9713ba8950097ceb760b161e19907,Domains_SSE_PBE
1231,-4.344381024804798,-4.103704646229744,1.02,-0.354003196531,86dd3a804d78ca5d203ebf98747e8f16dff9713ba8950097ceb760b161e19907,Domains_SSE_PBE
1232,-4.344848046130102,-4.103704646229744,1.02,-0.354003196531,86dd3a804d78ca5d203ebf98747e8f16dff9713ba8950097ceb760b161e19907,Domains_SSE_PBE
1233,-4.345315267061479,-4.103704646229744,1.02,-0.354003196531,86dd3a804d78ca5d203ebf98747e8f16dff9713ba8950097ceb760b161e19907,Domains_SSE_PBE
1234,-4.345782687452245,-4.103704646229744,1.02,-0.354003196531,86dd3a804d78ca5d203ebf98747e8f16dff9713ba8950097ceb760b161e19907,Domains_SSE_PBE
1235,-4.346250307155926,-4.103704646229744,1.02,-0.354003196531,86dd3a804d78ca5d203ebf98747e8f16dff9713ba8950097ceb760b161e19907,Domains_SSE_PBE
1236,-4.346718126026246,-4.103704646229744,1.02,-0.354003196531,86dd3a804d78ca5d203ebf98747e8f16dff9713ba8950097ceb760b161e19907,Domains_SSE_PBE
1237,-4.347186143917137,-4.103704646229744,1.02,-0.354003196531,86dd3a804d78ca5d203ebf98747e8f16dff9713ba8950097ceb760b161e19907,Domains_SSE_PBE
1238,-4.347654360682732,-4.103704646229744,1.02,-0.354003196531,86dd3a804d78ca5d203ebf98747e8f16dff9713ba8950097ceb760b161e19907,Domains_SSE_PBE
1239,-4.348122776177366,-4.103704646229744,1.02,-0.354003196531,86dd3a804d78ca5d203ebf98747e8f16dff9713ba8950097ceb760b161e19907,Domains_SSE_PBE
1240,-4.348591390255577,-4.103704646229744,1.02,-0.354003196531,86dd3a804d78ca5d203ebf98747e8f16dff9713ba8950097ceb760b161e19907,Domains_SSE_PBE
1241,-4.349060202772106,-4.103704646229744,1.02,-0.354003196531,86dd3a804d78ca5d203ebf98747e8f16dff9713ba8950097ceb760b161e19907,Domains_SSE_PBE
1242,-4.349529213581895,-4.103704646229744,1.02,-0.354003196531,86dd3a804d78ca5d203ebf98747e8f16dff9713ba8950097ceb760b161e19907,Domains_SSE_PBE
1243,-4.349998422540085,-4.103704646229744,1.02,-0.354003196531,86dd3a804d78ca5d203ebf98747e8f16dff9713ba8950097ceb760b161e19907,Domains_SSE_PBE
1244,-4.35046782950202,-4.103704646229744,1.02,-0.354003196531,86dd3a804d78ca5d203ebf98747e8f16dff9713ba8950097ceb760b161e19907,Domains_SSE_PBE
1245,-4.350937434323243,-4.103704646229744,1.02,-0.354003196531,86dd3a804d78ca5d203ebf98747e8f16dff9713ba8950097ceb760b161e19907,Domains_SSE_PBE
1246,-4.351407236859498,-4.103704646229744,1.02,-0.354003196531,86dd3a804d78ca5d203ebf98747e8f16dff9713ba8950097ceb760b161e19907,Domains_SSE_PBE
1247,-4.351877236966729,-4.103704646229744,1.02,-0.354003196531,86dd3a804d78ca5d203ebf98747e8f16dff9713ba8950097ceb760b161e19907,Domains_SSE_PBE
1248,-4.352347434501076,-4.103704646229744,1.02,-0.354003196531,86dd3a804d78ca5d203ebf98747e8f16dff9713ba8950097ceb760b161e19907,Domains_SSE_PBE
1249,-4.35281782931888,-4.103704646229744,1.02,-0.354003196531,86dd3a804d78ca5d203ebf98747e8f16dff9713ba8950097ceb760b161e19907,Domains_SSE_PBE
1250,-4.353288421276682,-4.103704646229744,1.02,-0.354003196531,86dd3a804d78ca5d203ebf98747e8f16dff9713ba8950097ceb760b161e19907,Domains_SSE_PBE
1251,-4.353759210231217,-4.103704646229744,1.02,-0.354003196531,86dd3a804d78ca5d203ebf98747e8f16dff9713ba8950097ceb760b161e19907,Domains_SSE_PBE
1252,-4.354230196039421,-4.103704646229744,1.02,-0.354003196531,86dd3a804d78ca5d203ebf98747e8f16dff9713ba8950097ceb760b161e19907,Domains_SSE_PBE
1253,-4.354701378558424,-4.103704646229744,1.02,-0.354003196531,86dd3a804d78ca5d203ebf98747e8f16dff9713ba8950097ceb760b161e19907,Domains_SSE_PBE
1254,-4.355172757645557,-4.103704646229744,1.02,-0.354003196531,86dd3a804d78ca5d203ebf98747e8f16dff9713ba8950097ceb760b161e19907,Domains_SSE_PBE
1255,-4.355644333158344,-4.103704646229744,1.02,-0.354003196531,86dd3a804d78ca5d203ebf98747e8f16dff9713ba8950097ceb760b161e19907,Domains_SSE_PBE
1256,-4.356116104954506,-4.103704646229744,1.02,-0.354003196531,86dd3a804d78ca5d203ebf98747e8f16dff9713ba8950097ceb760b161e19907,Domains_SSE_PBE
1257,-4.356588072891959,-4.103704646229744,1.02,-0.354003196531,86dd3a804d78ca5d203ebf98747e8f16dff9713ba8950097ceb760b161e19907,Domains_SSE_PBE
1258,-4.357060236828817,-4.103704646229744,1.02,-0.354003196531,86dd3a804d78ca5d203ebf98747e8f16dff9713ba8950097ceb760b161e19907,Domains_SSE_PBE
1259,-4.357532596623384,-4.103704646229744,1.02,-0.354003196531,86dd3a804d78ca5d203ebf98747e8f16dff9713ba8950097ceb760b161e19907,Domains_SSE_PBE
1260,-4.358005152134165,-4.103704646229744,1.02,-0.354003196531,86dd3a804d78ca5d203ebf98747e8f16dff9713ba8950097ceb760b161e19907,Domains_SSE_PBE
1261,-4.358477903219853,-4.103704646229744,1.02,-0.354003196531,86dd3a804d78ca5d203ebf98747e8f16dff9713ba8950097ceb760b161e19907,Domains_SSE_PBE
1262,-4.358950849739339,-4.103704646229744,1.02,-0.354003196531,86dd3a804d78ca5d203ebf98747e8f16dff9713ba8950097ceb760b161e19907,Domains_SSE_PBE
1263,-4.359423991551704,-4.103704646229744,1.02,-0.354003196531,86dd3a804d78ca5d203ebf98747e8f16dff9713ba8950097ceb760b161e19907,Domains_SSE_PBE
1264,-4.359897328516224,-4.103704646229744,1.02,-0.354003196531,86dd3a804d78ca5d203ebf98747e8f16dff9713ba8950097ceb760b161e19907,Domains_SSE_PBE
1265,-4.360370860492369,-4.103704646229744,1.02,-0.354003196531,86dd3a804d78ca5d203ebf98747e8f16dff9713ba8950097ceb760b161e19907,Domains_SSE_PBE
1266,-4.360844587339799,-4.103704646229744,1.02,-0.354003196531,86dd3a804d78ca5d203ebf98747e8f16dff9713ba8950097ceb760b161e19907,Domains_SSE_PBE
1267,-4.361318508918366,-4.103704646229744,1.02,-0.354003196531,86dd3a804d78ca5d203ebf98747e8f16dff9713ba8950097ceb760b161e19907,Domains_SSE_PBE
1268,-4.361792625088114,-4.103704646229744,1.02,-0.354003196531,86dd3a804d78ca5d203ebf98747e8f16dff9713ba8950097ceb760b161e19907,Domains_SSE_PBE
1269,-4.362266935709278,-4.103704646229744,1.02,-0.354003196531,86dd3a804d78ca5d203ebf98747e8f16dff9713ba8950097ceb760b161e19907,Domains_SSE_PBE
1270,-4.362741440642287,-4.103704646229744,1.02,-0.354003196531,86dd3a804d78ca5d203ebf98747e8f16dff9713ba8950097ceb760b161e19907,Domains_SSE_PBE
1271,-4.363216139747753,-4.103704646229744,1.02,-0.354003196531,86dd3a804d78ca5d203ebf98747e8f16dff9713ba8950097ceb760b161e19907,Domains_SSE_PBE
1272,-4.363691032886486,-4.103704646229744,1.02,-0.354003196531,86dd3a804d78ca5d203ebf98747e8f16dff9713ba8950097ceb760b161e19907,Domains_SSE_PBE
1273,-4.364166119919481,-4.103704646229744,1.02,-0.354003196531,86dd3a804d78ca5d203ebf98747e8f16dff9713ba8950097ceb760b161e19907,Domains_SSE_PBE
1274,-4.364641400707923,-4.103704646229744,1.02,-0.354003196531,86dd3a804d78ca5d203ebf98747e8f16dff9713ba8950097ceb760b161e19907,Domains_SSE_PBE
1275,-4.365116875113186,-4.103704646229744,1.02,-0.354003196531,86dd3a804d78ca5d203ebf98747e8f16dff9713ba8950097ceb760b161e19907,Domains_SSE_PBE
1276,-4.365592542996835,-4.103704646229744,1.02,-0.354003196531,86dd3a804d78ca5d203ebf98747e8f16dff9713ba8950097ceb760b161e19907,Domains_SSE_PBE
1277,-4.36606840422062,-4.103704646229744,1.02,-0.354003196531,86dd3a804d78ca5d203ebf98747e8f16dff9713ba8950097ceb760b161e19907,Domains_SSE_PBE
1278,-4.36654445864648,-4.103704646229744,1.02,-0.354003196531,86dd3a804d78ca5d203ebf98747e8f16dff9713ba8950097ceb760b161e19907,Domains_SSE_PBE
1279,-4.367020706136543,-4.103704646229744,1.02,-0.354003196531,86dd3a804d78ca5d203ebf98747e8f16dff9713ba8950097ceb760b161e19907,Domains_SSE_PBE
1280,-4.367497146553122,-4.103704646229744,1.02,-0.354003196531,86dd3a804d78ca5d203ebf98747e8f16dff9713ba8950097ceb760b161e19907,Domains_SSE_PBE
1281,-4.367973779758717,-4.103704646229744,1.02,-0.354003196531,86dd3a804d78ca5d203ebf98747e8f16dff9713ba8950097ceb760b161e19907,Domains_SSE_PBE
1282,-4.368450605616016,-4.103704646229744,1.02,-0.354003196531,86dd3a804d78ca5d203ebf98747e8f16dff9713ba8950097ceb760b161e19907,Domains_SSE_PBE
1283,-4.368927623987892,-4.103704646229744,1.02,-0.354003196531,86dd3a804d78ca5d203ebf98747e8f16dff9713ba8950097ceb760b161e19907,Domains_SSE_PBE
1284,-4.369404834737403,-4.103704646229744,1.02,-0.354003196531,86dd3a804d78ca5d203ebf98747e8f16dff9713ba8950097ceb760b161e19907,Domains_SSE_PBE
1285,-4.369882237727794,-4.103704646229744,1.02,-0.354003196531,86dd3a804d78ca5d203ebf98747e8f16dff9713ba8950097ceb760b161e19907,Domains_SSE_PBE
1286,-4.370359832822493,-4.103704646229744,1.02,-0.354003196531,86dd3a804d78ca5d203ebf98747e8f16dff9713ba8950097ceb760b161e19907,Domains_SSE_PBE
1287,-4.370837619885116,-4.103704646229744,1.02,-0.354003196531,86dd3a804d78ca5d203ebf98747e8f16dff9713ba8950097ceb760b161e19907,Domains_SSE_PBE
1288,-4.37131559877946,-4.103704646229744,1.02,-0.354003196531,86dd3a804d78ca5d203ebf98747e8f16dff9713ba8950097ceb760b161e19907,Domains_SSE_PBE
1289,-4.371793769369506,-4.103704646229744,1.02,-0.354003196531,86dd3a804d78ca5d203ebf98747e8f16dff9713ba8950097ceb760b161e19907,Domains_SSE_PBE
1290,-4.37227213151942,-4.103704646229744,1.02,-0.354003196531,86dd3a804d78ca5d203ebf98747e8f16dff9713ba8950097ceb760b161e19907,Domains_SSE_PBE
1291,-4.372750685093553,-4.103704646229744,1.02,-0.354003196531,86dd3a804d78ca5d203ebf98747e8f16dff9713ba8950097ceb760b161e19907,Domains_SSE_PBE
1292,-4.373229429956433,-4.103704646229744,1.02,-0.354003196531,86dd3a804d78ca5d203ebf98747e8f16dff9713ba8950097ceb760b161e19907,Domains_SSE_PBE
1293,-4.373708365972778,-4.103704646229744,1.02,-0.354003196531,86dd3a804d78ca5d203ebf98747e8f16dff9713ba8950097ceb760b161e19907,Domains_SSE_PBE
1294,-4.374187493007483,-4.103704646229744,1.02,-0.354003196531,86dd3a804d78ca5d203ebf98747e8f16dff9713ba8950097ceb760b161e19907,Domains_SSE_PBE
1295,-4.374666810925626,-4.103704646229744,1.02,-0.354003196531,86dd3a804d78ca5d203ebf98747e8f16dff9713ba8950097ceb760b161e19907,Domains_SSE_PBE
1296,-4.375146319592467,-4.103704646229744,1.02,-0.354003196531,86dd3a804d78ca5d203ebf98747e8f16dff9713ba8950097ceb760b161e19907,Domains_SSE_PBE
1297,-4.375626018873447,-4.103704646229744,1.02,-0.354003196531,86dd3a804d78ca5d203ebf98747e8f16dff9713ba8950097ceb760b161e19907,Domains_SSE_PBE
1298,-4.376105908634188,-4.103704646229744,1.02,-0.354003196531,86dd3a804d78ca5d203ebf98747e8f16dff9713ba8950097ceb760b161e19907,Domains_SSE_PBE
1299,-4.376585988740492,-4.103704646229744,1.02,-0.354003196531,86dd3a804d78ca5d203ebf98747e8f16dff9713ba8950097ceb760b161e19907,Domains_SSE_PBE
1300,-4.377066259058341,-4.103704646229744,1.02,-0.354003196531,86dd3a804d78ca5d203ebf98747e8f16dff9713ba8950097ceb760b161e19907,Domains_SSE_PBE
1301,-4.377546719453897,-4.103704646229744,1.02,-0.354003196531,86dd3a804d78ca5d203ebf98747e8f16dff9713ba8950097ceb760b161e19907,Domains_SSE_PBE
1302,-4.378027369793503,-4.103704646229744,1.02,-0.354003196531,86dd3a804d78ca5d203ebf98747e8f16dff9713ba8950097ceb760b161e19907,Domains_SSE_PBE
1303,-4.378508209943679,-4.103704646229744,1.02,-0.354003196531,86dd3a804d78ca5d203ebf98747e8f16dff9713ba8950097ceb760b161e19907,Domains_SSE_PBE
1304,-4.378989239771123,-4.103704646229744,1.02,-0.354003196531,86dd3a804d78ca5d203ebf98747e8f16dff9713ba8950097ceb760b161e19907,Domains_SSE_PBE
1305,-4.379470459142714,-4.103704646229744,1.02,-0.354003196531,86dd3a804d78ca5d203ebf98747e8f16dff9713ba8950097ceb760b161e19907,Domains_SSE_PBE
1306,-4.379951867925508,-4.103704646229744,1.02,-0.354003196531,86dd3a804d78ca5d203ebf98747e8f16dff9713ba8950097ceb760b161e19907,Domains_SSE_PBE
1307,-4.380433465986737,-4.103704646229744,1.02,-0.354003196531,86dd3a804d78ca5d203ebf98747e8f16dff9713ba8950097ceb760b161e19907,Domains_SSE_PBE
1308,-4.380915253193814,-4.103704646229744,1.02,-0.354003196531,86dd3a804d78ca5d203ebf98747e8f16dff9713ba8950097ceb760b161e19907,Domains_SSE_PBE
1309,-4.381397229414327,-4.103704646229744,1.02,-0.354003196531,86dd3a804d78ca5d203ebf98747e8f16dff9713ba8950097ceb760b161e19907,Domains_SSE_PBE
1310,-4.381879394516039,-4.103704646229744,1.02,-0.354003196531,86dd3a804d78ca5d203ebf98747e8f16dff9713ba8950097ceb760b161e19907,Domains_SSE_PBE
1311,-4.382361748366892,-4.103704646229744,1.02,-0.354003196531,86dd3a804d78ca5d203ebf98747e8f16dff9713ba8950097ceb760b161e19907,Domains_SSE_PBE
1312,-4.382844290835004,-4.103704646229744,1.02,-0.354003196531,86dd3a804d78ca5d203ebf98747e8f16dff9713ba8950097ceb760b161e19907,Domains_SSE_PBE
1313,-4.383327021788666,-4.103704646229744,1.02,-0.354003196531,86dd3a804d78ca5d203ebf98747e8f16dff9713ba8950097ceb760b161e19907,Domains_SSE_PBE
1314,-4.383809941096349,-4.103704646229744,1.02,-0.354003196531,86dd3a804d78ca5d203ebf98747e8f16dff9713ba8950097ceb760b161e19907,Domains_SSE_PBE
1315,-4.384293048626694,-4.103704646229744,1.02,-0.354003196531,86dd3a804d78ca5d203ebf98747e8f16dff9713ba8950097ceb760b161e19907,Domains_SSE_PBE
1316,-4.384776344248519,-4.103704646229744,1.02,-0.354003196531,86dd3a804d78ca5d203ebf98747e8f16dff9713ba8950097ceb760b161e19907,Domains_SSE_PBE
1317,-4.385259827830819,-4.103704646229744,1.02,-0.354003196531,86dd3a804d78ca5d203ebf98747e8f16dff9713ba8950097ceb760b161e19907,Domains_SSE_PBE
1318,-4.385743499242757,-4.103704646229744,1.02,-0.354003196531,86dd3a804d78ca5d203ebf98747e8f16dff9713ba8950097ceb760b161e19907,Domains_SSE_PBE
1319,-4.386227358353676,-4.103704646229744,1.02,-0.354003196531,86dd3a804d78ca5d203ebf98747e8f16dff9713ba8950097ceb760b161e19907,Domains_SSE_PBE
1320,-4.386711405033089,-4.103704646229744,1.02,-0.354003196531,86dd3a804d78ca5d203ebf98747e8f16dff9713ba8950097ceb760b161e19907,Domains_SSE_PBE
1321,-4.387195639150683,-4.103704646229744,1.02,-0.354003196531,86dd3a804d78ca5d203ebf98747e8f16dff9713ba8950097ceb760b161e19907,Domains_SSE_PBE
1322,-4.387680060576316,-4.103704646229744,1.02,-0.354003196531,86dd3a804d78ca5d203ebf98747e8f16dff9713ba8950097ceb760b161e19907,Domains_SSE_PBE
1323,-4.388164669180021,-4.103704646229744,1.02,-0.354003196531,86dd3a804d78ca5d203ebf98747e8f16dff9713ba8950097ceb760b161e19907,Domains_SSE_PBE
1324,-4.388649464832002,-4.103704646229744,1.02,-0.354003196531,86dd3a804d78ca5d203ebf98747e8f16dff9713ba8950097ceb760b161e19907,Domains_SSE_PBE
1325,-4.389134447402634,-4.103704646229744,1.02,-0.354003196531,86dd3a804d78ca5d203ebf98747e8f16dff9713ba8950097ceb760b161e19907,Domains_SSE_PBE
1326,-4.389619616762467,-4.103704646229744,1.02,-0.354003196531,86dd3a804d78ca5d203ebf98747e8f16dff9713ba8950097ceb760b161e19907,Domains_SSE_PBE
1327,-4.390104972782217,-4.103704646229744,1.02,-0.354003196531,86dd3a804d78ca5d203ebf98747e8f16dff9713ba8950097ceb760b161e19907,Domains_SSE_PBE
1328,-4.390590515332773,-4.103704646229744,1.02,-0.354003196531,86dd3a804d78ca5d203ebf98747e8f16dff9713ba8950097ceb760b161e19907,Domains_SSE_PBE
1329,-4.391076244285195,-4.103704646229744,1.02,-0.354003196531,86dd3a804d78ca5d203ebf98747e8f16dff9713ba8950097ceb760b161e19907,Domains_SSE_PBE
1330,-4.391562159510713,-4.103704646229744,1.02,-0.354003196531,86dd3a804d78ca5d203ebf98747e8f16dff9713ba8950097ceb760b161e19907,Domains_SSE_PBE
1331,-4.392048260880729,-4.103704646229744,1.02,-0.354003196531,86dd3a804d78ca5d203ebf98747e8f16dff9713ba8950097ceb760b161e19907,Domains_SSE_PBE
1332,-4.392534548266808,-4.103704646229744,1.02,-0.354003196531,86dd3a804d78ca5d203ebf98747e8f16dff9713ba8950097ceb760b161e19907,Domains_SSE_PBE
1333,-4.393021021540692,-4.103704646229744,1.02,-0.354003196531,86dd3a804d78ca5d203ebf98747e8f16dff9713ba8950097ceb760b161e19907,Domains_SSE_PBE
1334,-4.393507680574286,-4.103704646229744,1.02,-0.354003196531,86dd3a804d78ca5d203ebf98747e8f16dff9713ba8950097ceb760b161e19907,Domains_SSE_PBE
1335,-4.393994525239668,-4.103704646229744,1.02,-0.354003196531,86dd3a804d78ca5d203ebf98747e8f16dff9713ba8950097ceb760b161e19907,Domains_SSE_PBE
1336,-4.394481555409081,-4.103704646229744,1.02,-0.354003196531,86dd3a804d78ca5d203ebf98747e8f16dff9713ba8950097ceb760b161e19907,Domains_SSE_PBE
1337,-4.394968770954938,-4.103704646229744,1.02,-0.354003196531,86dd3a804d78ca5d203ebf98747e8f16dff9713ba8950097ceb760b161e19907,Domains_SSE_PBE
1338,-4.395456171749817,-4.103704646229744,1.02,-0.354003196531,86dd3a804d78ca5d203ebf98747e8f16dff9713ba8950097ceb760b161e19907,Domains_SSE_PBE
1339,-4.395943757666466,-4.103704646229744,1.02,-0.354003196531,86dd3a804d78ca5d203ebf98747e8f16dff9713ba8950097ceb760b161e19907,Domains_SSE_PBE
1340,-4.396431528577802,-4.103704646229744,1.02,-0.354003196531,86dd3a804d78ca5d203ebf98747e8f16dff9713ba8950097ceb760b161e19907,Domains_SSE_PBE
1341,-4.396919484356901,-4.103704646229744,1.02,-0.354003196531,86dd3a804d78ca5d203ebf98747e8f16dff9713ba8950097ceb760b161e19907,Domains_SSE_PBE
1342,-4.397407624877014,-4.103704646229744,1.02,-0.354003196531,86dd3a804d78ca5d203ebf98747e8f16dff9713ba8950097ceb760b161e19907,Domains_SSE_PBE
1343,-4.397895950011552,-4.103704646229744,1.02,-0.354003196531,86dd3a804d78ca5d203ebf98747e8f16dff9713ba8950097ceb760b161e19907,Domains_SSE_PBE
1344,-4.398384459634095,-4.103704646229744,1.02,-0.354003196531,86dd3a804d78ca5d203ebf98747e8f16dff9713ba8950097ceb760b161e19907,Domains_SSE_PBE
1345,-4.398873153618387,-4.103704646229744,1.02,-0.354003196531,86dd3a804d78ca5d203ebf98747e8f16dff9713ba8950097ceb760b161e19907,Domains_SSE_PBE
1346,-4.399362031838339,-4.103704646229744,1.02,-0.354003196531,86dd3a804d78ca5d203ebf98747e8f16dff9713ba8950097ceb760b161e19907,Domains_SSE_PBE
1347,-4.399851094168024,-4.103704646229744,1.02,-0.354003196531,86dd3a804d78ca5d203ebf98747e8f16dff9713ba8950097ceb760b161e19907,Domains_SSE_PBE
1348,-4.400340340481682,-4.103704646229744,1.02,-0.354003196531,86dd3a804d78ca5d203ebf98747e8f16dff9713ba8950097ceb760b161e19907,Domains_SSE_PBE
1349,-4.400829770653716,-4.103704646229744,1.02,-0.354003196531,86dd3a804d78ca5d203ebf98747e8f16dff9713ba8950097ceb760b161e19907,Domains_SSE_PBE
1350,-4.401319384558692,-4.103704646229744,1.02,-0.354003196531,86dd3a804d78ca5d203ebf98747e8f16dff9713ba8950097ceb760b161e19907,Domains_SSE_PBE
1351,-4.401809182071343,-4.103704646229744,1.02,-0.354003196531,86dd3a804d78ca5d203ebf98747e8f16dff9713ba8950097ceb760b161e19907,Domains_SSE_PBE
1352,-4.402299163066562,-4.103704646229744,1.02,-0.354003196531,86dd3a804d78ca5d203ebf98747e8f16dff9713ba8950097ceb760b161e19907,Domains_SSE_PBE
1353,-4.402789327419407,-4.103704646229744,1.02,-0.354003196531,86dd3a804d78ca5d203ebf98747e8f16dff9713ba8950097ceb760b161e19907,Domains_SSE_PBE
1354,-4.403279675005096,-4.103704646229744,1.02,-0.354003196531,86dd3a804d78ca5d203ebf98747e8f16dff9713ba8950097ceb760b161e19907,Domains_SSE_PBE
1355,-4.403770205699011,-4.103704646229744,1.02,-0.354003196531,86dd3a804d78ca5d203ebf98747e8f16dff9713ba8950097ceb760b161e19907,Domains_SSE_PBE
1356,-4.4042609193767,-4.103704646229744,1.02,-0.354003196531,86dd3a804d78ca5d203ebf98747e8f16dff9713ba8950097ceb760b161e19907,Domains_SSE_PBE
1357,-4.404751815913865,-4.103704646229744,1.02,-0.354003196531,86dd3a804d78ca5d203ebf98747e8f16dff9713ba8950097ceb760b161e19907,Domains_SSE_PBE
1358,-4.405242895186376,-4.103704646229744,1.02,-0.354003196531,86dd3a804d78ca5d203ebf98747e8f16dff9713ba8950097ceb760b161e19907,Domains_SSE_PBE
1359,-4.405734157070262,-4.103704646229744,1.02,-0.354003196531,86dd3a804d78ca5d203ebf98747e8f16dff9713ba8950097ceb760b161e19907,Domains_SSE_PBE
1360,-4.406225601441712,-4.103704646229744,1.02,-0.354003196531,86dd3a804d78ca5d203ebf98747e8f16dff9713ba8950097ceb760b161e19907,Domains_SSE_PBE
1361,-4.406717228177075,-4.103704646229744,1.02,-0.354003196531,86dd3a804d78ca5d203ebf98747e8f16dff9713ba8950097ceb760b161e19907,Domains_SSE_PBE
1362,-4.407209037152864,-4.103704646229744,1.02,-0.354003196531,86dd3a804d78ca5d203ebf98747e8f16dff9713ba8950097ceb760b161e19907,Domains_SSE_PBE
1363,-4.407701028245747,-4.103704646229744,1.02,-0.354003196531,86dd3a804d78ca5d203ebf98747e8f16dff9713ba8950097ceb760b161e19907,Domains_SSE_PBE
1364,-4.408193201332558,-4.103704646229744,1.02,-0.354003196531,86dd3a804d78ca5d203ebf98747e8f16dff9713ba8950097ceb760b161e19907,Domains_SSE_PBE
1365,-4.408685556290285,-4.103704646229744,1.02,-0.354003196531,86dd3a804d78ca5d203ebf98747e8f16dff9713ba8950097ceb760b161e19907,Domains_SSE_PBE
1366,-4.409178092996076,-4.103704646229744,1.02,-0.354003196531,86dd3a804d78ca5d203ebf98747e8f16dff9713ba8950097ceb760b161e19907,Domains_SSE_PBE
1367,-4.409670811327241,-4.103704646229744,1.02,-0.354003196531,86dd3a804d78ca5d203ebf98747e8f16dff9713ba8950097ceb760b161e19907,Domains_SSE_PBE
1368,-4.410163711161244,-4.103704646229744,1.02,-0.354003196531,86dd3a804d78ca5d203ebf98747e8f16dff9713ba8950097ceb760b161e19907,Domains_SSE_PBE
1369,-4.410656792375711,-4.103704646229744,1.02,-0.354003196531,86dd3a804d78ca5d203ebf98747e8f16dff9713ba8950097ceb760b161e19907,Domains_SSE_PBE
1370,-4.411150054848425,-4.103704646229744,1.02,-0.354003196531,86dd3a804d78ca5d203ebf98747e8f16dff9713ba8950097ceb760b161e19907,Domains_SSE_PBE
1371,-4.411643498457323,-4.103704646229744,1.02,-0.354003196531,86dd3a804d78ca5d203ebf98747e8f16dff9713ba8950097ceb760b161e19907,Domains_SSE_PBE
1372,-4.412137123080507,-4.103704646229744,1.02,-0.354003196531,86dd3a804d78ca5d203ebf98747e8f16dff9713ba8950097ceb760b161e19907,Domains_SSE_PBE
1373,-4.412630928596228,-4.103704646229744,1.02,-0.354003196531,86dd3a804d78ca5d203ebf98747e8f16dff9713ba8950097ceb760b161e19907,Domains_SSE_PBE
1374,-4.4131249148829,-4.103704646229744,1.02,-0.354003196531,86dd3a804d78ca5d203ebf98747e8f16dff9713ba8950097ceb760b161e19907,Domains_SSE_PBE
1375,-4.41361908181909,-4.103704646229744,1.02,-0.354003196531,86dd3a804d78ca5d203ebf98747e8f16dff9713ba8950097ceb760b161e19907,Domains_SSE_PBE
1376,-4.414113429283522,-4.103704646229744,1.02,-0.354003196531,86dd3a804d78ca5d203ebf98747e8f16dff9713ba8950097ceb760b161e19907,Domains_SSE_PBE
1377,-4.414607957155076,-4.103704646229744,1.02,-0.354003196531,86dd3a804d78ca5d203ebf98747e8f16dff9713ba8950097ceb760b161e19907,Domains_SSE_PBE
1378,-4.41510266531279,-4.103704646229744,1.02,-0.354003196531,86dd3a804d78ca5d203ebf98747e8f16dff9713ba8950097ceb760b161e19907,Domains_SSE_PBE
1379,-4.415597553635852,-4.103704646229744,1.02,-0.354003196531,86dd3a804d78ca5d203ebf98747e8f16dff9713ba8950097ceb760b161e19907,Domains_SSE_PBE
1380,-4.416092622003609,-4.103704646229744,1.02,-0.354003196531,86dd3a804d78ca5d203ebf98747e8f16dff9713ba8950097ceb760b161e19907,Domains_SSE_PBE
1381,-4.416587870295562,-4.103704646229744,1.02,-0.354003196531,86dd3a804d78ca5d203ebf98747e8f16dff9713ba8950097ceb760b161e19907,Domains_SSE_PBE
1382,-4.417083298391367,-4.103704646229744,1.02,-0.354003196531,86dd3a804d78ca5d203ebf98747e8f16dff9713ba8950097ceb760b161e19907,Domains_SSE_PBE
1383,-4.417578906170835,-4.103704646229744,1.02,-0.354003196531,86dd3a804d78ca5d203ebf98747e8f16dff9713ba8950097ceb760b161e19907,Domains_SSE_PBE
1384,-4.418074693513928,-4.103704646229744,1.02,-0.354003196531,86dd3a804d78ca5d203ebf98747e8f16dff9713ba8950097ceb760b161e19907,Domains_SSE_PBE
1385,-4.418570660300763,-4.103704646229744,1.02,-0.354003196531,86dd3a804d78ca5d203ebf98747e8f16dff9713ba8950097ceb760b161e19907,Domains_SSE_PBE
1386,-4.419066806411612,-4.103704646229744,1.02,-0.354003196531,86dd3a804d78ca5d203ebf98747e8f16dff9713ba8950097ceb760b161e19907,Domains_SSE_PBE
1387,-4.419563131726898,-4.103704646229744,1.02,-0.354003196531,86dd3a804d78ca5d203ebf98747e8f16dff9713ba8950097ceb760b161e19907,Domains_SSE_PBE
1388,-4.420059636127197,-4.103704646229744,1.02,-0.354003196531,86dd3a804d78ca5d203ebf98747e8f16dff9713ba8950097ceb760b161e19907,Domains_SSE_PBE
1389,-4.42055631949324,-4.103704646229744,1.02,-0.354003196531,86dd3a804d78ca5d203ebf98747e8f16dff9713ba8950097ceb760b161e19907,Domains_SSE_PBE
1390,-4.421053181705908,-4.103704646229744,1.02,-0.354003196531,86dd3a804d78ca5d203ebf98747e8f16dff9713ba8950097ceb760b161e19907,Domains_SSE_PBE
1391,-4.421550222646234,-4.103704646229744,1.02,-0.354003196531,86dd3a804d78ca5d203ebf98747e8f16dff9713ba8950097ceb760b161e19907,Domains_SSE_PBE
1392,-4.422047442195401,-4.103704646229744,1.02,-0.354003196531,86dd3a804d78ca5d203ebf98747e8f16dff9713ba8950097ceb760b161e19907,Domains_SSE_PBE
1393,-4.42254484023475,-4.103704646229744,1.02,-0.354003196531,86dd3a804d78ca5d203ebf98747e8f16dff9713ba8950097ceb760b161e19907,Domains_SSE_PBE
1394,-4.423042416645765,-4.103704646229744,1.02,-0.354003196531,86dd3a804d78ca5d203ebf98747e8f16dff9713ba8950097ceb760b161e19907,Domains_SSE_PBE
1395,-4.423540171310087,-4.103704646229744,1.02,-0.354003196531,86dd3a804d78ca5d203ebf98747e8f16dff9713ba8950097ceb760b161e19907,Domains_SSE_PBE
1396,-4.424038104109504,-4.103704646229744,1.02,-0.354003196531,86dd3a804d78ca5d203ebf98747e8f16dff9713ba8950097ceb760b161e19907,Domains_SSE_PBE
1397,-4.424536214925954,-4.103704646229744,1.02,-0.354003196531,86dd3a804d78ca5d203ebf98747e8f16dff9713ba8950097ceb760b161e19907,Domains_SSE_PBE
1398,-4.42503450364153,-4.103704646229744,1.02,-0.354003196531,86dd3a804d78ca5d203ebf98747e8f16dff9713ba8950097ceb760b161e19907,Domains_SSE_PBE
1399,-4.42553297013847,-4.103704646229744,1.02,-0.354003196531,86dd3a804d78ca5d203ebf98747e8f16dff9713ba8950097ceb760b161e19907,Domains_SSE_PBE
1400,-4.426031614299161,-4.103704646229744,1.02,-0.354003196531,86dd3a804d78ca5d203ebf98747e8f16dff9713ba8950097ceb760b161e19907,Domains_SSE_PBE
1401,-4.426530436006144,-4.103704646229744,1.02,-0.354003196531,86dd3a804d78ca5d203ebf98747e8f16dff9713ba8950097ceb760b161e19907,Domains_SSE_PBE
1402,-4.427029435142104,-4.103704646229744,1.02,-0.354003196531,86dd3a804d78ca5d203ebf98747e8f16dff9713ba8950097ceb760b161e19907,Domains_SSE_PBE
1403,-4.427528611589878,-4.103704646229744,1.02,-0.354003196531,86dd3a804d78ca5d203ebf98747e8f16dff9713ba8950097ceb760b161e19907,Domains_SSE_PBE
1404,-4.42802796523245,-4.103704646229744,1.02,-0.354003196531,86dd3a804d78ca5d203ebf98747e8f16dff9713ba8950097ceb760b161e19907,Domains_SSE_PBE
1405,-4.428527495952951,-4.103704646229744,1.02,-0.354003196531,86dd3a804d78ca5d203ebf98747e8f16dff9713ba8950097ceb760b161e19907,Domains_SSE_PBE
1406,-4.429027203634663,-4.103704646229744,1.02,-0.354003196531,86dd3a804d78ca5d203ebf98747e8f16dff9713ba8950097ceb760b161e19907,Domains_SSE_PBE
1407,-4.429527088161014,-4.103704646229744,1.02,-0.354003196531,86dd3a804d78ca5d203ebf98747e8f16dff9713ba8950097ceb760b161e19907,Domains_SSE_PBE
1408,-4.430027149415579,-4.103704646229744,1.02,-0.354003196531,86dd3a804d78ca5d203ebf98747e8f16dff9713ba8950097ceb760b161e19907,Domains_SSE_PBE
1409,-4.430527387282078,-4.103704646229744,1.02,-0.354003196531,86dd3a804d78ca5d203ebf98747e8f16dff9713ba8950097ceb760b161e19907,Domains_SSE_PBE
1410,-4.431027801644384,-4.103704646229744,1.02,-0.354003196531,86dd3a804d78ca5d203ebf98747e8f16dff9713ba8950097ceb760b161e19907,Domains_SSE_PBE
1411,-4.43152839238651,-4.103704646229744,1.02,-0.354003196531,86dd3a804d78ca5d203ebf98747e8f16dff9713ba8950097ceb760b161e19907,Domains_SSE_PBE
1412,-4.432029159392619,-4.103704646229744,1.02,-0.354003196531,86dd3a804d78ca5d203ebf98747e8f16dff9713ba8950097ceb760b161e19907,Domains_SSE_PBE
1413,-4.432530102547018,-4.103704646229744,1.02,-0.354003196531,86dd3a804d78ca5d203ebf98747e8f16dff9713ba8950097ceb760b161e19907,Domains_SSE_PBE
1414,-4.433031221734163,-4.103704646229744,1.02,-0.354003196531,86dd3a804d78ca5d203ebf98747e8f16dff9713ba8950097ceb760b161e19907,Domains_SSE_PBE
1415,-4.433532516838651,-4.103704646229744,1.02,-0.354003196531,86dd3a804d78ca5d203ebf98747e8f16dff9713ba8950097ceb760b161e19907,Domains_SSE_PBE
1416,-4.434033987745228,-4.103704646229744,1.02,-0.354003196531,86dd3a804d78ca5d203ebf98747e8f16dff9713ba8950097ceb760b161e19907,Domains_SSE_PBE
1417,-4.434535634338784,-4.103704646229744,1.02,-0.354003196531,86dd3a804d78ca5d203ebf98747e8f16dff9713ba8950097ceb760b161e19907,Domains_SSE_PBE
1418,-4.435037456504352,-4.103704646229744,1.02,-0.354003196531,86dd3a804d78ca5d203ebf98747e8f16dff9713ba8950097ceb760b161e19907,Domains_SSE_PBE
1419,-4.43553945412711,-4.103704646229744,1.02,-0.354003196531,86dd3a804d78ca5d203ebf98747e8f16dff9713ba8950097ceb760b161e19907,Domains_SSE_PBE
1420,-4.436041627092382,-4.103704646229744,1.02,-0.354003196531,86dd3a804d78ca5d203ebf98747e8f16dff9713ba8950097ceb760b161e19907,Domains_SSE_PBE
1421,-4.436543975285636,-4.103704646229744,1.02,-0.354003196531,86dd3a804d78ca5d203ebf98747e8f16dff9713ba8950097ceb760b161e19907,Domains_SSE_PBE
1422,-4.43704649859248,-4.103704646229744,1.02,-0.354003196531,86dd3a804d78ca5d203ebf98747e8f16dff9713ba8950097ceb760b161e19907,Domains_SSE_PBE
1423,-4.43754919689867,-4.103704646229744,1.02,-0.354003196531,86dd3a804d78ca5d203ebf98747e8f16dff9713ba8950097ceb760b161e19907,Domains_SSE_PBE
1424,-4.438052070090102,-4.103704646229744,1.02,-0.354003196531,86dd3a804d78ca5d203ebf98747e8f16dff9713ba8950097ceb760b161e19907,Domains_SSE_PBE
1425,-4.438555118052817,-4.103704646229744,1.02,-0.354003196531,86dd3a804d78ca5d203ebf98747e8f16dff9713ba8950097ceb760b161e19907,Domains_SSE_PBE
1426,-4.439058340672997,-4.103704646229744,1.02,-0.354003196531,86dd3a804d78ca5d203ebf98747e8f16dff9713ba8950097ceb760b161e19907,Domains_SSE_PBE
1427,-4.439561737836966,-4.103704646229744,1.02,-0.354003196531,86dd3a804d78ca5d203ebf98747e8f16dff9713ba8950097ceb760b161e19907,Domains_SSE_PBE
1428,-4.440065309431192,-4.103704646229744,1.02,-0.354003196531,86dd3a804d78ca5d203ebf98747e8f16dff9713ba8950097ceb760b161e19907,Domains_SSE_PBE
1429,-4.440569055342285,-4.103704646229744,1.02,-0.354003196531,86dd3a804d78ca5d203ebf98747e8f16dff9713ba8950097ceb760b161e19907,Domains_SSE_PBE
1430,-4.441072975456996,-4.103704646229744,1.02,-0.354003196531,86dd3a804d78ca5d203ebf98747e8f16dff9713ba8950097ceb760b161e19907,Domains_SSE_PBE
1431,-4.441577069662215,-4.103704646229744,1.02,-0.354003196531,86dd3a804d78ca5d203ebf98747e8f16dff9713ba8950097ceb760b161e19907,Domains_SSE_PBE
1432,-4.442081337844976,-4.103704646229744,1.02,-0.354003196531,86dd3a804d78ca5d203ebf98747e8f16dff9713ba8950097ceb760b161e19907,Domains_SSE_PBE
1433,-4.442585779892454,-4.103704646229744,1.02,-0.354003196531,86dd3a804d78ca5d203ebf98747e8f16dff9713ba8950097ceb760b161e19907,Domains_SSE_PBE
1434,-4.443090395691963,-4.103704646229744,1.02,-0.354003196531,86dd3a804d78ca5d203ebf98747e8f16dff9713ba8950097ceb760b161e19907,Domains_SSE_PBE
1435,-4.443595185130956,-4.103704646229744,1.02,-0.354003196531,86dd3a804d78ca5d203ebf98747e8f16dff9713ba8950097ceb760b161e19907,Domains_SSE_PBE
1436,-4.444100148097032,-4.103704646229744,1.02,-0.354003196531,86dd3a804d78ca5d203ebf98747e8f16dff9713ba8950097ceb760b161e19907,Domains_SSE_PBE
1437,-4.444605284477923,-4.103704646229744,1.02,-0.354003196531,86dd3a804d78ca5d203ebf98747e8f16dff9713ba8950097ceb760b161e19907,Domains_SSE_PBE
1438,-4.445110594161505,-4.103704646229744,1.02,-0.354003196531,86dd3a804d78ca5d203ebf98747e8f16dff9713ba8950097ceb760b161e19907,Domains_SSE_PBE
1439,-4.445616077035792,-4.103704646229744,1.02,-0.354003196531,86dd3a804d78ca5d203ebf98747e8f16dff9713ba8950097ceb760b161e19907,Domains_SSE_PBE
1440,-4.446121732988937,-4.103704646229744,1.02,-0.354003196531,86dd3a804d78ca5d203ebf98747e8f16dff9713ba8950097ceb760b161e19907,Domains_SSE_PBE
1441,-4.446627561909231,-4.103704646229744,1.02,-0.354003196531,86dd3a804d78ca5d203ebf98747e8f16dff9713ba8950097ceb760b161e19907,Domains_SSE_PBE
1442,-4.447133563685107,-4.103704646229744,1.02,-0.354003196531,86dd3a804d78ca5d203ebf98747e8f16dff9713ba8950097ceb760b161e19907,Domains_SSE_PBE
1443,-4.44763973820513,-4.103704646229744,1.02,-0.354003196531,86dd3a804d78ca5d203ebf98747e8f16dff9713ba8950097ceb760b161e19907,Domains_SSE_PBE
1444,-4.44814608535801,-4.103704646229744,1.02,-0.354003196531,86dd3a804d78ca5d203ebf98747e8f16dff9713ba8950097ceb760b161e19907,Domains_SSE_PBE
1445,-4.448652605032592,-4.103704646229744,1.02,-0.354003196531,86dd3a804d78ca5d203ebf98747e8f16dff9713ba8950097ceb760b161e19907,Domains_SSE_PBE
1446,-4.449159297117857,-4.103704646229744,1.02,-0.354003196531,86dd3a804d78ca5d203ebf98747e8f16dff9713ba8950097ceb760b161e19907,Domains_SSE_PBE
1447,-4.449666161502927,-4.103704646229744,1.02,-0.354003196531,86dd3a804d78ca5d203ebf98747e8f16dff9713ba8950097ceb760b161e19907,Domains_SSE_PBE
1448,-4.450173198077058,-4.103704646229744,1.02,-0.354003196531,86dd3a804d78ca5d203ebf98747e8f16dff9713ba8950097ceb760b161e19907,Domains_SSE_PBE
1449,-4.450680406729644,-4.103704646229744,1.02,-0.354003196531,86dd3a804d78ca5d203ebf98747e8f16dff9713ba8950097ceb760b161e19907,Domains_SSE_PBE
1450,-4.451187787350216,-4.103704646229744,1.02,-0.354003196531,86dd3a804d78ca5d203ebf98747e8f16dff9713ba8950097ceb760b161e19907,Domains_SSE_PBE
1451,-4.451695339828441,-4.103704646229744,1.02,-0.354003196531,86dd3a804d78ca5d203ebf98747e8f16dff9713ba8950097ceb760b161e19907,Domains_SSE_PBE
1452,-4.452203064054122,-4.103704646229744,1.02,-0.354003196531,86dd3a804d78ca5d203ebf98747e8f16dff9713ba8950097ceb760b161e19907,Domains_SSE_PBE
1453,-4.452710959917199,-4.103704646229744,1.02,-0.354003196531,86dd3a804d78ca5d203ebf98747e8f16dff9713ba8950097ceb760b161e19907,Domains_SSE_PBE
1454,-4.453219027307746,-4.103704646229744,1.02,-0.354003196531,86dd3a804d78ca5d203ebf98747e8f16dff9713ba8950097ceb760b161e19907,Domains_SSE_PBE
1455,-4.453727266115975,-4.103704646229744,1.02,-0.354003196531,86dd3a804d78ca5d203ebf98747e8f16dff9713ba8950097ceb760b161e19907,Domains_SSE_PBE
1456,-4.454235676232229,-4.103704646229744,1.02,-0.354003196531,86dd3a804d78ca5d203ebf98747e8f16dff9713ba8950097ceb760b161e19907,Domains_SSE_PBE
1457,-4.454744257546992,-4.103704646229744,1.02,-0.354003196531,86dd3a804d78ca5d203ebf98747e8f16dff9713ba8950097ceb760b161e19907,Domains_SSE_PBE
1458,-4.455253009950876,-4.103704646229744,1.02,-0.354003196531,86dd3a804d78ca5d203ebf98747e8f16dff9713ba8950097ceb760b161e19907,Domains_SSE_PBE
1459,-4.455761933334633,-4.103704646229744,1.02,-0.354003196531,86dd3a804d78ca5d203ebf98747e8f16dff9713ba8950097ceb760b161e19907,Domains_SSE_PBE
1460,-4.456271027589146,-4.103704646229744,1.02,-0.354003196531,86dd3a804d78ca5d203ebf98747e8f16dff9713ba8950097ceb760b161e19907,Domains_SSE_PBE
1461,-4.456780292605433,-4.103704646229744,1.02,-0.354003196531,86dd3a804d78ca5d203ebf98747e8f16dff9713ba8950097ceb760b161e19907,Domains_SSE_PBE
1462,-4.457289728274648,-4.103704646229744,1.02,-0.354003196531,86dd3a804d78ca5d203ebf98747e8f16dff9713ba8950097ceb760b161e19907,Domains_SSE_PBE
1463,-4.457799334488073,-4.103704646229744,1.02,-0.354003196531,86dd3a804d78ca5d203ebf98747e8f16dff9713ba8950097ceb760b161e19907,Domains_SSE_PBE
1464,-4.45830911113713,-4.103704646229744,1.02,-0.354003196531,86dd3a804d78ca5d203ebf98747e8f16dff9713ba8950097ceb760b161e19907,Domains_SSE_PBE
1465,-4.458819058113369,-4.103704646229744,1.02,-0.354003196531,86dd3a804d78ca5d203ebf98747e8f16dff9713ba8950097ceb760b161e19907,Domains_SSE_PBE
1466,-4.459329175308476,-4.103704646229744,1.02,-0.354003196531,86dd3a804d78ca5d203ebf98747e8f16dff9713ba8950097ceb760b161e19907,Domains_SSE_PBE
1467,-4.459839462614266,-4.103704646229744,1.02,-0.354003196531,86dd3a804d78ca5d203ebf98747e8f16dff9713ba8950097ceb760b161e19907,Domains_SSE_PBE
1468,-4.460349919922691,-4.103704646229744,1.02,-0.354003196531,86dd3a804d78ca5d203ebf98747e8f16dff9713ba8950097ceb760b161e19907,Domains_SSE_PBE
1469,-4.460860547125831,-4.103704646229744,1.02,-0.354003196531,86dd3a804d78ca5d203ebf98747e8f16dff9713ba8950097ceb760b161e19907,Domains_SSE_PBE
1470,-4.461371344115901,-4.103704646229744,1.02,-0.354003196531,86dd3a804d78ca5d203ebf98747e8f16dff9713ba8950097ceb760b161e19907,Domains_SSE_PBE
1471,-4.461882310785246,-4.103704646229744,1.02,-0.354003196531,86dd3a804d78ca5d203ebf98747e8f16dff9713ba8950097ceb760b161e19907,Domains_SSE_PBE
1472,-4.462393447026344,-4.103704646229744,1.02,-0.354003196531,86dd3a804d78ca5d203ebf98747e8f16dff9713ba8950097ceb760b161e19907,Domains_SSE_PBE
1473,-4.4629047527318,-4.103704646229744,1.02,-0.354003196531,86dd3a804d78ca5d203ebf98747e8f16dff9713ba8950097ceb760b161e19907,Domains_SSE_PBE
1474,-4.463416227794358,-4.103704646229744,1.02,-0.354003196531,86dd3a804d78ca5d203ebf98747e8f16dff9713ba8950097ceb760b161e19907,Domains_SSE_PBE
1475,-4.463927872106883,-4.103704646229744,1.02,-0.354003196531,86dd3a804d78ca5d203ebf98747e8f16dff9713ba8950097ceb760b161e19907,Domains_SSE_PBE
1476,-4.464439685562378,-4.103704646229744,1.02,-0.354003196531,86dd3a804d78ca5d203ebf98747e8f16dff9713ba8950097ceb760b161e19907,Domains_SSE_PBE
1477,-4.464951668053974,-4.103704646229744,1.02,-0.354003196531,86dd3a804d78ca5d203ebf98747e8f16dff9713ba8950097ceb760b161e19907,Domains_SSE_PBE
1478,-4.46546381947493,-4.103704646229744,1.02,-0.354003196531,86dd3a804d78ca5d203ebf98747e8f16dff9713ba8950097ceb760b161e19907,Domains_SSE_PBE
1479,-4.465976139718636,-4.103704646229744,1.02,-0.354003196531,86dd3a804d78ca5d203ebf98747e8f16dff9713ba8950097ceb760b161e19907,Domains_SSE_PBE
1480,-4.466488628678616,-4.103704646229744,1.02,-0.354003196531,86dd3a804d78ca5d203ebf98747e8f16dff9713ba8950097ceb760b161e19907,Domains_SSE_PBE
1481,-4.467001286248516,-4.103704646229744,1.02,-0.354003196531,86dd3a804d78ca5d203ebf98747e8f16dff9713ba8950097ceb760b161e19907,Domains_SSE_PBE
1482,-4.467514112322116,-4.103704646229744,1.02,-0.354003196531,86dd3a804d78ca5d203ebf98747e8f16dff9713ba8950097ceb760b161e19907,Domains_SSE_PBE
1483,-4.468027106793324,-4.103704646229744,1.02,-0.354003196531,86dd3a804d78ca5d203ebf98747e8f16dff9713ba8950097ceb760b161e19907,Domains_SSE_PBE
1484,-4.468540269556176,-4.103704646229744,1.02,-0.354003196531,86dd3a804d78ca5d203ebf98747e8f16dff9713ba8950097ceb760b161e19907,Domains_SSE_PBE
1485,-4.469053600504838,-4.103704646229744,1.02,-0.354003196531,86dd3a804d78ca5d203ebf98747e8f16dff9713ba8950097ceb760b161e19907,Domains_SSE_PBE
1486,-4.469567099533601,-4.103704646229744,1.02,-0.354003196531,86dd3a804d78ca5d203ebf98747e8f16dff9713ba8950097ceb760b161e19907,Domains_SSE_PBE
1487,-4.470080766536888,-4.103704646229744,1.02,-0.354003196531,86dd3a804d78ca5d203ebf98747e8f16dff9713ba8950097ceb760b161e19907,Domains_SSE_PBE
1488,-4.470594601409248,-4.103704646229744,1.02,-0.354003196531,86dd3a804d78ca5d203ebf98747e8f16dff9713ba8950097ceb760b161e19907,Domains_SSE_PBE
1489,-4.471108604045357,-4.103704646229744,1.02,-0.354003196531,86dd3a804d78ca5d203ebf98747e8f16dff9713ba8950097ceb760b161e19907,Domains_SSE_PBE
1490,-4.471622774340019,-4.103704646229744,1.02,-0.354003196531,86dd3a804d78ca5d203ebf98747e8f16dff9713ba8950097ceb760b161e19907,Domains_SSE_PBE
1491,-4.472137112188165,-4.103704646229744,1.02,-0.354003196531,86dd3a804d78ca5d203ebf98747e8f16dff9713ba8950097ceb760b161e19907,Domains_SSE_PBE
1492,-4.472651617484853,-4.103704646229744,1.02,-0.354003196531,86dd3a804d78ca5d203ebf98747e8f16dff9713ba8950097ceb760b161e19907,Domains_SSE_PBE
1493,-4.47316629012527,-4.103704646229744,1.02,-0.354003196531,86dd3a804d78ca5d203ebf98747e8f16dff9713ba8950097ceb760b161e19907,Domains_SSE_PBE
1494,-4.473681130004724,-4.103704646229744,1.02,-0.354003196531,86dd3a804d78ca5d203ebf98747e8f16dff9713ba8950097ceb760b161e19907,Domains_SSE_PBE
1495,-4.474196137018655,-4.103704646229744,1.02,-0.354003196531,86dd3a804d78ca5d203ebf98747e8f16dff9713ba8950097ceb760b161e19907,Domains_SSE_PBE
1496,-4.474711311062625,-4.103704646229744,1.02,-0.354003196531,86dd3a804d78ca5d203ebf98747e8f16dff9713ba8950097ceb760b161e19907,Domains_SSE_PBE
1497,-4.475226652032325,-4.103704646229744,1.02,-0.354003196531,86dd3a804d78ca5d203ebf98747e8f16dff9713ba8950097ceb760b161e19907,Domains_SSE_PBE
1498,-4.475742159823569,-4.103704646229744,1.02,-0.354003196531,86dd3a804d78ca5d203ebf98747e8f16dff9713ba8950097ceb760b161e19907,Domains_SSE_PBE
1499,-4.476257834332297,-4.103704646229744,1.02,-0.354003196531,86dd3a804d78ca5d203ebf98747e8f16dff9713ba8950097ceb760b161e19907,Domains_SSE_PBE
1500,-4.476773675454576,-4.103704646229744,1.02,-0.354003196531,86dd3a804d78ca5d203ebf98747e8f16dff9713ba8950097ceb760b161e19907,Domains_SSE_PBE
1501,-4.477289683086596,-4.103704646229744,1.02,-0.354003196531,86dd3a804d78ca5d203ebf98747e8f16dff9713ba8950097ceb760b161e19907,Domains_SSE_PBE
1502,-4.477805857124672,-4.103704646229744,1.02,-0.354003196531,86dd3a804d78ca5d203ebf98747e8f16dff9713ba8950097ceb760b161e19907,Domains_SSE_PBE
1503,-4.478322197465245,-4.103704646229744,1.02,-0.354003196531,86dd3a804d78ca5d203ebf98747e8f16dff9713ba8950097ceb760b161e19907,Domains_SSE_PBE
1504,-4.478838704004877,-4.103704646229744,1.02,-0.354003196531,86dd3a804d78ca5d203ebf98747e8f16dff9713ba8950097ceb760b161e19907,Domains_SSE_PBE
1505,-4.479355376640258,-4.103704646229744,1.02,-0.354003196531,86dd3a804d78ca5d203ebf98747e8f16dff9713ba8950097ceb760b161e19907,Domains_SSE_PBE
1506,-4.4798722152682,-4.103704646229744,1.02,-0.354003196531,86dd3a804d78ca5d203ebf98747e8f16dff9713ba8950097ceb760b161e19907,Domains_SSE_PBE
1507,-4.480389219785638,-4.103704646229744,1.02,-0.354003196531,86dd3a804d78ca5d203ebf98747e8f16dff9713ba8950097ceb760b161e19907,Domains_SSE_PBE
1508,-4.480906390089633,-4.103704646229744,1.02,-0.354003196531,86dd3a804d78ca5d203ebf98747e8f16dff9713ba8950097ceb760b161e19907,Domains_SSE_PBE
1509,-4.481423726077365,-4.103704646229744,1.02,-0.354003196531,86dd3a804d78ca5d203ebf98747e8f16dff9713ba8950097ceb760b161e19907,Domains_SSE_PBE
1510,-4.481941227646142,-4.103704646229744,1.02,-0.354003196531,86dd3a804d78ca5d203ebf98747e8f16dff9713ba8950097ceb760b161e19907,Domains_SSE_PBE
1511,-4.482458894693392,-4.103704646229744,1.02,-0.354003196531,86dd3a804d78ca5d203ebf98747e8f16dff9713ba8950097ceb760b161e19907,Domains_SSE_PBE
1512,-4.482976727116664,-4.103704646229744,1.02,-0.354003196531,86dd3a804d78ca5d203ebf98747e8f16dff9713ba8950097ceb760b161e19907,Domains_SSE_PBE
1513,-4.483494724813633,-4.103704646229744,1.02,-0.354003196531,86dd3a804d78ca5d203ebf98747e8f16dff9713ba8950097ceb760b161e19907,Domains_SSE_PBE
1514,-4.484012887682095,-4.103704646229744,1.02,-0.354003196531,86dd3a804d78ca5d203ebf98747e8f16dff9713ba8950097ceb760b161e19907,Domains_SSE_PBE
1515,-4.484531215619965,-4.103704646229744,1.02,-0.354003196531,86dd3a804d78ca5d203ebf98747e8f16dff9713ba8950097ceb760b161e19907,Domains_SSE_PBE
1516,-4.485049708525286,-4.103704646229744,1.02,-0.354003196531,86dd3a804d78ca5d203ebf98747e8f16dff9713ba8950097ceb760b161e19907,Domains_SSE_PBE
1517,-4.485568366296215,-4.103704646229744,1.02,-0.354003196531,86dd3a804d78ca5d203ebf98747e8f16dff9713ba8950097ceb760b161e19907,Domains_SSE_PBE
1518,-4.486087188831038,-4.103704646229744,1.02,-0.354003196531,86dd3a804d78ca5d203ebf98747e8f16dff9713ba8950097ceb760b161e19907,Domains_SSE_PBE
1519,-4.486606176028157,-4.103704646229744,1.02,-0.354003196531,86dd3a804d78ca5d203ebf98747e8f16dff9713ba8950097ceb760b161e19907,Domains_SSE_PBE
1520,-4.487125327786094,-4.103704646229744,1.02,-0.354003196531,86dd3a804d78ca5d203ebf98747e8f16dff9713ba8950097ceb760b161e19907,Domains_SSE_PBE
1521,-4.487644644003498,-4.103704646229744,1.02,-0.354003196531,86dd3a804d78ca5d203ebf98747e8f16dff9713ba8950097ceb760b161e19907,Domains_SSE_PBE
1522,-4.48816412457913,-4.103704646229744,1.02,-0.354003196531,86dd3a804d78ca5d203ebf98747e8f16dff9713ba8950097ceb760b161e19907,Domains_SSE_PBE
1523,-4.488683769411878,-4.103704646229744,1.02,-0.354003196531,86dd3a804d78ca5d203ebf98747e8f16dff9713ba8950097ceb760b161e19907,Domains_SSE_PBE
1524,-4.489203578400749,-4.103704646229744,1.02,-0.354003196531,86dd3a804d78ca5d203ebf98747e8f16dff9713ba8950097ceb760b161e19907,Domains_SSE_PBE
1525,-4.489723551444869,-4.103704646229744,1.02,-0.354003196531,86dd3a804d78ca5d203ebf98747e8f16dff9713ba8950097ceb760b161e19907,Domains_SSE_PBE
1526,-4.490243688443481,-4.103704646229744,1.02,-0.354003196531,86dd3a804d78ca5d203ebf98747e8f16dff9713ba8950097ceb760b161e19907,Domains_SSE_PBE
1527,-4.490763989295951,-4.103704646229744,1.02,-0.354003196531,86dd3a804d78ca5d203ebf98747e8f16dff9713ba8950097ceb760b161e19907,Domains_SSE_PBE
1528,-4.491284453901764,-4.103704646229744,1.02,-0.354003196531,86dd3a804d78ca5d203ebf98747e8f16dff9713ba8950097ceb760b161e19907,Domains_SSE_PBE
1529,-4.491805082160523,-4.103704646229744,1.02,-0.354003196531,86dd3a804d78ca5d203ebf98747e8f16dff9713ba8950097ceb760b161e19907,Domains_SSE_PBE
1530,-4.49232587397195,-4.103704646229744,1.02,-0.354003196531,86dd3a804d78ca5d203ebf98747e8f16dff9713ba8950097ceb760b161e19907,Domains_SSE_PBE
1531,-4.492846829235886,-4.103704646229744,1.02,-0.354003196531,86dd3a804d78ca5d203ebf98747e8f16dff9713ba8950097ceb760b161e19907,Domains_SSE_PBE
1532,-4.493367947852291,-4.103704646229744,1.02,-0.354003196531,86dd3a804d78ca5d203ebf98747e8f16dff9713ba8950097ceb760b161e19907,Domains_SSE_PBE
1533,-4.49388922972124,-4.103704646229744,1.02,-0.354003196531,86dd3a804d78ca5d203ebf98747e8f16dff9713ba8950097ceb760b161e19907,Domains_SSE_PBE
1534,-4.494410674742933,-4.103704646229744,1.02,-0.354003196531,86dd3a804d78ca5d203ebf98747e8f16dff9713ba8950097ceb760b161e19907,Domains_SSE_PBE
1535,-4.49493228281768,-4.103704646229744,1.02,-0.354003196531,86dd3a804d78ca5d203ebf98747e8f16dff9713ba8950097ceb760b161e19907,Domains_SSE_PBE
1536,-4.495454053845913,-4.103704646229744,1.02,-0.354003196531,86dd3a804d78ca5d203ebf98747e8f16dff9713ba8950097ceb760b161e19907,Domains_SSE_PBE
1537,-4.495975987728182,-4.103704646229744,1.02,-0.354003196531,86dd3a804d78ca5d203ebf98747e8f16dff9713ba8950097ceb760b161e19907,Domains_SSE_PBE
1538,-4.496498084365151,-4.103704646229744,1.02,-0.354003196531,86dd3a804d78ca5d203ebf98747e8f16dff9713ba8950097ceb760b161e19907,Domains_SSE_PBE
1539,-4.497020343657605,-4.103704646229744,1.02,-0.354003196531,86dd3a804d78ca5d203ebf98747e8f16dff9713ba8950097ceb760b161e19907,Domains_SSE_PBE
1540,-4.497542765506442,-4.103704646229744,1.02,-0.354003196531,86dd3a804d78ca5d203ebf98747e8f16dff9713ba8950097ceb760b161e19907,Domains_SSE_PBE
1541,-4.49806534981268,-4.103704646229744,1.02,-0.354003196531,86dd3a804d78ca5d203ebf98747e8f16dff9713ba8950097ceb760b161e19907,Domains_SSE_PBE
1542,-4.498588096477451,-4.103704646229744,1.02,-0.354003196531,86dd3a804d78ca5d203ebf98747e8f16dff9713ba8950097ceb760b161e19907,Domains_SSE_PBE
1543,-4.499111005402004,-4.103704646229744,1.02,-0.354003196531,86dd3a804d78ca5d203ebf98747e8f16dff9713ba8950097ceb760b161e19907,Domains_SSE_PBE
1544,-4.499634076487706,-4.103704646229744,1.02,-0.354003196531,86dd3a804d78ca5d203ebf98747e8f16dff9713ba8950097ceb760b161e19907,Domains_SSE_PBE
1545,-4.500157309636037,-4.103704646229744,1.02,-0.354003196531,86dd3a804d78ca5d203ebf98747e8f16dff9713ba8950097ceb760b161e19907,Domains_SSE_PBE
1546,-4.500680704748593,-4.103704646229744,1.02,-0.354003196531,86dd3a804d78ca5d203ebf98747e8f16dff9713ba8950097ceb760b161e19907,Domains_SSE_PBE
1547,-4.501204261727088,-4.103704646229744,1.02,-0.354003196531,86dd3a804d78ca5d203ebf98747e8f16dff9713ba8950097ceb760b161e19907,Domains_SSE_PBE
1548,-4.501727980473349,-4.103704646229744,1.02,-0.354003196531,86dd3a804d78ca5d203ebf98747e8f16dff9713ba8950097ceb760b161e19907,Domains_SSE_PBE
1549,-4.502251860889317,-4.103704646229744,1.02,-0.354003196531,86dd3a804d78ca5d203ebf98747e8f16dff9713ba8950097ceb760b161e19907,Domains_SSE_PBE
1550,-4.502775902877052,-4.103704646229744,1.02,-0.354003196531,86dd3a804d78ca5d203ebf98747e8f16dff9713ba8950097ceb760b161e19907,Domains_SSE_PBE
1551,-4.503300106338727,-4.103704646229744,1.02,-0.354003196531,86dd3a804d78ca5d203ebf98747e8f16dff9713ba8950097ceb760b161e19907,Domains_SSE_PBE
1552,-4.503824471176626,-4.103704646229744,1.02,-0.354003196531,86dd3a804d78ca5d203ebf98747e8f16dff9713ba8950097ceb760b161e19907,Domains_SSE_PBE
1553,-4.504348997293151,-4.103704646229744,1.02,-0.354003196531,86dd3a804d78ca5d203ebf98747e8f16dff9713ba8950097ceb760b161e19907,Domains_SSE_PBE
1554,-4.504873684590818,-4.103704646229744,1.02,-0.354003196531,86dd3a804d78ca5d203ebf98747e8f16dff9713ba8950097ceb760b161e19907,Domains_SSE_PBE
1555,-4.505398532972256,-4.103704646229744,1.02,-0.354003196531,86dd3a804d78ca5d203ebf98747e8f16dff9713ba8950097ceb760b161e19907,Domains_SSE_PBE
1556,-4.505923542340208,-4.103704646229744,1.02,-0.354003196531,86dd3a804d78ca5d203ebf98747e8f16dff9713ba8950097ceb760b161e19907,Domains_SSE_PBE
1557,-4.50644871259753,-4.103704646229744,1.02,-0.354003196531,86dd3a804d78ca5d203ebf98747e8f16dff9713ba8950097ceb760b161e19907,Domains_SSE_PBE
1558,-4.506974043647193,-4.103704646229744,1.02,-0.354003196531,86dd3a804d78ca5d203ebf98747e8f16dff9713ba8950097ceb760b161e19907,Domains_SSE_PBE
1559,-4.507499535392278,-4.103704646229744,1.02,-0.354003196531,86dd3a804d78ca5d203ebf98747e8f16dff9713ba8950097ceb760b161e19907,Domains_SSE_PBE
1560,-4.508025187735982,-4.103704646229744,1.02,-0.354003196531,86dd3a804d78ca5d203ebf98747e8f16dff9713ba8950097ceb760b161e19907,Domains_SSE_PBE
1561,-4.508551000581614,-4.103704646229744,1.02,-0.354003196531,86dd3a804d78ca5d203ebf98747e8f16dff9713ba8950097ceb760b161e19907,Domains_SSE_PBE
1562,-4.509076973832594,-4.103704646229744,1.02,-0.354003196531,86dd3a804d78ca5d203ebf98747e8f16dff9713ba8950097ceb760b161e19907,Domains_SSE_PBE
1563,-4.509603107392457,-4.103704646229744,1.02,-0.354003196531,86dd3a804d78ca5d203ebf98747e8f16dff9713ba8950097ceb760b161e19907,Domains_SSE_PBE
1564,-4.510129401164848,-4.103704646229744,1.02,-0.354003196531,86dd3a804d78ca5d203ebf98747e8f16dff9713ba8950097ceb760b161e19907,Domains_SSE_PBE
1565,-4.510655855053527,-4.103704646229744,1.02,-0.354003196531,86dd3a804d78ca5d203ebf98747e8f16dff9713ba8950097ceb760b161e19907,Domains_SSE_PBE
1566,-4.51118246896236,-4.103704646229744,1.02,-0.354003196531,86dd3a804d78ca5d203ebf98747e8f16dff9713ba8950097ceb760b161e19907,Domains_SSE_PBE
1567,-4.511709242795331,-4.103704646229744,1.02,-0.354003196531,86dd3a804d78ca5d203ebf98747e8f16dff9713ba8950097ceb760b161e19907,Domains_SSE_PBE
1568,-4.512236176456534,-4.103704646229744,1.02,-0.354003196531,86dd3a804d78ca5d203ebf98747e8f16dff9713ba8950097ceb760b161e19907,Domains_SSE_PBE
1569,-4.512763269850169,-4.103704646229744,1.02,-0.354003196531,86dd3a804d78ca5d203ebf98747e8f16dff9713ba8950097ceb760b161e19907,Domains_SSE_PBE
1570,-4.513290522880555,-4.103704646229744,1.02,-0.354003196531,86dd3a804d78ca5d203ebf98747e8f16dff9713ba8950097ceb760b161e19907,Domains_SSE_PBE
1571,-4.513817935452117,-4.103704646229744,1.02,-0.354003196531,86dd3a804d78ca5d203ebf98747e8f16dff9713ba8950097ceb760b161e19907,Domains_SSE_PBE
1572,-4.514345507469391,-4.103704646229744,1.02,-0.354003196531,86dd3a804d78ca5d203ebf98747e8f16dff9713ba8950097ceb760b161e19907,Domains_SSE_PBE
1573,-4.514873238837025,-4.103704646229744,1.02,-0.354003196531,86dd3a804d78ca5d203ebf98747e8f16dff9713ba8950097ceb760b161e19907,Domains_SSE_PBE
1574,-4.515401129459776,-4.103704646229744,1.02,-0.354003196531,86dd3a804d78ca5d203ebf98747e8f16dff9713ba8950097ceb760b161e19907,Domains_SSE_PBE
1575,-4.515929179242513,-4.103704646229744,1.02,-0.354003196531,86dd3a804d78ca5d203ebf98747e8f16dff9713ba8950097ceb760b161e19907,Domains_SSE_PBE
1576,-4.516457388090213,-4.103704646229744,1.02,-0.354003196531,86dd3a804d78ca5d203ebf98747e8f16dff9713ba8950097ceb760b161e19907,Domains_SSE_PBE
1577,-4.516985755907966,-4.103704646229744,1.02,-0.354003196531,86dd3a804d78ca5d203ebf98747e8f16dff9713ba8950097ceb760b161e19907,Domains_SSE_PBE
1578,-4.517514282600963,-4.103704646229744,1.02,-0.354003196531,86dd3a804d78ca5d203ebf98747e8f16dff9713ba8950097ceb760b161e19907,Domains_SSE_PBE
1579,-4.518042968074517,-4.103704646229744,1.02,-0.354003196531,86dd3a804d78ca5d203ebf98747e8f16dff9713ba8950097ceb760b161e19907,Domains_SSE_PBE
1580,-4.51857181223404,-4.103704646229744,1.02,-0.354003196531,86dd3a804d78ca5d203ebf98747e8f16dff9713ba8950097ceb760b161e19907,Domains_SSE_PBE
1581,-4.519100814985059,-4.103704646229744,1.02,-0.354003196531,86dd3a804d78ca5d203ebf98747e8f16dff9713ba8950097ceb760b161e19907,Domains_SSE_PBE
1582,-4.519629976233207,-4.103704646229744,1.02,-0.354003196531,86dd3a804d78ca5d203ebf98747e8f16dff9713ba8950097ceb760b161e19907,Domains_SSE_PBE
1583,-4.520159295884227,-4.103704646229744,1.02,-0.354003196531,86dd3a804d78ca5d203ebf98747e8f16dff9713ba8950097ceb760b161e19907,Domains_SSE_PBE
1584,-4.520688773843969,-4.103704646229744,1.02,-0.354003196531,86dd3a804d78ca5d203ebf98747e8f16dff9713ba8950097ceb760b161e19907,Domains_SSE_PBE
1585,-4.521218410018394,-4.103704646229744,1.02,-0.354003196531,86dd3a804d78ca5d203ebf98747e8f16dff9713ba8950097ceb760b161e19907,Domains_SSE_PBE
1586,-4.521748204313567,-4.103704646229744,1.02,-0.354003196531,86dd3a804d78ca5d203ebf98747e8f16dff9713ba8950097ceb760b161e19907,Domains_SSE_PBE
1587,-4.522278156635664,-4.103704646229744,1.02,-0.354003196531,86dd3a804d78ca5d203ebf98747e8f16dff9713ba8950097ceb760b161e19907,Domains_SSE_PBE
1588,-4.522808266890971,-4.103704646229744,1.02,-0.354003196531,86dd3a804d78ca5d203ebf98747e8f16dff9713ba8950097ceb760b161e19907,Domains_SSE_PBE
1589,-4.523338534985875,-4.103704646229744,1.02,-0.354003196531,86dd3a804d78ca5d203ebf98747e8f16dff9713ba8950097ceb760b161e19907,Domains_SSE_PBE
1590,-4.523868960826878,-4.103704646229744,1.02,-0.354003196531,86dd3a804d78ca5d203ebf98747e8f16dff9713ba8950097ceb760b161e19907,Domains_SSE_PBE
1591,-4.524399544320581,-4.103704646229744,1.02,-0.354003196531,86dd3a804d78ca5d203ebf98747e8f16dff9713ba8950097ceb760b161e19907,Domains_SSE_PBE
1592,-4.524930285373701,-4.103704646229744,1.02,-0.354003196531,86dd3a804d78ca5d203ebf98747e8f16dff9713ba8950097ceb760b161e19907,Domains_SSE_PBE
1593,-4.525461183893055,-4.103704646229744,1.02,-0.354003196531,86dd3a804d78ca5d203ebf98747e8f16dff9713ba8950097ceb760b161e19907,Domains_SSE_PBE
1594,-4.525992239785571,-4.103704646229744,1.02,-0.354003196531,86dd3a804d78ca5d203ebf98747e8f16dff9713ba8950097ceb760b161e19907,Domains_SSE_PBE
1595,-4.526523452958278,-4.103704646229744,1.02,-0.354003196531,86dd3a804d78ca5d203ebf98747e8f16dff9713ba8950097ceb760b161e19907,Domains_SSE_PBE
1596,-4.52705482331832,-4.103704646229744,1.02,-0.354003196531,86dd3a804d78ca5d203ebf98747e8f16dff9713ba8950097ceb760b161e19907,Domains_SSE_PBE
1597,-4.52758635077294,-4.103704646229744,1.02,-0.354003196531,86dd3a804d78ca5d203ebf98747e8f16dff9713ba8950097ceb760b161e19907,Domains_SSE_PBE
1598,-4.528118035229488,-4.103704646229744,1.02,-0.354003196531,86dd3a804d78ca5d203ebf98747e8f16dff9713ba8950097ceb760b161e19907,Domains_SSE_PBE
1599,-4.528649876595423,-4.103704646229744,1.02,-0.354003196531,86dd3a804d78ca5d203ebf98747e8f16dff9713ba8950097ceb760b161e19907,Domains_SSE_PBE
1600,-4.529181874778308,-4.103704646229744,1.02,-0.354003196531,86dd3a804d78ca5d203ebf98747e8f16dff9713ba8950097ceb760b161e19907,Domains_SSE_PBE
1601,-4.529714029685811,-4.103704646229744,1.02,-0.354003196531,86dd3a804d78ca5d203ebf98747e8f16dff9713ba8950097ceb760b161e19907,Domains_SSE_PBE
1602,-4.530246341225704,-4.103704646229744,1.02,-0.354003196531,86dd3a804d78ca5d203ebf98747e8f16dff9713ba8950097ceb760b161e19907,Domains_SSE_PBE
1603,-4.530778809305867,-4.103704646229744,1.02,-0.354003196531,86dd3a804d78ca5d203ebf98747e8f16dff9713ba8950097ceb760b161e19907,Domains_SSE_PBE
1604,-4.531311433834285,-4.103704646229744,1.02,-0.354003196531,86dd3a804d78ca5d203ebf98747e8f16dff9713ba8950097ceb760b161e19907,Domains_SSE_PBE
1605,-4.531844214719045,-4.103704646229744,1.02,-0.354003196531,86dd3a804d78ca5d203ebf98747e8f16dff9713ba8950097ceb760b161e19907,Domains_SSE_PBE
1606,-4.53237715186834,-4.103704646229744,1.02,-0.354003196531,86dd3a804d78ca5d203ebf98747e8f16dff9713ba8950097ceb760b161e19907,Domains_SSE_PBE
1607,-4.532910245190468,-4.103704646229744,1.02,-0.354003196531,86dd3a804d78ca5d203ebf98747e8f16dff9713ba8950097ceb760b161e19907,Domains_SSE_PBE
1608,-4.533443494593831,-4.103704646229744,1.02,-0.354003196531,86dd3a804d78ca5d203ebf98747e8f16dff9713ba8950097ceb760b161e19907,Domains_SSE_PBE
1609,-4.533976899986937,-4.103704646229744,1.02,-0.354003196531,86dd3a804d78ca5d203ebf98747e8f16dff9713ba8950097ceb760b161e19907,Domains_SSE_PBE
1610,-4.534510461278392,-4.103704646229744,1.02,-0.354003196531,86dd3a804d78ca5d203ebf98747e8f16dff9713ba8950097ceb760b161e19907,Domains_SSE_PBE
1611,-4.535044178376911,-4.103704646229744,1.02,-0.354003196531,86dd3a804d78ca5d203ebf98747e8f16dff9713ba8950097ceb760b161e19907,Domains_SSE_PBE
1612,-4.535578051191314,-4.103704646229744,1.02,-0.354003196531,86dd3a804d78ca5d203ebf98747e8f16dff9713ba8950097ceb760b161e19907,Domains_SSE_PBE
1613,-4.536112079630518,-4.103704646229744,1.02,-0.354003196531,86dd3a804d78ca5d203ebf98747e8f16dff9713ba8950097ceb760b161e19907,Domains_SSE_PBE
1614,-4.536646263603549,-4.103704646229744,1.02,-0.354003196531,86dd3a804d78ca5d203ebf98747e8f16dff9713ba8950097ceb760b161e19907,Domains_SSE_PBE
1615,-4.537180603019533,-4.103704646229744,1.02,-0.354003196531,86dd3a804d78ca5d203ebf98747e8f16dff9713ba8950097ceb760b161e19907,Domains_SSE_PBE
1616,-4.537715097787701,-4.103704646229744,1.02,-0.354003196531,86dd3a804d78ca5d203ebf98747e8f16dff9713ba8950097ceb760b161e19907,Domains_SSE_PBE
1617,-4.538249747817384,-4.103704646229744,1.02,-0.354003196531,86dd3a804d78ca5d203ebf98747e8f16dff9713ba8950097ceb760b161e19907,Domains_SSE_PBE
1618,-4.53878455301802,-4.103704646229744,1.02,-0.354003196531,86dd3a804d78ca5d203ebf98747e8f16dff9713ba8950097ceb760b161e19907,Domains_SSE_PBE
1619,-4.539319513299144,-4.103704646229744,1.02,-0.354003196531,86dd3a804d78ca5d203ebf98747e8f16dff9713ba8950097ceb760b161e19907,Domains_SSE_PBE
1620,-4.539854628570399,-4.103704646229744,1.02,-0.354003196531,86dd3a804d78ca5d203ebf98747e8f16dff9713ba8950097ceb760b161e19907,Domains_SSE_PBE
1621,-4.540389898741524,-4.103704646229744,1.02,-0.354003196531,86dd3a804d78ca5d203ebf98747e8f16dff9713ba8950097ceb760b161e19907,Domains_SSE_PBE
1622,-4.540925323722363,-4.103704646229744,1.02,-0.354003196531,86dd3a804d78ca5d203ebf98747e8f16dff9713ba8950097ceb760b161e19907,Domains_SSE_PBE
1623,-4.541460903422863,-4.103704646229744,1.02,-0.354003196531,86dd3a804d78ca5d203ebf98747e8f16dff9713ba8950097ceb760b161e19907,Domains_SSE_PBE
1624,-4.541996637753071,-4.103704646229744,1.02,-0.354003196531,86dd3a804d78ca5d203ebf98747e8f16dff9713ba8950097ceb760b161e19907,Domains_SSE_PBE
1625,-4.542532526623134,-4.103704646229744,1.02,-0.354003196531,86dd3a804d78ca5d203ebf98747e8f16dff9713ba8950097ceb760b161e19907,Domains_SSE_PBE
1626,-4.543068569943305,-4.103704646229744,1.02,-0.354003196531,86dd3a804d78ca5d203ebf98747e8f16dff9713ba8950097ceb760b161e19907,Domains_SSE_PBE
1627,-4.543604767623932,-4.103704646229744,1.02,-0.354003196531,86dd3a804d78ca5d203ebf98747e8f16dff9713ba8950097ceb760b161e19907,Domains_SSE_PBE
1628,-4.544141119575466,-4.103704646229744,1.02,-0.354003196531,86dd3a804d78ca5d203ebf98747e8f16dff9713ba8950097ceb760b161e19907,Domains_SSE_PBE
1629,-4.544677625708464,-4.103704646229744,1.02,-0.354003196531,86dd3a804d78ca5d203ebf98747e8f16dff9713ba8950097ceb760b161e19907,Domains_SSE_PBE
1630,-4.545214285933575,-4.103704646229744,1.02,-0.354003196531,86dd3a804d78ca5d203ebf98747e8f16dff9713ba8950097ceb760b161e19907,Domains_SSE_PBE
1631,-4.545751100161556,-4.103704646229744,1.02,-0.354003196531,86dd3a804d78ca5d203ebf98747e8f16dff9713ba8950097ceb760b161e19907,Domains_SSE_PBE
1632,-4.546288068303257,-4.103704646229744,1.02,-0.354003196531,86dd3a804d78ca5d203ebf98747e8f16dff9713ba8950097ceb760b161e19907,Domains_SSE_PBE
1633,-4.546825190269633,-4.103704646229744,1.02,-0.354003196531,86dd3a804d78ca5d203ebf98747e8f16dff9713ba8950097ceb760b161e19907,Domains_SSE_PBE
1634,-4.547362465971741,-4.103704646229744,1.02,-0.354003196531,86dd3a804d78ca5d203ebf98747e8f16dff9713ba8950097ceb760b161e19907,Domains_SSE_PBE
1635,-4.547899895320731,-4.103704646229744,1.02,-0.354003196531,86dd3a804d78ca5d203ebf98747e8f16dff9713ba8950097ceb760b161e19907,Domains_SSE_PBE
1636,-4.548437478227857,-4.103704646229744,1.02,-0.354003196531,86dd3a804d78ca5d203ebf98747e8f16dff9713ba8950097ceb760b161e19907,Domains_SSE_PBE
1637,-4.548975214604472,-4.103704646229744,1.02,-0.354003196531,86dd3a804d78ca5d203ebf98747e8f16dff9713ba8950097ceb760b161e19907,Domains_SSE_PBE
1638,-4.549513104362028,-4.103704646229744,1.02,-0.354003196531,86dd3a804d78ca5d203ebf98747e8f16dff9713ba8950097ceb760b161e19907,Domains_SSE_PBE
1639,-4.550051147412077,-4.103704646229744,1.02,-0.354003196531,86dd3a804d78ca5d203ebf98747e8f16dff9713ba8950097ceb760b161e19907,Domains_SSE_PBE
1640,-4.550589343666267,-4.103704646229744,1.02,-0.354003196531,86dd3a804d78ca5d203ebf98747e8f16dff9713ba8950097ceb760b161e19907,Domains_SSE_PBE
1641,-4.551127693036348,-4.103704646229744,1.02,-0.354003196531,86dd3a804d78ca5d203ebf98747e8f16dff9713ba8950097ceb760b161e19907,Domains_SSE_PBE
1642,-4.551666195434166,-4.103704646229744,1.02,-0.354003196531,86dd3a804d78ca5d203ebf98747e8f16dff9713ba8950097ceb760b161e19907,Domains_SSE_PBE
1643,-4.552204850771668,-4.103704646229744,1.02,-0.354003196531,86dd3a804d78ca5d203ebf98747e8f16dff9713ba8950097ceb760b161e19907,Domains_SSE_PBE
1644,-4.552743658960899,-4.103704646229744,1.02,-0.354003196531,86dd3a804d78ca5d203ebf98747e8f16dff9713ba8950097ceb760b161e19907,Domains_SSE_PBE
1645,-4.553282619914,-4.103704646229744,1.02,-0.354003196531,86dd3a804d78ca5d203ebf98747e8f16dff9713ba8950097ceb760b161e19907,Domains_SSE_PBE
1646,-4.553821733543211,-4.103704646229744,1.02,-0.354003196531,86dd3a804d78ca5d203ebf98747e8f16dff9713ba8950097ceb760b161e19907,Domains_SSE_PBE
1647,-4.554360999760871,-4.103704646229744,1.02,-0.354003196531,86dd3a804d78ca5d203ebf98747e8f16dff9713ba8950097ceb760b161e19907,Domains_SSE_PBE
1648,-4.554900418479416,-4.103704646229744,1.02,-0.354003196531,86dd3a804d78ca5d203ebf98747e8f16dff9713ba8950097ceb760b161e19907,Domains_SSE_PBE
1649,-4.555439989611379,-4.103704646229744,1.02,-0.354003196531,86dd3a804d78ca5d203ebf98747e8f16dff9713ba8950097ceb760b161e19907,Domains_SSE_PBE
1650,-4.555979713069391,-4.103704646229744,1.02,-0.354003196531,86dd3a804d78ca5d203ebf98747e8f16dff9713ba8950097ceb760b161e19907,Domains_SSE_PBE
1651,-4.55651958876618,-4.103704646229744,1.02,-0.354003196531,86dd3a804d78ca5d203ebf98747e8f16dff9713ba8950097ceb760b161e19907,Domains_SSE_PBE
1652,-4.557059616614572,-4.103704646229744,1.02,-0.354003196531,86dd3a804d78ca5d203ebf98747e8f16dff9713ba8950097ceb760b161e19907,Domains_SSE_PBE
1653,-4.557599796527484,-4.103704646229744,1.02,-0.354003196531,86dd3a804d78ca5d203ebf98747e8f16dff9713ba8950097ceb760b161e19907,Domains_SSE_PBE
1654,-4.558140128417941,-4.103704646229744,1.02,-0.354003196531,86dd3a804d78ca5d203ebf98747e8f16dff9713ba8950097ceb760b161e19907,Domains_SSE_PBE
1655,-4.558680612199055,-4.103704646229744,1.02,-0.354003196531,86dd3a804d78ca5d203ebf98747e8f16dff9713ba8950097ceb760b161e19907,Domains_SSE_PBE
1656,-4.559221247784038,-4.103704646229744,1.02,-0.354003196531,86dd3a804d78ca5d203ebf98747e8f16dff9713ba8950097ceb760b161e19907,Domains_SSE_PBE
1657,-4.559762035086197,-4.103704646229744,1.02,-0.354003196531,86dd3a804d78ca5d203ebf98747e8f16dff9713ba8950097ceb760b161e19907,Domains_SSE_PBE
1658,-4.560302974018938,-4.103704646229744,1.02,-0.354003196531,86dd3a804d78ca5d203ebf98747e8f16dff9713ba8950097ceb760b161e19907,Domains_SSE_PBE
1659,-4.560844064495759,-4.103704646229744,1.02,-0.354003196531,86dd3a804d78ca5d203ebf98747e8f16dff9713ba8950097ceb760b161e19907,Domains_SSE_PBE
1660,-4.561385306430259,-4.103704646229744,1.02,-0.354003196531,86dd3a804d78ca5d203ebf98747e8f16dff9713ba8950097ceb760b161e19907,Domains_SSE_PBE
1661,-4.561926699736124,-4.103704646229744,1.02,-0.354003196531,86dd3a804d78ca5d203ebf98747e8f16dff9713ba8950097ceb760b161e19907,Domains_SSE_PBE
1662,-4.562468244327145,-4.103704646229744,1.02,-0.354003196531,86dd3a804d78ca5d203ebf98747e8f16dff9713ba8950097ceb760b161e19907,Domains_SSE_PBE
1663,-4.563009940117204,-4.103704646229744,1.02,-0.354003196531,86dd3a804d78ca5d203ebf98747e8f16dff9713ba8950097ceb760b161e19907,Domains_SSE_PBE
1664,-4.563551787020277,-4.103704646229744,1.02,-0.354003196531,86dd3a804d78ca5d203ebf98747e8f16dff9713ba8950097ceb760b161e19907,Domains_SSE_PBE
1665,-4.564093784950438,-4.103704646229744,1.02,-0.354003196531,86dd3a804d78ca5d203ebf98747e8f16dff9713ba8950097ceb760b161e19907,Domains_SSE_PBE
1666,-4.564635933821852,-4.103704646229744,1.02,-0.354003196531,86dd3a804d78ca5d203ebf98747e8f16dff9713ba8950097ceb760b161e19907,Domains_SSE_PBE
1667,-4.565178233548783,-4.103704646229744,1.02,-0.354003196531,86dd3a804d78ca5d203ebf98747e8f16dff9713ba8950097ceb760b161e19907,Domains_SSE_PBE
1668,-4.565720684045589,-4.103704646229744,1.02,-0.354003196531,86dd3a804d78ca5d203ebf98747e8f16dff9713ba8950097ceb760b161e19907,Domains_SSE_PBE
1669,-4.566263285226717,-4.103704646229744,1.02,-0.354003196531,86dd3a804d78ca5d203ebf98747e8f16dff9713ba8950097ceb760b161e19907,Domains_SSE_PBE
1670,-4.566806037006716,-4.103704646229744,1.02,-0.354003196531,86dd3a804d78ca5d203ebf98747e8f16dff9713ba8950097ceb760b161e19907,Domains_SSE_PBE
1671,-4.567348939300224,-4.103704646229744,1.02,-0.354003196531,86dd3a804d78ca5d203ebf98747e8f16dff9713ba8950097ceb760b161e19907,Domains_SSE_PBE
1672,-4.567891992021975,-4.103704646229744,1.02,-0.354003196531,86dd3a804d78ca5d203ebf98747e8f16dff9713ba8950097ceb760b161e19907,Domains_SSE_PBE
1673,-4.568435195086796,-4.103704646229744,1.02,-0.354003196531,86dd3a804d78ca5d203ebf98747e8f16dff9713ba8950097ceb760b161e19907,Domains_SSE_PBE
1674,-4.568978548409608,-4.103704646229744,1.02,-0.354003196531,86dd3a804d78ca5d203ebf98747e8f16dff9713ba8950097ceb760b161e19907,Domains_SSE_PBE
1675,-4.569522051905427,-4.103704646229744,1.02,-0.354003196531,86dd3a804d78ca5d203ebf98747e8f16dff9713ba8950097ceb760b161e19907,Domains_SSE_PBE
1676,-4.570065705489357,-4.103704646229744,1.02,-0.354003196531,86dd3a804d78ca5d203ebf98747e8f16dff9713ba8950097ceb760b161e19907,Domains_SSE_PBE
1677,-4.570609509076602,-4.103704646229744,1.02,-0.354003196531,86dd3a804d78ca5d203ebf98747e8f16dff9713ba8950097ceb760b161e19907,Domains_SSE_PBE
1678,-4.571153462582458,-4.103704646229744,1.02,-0.354003196531,86dd3a804d78ca5d203ebf98747e8f16dff9713ba8950097ceb760b161e19907,Domains_SSE_PBE
1679,-4.571697565922308,-4.103704646229744,1.02,-0.354003196531,86dd3a804d78ca5d203ebf98747e8f16dff9713ba8950097ceb760b161e19907,Domains_SSE_PBE
1680,-4.572241819011635,-4.103704646229744,1.02,-0.354003196531,86dd3a804d78ca5d203ebf98747e8f16dff9713ba8950097ceb760b161e19907,Domains_SSE_PBE
1681,-4.57278622176601,-4.103704646229744,1.02,-0.354003196531,86dd3a804d78ca5d203ebf98747e8f16dff9713ba8950097ceb760b161e19907,Domains_SSE_PBE
1682,-4.573330774101097,-4.103704646229744,1.02,-0.354003196531,86dd3a804d78ca5d203ebf98747e8f16dff9713ba8950097ceb760b161e19907,Domains_SSE_PBE
1683,-4.573875475932656,-4.103704646229744,1.02,-0.354003196531,86dd3a804d78ca5d203ebf98747e8f16dff9713ba8950097ceb760b161e19907,Domains_SSE_PBE
1684,-4.574420327176536,-4.103704646229744,1.02,-0.354003196531,86dd3a804d78ca5d203ebf98747e8f16dff9713ba8950097ceb760b161e19907,Domains_SSE_PBE
1685,-4.574965327748677,-4.103704646229744,1.02,-0.354003196531,86dd3a804d78ca5d203ebf98747e8f16dff9713ba8950097ceb760b161e19907,Domains_SSE_PBE
1686,-4.575510477565113,-4.103704646229744,1.02,-0.354003196531,86dd3a804d78ca5d203ebf98747e8f16dff9713ba8950097ceb760b161e19907,Domains_SSE_PBE
1687,-4.57605577654197,-4.103704646229744,1.02,-0.354003196531,86dd3a804d78ca5d203ebf98747e8f16dff9713ba8950097ceb760b161e19907,Domains_SSE_PBE
1688,-4.576601224595466,-4.103704646229744,1.02,-0.354003196531,86dd3a804d78ca5d203ebf98747e8f16dff9713ba8950097ceb760b161e19907,Domains_SSE_PBE
1689,-4.577146821641907,-4.103704646229744,1.02,-0.354003196531,86dd3a804d78ca5d203ebf98747e8f16dff9713ba8950097ceb760b161e19907,Domains_SSE_PBE
1690,-4.577692567597693,-4.103704646229744,1.02,-0.354003196531,86dd3a804d78ca5d203ebf98747e8f16dff9713ba8950097ceb760b161e19907,Domains_SSE_PBE
1691,-4.578238462379315,-4.103704646229744,1.02,-0.354003196531,86dd3a804d78ca5d203ebf98747e8f16dff9713ba8950097ceb760b161e19907,Domains_SSE_PBE
1692,-4.578784505903356,-4.103704646229744,1.02,-0.354003196531,86dd3a804d78ca5d203ebf98747e8f16dff9713ba8950097ceb760b161e19907,Domains_SSE_PBE
1693,-4.579330698086489,-4.103704646229744,1.02,-0.354003196531,86dd3a804d78ca5d203ebf98747e8f16dff9713ba8950097ceb760b161e19907,Domains_SSE_PBE
1694,-4.579877038845475,-4.103704646229744,1.02,-0.354003196531,86dd3a804d78ca5d203ebf98747e8f16dff9713ba8950097ceb760b161e19907,Domains_SSE_PBE
1695,-4.580423528097169,-4.103704646229744,1.02,-0.354003196531,86dd3a804d78ca5d203ebf98747e8f16dff9713ba8950097ceb760b161e19907,Domains_SSE_PBE
1696,-4.580970165758518,-4.103704646229744,1.02,-0.354003196531,86dd3a804d78ca5d203ebf98747e8f16dff9713ba8950097ceb760b161e19907,Domains_SSE_PBE
1697,-4.581516951746552,-4.103704646229744,1.02,-0.354003196531,86dd3a804d78ca5d203ebf98747e8f16dff9713ba8950097ceb760b161e19907,Domains_SSE_PBE
1698,-4.582063885978402,-4.103704646229744,1.02,-0.354003196531,86dd3a804d78ca5d203ebf98747e8f16dff9713ba8950097ceb760b161e19907,Domains_SSE_PBE
1699,-4.582610968371277,-4.103704646229744,1.02,-0.354003196531,86dd3a804d78ca5d203ebf98747e8f16dff9713ba8950097ceb760b161e19907,Domains_SSE_PBE
1700,-4.583158198842486,-4.103704646229744,1.02,-0.354003196531,86dd3a804d78ca5d203ebf98747e8f16dff9713ba8950097ceb760b161e19907,Domains_SSE_PBE
1701,-4.583705577309423,-4.103704646229744,1.02,-0.354003196531,86dd3a804d78ca5d203ebf98747e8f16dff9713ba8950097ceb760b161e19907,Domains_SSE_PBE
1702,-4.58425310368957,-4.103704646229744,1.02,-0.354003196531,86dd3a804d78ca5d203ebf98747e8f16dff9713ba8950097ceb760b161e19907,Domains_SSE_PBE
1703,-4.584800777900504,-4.103704646229744,1.02,-0.354003196531,86dd3a804d78ca5d203ebf98747e8f16dff9713ba8950097ceb760b161e19907,Domains_SSE_PBE
1704,-4.585348599859885,-4.103704646229744,1.02,-0.354003196531,86dd3a804d78ca5d203ebf98747e8f16dff9713ba8950097ceb760b161e19907,Domains_SSE_PBE
1705,-4.585896569485468,-4.103704646229744,1.02,-0.354003196531,86dd3a804d78ca5d203ebf98747e8f16dff9713ba8950097ceb760b161e19907,Domains_SSE_PBE
1706,-4.586444686695091,-4.103704646229744,1.02,-0.354003196531,86dd3a804d78ca5d203ebf98747e8f16dff9713ba8950097ceb760b161e19907,Domains_SSE_PBE
1707,-4.586992951406687,-4.103704646229744,1.02,-0.354003196531,86dd3a804d78ca5d203ebf98747e8f16dff9713ba8950097ceb760b161e19907,Domains_SSE_PBE
1708,-4.587541363538272,-4.103704646229744,1.02,-0.354003196531,86dd3a804d78ca5d203ebf98747e8f16dff9713ba8950097ceb760b161e19907,Domains_SSE_PBE
1709,-4.588089923007956,-4.103704646229744,1.02,-0.354003196531,86dd3a804d78ca5d203ebf98747e8f16dff9713ba8950097ceb760b161e19907,Domains_SSE_PBE
1710,-4.588638629733935,-4.103704646229744,1.02,-0.354003196531,86dd3a804d78ca5d203ebf98747e8f16dff9713ba8950097ceb760b161e19907,Domains_SSE_PBE
1711,-4.589187483634491,-4.103704646229744,1.02,-0.354003196531,86dd3a804d78ca5d203ebf98747e8f16dff9713ba8950097ceb760b161e19907,Domains_SSE_PBE
1712,-4.589736484627999,-4.103704646229744,1.02,-0.354003196531,86dd3a804d78ca5d203ebf98747e8f16dff9713ba8950097ceb760b161e19907,Domains_SSE_PBE
1713,-4.590285632632917,-4.103704646229744,1.02,-0.354003196531,86dd3a804d78ca5d203ebf98747e8f16dff9713ba8950097ceb760b161e19907,Domains_SSE_PBE
1714,-4.590834927567796,-4.103704646229744,1.02,-0.354003196531,86dd3a804d78ca5d203ebf98747e8f16dff9713ba8950097ceb760b161e19907,Domains_SSE_PBE
1715,-4.59138436935127,-4.103704646229744,1.02,-0.354003196531,86dd3a804d78ca5d203ebf98747e8f16dff9713ba8950097ceb760b161e19907,Domains_SSE_PBE
1716,-4.591933957902064,-4.103704646229744,1.02,-0.354003196531,86dd3a804d78ca5d203ebf98747e8f16dff9713ba8950097ceb760b161e19907,Domains_SSE_PBE
1717,-4.592483693138991,-4.103704646229744,1.02,-0.354003196531,86dd3a804d78ca5d203ebf98747e8f16dff9713ba8950097ceb760b161e19907,Domains_SSE_PBE
1718,-4.593033574980947,-4.103704646229744,1.02,-0.354003196531,86dd3a804d78ca5d203ebf98747e8f16dff9713ba8950097ceb760b161e19907,Domains_SSE_PBE
1719,-4.593583603346918,-4.103704646229744,1.02,-0.354003196531,86dd3a804d78ca5d203ebf98747e8f16dff9713ba8950097ceb760b161e19907,Domains_SSE_PBE
1720,-4.59413377815598,-4.103704646229744,1.02,-0.354003196531,86dd3a804d78ca5d203ebf98747e8f16dff9713ba8950097ceb760b161e19907,Domains_SSE_PBE
1721,-4.59468409932729,-4.103704646229744,1.02,-0.354003196531,86dd3a804d78ca5d203ebf98747e8f16dff9713ba8950097ceb760b161e19907,Domains_SSE_PBE
1722,-4.595234566780097,-4.103704646229744,1.02,-0.354003196531,86dd3a804d78ca5d203ebf98747e8f16dff9713ba8950097ceb760b161e19907,Domains_SSE_PBE
1723,-4.595785180433733,-4.103704646229744,1.02,-0.354003196531,86dd3a804d78ca5d203ebf98747e8f16dff9713ba8950097ceb760b161e19907,Domains_SSE_PBE
1724,-4.59633594020762,-4.103704646229744,1.02,-0.354003196531,86dd3a804d78ca5d203ebf98747e8f16dff9713ba8950097ceb760b161e19907,Domains_SSE_PBE
1725,-4.596886846021262,-4.103704646229744,1.02,-0.354003196531,86dd3a804d78ca5d203ebf98747e8f16dff9713ba8950097ceb760b161e19907,Domains_SSE_PBE
1726,-4.597437897794252,-4.103704646229744,1.02,-0.354003196531,86dd3a804d78ca5d203ebf98747e8f16dff9713ba8950097ceb760b161e19907,Domains_SSE_PBE
1727,-4.597989095446273,-4.103704646229744,1.02,-0.354003196531,86dd3a804d78ca5d203ebf98747e8f16dff9713ba8950097ceb760b161e19907,Domains_SSE_PBE
1728,-4.598540438897087,-4.103704646229744,1.02,-0.354003196531,86dd3a804d78ca5d203ebf98747e8f16dff9713ba8950097ceb760b161e19907,Domains_SSE_PBE
1729,-4.599091928066542,-4.103704646229744,1.02,-0.354003196531,86dd3a804d78ca5d203ebf98747e8f16dff9713ba8950097ceb760b161e19907,Domains_SSE_PBE
1730,-4.599643562874579,-4.103704646229744,1.02,-0.354003196531,86dd3a804d78ca5d203ebf98747e8f16dff9713ba8950097ceb760b161e19907,Domains_SSE_PBE
1731,-4.60019534324122,-4.103704646229744,1.02,-0.354003196531,86dd3a804d78ca5d203ebf98747e8f16dff9713ba8950097ceb760b161e19907,Domains_SSE_PBE
1732,-4.600747269086571,-4.103704646229744,1.02,-0.354003196531,86dd3a804d78ca5d203ebf98747e8f16dff9713ba8950097ceb760b161e19907,Domains_SSE_PBE
1733,-4.601299340330825,-4.103704646229744,1.02,-0.354003196531,86dd3a804d78ca5d203ebf98747e8f16dff9713ba8950097ceb760b161e19907,Domains_SSE_PBE
1734,-4.601851556894261,-4.103704646229744,1.02,-0.354003196531,86dd3a804d78ca5d203ebf98747e8f16dff9713ba8950097ceb760b161e19907,Domains_SSE_PBE
1735,-4.602403918697241,-4.103704646229744,1.02,-0.354003196531,86dd3a804d78ca5d203ebf98747e8f16dff9713ba8950097ceb760b161e19907,Domains_SSE_PBE
1736,-4.602956425660216,-4.103704646229744,1.02,-0.354003196531,86dd3a804d78ca5d203ebf98747e8f16dff9713ba8950097ceb760b161e19907,Domains_SSE_PBE
1737,-4.603509077703717,-4.103704646229744,1.02,-0.354003196531,86dd3a804d78ca5d203ebf98747e8f16dff9713ba8950097ceb760b161e19907,Domains_SSE_PBE
1738,-4.604061874748362,-4.103704646229744,1.02,-0.354003196531,86dd3a804d78ca5d203ebf98747e8f16dff9713ba8950097ceb760b161e19907,Domains_SSE_PBE
1739,-4.604614816714854,-4.103704646229744,1.02,-0.354003196531,86dd3a804d78ca5d203ebf98747e8f16dff9713ba8950097ceb760b161e19907,Domains_SSE_PBE
1740,-4.605167903523978,-4.103704646229744,1.02,-0.354003196531,86dd3a804d78ca5d203ebf98747e8f16dff9713ba8950097ceb760b161e19907,Domains_SSE_PBE
1741,-4.605721135096608,-4.103704646229744,1.02,-0.354003196531,86dd3a804d78ca5d203ebf98747e8f16dff9713ba8950097ceb760b161e19907,Domains_SSE_PBE
1742,-4.606274511353697,-4.103704646229744,1.02,-0.354003196531,86dd3a804d78ca5d203ebf98747e8f16dff9713ba8950097ceb760b161e19907,Domains_SSE_PBE
1743,-4.606828032216285,-4.103704646229744,1.02,-0.354003196531,86dd3a804d78ca5d203ebf98747e8f16dff9713ba8950097ceb760b161e19907,Domains_SSE_PBE
1744,-4.607381697605495,-4.103704646229744,1.02,-0.354003196531,86dd3a804d78ca5d203ebf98747e8f16dff9713ba8950097ceb760b161e19907,Domains_SSE_PBE
1745,-4.607935507442532,-4.103704646229744,1.02,-0.354003196531,86dd3a804d78ca5d203ebf98747e8f16dff9713ba8950097ceb760b161e19907,Domains_SSE_PBE
1746,-4.60848946164869,-4.103704646229744,1.02,-0.354003196531,86dd3a804d78ca5d203ebf98747e8f16dff9713ba8950097ceb760b161e19907,Domains_SSE_PBE
1747,-4.609043560145342,-4.103704646229744,1.02,-0.354003196531,86dd3a804d78ca5d203ebf98747e8f16dff9713ba8950097ceb760b161e19907,Domains_SSE_PBE
1748,-4.609597802853944,-4.103704646229744,1.02,-0.354003196531,86dd3a804d78ca5d203ebf98747e8f16dff9713ba8950097ceb760b161e19907,Domains_SSE_PBE
1749,-4.610152189696039,-4.103704646229744,1.02,-0.354003196531,86dd3a804d78ca5d203ebf98747e8f16dff9713ba8950097ceb760b161e19907,Domains_SSE_PBE
1750,-4.610706720593248,-4.103704646229744,1.02,-0.354003196531,86dd3a804d78ca5d203ebf98747e8f16dff9713ba8950097ceb760b161e19907,Domains_SSE_PBE
1751,-4.61126139546728,-4.103704646229744,1.02,-0.354003196531,86dd3a804d78ca5d203ebf98747e8f16dff9713ba8950097ceb760b161e19907,Domains_SSE_PBE
1752,-4.611816214239923,-4.103704646229744,1.02,-0.354003196531,86dd3a804d78ca5d203ebf98747e8f16dff9713ba8950097ceb760b161e19907,Domains_SSE_PBE
1753,-4.612371176833052,-4.103704646229744,1.02,-0.354003196531,86dd3a804d78ca5d203ebf98747e8f16dff9713ba8950097ceb760b161e19907,Domains_SSE_PBE
1754,-4.612926283168617,-4.103704646229744,1.02,-0.354003196531,86dd3a804d78ca5d203ebf98747e8f16dff9713ba8950097ceb760b161e19907,Domains_SSE_PBE
1755,-4.613481533168662,-4.103704646229744,1.02,-0.354003196531,86dd3a804d78ca5d203ebf98747e8f16dff9713ba8950097ceb760b161e19907,Domains_SSE_PBE
1756,-4.614036926755302,-4.103704646229744,1.02,-0.354003196531,86dd3a804d78ca5d203ebf98747e8f16dff9713ba8950097ceb760b161e19907,Domains_SSE_PBE
1757,-4.614592463850743,-4.103704646229744,1.02,-0.354003196531,86dd3a804d78ca5d203ebf98747e8f16dff9713ba8950097ceb760b161e19907,Domains_SSE_PBE
1758,-4.615148144377264,-4.103704646229744,1.02,-0.354003196531,86dd3a804d78ca5d203ebf98747e8f16dff9713ba8950097ceb760b161e19907,Domains_SSE_PBE
1759,-4.615703968257236,-4.103704646229744,1.02,-0.354003196531,86dd3a804d78ca5d203ebf98747e8f16dff9713ba8950097ceb760b161e19907,Domains_SSE_PBE
1760,-4.616259935413106,-4.103704646229744,1.02,-0.354003196531,86dd3a804d78ca5d203ebf98747e8f16dff9713ba8950097ceb760b161e19907,Domains_SSE_PBE
1761,-4.616816045767401,-4.103704646229744,1.02,-0.354003196531,86dd3a804d78ca5d203ebf98747e8f16dff9713ba8950097ceb760b161e19907,Domains_SSE_PBE
1762,-4.617372299242736,-4.103704646229744,1.02,-0.354003196531,86dd3a804d78ca5d203ebf98747e8f16dff9713ba8950097ceb760b161e19907,Domains_SSE_PBE
1763,-4.617928695761802,-4.103704646229744,1.02,-0.354003196531,86dd3a804d78ca5d203ebf98747e8f16dff9713ba8950097ceb760b161e19907,Domains_SSE_PBE
1764,-4.618485235247373,-4.103704646229744,1.02,-0.354003196531,86dd3a804d78ca5d203ebf98747e8f16dff9713ba8950097ceb760b161e19907,Domains_SSE_PBE
1765,-4.619041917622305,-4.103704646229744,1.02,-0.354003196531,86dd3a804d78ca5d203ebf98747e8f16dff9713ba8950097ceb760b161e19907,Domains_SSE_PBE
1766,-4.619598742809534,-4.103704646229744,1.02,-0.354003196531,86dd3a804d78ca5d203ebf98747e8f16dff9713ba8950097ceb760b161e19907,Domains_SSE_PBE
1767,-4.620155710732078,-4.103704646229744,1.02,-0.354003196531,86dd3a804d78ca5d203ebf98747e8f16dff9713ba8950097ceb760b161e19907,Domains_SSE_PBE
1768,-4.620712821313035,-4.103704646229744,1.02,-0.354003196531,86dd3a804d78ca5d203ebf98747e8f16dff9713ba8950097ceb760b161e19907,Domains_SSE_PBE
1769,-4.621270074475586,-4.103704646229744,1.02,-0.354003196531,86dd3a804d78ca5d203ebf98747e8f16dff9713ba8950097ceb760b161e19907,Domains_SSE_PBE
1770,-4.621827470142987,-4.103704646229744,1.02,-0.354003196531,86dd3a804d78ca5d203ebf98747e8f16dff9713ba8950097ceb760b161e19907,Domains_SSE_PBE
1771,-4.622385008238578,-4.103704646229744,1.02,-0.354003196531,86dd3a804d78ca5d203ebf98747e8f16dff9713ba8950097ceb760b161e19907,Domains_SSE_PBE
1772,-4.622942688685786,-4.103704646229744,1.02,-0.354003196531,86dd3a804d78ca5d203ebf98747e8f16dff9713ba8950097ceb760b161e19907,Domains_SSE_PBE
1773,-4.623500511408105,-4.103704646229744,1.02,-0.354003196531,86dd3a804d78ca5d203ebf98747e8f16dff9713ba8950097ceb760b161e19907,Domains_SSE_PBE
1774,-4.624058476329118,-4.103704646229744,1.02,-0.354003196531,86dd3a804d78ca5d203ebf98747e8f16dff9713ba8950097ceb760b161e19907,Domains_SSE_PBE
1775,-4.624616583372488,-4.103704646229744,1.02,-0.354003196531,86dd3a804d78ca5d203ebf98747e8f16dff9713ba8950097ceb760b161e19907,Domains_SSE_PBE
1776,-4.625174832461952,-4.103704646229744,1.02,-0.354003196531,86dd3a804d78ca5d203ebf98747e8f16dff9713ba8950097ceb760b161e19907,Domains_SSE_PBE
1777,-4.625733223521332,-4.103704646229744,1.02,-0.354003196531,86dd3a804d78ca5d203ebf98747e8f16dff9713ba8950097ceb760b161e19907,Domains_SSE_PBE
1778,-4.62629175647453,-4.103704646229744,1.02,-0.354003196531,86dd3a804d78ca5d203ebf98747e8f16dff9713ba8950097ceb760b161e19907,Domains_SSE_PBE
1779,-4.626850431245523,-4.103704646229744,1.02,-0.354003196531,86dd3a804d78ca5d203ebf98747e8f16dff9713ba8950097ceb760b161e19907,Domains_SSE_PBE
1780,-4.62740924775837,-4.103704646229744,1.02,-0.354003196531,86dd3a804d78ca5d203ebf98747e8f16dff9713ba8950097ceb760b161e19907,Domains_SSE_PBE
1781,-4.627968205937211,-4.103704646229744,1.02,-0.354003196531,86dd3a804d78ca5d203ebf98747e8f16dff9713ba8950097ceb760b161e19907,Domains_SSE_PBE
1782,-4.628527305706265,-4.103704646229744,1.02,-0.354003196531,86dd3a804d78ca5d203ebf98747e8f16dff9713ba8950097ceb760b161e19907,Domains_SSE_PBE
1783,-4.629086546989823,-4.103704646229744,1.02,-0.354003196531,86dd3a804d78ca5d203ebf98747e8f16dff9713ba8950097ceb760b161e19907,Domains_SSE_PBE
1784,-4.629645929712264,-4.103704646229744,1.02,-0.354003196531,86dd3a804d78ca5d203ebf98747e8f16dff9713ba8950097ceb760b161e19907,Domains_SSE_PBE
1785,-4.630205453798042,-4.103704646229744,1.02,-0.354003196531,86dd3a804d78ca5d203ebf98747e8f16dff9713ba8950097ceb760b161e19907,Domains_SSE_PBE
1786,-4.630765119171689,-4.103704646229744,1.02,-0.354003196531,86dd3a804d78ca5d203ebf98747e8f16dff9713ba8950097ceb760b161e19907,Domains_SSE_PBE
1787,-4.631324925757816,-4.103704646229744,1.02,-0.354003196531,86dd3a804d78ca5d203ebf98747e8f16dff9713ba8950097ceb760b161e19907,Domains_SSE_PBE
1788,-4.631884873481113,-4.103704646229744,1.02,-0.354003196531,86dd3a804d78ca5d203ebf98747e8f16dff9713ba8950097ceb760b161e19907,Domains_SSE_PBE
1789,-4.632444962266349,-4.103704646229744,1.02,-0.354003196531,86dd3a804d78ca5d203ebf98747e8f16dff9713ba8950097ceb760b161e19907,Domains_SSE_PBE
1790,-4.633005192038368,-4.103704646229744,1.02,-0.354003196531,86dd3a804d78ca5d203ebf98747e8f16dff9713ba8950097ceb760b161e19907,Domains_SSE_PBE
1791,-4.633565562722097,-4.103704646229744,1.02,-0.354003196531,86dd3a804d78ca5d203ebf98747e8f16dff9713ba8950097ceb760b161e19907,Domains_SSE_PBE
1792,-4.634126074242537,-4.103704646229744,1.02,-0.354003196531,86dd3a804d78ca5d203ebf98747e8f16dff9713ba8950097ceb760b161e19907,Domains_SSE_PBE
1793,-4.634686726524767,-4.103704646229744,1.02,-0.354003196531,86dd3a804d78ca5d203ebf98747e8f16dff9713ba8950097ceb760b161e19907,Domains_SSE_PBE
1794,-4.635247519493945,-4.103704646229744,1.02,-0.354003196531,86dd3a804d78ca5d203ebf98747e8f16dff9713ba8950097ceb760b161e19907,Domains_SSE_PBE
1795,-4.635808453075308,-4.103704646229744,1.02,-0.354003196531,86dd3a804d78ca5d203ebf98747e8f16dff9713ba8950097ceb760b161e19907,Domains_SSE_PBE
1796,-4.636369527194167,-4.103704646229744,1.02,-0.354003196531,86dd3a804d78ca5d203ebf98747e8f16dff9713ba8950097ceb760b161e19907,Domains_SSE_PBE
1797,-4.636930741775914,-4.103704646229744,1.02,-0.354003196531,86dd3a804d78ca5d203ebf98747e8f16dff9713ba8950097ceb760b161e19907,Domains_SSE_PBE
1798,-4.637492096746015,-4.103704646229744,1.02,-0.354003196531,86dd3a804d78ca5d203ebf98747e8f16dff9713ba8950097ceb760b161e19907,Domains_SSE_PBE
1799,-4.638053592030015,-4.103704646229744,1.02,-0.354003196531,86dd3a804d78ca5d203ebf98747e8f16dff9713ba8950097ceb760b161e19907,Domains_SSE_PBE
1800,-4.638615227553534,-4.103704646229744,1.02,-0.354003196531,86dd3a804d78ca5d203ebf98747e8f16dff9713ba8950097ceb760b161e19907,Domains_SSE_PBE
1801,-4.639177003242274,-4.103704646229744,1.02,-0.354003196531,86dd3a804d78ca5d203ebf98747e8f16dff9713ba8950097ceb760b161e19907,Domains_SSE_PBE
1802,-4.639738919022007,-4.103704646229744,1.02,-0.354003196531,86dd3a804d78ca5d203ebf98747e8f16dff9713ba8950097ceb760b161e19907,Domains_SSE_PBE
1803,-4.640300974818587,-4.103704646229744,1.02,-0.354003196531,86dd3a804d78ca5d203ebf98747e8f16dff9713ba8950097ceb760b161e19907,Domains_SSE_PBE
1804,-4.64086317055794,-4.103704646229744,1.02,-0.354003196531,86dd3a804d78ca5d203ebf98747e8f16dff9713ba8950097ceb760b161e19907,Domains_SSE_PBE
1805,-4.641425506166073,-4.103704646229744,1.02,-0.354003196531,86dd3a804d78ca5d203ebf98747e8f16dff9713ba8950097ceb760b161e19907,Domains_SSE_PBE
1806,-4.641987981569066,-4.103704646229744,1.02,-0.354003196531,86dd3a804d78ca5d203ebf98747e8f16dff9713ba8950097ceb760b161e19907,Domains_SSE_PBE
1807,-4.642550596693078,-4.103704646229744,1.02,-0.354003196531,86dd3a804d78ca5d203ebf98747e8f16dff9713ba8950097ceb760b161e19907,Domains_SSE_PBE
1808,-4.643113351464341,-4.103704646229744,1.02,-0.354003196531,86dd3a804d78ca5d203ebf98747e8f16dff9713ba8950097ceb760b161e19907,Domains_SSE_PBE
1809,-4.643676245809163,-4.103704646229744,1.02,-0.354003196531,86dd3a804d78ca5d203ebf98747e8f16dff9713ba8950097ceb760b161e19907,Domains_SSE_PBE
1810,-4.644239279653932,-4.103704646229744,1.02,-0.354003196531,86dd3a804d78ca5d203ebf98747e8f16dff9713ba8950097ceb760b161e19907,Domains_SSE_PBE
1811,-4.644802452925108,-4.103704646229744,1.02,-0.354003196531,86dd3a804d78ca5d203ebf98747e8f16dff9713ba8950097ceb760b161e19907,Domains_SSE_PBE
1812,-4.645365765549229,-4.103704646229744,1.02,-0.354003196531,86dd3a804d78ca5d203ebf98747e8f16dff9713ba8950097ceb760b161e19907,Domains_SSE_PBE
1813,-4.645929217452904,-4.103704646229744,1.02,-0.354003196531,86dd3a804d78ca5d203ebf98747e8f16dff9713ba8950097ceb760b161e19907,Domains_SSE_PBE
1814,-4.646492808562824,-4.103704646229744,1.02,-0.354003196531,86dd3a804d78ca5d203ebf98747e8f16dff9713ba8950097ceb760b161e19907,Domains_SSE_PBE
1815,-4.647056538805749,-4.103704646229744,1.02,-0.354003196531,86dd3a804d78ca5d203ebf98747e8f16dff9713ba8950097ceb760b161e19907,Domains_SSE_PBE
1816,-4.647620408108518,-4.103704646229744,1.02,-0.354003196531,86dd3a804d78ca5d203ebf98747e8f16dff9713ba8950097ceb760b161e19907,Domains_SSE_PBE
1817,-4.648184416398046,-4.103704646229744,1.02,-0.354003196531,86dd3a804d78ca5d203ebf98747e8f16dff9713ba8950097ceb760b161e19907,Domains_SSE_PBE
1818,-4.648748563601318,-4.103704646229744,1.02,-0.354003196531,86dd3a804d78ca5d203ebf98747e8f16dff9713ba8950097ceb760b161e19907,Domains_SSE_PBE
1819,-4.649312849645398,-4.103704646229744,1.02,-0.354003196531,86dd3a804d78ca5d203ebf98747e8f16dff9713ba8950097ceb760b161e19907,Domains_SSE_PBE
1820,-4.649877274457425,-4.103704646229744,1.02,-0.354003196531,86dd3a804d78ca5d203ebf98747e8f16dff9713ba8950097ceb760b161e19907,Domains_SSE_PBE
1821,-4.65044183796461,-4.103704646229744,1.02,-0.354003196531,86dd3a804d78ca5d203ebf98747e8f16dff9713ba8950097ceb760b161e19907,Domains_SSE_PBE
1822,-4.651006540094239,-4.103704646229744,1.02,-0.354003196531,86dd3a804d78ca5d203ebf98747e8f16dff9713ba8950097ceb760b161e19907,Domains_SSE_PBE
1823,-4.651571380773674,-4.103704646229744,1.02,-0.354003196531,86dd3a804d78ca5d203ebf98747e8f16dff9713ba8950097ceb760b161e19907,Domains_SSE_PBE
1824,-4.65213635993035,-4.103704646229744,1.02,-0.354003196531,86dd3a804d78ca5d203ebf98747e8f16dff9713ba8950097ceb760b161e19907,Domains_SSE_PBE
1825,-4.652701477491778,-4.103704646229744,1.02,-0.354003196531,86dd3a804d78ca5d203ebf98747e8f16dff9713ba8950097ceb760b161e19907,Domains_SSE_PBE
1826,-4.65326673338554,-4.103704646229744,1.02,-0.354003196531,86dd3a804d78ca5d203ebf98747e8f16dff9713ba8950097ceb760b161e19907,Domains_SSE_PBE
1827,-4.653832127539294,-4.103704646229744,1.02,-0.354003196531,86dd3a804d78ca5d203ebf98747e8f16dff9713ba8950097ceb760b161e19907,Domains_SSE_PBE
1828,-4.654397659880772,-4.103704646229744,1.02,-0.354003196531,86dd3a804d78ca5d203ebf98747e8f16dff9713ba8950097ceb760b161e19907,Domains_SSE_PBE
1829,-4.654963330337778,-4.103704646229744,1.02,-0.354003196531,86dd3a804d78ca5d203ebf98747e8f16dff9713ba8950097ceb760b161e19907,Domains_SSE_PBE
1830,-4.65552913883819,-4.103704646229744,1.02,-0.354003196531,86dd3a804d78ca5d203ebf98747e8f16dff9713ba8950097ceb760b161e19907,Domains_SSE_PBE
1831,-4.656095085309964,-4.103704646229744,1.02,-0.354003196531,86dd3a804d78ca5d203ebf98747e8f16dff9713ba8950097ceb760b161e19907,Domains_SSE_PBE
1832,-4.656661169681122,-4.103704646229744,1.02,-0.354003196531,86dd3a804d78ca5d203ebf98747e8f16dff9713ba8950097ceb760b161e19907,Domains_SSE_PBE
1833,-4.657227391879765,-4.103704646229744,1.02,-0.354003196531,86dd3a804d78ca5d203ebf98747e8f16dff9713ba8950097ceb760b161e19907,Domains_SSE_PBE
1834,-4.657793751834062,-4.103704646229744,1.02,-0.354003196531,86dd3a804d78ca5d203ebf98747e8f16dff9713ba8950097ceb760b161e19907,Domains_SSE_PBE
1835,-4.658360249472262,-4.103704646229744,1.02,-0.354003196531,86dd3a804d78ca5d203ebf98747e8f16dff9713ba8950097ceb760b161e19907,Domains_SSE_PBE
1836,-4.658926884722682,-4.103704646229744,1.02,-0.354003196531,86dd3a804d78ca5d203ebf98747e8f16dff9713ba8950097ceb760b161e19907,Domains_SSE_PBE
1837,-4.659493657513712,-4.103704646229744,1.02,-0.354003196531,86dd3a804d78ca5d203ebf98747e8f16dff9713ba8950097ceb760b161e19907,Domains_SSE_PBE
1838,-4.660060567773816,-4.103704646229744,1.02,-0.354003196531,86dd3a804d78ca5d203ebf98747e8f16dff9713ba8950097ceb760b161e19907,Domains_SSE_PBE
1839,-4.660627615431531,-4.103704646229744,1.02,-0.354003196531,86dd3a804d78ca5d203ebf98747e8f16dff9713ba8950097ceb760b161e19907,Domains_SSE_PBE
1840,-4.661194800415466,-4.103704646229744,1.02,-0.354003196531,86dd3a804d78ca5d203ebf98747e8f16dff9713ba8950097ceb760b161e19907,Domains_SSE_PBE
1841,-4.661762122654302,-4.103704646229744,1.02,-0.354003196531,86dd3a804d78ca5d203ebf98747e8f16dff9713ba8950097ceb760b161e19907,Domains_SSE_PBE
1842,-4.662329582076793,-4.103704646229744,1.02,-0.354003196531,86dd3a804d78ca5d203ebf98747e8f16dff9713ba8950097ceb760b161e19907,Domains_SSE_PBE
1843,-4.662897178611763,-4.103704646229744,1.02,-0.354003196531,86dd3a804d78ca5d203ebf98747e8f16dff9713ba8950097ceb760b161e19907,Domains_SSE_PBE
1844,-4.663464912188113,-4.103704646229744,1.02,-0.354003196531,86dd3a804d78ca5d203ebf98747e8f16dff9713ba8950097ceb760b161e19907,Domains_SSE_PBE
1845,-4.66403278273481,-4.103704646229744,1.02,-0.354003196531,86dd3a804d78ca5d203ebf98747e8f16dff9713ba8950097ceb760b161e19907,Domains_SSE_PBE
1846,-4.664600790180899,-4.103704646229744,1.02,-0.354003196531,86dd3a804d78ca5d203ebf98747e8f16dff9713ba8950097ceb760b161e19907,Domains_SSE_PBE
1847,-4.66516893445549,-4.103704646229744,1.02,-0.354003196531,86dd3a804d78ca5d203ebf98747e8f16dff9713ba8950097ceb760b161e19907,Domains_SSE_PBE
1848,-4.665737215487771,-4.103704646229744,1.02,-0.354003196531,86dd3a804d78ca5d203ebf98747e8f16dff9713ba8950097ceb760b161e19907,Domains_SSE_PBE
1849,-4.666305633206998,-4.103704646229744,1.02,-0.354003196531,86dd3a804d78ca5d203ebf98747e8f16dff9713ba8950097ceb760b161e19907,Domains_SSE_PBE
1850,-4.666874187542499,-4.103704646229744,1.02,-0.354003196531,86dd3a804d78ca5d203ebf98747e8f16dff9713ba8950097ceb760b161e19907,Domains_SSE_PBE
1851,-4.667442878423675,-4.103704646229744,1.02,-0.354003196531,86dd3a804d78ca5d203ebf98747e8f16dff9713ba8950097ceb760b161e19907,Domains_SSE_PBE
1852,-4.668011705779995,-4.103704646229744,1.02,-0.354003196531,86dd3a804d78ca5d203ebf98747e8f16dff9713ba8950097ceb760b161e19907,Domains_SSE_PBE
1853,-4.668580669541002,-4.103704646229744,1.02,-0.354003196531,86dd3a804d78ca5d203ebf98747e8f16dff9713ba8950097ceb760b161e19907,Domains_SSE_PBE
1854,-4.669149769636309,-4.103704646229744,1.02,-0.354003196531,86dd3a804d78ca5d203ebf98747e8f16dff9713ba8950097ceb760b161e19907,Domains_SSE_PBE
1855,-4.669719005995601,-4.103704646229744,1.02,-0.354003196531,86dd3a804d78ca5d203ebf98747e8f16dff9713ba8950097ceb760b161e19907,Domains_SSE_PBE
1856,-4.670288378548631,-4.103704646229744,1.02,-0.354003196531,86dd3a804d78ca5d203ebf98747e8f16dff9713ba8950097ceb760b161e19907,Domains_SSE_PBE
1857,-4.670857887225226,-4.103704646229744,1.02,-0.354003196531,86dd3a804d78ca5d203ebf98747e8f16dff9713ba8950097ceb760b161e19907,Domains_SSE_PBE
1858,-4.671427531955283,-4.103704646229744,1.02,-0.354003196531,86dd3a804d78ca5d203ebf98747e8f16dff9713ba8950097ceb760b161e19907,Domains_SSE_PBE
1859,-4.671997312668767,-4.103704646229744,1.02,-0.354003196531,86dd3a804d78ca5d203ebf98747e8f16dff9713ba8950097ceb760b161e19907,Domains_SSE_PBE
1860,-4.672567229295716,-4.103704646229744,1.02,-0.354003196531,86dd3a804d78ca5d203ebf98747e8f16dff9713ba8950097ceb760b161e19907,Domains_SSE_PBE
1861,-4.673137281766237,-4.103704646229744,1.02,-0.354003196531,86dd3a804d78ca5d203ebf98747e8f16dff9713ba8950097ceb760b161e19907,Domains_SSE_PBE
1862,-4.673707470010508,-4.103704646229744,1.02,-0.354003196531,86dd3a804d78ca5d203ebf98747e8f16dff9713ba8950097ceb760b161e19907,Domains_SSE_PBE
1863,-4.674277793958779,-4.103704646229744,1.02,-0.354003196531,86dd3a804d78ca5d203ebf98747e8f16dff9713ba8950097ceb760b161e19907,Domains_SSE_PBE
1864,-4.674848253541363,-4.103704646229744,1.02,-0.354003196531,86dd3a804d78ca5d203ebf98747e8f16dff9713ba8950097ceb760b161e19907,Domains_SSE_PBE
1865,-4.675418848688651,-4.103704646229744,1.02,-0.354003196531,86dd3a804d78ca5d203ebf98747e8f16dff9713ba8950097ceb760b161e19907,Domains_SSE_PBE
1866,-4.675989579331101,-4.103704646229744,1.02,-0.354003196531,86dd3a804d78ca5d203ebf98747e8f16dff9713ba8950097ceb760b161e19907,Domains_SSE_PBE
1867,-4.676560445399237,-4.103704646229744,1.02,-0.354003196531,86dd3a804d78ca5d203ebf98747e8f16dff9713ba8950097ceb760b161e19907,Domains_SSE_PBE
1868,-4.67713144682366,-4.103704646229744,1.02,-0.354003196531,86dd3a804d78ca5d203ebf98747e8f16dff9713ba8950097ceb760b161e19907,Domains_SSE_PBE
1869,-4.677702583535034,-4.103704646229744,1.02,-0.354003196531,86dd3a804d78ca5d203ebf98747e8f16dff9713ba8950097ceb760b161e19907,Domains_SSE_PBE
1870,-4.678273855464095,-4.103704646229744,1.02,-0.354003196531,86dd3a804d78ca5d203ebf98747e8f16dff9713ba8950097ceb760b161e19907,Domains_SSE_PBE
1871,-4.678845262541647,-4.103704646229744,1.02,-0.354003196531,86dd3a804d78ca5d203ebf98747e8f16dff9713ba8950097ceb760b161e19907,Domains_SSE_PBE
1872,-4.679416804698565,-4.103704646229744,1.02,-0.354003196531,86dd3a804d78ca5d203ebf98747e8f16dff9713ba8950097ceb760b161e19907,Domains_SSE_PBE
1873,-4.679988481865793,-4.103704646229744,1.02,-0.354003196531,86dd3a804d78ca5d203ebf98747e8f16dff9713ba8950097ceb760b161e19907,Domains_SSE_PBE
1874,-4.680560293974342,-4.103704646229744,1.02,-0.354003196531,86dd3a804d78ca5d203ebf98747e8f16dff9713ba8950097ceb760b161e19907,Domains_SSE_PBE
1875,-4.681132240955294,-4.103704646229744,1.02,-0.354003196531,86dd3a804d78ca5d203ebf98747e8f16dff9713ba8950097ceb760b161e19907,Domains_SSE_PBE
1876,-4.681704322739798,-4.103704646229744,1.02,-0.354003196531,86dd3a804d78ca5d203ebf98747e8f16dff9713ba8950097ceb760b161e19907,Domains_SSE_PBE
1877,-4.682276539259073,-4.103704646229744,1.02,-0.354003196531,86dd3a804d78ca5d203ebf98747e8f16dff9713ba8950097ceb760b161e19907,Domains_SSE_PBE
1878,-4.682848890444407,-4.103704646229744,1.02,-0.354003196531,86dd3a804d78ca5d203ebf98747e8f16dff9713ba8950097ceb760b161e19907,Domains_SSE_PBE
1879,-4.683421376227154,-4.103704646229744,1.02,-0.354003196531,86dd3a804d78ca5d203ebf98747e8f16dff9713ba8950097ceb760b161e19907,Domains_SSE_PBE
1880,-4.68399399653874,-4.103704646229744,1.02,-0.354003196531,86dd3a804d78ca5d203ebf98747e8f16dff9713ba8950097ceb760b161e19907,Domains_SSE_PBE
1881,-4.684566751310655,-4.103704646229744,1.02,-0.354003196531,86dd3a804d78ca5d203ebf98747e8f16dff9713ba8950097ceb760b161e19907,Domains_SSE_PBE
1882,-4.685139640474461,-4.103704646229744,1.02,-0.354003196531,86dd3a804d78ca5d203ebf98747e8f16dff9713ba8950097ceb760b161e19907,Domains_SSE_PBE
1883,-4.685712663961787,-4.103704646229744,1.02,-0.354003196531,86dd3a804d78ca5d203ebf98747e8f16dff9713ba8950097ceb760b161e19907,Domains_SSE_PBE
1884,-4.686285821704328,-4.103704646229744,1.02,-0.354003196531,86dd3a804d78ca5d203ebf98747e8f16dff9713ba8950097ceb760b161e19907,Domains_SSE_PBE
1885,-4.686859113633848,-4.103704646229744,1.02,-0.354003196531,86dd3a804d78ca5d203ebf98747e8f16dff9713ba8950097ceb760b161e19907,Domains_SSE_PBE
1886,-4.687432539682183,-4.103704646229744,1.02,-0.354003196531,86dd3a804d78ca5d203ebf98747e8f16dff9713ba8950097ceb760b161e19907,Domains_SSE_PBE
1887,-4.688006099781228,-4.103704646229744,1.02,-0.354003196531,86dd3a804d78ca5d203ebf98747e8f16dff9713ba8950097ceb760b161e19907,Domains_SSE_PBE
1888,-4.688579793862956,-4.103704646229744,1.02,-0.354003196531,86dd3a804d78ca5d203ebf98747e8f16dff9713ba8950097ceb760b161e19907,Domains_SSE_PBE
1889,-4.689153621859396,-4.103704646229744,1.02,-0.354003196531,86dd3a804d78ca5d203ebf98747e8f16dff9713ba8950097ceb760b161e19907,Domains_SSE_PBE
1890,-4.689727583702654,-4.103704646229744,1.02,-0.354003196531,86dd3a804d78ca5d203ebf98747e8f16dff9713ba8950097ceb760b161e19907,Domains_SSE_PBE
1891,-4.690301679324899,-4.103704646229744,1.02,-0.354003196531,86dd3a804d78ca5d203ebf98747e8f16dff9713ba8950097ceb760b161e19907,Domains_SSE_PBE
1892,-4.690875908658368,-4.103704646229744,1.02,-0.354003196531,86dd3a804d78ca5d203ebf98747e8f16dff9713ba8950097ceb760b161e19907,Domains_SSE_PBE
1893,-4.691450271635365,-4.103704646229744,1.02,-0.354003196531,86dd3a804d78ca5d203ebf98747e8f16dff9713ba8950097ceb760b161e19907,Domains_SSE_PBE
1894,-4.692024768188261,-4.103704646229744,1.02,-0.354003196531,86dd3a804d78ca5d203ebf98747e8f16dff9713ba8950097ceb760b161e19907,Domains_SSE_PBE
1895,-4.692599398249492,-4.103704646229744,1.02,-0.354003196531,86dd3a804d78ca5d203ebf98747e8f16dff9713ba8950097ceb760b161e19907,Domains_SSE_PBE
1896,-4.693174161751566,-4.103704646229744,1.02,-0.354003196531,86dd3a804d78ca5d203ebf98747e8f16dff9713ba8950097ceb760b161e19907,Domains_SSE_PBE
1897,-4.693749058627052,-4.103704646229744,1.02,-0.354003196531,86dd3a804d78ca5d203ebf98747e8f16dff9713ba8950097ceb760b161e19907,Domains_SSE_PBE
1898,-4.69432408880859,-4.103704646229744,1.02,-0.354003196531,86dd3a804d78ca5d203ebf98747e8f16dff9713ba8950097ceb760b161e19907,Domains_SSE_PBE
1899,-4.694899252228882,-4.103704646229744,1.02,-0.354003196531,86dd3a804d78ca5d203ebf98747e8f16dff9713ba8950097ceb760b161e19907,Domains_SSE_PBE
1900,-4.695474548820701,-4.103704646229744,1.02,-0.354003196531,86dd3a804d78ca5d203ebf98747e8f16dff9713ba8950097ceb760b161e19907,Domains_SSE_PBE
1901,-4.696049978516884,-4.103704646229744,1.02,-0.354003196531,86dd3a804d78ca5d203ebf98747e8f16dff9713ba8950097ceb760b161e19907,Domains_SSE_PBE
1902,-4.696625541250334,-4.103704646229744,1.02,-0.354003196531,86dd3a804d78ca5d203ebf98747e8f16dff9713ba8950097ceb760b161e19907,Domains_SSE_PBE
1903,-4.697201236954021,-4.103704646229744,1.02,-0.354003196531,86dd3a804d78ca5d203ebf98747e8f16dff9713ba8950097ceb760b161e19907,Domains_SSE_PBE
1904,-4.697777065560982,-4.103704646229744,1.02,-0.354003196531,86dd3a804d78ca5d203ebf98747e8f16dff9713ba8950097ceb760b161e19907,Domains_SSE_PBE
1905,-4.698353027004314,-4.103704646229744,1.02,-0.354003196531,86dd3a804d78ca5d203ebf98747e8f16dff9713ba8950097ceb760b161e19907,Domains_SSE_PBE
1906,-4.698929121217191,-4.103704646229744,1.02,-0.354003196531,86dd3a804d78ca5d203ebf98747e8f16dff9713ba8950097ceb760b161e19907,Domains_SSE_PBE
1907,-4.699505348132843,-4.103704646229744,1.02,-0.354003196531,86dd3a804d78ca5d203ebf98747e8f16dff9713ba8950097ceb760b161e19907,Domains_SSE_PBE
1908,-4.700081707684567,-4.103704646229744,1.02,-0.354003196531,86dd3a804d78ca5d203ebf98747e8f16dff9713ba8950097ceb760b161e19907,Domains_SSE_PBE
1909,-4.70065819980573,-4.103704646229744,1.02,-0.354003196531,86dd3a804d78ca5d203ebf98747e8f16dff9713ba8950097ceb760b161e19907,Domains_SSE_PBE
1910,-4.701234824429762,-4.103704646229744,1.02,-0.354003196531,86dd3a804d78ca5d203ebf98747e8f16dff9713ba8950097ceb760b161e19907,Domains_SSE_PBE
1911,-4.701811581490158,-4.103704646229744,1.02,-0.354003196531,86dd3a804d78ca5d203ebf98747e8f16dff9713ba8950097ceb760b161e19907,Domains_SSE_PBE
1912,-4.702388470920478,-4.103704646229744,1.02,-0.354003196531,86dd3a804d78ca5d203ebf98747e8f16dff9713ba8950097ceb760b161e19907,Domains_SSE_PBE
1913,-4.702965492654348,-4.103704646229744,1.02,-0.354003196531,86dd3a804d78ca5d203ebf98747e8f16dff9713ba8950097ceb760b161e19907,Domains_SSE_PBE
1914,-4.70354264662546,-4.103704646229744,1.02,-0.354003196531,86dd3a804d78ca5d203ebf98747e8f16dff9713ba8950097ceb760b161e19907,Domains_SSE_PBE
1915,-4.704119932767568,-4.103704646229744,1.02,-0.354003196531,86dd3a804d78ca5d203ebf98747e8f16dff9713ba8950097ceb760b161e19907,Domains_SSE_PBE
1916,-4.704697351014494,-4.103704646229744,1.02,-0.354003196531,86dd3a804d78ca5d203ebf98747e8f16dff9713ba8950097ceb760b161e19907,Domains_SSE_PBE
1917,-4.705274901300124,-4.103704646229744,1.02,-0.354003196531,86dd3a804d78ca5d203ebf98747e8f16dff9713ba8950097ceb760b161e19907,Domains_SSE_PBE
1918,-4.705852583558408,-4.103704646229744,1.02,-0.354003196531,86dd3a804d78ca5d203ebf98747e8f16dff9713ba8950097ceb760b161e19907,Domains_SSE_PBE
1919,-4.706430397723361,-4.103704646229744,1.02,-0.354003196531,86dd3a804d78ca5d203ebf98747e8f16dff9713ba8950097ceb760b161e19907,Domains_SSE_PBE
1920,-4.707008343729062,-4.103704646229744,1.02,-0.354003196531,86dd3a804d78ca5d203ebf98747e8f16dff9713ba8950097ceb760b161e19907,Domains_SSE_PBE
1921,-4.707586421509657,-4.103704646229744,1.02,-0.354003196531,86dd3a804d78ca5d203ebf98747e8f16dff9713ba8950097ceb760b161e19907,Domains_SSE_PBE
1922,-4.708164630999351,-4.103704646229744,1.02,-0.354003196531,86dd3a804d78ca5d203ebf98747e8f16dff9713ba8950097ceb760b161e19907,Domains_SSE_PBE
1923,-4.70874297213242,-4.103704646229744,1.02,-0.354003196531,86dd3a804d78ca5d203ebf98747e8f16dff9713ba8950097ceb760b161e19907,Domains_SSE_PBE
1924,-4.709321444843197,-4.103704646229744,1.02,-0.354003196531,86dd3a804d78ca5d203ebf98747e8f16dff9713ba8950097ceb760b161e19907,Domains_SSE_PBE
1925,-4.709900049066087,-4.103704646229744,1.02,-0.354003196531,86dd3a804d78ca5d203ebf98747e8f16dff9713ba8950097ceb760b161e19907,Domains_SSE_PBE
1926,-4.71047878473555,-4.103704646229744,1.02,-0.354003196531,86dd3a804d78ca5d203ebf98747e8f16dff9713ba8950097ceb760b161e19907,Domains_SSE_PBE
1927,-4.711057651786121,-4.103704646229744,1.02,-0.354003196531,86dd3a804d78ca5d203ebf98747e8f16dff9713ba8950097ceb760b161e19907,Domains_SSE_PBE
1928,-4.711636650152388,-4.103704646229744,1.02,-0.354003196531,86dd3a804d78ca5d203ebf98747e8f16dff9713ba8950097ceb760b161e19907,Domains_SSE_PBE
1929,-4.712215779769007,-4.103704646229744,1.02,-0.354003196531,86dd3a804d78ca5d203ebf98747e8f16dff9713ba8950097ceb760b161e19907,Domains_SSE_PBE
1930,-4.7127950405707,-4.103704646229744,1.02,-0.354003196531,86dd3a804d78ca5d203ebf98747e8f16dff9713ba8950097ceb760b161e19907,Domains_SSE_PBE
1931,-4.71337443249225,-4.103704646229744,1.02,-0.354003196531,86dd3a804d78ca5d203ebf98747e8f16dff9713ba8950097ceb760b161e19907,Domains_SSE_PBE
1932,-4.713953955468503,-4.103704646229744,1.02,-0.354003196531,86dd3a804d78ca5d203ebf98747e8f16dff9713ba8950097ceb760b161e19907,Domains_SSE_PBE
1933,-4.714533609434368,-4.103704646229744,1.02,-0.354003196531,86dd3a804d78ca5d203ebf98747e8f16dff9713ba8950097ceb760b161e19907,Domains_SSE_PBE
1934,-4.715113394324821,-4.103704646229744,1.02,-0.354003196531,86dd3a804d78ca5d203ebf98747e8f16dff9713ba8950097ceb760b161e19907,Domains_SSE_PBE
1935,-4.715693310074898,-4.103704646229744,1.02,-0.354003196531,86dd3a804d78ca5d203ebf98747e8f16dff9713ba8950097ceb760b161e19907,Domains_SSE_PBE
1936,-4.716273356619697,-4.103704646229744,1.02,-0.354003196531,86dd3a804d78ca5d203ebf98747e8f16dff9713ba8950097ceb760b161e19907,Domains_SSE_PBE
1937,-4.716853533894383,-4.103704646229744,1.02,-0.354003196531,86dd3a804d78ca5d203ebf98747e8f16dff9713ba8950097ceb760b161e19907,Domains_SSE_PBE
1938,-4.717433841834181,-4.103704646229744,1.02,-0.354003196531,86dd3a804d78ca5d203ebf98747e8f16dff9713ba8950097ceb760b161e19907,Domains_SSE_PBE
1939,-4.718014280374378,-4.103704646229744,1.02,-0.354003196531,86dd3a804d78ca5d203ebf98747e8f16dff9713ba8950097ceb760b161e19907,Domains_SSE_PBE
1940,-4.718594849450325,-4.103704646229744,1.02,-0.354003196531,86dd3a804d78ca5d203ebf98747e8f16dff9713ba8950097ceb760b161e19907,Domains_SSE_PBE
1941,-4.719175548997438,-4.103704646229744,1.02,-0.354003196531,86dd3a804d78ca5d203ebf98747e8f16dff9713ba8950097ceb760b161e19907,Domains_SSE_PBE
1942,-4.719756378951192,-4.103704646229744,1.02,-0.354003196531,86dd3a804d78ca5d203ebf98747e8f16dff9713ba8950097ceb760b161e19907,Domains_SSE_PBE
1943,-4.720337339247124,-4.103704646229744,1.02,-0.354003196531,86dd3a804d78ca5d203ebf98747e8f16dff9713ba8950097ceb760b161e19907,Domains_SSE_PBE
1944,-4.720918429820838,-4.103704646229744,1.02,-0.354003196531,86dd3a804d78ca5d203ebf98747e8f16dff9713ba8950097ceb760b161e19907,Domains_SSE_PBE
1945,-4.721499650607996,-4.103704646229744,1.02,-0.354003196531,86dd3a804d78ca5d203ebf98747e8f16dff9713ba8950097ceb760b161e19907,Domains_SSE_PBE
1946,-4.722081001544324,-4.103704646229744,1.02,-0.354003196531,86dd3a804d78ca5d203ebf98747e8f16dff9713ba8950097ceb760b161e19907,Domains_SSE_PBE
1947,-4.722662482565608,-4.103704646229744,1.02,-0.354003196531,86dd3a804d78ca5d203ebf98747e8f16dff9713ba8950097ceb760b161e19907,Domains_SSE_PBE
1948,-4.7232440936077,-4.103704646229744,1.02,-0.354003196531,86dd3a804d78ca5d203ebf98747e8f16dff9713ba8950097ceb760b161e19907,Domains_SSE_PBE
1949,-4.723825834606511,-4.103704646229744,1.02,-0.354003196531,86dd3a804d78ca5d203ebf98747e8f16dff9713ba8950097ceb760b161e19907,Domains_SSE_PBE
1950,-4.724407705498011,-4.103704646229744,1.02,-0.354003196531,86dd3a804d78ca5d203ebf98747e8f16dff9713ba8950097ceb760b161e19907,Domains_SSE_PBE
1951,-4.724989706218242,-4.103704646229744,1.02,-0.354003196531,86dd3a804d78ca5d203ebf98747e8f16dff9713ba8950097ceb760b161e19907,Domains_SSE_PBE
1952,-4.725571836703295,-4.103704646229744,1.02,-0.354003196531,86dd3a804d78ca5d203ebf98747e8f16dff9713ba8950097ceb760b161e19907,Domains_SSE_PBE
1953,-4.726154096889331,-4.103704646229744,1.02,-0.354003196531,86dd3a804d78ca5d203ebf98747e8f16dff9713ba8950097ceb760b161e19907,Domains_SSE_PBE
1954,-4.726736486712568,-4.103704646229744,1.02,-0.354003196531,86dd3a804d78ca5d203ebf98747e8f16dff9713ba8950097ceb760b161e19907,Domains_SSE_PBE
1955,-4.72731900610929,-4.103704646229744,1.02,-0.354003196531,86dd3a804d78ca5d203ebf98747e8f16dff9713ba8950097ceb760b161e19907,Domains_SSE_PBE
1956,-4.727901655015838,-4.103704646229744,1.02,-0.354003196531,86dd3a804d78ca5d203ebf98747e8f16dff9713ba8950097ceb760b161e19907,Domains_SSE_PBE
1957,-4.728484433368616,-4.103704646229744,1.02,-0.354003196531,86dd3a804d78ca5d203ebf98747e8f16dff9713ba8950097ceb760b161e19907,Domains_SSE_PBE
1958,-4.72906734110409,-4.103704646229744,1.02,-0.354003196531,86dd3a804d78ca5d203ebf98747e8f16dff9713ba8950097ceb760b161e19907,Domains_SSE_PBE
1959,-4.729650378158784,-4.103704646229744,1.02,-0.354003196531,86dd3a804d78ca5d203ebf98747e8f16dff9713ba8950097ceb760b161e19907,Domains_SSE_PBE
1960,-4.730233544469286,-4.103704646229744,1.02,-0.354003196531,86dd3a804d78ca5d203ebf98747e8f16dff9713ba8950097ceb760b161e19907,Domains_SSE_PBE
1961,-4.730816839972244,-4.103704646229744,1.02,-0.354003196531,86dd3a804d78ca5d203ebf98747e8f16dff9713ba8950097ceb760b161e19907,Domains_SSE_PBE
1962,-4.731400264604367,-4.103704646229744,1.02,-0.354003196531,86dd3a804d78ca5d203ebf98747e8f16dff9713ba8950097ceb760b161e19907,Domains_SSE_PBE
1963,-4.731983818302424,-4.103704646229744,1.02,-0.354003196531,86dd3a804d78ca5d203ebf98747e8f16dff9713ba8950097ceb760b161e19907,Domains_SSE_PBE
1964,-4.732567501003246,-4.103704646229744,1.02,-0.354003196531,86dd3a804d78ca5d203ebf98747e8f16dff9713ba8950097ceb760b161e19907,Domains_SSE_PBE
1965,-4.73315131264372,-4.103704646229744,1.02,-0.354003196531,86dd3a804d78ca5d203ebf98747e8f16dff9713ba8950097ceb760b161e19907,Domains_SSE_PBE
1966,-4.733735253160802,-4.103704646229744,1.02,-0.354003196531,86dd3a804d78ca5d203ebf98747e8f16dff9713ba8950097ceb760b161e19907,Domains_SSE_PBE
1967,-4.7343193224915,-4.103704646229744,1.02,-0.354003196531,86dd3a804d78ca5d203ebf98747e8f16dff9713ba8950097ceb760b161e19907,Domains_SSE_PBE
1968,-4.734903520572889,-4.103704646229744,1.02,-0.354003196531,86dd3a804d78ca5d203ebf98747e8f16dff9713ba8950097ceb760b161e19907,Domains_SSE_PBE
1969,-4.735487847342096,-4.103704646229744,1.02,-0.354003196531,86dd3a804d78ca5d203ebf98747e8f16dff9713ba8950097ceb760b161e19907,Domains_SSE_PBE
1970,-4.736072302736318,-4.103704646229744,1.02,-0.354003196531,86dd3a804d78ca5d203ebf98747e8f16dff9713ba8950097ceb760b161e19907,Domains_SSE_PBE
1971,-4.736656886692803,-4.103704646229744,1.02,-0.354003196531,86dd3a804d78ca5d203ebf98747e8f16dff9713ba8950097ceb760b161e19907,Domains_SSE_PBE
1972,-4.737241599148865,-4.103704646229744,1.02,-0.354003196531,86dd3a804d78ca5d203ebf98747e8f16dff9713ba8950097ceb760b161e19907,Domains_SSE_PBE
1973,-4.737826440041875,-4.103704646229744,1.02,-0.354003196531,86dd3a804d78ca5d203ebf98747e8f16dff9713ba8950097ceb760b161e19907,Domains_SSE_PBE
1974,-4.738411409309267,-4.103704646229744,1.02,-0.354003196531,86dd3a804d78ca5d203ebf98747e8f16dff9713ba8950097ceb760b161e19907,Domains_SSE_PBE
1975,-4.73899650688853,-4.103704646229744,1.02,-0.354003196531,86dd3a804d78ca5d203ebf98747e8f16dff9713ba8950097ceb760b161e19907,Domains_SSE_PBE
1976,-4.739581732717214,-4.103704646229744,1.02,-0.354003196531,86dd3a804d78ca5d203ebf98747e8f16dff9713ba8950097ceb760b161e19907,Domains_SSE_PBE
1977,-4.740167086732932,-4.103704646229744,1.02,-0.354003196531,86dd3a804d78ca5d203ebf98747e8f16dff9713ba8950097ceb760b161e19907,Domains_SSE_PBE
1978,-4.740752568873353,-4.103704646229744,1.02,-0.354003196531,86dd3a804d78ca5d203ebf98747e8f16dff9713ba8950097ceb760b161e19907,Domains_SSE_PBE
1979,-4.741338179076207,-4.103704646229744,1.02,-0.354003196531,86dd3a804d78ca5d203ebf98747e8f16dff9713ba8950097ceb760b161e19907,Domains_SSE_PBE
1980,-4.741923917279281,-4.103704646229744,1.02,-0.354003196531,86dd3a804d78ca5d203ebf98747e8f16dff9713ba8950097ceb760b161e19907,Domains_SSE_PBE
1981,-4.742509783420423,-4.103704646229744,1.02,-0.354003196531,86dd3a804d78ca5d203ebf98747e8f16dff9713ba8950097ceb760b161e19907,Domains_SSE_PBE
1982,-4.74309577743754,-4.103704646229744,1.02,-0.354003196531,86dd3a804d78ca5d203ebf98747e8f16dff9713ba8950097ceb760b161e19907,Domains_SSE_PBE
1983,-4.743681899268601,-4.103704646229744,1.02,-0.354003196531,86dd3a804d78ca5d203ebf98747e8f16dff9713ba8950097ceb760b161e19907,Domains_SSE_PBE
1984,-4.744268148851626,-4.103704646229744,1.02,-0.354003196531,86dd3a804d78ca5d203ebf98747e8f16dff9713ba8950097ceb760b161e19907,Domains_SSE_PBE
1985,-4.744854526124701,-4.103704646229744,1.02,-0.354003196531,86dd3a804d78ca5d203ebf98747e8f16dff9713ba8950097ceb760b161e19907,Domains_SSE_PBE
1986,-4.74544103102597,-4.103704646229744,1.02,-0.354003196531,86dd3a804d78ca5d203ebf98747e8f16dff9713ba8950097ceb760b161e19907,Domains_SSE_PBE
1987,-4.74602766349363,-4.103704646229744,1.02,-0.354003196531,86dd3a804d78ca5d203ebf98747e8f16dff9713ba8950097ceb760b161e19907,Domains_SSE_PBE
1988,-4.746614423465947,-4.103704646229744,1.02,-0.354003196531,86dd3a804d78ca5d203ebf98747e8f16dff9713ba8950097ceb760b161e19907,Domains_SSE_PBE
1989,-4.747201310881233,-4.103704646229744,1.02,-0.354003196531,86dd3a804d78ca5d203ebf98747e8f16dff9713ba8950097ceb760b161e19907,Domains_SSE_PBE
1990,-4.747788325677869,-4.103704646229744,1.02,-0.354003196531,86dd3a804d78ca5d203ebf98747e8f16dff9713ba8950097ceb760b161e19907,Domains_SSE_PBE
1991,-4.748375467794288,-4.103704646229744,1.02,-0.354003196531,86dd3a804d78ca5d203ebf98747e8f16dff9713ba8950097ceb760b161e19907,Domains_SSE_PBE
1992,-4.748962737168986,-4.103704646229744,1.02,-0.354003196531,86dd3a804d78ca5d203ebf98747e8f16dff9713ba8950097ceb760b161e19907,Domains_SSE_PBE
1993,-4.749550133740513,-4.103704646229744,1.02,-0.354003196531,86dd3a804d78ca5d203ebf98747e8f16dff9713ba8950097ceb760b161e19907,Domains_SSE_PBE
1994,-4.750137657447479,-4.103704646229744,1.02,-0.354003196531,86dd3a804d78ca5d203ebf98747e8f16dff9713ba8950097ceb760b161e19907,Domains_SSE_PBE
1995,-4.750725308228549,-4.103704646229744,1.02,-0.354003196531,86dd3a804d78ca5d203ebf98747e8f16dff9713ba8950097ceb760b161e19907,Domains_SSE_PBE
1996,-4.751313086022457,-4.103704646229744,1.02,-0.354003196531,86dd3a804d78ca5d203ebf98747e8f16dff9713ba8950097ceb760b161e19907,Domains_SSE_PBE
1997,-4.75190099076798,-4.103704646229744,1.02,-0.354003196531,86dd3a804d78ca5d203ebf98747e8f16dff9713ba8950097ceb760b161e19907,Domains_SSE_PBE
1998,-4.75248902240396,-4.103704646229744,1.02,-0.354003196531,86dd3a804d78ca5d203ebf98747e8f16dff9713ba8950097ceb760b161e19907,Domains_SSE_PBE
1999,-4.753077180869299,-4.103704646229744,1.02,-0.354003196531,86dd3a804d78ca5d203ebf98747e8f16dff9713ba8950097ceb760b161e19907,Domains_SSE_PBE
2000,-4.753665466102952,-4.103704646229744,1.02,-0.354003196531,86dd3a804d78ca5d203ebf98747e8f16dff9713ba8950097ceb760b161e19907,Domains_SSE_PBE
2001,-4.754253878043937,-4.103704646229744,1.02,-0.354003196531,86dd3a804d78ca5d203ebf98747e8f16dff9713ba8950097ceb760b161e19907,Domains_SSE_PBE
2002,-4.754842416631321,-4.103704646229744,1.02,-0.354003196531,86dd3a804d78ca5d203ebf98747e8f16dff9713ba8950097ceb760b161e19907,Domains_SSE_PBE
2003,-4.755431081804236,-4.103704646229744,1.02,-0.354003196531,86dd3a804d78ca5d203ebf98747e8f16dff9713ba8950097ceb760b161e19907,Domains_SSE_PBE
2004,-4.756019873501868,-4.103704646229744,1.02,-0.354003196531,86dd3a804d78ca5d203ebf98747e8f16dff9713ba8950097ceb760b161e19907,Domains_SSE_PBE
2005,-4.756608791663463,-4.103704646229744,1.02,-0.354003196531,86dd3a804d78ca5d203ebf98747e8f16dff9713ba8950097ceb760b161e19907,Domains_SSE_PBE
2006,-4.757197836228321,-4.103704646229744,1.02,-0.354003196531,86dd3a804d78ca5d203ebf98747e8f16dff9713ba8950097ceb760b161e19907,Domains_SSE_PBE
2007,-4.757787007135801,-4.103704646229744,1.02,-0.354003196531,86dd3a804d78ca5d203ebf98747e8f16dff9713ba8950097ceb760b161e19907,Domains_SSE_PBE
2008,-4.758376304325315,-4.103704646229744,1.02,-0.354003196531,86dd3a804d78ca5d203ebf98747e8f16dff9713ba8950097ceb760b161e19907,Domains_SSE_PBE
2009,-4.75896572773634,-4.103704646229744,1.02,-0.354003196531,86dd3a804d78ca5d203ebf98747e8f16dff9713ba8950097ceb760b161e19907,Domains_SSE_PBE
2010,-4.759555277308404,-4.103704646229744,1.02,-0.354003196531,86dd3a804d78ca5d203ebf98747e8f16dff9713ba8950097ceb760b161e19907,Domains_SSE_PBE
2011,-4.760144952981093,-4.103704646229744,1.02,-0.354003196531,86dd3a804d78ca5d203ebf98747e8f16dff9713ba8950097ceb760b161e19907,Domains_SSE_PBE
2012,-4.760734754694047,-4.103704646229744,1.02,-0.354003196531,86dd3a804d78ca5d203ebf98747e8f16dff9713ba8950097ceb760b161e19907,Domains_SSE_PBE
2013,-4.761324682386967,-4.103704646229744,1.02,-0.354003196531,86dd3a804d78ca5d203ebf98747e8f16dff9713ba8950097ceb760b161e19907,Domains_SSE_PBE
2014,-4.76191473599961,-4.103704646229744,1.02,-0.354003196531,86dd3a804d78ca5d203ebf98747e8f16dff9713ba8950097ceb760b161e19907,Domains_SSE_PBE
2015,-4.762504915471786,-4.103704646229744,1.02,-0.354003196531,86dd3a804d78ca5d203ebf98747e8f16dff9713ba8950097ceb760b161e19907,Domains_SSE_PBE
2016,-4.763095220743367,-4.103704646229744,1.02,-0.354003196531,86dd3a804d78ca5d203ebf98747e8f16dff9713ba8950097ceb760b161e19907,Domains_SSE_PBE
2017,-4.763685651754273,-4.103704646229744,1.02,-0.354003196531,86dd3a804d78ca5d203ebf98747e8f16dff9713ba8950097ceb760b161e19907,Domains_SSE_PBE
2018,-4.764276208444492,-4.103704646229744,1.02,-0.354003196531,86dd3a804d78ca5d203ebf98747e8f16dff9713ba8950097ceb760b161e19907,Domains_SSE_PBE
2019,-4.764866890754054,-4.103704646229744,1.02,-0.354003196531,86dd3a804d78ca5d203ebf98747e8f16dff9713ba8950097ceb760b161e19907,Domains_SSE_PBE
2020,-4.765457698623059,-4.103704646229744,1.02,-0.354003196531,86dd3a804d78ca5d203ebf98747e8f16dff9713ba8950097ceb760b161e19907,Domains_SSE_PBE
2021,-4.766048631991652,-4.103704646229744,1.02,-0.354003196531,86dd3a804d78ca5d203ebf98747e8f16dff9713ba8950097ceb760b161e19907,Domains_SSE_PBE
2022,-4.766639690800039,-4.103704646229744,1.02,-0.354003196531,86dd3a804d78ca5d203ebf98747e8f16dff9713ba8950097ceb760b161e19907,Domains_SSE_PBE
2023,-4.767230874988485,-4.103704646229744,1.02,-0.354003196531,86dd3a804d78ca5d203ebf98747e8f16dff9713ba8950097ceb760b161e19907,Domains_SSE_PBE
2024,-4.767822184497303,-4.103704646229744,1.02,-0.354003196531,86dd3a804d78ca5d203ebf98747e8f16dff9713ba8950097ceb760b161e19907,Domains_SSE_PBE
2025,-4.768413619266867,-4.103704646229744,1.02,-0.354003196531,86dd3a804d78ca5d203ebf98747e8f16dff9713ba8950097ceb760b161e19907,Domains_SSE_PBE
2026,-4.769005179237605,-4.103704646229744,1.02,-0.354003196531,86dd3a804d78ca5d203ebf98747e8f16dff9713ba8950097ceb760b161e19907,Domains_SSE_PBE
2027,-4.769596864350002,-4.103704646229744,1.02,-0.354003196531,86dd3a804d78ca5d203ebf98747e8f16dff9713ba8950097ceb760b161e19907,Domains_SSE_PBE
2028,-4.770188674544597,-4.103704646229744,1.02,-0.354003196531,86dd3a804d78ca5d203ebf98747e8f16dff9713ba8950097ceb760b161e19907,Domains_SSE_PBE
2029,-4.770780609761985,-4.103704646229744,1.02,-0.354003196531,86dd3a804d78ca5d203ebf98747e8f16dff9713ba8950097ceb760b161e19907,Domains_SSE_PBE
2030,-4.771372669942815,-4.103704646229744,1.02,-0.354003196531,86dd3a804d78ca5d203ebf98747e8f16dff9713ba8950097ceb760b161e19907,Domains_SSE_PBE
2031,-4.771964855027794,-4.103704646229744,1.02,-0.354003196531,86dd3a804d78ca5d203ebf98747e8f16dff9713ba8950097ceb760b161e19907,Domains_SSE_PBE
2032,-4.772557164957681,-4.103704646229744,1.02,-0.354003196531,86dd3a804d78ca5d203ebf98747e8f16dff9713ba8950097ceb760b161e19907,Domains_SSE_PBE
2033,-4.773149599673292,-4.103704646229744,1.02,-0.354003196531,86dd3a804d78ca5d203ebf98747e8f16dff9713ba8950097ceb760b161e19907,Domains_SSE_PBE
2034,-4.773742159115499,-4.103704646229744,1.02,-0.354003196531,86dd3a804d78ca5d203ebf98747e8f16dff9713ba8950097ceb760b161e19907,Domains_SSE_PBE
2035,-4.774334843225225,-4.103704646229744,1.02,-0.354003196531,86dd3a804d78ca5d203ebf98747e8f16dff9713ba8950097ceb760b161e19907,Domains_SSE_PBE
2036,-4.774927651943454,-4.103704646229744,1.02,-0.354003196531,86dd3a804d78ca5d203ebf98747e8f16dff9713ba8950097ceb760b161e19907,Domains_SSE_PBE
2037,-4.775520585211217,-4.103704646229744,1.02,-0.354003196531,86dd3a804d78ca5d203ebf98747e8f16dff9713ba8950097ceb760b161e19907,Domains_SSE_PBE
2038,-4.776113642969607,-4.103704646229744,1.02,-0.354003196531,86dd3a804d78ca5d203ebf98747e8f16dff9713ba8950097ceb760b161e19907,Domains_SSE_PBE
2039,-4.776706825159767,-4.103704646229744,1.02,-0.354003196531,86dd3a804d78ca5d203ebf98747e8f16dff9713ba8950097ceb760b161e19907,Domains_SSE_PBE
2040,-4.777300131722898,-4.103704646229744,1.02,-0.354003196531,86dd3a804d78ca5d203ebf98747e8f16dff9713ba8950097ceb760b161e19907,Domains_SSE_PBE
2041,-4.777893562600251,-4.103704646229744,1.02,-0.354003196531,86dd3a804d78ca5d203ebf98747e8f16dff9713ba8950097ceb760b161e19907,Domains_SSE_PBE
2042,-4.778487117733136,-4.103704646229744,1.02,-0.354003196531,86dd3a804d78ca5d203ebf98747e8f16dff9713ba8950097ceb760b161e19907,Domains_SSE_PBE
2043,-4.779080797062915,-4.103704646229744,1.02,-0.354003196531,86dd3a804d78ca5d203ebf98747e8f16dff9713ba8950097ceb760b161e19907,Domains_SSE_PBE
2044,-4.779674600531005,-4.103704646229744,1.02,-0.354003196531,86dd3a804d78ca5d203ebf98747e8f16dff9713ba8950097ceb760b161e19907,Domains_SSE_PBE
2045,-4.780268528078877,-4.103704646229744,1.02,-0.354003196531,86dd3a804d78ca5d203ebf98747e8f16dff9713ba8950097ceb760b161e19907,Domains_SSE_PBE
2046,-4.780862579648057,-4.103704646229744,1.02,-0.354003196531,86dd3a804d78ca5d203ebf98747e8f16dff9713ba8950097ceb760b161e19907,Domains_SSE_PBE
2047,-4.78145675518012,-4.103704646229744,1.02,-0.354003196531,86dd3a804d78ca5d203ebf98747e8f16dff9713ba8950097ceb760b161e19907,Domains_SSE_PBE
2048,-4.782051054616703,-4.103704646229744,1.02,-0.354003196531,86dd3a804d78ca5d203ebf98747e8f16dff9713ba8950097ceb760b161e19907,Domains_SSE_PBE
2049,-4.782645477899492,-4.103704646229744,1.02,-0.354003196531,86dd3a804d78ca5d203ebf98747e8f16dff9713ba8950097ceb760b161e19907,Domains_SSE_PBE
2050,-4.783240024970227,-4.103704646229744,1.02,-0.354003196531,86dd3a804d78ca5d203ebf98747e8f16dff9713ba8950097ceb760b161e19907,Domains_SSE_PBE
2051,-4.783834695770704,-4.103704646229744,1.02,-0.354003196531,86dd3a804d78ca5d203ebf98747e8f16dff9713ba8950097ceb760b161e19907,Domains_SSE_PBE
2052,-4.784429490242767,-4.103704646229744,1.02,-0.354003196531,86dd3a804d78ca5d203ebf98747e8f16dff9713ba8950097ceb760b161e19907,Domains_SSE_PBE
2053,-4.785024408328324,-4.103704646229744,1.02,-0.354003196531,86dd3a804d78ca5d203ebf98747e8f16dff9713ba8950097ceb760b161e19907,Domains_SSE_PBE
2054,-4.785619449969326,-4.103704646229744,1.02,-0.354003196531,86dd3a804d78ca5d203ebf98747e8f16dff9713ba8950097ceb760b161e19907,Domains_SSE_PBE
2055,-4.786214615107785,-4.103704646229744,1.02,-0.354003196531,86dd3a804d78ca5d203ebf98747e8f16dff9713ba8950097ceb760b161e19907,Domains_SSE_PBE
2056,-4.786809903685761,-4.103704646229744,1.02,-0.354003196531,86dd3a804d78ca5d203ebf98747e8f16dff9713ba8950097ceb760b161e19907,Domains_SSE_PBE
2057,-4.787405315645371,-4.103704646229744,1.02,-0.354003196531,86dd3a804d78ca5d203ebf98747e8f16dff9713ba8950097ceb760b161e19907,Domains_SSE_PBE
2058,-4.788000850928779,-4.103704646229744,1.02,-0.354003196531,86dd3a804d78ca5d203ebf98747e8f16dff9713ba8950097ceb760b161e19907,Domains_SSE_PBE
2059,-4.788596509478216,-4.103704646229744,1.02,-0.354003196531,86dd3a804d78ca5d203ebf98747e8f16dff9713ba8950097ceb760b161e19907,Domains_SSE_PBE
2060,-4.789192291235949,-4.103704646229744,1.02,-0.354003196531,86dd3a804d78ca5d203ebf98747e8f16dff9713ba8950097ceb760b161e19907,Domains_SSE_PBE
2061,-4.789788196144309,-4.103704646229744,1.02,-0.354003196531,86dd3a804d78ca5d203ebf98747e8f16dff9713ba8950097ceb760b161e19907,Domains_SSE_PBE
2062,-4.790384224145678,-4.103704646229744,1.02,-0.354003196531,86dd3a804d78ca5d203ebf98747e8f16dff9713ba8950097ceb760b161e19907,Domains_SSE_PBE
2063,-4.790980375182491,-4.103704646229744,1.02,-0.354003196531,86dd3a804d78ca5d203ebf98747e8f16dff9713ba8950097ceb760b161e19907,Domains_SSE_PBE
2064,-4.79157664919723,-4.103704646229744,1.02,-0.354003196531,86dd3a804d78ca5d203ebf98747e8f16dff9713ba8950097ceb760b161e19907,Domains_SSE_PBE
2065,-4.792173046132439,-4.103704646229744,1.02,-0.354003196531,86dd3a804d78ca5d203ebf98747e8f16dff9713ba8950097ceb760b161e19907,Domains_SSE_PBE
2066,-4.792769565930708,-4.103704646229744,1.02,-0.354003196531,86dd3a804d78ca5d203ebf98747e8f16dff9713ba8950097ceb760b161e19907,Domains_SSE_PBE
2067,-4.793366208534684,-4.103704646229744,1.02,-0.354003196531,86dd3a804d78ca5d203ebf98747e8f16dff9713ba8950097ceb760b161e19907,Domains_SSE_PBE
2068,-4.793962973887063,-4.103704646229744,1.02,-0.354003196531,86dd3a804d78ca5d203ebf98747e8f16dff9713ba8950097ceb760b161e19907,Domains_SSE_PBE
2069,-4.794559861930595,-4.103704646229744,1.02,-0.354003196531,86dd3a804d78ca5d203ebf98747e8f16dff9713ba8950097ceb760b161e19907,Domains_SSE_PBE
2070,-4.795156872608081,-4.103704646229744,1.02,-0.354003196531,86dd3a804d78ca5d203ebf98747e8f16dff9713ba8950097ceb760b161e19907,Domains_SSE_PBE
2071,-4.79575400586238,-4.103704646229744,1.02,-0.354003196531,86dd3a804d78ca5d203ebf98747e8f16dff9713ba8950097ceb760b161e19907,Domains_SSE_PBE
2072,-4.796351261636391,-4.103704646229744,1.02,-0.354003196531,86dd3a804d78ca5d203ebf98747e8f16dff9713ba8950097ceb760b161e19907,Domains_SSE_PBE
2073,-4.796948639873081,-4.103704646229744,1.02,-0.354003196531,86dd3a804d78ca5d203ebf98747e8f16dff9713ba8950097ceb760b161e19907,Domains_SSE_PBE
2074,-4.797546140515456,-4.103704646229744,1.02,-0.354003196531,86dd3a804d78ca5d203ebf98747e8f16dff9713ba8950097ceb760b161e19907,Domains_SSE_PBE
2075,-4.798143763506582,-4.103704646229744,1.02,-0.354003196531,86dd3a804d78ca5d203ebf98747e8f16dff9713ba8950097ceb760b161e19907,Domains_SSE_PBE
2076,-4.798741508789572,-4.103704646229744,1.02,-0.354003196531,86dd3a804d78ca5d203ebf98747e8f16dff9713ba8950097ceb760b161e19907,Domains_SSE_PBE
2077,-4.799339376307595,-4.103704646229744,1.02,-0.354003196531,86dd3a804d78ca5d203ebf98747e8f16dff9713ba8950097ceb760b161e19907,Domains_SSE_PBE
2078,-4.799937366003869,-4.103704646229744,1.02,-0.354003196531,86dd3a804d78ca5d203ebf98747e8f16dff9713ba8950097ceb760b161e19907,Domains_SSE_PBE
2079,-4.800535477821663,-4.103704646229744,1.02,-0.354003196531,86dd3a804d78ca5d203ebf98747e8f16dff9713ba8950097ceb760b161e19907,Domains_SSE_PBE
2080,-4.801133711704301,-4.103704646229744,1.02,-0.354003196531,86dd3a804d78ca5d203ebf98747e8f16dff9713ba8950097ceb760b161e19907,Domains_SSE_PBE
2081,-4.801732067595158,-4.103704646229744,1.02,-0.354003196531,86dd3a804d78ca5d203ebf98747e8f16dff9713ba8950097ceb760b161e19907,Domains_SSE_PBE
2082,-4.802330545437658,-4.103704646229744,1.02,-0.354003196531,86dd3a804d78ca5d203ebf98747e8f16dff9713ba8950097ceb760b161e19907,Domains_SSE_PBE
2083,-4.802929145175279,-4.103704646229744,1.02,-0.354003196531,86dd3a804d78ca5d203ebf98747e8f16dff9713ba8950097ceb760b161e19907,Domains_SSE_PBE
2084,-4.803527866751549,-4.103704646229744,1.02,-0.354003196531,86dd3a804d78ca5d203ebf98747e8f16dff9713ba8950097ceb760b161e19907,Domains_SSE_PBE
2085,-4.804126710110046,-4.103704646229744,1.02,-0.354003196531,86dd3a804d78ca5d203ebf98747e8f16dff9713ba8950097ceb760b161e19907,Domains_SSE_PBE
2086,-4.804725675194404,-4.103704646229744,1.02,-0.354003196531,86dd3a804d78ca5d203ebf98747e8f16dff9713ba8950097ceb760b161e19907,Domains_SSE_PBE
2087,-4.805324761948302,-4.103704646229744,1.02,-0.354003196531,86dd3a804d78ca5d203ebf98747e8f16dff9713ba8950097ceb760b161e19907,Domains_SSE_PBE
2088,-4.805923970315478,-4.103704646229744,1.02,-0.354003196531,86dd3a804d78ca5d203ebf98747e8f16dff9713ba8950097ceb760b161e19907,Domains_SSE_PBE
2089,-4.806523300239712,-4.103704646229744,1.02,-0.354003196531,86dd3a804d78ca5d203ebf98747e8f16dff9713ba8950097ceb760b161e19907,Domains_SSE_PBE
2090,-4.807122751664841,-4.103704646229744,1.02,-0.354003196531,86dd3a804d78ca5d203ebf98747e8f16dff9713ba8950097ceb760b161e19907,Domains_SSE_PBE
2091,-4.807722324534754,-4.103704646229744,1.02,-0.354003196531,86dd3a804d78ca5d203ebf98747e8f16dff9713ba8950097ceb760b161e19907,Domains_SSE_PBE
2092,-4.808322018793383,-4.103704646229744,1.02,-0.354003196531,86dd3a804d78ca5d203ebf98747e8f16dff9713ba8950097ceb760b161e19907,Domains_SSE_PBE
2093,-4.808921834384722,-4.103704646229744,1.02,-0.354003196531,86dd3a804d78ca5d203ebf98747e8f16dff9713ba8950097ceb760b161e19907,Domains_SSE_PBE
2094,-4.809521771252806,-4.103704646229744,1.02,-0.354003196531,86dd3a804d78ca5d203ebf98747e8f16dff9713ba8950097ceb760b161e19907,Domains_SSE_PBE
2095,-4.810121829341725,-4.103704646229744,1.02,-0.354003196531,86dd3a804d78ca5d203ebf98747e8f16dff9713ba8950097ceb760b161e19907,Domains_SSE_PBE
2096,-4.81072200859562,-4.103704646229744,1.02,-0.354003196531,86dd3a804d78ca5d203ebf98747e8f16dff9713ba8950097ceb760b161e19907,Domains_SSE_PBE
2097,-4.811322308958683,-4.103704646229744,1.02,-0.354003196531,86dd3a804d78ca5d203ebf98747e8f16dff9713ba8950097ceb760b161e19907,Domains_SSE_PBE
2098,-4.811922730375152,-4.103704646229744,1.02,-0.354003196531,86dd3a804d78ca5d203ebf98747e8f16dff9713ba8950097ceb760b161e19907,Domains_SSE_PBE
2099,-4.81252327278932,-4.103704646229744,1.02,-0.354003196531,86dd3a804d78ca5d203ebf98747e8f16dff9713ba8950097ceb760b161e19907,Domains_SSE_PBE
2100,-4.81312393614553,-4.103704646229744,1.02,-0.354003196531,86dd3a804d78ca5d203ebf98747e8f16dff9713ba8950097ceb760b161e19907,Domains_SSE_PBE
2101,-4.813724720388173,-4.103704646229744,1.02,-0.354003196531,86dd3a804d78ca5d203ebf98747e8f16dff9713ba8950097ceb760b161e19907,Domains_SSE_PBE
2102,-4.81432562546169,-4.103704646229744,1.02,-0.354003196531,86dd3a804d78ca5d203ebf98747e8f16dff9713ba8950097ceb760b161e19907,Domains_SSE_PBE
2103,-4.814926651310575,-4.103704646229744,1.02,-0.354003196531,86dd3a804d78ca5d203ebf98747e8f16dff9713ba8950097ceb760b161e19907,Domains_SSE_PBE
2104,-4.815527797879369,-4.103704646229744,1.02,-0.354003196531,86dd3a804d78ca5d203ebf98747e8f16dff9713ba8950097ceb760b161e19907,Domains_SSE_PBE
2105,-4.816129065112666,-4.103704646229744,1.02,-0.354003196531,86dd3a804d78ca5d203ebf98747e8f16dff9713ba8950097ceb760b161e19907,Domains_SSE_PBE
2106,-4.816730452955111,-4.103704646229744,1.02,-0.354003196531,86dd3a804d78ca5d203ebf98747e8f16dff9713ba8950097ceb760b161e19907,Domains_SSE_PBE
2107,-4.817331961351393,-4.103704646229744,1.02,-0.354003196531,86dd3a804d78ca5d203ebf98747e8f16dff9713ba8950097ceb760b161e19907,Domains_SSE_PBE
2108,-4.817933590246255,-4.103704646229744,1.02,-0.354003196531,86dd3a804d78ca5d203ebf98747e8f16dff9713ba8950097ceb760b161e19907,Domains_SSE_PBE
2109,-4.818535339584487,-4.103704646229744,1.02,-0.354003196531,86dd3a804d78ca5d203ebf98747e8f16dff9713ba8950097ceb760b161e19907,Domains_SSE_PBE
2110,-4.819137209310933,-4.103704646229744,1.02,-0.354003196531,86dd3a804d78ca5d203ebf98747e8f16dff9713ba8950097ceb760b161e19907,Domains_SSE_PBE
2111,-4.819739199370483,-4.103704646229744,1.02,-0.354003196531,86dd3a804d78ca5d203ebf98747e8f16dff9713ba8950097ceb760b161e19907,Domains_SSE_PBE
2112,-4.820341309708077,-4.103704646229744,1.02,-0.354003196531,86dd3a804d78ca5d203ebf98747e8f16dff9713ba8950097ceb760b161e19907,Domains_SSE_PBE
2113,-4.820943540268708,-4.103704646229744,1.02,-0.354003196531,86dd3a804d78ca5d203ebf98747e8f16dff9713ba8950097ceb760b161e19907,Domains_SSE_PBE
2114,-4.821545890997412,-4.103704646229744,1.02,-0.354003196531,86dd3a804d78ca5d203ebf98747e8f16dff9713ba8950097ceb760b161e19907,Domains_SSE_PBE
2115,-4.822148361839282,-4.103704646229744,1.02,-0.354003196531,86dd3a804d78ca5d203ebf98747e8f16dff9713ba8950097ceb760b161e19907,Domains_SSE_PBE
2116,-4.822750952739451,-4.103704646229744,1.02,-0.354003196531,86dd3a804d78ca5d203ebf98747e8f16dff9713ba8950097ceb760b161e19907,Domains_SSE_PBE
2117,-4.823353663643109,-4.103704646229744,1.02,-0.354003196531,86dd3a804d78ca5d203ebf98747e8f16dff9713ba8950097ceb760b161e19907,Domains_SSE_PBE
2118,-4.823956494495495,-4.103704646229744,1.02,-0.354003196531,86dd3a804d78ca5d203ebf98747e8f16dff9713ba8950097ceb760b161e19907,Domains_SSE_PBE
2119,-4.82455944524189,-4.103704646229744,1.02,-0.354003196531,86dd3a804d78ca5d203ebf98747e8f16dff9713ba8950097ceb760b161e19907,Domains_SSE_PBE
2120,-4.825162515827632,-4.103704646229744,1.02,-0.354003196531,86dd3a804d78ca5d203ebf98747e8f16dff9713ba8950097ceb760b161e19907,Domains_SSE_PBE
2121,-4.825765706198103,-4.103704646229744,1.02,-0.354003196531,86dd3a804d78ca5d203ebf98747e8f16dff9713ba8950097ceb760b161e19907,Domains_SSE_PBE
2122,-4.826369016298736,-4.103704646229744,1.02,-0.354003196531,86dd3a804d78ca5d203ebf98747e8f16dff9713ba8950097ceb760b161e19907,Domains_SSE_PBE
2123,-4.826972446075014,-4.103704646229744,1.02,-0.354003196531,86dd3a804d78ca5d203ebf98747e8f16dff9713ba8950097ceb760b161e19907,Domains_SSE_PBE
2124,-4.827575995472461,-4.103704646229744,1.02,-0.354003196531,86dd3a804d78ca5d203ebf98747e8f16dff9713ba8950097ceb760b161e19907,Domains_SSE_PBE
2125,-4.828179664436663,-4.103704646229744,1.02,-0.354003196531,86dd3a804d78ca5d203ebf98747e8f16dff9713ba8950097ceb760b161e19907,Domains_SSE_PBE
2126,-4.828783452913244,-4.103704646229744,1.02,-0.354003196531,86dd3a804d78ca5d203ebf98747e8f16dff9713ba8950097ceb760b161e19907,Domains_SSE_PBE
2127,-4.82938736084788,-4.103704646229744,1.02,-0.354003196531,86dd3a804d78ca5d203ebf98747e8f16dff9713ba8950097ceb760b161e19907,Domains_SSE_PBE
2128,-4.829991388186297,-4.103704646229744,1.02,-0.354003196531,86dd3a804d78ca5d203ebf98747e8f16dff9713ba8950097ceb760b161e19907,Domains_SSE_PBE
2129,-4.830595534874264,-4.103704646229744,1.02,-0.354003196531,86dd3a804d78ca5d203ebf98747e8f16dff9713ba8950097ceb760b161e19907,Domains_SSE_PBE
2130,-4.831199800857606,-4.103704646229744,1.02,-0.354003196531,86dd3a804d78ca5d203ebf98747e8f16dff9713ba8950097ceb760b161e19907,Domains_SSE_PBE
2131,-4.831804186082193,-4.103704646229744,1.02,-0.354003196531,86dd3a804d78ca5d203ebf98747e8f16dff9713ba8950097ceb760b161e19907,Domains_SSE_PBE
2132,-4.832408690493939,-4.103704646229744,1.02,-0.354003196531,86dd3a804d78ca5d203ebf98747e8f16dff9713ba8950097ceb760b161e19907,Domains_SSE_PBE
2133,-4.833013314038814,-4.103704646229744,1.02,-0.354003196531,86dd3a804d78ca5d203ebf98747e8f16dff9713ba8950097ceb760b161e19907,Domains_SSE_PBE
2134,-4.833618056662827,-4.103704646229744,1.02,-0.354003196531,86dd3a804d78ca5d203ebf98747e8f16dff9713ba8950097ceb760b161e19907,Domains_SSE_PBE
2135,-4.834222918312047,-4.103704646229744,1.02,-0.354003196531,86dd3a804d78ca5d203ebf98747e8f16dff9713ba8950097ceb760b161e19907,Domains_SSE_PBE
2136,-4.83482789893258,-4.103704646229744,1.02,-0.354003196531,86dd3a804d78ca5d203ebf98747e8f16dff9713ba8950097ceb760b161e19907,Domains_SSE_PBE
2137,-4.835432998470583,-4.103704646229744,1.02,-0.354003196531,86dd3a804d78ca5d203ebf98747e8f16dff9713ba8950097ceb760b161e19907,Domains_SSE_PBE
2138,-4.836038216872265,-4.103704646229744,1.02,-0.354003196531,86dd3a804d78ca5d203ebf98747e8f16dff9713ba8950097ceb760b161e19907,Domains_SSE_PBE
2139,-4.836643554083879,-4.103704646229744,1.02,-0.354003196531,86dd3a804d78ca5d203ebf98747e8f16dff9713ba8950097ceb760b161e19907,Domains_SSE_PBE
2140,-4.837249010051725,-4.103704646229744,1.02,-0.354003196531,86dd3a804d78ca5d203ebf98747e8f16dff9713ba8950097ceb760b161e19907,Domains_SSE_PBE
2141,-4.837854584722155,-4.103704646229744,1.02,-0.354003196531,86dd3a804d78ca5d203ebf98747e8f16dff9713ba8950097ceb760b161e19907,Domains_SSE_PBE
2142,-4.838460278041564,-4.103704646229744,1.02,-0.354003196531,86dd3a804d78ca5d203ebf98747e8f16dff9713ba8950097ceb760b161e19907,Domains_SSE_PBE
2143,-4.839066089956395,-4.103704646229744,1.02,-0.354003196531,86dd3a804d78ca5d203ebf98747e8f16dff9713ba8950097ceb760b161e19907,Domains_SSE_PBE
2144,-4.839672020413142,-4.103704646229744,1.02,-0.354003196531,86dd3a804d78ca5d203ebf98747e8f16dff9713ba8950097ceb760b161e19907,Domains_SSE_PBE
2145,-4.840278069358346,-4.103704646229744,1.02,-0.354003196531,86dd3a804d78ca5d203ebf98747e8f16dff9713ba8950097ceb760b161e19907,Domains_SSE_PBE
2146,-4.84088423673859,-4.103704646229744,1.02,-0.354003196531,86dd3a804d78ca5d203ebf98747e8f16dff9713ba8950097ceb760b161e19907,Domains_SSE_PBE
2147,-4.841490522500508,-4.103704646229744,1.02,-0.354003196531,86dd3a804d78ca5d203ebf98747e8f16dff9713ba8950097ceb760b161e19907,Domains_SSE_PBE
2148,-4.842096926590786,-4.103704646229744,1.02,-0.354003196531,86dd3a804d78ca5d203ebf98747e8f16dff9713ba8950097ceb760b161e19907,Domains_SSE_PBE
2149,-4.842703448956146,-4.103704646229744,1.02,-0.354003196531,86dd3a804d78ca5d203ebf98747e8f16dff9713ba8950097ceb760b161e19907,Domains_SSE_PBE
2150,-4.843310089543369,-4.103704646229744,1.02,-0.354003196531,86dd3a804d78ca5d203ebf98747e8f16dff9713ba8950097ceb760b161e19907,Domains_SSE_PBE
2151,-4.843916848299274,-4.103704646229744,1.02,-0.354003196531,86dd3a804d78ca5d203ebf98747e8f16dff9713ba8950097ceb760b161e19907,Domains_SSE_PBE
2152,-4.844523725170734,-4.103704646229744,1.02,-0.354003196531,86dd3a804d78ca5d203ebf98747e8f16dff9713ba8950097ceb760b161e19907,Domains_SSE_PBE
2153,-4.845130720104661,-4.103704646229744,1.02,-0.354003196531,86dd3a804d78ca5d203ebf98747e8f16dff9713ba8950097ceb760b161e19907,Domains_SSE_PBE
2154,-4.845737833048023,-4.103704646229744,1.02,-0.354003196531,86dd3a804d78ca5d203ebf98747e8f16dff9713ba8950097ceb760b161e19907,Domains_SSE_PBE
2155,-4.846345063947829,-4.103704646229744,1.02,-0.354003196531,86dd3a804d78ca5d203ebf98747e8f16dff9713ba8950097ceb760b161e19907,Domains_SSE_PBE
2156,-4.846952412751135,-4.103704646229744,1.02,-0.354003196531,86dd3a804d78ca5d203ebf98747e8f16dff9713ba8950097ceb760b161e19907,Domains_SSE_PBE
2157,-4.847559879405044,-4.103704646229744,1.02,-0.354003196531,86dd3a804d78ca5d203ebf98747e8f16dff9713ba8950097ceb760b161e19907,Domains_SSE_PBE
2158,-4.848167463856708,-4.103704646229744,1.02,-0.354003196531,86dd3a804d78ca5d203ebf98747e8f16dff9713ba8950097ceb760b161e19907,Domains_SSE_PBE
2159,-4.848775166053324,-4.103704646229744,1.02,-0.354003196531,86dd3a804d78ca5d203ebf98747e8f16dff9713ba8950097ceb760b161e19907,Domains_SSE_PBE
2160,-4.849382985942135,-4.103704646229744,1.02,-0.354003196531,86dd3a804d78ca5d203ebf98747e8f16dff9713ba8950097ceb760b161e19907,Domains_SSE_PBE
2161,-4.849990923470432,-4.103704646229744,1.02,-0.354003196531,86dd3a804d78ca5d203ebf98747e8f16dff9713ba8950097ceb760b161e19907,Domains_SSE_PBE
2162,-4.850598978585548,-4.103704646229744,1.02,-0.354003196531,86dd3a804d78ca5d203ebf98747e8f16dff9713ba8950097ceb760b161e19907,Domains_SSE_PBE
2163,-4.851207151234869,-4.103704646229744,1.02,-0.354003196531,86dd3a804d78ca5d203ebf98747e8f16dff9713ba8950097ceb760b161e19907,Domains_SSE_PBE
2164,-4.851815441365824,-4.103704646229744,1.02,-0.354003196531,86dd3a804d78ca5d203ebf98747e8f16dff9713ba8950097ceb760b161e19907,Domains_SSE_PBE
2165,-4.852423848925885,-4.103704646229744,1.02,-0.354003196531,86dd3a804d78ca5d203ebf98747e8f16dff9713ba8950097ceb760b161e19907,Domains_SSE_PBE
2166,-4.853032373862576,-4.103704646229744,1.02,-0.354003196531,86dd3a804d78ca5d203ebf98747e8f16dff9713ba8950097ceb760b161e19907,Domains_SSE_PBE
2167,-4.853641016123463,-4.103704646229744,1.02,-0.354003196531,86dd3a804d78ca5d203ebf98747e8f16dff9713ba8950097ceb760b161e19907,Domains_SSE_PBE
2168,-4.854249775656162,-4.103704646229744,1.02,-0.354003196531,86dd3a804d78ca5d203ebf98747e8f16dff9713ba8950097ceb760b161e19907,Domains_SSE_PBE
2169,-4.854858652408329,-4.103704646229744,1.02,-0.354003196531,86dd3a804d78ca5d203ebf98747e8f16dff9713ba8950097ceb760b161e19907,Domains_SSE_PBE
2170,-4.855467646327672,-4.103704646229744,1.02,-0.354003196531,86dd3a804d78ca5d203ebf98747e8f16dff9713ba8950097ceb760b161e19907,Domains_SSE_PBE
2171,-4.856076757361941,-4.103704646229744,1.02,-0.354003196531,86dd3a804d78ca5d203ebf98747e8f16dff9713ba8950097ceb760b161e19907,Domains_SSE_PBE
2172,-4.856685985458933,-4.103704646229744,1.02,-0.354003196531,86dd3a804d78ca5d203ebf98747e8f16dff9713ba8950097ceb760b161e19907,Domains_SSE_PBE
2173,-4.85729533056649,-4.103704646229744,1.02,-0.354003196531,86dd3a804d78ca5d203ebf98747e8f16dff9713ba8950097ceb760b161e19907,Domains_SSE_PBE
2174,-4.857904792632503,-4.103704646229744,1.02,-0.354003196531,86dd3a804d78ca5d203ebf98747e8f16dff9713ba8950097ceb760b161e19907,Domains_SSE_PBE
2175,-4.858514371604901,-4.103704646229744,1.02,-0.354003196531,86dd3a804d78ca5d203ebf98747e8f16dff9713ba8950097ceb760b161e19907,Domains_SSE_PBE
2176,-4.859124067431671,-4.103704646229744,1.02,-0.354003196531,86dd3a804d78ca5d203ebf98747e8f16dff9713ba8950097ceb760b161e19907,Domains_SSE_PBE
2177,-4.859733880060832,-4.103704646229744,1.02,-0.354003196531,86dd3a804d78ca5d203ebf98747e8f16dff9713ba8950097ceb760b161e19907,Domains_SSE_PBE
2178,-4.860343809440456,-4.103704646229744,1.02,-0.354003196531,86dd3a804d78ca5d203ebf98747e8f16dff9713ba8950097ceb760b161e19907,Domains_SSE_PBE
2179,-4.86095385551866,-4.103704646229744,1.02,-0.354003196531,86dd3a804d78ca5d203ebf98747e8f16dff9713ba8950097ceb760b161e19907,Domains_SSE_PBE
2180,-4.861564018243604,-4.103704646229744,1.02,-0.354003196531,86dd3a804d78ca5d203ebf98747e8f16dff9713ba8950097ceb760b161e19907,Domains_SSE_PBE
2181,-4.862174297563497,-4.103704646229744,1.02,-0.354003196531,86dd3a804d78ca5d203ebf98747e8f16dff9713ba8950097ceb760b161e19907,Domains_SSE_PBE
2182,-4.862784693426587,-4.103704646229744,1.02,-0.354003196531,86dd3a804d78ca5d203ebf98747e8f16dff9713ba8950097ceb760b161e19907,Domains_SSE_PBE
2183,-4.863395205781175,-4.103704646229744,1.02,-0.354003196531,86dd3a804d78ca5d203ebf98747e8f16dff9713ba8950097ceb760b161e19907,Domains_SSE_PBE
2184,-4.864005834575599,-4.103704646229744,1.02,-0.354003196531,86dd3a804d78ca5d203ebf98747e8f16dff9713ba8950097ceb760b161e19907,Domains_SSE_PBE
2185,-4.864616579758248,-4.103704646229744,1.02,-0.354003196531,86dd3a804d78ca5d203ebf98747e8f16dff9713ba8950097ceb760b161e19907,Domains_SSE_PBE
2186,-4.865227441277556,-4.103704646229744,1.02,-0.354003196531,86dd3a804d78ca5d203ebf98747e8f16dff9713ba8950097ceb760b161e19907,Domains_SSE_PBE
2187,-4.865838419081996,-4.103704646229744,1.02,-0.354003196531,86dd3a804d78ca5d203ebf98747e8f16dff9713ba8950097ceb760b161e19907,Domains_SSE_PBE
2188,-4.866449513120093,-4.103704646229744,1.02,-0.354003196531,86dd3a804d78ca5d203ebf98747e8f16dff9713ba8950097ceb760b161e19907,Domains_SSE_PBE
2189,-4.867060723340411,-4.103704646229744,1.02,-0.354003196531,86dd3a804d78ca5d203ebf98747e8f16dff9713ba8950097ceb760b161e19907,Domains_SSE_PBE
2190,-4.867672049691564,-4.103704646229744,1.02,-0.354003196531,86dd3a804d78ca5d203ebf98747e8f16dff9713ba8950097ceb760b161e19907,Domains_SSE_PBE
2191,-4.868283492122205,-4.103704646229744,1.02,-0.354003196531,86dd3a804d78ca5d203ebf98747e8f16dff9713ba8950097ceb760b161e19907,Domains_SSE_PBE
2192,-4.868895050581038,-4.103704646229744,1.02,-0.354003196531,86dd3a804d78ca5d203ebf98747e8f16dff9713ba8950097ceb760b161e19907,Domains_SSE_PBE
2193,-4.869506725016807,-4.103704646229744,1.02,-0.354003196531,86dd3a804d78ca5d203ebf98747e8f16dff9713ba8950097ceb760b161e19907,Domains_SSE_PBE
2194,-4.870118515378301,-4.103704646229744,1.02,-0.354003196531,86dd3a804d78ca5d203ebf98747e8f16dff9713ba8950097ceb760b161e19907,Domains_SSE_PBE
2195,-4.870730421614353,-4.103704646229744,1.02,-0.354003196531,86dd3a804d78ca5d203ebf98747e8f16dff9713ba8950097ceb760b161e19907,Domains_SSE_PBE
2196,-4.871342443673846,-4.103704646229744,1.02,-0.354003196531,86dd3a804d78ca5d203ebf98747e8f16dff9713ba8950097ceb760b161e19907,Domains_SSE_PBE
2197,-4.871954581505699,-4.103704646229744,1.02,-0.354003196531,86dd3a804d78ca5d203ebf98747e8f16dff9713ba8950097ceb760b161e19907,Domains_SSE_PBE
2198,-4.872566835058881,-4.103704646229744,1.02,-0.354003196531,86dd3a804d78ca5d203ebf98747e8f16dff9713ba8950097ceb760b161e19907,Domains_SSE_PBE
2199,-4.873179204282404,-4.103704646229744,1.02,-0.354003196531,86dd3a804d78ca5d203ebf98747e8f16dff9713ba8950097ceb760b161e19907,Domains_SSE_PBE
2200,-4.87379168912532,-4.103704646229744,1.02,-0.354003196531,86dd3a804d78ca5d203ebf98747e8f16dff9713ba8950097ceb760b161e19907,Domains_SSE_PBE
2201,-4.874404289536735,-4.103704646229744,1.02,-0.354003196531,86dd3a804d78ca5d203ebf98747e8f16dff9713ba8950097ceb760b161e19907,Domains_SSE_PBE
2202,-4.875017005465788,-4.103704646229744,1.02,-0.354003196531,86dd3a804d78ca5d203ebf98747e8f16dff9713ba8950097ceb760b161e19907,Domains_SSE_PBE
2203,-4.87562983686167,-4.103704646229744,1.02,-0.354003196531,86dd3a804d78ca5d203ebf98747e8f16dff9713ba8950097ceb760b161e19907,Domains_SSE_PBE
2204,-4.876242783673611,-4.103704646229744,1.02,-0.354003196531,86dd3a804d78ca5d203ebf98747e8f16dff9713ba8950097ceb760b161e19907,Domains_SSE_PBE
2205,-4.876855845850886,-4.103704646229744,1.02,-0.354003196531,86dd3a804d78ca5d203ebf98747e8f16dff9713ba8950097ceb760b161e19907,Domains_SSE_PBE
2206,-4.87746902334282,-4.103704646229744,1.02,-0.354003196531,86dd3a804d78ca5d203ebf98747e8f16dff9713ba8950097ceb760b161e19907,Domains_SSE_PBE
2207,-4.878082316098769,-4.103704646229744,1.02,-0.354003196531,86dd3a804d78ca5d203ebf98747e8f16dff9713ba8950097ceb760b161e19907,Domains_SSE_PBE
2208,-4.878695724068144,-4.103704646229744,1.02,-0.354003196531,86dd3a804d78ca5d203ebf98747e8f16dff9713ba8950097ceb760b161e19907,Domains_SSE_PBE
2209,-4.879309247200394,-4.103704646229744,1.02,-0.354003196531,86dd3a804d78ca5d203ebf98747e8f16dff9713ba8950097ceb760b161e19907,Domains_SSE_PBE
2210,-4.879922885445016,-4.103704646229744,1.02,-0.354003196531,86dd3a804d78ca5d203ebf98747e8f16dff9713ba8950097ceb760b161e19907,Domains_SSE_PBE
2211,-4.880536638751547,-4.103704646229744,1.02,-0.354003196531,86dd3a804d78ca5d203ebf98747e8f16dff9713ba8950097ceb760b161e19907,Domains_SSE_PBE
2212,-4.881150507069567,-4.103704646229744,1.02,-0.354003196531,86dd3a804d78ca5d203ebf98747e8f16dff9713ba8950097ceb760b161e19907,Domains_SSE_PBE
2213,-4.881764490348703,-4.103704646229744,1.02,-0.354003196531,86dd3a804d78ca5d203ebf98747e8f16dff9713ba8950097ceb760b161e19907,Domains_SSE_PBE
2214,-4.882378588538625,-4.103704646229744,1.02,-0.354003196531,86dd3a804d78ca5d203ebf98747e8f16dff9713ba8950097ceb760b161e19907,Domains_SSE_PBE
2215,-4.882992801589038,-4.103704646229744,1.02,-0.354003196531,86dd3a804d78ca5d203ebf98747e8f16dff9713ba8950097ceb760b161e19907,Domains_SSE_PBE
2216,-4.883607129449703,-4.103704646229744,1.02,-0.354003196531,86dd3a804d78ca5d203ebf98747e8f16dff9713ba8950097ceb760b161e19907,Domains_SSE_PBE
2217,-4.884221572070418,-4.103704646229744,1.02,-0.354003196531,86dd3a804d78ca5d203ebf98747e8f16dff9713ba8950097ceb760b161e19907,Domains_SSE_PBE
2218,-4.884836129401023,-4.103704646229744,1.02,-0.354003196531,86dd3a804d78ca5d203ebf98747e8f16dff9713ba8950097ceb760b161e19907,Domains_SSE_PBE
2219,-4.8854508013914,-4.103704646229744,1.02,-0.354003196531,86dd3a804d78ca5d203ebf98747e8f16dff9713ba8950097ceb760b161e19907,Domains_SSE_PBE
2220,-4.886065587991482,-4.103704646229744,1.02,-0.354003196531,86dd3a804d78ca5d203ebf98747e8f16dff9713ba8950097ceb760b161e19907,Domains_SSE_PBE
2221,-4.886680489151233,-4.103704646229744,1.02,-0.354003196531,86dd3a804d78ca5d203ebf98747e8f16dff9713ba8950097ceb760b161e19907,Domains_SSE_PBE
2222,-4.887295504820674,-4.103704646229744,1.02,-0.354003196531,86dd3a804d78ca5d203ebf98747e8f16dff9713ba8950097ceb760b161e19907,Domains_SSE_PBE
2223,-4.887910634949856,-4.103704646229744,1.02,-0.354003196531,86dd3a804d78ca5d203ebf98747e8f16dff9713ba8950097ceb760b161e19907,Domains_SSE_PBE
2224,-4.88852587948888,-4.103704646229744,1.02,-0.354003196531,86dd3a804d78ca5d203ebf98747e8f16dff9713ba8950097ceb760b161e19907,Domains_SSE_PBE
2225,-4.889141238387888,-4.103704646229744,1.02,-0.354003196531,86dd3a804d78ca5d203ebf98747e8f16dff9713ba8950097ceb760b161e19907,Domains_SSE_PBE
2226,-4.889756711597066,-4.103704646229744,1.02,-0.354003196531,86dd3a804d78ca5d203ebf98747e8f16dff9713ba8950097ceb760b161e19907,Domains_SSE_PBE
2227,-4.89037229906664,-4.103704646229744,1.02,-0.354003196531,86dd3a804d78ca5d203ebf98747e8f16dff9713ba8950097ceb760b161e19907,Domains_SSE_PBE
2228,-4.890988000746883,-4.103704646229744,1.02,-0.354003196531,86dd3a804d78ca5d203ebf98747e8f16dff9713ba8950097ceb760b161e19907,Domains_SSE_PBE
2229,-4.891603816588104,-4.103704646229744,1.02,-0.354003196531,86dd3a804d78ca5d203ebf98747e8f16dff9713ba8950097ceb760b161e19907,Domains_SSE_PBE
2230,-4.892219746540658,-4.103704646229744,1.02,-0.354003196531,86dd3a804d78ca5d203ebf98747e8f16dff9713ba8950097ceb760b161e19907,Domains_SSE_PBE
2231,-4.892835790554948,-4.103704646229744,1.02,-0.354003196531,86dd3a804d78ca5d203ebf98747e8f16dff9713ba8950097ceb760b161e19907,Domains_SSE_PBE
2232,-4.893451948581408,-4.103704646229744,1.02,-0.354003196531,86dd3a804d78ca5d203ebf98747e8f16dff9713ba8950097ceb760b161e19907,Domains_SSE_PBE
2233,-4.894068220570527,-4.103704646229744,1.02,-0.354003196531,86dd3a804d78ca5d203ebf98747e8f16dff9713ba8950097ceb760b161e19907,Domains_SSE_PBE
2234,-4.894684606472826,-4.103704646229744,1.02,-0.354003196531,86dd3a804d78ca5d203ebf98747e8f16dff9713ba8950097ceb760b161e19907,Domains_SSE_PBE
2235,-4.895301106238871,-4.103704646229744,1.02,-0.354003196531,86dd3a804d78ca5d203ebf98747e8f16dff9713ba8950097ceb760b161e19907,Domains_SSE_PBE
2236,-4.895917719819275,-4.103704646229744,1.02,-0.354003196531,86dd3a804d78ca5d203ebf98747e8f16dff9713ba8950097ceb760b161e19907,Domains_SSE_PBE
2237,-4.896534447164685,-4.103704646229744,1.02,-0.354003196531,86dd3a804d78ca5d203ebf98747e8f16dff9713ba8950097ceb760b161e19907,Domains_SSE_PBE
2238,-4.897151288225798,-4.103704646229744,1.02,-0.354003196531,86dd3a804d78ca5d203ebf98747e8f16dff9713ba8950097ceb760b161e19907,Domains_SSE_PBE
2239,-4.897768242953351,-4.103704646229744,1.02,-0.354003196531,86dd3a804d78ca5d203ebf98747e8f16dff9713ba8950097ceb760b161e19907,Domains_SSE_PBE
2240,-4.898385311298119,-4.103704646229744,1.02,-0.354003196531,86dd3a804d78ca5d203ebf98747e8f16dff9713ba8950097ceb760b161e19907,Domains_SSE_PBE
2241,-4.89900249321092,-4.103704646229744,1.02,-0.354003196531,86dd3a804d78ca5d203ebf98747e8f16dff9713ba8950097ceb760b161e19907,Domains_SSE_PBE
2242,-4.899619788642619,-4.103704646229744,1.02,-0.354003196531,86dd3a804d78ca5d203ebf98747e8f16dff9713ba8950097ceb760b161e19907,Domains_SSE_PBE
2243,-4.900237197544119,-4.103704646229744,1.02,-0.354003196531,86dd3a804d78ca5d203ebf98747e8f16dff9713ba8950097ceb760b161e19907,Domains_SSE_PBE
2244,-4.900854719866362,-4.103704646229744,1.02,-0.354003196531,86dd3a804d78ca5d203ebf98747e8f16dff9713ba8950097ceb760b161e19907,Domains_SSE_PBE
2245,-4.901472355560338,-4.103704646229744,1.02,-0.354003196531,86dd3a804d78ca5d203ebf98747e8f16dff9713ba8950097ceb760b161e19907,Domains_SSE_PBE
2246,-4.902090104577074,-4.103704646229744,1.02,-0.354003196531,86dd3a804d78ca5d203ebf98747e8f16dff9713ba8950097ceb760b161e19907,Domains_SSE_PBE
2247,-4.902707966867642,-4.103704646229744,1.02,-0.354003196531,86dd3a804d78ca5d203ebf98747e8f16dff9713ba8950097ceb760b161e19907,Domains_SSE_PBE
2248,-4.903325942383153,-4.103704646229744,1.02,-0.354003196531,86dd3a804d78ca5d203ebf98747e8f16dff9713ba8950097ceb760b161e19907,Domains_SSE_PBE
2249,-4.903944031074756,-4.103704646229744,1.02,-0.354003196531,86dd3a804d78ca5d203ebf98747e8f16dff9713ba8950097ceb760b161e19907,Domains_SSE_PBE
2250,-4.904562232893652,-4.103704646229744,1.02,-0.354003196531,86dd3a804d78ca5d203ebf98747e8f16dff9713ba8950097ceb760b161e19907,Domains_SSE_PBE
2251,-4.905180547791073,-4.103704646229744,1.02,-0.354003196531,86dd3a804d78ca5d203ebf98747e8f16dff9713ba8950097ceb760b161e19907,Domains_SSE_PBE
2252,-4.905798975718301,-4.103704646229744,1.02,-0.354003196531,86dd3a804d78ca5d203ebf98747e8f16dff9713ba8950097ceb760b161e19907,Domains_SSE_PBE
2253,-4.906417516626648,-4.103704646229744,1.02,-0.354003196531,86dd3a804d78ca5d203ebf98747e8f16dff9713ba8950097ceb760b161e19907,Domains_SSE_PBE
2254,-4.907036170467482,-4.103704646229744,1.02,-0.354003196531,86dd3a804d78ca5d203ebf98747e8f16dff9713ba8950097ceb760b161e19907,Domains_SSE_PBE
2255,-4.907654937192197,-4.103704646229744,1.02,-0.354003196531,86dd3a804d78ca5d203ebf98747e8f16dff9713ba8950097ceb760b161e19907,Domains_SSE_PBE
2256,-4.908273816752242,-4.103704646229744,1.02,-0.354003196531,86dd3a804d78ca5d203ebf98747e8f16dff9713ba8950097ceb760b161e19907,Domains_SSE_PBE
2257,-4.908892809099094,-4.103704646229744,1.02,-0.354003196531,86dd3a804d78ca5d203ebf98747e8f16dff9713ba8950097ceb760b161e19907,Domains_SSE_PBE
2258,-4.909511914184283,-4.103704646229744,1.02,-0.354003196531,86dd3a804d78ca5d203ebf98747e8f16dff9713ba8950097ceb760b161e19907,Domains_SSE_PBE
2259,-4.910131131959371,-4.103704646229744,1.02,-0.354003196531,86dd3a804d78ca5d203ebf98747e8f16dff9713ba8950097ceb760b161e19907,Domains_SSE_PBE
2260,-4.910750462375969,-4.103704646229744,1.02,-0.354003196531,86dd3a804d78ca5d203ebf98747e8f16dff9713ba8950097ceb760b161e19907,Domains_SSE_PBE
2261,-4.911369905385721,-4.103704646229744,1.02,-0.354003196531,86dd3a804d78ca5d203ebf98747e8f16dff9713ba8950097ceb760b161e19907,Domains_SSE_PBE
2262,-4.911989460940315,-4.103704646229744,1.02,-0.354003196531,86dd3a804d78ca5d203ebf98747e8f16dff9713ba8950097ceb760b161e19907,Domains_SSE_PBE
2263,-4.912609128991481,-4.103704646229744,1.02,-0.354003196531,86dd3a804d78ca5d203ebf98747e8f16dff9713ba8950097ceb760b161e19907,Domains_SSE_PBE
2264,-4.91322890949099,-4.103704646229744,1.02,-0.354003196531,86dd3a804d78ca5d203ebf98747e8f16dff9713ba8950097ceb760b161e19907,Domains_SSE_PBE
2265,-4.913848802390651,-4.103704646229744,1.02,-0.354003196531,86dd3a804d78ca5d203ebf98747e8f16dff9713ba8950097ceb760b161e19907,Domains_SSE_PBE
2266,-4.914468807642318,-4.103704646229744,1.02,-0.354003196531,86dd3a804d78ca5d203ebf98747e8f16dff9713ba8950097ceb760b161e19907,Domains_SSE_PBE
2267,-4.915088925197879,-4.103704646229744,1.02,-0.354003196531,86dd3a804d78ca5d203ebf98747e8f16dff9713ba8950097ceb760b161e19907,Domains_SSE_PBE
2268,-4.91570915500927,-4.103704646229744,1.02,-0.354003196531,86dd3a804d78ca5d203ebf98747e8f16dff9713ba8950097ceb760b161e19907,Domains_SSE_PBE
2269,-4.916329497028461,-4.103704646229744,1.02,-0.354003196531,86dd3a804d78ca5d203ebf98747e8f16dff9713ba8950097ceb760b161e19907,Domains_SSE_PBE
2270,-4.916949951207469,-4.103704646229744,1.02,-0.354003196531,86dd3a804d78ca5d203ebf98747e8f16dff9713ba8950097ceb760b161e19907,Domains_SSE_PBE
2271,-4.917570517498344,-4.103704646229744,1.02,-0.354003196531,86dd3a804d78ca5d203ebf98747e8f16dff9713ba8950097ceb760b161e19907,Domains_SSE_PBE
2272,-4.91819119585318,-4.103704646229744,1.02,-0.354003196531,86dd3a804d78ca5d203ebf98747e8f16dff9713ba8950097ceb760b161e19907,Domains_SSE_PBE
2273,-4.918811986224114,-4.103704646229744,1.02,-0.354003196531,86dd3a804d78ca5d203ebf98747e8f16dff9713ba8950097ceb760b161e19907,Domains_SSE_PBE
2274,-4.919432888563322,-4.103704646229744,1.02,-0.354003196531,86dd3a804d78ca5d203ebf98747e8f16dff9713ba8950097ceb760b161e19907,Domains_SSE_PBE
2275,-4.920053902823013,-4.103704646229744,1.02,-0.354003196531,86dd3a804d78ca5d203ebf98747e8f16dff9713ba8950097ceb760b161e19907,Domains_SSE_PBE
2276,-4.920675028955448,-4.103704646229744,1.02,-0.354003196531,86dd3a804d78ca5d203ebf98747e8f16dff9713ba8950097ceb760b161e19907,Domains_SSE_PBE
2277,-4.921296266912918,-4.103704646229744,1.02,-0.354003196531,86dd3a804d78ca5d203ebf98747e8f16dff9713ba8950097ceb760b161e19907,Domains_SSE_PBE
2278,-4.921917616647762,-4.103704646229744,1.02,-0.354003196531,86dd3a804d78ca5d203ebf98747e8f16dff9713ba8950097ceb760b161e19907,Domains_SSE_PBE
2279,-4.922539078112352,-4.103704646229744,1.02,-0.354003196531,86dd3a804d78ca5d203ebf98747e8f16dff9713ba8950097ceb760b161e19907,Domains_SSE_PBE
2280,-4.923160651259105,-4.103704646229744,1.02,-0.354003196531,86dd3a804d78ca5d203ebf98747e8f16dff9713ba8950097ceb760b161e19907,Domains_SSE_PBE
2281,-4.923782336040473,-4.103704646229744,1.02,-0.354003196531,86dd3a804d78ca5d203ebf98747e8f16dff9713ba8950097ceb760b161e19907,Domains_SSE_PBE
2282,-4.924404132408955,-4.103704646229744,1.02,-0.354003196531,86dd3a804d78ca5d203ebf98747e8f16dff9713ba8950097ceb760b161e19907,Domains_SSE_PBE
2283,-4.925026040317082,-4.103704646229744,1.02,-0.354003196531,86dd3a804d78ca5d203ebf98747e8f16dff9713ba8950097ceb760b161e19907,Domains_SSE_PBE
2284,-4.925648059717432,-4.103704646229744,1.02,-0.354003196531,86dd3a804d78ca5d203ebf98747e8f16dff9713ba8950097ceb760b161e19907,Domains_SSE_PBE
2285,-4.926270190562615,-4.103704646229744,1.02,-0.354003196531,86dd3a804d78ca5d203ebf98747e8f16dff9713ba8950097ceb760b161e19907,Domains_SSE_PBE
2286,-4.926892432805287,-4.103704646229744,1.02,-0.354003196531,86dd3a804d78ca5d203ebf98747e8f16dff9713ba8950097ceb760b161e19907,Domains_SSE_PBE
2287,-4.927514786398143,-4.103704646229744,1.02,-0.354003196531,86dd3a804d78ca5d203ebf98747e8f16dff9713ba8950097ceb760b161e19907,Domains_SSE_PBE
2288,-4.928137251293915,-4.103704646229744,1.02,-0.354003196531,86dd3a804d78ca5d203ebf98747e8f16dff9713ba8950097ceb760b161e19907,Domains_SSE_PBE
2289,-4.928759827445373,-4.103704646229744,1.02,-0.354003196531,86dd3a804d78ca5d203ebf98747e8f16dff9713ba8950097ceb760b161e19907,Domains_SSE_PBE
2290,-4.929382514805331,-4.103704646229744,1.02,-0.354003196531,86dd3a804d78ca5d203ebf98747e8f16dff9713ba8950097ceb760b161e19907,Domains_SSE_PBE
2291,-4.930005313326639,-4.103704646229744,1.02,-0.354003196531,86dd3a804d78ca5d203ebf98747e8f16dff9713ba8950097ceb760b161e19907,Domains_SSE_PBE
2292,-4.93062822296219,-4.103704646229744,1.02,-0.354003196531,86dd3a804d78ca5d203ebf98747e8f16dff9713ba8950097ceb760b161e19907,Domains_SSE_PBE
2293,-4.931251243664911,-4.103704646229744,1.02,-0.354003196531,86dd3a804d78ca5d203ebf98747e8f16dff9713ba8950097ceb760b161e19907,Domains_SSE_PBE
2294,-4.931874375387776,-4.103704646229744,1.02,-0.354003196531,86dd3a804d78ca5d203ebf98747e8f16dff9713ba8950097ceb760b161e19907,Domains_SSE_PBE
2295,-4.932497618083787,-4.103704646229744,1.02,-0.354003196531,86dd3a804d78ca5d203ebf98747e8f16dff9713ba8950097ceb760b161e19907,Domains_SSE_PBE
2296,-4.933120971705997,-4.103704646229744,1.02,-0.354003196531,86dd3a804d78ca5d203ebf98747e8f16dff9713ba8950097ceb760b161e19907,Domains_SSE_PBE
2297,-4.93374443620749,-4.103704646229744,1.02,-0.354003196531,86dd3a804d78ca5d203ebf98747e8f16dff9713ba8950097ceb760b161e19907,Domains_SSE_PBE
2298,-4.934368011541393,-4.103704646229744,1.02,-0.354003196531,86dd3a804d78ca5d203ebf98747e8f16dff9713ba8950097ceb760b161e19907,Domains_SSE_PBE
2299,-4.934991697660869,-4.103704646229744,1.02,-0.354003196531,86dd3a804d78ca5d203ebf98747e8f16dff9713ba8950097ceb760b161e19907,Domains_SSE_PBE
2300,-4.935615494519126,-4.103704646229744,1.02,-0.354003196531,86dd3a804d78ca5d203ebf98747e8f16dff9713ba8950097ceb760b161e19907,Domains_SSE_PBE
2301,-4.936239402069401,-4.103704646229744,1.02,-0.354003196531,86dd3a804d78ca5d203ebf98747e8f16dff9713ba8950097ceb760b161e19907,Domains_SSE_PBE
2302,-4.936863420264979,-4.103704646229744,1.02,-0.354003196531,86dd3a804d78ca5d203ebf98747e8f16dff9713ba8950097ceb760b161e19907,Domains_SSE_PBE
2303,-4.937487549059182,-4.103704646229744,1.02,-0.354003196531,86dd3a804d78ca5d203ebf98747e8f16dff9713ba8950097ceb760b161e19907,Domains_SSE_PBE
2304,-4.938111788405367,-4.103704646229744,1.02,-0.354003196531,86dd3a804d78ca5d203ebf98747e8f16dff9713ba8950097ceb760b161e19907,Domains_SSE_PBE
2305,-4.938736138256932,-4.103704646229744,1.02,-0.354003196531,86dd3a804d78ca5d203ebf98747e8f16dff9713ba8950097ceb760b161e19907,Domains_SSE_PBE
2306,-4.939360598567313,-4.103704646229744,1.02,-0.354003196531,86dd3a804d78ca5d203ebf98747e8f16dff9713ba8950097ceb760b161e19907,Domains_SSE_PBE
2307,-4.939985169289988,-4.103704646229744,1.02,-0.354003196531,86dd3a804d78ca5d203ebf98747e8f16dff9713ba8950097ceb760b161e19907,Domains_SSE_PBE
2308,-4.940609850378468,-4.103704646229744,1.02,-0.354003196531,86dd3a804d78ca5d203ebf98747e8f16dff9713ba8950097ceb760b161e19907,Domains_SSE_PBE
2309,-4.941234641786309,-4.103704646229744,1.02,-0.354003196531,86dd3a804d78ca5d203ebf98747e8f16dff9713ba8950097ceb760b161e19907,Domains_SSE_PBE
2310,-4.941859543467097,-4.103704646229744,1.02,-0.354003196531,86dd3a804d78ca5d203ebf98747e8f16dff9713ba8950097ceb760b161e19907,Domains_SSE_PBE
2311,-4.942484555374464,-4.103704646229744,1.02,-0.354003196531,86dd3a804d78ca5d203ebf98747e8f16dff9713ba8950097ceb760b161e19907,Domains_SSE_PBE
2312,-4.943109677462081,-4.103704646229744,1.02,-0.354003196531,86dd3a804d78ca5d203ebf98747e8f16dff9713ba8950097ceb760b161e19907,Domains_SSE_PBE
2313,-4.943734909683648,-4.103704646229744,1.02,-0.354003196531,86dd3a804d78ca5d203ebf98747e8f16dff9713ba8950097ceb760b161e19907,Domains_SSE_PBE
2314,-4.944360251992916,-4.103704646229744,1.02,-0.354003196531,86dd3a804d78ca5d203ebf98747e8f16dff9713ba8950097ceb760b161e19907,Domains_SSE_PBE
2315,-4.944985704343662,-4.103704646229744,1.02,-0.354003196531,86dd3a804d78ca5d203ebf98747e8f16dff9713ba8950097ceb760b161e19907,Domains_SSE_PBE
2316,-4.945611266689711,-4.103704646229744,1.02,-0.354003196531,86dd3a804d78ca5d203ebf98747e8f16dff9713ba8950097ceb760b161e19907,Domains_SSE_PBE
2317,-4.946236938984921,-4.103704646229744,1.02,-0.354003196531,86dd3a804d78ca5d203ebf98747e8f16dff9713ba8950097ceb760b161e19907,Domains_SSE_PBE
2318,-4.946862721183189,-4.103704646229744,1.02,-0.354003196531,86dd3a804d78ca5d203ebf98747e8f16dff9713ba8950097ceb760b161e19907,Domains_SSE_PBE
2319,-4.947488613238447,-4.103704646229744,1.02,-0.354003196531,86dd3a804d78ca5d203ebf98747e8f16dff9713ba8950097ceb760b161e19907,Domains_SSE_PBE
2320,-4.948114615104674,-4.103704646229744,1.02,-0.354003196531,86dd3a804d78ca5d203ebf98747e8f16dff9713ba8950097ceb760b161e19907,Domains_SSE_PBE
2321,-4.948740726735881,-4.103704646229744,1.02,-0.354003196531,86dd3a804d78ca5d203ebf98747e8f16dff9713ba8950097ceb760b161e19907,Domains_SSE_PBE
2322,-4.949366948086113,-4.103704646229744,1.02,-0.354003196531,86dd3a804d78ca5d203ebf98747e8f16dff9713ba8950097ceb760b161e19907,Domains_SSE_PBE
2323,-4.94999327910946,-4.103704646229744,1.02,-0.354003196531,86dd3a804d78ca5d203ebf98747e8f16dff9713ba8950097ceb760b161e19907,Domains_SSE_PBE
2324,-4.950619719760048,-4.103704646229744,1.02,-0.354003196531,86dd3a804d78ca5d203ebf98747e8f16dff9713ba8950097ceb760b161e19907,Domains_SSE_PBE
2325,-4.951246269992037,-4.103704646229744,1.02,-0.354003196531,86dd3a804d78ca5d203ebf98747e8f16dff9713ba8950097ceb760b161e19907,Domains_SSE_PBE
2326,-4.951872929759631,-4.103704646229744,1.02,-0.354003196531,86dd3a804d78ca5d203ebf98747e8f16dff9713ba8950097ceb760b161e19907,Domains_SSE_PBE
2327,-4.952499699017065,-4.103704646229744,1.02,-0.354003196531,86dd3a804d78ca5d203ebf98747e8f16dff9713ba8950097ceb760b161e19907,Domains_SSE_PBE
2328,-4.953126577718617,-4.103704646229744,1.02,-0.354003196531,86dd3a804d78ca5d203ebf98747e8f16dff9713ba8950097ceb760b161e19907,Domains_SSE_PBE
2329,-4.953753565818601,-4.103704646229744,1.02,-0.354003196531,86dd3a804d78ca5d203ebf98747e8f16dff9713ba8950097ceb760b161e19907,Domains_SSE_PBE
2330,-4.954380663271367,-4.103704646229744,1.02,-0.354003196531,86dd3a804d78ca5d203ebf98747e8f16dff9713ba8950097ceb760b161e19907,Domains_SSE_PBE
2331,-4.955007870031304,-4.103704646229744,1.02,-0.354003196531,86dd3a804d78ca5d203ebf98747e8f16dff9713ba8950097ceb760b161e19907,Domains_SSE_PBE
2332,-4.955635186052838,-4.103704646229744,1.02,-0.354003196531,86dd3a804d78ca5d203ebf98747e8f16dff9713ba8950097ceb760b161e19907,Domains_SSE_PBE
2333,-4.956262611290433,-4.103704646229744,1.02,-0.354003196531,86dd3a804d78ca5d203ebf98747e8f16dff9713ba8950097ceb760b161e19907,Domains_SSE_PBE
2334,-4.956890145698591,-4.103704646229744,1.02,-0.354003196531,86dd3a804d78ca5d203ebf98747e8f16dff9713ba8950097ceb760b161e19907,Domains_SSE_PBE
2335,-4.957517789231849,-4.103704646229744,1.02,-0.354003196531,86dd3a804d78ca5d203ebf98747e8f16dff9713ba8950097ceb760b161e19907,Domains_SSE_PBE
2336,-4.958145541844783,-4.103704646229744,1.02,-0.354003196531,86dd3a804d78ca5d203ebf98747e8f16dff9713ba8950097ceb760b161e19907,Domains_SSE_PBE
2337,-4.958773403492005,-4.103704646229744,1.02,-0.354003196531,86dd3a804d78ca5d203ebf98747e8f16dff9713ba8950097ceb760b161e19907,Domains_SSE_PBE
2338,-4.959401374128167,-4.103704646229744,1.02,-0.354003196531,86dd3a804d78ca5d203ebf98747e8f16dff9713ba8950097ceb760b161e19907,Domains_SSE_PBE
2339,-4.960029453707956,-4.103704646229744,1.02,-0.354003196531,86dd3a804d78ca5d203ebf98747e8f16dff9713ba8950097ceb760b161e19907,Domains_SSE_PBE
2340,-4.960657642186095,-4.103704646229744,1.02,-0.354003196531,86dd3a804d78ca5d203ebf98747e8f16dff9713ba8950097ceb760b161e19907,Domains_SSE_PBE
2341,-4.961285939517348,-4.103704646229744,1.02,-0.354003196531,86dd3a804d78ca5d203ebf98747e8f16dff9713ba8950097ceb760b161e19907,Domains_SSE_PBE
2342,-4.96191434565651,-4.103704646229744,1.02,-0.354003196531,86dd3a804d78ca5d203ebf98747e8f16dff9713ba8950097ceb760b161e19907,Domains_SSE_PBE
2343,-4.962542860558419,-4.103704646229744,1.02,-0.354003196531,86dd3a804d78ca5d203ebf98747e8f16dff9713ba8950097ceb760b161e19907,Domains_SSE_PBE
2344,-4.963171484177947,-4.103704646229744,1.02,-0.354003196531,86dd3a804d78ca5d203ebf98747e8f16dff9713ba8950097ceb760b161e19907,Domains_SSE_PBE
2345,-4.963800216470004,-4.103704646229744,1.02,-0.354003196531,86dd3a804d78ca5d203ebf98747e8f16dff9713ba8950097ceb760b161e19907,Domains_SSE_PBE
2346,-4.964429057389534,-4.103704646229744,1.02,-0.354003196531,86dd3a804d78ca5d203ebf98747e8f16dff9713ba8950097ceb760b161e19907,Domains_SSE_PBE
2347,-4.965058006891523,-4.103704646229744,1.02,-0.354003196531,86dd3a804d78ca5d203ebf98747e8f16dff9713ba8950097ceb760b161e19907,Domains_SSE_PBE
2348,-4.965687064930989,-4.103704646229744,1.02,-0.354003196531,86dd3a804d78ca5d203ebf98747e8f16dff9713ba8950097ceb760b161e19907,Domains_SSE_PBE
2349,-4.966316231462986,-4.103704646229744,1.02,-0.354003196531,86dd3a804d78ca5d203ebf98747e8f16dff9713ba8950097ceb760b161e19907,Domains_SSE_PBE
2350,-4.966945506442614,-4.103704646229744,1.02,-0.354003196531,86dd3a804d78ca5d203ebf98747e8f16dff9713ba8950097ceb760b161e19907,Domains_SSE_PBE
2351,-4.967574889824998,-4.103704646229744,1.02,-0.354003196531,86dd3a804d78ca5d203ebf98747e8f16dff9713ba8950097ceb760b161e19907,Domains_SSE_PBE
2352,-4.968204381565303,-4.103704646229744,1.02,-0.354003196531,86dd3a804d78ca5d203ebf98747e8f16dff9713ba8950097ceb760b161e19907,Domains_SSE_PBE
2353,-4.968833981618735,-4.103704646229744,1.02,-0.354003196531,86dd3a804d78ca5d203ebf98747e8f16dff9713ba8950097ceb760b161e19907,Domains_SSE_PBE
2354,-4.969463689940532,-4.103704646229744,1.02,-0.354003196531,86dd3a804d78ca5d203ebf98747e8f16dff9713ba8950097ceb760b161e19907,Domains_SSE_PBE
2355,-4.97009350648597,-4.103704646229744,1.02,-0.354003196531,86dd3a804d78ca5d203ebf98747e8f16dff9713ba8950097ceb760b161e19907,Domains_SSE_PBE
2356,-4.970723431210363,-4.103704646229744,1.02,-0.354003196531,86dd3a804d78ca5d203ebf98747e8f16dff9713ba8950097ceb760b161e19907,Domains_SSE_PBE
2357,-4.971353464069058,-4.103704646229744,1.02,-0.354003196531,86dd3a804d78ca5d203ebf98747e8f16dff9713ba8950097ceb760b161e19907,Domains_SSE_PBE
2358,-4.97198360501744,-4.103704646229744,1.02,-0.354003196531,86dd3a804d78ca5d203ebf98747e8f16dff9713ba8950097ceb760b161e19907,Domains_SSE_PBE
2359,-4.972613854010933,-4.103704646229744,1.02,-0.354003196531,86dd3a804d78ca5d203ebf98747e8f16dff9713ba8950097ceb760b161e19907,Domains_SSE_PBE
2360,-4.973244211004987,-4.103704646229744,1.02,-0.354003196531,86dd3a804d78ca5d203ebf98747e8f16dff9713ba8950097ceb760b161e19907,Domains_SSE_PBE
2361,-4.973874675955101,-4.103704646229744,1.02,-0.354003196531,86dd3a804d78ca5d203ebf98747e8f16dff9713ba8950097ceb760b161e19907,Domains_SSE_PBE
2362,-4.974505248816807,-4.103704646229744,1.02,-0.354003196531,86dd3a804d78ca5d203ebf98747e8f16dff9713ba8950097ceb760b161e19907,Domains_SSE_PBE
2363,-4.975135929545669,-4.103704646229744,1.02,-0.354003196531,86dd3a804d78ca5d203ebf98747e8f16dff9713ba8950097ceb760b161e19907,Domains_SSE_PBE
2364,-4.975766718097286,-4.103704646229744,1.02,-0.354003196531,86dd3a804d78ca5d203ebf98747e8f16dff9713ba8950097ceb760b161e19907,Domains_SSE_PBE
2365,-4.976397614427301,-4.103704646229744,1.02,-0.354003196531,86dd3a804d78ca5d203ebf98747e8f16dff9713ba8950097ceb760b161e19907,Domains_SSE_PBE
2366,-4.977028618491382,-4.103704646229744,1.02,-0.354003196531,86dd3a804d78ca5d203ebf98747e8f16dff9713ba8950097ceb760b161e19907,Domains_SSE_PBE
2367,-4.977659730245246,-4.103704646229744,1.02,-0.354003196531,86dd3a804d78ca5d203ebf98747e8f16dff9713ba8950097ceb760b161e19907,Domains_SSE_PBE
2368,-4.978290949644634,-4.103704646229744,1.02,-0.354003196531,86dd3a804d78ca5d203ebf98747e8f16dff9713ba8950097ceb760b161e19907,Domains_SSE_PBE
2369,-4.978922276645328,-4.103704646229744,1.02,-0.354003196531,86dd3a804d78ca5d203ebf98747e8f16dff9713ba8950097ceb760b161e19907,Domains_SSE_PBE
2370,-4.979553711203144,-4.103704646229744,1.02,-0.354003196531,86dd3a804d78ca5d203ebf98747e8f16dff9713ba8950097ceb760b161e19907,Domains_SSE_PBE
2371,-4.980185253273942,-4.103704646229744,1.02,-0.354003196531,86dd3a804d78ca5d203ebf98747e8f16dff9713ba8950097ceb760b161e19907,Domains_SSE_PBE
2372,-4.980816902813604,-4.103704646229744,1.02,-0.354003196531,86dd3a804d78ca5d203ebf98747e8f16dff9713ba8950097ceb760b161e19907,Domains_SSE_PBE
2373,-4.981448659778057,-4.103704646229744,1.02,-0.354003196531,86dd3a804d78ca5d203ebf98747e8f16dff9713ba8950097ceb760b161e19907,Domains_SSE_PBE
2374,-4.98208052412326,-4.103704646229744,1.02,-0.354003196531,86dd3a804d78ca5d203ebf98747e8f16dff9713ba8950097ceb760b161e19907,Domains_SSE_PBE
2375,-4.982712495805212,-4.103704646229744,1.02,-0.354003196531,86dd3a804d78ca5d203ebf98747e8f16dff9713ba8950097ceb760b161e19907,Domains_SSE_PBE
2376,-4.983344574779942,-4.103704646229744,1.02,-0.354003196531,86dd3a804d78ca5d203ebf98747e8f16dff9713ba8950097ceb760b161e19907,Domains_SSE_PBE
2377,-4.983976761003518,-4.103704646229744,1.02,-0.354003196531,86dd3a804d78ca5d203ebf98747e8f16dff9713ba8950097ceb760b161e19907,Domains_SSE_PBE
2378,-4.98460905443204,-4.103704646229744,1.02,-0.354003196531,86dd3a804d78ca5d203ebf98747e8f16dff9713ba8950097ceb760b161e19907,Domains_SSE_PBE
2379,-4.985241455021648,-4.103704646229744,1.02,-0.354003196531,86dd3a804d78ca5d203ebf98747e8f16dff9713ba8950097ceb760b161e19907,Domains_SSE_PBE
2380,-4.985873962728515,-4.103704646229744,1.02,-0.354003196531,86dd3a804d78ca5d203ebf98747e8f16dff9713ba8950097ceb760b161e19907,Domains_SSE_PBE
2381,-4.986506577508848,-4.103704646229744,1.02,-0.354003196531,86dd3a804d78ca5d203ebf98747e8f16dff9713ba8950097ceb760b161e19907,Domains_SSE_PBE
2382,-4.987139299318893,-4.103704646229744,1.02,-0.354003196531,86dd3a804d78ca5d203ebf98747e8f16dff9713ba8950097ceb760b161e19907,Domains_SSE_PBE
2383,-4.987772128114927,-4.103704646229744,1.02,-0.354003196531,86dd3a804d78ca5d203ebf98747e8f16dff9713ba8950097ceb760b161e19907,Domains_SSE_PBE
2384,-4.988405063853264,-4.103704646229744,1.02,-0.354003196531,86dd3a804d78ca5d203ebf98747e8f16dff9713ba8950097ceb760b161e19907,Domains_SSE_PBE
2385,-4.989038106490257,-4.103704646229744,1.02,-0.354003196531,86dd3a804d78ca5d203ebf98747e8f16dff9713ba8950097ceb760b161e19907,Domains_SSE_PBE
2386,-4.989671255982287,-4.103704646229744,1.02,-0.354003196531,86dd3a804d78ca5d203ebf98747e8f16dff9713ba8950097ceb760b161e19907,Domains_SSE_PBE
2387,-4.990304512285776,-4.103704646229744,1.02,-0.354003196531,86dd3a804d78ca5d203ebf98747e8f16dff9713ba8950097ceb760b161e19907,Domains_SSE_PBE
2388,-4.990937875357177,-4.103704646229744,1.02,-0.354003196531,86dd3a804d78ca5d203ebf98747e8f16dff9713ba8950097ceb760b161e19907,Domains_SSE_PBE
2389,-4.991571345152977,-4.103704646229744,1.02,-0.354003196531,86dd3a804d78ca5d203ebf98747e8f16dff9713ba8950097ceb760b161e19907,Domains_SSE_PBE
2390,-4.992204921629705,-4.103704646229744,1.02,-0.354003196531,86dd3a804d78ca5d203ebf98747e8f16dff9713ba8950097ceb760b161e19907,Domains_SSE_PBE
2391,-4.992838604743919,-4.103704646229744,1.02,-0.354003196531,86dd3a804d78ca5d203ebf98747e8f16dff9713ba8950097ceb760b161e19907,Domains_SSE_PBE
2392,-4.993472394452213,-4.103704646229744,1.02,-0.354003196531,86dd3a804d78ca5d203ebf98747e8f16dff9713ba8950097ceb760b161e19907,Domains_SSE_PBE
2393,-4.994106290711219,-4.103704646229744,1.02,-0.354003196531,86dd3a804d78ca5d203ebf98747e8f16dff9713ba8950097ceb760b161e19907,Domains_SSE_PBE
2394,-4.994740293477595,-4.103704646229744,1.02,-0.354003196531,86dd3a804d78ca5d203ebf98747e8f16dff9713ba8950097ceb760b161e19907,Domains_SSE_PBE
2395,-4.995374402708046,-4.103704646229744,1.02,-0.354003196531,86dd3a804d78ca5d203ebf98747e8f16dff9713ba8950097ceb760b161e19907,Domains_SSE_PBE
2396,-4.996008618359302,-4.103704646229744,1.02,-0.354003196531,86dd3a804d78ca5d203ebf98747e8f16dff9713ba8950097ceb760b161e19907,Domains_SSE_PBE
2397,-4.996642940388132,-4.103704646229744,1.02,-0.354003196531,86dd3a804d78ca5d203ebf98747e8f16dff9713ba8950097ceb760b161e19907,Domains_SSE_PBE
2398,-4.99727736875134,-4.103704646229744,1.02,-0.354003196531,86dd3a804d78ca5d203ebf98747e8f16dff9713ba8950097ceb760b161e19907,Domains_SSE_PBE
2399,-4.997911903405764,-4.103704646229744,1.02,-0.354003196531,86dd3a804d78ca5d203ebf98747e8f16dff9713ba8950097ceb760b161e19907,Domains_SSE_PBE
2400,-4.998546544308271,-4.103704646229744,1.02,-0.354003196531,86dd3a804d78ca5d203ebf98747e8f16dff9713ba8950097ceb760b161e19907,Domains_SSE_PBE
2401,-4.999181291415771,-4.103704646229744,1.02,-0.354003196531,86dd3a804d78ca5d203ebf98747e8f16dff9713ba8950097ceb760b161e19907,Domains_SSE_PBE
2402,-4.999816144685207,-4.103704646229744,1.02,-0.354003196531,86dd3a804d78ca5d203ebf98747e8f16dff9713ba8950097ceb760b161e19907,Domains_SSE_PBE
2403,-5.000451104073547,-4.103704646229744,1.02,-0.354003196531,86dd3a804d78ca5d203ebf98747e8f16dff9713ba8950097ceb760b161e19907,Domains_SSE_PBE
2404,-5.001086169537809,-4.103704646229744,1.02,-0.354003196531,86dd3a804d78ca5d203ebf98747e8f16dff9713ba8950097ceb760b161e19907,Domains_SSE_PBE
2405,-5.001721341035036,-4.103704646229744,1.02,-0.354003196531,86dd3a804d78ca5d203ebf98747e8f16dff9713ba8950097ceb760b161e19907,Domains_SSE_PBE
2406,-5.002356618522301,-4.103704646229744,1.02,-0.354003196531,86dd3a804d78ca5d203ebf98747e8f16dff9713ba8950097ceb760b161e19907,Domains_SSE_PBE
2407,-5.00299200195672,-4.103704646229744,1.02,-0.354003196531,86dd3a804d78ca5d203ebf98747e8f16dff9713ba8950097ceb760b161e19907,Domains_SSE_PBE
2408,-5.003627491295441,-4.103704646229744,1.02,-0.354003196531,86dd3a804d78ca5d203ebf98747e8f16dff9713ba8950097ceb760b161e19907,Domains_SSE_PBE
2409,-5.004263086495641,-4.103704646229744,1.02,-0.354003196531,86dd3a804d78ca5d203ebf98747e8f16dff9713ba8950097ceb760b161e19907,Domains_SSE_PBE
2410,-5.004898787514539,-4.103704646229744,1.02,-0.354003196531,86dd3a804d78ca5d203ebf98747e8f16dff9713ba8950097ceb760b161e19907,Domains_SSE_PBE
2411,-5.005534594309381,-4.103704646229744,1.02,-0.354003196531,86dd3a804d78ca5d203ebf98747e8f16dff9713ba8950097ceb760b161e19907,Domains_SSE_PBE
2412,-5.006170506837455,-4.103704646229744,1.02,-0.354003196531,86dd3a804d78ca5d203ebf98747e8f16dff9713ba8950097ceb760b161e19907,Domains_SSE_PBE
2413,-5.006806525056075,-4.103704646229744,1.02,-0.354003196531,86dd3a804d78ca5d203ebf98747e8f16dff9713ba8950097ceb760b161e19907,Domains_SSE_PBE
2414,-5.007442648922592,-4.103704646229744,1.02,-0.354003196531,86dd3a804d78ca5d203ebf98747e8f16dff9713ba8950097ceb760b161e19907,Domains_SSE_PBE
2415,-5.008078878394393,-4.103704646229744,1.02,-0.354003196531,86dd3a804d78ca5d203ebf98747e8f16dff9713ba8950097ceb760b161e19907,Domains_SSE_PBE
2416,-5.008715213428896,-4.103704646229744,1.02,-0.354003196531,86dd3a804d78ca5d203ebf98747e8f16dff9713ba8950097ceb760b161e19907,Domains_SSE_PBE
2417,-5.009351653983554,-4.103704646229744,1.02,-0.354003196531,86dd3a804d78ca5d203ebf98747e8f16dff9713ba8950097ceb760b161e19907,Domains_SSE_PBE
2418,-5.009988200015854,-4.103704646229744,1.02,-0.354003196531,86dd3a804d78ca5d203ebf98747e8f16dff9713ba8950097ceb760b161e19907,Domains_SSE_PBE
2419,-5.010624851483319,-4.103704646229744,1.02,-0.354003196531,86dd3a804d78ca5d203ebf98747e8f16dff9713ba8950097ceb760b161e19907,Domains_SSE_PBE
2420,-5.011261608343498,-4.103704646229744,1.02,-0.354003196531,86dd3a804d78ca5d203ebf98747e8f16dff9713ba8950097ceb760b161e19907,Domains_SSE_PBE
2421,-5.011898470553985,-4.103704646229744,1.02,-0.354003196531,86dd3a804d78ca5d203ebf98747e8f16dff9713ba8950097ceb760b161e19907,Domains_SSE_PBE
2422,-5.012535438072398,-4.103704646229744,1.02,-0.354003196531,86dd3a804d78ca5d203ebf98747e8f16dff9713ba8950097ceb760b161e19907,Domains_SSE_PBE
2423,-5.013172510856394,-4.103704646229744,1.02,-0.354003196531,86dd3a804d78ca5d203ebf98747e8f16dff9713ba8950097ceb760b161e19907,Domains_SSE_PBE
2424,-5.01380968886366,-4.103704646229744,1.02,-0.354003196531,86dd3a804d78ca5d203ebf98747e8f16dff9713ba8950097ceb760b161e19907,Domains_SSE_PBE
2425,-5.014446972051918,-4.103704646229744,1.02,-0.354003196531,86dd3a804d78ca5d203ebf98747e8f16dff9713ba8950097ceb760b161e19907,Domains_SSE_PBE
2426,-5.01508436037893,-4.103704646229744,1.02,-0.354003196531,86dd3a804d78ca5d203ebf98747e8f16dff9713ba8950097ceb760b161e19907,Domains_SSE_PBE
2427,-5.015721853802479,-4.103704646229744,1.02,-0.354003196531,86dd3a804d78ca5d203ebf98747e8f16dff9713ba8950097ceb760b161e19907,Domains_SSE_PBE
2428,-5.01635945228039,-4.103704646229744,1.02,-0.354003196531,86dd3a804d78ca5d203ebf98747e8f16dff9713ba8950097ceb760b161e19907,Domains_SSE_PBE
2429,-5.016997155770519,-4.103704646229744,1.02,-0.354003196531,86dd3a804d78ca5d203ebf98747e8f16dff9713ba8950097ceb760b161e19907,Domains_SSE_PBE
2430,-5.017634964230758,-4.103704646229744,1.02,-0.354003196531,86dd3a804d78ca5d203ebf98747e8f16dff9713ba8950097ceb760b161e19907,Domains_SSE_PBE
2431,-5.018272877619026,-4.103704646229744,1.02,-0.354003196531,86dd3a804d78ca5d203ebf98747e8f16dff9713ba8950097ceb760b161e19907,Domains_SSE_PBE
2432,-5.018910895893283,-4.103704646229744,1.02,-0.354003196531,86dd3a804d78ca5d203ebf98747e8f16dff9713ba8950097ceb760b161e19907,Domains_SSE_PBE
2433,-5.019549019011513,-4.103704646229744,1.02,-0.354003196531,86dd3a804d78ca5d203ebf98747e8f16dff9713ba8950097ceb760b161e19907,Domains_SSE_PBE
2434,-5.020187246931743,-4.103704646229744,1.02,-0.354003196531,86dd3a804d78ca5d203ebf98747e8f16dff9713ba8950097ceb760b161e19907,Domains_SSE_PBE
2435,-5.020825579612031,-4.103704646229744,1.02,-0.354003196531,86dd3a804d78ca5d203ebf98747e8f16dff9713ba8950097ceb760b161e19907,Domains_SSE_PBE
2436,-5.021464017010461,-4.103704646229744,1.02,-0.354003196531,86dd3a804d78ca5d203ebf98747e8f16dff9713ba8950097ceb760b161e19907,Domains_SSE_PBE
2437,-5.022102559085157,-4.103704646229744,1.02,-0.354003196531,86dd3a804d78ca5d203ebf98747e8f16dff9713ba8950097ceb760b161e19907,Domains_SSE_PBE
2438,-5.022741205794273,-4.103704646229744,1.02,-0.354003196531,86dd3a804d78ca5d203ebf98747e8f16dff9713ba8950097ceb760b161e19907,Domains_SSE_PBE
2439,-5.023379957095997,-4.103704646229744,1.02,-0.354003196531,86dd3a804d78ca5d203ebf98747e8f16dff9713ba8950097ceb760b161e19907,Domains_SSE_PBE
2440,-5.024018812948553,-4.103704646229744,1.02,-0.354003196531,86dd3a804d78ca5d203ebf98747e8f16dff9713ba8950097ceb760b161e19907,Domains_SSE_PBE
2441,-5.02465777331019,-4.103704646229744,1.02,-0.354003196531,86dd3a804d78ca5d203ebf98747e8f16dff9713ba8950097ceb760b161e19907,Domains_SSE_PBE
2442,-5.025296838139198,-4.103704646229744,1.02,-0.354003196531,86dd3a804d78ca5d203ebf98747e8f16dff9713ba8950097ceb760b161e19907,Domains_SSE_PBE
2443,-5.025936007393899,-4.103704646229744,1.02,-0.354003196531,86dd3a804d78ca5d203ebf98747e8f16dff9713ba8950097ceb760b161e19907,Domains_SSE_PBE
2444,-5.02657528103264,-4.103704646229744,1.02,-0.354003196531,86dd3a804d78ca5d203ebf98747e8f16dff9713ba8950097ceb760b161e19907,Domains_SSE_PBE
2445,-5.027214659013808,-4.103704646229744,1.02,-0.354003196531,86dd3a804d78ca5d203ebf98747e8f16dff9713ba8950097ceb760b161e19907,Domains_SSE_PBE
2446,-5.027854141295821,-4.103704646229744,1.02,-0.354003196531,86dd3a804d78ca5d203ebf98747e8f16dff9713ba8950097ceb760b161e19907,Domains_SSE_PBE
2447,-5.028493727837131,-4.103704646229744,1.02,-0.354003196531,86dd3a804d78ca5d203ebf98747e8f16dff9713ba8950097ceb760b161e19907,Domains_SSE_PBE
2448,-5.029133418596221,-4.103704646229744,1.02,-0.354003196531,86dd3a804d78ca5d203ebf98747e8f16dff9713ba8950097ceb760b161e19907,Domains_SSE_PBE
2449,-5.029773213531604,-4.103704646229744,1.02,-0.354003196531,86dd3a804d78ca5d203ebf98747e8f16dff9713ba8950097ceb760b161e19907,Domains_SSE_PBE
2450,-5.030413112601834,-4.103704646229744,1.02,-0.354003196531,86dd3a804d78ca5d203ebf98747e8f16dff9713ba8950097ceb760b161e19907,Domains_SSE_PBE
2451,-5.031053115765485,-4.103704646229744,1.02,-0.354003196531,86dd3a804d78ca5d203ebf98747e8f16dff9713ba8950097ceb760b161e19907,Domains_SSE_PBE
2452,-5.031693222981175,-4.103704646229744,1.02,-0.354003196531,86dd3a804d78ca5d203ebf98747e8f16dff9713ba8950097ceb760b161e19907,Domains_SSE_PBE
2453,-5.032333434207551,-4.103704646229744,1.02,-0.354003196531,86dd3a804d78ca5d203ebf98747e8f16dff9713ba8950097ceb760b161e19907,Domains_SSE_PBE
2454,-5.032973749403288,-4.103704646229744,1.02,-0.354003196531,86dd3a804d78ca5d203ebf98747e8f16dff9713ba8950097ceb760b161e19907,Domains_SSE_PBE
2455,-5.0336141685271,-4.103704646229744,1.02,-0.354003196531,86dd3a804d78ca5d203ebf98747e8f16dff9713ba8950097ceb760b161e19907,Domains_SSE_PBE
2456,-5.034254691537727,-4.103704646229744,1.02,-0.354003196531,86dd3a804d78ca5d203ebf98747e8f16dff9713ba8950097ceb760b161e19907,Domains_SSE_PBE
2457,-5.034895318393946,-4.103704646229744,1.02,-0.354003196531,86dd3a804d78ca5d203ebf98747e8f16dff9713ba8950097ceb760b161e19907,Domains_SSE_PBE
2458,-5.035536049054565,-4.103704646229744,1.02,-0.354003196531,86dd3a804d78ca5d203ebf98747e8f16dff9713ba8950097ceb760b161e19907,Domains_SSE_PBE
2459,-5.036176883478422,-4.103704646229744,1.02,-0.354003196531,86dd3a804d78ca5d203ebf98747e8f16dff9713ba8950097ceb760b161e19907,Domains_SSE_PBE
2460,-5.036817821624394,-4.103704646229744,1.02,-0.354003196531,86dd3a804d78ca5d203ebf98747e8f16dff9713ba8950097ceb760b161e19907,Domains_SSE_PBE
2461,-5.03745886345138,-4.103704646229744,1.02,-0.354003196531,86dd3a804d78ca5d203ebf98747e8f16dff9713ba8950097ceb760b161e19907,Domains_SSE_PBE
2462,-5.038100008918319,-4.103704646229744,1.02,-0.354003196531,86dd3a804d78ca5d203ebf98747e8f16dff9713ba8950097ceb760b161e19907,Domains_SSE_PBE
2463,-5.038741257984178,-4.103704646229744,1.02,-0.354003196531,86dd3a804d78ca5d203ebf98747e8f16dff9713ba8950097ceb760b161e19907,Domains_SSE_PBE
2464,-5.03938261060796,-4.103704646229744,1.02,-0.354003196531,86dd3a804d78ca5d203ebf98747e8f16dff9713ba8950097ceb760b161e19907,Domains_SSE_PBE
2465,-5.040024066748696,-4.103704646229744,1.02,-0.354003196531,86dd3a804d78ca5d203ebf98747e8f16dff9713ba8950097ceb760b161e19907,Domains_SSE_PBE
2466,-5.040665626365453,-4.103704646229744,1.02,-0.354003196531,86dd3a804d78ca5d203ebf98747e8f16dff9713ba8950097ceb760b161e19907,Domains_SSE_PBE
2467,-5.041307289417322,-4.103704646229744,1.02,-0.354003196531,86dd3a804d78ca5d203ebf98747e8f16dff9713ba8950097ceb760b161e19907,Domains_SSE_PBE
2468,-5.041949055863437,-4.103704646229744,1.02,-0.354003196531,86dd3a804d78ca5d203ebf98747e8f16dff9713ba8950097ceb760b161e19907,Domains_SSE_PBE
2469,-5.042590925662955,-4.103704646229744,1.02,-0.354003196531,86dd3a804d78ca5d203ebf98747e8f16dff9713ba8950097ceb760b161e19907,Domains_SSE_PBE
2470,-5.043232898775072,-4.103704646229744,1.02,-0.354003196531,86dd3a804d78ca5d203ebf98747e8f16dff9713ba8950097ceb760b161e19907,Domains_SSE_PBE
2471,-5.043874975159009,-4.103704646229744,1.02,-0.354003196531,86dd3a804d78ca5d203ebf98747e8f16dff9713ba8950097ceb760b161e19907,Domains_SSE_PBE
2472,-5.044517154774021,-4.103704646229744,1.02,-0.354003196531,86dd3a804d78ca5d203ebf98747e8f16dff9713ba8950097ceb760b161e19907,Domains_SSE_PBE
2473,-5.045159437579397,-4.103704646229744,1.02,-0.354003196531,86dd3a804d78ca5d203ebf98747e8f16dff9713ba8950097ceb760b161e19907,Domains_SSE_PBE
2474,-5.045801823534455,-4.103704646229744,1.02,-0.354003196531,86dd3a804d78ca5d203ebf98747e8f16dff9713ba8950097ceb760b161e19907,Domains_SSE_PBE
2475,-5.046444312598547,-4.103704646229744,1.02,-0.354003196531,86dd3a804d78ca5d203ebf98747e8f16dff9713ba8950097ceb760b161e19907,Domains_SSE_PBE
2476,-5.047086904731056,-4.103704646229744,1.02,-0.354003196531,86dd3a804d78ca5d203ebf98747e8f16dff9713ba8950097ceb760b161e19907,Domains_SSE_PBE
2477,-5.047729599891396,-4.103704646229744,1.02,-0.354003196531,86dd3a804d78ca5d203ebf98747e8f16dff9713ba8950097ceb760b161e19907,Domains_SSE_PBE
2478,-5.048372398039009,-4.103704646229744,1.02,-0.354003196531,86dd3a804d78ca5d203ebf98747e8f16dff9713ba8950097ceb760b161e19907,Domains_SSE_PBE
2479,-5.049015299133374,-4.103704646229744,1.02,-0.354003196531,86dd3a804d78ca5d203ebf98747e8f16dff9713ba8950097ceb760b161e19907,Domains_SSE_PBE
2480,-5.049658303134002,-4.103704646229744,1.02,-0.354003196531,86dd3a804d78ca5d203ebf98747e8f16dff9713ba8950097ceb760b161e19907,Domains_SSE_PBE
2481,-5.050301410000429,-4.103704646229744,1.02,-0.354003196531,86dd3a804d78ca5d203ebf98747e8f16dff9713ba8950097ceb760b161e19907,Domains_SSE_PBE
2482,-5.05094461969223,-4.103704646229744,1.02,-0.354003196531,86dd3a804d78ca5d203ebf98747e8f16dff9713ba8950097ceb760b161e19907,Domains_SSE_PBE
2483,-5.051587932169005,-4.103704646229744,1.02,-0.354003196531,86dd3a804d78ca5d203ebf98747e8f16dff9713ba8950097ceb760b161e19907,Domains_SSE_PBE
2484,-5.052231347390389,-4.103704646229744,1.02,-0.354003196531,86dd3a804d78ca5d203ebf98747e8f16dff9713ba8950097ceb760b161e19907,Domains_SSE_PBE
2485,-5.052874865316047,-4.103704646229744,1.02,-0.354003196531,86dd3a804d78ca5d203ebf98747e8f16dff9713ba8950097ceb760b161e19907,Domains_SSE_PBE
2486,-5.053518485905676,-4.103704646229744,1.02,-0.354003196531,86dd3a804d78ca5d203ebf98747e8f16dff9713ba8950097ceb760b161e19907,Domains_SSE_PBE
2487,-5.054162209119003,-4.103704646229744,1.02,-0.354003196531,86dd3a804d78ca5d203ebf98747e8f16dff9713ba8950097ceb760b161e19907,Domains_SSE_PBE
2488,-5.054806034915789,-4.103704646229744,1.02,-0.354003196531,86dd3a804d78ca5d203ebf98747e8f16dff9713ba8950097ceb760b161e19907,Domains_SSE_PBE
2489,-5.055449963255819,-4.103704646229744,1.02,-0.354003196531,86dd3a804d78ca5d203ebf98747e8f16dff9713ba8950097ceb760b161e19907,Domains_SSE_PBE
2490,-5.056093994098921,-4.103704646229744,1.02,-0.354003196531,86dd3a804d78ca5d203ebf98747e8f16dff9713ba8950097ceb760b161e19907,Domains_SSE_PBE
2491,-5.056738127404942,-4.103704646229744,1.02,-0.354003196531,86dd3a804d78ca5d203ebf98747e8f16dff9713ba8950097ceb760b161e19907,Domains_SSE_PBE
2492,-5.05738236313377,-4.103704646229744,1.02,-0.354003196531,86dd3a804d78ca5d203ebf98747e8f16dff9713ba8950097ceb760b161e19907,Domains_SSE_PBE
2493,-5.058026701245314,-4.103704646229744,1.02,-0.354003196531,86dd3a804d78ca5d203ebf98747e8f16dff9713ba8950097ceb760b161e19907,Domains_SSE_PBE
2494,-5.058671141699521,-4.103704646229744,1.02,-0.354003196531,86dd3a804d78ca5d203ebf98747e8f16dff9713ba8950097ceb760b161e19907,Domains_SSE_PBE
2495,-5.05931568445637,-4.103704646229744,1.02,-0.354003196531,86dd3a804d78ca5d203ebf98747e8f16dff9713ba8950097ceb760b161e19907,Domains_SSE_PBE
2496,-5.059960329475865,-4.103704646229744,1.02,-0.354003196531,86dd3a804d78ca5d203ebf98747e8f16dff9713ba8950097ceb760b161e19907,Domains_SSE_PBE
2497,-5.060605076718046,-4.103704646229744,1.02,-0.354003196531,86dd3a804d78ca5d203ebf98747e8f16dff9713ba8950097ceb760b161e19907,Domains_SSE_PBE
2498,-5.06124992614298,-4.103704646229744,1.02,-0.354003196531,86dd3a804d78ca5d203ebf98747e8f16dff9713ba8950097ceb760b161e19907,Domains_SSE_PBE
2499,-5.061894877710769,-4.103704646229744,1.02,-0.354003196531,86dd3a804d78ca5d203ebf98747e8f16dff9713ba8950097ceb760b161e19907,Domains_SSE_PBE
