T_K,P_GPa,V_min_A3_per_atom,F_vib_eV_per_atom,F_QH_eV_per_atom
851,0,17.85217523733288,-0.07511661417298221,-4.181426155984528
852,0,17.85217523733288,-0.07549036772735196,-4.181799909538897
853,0,17.85217523733288,-0.07586439618020258,-4.182173937991748
854,0,17.85217523733288,-0.07623869926687377,-4.182548241078419
855,0,17.85217523733288,-0.07661327672315821,-4.182922818534704
856,0,17.85217523733288,-0.07698812828530421,-4.18329767009685
857,0,17.85217523733288,-0.07736325369000951,-4.183672795501555
858,0,17.85217523733288,-0.07773865267442481,-4.18404819448597
859,0,17.85217523733288,-0.07811432497615378,-4.184423866787699
860,0,17.85217523733288,-0.07849027033324418,-4.18479981214479
861,0,17.85217523733288,-0.07886648848420119,-4.185176030295747
862,0,17.85217523733288,-0.07924297916796785,-4.185552520979513
863,0,17.85217523733288,-0.0796197421239393,-4.185929283935485
864,0,17.85217523733288,-0.07999677709195741,-4.186306318903503
865,0,17.85217523733288,-0.0803740838123046,-4.18668362562385
866,0,17.85217523733288,-0.08075166202571094,-4.187061203837256
867,0,17.85217523733288,-0.08112951147334702,-4.187439053284892
868,0,17.85217523733288,-0.08150763189682397,-4.187817173708369
869,0,17.85217523733288,-0.08188602303819881,-4.188195564849744
870,0,17.85217523733288,-0.08226468463996284,-4.188574226451508
871,0,17.85217523733288,-0.08264361644504881,-4.188953158256594
872,0,17.85217523733288,-0.08302281819682733,-4.189332360008373
873,0,17.85217523733288,-0.08340228963910601,-4.189711831450651
874,0,17.85217523733288,-0.08378203051612587,-4.190091572327671
875,0,17.85217523733288,-0.0841620405725676,-4.190471582384113
876,0,17.85217523733288,-0.08454231955354263,-4.190851861365088
877,0,17.85217523733288,-0.08492286720459585,-4.191232409016141
878,0,17.85217523733288,-0.08530368327170468,-4.19161322508325
879,0,17.85217523733288,-0.08568476750127818,-4.191994309312824
880,0,17.85217523733288,-0.08606611964015443,-4.1923756614517
881,0,17.85217523733288,-0.08644773943560224,-4.192757281247148
882,0,17.85217523733288,-0.08682962663531679,-4.193139168446862
883,0,17.85217523733288,-0.08721178098742399,-4.193521322798969
884,0,17.85217523733288,-0.08759420224047165,-4.193903744052017
885,0,17.85217523733288,-0.08797689014343657,-4.194286431954982
886,0,17.85217523733288,-0.0883598444457192,-4.194669386257265
887,0,17.85217523733288,-0.08874306489714368,-4.195052606708689
888,0,17.85217523733288,-0.08912655124795599,-4.195436093059501
889,0,17.85217523733288,-0.08951030324882403,-4.195819845060369
890,0,17.85217523733288,-0.08989432065083847,-4.196203862462384
891,0,17.85217523733288,-0.0902786032055074,-4.196588145017053
892,0,17.85217523733288,-0.09066315066475816,-4.196972692476304
893,0,17.85217523733288,-0.09104796278093996,-4.197357504592485
894,0,17.85217523733288,-0.09143303930681501,-4.19774258111836
895,0,17.85217523733288,-0.09181837999555942,-4.198127921807105
896,0,17.85217523733288,-0.09220398460077117,-4.198513526412317
897,0,17.85217523733288,-0.09258985287645949,-4.198899394688005
898,0,17.85217523733288,-0.09297598457704659,-4.199285526388592
899,0,17.85217523733288,-0.09336237945736769,-4.199671921268913
900,0,17.85217523733288,-0.09374903727267103,-4.200058579084216
901,0,17.85217523733288,-0.09413595777861161,-4.200445499590157
902,0,17.85217523733288,-0.09452314073125923,-4.200832682542805
903,0,17.85217523733288,-0.09491058588709045,-4.201220127698636
904,0,17.85217523733288,-0.09529829300298953,-4.201607834814535
905,0,17.85217523733288,-0.09568626183624751,-4.201995803647793
906,0,17.85217523733288,-0.09607449214456398,-4.202384033956109
907,0,17.85217523733288,-0.09646298368604178,-4.202772525497587
908,0,17.85217523733288,-0.09685173621918874,-4.203161278030734
909,0,17.85217523733288,-0.09724074950291595,-4.203550291314461
910,0,17.85217523733288,-0.09763002329653858,-4.203939565108084
911,0,17.85217523733288,-0.09801955735977241,-4.204329099171318
912,0,17.85217523733288,-0.09840935145273466,-4.20471889326428
913,0,17.85217523733288,-0.09879940533594223,-4.205108947147488
914,0,17.85217523733288,-0.0991897187703108,-4.205499260581856
915,0,17.85217523733288,-0.09958029151715664,-4.205889833328702
916,0,17.85217523733288,-0.09997112333819036,-4.206280665149736
917,0,17.85217523733288,-0.1003622139955214,-4.206671755807067
918,0,17.85217523733288,-0.1007535632516534,-4.207063105063199
919,0,17.85217523733288,-0.1011451708694864,-4.207454712681032
920,0,17.85217523733288,-0.1015370366123127,-4.207846578423858
921,0,17.85217523733288,-0.1019291602438193,-4.208238702055365
922,0,17.85217523733288,-0.1023215415280845,-4.20863108333963
923,0,17.85217523733288,-0.1027141802295786,-4.209023722041124
924,0,17.85217523733288,-0.1031070761131607,-4.209416617924706
925,0,17.85217523733288,-0.1035002289440827,-4.209809770755628
926,0,17.85217523733288,-0.1038936384879818,-4.210203180299527
927,0,17.85217523733288,-0.1042873045108852,-4.210596846322431
928,0,17.85217523733288,-0.104681226779209,-4.210990768590754
929,0,17.85217523733288,-0.1050754050597513,-4.211384946871297
930,0,17.85217523733288,-0.1054698391196984,-4.211779380931244
931,0,17.85217523733288,-0.1058645287266193,-4.212174070538165
932,0,17.85217523733288,-0.1062594736484703,-4.212569015460016
933,0,17.85217523733288,-0.1066546736535878,-4.212964215465133
934,0,17.85217523733288,-0.1070501285106893,-4.213359670322235
935,0,17.85217523733288,-0.1074458379888767,-4.213755379800422
936,0,17.85217523733288,-0.1078418018576297,-4.214151343669175
937,0,17.85217523733288,-0.1082380198868087,-4.214547561698354
938,0,17.85217523733288,-0.1086344918466526,-4.214944033658198
939,0,17.85217523733288,-0.1090312175077788,-4.215340759319324
940,0,17.85217523733288,-0.109428196641181,-4.215737738452726
941,0,17.85217523733288,-0.1098254290182288,-4.216134970829774
942,0,17.85217523733288,-0.1102229144106683,-4.216532456222214
943,0,17.85217523733288,-0.1106206525906197,-4.216930194402165
944,0,17.85217523733288,-0.1110186433305778,-4.217328185142123
945,0,17.85217523733288,-0.1114168864034086,-4.217726428214954
946,0,17.85217523733288,-0.1118153815823524,-4.218124923393898
947,0,17.85217523733288,-0.1122141286410185,-4.218523670452564
948,0,17.85217523733288,-0.1126131273533897,-4.218922669164935
949,0,17.85217523733288,-0.1130123774938152,-4.219321919305361
950,0,17.85217523733288,-0.1134118788370166,-4.219721420648562
951,0,17.85217523733288,-0.1138116311580806,-4.220121172969626
952,0,17.85217523733288,-0.1142116342324622,-4.220521176044008
953,0,17.85217523733288,-0.114611887835987,-4.220921429647532
954,0,17.85217523733288,-0.1150123917448376,-4.221321933556383
955,0,17.85217523733288,-0.1154131457355696,-4.221722687547115
956,0,17.85217523733288,-0.1158141495850993,-4.222123691396645
957,0,17.85217523733288,-0.1162154030707052,-4.222524944882251
958,0,17.85217523733288,-0.1166169059700337,-4.222926447781579
959,0,17.85217523733288,-0.1170186580610855,-4.223328199872631
960,0,17.85217523733288,-0.117420659122228,-4.223730200933773
961,0,17.85217523733288,-0.1178229089321858,-4.224132450743731
962,0,17.85217523733288,-0.1182254072700459,-4.224534949081591
963,0,17.85217523733288,-0.1186281539152496,-4.224937695726795
964,0,17.85217523733288,-0.1190311486476006,-4.225340690459146
965,0,17.85217523733288,-0.1194343912472569,-4.225743933058802
966,0,17.85217523733288,-0.1198378814947336,-4.226147423306279
967,0,17.85217523733288,-0.1202416191709013,-4.226551160982447
968,0,17.85217523733288,-0.1206456040569854,-4.226955145868531
969,0,17.85217523733288,-0.1210498359345653,-4.227359377746111
970,0,17.85217523733288,-0.1214543145855744,-4.22776385639712
971,0,17.85217523733288,-0.1218590397922963,-4.228168581603842
972,0,17.85217523733288,-0.1222640113373696,-4.228573553148915
973,0,17.85217523733288,-0.1226692290037805,-4.228978770815326
974,0,17.85217523733288,-0.1230746925748676,-4.229384234386413
975,0,17.85217523733288,-0.1234804018343194,-4.229789943645865
976,0,17.85217523733288,-0.1238863565661692,-4.230195898377715
977,0,17.85217523733288,-0.1242925565548054,-4.230602098366351
978,0,17.85217523733288,-0.1246990015849549,-4.2310085433965
979,0,17.85217523733288,-0.125105691441699,-4.231415233253244
980,0,17.85217523733288,-0.1255126259104564,-4.231822167722002
981,0,17.85217523733288,-0.1259198047770003,-4.232229346588546
982,0,17.85217523733288,-0.1263272278274394,-4.232636769638985
983,0,17.85217523733288,-0.1267348948482319,-4.233044436659777
984,0,17.85217523733288,-0.1271428056261756,-4.233452347437721
985,0,17.85217523733288,-0.1275509599484099,-4.233860501759955
986,0,17.85217523733288,-0.1279593576024176,-4.234268899413963
987,0,17.85217523733288,-0.1283679983760209,-4.234677540187566
988,0,17.85217523733288,-0.128776882057382,-4.235086423868927
989,0,17.85217523733288,-0.1291860084350009,-4.235495550246546
990,0,17.85217523733288,-0.1295953772977168,-4.235904919109262
991,0,17.85217523733288,-0.1300049884347079,-4.236314530246253
992,0,17.85217523733288,-0.1304148416354858,-4.236724383447031
993,0,17.85217523733288,-0.130824936689903,-4.237134478501448
994,0,17.85217523733288,-0.1312352733881417,-4.237544815199687
995,0,17.85217523733288,-0.1316458515207222,-4.237955393332268
996,0,17.85217523733288,-0.1320566708784998,-4.238366212690045
997,0,17.85217523733288,-0.1324677312526603,-4.238777273064206
998,0,17.85217523733288,-0.1328790324347233,-4.239188574246269
999,0,17.85217523733288,-0.1332905742165398,-4.239600116028085
1000,0,17.85217523733288,-0.1337023563902928,-4.240011898201838
1001,0,17.85217523733288,-0.1341143787484933,-4.240423920560039
1002,0,17.85217523733288,-0.134526641083986,-4.240836182895531
1003,0,17.85217523733288,-0.13493914318994,-4.241248685001485
1004,0,17.85217523733288,-0.1353518848598556,-4.241661426671401
1005,0,17.85217523733288,-0.135764865887559,-4.242074407699104
1006,0,17.85217523733288,-0.1361780860672059,-4.242487627878751
1007,0,17.85217523733288,-0.1365915451932747,-4.24290108700482
1008,0,17.85217523733288,-0.137005243060571,-4.243314784872116
1009,0,17.85217523733288,-0.1374191794642252,-4.243728721275771
1010,0,17.85217523733288,-0.1378333541996923,-4.244142896011238
1011,0,17.85217523733288,-0.1382477670627482,-4.244557308874294
1012,0,17.85217523733288,-0.1386624178494946,-4.24497195966104
1013,0,17.85217523733288,-0.1390773063563522,-4.245386848167898
1014,0,17.85217523733288,-0.1394924323800657,-4.245801974191611
1015,0,17.85217523733288,-0.139907795717698,-4.246217337529243
1016,0,17.85217523733288,-0.1403233961666333,-4.246632937978179
1017,0,17.85217523733288,-0.1407392335245756,-4.247048775336121
1018,0,17.85217523733288,-0.1411553075895453,-4.247464849401091
1019,0,17.85217523733288,-0.1415716181598832,-4.247881159971429
1020,0,17.85217523733288,-0.1419881650342454,-4.248297706845791
1021,0,17.85217523733288,-0.1424049480116043,-4.24871448982315
1022,0,17.85217523733288,-0.1428219668912503,-4.249131508702796
1023,0,17.85217523733288,-0.1432392214727862,-4.249548763284332
1024,0,17.85217523733288,-0.1436567115561314,-4.249966253367677
1025,0,17.85217523733288,-0.1440744369415183,-4.250383978753064
1026,0,17.85217523733288,-0.1444923974294925,-4.250801939241038
1027,0,17.85217523733288,-0.1449105928209118,-4.251220134632457
1028,0,17.85217523733288,-0.1453290229169468,-4.251638564728492
1029,0,17.85217523733288,-0.1457476875190773,-4.252057229330623
1030,0,17.85217523733288,-0.1461665864290946,-4.25247612824064
1031,0,17.85217523733288,-0.146585719449102,-4.252895261260647
1032,0,17.85217523733288,-0.1470050863815082,-4.253314628193054
1033,0,17.85217523733288,-0.1474246870290328,-4.253734228840578
1034,0,17.85217523733288,-0.1478445211947017,-4.254154063006247
1035,0,17.85217523733288,-0.148264588681851,-4.254574130493396
1036,0,17.85217523733288,-0.1486848892941186,-4.254994431105664
1037,0,17.85217523733288,-0.1491054228354525,-4.255414964646998
1038,0,17.85217523733288,-0.1495261891101043,-4.25583573092165
1039,0,17.85217523733288,-0.1499471879226295,-4.256256729734175
1040,0,17.85217523733288,-0.15036841907789,-4.256677960889435
1041,0,17.85217523733288,-0.1507898823810452,-4.257099424192591
1042,0,17.85217523733288,-0.1512115776375662,-4.257521119449112
1043,0,17.85217523733288,-0.15163350465322,-4.257943046464765
1044,0,17.85217523733288,-0.1520556632340737,-4.258365205045619
1045,0,17.85217523733288,-0.1524780531865,-4.258787594998045
1046,0,17.85217523733288,-0.1529006743171673,-4.259210216128713
1047,0,17.85217523733288,-0.1533235264330468,-4.259633068244592
1048,0,17.85217523733288,-0.1537466093414066,-4.260056151152952
1049,0,17.85217523733288,-0.1541699228498139,-4.260479464661359
1050,0,17.85217523733288,-0.1545934667661335,-4.260903008577679
1051,0,17.85217523733288,-0.155017240898526,-4.261326782710071
1052,0,17.85217523733288,-0.1554412450554503,-4.261750786866996
1053,0,17.85217523733288,-0.1558654790456577,-4.262175020857203
1054,0,17.85217523733288,-0.1562899426781987,-4.262599484489744
1055,0,17.85217523733288,-0.1567146357624152,-4.263024177573961
1056,0,17.85217523733288,-0.1571395581079438,-4.263449099919489
1057,0,17.85217523733288,-0.1575647095247152,-4.263874251336261
1058,0,17.85217523733288,-0.1579900898229516,-4.264299631634497
1059,0,17.85217523733288,-0.1584156988131662,-4.264725240624712
1060,0,17.85217523733288,-0.1588415363061673,-4.265151078117713
1061,0,17.85217523733288,-0.159267602113049,-4.265577143924594
1062,0,17.85217523733288,-0.1596938960451997,-4.266003437856745
1063,0,17.85217523733288,-0.1601204179142943,-4.26642995972584
1064,0,17.85217523733288,-0.1605471675322994,-4.266856709343845
1065,0,17.85217523733288,-0.1609741447114672,-4.267283686523013
1066,0,17.85217523733288,-0.1614013492643389,-4.267710891075884
1067,0,17.85217523733288,-0.1618287810037433,-4.268138322815289
1068,0,17.85217523733288,-0.1622564397427944,-4.26856598155434
1069,0,17.85217523733288,-0.1626843252948929,-4.268993867106438
1070,0,17.85217523733288,-0.1631124374737247,-4.26942197928527
1071,0,17.85217523733288,-0.163540776093261,-4.269850317904806
1072,0,17.85217523733288,-0.1639693409677552,-4.270278882779301
1073,0,17.85217523733288,-0.1643981319117458,-4.270707673723291
1074,0,17.85217523733288,-0.1648271487400548,-4.2711366905516
1075,0,17.85217523733288,-0.1652563912677838,-4.271565933079329
1076,0,17.85217523733288,-0.1656858593103188,-4.271995401121864
1077,0,17.85217523733288,-0.1661155526833262,-4.272425094494872
1078,0,17.85217523733288,-0.1665454712027525,-4.272855013014298
1079,0,17.85217523733288,-0.1669756146848229,-4.273285156496368
1080,0,17.85217523733288,-0.1674059829460459,-4.273715524757591
1081,0,17.85217523733288,-0.1678365758032045,-4.27414611761475
1082,0,17.85217523733288,-0.1682673930733625,-4.274576934884908
1083,0,17.85217523733288,-0.1686984345738596,-4.275007976385405
1084,0,17.85217523733288,-0.1691297001223138,-4.275439241933859
1085,0,17.85217523733288,-0.16956118953662,-4.275870731348165
1086,0,17.85217523733288,-0.1699929026349478,-4.276302444446493
1087,0,17.85217523733288,-0.170424839235741,-4.276734381047286
1088,0,17.85217523733288,-0.1708569991577216,-4.277166540969267
1089,0,17.85217523733288,-0.1712893822198822,-4.277598924031428
1090,0,17.85217523733288,-0.1717219882414929,-4.278031530053038
1091,0,17.85217523733288,-0.1721548170420917,-4.278464358853637
1092,0,17.85217523733288,-0.172587868441493,-4.278897410253038
1093,0,17.85217523733288,-0.173021142259782,-4.279330684071327
1094,0,17.85217523733288,-0.1734546383173159,-4.279764180128861
1095,0,17.85217523733288,-0.1738883564347198,-4.280197898246265
1096,0,17.85217523733288,-0.1743222964328925,-4.280631838244438
1097,0,17.85217523733288,-0.1747564581330012,-4.281065999944547
1098,0,17.85217523733288,-0.175190841356482,-4.281500383168027
1099,0,17.85217523733288,-0.1756254459250384,-4.281934987736584
1100,0,17.85217523733288,-0.1760602716606439,-4.282369813472189
1101,0,17.85217523733288,-0.1764953183855376,-4.282804860197083
1102,0,17.85217523733288,-0.1769305859222277,-4.283240127733773
1103,0,17.85217523733288,-0.1773660740934853,-4.283675615905031
1104,0,17.85217523733288,-0.1778017827223515,-4.284111324533897
1105,0,17.85217523733288,-0.1782377116321285,-4.284547253443674
1106,0,17.85217523733288,-0.178673860646386,-4.284983402457931
1107,0,17.85217523733288,-0.1791102295889564,-4.285419771400502
1108,0,17.85217523733288,-0.1795468182839359,-4.285856360095481
1109,0,17.85217523733288,-0.1799836265556838,-4.286293168367229
1110,0,17.85217523733288,-0.180420654228822,-4.286730196040367
1111,0,17.85217523733288,-0.1808579011282339,-4.287167442939779
1112,0,17.85217523733288,-0.1812953670790654,-4.287604908890611
1113,0,17.85217523733288,-0.1817330519067202,-4.288042593718266
1114,0,17.85217523733288,-0.1821709554368676,-4.288480497248413
1115,0,17.85217523733288,-0.1826090774954316,-4.288918619306977
1116,0,17.85217523733288,-0.1830474179085968,-4.289356959720142
1117,0,17.85217523733288,-0.1834859765028094,-4.289795518314355
1118,0,17.85217523733288,-0.183924753104769,-4.290234294916314
1119,0,17.85217523733288,-0.184363747541437,-4.290673289352982
1120,0,17.85217523733288,-0.1848029596400282,-4.291112501451574
1121,0,17.85217523733288,-0.1852423892280175,-4.291551931039563
1122,0,17.85217523733288,-0.1856820361331346,-4.29199157794468
1123,0,17.85217523733288,-0.1861219001833625,-4.292431441994908
1124,0,17.85217523733288,-0.1865619812069426,-4.292871523018488
1125,0,17.85217523733288,-0.1870022790323693,-4.293311820843915
1126,0,17.85217523733288,-0.1874427934883895,-4.293752335299935
1127,0,17.85217523733288,-0.1878835244040058,-4.294193066215551
1128,0,17.85217523733288,-0.1883244716084729,-4.294634013420018
1129,0,17.85217523733288,-0.1887656349312969,-4.295075176742842
1130,0,17.85217523733288,-0.1892070142022382,-4.295516556013784
1131,0,17.85217523733288,-0.1896486092513046,-4.29595815106285
1132,0,17.85217523733288,-0.190090419908759,-4.296399961720304
1133,0,17.85217523733288,-0.1905324460051112,-4.296841987816657
1134,0,17.85217523733288,-0.190974687371126,-4.297284229182671
1135,0,17.85217523733288,-0.1914171438378096,-4.297726685649355
1136,0,17.85217523733288,-0.1918598152364224,-4.298169357047968
1137,0,17.85217523733288,-0.1923027013984715,-4.298612243210017
1138,0,17.85217523733288,-0.1927458021557138,-4.299055343967259
1139,0,17.85217523733288,-0.1931891173401503,-4.299498659151696
1140,0,17.85217523733288,-0.1936326467840317,-4.299942188595577
1141,0,17.85217523733288,-0.1940763903198519,-4.300385932131397
1142,0,17.85217523733288,-0.1945203477803528,-4.300829889591898
1143,0,17.85217523733288,-0.1949645189985212,-4.301274060810067
1144,0,17.85217523733288,-0.1954089038075875,-4.301718445619133
1145,0,17.85217523733288,-0.1958535020410288,-4.302163043852574
1146,0,17.85217523733288,-0.196298313532564,-4.302607855344109
1147,0,17.85217523733288,-0.1967433381161534,-4.303052879927699
1148,0,17.85217523733288,-0.1971885756260052,-4.303498117437551
1149,0,17.85217523733288,-0.1976340258965656,-4.303943567708111
1150,0,17.85217523733288,-0.1980796887625242,-4.30438923057407
1151,0,17.85217523733288,-0.1985255640588113,-4.304835105870357
1152,0,17.85217523733288,-0.1989716516205995,-4.305281193432145
1153,0,17.85217523733288,-0.1994179512832988,-4.305727493094844
1154,0,17.85217523733288,-0.1998644628825623,-4.306174004694108
1155,0,17.85217523733288,-0.2003111862542806,-4.306620728065826
1156,0,17.85217523733288,-0.2007581212345828,-4.307067663046128
1157,0,17.85217523733288,-0.2012052676598364,-4.307514809471382
1158,0,17.85217523733288,-0.2016526253666493,-4.307962167178195
1159,0,17.85217523733288,-0.2021001941918632,-4.308409736003409
1160,0,17.85217523733288,-0.2025479739725604,-4.308857515784106
1161,0,17.85217523733288,-0.2029959645460542,-4.3093055063576
1162,0,17.85217523733288,-0.203444165749902,-4.309753707561447
1163,0,17.85217523733288,-0.2038925774218878,-4.310202119233433
1164,0,17.85217523733288,-0.2043411994000373,-4.310650741211583
1165,0,17.85217523733288,-0.2047900315226068,-4.311099573334152
1166,0,17.85217523733288,-0.20523907362809,-4.311548615439635
1167,0,17.85217523733288,-0.2056883255552089,-4.311997867366754
1168,0,17.85217523733288,-0.2061377871429242,-4.31244732895447
1169,0,17.85217523733288,-0.2065874582304268,-4.312897000041972
1170,0,17.85217523733288,-0.207037338657142,-4.313346880468687
1171,0,17.85217523733288,-0.2074874282627199,-4.313796970074265
1172,0,17.85217523733288,-0.2079377268870504,-4.314247268698596
1173,0,17.85217523733288,-0.2083882343702506,-4.314697776181796
1174,0,17.85217523733288,-0.208838950552666,-4.315148492364211
1175,0,17.85217523733288,-0.2092898752748749,-4.31559941708642
1176,0,17.85217523733288,-0.2097410083776845,-4.31605055018923
1177,0,17.85217523733288,-0.2101923497021287,-4.316501891513674
1178,0,17.85217523733288,-0.2106438990894715,-4.316953440901017
1179,0,17.85217523733288,-0.2110956563812065,-4.317405198192752
1180,0,17.85217523733288,-0.2115476214190517,-4.317857163230597
1181,0,17.85217523733288,-0.2119997940449547,-4.3183093358565
1182,0,17.85217523733288,-0.2124521741010872,-4.318761715912633
1183,0,17.85217523733288,-0.2129047614298507,-4.319214303241396
1184,0,17.85217523733288,-0.213357555873869,-4.319667097685414
1185,0,17.85217523733288,-0.2138105572759912,-4.320120099087537
1186,0,17.85217523733288,-0.2142637654792958,-4.320573307290841
1187,0,17.85217523733288,-0.2147171803270798,-4.321026722138625
1188,0,17.85217523733288,-0.2151708016628682,-4.321480343474414
1189,0,17.85217523733288,-0.2156246293304065,-4.321934171141952
1190,0,17.85217523733288,-0.2160786631736658,-4.322388204985211
1191,0,17.85217523733288,-0.216532903036839,-4.322842444848384
1192,0,17.85217523733288,-0.2169873487643388,-4.323296890575884
1193,0,17.85217523733288,-0.2174420002008022,-4.323751542012348
1194,0,17.85217523733288,-0.2178968571910902,-4.324206399002636
1195,0,17.85217523733288,-0.2183519195802788,-4.324661461391824
1196,0,17.85217523733288,-0.2188071872136659,-4.325116729025211
1197,0,17.85217523733288,-0.2192626599367724,-4.325572201748318
1198,0,17.85217523733288,-0.2197183375953342,-4.32602787940688
1199,0,17.85217523733288,-0.220174220035311,-4.326483761846856
1200,0,17.85217523733288,-0.220630307102879,-4.326939848914424
1201,0,17.85217523733288,-0.2210865986444288,-4.327396140455974
1202,0,17.85217523733288,-0.2215430945065755,-4.327852636318121
1203,0,17.85217523733288,-0.2219997945361483,-4.328309336347694
1204,0,17.85217523733288,-0.2224566985801912,-4.328766240391737
1205,0,17.85217523733288,-0.2229138064859697,-4.329223348297515
1206,0,17.85217523733288,-0.2233711181009603,-4.329680659912506
1207,0,17.85217523733288,-0.2238286332728574,-4.330138175084403
1208,0,17.85217523733288,-0.2242863518495719,-4.330595893661117
1209,0,17.85217523733288,-0.2247442736792262,-4.331053815490772
1210,0,17.85217523733288,-0.2252023986101594,-4.331511940421705
1211,0,17.85217523733288,-0.2256607264909238,-4.331970268302469
1212,0,17.85217523733288,-0.2261192571702857,-4.332428798981831
1213,0,17.85217523733288,-0.2265779904972236,-4.332887532308769
1214,0,17.85217523733288,-0.2270369263209284,-4.333346468132474
1215,0,17.85217523733288,-0.2274960644908042,-4.33380560630235
1216,0,17.85217523733288,-0.227955404856468,-4.334264946668013
1217,0,17.85217523733288,-0.228414947267745,-4.33472448907929
1218,0,17.85217523733288,-0.2288746915746724,-4.335184233386218
1219,0,17.85217523733288,-0.2293346376275007,-4.335644179439046
1220,0,17.85217523733288,-0.2297947852766864,-4.336104327088232
1221,0,17.85217523733288,-0.2302551343729,-4.336564676184445
1222,0,17.85217523733288,-0.2307156847670155,-4.337025226578561
1223,0,17.85217523733288,-0.2311764363101219,-4.337485978121667
1224,0,17.85217523733288,-0.2316373888535139,-4.337946930665059
1225,0,17.85217523733288,-0.2320985422486936,-4.338408084060239
1226,0,17.85217523733288,-0.2325598963473716,-4.338869438158917
1227,0,17.85217523733288,-0.2330214510014663,-4.339330992813012
1228,0,17.85217523733288,-0.2334832060631022,-4.339792747874648
1229,0,17.85217523733288,-0.23394516138461,-4.340254703196155
1230,0,17.85217523733288,-0.234407316818527,-4.340716858630072
1231,0,17.85217523733288,-0.2348696722175942,-4.34117921402914
1232,0,17.85217523733288,-0.2353322274347622,-4.341641769246308
1233,0,17.85217523733288,-0.2357949823231822,-4.342104524134728
1234,0,17.85217523733288,-0.2362579367362123,-4.342567478547758
1235,0,17.85217523733288,-0.2367210905274124,-4.343030632338958
1236,0,17.85217523733288,-0.2371844435505484,-4.343493985362094
1237,0,17.85217523733288,-0.2376479956595867,-4.343957537471132
1238,0,17.85217523733288,-0.2381117467086993,-4.344421288520245
1239,0,17.85217523733288,-0.2385756965522603,-4.344885238363806
1240,0,17.85217523733288,-0.239039845044843,-4.345349386856388
1241,0,17.85217523733288,-0.2395041920412249,-4.34581373385277
1242,0,17.85217523733288,-0.239968737396385,-4.34627827920793
1243,0,17.85217523733288,-0.2404334809654998,-4.346743022777045
1244,0,17.85217523733288,-0.2408984226039514,-4.347207964415497
1245,0,17.85217523733288,-0.2413635621673178,-4.347673103978863
1246,0,17.85217523733288,-0.2418288995113782,-4.348138441322924
1247,0,17.85217523733288,-0.2422944344921119,-4.348603976303657
1248,0,17.85217523733288,-0.2427601669656942,-4.34906970877724
1249,0,17.85217523733288,-0.2432260967885025,-4.349535638600048
1250,0,17.85217523733288,-0.24369222381711,-4.350001765628655
1251,0,17.85217523733288,-0.2441585479082882,-4.350468089719834
1252,0,17.85217523733288,-0.2446250689190075,-4.350934610730553
1253,0,17.85217523733288,-0.2450917867064319,-4.351401328517977
1254,0,17.85217523733288,-0.2455587011279254,-4.351868242939471
1255,0,17.85217523733288,-0.2460258120410446,-4.35233535385259
1256,0,17.85217523733288,-0.2464931193035458,-4.352802661115091
1257,0,17.85217523733288,-0.24696062277338,-4.353270164584925
1258,0,17.85217523733288,-0.2474283223086884,-4.353737864120234
1259,0,17.85217523733288,-0.2478962177678143,-4.35420575957936
1260,0,17.85217523733288,-0.2483643090092897,-4.354673850820835
1261,0,17.85217523733288,-0.2488325958918436,-4.355142137703389
1262,0,17.85217523733288,-0.2493010782743967,-4.355610620085942
1263,0,17.85217523733288,-0.2497697560160645,-4.35607929782761
1264,0,17.85217523733288,-0.2502386289761533,-4.356548170787699
1265,0,17.85217523733288,-0.250707697014164,-4.357017238825709
1266,0,17.85217523733288,-0.2511769599897882,-4.357486501801334
1267,0,17.85217523733288,-0.2516464177629087,-4.357955959574454
1268,0,17.85217523733288,-0.252116070193602,-4.358425612005147
1269,0,17.85217523733288,-0.2525859171421327,-4.358895458953678
1270,0,17.85217523733288,-0.2530559584689582,-4.359365500280504
1271,0,17.85217523733288,-0.2535261940347242,-4.35983573584627
1272,0,17.85217523733288,-0.2539966237002682,-4.360306165511814
1273,0,17.85217523733288,-0.2544672473266152,-4.360776789138161
1274,0,17.85217523733288,-0.2549380647749819,-4.361247606586527
1275,0,17.85217523733288,-0.2554090759067709,-4.361718617718316
1276,0,17.85217523733288,-0.2558802805835745,-4.36218982239512
1277,0,17.85217523733288,-0.2563516786671736,-4.362661220478719
1278,0,17.85217523733288,-0.2568232700195354,-4.363132811831081
1279,0,17.85217523733288,-0.2572950545028156,-4.363604596314361
1280,0,17.85217523733288,-0.2577670319793564,-4.364076573790902
1281,0,17.85217523733288,-0.2582392023116862,-4.364548744123232
1282,0,17.85217523733288,-0.258711565362522,-4.365021107174067
1283,0,17.85217523733288,-0.2591841209947612,-4.365493662806307
1284,0,17.85217523733288,-0.2596568690714935,-4.365966410883039
1285,0,17.85217523733288,-0.2601298094559885,-4.366439351267534
1286,0,17.85217523733288,-0.2606029420117029,-4.366912483823248
1287,0,17.85217523733288,-0.261076266602279,-4.367385808413824
1288,0,17.85217523733288,-0.2615497830915388,-4.367859324903084
1289,0,17.85217523733288,-0.262023491343494,-4.368333033155039
1290,0,17.85217523733288,-0.2624973912223352,-4.368806933033881
1291,0,17.85217523733288,-0.2629714825924374,-4.369281024403983
1292,0,17.85217523733288,-0.2634457653183597,-4.369755307129905
1293,0,17.85217523733288,-0.2639202392648405,-4.370229781076386
1294,0,17.85217523733288,-0.264394904296803,-4.370704446108348
1295,0,17.85217523733288,-0.2648697602793506,-4.371179302090896
1296,0,17.85217523733288,-0.2653448070777689,-4.371654348889314
1297,0,17.85217523733288,-0.2658200445575236,-4.372129586369069
1298,0,17.85217523733288,-0.266295472584261,-4.372605014395806
1299,0,17.85217523733288,-0.2667710910238092,-4.373080632835355
1300,0,17.85217523733288,-0.2672468997421742,-4.37355644155372
1301,0,17.85217523733288,-0.2677228986055438,-4.374032440417089
1302,0,17.85217523733288,-0.2681990874802818,-4.374508629291827
1303,0,17.85217523733288,-0.268675466232934,-4.374985008044479
1304,0,17.85217523733288,-0.2691520347302232,-4.375461576541769
1305,0,17.85217523733288,-0.2696287928390513,-4.375938334650597
1306,0,17.85217523733288,-0.270105740426497,-4.376415282238042
1307,0,17.85217523733288,-0.2705828773598187,-4.376892419171364
1308,0,17.85217523733288,-0.2710602035064484,-4.377369745317994
1309,0,17.85217523733288,-0.271537718733998,-4.377847260545543
1310,0,17.85217523733288,-0.2720154229102549,-4.3783249647218
1311,0,17.85217523733288,-0.2724933159031835,-4.378802857714729
1312,0,17.85217523733288,-0.2729713975809229,-4.379280939392468
1313,0,17.85217523733288,-0.2734496678117884,-4.379759209623334
1314,0,17.85217523733288,-0.2739281264642699,-4.380237668275815
1315,0,17.85217523733288,-0.2744067734070326,-4.380716315218578
1316,0,17.85217523733288,-0.2748856085089173,-4.381195150320463
1317,0,17.85217523733288,-0.2753646316389373,-4.381674173450483
1318,0,17.85217523733288,-0.2758438426662799,-4.382153384477825
1319,0,17.85217523733288,-0.2763232414603083,-4.382632783271854
1320,0,17.85217523733288,-0.2768028278905552,-4.383112369702101
1321,0,17.85217523733288,-0.2772826018267303,-4.383592143638276
1322,0,17.85217523733288,-0.2777625631387126,-4.384072104950258
1323,0,17.85217523733288,-0.2782427116965538,-4.384552253508099
1324,0,17.85217523733288,-0.2787230473704803,-4.385032589182026
1325,0,17.85217523733288,-0.2792035700308872,-4.385513111842433
1326,0,17.85217523733288,-0.2796842795483414,-4.385993821359887
1327,0,17.85217523733288,-0.2801651757935808,-4.386474717605126
1328,0,17.85217523733288,-0.2806462586375158,-4.386955800449061
1329,0,17.85217523733288,-0.2811275279512246,-4.38743706976277
1330,0,17.85217523733288,-0.2816089836059579,-4.387918525417503
1331,0,17.85217523733288,-0.282090625473133,-4.388400167284678
1332,0,17.85217523733288,-0.282572453424339,-4.388881995235884
1333,0,17.85217523733288,-0.2830544673313327,-4.389364009142878
1334,0,17.85217523733288,-0.2835366670660404,-4.389846208877586
1335,0,17.85217523733288,-0.2840190525005575,-4.390328594312103
1336,0,17.85217523733288,-0.284501623507146,-4.390811165318691
1337,0,17.85217523733288,-0.284984379958237,-4.391293921769782
1338,0,17.85217523733288,-0.2854673217264274,-4.391776863537973
1339,0,17.85217523733288,-0.285950448684483,-4.392259990496028
1340,0,17.85217523733288,-0.2864337607053358,-4.392743302516881
1341,0,17.85217523733288,-0.2869172576620835,-4.393226799473629
1342,0,17.85217523733288,-0.2874009394279922,-4.393710481239538
1343,0,17.85217523733288,-0.2878848058764918,-4.394194347688037
1344,0,17.85217523733288,-0.2883688568811777,-4.394678398692723
1345,0,17.85217523733288,-0.2888530923158132,-4.395162634127359
1346,0,17.85217523733288,-0.289337512054324,-4.395647053865869
1347,0,17.85217523733288,-0.289822115970801,-4.396131657782346
1348,0,17.85217523733288,-0.2903069039395003,-4.396616445751046
1349,0,17.85217523733288,-0.2907918758348416,-4.397101417646387
1350,0,17.85217523733288,-0.2912770315314086,-4.397586573342954
1351,0,17.85217523733288,-0.2917623709039479,-4.398071912715493
1352,0,17.85217523733288,-0.29224789382737,-4.398557435638915
1353,0,17.85217523733288,-0.2927336001767475,-4.399043141988293
1354,0,17.85217523733288,-0.293219489827317,-4.399529031638862
1355,0,17.85217523733288,-0.2937055626544742,-4.40001510446602
1356,0,17.85217523733288,-0.2941918185337808,-4.400501360345326
1357,0,17.85217523733288,-0.2946782573409577,-4.400987799152503
1358,0,17.85217523733288,-0.295164878951887,-4.401474420763432
1359,0,17.85217523733288,-0.2956516832426139,-4.401961225054159
1360,0,17.85217523733288,-0.2961386700893414,-4.402448211900887
1361,0,17.85217523733288,-0.2966258393684358,-4.402935381179981
1362,0,17.85217523733288,-0.2971131909564217,-4.403422732767967
1363,0,17.85217523733288,-0.2976007247299846,-4.40391026654153
1364,0,17.85217523733288,-0.2980884405659685,-4.404397982377514
1365,0,17.85217523733288,-0.2985763383413786,-4.404885880152924
1366,0,17.85217523733288,-0.2990644179333772,-4.405373959744923
1367,0,17.85217523733288,-0.2995526792192864,-4.405862221030832
1368,0,17.85217523733288,-0.3000411220765846,-4.40635066388813
1369,0,17.85217523733288,-0.300529746382912,-4.406839288194457
1370,0,17.85217523733288,-0.301018552016064,-4.407328093827609
1371,0,17.85217523733288,-0.3015075388539925,-4.407817080665538
1372,0,17.85217523733288,-0.3019967067748102,-4.408306248586356
1373,0,17.85217523733288,-0.302486055656785,-4.40879559746833
1374,0,17.85217523733288,-0.3029755853783405,-4.409285127189886
1375,0,17.85217523733288,-0.3034652958180573,-4.409774837629603
1376,0,17.85217523733288,-0.3039551868546715,-4.410264728666217
1377,0,17.85217523733288,-0.3044452583670783,-4.410754800178624
1378,0,17.85217523733288,-0.3049355102343227,-4.411245052045868
1379,0,17.85217523733288,-0.30542594233561,-4.411735484147155
1380,0,17.85217523733288,-0.3059165545502989,-4.412226096361844
1381,0,17.85217523733288,-0.3064073467579007,-4.412716888569446
1382,0,17.85217523733288,-0.3068983188380843,-4.41320786064963
1383,0,17.85217523733288,-0.307389470670671,-4.413699012482216
1384,0,17.85217523733288,-0.3078808021356343,-4.41419034394718
1385,0,17.85217523733288,-0.3083723131131046,-4.41468185492465
1386,0,17.85217523733288,-0.3088640034833636,-4.415173545294909
1387,0,17.85217523733288,-0.3093558731268473,-4.415665414938393
1388,0,17.85217523733288,-0.3098479219241419,-4.416157463735687
1389,0,17.85217523733288,-0.310340149755989,-4.416649691567534
1390,0,17.85217523733288,-0.3108325565032786,-4.417142098314824
1391,0,17.85217523733288,-0.3113251420470577,-4.417634683858603
1392,0,17.85217523733288,-0.3118179062685194,-4.418127448080065
1393,0,17.85217523733288,-0.3123108490490125,-4.418620390860558
1394,0,17.85217523733288,-0.3128039702700347,-4.41911351208158
1395,0,17.85217523733288,-0.3132972698132344,-4.41960681162478
1396,0,17.85217523733288,-0.3137907475604118,-4.420100289371957
1397,0,17.85217523733288,-0.3142844033935148,-4.42059394520506
1398,0,17.85217523733288,-0.3147782371946439,-4.421087779006189
1399,0,17.85217523733288,-0.3152722488460489,-4.421581790657594
1400,0,17.85217523733288,-0.3157664382301268,-4.422075980041672
1401,0,17.85217523733288,-0.316260805229426,-4.422570347040971
1402,0,17.85217523733288,-0.316755349726642,-4.423064891538187
1403,0,17.85217523733288,-0.3172500716046214,-4.423559613416167
1404,0,17.85217523733288,-0.3177449707463573,-4.424054512557903
1405,0,17.85217523733288,-0.3182400470349895,-4.424549588846535
1406,0,17.85217523733288,-0.3187353003538087,-4.425044842165354
1407,0,17.85217523733288,-0.3192307305862512,-4.425540272397797
1408,0,17.85217523733288,-0.3197263376159007,-4.426035879427446
1409,0,17.85217523733288,-0.3202221213264886,-4.426531663138034
1410,0,17.85217523733288,-0.3207180816018917,-4.427027623413437
1411,0,17.85217523733288,-0.3212142183261344,-4.42752376013768
1412,0,17.85217523733288,-0.3217105313833866,-4.428020073194932
1413,0,17.85217523733288,-0.3222070206579657,-4.428516562469511
1414,0,17.85217523733288,-0.3227036860343322,-4.429013227845878
1415,0,17.85217523733288,-0.323200527397093,-4.429510069208638
1416,0,17.85217523733288,-0.3236975446310018,-4.430007086442547
1417,0,17.85217523733288,-0.324194737620954,-4.430504279432499
1418,0,17.85217523733288,-0.3246921062519927,-4.431001648063538
1419,0,17.85217523733288,-0.325189650409305,-4.43149919222085
1420,0,17.85217523733288,-0.3256873699782172,-4.431996911789763
1421,0,17.85217523733288,-0.3261852648442067,-4.432494806655752
1422,0,17.85217523733288,-0.3266833348928913,-4.432992876704437
1423,0,17.85217523733288,-0.3271815800100297,-4.433491121821575
1424,0,17.85217523733288,-0.3276800000815268,-4.433989541893072
1425,0,17.85217523733288,-0.3281785949934299,-4.434488136804975
1426,0,17.85217523733288,-0.3286773646319272,-4.434986906443473
1427,0,17.85217523733288,-0.329176308883353,-4.435485850694898
1428,0,17.85217523733288,-0.3296754276341769,-4.435984969445722
1429,0,17.85217523733288,-0.3301747207710166,-4.436484262582562
1430,0,17.85217523733288,-0.3306741881806277,-4.436983729992173
1431,0,17.85217523733288,-0.3311738297499103,-4.437483371561456
1432,0,17.85217523733288,-0.3316736453659024,-4.437983187177448
1433,0,17.85217523733288,-0.332173634915784,-4.438483176727329
1434,0,17.85217523733288,-0.3326737982868755,-4.438983340098421
1435,0,17.85217523733288,-0.3331741353666375,-4.439483677178183
1436,0,17.85217523733288,-0.3336746460426703,-4.439984187854216
1437,0,17.85217523733288,-0.3341753302027159,-4.440484872014261
1438,0,17.85217523733288,-0.3346761877346527,-4.440985729546198
1439,0,17.85217523733288,-0.3351772185265016,-4.441486760338047
1440,0,17.85217523733288,-0.3356784224664189,-4.441987964277964
1441,0,17.85217523733288,-0.3361797994427018,-4.442489341254247
1442,0,17.85217523733288,-0.3366813493437872,-4.442990891155333
1443,0,17.85217523733288,-0.3371830720582496,-4.443492613869795
1444,0,17.85217523733288,-0.3376849674747984,-4.443994509286344
1445,0,17.85217523733288,-0.338187035482286,-4.444496577293831
1446,0,17.85217523733288,-0.3386892759696947,-4.44499881778124
1447,0,17.85217523733288,-0.3391916888261539,-4.445501230637699
1448,0,17.85217523733288,-0.3396942739409239,-4.446003815752469
1449,0,17.85217523733288,-0.3401970312034024,-4.446506573014948
1450,0,17.85217523733288,-0.340699960503124,-4.447009502314669
1451,0,17.85217523733288,-0.341203061729761,-4.447512603541306
1452,0,17.85217523733288,-0.3417063347731188,-4.448015876584664
1453,0,17.85217523733288,-0.3422097795231425,-4.448519321334688
1454,0,17.85217523733288,-0.34271339586991,-4.449022937681455
1455,0,17.85217523733288,-0.3432171837036355,-4.449526725515181
1456,0,17.85217523733288,-0.343721142914668,-4.450030684726213
1457,0,17.85217523733288,-0.3442252733934916,-4.450534815205037
1458,0,17.85217523733288,-0.3447295750307253,-4.451039116842271
1459,0,17.85217523733288,-0.3452340477171214,-4.451543589528667
1460,0,17.85217523733288,-0.3457386913435689,-4.452048233155114
1461,0,17.85217523733288,-0.3462435058010866,-4.452553047612632
1462,0,17.85217523733288,-0.3467484909808318,-4.453058032792377
1463,0,17.85217523733288,-0.3472536467740914,-4.453563188585637
1464,0,17.85217523733288,-0.3477589730722874,-4.454068514883833
1465,0,17.85217523733288,-0.348264469766975,-4.45457401157852
1466,0,17.85217523733288,-0.348770136749839,-4.455079678561384
1467,0,17.85217523733288,-0.349275973912702,-4.455585515724247
1468,0,17.85217523733288,-0.3497819811475162,-4.456091522959062
1469,0,17.85217523733288,-0.3502881583463635,-4.456597700157909
1470,0,17.85217523733288,-0.3507945054014625,-4.457104047213008
1471,0,17.85217523733288,-0.3513010222051589,-4.457610564016704
1472,0,17.85217523733288,-0.3518077086499325,-4.458117250461478
1473,0,17.85217523733288,-0.3523145646283936,-4.458624106439939
1474,0,17.85217523733288,-0.3528215900332832,-4.459131131844829
1475,0,17.85217523733288,-0.3533287847574726,-4.459638326569018
1476,0,17.85217523733288,-0.3538361486939632,-4.460145690505509
1477,0,17.85217523733288,-0.35434368173589,-4.460653223547435
1478,0,17.85217523733288,-0.3548513837765119,-4.461160925588057
1479,0,17.85217523733288,-0.3553592547092226,-4.461668796520768
1480,0,17.85217523733288,-0.3558672944275445,-4.46217683623909
1481,0,17.85217523733288,-0.3563755028251272,-4.462685044636673
1482,0,17.85217523733288,-0.3568838797957516,-4.463193421607297
1483,0,17.85217523733288,-0.3573924252333267,-4.463701967044872
1484,0,17.85217523733288,-0.3579011390318882,-4.464210680843434
1485,0,17.85217523733288,-0.3584100210856045,-4.46471956289715
1486,0,17.85217523733288,-0.3589190712887662,-4.465228613100312
1487,0,17.85217523733288,-0.3594282895357992,-4.465737831347345
1488,0,17.85217523733288,-0.3599376757212527,-4.466247217532798
1489,0,17.85217523733288,-0.360447229739802,-4.466756771551347
1490,0,17.85217523733288,-0.3609569514862532,-4.467266493297799
1491,0,17.85217523733288,-0.3614668408555364,-4.467776382667082
1492,0,17.85217523733288,-0.3619768977427116,-4.468286439554257
1493,0,17.85217523733288,-0.3624871220429622,-4.468796663854508
1494,0,17.85217523733288,-0.362997513651603,-4.469307055463148
1495,0,17.85217523733288,-0.363508072464068,-4.469817614275613
1496,0,17.85217523733288,-0.3640187983759215,-4.470328340187467
1497,0,17.85217523733288,-0.3645296912828542,-4.4708392330944
1498,0,17.85217523733288,-0.3650407510806826,-4.471350292892228
1499,0,17.85217523733288,-0.3655519776653442,-4.47186151947689
1500,0,17.85217523733288,-0.3660633709329044,-4.47237291274445
1501,0,17.85217523733288,-0.3665749307795547,-4.4728844725911
1502,0,17.85217523733288,-0.36708665710161,-4.473396198913155
1503,0,17.85217523733288,-0.3675985497955097,-4.473908091607055
1504,0,17.85217523733288,-0.3681106087578172,-4.474420150569363
1505,0,17.85217523733288,-0.3686228338852198,-4.474932375696765
1506,0,17.85217523733288,-0.3691352250745288,-4.475444766886074
1507,0,17.85217523733288,-0.36964778222268,-4.475957324034225
1508,0,17.85217523733288,-0.3701605052267292,-4.476470047038275
1509,0,17.85217523733288,-0.3706733939838633,-4.476982935795409
1510,0,17.85217523733288,-0.3711864483913816,-4.477495990202927
1511,0,17.85217523733288,-0.3716996683467144,-4.47800921015826
1512,0,17.85217523733288,-0.3722130537474104,-4.478522595558956
1513,0,17.85217523733288,-0.3727266044911417,-4.479036146302687
1514,0,17.85217523733288,-0.3732403204757029,-4.479549862287248
1515,0,17.85217523733288,-0.3737542015990094,-4.480063743410555
1516,0,17.85217523733288,-0.3742682477591002,-4.480577789570646
1517,0,17.85217523733288,-0.374782458854134,-4.481092000665679
1518,0,17.85217523733288,-0.3752968347823904,-4.481606376593936
1519,0,17.85217523733288,-0.3758113754422725,-4.482120917253818
1520,0,17.85217523733288,-0.3763260807323023,-4.482635622543848
1521,0,17.85217523733288,-0.3768409505511228,-4.483150492362668
1522,0,17.85217523733288,-0.3773559847974983,-4.483665526609044
1523,0,17.85217523733288,-0.3778711833703108,-4.484180725181856
1524,0,17.85217523733288,-0.3783865461685663,-4.484696087980112
1525,0,17.85217523733288,-0.3789020730913872,-4.485211614902933
1526,0,17.85217523733288,-0.379417764038017,-4.485727305849562
1527,0,17.85217523733288,-0.3799336189078177,-4.486243160719363
1528,0,17.85217523733288,-0.3804496376002726,-4.486759179411818
1529,0,17.85217523733288,-0.3809658200149828,-4.487275361826528
1530,0,17.85217523733288,-0.3814821660516658,-4.487791707863211
1531,0,17.85217523733288,-0.3819986756101628,-4.488308217421708
1532,0,17.85217523733288,-0.3825153485904282,-4.488824890401974
1533,0,17.85217523733288,-0.3830321848925378,-4.489341726704083
1534,0,17.85217523733288,-0.383549184416685,-4.48985872622823
1535,0,17.85217523733288,-0.3840663470631789,-4.490375888874724
1536,0,17.85217523733288,-0.3845836727324503,-4.490893214543996
1537,0,17.85217523733288,-0.3851011613250437,-4.491410703136589
1538,0,17.85217523733288,-0.3856188127416198,-4.491928354553165
1539,0,17.85217523733288,-0.386136626882962,-4.492446168694507
1540,0,17.85217523733288,-0.3866546036499647,-4.49296414546151
1541,0,17.85217523733288,-0.3871727429436422,-4.493482284755188
1542,0,17.85217523733288,-0.3876910446651243,-4.49400058647667
1543,0,17.85217523733288,-0.3882095087156552,-4.494519050527201
1544,0,17.85217523733288,-0.3887281349965992,-4.495037676808145
1545,0,17.85217523733288,-0.3892469234094325,-4.495556465220978
1546,0,17.85217523733288,-0.3897658738557483,-4.496075415667294
1547,0,17.85217523733288,-0.3902849862372566,-4.496594528048802
1548,0,17.85217523733288,-0.3908042604557798,-4.497113802267325
1549,0,17.85217523733288,-0.3913236964132567,-4.497633238224802
1550,0,17.85217523733288,-0.3918432940117427,-4.498152835823288
1551,0,17.85217523733288,-0.3923630531534057,-4.498672594964951
1552,0,17.85217523733288,-0.3928829737405275,-4.499192515552073
1553,0,17.85217523733288,-0.393403055675507,-4.499712597487052
1554,0,17.85217523733288,-0.3939232988608516,-4.500232840672397
1555,0,17.85217523733288,-0.3944437031991912,-4.500753245010737
1556,0,17.85217523733288,-0.3949642685932613,-4.501273810404807
1557,0,17.85217523733288,-0.3954849949459156,-4.501794536757461
1558,0,17.85217523733288,-0.3960058821601189,-4.502315423971664
1559,0,17.85217523733288,-0.3965269301389496,-4.502836471950495
1560,0,17.85217523733288,-0.3970481387855997,-4.503357680597145
1561,0,17.85217523733288,-0.3975695080033734,-4.503879049814919
1562,0,17.85217523733288,-0.3980910376956865,-4.504400579507232
1563,0,17.85217523733288,-0.3986127277660687,-4.504922269577614
1564,0,17.85217523733288,-0.3991345781181606,-4.505444119929706
1565,0,17.85217523733288,-0.3996565886557164,-4.505966130467262
1566,0,17.85217523733288,-0.4001787592825998,-4.506488301094145
1567,0,17.85217523733288,-0.400701089902789,-4.507010631714334
1568,0,17.85217523733288,-0.4012235804203703,-4.507533122231916
1569,0,17.85217523733288,-0.4017462307395432,-4.508055772551089
1570,0,17.85217523733288,-0.4022690407646188,-4.508578582576164
1571,0,17.85217523733288,-0.4027920104000167,-4.509101552211562
1572,0,17.85217523733288,-0.4033151395502692,-4.509624681361815
1573,0,17.85217523733288,-0.403838428120018,-4.510147969931563
1574,0,17.85217523733288,-0.4043618760140157,-4.510671417825561
1575,0,17.85217523733288,-0.404885483137126,-4.511195024948671
1576,0,17.85217523733288,-0.4054092493943182,-4.511718791205864
1577,0,17.85217523733288,-0.405933174690678,-4.512242716502223
1578,0,17.85217523733288,-0.4064572589313942,-4.51276680074294
1579,0,17.85217523733288,-0.40698150202177,-4.513291043833315
1580,0,17.85217523733288,-0.4075059038672135,-4.513815445678759
1581,0,17.85217523733288,-0.4080304643732466,-4.514340006184792
1582,0,17.85217523733288,-0.408555183445495,-4.51486472525704
1583,0,17.85217523733288,-0.4090800609896954,-4.515389602801241
1584,0,17.85217523733288,-0.4096050969116947,-4.51591463872324
1585,0,17.85217523733288,-0.4101302911174445,-4.51643983292899
1586,0,17.85217523733288,-0.4106556435130075,-4.516965185324553
1587,0,17.85217523733288,-0.411181154004554,-4.517490695816099
1588,0,17.85217523733288,-0.4117068224983562,-4.518016364309902
1589,0,17.85217523733288,-0.4122326489008046,-4.51854219071235
1590,0,17.85217523733288,-0.412758633118389,-4.519068174929934
1591,0,17.85217523733288,-0.4132847750577087,-4.519594316869254
1592,0,17.85217523733288,-0.4138110746254693,-4.520120616437015
1593,0,17.85217523733288,-0.414337531728485,-4.52064707354003
1594,0,17.85217523733288,-0.4148641462736755,-4.521173688085221
1595,0,17.85217523733288,-0.4153909181680673,-4.521700459979613
1596,0,17.85217523733288,-0.4159178473187906,-4.522227389130336
1597,0,17.85217523733288,-0.4164449336330875,-4.522754475444633
1598,0,17.85217523733288,-0.4169721770183008,-4.523281718829846
1599,0,17.85217523733288,-0.417499577381883,-4.523809119193428
1600,0,17.85217523733288,-0.4180271346313864,-4.524336676442932
1601,0,17.85217523733288,-0.4185548486744759,-4.524864390486021
1602,0,17.85217523733288,-0.4190827194189168,-4.525392261230462
1603,0,17.85217523733288,-0.419610746772582,-4.525920288584127
1604,0,17.85217523733288,-0.4201389306434464,-4.526448472454992
1605,0,17.85217523733288,-0.4206672709395933,-4.526976812751139
1606,0,17.85217523733288,-0.4211957675692082,-4.527505309380754
1607,0,17.85217523733288,-0.4217244204405839,-4.528033962252129
1608,0,17.85217523733288,-0.422253229462112,-4.528562771273657
1609,0,17.85217523733288,-0.4227821945422914,-4.529091736353837
1610,0,17.85217523733288,-0.4233113155897268,-4.529620857401272
1611,0,17.85217523733288,-0.4238405925131232,-4.530150134324669
1612,0,17.85217523733288,-0.4243700252212905,-4.530679567032836
1613,0,17.85217523733288,-0.4248996136231433,-4.531209155434689
1614,0,17.85217523733288,-0.4254293576276966,-4.531738899439242
1615,0,17.85217523733288,-0.425959257144072,-4.532268798955617
1616,0,17.85217523733288,-0.4264893120814888,-4.532798853893034
1617,0,17.85217523733288,-0.4270195223492745,-4.53332906416082
1618,0,17.85217523733288,-0.4275498878568564,-4.533859429668402
1619,0,17.85217523733288,-0.4280804085137637,-4.534389950325309
1620,0,17.85217523733288,-0.4286110842296296,-4.534920626041175
1621,0,17.85217523733288,-0.4291419149141875,-4.535451456725733
1622,0,17.85217523733288,-0.429672900477275,-4.53598244228882
1623,0,17.85217523733288,-0.4302040408288264,-4.536513582640372
1624,0,17.85217523733288,-0.430735335878885,-4.53704487769043
1625,0,17.85217523733288,-0.4312667855375887,-4.537576327349134
1626,0,17.85217523733288,-0.4317983897151807,-4.538107931526726
1627,0,17.85217523733288,-0.432330148322003,-4.538639690133548
1628,0,17.85217523733288,-0.4328620612685006,-4.539171603080046
1629,0,17.85217523733288,-0.4333941284652152,-4.539703670276761
1630,0,17.85217523733288,-0.4339263498227952,-4.540235891634341
1631,0,17.85217523733288,-0.4344587252519849,-4.54076826706353
1632,0,17.85217523733288,-0.434991254663629,-4.541300796475174
1633,0,17.85217523733288,-0.4355239379686733,-4.541833479780219
1634,0,17.85217523733288,-0.4360567750781632,-4.542366316889709
1635,0,17.85217523733288,-0.4365897659032445,-4.54289930771479
1636,0,17.85217523733288,-0.4371229103551615,-4.543432452166707
1637,0,17.85217523733288,-0.437656208345258,-4.543965750156803
1638,0,17.85217523733288,-0.4381896597849773,-4.544499201596523
1639,0,17.85217523733288,-0.438723264585863,-4.545032806397408
1640,0,17.85217523733288,-0.4392570226595547,-4.5455665644711
1641,0,17.85217523733288,-0.439790933917795,-4.54610047572934
1642,0,17.85217523733288,-0.4403249982724189,-4.546634540083964
1643,0,17.85217523733288,-0.440859215635367,-4.547168757446912
1644,0,17.85217523733288,-0.4413935859186733,-4.547703127730219
1645,0,17.85217523733288,-0.4419281090344702,-4.548237650846016
1646,0,17.85217523733288,-0.4424627848949916,-4.548772326706537
1647,0,17.85217523733288,-0.4429976134125653,-4.549307155224111
1648,0,17.85217523733288,-0.4435325944996178,-4.549842136311163
1649,0,17.85217523733288,-0.4440677280686742,-4.55037726988022
1650,0,17.85217523733288,-0.4446030140323556,-4.550912555843901
1651,0,17.85217523733288,-0.4451384523033814,-4.551447994114927
1652,0,17.85217523733288,-0.4456740427945673,-4.551983584606113
1653,0,17.85217523733288,-0.4462097854188256,-4.552519327230371
1654,0,17.85217523733288,-0.446745680089168,-4.553055221900713
1655,0,17.85217523733288,-0.447281726718697,-4.553591268530242
1656,0,17.85217523733288,-0.4478179252206154,-4.554127467032161
1657,0,17.85217523733288,-0.4483542755082235,-4.554663817319769
1658,0,17.85217523733288,-0.448890777494916,-4.555200319306461
1659,0,17.85217523733288,-0.4494274310941817,-4.555736972905727
1660,0,17.85217523733288,-0.4499642362196079,-4.556273778031153
1661,0,17.85217523733288,-0.4505011927848752,-4.556810734596421
1662,0,17.85217523733288,-0.4510383007037646,-4.55734784251531
1663,0,17.85217523733288,-0.4515755598901467,-4.557885101701692
1664,0,17.85217523733288,-0.4521129702579865,-4.558422512069532
1665,0,17.85217523733288,-0.4526505317213507,-4.558960073532896
1666,0,17.85217523733288,-0.4531882441943962,-4.559497786005942
1667,0,17.85217523733288,-0.4537261075913737,-4.560035649402919
1668,0,17.85217523733288,-0.4542641218266317,-4.560573663638177
1669,0,17.85217523733288,-0.4548022868146102,-4.561111828626156
1670,0,17.85217523733288,-0.455340602469847,-4.561650144281392
1671,0,17.85217523733288,-0.4558790687069694,-4.562188610518515
1672,0,17.85217523733288,-0.4564176854407025,-4.562727227252248
1673,0,17.85217523733288,-0.456956452585862,-4.563265994397407
1674,0,17.85217523733288,-0.4574953700573605,-4.563804911868906
1675,0,17.85217523733288,-0.4580344377702019,-4.564343979581747
1676,0,17.85217523733288,-0.4585736556394844,-4.56488319745103
1677,0,17.85217523733288,-0.4591130235803975,-4.565422565391943
1678,0,17.85217523733288,-0.4596525415082269,-4.565962083319772
1679,0,17.85217523733288,-0.4601922093383495,-4.566501751149895
1680,0,17.85217523733288,-0.4607320269862329,-4.567041568797778
1681,0,17.85217523733288,-0.4612719943674426,-4.567581536178988
1682,0,17.85217523733288,-0.4618121113976308,-4.568121653209176
1683,0,17.85217523733288,-0.4623523779925458,-4.568661919804091
1684,0,17.85217523733288,-0.4628927940680265,-4.569202335879572
1685,0,17.85217523733288,-0.4634333595400042,-4.56974290135155
1686,0,17.85217523733288,-0.4639740743245016,-4.570283616136047
1687,0,17.85217523733288,-0.4645149383376337,-4.570824480149179
1688,0,17.85217523733288,-0.4650559514956063,-4.571365493307152
1689,0,17.85217523733288,-0.4655971137147192,-4.571906655526265
1690,0,17.85217523733288,-0.4661384249113585,-4.572447966722904
1691,0,17.85217523733288,-0.4666798850020069,-4.572989426813552
1692,0,17.85217523733288,-0.4672214939032342,-4.57353103571478
1693,0,17.85217523733288,-0.4677632515317036,-4.574072793343249
1694,0,17.85217523733288,-0.468305157804167,-4.574614699615712
1695,0,17.85217523733288,-0.4688472126374679,-4.575156754449013
1696,0,17.85217523733288,-0.469389415948541,-4.575698957760086
1697,0,17.85217523733288,-0.4699317676544066,-4.576241309465952
1698,0,17.85217523733288,-0.4704742676721834,-4.576783809483729
1699,0,17.85217523733288,-0.4710169159190736,-4.577326457730619
1700,0,17.85217523733288,-0.4715597123123718,-4.577869254123917
1701,0,17.85217523733288,-0.4721026567694606,-4.578412198581006
1702,0,17.85217523733288,-0.472645749207814,-4.578955291019359
1703,0,17.85217523733288,-0.4731889895449939,-4.579498531356539
1704,0,17.85217523733288,-0.4737323776986537,-4.580041919510199
1705,0,17.85217523733288,-0.474275913586534,-4.580585455398079
1706,0,17.85217523733288,-0.4748195971264639,-4.581129138938009
1707,0,17.85217523733288,-0.4753634282363626,-4.581672970047908
1708,0,17.85217523733288,-0.4759074068342395,-4.582216948645785
1709,0,17.85217523733288,-0.4764515328381886,-4.582761074649734
1710,0,17.85217523733288,-0.4769958061663964,-4.583305347977942
1711,0,17.85217523733288,-0.477540226737136,-4.583849768548681
1712,0,17.85217523733288,-0.4780847944687663,-4.584394336280312
1713,0,17.85217523733288,-0.4786295092797372,-4.584939051091283
1714,0,17.85217523733288,-0.4791743710885878,-4.585483912900133
1715,0,17.85217523733288,-0.4797193798139414,-4.586028921625487
1716,0,17.85217523733288,-0.4802645353745092,-4.586574077186055
1717,0,17.85217523733288,-0.4808098376890957,-4.587119379500641
1718,0,17.85217523733288,-0.4813552866765836,-4.587664828488129
1719,0,17.85217523733288,-0.4819008822559487,-4.588210424067494
1720,0,17.85217523733288,-0.4824466243462533,-4.588756166157799
1721,0,17.85217523733288,-0.4829925128666455,-4.589302054678191
1722,0,17.85217523733288,-0.4835385477363596,-4.589848089547905
1723,0,17.85217523733288,-0.484084728874719,-4.590394270686264
1724,0,17.85217523733288,-0.484631056201132,-4.590940598012677
1725,0,17.85217523733288,-0.4851775296350915,-4.591487071446637
1726,0,17.85217523733288,-0.485724149096181,-4.592033690907726
1727,0,17.85217523733288,-0.4862709145040665,-4.592580456315612
1728,0,17.85217523733288,-0.4868178257785019,-4.593127367590047
1729,0,17.85217523733288,-0.4873648828393256,-4.593674424650871
1730,0,17.85217523733288,-0.487912085606462,-4.594221627418007
1731,0,17.85217523733288,-0.488459433999922,-4.594768975811467
1732,0,17.85217523733288,-0.489006927939803,-4.595316469751348
1733,0,17.85217523733288,-0.4895545673462829,-4.595864109157828
1734,0,17.85217523733288,-0.4901023521396297,-4.596411893951175
1735,0,17.85217523733288,-0.4906502822401944,-4.59695982405174
1736,0,17.85217523733288,-0.4911983575684138,-4.597507899379959
1737,0,17.85217523733288,-0.4917465780448085,-4.598056119856354
1738,0,17.85217523733288,-0.492294943589985,-4.59860448540153
1739,0,17.85217523733288,-0.4928434541246327,-4.599152995936178
1740,0,17.85217523733288,-0.4933921095695259,-4.599701651381071
1741,0,17.85217523733288,-0.4939409098455245,-4.60025045165707
1742,0,17.85217523733288,-0.4944898548735717,-4.600799396685117
1743,0,17.85217523733288,-0.4950389445746932,-4.601348486386239
1744,0,17.85217523733288,-0.4955881788700003,-4.601897720681546
1745,0,17.85217523733288,-0.4961375576806883,-4.602447099492234
1746,0,17.85217523733288,-0.4966870809280346,-4.60299662273958
1747,0,17.85217523733288,-0.4972367485334015,-4.603546290344947
1748,0,17.85217523733288,-0.497786560418235,-4.60409610222978
1749,0,17.85217523733288,-0.498336516504061,-4.604646058315606
1750,0,17.85217523733288,-0.4988866167124932,-4.605196158524039
1751,0,17.85217523733288,-0.4994368609652255,-4.605746402776771
1752,0,17.85217523733288,-0.4999872491840343,-4.60629679099558
1753,0,17.85217523733288,-0.5005377812907792,-4.606847323102325
1754,0,17.85217523733288,-0.5010884572074055,-4.607397999018951
1755,0,17.85217523733288,-0.5016392768559355,-4.607948818667481
1756,0,17.85217523733288,-0.5021902401584768,-4.608499781970022
1757,0,17.85217523733288,-0.5027413470372197,-4.609050888848765
1758,0,17.85217523733288,-0.5032925974144344,-4.60960213922598
1759,0,17.85217523733288,-0.5038439912124772,-4.610153533024023
1760,0,17.85217523733288,-0.5043955283537809,-4.610705070165326
1761,0,17.85217523733288,-0.5049472087608633,-4.611256750572409
1762,0,17.85217523733288,-0.5054990323563242,-4.61180857416787
1763,0,17.85217523733288,-0.5060509990628423,-4.612360540874388
1764,0,17.85217523733288,-0.5066031088031799,-4.612912650614725
1765,0,17.85217523733288,-0.50715536150018,-4.613464903311725
1766,0,17.85217523733288,-0.5077077570767639,-4.614017298888309
1767,0,17.85217523733288,-0.5082602954559388,-4.614569837267484
1768,0,17.85217523733288,-0.5088129765607894,-4.615122518372335
1769,0,17.85217523733288,-0.5093658003144812,-4.615675342126027
1770,0,17.85217523733288,-0.509918766640264,-4.616228308451809
1771,0,17.85217523733288,-0.5104718754614597,-4.616781417273005
1772,0,17.85217523733288,-0.5110251267014805,-4.617334668513026
1773,0,17.85217523733288,-0.5115785202838126,-4.617888062095358
1774,0,17.85217523733288,-0.5121320561320228,-4.618441597943568
1775,0,17.85217523733288,-0.5126857341697608,-4.618995275981306
1776,0,17.85217523733288,-0.5132395543207533,-4.619549096132299
1777,0,17.85217523733288,-0.5137935165088079,-4.620103058320353
1778,0,17.85217523733288,-0.514347620657813,-4.620657162469358
1779,0,17.85217523733288,-0.5149018666917309,-4.621211408503276
1780,0,17.85217523733288,-0.5154562545346124,-4.621765796346158
1781,0,17.85217523733288,-0.5160107841105797,-4.622320325922125
1782,0,17.85217523733288,-0.5165654553438372,-4.622874997155383
1783,0,17.85217523733288,-0.5171202681586697,-4.623429809970215
1784,0,17.85217523733288,-0.5176752224794372,-4.623984764290983
1785,0,17.85217523733288,-0.5182303182305832,-4.624539860042129
1786,0,17.85217523733288,-0.5187855553366232,-4.625095097148169
1787,0,17.85217523733288,-0.5193409337221606,-4.625650475533706
1788,0,17.85217523733288,-0.5198964533118673,-4.626205995123413
1789,0,17.85217523733288,-0.5204521140304994,-4.626761655842045
1790,0,17.85217523733288,-0.5210079158028895,-4.627317457614435
1791,0,17.85217523733288,-0.521563858553951,-4.627873400365496
1792,0,17.85217523733288,-0.5221199422086684,-4.628429484020214
1793,0,17.85217523733288,-0.5226761666921105,-4.628985708503656
1794,0,17.85217523733288,-0.5232325319294224,-4.629542073740968
1795,0,17.85217523733288,-0.523789037845825,-4.63009857965737
1796,0,17.85217523733288,-0.5243456843666179,-4.630655226178163
1797,0,17.85217523733288,-0.5249024714171773,-4.631212013228723
1798,0,17.85217523733288,-0.5254593989229575,-4.631768940734503
1799,0,17.85217523733288,-0.52601646680949,-4.632326008621035
1800,0,17.85217523733288,-0.5265736750023819,-4.632883216813927
1801,0,17.85217523733288,-0.5271310234273185,-4.633440565238864
1802,0,17.85217523733288,-0.5276885120100614,-4.633998053821607
1803,0,17.85217523733288,-0.5282461406764485,-4.634555682487994
1804,0,17.85217523733288,-0.528803909352396,-4.635113451163941
1805,0,17.85217523733288,-0.5293618179638928,-4.635671359775438
1806,0,17.85217523733288,-0.5299198664370079,-4.636229408248553
1807,0,17.85217523733288,-0.5304780546978858,-4.636787596509431
1808,0,17.85217523733288,-0.5310363826727436,-4.637345924484289
1809,0,17.85217523733288,-0.5315948502878793,-4.637904392099425
1810,0,17.85217523733288,-0.532153457469664,-4.638462999281209
1811,0,17.85217523733288,-0.532712204144544,-4.639021745956089
1812,0,17.85217523733288,-0.533271090239043,-4.639580632050588
1813,0,17.85217523733288,-0.5338301156797574,-4.640139657491303
1814,0,17.85217523733288,-0.5343892803933645,-4.64069882220491
1815,0,17.85217523733288,-0.5349485843066102,-4.641258126118156
1816,0,17.85217523733288,-0.5355080273463209,-4.641817569157866
1817,0,17.85217523733288,-0.536067609439395,-4.64237715125094
1818,0,17.85217523733288,-0.5366273305128049,-4.64293687232435
1819,0,17.85217523733288,-0.5371871904936016,-4.643496732305147
1820,0,17.85217523733288,-0.5377471893089085,-4.644056731120454
1821,0,17.85217523733288,-0.5383073268859233,-4.644616868697469
1822,0,17.85217523733288,-0.5388676031519184,-4.645177144963464
1823,0,17.85217523733288,-0.5394280180342417,-4.645737559845787
1824,0,17.85217523733288,-0.5399885714603139,-4.646298113271859
1825,0,17.85217523733288,-0.5405492633576312,-4.646858805169177
1826,0,17.85217523733288,-0.5411100936537645,-4.64741963546531
1827,0,17.85217523733288,-0.541671062276353,-4.647980604087898
1828,0,17.85217523733288,-0.5422321691531184,-4.648541710964664
1829,0,17.85217523733288,-0.5427934142118493,-4.649102956023395
1830,0,17.85217523733288,-0.5433547973804105,-4.649664339191956
1831,0,17.85217523733288,-0.5439163185867413,-4.650225860398287
1832,0,17.85217523733288,-0.5444779777588522,-4.650787519570398
1833,0,17.85217523733288,-0.5450397748248283,-4.651349316636374
1834,0,17.85217523733288,-0.5456017097128276,-4.651911251524373
1835,0,17.85217523733288,-0.5461637823510808,-4.652473324162626
1836,0,17.85217523733288,-0.5467259926678905,-4.653035534479436
1837,0,17.85217523733288,-0.5472883405916367,-4.653597882403182
1838,0,17.85217523733288,-0.5478508260507668,-4.654160367862312
1839,0,17.85217523733288,-0.5484134489738022,-4.654722990785348
1840,0,17.85217523733288,-0.5489762092893384,-4.655285751100884
1841,0,17.85217523733288,-0.5495391069260434,-4.655848648737589
1842,0,17.85217523733288,-0.5501021418126557,-4.656411683624201
1843,0,17.85217523733288,-0.5506653138779853,-4.656974855689531
1844,0,17.85217523733288,-0.5512286230509176,-4.657538164862463
1845,0,17.85217523733288,-0.5517920692604088,-4.658101611071954
1846,0,17.85217523733288,-0.5523556524354838,-4.658665194247029
1847,0,17.85217523733288,-0.5529193725052446,-4.65922891431679
1848,0,17.85217523733288,-0.5534832293988599,-4.659792771210405
1849,0,17.85217523733288,-0.5540472230455729,-4.660356764857118
1850,0,17.85217523733288,-0.554611353374697,-4.660920895186242
1851,0,17.85217523733288,-0.5551756203156186,-4.661485162127164
1852,0,17.85217523733288,-0.5557400237977932,-4.662049565609339
1853,0,17.85217523733288,-0.5563045637507482,-4.662614105562294
1854,0,17.85217523733288,-0.556869240104084,-4.663178781915629
1855,0,17.85217523733288,-0.5574340527874666,-4.663743594599012
1856,0,17.85217523733288,-0.5579990017306402,-4.664308543542186
1857,0,17.85217523733288,-0.5585640868634139,-4.664873628674959
1858,0,17.85217523733288,-0.5591293081156685,-4.665438849927214
1859,0,17.85217523733288,-0.559694665417358,-4.666004207228903
1860,0,17.85217523733288,-0.5602601586985037,-4.666569700510049
1861,0,17.85217523733288,-0.5608257878891987,-4.667135329700744
1862,0,17.85217523733288,-0.5613915529196065,-4.667701094731152
1863,0,17.85217523733288,-0.5619574537199599,-4.668266995531505
1864,0,17.85217523733288,-0.5625234902205625,-4.668833032032108
1865,0,17.85217523733288,-0.5630896623517865,-4.669399204163332
1866,0,17.85217523733288,-0.5636559700440742,-4.66996551185562
1867,0,17.85217523733288,-0.5642224132279416,-4.670531955039487
1868,0,17.85217523733288,-0.564788991833967,-4.671098533645512
1869,0,17.85217523733288,-0.5653557057928023,-4.671665247604348
1870,0,17.85217523733288,-0.5659225550351703,-4.672232096846716
1871,0,17.85217523733288,-0.5664895394918599,-4.672799081303405
1872,0,17.85217523733288,-0.5670566590937298,-4.673366200905275
1873,0,17.85217523733288,-0.5676239137717092,-4.673933455583255
1874,0,17.85217523733288,-0.568191303456798,-4.674500845268343
1875,0,17.85217523733288,-0.5687588280800577,-4.675068369891603
1876,0,17.85217523733288,-0.569326487572626,-4.675636029384171
1877,0,17.85217523733288,-0.5698942818657073,-4.676203823677253
1878,0,17.85217523733288,-0.5704622108905726,-4.676771752702118
1879,0,17.85217523733288,-0.5710302745785629,-4.677339816390108
1880,0,17.85217523733288,-0.571598472861087,-4.677908014672632
1881,0,17.85217523733288,-0.5721668056696227,-4.678476347481168
1882,0,17.85217523733288,-0.5727352729357156,-4.679044814747261
1883,0,17.85217523733288,-0.5733038745909793,-4.679613416402525
1884,0,17.85217523733288,-0.573872610567097,-4.680182152378642
1885,0,17.85217523733288,-0.574441480795814,-4.680751022607359
1886,0,17.85217523733288,-0.575010485208951,-4.681320027020496
1887,0,17.85217523733288,-0.5755796237383919,-4.681889165549937
1888,0,17.85217523733288,-0.5761488963160906,-4.682458438127636
1889,0,17.85217523733288,-0.576718302874065,-4.68302784468561
1890,0,17.85217523733288,-0.5772878433444015,-4.683597385155947
1891,0,17.85217523733288,-0.5778575176592584,-4.684167059470804
1892,0,17.85217523733288,-0.5784273257508552,-4.684736867562401
1893,0,17.85217523733288,-0.5789972675514807,-4.685306809363026
1894,0,17.85217523733288,-0.5795673429934913,-4.685876884805037
1895,0,17.85217523733288,-0.5801375520093099,-4.686447093820855
1896,0,17.85217523733288,-0.580707894531427,-4.687017436342972
1897,0,17.85217523733288,-0.5812783704923969,-4.687587912303942
1898,0,17.85217523733288,-0.5818489798248434,-4.688158521636389
1899,0,17.85217523733288,-0.5824197224614567,-4.688729264273002
1900,0,17.85217523733288,-0.5829905983349919,-4.689300140146537
1901,0,17.85217523733288,-0.5835616073782699,-4.689871149189815
1902,0,17.85217523733288,-0.5841327495241817,-4.690442291335727
1903,0,17.85217523733288,-0.5847040247056796,-4.691013566517225
1904,0,17.85217523733288,-0.5852754328557852,-4.691584974667331
1905,0,17.85217523733288,-0.5858469739075849,-4.69215651571913
1906,0,17.85217523733288,-0.5864186477942308,-4.692728189605776
1907,0,17.85217523733288,-0.5869904544489408,-4.693299996260486
1908,0,17.85217523733288,-0.5875623938049985,-4.693871935616544
1909,0,17.85217523733288,-0.5881344657957532,-4.694444007607299
1910,0,17.85217523733288,-0.5887066703546209,-4.695016212166166
1911,0,17.85217523733288,-0.5892790074150787,-4.695588549226624
1912,0,17.85217523733288,-0.5898514769106749,-4.69616101872222
1913,0,17.85217523733288,-0.590424078775019,-4.696733620586564
1914,0,17.85217523733288,-0.5909968129417855,-4.697306354753331
1915,0,17.85217523733288,-0.5915696793447163,-4.697879221156262
1916,0,17.85217523733288,-0.5921426779176162,-4.698452219729162
1917,0,17.85217523733288,-0.5927158085943569,-4.699025350405902
1918,0,17.85217523733288,-0.5932890713088712,-4.699598613120417
1919,0,17.85217523733288,-0.5938624659951603,-4.700172007806706
1920,0,17.85217523733288,-0.5944359925872877,-4.700745534398833
1921,0,17.85217523733288,-0.5950096510193825,-4.701319192830928
1922,0,17.85217523733288,-0.595583441225636,-4.701892983037181
1923,0,17.85217523733288,-0.5961573631403088,-4.702466904951854
1924,0,17.85217523733288,-0.59673141669772,-4.703040958509265
1925,0,17.85217523733288,-0.5973056018322529,-4.703615143643798
1926,0,17.85217523733288,-0.5978799184783608,-4.704189460289906
1927,0,17.85217523733288,-0.5984543665705546,-4.7047639083821
1928,0,17.85217523733288,-0.5990289460434122,-4.705338487854958
1929,0,17.85217523733288,-0.599603656831575,-4.70591319864312
1930,0,17.85217523733288,-0.6001784988697452,-4.706488040681291
1931,0,17.85217523733288,-0.600753472092693,-4.707063013904238
1932,0,17.85217523733288,-0.6013285764352485,-4.707638118246794
1933,0,17.85217523733288,-0.6019038118323072,-4.708213353643853
1934,0,17.85217523733288,-0.602479178218827,-4.708788720030372
1935,0,17.85217523733288,-0.6030546755298252,-4.709364217341371
1936,0,17.85217523733288,-0.6036303037003918,-4.709939845511937
1937,0,17.85217523733288,-0.6042060626656713,-4.710515604477217
1938,0,17.85217523733288,-0.6047819523608728,-4.711091494172418
1939,0,17.85217523733288,-0.6053579727212703,-4.711667514532816
1940,0,17.85217523733288,-0.6059341236822,-4.712243665493745
1941,0,17.85217523733288,-0.6065104051790575,-4.712819946990603
1942,0,17.85217523733288,-0.6070868171473052,-4.713396358958851
1943,0,17.85217523733288,-0.6076633595224665,-4.713972901334012
1944,0,17.85217523733288,-0.6082400322401265,-4.714549574051672
1945,0,17.85217523733288,-0.6088168352359329,-4.715126377047478
1946,0,17.85217523733288,-0.609393768445595,-4.71570331025714
1947,0,17.85217523733288,-0.6099708318048869,-4.716280373616432
1948,0,17.85217523733288,-0.6105480252496385,-4.716857567061184
1949,0,17.85217523733288,-0.61112534871575,-4.717434890527295
1950,0,17.85217523733288,-0.6117028021391775,-4.718012343950723
1951,0,17.85217523733288,-0.6122803854559402,-4.718589927267486
1952,0,17.85217523733288,-0.6128580986021195,-4.719167640413665
1953,0,17.85217523733288,-0.6134359415138579,-4.719745483325403
1954,0,17.85217523733288,-0.6140139141273595,-4.720323455938905
1955,0,17.85217523733288,-0.614592016378892,-4.720901558190437
1956,0,17.85217523733288,-0.6151702482047794,-4.721479790016325
1957,0,17.85217523733288,-0.6157486095414102,-4.722058151352956
1958,0,17.85217523733288,-0.6163271003252353,-4.722636642136781
1959,0,17.85217523733288,-0.616905720492765,-4.72321526230431
1960,0,17.85217523733288,-0.6174844699805675,-4.723794011792113
1961,0,17.85217523733288,-0.6180633487252782,-4.724372890536824
1962,0,17.85217523733288,-0.6186423566635897,-4.724951898475135
1963,0,17.85217523733288,-0.6192214937322538,-4.725531035543799
1964,0,17.85217523733288,-0.6198007598680864,-4.726110301679632
1965,0,17.85217523733288,-0.620380155007962,-4.726689696819507
1966,0,17.85217523733288,-0.6209596790888146,-4.72726922090036
1967,0,17.85217523733288,-0.6215393320476403,-4.727848873859186
1968,0,17.85217523733288,-0.6221191138214959,-4.728428655633041
1969,0,17.85217523733288,-0.6226990243474972,-4.729008566159043
1970,0,17.85217523733288,-0.62327906356282,-4.729588605374365
1971,0,17.85217523733288,-0.623859231404702,-4.730168773216247
1972,0,17.85217523733288,-0.624439527810436,-4.730749069621981
1973,0,17.85217523733288,-0.6250199527173805,-4.731329494528926
1974,0,17.85217523733288,-0.625600506062951,-4.731910047874496
1975,0,17.85217523733288,-0.6261811877846224,-4.732490729596168
1976,0,17.85217523733288,-0.6267619978199308,-4.733071539631476
1977,0,17.85217523733288,-0.6273429361064684,-4.733652477918014
1978,0,17.85217523733288,-0.6279240025818922,-4.734233544393438
1979,0,17.85217523733288,-0.6285051971839142,-4.73481473899546
1980,0,17.85217523733288,-0.6290865198503068,-4.735396061661852
1981,0,17.85217523733288,-0.629667970518903,-4.735977512330448
1982,0,17.85217523733288,-0.6302495491275923,-4.736559090939138
1983,0,17.85217523733288,-0.6308312556143258,-4.737140797425871
1984,0,17.85217523733288,-0.6314130899171122,-4.737722631728658
1985,0,17.85217523733288,-0.6319950519740187,-4.738304593785564
1986,0,17.85217523733288,-0.6325771417231723,-4.738886683534718
1987,0,17.85217523733288,-0.6331593591027573,-4.739468900914303
1988,0,17.85217523733288,-0.6337417040510198,-4.740051245862565
1989,0,17.85217523733288,-0.6343241765062606,-4.740633718317806
1990,0,17.85217523733288,-0.634906776406841,-4.741216318218386
1991,0,17.85217523733288,-0.635489503691181,-4.741799045502726
1992,0,17.85217523733288,-0.6360723582977563,-4.742381900109302
1993,0,17.85217523733288,-0.6366553401651043,-4.74296488197665
1994,0,17.85217523733288,-0.6372384492318179,-4.743547991043363
1995,0,17.85217523733288,-0.6378216854365499,-4.744131227248095
1996,0,17.85217523733288,-0.6384050487180097,-4.744714590529555
1997,0,17.85217523733288,-0.6389885390149646,-4.74529808082651
1998,0,17.85217523733288,-0.6395721562662402,-4.745881698077786
1999,0,17.85217523733288,-0.6401559004107229,-4.746465442222268
2000,0,17.85217523733288,-0.6407397713873495,-4.747049313198895
2001,0,17.85217523733288,-0.6413237691351199,-4.747633310946665
2002,0,17.85217523733288,-0.6419078935930909,-4.748217435404636
2003,0,17.85217523733288,-0.6424921447003742,-4.74880168651192
2004,0,17.85217523733288,-0.6430765223961439,-4.749386064207689
2005,0,17.85217523733288,-0.6436610266196245,-4.74997056843117
2006,0,17.85217523733288,-0.6442456573101039,-4.750555199121649
2007,0,17.85217523733288,-0.6448304144069219,-4.751139956218467
2008,0,17.85217523733288,-0.6454152978494783,-4.751724839661024
2009,0,17.85217523733288,-0.646000307577232,-4.752309849388777
2010,0,17.85217523733288,-0.646585443529692,-4.752894985341237
2011,0,17.85217523733288,-0.6471707056464302,-4.753480247457976
2012,0,17.85217523733288,-0.6477560938670752,-4.754065635678621
2013,0,17.85217523733288,-0.6483416081313074,-4.754651149942853
2014,0,17.85217523733288,-0.6489272483788655,-4.755236790190411
2015,0,17.85217523733288,-0.6495130145495498,-4.755822556361095
2016,0,17.85217523733288,-0.6500989065832092,-4.756408448394755
2017,0,17.85217523733288,-0.650684924419755,-4.7569944662313
2018,0,17.85217523733288,-0.6512710679991498,-4.757580609810695
2019,0,17.85217523733288,-0.6518573372614167,-4.758166879072962
2020,0,17.85217523733288,-0.652443732146633,-4.758753273958178
2021,0,17.85217523733288,-0.6530302525949327,-4.759339794406478
2022,0,17.85217523733288,-0.6536168985465016,-4.759926440358047
2023,0,17.85217523733288,-0.6542036699415892,-4.760513211753135
2024,0,17.85217523733288,-0.6547905667204938,-4.761100108532039
2025,0,17.85217523733288,-0.6553775888235736,-4.761687130635119
2026,0,17.85217523733288,-0.6559647361912386,-4.762274278002784
2027,0,17.85217523733288,-0.6565520087639589,-4.762861550575504
2028,0,17.85217523733288,-0.6571394064822549,-4.7634489482938
2029,0,17.85217523733288,-0.6577269292867083,-4.764036471098254
2030,0,17.85217523733288,-0.6583145771179524,-4.764624118929498
2031,0,17.85217523733288,-0.6589023499166746,-4.76521189172822
2032,0,17.85217523733288,-0.6594902476236202,-4.765799789435166
2033,0,17.85217523733288,-0.6600782701795893,-4.766387811991135
2034,0,17.85217523733288,-0.6606664175254346,-4.76697595933698
2035,0,17.85217523733288,-0.6612546896020675,-4.767564231413613
2036,0,17.85217523733288,-0.6618430863504505,-4.768152628161996
2037,0,17.85217523733288,-0.6624316077116044,-4.76874114952315
2038,0,17.85217523733288,-0.663020253626601,-4.769329795438146
2039,0,17.85217523733288,-0.6636090240365702,-4.769918565848116
2040,0,17.85217523733288,-0.6641979188826932,-4.770507460694239
2041,0,17.85217523733288,-0.6647869381062099,-4.771096479917755
2042,0,17.85217523733288,-0.66537608164841,-4.771685623459955
2043,0,17.85217523733288,-0.6659653494506417,-4.772274891262187
2044,0,17.85217523733288,-0.6665547414543029,-4.772864283265848
2045,0,17.85217523733288,-0.6671442576008504,-4.773453799412396
2046,0,17.85217523733288,-0.6677338978317913,-4.774043439643337
2047,0,17.85217523733288,-0.6683236620886897,-4.774633203900235
2048,0,17.85217523733288,-0.668913550313162,-4.775223092124707
2049,0,17.85217523733288,-0.6695035624468773,-4.775813104258423
2050,0,17.85217523733288,-0.6700936984315629,-4.776403240243108
2051,0,17.85217523733288,-0.6706839582089952,-4.776993500020541
2052,0,17.85217523733288,-0.6712743417210074,-4.777583883532553
2053,0,17.85217523733288,-0.6718648489094843,-4.77817439072103
2054,0,17.85217523733288,-0.6724554797163647,-4.77876502152791
2055,0,17.85217523733288,-0.6730462340836416,-4.779355775895187
2056,0,17.85217523733288,-0.6736371119533606,-4.779946653764906
2057,0,17.85217523733288,-0.6742281132676213,-4.780537655079167
2058,0,17.85217523733288,-0.6748192379685758,-4.781128779780121
2059,0,17.85217523733288,-0.6754104859984302,-4.781720027809976
2060,0,17.85217523733288,-0.6760018572994442,-4.78231139911099
2061,0,17.85217523733288,-0.6765933518139269,-4.782902893625472
2062,0,17.85217523733288,-0.6771849694842453,-4.783494511295791
2063,0,17.85217523733288,-0.677776710252818,-4.784086252064363
2064,0,17.85217523733288,-0.6783685740621124,-4.784678115873658
2065,0,17.85217523733288,-0.6789605608546543,-4.7852701026662
2066,0,17.85217523733288,-0.6795526705730177,-4.785862212384563
2067,0,17.85217523733288,-0.6801449031598334,-4.786454444971379
2068,0,17.85217523733288,-0.6807372585577793,-4.787046800369325
2069,0,17.85217523733288,-0.6813297367095918,-4.787639278521137
2070,0,17.85217523733288,-0.6819223375580572,-4.788231879369603
2071,0,17.85217523733288,-0.6825150610460105,-4.788824602857556
2072,0,17.85217523733288,-0.6831079071163444,-4.78941744892789
2073,0,17.85217523733288,-0.6837008757120016,-4.790010417523547
2074,0,17.85217523733288,-0.6842939667759742,-4.79060350858752
2075,0,17.85217523733288,-0.6848871802513132,-4.791196722062859
2076,0,17.85217523733288,-0.6854805160811166,-4.791790057892662
2077,0,17.85217523733288,-0.686073974208532,-4.792383516020077
2078,0,17.85217523733288,-0.686667554576764,-4.792977096388309
2079,0,17.85217523733288,-0.6872612571290668,-4.793570798940612
2080,0,17.85217523733288,-0.6878550818087454,-4.794164623620291
2081,0,17.85217523733288,-0.6884490285591589,-4.794758570370704
2082,0,17.85217523733288,-0.689043097323716,-4.795352639135261
2083,0,17.85217523733288,-0.6896372880458763,-4.795946829857422
2084,0,17.85217523733288,-0.6902316006691533,-4.796541142480699
2085,0,17.85217523733288,-0.6908260351371096,-4.797135576948655
2086,0,17.85217523733288,-0.6914205913933582,-4.797730133204904
2087,0,17.85217523733288,-0.69201526938157,-4.798324811193115
2088,0,17.85217523733288,-0.6926100690454566,-4.798919610857002
2089,0,17.85217523733288,-0.6932049903287885,-4.799514532140334
2090,0,17.85217523733288,-0.6938000331753855,-4.800109574986931
2091,0,17.85217523733288,-0.6943951975291149,-4.80070473934066
2092,0,17.85217523733288,-0.6949904833339016,-4.801300025145447
2093,0,17.85217523733288,-0.6955858905337138,-4.801895432345259
2094,0,17.85217523733288,-0.696181419072575,-4.80249096088412
2095,0,17.85217523733288,-0.6967770688945594,-4.803086610706105
2096,0,17.85217523733288,-0.6973728399437897,-4.803682381755335
2097,0,17.85217523733288,-0.6979687321644406,-4.804278273975986
2098,0,17.85217523733288,-0.6985647455007369,-4.804874287312282
2099,0,17.85217523733288,-0.6991608798969535,-4.805470421708499
2100,0,17.85217523733288,-0.699757135297415,-4.80606667710896
2101,0,17.85217523733288,-0.7003535116464983,-4.806663053458044
2102,0,17.85217523733288,-0.7009500088886282,-4.807259550700174
2103,0,17.85217523733288,-0.7015466269682822,-4.807856168779828
2104,0,17.85217523733288,-0.7021433658299854,-4.808452907641531
2105,0,17.85217523733288,-0.7027402254183146,-4.80904976722986
2106,0,17.85217523733288,-0.7033372056778946,-4.80964674748944
2107,0,17.85217523733288,-0.7039343065534034,-4.810243848364949
2108,0,17.85217523733288,-0.7045315279895634,-4.810841069801109
2109,0,17.85217523733288,-0.7051288699311522,-4.811438411742698
2110,0,17.85217523733288,-0.7057263323229952,-4.812035874134541
2111,0,17.85217523733288,-0.7063239151099676,-4.812633456921513
2112,0,17.85217523733288,-0.7069216182369917,-4.813231160048537
2113,0,17.85217523733288,-0.7075194416490422,-4.813828983460588
2114,0,17.85217523733288,-0.7081173852911418,-4.814426927102687
2115,0,17.85217523733288,-0.7087154491083636,-4.815024990919909
2116,0,17.85217523733288,-0.7093136330458298,-4.815623174857375
2117,0,17.85217523733288,-0.7099119370487079,-4.816221478860253
2118,0,17.85217523733288,-0.710510361062223,-4.816819902873768
2119,0,17.85217523733288,-0.711108905031641,-4.817418446843186
2120,0,17.85217523733288,-0.7117075689022814,-4.818017110713827
2121,0,17.85217523733288,-0.7123063526195113,-4.818615894431057
2122,0,17.85217523733288,-0.712905256128745,-4.81921479794029
2123,0,17.85217523733288,-0.7135042793754485,-4.819813821186994
2124,0,17.85217523733288,-0.7141034223051363,-4.820412964116682
2125,0,17.85217523733288,-0.7147026848633704,-4.821012226674916
2126,0,17.85217523733288,-0.7153020669957604,-4.821611608807306
2127,0,17.85217523733288,-0.7159015686479666,-4.822211110459512
2128,0,17.85217523733288,-0.7165011897656974,-4.822810731577243
2129,0,17.85217523733288,-0.7171009302947082,-4.823410472106254
2130,0,17.85217523733288,-0.717700790180805,-4.82401033199235
2131,0,17.85217523733288,-0.71830076936984,-4.824610311181385
2132,0,17.85217523733288,-0.718900867807716,-4.825210409619261
2133,0,17.85217523733288,-0.7195010854403794,-4.825810627251925
2134,0,17.85217523733288,-0.7201014222138307,-4.826410964025376
2135,0,17.85217523733288,-0.7207018780741157,-4.827011419885661
2136,0,17.85217523733288,-0.7213024529673255,-4.827611994778871
2137,0,17.85217523733288,-0.7219031468396047,-4.82821268865115
2138,0,17.85217523733288,-0.722503959637141,-4.828813501448686
2139,0,17.85217523733288,-0.7231048913061722,-4.829414433117718
2140,0,17.85217523733288,-0.7237059417929848,-4.83001548360453
2141,0,17.85217523733288,-0.7243071110439088,-4.830616652855454
2142,0,17.85217523733288,-0.7249083990053267,-4.831217940816872
2143,0,17.85217523733288,-0.7255098056236644,-4.83181934743521
2144,0,17.85217523733288,-0.7261113308454004,-4.832420872656946
2145,0,17.85217523733288,-0.7267129746170546,-4.8330225164286
2146,0,17.85217523733288,-0.7273147368851989,-4.833624278696744
2147,0,17.85217523733288,-0.72791661759645,-4.834226159407995
2148,0,17.85217523733288,-0.7285186166974729,-4.834828158509018
2149,0,17.85217523733288,-0.7291207341349812,-4.835430275946527
2150,0,17.85217523733288,-0.7297229698557315,-4.836032511667277
2151,0,17.85217523733288,-0.7303253238065306,-4.836634865618076
2152,0,17.85217523733288,-0.7309277959342326,-4.837237337745778
2153,0,17.85217523733288,-0.7315303861857352,-4.837839927997281
2154,0,17.85217523733288,-0.73213309450799,-4.838442636319535
2155,0,17.85217523733288,-0.732735920847988,-4.839045462659533
2156,0,17.85217523733288,-0.7333388651527679,-4.839648406964313
2157,0,17.85217523733288,-0.7339419273694192,-4.840251469180965
2158,0,17.85217523733288,-0.7345451074450766,-4.840854649256622
2159,0,17.85217523733288,-0.7351484053269184,-4.841457947138464
2160,0,17.85217523733288,-0.7357518209621743,-4.84206136277372
2161,0,17.85217523733288,-0.7363553542981132,-4.842664896109659
2162,0,17.85217523733288,-0.7369590052820607,-4.843268547093606
2163,0,17.85217523733288,-0.737562773861379,-4.843872315672924
2164,0,17.85217523733288,-0.7381666599834817,-4.844476201795027
2165,0,17.85217523733288,-0.7387706635958278,-4.845080205407373
2166,0,17.85217523733288,-0.7393747846459213,-4.845684326457467
2167,0,17.85217523733288,-0.7399790230813137,-4.846288564892859
2168,0,17.85217523733288,-0.7405833788496023,-4.846892920661148
2169,0,17.85217523733288,-0.7411878518984292,-4.847497393709975
2170,0,17.85217523733288,-0.741792442175484,-4.848101983987029
2171,0,17.85217523733288,-0.742397149628502,-4.848706691440047
2172,0,17.85217523733288,-0.7430019742052609,-4.849311516016806
2173,0,17.85217523733288,-0.7436069158535892,-4.849916457665135
2174,0,17.85217523733288,-0.7442119745213605,-4.850521516332906
2175,0,17.85217523733288,-0.7448171501564884,-4.851126691968034
2176,0,17.85217523733288,-0.74542244270694,-4.851731984518485
2177,0,17.85217523733288,-0.7460278521207195,-4.852337393932265
2178,0,17.85217523733288,-0.7466333783458845,-4.85294292015743
2179,0,17.85217523733288,-0.7472390213305333,-4.853548563142079
2180,0,17.85217523733288,-0.7478447810228106,-4.854154322834356
2181,0,17.85217523733288,-0.7484506573709062,-4.854760199182452
2182,0,17.85217523733288,-0.749056650323058,-4.855366192134603
2183,0,17.85217523733288,-0.749662759827542,-4.855972301639087
2184,0,17.85217523733288,-0.7502689858326868,-4.856578527644232
2185,0,17.85217523733288,-0.7508753282868614,-4.857184870098407
2186,0,17.85217523733288,-0.7514817871384825,-4.857791328950028
2187,0,17.85217523733288,-0.7520883623360106,-4.858397904147556
2188,0,17.85217523733288,-0.7526950538279502,-4.859004595639496
2189,0,17.85217523733288,-0.7533018615628517,-4.859611403374397
2190,0,17.85217523733288,-0.753908785489311,-4.860218327300856
2191,0,17.85217523733288,-0.7545158255559654,-4.860825367367511
2192,0,17.85217523733288,-0.7551229817115015,-4.861432523523047
2193,0,17.85217523733288,-0.7557302539046464,-4.862039795716192
2194,0,17.85217523733288,-0.7563376420841745,-4.86264718389572
2195,0,17.85217523733288,-0.7569451461989027,-4.863254688010448
2196,0,17.85217523733288,-0.7575527661976942,-4.86386230800924
2197,0,17.85217523733288,-0.7581605020294546,-4.864470043841
2198,0,17.85217523733288,-0.758768353643136,-4.865077895454681
2199,0,17.85217523733288,-0.759376320987732,-4.865685862799277
2200,0,17.85217523733288,-0.7599844040122825,-4.866293945823828
2201,0,17.85217523733288,-0.7605926026658709,-4.866902144477416
2202,0,17.85217523733288,-0.761200916897625,-4.86751045870917
2203,0,17.85217523733288,-0.7618093466567162,-4.868118888468262
2204,0,17.85217523733288,-0.7624178918923583,-4.868727433703904
2205,0,17.85217523733288,-0.7630265525538134,-4.869336094365359
2206,0,17.85217523733288,-0.7636353285903823,-4.869944870401928
2207,0,17.85217523733288,-0.7642442199514132,-4.870553761762959
2208,0,17.85217523733288,-0.764853226586296,-4.871162768397841
2209,0,17.85217523733288,-0.7654623484444665,-4.871771890256012
2210,0,17.85217523733288,-0.7660715854754008,-4.872381127286946
2211,0,17.85217523733288,-0.7666809376286219,-4.872990479440167
2212,0,17.85217523733288,-0.7672904048536937,-4.873599946665239
2213,0,17.85217523733288,-0.7678999871002254,-4.874209528911771
2214,0,17.85217523733288,-0.7685096843178698,-4.874819226129415
2215,0,17.85217523733288,-0.7691194964563204,-4.875429038267866
2216,0,17.85217523733288,-0.7697294234653169,-4.876038965276862
2217,0,17.85217523733288,-0.7703394652946409,-4.876649007106186
2218,0,17.85217523733288,-0.7709496218941165,-4.877259163705662
2219,0,17.85217523733288,-0.7715598932136132,-4.877869435025159
2220,0,17.85217523733288,-0.772170279203042,-4.878479821014587
2221,0,17.85217523733288,-0.772780779812356,-4.879090321623901
2222,0,17.85217523733288,-0.7733913949915516,-4.879700936803097
2223,0,17.85217523733288,-0.7740021246906705,-4.880311666502216
2224,0,17.85217523733288,-0.774612968859798,-4.880922510671343
2225,0,17.85217523733288,-0.775223927449054,-4.881533469260599
2226,0,17.85217523733288,-0.7758350004086116,-4.882144542220157
2227,0,17.85217523733288,-0.7764461876886788,-4.882755729500224
2228,0,17.85217523733288,-0.777057489239513,-4.883367031051058
2229,0,17.85217523733288,-0.7776689050114074,-4.883978446822953
2230,0,17.85217523733288,-0.778280434954703,-4.884589976766248
2231,0,17.85217523733288,-0.7788920790197773,-4.885201620831323
2232,0,17.85217523733288,-0.7795038371570593,-4.885813378968605
2233,0,17.85217523733288,-0.7801157093170135,-4.886425251128559
2234,0,17.85217523733288,-0.7807276954501452,-4.887037237261691
2235,0,17.85217523733288,-0.7813397955070096,-4.887649337318555
2236,0,17.85217523733288,-0.7819520094381964,-4.888261551249742
2237,0,17.85217523733288,-0.7825643371943434,-4.888873879005889
2238,0,17.85217523733288,-0.7831767787261255,-4.889486320537671
2239,0,17.85217523733288,-0.7837893339842639,-4.890098875795809
2240,0,17.85217523733288,-0.784402002919518,-4.890711544731063
2241,0,17.85217523733288,-0.7850147854826917,-4.891324327294237
2242,0,17.85217523733288,-0.7856276816246295,-4.891937223436175
2243,0,17.85217523733288,-0.7862406912962205,-4.892550233107766
2244,0,17.85217523733288,-0.7868538144483903,-4.893163356259936
2245,0,17.85217523733288,-0.7874670510321122,-4.893776592843658
2246,0,17.85217523733288,-0.788080400998397,-4.894389942809942
2247,0,17.85217523733288,-0.788693864298299,-4.895003406109844
2248,0,17.85217523733288,-0.7893074408829115,-4.895616982694457
2249,0,17.85217523733288,-0.789921130703374,-4.896230672514919
2250,0,17.85217523733288,-0.7905349337108634,-4.896844475522409
2251,0,17.85217523733288,-0.7911488498565999,-4.897458391668145
2252,0,17.85217523733288,-0.7917628790918458,-4.898072420903391
2253,0,17.85217523733288,-0.7923770213679004,-4.898686563179446
2254,0,17.85217523733288,-0.792991276636112,-4.899300818447657
2255,0,17.85217523733288,-0.7936056448478608,-4.899915186659406
2256,0,17.85217523733288,-0.7942201259545749,-4.90052966776612
2257,0,17.85217523733288,-0.7948347199077217,-4.901144261719267
2258,0,17.85217523733288,-0.7954494266588092,-4.901758968470355
2259,0,17.85217523733288,-0.7960642461593883,-4.902373787970934
2260,0,17.85217523733288,-0.7966791783610452,-4.902988720172591
2261,0,17.85217523733288,-0.7972942232154168,-4.903603765026962
2262,0,17.85217523733288,-0.7979093806741702,-4.904218922485716
2263,0,17.85217523733288,-0.7985246506890205,-4.904834192500566
2264,0,17.85217523733288,-0.79914003321172,-4.905449575023265
2265,0,17.85217523733288,-0.7997555281940629,-4.906065070005608
2266,0,17.85217523733288,-0.8003711355878842,-4.90668067739943
2267,0,17.85217523733288,-0.8009868553450623,-4.907296397156608
2268,0,17.85217523733288,-0.8016026874175104,-4.907912229229056
2269,0,17.85217523733288,-0.802218631757186,-4.908528173568731
2270,0,17.85217523733288,-0.802834688316084,-4.909144230127629
2271,0,17.85217523733288,-0.8034508570462453,-4.909760398857791
2272,0,17.85217523733288,-0.8040671378997439,-4.910376679711289
2273,0,17.85217523733288,-0.8046835308287026,-4.910993072640248
2274,0,17.85217523733288,-0.8053000357852742,-4.91160957759682
2275,0,17.85217523733288,-0.8059166527216624,-4.912226194533208
2276,0,17.85217523733288,-0.8065333815901026,-4.912842923401648
2277,0,17.85217523733288,-0.8071502223428748,-4.91345976415442
2278,0,17.85217523733288,-0.8077671749322972,-4.914076716743843
2279,0,17.85217523733288,-0.8083842393107288,-4.914693781122274
2280,0,17.85217523733288,-0.8090014154305685,-4.915310957242114
2281,0,17.85217523733288,-0.8096187032442552,-4.915928245055801
2282,0,17.85217523733288,-0.8102361027042679,-4.916545644515813
2283,0,17.85217523733288,-0.8108536137631237,-4.917163155574669
2284,0,17.85217523733288,-0.8114712363733805,-4.917780778184926
2285,0,17.85217523733288,-0.8120889704876362,-4.918398512299182
2286,0,17.85217523733288,-0.8127068160585322,-4.919016357870078
2287,0,17.85217523733288,-0.8133247730387412,-4.919634314850287
2288,0,17.85217523733288,-0.8139428413809782,-4.920252383192524
2289,0,17.85217523733288,-0.8145610210380045,-4.92087056284955
2290,0,17.85217523733288,-0.8151793119626136,-4.921488853774159
2291,0,17.85217523733288,-0.8157977141076387,-4.922107255919184
2292,0,17.85217523733288,-0.8164162274259557,-4.922725769237501
2293,0,17.85217523733288,-0.8170348518704795,-4.923344393682025
2294,0,17.85217523733288,-0.8176535873941608,-4.923963129205706
2295,0,17.85217523733288,-0.8182724339499927,-4.924581975761538
2296,0,17.85217523733288,-0.8188913914910065,-4.925200933302552
2297,0,17.85217523733288,-0.8195104599702736,-4.925820001781819
2298,0,17.85217523733288,-0.8201296393409017,-4.926439181152447
2299,0,17.85217523733288,-0.8207489295560402,-4.927058471367586
2300,0,17.85217523733288,-0.8213683305688786,-4.927677872380424
2301,0,17.85217523733288,-0.821987842332641,-4.928297384144186
2302,0,17.85217523733288,-0.8226074648005923,-4.928917006612138
2303,0,17.85217523733288,-0.8232271979260384,-4.929536739737584
2304,0,17.85217523733288,-0.8238470416623223,-4.930156583473868
2305,0,17.85217523733288,-0.8244669959628252,-4.930776537774371
2306,0,17.85217523733288,-0.8250870607809642,-4.93139660259251
2307,0,17.85217523733288,-0.8257072360702056,-4.932016777881751
2308,0,17.85217523733288,-0.8263275217840418,-4.932637063595587
2309,0,17.85217523733288,-0.8269479178760104,-4.933257459687556
2310,0,17.85217523733288,-0.8275684242996855,-4.933877966111231
2311,0,17.85217523733288,-0.828189041008681,-4.934498582820226
2312,0,17.85217523733288,-0.8288097679566482,-4.935119309768194
2313,0,17.85217523733288,-0.8294306050972775,-4.935740146908823
2314,0,17.85217523733288,-0.8300515523842966,-4.936361094195842
2315,0,17.85217523733288,-0.8306726097714714,-4.936982151583017
2316,0,17.85217523733288,-0.8312937772126086,-4.937603319024154
2317,0,17.85217523733288,-0.8319150546615495,-4.938224596473095
2318,0,17.85217523733288,-0.8325364420721755,-4.938845983883721
2319,0,17.85217523733288,-0.8331579393984052,-4.939467481209951
2320,0,17.85217523733288,-0.8337795465941982,-4.940089088405744
2321,0,17.85217523733288,-0.8344012636135467,-4.940710805425092
2322,0,17.85217523733288,-0.8350230904104858,-4.941332632222031
2323,0,17.85217523733288,-0.835645026939086,-4.941954568750631
2324,0,17.85217523733288,-0.8362670731534552,-4.942576614965001
2325,0,17.85217523733288,-0.8368892290077392,-4.943198770819285
2326,0,17.85217523733288,-0.8375114944561268,-4.943821036267672
2327,0,17.85217523733288,-0.838133869452836,-4.944443411264381
2328,0,17.85217523733288,-0.838756353952129,-4.945065895763674
2329,0,17.85217523733288,-0.839378947908302,-4.945688489719847
2330,0,17.85217523733288,-0.8400016512756885,-4.946311193087234
2331,0,17.85217523733288,-0.8406244640086635,-4.946934005820209
2332,0,17.85217523733288,-0.8412473860616352,-4.947556927873181
2333,0,17.85217523733288,-0.841870417389055,-4.9481799592006
2334,0,17.85217523733288,-0.8424935579454029,-4.948803099756948
2335,0,17.85217523733288,-0.8431168076852034,-4.949426349496749
2336,0,17.85217523733288,-0.8437401665630153,-4.950049708374561
2337,0,17.85217523733288,-0.844363634533436,-4.950673176344981
2338,0,17.85217523733288,-0.8449872115510999,-4.951296753362645
2339,0,17.85217523733288,-0.8456108975706762,-4.951920439382222
2340,0,17.85217523733288,-0.8462346925468758,-4.952544234358421
2341,0,17.85217523733288,-0.8468585964344406,-4.953168138245986
2342,0,17.85217523733288,-0.8474826091881562,-4.953792150999702
2343,0,17.85217523733288,-0.84810673076284,-4.954416272574385
2344,0,17.85217523733288,-0.8487309611133496,-4.955040502924895
2345,0,17.85217523733288,-0.8493553001945777,-4.955664842006123
2346,0,17.85217523733288,-0.8499797479614548,-4.956289289773
2347,0,17.85217523733288,-0.8506043043689466,-4.956913846180492
2348,0,17.85217523733288,-0.8512289693720572,-4.957538511183603
2349,0,17.85217523733288,-0.8518537429258277,-4.958163284737373
2350,0,17.85217523733288,-0.852478624985336,-4.958788166796881
2351,0,17.85217523733288,-0.8531036155056926,-4.959413157317238
2352,0,17.85217523733288,-0.8537287144420498,-4.960038256253595
2353,0,17.85217523733288,-0.8543539217495946,-4.96066346356114
2354,0,17.85217523733288,-0.8549792373835503,-4.961288779195096
2355,0,17.85217523733288,-0.855604661299175,-4.96191420311072
2356,0,17.85217523733288,-0.8562301934517675,-4.962539735263313
2357,0,17.85217523733288,-0.856855833796657,-4.963165375608202
2358,0,17.85217523733288,-0.8574815822892159,-4.963791124100761
2359,0,17.85217523733288,-0.858107438884848,-4.964416980696393
2360,0,17.85217523733288,-0.8587334035389933,-4.965042945350539
2361,0,17.85217523733288,-0.8593594762071319,-4.965669018018677
2362,0,17.85217523733288,-0.859985656844775,-4.96629519865632
2363,0,17.85217523733288,-0.8606119454074745,-4.96692148721902
2364,0,17.85217523733288,-0.8612383418508154,-4.967547883662361
2365,0,17.85217523733288,-0.8618648461304188,-4.968174387941964
2366,0,17.85217523733288,-0.8624914582019434,-4.968801000013489
2367,0,17.85217523733288,-0.863118178021085,-4.96942771983263
2368,0,17.85217523733288,-0.8637450055435689,-4.970054547355114
2369,0,17.85217523733288,-0.8643719407251664,-4.970681482536712
2370,0,17.85217523733288,-0.8649989835216738,-4.971308525333219
2371,0,17.85217523733288,-0.8656261338889299,-4.971935675700475
2372,0,17.85217523733288,-0.8662533917828084,-4.972562933594354
2373,0,17.85217523733288,-0.8668807571592172,-4.973190298970763
2374,0,17.85217523733288,-0.867508229974101,-4.973817771785646
2375,0,17.85217523733288,-0.8681358101834382,-4.974445351994984
2376,0,17.85217523733288,-0.8687634977432479,-4.975073039554793
2377,0,17.85217523733288,-0.8693912926095759,-4.975700834421121
2378,0,17.85217523733288,-0.8700191947385107,-4.976328736550056
2379,0,17.85217523733288,-0.8706472040861755,-4.976956745897721
2380,0,17.85217523733288,-0.871275320608726,-4.977584862420271
2381,0,17.85217523733288,-0.8719035442623522,-4.978213086073898
2382,0,17.85217523733288,-0.872531875003288,-4.978841416814833
2383,0,17.85217523733288,-0.8731603127877916,-4.979469854599337
2384,0,17.85217523733288,-0.8737888575721602,-4.980098399383706
2385,0,17.85217523733288,-0.8744175093127327,-4.980727051124278
2386,0,17.85217523733288,-0.8750462679658728,-4.981355809777418
2387,0,17.85217523733288,-0.8756751334879853,-4.981984675299531
2388,0,17.85217523733288,-0.8763041058355094,-4.982613647647055
2389,0,17.85217523733288,-0.87693318496492,-4.983242726776465
2390,0,17.85217523733288,-0.8775623708327229,-4.983871912644268
2391,0,17.85217523733288,-0.8781916633954632,-4.984501205207009
2392,0,17.85217523733288,-0.8788210626097195,-4.985130604421265
2393,0,17.85217523733288,-0.8794505684321035,-4.985760110243649
2394,0,17.85217523733288,-0.8800801808192658,-4.986389722630811
2395,0,17.85217523733288,-0.8807098997278873,-4.987019441539433
2396,0,17.85217523733288,-0.8813397251146862,-4.987649266926232
2397,0,17.85217523733288,-0.8819696569364153,-4.988279198747961
2398,0,17.85217523733288,-0.8825996951498603,-4.988909236961406
2399,0,17.85217523733288,-0.8832298397118432,-4.989539381523389
2400,0,17.85217523733288,-0.88386009057922,-4.990169632390765
2401,0,17.85217523733288,-0.8844904477088802,-4.990799989520426
2402,0,17.85217523733288,-0.8851209110577507,-4.991430452869296
2403,0,17.85217523733288,-0.8857514805827895,-4.992061022394335
2404,0,17.85217523733288,-0.886382156240991,-4.992691698052536
2405,0,17.85217523733288,-0.8870129379893825,-4.993322479800928
2406,0,17.85217523733288,-0.8876438257850277,-4.993953367596573
2407,0,17.85217523733288,-0.8882748195850212,-4.994584361396567
2408,0,17.85217523733288,-0.8889059193464979,-4.995215461158043
2409,0,17.85217523733288,-0.8895371250266173,-4.995846666838163
2410,0,17.85217523733288,-0.8901684365825835,-4.996477978394129
2411,0,17.85217523733288,-0.8907998539716262,-4.997109395783172
2412,0,17.85217523733288,-0.8914313771510152,-4.997740918962561
2413,0,17.85217523733288,-0.892063006078053,-4.998372547889598
2414,0,17.85217523733288,-0.8926947407100725,-4.999004282521618
2415,0,17.85217523733288,-0.8933265810044428,-4.999636122815988
2416,0,17.85217523733288,-0.8939585269185697,-5.000268068730115
2417,0,17.85217523733288,-0.8945905784098889,-5.000900120221434
2418,0,17.85217523733288,-0.8952227354358699,-5.001532277247415
2419,0,17.85217523733288,-0.8958549979540207,-5.002164539765566
2420,0,17.85217523733288,-0.8964873659218773,-5.002796907733423
2421,0,17.85217523733288,-0.8971198392970132,-5.003429381108559
2422,0,17.85217523733288,-0.8977524180370322,-5.004061959848578
2423,0,17.85217523733288,-0.8983851020995779,-5.004694643911123
2424,0,17.85217523733288,-0.8990178914423197,-5.005327433253865
2425,0,17.85217523733288,-0.8996507860229652,-5.005960327834511
2426,0,17.85217523733288,-0.9002837857992549,-5.0065933276108
2427,0,17.85217523733288,-0.9009168907289622,-5.007226432540508
2428,0,17.85217523733288,-0.9015501007698949,-5.00785964258144
2429,0,17.85217523733288,-0.9021834158798914,-5.008492957691437
2430,0,17.85217523733288,-0.9028168360168278,-5.009126377828373
2431,0,17.85217523733288,-0.9034503611386082,-5.009759902950154
2432,0,17.85217523733288,-0.9040839912031773,-5.010393533014723
2433,0,17.85217523733288,-0.9047177261685064,-5.011027267980052
2434,0,17.85217523733288,-0.9053515659926017,-5.011661107804147
2435,0,17.85217523733288,-0.9059855106335029,-5.012295052445048
2436,0,17.85217523733288,-0.9066195600492852,-5.012929101860831
2437,0,17.85217523733288,-0.9072537141980535,-5.013563256009599
2438,0,17.85217523733288,-0.9078879730379459,-5.014197514849491
2439,0,17.85217523733288,-0.9085223365271373,-5.014831878338683
2440,0,17.85217523733288,-0.9091568046238292,-5.015466346435375
2441,0,17.85217523733288,-0.9097913772862629,-5.016100919097808
2442,0,17.85217523733288,-0.9104260544727092,-5.016735596284255
2443,0,17.85217523733288,-0.9110608361414698,-5.017370377953015
2444,0,17.85217523733288,-0.911695722250883,-5.018005264062428
2445,0,17.85217523733288,-0.9123307127593163,-5.018640254570862
2446,0,17.85217523733288,-0.9129658076251754,-5.019275349436721
2447,0,17.85217523733288,-0.9136010068068927,-5.019910548618438
2448,0,17.85217523733288,-0.9142363102629352,-5.020545852074481
2449,0,17.85217523733288,-0.9148717179518036,-5.021181259763349
2450,0,17.85217523733288,-0.9155072298320324,-5.021816771643578
2451,0,17.85217523733288,-0.9161428458621854,-5.022452387673731
2452,0,17.85217523733288,-0.9167785660008585,-5.023088107812404
2453,0,17.85217523733288,-0.9174143902066856,-5.023723932018231
2454,0,17.85217523733288,-0.9180503184383264,-5.024359860249872
2455,0,17.85217523733288,-0.918686350654478,-5.024995892466023
2456,0,17.85217523733288,-0.9193224868138659,-5.025632028625411
2457,0,17.85217523733288,-0.9199587268752518,-5.026268268686797
2458,0,17.85217523733288,-0.9205950707974262,-5.026904612608972
2459,0,17.85217523733288,-0.9212315185392148,-5.02754106035076
2460,0,17.85217523733288,-0.9218680700594728,-5.028177611871018
2461,0,17.85217523733288,-0.9225047253170899,-5.028814267128635
2462,0,17.85217523733288,-0.9231414842709862,-5.029451026082532
2463,0,17.85217523733288,-0.9237783468801135,-5.030087888691659
2464,0,17.85217523733288,-0.9244153131034585,-5.030724854915004
2465,0,17.85217523733288,-0.9250523829000388,-5.031361924711584
2466,0,17.85217523733288,-0.9256895562289005,-5.031999098040446
2467,0,17.85217523733288,-0.926326833049127,-5.032636374860672
2468,0,17.85217523733288,-0.9269642133198293,-5.033273755131375
2469,0,17.85217523733288,-0.9276016970001537,-5.033911238811699
2470,0,17.85217523733288,-0.928239284049277,-5.034548825860822
2471,0,17.85217523733288,-0.9288769744264043,-5.03518651623795
2472,0,17.85217523733288,-0.9295147680907787,-5.035824309902324
2473,0,17.85217523733288,-0.930152665001672,-5.036462206813217
2474,0,17.85217523733288,-0.9307906651183853,-5.037100206929931
2475,0,17.85217523733288,-0.9314287684002567,-5.037738310211802
2476,0,17.85217523733288,-0.9320669748066504,-5.038376516618196
2477,0,17.85217523733288,-0.9327052842969676,-5.039014826108513
2478,0,17.85217523733288,-0.9333436968306348,-5.03965323864218
2479,0,17.85217523733288,-0.9339822123671162,-5.040291754178662
2480,0,17.85217523733288,-0.9346208308659039,-5.040930372677449
2481,0,17.85217523733288,-0.9352595522865217,-5.041569094098067
2482,0,17.85217523733288,-0.9358983765885247,-5.04220791840007
2483,0,17.85217523733288,-0.9365373037315008,-5.042846845543046
2484,0,17.85217523733288,-0.9371763336750698,-5.043485875486615
2485,0,17.85217523733288,-0.93781546637888,-5.044125008190425
2486,0,17.85217523733288,-0.9384547018026108,-5.044764243614156
2487,0,17.85217523733288,-0.9390940399059762,-5.045403581717522
2488,0,17.85217523733288,-0.9397334806487203,-5.046043022460266
2489,0,17.85217523733288,-0.9403730239906167,-5.046682565802162
2490,0,17.85217523733288,-0.94101266989147,-5.047322211703015
2491,0,17.85217523733288,-0.9416524183111195,-5.047961960122665
2492,0,17.85217523733288,-0.9422922692094282,-5.048601811020974
2493,0,17.85217523733288,-0.9429322225463013,-5.049241764357847
2494,0,17.85217523733288,-0.9435722782816649,-5.04988182009321
2495,0,17.85217523733288,-0.94421243637548,-5.050521978187025
2496,0,17.85217523733288,-0.9448526967877369,-5.051162238599282
2497,0,17.85217523733288,-0.9454930594784585,-5.051802601290004
2498,0,17.85217523733288,-0.9461335244077009,-5.052443066219246
2499,0,17.85217523733288,-0.9467740915355449,-5.05308363334709
