T_K,P_GPa,G_eV_per_atom,level,source
851,0,-8.109990580409601,reference,DaRUS-4999/direct_upsampling_data_rungs_1-3/thermodynamic_properties/cristobalite_beta_pbe_d3bj.csv
852,0,-8.110369450497011,reference,DaRUS-4999/direct_upsampling_data_rungs_1-3/thermodynamic_properties/cristobalite_beta_pbe_d3bj.csv
853,0,-8.110748607415113,reference,DaRUS-4999/direct_upsampling_data_rungs_1-3/thermodynamic_properties/cristobalite_beta_pbe_d3bj.csv
854,0,-8.111128050872992,reference,DaRUS-4999/direct_upsampling_data_rungs_1-3/thermodynamic_properties/cristobalite_beta_pbe_d3bj.csv
855,0,-8.111507780580267,reference,DaRUS-4999/direct_upsampling_data_rungs_1-3/thermodynamic_properties/cristobalite_beta_pbe_d3bj.csv
856,0,-8.11188779624711,reference,DaRUS-4999/direct_upsampling_data_rungs_1-3/thermodynamic_properties/cristobalite_beta_pbe_d3bj.csv
857,0,-8.112268097584247,reference,DaRUS-4999/direct_upsampling_data_rungs_1-3/thermodynamic_properties/cristobalite_beta_pbe_d3bj.csv
858,0,-8.11264868430294,reference,DaRUS-4999/direct_upsampling_data_rungs_1-3/thermodynamic_properties/cristobalite_beta_pbe_d3bj.csv
859,0,-8.113029556114997,reference,DaRUS-4999/direct_upsampling_data_rungs_1-3/thermodynamic_properties/cristobalite_beta_pbe_d3bj.csv
860,0,-8.113410712732769,reference,DaRUS-4999/direct_upsampling_data_rungs_1-3/thermodynamic_properties/cristobalite_beta_pbe_d3bj.csv
861,0,-8.113792153869143,reference,DaRUS-4999/direct_upsampling_data_rungs_1-3/thermodynamic_properties/cristobalite_beta_pbe_d3bj.csv
862,0,-8.114173879237553,reference,DaRUS-4999/direct_upsampling_data_rungs_1-3/thermodynamic_properties/cristobalite_beta_pbe_d3bj.csv
863,0,-8.114555888551964,reference,DaRUS-4999/direct_upsampling_data_rungs_1-3/thermodynamic_properties/cristobalite_beta_pbe_d3bj.csv
864,0,-8.114938181526885,reference,DaRUS-4999/direct_upsampling_data_rungs_1-3/thermodynamic_properties/cristobalite_beta_pbe_d3bj.csv
865,0,-8.115320757877347,reference,DaRUS-4999/direct_upsampling_data_rungs_1-3/thermodynamic_properties/cristobalite_beta_pbe_d3bj.csv
866,0,-8.115703617318932,reference,DaRUS-4999/direct_upsampling_data_rungs_1-3/thermodynamic_properties/cristobalite_beta_pbe_d3bj.csv
867,0,-8.116086759567738,reference,DaRUS-4999/direct_upsampling_data_rungs_1-3/thermodynamic_properties/cristobalite_beta_pbe_d3bj.csv
868,0,-8.116470184340407,reference,DaRUS-4999/direct_upsampling_data_rungs_1-3/thermodynamic_properties/cristobalite_beta_pbe_d3bj.csv
869,0,-8.116853891354102,reference,DaRUS-4999/direct_upsampling_data_rungs_1-3/thermodynamic_properties/cristobalite_beta_pbe_d3bj.csv
870,0,-8.117237880326522,reference,DaRUS-4999/direct_upsampling_data_rungs_1-3/thermodynamic_properties/cristobalite_beta_pbe_d3bj.csv
871,0,-8.117622150975883,reference,DaRUS-4999/direct_upsampling_data_rungs_1-3/thermodynamic_properties/cristobalite_beta_pbe_d3bj.csv
872,0,-8.118006703020944,reference,DaRUS-4999/direct_upsampling_data_rungs_1-3/thermodynamic_properties/cristobalite_beta_pbe_d3bj.csv
873,0,-8.118391536180965,reference,DaRUS-4999/direct_upsampling_data_rungs_1-3/thermodynamic_properties/cristobalite_beta_pbe_d3bj.csv
874,0,-8.118776650175748,reference,DaRUS-4999/direct_upsampling_data_rungs_1-3/thermodynamic_properties/cristobalite_beta_pbe_d3bj.csv
875,0,-8.119162044725606,reference,DaRUS-4999/direct_upsampling_data_rungs_1-3/thermodynamic_properties/cristobalite_beta_pbe_d3bj.csv
876,0,-8.119547719551383,reference,DaRUS-4999/direct_upsampling_data_rungs_1-3/thermodynamic_properties/cristobalite_beta_pbe_d3bj.csv
877,0,-8.11993367437443,reference,DaRUS-4999/direct_upsampling_data_rungs_1-3/thermodynamic_properties/cristobalite_beta_pbe_d3bj.csv
878,0,-8.120319908916622,reference,DaRUS-4999/direct_upsampling_data_rungs_1-3/thermodynamic_properties/cristobalite_beta_pbe_d3bj.csv
879,0,-8.12070642290036,reference,DaRUS-4999/direct_upsampling_data_rungs_1-3/thermodynamic_properties/cristobalite_beta_pbe_d3bj.csv
880,0,-8.121093216048537,reference,DaRUS-4999/direct_upsampling_data_rungs_1-3/thermodynamic_properties/cristobalite_beta_pbe_d3bj.csv
881,0,-8.121480288084584,reference,DaRUS-4999/direct_upsampling_data_rungs_1-3/thermodynamic_properties/cristobalite_beta_pbe_d3bj.csv
882,0,-8.121867638732423,reference,DaRUS-4999/direct_upsampling_data_rungs_1-3/thermodynamic_properties/cristobalite_beta_pbe_d3bj.csv
883,0,-8.122255267716513,reference,DaRUS-4999/direct_upsampling_data_rungs_1-3/thermodynamic_properties/cristobalite_beta_pbe_d3bj.csv
884,0,-8.122643174761796,reference,DaRUS-4999/direct_upsampling_data_rungs_1-3/thermodynamic_properties/cristobalite_beta_pbe_d3bj.csv
885,0,-8.123031359593744,reference,DaRUS-4999/direct_upsampling_data_rungs_1-3/thermodynamic_properties/cristobalite_beta_pbe_d3bj.csv
886,0,-8.123419821938324,reference,DaRUS-4999/direct_upsampling_data_rungs_1-3/thermodynamic_properties/cristobalite_beta_pbe_d3bj.csv
887,0,-8.123808561522017,reference,DaRUS-4999/direct_upsampling_data_rungs_1-3/thermodynamic_properties/cristobalite_beta_pbe_d3bj.csv
888,0,-8.124197578071801,reference,DaRUS-4999/direct_upsampling_data_rungs_1-3/thermodynamic_properties/cristobalite_beta_pbe_d3bj.csv
889,0,-8.124586871315165,reference,DaRUS-4999/direct_upsampling_data_rungs_1-3/thermodynamic_properties/cristobalite_beta_pbe_d3bj.csv
890,0,-8.124976440980095,reference,DaRUS-4999/direct_upsampling_data_rungs_1-3/thermodynamic_properties/cristobalite_beta_pbe_d3bj.csv
891,0,-8.125366286795085,reference,DaRUS-4999/direct_upsampling_data_rungs_1-3/thermodynamic_properties/cristobalite_beta_pbe_d3bj.csv
892,0,-8.125756408489123,reference,DaRUS-4999/direct_upsampling_data_rungs_1-3/thermodynamic_properties/cristobalite_beta_pbe_d3bj.csv
893,0,-8.126146805791697,reference,DaRUS-4999/direct_upsampling_data_rungs_1-3/thermodynamic_properties/cristobalite_beta_pbe_d3bj.csv
894,0,-8.126537478432793,reference,DaRUS-4999/direct_upsampling_data_rungs_1-3/thermodynamic_properties/cristobalite_beta_pbe_d3bj.csv
895,0,-8.126928426142896,reference,DaRUS-4999/direct_upsampling_data_rungs_1-3/thermodynamic_properties/cristobalite_beta_pbe_d3bj.csv
896,0,-8.127319648652978,reference,DaRUS-4999/direct_upsampling_data_rungs_1-3/thermodynamic_properties/cristobalite_beta_pbe_d3bj.csv
897,0,-8.127711145694512,reference,DaRUS-4999/direct_upsampling_data_rungs_1-3/thermodynamic_properties/cristobalite_beta_pbe_d3bj.csv
898,0,-8.128102916999465,reference,DaRUS-4999/direct_upsampling_data_rungs_1-3/thermodynamic_properties/cristobalite_beta_pbe_d3bj.csv
899,0,-8.128494962300287,reference,DaRUS-4999/direct_upsampling_data_rungs_1-3/thermodynamic_properties/cristobalite_beta_pbe_d3bj.csv
900,0,-8.128887281329925,reference,DaRUS-4999/direct_upsampling_data_rungs_1-3/thermodynamic_properties/cristobalite_beta_pbe_d3bj.csv
901,0,-8.129279873821813,reference,DaRUS-4999/direct_upsampling_data_rungs_1-3/thermodynamic_properties/cristobalite_beta_pbe_d3bj.csv
902,0,-8.129672739509871,reference,DaRUS-4999/direct_upsampling_data_rungs_1-3/thermodynamic_properties/cristobalite_beta_pbe_d3bj.csv
903,0,-8.130065878128507,reference,DaRUS-4999/direct_upsampling_data_rungs_1-3/thermodynamic_properties/cristobalite_beta_pbe_d3bj.csv
904,0,-8.130459289412615,reference,DaRUS-4999/direct_upsampling_data_rungs_1-3/thermodynamic_properties/cristobalite_beta_pbe_d3bj.csv
905,0,-8.13085297309757,reference,DaRUS-4999/direct_upsampling_data_rungs_1-3/thermodynamic_properties/cristobalite_beta_pbe_d3bj.csv
906,0,-8.13124692891923,reference,DaRUS-4999/direct_upsampling_data_rungs_1-3/thermodynamic_properties/cristobalite_beta_pbe_d3bj.csv
907,0,-8.131641156613938,reference,DaRUS-4999/direct_upsampling_data_rungs_1-3/thermodynamic_properties/cristobalite_beta_pbe_d3bj.csv
908,0,-8.132035655918518,reference,DaRUS-4999/direct_upsampling_data_rungs_1-3/thermodynamic_properties/cristobalite_beta_pbe_d3bj.csv
909,0,-8.132430426570266,reference,DaRUS-4999/direct_upsampling_data_rungs_1-3/thermodynamic_properties/cristobalite_beta_pbe_d3bj.csv
910,0,-8.132825468306962,reference,DaRUS-4999/direct_upsampling_data_rungs_1-3/thermodynamic_properties/cristobalite_beta_pbe_d3bj.csv
911,0,-8.133220780866861,reference,DaRUS-4999/direct_upsampling_data_rungs_1-3/thermodynamic_properties/cristobalite_beta_pbe_d3bj.csv
912,0,-8.133616363988693,reference,DaRUS-4999/direct_upsampling_data_rungs_1-3/thermodynamic_properties/cristobalite_beta_pbe_d3bj.csv
913,0,-8.134012217411668,reference,DaRUS-4999/direct_upsampling_data_rungs_1-3/thermodynamic_properties/cristobalite_beta_pbe_d3bj.csv
914,0,-8.134408340875456,reference,DaRUS-4999/direct_upsampling_data_rungs_1-3/thermodynamic_properties/cristobalite_beta_pbe_d3bj.csv
915,0,-8.134804734120218,reference,DaRUS-4999/direct_upsampling_data_rungs_1-3/thermodynamic_properties/cristobalite_beta_pbe_d3bj.csv
916,0,-8.135201396886567,reference,DaRUS-4999/direct_upsampling_data_rungs_1-3/thermodynamic_properties/cristobalite_beta_pbe_d3bj.csv
917,0,-8.135598328915597,reference,DaRUS-4999/direct_upsampling_data_rungs_1-3/thermodynamic_properties/cristobalite_beta_pbe_d3bj.csv
918,0,-8.135995529948868,reference,DaRUS-4999/direct_upsampling_data_rungs_1-3/thermodynamic_properties/cristobalite_beta_pbe_d3bj.csv
919,0,-8.136392999728407,reference,DaRUS-4999/direct_upsampling_data_rungs_1-3/thermodynamic_properties/cristobalite_beta_pbe_d3bj.csv
920,0,-8.136790737996707,reference,DaRUS-4999/direct_upsampling_data_rungs_1-3/thermodynamic_properties/cristobalite_beta_pbe_d3bj.csv
921,0,-8.137188744496726,reference,DaRUS-4999/direct_upsampling_data_rungs_1-3/thermodynamic_properties/cristobalite_beta_pbe_d3bj.csv
922,0,-8.137587018971885,reference,DaRUS-4999/direct_upsampling_data_rungs_1-3/thermodynamic_properties/cristobalite_beta_pbe_d3bj.csv
923,0,-8.137985561166072,reference,DaRUS-4999/direct_upsampling_data_rungs_1-3/thermodynamic_properties/cristobalite_beta_pbe_d3bj.csv
924,0,-8.138384370823628,reference,DaRUS-4999/direct_upsampling_data_rungs_1-3/thermodynamic_properties/cristobalite_beta_pbe_d3bj.csv
925,0,-8.138783447689368,reference,DaRUS-4999/direct_upsampling_data_rungs_1-3/thermodynamic_properties/cristobalite_beta_pbe_d3bj.csv
926,0,-8.139182791508556,reference,DaRUS-4999/direct_upsampling_data_rungs_1-3/thermodynamic_properties/cristobalite_beta_pbe_d3bj.csv
927,0,-8.139582402026912,reference,DaRUS-4999/direct_upsampling_data_rungs_1-3/thermodynamic_properties/cristobalite_beta_pbe_d3bj.csv
928,0,-8.139982278990624,reference,DaRUS-4999/direct_upsampling_data_rungs_1-3/thermodynamic_properties/cristobalite_beta_pbe_d3bj.csv
929,0,-8.140382422146324,reference,DaRUS-4999/direct_upsampling_data_rungs_1-3/thermodynamic_properties/cristobalite_beta_pbe_d3bj.csv
930,0,-8.140782831241109,reference,DaRUS-4999/direct_upsampling_data_rungs_1-3/thermodynamic_properties/cristobalite_beta_pbe_d3bj.csv
931,0,-8.141183506022521,reference,DaRUS-4999/direct_upsampling_data_rungs_1-3/thermodynamic_properties/cristobalite_beta_pbe_d3bj.csv
932,0,-8.141584446238564,reference,DaRUS-4999/direct_upsampling_data_rungs_1-3/thermodynamic_properties/cristobalite_beta_pbe_d3bj.csv
933,0,-8.141985651637684,reference,DaRUS-4999/direct_upsampling_data_rungs_1-3/thermodynamic_properties/cristobalite_beta_pbe_d3bj.csv
934,0,-8.142387121968783,reference,DaRUS-4999/direct_upsampling_data_rungs_1-3/thermodynamic_properties/cristobalite_beta_pbe_d3bj.csv
935,0,-8.142788856981209,reference,DaRUS-4999/direct_upsampling_data_rungs_1-3/thermodynamic_properties/cristobalite_beta_pbe_d3bj.csv
936,0,-8.143190856424763,reference,DaRUS-4999/direct_upsampling_data_rungs_1-3/thermodynamic_properties/cristobalite_beta_pbe_d3bj.csv
937,0,-8.14359312004969,reference,DaRUS-4999/direct_upsampling_data_rungs_1-3/thermodynamic_properties/cristobalite_beta_pbe_d3bj.csv
938,0,-8.143995647606681,reference,DaRUS-4999/direct_upsampling_data_rungs_1-3/thermodynamic_properties/cristobalite_beta_pbe_d3bj.csv
939,0,-8.144398438846867,reference,DaRUS-4999/direct_upsampling_data_rungs_1-3/thermodynamic_properties/cristobalite_beta_pbe_d3bj.csv
940,0,-8.144801493521831,reference,DaRUS-4999/direct_upsampling_data_rungs_1-3/thermodynamic_properties/cristobalite_beta_pbe_d3bj.csv
941,0,-8.145204811383596,reference,DaRUS-4999/direct_upsampling_data_rungs_1-3/thermodynamic_properties/cristobalite_beta_pbe_d3bj.csv
942,0,-8.145608392184625,reference,DaRUS-4999/direct_upsampling_data_rungs_1-3/thermodynamic_properties/cristobalite_beta_pbe_d3bj.csv
943,0,-8.146012235677823,reference,DaRUS-4999/direct_upsampling_data_rungs_1-3/thermodynamic_properties/cristobalite_beta_pbe_d3bj.csv
944,0,-8.146416341616534,reference,DaRUS-4999/direct_upsampling_data_rungs_1-3/thermodynamic_properties/cristobalite_beta_pbe_d3bj.csv
945,0,-8.146820709754536,reference,DaRUS-4999/direct_upsampling_data_rungs_1-3/thermodynamic_properties/cristobalite_beta_pbe_d3bj.csv
946,0,-8.147225339846054,reference,DaRUS-4999/direct_upsampling_data_rungs_1-3/thermodynamic_properties/cristobalite_beta_pbe_d3bj.csv
947,0,-8.147630231645735,reference,DaRUS-4999/direct_upsampling_data_rungs_1-3/thermodynamic_properties/cristobalite_beta_pbe_d3bj.csv
948,0,-8.148035384908678,reference,DaRUS-4999/direct_upsampling_data_rungs_1-3/thermodynamic_properties/cristobalite_beta_pbe_d3bj.csv
949,0,-8.1484407993904,reference,DaRUS-4999/direct_upsampling_data_rungs_1-3/thermodynamic_properties/cristobalite_beta_pbe_d3bj.csv
950,0,-8.148846474846867,reference,DaRUS-4999/direct_upsampling_data_rungs_1-3/thermodynamic_properties/cristobalite_beta_pbe_d3bj.csv
951,0,-8.149252411034464,reference,DaRUS-4999/direct_upsampling_data_rungs_1-3/thermodynamic_properties/cristobalite_beta_pbe_d3bj.csv
952,0,-8.149658607710009,reference,DaRUS-4999/direct_upsampling_data_rungs_1-3/thermodynamic_properties/cristobalite_beta_pbe_d3bj.csv
953,0,-8.150065064630754,reference,DaRUS-4999/direct_upsampling_data_rungs_1-3/thermodynamic_properties/cristobalite_beta_pbe_d3bj.csv
954,0,-8.15047178155438,reference,DaRUS-4999/direct_upsampling_data_rungs_1-3/thermodynamic_properties/cristobalite_beta_pbe_d3bj.csv
955,0,-8.15087875823899,reference,DaRUS-4999/direct_upsampling_data_rungs_1-3/thermodynamic_properties/cristobalite_beta_pbe_d3bj.csv
956,0,-8.15128599444312,reference,DaRUS-4999/direct_upsampling_data_rungs_1-3/thermodynamic_properties/cristobalite_beta_pbe_d3bj.csv
957,0,-8.151693489925727,reference,DaRUS-4999/direct_upsampling_data_rungs_1-3/thermodynamic_properties/cristobalite_beta_pbe_d3bj.csv
958,0,-8.152101244446193,reference,DaRUS-4999/direct_upsampling_data_rungs_1-3/thermodynamic_properties/cristobalite_beta_pbe_d3bj.csv
959,0,-8.152509257764331,reference,DaRUS-4999/direct_upsampling_data_rungs_1-3/thermodynamic_properties/cristobalite_beta_pbe_d3bj.csv
960,0,-8.152917529640364,reference,DaRUS-4999/direct_upsampling_data_rungs_1-3/thermodynamic_properties/cristobalite_beta_pbe_d3bj.csv
961,0,-8.153326059834944,reference,DaRUS-4999/direct_upsampling_data_rungs_1-3/thermodynamic_properties/cristobalite_beta_pbe_d3bj.csv
962,0,-8.153734848109147,reference,DaRUS-4999/direct_upsampling_data_rungs_1-3/thermodynamic_properties/cristobalite_beta_pbe_d3bj.csv
963,0,-8.154143894224461,reference,DaRUS-4999/direct_upsampling_data_rungs_1-3/thermodynamic_properties/cristobalite_beta_pbe_d3bj.csv
964,0,-8.154553197942795,reference,DaRUS-4999/direct_upsampling_data_rungs_1-3/thermodynamic_properties/cristobalite_beta_pbe_d3bj.csv
965,0,-8.154962759026475,reference,DaRUS-4999/direct_upsampling_data_rungs_1-3/thermodynamic_properties/cristobalite_beta_pbe_d3bj.csv
966,0,-8.155372577238245,reference,DaRUS-4999/direct_upsampling_data_rungs_1-3/thermodynamic_properties/cristobalite_beta_pbe_d3bj.csv
967,0,-8.15578265234126,reference,DaRUS-4999/direct_upsampling_data_rungs_1-3/thermodynamic_properties/cristobalite_beta_pbe_d3bj.csv
968,0,-8.156192984099102,reference,DaRUS-4999/direct_upsampling_data_rungs_1-3/thermodynamic_properties/cristobalite_beta_pbe_d3bj.csv
969,0,-8.156603572275749,reference,DaRUS-4999/direct_upsampling_data_rungs_1-3/thermodynamic_properties/cristobalite_beta_pbe_d3bj.csv
970,0,-8.157014416635606,reference,DaRUS-4999/direct_upsampling_data_rungs_1-3/thermodynamic_properties/cristobalite_beta_pbe_d3bj.csv
971,0,-8.157425516943476,reference,DaRUS-4999/direct_upsampling_data_rungs_1-3/thermodynamic_properties/cristobalite_beta_pbe_d3bj.csv
972,0,-8.157836872964584,reference,DaRUS-4999/direct_upsampling_data_rungs_1-3/thermodynamic_properties/cristobalite_beta_pbe_d3bj.csv
973,0,-8.158248484464556,reference,DaRUS-4999/direct_upsampling_data_rungs_1-3/thermodynamic_properties/cristobalite_beta_pbe_d3bj.csv
974,0,-8.158660351209436,reference,DaRUS-4999/direct_upsampling_data_rungs_1-3/thermodynamic_properties/cristobalite_beta_pbe_d3bj.csv
975,0,-8.159072472965665,reference,DaRUS-4999/direct_upsampling_data_rungs_1-3/thermodynamic_properties/cristobalite_beta_pbe_d3bj.csv
976,0,-8.159484849500094,reference,DaRUS-4999/direct_upsampling_data_rungs_1-3/thermodynamic_properties/cristobalite_beta_pbe_d3bj.csv
977,0,-8.159897480579987,reference,DaRUS-4999/direct_upsampling_data_rungs_1-3/thermodynamic_properties/cristobalite_beta_pbe_d3bj.csv
978,0,-8.160310365972995,reference,DaRUS-4999/direct_upsampling_data_rungs_1-3/thermodynamic_properties/cristobalite_beta_pbe_d3bj.csv
979,0,-8.160723505447194,reference,DaRUS-4999/direct_upsampling_data_rungs_1-3/thermodynamic_properties/cristobalite_beta_pbe_d3bj.csv
980,0,-8.161136898771046,reference,DaRUS-4999/direct_upsampling_data_rungs_1-3/thermodynamic_properties/cristobalite_beta_pbe_d3bj.csv
981,0,-8.161550545713423,reference,DaRUS-4999/direct_upsampling_data_rungs_1-3/thermodynamic_properties/cristobalite_beta_pbe_d3bj.csv
982,0,-8.161964446043591,reference,DaRUS-4999/direct_upsampling_data_rungs_1-3/thermodynamic_properties/cristobalite_beta_pbe_d3bj.csv
983,0,-8.16237859953122,reference,DaRUS-4999/direct_upsampling_data_rungs_1-3/thermodynamic_properties/cristobalite_beta_pbe_d3bj.csv
984,0,-8.162793005946385,reference,DaRUS-4999/direct_upsampling_data_rungs_1-3/thermodynamic_properties/cristobalite_beta_pbe_d3bj.csv
985,0,-8.163207665059545,reference,DaRUS-4999/direct_upsampling_data_rungs_1-3/thermodynamic_properties/cristobalite_beta_pbe_d3bj.csv
986,0,-8.163622576641563,reference,DaRUS-4999/direct_upsampling_data_rungs_1-3/thermodynamic_properties/cristobalite_beta_pbe_d3bj.csv
987,0,-8.1640377404637,reference,DaRUS-4999/direct_upsampling_data_rungs_1-3/thermodynamic_properties/cristobalite_beta_pbe_d3bj.csv
988,0,-8.164453156297606,reference,DaRUS-4999/direct_upsampling_data_rungs_1-3/thermodynamic_properties/cristobalite_beta_pbe_d3bj.csv
989,0,-8.164868823915327,reference,DaRUS-4999/direct_upsampling_data_rungs_1-3/thermodynamic_properties/cristobalite_beta_pbe_d3bj.csv
990,0,-8.165284743089309,reference,DaRUS-4999/direct_upsampling_data_rungs_1-3/thermodynamic_properties/cristobalite_beta_pbe_d3bj.csv
991,0,-8.165700913592378,reference,DaRUS-4999/direct_upsampling_data_rungs_1-3/thermodynamic_properties/cristobalite_beta_pbe_d3bj.csv
992,0,-8.166117335197761,reference,DaRUS-4999/direct_upsampling_data_rungs_1-3/thermodynamic_properties/cristobalite_beta_pbe_d3bj.csv
993,0,-8.166534007679065,reference,DaRUS-4999/direct_upsampling_data_rungs_1-3/thermodynamic_properties/cristobalite_beta_pbe_d3bj.csv
994,0,-8.166950930810296,reference,DaRUS-4999/direct_upsampling_data_rungs_1-3/thermodynamic_properties/cristobalite_beta_pbe_d3bj.csv
995,0,-8.167368104365845,reference,DaRUS-4999/direct_upsampling_data_rungs_1-3/thermodynamic_properties/cristobalite_beta_pbe_d3bj.csv
996,0,-8.16778552812049,reference,DaRUS-4999/direct_upsampling_data_rungs_1-3/thermodynamic_properties/cristobalite_beta_pbe_d3bj.csv
997,0,-8.168203201849387,reference,DaRUS-4999/direct_upsampling_data_rungs_1-3/thermodynamic_properties/cristobalite_beta_pbe_d3bj.csv
998,0,-8.168621125328094,reference,DaRUS-4999/direct_upsampling_data_rungs_1-3/thermodynamic_properties/cristobalite_beta_pbe_d3bj.csv
999,0,-8.169039298332548,reference,DaRUS-4999/direct_upsampling_data_rungs_1-3/thermodynamic_properties/cristobalite_beta_pbe_d3bj.csv
1000,0,-8.169457720639057,reference,DaRUS-4999/direct_upsampling_data_rungs_1-3/thermodynamic_properties/cristobalite_beta_pbe_d3bj.csv
1001,0,-8.169876392024326,reference,DaRUS-4999/direct_upsampling_data_rungs_1-3/thermodynamic_properties/cristobalite_beta_pbe_d3bj.csv
1002,0,-8.170295312265434,reference,DaRUS-4999/direct_upsampling_data_rungs_1-3/thermodynamic_properties/cristobalite_beta_pbe_d3bj.csv
1003,0,-8.170714481139846,reference,DaRUS-4999/direct_upsampling_data_rungs_1-3/thermodynamic_properties/cristobalite_beta_pbe_d3bj.csv
1004,0,-8.171133898425406,reference,DaRUS-4999/direct_upsampling_data_rungs_1-3/thermodynamic_properties/cristobalite_beta_pbe_d3bj.csv
1005,0,-8.171553563900334,reference,DaRUS-4999/direct_upsampling_data_rungs_1-3/thermodynamic_properties/cristobalite_beta_pbe_d3bj.csv
1006,0,-8.171973477343229,reference,DaRUS-4999/direct_upsampling_data_rungs_1-3/thermodynamic_properties/cristobalite_beta_pbe_d3bj.csv
1007,0,-8.172393638533071,reference,DaRUS-4999/direct_upsampling_data_rungs_1-3/thermodynamic_properties/cristobalite_beta_pbe_d3bj.csv
1008,0,-8.17281404724921,reference,DaRUS-4999/direct_upsampling_data_rungs_1-3/thermodynamic_properties/cristobalite_beta_pbe_d3bj.csv
1009,0,-8.173234703271378,reference,DaRUS-4999/direct_upsampling_data_rungs_1-3/thermodynamic_properties/cristobalite_beta_pbe_d3bj.csv
1010,0,-8.173655606379675,reference,DaRUS-4999/direct_upsampling_data_rungs_1-3/thermodynamic_properties/cristobalite_beta_pbe_d3bj.csv
1011,0,-8.17407675635458,reference,DaRUS-4999/direct_upsampling_data_rungs_1-3/thermodynamic_properties/cristobalite_beta_pbe_d3bj.csv
1012,0,-8.174498152976946,reference,DaRUS-4999/direct_upsampling_data_rungs_1-3/thermodynamic_properties/cristobalite_beta_pbe_d3bj.csv
1013,0,-8.174919796027991,reference,DaRUS-4999/direct_upsampling_data_rungs_1-3/thermodynamic_properties/cristobalite_beta_pbe_d3bj.csv
1014,0,-8.175341685289307,reference,DaRUS-4999/direct_upsampling_data_rungs_1-3/thermodynamic_properties/cristobalite_beta_pbe_d3bj.csv
1015,0,-8.175763820542858,reference,DaRUS-4999/direct_upsampling_data_rungs_1-3/thermodynamic_properties/cristobalite_beta_pbe_d3bj.csv
1016,0,-8.17618620157098,reference,DaRUS-4999/direct_upsampling_data_rungs_1-3/thermodynamic_properties/cristobalite_beta_pbe_d3bj.csv
1017,0,-8.176608828156368,reference,DaRUS-4999/direct_upsampling_data_rungs_1-3/thermodynamic_properties/cristobalite_beta_pbe_d3bj.csv
1018,0,-8.177031700082093,reference,DaRUS-4999/direct_upsampling_data_rungs_1-3/thermodynamic_properties/cristobalite_beta_pbe_d3bj.csv
1019,0,-8.17745481713159,reference,DaRUS-4999/direct_upsampling_data_rungs_1-3/thermodynamic_properties/cristobalite_beta_pbe_d3bj.csv
1020,0,-8.177878179088655,reference,DaRUS-4999/direct_upsampling_data_rungs_1-3/thermodynamic_properties/cristobalite_beta_pbe_d3bj.csv
1021,0,-8.178301785737457,reference,DaRUS-4999/direct_upsampling_data_rungs_1-3/thermodynamic_properties/cristobalite_beta_pbe_d3bj.csv
1022,0,-8.178725636862529,reference,DaRUS-4999/direct_upsampling_data_rungs_1-3/thermodynamic_properties/cristobalite_beta_pbe_d3bj.csv
1023,0,-8.179149732248757,reference,DaRUS-4999/direct_upsampling_data_rungs_1-3/thermodynamic_properties/cristobalite_beta_pbe_d3bj.csv
1024,0,-8.179574071681396,reference,DaRUS-4999/direct_upsampling_data_rungs_1-3/thermodynamic_properties/cristobalite_beta_pbe_d3bj.csv
1025,0,-8.179998654946067,reference,DaRUS-4999/direct_upsampling_data_rungs_1-3/thermodynamic_properties/cristobalite_beta_pbe_d3bj.csv
1026,0,-8.180423481828742,reference,DaRUS-4999/direct_upsampling_data_rungs_1-3/thermodynamic_properties/cristobalite_beta_pbe_d3bj.csv
1027,0,-8.18084855211576,reference,DaRUS-4999/direct_upsampling_data_rungs_1-3/thermodynamic_properties/cristobalite_beta_pbe_d3bj.csv
1028,0,-8.181273865593818,reference,DaRUS-4999/direct_upsampling_data_rungs_1-3/thermodynamic_properties/cristobalite_beta_pbe_d3bj.csv
1029,0,-8.181699422049968,reference,DaRUS-4999/direct_upsampling_data_rungs_1-3/thermodynamic_properties/cristobalite_beta_pbe_d3bj.csv
1030,0,-8.182125221271621,reference,DaRUS-4999/direct_upsampling_data_rungs_1-3/thermodynamic_properties/cristobalite_beta_pbe_d3bj.csv
1031,0,-8.182551263046545,reference,DaRUS-4999/direct_upsampling_data_rungs_1-3/thermodynamic_properties/cristobalite_beta_pbe_d3bj.csv
1032,0,-8.182977547162857,reference,DaRUS-4999/direct_upsampling_data_rungs_1-3/thermodynamic_properties/cristobalite_beta_pbe_d3bj.csv
1033,0,-8.183404073409042,reference,DaRUS-4999/direct_upsampling_data_rungs_1-3/thermodynamic_properties/cristobalite_beta_pbe_d3bj.csv
1034,0,-8.183830841573927,reference,DaRUS-4999/direct_upsampling_data_rungs_1-3/thermodynamic_properties/cristobalite_beta_pbe_d3bj.csv
1035,0,-8.1842578514467,reference,DaRUS-4999/direct_upsampling_data_rungs_1-3/thermodynamic_properties/cristobalite_beta_pbe_d3bj.csv
1036,0,-8.184685102816893,reference,DaRUS-4999/direct_upsampling_data_rungs_1-3/thermodynamic_properties/cristobalite_beta_pbe_d3bj.csv
1037,0,-8.185112595474397,reference,DaRUS-4999/direct_upsampling_data_rungs_1-3/thermodynamic_properties/cristobalite_beta_pbe_d3bj.csv
1038,0,-8.185540329209449,reference,DaRUS-4999/direct_upsampling_data_rungs_1-3/thermodynamic_properties/cristobalite_beta_pbe_d3bj.csv
1039,0,-8.185968303812636,reference,DaRUS-4999/direct_upsampling_data_rungs_1-3/thermodynamic_properties/cristobalite_beta_pbe_d3bj.csv
1040,0,-8.186396519074901,reference,DaRUS-4999/direct_upsampling_data_rungs_1-3/thermodynamic_properties/cristobalite_beta_pbe_d3bj.csv
1041,0,-8.186824974787521,reference,DaRUS-4999/direct_upsampling_data_rungs_1-3/thermodynamic_properties/cristobalite_beta_pbe_d3bj.csv
1042,0,-8.187253670742132,reference,DaRUS-4999/direct_upsampling_data_rungs_1-3/thermodynamic_properties/cristobalite_beta_pbe_d3bj.csv
1043,0,-8.187682606730718,reference,DaRUS-4999/direct_upsampling_data_rungs_1-3/thermodynamic_properties/cristobalite_beta_pbe_d3bj.csv
1044,0,-8.188111782545592,reference,DaRUS-4999/direct_upsampling_data_rungs_1-3/thermodynamic_properties/cristobalite_beta_pbe_d3bj.csv
1045,0,-8.188541197979434,reference,DaRUS-4999/direct_upsampling_data_rungs_1-3/thermodynamic_properties/cristobalite_beta_pbe_d3bj.csv
1046,0,-8.188970852825253,reference,DaRUS-4999/direct_upsampling_data_rungs_1-3/thermodynamic_properties/cristobalite_beta_pbe_d3bj.csv
1047,0,-8.189400746876407,reference,DaRUS-4999/direct_upsampling_data_rungs_1-3/thermodynamic_properties/cristobalite_beta_pbe_d3bj.csv
1048,0,-8.189830879926596,reference,DaRUS-4999/direct_upsampling_data_rungs_1-3/thermodynamic_properties/cristobalite_beta_pbe_d3bj.csv
1049,0,-8.190261251769856,reference,DaRUS-4999/direct_upsampling_data_rungs_1-3/thermodynamic_properties/cristobalite_beta_pbe_d3bj.csv
1050,0,-8.190691862200577,reference,DaRUS-4999/direct_upsampling_data_rungs_1-3/thermodynamic_properties/cristobalite_beta_pbe_d3bj.csv
1051,0,-8.191122711013474,reference,DaRUS-4999/direct_upsampling_data_rungs_1-3/thermodynamic_properties/cristobalite_beta_pbe_d3bj.csv
1052,0,-8.191553798003609,reference,DaRUS-4999/direct_upsampling_data_rungs_1-3/thermodynamic_properties/cristobalite_beta_pbe_d3bj.csv
1053,0,-8.191985122966384,reference,DaRUS-4999/direct_upsampling_data_rungs_1-3/thermodynamic_properties/cristobalite_beta_pbe_d3bj.csv
1054,0,-8.192416685697536,reference,DaRUS-4999/direct_upsampling_data_rungs_1-3/thermodynamic_properties/cristobalite_beta_pbe_d3bj.csv
1055,0,-8.192848485993133,reference,DaRUS-4999/direct_upsampling_data_rungs_1-3/thermodynamic_properties/cristobalite_beta_pbe_d3bj.csv
1056,0,-8.193280523649591,reference,DaRUS-4999/direct_upsampling_data_rungs_1-3/thermodynamic_properties/cristobalite_beta_pbe_d3bj.csv
1057,0,-8.193712798463658,reference,DaRUS-4999/direct_upsampling_data_rungs_1-3/thermodynamic_properties/cristobalite_beta_pbe_d3bj.csv
1058,0,-8.194145310232409,reference,DaRUS-4999/direct_upsampling_data_rungs_1-3/thermodynamic_properties/cristobalite_beta_pbe_d3bj.csv
1059,0,-8.194578058753258,reference,DaRUS-4999/direct_upsampling_data_rungs_1-3/thermodynamic_properties/cristobalite_beta_pbe_d3bj.csv
1060,0,-8.195011043823955,reference,DaRUS-4999/direct_upsampling_data_rungs_1-3/thermodynamic_properties/cristobalite_beta_pbe_d3bj.csv
1061,0,-8.195444265242577,reference,DaRUS-4999/direct_upsampling_data_rungs_1-3/thermodynamic_properties/cristobalite_beta_pbe_d3bj.csv
1062,0,-8.195877722807532,reference,DaRUS-4999/direct_upsampling_data_rungs_1-3/thermodynamic_properties/cristobalite_beta_pbe_d3bj.csv
1063,0,-8.196311416317567,reference,DaRUS-4999/direct_upsampling_data_rungs_1-3/thermodynamic_properties/cristobalite_beta_pbe_d3bj.csv
1064,0,-8.196745345571751,reference,DaRUS-4999/direct_upsampling_data_rungs_1-3/thermodynamic_properties/cristobalite_beta_pbe_d3bj.csv
1065,0,-8.19717951036948,reference,DaRUS-4999/direct_upsampling_data_rungs_1-3/thermodynamic_properties/cristobalite_beta_pbe_d3bj.csv
1066,0,-8.197613910510489,reference,DaRUS-4999/direct_upsampling_data_rungs_1-3/thermodynamic_properties/cristobalite_beta_pbe_d3bj.csv
1067,0,-8.198048545794832,reference,DaRUS-4999/direct_upsampling_data_rungs_1-3/thermodynamic_properties/cristobalite_beta_pbe_d3bj.csv
1068,0,-8.198483416022892,reference,DaRUS-4999/direct_upsampling_data_rungs_1-3/thermodynamic_properties/cristobalite_beta_pbe_d3bj.csv
1069,0,-8.198918520995379,reference,DaRUS-4999/direct_upsampling_data_rungs_1-3/thermodynamic_properties/cristobalite_beta_pbe_d3bj.csv
1070,0,-8.199353860513327,reference,DaRUS-4999/direct_upsampling_data_rungs_1-3/thermodynamic_properties/cristobalite_beta_pbe_d3bj.csv
1071,0,-8.199789434378095,reference,DaRUS-4999/direct_upsampling_data_rungs_1-3/thermodynamic_properties/cristobalite_beta_pbe_d3bj.csv
1072,0,-8.200225242391371,reference,DaRUS-4999/direct_upsampling_data_rungs_1-3/thermodynamic_properties/cristobalite_beta_pbe_d3bj.csv
1073,0,-8.200661284355157,reference,DaRUS-4999/direct_upsampling_data_rungs_1-3/thermodynamic_properties/cristobalite_beta_pbe_d3bj.csv
1074,0,-8.201097560071782,reference,DaRUS-4999/direct_upsampling_data_rungs_1-3/thermodynamic_properties/cristobalite_beta_pbe_d3bj.csv
1075,0,-8.201534069343897,reference,DaRUS-4999/direct_upsampling_data_rungs_1-3/thermodynamic_properties/cristobalite_beta_pbe_d3bj.csv
1076,0,-8.201970811974475,reference,DaRUS-4999/direct_upsampling_data_rungs_1-3/thermodynamic_properties/cristobalite_beta_pbe_d3bj.csv
1077,0,-8.202407787766807,reference,DaRUS-4999/direct_upsampling_data_rungs_1-3/thermodynamic_properties/cristobalite_beta_pbe_d3bj.csv
1078,0,-8.202844996524506,reference,DaRUS-4999/direct_upsampling_data_rungs_1-3/thermodynamic_properties/cristobalite_beta_pbe_d3bj.csv
1079,0,-8.203282438051497,reference,DaRUS-4999/direct_upsampling_data_rungs_1-3/thermodynamic_properties/cristobalite_beta_pbe_d3bj.csv
1080,0,-8.203720112152034,reference,DaRUS-4999/direct_upsampling_data_rungs_1-3/thermodynamic_properties/cristobalite_beta_pbe_d3bj.csv
1081,0,-8.204158018630675,reference,DaRUS-4999/direct_upsampling_data_rungs_1-3/thermodynamic_properties/cristobalite_beta_pbe_d3bj.csv
1082,0,-8.204596157292308,reference,DaRUS-4999/direct_upsampling_data_rungs_1-3/thermodynamic_properties/cristobalite_beta_pbe_d3bj.csv
1083,0,-8.205034527942127,reference,DaRUS-4999/direct_upsampling_data_rungs_1-3/thermodynamic_properties/cristobalite_beta_pbe_d3bj.csv
1084,0,-8.205473130385649,reference,DaRUS-4999/direct_upsampling_data_rungs_1-3/thermodynamic_properties/cristobalite_beta_pbe_d3bj.csv
1085,0,-8.205911964428692,reference,DaRUS-4999/direct_upsampling_data_rungs_1-3/thermodynamic_properties/cristobalite_beta_pbe_d3bj.csv
1086,0,-8.206351029877403,reference,DaRUS-4999/direct_upsampling_data_rungs_1-3/thermodynamic_properties/cristobalite_beta_pbe_d3bj.csv
1087,0,-8.206790326538236,reference,DaRUS-4999/direct_upsampling_data_rungs_1-3/thermodynamic_properties/cristobalite_beta_pbe_d3bj.csv
1088,0,-8.207229854217957,reference,DaRUS-4999/direct_upsampling_data_rungs_1-3/thermodynamic_properties/cristobalite_beta_pbe_d3bj.csv
1089,0,-8.20766961272364,reference,DaRUS-4999/direct_upsampling_data_rungs_1-3/thermodynamic_properties/cristobalite_beta_pbe_d3bj.csv
1090,0,-8.208109601862674,reference,DaRUS-4999/direct_upsampling_data_rungs_1-3/thermodynamic_properties/cristobalite_beta_pbe_d3bj.csv
1091,0,-8.208549821442755,reference,DaRUS-4999/direct_upsampling_data_rungs_1-3/thermodynamic_properties/cristobalite_beta_pbe_d3bj.csv
1092,0,-8.208990271271894,reference,DaRUS-4999/direct_upsampling_data_rungs_1-3/thermodynamic_properties/cristobalite_beta_pbe_d3bj.csv
1093,0,-8.209430951158406,reference,DaRUS-4999/direct_upsampling_data_rungs_1-3/thermodynamic_properties/cristobalite_beta_pbe_d3bj.csv
1094,0,-8.209871860910916,reference,DaRUS-4999/direct_upsampling_data_rungs_1-3/thermodynamic_properties/cristobalite_beta_pbe_d3bj.csv
1095,0,-8.210313000338354,reference,DaRUS-4999/direct_upsampling_data_rungs_1-3/thermodynamic_properties/cristobalite_beta_pbe_d3bj.csv
1096,0,-8.210754369249956,reference,DaRUS-4999/direct_upsampling_data_rungs_1-3/thermodynamic_properties/cristobalite_beta_pbe_d3bj.csv
1097,0,-8.211195967455266,reference,DaRUS-4999/direct_upsampling_data_rungs_1-3/thermodynamic_properties/cristobalite_beta_pbe_d3bj.csv
1098,0,-8.21163779476414,reference,DaRUS-4999/direct_upsampling_data_rungs_1-3/thermodynamic_properties/cristobalite_beta_pbe_d3bj.csv
1099,0,-8.212079850986722,reference,DaRUS-4999/direct_upsampling_data_rungs_1-3/thermodynamic_properties/cristobalite_beta_pbe_d3bj.csv
1100,0,-8.212522135933472,reference,DaRUS-4999/direct_upsampling_data_rungs_1-3/thermodynamic_properties/cristobalite_beta_pbe_d3bj.csv
1101,0,-8.212964649415152,reference,DaRUS-4999/direct_upsampling_data_rungs_1-3/thermodynamic_properties/cristobalite_beta_pbe_d3bj.csv
1102,0,-8.213407391242825,reference,DaRUS-4999/direct_upsampling_data_rungs_1-3/thermodynamic_properties/cristobalite_beta_pbe_d3bj.csv
1103,0,-8.213850361227854,reference,DaRUS-4999/direct_upsampling_data_rungs_1-3/thermodynamic_properties/cristobalite_beta_pbe_d3bj.csv
1104,0,-8.214293559181904,reference,DaRUS-4999/direct_upsampling_data_rungs_1-3/thermodynamic_properties/cristobalite_beta_pbe_d3bj.csv
1105,0,-8.214736984916939,reference,DaRUS-4999/direct_upsampling_data_rungs_1-3/thermodynamic_properties/cristobalite_beta_pbe_d3bj.csv
1106,0,-8.215180638245227,reference,DaRUS-4999/direct_upsampling_data_rungs_1-3/thermodynamic_properties/cristobalite_beta_pbe_d3bj.csv
1107,0,-8.215624518979336,reference,DaRUS-4999/direct_upsampling_data_rungs_1-3/thermodynamic_properties/cristobalite_beta_pbe_d3bj.csv
1108,0,-8.21606862693212,reference,DaRUS-4999/direct_upsampling_data_rungs_1-3/thermodynamic_properties/cristobalite_beta_pbe_d3bj.csv
1109,0,-8.216512961916749,reference,DaRUS-4999/direct_upsampling_data_rungs_1-3/thermodynamic_properties/cristobalite_beta_pbe_d3bj.csv
1110,0,-8.216957523746673,reference,DaRUS-4999/direct_upsampling_data_rungs_1-3/thermodynamic_properties/cristobalite_beta_pbe_d3bj.csv
1111,0,-8.217402312235651,reference,DaRUS-4999/direct_upsampling_data_rungs_1-3/thermodynamic_properties/cristobalite_beta_pbe_d3bj.csv
1112,0,-8.217847327197727,reference,DaRUS-4999/direct_upsampling_data_rungs_1-3/thermodynamic_properties/cristobalite_beta_pbe_d3bj.csv
1113,0,-8.218292568447252,reference,DaRUS-4999/direct_upsampling_data_rungs_1-3/thermodynamic_properties/cristobalite_beta_pbe_d3bj.csv
1114,0,-8.218738035798859,reference,DaRUS-4999/direct_upsampling_data_rungs_1-3/thermodynamic_properties/cristobalite_beta_pbe_d3bj.csv
1115,0,-8.219183729067483,reference,DaRUS-4999/direct_upsampling_data_rungs_1-3/thermodynamic_properties/cristobalite_beta_pbe_d3bj.csv
1116,0,-8.219629648068349,reference,DaRUS-4999/direct_upsampling_data_rungs_1-3/thermodynamic_properties/cristobalite_beta_pbe_d3bj.csv
1117,0,-8.220075792616973,reference,DaRUS-4999/direct_upsampling_data_rungs_1-3/thermodynamic_properties/cristobalite_beta_pbe_d3bj.csv
1118,0,-8.220522162529164,reference,DaRUS-4999/direct_upsampling_data_rungs_1-3/thermodynamic_properties/cristobalite_beta_pbe_d3bj.csv
1119,0,-8.220968757621026,reference,DaRUS-4999/direct_upsampling_data_rungs_1-3/thermodynamic_properties/cristobalite_beta_pbe_d3bj.csv
1120,0,-8.221415577708948,reference,DaRUS-4999/direct_upsampling_data_rungs_1-3/thermodynamic_properties/cristobalite_beta_pbe_d3bj.csv
1121,0,-8.221862622609613,reference,DaRUS-4999/direct_upsampling_data_rungs_1-3/thermodynamic_properties/cristobalite_beta_pbe_d3bj.csv
1122,0,-8.222309892139982,reference,DaRUS-4999/direct_upsampling_data_rungs_1-3/thermodynamic_properties/cristobalite_beta_pbe_d3bj.csv
1123,0,-8.222757386117321,reference,DaRUS-4999/direct_upsampling_data_rungs_1-3/thermodynamic_properties/cristobalite_beta_pbe_d3bj.csv
1124,0,-8.223205104359174,reference,DaRUS-4999/direct_upsampling_data_rungs_1-3/thermodynamic_properties/cristobalite_beta_pbe_d3bj.csv
1125,0,-8.223653046683371,reference,DaRUS-4999/direct_upsampling_data_rungs_1-3/thermodynamic_properties/cristobalite_beta_pbe_d3bj.csv
1126,0,-8.224101212908034,reference,DaRUS-4999/direct_upsampling_data_rungs_1-3/thermodynamic_properties/cristobalite_beta_pbe_d3bj.csv
1127,0,-8.224549602851567,reference,DaRUS-4999/direct_upsampling_data_rungs_1-3/thermodynamic_properties/cristobalite_beta_pbe_d3bj.csv
1128,0,-8.224998216332661,reference,DaRUS-4999/direct_upsampling_data_rungs_1-3/thermodynamic_properties/cristobalite_beta_pbe_d3bj.csv
1129,0,-8.225447053170292,reference,DaRUS-4999/direct_upsampling_data_rungs_1-3/thermodynamic_properties/cristobalite_beta_pbe_d3bj.csv
1130,0,-8.225896113183715,reference,DaRUS-4999/direct_upsampling_data_rungs_1-3/thermodynamic_properties/cristobalite_beta_pbe_d3bj.csv
1131,0,-8.226345396192475,reference,DaRUS-4999/direct_upsampling_data_rungs_1-3/thermodynamic_properties/cristobalite_beta_pbe_d3bj.csv
1132,0,-8.226794902016396,reference,DaRUS-4999/direct_upsampling_data_rungs_1-3/thermodynamic_properties/cristobalite_beta_pbe_d3bj.csv
1133,0,-8.227244630475585,reference,DaRUS-4999/direct_upsampling_data_rungs_1-3/thermodynamic_properties/cristobalite_beta_pbe_d3bj.csv
1134,0,-8.227694581390431,reference,DaRUS-4999/direct_upsampling_data_rungs_1-3/thermodynamic_properties/cristobalite_beta_pbe_d3bj.csv
1135,0,-8.228144754581606,reference,DaRUS-4999/direct_upsampling_data_rungs_1-3/thermodynamic_properties/cristobalite_beta_pbe_d3bj.csv
1136,0,-8.228595149870053,reference,DaRUS-4999/direct_upsampling_data_rungs_1-3/thermodynamic_properties/cristobalite_beta_pbe_d3bj.csv
1137,0,-8.229045767077,reference,DaRUS-4999/direct_upsampling_data_rungs_1-3/thermodynamic_properties/cristobalite_beta_pbe_d3bj.csv
1138,0,-8.229496606023959,reference,DaRUS-4999/direct_upsampling_data_rungs_1-3/thermodynamic_properties/cristobalite_beta_pbe_d3bj.csv
1139,0,-8.229947666532718,reference,DaRUS-4999/direct_upsampling_data_rungs_1-3/thermodynamic_properties/cristobalite_beta_pbe_d3bj.csv
1140,0,-8.230398948425334,reference,DaRUS-4999/direct_upsampling_data_rungs_1-3/thermodynamic_properties/cristobalite_beta_pbe_d3bj.csv
1141,0,-8.230850451524153,reference,DaRUS-4999/direct_upsampling_data_rungs_1-3/thermodynamic_properties/cristobalite_beta_pbe_d3bj.csv
1142,0,-8.231302175651789,reference,DaRUS-4999/direct_upsampling_data_rungs_1-3/thermodynamic_properties/cristobalite_beta_pbe_d3bj.csv
1143,0,-8.231754120631139,reference,DaRUS-4999/direct_upsampling_data_rungs_1-3/thermodynamic_properties/cristobalite_beta_pbe_d3bj.csv
1144,0,-8.232206286285365,reference,DaRUS-4999/direct_upsampling_data_rungs_1-3/thermodynamic_properties/cristobalite_beta_pbe_d3bj.csv
1145,0,-8.232658672437914,reference,DaRUS-4999/direct_upsampling_data_rungs_1-3/thermodynamic_properties/cristobalite_beta_pbe_d3bj.csv
1146,0,-8.233111278912501,reference,DaRUS-4999/direct_upsampling_data_rungs_1-3/thermodynamic_properties/cristobalite_beta_pbe_d3bj.csv
1147,0,-8.233564105533119,reference,DaRUS-4999/direct_upsampling_data_rungs_1-3/thermodynamic_properties/cristobalite_beta_pbe_d3bj.csv
1148,0,-8.234017152124027,reference,DaRUS-4999/direct_upsampling_data_rungs_1-3/thermodynamic_properties/cristobalite_beta_pbe_d3bj.csv
1149,0,-8.234470418509764,reference,DaRUS-4999/direct_upsampling_data_rungs_1-3/thermodynamic_properties/cristobalite_beta_pbe_d3bj.csv
1150,0,-8.234923904515135,reference,DaRUS-4999/direct_upsampling_data_rungs_1-3/thermodynamic_properties/cristobalite_beta_pbe_d3bj.csv
1151,0,-8.235377609965216,reference,DaRUS-4999/direct_upsampling_data_rungs_1-3/thermodynamic_properties/cristobalite_beta_pbe_d3bj.csv
1152,0,-8.235831534685357,reference,DaRUS-4999/direct_upsampling_data_rungs_1-3/thermodynamic_properties/cristobalite_beta_pbe_d3bj.csv
1153,0,-8.236285678501172,reference,DaRUS-4999/direct_upsampling_data_rungs_1-3/thermodynamic_properties/cristobalite_beta_pbe_d3bj.csv
1154,0,-8.236740041238559,reference,DaRUS-4999/direct_upsampling_data_rungs_1-3/thermodynamic_properties/cristobalite_beta_pbe_d3bj.csv
1155,0,-8.237194622723662,reference,DaRUS-4999/direct_upsampling_data_rungs_1-3/thermodynamic_properties/cristobalite_beta_pbe_d3bj.csv
1156,0,-8.237649422782907,reference,DaRUS-4999/direct_upsampling_data_rungs_1-3/thermodynamic_properties/cristobalite_beta_pbe_d3bj.csv
1157,0,-8.23810444124299,reference,DaRUS-4999/direct_upsampling_data_rungs_1-3/thermodynamic_properties/cristobalite_beta_pbe_d3bj.csv
1158,0,-8.238559677930869,reference,DaRUS-4999/direct_upsampling_data_rungs_1-3/thermodynamic_properties/cristobalite_beta_pbe_d3bj.csv
1159,0,-8.239015132673758,reference,DaRUS-4999/direct_upsampling_data_rungs_1-3/thermodynamic_properties/cristobalite_beta_pbe_d3bj.csv
1160,0,-8.239470805299161,reference,DaRUS-4999/direct_upsampling_data_rungs_1-3/thermodynamic_properties/cristobalite_beta_pbe_d3bj.csv
1161,0,-8.239926695634827,reference,DaRUS-4999/direct_upsampling_data_rungs_1-3/thermodynamic_properties/cristobalite_beta_pbe_d3bj.csv
1162,0,-8.240382803508773,reference,DaRUS-4999/direct_upsampling_data_rungs_1-3/thermodynamic_properties/cristobalite_beta_pbe_d3bj.csv
1163,0,-8.240839128749284,reference,DaRUS-4999/direct_upsampling_data_rungs_1-3/thermodynamic_properties/cristobalite_beta_pbe_d3bj.csv
1164,0,-8.241295671184906,reference,DaRUS-4999/direct_upsampling_data_rungs_1-3/thermodynamic_properties/cristobalite_beta_pbe_d3bj.csv
1165,0,-8.241752430644452,reference,DaRUS-4999/direct_upsampling_data_rungs_1-3/thermodynamic_properties/cristobalite_beta_pbe_d3bj.csv
1166,0,-8.24220940695699,reference,DaRUS-4999/direct_upsampling_data_rungs_1-3/thermodynamic_properties/cristobalite_beta_pbe_d3bj.csv
1167,0,-8.242666599951855,reference,DaRUS-4999/direct_upsampling_data_rungs_1-3/thermodynamic_properties/cristobalite_beta_pbe_d3bj.csv
1168,0,-8.243124009458645,reference,DaRUS-4999/direct_upsampling_data_rungs_1-3/thermodynamic_properties/cristobalite_beta_pbe_d3bj.csv
1169,0,-8.243581635307207,reference,DaRUS-4999/direct_upsampling_data_rungs_1-3/thermodynamic_properties/cristobalite_beta_pbe_d3bj.csv
1170,0,-8.244039477327659,reference,DaRUS-4999/direct_upsampling_data_rungs_1-3/thermodynamic_properties/cristobalite_beta_pbe_d3bj.csv
1171,0,-8.244497535350382,reference,DaRUS-4999/direct_upsampling_data_rungs_1-3/thermodynamic_properties/cristobalite_beta_pbe_d3bj.csv
1172,0,-8.244955809205999,reference,DaRUS-4999/direct_upsampling_data_rungs_1-3/thermodynamic_properties/cristobalite_beta_pbe_d3bj.csv
1173,0,-8.245414298725407,reference,DaRUS-4999/direct_upsampling_data_rungs_1-3/thermodynamic_properties/cristobalite_beta_pbe_d3bj.csv
1174,0,-8.245873003739753,reference,DaRUS-4999/direct_upsampling_data_rungs_1-3/thermodynamic_properties/cristobalite_beta_pbe_d3bj.csv
1175,0,-8.246331924080444,reference,DaRUS-4999/direct_upsampling_data_rungs_1-3/thermodynamic_properties/cristobalite_beta_pbe_d3bj.csv
1176,0,-8.246791059579142,reference,DaRUS-4999/direct_upsampling_data_rungs_1-3/thermodynamic_properties/cristobalite_beta_pbe_d3bj.csv
1177,0,-8.247250410067762,reference,DaRUS-4999/direct_upsampling_data_rungs_1-3/thermodynamic_properties/cristobalite_beta_pbe_d3bj.csv
1178,0,-8.247709975378484,reference,DaRUS-4999/direct_upsampling_data_rungs_1-3/thermodynamic_properties/cristobalite_beta_pbe_d3bj.csv
1179,0,-8.248169755343731,reference,DaRUS-4999/direct_upsampling_data_rungs_1-3/thermodynamic_properties/cristobalite_beta_pbe_d3bj.csv
1180,0,-8.248629749796189,reference,DaRUS-4999/direct_upsampling_data_rungs_1-3/thermodynamic_properties/cristobalite_beta_pbe_d3bj.csv
1181,0,-8.249089958568796,reference,DaRUS-4999/direct_upsampling_data_rungs_1-3/thermodynamic_properties/cristobalite_beta_pbe_d3bj.csv
1182,0,-8.249550381494736,reference,DaRUS-4999/direct_upsampling_data_rungs_1-3/thermodynamic_properties/cristobalite_beta_pbe_d3bj.csv
1183,0,-8.250011018407458,reference,DaRUS-4999/direct_upsampling_data_rungs_1-3/thermodynamic_properties/cristobalite_beta_pbe_d3bj.csv
1184,0,-8.250471869140656,reference,DaRUS-4999/direct_upsampling_data_rungs_1-3/thermodynamic_properties/cristobalite_beta_pbe_d3bj.csv
1185,0,-8.250932933528272,reference,DaRUS-4999/direct_upsampling_data_rungs_1-3/thermodynamic_properties/cristobalite_beta_pbe_d3bj.csv
1186,0,-8.251394211404508,reference,DaRUS-4999/direct_upsampling_data_rungs_1-3/thermodynamic_properties/cristobalite_beta_pbe_d3bj.csv
1187,0,-8.251855702603809,reference,DaRUS-4999/direct_upsampling_data_rungs_1-3/thermodynamic_properties/cristobalite_beta_pbe_d3bj.csv
1188,0,-8.252317406960872,reference,DaRUS-4999/direct_upsampling_data_rungs_1-3/thermodynamic_properties/cristobalite_beta_pbe_d3bj.csv
1189,0,-8.252779324310644,reference,DaRUS-4999/direct_upsampling_data_rungs_1-3/thermodynamic_properties/cristobalite_beta_pbe_d3bj.csv
1190,0,-8.253241454488323,reference,DaRUS-4999/direct_upsampling_data_rungs_1-3/thermodynamic_properties/cristobalite_beta_pbe_d3bj.csv
1191,0,-8.253703797329356,reference,DaRUS-4999/direct_upsampling_data_rungs_1-3/thermodynamic_properties/cristobalite_beta_pbe_d3bj.csv
1192,0,-8.254166352669431,reference,DaRUS-4999/direct_upsampling_data_rungs_1-3/thermodynamic_properties/cristobalite_beta_pbe_d3bj.csv
1193,0,-8.254629120344486,reference,DaRUS-4999/direct_upsampling_data_rungs_1-3/thermodynamic_properties/cristobalite_beta_pbe_d3bj.csv
1194,0,-8.25509210019071,reference,DaRUS-4999/direct_upsampling_data_rungs_1-3/thermodynamic_properties/cristobalite_beta_pbe_d3bj.csv
1195,0,-8.255555292044534,reference,DaRUS-4999/direct_upsampling_data_rungs_1-3/thermodynamic_properties/cristobalite_beta_pbe_d3bj.csv
1196,0,-8.256018695742636,reference,DaRUS-4999/direct_upsampling_data_rungs_1-3/thermodynamic_properties/cristobalite_beta_pbe_d3bj.csv
1197,0,-8.256482311121937,reference,DaRUS-4999/direct_upsampling_data_rungs_1-3/thermodynamic_properties/cristobalite_beta_pbe_d3bj.csv
1198,0,-8.256946138019609,reference,DaRUS-4999/direct_upsampling_data_rungs_1-3/thermodynamic_properties/cristobalite_beta_pbe_d3bj.csv
1199,0,-8.257410176273062,reference,DaRUS-4999/direct_upsampling_data_rungs_1-3/thermodynamic_properties/cristobalite_beta_pbe_d3bj.csv
1200,0,-8.257874425719946,reference,DaRUS-4999/direct_upsampling_data_rungs_1-3/thermodynamic_properties/cristobalite_beta_pbe_d3bj.csv
1201,0,-8.258338886198166,reference,DaRUS-4999/direct_upsampling_data_rungs_1-3/thermodynamic_properties/cristobalite_beta_pbe_d3bj.csv
1202,0,-8.25880355754586,reference,DaRUS-4999/direct_upsampling_data_rungs_1-3/thermodynamic_properties/cristobalite_beta_pbe_d3bj.csv
1203,0,-8.25926843960141,reference,DaRUS-4999/direct_upsampling_data_rungs_1-3/thermodynamic_properties/cristobalite_beta_pbe_d3bj.csv
1204,0,-8.259733532203443,reference,DaRUS-4999/direct_upsampling_data_rungs_1-3/thermodynamic_properties/cristobalite_beta_pbe_d3bj.csv
1205,0,-8.26019883519082,reference,DaRUS-4999/direct_upsampling_data_rungs_1-3/thermodynamic_properties/cristobalite_beta_pbe_d3bj.csv
1206,0,-8.260664348402649,reference,DaRUS-4999/direct_upsampling_data_rungs_1-3/thermodynamic_properties/cristobalite_beta_pbe_d3bj.csv
1207,0,-8.261130071678275,reference,DaRUS-4999/direct_upsampling_data_rungs_1-3/thermodynamic_properties/cristobalite_beta_pbe_d3bj.csv
1208,0,-8.261596004857285,reference,DaRUS-4999/direct_upsampling_data_rungs_1-3/thermodynamic_properties/cristobalite_beta_pbe_d3bj.csv
1209,0,-8.262062147779497,reference,DaRUS-4999/direct_upsampling_data_rungs_1-3/thermodynamic_properties/cristobalite_beta_pbe_d3bj.csv
1210,0,-8.262528500284981,reference,DaRUS-4999/direct_upsampling_data_rungs_1-3/thermodynamic_properties/cristobalite_beta_pbe_d3bj.csv
1211,0,-8.26299506221403,reference,DaRUS-4999/direct_upsampling_data_rungs_1-3/thermodynamic_properties/cristobalite_beta_pbe_d3bj.csv
1212,0,-8.263461833407186,reference,DaRUS-4999/direct_upsampling_data_rungs_1-3/thermodynamic_properties/cristobalite_beta_pbe_d3bj.csv
1213,0,-8.26392881370522,reference,DaRUS-4999/direct_upsampling_data_rungs_1-3/thermodynamic_properties/cristobalite_beta_pbe_d3bj.csv
1214,0,-8.264396002949145,reference,DaRUS-4999/direct_upsampling_data_rungs_1-3/thermodynamic_properties/cristobalite_beta_pbe_d3bj.csv
1215,0,-8.264863400980206,reference,DaRUS-4999/direct_upsampling_data_rungs_1-3/thermodynamic_properties/cristobalite_beta_pbe_d3bj.csv
1216,0,-8.265331007639887,reference,DaRUS-4999/direct_upsampling_data_rungs_1-3/thermodynamic_properties/cristobalite_beta_pbe_d3bj.csv
1217,0,-8.265798822769902,reference,DaRUS-4999/direct_upsampling_data_rungs_1-3/thermodynamic_properties/cristobalite_beta_pbe_d3bj.csv
1218,0,-8.266266846212199,reference,DaRUS-4999/direct_upsampling_data_rungs_1-3/thermodynamic_properties/cristobalite_beta_pbe_d3bj.csv
1219,0,-8.266735077808972,reference,DaRUS-4999/direct_upsampling_data_rungs_1-3/thermodynamic_properties/cristobalite_beta_pbe_d3bj.csv
1220,0,-8.267203517402633,reference,DaRUS-4999/direct_upsampling_data_rungs_1-3/thermodynamic_properties/cristobalite_beta_pbe_d3bj.csv
1221,0,-8.267672164835835,reference,DaRUS-4999/direct_upsampling_data_rungs_1-3/thermodynamic_properties/cristobalite_beta_pbe_d3bj.csv
1222,0,-8.268141019951459,reference,DaRUS-4999/direct_upsampling_data_rungs_1-3/thermodynamic_properties/cristobalite_beta_pbe_d3bj.csv
1223,0,-8.268610082592621,reference,DaRUS-4999/direct_upsampling_data_rungs_1-3/thermodynamic_properties/cristobalite_beta_pbe_d3bj.csv
1224,0,-8.26907935260267,reference,DaRUS-4999/direct_upsampling_data_rungs_1-3/thermodynamic_properties/cristobalite_beta_pbe_d3bj.csv
1225,0,-8.269548829825183,reference,DaRUS-4999/direct_upsampling_data_rungs_1-3/thermodynamic_properties/cristobalite_beta_pbe_d3bj.csv
1226,0,-8.270018514103967,reference,DaRUS-4999/direct_upsampling_data_rungs_1-3/thermodynamic_properties/cristobalite_beta_pbe_d3bj.csv
1227,0,-8.270488405283061,reference,DaRUS-4999/direct_upsampling_data_rungs_1-3/thermodynamic_properties/cristobalite_beta_pbe_d3bj.csv
1228,0,-8.270958503206726,reference,DaRUS-4999/direct_upsampling_data_rungs_1-3/thermodynamic_properties/cristobalite_beta_pbe_d3bj.csv
1229,0,-8.27142880771947,reference,DaRUS-4999/direct_upsampling_data_rungs_1-3/thermodynamic_properties/cristobalite_beta_pbe_d3bj.csv
1230,0,-8.271899318666009,reference,DaRUS-4999/direct_upsampling_data_rungs_1-3/thermodynamic_properties/cristobalite_beta_pbe_d3bj.csv
1231,0,-8.272370035891301,reference,DaRUS-4999/direct_upsampling_data_rungs_1-3/thermodynamic_properties/cristobalite_beta_pbe_d3bj.csv
1232,0,-8.272840959240522,reference,DaRUS-4999/direct_upsampling_data_rungs_1-3/thermodynamic_properties/cristobalite_beta_pbe_d3bj.csv
1233,0,-8.273312088559081,reference,DaRUS-4999/direct_upsampling_data_rungs_1-3/thermodynamic_properties/cristobalite_beta_pbe_d3bj.csv
1234,0,-8.273783423692612,reference,DaRUS-4999/direct_upsampling_data_rungs_1-3/thermodynamic_properties/cristobalite_beta_pbe_d3bj.csv
1235,0,-8.274254964486975,reference,DaRUS-4999/direct_upsampling_data_rungs_1-3/thermodynamic_properties/cristobalite_beta_pbe_d3bj.csv
1236,0,-8.274726710788253,reference,DaRUS-4999/direct_upsampling_data_rungs_1-3/thermodynamic_properties/cristobalite_beta_pbe_d3bj.csv
1237,0,-8.27519866244276,reference,DaRUS-4999/direct_upsampling_data_rungs_1-3/thermodynamic_properties/cristobalite_beta_pbe_d3bj.csv
1238,0,-8.27567081929703,reference,DaRUS-4999/direct_upsampling_data_rungs_1-3/thermodynamic_properties/cristobalite_beta_pbe_d3bj.csv
1239,0,-8.276143181197821,reference,DaRUS-4999/direct_upsampling_data_rungs_1-3/thermodynamic_properties/cristobalite_beta_pbe_d3bj.csv
1240,0,-8.276615747992119,reference,DaRUS-4999/direct_upsampling_data_rungs_1-3/thermodynamic_properties/cristobalite_beta_pbe_d3bj.csv
1241,0,-8.277088519527128,reference,DaRUS-4999/direct_upsampling_data_rungs_1-3/thermodynamic_properties/cristobalite_beta_pbe_d3bj.csv
1242,0,-8.27756149565028,reference,DaRUS-4999/direct_upsampling_data_rungs_1-3/thermodynamic_properties/cristobalite_beta_pbe_d3bj.csv
1243,0,-8.278034676209222,reference,DaRUS-4999/direct_upsampling_data_rungs_1-3/thermodynamic_properties/cristobalite_beta_pbe_d3bj.csv
1244,0,-8.278508061051831,reference,DaRUS-4999/direct_upsampling_data_rungs_1-3/thermodynamic_properties/cristobalite_beta_pbe_d3bj.csv
1245,0,-8.278981650026196,reference,DaRUS-4999/direct_upsampling_data_rungs_1-3/thermodynamic_properties/cristobalite_beta_pbe_d3bj.csv
1246,0,-8.279455442980639,reference,DaRUS-4999/direct_upsampling_data_rungs_1-3/thermodynamic_properties/cristobalite_beta_pbe_d3bj.csv
1247,0,-8.279929439763697,reference,DaRUS-4999/direct_upsampling_data_rungs_1-3/thermodynamic_properties/cristobalite_beta_pbe_d3bj.csv
1248,0,-8.280403640224117,reference,DaRUS-4999/direct_upsampling_data_rungs_1-3/thermodynamic_properties/cristobalite_beta_pbe_d3bj.csv
1249,0,-8.280878044210882,reference,DaRUS-4999/direct_upsampling_data_rungs_1-3/thermodynamic_properties/cristobalite_beta_pbe_d3bj.csv
1250,0,-8.281352651573181,reference,DaRUS-4999/direct_upsampling_data_rungs_1-3/thermodynamic_properties/cristobalite_beta_pbe_d3bj.csv
1251,0,-8.281827462160434,reference,DaRUS-4999/direct_upsampling_data_rungs_1-3/thermodynamic_properties/cristobalite_beta_pbe_d3bj.csv
1252,0,-8.282302475822267,reference,DaRUS-4999/direct_upsampling_data_rungs_1-3/thermodynamic_properties/cristobalite_beta_pbe_d3bj.csv
1253,0,-8.282777692408532,reference,DaRUS-4999/direct_upsampling_data_rungs_1-3/thermodynamic_properties/cristobalite_beta_pbe_d3bj.csv
1254,0,-8.283253111769289,reference,DaRUS-4999/direct_upsampling_data_rungs_1-3/thermodynamic_properties/cristobalite_beta_pbe_d3bj.csv
1255,0,-8.283728733754828,reference,DaRUS-4999/direct_upsampling_data_rungs_1-3/thermodynamic_properties/cristobalite_beta_pbe_d3bj.csv
1256,0,-8.284204558215649,reference,DaRUS-4999/direct_upsampling_data_rungs_1-3/thermodynamic_properties/cristobalite_beta_pbe_d3bj.csv
1257,0,-8.284680585002461,reference,DaRUS-4999/direct_upsampling_data_rungs_1-3/thermodynamic_properties/cristobalite_beta_pbe_d3bj.csv
1258,0,-8.285156813966195,reference,DaRUS-4999/direct_upsampling_data_rungs_1-3/thermodynamic_properties/cristobalite_beta_pbe_d3bj.csv
1259,0,-8.285633244958001,reference,DaRUS-4999/direct_upsampling_data_rungs_1-3/thermodynamic_properties/cristobalite_beta_pbe_d3bj.csv
1260,0,-8.286109877829235,reference,DaRUS-4999/direct_upsampling_data_rungs_1-3/thermodynamic_properties/cristobalite_beta_pbe_d3bj.csv
1261,0,-8.286586712431479,reference,DaRUS-4999/direct_upsampling_data_rungs_1-3/thermodynamic_properties/cristobalite_beta_pbe_d3bj.csv
1262,0,-8.287063748616511,reference,DaRUS-4999/direct_upsampling_data_rungs_1-3/thermodynamic_properties/cristobalite_beta_pbe_d3bj.csv
1263,0,-8.287540986236335,reference,DaRUS-4999/direct_upsampling_data_rungs_1-3/thermodynamic_properties/cristobalite_beta_pbe_d3bj.csv
1264,0,-8.288018425143168,reference,DaRUS-4999/direct_upsampling_data_rungs_1-3/thermodynamic_properties/cristobalite_beta_pbe_d3bj.csv
1265,0,-8.288496065189436,reference,DaRUS-4999/direct_upsampling_data_rungs_1-3/thermodynamic_properties/cristobalite_beta_pbe_d3bj.csv
1266,0,-8.288973906227774,reference,DaRUS-4999/direct_upsampling_data_rungs_1-3/thermodynamic_properties/cristobalite_beta_pbe_d3bj.csv
1267,0,-8.289451948111031,reference,DaRUS-4999/direct_upsampling_data_rungs_1-3/thermodynamic_properties/cristobalite_beta_pbe_d3bj.csv
1268,0,-8.289930190692273,reference,DaRUS-4999/direct_upsampling_data_rungs_1-3/thermodynamic_properties/cristobalite_beta_pbe_d3bj.csv
1269,0,-8.290408633824763,reference,DaRUS-4999/direct_upsampling_data_rungs_1-3/thermodynamic_properties/cristobalite_beta_pbe_d3bj.csv
1270,0,-8.290887277361989,reference,DaRUS-4999/direct_upsampling_data_rungs_1-3/thermodynamic_properties/cristobalite_beta_pbe_d3bj.csv
1271,0,-8.29136612115764,reference,DaRUS-4999/direct_upsampling_data_rungs_1-3/thermodynamic_properties/cristobalite_beta_pbe_d3bj.csv
1272,0,-8.291845165065615,reference,DaRUS-4999/direct_upsampling_data_rungs_1-3/thermodynamic_properties/cristobalite_beta_pbe_d3bj.csv
1273,0,-8.292324408940026,reference,DaRUS-4999/direct_upsampling_data_rungs_1-3/thermodynamic_properties/cristobalite_beta_pbe_d3bj.csv
1274,0,-8.292803852635185,reference,DaRUS-4999/direct_upsampling_data_rungs_1-3/thermodynamic_properties/cristobalite_beta_pbe_d3bj.csv
1275,0,-8.293283496005623,reference,DaRUS-4999/direct_upsampling_data_rungs_1-3/thermodynamic_properties/cristobalite_beta_pbe_d3bj.csv
1276,0,-8.293763338906071,reference,DaRUS-4999/direct_upsampling_data_rungs_1-3/thermodynamic_properties/cristobalite_beta_pbe_d3bj.csv
1277,0,-8.294243381191468,reference,DaRUS-4999/direct_upsampling_data_rungs_1-3/thermodynamic_properties/cristobalite_beta_pbe_d3bj.csv
1278,0,-8.294723622716962,reference,DaRUS-4999/direct_upsampling_data_rungs_1-3/thermodynamic_properties/cristobalite_beta_pbe_d3bj.csv
1279,0,-8.295204063337907,reference,DaRUS-4999/direct_upsampling_data_rungs_1-3/thermodynamic_properties/cristobalite_beta_pbe_d3bj.csv
1280,0,-8.29568470290986,reference,DaRUS-4999/direct_upsampling_data_rungs_1-3/thermodynamic_properties/cristobalite_beta_pbe_d3bj.csv
1281,0,-8.296165541288588,reference,DaRUS-4999/direct_upsampling_data_rungs_1-3/thermodynamic_properties/cristobalite_beta_pbe_d3bj.csv
1282,0,-8.296646578330057,reference,DaRUS-4999/direct_upsampling_data_rungs_1-3/thermodynamic_properties/cristobalite_beta_pbe_d3bj.csv
1283,0,-8.297127813890446,reference,DaRUS-4999/direct_upsampling_data_rungs_1-3/thermodynamic_properties/cristobalite_beta_pbe_d3bj.csv
1284,0,-8.297609247826124,reference,DaRUS-4999/direct_upsampling_data_rungs_1-3/thermodynamic_properties/cristobalite_beta_pbe_d3bj.csv
1285,0,-8.298090879993685,reference,DaRUS-4999/direct_upsampling_data_rungs_1-3/thermodynamic_properties/cristobalite_beta_pbe_d3bj.csv
1286,0,-8.298572710249905,reference,DaRUS-4999/direct_upsampling_data_rungs_1-3/thermodynamic_properties/cristobalite_beta_pbe_d3bj.csv
1287,0,-8.299054738451776,reference,DaRUS-4999/direct_upsampling_data_rungs_1-3/thermodynamic_properties/cristobalite_beta_pbe_d3bj.csv
1288,0,-8.29953696445649,reference,DaRUS-4999/direct_upsampling_data_rungs_1-3/thermodynamic_properties/cristobalite_beta_pbe_d3bj.csv
1289,0,-8.300019388121436,reference,DaRUS-4999/direct_upsampling_data_rungs_1-3/thermodynamic_properties/cristobalite_beta_pbe_d3bj.csv
1290,0,-8.300502009304214,reference,DaRUS-4999/direct_upsampling_data_rungs_1-3/thermodynamic_properties/cristobalite_beta_pbe_d3bj.csv
1291,0,-8.30098482786261,reference,DaRUS-4999/direct_upsampling_data_rungs_1-3/thermodynamic_properties/cristobalite_beta_pbe_d3bj.csv
1292,0,-8.301467843654631,reference,DaRUS-4999/direct_upsampling_data_rungs_1-3/thermodynamic_properties/cristobalite_beta_pbe_d3bj.csv
1293,0,-8.301951056538471,reference,DaRUS-4999/direct_upsampling_data_rungs_1-3/thermodynamic_properties/cristobalite_beta_pbe_d3bj.csv
1294,0,-8.302434466372524,reference,DaRUS-4999/direct_upsampling_data_rungs_1-3/thermodynamic_properties/cristobalite_beta_pbe_d3bj.csv
1295,0,-8.302918073015388,reference,DaRUS-4999/direct_upsampling_data_rungs_1-3/thermodynamic_properties/cristobalite_beta_pbe_d3bj.csv
1296,0,-8.303401876325863,reference,DaRUS-4999/direct_upsampling_data_rungs_1-3/thermodynamic_properties/cristobalite_beta_pbe_d3bj.csv
1297,0,-8.303885876162937,reference,DaRUS-4999/direct_upsampling_data_rungs_1-3/thermodynamic_properties/cristobalite_beta_pbe_d3bj.csv
1298,0,-8.30437007238581,reference,DaRUS-4999/direct_upsampling_data_rungs_1-3/thermodynamic_properties/cristobalite_beta_pbe_d3bj.csv
1299,0,-8.304854464853866,reference,DaRUS-4999/direct_upsampling_data_rungs_1-3/thermodynamic_properties/cristobalite_beta_pbe_d3bj.csv
1300,0,-8.305339053426701,reference,DaRUS-4999/direct_upsampling_data_rungs_1-3/thermodynamic_properties/cristobalite_beta_pbe_d3bj.csv
1301,0,-8.305823837964097,reference,DaRUS-4999/direct_upsampling_data_rungs_1-3/thermodynamic_properties/cristobalite_beta_pbe_d3bj.csv
1302,0,-8.306308818326036,reference,DaRUS-4999/direct_upsampling_data_rungs_1-3/thermodynamic_properties/cristobalite_beta_pbe_d3bj.csv
1303,0,-8.3067939943727,reference,DaRUS-4999/direct_upsampling_data_rungs_1-3/thermodynamic_properties/cristobalite_beta_pbe_d3bj.csv
1304,0,-8.307279365964463,reference,DaRUS-4999/direct_upsampling_data_rungs_1-3/thermodynamic_properties/cristobalite_beta_pbe_d3bj.csv
1305,0,-8.307764932961897,reference,DaRUS-4999/direct_upsampling_data_rungs_1-3/thermodynamic_properties/cristobalite_beta_pbe_d3bj.csv
1306,0,-8.308250695225766,reference,DaRUS-4999/direct_upsampling_data_rungs_1-3/thermodynamic_properties/cristobalite_beta_pbe_d3bj.csv
1307,0,-8.308736652617032,reference,DaRUS-4999/direct_upsampling_data_rungs_1-3/thermodynamic_properties/cristobalite_beta_pbe_d3bj.csv
1308,0,-8.30922280499685,reference,DaRUS-4999/direct_upsampling_data_rungs_1-3/thermodynamic_properties/cristobalite_beta_pbe_d3bj.csv
1309,0,-8.309709152226571,reference,DaRUS-4999/direct_upsampling_data_rungs_1-3/thermodynamic_properties/cristobalite_beta_pbe_d3bj.csv
1310,0,-8.310195694167735,reference,DaRUS-4999/direct_upsampling_data_rungs_1-3/thermodynamic_properties/cristobalite_beta_pbe_d3bj.csv
1311,0,-8.310682430682082,reference,DaRUS-4999/direct_upsampling_data_rungs_1-3/thermodynamic_properties/cristobalite_beta_pbe_d3bj.csv
1312,0,-8.31116936163154,reference,DaRUS-4999/direct_upsampling_data_rungs_1-3/thermodynamic_properties/cristobalite_beta_pbe_d3bj.csv
1313,0,-8.311656486878229,reference,DaRUS-4999/direct_upsampling_data_rungs_1-3/thermodynamic_properties/cristobalite_beta_pbe_d3bj.csv
1314,0,-8.31214380628446,reference,DaRUS-4999/direct_upsampling_data_rungs_1-3/thermodynamic_properties/cristobalite_beta_pbe_d3bj.csv
1315,0,-8.312631319712745,reference,DaRUS-4999/direct_upsampling_data_rungs_1-3/thermodynamic_properties/cristobalite_beta_pbe_d3bj.csv
1316,0,-8.313119027025779,reference,DaRUS-4999/direct_upsampling_data_rungs_1-3/thermodynamic_properties/cristobalite_beta_pbe_d3bj.csv
1317,0,-8.313606928086449,reference,DaRUS-4999/direct_upsampling_data_rungs_1-3/thermodynamic_properties/cristobalite_beta_pbe_d3bj.csv
1318,0,-8.314095022757831,reference,DaRUS-4999/direct_upsampling_data_rungs_1-3/thermodynamic_properties/cristobalite_beta_pbe_d3bj.csv
1319,0,-8.314583310903195,reference,DaRUS-4999/direct_upsampling_data_rungs_1-3/thermodynamic_properties/cristobalite_beta_pbe_d3bj.csv
1320,0,-8.315071792386,reference,DaRUS-4999/direct_upsampling_data_rungs_1-3/thermodynamic_properties/cristobalite_beta_pbe_d3bj.csv
1321,0,-8.315560467069893,reference,DaRUS-4999/direct_upsampling_data_rungs_1-3/thermodynamic_properties/cristobalite_beta_pbe_d3bj.csv
1322,0,-8.316049334818711,reference,DaRUS-4999/direct_upsampling_data_rungs_1-3/thermodynamic_properties/cristobalite_beta_pbe_d3bj.csv
1323,0,-8.316538395496478,reference,DaRUS-4999/direct_upsampling_data_rungs_1-3/thermodynamic_properties/cristobalite_beta_pbe_d3bj.csv
1324,0,-8.317027648967409,reference,DaRUS-4999/direct_upsampling_data_rungs_1-3/thermodynamic_properties/cristobalite_beta_pbe_d3bj.csv
1325,0,-8.317517095095907,reference,DaRUS-4999/direct_upsampling_data_rungs_1-3/thermodynamic_properties/cristobalite_beta_pbe_d3bj.csv
1326,0,-8.318006733746556,reference,DaRUS-4999/direct_upsampling_data_rungs_1-3/thermodynamic_properties/cristobalite_beta_pbe_d3bj.csv
1327,0,-8.318496564784134,reference,DaRUS-4999/direct_upsampling_data_rungs_1-3/thermodynamic_properties/cristobalite_beta_pbe_d3bj.csv
1328,0,-8.318986588073605,reference,DaRUS-4999/direct_upsampling_data_rungs_1-3/thermodynamic_properties/cristobalite_beta_pbe_d3bj.csv
1329,0,-8.319476803480118,reference,DaRUS-4999/direct_upsampling_data_rungs_1-3/thermodynamic_properties/cristobalite_beta_pbe_d3bj.csv
1330,0,-8.319967210869009,reference,DaRUS-4999/direct_upsampling_data_rungs_1-3/thermodynamic_properties/cristobalite_beta_pbe_d3bj.csv
1331,0,-8.320457810105799,reference,DaRUS-4999/direct_upsampling_data_rungs_1-3/thermodynamic_properties/cristobalite_beta_pbe_d3bj.csv
1332,0,-8.320948601056189,reference,DaRUS-4999/direct_upsampling_data_rungs_1-3/thermodynamic_properties/cristobalite_beta_pbe_d3bj.csv
1333,0,-8.321439583586079,reference,DaRUS-4999/direct_upsampling_data_rungs_1-3/thermodynamic_properties/cristobalite_beta_pbe_d3bj.csv
1334,0,-8.321930757561539,reference,DaRUS-4999/direct_upsampling_data_rungs_1-3/thermodynamic_properties/cristobalite_beta_pbe_d3bj.csv
1335,0,-8.322422122848826,reference,DaRUS-4999/direct_upsampling_data_rungs_1-3/thermodynamic_properties/cristobalite_beta_pbe_d3bj.csv
1336,0,-8.322913679314391,reference,DaRUS-4999/direct_upsampling_data_rungs_1-3/thermodynamic_properties/cristobalite_beta_pbe_d3bj.csv
1337,0,-8.323405426824856,reference,DaRUS-4999/direct_upsampling_data_rungs_1-3/thermodynamic_properties/cristobalite_beta_pbe_d3bj.csv
1338,0,-8.323897365247033,reference,DaRUS-4999/direct_upsampling_data_rungs_1-3/thermodynamic_properties/cristobalite_beta_pbe_d3bj.csv
1339,0,-8.32438949444791,reference,DaRUS-4999/direct_upsampling_data_rungs_1-3/thermodynamic_properties/cristobalite_beta_pbe_d3bj.csv
1340,0,-8.324881814294672,reference,DaRUS-4999/direct_upsampling_data_rungs_1-3/thermodynamic_properties/cristobalite_beta_pbe_d3bj.csv
1341,0,-8.325374324654668,reference,DaRUS-4999/direct_upsampling_data_rungs_1-3/thermodynamic_properties/cristobalite_beta_pbe_d3bj.csv
1342,0,-8.325867025395437,reference,DaRUS-4999/direct_upsampling_data_rungs_1-3/thermodynamic_properties/cristobalite_beta_pbe_d3bj.csv
1343,0,-8.326359916384705,reference,DaRUS-4999/direct_upsampling_data_rungs_1-3/thermodynamic_properties/cristobalite_beta_pbe_d3bj.csv
1344,0,-8.326852997490366,reference,DaRUS-4999/direct_upsampling_data_rungs_1-3/thermodynamic_properties/cristobalite_beta_pbe_d3bj.csv
1345,0,-8.327346268580508,reference,DaRUS-4999/direct_upsampling_data_rungs_1-3/thermodynamic_properties/cristobalite_beta_pbe_d3bj.csv
1346,0,-8.327839729523387,reference,DaRUS-4999/direct_upsampling_data_rungs_1-3/thermodynamic_properties/cristobalite_beta_pbe_d3bj.csv
1347,0,-8.328333380187448,reference,DaRUS-4999/direct_upsampling_data_rungs_1-3/thermodynamic_properties/cristobalite_beta_pbe_d3bj.csv
1348,0,-8.32882722044131,reference,DaRUS-4999/direct_upsampling_data_rungs_1-3/thermodynamic_properties/cristobalite_beta_pbe_d3bj.csv
1349,0,-8.329321250153773,reference,DaRUS-4999/direct_upsampling_data_rungs_1-3/thermodynamic_properties/cristobalite_beta_pbe_d3bj.csv
1350,0,-8.32981546919382,reference,DaRUS-4999/direct_upsampling_data_rungs_1-3/thermodynamic_properties/cristobalite_beta_pbe_d3bj.csv
1351,0,-8.330309877430603,reference,DaRUS-4999/direct_upsampling_data_rungs_1-3/thermodynamic_properties/cristobalite_beta_pbe_d3bj.csv
1352,0,-8.330804474733458,reference,DaRUS-4999/direct_upsampling_data_rungs_1-3/thermodynamic_properties/cristobalite_beta_pbe_d3bj.csv
1353,0,-8.331299260971901,reference,DaRUS-4999/direct_upsampling_data_rungs_1-3/thermodynamic_properties/cristobalite_beta_pbe_d3bj.csv
1354,0,-8.331794236015623,reference,DaRUS-4999/direct_upsampling_data_rungs_1-3/thermodynamic_properties/cristobalite_beta_pbe_d3bj.csv
1355,0,-8.332289399734488,reference,DaRUS-4999/direct_upsampling_data_rungs_1-3/thermodynamic_properties/cristobalite_beta_pbe_d3bj.csv
1356,0,-8.332784751998542,reference,DaRUS-4999/direct_upsampling_data_rungs_1-3/thermodynamic_properties/cristobalite_beta_pbe_d3bj.csv
1357,0,-8.333280292678005,reference,DaRUS-4999/direct_upsampling_data_rungs_1-3/thermodynamic_properties/cristobalite_beta_pbe_d3bj.csv
1358,0,-8.333776021643274,reference,DaRUS-4999/direct_upsampling_data_rungs_1-3/thermodynamic_properties/cristobalite_beta_pbe_d3bj.csv
1359,0,-8.334271938764919,reference,DaRUS-4999/direct_upsampling_data_rungs_1-3/thermodynamic_properties/cristobalite_beta_pbe_d3bj.csv
1360,0,-8.334768043913693,reference,DaRUS-4999/direct_upsampling_data_rungs_1-3/thermodynamic_properties/cristobalite_beta_pbe_d3bj.csv
1361,0,-8.335264336960508,reference,DaRUS-4999/direct_upsampling_data_rungs_1-3/thermodynamic_properties/cristobalite_beta_pbe_d3bj.csv
1362,0,-8.335760817776471,reference,DaRUS-4999/direct_upsampling_data_rungs_1-3/thermodynamic_properties/cristobalite_beta_pbe_d3bj.csv
1363,0,-8.336257486232849,reference,DaRUS-4999/direct_upsampling_data_rungs_1-3/thermodynamic_properties/cristobalite_beta_pbe_d3bj.csv
1364,0,-8.336754342201088,reference,DaRUS-4999/direct_upsampling_data_rungs_1-3/thermodynamic_properties/cristobalite_beta_pbe_d3bj.csv
1365,0,-8.337251385552806,reference,DaRUS-4999/direct_upsampling_data_rungs_1-3/thermodynamic_properties/cristobalite_beta_pbe_d3bj.csv
1366,0,-8.337748616159789,reference,DaRUS-4999/direct_upsampling_data_rungs_1-3/thermodynamic_properties/cristobalite_beta_pbe_d3bj.csv
1367,0,-8.338246033894015,reference,DaRUS-4999/direct_upsampling_data_rungs_1-3/thermodynamic_properties/cristobalite_beta_pbe_d3bj.csv
1368,0,-8.338743638627607,reference,DaRUS-4999/direct_upsampling_data_rungs_1-3/thermodynamic_properties/cristobalite_beta_pbe_d3bj.csv
1369,0,-8.339241430232883,reference,DaRUS-4999/direct_upsampling_data_rungs_1-3/thermodynamic_properties/cristobalite_beta_pbe_d3bj.csv
1370,0,-8.339739408582325,reference,DaRUS-4999/direct_upsampling_data_rungs_1-3/thermodynamic_properties/cristobalite_beta_pbe_d3bj.csv
1371,0,-8.340237573548583,reference,DaRUS-4999/direct_upsampling_data_rungs_1-3/thermodynamic_properties/cristobalite_beta_pbe_d3bj.csv
1372,0,-8.340735925004481,reference,DaRUS-4999/direct_upsampling_data_rungs_1-3/thermodynamic_properties/cristobalite_beta_pbe_d3bj.csv
1373,0,-8.341234462823012,reference,DaRUS-4999/direct_upsampling_data_rungs_1-3/thermodynamic_properties/cristobalite_beta_pbe_d3bj.csv
1374,0,-8.341733186877347,reference,DaRUS-4999/direct_upsampling_data_rungs_1-3/thermodynamic_properties/cristobalite_beta_pbe_d3bj.csv
1375,0,-8.342232097040815,reference,DaRUS-4999/direct_upsampling_data_rungs_1-3/thermodynamic_properties/cristobalite_beta_pbe_d3bj.csv
1376,0,-8.34273119318693,reference,DaRUS-4999/direct_upsampling_data_rungs_1-3/thermodynamic_properties/cristobalite_beta_pbe_d3bj.csv
1377,0,-8.34323047518936,reference,DaRUS-4999/direct_upsampling_data_rungs_1-3/thermodynamic_properties/cristobalite_beta_pbe_d3bj.csv
1378,0,-8.343729942921954,reference,DaRUS-4999/direct_upsampling_data_rungs_1-3/thermodynamic_properties/cristobalite_beta_pbe_d3bj.csv
1379,0,-8.344229596258717,reference,DaRUS-4999/direct_upsampling_data_rungs_1-3/thermodynamic_properties/cristobalite_beta_pbe_d3bj.csv
1380,0,-8.344729435073843,reference,DaRUS-4999/direct_upsampling_data_rungs_1-3/thermodynamic_properties/cristobalite_beta_pbe_d3bj.csv
1381,0,-8.345229459241676,reference,DaRUS-4999/direct_upsampling_data_rungs_1-3/thermodynamic_properties/cristobalite_beta_pbe_d3bj.csv
1382,0,-8.34572966863673,reference,DaRUS-4999/direct_upsampling_data_rungs_1-3/thermodynamic_properties/cristobalite_beta_pbe_d3bj.csv
1383,0,-8.346230063133698,reference,DaRUS-4999/direct_upsampling_data_rungs_1-3/thermodynamic_properties/cristobalite_beta_pbe_d3bj.csv
1384,0,-8.346730642607429,reference,DaRUS-4999/direct_upsampling_data_rungs_1-3/thermodynamic_properties/cristobalite_beta_pbe_d3bj.csv
1385,0,-8.347231406932941,reference,DaRUS-4999/direct_upsampling_data_rungs_1-3/thermodynamic_properties/cristobalite_beta_pbe_d3bj.csv
1386,0,-8.347732355985427,reference,DaRUS-4999/direct_upsampling_data_rungs_1-3/thermodynamic_properties/cristobalite_beta_pbe_d3bj.csv
1387,0,-8.348233489640229,reference,DaRUS-4999/direct_upsampling_data_rungs_1-3/thermodynamic_properties/cristobalite_beta_pbe_d3bj.csv
1388,0,-8.348734807772878,reference,DaRUS-4999/direct_upsampling_data_rungs_1-3/thermodynamic_properties/cristobalite_beta_pbe_d3bj.csv
1389,0,-8.349236310259048,reference,DaRUS-4999/direct_upsampling_data_rungs_1-3/thermodynamic_properties/cristobalite_beta_pbe_d3bj.csv
1390,0,-8.349737996974596,reference,DaRUS-4999/direct_upsampling_data_rungs_1-3/thermodynamic_properties/cristobalite_beta_pbe_d3bj.csv
1391,0,-8.35023986779553,reference,DaRUS-4999/direct_upsampling_data_rungs_1-3/thermodynamic_properties/cristobalite_beta_pbe_d3bj.csv
1392,0,-8.350741922598035,reference,DaRUS-4999/direct_upsampling_data_rungs_1-3/thermodynamic_properties/cristobalite_beta_pbe_d3bj.csv
1393,0,-8.35124416125845,reference,DaRUS-4999/direct_upsampling_data_rungs_1-3/thermodynamic_properties/cristobalite_beta_pbe_d3bj.csv
1394,0,-8.351746583653286,reference,DaRUS-4999/direct_upsampling_data_rungs_1-3/thermodynamic_properties/cristobalite_beta_pbe_d3bj.csv
1395,0,-8.352249189659215,reference,DaRUS-4999/direct_upsampling_data_rungs_1-3/thermodynamic_properties/cristobalite_beta_pbe_d3bj.csv
1396,0,-8.352751979153069,reference,DaRUS-4999/direct_upsampling_data_rungs_1-3/thermodynamic_properties/cristobalite_beta_pbe_d3bj.csv
1397,0,-8.353254952011847,reference,DaRUS-4999/direct_upsampling_data_rungs_1-3/thermodynamic_properties/cristobalite_beta_pbe_d3bj.csv
1398,0,-8.353758108112709,reference,DaRUS-4999/direct_upsampling_data_rungs_1-3/thermodynamic_properties/cristobalite_beta_pbe_d3bj.csv
1399,0,-8.354261447332979,reference,DaRUS-4999/direct_upsampling_data_rungs_1-3/thermodynamic_properties/cristobalite_beta_pbe_d3bj.csv
1400,0,-8.354764969550148,reference,DaRUS-4999/direct_upsampling_data_rungs_1-3/thermodynamic_properties/cristobalite_beta_pbe_d3bj.csv
1401,0,-8.355268674641852,reference,DaRUS-4999/direct_upsampling_data_rungs_1-3/thermodynamic_properties/cristobalite_beta_pbe_d3bj.csv
1402,0,-8.355772562485908,reference,DaRUS-4999/direct_upsampling_data_rungs_1-3/thermodynamic_properties/cristobalite_beta_pbe_d3bj.csv
1403,0,-8.356276632960284,reference,DaRUS-4999/direct_upsampling_data_rungs_1-3/thermodynamic_properties/cristobalite_beta_pbe_d3bj.csv
1404,0,-8.356780885943111,reference,DaRUS-4999/direct_upsampling_data_rungs_1-3/thermodynamic_properties/cristobalite_beta_pbe_d3bj.csv
1405,0,-8.357285321312679,reference,DaRUS-4999/direct_upsampling_data_rungs_1-3/thermodynamic_properties/cristobalite_beta_pbe_d3bj.csv
1406,0,-8.357789938947441,reference,DaRUS-4999/direct_upsampling_data_rungs_1-3/thermodynamic_properties/cristobalite_beta_pbe_d3bj.csv
1407,0,-8.358294738726011,reference,DaRUS-4999/direct_upsampling_data_rungs_1-3/thermodynamic_properties/cristobalite_beta_pbe_d3bj.csv
1408,0,-8.358799720527159,reference,DaRUS-4999/direct_upsampling_data_rungs_1-3/thermodynamic_properties/cristobalite_beta_pbe_d3bj.csv
1409,0,-8.359304884229816,reference,DaRUS-4999/direct_upsampling_data_rungs_1-3/thermodynamic_properties/cristobalite_beta_pbe_d3bj.csv
1410,0,-8.359810229713073,reference,DaRUS-4999/direct_upsampling_data_rungs_1-3/thermodynamic_properties/cristobalite_beta_pbe_d3bj.csv
1411,0,-8.360315756856178,reference,DaRUS-4999/direct_upsampling_data_rungs_1-3/thermodynamic_properties/cristobalite_beta_pbe_d3bj.csv
1412,0,-8.360821465538537,reference,DaRUS-4999/direct_upsampling_data_rungs_1-3/thermodynamic_properties/cristobalite_beta_pbe_d3bj.csv
1413,0,-8.361327355639716,reference,DaRUS-4999/direct_upsampling_data_rungs_1-3/thermodynamic_properties/cristobalite_beta_pbe_d3bj.csv
1414,0,-8.361833427039441,reference,DaRUS-4999/direct_upsampling_data_rungs_1-3/thermodynamic_properties/cristobalite_beta_pbe_d3bj.csv
1415,0,-8.362339679617591,reference,DaRUS-4999/direct_upsampling_data_rungs_1-3/thermodynamic_properties/cristobalite_beta_pbe_d3bj.csv
1416,0,-8.362846113254205,reference,DaRUS-4999/direct_upsampling_data_rungs_1-3/thermodynamic_properties/cristobalite_beta_pbe_d3bj.csv
1417,0,-8.363352727829476,reference,DaRUS-4999/direct_upsampling_data_rungs_1-3/thermodynamic_properties/cristobalite_beta_pbe_d3bj.csv
1418,0,-8.363859523223763,reference,DaRUS-4999/direct_upsampling_data_rungs_1-3/thermodynamic_properties/cristobalite_beta_pbe_d3bj.csv
1419,0,-8.364366499317564,reference,DaRUS-4999/direct_upsampling_data_rungs_1-3/thermodynamic_properties/cristobalite_beta_pbe_d3bj.csv
1420,0,-8.364873655991548,reference,DaRUS-4999/direct_upsampling_data_rungs_1-3/thermodynamic_properties/cristobalite_beta_pbe_d3bj.csv
1421,0,-8.365380993126541,reference,DaRUS-4999/direct_upsampling_data_rungs_1-3/thermodynamic_properties/cristobalite_beta_pbe_d3bj.csv
1422,0,-8.36588851060351,reference,DaRUS-4999/direct_upsampling_data_rungs_1-3/thermodynamic_properties/cristobalite_beta_pbe_d3bj.csv
1423,0,-8.366396208303591,reference,DaRUS-4999/direct_upsampling_data_rungs_1-3/thermodynamic_properties/cristobalite_beta_pbe_d3bj.csv
1424,0,-8.366904086108072,reference,DaRUS-4999/direct_upsampling_data_rungs_1-3/thermodynamic_properties/cristobalite_beta_pbe_d3bj.csv
1425,0,-8.367412143898381,reference,DaRUS-4999/direct_upsampling_data_rungs_1-3/thermodynamic_properties/cristobalite_beta_pbe_d3bj.csv
1426,0,-8.367920381556125,reference,DaRUS-4999/direct_upsampling_data_rungs_1-3/thermodynamic_properties/cristobalite_beta_pbe_d3bj.csv
1427,0,-8.368428798963052,reference,DaRUS-4999/direct_upsampling_data_rungs_1-3/thermodynamic_properties/cristobalite_beta_pbe_d3bj.csv
1428,0,-8.368937396001062,reference,DaRUS-4999/direct_upsampling_data_rungs_1-3/thermodynamic_properties/cristobalite_beta_pbe_d3bj.csv
1429,0,-8.369446172552207,reference,DaRUS-4999/direct_upsampling_data_rungs_1-3/thermodynamic_properties/cristobalite_beta_pbe_d3bj.csv
1430,0,-8.369955128498704,reference,DaRUS-4999/direct_upsampling_data_rungs_1-3/thermodynamic_properties/cristobalite_beta_pbe_d3bj.csv
1431,0,-8.370464263722907,reference,DaRUS-4999/direct_upsampling_data_rungs_1-3/thermodynamic_properties/cristobalite_beta_pbe_d3bj.csv
1432,0,-8.370973578107336,reference,DaRUS-4999/direct_upsampling_data_rungs_1-3/thermodynamic_properties/cristobalite_beta_pbe_d3bj.csv
1433,0,-8.371483071534657,reference,DaRUS-4999/direct_upsampling_data_rungs_1-3/thermodynamic_properties/cristobalite_beta_pbe_d3bj.csv
1434,0,-8.371992743887686,reference,DaRUS-4999/direct_upsampling_data_rungs_1-3/thermodynamic_properties/cristobalite_beta_pbe_d3bj.csv
1435,0,-8.372502595049395,reference,DaRUS-4999/direct_upsampling_data_rungs_1-3/thermodynamic_properties/cristobalite_beta_pbe_d3bj.csv
1436,0,-8.373012624902909,reference,DaRUS-4999/direct_upsampling_data_rungs_1-3/thermodynamic_properties/cristobalite_beta_pbe_d3bj.csv
1437,0,-8.373522833331497,reference,DaRUS-4999/direct_upsampling_data_rungs_1-3/thermodynamic_properties/cristobalite_beta_pbe_d3bj.csv
1438,0,-8.374033220218585,reference,DaRUS-4999/direct_upsampling_data_rungs_1-3/thermodynamic_properties/cristobalite_beta_pbe_d3bj.csv
1439,0,-8.374543785447747,reference,DaRUS-4999/direct_upsampling_data_rungs_1-3/thermodynamic_properties/cristobalite_beta_pbe_d3bj.csv
1440,0,-8.375054528902705,reference,DaRUS-4999/direct_upsampling_data_rungs_1-3/thermodynamic_properties/cristobalite_beta_pbe_d3bj.csv
1441,0,-8.37556545046734,reference,DaRUS-4999/direct_upsampling_data_rungs_1-3/thermodynamic_properties/cristobalite_beta_pbe_d3bj.csv
1442,0,-8.376076550025671,reference,DaRUS-4999/direct_upsampling_data_rungs_1-3/thermodynamic_properties/cristobalite_beta_pbe_d3bj.csv
1443,0,-8.376587827461876,reference,DaRUS-4999/direct_upsampling_data_rungs_1-3/thermodynamic_properties/cristobalite_beta_pbe_d3bj.csv
1444,0,-8.377099282660277,reference,DaRUS-4999/direct_upsampling_data_rungs_1-3/thermodynamic_properties/cristobalite_beta_pbe_d3bj.csv
1445,0,-8.377610915505343,reference,DaRUS-4999/direct_upsampling_data_rungs_1-3/thermodynamic_properties/cristobalite_beta_pbe_d3bj.csv
1446,0,-8.378122725881699,reference,DaRUS-4999/direct_upsampling_data_rungs_1-3/thermodynamic_properties/cristobalite_beta_pbe_d3bj.csv
1447,0,-8.378634713674112,reference,DaRUS-4999/direct_upsampling_data_rungs_1-3/thermodynamic_properties/cristobalite_beta_pbe_d3bj.csv
1448,0,-8.379146878767497,reference,DaRUS-4999/direct_upsampling_data_rungs_1-3/thermodynamic_properties/cristobalite_beta_pbe_d3bj.csv
1449,0,-8.379659221046923,reference,DaRUS-4999/direct_upsampling_data_rungs_1-3/thermodynamic_properties/cristobalite_beta_pbe_d3bj.csv
1450,0,-8.380171740397602,reference,DaRUS-4999/direct_upsampling_data_rungs_1-3/thermodynamic_properties/cristobalite_beta_pbe_d3bj.csv
1451,0,-8.380684436704888,reference,DaRUS-4999/direct_upsampling_data_rungs_1-3/thermodynamic_properties/cristobalite_beta_pbe_d3bj.csv
1452,0,-8.381197309854294,reference,DaRUS-4999/direct_upsampling_data_rungs_1-3/thermodynamic_properties/cristobalite_beta_pbe_d3bj.csv
1453,0,-8.381710359731469,reference,DaRUS-4999/direct_upsampling_data_rungs_1-3/thermodynamic_properties/cristobalite_beta_pbe_d3bj.csv
1454,0,-8.382223586222217,reference,DaRUS-4999/direct_upsampling_data_rungs_1-3/thermodynamic_properties/cristobalite_beta_pbe_d3bj.csv
1455,0,-8.382736989212477,reference,DaRUS-4999/direct_upsampling_data_rungs_1-3/thermodynamic_properties/cristobalite_beta_pbe_d3bj.csv
1456,0,-8.383250568588346,reference,DaRUS-4999/direct_upsampling_data_rungs_1-3/thermodynamic_properties/cristobalite_beta_pbe_d3bj.csv
1457,0,-8.383764324236061,reference,DaRUS-4999/direct_upsampling_data_rungs_1-3/thermodynamic_properties/cristobalite_beta_pbe_d3bj.csv
1458,0,-8.384278256042,reference,DaRUS-4999/direct_upsampling_data_rungs_1-3/thermodynamic_properties/cristobalite_beta_pbe_d3bj.csv
1459,0,-8.384792363892693,reference,DaRUS-4999/direct_upsampling_data_rungs_1-3/thermodynamic_properties/cristobalite_beta_pbe_d3bj.csv
1460,0,-8.385306647674815,reference,DaRUS-4999/direct_upsampling_data_rungs_1-3/thermodynamic_properties/cristobalite_beta_pbe_d3bj.csv
1461,0,-8.385821107275182,reference,DaRUS-4999/direct_upsampling_data_rungs_1-3/thermodynamic_properties/cristobalite_beta_pbe_d3bj.csv
1462,0,-8.386335742580751,reference,DaRUS-4999/direct_upsampling_data_rungs_1-3/thermodynamic_properties/cristobalite_beta_pbe_d3bj.csv
1463,0,-8.386850553478627,reference,DaRUS-4999/direct_upsampling_data_rungs_1-3/thermodynamic_properties/cristobalite_beta_pbe_d3bj.csv
1464,0,-8.387365539856066,reference,DaRUS-4999/direct_upsampling_data_rungs_1-3/thermodynamic_properties/cristobalite_beta_pbe_d3bj.csv
1465,0,-8.387880701600453,reference,DaRUS-4999/direct_upsampling_data_rungs_1-3/thermodynamic_properties/cristobalite_beta_pbe_d3bj.csv
1466,0,-8.388396038599327,reference,DaRUS-4999/direct_upsampling_data_rungs_1-3/thermodynamic_properties/cristobalite_beta_pbe_d3bj.csv
1467,0,-8.388911550740364,reference,DaRUS-4999/direct_upsampling_data_rungs_1-3/thermodynamic_properties/cristobalite_beta_pbe_d3bj.csv
1468,0,-8.389427237911384,reference,DaRUS-4999/direct_upsampling_data_rungs_1-3/thermodynamic_properties/cristobalite_beta_pbe_d3bj.csv
1469,0,-8.38994310000035,reference,DaRUS-4999/direct_upsampling_data_rungs_1-3/thermodynamic_properties/cristobalite_beta_pbe_d3bj.csv
1470,0,-8.390459136895371,reference,DaRUS-4999/direct_upsampling_data_rungs_1-3/thermodynamic_properties/cristobalite_beta_pbe_d3bj.csv
1471,0,-8.390975348484695,reference,DaRUS-4999/direct_upsampling_data_rungs_1-3/thermodynamic_properties/cristobalite_beta_pbe_d3bj.csv
1472,0,-8.391491734656704,reference,DaRUS-4999/direct_upsampling_data_rungs_1-3/thermodynamic_properties/cristobalite_beta_pbe_d3bj.csv
1473,0,-8.392008295299934,reference,DaRUS-4999/direct_upsampling_data_rungs_1-3/thermodynamic_properties/cristobalite_beta_pbe_d3bj.csv
1474,0,-8.392525030303053,reference,DaRUS-4999/direct_upsampling_data_rungs_1-3/thermodynamic_properties/cristobalite_beta_pbe_d3bj.csv
1475,0,-8.393041939554871,reference,DaRUS-4999/direct_upsampling_data_rungs_1-3/thermodynamic_properties/cristobalite_beta_pbe_d3bj.csv
1476,0,-8.393559022944348,reference,DaRUS-4999/direct_upsampling_data_rungs_1-3/thermodynamic_properties/cristobalite_beta_pbe_d3bj.csv
1477,0,-8.394076280360572,reference,DaRUS-4999/direct_upsampling_data_rungs_1-3/thermodynamic_properties/cristobalite_beta_pbe_d3bj.csv
1478,0,-8.394593711692773,reference,DaRUS-4999/direct_upsampling_data_rungs_1-3/thermodynamic_properties/cristobalite_beta_pbe_d3bj.csv
1479,0,-8.395111316830331,reference,DaRUS-4999/direct_upsampling_data_rungs_1-3/thermodynamic_properties/cristobalite_beta_pbe_d3bj.csv
1480,0,-8.395629095662748,reference,DaRUS-4999/direct_upsampling_data_rungs_1-3/thermodynamic_properties/cristobalite_beta_pbe_d3bj.csv
1481,0,-8.396147048079685,reference,DaRUS-4999/direct_upsampling_data_rungs_1-3/thermodynamic_properties/cristobalite_beta_pbe_d3bj.csv
1482,0,-8.396665173970923,reference,DaRUS-4999/direct_upsampling_data_rungs_1-3/thermodynamic_properties/cristobalite_beta_pbe_d3bj.csv
1483,0,-8.397183473226404,reference,DaRUS-4999/direct_upsampling_data_rungs_1-3/thermodynamic_properties/cristobalite_beta_pbe_d3bj.csv
1484,0,-8.397701945736181,reference,DaRUS-4999/direct_upsampling_data_rungs_1-3/thermodynamic_properties/cristobalite_beta_pbe_d3bj.csv
1485,0,-8.398220591390469,reference,DaRUS-4999/direct_upsampling_data_rungs_1-3/thermodynamic_properties/cristobalite_beta_pbe_d3bj.csv
1486,0,-8.39873941007961,reference,DaRUS-4999/direct_upsampling_data_rungs_1-3/thermodynamic_properties/cristobalite_beta_pbe_d3bj.csv
1487,0,-8.399258401694084,reference,DaRUS-4999/direct_upsampling_data_rungs_1-3/thermodynamic_properties/cristobalite_beta_pbe_d3bj.csv
1488,0,-8.399777566124511,reference,DaRUS-4999/direct_upsampling_data_rungs_1-3/thermodynamic_properties/cristobalite_beta_pbe_d3bj.csv
1489,0,-8.400296903261648,reference,DaRUS-4999/direct_upsampling_data_rungs_1-3/thermodynamic_properties/cristobalite_beta_pbe_d3bj.csv
1490,0,-8.400816412996386,reference,DaRUS-4999/direct_upsampling_data_rungs_1-3/thermodynamic_properties/cristobalite_beta_pbe_d3bj.csv
1491,0,-8.401336095219758,reference,DaRUS-4999/direct_upsampling_data_rungs_1-3/thermodynamic_properties/cristobalite_beta_pbe_d3bj.csv
1492,0,-8.401855949822924,reference,DaRUS-4999/direct_upsampling_data_rungs_1-3/thermodynamic_properties/cristobalite_beta_pbe_d3bj.csv
1493,0,-8.402375976697197,reference,DaRUS-4999/direct_upsampling_data_rungs_1-3/thermodynamic_properties/cristobalite_beta_pbe_d3bj.csv
1494,0,-8.402896175734005,reference,DaRUS-4999/direct_upsampling_data_rungs_1-3/thermodynamic_properties/cristobalite_beta_pbe_d3bj.csv
1495,0,-8.403416546824928,reference,DaRUS-4999/direct_upsampling_data_rungs_1-3/thermodynamic_properties/cristobalite_beta_pbe_d3bj.csv
1496,0,-8.403937089861676,reference,DaRUS-4999/direct_upsampling_data_rungs_1-3/thermodynamic_properties/cristobalite_beta_pbe_d3bj.csv
1497,0,-8.404457804736092,reference,DaRUS-4999/direct_upsampling_data_rungs_1-3/thermodynamic_properties/cristobalite_beta_pbe_d3bj.csv
1498,0,-8.404978691340157,reference,DaRUS-4999/direct_upsampling_data_rungs_1-3/thermodynamic_properties/cristobalite_beta_pbe_d3bj.csv
1499,0,-8.405499749565985,reference,DaRUS-4999/direct_upsampling_data_rungs_1-3/thermodynamic_properties/cristobalite_beta_pbe_d3bj.csv
1500,0,-8.406020979305827,reference,DaRUS-4999/direct_upsampling_data_rungs_1-3/thermodynamic_properties/cristobalite_beta_pbe_d3bj.csv
1501,0,-8.406542380452064,reference,DaRUS-4999/direct_upsampling_data_rungs_1-3/thermodynamic_properties/cristobalite_beta_pbe_d3bj.csv
1502,0,-8.407063952897216,reference,DaRUS-4999/direct_upsampling_data_rungs_1-3/thermodynamic_properties/cristobalite_beta_pbe_d3bj.csv
1503,0,-8.407585696533934,reference,DaRUS-4999/direct_upsampling_data_rungs_1-3/thermodynamic_properties/cristobalite_beta_pbe_d3bj.csv
1504,0,-8.408107611254998,reference,DaRUS-4999/direct_upsampling_data_rungs_1-3/thermodynamic_properties/cristobalite_beta_pbe_d3bj.csv
1505,0,-8.408629696953332,reference,DaRUS-4999/direct_upsampling_data_rungs_1-3/thermodynamic_properties/cristobalite_beta_pbe_d3bj.csv
1506,0,-8.409151953521986,reference,DaRUS-4999/direct_upsampling_data_rungs_1-3/thermodynamic_properties/cristobalite_beta_pbe_d3bj.csv
1507,0,-8.409674380854142,reference,DaRUS-4999/direct_upsampling_data_rungs_1-3/thermodynamic_properties/cristobalite_beta_pbe_d3bj.csv
1508,0,-8.410196978843116,reference,DaRUS-4999/direct_upsampling_data_rungs_1-3/thermodynamic_properties/cristobalite_beta_pbe_d3bj.csv
1509,0,-8.410719747382361,reference,DaRUS-4999/direct_upsampling_data_rungs_1-3/thermodynamic_properties/cristobalite_beta_pbe_d3bj.csv
1510,0,-8.411242686365451,reference,DaRUS-4999/direct_upsampling_data_rungs_1-3/thermodynamic_properties/cristobalite_beta_pbe_d3bj.csv
1511,0,-8.411765795686106,reference,DaRUS-4999/direct_upsampling_data_rungs_1-3/thermodynamic_properties/cristobalite_beta_pbe_d3bj.csv
1512,0,-8.412289075238167,reference,DaRUS-4999/direct_upsampling_data_rungs_1-3/thermodynamic_properties/cristobalite_beta_pbe_d3bj.csv
1513,0,-8.412812524915607,reference,DaRUS-4999/direct_upsampling_data_rungs_1-3/thermodynamic_properties/cristobalite_beta_pbe_d3bj.csv
1514,0,-8.413336144612538,reference,DaRUS-4999/direct_upsampling_data_rungs_1-3/thermodynamic_properties/cristobalite_beta_pbe_d3bj.csv
1515,0,-8.413859934223195,reference,DaRUS-4999/direct_upsampling_data_rungs_1-3/thermodynamic_properties/cristobalite_beta_pbe_d3bj.csv
1516,0,-8.414383893641944,reference,DaRUS-4999/direct_upsampling_data_rungs_1-3/thermodynamic_properties/cristobalite_beta_pbe_d3bj.csv
1517,0,-8.414908022763287,reference,DaRUS-4999/direct_upsampling_data_rungs_1-3/thermodynamic_properties/cristobalite_beta_pbe_d3bj.csv
1518,0,-8.415432321481852,reference,DaRUS-4999/direct_upsampling_data_rungs_1-3/thermodynamic_properties/cristobalite_beta_pbe_d3bj.csv
1519,0,-8.415956789692398,reference,DaRUS-4999/direct_upsampling_data_rungs_1-3/thermodynamic_properties/cristobalite_beta_pbe_d3bj.csv
1520,0,-8.416481427289812,reference,DaRUS-4999/direct_upsampling_data_rungs_1-3/thermodynamic_properties/cristobalite_beta_pbe_d3bj.csv
1521,0,-8.417006234169113,reference,DaRUS-4999/direct_upsampling_data_rungs_1-3/thermodynamic_properties/cristobalite_beta_pbe_d3bj.csv
1522,0,-8.417531210225453,reference,DaRUS-4999/direct_upsampling_data_rungs_1-3/thermodynamic_properties/cristobalite_beta_pbe_d3bj.csv
1523,0,-8.4180563553541,reference,DaRUS-4999/direct_upsampling_data_rungs_1-3/thermodynamic_properties/cristobalite_beta_pbe_d3bj.csv
1524,0,-8.418581669450464,reference,DaRUS-4999/direct_upsampling_data_rungs_1-3/thermodynamic_properties/cristobalite_beta_pbe_d3bj.csv
1525,0,-8.419107152410078,reference,DaRUS-4999/direct_upsampling_data_rungs_1-3/thermodynamic_properties/cristobalite_beta_pbe_d3bj.csv
1526,0,-8.419632804128604,reference,DaRUS-4999/direct_upsampling_data_rungs_1-3/thermodynamic_properties/cristobalite_beta_pbe_d3bj.csv
1527,0,-8.420158624501831,reference,DaRUS-4999/direct_upsampling_data_rungs_1-3/thermodynamic_properties/cristobalite_beta_pbe_d3bj.csv
1528,0,-8.420684613425676,reference,DaRUS-4999/direct_upsampling_data_rungs_1-3/thermodynamic_properties/cristobalite_beta_pbe_d3bj.csv
1529,0,-8.421210770796186,reference,DaRUS-4999/direct_upsampling_data_rungs_1-3/thermodynamic_properties/cristobalite_beta_pbe_d3bj.csv
1530,0,-8.421737096509535,reference,DaRUS-4999/direct_upsampling_data_rungs_1-3/thermodynamic_properties/cristobalite_beta_pbe_d3bj.csv
1531,0,-8.422263590462023,reference,DaRUS-4999/direct_upsampling_data_rungs_1-3/thermodynamic_properties/cristobalite_beta_pbe_d3bj.csv
1532,0,-8.422790252550074,reference,DaRUS-4999/direct_upsampling_data_rungs_1-3/thermodynamic_properties/cristobalite_beta_pbe_d3bj.csv
1533,0,-8.423317082670247,reference,DaRUS-4999/direct_upsampling_data_rungs_1-3/thermodynamic_properties/cristobalite_beta_pbe_d3bj.csv
1534,0,-8.423844080719217,reference,DaRUS-4999/direct_upsampling_data_rungs_1-3/thermodynamic_properties/cristobalite_beta_pbe_d3bj.csv
1535,0,-8.424371246593791,reference,DaRUS-4999/direct_upsampling_data_rungs_1-3/thermodynamic_properties/cristobalite_beta_pbe_d3bj.csv
1536,0,-8.424898580190906,reference,DaRUS-4999/direct_upsampling_data_rungs_1-3/thermodynamic_properties/cristobalite_beta_pbe_d3bj.csv
1537,0,-8.425426081407617,reference,DaRUS-4999/direct_upsampling_data_rungs_1-3/thermodynamic_properties/cristobalite_beta_pbe_d3bj.csv
1538,0,-8.425953750141106,reference,DaRUS-4999/direct_upsampling_data_rungs_1-3/thermodynamic_properties/cristobalite_beta_pbe_d3bj.csv
1539,0,-8.426481586288686,reference,DaRUS-4999/direct_upsampling_data_rungs_1-3/thermodynamic_properties/cristobalite_beta_pbe_d3bj.csv
1540,0,-8.427009589747792,reference,DaRUS-4999/direct_upsampling_data_rungs_1-3/thermodynamic_properties/cristobalite_beta_pbe_d3bj.csv
1541,0,-8.42753776041598,reference,DaRUS-4999/direct_upsampling_data_rungs_1-3/thermodynamic_properties/cristobalite_beta_pbe_d3bj.csv
1542,0,-8.428066098190936,reference,DaRUS-4999/direct_upsampling_data_rungs_1-3/thermodynamic_properties/cristobalite_beta_pbe_d3bj.csv
1543,0,-8.428594602970469,reference,DaRUS-4999/direct_upsampling_data_rungs_1-3/thermodynamic_properties/cristobalite_beta_pbe_d3bj.csv
1544,0,-8.429123274652509,reference,DaRUS-4999/direct_upsampling_data_rungs_1-3/thermodynamic_properties/cristobalite_beta_pbe_d3bj.csv
1545,0,-8.429652113135118,reference,DaRUS-4999/direct_upsampling_data_rungs_1-3/thermodynamic_properties/cristobalite_beta_pbe_d3bj.csv
1546,0,-8.430181118316471,reference,DaRUS-4999/direct_upsampling_data_rungs_1-3/thermodynamic_properties/cristobalite_beta_pbe_d3bj.csv
1547,0,-8.430710290094877,reference,DaRUS-4999/direct_upsampling_data_rungs_1-3/thermodynamic_properties/cristobalite_beta_pbe_d3bj.csv
1548,0,-8.431239628368759,reference,DaRUS-4999/direct_upsampling_data_rungs_1-3/thermodynamic_properties/cristobalite_beta_pbe_d3bj.csv
1549,0,-8.431769133036674,reference,DaRUS-4999/direct_upsampling_data_rungs_1-3/thermodynamic_properties/cristobalite_beta_pbe_d3bj.csv
1550,0,-8.432298803997289,reference,DaRUS-4999/direct_upsampling_data_rungs_1-3/thermodynamic_properties/cristobalite_beta_pbe_d3bj.csv
1551,0,-8.432828641149406,reference,DaRUS-4999/direct_upsampling_data_rungs_1-3/thermodynamic_properties/cristobalite_beta_pbe_d3bj.csv
1552,0,-8.433358644391941,reference,DaRUS-4999/direct_upsampling_data_rungs_1-3/thermodynamic_properties/cristobalite_beta_pbe_d3bj.csv
1553,0,-8.433888813623936,reference,DaRUS-4999/direct_upsampling_data_rungs_1-3/thermodynamic_properties/cristobalite_beta_pbe_d3bj.csv
1554,0,-8.434419148744553,reference,DaRUS-4999/direct_upsampling_data_rungs_1-3/thermodynamic_properties/cristobalite_beta_pbe_d3bj.csv
1555,0,-8.434949649653081,reference,DaRUS-4999/direct_upsampling_data_rungs_1-3/thermodynamic_properties/cristobalite_beta_pbe_d3bj.csv
1556,0,-8.435480316248922,reference,DaRUS-4999/direct_upsampling_data_rungs_1-3/thermodynamic_properties/cristobalite_beta_pbe_d3bj.csv
1557,0,-8.436011148431607,reference,DaRUS-4999/direct_upsampling_data_rungs_1-3/thermodynamic_properties/cristobalite_beta_pbe_d3bj.csv
1558,0,-8.436542146100786,reference,DaRUS-4999/direct_upsampling_data_rungs_1-3/thermodynamic_properties/cristobalite_beta_pbe_d3bj.csv
1559,0,-8.437073309156228,reference,DaRUS-4999/direct_upsampling_data_rungs_1-3/thermodynamic_properties/cristobalite_beta_pbe_d3bj.csv
1560,0,-8.437604637497822,reference,DaRUS-4999/direct_upsampling_data_rungs_1-3/thermodynamic_properties/cristobalite_beta_pbe_d3bj.csv
1561,0,-8.438136131025587,reference,DaRUS-4999/direct_upsampling_data_rungs_1-3/thermodynamic_properties/cristobalite_beta_pbe_d3bj.csv
1562,0,-8.43866778963965,reference,DaRUS-4999/direct_upsampling_data_rungs_1-3/thermodynamic_properties/cristobalite_beta_pbe_d3bj.csv
1563,0,-8.439199613240261,reference,DaRUS-4999/direct_upsampling_data_rungs_1-3/thermodynamic_properties/cristobalite_beta_pbe_d3bj.csv
1564,0,-8.439731601727795,reference,DaRUS-4999/direct_upsampling_data_rungs_1-3/thermodynamic_properties/cristobalite_beta_pbe_d3bj.csv
1565,0,-8.440263755002748,reference,DaRUS-4999/direct_upsampling_data_rungs_1-3/thermodynamic_properties/cristobalite_beta_pbe_d3bj.csv
1566,0,-8.440796072965723,reference,DaRUS-4999/direct_upsampling_data_rungs_1-3/thermodynamic_properties/cristobalite_beta_pbe_d3bj.csv
1567,0,-8.441328555517458,reference,DaRUS-4999/direct_upsampling_data_rungs_1-3/thermodynamic_properties/cristobalite_beta_pbe_d3bj.csv
1568,0,-8.441861202558803,reference,DaRUS-4999/direct_upsampling_data_rungs_1-3/thermodynamic_properties/cristobalite_beta_pbe_d3bj.csv
1569,0,-8.442394013990722,reference,DaRUS-4999/direct_upsampling_data_rungs_1-3/thermodynamic_properties/cristobalite_beta_pbe_d3bj.csv
1570,0,-8.442926989714305,reference,DaRUS-4999/direct_upsampling_data_rungs_1-3/thermodynamic_properties/cristobalite_beta_pbe_d3bj.csv
1571,0,-8.443460129630756,reference,DaRUS-4999/direct_upsampling_data_rungs_1-3/thermodynamic_properties/cristobalite_beta_pbe_d3bj.csv
1572,0,-8.443993433641403,reference,DaRUS-4999/direct_upsampling_data_rungs_1-3/thermodynamic_properties/cristobalite_beta_pbe_d3bj.csv
1573,0,-8.444526901647682,reference,DaRUS-4999/direct_upsampling_data_rungs_1-3/thermodynamic_properties/cristobalite_beta_pbe_d3bj.csv
1574,0,-8.445060533551162,reference,DaRUS-4999/direct_upsampling_data_rungs_1-3/thermodynamic_properties/cristobalite_beta_pbe_d3bj.csv
1575,0,-8.445594329253513,reference,DaRUS-4999/direct_upsampling_data_rungs_1-3/thermodynamic_properties/cristobalite_beta_pbe_d3bj.csv
1576,0,-8.446128288656535,reference,DaRUS-4999/direct_upsampling_data_rungs_1-3/thermodynamic_properties/cristobalite_beta_pbe_d3bj.csv
1577,0,-8.446662411662141,reference,DaRUS-4999/direct_upsampling_data_rungs_1-3/thermodynamic_properties/cristobalite_beta_pbe_d3bj.csv
1578,0,-8.44719669817235,reference,DaRUS-4999/direct_upsampling_data_rungs_1-3/thermodynamic_properties/cristobalite_beta_pbe_d3bj.csv
1579,0,-8.447731148089321,reference,DaRUS-4999/direct_upsampling_data_rungs_1-3/thermodynamic_properties/cristobalite_beta_pbe_d3bj.csv
1580,0,-8.448265761315314,reference,DaRUS-4999/direct_upsampling_data_rungs_1-3/thermodynamic_properties/cristobalite_beta_pbe_d3bj.csv
1581,0,-8.448800537752705,reference,DaRUS-4999/direct_upsampling_data_rungs_1-3/thermodynamic_properties/cristobalite_beta_pbe_d3bj.csv
1582,0,-8.44933547730399,reference,DaRUS-4999/direct_upsampling_data_rungs_1-3/thermodynamic_properties/cristobalite_beta_pbe_d3bj.csv
1583,0,-8.44987057987178,reference,DaRUS-4999/direct_upsampling_data_rungs_1-3/thermodynamic_properties/cristobalite_beta_pbe_d3bj.csv
1584,0,-8.450405845358807,reference,DaRUS-4999/direct_upsampling_data_rungs_1-3/thermodynamic_properties/cristobalite_beta_pbe_d3bj.csv
1585,0,-8.450941273667906,reference,DaRUS-4999/direct_upsampling_data_rungs_1-3/thermodynamic_properties/cristobalite_beta_pbe_d3bj.csv
1586,0,-8.451476864702043,reference,DaRUS-4999/direct_upsampling_data_rungs_1-3/thermodynamic_properties/cristobalite_beta_pbe_d3bj.csv
1587,0,-8.452012618364288,reference,DaRUS-4999/direct_upsampling_data_rungs_1-3/thermodynamic_properties/cristobalite_beta_pbe_d3bj.csv
1588,0,-8.452548534557831,reference,DaRUS-4999/direct_upsampling_data_rungs_1-3/thermodynamic_properties/cristobalite_beta_pbe_d3bj.csv
1589,0,-8.453084613185972,reference,DaRUS-4999/direct_upsampling_data_rungs_1-3/thermodynamic_properties/cristobalite_beta_pbe_d3bj.csv
1590,0,-8.453620854152133,reference,DaRUS-4999/direct_upsampling_data_rungs_1-3/thermodynamic_properties/cristobalite_beta_pbe_d3bj.csv
1591,0,-8.454157257359844,reference,DaRUS-4999/direct_upsampling_data_rungs_1-3/thermodynamic_properties/cristobalite_beta_pbe_d3bj.csv
1592,0,-8.454693822712754,reference,DaRUS-4999/direct_upsampling_data_rungs_1-3/thermodynamic_properties/cristobalite_beta_pbe_d3bj.csv
1593,0,-8.455230550114619,reference,DaRUS-4999/direct_upsampling_data_rungs_1-3/thermodynamic_properties/cristobalite_beta_pbe_d3bj.csv
1594,0,-8.455767439469318,reference,DaRUS-4999/direct_upsampling_data_rungs_1-3/thermodynamic_properties/cristobalite_beta_pbe_d3bj.csv
1595,0,-8.456304490680836,reference,DaRUS-4999/direct_upsampling_data_rungs_1-3/thermodynamic_properties/cristobalite_beta_pbe_d3bj.csv
1596,0,-8.456841703653275,reference,DaRUS-4999/direct_upsampling_data_rungs_1-3/thermodynamic_properties/cristobalite_beta_pbe_d3bj.csv
1597,0,-8.457379078290854,reference,DaRUS-4999/direct_upsampling_data_rungs_1-3/thermodynamic_properties/cristobalite_beta_pbe_d3bj.csv
1598,0,-8.457916614497892,reference,DaRUS-4999/direct_upsampling_data_rungs_1-3/thermodynamic_properties/cristobalite_beta_pbe_d3bj.csv
1599,0,-8.458454312178837,reference,DaRUS-4999/direct_upsampling_data_rungs_1-3/thermodynamic_properties/cristobalite_beta_pbe_d3bj.csv
1600,0,-8.458992171238242,reference,DaRUS-4999/direct_upsampling_data_rungs_1-3/thermodynamic_properties/cristobalite_beta_pbe_d3bj.csv
1601,0,-8.459530191580766,reference,DaRUS-4999/direct_upsampling_data_rungs_1-3/thermodynamic_properties/cristobalite_beta_pbe_d3bj.csv
1602,0,-8.460068373111193,reference,DaRUS-4999/direct_upsampling_data_rungs_1-3/thermodynamic_properties/cristobalite_beta_pbe_d3bj.csv
1603,0,-8.460606715734411,reference,DaRUS-4999/direct_upsampling_data_rungs_1-3/thermodynamic_properties/cristobalite_beta_pbe_d3bj.csv
1604,0,-8.461145219355419,reference,DaRUS-4999/direct_upsampling_data_rungs_1-3/thermodynamic_properties/cristobalite_beta_pbe_d3bj.csv
1605,0,-8.461683883879337,reference,DaRUS-4999/direct_upsampling_data_rungs_1-3/thermodynamic_properties/cristobalite_beta_pbe_d3bj.csv
1606,0,-8.462222709211385,reference,DaRUS-4999/direct_upsampling_data_rungs_1-3/thermodynamic_properties/cristobalite_beta_pbe_d3bj.csv
1607,0,-8.4627616952569,reference,DaRUS-4999/direct_upsampling_data_rungs_1-3/thermodynamic_properties/cristobalite_beta_pbe_d3bj.csv
1608,0,-8.463300841921328,reference,DaRUS-4999/direct_upsampling_data_rungs_1-3/thermodynamic_properties/cristobalite_beta_pbe_d3bj.csv
1609,0,-8.463840149110229,reference,DaRUS-4999/direct_upsampling_data_rungs_1-3/thermodynamic_properties/cristobalite_beta_pbe_d3bj.csv
1610,0,-8.464379616729275,reference,DaRUS-4999/direct_upsampling_data_rungs_1-3/thermodynamic_properties/cristobalite_beta_pbe_d3bj.csv
1611,0,-8.464919244684239,reference,DaRUS-4999/direct_upsampling_data_rungs_1-3/thermodynamic_properties/cristobalite_beta_pbe_d3bj.csv
1612,0,-8.465459032881016,reference,DaRUS-4999/direct_upsampling_data_rungs_1-3/thermodynamic_properties/cristobalite_beta_pbe_d3bj.csv
1613,0,-8.465998981225599,reference,DaRUS-4999/direct_upsampling_data_rungs_1-3/thermodynamic_properties/cristobalite_beta_pbe_d3bj.csv
1614,0,-8.466539089624106,reference,DaRUS-4999/direct_upsampling_data_rungs_1-3/thermodynamic_properties/cristobalite_beta_pbe_d3bj.csv
1615,0,-8.467079357982755,reference,DaRUS-4999/direct_upsampling_data_rungs_1-3/thermodynamic_properties/cristobalite_beta_pbe_d3bj.csv
1616,0,-8.467619786207869,reference,DaRUS-4999/direct_upsampling_data_rungs_1-3/thermodynamic_properties/cristobalite_beta_pbe_d3bj.csv
1617,0,-8.468160374205894,reference,DaRUS-4999/direct_upsampling_data_rungs_1-3/thermodynamic_properties/cristobalite_beta_pbe_d3bj.csv
1618,0,-8.468701121883374,reference,DaRUS-4999/direct_upsampling_data_rungs_1-3/thermodynamic_properties/cristobalite_beta_pbe_d3bj.csv
1619,0,-8.469242029146967,reference,DaRUS-4999/direct_upsampling_data_rungs_1-3/thermodynamic_properties/cristobalite_beta_pbe_d3bj.csv
1620,0,-8.469783095903439,reference,DaRUS-4999/direct_upsampling_data_rungs_1-3/thermodynamic_properties/cristobalite_beta_pbe_d3bj.csv
1621,0,-8.470324322059664,reference,DaRUS-4999/direct_upsampling_data_rungs_1-3/thermodynamic_properties/cristobalite_beta_pbe_d3bj.csv
1622,0,-8.470865707522625,reference,DaRUS-4999/direct_upsampling_data_rungs_1-3/thermodynamic_properties/cristobalite_beta_pbe_d3bj.csv
1623,0,-8.471407252199411,reference,DaRUS-4999/direct_upsampling_data_rungs_1-3/thermodynamic_properties/cristobalite_beta_pbe_d3bj.csv
1624,0,-8.47194895599722,reference,DaRUS-4999/direct_upsampling_data_rungs_1-3/thermodynamic_properties/cristobalite_beta_pbe_d3bj.csv
1625,0,-8.472490818823365,reference,DaRUS-4999/direct_upsampling_data_rungs_1-3/thermodynamic_properties/cristobalite_beta_pbe_d3bj.csv
1626,0,-8.473032840585258,reference,DaRUS-4999/direct_upsampling_data_rungs_1-3/thermodynamic_properties/cristobalite_beta_pbe_d3bj.csv
1627,0,-8.473575021190419,reference,DaRUS-4999/direct_upsampling_data_rungs_1-3/thermodynamic_properties/cristobalite_beta_pbe_d3bj.csv
1628,0,-8.474117360546479,reference,DaRUS-4999/direct_upsampling_data_rungs_1-3/thermodynamic_properties/cristobalite_beta_pbe_d3bj.csv
1629,0,-8.474659858561179,reference,DaRUS-4999/direct_upsampling_data_rungs_1-3/thermodynamic_properties/cristobalite_beta_pbe_d3bj.csv
1630,0,-8.475202515142353,reference,DaRUS-4999/direct_upsampling_data_rungs_1-3/thermodynamic_properties/cristobalite_beta_pbe_d3bj.csv
1631,0,-8.475745330197965,reference,DaRUS-4999/direct_upsampling_data_rungs_1-3/thermodynamic_properties/cristobalite_beta_pbe_d3bj.csv
1632,0,-8.476288303636057,reference,DaRUS-4999/direct_upsampling_data_rungs_1-3/thermodynamic_properties/cristobalite_beta_pbe_d3bj.csv
1633,0,-8.476831435364804,reference,DaRUS-4999/direct_upsampling_data_rungs_1-3/thermodynamic_properties/cristobalite_beta_pbe_d3bj.csv
1634,0,-8.477374725292474,reference,DaRUS-4999/direct_upsampling_data_rungs_1-3/thermodynamic_properties/cristobalite_beta_pbe_d3bj.csv
1635,0,-8.47791817332744,reference,DaRUS-4999/direct_upsampling_data_rungs_1-3/thermodynamic_properties/cristobalite_beta_pbe_d3bj.csv
1636,0,-8.478461779378186,reference,DaRUS-4999/direct_upsampling_data_rungs_1-3/thermodynamic_properties/cristobalite_beta_pbe_d3bj.csv
1637,0,-8.479005543353301,reference,DaRUS-4999/direct_upsampling_data_rungs_1-3/thermodynamic_properties/cristobalite_beta_pbe_d3bj.csv
1638,0,-8.479549465161476,reference,DaRUS-4999/direct_upsampling_data_rungs_1-3/thermodynamic_properties/cristobalite_beta_pbe_d3bj.csv
1639,0,-8.48009354471151,reference,DaRUS-4999/direct_upsampling_data_rungs_1-3/thermodynamic_properties/cristobalite_beta_pbe_d3bj.csv
1640,0,-8.480637781912305,reference,DaRUS-4999/direct_upsampling_data_rungs_1-3/thermodynamic_properties/cristobalite_beta_pbe_d3bj.csv
1641,0,-8.481182176672874,reference,DaRUS-4999/direct_upsampling_data_rungs_1-3/thermodynamic_properties/cristobalite_beta_pbe_d3bj.csv
1642,0,-8.481726728902329,reference,DaRUS-4999/direct_upsampling_data_rungs_1-3/thermodynamic_properties/cristobalite_beta_pbe_d3bj.csv
1643,0,-8.482271438509887,reference,DaRUS-4999/direct_upsampling_data_rungs_1-3/thermodynamic_properties/cristobalite_beta_pbe_d3bj.csv
1644,0,-8.482816305404873,reference,DaRUS-4999/direct_upsampling_data_rungs_1-3/thermodynamic_properties/cristobalite_beta_pbe_d3bj.csv
1645,0,-8.483361329496711,reference,DaRUS-4999/direct_upsampling_data_rungs_1-3/thermodynamic_properties/cristobalite_beta_pbe_d3bj.csv
1646,0,-8.483906510694933,reference,DaRUS-4999/direct_upsampling_data_rungs_1-3/thermodynamic_properties/cristobalite_beta_pbe_d3bj.csv
1647,0,-8.484451848909178,reference,DaRUS-4999/direct_upsampling_data_rungs_1-3/thermodynamic_properties/cristobalite_beta_pbe_d3bj.csv
1648,0,-8.484997344049182,reference,DaRUS-4999/direct_upsampling_data_rungs_1-3/thermodynamic_properties/cristobalite_beta_pbe_d3bj.csv
1649,0,-8.485542996024787,reference,DaRUS-4999/direct_upsampling_data_rungs_1-3/thermodynamic_properties/cristobalite_beta_pbe_d3bj.csv
1650,0,-8.486088804745938,reference,DaRUS-4999/direct_upsampling_data_rungs_1-3/thermodynamic_properties/cristobalite_beta_pbe_d3bj.csv
1651,0,-8.486634770122688,reference,DaRUS-4999/direct_upsampling_data_rungs_1-3/thermodynamic_properties/cristobalite_beta_pbe_d3bj.csv
1652,0,-8.487180892065188,reference,DaRUS-4999/direct_upsampling_data_rungs_1-3/thermodynamic_properties/cristobalite_beta_pbe_d3bj.csv
1653,0,-8.487727170483691,reference,DaRUS-4999/direct_upsampling_data_rungs_1-3/thermodynamic_properties/cristobalite_beta_pbe_d3bj.csv
1654,0,-8.488273605288558,reference,DaRUS-4999/direct_upsampling_data_rungs_1-3/thermodynamic_properties/cristobalite_beta_pbe_d3bj.csv
1655,0,-8.488820196390247,reference,DaRUS-4999/direct_upsampling_data_rungs_1-3/thermodynamic_properties/cristobalite_beta_pbe_d3bj.csv
1656,0,-8.489366943699324,reference,DaRUS-4999/direct_upsampling_data_rungs_1-3/thermodynamic_properties/cristobalite_beta_pbe_d3bj.csv
1657,0,-8.489913847126452,reference,DaRUS-4999/direct_upsampling_data_rungs_1-3/thermodynamic_properties/cristobalite_beta_pbe_d3bj.csv
1658,0,-8.490460906582395,reference,DaRUS-4999/direct_upsampling_data_rungs_1-3/thermodynamic_properties/cristobalite_beta_pbe_d3bj.csv
1659,0,-8.49100812197803,reference,DaRUS-4999/direct_upsampling_data_rungs_1-3/thermodynamic_properties/cristobalite_beta_pbe_d3bj.csv
1660,0,-8.491555493224324,reference,DaRUS-4999/direct_upsampling_data_rungs_1-3/thermodynamic_properties/cristobalite_beta_pbe_d3bj.csv
1661,0,-8.492103020232346,reference,DaRUS-4999/direct_upsampling_data_rungs_1-3/thermodynamic_properties/cristobalite_beta_pbe_d3bj.csv
1662,0,-8.492650702913272,reference,DaRUS-4999/direct_upsampling_data_rungs_1-3/thermodynamic_properties/cristobalite_beta_pbe_d3bj.csv
1663,0,-8.49319854117838,reference,DaRUS-4999/direct_upsampling_data_rungs_1-3/thermodynamic_properties/cristobalite_beta_pbe_d3bj.csv
1664,0,-8.493746534939044,reference,DaRUS-4999/direct_upsampling_data_rungs_1-3/thermodynamic_properties/cristobalite_beta_pbe_d3bj.csv
1665,0,-8.494294684106741,reference,DaRUS-4999/direct_upsampling_data_rungs_1-3/thermodynamic_properties/cristobalite_beta_pbe_d3bj.csv
1666,0,-8.494842988593044,reference,DaRUS-4999/direct_upsampling_data_rungs_1-3/thermodynamic_properties/cristobalite_beta_pbe_d3bj.csv
1667,0,-8.495391448309636,reference,DaRUS-4999/direct_upsampling_data_rungs_1-3/thermodynamic_properties/cristobalite_beta_pbe_d3bj.csv
1668,0,-8.495940063168298,reference,DaRUS-4999/direct_upsampling_data_rungs_1-3/thermodynamic_properties/cristobalite_beta_pbe_d3bj.csv
1669,0,-8.496488833080901,reference,DaRUS-4999/direct_upsampling_data_rungs_1-3/thermodynamic_properties/cristobalite_beta_pbe_d3bj.csv
1670,0,-8.497037757959429,reference,DaRUS-4999/direct_upsampling_data_rungs_1-3/thermodynamic_properties/cristobalite_beta_pbe_d3bj.csv
1671,0,-8.497586837715959,reference,DaRUS-4999/direct_upsampling_data_rungs_1-3/thermodynamic_properties/cristobalite_beta_pbe_d3bj.csv
1672,0,-8.498136072262666,reference,DaRUS-4999/direct_upsampling_data_rungs_1-3/thermodynamic_properties/cristobalite_beta_pbe_d3bj.csv
1673,0,-8.498685461511837,reference,DaRUS-4999/direct_upsampling_data_rungs_1-3/thermodynamic_properties/cristobalite_beta_pbe_d3bj.csv
1674,0,-8.499235005375835,reference,DaRUS-4999/direct_upsampling_data_rungs_1-3/thermodynamic_properties/cristobalite_beta_pbe_d3bj.csv
1675,0,-8.499784703767151,reference,DaRUS-4999/direct_upsampling_data_rungs_1-3/thermodynamic_properties/cristobalite_beta_pbe_d3bj.csv
1676,0,-8.50033455659835,reference,DaRUS-4999/direct_upsampling_data_rungs_1-3/thermodynamic_properties/cristobalite_beta_pbe_d3bj.csv
1677,0,-8.500884563782108,reference,DaRUS-4999/direct_upsampling_data_rungs_1-3/thermodynamic_properties/cristobalite_beta_pbe_d3bj.csv
1678,0,-8.501434725231205,reference,DaRUS-4999/direct_upsampling_data_rungs_1-3/thermodynamic_properties/cristobalite_beta_pbe_d3bj.csv
1679,0,-8.5019850408585,reference,DaRUS-4999/direct_upsampling_data_rungs_1-3/thermodynamic_properties/cristobalite_beta_pbe_d3bj.csv
1680,0,-8.502535510576973,reference,DaRUS-4999/direct_upsampling_data_rungs_1-3/thermodynamic_properties/cristobalite_beta_pbe_d3bj.csv
1681,0,-8.503086134299684,reference,DaRUS-4999/direct_upsampling_data_rungs_1-3/thermodynamic_properties/cristobalite_beta_pbe_d3bj.csv
1682,0,-8.503636911939809,reference,DaRUS-4999/direct_upsampling_data_rungs_1-3/thermodynamic_properties/cristobalite_beta_pbe_d3bj.csv
1683,0,-8.504187843410604,reference,DaRUS-4999/direct_upsampling_data_rungs_1-3/thermodynamic_properties/cristobalite_beta_pbe_d3bj.csv
1684,0,-8.504738928625432,reference,DaRUS-4999/direct_upsampling_data_rungs_1-3/thermodynamic_properties/cristobalite_beta_pbe_d3bj.csv
1685,0,-8.505290167497753,reference,DaRUS-4999/direct_upsampling_data_rungs_1-3/thermodynamic_properties/cristobalite_beta_pbe_d3bj.csv
1686,0,-8.505841559941125,reference,DaRUS-4999/direct_upsampling_data_rungs_1-3/thermodynamic_properties/cristobalite_beta_pbe_d3bj.csv
1687,0,-8.506393105869199,reference,DaRUS-4999/direct_upsampling_data_rungs_1-3/thermodynamic_properties/cristobalite_beta_pbe_d3bj.csv
1688,0,-8.506944805195728,reference,DaRUS-4999/direct_upsampling_data_rungs_1-3/thermodynamic_properties/cristobalite_beta_pbe_d3bj.csv
1689,0,-8.507496657834558,reference,DaRUS-4999/direct_upsampling_data_rungs_1-3/thermodynamic_properties/cristobalite_beta_pbe_d3bj.csv
1690,0,-8.508048663699638,reference,DaRUS-4999/direct_upsampling_data_rungs_1-3/thermodynamic_properties/cristobalite_beta_pbe_d3bj.csv
1691,0,-8.508600822705001,reference,DaRUS-4999/direct_upsampling_data_rungs_1-3/thermodynamic_properties/cristobalite_beta_pbe_d3bj.csv
1692,0,-8.509153134764793,reference,DaRUS-4999/direct_upsampling_data_rungs_1-3/thermodynamic_properties/cristobalite_beta_pbe_d3bj.csv
1693,0,-8.509705599793241,reference,DaRUS-4999/direct_upsampling_data_rungs_1-3/thermodynamic_properties/cristobalite_beta_pbe_d3bj.csv
1694,0,-8.510258217704679,reference,DaRUS-4999/direct_upsampling_data_rungs_1-3/thermodynamic_properties/cristobalite_beta_pbe_d3bj.csv
1695,0,-8.510810988413535,reference,DaRUS-4999/direct_upsampling_data_rungs_1-3/thermodynamic_properties/cristobalite_beta_pbe_d3bj.csv
1696,0,-8.511363911834327,reference,DaRUS-4999/direct_upsampling_data_rungs_1-3/thermodynamic_properties/cristobalite_beta_pbe_d3bj.csv
1697,0,-8.511916987881671,reference,DaRUS-4999/direct_upsampling_data_rungs_1-3/thermodynamic_properties/cristobalite_beta_pbe_d3bj.csv
1698,0,-8.512470216470286,reference,DaRUS-4999/direct_upsampling_data_rungs_1-3/thermodynamic_properties/cristobalite_beta_pbe_d3bj.csv
1699,0,-8.513023597514975,reference,DaRUS-4999/direct_upsampling_data_rungs_1-3/thermodynamic_properties/cristobalite_beta_pbe_d3bj.csv
1700,0,-8.513577130930644,reference,DaRUS-4999/direct_upsampling_data_rungs_1-3/thermodynamic_properties/cristobalite_beta_pbe_d3bj.csv
1701,0,-8.51413081663229,reference,DaRUS-4999/direct_upsampling_data_rungs_1-3/thermodynamic_properties/cristobalite_beta_pbe_d3bj.csv
1702,0,-8.514684654535008,reference,DaRUS-4999/direct_upsampling_data_rungs_1-3/thermodynamic_properties/cristobalite_beta_pbe_d3bj.csv
1703,0,-8.515238644553984,reference,DaRUS-4999/direct_upsampling_data_rungs_1-3/thermodynamic_properties/cristobalite_beta_pbe_d3bj.csv
1704,0,-8.515792786604502,reference,DaRUS-4999/direct_upsampling_data_rungs_1-3/thermodynamic_properties/cristobalite_beta_pbe_d3bj.csv
1705,0,-8.516347080601939,reference,DaRUS-4999/direct_upsampling_data_rungs_1-3/thermodynamic_properties/cristobalite_beta_pbe_d3bj.csv
1706,0,-8.516901526461769,reference,DaRUS-4999/direct_upsampling_data_rungs_1-3/thermodynamic_properties/cristobalite_beta_pbe_d3bj.csv
1707,0,-8.517456124099553,reference,DaRUS-4999/direct_upsampling_data_rungs_1-3/thermodynamic_properties/cristobalite_beta_pbe_d3bj.csv
1708,0,-8.518010873430949,reference,DaRUS-4999/direct_upsampling_data_rungs_1-3/thermodynamic_properties/cristobalite_beta_pbe_d3bj.csv
1709,0,-8.518565774371714,reference,DaRUS-4999/direct_upsampling_data_rungs_1-3/thermodynamic_properties/cristobalite_beta_pbe_d3bj.csv
1710,0,-8.519120826837694,reference,DaRUS-4999/direct_upsampling_data_rungs_1-3/thermodynamic_properties/cristobalite_beta_pbe_d3bj.csv
1711,0,-8.519676030744829,reference,DaRUS-4999/direct_upsampling_data_rungs_1-3/thermodynamic_properties/cristobalite_beta_pbe_d3bj.csv
1712,0,-8.520231386009154,reference,DaRUS-4999/direct_upsampling_data_rungs_1-3/thermodynamic_properties/cristobalite_beta_pbe_d3bj.csv
1713,0,-8.520786892546795,reference,DaRUS-4999/direct_upsampling_data_rungs_1-3/thermodynamic_properties/cristobalite_beta_pbe_d3bj.csv
1714,0,-8.521342550273966,reference,DaRUS-4999/direct_upsampling_data_rungs_1-3/thermodynamic_properties/cristobalite_beta_pbe_d3bj.csv
1715,0,-8.521898359106986,reference,DaRUS-4999/direct_upsampling_data_rungs_1-3/thermodynamic_properties/cristobalite_beta_pbe_d3bj.csv
1716,0,-8.522454318962261,reference,DaRUS-4999/direct_upsampling_data_rungs_1-3/thermodynamic_properties/cristobalite_beta_pbe_d3bj.csv
1717,0,-8.523010429756289,reference,DaRUS-4999/direct_upsampling_data_rungs_1-3/thermodynamic_properties/cristobalite_beta_pbe_d3bj.csv
1718,0,-8.523566691405653,reference,DaRUS-4999/direct_upsampling_data_rungs_1-3/thermodynamic_properties/cristobalite_beta_pbe_d3bj.csv
1719,0,-8.524123103827044,reference,DaRUS-4999/direct_upsampling_data_rungs_1-3/thermodynamic_properties/cristobalite_beta_pbe_d3bj.csv
1720,0,-8.524679666937232,reference,DaRUS-4999/direct_upsampling_data_rungs_1-3/thermodynamic_properties/cristobalite_beta_pbe_d3bj.csv
1721,0,-8.525236380653086,reference,DaRUS-4999/direct_upsampling_data_rungs_1-3/thermodynamic_properties/cristobalite_beta_pbe_d3bj.csv
1722,0,-8.525793244891563,reference,DaRUS-4999/direct_upsampling_data_rungs_1-3/thermodynamic_properties/cristobalite_beta_pbe_d3bj.csv
1723,0,-8.526350259569716,reference,DaRUS-4999/direct_upsampling_data_rungs_1-3/thermodynamic_properties/cristobalite_beta_pbe_d3bj.csv
1724,0,-8.526907424604683,reference,DaRUS-4999/direct_upsampling_data_rungs_1-3/thermodynamic_properties/cristobalite_beta_pbe_d3bj.csv
1725,0,-8.527464739913698,reference,DaRUS-4999/direct_upsampling_data_rungs_1-3/thermodynamic_properties/cristobalite_beta_pbe_d3bj.csv
1726,0,-8.528022205414089,reference,DaRUS-4999/direct_upsampling_data_rungs_1-3/thermodynamic_properties/cristobalite_beta_pbe_d3bj.csv
1727,0,-8.528579821023268,reference,DaRUS-4999/direct_upsampling_data_rungs_1-3/thermodynamic_properties/cristobalite_beta_pbe_d3bj.csv
1728,0,-8.52913758665874,reference,DaRUS-4999/direct_upsampling_data_rungs_1-3/thermodynamic_properties/cristobalite_beta_pbe_d3bj.csv
1729,0,-8.529695502238104,reference,DaRUS-4999/direct_upsampling_data_rungs_1-3/thermodynamic_properties/cristobalite_beta_pbe_d3bj.csv
1730,0,-8.530253567679051,reference,DaRUS-4999/direct_upsampling_data_rungs_1-3/thermodynamic_properties/cristobalite_beta_pbe_d3bj.csv
1731,0,-8.530811782899354,reference,DaRUS-4999/direct_upsampling_data_rungs_1-3/thermodynamic_properties/cristobalite_beta_pbe_d3bj.csv
1732,0,-8.531370147816883,reference,DaRUS-4999/direct_upsampling_data_rungs_1-3/thermodynamic_properties/cristobalite_beta_pbe_d3bj.csv
1733,0,-8.5319286623496,reference,DaRUS-4999/direct_upsampling_data_rungs_1-3/thermodynamic_properties/cristobalite_beta_pbe_d3bj.csv
1734,0,-8.532487326415549,reference,DaRUS-4999/direct_upsampling_data_rungs_1-3/thermodynamic_properties/cristobalite_beta_pbe_d3bj.csv
1735,0,-8.533046139932871,reference,DaRUS-4999/direct_upsampling_data_rungs_1-3/thermodynamic_properties/cristobalite_beta_pbe_d3bj.csv
1736,0,-8.533605102819797,reference,DaRUS-4999/direct_upsampling_data_rungs_1-3/thermodynamic_properties/cristobalite_beta_pbe_d3bj.csv
1737,0,-8.534164214994643,reference,DaRUS-4999/direct_upsampling_data_rungs_1-3/thermodynamic_properties/cristobalite_beta_pbe_d3bj.csv
1738,0,-8.534723476375815,reference,DaRUS-4999/direct_upsampling_data_rungs_1-3/thermodynamic_properties/cristobalite_beta_pbe_d3bj.csv
1739,0,-8.535282886881813,reference,DaRUS-4999/direct_upsampling_data_rungs_1-3/thermodynamic_properties/cristobalite_beta_pbe_d3bj.csv
1740,0,-8.53584244643122,reference,DaRUS-4999/direct_upsampling_data_rungs_1-3/thermodynamic_properties/cristobalite_beta_pbe_d3bj.csv
1741,0,-8.536402154942715,reference,DaRUS-4999/direct_upsampling_data_rungs_1-3/thermodynamic_properties/cristobalite_beta_pbe_d3bj.csv
1742,0,-8.53696201233506,reference,DaRUS-4999/direct_upsampling_data_rungs_1-3/thermodynamic_properties/cristobalite_beta_pbe_d3bj.csv
1743,0,-8.537522018527108,reference,DaRUS-4999/direct_upsampling_data_rungs_1-3/thermodynamic_properties/cristobalite_beta_pbe_d3bj.csv
1744,0,-8.538082173437799,reference,DaRUS-4999/direct_upsampling_data_rungs_1-3/thermodynamic_properties/cristobalite_beta_pbe_d3bj.csv
1745,0,-8.538642476986167,reference,DaRUS-4999/direct_upsampling_data_rungs_1-3/thermodynamic_properties/cristobalite_beta_pbe_d3bj.csv
1746,0,-8.539202929091326,reference,DaRUS-4999/direct_upsampling_data_rungs_1-3/thermodynamic_properties/cristobalite_beta_pbe_d3bj.csv
1747,0,-8.539763529672488,reference,DaRUS-4999/direct_upsampling_data_rungs_1-3/thermodynamic_properties/cristobalite_beta_pbe_d3bj.csv
1748,0,-8.540324278648939,reference,DaRUS-4999/direct_upsampling_data_rungs_1-3/thermodynamic_properties/cristobalite_beta_pbe_d3bj.csv
1749,0,-8.540885175940071,reference,DaRUS-4999/direct_upsampling_data_rungs_1-3/thermodynamic_properties/cristobalite_beta_pbe_d3bj.csv
1750,0,-8.541446221465343,reference,DaRUS-4999/direct_upsampling_data_rungs_1-3/thermodynamic_properties/cristobalite_beta_pbe_d3bj.csv
1751,0,-8.542007415144326,reference,DaRUS-4999/direct_upsampling_data_rungs_1-3/thermodynamic_properties/cristobalite_beta_pbe_d3bj.csv
1752,0,-8.542568756896657,reference,DaRUS-4999/direct_upsampling_data_rungs_1-3/thermodynamic_properties/cristobalite_beta_pbe_d3bj.csv
1753,0,-8.543130246642068,reference,DaRUS-4999/direct_upsampling_data_rungs_1-3/thermodynamic_properties/cristobalite_beta_pbe_d3bj.csv
1754,0,-8.543691884300385,reference,DaRUS-4999/direct_upsampling_data_rungs_1-3/thermodynamic_properties/cristobalite_beta_pbe_d3bj.csv
1755,0,-8.544253669791511,reference,DaRUS-4999/direct_upsampling_data_rungs_1-3/thermodynamic_properties/cristobalite_beta_pbe_d3bj.csv
1756,0,-8.54481560303544,reference,DaRUS-4999/direct_upsampling_data_rungs_1-3/thermodynamic_properties/cristobalite_beta_pbe_d3bj.csv
1757,0,-8.545377683952252,reference,DaRUS-4999/direct_upsampling_data_rungs_1-3/thermodynamic_properties/cristobalite_beta_pbe_d3bj.csv
1758,0,-8.545939912462112,reference,DaRUS-4999/direct_upsampling_data_rungs_1-3/thermodynamic_properties/cristobalite_beta_pbe_d3bj.csv
1759,0,-8.546502288485286,reference,DaRUS-4999/direct_upsampling_data_rungs_1-3/thermodynamic_properties/cristobalite_beta_pbe_d3bj.csv
1760,0,-8.547064811942102,reference,DaRUS-4999/direct_upsampling_data_rungs_1-3/thermodynamic_properties/cristobalite_beta_pbe_d3bj.csv
1761,0,-8.547627482752988,reference,DaRUS-4999/direct_upsampling_data_rungs_1-3/thermodynamic_properties/cristobalite_beta_pbe_d3bj.csv
1762,0,-8.548190300838456,reference,DaRUS-4999/direct_upsampling_data_rungs_1-3/thermodynamic_properties/cristobalite_beta_pbe_d3bj.csv
1763,0,-8.548753266119114,reference,DaRUS-4999/direct_upsampling_data_rungs_1-3/thermodynamic_properties/cristobalite_beta_pbe_d3bj.csv
1764,0,-8.549316378515636,reference,DaRUS-4999/direct_upsampling_data_rungs_1-3/thermodynamic_properties/cristobalite_beta_pbe_d3bj.csv
1765,0,-8.549879637948795,reference,DaRUS-4999/direct_upsampling_data_rungs_1-3/thermodynamic_properties/cristobalite_beta_pbe_d3bj.csv
1766,0,-8.550443044339449,reference,DaRUS-4999/direct_upsampling_data_rungs_1-3/thermodynamic_properties/cristobalite_beta_pbe_d3bj.csv
1767,0,-8.551006597608536,reference,DaRUS-4999/direct_upsampling_data_rungs_1-3/thermodynamic_properties/cristobalite_beta_pbe_d3bj.csv
1768,0,-8.551570297677086,reference,DaRUS-4999/direct_upsampling_data_rungs_1-3/thermodynamic_properties/cristobalite_beta_pbe_d3bj.csv
1769,0,-8.552134144466207,reference,DaRUS-4999/direct_upsampling_data_rungs_1-3/thermodynamic_properties/cristobalite_beta_pbe_d3bj.csv
1770,0,-8.552698137897099,reference,DaRUS-4999/direct_upsampling_data_rungs_1-3/thermodynamic_properties/cristobalite_beta_pbe_d3bj.csv
1771,0,-8.553262277891038,reference,DaRUS-4999/direct_upsampling_data_rungs_1-3/thermodynamic_properties/cristobalite_beta_pbe_d3bj.csv
1772,0,-8.553826564369393,reference,DaRUS-4999/direct_upsampling_data_rungs_1-3/thermodynamic_properties/cristobalite_beta_pbe_d3bj.csv
1773,0,-8.554390997253618,reference,DaRUS-4999/direct_upsampling_data_rungs_1-3/thermodynamic_properties/cristobalite_beta_pbe_d3bj.csv
1774,0,-8.554955576465241,reference,DaRUS-4999/direct_upsampling_data_rungs_1-3/thermodynamic_properties/cristobalite_beta_pbe_d3bj.csv
1775,0,-8.55552030192589,reference,DaRUS-4999/direct_upsampling_data_rungs_1-3/thermodynamic_properties/cristobalite_beta_pbe_d3bj.csv
1776,0,-8.556085173557264,reference,DaRUS-4999/direct_upsampling_data_rungs_1-3/thermodynamic_properties/cristobalite_beta_pbe_d3bj.csv
1777,0,-8.55665019128115,reference,DaRUS-4999/direct_upsampling_data_rungs_1-3/thermodynamic_properties/cristobalite_beta_pbe_d3bj.csv
1778,0,-8.557215355019423,reference,DaRUS-4999/direct_upsampling_data_rungs_1-3/thermodynamic_properties/cristobalite_beta_pbe_d3bj.csv
1779,0,-8.557780664694036,reference,DaRUS-4999/direct_upsampling_data_rungs_1-3/thermodynamic_properties/cristobalite_beta_pbe_d3bj.csv
1780,0,-8.55834612022703,reference,DaRUS-4999/direct_upsampling_data_rungs_1-3/thermodynamic_properties/cristobalite_beta_pbe_d3bj.csv
1781,0,-8.558911721540529,reference,DaRUS-4999/direct_upsampling_data_rungs_1-3/thermodynamic_properties/cristobalite_beta_pbe_d3bj.csv
1782,0,-8.559477468556736,reference,DaRUS-4999/direct_upsampling_data_rungs_1-3/thermodynamic_properties/cristobalite_beta_pbe_d3bj.csv
1783,0,-8.560043361197941,reference,DaRUS-4999/direct_upsampling_data_rungs_1-3/thermodynamic_properties/cristobalite_beta_pbe_d3bj.csv
1784,0,-8.56060939938652,reference,DaRUS-4999/direct_upsampling_data_rungs_1-3/thermodynamic_properties/cristobalite_beta_pbe_d3bj.csv
1785,0,-8.561175583044925,reference,DaRUS-4999/direct_upsampling_data_rungs_1-3/thermodynamic_properties/cristobalite_beta_pbe_d3bj.csv
1786,0,-8.561741912095696,reference,DaRUS-4999/direct_upsampling_data_rungs_1-3/thermodynamic_properties/cristobalite_beta_pbe_d3bj.csv
1787,0,-8.562308386461456,reference,DaRUS-4999/direct_upsampling_data_rungs_1-3/thermodynamic_properties/cristobalite_beta_pbe_d3bj.csv
1788,0,-8.562875006064907,reference,DaRUS-4999/direct_upsampling_data_rungs_1-3/thermodynamic_properties/cristobalite_beta_pbe_d3bj.csv
1789,0,-8.563441770828836,reference,DaRUS-4999/direct_upsampling_data_rungs_1-3/thermodynamic_properties/cristobalite_beta_pbe_d3bj.csv
1790,0,-8.56400868067611,reference,DaRUS-4999/direct_upsampling_data_rungs_1-3/thermodynamic_properties/cristobalite_beta_pbe_d3bj.csv
1791,0,-8.564575735529687,reference,DaRUS-4999/direct_upsampling_data_rungs_1-3/thermodynamic_properties/cristobalite_beta_pbe_d3bj.csv
1792,0,-8.565142935312592,reference,DaRUS-4999/direct_upsampling_data_rungs_1-3/thermodynamic_properties/cristobalite_beta_pbe_d3bj.csv
1793,0,-8.565710279947945,reference,DaRUS-4999/direct_upsampling_data_rungs_1-3/thermodynamic_properties/cristobalite_beta_pbe_d3bj.csv
1794,0,-8.566277769358942,reference,DaRUS-4999/direct_upsampling_data_rungs_1-3/thermodynamic_properties/cristobalite_beta_pbe_d3bj.csv
1795,0,-8.566845403468861,reference,DaRUS-4999/direct_upsampling_data_rungs_1-3/thermodynamic_properties/cristobalite_beta_pbe_d3bj.csv
1796,0,-8.567413182201065,reference,DaRUS-4999/direct_upsampling_data_rungs_1-3/thermodynamic_properties/cristobalite_beta_pbe_d3bj.csv
1797,0,-8.567981105478994,reference,DaRUS-4999/direct_upsampling_data_rungs_1-3/thermodynamic_properties/cristobalite_beta_pbe_d3bj.csv
1798,0,-8.568549173226168,reference,DaRUS-4999/direct_upsampling_data_rungs_1-3/thermodynamic_properties/cristobalite_beta_pbe_d3bj.csv
1799,0,-8.5691173853662,reference,DaRUS-4999/direct_upsampling_data_rungs_1-3/thermodynamic_properties/cristobalite_beta_pbe_d3bj.csv
1800,0,-8.569685741822768,reference,DaRUS-4999/direct_upsampling_data_rungs_1-3/thermodynamic_properties/cristobalite_beta_pbe_d3bj.csv
1801,0,-8.570254242519644,reference,DaRUS-4999/direct_upsampling_data_rungs_1-3/thermodynamic_properties/cristobalite_beta_pbe_d3bj.csv
1802,0,-8.570822887380668,reference,DaRUS-4999/direct_upsampling_data_rungs_1-3/thermodynamic_properties/cristobalite_beta_pbe_d3bj.csv
1803,0,-8.571391676329776,reference,DaRUS-4999/direct_upsampling_data_rungs_1-3/thermodynamic_properties/cristobalite_beta_pbe_d3bj.csv
1804,0,-8.571960609290974,reference,DaRUS-4999/direct_upsampling_data_rungs_1-3/thermodynamic_properties/cristobalite_beta_pbe_d3bj.csv
1805,0,-8.572529686188346,reference,DaRUS-4999/direct_upsampling_data_rungs_1-3/thermodynamic_properties/cristobalite_beta_pbe_d3bj.csv
1806,0,-8.573098906946072,reference,DaRUS-4999/direct_upsampling_data_rungs_1-3/thermodynamic_properties/cristobalite_beta_pbe_d3bj.csv
1807,0,-8.573668271488394,reference,DaRUS-4999/direct_upsampling_data_rungs_1-3/thermodynamic_properties/cristobalite_beta_pbe_d3bj.csv
1808,0,-8.57423777973964,reference,DaRUS-4999/direct_upsampling_data_rungs_1-3/thermodynamic_properties/cristobalite_beta_pbe_d3bj.csv
1809,0,-8.57480743162423,reference,DaRUS-4999/direct_upsampling_data_rungs_1-3/thermodynamic_properties/cristobalite_beta_pbe_d3bj.csv
1810,0,-8.575377227066644,reference,DaRUS-4999/direct_upsampling_data_rungs_1-3/thermodynamic_properties/cristobalite_beta_pbe_d3bj.csv
1811,0,-8.575947165991456,reference,DaRUS-4999/direct_upsampling_data_rungs_1-3/thermodynamic_properties/cristobalite_beta_pbe_d3bj.csv
1812,0,-8.576517248323311,reference,DaRUS-4999/direct_upsampling_data_rungs_1-3/thermodynamic_properties/cristobalite_beta_pbe_d3bj.csv
1813,0,-8.577087473986941,reference,DaRUS-4999/direct_upsampling_data_rungs_1-3/thermodynamic_properties/cristobalite_beta_pbe_d3bj.csv
1814,0,-8.577657842907149,reference,DaRUS-4999/direct_upsampling_data_rungs_1-3/thermodynamic_properties/cristobalite_beta_pbe_d3bj.csv
1815,0,-8.578228355008831,reference,DaRUS-4999/direct_upsampling_data_rungs_1-3/thermodynamic_properties/cristobalite_beta_pbe_d3bj.csv
1816,0,-8.578799010216946,reference,DaRUS-4999/direct_upsampling_data_rungs_1-3/thermodynamic_properties/cristobalite_beta_pbe_d3bj.csv
1817,0,-8.579369808456539,reference,DaRUS-4999/direct_upsampling_data_rungs_1-3/thermodynamic_properties/cristobalite_beta_pbe_d3bj.csv
1818,0,-8.579940749652737,reference,DaRUS-4999/direct_upsampling_data_rungs_1-3/thermodynamic_properties/cristobalite_beta_pbe_d3bj.csv
1819,0,-8.580511833730739,reference,DaRUS-4999/direct_upsampling_data_rungs_1-3/thermodynamic_properties/cristobalite_beta_pbe_d3bj.csv
1820,0,-8.58108306061583,reference,DaRUS-4999/direct_upsampling_data_rungs_1-3/thermodynamic_properties/cristobalite_beta_pbe_d3bj.csv
1821,0,-8.581654430233373,reference,DaRUS-4999/direct_upsampling_data_rungs_1-3/thermodynamic_properties/cristobalite_beta_pbe_d3bj.csv
1822,0,-8.582225942508796,reference,DaRUS-4999/direct_upsampling_data_rungs_1-3/thermodynamic_properties/cristobalite_beta_pbe_d3bj.csv
1823,0,-8.58279759736762,reference,DaRUS-4999/direct_upsampling_data_rungs_1-3/thermodynamic_properties/cristobalite_beta_pbe_d3bj.csv
1824,0,-8.583369394735442,reference,DaRUS-4999/direct_upsampling_data_rungs_1-3/thermodynamic_properties/cristobalite_beta_pbe_d3bj.csv
1825,0,-8.583941334537933,reference,DaRUS-4999/direct_upsampling_data_rungs_1-3/thermodynamic_properties/cristobalite_beta_pbe_d3bj.csv
1826,0,-8.58451341670084,reference,DaRUS-4999/direct_upsampling_data_rungs_1-3/thermodynamic_properties/cristobalite_beta_pbe_d3bj.csv
1827,0,-8.585085641149995,reference,DaRUS-4999/direct_upsampling_data_rungs_1-3/thermodynamic_properties/cristobalite_beta_pbe_d3bj.csv
1828,0,-8.585658007811306,reference,DaRUS-4999/direct_upsampling_data_rungs_1-3/thermodynamic_properties/cristobalite_beta_pbe_d3bj.csv
1829,0,-8.586230516610749,reference,DaRUS-4999/direct_upsampling_data_rungs_1-3/thermodynamic_properties/cristobalite_beta_pbe_d3bj.csv
1830,0,-8.586803167474391,reference,DaRUS-4999/direct_upsampling_data_rungs_1-3/thermodynamic_properties/cristobalite_beta_pbe_d3bj.csv
1831,0,-8.587375960328364,reference,DaRUS-4999/direct_upsampling_data_rungs_1-3/thermodynamic_properties/cristobalite_beta_pbe_d3bj.csv
1832,0,-8.587948895098894,reference,DaRUS-4999/direct_upsampling_data_rungs_1-3/thermodynamic_properties/cristobalite_beta_pbe_d3bj.csv
1833,0,-8.588521971712265,reference,DaRUS-4999/direct_upsampling_data_rungs_1-3/thermodynamic_properties/cristobalite_beta_pbe_d3bj.csv
1834,0,-8.589095190094842,reference,DaRUS-4999/direct_upsampling_data_rungs_1-3/thermodynamic_properties/cristobalite_beta_pbe_d3bj.csv
1835,0,-8.589668550173078,reference,DaRUS-4999/direct_upsampling_data_rungs_1-3/thermodynamic_properties/cristobalite_beta_pbe_d3bj.csv
1836,0,-8.590242051873496,reference,DaRUS-4999/direct_upsampling_data_rungs_1-3/thermodynamic_properties/cristobalite_beta_pbe_d3bj.csv
1837,0,-8.590815695122693,reference,DaRUS-4999/direct_upsampling_data_rungs_1-3/thermodynamic_properties/cristobalite_beta_pbe_d3bj.csv
1838,0,-8.591389479847342,reference,DaRUS-4999/direct_upsampling_data_rungs_1-3/thermodynamic_properties/cristobalite_beta_pbe_d3bj.csv
1839,0,-8.591963405974198,reference,DaRUS-4999/direct_upsampling_data_rungs_1-3/thermodynamic_properties/cristobalite_beta_pbe_d3bj.csv
1840,0,-8.592537473430092,reference,DaRUS-4999/direct_upsampling_data_rungs_1-3/thermodynamic_properties/cristobalite_beta_pbe_d3bj.csv
1841,0,-8.593111682141924,reference,DaRUS-4999/direct_upsampling_data_rungs_1-3/thermodynamic_properties/cristobalite_beta_pbe_d3bj.csv
1842,0,-8.593686032036677,reference,DaRUS-4999/direct_upsampling_data_rungs_1-3/thermodynamic_properties/cristobalite_beta_pbe_d3bj.csv
1843,0,-8.594260523041406,reference,DaRUS-4999/direct_upsampling_data_rungs_1-3/thermodynamic_properties/cristobalite_beta_pbe_d3bj.csv
1844,0,-8.594835155083242,reference,DaRUS-4999/direct_upsampling_data_rungs_1-3/thermodynamic_properties/cristobalite_beta_pbe_d3bj.csv
1845,0,-8.595409928089392,reference,DaRUS-4999/direct_upsampling_data_rungs_1-3/thermodynamic_properties/cristobalite_beta_pbe_d3bj.csv
1846,0,-8.595984841987141,reference,DaRUS-4999/direct_upsampling_data_rungs_1-3/thermodynamic_properties/cristobalite_beta_pbe_d3bj.csv
1847,0,-8.59655989670385,reference,DaRUS-4999/direct_upsampling_data_rungs_1-3/thermodynamic_properties/cristobalite_beta_pbe_d3bj.csv
1848,0,-8.597135092166949,reference,DaRUS-4999/direct_upsampling_data_rungs_1-3/thermodynamic_properties/cristobalite_beta_pbe_d3bj.csv
1849,0,-8.597710428303946,reference,DaRUS-4999/direct_upsampling_data_rungs_1-3/thermodynamic_properties/cristobalite_beta_pbe_d3bj.csv
1850,0,-8.598285905042433,reference,DaRUS-4999/direct_upsampling_data_rungs_1-3/thermodynamic_properties/cristobalite_beta_pbe_d3bj.csv
1851,0,-8.59886152231006,reference,DaRUS-4999/direct_upsampling_data_rungs_1-3/thermodynamic_properties/cristobalite_beta_pbe_d3bj.csv
1852,0,-8.599437280034563,reference,DaRUS-4999/direct_upsampling_data_rungs_1-3/thermodynamic_properties/cristobalite_beta_pbe_d3bj.csv
1853,0,-8.600013178143755,reference,DaRUS-4999/direct_upsampling_data_rungs_1-3/thermodynamic_properties/cristobalite_beta_pbe_d3bj.csv
1854,0,-8.600589216565515,reference,DaRUS-4999/direct_upsampling_data_rungs_1-3/thermodynamic_properties/cristobalite_beta_pbe_d3bj.csv
1855,0,-8.601165395227801,reference,DaRUS-4999/direct_upsampling_data_rungs_1-3/thermodynamic_properties/cristobalite_beta_pbe_d3bj.csv
1856,0,-8.601741714058647,reference,DaRUS-4999/direct_upsampling_data_rungs_1-3/thermodynamic_properties/cristobalite_beta_pbe_d3bj.csv
1857,0,-8.602318172986159,reference,DaRUS-4999/direct_upsampling_data_rungs_1-3/thermodynamic_properties/cristobalite_beta_pbe_d3bj.csv
1858,0,-8.602894771938516,reference,DaRUS-4999/direct_upsampling_data_rungs_1-3/thermodynamic_properties/cristobalite_beta_pbe_d3bj.csv
1859,0,-8.603471510843976,reference,DaRUS-4999/direct_upsampling_data_rungs_1-3/thermodynamic_properties/cristobalite_beta_pbe_d3bj.csv
1860,0,-8.604048389630863,reference,DaRUS-4999/direct_upsampling_data_rungs_1-3/thermodynamic_properties/cristobalite_beta_pbe_d3bj.csv
1861,0,-8.604625408227582,reference,DaRUS-4999/direct_upsampling_data_rungs_1-3/thermodynamic_properties/cristobalite_beta_pbe_d3bj.csv
1862,0,-8.60520256656261,reference,DaRUS-4999/direct_upsampling_data_rungs_1-3/thermodynamic_properties/cristobalite_beta_pbe_d3bj.csv
1863,0,-8.605779864564497,reference,DaRUS-4999/direct_upsampling_data_rungs_1-3/thermodynamic_properties/cristobalite_beta_pbe_d3bj.csv
1864,0,-8.606357302161863,reference,DaRUS-4999/direct_upsampling_data_rungs_1-3/thermodynamic_properties/cristobalite_beta_pbe_d3bj.csv
1865,0,-8.606934879283408,reference,DaRUS-4999/direct_upsampling_data_rungs_1-3/thermodynamic_properties/cristobalite_beta_pbe_d3bj.csv
1866,0,-8.607512595857896,reference,DaRUS-4999/direct_upsampling_data_rungs_1-3/thermodynamic_properties/cristobalite_beta_pbe_d3bj.csv
1867,0,-8.608090451814176,reference,DaRUS-4999/direct_upsampling_data_rungs_1-3/thermodynamic_properties/cristobalite_beta_pbe_d3bj.csv
1868,0,-8.608668447081163,reference,DaRUS-4999/direct_upsampling_data_rungs_1-3/thermodynamic_properties/cristobalite_beta_pbe_d3bj.csv
1869,0,-8.609246581587843,reference,DaRUS-4999/direct_upsampling_data_rungs_1-3/thermodynamic_properties/cristobalite_beta_pbe_d3bj.csv
1870,0,-8.609824855263286,reference,DaRUS-4999/direct_upsampling_data_rungs_1-3/thermodynamic_properties/cristobalite_beta_pbe_d3bj.csv
1871,0,-8.610403268036613,reference,DaRUS-4999/direct_upsampling_data_rungs_1-3/thermodynamic_properties/cristobalite_beta_pbe_d3bj.csv
1872,0,-8.610981819837042,reference,DaRUS-4999/direct_upsampling_data_rungs_1-3/thermodynamic_properties/cristobalite_beta_pbe_d3bj.csv
1873,0,-8.611560510593847,reference,DaRUS-4999/direct_upsampling_data_rungs_1-3/thermodynamic_properties/cristobalite_beta_pbe_d3bj.csv
1874,0,-8.612139340236382,reference,DaRUS-4999/direct_upsampling_data_rungs_1-3/thermodynamic_properties/cristobalite_beta_pbe_d3bj.csv
1875,0,-8.612718308694072,reference,DaRUS-4999/direct_upsampling_data_rungs_1-3/thermodynamic_properties/cristobalite_beta_pbe_d3bj.csv
1876,0,-8.613297415896412,reference,DaRUS-4999/direct_upsampling_data_rungs_1-3/thermodynamic_properties/cristobalite_beta_pbe_d3bj.csv
1877,0,-8.613876661772972,reference,DaRUS-4999/direct_upsampling_data_rungs_1-3/thermodynamic_properties/cristobalite_beta_pbe_d3bj.csv
1878,0,-8.614456046253393,reference,DaRUS-4999/direct_upsampling_data_rungs_1-3/thermodynamic_properties/cristobalite_beta_pbe_d3bj.csv
1879,0,-8.615035569267382,reference,DaRUS-4999/direct_upsampling_data_rungs_1-3/thermodynamic_properties/cristobalite_beta_pbe_d3bj.csv
1880,0,-8.61561523074473,reference,DaRUS-4999/direct_upsampling_data_rungs_1-3/thermodynamic_properties/cristobalite_beta_pbe_d3bj.csv
1881,0,-8.616195030615287,reference,DaRUS-4999/direct_upsampling_data_rungs_1-3/thermodynamic_properties/cristobalite_beta_pbe_d3bj.csv
1882,0,-8.616774968808979,reference,DaRUS-4999/direct_upsampling_data_rungs_1-3/thermodynamic_properties/cristobalite_beta_pbe_d3bj.csv
1883,0,-8.617355045255813,reference,DaRUS-4999/direct_upsampling_data_rungs_1-3/thermodynamic_properties/cristobalite_beta_pbe_d3bj.csv
1884,0,-8.617935259885854,reference,DaRUS-4999/direct_upsampling_data_rungs_1-3/thermodynamic_properties/cristobalite_beta_pbe_d3bj.csv
1885,0,-8.618515612629244,reference,DaRUS-4999/direct_upsampling_data_rungs_1-3/thermodynamic_properties/cristobalite_beta_pbe_d3bj.csv
1886,0,-8.619096103416192,reference,DaRUS-4999/direct_upsampling_data_rungs_1-3/thermodynamic_properties/cristobalite_beta_pbe_d3bj.csv
1887,0,-8.619676732176984,reference,DaRUS-4999/direct_upsampling_data_rungs_1-3/thermodynamic_properties/cristobalite_beta_pbe_d3bj.csv
1888,0,-8.620257498841969,reference,DaRUS-4999/direct_upsampling_data_rungs_1-3/thermodynamic_properties/cristobalite_beta_pbe_d3bj.csv
1889,0,-8.620838403341581,reference,DaRUS-4999/direct_upsampling_data_rungs_1-3/thermodynamic_properties/cristobalite_beta_pbe_d3bj.csv
1890,0,-8.621419445606309,reference,DaRUS-4999/direct_upsampling_data_rungs_1-3/thermodynamic_properties/cristobalite_beta_pbe_d3bj.csv
1891,0,-8.622000625566718,reference,DaRUS-4999/direct_upsampling_data_rungs_1-3/thermodynamic_properties/cristobalite_beta_pbe_d3bj.csv
1892,0,-8.622581943153449,reference,DaRUS-4999/direct_upsampling_data_rungs_1-3/thermodynamic_properties/cristobalite_beta_pbe_d3bj.csv
1893,0,-8.623163398297205,reference,DaRUS-4999/direct_upsampling_data_rungs_1-3/thermodynamic_properties/cristobalite_beta_pbe_d3bj.csv
1894,0,-8.623744990928765,reference,DaRUS-4999/direct_upsampling_data_rungs_1-3/thermodynamic_properties/cristobalite_beta_pbe_d3bj.csv
1895,0,-8.624326720978976,reference,DaRUS-4999/direct_upsampling_data_rungs_1-3/thermodynamic_properties/cristobalite_beta_pbe_d3bj.csv
1896,0,-8.624908588378753,reference,DaRUS-4999/direct_upsampling_data_rungs_1-3/thermodynamic_properties/cristobalite_beta_pbe_d3bj.csv
1897,0,-8.625490593059087,reference,DaRUS-4999/direct_upsampling_data_rungs_1-3/thermodynamic_properties/cristobalite_beta_pbe_d3bj.csv
1898,0,-8.626072734951034,reference,DaRUS-4999/direct_upsampling_data_rungs_1-3/thermodynamic_properties/cristobalite_beta_pbe_d3bj.csv
1899,0,-8.626655013985719,reference,DaRUS-4999/direct_upsampling_data_rungs_1-3/thermodynamic_properties/cristobalite_beta_pbe_d3bj.csv
1900,0,-8.62723743009434,reference,DaRUS-4999/direct_upsampling_data_rungs_1-3/thermodynamic_properties/cristobalite_beta_pbe_d3bj.csv
1901,0,-8.627819983208163,reference,DaRUS-4999/direct_upsampling_data_rungs_1-3/thermodynamic_properties/cristobalite_beta_pbe_d3bj.csv
1902,0,-8.628402673258519,reference,DaRUS-4999/direct_upsampling_data_rungs_1-3/thermodynamic_properties/cristobalite_beta_pbe_d3bj.csv
1903,0,-8.628985500176816,reference,DaRUS-4999/direct_upsampling_data_rungs_1-3/thermodynamic_properties/cristobalite_beta_pbe_d3bj.csv
1904,0,-8.629568463894529,reference,DaRUS-4999/direct_upsampling_data_rungs_1-3/thermodynamic_properties/cristobalite_beta_pbe_d3bj.csv
1905,0,-8.630151564343198,reference,DaRUS-4999/direct_upsampling_data_rungs_1-3/thermodynamic_properties/cristobalite_beta_pbe_d3bj.csv
1906,0,-8.630734801454434,reference,DaRUS-4999/direct_upsampling_data_rungs_1-3/thermodynamic_properties/cristobalite_beta_pbe_d3bj.csv
1907,0,-8.631318175159922,reference,DaRUS-4999/direct_upsampling_data_rungs_1-3/thermodynamic_properties/cristobalite_beta_pbe_d3bj.csv
1908,0,-8.631901685391407,reference,DaRUS-4999/direct_upsampling_data_rungs_1-3/thermodynamic_properties/cristobalite_beta_pbe_d3bj.csv
1909,0,-8.632485332080716,reference,DaRUS-4999/direct_upsampling_data_rungs_1-3/thermodynamic_properties/cristobalite_beta_pbe_d3bj.csv
1910,0,-8.633069115159721,reference,DaRUS-4999/direct_upsampling_data_rungs_1-3/thermodynamic_properties/cristobalite_beta_pbe_d3bj.csv
1911,0,-8.633653034560389,reference,DaRUS-4999/direct_upsampling_data_rungs_1-3/thermodynamic_properties/cristobalite_beta_pbe_d3bj.csv
1912,0,-8.634237090214741,reference,DaRUS-4999/direct_upsampling_data_rungs_1-3/thermodynamic_properties/cristobalite_beta_pbe_d3bj.csv
1913,0,-8.634821282054867,reference,DaRUS-4999/direct_upsampling_data_rungs_1-3/thermodynamic_properties/cristobalite_beta_pbe_d3bj.csv
1914,0,-8.63540561001293,reference,DaRUS-4999/direct_upsampling_data_rungs_1-3/thermodynamic_properties/cristobalite_beta_pbe_d3bj.csv
1915,0,-8.635990074021155,reference,DaRUS-4999/direct_upsampling_data_rungs_1-3/thermodynamic_properties/cristobalite_beta_pbe_d3bj.csv
1916,0,-8.63657467401184,reference,DaRUS-4999/direct_upsampling_data_rungs_1-3/thermodynamic_properties/cristobalite_beta_pbe_d3bj.csv
1917,0,-8.637159409917349,reference,DaRUS-4999/direct_upsampling_data_rungs_1-3/thermodynamic_properties/cristobalite_beta_pbe_d3bj.csv
1918,0,-8.637744281670113,reference,DaRUS-4999/direct_upsampling_data_rungs_1-3/thermodynamic_properties/cristobalite_beta_pbe_d3bj.csv
1919,0,-8.63832928920263,reference,DaRUS-4999/direct_upsampling_data_rungs_1-3/thermodynamic_properties/cristobalite_beta_pbe_d3bj.csv
1920,0,-8.638914432447475,reference,DaRUS-4999/direct_upsampling_data_rungs_1-3/thermodynamic_properties/cristobalite_beta_pbe_d3bj.csv
1921,0,-8.639499711337276,reference,DaRUS-4999/direct_upsampling_data_rungs_1-3/thermodynamic_properties/cristobalite_beta_pbe_d3bj.csv
1922,0,-8.640085125804733,reference,DaRUS-4999/direct_upsampling_data_rungs_1-3/thermodynamic_properties/cristobalite_beta_pbe_d3bj.csv
1923,0,-8.640670675782619,reference,DaRUS-4999/direct_upsampling_data_rungs_1-3/thermodynamic_properties/cristobalite_beta_pbe_d3bj.csv
1924,0,-8.641256361203771,reference,DaRUS-4999/direct_upsampling_data_rungs_1-3/thermodynamic_properties/cristobalite_beta_pbe_d3bj.csv
1925,0,-8.641842182001092,reference,DaRUS-4999/direct_upsampling_data_rungs_1-3/thermodynamic_properties/cristobalite_beta_pbe_d3bj.csv
1926,0,-8.642428138107549,reference,DaRUS-4999/direct_upsampling_data_rungs_1-3/thermodynamic_properties/cristobalite_beta_pbe_d3bj.csv
1927,0,-8.643014229456185,reference,DaRUS-4999/direct_upsampling_data_rungs_1-3/thermodynamic_properties/cristobalite_beta_pbe_d3bj.csv
1928,0,-8.643600455980101,reference,DaRUS-4999/direct_upsampling_data_rungs_1-3/thermodynamic_properties/cristobalite_beta_pbe_d3bj.csv
1929,0,-8.644186817612468,reference,DaRUS-4999/direct_upsampling_data_rungs_1-3/thermodynamic_properties/cristobalite_beta_pbe_d3bj.csv
1930,0,-8.644773314286526,reference,DaRUS-4999/direct_upsampling_data_rungs_1-3/thermodynamic_properties/cristobalite_beta_pbe_d3bj.csv
1931,0,-8.645359945935576,reference,DaRUS-4999/direct_upsampling_data_rungs_1-3/thermodynamic_properties/cristobalite_beta_pbe_d3bj.csv
1932,0,-8.645946712492988,reference,DaRUS-4999/direct_upsampling_data_rungs_1-3/thermodynamic_properties/cristobalite_beta_pbe_d3bj.csv
1933,0,-8.646533613892201,reference,DaRUS-4999/direct_upsampling_data_rungs_1-3/thermodynamic_properties/cristobalite_beta_pbe_d3bj.csv
1934,0,-8.64712065006672,reference,DaRUS-4999/direct_upsampling_data_rungs_1-3/thermodynamic_properties/cristobalite_beta_pbe_d3bj.csv
1935,0,-8.647707820950108,reference,DaRUS-4999/direct_upsampling_data_rungs_1-3/thermodynamic_properties/cristobalite_beta_pbe_d3bj.csv
1936,0,-8.648295126476,reference,DaRUS-4999/direct_upsampling_data_rungs_1-3/thermodynamic_properties/cristobalite_beta_pbe_d3bj.csv
1937,0,-8.648882566578106,reference,DaRUS-4999/direct_upsampling_data_rungs_1-3/thermodynamic_properties/cristobalite_beta_pbe_d3bj.csv
1938,0,-8.649470141190184,reference,DaRUS-4999/direct_upsampling_data_rungs_1-3/thermodynamic_properties/cristobalite_beta_pbe_d3bj.csv
1939,0,-8.650057850246071,reference,DaRUS-4999/direct_upsampling_data_rungs_1-3/thermodynamic_properties/cristobalite_beta_pbe_d3bj.csv
1940,0,-8.650645693679662,reference,DaRUS-4999/direct_upsampling_data_rungs_1-3/thermodynamic_properties/cristobalite_beta_pbe_d3bj.csv
1941,0,-8.651233671424921,reference,DaRUS-4999/direct_upsampling_data_rungs_1-3/thermodynamic_properties/cristobalite_beta_pbe_d3bj.csv
1942,0,-8.651821783415881,reference,DaRUS-4999/direct_upsampling_data_rungs_1-3/thermodynamic_properties/cristobalite_beta_pbe_d3bj.csv
1943,0,-8.65241002958663,reference,DaRUS-4999/direct_upsampling_data_rungs_1-3/thermodynamic_properties/cristobalite_beta_pbe_d3bj.csv
1944,0,-8.652998409871335,reference,DaRUS-4999/direct_upsampling_data_rungs_1-3/thermodynamic_properties/cristobalite_beta_pbe_d3bj.csv
1945,0,-8.653586924204216,reference,DaRUS-4999/direct_upsampling_data_rungs_1-3/thermodynamic_properties/cristobalite_beta_pbe_d3bj.csv
1946,0,-8.654175572519561,reference,DaRUS-4999/direct_upsampling_data_rungs_1-3/thermodynamic_properties/cristobalite_beta_pbe_d3bj.csv
1947,0,-8.65476435475173,reference,DaRUS-4999/direct_upsampling_data_rungs_1-3/thermodynamic_properties/cristobalite_beta_pbe_d3bj.csv
1948,0,-8.655353270835139,reference,DaRUS-4999/direct_upsampling_data_rungs_1-3/thermodynamic_properties/cristobalite_beta_pbe_d3bj.csv
1949,0,-8.655942320704277,reference,DaRUS-4999/direct_upsampling_data_rungs_1-3/thermodynamic_properties/cristobalite_beta_pbe_d3bj.csv
1950,0,-8.656531504293687,reference,DaRUS-4999/direct_upsampling_data_rungs_1-3/thermodynamic_properties/cristobalite_beta_pbe_d3bj.csv
1951,0,-8.657120821537987,reference,DaRUS-4999/direct_upsampling_data_rungs_1-3/thermodynamic_properties/cristobalite_beta_pbe_d3bj.csv
1952,0,-8.657710272371853,reference,DaRUS-4999/direct_upsampling_data_rungs_1-3/thermodynamic_properties/cristobalite_beta_pbe_d3bj.csv
1953,0,-8.658299856730029,reference,DaRUS-4999/direct_upsampling_data_rungs_1-3/thermodynamic_properties/cristobalite_beta_pbe_d3bj.csv
1954,0,-8.658889574547318,reference,DaRUS-4999/direct_upsampling_data_rungs_1-3/thermodynamic_properties/cristobalite_beta_pbe_d3bj.csv
1955,0,-8.659479425758597,reference,DaRUS-4999/direct_upsampling_data_rungs_1-3/thermodynamic_properties/cristobalite_beta_pbe_d3bj.csv
1956,0,-8.660069410298798,reference,DaRUS-4999/direct_upsampling_data_rungs_1-3/thermodynamic_properties/cristobalite_beta_pbe_d3bj.csv
1957,0,-8.660659528102919,reference,DaRUS-4999/direct_upsampling_data_rungs_1-3/thermodynamic_properties/cristobalite_beta_pbe_d3bj.csv
1958,0,-8.661249779106027,reference,DaRUS-4999/direct_upsampling_data_rungs_1-3/thermodynamic_properties/cristobalite_beta_pbe_d3bj.csv
1959,0,-8.661840163243244,reference,DaRUS-4999/direct_upsampling_data_rungs_1-3/thermodynamic_properties/cristobalite_beta_pbe_d3bj.csv
1960,0,-8.662430680449766,reference,DaRUS-4999/direct_upsampling_data_rungs_1-3/thermodynamic_properties/cristobalite_beta_pbe_d3bj.csv
1961,0,-8.663021330660845,reference,DaRUS-4999/direct_upsampling_data_rungs_1-3/thermodynamic_properties/cristobalite_beta_pbe_d3bj.csv
1962,0,-8.6636121138118,reference,DaRUS-4999/direct_upsampling_data_rungs_1-3/thermodynamic_properties/cristobalite_beta_pbe_d3bj.csv
1963,0,-8.664203029838008,reference,DaRUS-4999/direct_upsampling_data_rungs_1-3/thermodynamic_properties/cristobalite_beta_pbe_d3bj.csv
1964,0,-8.664794078674916,reference,DaRUS-4999/direct_upsampling_data_rungs_1-3/thermodynamic_properties/cristobalite_beta_pbe_d3bj.csv
1965,0,-8.665385260258034,reference,DaRUS-4999/direct_upsampling_data_rungs_1-3/thermodynamic_properties/cristobalite_beta_pbe_d3bj.csv
1966,0,-8.665976574522933,reference,DaRUS-4999/direct_upsampling_data_rungs_1-3/thermodynamic_properties/cristobalite_beta_pbe_d3bj.csv
1967,0,-8.666568021405244,reference,DaRUS-4999/direct_upsampling_data_rungs_1-3/thermodynamic_properties/cristobalite_beta_pbe_d3bj.csv
1968,0,-8.667159600840669,reference,DaRUS-4999/direct_upsampling_data_rungs_1-3/thermodynamic_properties/cristobalite_beta_pbe_d3bj.csv
1969,0,-8.667751312764967,reference,DaRUS-4999/direct_upsampling_data_rungs_1-3/thermodynamic_properties/cristobalite_beta_pbe_d3bj.csv
1970,0,-8.668343157113959,reference,DaRUS-4999/direct_upsampling_data_rungs_1-3/thermodynamic_properties/cristobalite_beta_pbe_d3bj.csv
1971,0,-8.668935133823531,reference,DaRUS-4999/direct_upsampling_data_rungs_1-3/thermodynamic_properties/cristobalite_beta_pbe_d3bj.csv
1972,0,-8.669527242829631,reference,DaRUS-4999/direct_upsampling_data_rungs_1-3/thermodynamic_properties/cristobalite_beta_pbe_d3bj.csv
1973,0,-8.670119484068271,reference,DaRUS-4999/direct_upsampling_data_rungs_1-3/thermodynamic_properties/cristobalite_beta_pbe_d3bj.csv
1974,0,-8.670711857475526,reference,DaRUS-4999/direct_upsampling_data_rungs_1-3/thermodynamic_properties/cristobalite_beta_pbe_d3bj.csv
1975,0,-8.671304362987533,reference,DaRUS-4999/direct_upsampling_data_rungs_1-3/thermodynamic_properties/cristobalite_beta_pbe_d3bj.csv
1976,0,-8.671897000540485,reference,DaRUS-4999/direct_upsampling_data_rungs_1-3/thermodynamic_properties/cristobalite_beta_pbe_d3bj.csv
1977,0,-8.672489770070646,reference,DaRUS-4999/direct_upsampling_data_rungs_1-3/thermodynamic_properties/cristobalite_beta_pbe_d3bj.csv
1978,0,-8.673082671514337,reference,DaRUS-4999/direct_upsampling_data_rungs_1-3/thermodynamic_properties/cristobalite_beta_pbe_d3bj.csv
1979,0,-8.673675704807943,reference,DaRUS-4999/direct_upsampling_data_rungs_1-3/thermodynamic_properties/cristobalite_beta_pbe_d3bj.csv
1980,0,-8.674268869887909,reference,DaRUS-4999/direct_upsampling_data_rungs_1-3/thermodynamic_properties/cristobalite_beta_pbe_d3bj.csv
1981,0,-8.674862166690748,reference,DaRUS-4999/direct_upsampling_data_rungs_1-3/thermodynamic_properties/cristobalite_beta_pbe_d3bj.csv
1982,0,-8.67545559515302,reference,DaRUS-4999/direct_upsampling_data_rungs_1-3/thermodynamic_properties/cristobalite_beta_pbe_d3bj.csv
1983,0,-8.676049155211368,reference,DaRUS-4999/direct_upsampling_data_rungs_1-3/thermodynamic_properties/cristobalite_beta_pbe_d3bj.csv
1984,0,-8.67664284680248,reference,DaRUS-4999/direct_upsampling_data_rungs_1-3/thermodynamic_properties/cristobalite_beta_pbe_d3bj.csv
1985,0,-8.677236669863111,reference,DaRUS-4999/direct_upsampling_data_rungs_1-3/thermodynamic_properties/cristobalite_beta_pbe_d3bj.csv
1986,0,-8.677830624330078,reference,DaRUS-4999/direct_upsampling_data_rungs_1-3/thermodynamic_properties/cristobalite_beta_pbe_d3bj.csv
1987,0,-8.678424710140254,reference,DaRUS-4999/direct_upsampling_data_rungs_1-3/thermodynamic_properties/cristobalite_beta_pbe_d3bj.csv
1988,0,-8.679018927230581,reference,DaRUS-4999/direct_upsampling_data_rungs_1-3/thermodynamic_properties/cristobalite_beta_pbe_d3bj.csv
1989,0,-8.679613275538062,reference,DaRUS-4999/direct_upsampling_data_rungs_1-3/thermodynamic_properties/cristobalite_beta_pbe_d3bj.csv
1990,0,-8.680207754999754,reference,DaRUS-4999/direct_upsampling_data_rungs_1-3/thermodynamic_properties/cristobalite_beta_pbe_d3bj.csv
1991,0,-8.680802365552779,reference,DaRUS-4999/direct_upsampling_data_rungs_1-3/thermodynamic_properties/cristobalite_beta_pbe_d3bj.csv
1992,0,-8.68139710713432,reference,DaRUS-4999/direct_upsampling_data_rungs_1-3/thermodynamic_properties/cristobalite_beta_pbe_d3bj.csv
1993,0,-8.681991979681619,reference,DaRUS-4999/direct_upsampling_data_rungs_1-3/thermodynamic_properties/cristobalite_beta_pbe_d3bj.csv
1994,0,-8.682586983131982,reference,DaRUS-4999/direct_upsampling_data_rungs_1-3/thermodynamic_properties/cristobalite_beta_pbe_d3bj.csv
1995,0,-8.683182117422774,reference,DaRUS-4999/direct_upsampling_data_rungs_1-3/thermodynamic_properties/cristobalite_beta_pbe_d3bj.csv
1996,0,-8.683777382491419,reference,DaRUS-4999/direct_upsampling_data_rungs_1-3/thermodynamic_properties/cristobalite_beta_pbe_d3bj.csv
1997,0,-8.684372778275401,reference,DaRUS-4999/direct_upsampling_data_rungs_1-3/thermodynamic_properties/cristobalite_beta_pbe_d3bj.csv
1998,0,-8.684968304712271,reference,DaRUS-4999/direct_upsampling_data_rungs_1-3/thermodynamic_properties/cristobalite_beta_pbe_d3bj.csv
1999,0,-8.685563961739634,reference,DaRUS-4999/direct_upsampling_data_rungs_1-3/thermodynamic_properties/cristobalite_beta_pbe_d3bj.csv
2000,0,-8.686159749295152,reference,DaRUS-4999/direct_upsampling_data_rungs_1-3/thermodynamic_properties/cristobalite_beta_pbe_d3bj.csv
2001,0,-8.686755667316554,reference,DaRUS-4999/direct_upsampling_data_rungs_1-3/thermodynamic_properties/cristobalite_beta_pbe_d3bj.csv
2002,0,-8.687351715741631,reference,DaRUS-4999/direct_upsampling_data_rungs_1-3/thermodynamic_properties/cristobalite_beta_pbe_d3bj.csv
2003,0,-8.687947894508223,reference,DaRUS-4999/direct_upsampling_data_rungs_1-3/thermodynamic_properties/cristobalite_beta_pbe_d3bj.csv
2004,0,-8.68854420355424,reference,DaRUS-4999/direct_upsampling_data_rungs_1-3/thermodynamic_properties/cristobalite_beta_pbe_d3bj.csv
2005,0,-8.689140642817648,reference,DaRUS-4999/direct_upsampling_data_rungs_1-3/thermodynamic_properties/cristobalite_beta_pbe_d3bj.csv
2006,0,-8.689737212236471,reference,DaRUS-4999/direct_upsampling_data_rungs_1-3/thermodynamic_properties/cristobalite_beta_pbe_d3bj.csv
2007,0,-8.690333911748795,reference,DaRUS-4999/direct_upsampling_data_rungs_1-3/thermodynamic_properties/cristobalite_beta_pbe_d3bj.csv
2008,0,-8.690930741292767,reference,DaRUS-4999/direct_upsampling_data_rungs_1-3/thermodynamic_properties/cristobalite_beta_pbe_d3bj.csv
2009,0,-8.691527700806587,reference,DaRUS-4999/direct_upsampling_data_rungs_1-3/thermodynamic_properties/cristobalite_beta_pbe_d3bj.csv
2010,0,-8.692124790228526,reference,DaRUS-4999/direct_upsampling_data_rungs_1-3/thermodynamic_properties/cristobalite_beta_pbe_d3bj.csv
2011,0,-8.692722009496897,reference,DaRUS-4999/direct_upsampling_data_rungs_1-3/thermodynamic_properties/cristobalite_beta_pbe_d3bj.csv
2012,0,-8.693319358550088,reference,DaRUS-4999/direct_upsampling_data_rungs_1-3/thermodynamic_properties/cristobalite_beta_pbe_d3bj.csv
2013,0,-8.693916837326542,reference,DaRUS-4999/direct_upsampling_data_rungs_1-3/thermodynamic_properties/cristobalite_beta_pbe_d3bj.csv
2014,0,-8.694514445764755,reference,DaRUS-4999/direct_upsampling_data_rungs_1-3/thermodynamic_properties/cristobalite_beta_pbe_d3bj.csv
2015,0,-8.695112183803287,reference,DaRUS-4999/direct_upsampling_data_rungs_1-3/thermodynamic_properties/cristobalite_beta_pbe_d3bj.csv
2016,0,-8.695710051380759,reference,DaRUS-4999/direct_upsampling_data_rungs_1-3/thermodynamic_properties/cristobalite_beta_pbe_d3bj.csv
2017,0,-8.696308048435842,reference,DaRUS-4999/direct_upsampling_data_rungs_1-3/thermodynamic_properties/cristobalite_beta_pbe_d3bj.csv
2018,0,-8.696906174907276,reference,DaRUS-4999/direct_upsampling_data_rungs_1-3/thermodynamic_properties/cristobalite_beta_pbe_d3bj.csv
2019,0,-8.697504430733852,reference,DaRUS-4999/direct_upsampling_data_rungs_1-3/thermodynamic_properties/cristobalite_beta_pbe_d3bj.csv
2020,0,-8.698102815854426,reference,DaRUS-4999/direct_upsampling_data_rungs_1-3/thermodynamic_properties/cristobalite_beta_pbe_d3bj.csv
2021,0,-8.698701330207905,reference,DaRUS-4999/direct_upsampling_data_rungs_1-3/thermodynamic_properties/cristobalite_beta_pbe_d3bj.csv
2022,0,-8.699299973733259,reference,DaRUS-4999/direct_upsampling_data_rungs_1-3/thermodynamic_properties/cristobalite_beta_pbe_d3bj.csv
2023,0,-8.699898746369517,reference,DaRUS-4999/direct_upsampling_data_rungs_1-3/thermodynamic_properties/cristobalite_beta_pbe_d3bj.csv
2024,0,-8.700497648055764,reference,DaRUS-4999/direct_upsampling_data_rungs_1-3/thermodynamic_properties/cristobalite_beta_pbe_d3bj.csv
2025,0,-8.701096678731142,reference,DaRUS-4999/direct_upsampling_data_rungs_1-3/thermodynamic_properties/cristobalite_beta_pbe_d3bj.csv
2026,0,-8.701695838334851,reference,DaRUS-4999/direct_upsampling_data_rungs_1-3/thermodynamic_properties/cristobalite_beta_pbe_d3bj.csv
2027,0,-8.702295126806158,reference,DaRUS-4999/direct_upsampling_data_rungs_1-3/thermodynamic_properties/cristobalite_beta_pbe_d3bj.csv
2028,0,-8.702894544084375,reference,DaRUS-4999/direct_upsampling_data_rungs_1-3/thermodynamic_properties/cristobalite_beta_pbe_d3bj.csv
2029,0,-8.703494090108876,reference,DaRUS-4999/direct_upsampling_data_rungs_1-3/thermodynamic_properties/cristobalite_beta_pbe_d3bj.csv
2030,0,-8.704093764819099,reference,DaRUS-4999/direct_upsampling_data_rungs_1-3/thermodynamic_properties/cristobalite_beta_pbe_d3bj.csv
2031,0,-8.704693568154527,reference,DaRUS-4999/direct_upsampling_data_rungs_1-3/thermodynamic_properties/cristobalite_beta_pbe_d3bj.csv
2032,0,-8.705293500054715,reference,DaRUS-4999/direct_upsampling_data_rungs_1-3/thermodynamic_properties/cristobalite_beta_pbe_d3bj.csv
2033,0,-8.705893560459268,reference,DaRUS-4999/direct_upsampling_data_rungs_1-3/thermodynamic_properties/cristobalite_beta_pbe_d3bj.csv
2034,0,-8.706493749307844,reference,DaRUS-4999/direct_upsampling_data_rungs_1-3/thermodynamic_properties/cristobalite_beta_pbe_d3bj.csv
2035,0,-8.707094066540169,reference,DaRUS-4999/direct_upsampling_data_rungs_1-3/thermodynamic_properties/cristobalite_beta_pbe_d3bj.csv
2036,0,-8.707694512096014,reference,DaRUS-4999/direct_upsampling_data_rungs_1-3/thermodynamic_properties/cristobalite_beta_pbe_d3bj.csv
2037,0,-8.708295085915214,reference,DaRUS-4999/direct_upsampling_data_rungs_1-3/thermodynamic_properties/cristobalite_beta_pbe_d3bj.csv
2038,0,-8.708895787937669,reference,DaRUS-4999/direct_upsampling_data_rungs_1-3/thermodynamic_properties/cristobalite_beta_pbe_d3bj.csv
2039,0,-8.709496618103316,reference,DaRUS-4999/direct_upsampling_data_rungs_1-3/thermodynamic_properties/cristobalite_beta_pbe_d3bj.csv
2040,0,-8.710097576352167,reference,DaRUS-4999/direct_upsampling_data_rungs_1-3/thermodynamic_properties/cristobalite_beta_pbe_d3bj.csv
2041,0,-8.710698662624285,reference,DaRUS-4999/direct_upsampling_data_rungs_1-3/thermodynamic_properties/cristobalite_beta_pbe_d3bj.csv
2042,0,-8.711299876859785,reference,DaRUS-4999/direct_upsampling_data_rungs_1-3/thermodynamic_properties/cristobalite_beta_pbe_d3bj.csv
2043,0,-8.711901218998843,reference,DaRUS-4999/direct_upsampling_data_rungs_1-3/thermodynamic_properties/cristobalite_beta_pbe_d3bj.csv
2044,0,-8.712502688981692,reference,DaRUS-4999/direct_upsampling_data_rungs_1-3/thermodynamic_properties/cristobalite_beta_pbe_d3bj.csv
2045,0,-8.713104286748623,reference,DaRUS-4999/direct_upsampling_data_rungs_1-3/thermodynamic_properties/cristobalite_beta_pbe_d3bj.csv
2046,0,-8.713706012239976,reference,DaRUS-4999/direct_upsampling_data_rungs_1-3/thermodynamic_properties/cristobalite_beta_pbe_d3bj.csv
2047,0,-8.714307865396156,reference,DaRUS-4999/direct_upsampling_data_rungs_1-3/thermodynamic_properties/cristobalite_beta_pbe_d3bj.csv
2048,0,-8.714909846157617,reference,DaRUS-4999/direct_upsampling_data_rungs_1-3/thermodynamic_properties/cristobalite_beta_pbe_d3bj.csv
2049,0,-8.715511954464878,reference,DaRUS-4999/direct_upsampling_data_rungs_1-3/thermodynamic_properties/cristobalite_beta_pbe_d3bj.csv
2050,0,-8.716114190258503,reference,DaRUS-4999/direct_upsampling_data_rungs_1-3/thermodynamic_properties/cristobalite_beta_pbe_d3bj.csv
2051,0,-8.71671655347912,reference,DaRUS-4999/direct_upsampling_data_rungs_1-3/thermodynamic_properties/cristobalite_beta_pbe_d3bj.csv
2052,0,-8.717319044067414,reference,DaRUS-4999/direct_upsampling_data_rungs_1-3/thermodynamic_properties/cristobalite_beta_pbe_d3bj.csv
2053,0,-8.717921661964114,reference,DaRUS-4999/direct_upsampling_data_rungs_1-3/thermodynamic_properties/cristobalite_beta_pbe_d3bj.csv
2054,0,-8.718524407110024,reference,DaRUS-4999/direct_upsampling_data_rungs_1-3/thermodynamic_properties/cristobalite_beta_pbe_d3bj.csv
2055,0,-8.719127279445987,reference,DaRUS-4999/direct_upsampling_data_rungs_1-3/thermodynamic_properties/cristobalite_beta_pbe_d3bj.csv
2056,0,-8.719730278912909,reference,DaRUS-4999/direct_upsampling_data_rungs_1-3/thermodynamic_properties/cristobalite_beta_pbe_d3bj.csv
2057,0,-8.720333405451747,reference,DaRUS-4999/direct_upsampling_data_rungs_1-3/thermodynamic_properties/cristobalite_beta_pbe_d3bj.csv
2058,0,-8.72093665900352,reference,DaRUS-4999/direct_upsampling_data_rungs_1-3/thermodynamic_properties/cristobalite_beta_pbe_d3bj.csv
2059,0,-8.7215400395093,reference,DaRUS-4999/direct_upsampling_data_rungs_1-3/thermodynamic_properties/cristobalite_beta_pbe_d3bj.csv
2060,0,-8.722143546910212,reference,DaRUS-4999/direct_upsampling_data_rungs_1-3/thermodynamic_properties/cristobalite_beta_pbe_d3bj.csv
2061,0,-8.722747181147437,reference,DaRUS-4999/direct_upsampling_data_rungs_1-3/thermodynamic_properties/cristobalite_beta_pbe_d3bj.csv
2062,0,-8.723350942162213,reference,DaRUS-4999/direct_upsampling_data_rungs_1-3/thermodynamic_properties/cristobalite_beta_pbe_d3bj.csv
2063,0,-8.723954829895831,reference,DaRUS-4999/direct_upsampling_data_rungs_1-3/thermodynamic_properties/cristobalite_beta_pbe_d3bj.csv
2064,0,-8.724558844289637,reference,DaRUS-4999/direct_upsampling_data_rungs_1-3/thermodynamic_properties/cristobalite_beta_pbe_d3bj.csv
2065,0,-8.725162985285037,reference,DaRUS-4999/direct_upsampling_data_rungs_1-3/thermodynamic_properties/cristobalite_beta_pbe_d3bj.csv
2066,0,-8.725767252823484,reference,DaRUS-4999/direct_upsampling_data_rungs_1-3/thermodynamic_properties/cristobalite_beta_pbe_d3bj.csv
2067,0,-8.72637164684649,reference,DaRUS-4999/direct_upsampling_data_rungs_1-3/thermodynamic_properties/cristobalite_beta_pbe_d3bj.csv
2068,0,-8.72697616729562,reference,DaRUS-4999/direct_upsampling_data_rungs_1-3/thermodynamic_properties/cristobalite_beta_pbe_d3bj.csv
2069,0,-8.727580814112496,reference,DaRUS-4999/direct_upsampling_data_rungs_1-3/thermodynamic_properties/cristobalite_beta_pbe_d3bj.csv
2070,0,-8.728185587238798,reference,DaRUS-4999/direct_upsampling_data_rungs_1-3/thermodynamic_properties/cristobalite_beta_pbe_d3bj.csv
2071,0,-8.728790486616248,reference,DaRUS-4999/direct_upsampling_data_rungs_1-3/thermodynamic_properties/cristobalite_beta_pbe_d3bj.csv
2072,0,-8.729395512186635,reference,DaRUS-4999/direct_upsampling_data_rungs_1-3/thermodynamic_properties/cristobalite_beta_pbe_d3bj.csv
2073,0,-8.730000663891797,reference,DaRUS-4999/direct_upsampling_data_rungs_1-3/thermodynamic_properties/cristobalite_beta_pbe_d3bj.csv
2074,0,-8.730605941673629,reference,DaRUS-4999/direct_upsampling_data_rungs_1-3/thermodynamic_properties/cristobalite_beta_pbe_d3bj.csv
2075,0,-8.731211345474071,reference,DaRUS-4999/direct_upsampling_data_rungs_1-3/thermodynamic_properties/cristobalite_beta_pbe_d3bj.csv
2076,0,-8.731816875235133,reference,DaRUS-4999/direct_upsampling_data_rungs_1-3/thermodynamic_properties/cristobalite_beta_pbe_d3bj.csv
2077,0,-8.732422530898864,reference,DaRUS-4999/direct_upsampling_data_rungs_1-3/thermodynamic_properties/cristobalite_beta_pbe_d3bj.csv
2078,0,-8.733028312407372,reference,DaRUS-4999/direct_upsampling_data_rungs_1-3/thermodynamic_properties/cristobalite_beta_pbe_d3bj.csv
2079,0,-8.733634219702829,reference,DaRUS-4999/direct_upsampling_data_rungs_1-3/thermodynamic_properties/cristobalite_beta_pbe_d3bj.csv
2080,0,-8.734240252727444,reference,DaRUS-4999/direct_upsampling_data_rungs_1-3/thermodynamic_properties/cristobalite_beta_pbe_d3bj.csv
2081,0,-8.73484641142349,reference,DaRUS-4999/direct_upsampling_data_rungs_1-3/thermodynamic_properties/cristobalite_beta_pbe_d3bj.csv
2082,0,-8.73545269573329,reference,DaRUS-4999/direct_upsampling_data_rungs_1-3/thermodynamic_properties/cristobalite_beta_pbe_d3bj.csv
2083,0,-8.736059105599226,reference,DaRUS-4999/direct_upsampling_data_rungs_1-3/thermodynamic_properties/cristobalite_beta_pbe_d3bj.csv
2084,0,-8.736665640963723,reference,DaRUS-4999/direct_upsampling_data_rungs_1-3/thermodynamic_properties/cristobalite_beta_pbe_d3bj.csv
2085,0,-8.737272301769273,reference,DaRUS-4999/direct_upsampling_data_rungs_1-3/thermodynamic_properties/cristobalite_beta_pbe_d3bj.csv
2086,0,-8.737879087958408,reference,DaRUS-4999/direct_upsampling_data_rungs_1-3/thermodynamic_properties/cristobalite_beta_pbe_d3bj.csv
2087,0,-8.738485999473722,reference,DaRUS-4999/direct_upsampling_data_rungs_1-3/thermodynamic_properties/cristobalite_beta_pbe_d3bj.csv
2088,0,-8.739093036257861,reference,DaRUS-4999/direct_upsampling_data_rungs_1-3/thermodynamic_properties/cristobalite_beta_pbe_d3bj.csv
2089,0,-8.739700198253523,reference,DaRUS-4999/direct_upsampling_data_rungs_1-3/thermodynamic_properties/cristobalite_beta_pbe_d3bj.csv
2090,0,-8.740307485403454,reference,DaRUS-4999/direct_upsampling_data_rungs_1-3/thermodynamic_properties/cristobalite_beta_pbe_d3bj.csv
2091,0,-8.740914897650466,reference,DaRUS-4999/direct_upsampling_data_rungs_1-3/thermodynamic_properties/cristobalite_beta_pbe_d3bj.csv
2092,0,-8.74152243493741,reference,DaRUS-4999/direct_upsampling_data_rungs_1-3/thermodynamic_properties/cristobalite_beta_pbe_d3bj.csv
2093,0,-8.742130097207195,reference,DaRUS-4999/direct_upsampling_data_rungs_1-3/thermodynamic_properties/cristobalite_beta_pbe_d3bj.csv
2094,0,-8.742737884402789,reference,DaRUS-4999/direct_upsampling_data_rungs_1-3/thermodynamic_properties/cristobalite_beta_pbe_d3bj.csv
2095,0,-8.743345796467203,reference,DaRUS-4999/direct_upsampling_data_rungs_1-3/thermodynamic_properties/cristobalite_beta_pbe_d3bj.csv
2096,0,-8.743953833343506,reference,DaRUS-4999/direct_upsampling_data_rungs_1-3/thermodynamic_properties/cristobalite_beta_pbe_d3bj.csv
2097,0,-8.744561994974822,reference,DaRUS-4999/direct_upsampling_data_rungs_1-3/thermodynamic_properties/cristobalite_beta_pbe_d3bj.csv
2098,0,-8.745170281304318,reference,DaRUS-4999/direct_upsampling_data_rungs_1-3/thermodynamic_properties/cristobalite_beta_pbe_d3bj.csv
2099,0,-8.745778692275223,reference,DaRUS-4999/direct_upsampling_data_rungs_1-3/thermodynamic_properties/cristobalite_beta_pbe_d3bj.csv
2100,0,-8.746387227830814,reference,DaRUS-4999/direct_upsampling_data_rungs_1-3/thermodynamic_properties/cristobalite_beta_pbe_d3bj.csv
2101,0,-8.746995887914423,reference,DaRUS-4999/direct_upsampling_data_rungs_1-3/thermodynamic_properties/cristobalite_beta_pbe_d3bj.csv
2102,0,-8.747604672469429,reference,DaRUS-4999/direct_upsampling_data_rungs_1-3/thermodynamic_properties/cristobalite_beta_pbe_d3bj.csv
2103,0,-8.748213581439268,reference,DaRUS-4999/direct_upsampling_data_rungs_1-3/thermodynamic_properties/cristobalite_beta_pbe_d3bj.csv
2104,0,-8.748822614767429,reference,DaRUS-4999/direct_upsampling_data_rungs_1-3/thermodynamic_properties/cristobalite_beta_pbe_d3bj.csv
2105,0,-8.749431772397447,reference,DaRUS-4999/direct_upsampling_data_rungs_1-3/thermodynamic_properties/cristobalite_beta_pbe_d3bj.csv
2106,0,-8.750041054272915,reference,DaRUS-4999/direct_upsampling_data_rungs_1-3/thermodynamic_properties/cristobalite_beta_pbe_d3bj.csv
2107,0,-8.750650460337473,reference,DaRUS-4999/direct_upsampling_data_rungs_1-3/thermodynamic_properties/cristobalite_beta_pbe_d3bj.csv
2108,0,-8.751259990534816,reference,DaRUS-4999/direct_upsampling_data_rungs_1-3/thermodynamic_properties/cristobalite_beta_pbe_d3bj.csv
2109,0,-8.751869644808691,reference,DaRUS-4999/direct_upsampling_data_rungs_1-3/thermodynamic_properties/cristobalite_beta_pbe_d3bj.csv
2110,0,-8.752479423102894,reference,DaRUS-4999/direct_upsampling_data_rungs_1-3/thermodynamic_properties/cristobalite_beta_pbe_d3bj.csv
2111,0,-8.753089325361275,reference,DaRUS-4999/direct_upsampling_data_rungs_1-3/thermodynamic_properties/cristobalite_beta_pbe_d3bj.csv
2112,0,-8.753699351527739,reference,DaRUS-4999/direct_upsampling_data_rungs_1-3/thermodynamic_properties/cristobalite_beta_pbe_d3bj.csv
2113,0,-8.75430950154623,reference,DaRUS-4999/direct_upsampling_data_rungs_1-3/thermodynamic_properties/cristobalite_beta_pbe_d3bj.csv
2114,0,-8.754919775360756,reference,DaRUS-4999/direct_upsampling_data_rungs_1-3/thermodynamic_properties/cristobalite_beta_pbe_d3bj.csv
2115,0,-8.755530172915371,reference,DaRUS-4999/direct_upsampling_data_rungs_1-3/thermodynamic_properties/cristobalite_beta_pbe_d3bj.csv
2116,0,-8.756140694154183,reference,DaRUS-4999/direct_upsampling_data_rungs_1-3/thermodynamic_properties/cristobalite_beta_pbe_d3bj.csv
2117,0,-8.756751339021346,reference,DaRUS-4999/direct_upsampling_data_rungs_1-3/thermodynamic_properties/cristobalite_beta_pbe_d3bj.csv
2118,0,-8.757362107461068,reference,DaRUS-4999/direct_upsampling_data_rungs_1-3/thermodynamic_properties/cristobalite_beta_pbe_d3bj.csv
2119,0,-8.757972999417609,reference,DaRUS-4999/direct_upsampling_data_rungs_1-3/thermodynamic_properties/cristobalite_beta_pbe_d3bj.csv
2120,0,-8.758584014835286,reference,DaRUS-4999/direct_upsampling_data_rungs_1-3/thermodynamic_properties/cristobalite_beta_pbe_d3bj.csv
2121,0,-8.759195153658448,reference,DaRUS-4999/direct_upsampling_data_rungs_1-3/thermodynamic_properties/cristobalite_beta_pbe_d3bj.csv
2122,0,-8.759806415831518,reference,DaRUS-4999/direct_upsampling_data_rungs_1-3/thermodynamic_properties/cristobalite_beta_pbe_d3bj.csv
2123,0,-8.760417801298955,reference,DaRUS-4999/direct_upsampling_data_rungs_1-3/thermodynamic_properties/cristobalite_beta_pbe_d3bj.csv
2124,0,-8.761029310005267,reference,DaRUS-4999/direct_upsampling_data_rungs_1-3/thermodynamic_properties/cristobalite_beta_pbe_d3bj.csv
2125,0,-8.761640941895024,reference,DaRUS-4999/direct_upsampling_data_rungs_1-3/thermodynamic_properties/cristobalite_beta_pbe_d3bj.csv
2126,0,-8.76225269691284,reference,DaRUS-4999/direct_upsampling_data_rungs_1-3/thermodynamic_properties/cristobalite_beta_pbe_d3bj.csv
2127,0,-8.762864575003382,reference,DaRUS-4999/direct_upsampling_data_rungs_1-3/thermodynamic_properties/cristobalite_beta_pbe_d3bj.csv
2128,0,-8.763476576111364,reference,DaRUS-4999/direct_upsampling_data_rungs_1-3/thermodynamic_properties/cristobalite_beta_pbe_d3bj.csv
2129,0,-8.764088700181544,reference,DaRUS-4999/direct_upsampling_data_rungs_1-3/thermodynamic_properties/cristobalite_beta_pbe_d3bj.csv
2130,0,-8.764700947158749,reference,DaRUS-4999/direct_upsampling_data_rungs_1-3/thermodynamic_properties/cristobalite_beta_pbe_d3bj.csv
2131,0,-8.765313316987843,reference,DaRUS-4999/direct_upsampling_data_rungs_1-3/thermodynamic_properties/cristobalite_beta_pbe_d3bj.csv
2132,0,-8.765925809613739,reference,DaRUS-4999/direct_upsampling_data_rungs_1-3/thermodynamic_properties/cristobalite_beta_pbe_d3bj.csv
2133,0,-8.766538424981404,reference,DaRUS-4999/direct_upsampling_data_rungs_1-3/thermodynamic_properties/cristobalite_beta_pbe_d3bj.csv
2134,0,-8.767151163035857,reference,DaRUS-4999/direct_upsampling_data_rungs_1-3/thermodynamic_properties/cristobalite_beta_pbe_d3bj.csv
2135,0,-8.767764023722165,reference,DaRUS-4999/direct_upsampling_data_rungs_1-3/thermodynamic_properties/cristobalite_beta_pbe_d3bj.csv
2136,0,-8.768377006985441,reference,DaRUS-4999/direct_upsampling_data_rungs_1-3/thermodynamic_properties/cristobalite_beta_pbe_d3bj.csv
2137,0,-8.768990112770854,reference,DaRUS-4999/direct_upsampling_data_rungs_1-3/thermodynamic_properties/cristobalite_beta_pbe_d3bj.csv
2138,0,-8.76960334102362,reference,DaRUS-4999/direct_upsampling_data_rungs_1-3/thermodynamic_properties/cristobalite_beta_pbe_d3bj.csv
2139,0,-8.770216691689001,reference,DaRUS-4999/direct_upsampling_data_rungs_1-3/thermodynamic_properties/cristobalite_beta_pbe_d3bj.csv
2140,0,-8.770830164712317,reference,DaRUS-4999/direct_upsampling_data_rungs_1-3/thermodynamic_properties/cristobalite_beta_pbe_d3bj.csv
2141,0,-8.771443760038933,reference,DaRUS-4999/direct_upsampling_data_rungs_1-3/thermodynamic_properties/cristobalite_beta_pbe_d3bj.csv
2142,0,-8.772057477614256,reference,DaRUS-4999/direct_upsampling_data_rungs_1-3/thermodynamic_properties/cristobalite_beta_pbe_d3bj.csv
2143,0,-8.772671317383757,reference,DaRUS-4999/direct_upsampling_data_rungs_1-3/thermodynamic_properties/cristobalite_beta_pbe_d3bj.csv
2144,0,-8.773285279292949,reference,DaRUS-4999/direct_upsampling_data_rungs_1-3/thermodynamic_properties/cristobalite_beta_pbe_d3bj.csv
2145,0,-8.77389936328739,reference,DaRUS-4999/direct_upsampling_data_rungs_1-3/thermodynamic_properties/cristobalite_beta_pbe_d3bj.csv
2146,0,-8.774513569312694,reference,DaRUS-4999/direct_upsampling_data_rungs_1-3/thermodynamic_properties/cristobalite_beta_pbe_d3bj.csv
2147,0,-8.775127897314519,reference,DaRUS-4999/direct_upsampling_data_rungs_1-3/thermodynamic_properties/cristobalite_beta_pbe_d3bj.csv
2148,0,-8.775742347238582,reference,DaRUS-4999/direct_upsampling_data_rungs_1-3/thermodynamic_properties/cristobalite_beta_pbe_d3bj.csv
2149,0,-8.776356919030631,reference,DaRUS-4999/direct_upsampling_data_rungs_1-3/thermodynamic_properties/cristobalite_beta_pbe_d3bj.csv
2150,0,-8.776971612636483,reference,DaRUS-4999/direct_upsampling_data_rungs_1-3/thermodynamic_properties/cristobalite_beta_pbe_d3bj.csv
2151,0,-8.777586428001992,reference,DaRUS-4999/direct_upsampling_data_rungs_1-3/thermodynamic_properties/cristobalite_beta_pbe_d3bj.csv
2152,0,-8.778201365073064,reference,DaRUS-4999/direct_upsampling_data_rungs_1-3/thermodynamic_properties/cristobalite_beta_pbe_d3bj.csv
2153,0,-8.778816423795647,reference,DaRUS-4999/direct_upsampling_data_rungs_1-3/thermodynamic_properties/cristobalite_beta_pbe_d3bj.csv
2154,0,-8.779431604115748,reference,DaRUS-4999/direct_upsampling_data_rungs_1-3/thermodynamic_properties/cristobalite_beta_pbe_d3bj.csv
2155,0,-8.780046905979425,reference,DaRUS-4999/direct_upsampling_data_rungs_1-3/thermodynamic_properties/cristobalite_beta_pbe_d3bj.csv
2156,0,-8.780662329332769,reference,DaRUS-4999/direct_upsampling_data_rungs_1-3/thermodynamic_properties/cristobalite_beta_pbe_d3bj.csv
2157,0,-8.78127787412193,reference,DaRUS-4999/direct_upsampling_data_rungs_1-3/thermodynamic_properties/cristobalite_beta_pbe_d3bj.csv
2158,0,-8.78189354029311,reference,DaRUS-4999/direct_upsampling_data_rungs_1-3/thermodynamic_properties/cristobalite_beta_pbe_d3bj.csv
2159,0,-8.782509327792548,reference,DaRUS-4999/direct_upsampling_data_rungs_1-3/thermodynamic_properties/cristobalite_beta_pbe_d3bj.csv
2160,0,-8.783125236566542,reference,DaRUS-4999/direct_upsampling_data_rungs_1-3/thermodynamic_properties/cristobalite_beta_pbe_d3bj.csv
2161,0,-8.783741266561435,reference,DaRUS-4999/direct_upsampling_data_rungs_1-3/thermodynamic_properties/cristobalite_beta_pbe_d3bj.csv
2162,0,-8.784357417723614,reference,DaRUS-4999/direct_upsampling_data_rungs_1-3/thermodynamic_properties/cristobalite_beta_pbe_d3bj.csv
2163,0,-8.784973689999514,reference,DaRUS-4999/direct_upsampling_data_rungs_1-3/thermodynamic_properties/cristobalite_beta_pbe_d3bj.csv
2164,0,-8.785590083335631,reference,DaRUS-4999/direct_upsampling_data_rungs_1-3/thermodynamic_properties/cristobalite_beta_pbe_d3bj.csv
2165,0,-8.786206597678492,reference,DaRUS-4999/direct_upsampling_data_rungs_1-3/thermodynamic_properties/cristobalite_beta_pbe_d3bj.csv
2166,0,-8.786823232974678,reference,DaRUS-4999/direct_upsampling_data_rungs_1-3/thermodynamic_properties/cristobalite_beta_pbe_d3bj.csv
2167,0,-8.787439989170823,reference,DaRUS-4999/direct_upsampling_data_rungs_1-3/thermodynamic_properties/cristobalite_beta_pbe_d3bj.csv
2168,0,-8.788056866213605,reference,DaRUS-4999/direct_upsampling_data_rungs_1-3/thermodynamic_properties/cristobalite_beta_pbe_d3bj.csv
2169,0,-8.788673864049747,reference,DaRUS-4999/direct_upsampling_data_rungs_1-3/thermodynamic_properties/cristobalite_beta_pbe_d3bj.csv
2170,0,-8.789290982626024,reference,DaRUS-4999/direct_upsampling_data_rungs_1-3/thermodynamic_properties/cristobalite_beta_pbe_d3bj.csv
2171,0,-8.789908221889254,reference,DaRUS-4999/direct_upsampling_data_rungs_1-3/thermodynamic_properties/cristobalite_beta_pbe_d3bj.csv
2172,0,-8.790525581786314,reference,DaRUS-4999/direct_upsampling_data_rungs_1-3/thermodynamic_properties/cristobalite_beta_pbe_d3bj.csv
2173,0,-8.791143062264108,reference,DaRUS-4999/direct_upsampling_data_rungs_1-3/thermodynamic_properties/cristobalite_beta_pbe_d3bj.csv
2174,0,-8.791760663269606,reference,DaRUS-4999/direct_upsampling_data_rungs_1-3/thermodynamic_properties/cristobalite_beta_pbe_d3bj.csv
2175,0,-8.792378384749817,reference,DaRUS-4999/direct_upsampling_data_rungs_1-3/thermodynamic_properties/cristobalite_beta_pbe_d3bj.csv
2176,0,-8.792996226651798,reference,DaRUS-4999/direct_upsampling_data_rungs_1-3/thermodynamic_properties/cristobalite_beta_pbe_d3bj.csv
2177,0,-8.793614188922659,reference,DaRUS-4999/direct_upsampling_data_rungs_1-3/thermodynamic_properties/cristobalite_beta_pbe_d3bj.csv
2178,0,-8.794232271509548,reference,DaRUS-4999/direct_upsampling_data_rungs_1-3/thermodynamic_properties/cristobalite_beta_pbe_d3bj.csv
2179,0,-8.794850474359663,reference,DaRUS-4999/direct_upsampling_data_rungs_1-3/thermodynamic_properties/cristobalite_beta_pbe_d3bj.csv
2180,0,-8.795468797420256,reference,DaRUS-4999/direct_upsampling_data_rungs_1-3/thermodynamic_properties/cristobalite_beta_pbe_d3bj.csv
2181,0,-8.796087240638615,reference,DaRUS-4999/direct_upsampling_data_rungs_1-3/thermodynamic_properties/cristobalite_beta_pbe_d3bj.csv
2182,0,-8.796705803962084,reference,DaRUS-4999/direct_upsampling_data_rungs_1-3/thermodynamic_properties/cristobalite_beta_pbe_d3bj.csv
2183,0,-8.797324487338049,reference,DaRUS-4999/direct_upsampling_data_rungs_1-3/thermodynamic_properties/cristobalite_beta_pbe_d3bj.csv
2184,0,-8.797943290713942,reference,DaRUS-4999/direct_upsampling_data_rungs_1-3/thermodynamic_properties/cristobalite_beta_pbe_d3bj.csv
2185,0,-8.798562214037249,reference,DaRUS-4999/direct_upsampling_data_rungs_1-3/thermodynamic_properties/cristobalite_beta_pbe_d3bj.csv
2186,0,-8.799181257255491,reference,DaRUS-4999/direct_upsampling_data_rungs_1-3/thermodynamic_properties/cristobalite_beta_pbe_d3bj.csv
2187,0,-8.799800420316247,reference,DaRUS-4999/direct_upsampling_data_rungs_1-3/thermodynamic_properties/cristobalite_beta_pbe_d3bj.csv
2188,0,-8.800419703167137,reference,DaRUS-4999/direct_upsampling_data_rungs_1-3/thermodynamic_properties/cristobalite_beta_pbe_d3bj.csv
2189,0,-8.801039105755827,reference,DaRUS-4999/direct_upsampling_data_rungs_1-3/thermodynamic_properties/cristobalite_beta_pbe_d3bj.csv
2190,0,-8.801658628030031,reference,DaRUS-4999/direct_upsampling_data_rungs_1-3/thermodynamic_properties/cristobalite_beta_pbe_d3bj.csv
2191,0,-8.802278269937508,reference,DaRUS-4999/direct_upsampling_data_rungs_1-3/thermodynamic_properties/cristobalite_beta_pbe_d3bj.csv
2192,0,-8.802898031426063,reference,DaRUS-4999/direct_upsampling_data_rungs_1-3/thermodynamic_properties/cristobalite_beta_pbe_d3bj.csv
2193,0,-8.803517912443555,reference,DaRUS-4999/direct_upsampling_data_rungs_1-3/thermodynamic_properties/cristobalite_beta_pbe_d3bj.csv
2194,0,-8.804137912937875,reference,DaRUS-4999/direct_upsampling_data_rungs_1-3/thermodynamic_properties/cristobalite_beta_pbe_d3bj.csv
2195,0,-8.80475803285697,reference,DaRUS-4999/direct_upsampling_data_rungs_1-3/thermodynamic_properties/cristobalite_beta_pbe_d3bj.csv
2196,0,-8.805378272148836,reference,DaRUS-4999/direct_upsampling_data_rungs_1-3/thermodynamic_properties/cristobalite_beta_pbe_d3bj.csv
2197,0,-8.805998630761504,reference,DaRUS-4999/direct_upsampling_data_rungs_1-3/thermodynamic_properties/cristobalite_beta_pbe_d3bj.csv
2198,0,-8.806619108643057,reference,DaRUS-4999/direct_upsampling_data_rungs_1-3/thermodynamic_properties/cristobalite_beta_pbe_d3bj.csv
2199,0,-8.80723970574163,reference,DaRUS-4999/direct_upsampling_data_rungs_1-3/thermodynamic_properties/cristobalite_beta_pbe_d3bj.csv
2200,0,-8.807860422005389,reference,DaRUS-4999/direct_upsampling_data_rungs_1-3/thermodynamic_properties/cristobalite_beta_pbe_d3bj.csv
2201,0,-8.808481257382558,reference,DaRUS-4999/direct_upsampling_data_rungs_1-3/thermodynamic_properties/cristobalite_beta_pbe_d3bj.csv
2202,0,-8.809102211821406,reference,DaRUS-4999/direct_upsampling_data_rungs_1-3/thermodynamic_properties/cristobalite_beta_pbe_d3bj.csv
2203,0,-8.809723285270243,reference,DaRUS-4999/direct_upsampling_data_rungs_1-3/thermodynamic_properties/cristobalite_beta_pbe_d3bj.csv
2204,0,-8.810344477677424,reference,DaRUS-4999/direct_upsampling_data_rungs_1-3/thermodynamic_properties/cristobalite_beta_pbe_d3bj.csv
2205,0,-8.810965788991352,reference,DaRUS-4999/direct_upsampling_data_rungs_1-3/thermodynamic_properties/cristobalite_beta_pbe_d3bj.csv
2206,0,-8.811587219160479,reference,DaRUS-4999/direct_upsampling_data_rungs_1-3/thermodynamic_properties/cristobalite_beta_pbe_d3bj.csv
2207,0,-8.812208768133296,reference,DaRUS-4999/direct_upsampling_data_rungs_1-3/thermodynamic_properties/cristobalite_beta_pbe_d3bj.csv
2208,0,-8.812830435858341,reference,DaRUS-4999/direct_upsampling_data_rungs_1-3/thermodynamic_properties/cristobalite_beta_pbe_d3bj.csv
2209,0,-8.813452222284203,reference,DaRUS-4999/direct_upsampling_data_rungs_1-3/thermodynamic_properties/cristobalite_beta_pbe_d3bj.csv
2210,0,-8.814074127359506,reference,DaRUS-4999/direct_upsampling_data_rungs_1-3/thermodynamic_properties/cristobalite_beta_pbe_d3bj.csv
2211,0,-8.814696151032926,reference,DaRUS-4999/direct_upsampling_data_rungs_1-3/thermodynamic_properties/cristobalite_beta_pbe_d3bj.csv
2212,0,-8.815318293253192,reference,DaRUS-4999/direct_upsampling_data_rungs_1-3/thermodynamic_properties/cristobalite_beta_pbe_d3bj.csv
2213,0,-8.815940553969053,reference,DaRUS-4999/direct_upsampling_data_rungs_1-3/thermodynamic_properties/cristobalite_beta_pbe_d3bj.csv
2214,0,-8.816562933129331,reference,DaRUS-4999/direct_upsampling_data_rungs_1-3/thermodynamic_properties/cristobalite_beta_pbe_d3bj.csv
2215,0,-8.817185430682876,reference,DaRUS-4999/direct_upsampling_data_rungs_1-3/thermodynamic_properties/cristobalite_beta_pbe_d3bj.csv
2216,0,-8.817808046578589,reference,DaRUS-4999/direct_upsampling_data_rungs_1-3/thermodynamic_properties/cristobalite_beta_pbe_d3bj.csv
2217,0,-8.818430780765414,reference,DaRUS-4999/direct_upsampling_data_rungs_1-3/thermodynamic_properties/cristobalite_beta_pbe_d3bj.csv
2218,0,-8.81905363319234,reference,DaRUS-4999/direct_upsampling_data_rungs_1-3/thermodynamic_properties/cristobalite_beta_pbe_d3bj.csv
2219,0,-8.819676603808405,reference,DaRUS-4999/direct_upsampling_data_rungs_1-3/thermodynamic_properties/cristobalite_beta_pbe_d3bj.csv
2220,0,-8.820299692562687,reference,DaRUS-4999/direct_upsampling_data_rungs_1-3/thermodynamic_properties/cristobalite_beta_pbe_d3bj.csv
2221,0,-8.820922899404305,reference,DaRUS-4999/direct_upsampling_data_rungs_1-3/thermodynamic_properties/cristobalite_beta_pbe_d3bj.csv
2222,0,-8.821546224282425,reference,DaRUS-4999/direct_upsampling_data_rungs_1-3/thermodynamic_properties/cristobalite_beta_pbe_d3bj.csv
2223,0,-8.822169667146268,reference,DaRUS-4999/direct_upsampling_data_rungs_1-3/thermodynamic_properties/cristobalite_beta_pbe_d3bj.csv
2224,0,-8.822793227945086,reference,DaRUS-4999/direct_upsampling_data_rungs_1-3/thermodynamic_properties/cristobalite_beta_pbe_d3bj.csv
2225,0,-8.82341690662818,reference,DaRUS-4999/direct_upsampling_data_rungs_1-3/thermodynamic_properties/cristobalite_beta_pbe_d3bj.csv
2226,0,-8.824040703144897,reference,DaRUS-4999/direct_upsampling_data_rungs_1-3/thermodynamic_properties/cristobalite_beta_pbe_d3bj.csv
2227,0,-8.824664617444624,reference,DaRUS-4999/direct_upsampling_data_rungs_1-3/thermodynamic_properties/cristobalite_beta_pbe_d3bj.csv
2228,0,-8.8252886494768,reference,DaRUS-4999/direct_upsampling_data_rungs_1-3/thermodynamic_properties/cristobalite_beta_pbe_d3bj.csv
2229,0,-8.825912799190899,reference,DaRUS-4999/direct_upsampling_data_rungs_1-3/thermodynamic_properties/cristobalite_beta_pbe_d3bj.csv
2230,0,-8.826537066536444,reference,DaRUS-4999/direct_upsampling_data_rungs_1-3/thermodynamic_properties/cristobalite_beta_pbe_d3bj.csv
2231,0,-8.827161451463001,reference,DaRUS-4999/direct_upsampling_data_rungs_1-3/thermodynamic_properties/cristobalite_beta_pbe_d3bj.csv
2232,0,-8.827785953920179,reference,DaRUS-4999/direct_upsampling_data_rungs_1-3/thermodynamic_properties/cristobalite_beta_pbe_d3bj.csv
2233,0,-8.828410573857637,reference,DaRUS-4999/direct_upsampling_data_rungs_1-3/thermodynamic_properties/cristobalite_beta_pbe_d3bj.csv
2234,0,-8.829035311225068,reference,DaRUS-4999/direct_upsampling_data_rungs_1-3/thermodynamic_properties/cristobalite_beta_pbe_d3bj.csv
2235,0,-8.829660165972216,reference,DaRUS-4999/direct_upsampling_data_rungs_1-3/thermodynamic_properties/cristobalite_beta_pbe_d3bj.csv
2236,0,-8.830285138048867,reference,DaRUS-4999/direct_upsampling_data_rungs_1-3/thermodynamic_properties/cristobalite_beta_pbe_d3bj.csv
2237,0,-8.830910227404845,reference,DaRUS-4999/direct_upsampling_data_rungs_1-3/thermodynamic_properties/cristobalite_beta_pbe_d3bj.csv
2238,0,-8.83153543399003,reference,DaRUS-4999/direct_upsampling_data_rungs_1-3/thermodynamic_properties/cristobalite_beta_pbe_d3bj.csv
2239,0,-8.832160757754336,reference,DaRUS-4999/direct_upsampling_data_rungs_1-3/thermodynamic_properties/cristobalite_beta_pbe_d3bj.csv
2240,0,-8.832786198647717,reference,DaRUS-4999/direct_upsampling_data_rungs_1-3/thermodynamic_properties/cristobalite_beta_pbe_d3bj.csv
2241,0,-8.833411756620187,reference,DaRUS-4999/direct_upsampling_data_rungs_1-3/thermodynamic_properties/cristobalite_beta_pbe_d3bj.csv
2242,0,-8.834037431621786,reference,DaRUS-4999/direct_upsampling_data_rungs_1-3/thermodynamic_properties/cristobalite_beta_pbe_d3bj.csv
2243,0,-8.834663223602606,reference,DaRUS-4999/direct_upsampling_data_rungs_1-3/thermodynamic_properties/cristobalite_beta_pbe_d3bj.csv
2244,0,-8.835289132512781,reference,DaRUS-4999/direct_upsampling_data_rungs_1-3/thermodynamic_properties/cristobalite_beta_pbe_d3bj.csv
2245,0,-8.835915158302484,reference,DaRUS-4999/direct_upsampling_data_rungs_1-3/thermodynamic_properties/cristobalite_beta_pbe_d3bj.csv
2246,0,-8.836541300921937,reference,DaRUS-4999/direct_upsampling_data_rungs_1-3/thermodynamic_properties/cristobalite_beta_pbe_d3bj.csv
2247,0,-8.837167560321406,reference,DaRUS-4999/direct_upsampling_data_rungs_1-3/thermodynamic_properties/cristobalite_beta_pbe_d3bj.csv
2248,0,-8.837793936451192,reference,DaRUS-4999/direct_upsampling_data_rungs_1-3/thermodynamic_properties/cristobalite_beta_pbe_d3bj.csv
2249,0,-8.83842042926165,reference,DaRUS-4999/direct_upsampling_data_rungs_1-3/thermodynamic_properties/cristobalite_beta_pbe_d3bj.csv
2250,0,-8.839047038703164,reference,DaRUS-4999/direct_upsampling_data_rungs_1-3/thermodynamic_properties/cristobalite_beta_pbe_d3bj.csv
2251,0,-8.839673764726177,reference,DaRUS-4999/direct_upsampling_data_rungs_1-3/thermodynamic_properties/cristobalite_beta_pbe_d3bj.csv
2252,0,-8.840300607281161,reference,DaRUS-4999/direct_upsampling_data_rungs_1-3/thermodynamic_properties/cristobalite_beta_pbe_d3bj.csv
2253,0,-8.840927566318641,reference,DaRUS-4999/direct_upsampling_data_rungs_1-3/thermodynamic_properties/cristobalite_beta_pbe_d3bj.csv
2254,0,-8.841554641789179,reference,DaRUS-4999/direct_upsampling_data_rungs_1-3/thermodynamic_properties/cristobalite_beta_pbe_d3bj.csv
2255,0,-8.842181833643378,reference,DaRUS-4999/direct_upsampling_data_rungs_1-3/thermodynamic_properties/cristobalite_beta_pbe_d3bj.csv
2256,0,-8.842809141831891,reference,DaRUS-4999/direct_upsampling_data_rungs_1-3/thermodynamic_properties/cristobalite_beta_pbe_d3bj.csv
2257,0,-8.843436566305407,reference,DaRUS-4999/direct_upsampling_data_rungs_1-3/thermodynamic_properties/cristobalite_beta_pbe_d3bj.csv
2258,0,-8.84406410701466,reference,DaRUS-4999/direct_upsampling_data_rungs_1-3/thermodynamic_properties/cristobalite_beta_pbe_d3bj.csv
2259,0,-8.844691763910427,reference,DaRUS-4999/direct_upsampling_data_rungs_1-3/thermodynamic_properties/cristobalite_beta_pbe_d3bj.csv
2260,0,-8.845319536943526,reference,DaRUS-4999/direct_upsampling_data_rungs_1-3/thermodynamic_properties/cristobalite_beta_pbe_d3bj.csv
2261,0,-8.84594742606482,reference,DaRUS-4999/direct_upsampling_data_rungs_1-3/thermodynamic_properties/cristobalite_beta_pbe_d3bj.csv
2262,0,-8.846575431225208,reference,DaRUS-4999/direct_upsampling_data_rungs_1-3/thermodynamic_properties/cristobalite_beta_pbe_d3bj.csv
2263,0,-8.847203552375644,reference,DaRUS-4999/direct_upsampling_data_rungs_1-3/thermodynamic_properties/cristobalite_beta_pbe_d3bj.csv
2264,0,-8.847831789467106,reference,DaRUS-4999/direct_upsampling_data_rungs_1-3/thermodynamic_properties/cristobalite_beta_pbe_d3bj.csv
2265,0,-8.84846014245063,reference,DaRUS-4999/direct_upsampling_data_rungs_1-3/thermodynamic_properties/cristobalite_beta_pbe_d3bj.csv
2266,0,-8.849088611277283,reference,DaRUS-4999/direct_upsampling_data_rungs_1-3/thermodynamic_properties/cristobalite_beta_pbe_d3bj.csv
2267,0,-8.849717195898188,reference,DaRUS-4999/direct_upsampling_data_rungs_1-3/thermodynamic_properties/cristobalite_beta_pbe_d3bj.csv
2268,0,-8.850345896264493,reference,DaRUS-4999/direct_upsampling_data_rungs_1-3/thermodynamic_properties/cristobalite_beta_pbe_d3bj.csv
2269,0,-8.8509747123274,reference,DaRUS-4999/direct_upsampling_data_rungs_1-3/thermodynamic_properties/cristobalite_beta_pbe_d3bj.csv
2270,0,-8.851603644038148,reference,DaRUS-4999/direct_upsampling_data_rungs_1-3/thermodynamic_properties/cristobalite_beta_pbe_d3bj.csv
2271,0,-8.85223269134802,reference,DaRUS-4999/direct_upsampling_data_rungs_1-3/thermodynamic_properties/cristobalite_beta_pbe_d3bj.csv
2272,0,-8.852861854208337,reference,DaRUS-4999/direct_upsampling_data_rungs_1-3/thermodynamic_properties/cristobalite_beta_pbe_d3bj.csv
2273,0,-8.853491132570467,reference,DaRUS-4999/direct_upsampling_data_rungs_1-3/thermodynamic_properties/cristobalite_beta_pbe_d3bj.csv
2274,0,-8.854120526385815,reference,DaRUS-4999/direct_upsampling_data_rungs_1-3/thermodynamic_properties/cristobalite_beta_pbe_d3bj.csv
2275,0,-8.85475003560583,reference,DaRUS-4999/direct_upsampling_data_rungs_1-3/thermodynamic_properties/cristobalite_beta_pbe_d3bj.csv
2276,0,-8.855379660182006,reference,DaRUS-4999/direct_upsampling_data_rungs_1-3/thermodynamic_properties/cristobalite_beta_pbe_d3bj.csv
2277,0,-8.856009400065869,reference,DaRUS-4999/direct_upsampling_data_rungs_1-3/thermodynamic_properties/cristobalite_beta_pbe_d3bj.csv
2278,0,-8.856639255208993,reference,DaRUS-4999/direct_upsampling_data_rungs_1-3/thermodynamic_properties/cristobalite_beta_pbe_d3bj.csv
2279,0,-8.857269225562996,reference,DaRUS-4999/direct_upsampling_data_rungs_1-3/thermodynamic_properties/cristobalite_beta_pbe_d3bj.csv
2280,0,-8.857899311079533,reference,DaRUS-4999/direct_upsampling_data_rungs_1-3/thermodynamic_properties/cristobalite_beta_pbe_d3bj.csv
2281,0,-8.8585295117103,reference,DaRUS-4999/direct_upsampling_data_rungs_1-3/thermodynamic_properties/cristobalite_beta_pbe_d3bj.csv
2282,0,-8.859159827407039,reference,DaRUS-4999/direct_upsampling_data_rungs_1-3/thermodynamic_properties/cristobalite_beta_pbe_d3bj.csv
2283,0,-8.859790258121523,reference,DaRUS-4999/direct_upsampling_data_rungs_1-3/thermodynamic_properties/cristobalite_beta_pbe_d3bj.csv
2284,0,-8.860420803805578,reference,DaRUS-4999/direct_upsampling_data_rungs_1-3/thermodynamic_properties/cristobalite_beta_pbe_d3bj.csv
2285,0,-8.861051464411066,reference,DaRUS-4999/direct_upsampling_data_rungs_1-3/thermodynamic_properties/cristobalite_beta_pbe_d3bj.csv
2286,0,-8.861682239889889,reference,DaRUS-4999/direct_upsampling_data_rungs_1-3/thermodynamic_properties/cristobalite_beta_pbe_d3bj.csv
2287,0,-8.862313130193993,reference,DaRUS-4999/direct_upsampling_data_rungs_1-3/thermodynamic_properties/cristobalite_beta_pbe_d3bj.csv
2288,0,-8.862944135275358,reference,DaRUS-4999/direct_upsampling_data_rungs_1-3/thermodynamic_properties/cristobalite_beta_pbe_d3bj.csv
2289,0,-8.863575255086012,reference,DaRUS-4999/direct_upsampling_data_rungs_1-3/thermodynamic_properties/cristobalite_beta_pbe_d3bj.csv
2290,0,-8.864206489578024,reference,DaRUS-4999/direct_upsampling_data_rungs_1-3/thermodynamic_properties/cristobalite_beta_pbe_d3bj.csv
2291,0,-8.864837838703501,reference,DaRUS-4999/direct_upsampling_data_rungs_1-3/thermodynamic_properties/cristobalite_beta_pbe_d3bj.csv
2292,0,-8.86546930241459,reference,DaRUS-4999/direct_upsampling_data_rungs_1-3/thermodynamic_properties/cristobalite_beta_pbe_d3bj.csv
2293,0,-8.866100880663481,reference,DaRUS-4999/direct_upsampling_data_rungs_1-3/thermodynamic_properties/cristobalite_beta_pbe_d3bj.csv
2294,0,-8.866732573402404,reference,DaRUS-4999/direct_upsampling_data_rungs_1-3/thermodynamic_properties/cristobalite_beta_pbe_d3bj.csv
2295,0,-8.867364380583629,reference,DaRUS-4999/direct_upsampling_data_rungs_1-3/thermodynamic_properties/cristobalite_beta_pbe_d3bj.csv
2296,0,-8.86799630215946,reference,DaRUS-4999/direct_upsampling_data_rungs_1-3/thermodynamic_properties/cristobalite_beta_pbe_d3bj.csv
2297,0,-8.86862833808226,reference,DaRUS-4999/direct_upsampling_data_rungs_1-3/thermodynamic_properties/cristobalite_beta_pbe_d3bj.csv
2298,0,-8.869260488304414,reference,DaRUS-4999/direct_upsampling_data_rungs_1-3/thermodynamic_properties/cristobalite_beta_pbe_d3bj.csv
2299,0,-8.869892752778354,reference,DaRUS-4999/direct_upsampling_data_rungs_1-3/thermodynamic_properties/cristobalite_beta_pbe_d3bj.csv
2300,0,-8.870525131456557,reference,DaRUS-4999/direct_upsampling_data_rungs_1-3/thermodynamic_properties/cristobalite_beta_pbe_d3bj.csv
2301,0,-8.871157624291529,reference,DaRUS-4999/direct_upsampling_data_rungs_1-3/thermodynamic_properties/cristobalite_beta_pbe_d3bj.csv
2302,0,-8.871790231235824,reference,DaRUS-4999/direct_upsampling_data_rungs_1-3/thermodynamic_properties/cristobalite_beta_pbe_d3bj.csv
2303,0,-8.872422952242044,reference,DaRUS-4999/direct_upsampling_data_rungs_1-3/thermodynamic_properties/cristobalite_beta_pbe_d3bj.csv
2304,0,-8.87305578726281,reference,DaRUS-4999/direct_upsampling_data_rungs_1-3/thermodynamic_properties/cristobalite_beta_pbe_d3bj.csv
2305,0,-8.873688736250802,reference,DaRUS-4999/direct_upsampling_data_rungs_1-3/thermodynamic_properties/cristobalite_beta_pbe_d3bj.csv
2306,0,-8.874321799158732,reference,DaRUS-4999/direct_upsampling_data_rungs_1-3/thermodynamic_properties/cristobalite_beta_pbe_d3bj.csv
2307,0,-8.874954975939355,reference,DaRUS-4999/direct_upsampling_data_rungs_1-3/thermodynamic_properties/cristobalite_beta_pbe_d3bj.csv
2308,0,-8.875588266545462,reference,DaRUS-4999/direct_upsampling_data_rungs_1-3/thermodynamic_properties/cristobalite_beta_pbe_d3bj.csv
2309,0,-8.876221670929887,reference,DaRUS-4999/direct_upsampling_data_rungs_1-3/thermodynamic_properties/cristobalite_beta_pbe_d3bj.csv
2310,0,-8.876855189045504,reference,DaRUS-4999/direct_upsampling_data_rungs_1-3/thermodynamic_properties/cristobalite_beta_pbe_d3bj.csv
2311,0,-8.877488820845223,reference,DaRUS-4999/direct_upsampling_data_rungs_1-3/thermodynamic_properties/cristobalite_beta_pbe_d3bj.csv
2312,0,-8.878122566281997,reference,DaRUS-4999/direct_upsampling_data_rungs_1-3/thermodynamic_properties/cristobalite_beta_pbe_d3bj.csv
2313,0,-8.878756425308824,reference,DaRUS-4999/direct_upsampling_data_rungs_1-3/thermodynamic_properties/cristobalite_beta_pbe_d3bj.csv
2314,0,-8.879390397878726,reference,DaRUS-4999/direct_upsampling_data_rungs_1-3/thermodynamic_properties/cristobalite_beta_pbe_d3bj.csv
2315,0,-8.880024483944783,reference,DaRUS-4999/direct_upsampling_data_rungs_1-3/thermodynamic_properties/cristobalite_beta_pbe_d3bj.csv
2316,0,-8.880658683460101,reference,DaRUS-4999/direct_upsampling_data_rungs_1-3/thermodynamic_properties/cristobalite_beta_pbe_d3bj.csv
2317,0,-8.881292996377836,reference,DaRUS-4999/direct_upsampling_data_rungs_1-3/thermodynamic_properties/cristobalite_beta_pbe_d3bj.csv
2318,0,-8.881927422651174,reference,DaRUS-4999/direct_upsampling_data_rungs_1-3/thermodynamic_properties/cristobalite_beta_pbe_d3bj.csv
2319,0,-8.882561962233341,reference,DaRUS-4999/direct_upsampling_data_rungs_1-3/thermodynamic_properties/cristobalite_beta_pbe_d3bj.csv
2320,0,-8.883196615077608,reference,DaRUS-4999/direct_upsampling_data_rungs_1-3/thermodynamic_properties/cristobalite_beta_pbe_d3bj.csv
2321,0,-8.883831381137288,reference,DaRUS-4999/direct_upsampling_data_rungs_1-3/thermodynamic_properties/cristobalite_beta_pbe_d3bj.csv
2322,0,-8.884466260365723,reference,DaRUS-4999/direct_upsampling_data_rungs_1-3/thermodynamic_properties/cristobalite_beta_pbe_d3bj.csv
2323,0,-8.8851012527163,reference,DaRUS-4999/direct_upsampling_data_rungs_1-3/thermodynamic_properties/cristobalite_beta_pbe_d3bj.csv
2324,0,-8.885736358142445,reference,DaRUS-4999/direct_upsampling_data_rungs_1-3/thermodynamic_properties/cristobalite_beta_pbe_d3bj.csv
2325,0,-8.886371576597622,reference,DaRUS-4999/direct_upsampling_data_rungs_1-3/thermodynamic_properties/cristobalite_beta_pbe_d3bj.csv
2326,0,-8.887006908035339,reference,DaRUS-4999/direct_upsampling_data_rungs_1-3/thermodynamic_properties/cristobalite_beta_pbe_d3bj.csv
2327,0,-8.887642352409131,reference,DaRUS-4999/direct_upsampling_data_rungs_1-3/thermodynamic_properties/cristobalite_beta_pbe_d3bj.csv
2328,0,-8.888277909672587,reference,DaRUS-4999/direct_upsampling_data_rungs_1-3/thermodynamic_properties/cristobalite_beta_pbe_d3bj.csv
2329,0,-8.888913579779322,reference,DaRUS-4999/direct_upsampling_data_rungs_1-3/thermodynamic_properties/cristobalite_beta_pbe_d3bj.csv
2330,0,-8.889549362683002,reference,DaRUS-4999/direct_upsampling_data_rungs_1-3/thermodynamic_properties/cristobalite_beta_pbe_d3bj.csv
2331,0,-8.890185258337317,reference,DaRUS-4999/direct_upsampling_data_rungs_1-3/thermodynamic_properties/cristobalite_beta_pbe_d3bj.csv
2332,0,-8.890821266696008,reference,DaRUS-4999/direct_upsampling_data_rungs_1-3/thermodynamic_properties/cristobalite_beta_pbe_d3bj.csv
2333,0,-8.891457387712853,reference,DaRUS-4999/direct_upsampling_data_rungs_1-3/thermodynamic_properties/cristobalite_beta_pbe_d3bj.csv
2334,0,-8.892093621341663,reference,DaRUS-4999/direct_upsampling_data_rungs_1-3/thermodynamic_properties/cristobalite_beta_pbe_d3bj.csv
2335,0,-8.892729967536296,reference,DaRUS-4999/direct_upsampling_data_rungs_1-3/thermodynamic_properties/cristobalite_beta_pbe_d3bj.csv
2336,0,-8.893366426250635,reference,DaRUS-4999/direct_upsampling_data_rungs_1-3/thermodynamic_properties/cristobalite_beta_pbe_d3bj.csv
2337,0,-8.894002997438616,reference,DaRUS-4999/direct_upsampling_data_rungs_1-3/thermodynamic_properties/cristobalite_beta_pbe_d3bj.csv
2338,0,-8.894639681054207,reference,DaRUS-4999/direct_upsampling_data_rungs_1-3/thermodynamic_properties/cristobalite_beta_pbe_d3bj.csv
2339,0,-8.895276477051414,reference,DaRUS-4999/direct_upsampling_data_rungs_1-3/thermodynamic_properties/cristobalite_beta_pbe_d3bj.csv
2340,0,-8.895913385384286,reference,DaRUS-4999/direct_upsampling_data_rungs_1-3/thermodynamic_properties/cristobalite_beta_pbe_d3bj.csv
2341,0,-8.896550406006901,reference,DaRUS-4999/direct_upsampling_data_rungs_1-3/thermodynamic_properties/cristobalite_beta_pbe_d3bj.csv
2342,0,-8.897187538873384,reference,DaRUS-4999/direct_upsampling_data_rungs_1-3/thermodynamic_properties/cristobalite_beta_pbe_d3bj.csv
2343,0,-8.897824783937896,reference,DaRUS-4999/direct_upsampling_data_rungs_1-3/thermodynamic_properties/cristobalite_beta_pbe_d3bj.csv
2344,0,-8.898462141154631,reference,DaRUS-4999/direct_upsampling_data_rungs_1-3/thermodynamic_properties/cristobalite_beta_pbe_d3bj.csv
2345,0,-8.899099610477833,reference,DaRUS-4999/direct_upsampling_data_rungs_1-3/thermodynamic_properties/cristobalite_beta_pbe_d3bj.csv
2346,0,-8.899737191861771,reference,DaRUS-4999/direct_upsampling_data_rungs_1-3/thermodynamic_properties/cristobalite_beta_pbe_d3bj.csv
2347,0,-8.900374885260758,reference,DaRUS-4999/direct_upsampling_data_rungs_1-3/thermodynamic_properties/cristobalite_beta_pbe_d3bj.csv
2348,0,-8.90101269062915,reference,DaRUS-4999/direct_upsampling_data_rungs_1-3/thermodynamic_properties/cristobalite_beta_pbe_d3bj.csv
2349,0,-8.901650607921329,reference,DaRUS-4999/direct_upsampling_data_rungs_1-3/thermodynamic_properties/cristobalite_beta_pbe_d3bj.csv
2350,0,-8.902288637091726,reference,DaRUS-4999/direct_upsampling_data_rungs_1-3/thermodynamic_properties/cristobalite_beta_pbe_d3bj.csv
2351,0,-8.902926778094805,reference,DaRUS-4999/direct_upsampling_data_rungs_1-3/thermodynamic_properties/cristobalite_beta_pbe_d3bj.csv
2352,0,-8.903565030885066,reference,DaRUS-4999/direct_upsampling_data_rungs_1-3/thermodynamic_properties/cristobalite_beta_pbe_d3bj.csv
2353,0,-8.904203395417053,reference,DaRUS-4999/direct_upsampling_data_rungs_1-3/thermodynamic_properties/cristobalite_beta_pbe_d3bj.csv
2354,0,-8.90484187164534,reference,DaRUS-4999/direct_upsampling_data_rungs_1-3/thermodynamic_properties/cristobalite_beta_pbe_d3bj.csv
2355,0,-8.905480459524545,reference,DaRUS-4999/direct_upsampling_data_rungs_1-3/thermodynamic_properties/cristobalite_beta_pbe_d3bj.csv
2356,0,-8.90611915900932,reference,DaRUS-4999/direct_upsampling_data_rungs_1-3/thermodynamic_properties/cristobalite_beta_pbe_d3bj.csv
2357,0,-8.906757970054352,reference,DaRUS-4999/direct_upsampling_data_rungs_1-3/thermodynamic_properties/cristobalite_beta_pbe_d3bj.csv
2358,0,-8.907396892614379,reference,DaRUS-4999/direct_upsampling_data_rungs_1-3/thermodynamic_properties/cristobalite_beta_pbe_d3bj.csv
2359,0,-8.90803592664416,reference,DaRUS-4999/direct_upsampling_data_rungs_1-3/thermodynamic_properties/cristobalite_beta_pbe_d3bj.csv
2360,0,-8.908675072098498,reference,DaRUS-4999/direct_upsampling_data_rungs_1-3/thermodynamic_properties/cristobalite_beta_pbe_d3bj.csv
2361,0,-8.90931432893224,reference,DaRUS-4999/direct_upsampling_data_rungs_1-3/thermodynamic_properties/cristobalite_beta_pbe_d3bj.csv
2362,0,-8.909953697100253,reference,DaRUS-4999/direct_upsampling_data_rungs_1-3/thermodynamic_properties/cristobalite_beta_pbe_d3bj.csv
2363,0,-8.910593176557462,reference,DaRUS-4999/direct_upsampling_data_rungs_1-3/thermodynamic_properties/cristobalite_beta_pbe_d3bj.csv
2364,0,-8.911232767258815,reference,DaRUS-4999/direct_upsampling_data_rungs_1-3/thermodynamic_properties/cristobalite_beta_pbe_d3bj.csv
2365,0,-8.911872469159304,reference,DaRUS-4999/direct_upsampling_data_rungs_1-3/thermodynamic_properties/cristobalite_beta_pbe_d3bj.csv
2366,0,-8.912512282213955,reference,DaRUS-4999/direct_upsampling_data_rungs_1-3/thermodynamic_properties/cristobalite_beta_pbe_d3bj.csv
2367,0,-8.913152206377832,reference,DaRUS-4999/direct_upsampling_data_rungs_1-3/thermodynamic_properties/cristobalite_beta_pbe_d3bj.csv
2368,0,-8.913792241606037,reference,DaRUS-4999/direct_upsampling_data_rungs_1-3/thermodynamic_properties/cristobalite_beta_pbe_d3bj.csv
2369,0,-8.91443238785371,reference,DaRUS-4999/direct_upsampling_data_rungs_1-3/thermodynamic_properties/cristobalite_beta_pbe_d3bj.csv
2370,0,-8.91507264507602,reference,DaRUS-4999/direct_upsampling_data_rungs_1-3/thermodynamic_properties/cristobalite_beta_pbe_d3bj.csv
2371,0,-8.915713013228189,reference,DaRUS-4999/direct_upsampling_data_rungs_1-3/thermodynamic_properties/cristobalite_beta_pbe_d3bj.csv
2372,0,-8.916353492265456,reference,DaRUS-4999/direct_upsampling_data_rungs_1-3/thermodynamic_properties/cristobalite_beta_pbe_d3bj.csv
2373,0,-8.916994082143118,reference,DaRUS-4999/direct_upsampling_data_rungs_1-3/thermodynamic_properties/cristobalite_beta_pbe_d3bj.csv
2374,0,-8.917634782816485,reference,DaRUS-4999/direct_upsampling_data_rungs_1-3/thermodynamic_properties/cristobalite_beta_pbe_d3bj.csv
2375,0,-8.918275594240926,reference,DaRUS-4999/direct_upsampling_data_rungs_1-3/thermodynamic_properties/cristobalite_beta_pbe_d3bj.csv
2376,0,-8.918916516371837,reference,DaRUS-4999/direct_upsampling_data_rungs_1-3/thermodynamic_properties/cristobalite_beta_pbe_d3bj.csv
2377,0,-8.919557549164647,reference,DaRUS-4999/direct_upsampling_data_rungs_1-3/thermodynamic_properties/cristobalite_beta_pbe_d3bj.csv
2378,0,-8.920198692574829,reference,DaRUS-4999/direct_upsampling_data_rungs_1-3/thermodynamic_properties/cristobalite_beta_pbe_d3bj.csv
2379,0,-8.920839946557885,reference,DaRUS-4999/direct_upsampling_data_rungs_1-3/thermodynamic_properties/cristobalite_beta_pbe_d3bj.csv
2380,0,-8.921481311069366,reference,DaRUS-4999/direct_upsampling_data_rungs_1-3/thermodynamic_properties/cristobalite_beta_pbe_d3bj.csv
2381,0,-8.922122786064845,reference,DaRUS-4999/direct_upsampling_data_rungs_1-3/thermodynamic_properties/cristobalite_beta_pbe_d3bj.csv
2382,0,-8.922764371499936,reference,DaRUS-4999/direct_upsampling_data_rungs_1-3/thermodynamic_properties/cristobalite_beta_pbe_d3bj.csv
2383,0,-8.923406067330296,reference,DaRUS-4999/direct_upsampling_data_rungs_1-3/thermodynamic_properties/cristobalite_beta_pbe_d3bj.csv
2384,0,-8.924047873511613,reference,DaRUS-4999/direct_upsampling_data_rungs_1-3/thermodynamic_properties/cristobalite_beta_pbe_d3bj.csv
2385,0,-8.924689789999611,reference,DaRUS-4999/direct_upsampling_data_rungs_1-3/thermodynamic_properties/cristobalite_beta_pbe_d3bj.csv
2386,0,-8.925331816750051,reference,DaRUS-4999/direct_upsampling_data_rungs_1-3/thermodynamic_properties/cristobalite_beta_pbe_d3bj.csv
2387,0,-8.92597395371873,reference,DaRUS-4999/direct_upsampling_data_rungs_1-3/thermodynamic_properties/cristobalite_beta_pbe_d3bj.csv
2388,0,-8.926616200861487,reference,DaRUS-4999/direct_upsampling_data_rungs_1-3/thermodynamic_properties/cristobalite_beta_pbe_d3bj.csv
2389,0,-8.927258558134184,reference,DaRUS-4999/direct_upsampling_data_rungs_1-3/thermodynamic_properties/cristobalite_beta_pbe_d3bj.csv
2390,0,-8.927901025492735,reference,DaRUS-4999/direct_upsampling_data_rungs_1-3/thermodynamic_properties/cristobalite_beta_pbe_d3bj.csv
2391,0,-8.928543602893074,reference,DaRUS-4999/direct_upsampling_data_rungs_1-3/thermodynamic_properties/cristobalite_beta_pbe_d3bj.csv
2392,0,-8.929186290291184,reference,DaRUS-4999/direct_upsampling_data_rungs_1-3/thermodynamic_properties/cristobalite_beta_pbe_d3bj.csv
2393,0,-8.929829087643078,reference,DaRUS-4999/direct_upsampling_data_rungs_1-3/thermodynamic_properties/cristobalite_beta_pbe_d3bj.csv
2394,0,-8.930471994904806,reference,DaRUS-4999/direct_upsampling_data_rungs_1-3/thermodynamic_properties/cristobalite_beta_pbe_d3bj.csv
2395,0,-8.931115012032455,reference,DaRUS-4999/direct_upsampling_data_rungs_1-3/thermodynamic_properties/cristobalite_beta_pbe_d3bj.csv
2396,0,-8.931758138982147,reference,DaRUS-4999/direct_upsampling_data_rungs_1-3/thermodynamic_properties/cristobalite_beta_pbe_d3bj.csv
2397,0,-8.932401375710036,reference,DaRUS-4999/direct_upsampling_data_rungs_1-3/thermodynamic_properties/cristobalite_beta_pbe_d3bj.csv
2398,0,-8.933044722172319,reference,DaRUS-4999/direct_upsampling_data_rungs_1-3/thermodynamic_properties/cristobalite_beta_pbe_d3bj.csv
2399,0,-8.933688178325227,reference,DaRUS-4999/direct_upsampling_data_rungs_1-3/thermodynamic_properties/cristobalite_beta_pbe_d3bj.csv
2400,0,-8.93433174412502,reference,DaRUS-4999/direct_upsampling_data_rungs_1-3/thermodynamic_properties/cristobalite_beta_pbe_d3bj.csv
2401,0,-8.934975419528001,reference,DaRUS-4999/direct_upsampling_data_rungs_1-3/thermodynamic_properties/cristobalite_beta_pbe_d3bj.csv
2402,0,-8.935619204490505,reference,DaRUS-4999/direct_upsampling_data_rungs_1-3/thermodynamic_properties/cristobalite_beta_pbe_d3bj.csv
2403,0,-8.936263098968903,reference,DaRUS-4999/direct_upsampling_data_rungs_1-3/thermodynamic_properties/cristobalite_beta_pbe_d3bj.csv
2404,0,-8.936907102919607,reference,DaRUS-4999/direct_upsampling_data_rungs_1-3/thermodynamic_properties/cristobalite_beta_pbe_d3bj.csv
2405,0,-8.937551216299054,reference,DaRUS-4999/direct_upsampling_data_rungs_1-3/thermodynamic_properties/cristobalite_beta_pbe_d3bj.csv
2406,0,-8.938195439063723,reference,DaRUS-4999/direct_upsampling_data_rungs_1-3/thermodynamic_properties/cristobalite_beta_pbe_d3bj.csv
2407,0,-8.93883977117013,reference,DaRUS-4999/direct_upsampling_data_rungs_1-3/thermodynamic_properties/cristobalite_beta_pbe_d3bj.csv
2408,0,-8.939484212574824,reference,DaRUS-4999/direct_upsampling_data_rungs_1-3/thermodynamic_properties/cristobalite_beta_pbe_d3bj.csv
2409,0,-8.940128763234384,reference,DaRUS-4999/direct_upsampling_data_rungs_1-3/thermodynamic_properties/cristobalite_beta_pbe_d3bj.csv
2410,0,-8.940773423105433,reference,DaRUS-4999/direct_upsampling_data_rungs_1-3/thermodynamic_properties/cristobalite_beta_pbe_d3bj.csv
2411,0,-8.941418192144624,reference,DaRUS-4999/direct_upsampling_data_rungs_1-3/thermodynamic_properties/cristobalite_beta_pbe_d3bj.csv
2412,0,-8.942063070308654,reference,DaRUS-4999/direct_upsampling_data_rungs_1-3/thermodynamic_properties/cristobalite_beta_pbe_d3bj.csv
2413,0,-8.942708057554235,reference,DaRUS-4999/direct_upsampling_data_rungs_1-3/thermodynamic_properties/cristobalite_beta_pbe_d3bj.csv
2414,0,-8.943353153838139,reference,DaRUS-4999/direct_upsampling_data_rungs_1-3/thermodynamic_properties/cristobalite_beta_pbe_d3bj.csv
2415,0,-8.943998359117151,reference,DaRUS-4999/direct_upsampling_data_rungs_1-3/thermodynamic_properties/cristobalite_beta_pbe_d3bj.csv
2416,0,-8.944643673348109,reference,DaRUS-4999/direct_upsampling_data_rungs_1-3/thermodynamic_properties/cristobalite_beta_pbe_d3bj.csv
2417,0,-8.945289096487874,reference,DaRUS-4999/direct_upsampling_data_rungs_1-3/thermodynamic_properties/cristobalite_beta_pbe_d3bj.csv
2418,0,-8.945934628493349,reference,DaRUS-4999/direct_upsampling_data_rungs_1-3/thermodynamic_properties/cristobalite_beta_pbe_d3bj.csv
2419,0,-8.946580269321464,reference,DaRUS-4999/direct_upsampling_data_rungs_1-3/thermodynamic_properties/cristobalite_beta_pbe_d3bj.csv
2420,0,-8.947226018929191,reference,DaRUS-4999/direct_upsampling_data_rungs_1-3/thermodynamic_properties/cristobalite_beta_pbe_d3bj.csv
2421,0,-8.947871877273535,reference,DaRUS-4999/direct_upsampling_data_rungs_1-3/thermodynamic_properties/cristobalite_beta_pbe_d3bj.csv
2422,0,-8.948517844311535,reference,DaRUS-4999/direct_upsampling_data_rungs_1-3/thermodynamic_properties/cristobalite_beta_pbe_d3bj.csv
2423,0,-8.949163920000267,reference,DaRUS-4999/direct_upsampling_data_rungs_1-3/thermodynamic_properties/cristobalite_beta_pbe_d3bj.csv
2424,0,-8.949810104296832,reference,DaRUS-4999/direct_upsampling_data_rungs_1-3/thermodynamic_properties/cristobalite_beta_pbe_d3bj.csv
2425,0,-8.950456397158383,reference,DaRUS-4999/direct_upsampling_data_rungs_1-3/thermodynamic_properties/cristobalite_beta_pbe_d3bj.csv
2426,0,-8.951102798542092,reference,DaRUS-4999/direct_upsampling_data_rungs_1-3/thermodynamic_properties/cristobalite_beta_pbe_d3bj.csv
2427,0,-8.951749308405176,reference,DaRUS-4999/direct_upsampling_data_rungs_1-3/thermodynamic_properties/cristobalite_beta_pbe_d3bj.csv
2428,0,-8.952395926704874,reference,DaRUS-4999/direct_upsampling_data_rungs_1-3/thermodynamic_properties/cristobalite_beta_pbe_d3bj.csv
2429,0,-8.953042653398475,reference,DaRUS-4999/direct_upsampling_data_rungs_1-3/thermodynamic_properties/cristobalite_beta_pbe_d3bj.csv
2430,0,-8.95368948844329,reference,DaRUS-4999/direct_upsampling_data_rungs_1-3/thermodynamic_properties/cristobalite_beta_pbe_d3bj.csv
2431,0,-8.954336431796673,reference,DaRUS-4999/direct_upsampling_data_rungs_1-3/thermodynamic_properties/cristobalite_beta_pbe_d3bj.csv
2432,0,-8.954983483416004,reference,DaRUS-4999/direct_upsampling_data_rungs_1-3/thermodynamic_properties/cristobalite_beta_pbe_d3bj.csv
2433,0,-8.955630643258706,reference,DaRUS-4999/direct_upsampling_data_rungs_1-3/thermodynamic_properties/cristobalite_beta_pbe_d3bj.csv
2434,0,-8.95627791128223,reference,DaRUS-4999/direct_upsampling_data_rungs_1-3/thermodynamic_properties/cristobalite_beta_pbe_d3bj.csv
2435,0,-8.956925287444067,reference,DaRUS-4999/direct_upsampling_data_rungs_1-3/thermodynamic_properties/cristobalite_beta_pbe_d3bj.csv
2436,0,-8.957572771701729,reference,DaRUS-4999/direct_upsampling_data_rungs_1-3/thermodynamic_properties/cristobalite_beta_pbe_d3bj.csv
2437,0,-8.958220364012783,reference,DaRUS-4999/direct_upsampling_data_rungs_1-3/thermodynamic_properties/cristobalite_beta_pbe_d3bj.csv
2438,0,-8.958868064334814,reference,DaRUS-4999/direct_upsampling_data_rungs_1-3/thermodynamic_properties/cristobalite_beta_pbe_d3bj.csv
2439,0,-8.959515872625442,reference,DaRUS-4999/direct_upsampling_data_rungs_1-3/thermodynamic_properties/cristobalite_beta_pbe_d3bj.csv
2440,0,-8.960163788842333,reference,DaRUS-4999/direct_upsampling_data_rungs_1-3/thermodynamic_properties/cristobalite_beta_pbe_d3bj.csv
2441,0,-8.960811812943172,reference,DaRUS-4999/direct_upsampling_data_rungs_1-3/thermodynamic_properties/cristobalite_beta_pbe_d3bj.csv
2442,0,-8.961459944885686,reference,DaRUS-4999/direct_upsampling_data_rungs_1-3/thermodynamic_properties/cristobalite_beta_pbe_d3bj.csv
2443,0,-8.96210818462764,reference,DaRUS-4999/direct_upsampling_data_rungs_1-3/thermodynamic_properties/cristobalite_beta_pbe_d3bj.csv
2444,0,-8.96275653212682,reference,DaRUS-4999/direct_upsampling_data_rungs_1-3/thermodynamic_properties/cristobalite_beta_pbe_d3bj.csv
2445,0,-8.963404987341056,reference,DaRUS-4999/direct_upsampling_data_rungs_1-3/thermodynamic_properties/cristobalite_beta_pbe_d3bj.csv
2446,0,-8.964053550228215,reference,DaRUS-4999/direct_upsampling_data_rungs_1-3/thermodynamic_properties/cristobalite_beta_pbe_d3bj.csv
2447,0,-8.964702220746183,reference,DaRUS-4999/direct_upsampling_data_rungs_1-3/thermodynamic_properties/cristobalite_beta_pbe_d3bj.csv
2448,0,-8.965350998852891,reference,DaRUS-4999/direct_upsampling_data_rungs_1-3/thermodynamic_properties/cristobalite_beta_pbe_d3bj.csv
2449,0,-8.965999884506308,reference,DaRUS-4999/direct_upsampling_data_rungs_1-3/thermodynamic_properties/cristobalite_beta_pbe_d3bj.csv
2450,0,-8.966648877664424,reference,DaRUS-4999/direct_upsampling_data_rungs_1-3/thermodynamic_properties/cristobalite_beta_pbe_d3bj.csv
2451,0,-8.967297978285266,reference,DaRUS-4999/direct_upsampling_data_rungs_1-3/thermodynamic_properties/cristobalite_beta_pbe_d3bj.csv
2452,0,-8.967947186326903,reference,DaRUS-4999/direct_upsampling_data_rungs_1-3/thermodynamic_properties/cristobalite_beta_pbe_d3bj.csv
2453,0,-8.968596501747427,reference,DaRUS-4999/direct_upsampling_data_rungs_1-3/thermodynamic_properties/cristobalite_beta_pbe_d3bj.csv
2454,0,-8.969245924504973,reference,DaRUS-4999/direct_upsampling_data_rungs_1-3/thermodynamic_properties/cristobalite_beta_pbe_d3bj.csv
2455,0,-8.969895454557701,reference,DaRUS-4999/direct_upsampling_data_rungs_1-3/thermodynamic_properties/cristobalite_beta_pbe_d3bj.csv
2456,0,-8.970545091863807,reference,DaRUS-4999/direct_upsampling_data_rungs_1-3/thermodynamic_properties/cristobalite_beta_pbe_d3bj.csv
2457,0,-8.971194836381525,reference,DaRUS-4999/direct_upsampling_data_rungs_1-3/thermodynamic_properties/cristobalite_beta_pbe_d3bj.csv
2458,0,-8.971844688069115,reference,DaRUS-4999/direct_upsampling_data_rungs_1-3/thermodynamic_properties/cristobalite_beta_pbe_d3bj.csv
2459,0,-8.972494646884876,reference,DaRUS-4999/direct_upsampling_data_rungs_1-3/thermodynamic_properties/cristobalite_beta_pbe_d3bj.csv
2460,0,-8.973144712787136,reference,DaRUS-4999/direct_upsampling_data_rungs_1-3/thermodynamic_properties/cristobalite_beta_pbe_d3bj.csv
2461,0,-8.973794885734257,reference,DaRUS-4999/direct_upsampling_data_rungs_1-3/thermodynamic_properties/cristobalite_beta_pbe_d3bj.csv
2462,0,-8.97444516568464,reference,DaRUS-4999/direct_upsampling_data_rungs_1-3/thermodynamic_properties/cristobalite_beta_pbe_d3bj.csv
2463,0,-8.975095552596715,reference,DaRUS-4999/direct_upsampling_data_rungs_1-3/thermodynamic_properties/cristobalite_beta_pbe_d3bj.csv
2464,0,-8.97574604642894,reference,DaRUS-4999/direct_upsampling_data_rungs_1-3/thermodynamic_properties/cristobalite_beta_pbe_d3bj.csv
2465,0,-8.97639664713981,reference,DaRUS-4999/direct_upsampling_data_rungs_1-3/thermodynamic_properties/cristobalite_beta_pbe_d3bj.csv
2466,0,-8.977047354687858,reference,DaRUS-4999/direct_upsampling_data_rungs_1-3/thermodynamic_properties/cristobalite_beta_pbe_d3bj.csv
2467,0,-8.977698169031642,reference,DaRUS-4999/direct_upsampling_data_rungs_1-3/thermodynamic_properties/cristobalite_beta_pbe_d3bj.csv
2468,0,-8.978349090129763,reference,DaRUS-4999/direct_upsampling_data_rungs_1-3/thermodynamic_properties/cristobalite_beta_pbe_d3bj.csv
2469,0,-8.97900011794084,reference,DaRUS-4999/direct_upsampling_data_rungs_1-3/thermodynamic_properties/cristobalite_beta_pbe_d3bj.csv
2470,0,-8.979651252423539,reference,DaRUS-4999/direct_upsampling_data_rungs_1-3/thermodynamic_properties/cristobalite_beta_pbe_d3bj.csv
2471,0,-8.98030249353655,reference,DaRUS-4999/direct_upsampling_data_rungs_1-3/thermodynamic_properties/cristobalite_beta_pbe_d3bj.csv
2472,0,-8.980953841238598,reference,DaRUS-4999/direct_upsampling_data_rungs_1-3/thermodynamic_properties/cristobalite_beta_pbe_d3bj.csv
2473,0,-8.981605295488446,reference,DaRUS-4999/direct_upsampling_data_rungs_1-3/thermodynamic_properties/cristobalite_beta_pbe_d3bj.csv
2474,0,-8.982256856244883,reference,DaRUS-4999/direct_upsampling_data_rungs_1-3/thermodynamic_properties/cristobalite_beta_pbe_d3bj.csv
2475,0,-8.982908523466731,reference,DaRUS-4999/direct_upsampling_data_rungs_1-3/thermodynamic_properties/cristobalite_beta_pbe_d3bj.csv
2476,0,-8.983560297112847,reference,DaRUS-4999/direct_upsampling_data_rungs_1-3/thermodynamic_properties/cristobalite_beta_pbe_d3bj.csv
2477,0,-8.984212177142123,reference,DaRUS-4999/direct_upsampling_data_rungs_1-3/thermodynamic_properties/cristobalite_beta_pbe_d3bj.csv
2478,0,-8.984864163513478,reference,DaRUS-4999/direct_upsampling_data_rungs_1-3/thermodynamic_properties/cristobalite_beta_pbe_d3bj.csv
2479,0,-8.985516256185869,reference,DaRUS-4999/direct_upsampling_data_rungs_1-3/thermodynamic_properties/cristobalite_beta_pbe_d3bj.csv
2480,0,-8.98616845511828,reference,DaRUS-4999/direct_upsampling_data_rungs_1-3/thermodynamic_properties/cristobalite_beta_pbe_d3bj.csv
2481,0,-8.986820760269731,reference,DaRUS-4999/direct_upsampling_data_rungs_1-3/thermodynamic_properties/cristobalite_beta_pbe_d3bj.csv
2482,0,-8.987473171599271,reference,DaRUS-4999/direct_upsampling_data_rungs_1-3/thermodynamic_properties/cristobalite_beta_pbe_d3bj.csv
2483,0,-8.98812568906599,reference,DaRUS-4999/direct_upsampling_data_rungs_1-3/thermodynamic_properties/cristobalite_beta_pbe_d3bj.csv
2484,0,-8.988778312629,reference,DaRUS-4999/direct_upsampling_data_rungs_1-3/thermodynamic_properties/cristobalite_beta_pbe_d3bj.csv
2485,0,-8.989431042247446,reference,DaRUS-4999/direct_upsampling_data_rungs_1-3/thermodynamic_properties/cristobalite_beta_pbe_d3bj.csv
2486,0,-8.990083877880517,reference,DaRUS-4999/direct_upsampling_data_rungs_1-3/thermodynamic_properties/cristobalite_beta_pbe_d3bj.csv
2487,0,-8.99073681948742,reference,DaRUS-4999/direct_upsampling_data_rungs_1-3/thermodynamic_properties/cristobalite_beta_pbe_d3bj.csv
2488,0,-8.991389867027401,reference,DaRUS-4999/direct_upsampling_data_rungs_1-3/thermodynamic_properties/cristobalite_beta_pbe_d3bj.csv
2489,0,-8.992043020459738,reference,DaRUS-4999/direct_upsampling_data_rungs_1-3/thermodynamic_properties/cristobalite_beta_pbe_d3bj.csv
2490,0,-8.992696279743742,reference,DaRUS-4999/direct_upsampling_data_rungs_1-3/thermodynamic_properties/cristobalite_beta_pbe_d3bj.csv
2491,0,-8.993349644838748,reference,DaRUS-4999/direct_upsampling_data_rungs_1-3/thermodynamic_properties/cristobalite_beta_pbe_d3bj.csv
2492,0,-8.994003115704135,reference,DaRUS-4999/direct_upsampling_data_rungs_1-3/thermodynamic_properties/cristobalite_beta_pbe_d3bj.csv
2493,0,-8.994656692299307,reference,DaRUS-4999/direct_upsampling_data_rungs_1-3/thermodynamic_properties/cristobalite_beta_pbe_d3bj.csv
2494,0,-8.995310374583701,reference,DaRUS-4999/direct_upsampling_data_rungs_1-3/thermodynamic_properties/cristobalite_beta_pbe_d3bj.csv
2495,0,-8.995964162516788,reference,DaRUS-4999/direct_upsampling_data_rungs_1-3/thermodynamic_properties/cristobalite_beta_pbe_d3bj.csv
2496,0,-8.996618056058066,reference,DaRUS-4999/direct_upsampling_data_rungs_1-3/thermodynamic_properties/cristobalite_beta_pbe_d3bj.csv
2497,0,-8.997272055167072,reference,DaRUS-4999/direct_upsampling_data_rungs_1-3/thermodynamic_properties/cristobalite_beta_pbe_d3bj.csv
2498,0,-8.997926159803361,reference,DaRUS-4999/direct_upsampling_data_rungs_1-3/thermodynamic_properties/cristobalite_beta_pbe_d3bj.csv
2499,0,-8.99858036992654,reference,DaRUS-4999/direct_upsampling_data_rungs_1-3/thermodynamic_properties/cristobalite_beta_pbe_d3bj.csv
