T_K,F_QH_eV_per_atom,E_static_eV_per_atom,volume_scale,min_frequency_THz,checkpoint_sha256,head
610,-7.356066760186541,-7.147778570652008,1.02,0.321320817117,86dd3a804d78ca5d203ebf98747e8f16dff9713ba8950097ceb760b161e19907,Domains_Alloy
611,-7.356668856835936,-7.147778570652008,1.02,0.321320817117,86dd3a804d78ca5d203ebf98747e8f16dff9713ba8950097ceb760b161e19907,Domains_Alloy
612,-7.357271373491936,-7.147778570652008,1.02,0.321320817117,86dd3a804d78ca5d203ebf98747e8f16dff9713ba8950097ceb760b161e19907,Domains_Alloy
613,-7.357874309478315,-7.147778570652008,1.02,0.321320817117,86dd3a804d78ca5d203ebf98747e8f16dff9713ba8950097ceb760b161e19907,Domains_Alloy
614,-7.358477664121002,-7.147778570652008,1.02,0.321320817117,86dd3a804d78ca5d203ebf98747e8f16dff9713ba8950097ceb760b161e19907,Domains_Alloy
615,-7.359081436748077,-7.147778570652008,1.02,0.321320817117,86dd3a804d78ca5d203ebf98747e8f16dff9713ba8950097ceb760b161e19907,Domains_Alloy
616,-7.359685626689753,-7.147778570652008,1.02,0.321320817117,86dd3a804d78ca5d203ebf98747e8f16dff9713ba8950097ceb760b161e19907,Domains_Alloy
617,-7.360290233278374,-7.147778570652008,1.02,0.321320817117,86dd3a804d78ca5d203ebf98747e8f16dff9713ba8950097ceb760b161e19907,Domains_Alloy
618,-7.360895255848398,-7.147778570652008,1.02,0.321320817117,86dd3a804d78ca5d203ebf98747e8f16dff9713ba8950097ceb760b161e19907,Domains_Alloy
619,-7.36150069373639,-7.147778570652008,1.02,0.321320817117,86dd3a804d78ca5d203ebf98747e8f16dff9713ba8950097ceb760b161e19907,Domains_Alloy
620,-7.362106546281017,-7.147778570652008,1.02,0.321320817117,86dd3a804d78ca5d203ebf98747e8f16dff9713ba8950097ceb760b161e19907,Domains_Alloy
621,-7.362712812823027,-7.147778570652008,1.02,0.321320817117,86dd3a804d78ca5d203ebf98747e8f16dff9713ba8950097ceb760b161e19907,Domains_Alloy
622,-7.363319492705248,-7.147778570652008,1.02,0.321320817117,86dd3a804d78ca5d203ebf98747e8f16dff9713ba8950097ceb760b161e19907,Domains_Alloy
623,-7.363926585272576,-7.147778570652008,1.02,0.321320817117,86dd3a804d78ca5d203ebf98747e8f16dff9713ba8950097ceb760b161e19907,Domains_Alloy
624,-7.364534089871967,-7.147778570652008,1.02,0.321320817117,86dd3a804d78ca5d203ebf98747e8f16dff9713ba8950097ceb760b161e19907,Domains_Alloy
625,-7.365142005852421,-7.147778570652008,1.02,0.321320817117,86dd3a804d78ca5d203ebf98747e8f16dff9713ba8950097ceb760b161e19907,Domains_Alloy
626,-7.365750332564981,-7.147778570652008,1.02,0.321320817117,86dd3a804d78ca5d203ebf98747e8f16dff9713ba8950097ceb760b161e19907,Domains_Alloy
627,-7.366359069362717,-7.147778570652008,1.02,0.321320817117,86dd3a804d78ca5d203ebf98747e8f16dff9713ba8950097ceb760b161e19907,Domains_Alloy
628,-7.366968215600722,-7.147778570652008,1.02,0.321320817117,86dd3a804d78ca5d203ebf98747e8f16dff9713ba8950097ceb760b161e19907,Domains_Alloy
629,-7.367577770636095,-7.147778570652008,1.02,0.321320817117,86dd3a804d78ca5d203ebf98747e8f16dff9713ba8950097ceb760b161e19907,Domains_Alloy
630,-7.36818773382794,-7.147778570652008,1.02,0.321320817117,86dd3a804d78ca5d203ebf98747e8f16dff9713ba8950097ceb760b161e19907,Domains_Alloy
631,-7.368798104537353,-7.147778570652008,1.02,0.321320817117,86dd3a804d78ca5d203ebf98747e8f16dff9713ba8950097ceb760b161e19907,Domains_Alloy
632,-7.36940888212741,-7.147778570652008,1.02,0.321320817117,86dd3a804d78ca5d203ebf98747e8f16dff9713ba8950097ceb760b161e19907,Domains_Alloy
633,-7.370020065963164,-7.147778570652008,1.02,0.321320817117,86dd3a804d78ca5d203ebf98747e8f16dff9713ba8950097ceb760b161e19907,Domains_Alloy
634,-7.37063165541163,-7.147778570652008,1.02,0.321320817117,86dd3a804d78ca5d203ebf98747e8f16dff9713ba8950097ceb760b161e19907,Domains_Alloy
635,-7.371243649841781,-7.147778570652008,1.02,0.321320817117,86dd3a804d78ca5d203ebf98747e8f16dff9713ba8950097ceb760b161e19907,Domains_Alloy
636,-7.371856048624535,-7.147778570652008,1.02,0.321320817117,86dd3a804d78ca5d203ebf98747e8f16dff9713ba8950097ceb760b161e19907,Domains_Alloy
637,-7.372468851132747,-7.147778570652008,1.02,0.321320817117,86dd3a804d78ca5d203ebf98747e8f16dff9713ba8950097ceb760b161e19907,Domains_Alloy
638,-7.373082056741202,-7.147778570652008,1.02,0.321320817117,86dd3a804d78ca5d203ebf98747e8f16dff9713ba8950097ceb760b161e19907,Domains_Alloy
639,-7.373695664826606,-7.147778570652008,1.02,0.321320817117,86dd3a804d78ca5d203ebf98747e8f16dff9713ba8950097ceb760b161e19907,Domains_Alloy
640,-7.374309674767574,-7.147778570652008,1.02,0.321320817117,86dd3a804d78ca5d203ebf98747e8f16dff9713ba8950097ceb760b161e19907,Domains_Alloy
641,-7.374924085944626,-7.147778570652008,1.02,0.321320817117,86dd3a804d78ca5d203ebf98747e8f16dff9713ba8950097ceb760b161e19907,Domains_Alloy
642,-7.375538897740172,-7.147778570652008,1.02,0.321320817117,86dd3a804d78ca5d203ebf98747e8f16dff9713ba8950097ceb760b161e19907,Domains_Alloy
643,-7.376154109538511,-7.147778570652008,1.02,0.321320817117,86dd3a804d78ca5d203ebf98747e8f16dff9713ba8950097ceb760b161e19907,Domains_Alloy
644,-7.376769720725817,-7.147778570652008,1.02,0.321320817117,86dd3a804d78ca5d203ebf98747e8f16dff9713ba8950097ceb760b161e19907,Domains_Alloy
645,-7.377385730690132,-7.147778570652008,1.02,0.321320817117,86dd3a804d78ca5d203ebf98747e8f16dff9713ba8950097ceb760b161e19907,Domains_Alloy
646,-7.378002138821358,-7.147778570652008,1.02,0.321320817117,86dd3a804d78ca5d203ebf98747e8f16dff9713ba8950097ceb760b161e19907,Domains_Alloy
647,-7.37861894451125,-7.147778570652008,1.02,0.321320817117,86dd3a804d78ca5d203ebf98747e8f16dff9713ba8950097ceb760b161e19907,Domains_Alloy
648,-7.379236147153403,-7.147778570652008,1.02,0.321320817117,86dd3a804d78ca5d203ebf98747e8f16dff9713ba8950097ceb760b161e19907,Domains_Alloy
649,-7.379853746143248,-7.147778570652008,1.02,0.321320817117,86dd3a804d78ca5d203ebf98747e8f16dff9713ba8950097ceb760b161e19907,Domains_Alloy
650,-7.380471740878042,-7.147778570652008,1.02,0.321320817117,86dd3a804d78ca5d203ebf98747e8f16dff9713ba8950097ceb760b161e19907,Domains_Alloy
651,-7.381090130756862,-7.147778570652008,1.02,0.321320817117,86dd3a804d78ca5d203ebf98747e8f16dff9713ba8950097ceb760b161e19907,Domains_Alloy
652,-7.381708915180591,-7.147778570652008,1.02,0.321320817117,86dd3a804d78ca5d203ebf98747e8f16dff9713ba8950097ceb760b161e19907,Domains_Alloy
653,-7.38232809355192,-7.147778570652008,1.02,0.321320817117,86dd3a804d78ca5d203ebf98747e8f16dff9713ba8950097ceb760b161e19907,Domains_Alloy
654,-7.382947665275328,-7.147778570652008,1.02,0.321320817117,86dd3a804d78ca5d203ebf98747e8f16dff9713ba8950097ceb760b161e19907,Domains_Alloy
655,-7.383567629757082,-7.147778570652008,1.02,0.321320817117,86dd3a804d78ca5d203ebf98747e8f16dff9713ba8950097ceb760b161e19907,Domains_Alloy
656,-7.384187986405228,-7.147778570652008,1.02,0.321320817117,86dd3a804d78ca5d203ebf98747e8f16dff9713ba8950097ceb760b161e19907,Domains_Alloy
657,-7.384808734629582,-7.147778570652008,1.02,0.321320817117,86dd3a804d78ca5d203ebf98747e8f16dff9713ba8950097ceb760b161e19907,Domains_Alloy
658,-7.385429873841718,-7.147778570652008,1.02,0.321320817117,86dd3a804d78ca5d203ebf98747e8f16dff9713ba8950097ceb760b161e19907,Domains_Alloy
659,-7.38605140345497,-7.147778570652008,1.02,0.321320817117,86dd3a804d78ca5d203ebf98747e8f16dff9713ba8950097ceb760b161e19907,Domains_Alloy
660,-7.386673322884415,-7.147778570652008,1.02,0.321320817117,86dd3a804d78ca5d203ebf98747e8f16dff9713ba8950097ceb760b161e19907,Domains_Alloy
661,-7.38729563154687,-7.147778570652008,1.02,0.321320817117,86dd3a804d78ca5d203ebf98747e8f16dff9713ba8950097ceb760b161e19907,Domains_Alloy
662,-7.387918328860882,-7.147778570652008,1.02,0.321320817117,86dd3a804d78ca5d203ebf98747e8f16dff9713ba8950097ceb760b161e19907,Domains_Alloy
663,-7.388541414246722,-7.147778570652008,1.02,0.321320817117,86dd3a804d78ca5d203ebf98747e8f16dff9713ba8950097ceb760b161e19907,Domains_Alloy
664,-7.389164887126377,-7.147778570652008,1.02,0.321320817117,86dd3a804d78ca5d203ebf98747e8f16dff9713ba8950097ceb760b161e19907,Domains_Alloy
665,-7.389788746923543,-7.147778570652008,1.02,0.321320817117,86dd3a804d78ca5d203ebf98747e8f16dff9713ba8950097ceb760b161e19907,Domains_Alloy
666,-7.390412993063614,-7.147778570652008,1.02,0.321320817117,86dd3a804d78ca5d203ebf98747e8f16dff9713ba8950097ceb760b161e19907,Domains_Alloy
667,-7.391037624973681,-7.147778570652008,1.02,0.321320817117,86dd3a804d78ca5d203ebf98747e8f16dff9713ba8950097ceb760b161e19907,Domains_Alloy
668,-7.391662642082517,-7.147778570652008,1.02,0.321320817117,86dd3a804d78ca5d203ebf98747e8f16dff9713ba8950097ceb760b161e19907,Domains_Alloy
669,-7.392288043820577,-7.147778570652008,1.02,0.321320817117,86dd3a804d78ca5d203ebf98747e8f16dff9713ba8950097ceb760b161e19907,Domains_Alloy
670,-7.392913829619985,-7.147778570652008,1.02,0.321320817117,86dd3a804d78ca5d203ebf98747e8f16dff9713ba8950097ceb760b161e19907,Domains_Alloy
671,-7.393539998914529,-7.147778570652008,1.02,0.321320817117,86dd3a804d78ca5d203ebf98747e8f16dff9713ba8950097ceb760b161e19907,Domains_Alloy
672,-7.394166551139655,-7.147778570652008,1.02,0.321320817117,86dd3a804d78ca5d203ebf98747e8f16dff9713ba8950097ceb760b161e19907,Domains_Alloy
673,-7.394793485732457,-7.147778570652008,1.02,0.321320817117,86dd3a804d78ca5d203ebf98747e8f16dff9713ba8950097ceb760b161e19907,Domains_Alloy
674,-7.395420802131671,-7.147778570652008,1.02,0.321320817117,86dd3a804d78ca5d203ebf98747e8f16dff9713ba8950097ceb760b161e19907,Domains_Alloy
675,-7.396048499777669,-7.147778570652008,1.02,0.321320817117,86dd3a804d78ca5d203ebf98747e8f16dff9713ba8950097ceb760b161e19907,Domains_Alloy
676,-7.396676578112449,-7.147778570652008,1.02,0.321320817117,86dd3a804d78ca5d203ebf98747e8f16dff9713ba8950097ceb760b161e19907,Domains_Alloy
677,-7.397305036579634,-7.147778570652008,1.02,0.321320817117,86dd3a804d78ca5d203ebf98747e8f16dff9713ba8950097ceb760b161e19907,Domains_Alloy
678,-7.397933874624457,-7.147778570652008,1.02,0.321320817117,86dd3a804d78ca5d203ebf98747e8f16dff9713ba8950097ceb760b161e19907,Domains_Alloy
679,-7.398563091693759,-7.147778570652008,1.02,0.321320817117,86dd3a804d78ca5d203ebf98747e8f16dff9713ba8950097ceb760b161e19907,Domains_Alloy
680,-7.399192687235983,-7.147778570652008,1.02,0.321320817117,86dd3a804d78ca5d203ebf98747e8f16dff9713ba8950097ceb760b161e19907,Domains_Alloy
681,-7.399822660701162,-7.147778570652008,1.02,0.321320817117,86dd3a804d78ca5d203ebf98747e8f16dff9713ba8950097ceb760b161e19907,Domains_Alloy
682,-7.400453011540918,-7.147778570652008,1.02,0.321320817117,86dd3a804d78ca5d203ebf98747e8f16dff9713ba8950097ceb760b161e19907,Domains_Alloy
683,-7.40108373920845,-7.147778570652008,1.02,0.321320817117,86dd3a804d78ca5d203ebf98747e8f16dff9713ba8950097ceb760b161e19907,Domains_Alloy
684,-7.401714843158532,-7.147778570652008,1.02,0.321320817117,86dd3a804d78ca5d203ebf98747e8f16dff9713ba8950097ceb760b161e19907,Domains_Alloy
685,-7.402346322847503,-7.147778570652008,1.02,0.321320817117,86dd3a804d78ca5d203ebf98747e8f16dff9713ba8950097ceb760b161e19907,Domains_Alloy
686,-7.40297817773326,-7.147778570652008,1.02,0.321320817117,86dd3a804d78ca5d203ebf98747e8f16dff9713ba8950097ceb760b161e19907,Domains_Alloy
687,-7.403610407275255,-7.147778570652008,1.02,0.321320817117,86dd3a804d78ca5d203ebf98747e8f16dff9713ba8950097ceb760b161e19907,Domains_Alloy
688,-7.404243010934485,-7.147778570652008,1.02,0.321320817117,86dd3a804d78ca5d203ebf98747e8f16dff9713ba8950097ceb760b161e19907,Domains_Alloy
689,-7.404875988173486,-7.147778570652008,1.02,0.321320817117,86dd3a804d78ca5d203ebf98747e8f16dff9713ba8950097ceb760b161e19907,Domains_Alloy
690,-7.405509338456326,-7.147778570652008,1.02,0.321320817117,86dd3a804d78ca5d203ebf98747e8f16dff9713ba8950097ceb760b161e19907,Domains_Alloy
691,-7.406143061248604,-7.147778570652008,1.02,0.321320817117,86dd3a804d78ca5d203ebf98747e8f16dff9713ba8950097ceb760b161e19907,Domains_Alloy
692,-7.406777156017431,-7.147778570652008,1.02,0.321320817117,86dd3a804d78ca5d203ebf98747e8f16dff9713ba8950097ceb760b161e19907,Domains_Alloy
693,-7.407411622231439,-7.147778570652008,1.02,0.321320817117,86dd3a804d78ca5d203ebf98747e8f16dff9713ba8950097ceb760b161e19907,Domains_Alloy
694,-7.408046459360762,-7.147778570652008,1.02,0.321320817117,86dd3a804d78ca5d203ebf98747e8f16dff9713ba8950097ceb760b161e19907,Domains_Alloy
695,-7.408681666877039,-7.147778570652008,1.02,0.321320817117,86dd3a804d78ca5d203ebf98747e8f16dff9713ba8950097ceb760b161e19907,Domains_Alloy
696,-7.409317244253399,-7.147778570652008,1.02,0.321320817117,86dd3a804d78ca5d203ebf98747e8f16dff9713ba8950097ceb760b161e19907,Domains_Alloy
697,-7.409953190964462,-7.147778570652008,1.02,0.321320817117,86dd3a804d78ca5d203ebf98747e8f16dff9713ba8950097ceb760b161e19907,Domains_Alloy
698,-7.410589506486328,-7.147778570652008,1.02,0.321320817117,86dd3a804d78ca5d203ebf98747e8f16dff9713ba8950097ceb760b161e19907,Domains_Alloy
699,-7.411226190296574,-7.147778570652008,1.02,0.321320817117,86dd3a804d78ca5d203ebf98747e8f16dff9713ba8950097ceb760b161e19907,Domains_Alloy
700,-7.411863241874247,-7.147778570652008,1.02,0.321320817117,86dd3a804d78ca5d203ebf98747e8f16dff9713ba8950097ceb760b161e19907,Domains_Alloy
701,-7.412500660699855,-7.147778570652008,1.02,0.321320817117,86dd3a804d78ca5d203ebf98747e8f16dff9713ba8950097ceb760b161e19907,Domains_Alloy
702,-7.413138446255364,-7.147778570652008,1.02,0.321320817117,86dd3a804d78ca5d203ebf98747e8f16dff9713ba8950097ceb760b161e19907,Domains_Alloy
703,-7.413776598024193,-7.147778570652008,1.02,0.321320817117,86dd3a804d78ca5d203ebf98747e8f16dff9713ba8950097ceb760b161e19907,Domains_Alloy
704,-7.414415115491202,-7.147778570652008,1.02,0.321320817117,86dd3a804d78ca5d203ebf98747e8f16dff9713ba8950097ceb760b161e19907,Domains_Alloy
705,-7.415053998142695,-7.147778570652008,1.02,0.321320817117,86dd3a804d78ca5d203ebf98747e8f16dff9713ba8950097ceb760b161e19907,Domains_Alloy
706,-7.415693245466405,-7.147778570652008,1.02,0.321320817117,86dd3a804d78ca5d203ebf98747e8f16dff9713ba8950097ceb760b161e19907,Domains_Alloy
707,-7.416332856951492,-7.147778570652008,1.02,0.321320817117,86dd3a804d78ca5d203ebf98747e8f16dff9713ba8950097ceb760b161e19907,Domains_Alloy
708,-7.416972832088541,-7.147778570652008,1.02,0.321320817117,86dd3a804d78ca5d203ebf98747e8f16dff9713ba8950097ceb760b161e19907,Domains_Alloy
709,-7.417613170369547,-7.147778570652008,1.02,0.321320817117,86dd3a804d78ca5d203ebf98747e8f16dff9713ba8950097ceb760b161e19907,Domains_Alloy
710,-7.41825387128792,-7.147778570652008,1.02,0.321320817117,86dd3a804d78ca5d203ebf98747e8f16dff9713ba8950097ceb760b161e19907,Domains_Alloy
711,-7.418894934338468,-7.147778570652008,1.02,0.321320817117,86dd3a804d78ca5d203ebf98747e8f16dff9713ba8950097ceb760b161e19907,Domains_Alloy
712,-7.419536359017402,-7.147778570652008,1.02,0.321320817117,86dd3a804d78ca5d203ebf98747e8f16dff9713ba8950097ceb760b161e19907,Domains_Alloy
713,-7.42017814482232,-7.147778570652008,1.02,0.321320817117,86dd3a804d78ca5d203ebf98747e8f16dff9713ba8950097ceb760b161e19907,Domains_Alloy
714,-7.42082029125221,-7.147778570652008,1.02,0.321320817117,86dd3a804d78ca5d203ebf98747e8f16dff9713ba8950097ceb760b161e19907,Domains_Alloy
715,-7.42146279780744,-7.147778570652008,1.02,0.321320817117,86dd3a804d78ca5d203ebf98747e8f16dff9713ba8950097ceb760b161e19907,Domains_Alloy
716,-7.42210566398975,-7.147778570652008,1.02,0.321320817117,86dd3a804d78ca5d203ebf98747e8f16dff9713ba8950097ceb760b161e19907,Domains_Alloy
717,-7.422748889302252,-7.147778570652008,1.02,0.321320817117,86dd3a804d78ca5d203ebf98747e8f16dff9713ba8950097ceb760b161e19907,Domains_Alloy
718,-7.423392473249423,-7.147778570652008,1.02,0.321320817117,86dd3a804d78ca5d203ebf98747e8f16dff9713ba8950097ceb760b161e19907,Domains_Alloy
719,-7.424036415337094,-7.147778570652008,1.02,0.321320817117,86dd3a804d78ca5d203ebf98747e8f16dff9713ba8950097ceb760b161e19907,Domains_Alloy
720,-7.424680715072451,-7.147778570652008,1.02,0.321320817117,86dd3a804d78ca5d203ebf98747e8f16dff9713ba8950097ceb760b161e19907,Domains_Alloy
721,-7.425325371964028,-7.147778570652008,1.02,0.321320817117,86dd3a804d78ca5d203ebf98747e8f16dff9713ba8950097ceb760b161e19907,Domains_Alloy
722,-7.425970385521699,-7.147778570652008,1.02,0.321320817117,86dd3a804d78ca5d203ebf98747e8f16dff9713ba8950097ceb760b161e19907,Domains_Alloy
723,-7.426615755256674,-7.147778570652008,1.02,0.321320817117,86dd3a804d78ca5d203ebf98747e8f16dff9713ba8950097ceb760b161e19907,Domains_Alloy
724,-7.427261480681494,-7.147778570652008,1.02,0.321320817117,86dd3a804d78ca5d203ebf98747e8f16dff9713ba8950097ceb760b161e19907,Domains_Alloy
725,-7.427907561310025,-7.147778570652008,1.02,0.321320817117,86dd3a804d78ca5d203ebf98747e8f16dff9713ba8950097ceb760b161e19907,Domains_Alloy
726,-7.428553996657455,-7.147778570652008,1.02,0.321320817117,86dd3a804d78ca5d203ebf98747e8f16dff9713ba8950097ceb760b161e19907,Domains_Alloy
727,-7.429200786240283,-7.147778570652008,1.02,0.321320817117,86dd3a804d78ca5d203ebf98747e8f16dff9713ba8950097ceb760b161e19907,Domains_Alloy
728,-7.42984792957632,-7.147778570652008,1.02,0.321320817117,86dd3a804d78ca5d203ebf98747e8f16dff9713ba8950097ceb760b161e19907,Domains_Alloy
729,-7.430495426184681,-7.147778570652008,1.02,0.321320817117,86dd3a804d78ca5d203ebf98747e8f16dff9713ba8950097ceb760b161e19907,Domains_Alloy
730,-7.431143275585777,-7.147778570652008,1.02,0.321320817117,86dd3a804d78ca5d203ebf98747e8f16dff9713ba8950097ceb760b161e19907,Domains_Alloy
731,-7.431791477301315,-7.147778570652008,1.02,0.321320817117,86dd3a804d78ca5d203ebf98747e8f16dff9713ba8950097ceb760b161e19907,Domains_Alloy
732,-7.43244003085429,-7.147778570652008,1.02,0.321320817117,86dd3a804d78ca5d203ebf98747e8f16dff9713ba8950097ceb760b161e19907,Domains_Alloy
733,-7.433088935768978,-7.147778570652008,1.02,0.321320817117,86dd3a804d78ca5d203ebf98747e8f16dff9713ba8950097ceb760b161e19907,Domains_Alloy
734,-7.433738191570939,-7.147778570652008,1.02,0.321320817117,86dd3a804d78ca5d203ebf98747e8f16dff9713ba8950097ceb760b161e19907,Domains_Alloy
735,-7.434387797786997,-7.147778570652008,1.02,0.321320817117,86dd3a804d78ca5d203ebf98747e8f16dff9713ba8950097ceb760b161e19907,Domains_Alloy
736,-7.43503775394525,-7.147778570652008,1.02,0.321320817117,86dd3a804d78ca5d203ebf98747e8f16dff9713ba8950097ceb760b161e19907,Domains_Alloy
737,-7.435688059575058,-7.147778570652008,1.02,0.321320817117,86dd3a804d78ca5d203ebf98747e8f16dff9713ba8950097ceb760b161e19907,Domains_Alloy
738,-7.436338714207036,-7.147778570652008,1.02,0.321320817117,86dd3a804d78ca5d203ebf98747e8f16dff9713ba8950097ceb760b161e19907,Domains_Alloy
739,-7.436989717373056,-7.147778570652008,1.02,0.321320817117,86dd3a804d78ca5d203ebf98747e8f16dff9713ba8950097ceb760b161e19907,Domains_Alloy
740,-7.437641068606233,-7.147778570652008,1.02,0.321320817117,86dd3a804d78ca5d203ebf98747e8f16dff9713ba8950097ceb760b161e19907,Domains_Alloy
741,-7.438292767440927,-7.147778570652008,1.02,0.321320817117,86dd3a804d78ca5d203ebf98747e8f16dff9713ba8950097ceb760b161e19907,Domains_Alloy
742,-7.438944813412737,-7.147778570652008,1.02,0.321320817117,86dd3a804d78ca5d203ebf98747e8f16dff9713ba8950097ceb760b161e19907,Domains_Alloy
743,-7.439597206058495,-7.147778570652008,1.02,0.321320817117,86dd3a804d78ca5d203ebf98747e8f16dff9713ba8950097ceb760b161e19907,Domains_Alloy
744,-7.440249944916255,-7.147778570652008,1.02,0.321320817117,86dd3a804d78ca5d203ebf98747e8f16dff9713ba8950097ceb760b161e19907,Domains_Alloy
745,-7.440903029525304,-7.147778570652008,1.02,0.321320817117,86dd3a804d78ca5d203ebf98747e8f16dff9713ba8950097ceb760b161e19907,Domains_Alloy
746,-7.441556459426138,-7.147778570652008,1.02,0.321320817117,86dd3a804d78ca5d203ebf98747e8f16dff9713ba8950097ceb760b161e19907,Domains_Alloy
747,-7.442210234160473,-7.147778570652008,1.02,0.321320817117,86dd3a804d78ca5d203ebf98747e8f16dff9713ba8950097ceb760b161e19907,Domains_Alloy
748,-7.442864353271232,-7.147778570652008,1.02,0.321320817117,86dd3a804d78ca5d203ebf98747e8f16dff9713ba8950097ceb760b161e19907,Domains_Alloy
749,-7.44351881630254,-7.147778570652008,1.02,0.321320817117,86dd3a804d78ca5d203ebf98747e8f16dff9713ba8950097ceb760b161e19907,Domains_Alloy
750,-7.444173622799725,-7.147778570652008,1.02,0.321320817117,86dd3a804d78ca5d203ebf98747e8f16dff9713ba8950097ceb760b161e19907,Domains_Alloy
751,-7.444828772309306,-7.147778570652008,1.02,0.321320817117,86dd3a804d78ca5d203ebf98747e8f16dff9713ba8950097ceb760b161e19907,Domains_Alloy
752,-7.445484264378992,-7.147778570652008,1.02,0.321320817117,86dd3a804d78ca5d203ebf98747e8f16dff9713ba8950097ceb760b161e19907,Domains_Alloy
753,-7.446140098557682,-7.147778570652008,1.02,0.321320817117,86dd3a804d78ca5d203ebf98747e8f16dff9713ba8950097ceb760b161e19907,Domains_Alloy
754,-7.446796274395449,-7.147778570652008,1.02,0.321320817117,86dd3a804d78ca5d203ebf98747e8f16dff9713ba8950097ceb760b161e19907,Domains_Alloy
755,-7.447452791443549,-7.147778570652008,1.02,0.321320817117,86dd3a804d78ca5d203ebf98747e8f16dff9713ba8950097ceb760b161e19907,Domains_Alloy
756,-7.448109649254403,-7.147778570652008,1.02,0.321320817117,86dd3a804d78ca5d203ebf98747e8f16dff9713ba8950097ceb760b161e19907,Domains_Alloy
757,-7.448766847381602,-7.147778570652008,1.02,0.321320817117,86dd3a804d78ca5d203ebf98747e8f16dff9713ba8950097ceb760b161e19907,Domains_Alloy
758,-7.4494243853799,-7.147778570652008,1.02,0.321320817117,86dd3a804d78ca5d203ebf98747e8f16dff9713ba8950097ceb760b161e19907,Domains_Alloy
759,-7.450082262805207,-7.147778570652008,1.02,0.321320817117,86dd3a804d78ca5d203ebf98747e8f16dff9713ba8950097ceb760b161e19907,Domains_Alloy
760,-7.450740479214588,-7.147778570652008,1.02,0.321320817117,86dd3a804d78ca5d203ebf98747e8f16dff9713ba8950097ceb760b161e19907,Domains_Alloy
761,-7.451399034166255,-7.147778570652008,1.02,0.321320817117,86dd3a804d78ca5d203ebf98747e8f16dff9713ba8950097ceb760b161e19907,Domains_Alloy
762,-7.452057927219568,-7.147778570652008,1.02,0.321320817117,86dd3a804d78ca5d203ebf98747e8f16dff9713ba8950097ceb760b161e19907,Domains_Alloy
763,-7.452717157935022,-7.147778570652008,1.02,0.321320817117,86dd3a804d78ca5d203ebf98747e8f16dff9713ba8950097ceb760b161e19907,Domains_Alloy
764,-7.453376725874252,-7.147778570652008,1.02,0.321320817117,86dd3a804d78ca5d203ebf98747e8f16dff9713ba8950097ceb760b161e19907,Domains_Alloy
765,-7.454036630600021,-7.147778570652008,1.02,0.321320817117,86dd3a804d78ca5d203ebf98747e8f16dff9713ba8950097ceb760b161e19907,Domains_Alloy
766,-7.454696871676222,-7.147778570652008,1.02,0.321320817117,86dd3a804d78ca5d203ebf98747e8f16dff9713ba8950097ceb760b161e19907,Domains_Alloy
767,-7.455357448667868,-7.147778570652008,1.02,0.321320817117,86dd3a804d78ca5d203ebf98747e8f16dff9713ba8950097ceb760b161e19907,Domains_Alloy
768,-7.456018361141092,-7.147778570652008,1.02,0.321320817117,86dd3a804d78ca5d203ebf98747e8f16dff9713ba8950097ceb760b161e19907,Domains_Alloy
769,-7.45667960866314,-7.147778570652008,1.02,0.321320817117,86dd3a804d78ca5d203ebf98747e8f16dff9713ba8950097ceb760b161e19907,Domains_Alloy
770,-7.457341190802368,-7.147778570652008,1.02,0.321320817117,86dd3a804d78ca5d203ebf98747e8f16dff9713ba8950097ceb760b161e19907,Domains_Alloy
771,-7.458003107128238,-7.147778570652008,1.02,0.321320817117,86dd3a804d78ca5d203ebf98747e8f16dff9713ba8950097ceb760b161e19907,Domains_Alloy
772,-7.458665357211311,-7.147778570652008,1.02,0.321320817117,86dd3a804d78ca5d203ebf98747e8f16dff9713ba8950097ceb760b161e19907,Domains_Alloy
773,-7.459327940623249,-7.147778570652008,1.02,0.321320817117,86dd3a804d78ca5d203ebf98747e8f16dff9713ba8950097ceb760b161e19907,Domains_Alloy
774,-7.459990856936803,-7.147778570652008,1.02,0.321320817117,86dd3a804d78ca5d203ebf98747e8f16dff9713ba8950097ceb760b161e19907,Domains_Alloy
775,-7.460654105725816,-7.147778570652008,1.02,0.321320817117,86dd3a804d78ca5d203ebf98747e8f16dff9713ba8950097ceb760b161e19907,Domains_Alloy
776,-7.461317686565213,-7.147778570652008,1.02,0.321320817117,86dd3a804d78ca5d203ebf98747e8f16dff9713ba8950097ceb760b161e19907,Domains_Alloy
777,-7.461981599031001,-7.147778570652008,1.02,0.321320817117,86dd3a804d78ca5d203ebf98747e8f16dff9713ba8950097ceb760b161e19907,Domains_Alloy
778,-7.462645842700262,-7.147778570652008,1.02,0.321320817117,86dd3a804d78ca5d203ebf98747e8f16dff9713ba8950097ceb760b161e19907,Domains_Alloy
779,-7.463310417151152,-7.147778570652008,1.02,0.321320817117,86dd3a804d78ca5d203ebf98747e8f16dff9713ba8950097ceb760b161e19907,Domains_Alloy
780,-7.463975321962894,-7.147778570652008,1.02,0.321320817117,86dd3a804d78ca5d203ebf98747e8f16dff9713ba8950097ceb760b161e19907,Domains_Alloy
781,-7.464640556715776,-7.147778570652008,1.02,0.321320817117,86dd3a804d78ca5d203ebf98747e8f16dff9713ba8950097ceb760b161e19907,Domains_Alloy
782,-7.465306120991146,-7.147778570652008,1.02,0.321320817117,86dd3a804d78ca5d203ebf98747e8f16dff9713ba8950097ceb760b161e19907,Domains_Alloy
783,-7.465972014371408,-7.147778570652008,1.02,0.321320817117,86dd3a804d78ca5d203ebf98747e8f16dff9713ba8950097ceb760b161e19907,Domains_Alloy
784,-7.466638236440017,-7.147778570652008,1.02,0.321320817117,86dd3a804d78ca5d203ebf98747e8f16dff9713ba8950097ceb760b161e19907,Domains_Alloy
785,-7.467304786781479,-7.147778570652008,1.02,0.321320817117,86dd3a804d78ca5d203ebf98747e8f16dff9713ba8950097ceb760b161e19907,Domains_Alloy
786,-7.467971664981343,-7.147778570652008,1.02,0.321320817117,86dd3a804d78ca5d203ebf98747e8f16dff9713ba8950097ceb760b161e19907,Domains_Alloy
787,-7.468638870626199,-7.147778570652008,1.02,0.321320817117,86dd3a804d78ca5d203ebf98747e8f16dff9713ba8950097ceb760b161e19907,Domains_Alloy
788,-7.469306403303671,-7.147778570652008,1.02,0.321320817117,86dd3a804d78ca5d203ebf98747e8f16dff9713ba8950097ceb760b161e19907,Domains_Alloy
789,-7.469974262602419,-7.147778570652008,1.02,0.321320817117,86dd3a804d78ca5d203ebf98747e8f16dff9713ba8950097ceb760b161e19907,Domains_Alloy
790,-7.470642448112129,-7.147778570652008,1.02,0.321320817117,86dd3a804d78ca5d203ebf98747e8f16dff9713ba8950097ceb760b161e19907,Domains_Alloy
791,-7.471310959423515,-7.147778570652008,1.02,0.321320817117,86dd3a804d78ca5d203ebf98747e8f16dff9713ba8950097ceb760b161e19907,Domains_Alloy
792,-7.471979796128308,-7.147778570652008,1.02,0.321320817117,86dd3a804d78ca5d203ebf98747e8f16dff9713ba8950097ceb760b161e19907,Domains_Alloy
793,-7.472648957819263,-7.147778570652008,1.02,0.321320817117,86dd3a804d78ca5d203ebf98747e8f16dff9713ba8950097ceb760b161e19907,Domains_Alloy
794,-7.473318444090141,-7.147778570652008,1.02,0.321320817117,86dd3a804d78ca5d203ebf98747e8f16dff9713ba8950097ceb760b161e19907,Domains_Alloy
795,-7.473988254535718,-7.147778570652008,1.02,0.321320817117,86dd3a804d78ca5d203ebf98747e8f16dff9713ba8950097ceb760b161e19907,Domains_Alloy
796,-7.474658388751774,-7.147778570652008,1.02,0.321320817117,86dd3a804d78ca5d203ebf98747e8f16dff9713ba8950097ceb760b161e19907,Domains_Alloy
797,-7.475328846335092,-7.147778570652008,1.02,0.321320817117,86dd3a804d78ca5d203ebf98747e8f16dff9713ba8950097ceb760b161e19907,Domains_Alloy
798,-7.475999626883451,-7.147778570652008,1.02,0.321320817117,86dd3a804d78ca5d203ebf98747e8f16dff9713ba8950097ceb760b161e19907,Domains_Alloy
799,-7.476670729995631,-7.147778570652008,1.02,0.321320817117,86dd3a804d78ca5d203ebf98747e8f16dff9713ba8950097ceb760b161e19907,Domains_Alloy
800,-7.477342155271396,-7.147778570652008,1.02,0.321320817117,86dd3a804d78ca5d203ebf98747e8f16dff9713ba8950097ceb760b161e19907,Domains_Alloy
801,-7.478013902311504,-7.147778570652008,1.02,0.321320817117,86dd3a804d78ca5d203ebf98747e8f16dff9713ba8950097ceb760b161e19907,Domains_Alloy
802,-7.478685970717692,-7.147778570652008,1.02,0.321320817117,86dd3a804d78ca5d203ebf98747e8f16dff9713ba8950097ceb760b161e19907,Domains_Alloy
803,-7.479358360092681,-7.147778570652008,1.02,0.321320817117,86dd3a804d78ca5d203ebf98747e8f16dff9713ba8950097ceb760b161e19907,Domains_Alloy
804,-7.480031070040167,-7.147778570652008,1.02,0.321320817117,86dd3a804d78ca5d203ebf98747e8f16dff9713ba8950097ceb760b161e19907,Domains_Alloy
805,-7.480704100164819,-7.147778570652008,1.02,0.321320817117,86dd3a804d78ca5d203ebf98747e8f16dff9713ba8950097ceb760b161e19907,Domains_Alloy
806,-7.481377450072277,-7.147778570652008,1.02,0.321320817117,86dd3a804d78ca5d203ebf98747e8f16dff9713ba8950097ceb760b161e19907,Domains_Alloy
807,-7.482051119369146,-7.147778570652008,1.02,0.321320817117,86dd3a804d78ca5d203ebf98747e8f16dff9713ba8950097ceb760b161e19907,Domains_Alloy
808,-7.482725107662993,-7.147778570652008,1.02,0.321320817117,86dd3a804d78ca5d203ebf98747e8f16dff9713ba8950097ceb760b161e19907,Domains_Alloy
809,-7.483399414562345,-7.147778570652008,1.02,0.321320817117,86dd3a804d78ca5d203ebf98747e8f16dff9713ba8950097ceb760b161e19907,Domains_Alloy
810,-7.484074039676686,-7.147778570652008,1.02,0.321320817117,86dd3a804d78ca5d203ebf98747e8f16dff9713ba8950097ceb760b161e19907,Domains_Alloy
811,-7.484748982616447,-7.147778570652008,1.02,0.321320817117,86dd3a804d78ca5d203ebf98747e8f16dff9713ba8950097ceb760b161e19907,Domains_Alloy
812,-7.485424242993015,-7.147778570652008,1.02,0.321320817117,86dd3a804d78ca5d203ebf98747e8f16dff9713ba8950097ceb760b161e19907,Domains_Alloy
813,-7.486099820418716,-7.147778570652008,1.02,0.321320817117,86dd3a804d78ca5d203ebf98747e8f16dff9713ba8950097ceb760b161e19907,Domains_Alloy
814,-7.486775714506821,-7.147778570652008,1.02,0.321320817117,86dd3a804d78ca5d203ebf98747e8f16dff9713ba8950097ceb760b161e19907,Domains_Alloy
815,-7.487451924871536,-7.147778570652008,1.02,0.321320817117,86dd3a804d78ca5d203ebf98747e8f16dff9713ba8950097ceb760b161e19907,Domains_Alloy
816,-7.488128451128007,-7.147778570652008,1.02,0.321320817117,86dd3a804d78ca5d203ebf98747e8f16dff9713ba8950097ceb760b161e19907,Domains_Alloy
817,-7.488805292892306,-7.147778570652008,1.02,0.321320817117,86dd3a804d78ca5d203ebf98747e8f16dff9713ba8950097ceb760b161e19907,Domains_Alloy
818,-7.489482449781439,-7.147778570652008,1.02,0.321320817117,86dd3a804d78ca5d203ebf98747e8f16dff9713ba8950097ceb760b161e19907,Domains_Alloy
819,-7.49015992141333,-7.147778570652008,1.02,0.321320817117,86dd3a804d78ca5d203ebf98747e8f16dff9713ba8950097ceb760b161e19907,Domains_Alloy
820,-7.490837707406831,-7.147778570652008,1.02,0.321320817117,86dd3a804d78ca5d203ebf98747e8f16dff9713ba8950097ceb760b161e19907,Domains_Alloy
821,-7.491515807381709,-7.147778570652008,1.02,0.321320817117,86dd3a804d78ca5d203ebf98747e8f16dff9713ba8950097ceb760b161e19907,Domains_Alloy
822,-7.492194220958645,-7.147778570652008,1.02,0.321320817117,86dd3a804d78ca5d203ebf98747e8f16dff9713ba8950097ceb760b161e19907,Domains_Alloy
823,-7.492872947759233,-7.147778570652008,1.02,0.321320817117,86dd3a804d78ca5d203ebf98747e8f16dff9713ba8950097ceb760b161e19907,Domains_Alloy
824,-7.493551987405976,-7.147778570652008,1.02,0.321320817117,86dd3a804d78ca5d203ebf98747e8f16dff9713ba8950097ceb760b161e19907,Domains_Alloy
825,-7.494231339522281,-7.147778570652008,1.02,0.321320817117,86dd3a804d78ca5d203ebf98747e8f16dff9713ba8950097ceb760b161e19907,Domains_Alloy
826,-7.494911003732458,-7.147778570652008,1.02,0.321320817117,86dd3a804d78ca5d203ebf98747e8f16dff9713ba8950097ceb760b161e19907,Domains_Alloy
827,-7.495590979661713,-7.147778570652008,1.02,0.321320817117,86dd3a804d78ca5d203ebf98747e8f16dff9713ba8950097ceb760b161e19907,Domains_Alloy
828,-7.496271266936149,-7.147778570652008,1.02,0.321320817117,86dd3a804d78ca5d203ebf98747e8f16dff9713ba8950097ceb760b161e19907,Domains_Alloy
829,-7.496951865182764,-7.147778570652008,1.02,0.321320817117,86dd3a804d78ca5d203ebf98747e8f16dff9713ba8950097ceb760b161e19907,Domains_Alloy
830,-7.49763277402944,-7.147778570652008,1.02,0.321320817117,86dd3a804d78ca5d203ebf98747e8f16dff9713ba8950097ceb760b161e19907,Domains_Alloy
831,-7.498313993104947,-7.147778570652008,1.02,0.321320817117,86dd3a804d78ca5d203ebf98747e8f16dff9713ba8950097ceb760b161e19907,Domains_Alloy
832,-7.498995522038939,-7.147778570652008,1.02,0.321320817117,86dd3a804d78ca5d203ebf98747e8f16dff9713ba8950097ceb760b161e19907,Domains_Alloy
833,-7.499677360461948,-7.147778570652008,1.02,0.321320817117,86dd3a804d78ca5d203ebf98747e8f16dff9713ba8950097ceb760b161e19907,Domains_Alloy
834,-7.500359508005385,-7.147778570652008,1.02,0.321320817117,86dd3a804d78ca5d203ebf98747e8f16dff9713ba8950097ceb760b161e19907,Domains_Alloy
835,-7.50104196430153,-7.147778570652008,1.02,0.321320817117,86dd3a804d78ca5d203ebf98747e8f16dff9713ba8950097ceb760b161e19907,Domains_Alloy
836,-7.501724728983538,-7.147778570652008,1.02,0.321320817117,86dd3a804d78ca5d203ebf98747e8f16dff9713ba8950097ceb760b161e19907,Domains_Alloy
837,-7.502407801685426,-7.147778570652008,1.02,0.321320817117,86dd3a804d78ca5d203ebf98747e8f16dff9713ba8950097ceb760b161e19907,Domains_Alloy
838,-7.50309118204208,-7.147778570652008,1.02,0.321320817117,86dd3a804d78ca5d203ebf98747e8f16dff9713ba8950097ceb760b161e19907,Domains_Alloy
839,-7.503774869689247,-7.147778570652008,1.02,0.321320817117,86dd3a804d78ca5d203ebf98747e8f16dff9713ba8950097ceb760b161e19907,Domains_Alloy
840,-7.504458864263526,-7.147778570652008,1.02,0.321320817117,86dd3a804d78ca5d203ebf98747e8f16dff9713ba8950097ceb760b161e19907,Domains_Alloy
841,-7.505143165402379,-7.147778570652008,1.02,0.321320817117,86dd3a804d78ca5d203ebf98747e8f16dff9713ba8950097ceb760b161e19907,Domains_Alloy
842,-7.505827772744116,-7.147778570652008,1.02,0.321320817117,86dd3a804d78ca5d203ebf98747e8f16dff9713ba8950097ceb760b161e19907,Domains_Alloy
843,-7.506512685927896,-7.147778570652008,1.02,0.321320817117,86dd3a804d78ca5d203ebf98747e8f16dff9713ba8950097ceb760b161e19907,Domains_Alloy
844,-7.507197904593723,-7.147778570652008,1.02,0.321320817117,86dd3a804d78ca5d203ebf98747e8f16dff9713ba8950097ceb760b161e19907,Domains_Alloy
845,-7.507883428382449,-7.147778570652008,1.02,0.321320817117,86dd3a804d78ca5d203ebf98747e8f16dff9713ba8950097ceb760b161e19907,Domains_Alloy
846,-7.50856925693576,-7.147778570652008,1.02,0.321320817117,86dd3a804d78ca5d203ebf98747e8f16dff9713ba8950097ceb760b161e19907,Domains_Alloy
847,-7.509255389896185,-7.147778570652008,1.02,0.321320817117,86dd3a804d78ca5d203ebf98747e8f16dff9713ba8950097ceb760b161e19907,Domains_Alloy
848,-7.509941826907083,-7.147778570652008,1.02,0.321320817117,86dd3a804d78ca5d203ebf98747e8f16dff9713ba8950097ceb760b161e19907,Domains_Alloy
849,-7.510628567612647,-7.147778570652008,1.02,0.321320817117,86dd3a804d78ca5d203ebf98747e8f16dff9713ba8950097ceb760b161e19907,Domains_Alloy
850,-7.511315611657897,-7.147778570652008,1.02,0.321320817117,86dd3a804d78ca5d203ebf98747e8f16dff9713ba8950097ceb760b161e19907,Domains_Alloy
851,-7.512002958688678,-7.147778570652008,1.02,0.321320817117,86dd3a804d78ca5d203ebf98747e8f16dff9713ba8950097ceb760b161e19907,Domains_Alloy
852,-7.512690608351662,-7.147778570652008,1.02,0.321320817117,86dd3a804d78ca5d203ebf98747e8f16dff9713ba8950097ceb760b161e19907,Domains_Alloy
853,-7.513378560294335,-7.147778570652008,1.02,0.321320817117,86dd3a804d78ca5d203ebf98747e8f16dff9713ba8950097ceb760b161e19907,Domains_Alloy
854,-7.514066814165005,-7.147778570652008,1.02,0.321320817117,86dd3a804d78ca5d203ebf98747e8f16dff9713ba8950097ceb760b161e19907,Domains_Alloy
855,-7.514755369612794,-7.147778570652008,1.02,0.321320817117,86dd3a804d78ca5d203ebf98747e8f16dff9713ba8950097ceb760b161e19907,Domains_Alloy
856,-7.51544422628763,-7.147778570652008,1.02,0.321320817117,86dd3a804d78ca5d203ebf98747e8f16dff9713ba8950097ceb760b161e19907,Domains_Alloy
857,-7.516133383840256,-7.147778570652008,1.02,0.321320817117,86dd3a804d78ca5d203ebf98747e8f16dff9713ba8950097ceb760b161e19907,Domains_Alloy
858,-7.516822841922219,-7.147778570652008,1.02,0.321320817117,86dd3a804d78ca5d203ebf98747e8f16dff9713ba8950097ceb760b161e19907,Domains_Alloy
859,-7.517512600185867,-7.147778570652008,1.02,0.321320817117,86dd3a804d78ca5d203ebf98747e8f16dff9713ba8950097ceb760b161e19907,Domains_Alloy
860,-7.51820265828435,-7.147778570652008,1.02,0.321320817117,86dd3a804d78ca5d203ebf98747e8f16dff9713ba8950097ceb760b161e19907,Domains_Alloy
861,-7.518893015871616,-7.147778570652008,1.02,0.321320817117,86dd3a804d78ca5d203ebf98747e8f16dff9713ba8950097ceb760b161e19907,Domains_Alloy
862,-7.519583672602408,-7.147778570652008,1.02,0.321320817117,86dd3a804d78ca5d203ebf98747e8f16dff9713ba8950097ceb760b161e19907,Domains_Alloy
863,-7.520274628132261,-7.147778570652008,1.02,0.321320817117,86dd3a804d78ca5d203ebf98747e8f16dff9713ba8950097ceb760b161e19907,Domains_Alloy
864,-7.520965882117496,-7.147778570652008,1.02,0.321320817117,86dd3a804d78ca5d203ebf98747e8f16dff9713ba8950097ceb760b161e19907,Domains_Alloy
865,-7.521657434215227,-7.147778570652008,1.02,0.321320817117,86dd3a804d78ca5d203ebf98747e8f16dff9713ba8950097ceb760b161e19907,Domains_Alloy
866,-7.522349284083345,-7.147778570652008,1.02,0.321320817117,86dd3a804d78ca5d203ebf98747e8f16dff9713ba8950097ceb760b161e19907,Domains_Alloy
867,-7.52304143138053,-7.147778570652008,1.02,0.321320817117,86dd3a804d78ca5d203ebf98747e8f16dff9713ba8950097ceb760b161e19907,Domains_Alloy
868,-7.523733875766233,-7.147778570652008,1.02,0.321320817117,86dd3a804d78ca5d203ebf98747e8f16dff9713ba8950097ceb760b161e19907,Domains_Alloy
869,-7.524426616900688,-7.147778570652008,1.02,0.321320817117,86dd3a804d78ca5d203ebf98747e8f16dff9713ba8950097ceb760b161e19907,Domains_Alloy
870,-7.525119654444897,-7.147778570652008,1.02,0.321320817117,86dd3a804d78ca5d203ebf98747e8f16dff9713ba8950097ceb760b161e19907,Domains_Alloy
871,-7.525812988060636,-7.147778570652008,1.02,0.321320817117,86dd3a804d78ca5d203ebf98747e8f16dff9713ba8950097ceb760b161e19907,Domains_Alloy
872,-7.526506617410448,-7.147778570652008,1.02,0.321320817117,86dd3a804d78ca5d203ebf98747e8f16dff9713ba8950097ceb760b161e19907,Domains_Alloy
873,-7.52720054215764,-7.147778570652008,1.02,0.321320817117,86dd3a804d78ca5d203ebf98747e8f16dff9713ba8950097ceb760b161e19907,Domains_Alloy
874,-7.527894761966285,-7.147778570652008,1.02,0.321320817117,86dd3a804d78ca5d203ebf98747e8f16dff9713ba8950097ceb760b161e19907,Domains_Alloy
875,-7.528589276501217,-7.147778570652008,1.02,0.321320817117,86dd3a804d78ca5d203ebf98747e8f16dff9713ba8950097ceb760b161e19907,Domains_Alloy
876,-7.529284085428022,-7.147778570652008,1.02,0.321320817117,86dd3a804d78ca5d203ebf98747e8f16dff9713ba8950097ceb760b161e19907,Domains_Alloy
877,-7.529979188413046,-7.147778570652008,1.02,0.321320817117,86dd3a804d78ca5d203ebf98747e8f16dff9713ba8950097ceb760b161e19907,Domains_Alloy
878,-7.530674585123389,-7.147778570652008,1.02,0.321320817117,86dd3a804d78ca5d203ebf98747e8f16dff9713ba8950097ceb760b161e19907,Domains_Alloy
879,-7.531370275226896,-7.147778570652008,1.02,0.321320817117,86dd3a804d78ca5d203ebf98747e8f16dff9713ba8950097ceb760b161e19907,Domains_Alloy
880,-7.532066258392165,-7.147778570652008,1.02,0.321320817117,86dd3a804d78ca5d203ebf98747e8f16dff9713ba8950097ceb760b161e19907,Domains_Alloy
881,-7.532762534288535,-7.147778570652008,1.02,0.321320817117,86dd3a804d78ca5d203ebf98747e8f16dff9713ba8950097ceb760b161e19907,Domains_Alloy
882,-7.53345910258609,-7.147778570652008,1.02,0.321320817117,86dd3a804d78ca5d203ebf98747e8f16dff9713ba8950097ceb760b161e19907,Domains_Alloy
883,-7.534155962955652,-7.147778570652008,1.02,0.321320817117,86dd3a804d78ca5d203ebf98747e8f16dff9713ba8950097ceb760b161e19907,Domains_Alloy
884,-7.534853115068785,-7.147778570652008,1.02,0.321320817117,86dd3a804d78ca5d203ebf98747e8f16dff9713ba8950097ceb760b161e19907,Domains_Alloy
885,-7.535550558597783,-7.147778570652008,1.02,0.321320817117,86dd3a804d78ca5d203ebf98747e8f16dff9713ba8950097ceb760b161e19907,Domains_Alloy
886,-7.536248293215676,-7.147778570652008,1.02,0.321320817117,86dd3a804d78ca5d203ebf98747e8f16dff9713ba8950097ceb760b161e19907,Domains_Alloy
887,-7.536946318596224,-7.147778570652008,1.02,0.321320817117,86dd3a804d78ca5d203ebf98747e8f16dff9713ba8950097ceb760b161e19907,Domains_Alloy
888,-7.537644634413913,-7.147778570652008,1.02,0.321320817117,86dd3a804d78ca5d203ebf98747e8f16dff9713ba8950097ceb760b161e19907,Domains_Alloy
889,-7.538343240343956,-7.147778570652008,1.02,0.321320817117,86dd3a804d78ca5d203ebf98747e8f16dff9713ba8950097ceb760b161e19907,Domains_Alloy
890,-7.539042136062289,-7.147778570652008,1.02,0.321320817117,86dd3a804d78ca5d203ebf98747e8f16dff9713ba8950097ceb760b161e19907,Domains_Alloy
891,-7.539741321245567,-7.147778570652008,1.02,0.321320817117,86dd3a804d78ca5d203ebf98747e8f16dff9713ba8950097ceb760b161e19907,Domains_Alloy
892,-7.540440795571167,-7.147778570652008,1.02,0.321320817117,86dd3a804d78ca5d203ebf98747e8f16dff9713ba8950097ceb760b161e19907,Domains_Alloy
893,-7.541140558717178,-7.147778570652008,1.02,0.321320817117,86dd3a804d78ca5d203ebf98747e8f16dff9713ba8950097ceb760b161e19907,Domains_Alloy
894,-7.541840610362403,-7.147778570652008,1.02,0.321320817117,86dd3a804d78ca5d203ebf98747e8f16dff9713ba8950097ceb760b161e19907,Domains_Alloy
895,-7.542540950186359,-7.147778570652008,1.02,0.321320817117,86dd3a804d78ca5d203ebf98747e8f16dff9713ba8950097ceb760b161e19907,Domains_Alloy
896,-7.543241577869268,-7.147778570652008,1.02,0.321320817117,86dd3a804d78ca5d203ebf98747e8f16dff9713ba8950097ceb760b161e19907,Domains_Alloy
897,-7.543942493092061,-7.147778570652008,1.02,0.321320817117,86dd3a804d78ca5d203ebf98747e8f16dff9713ba8950097ceb760b161e19907,Domains_Alloy
898,-7.544643695536371,-7.147778570652008,1.02,0.321320817117,86dd3a804d78ca5d203ebf98747e8f16dff9713ba8950097ceb760b161e19907,Domains_Alloy
899,-7.545345184884535,-7.147778570652008,1.02,0.321320817117,86dd3a804d78ca5d203ebf98747e8f16dff9713ba8950097ceb760b161e19907,Domains_Alloy
900,-7.546046960819591,-7.147778570652008,1.02,0.321320817117,86dd3a804d78ca5d203ebf98747e8f16dff9713ba8950097ceb760b161e19907,Domains_Alloy
901,-7.546749023025267,-7.147778570652008,1.02,0.321320817117,86dd3a804d78ca5d203ebf98747e8f16dff9713ba8950097ceb760b161e19907,Domains_Alloy
902,-7.547451371185993,-7.147778570652008,1.02,0.321320817117,86dd3a804d78ca5d203ebf98747e8f16dff9713ba8950097ceb760b161e19907,Domains_Alloy
903,-7.548154004986888,-7.147778570652008,1.02,0.321320817117,86dd3a804d78ca5d203ebf98747e8f16dff9713ba8950097ceb760b161e19907,Domains_Alloy
904,-7.548856924113765,-7.147778570652008,1.02,0.321320817117,86dd3a804d78ca5d203ebf98747e8f16dff9713ba8950097ceb760b161e19907,Domains_Alloy
905,-7.54956012825312,-7.147778570652008,1.02,0.321320817117,86dd3a804d78ca5d203ebf98747e8f16dff9713ba8950097ceb760b161e19907,Domains_Alloy
906,-7.550263617092137,-7.147778570652008,1.02,0.321320817117,86dd3a804d78ca5d203ebf98747e8f16dff9713ba8950097ceb760b161e19907,Domains_Alloy
907,-7.550967390318686,-7.147778570652008,1.02,0.321320817117,86dd3a804d78ca5d203ebf98747e8f16dff9713ba8950097ceb760b161e19907,Domains_Alloy
908,-7.551671447621315,-7.147778570652008,1.02,0.321320817117,86dd3a804d78ca5d203ebf98747e8f16dff9713ba8950097ceb760b161e19907,Domains_Alloy
909,-7.552375788689252,-7.147778570652008,1.02,0.321320817117,86dd3a804d78ca5d203ebf98747e8f16dff9713ba8950097ceb760b161e19907,Domains_Alloy
910,-7.553080413212403,-7.147778570652008,1.02,0.321320817117,86dd3a804d78ca5d203ebf98747e8f16dff9713ba8950097ceb760b161e19907,Domains_Alloy
911,-7.553785320881348,-7.147778570652008,1.02,0.321320817117,86dd3a804d78ca5d203ebf98747e8f16dff9713ba8950097ceb760b161e19907,Domains_Alloy
912,-7.554490511387339,-7.147778570652008,1.02,0.321320817117,86dd3a804d78ca5d203ebf98747e8f16dff9713ba8950097ceb760b161e19907,Domains_Alloy
913,-7.555195984422299,-7.147778570652008,1.02,0.321320817117,86dd3a804d78ca5d203ebf98747e8f16dff9713ba8950097ceb760b161e19907,Domains_Alloy
914,-7.555901739678819,-7.147778570652008,1.02,0.321320817117,86dd3a804d78ca5d203ebf98747e8f16dff9713ba8950097ceb760b161e19907,Domains_Alloy
915,-7.556607776850156,-7.147778570652008,1.02,0.321320817117,86dd3a804d78ca5d203ebf98747e8f16dff9713ba8950097ceb760b161e19907,Domains_Alloy
916,-7.557314095630232,-7.147778570652008,1.02,0.321320817117,86dd3a804d78ca5d203ebf98747e8f16dff9713ba8950097ceb760b161e19907,Domains_Alloy
917,-7.558020695713628,-7.147778570652008,1.02,0.321320817117,86dd3a804d78ca5d203ebf98747e8f16dff9713ba8950097ceb760b161e19907,Domains_Alloy
918,-7.558727576795586,-7.147778570652008,1.02,0.321320817117,86dd3a804d78ca5d203ebf98747e8f16dff9713ba8950097ceb760b161e19907,Domains_Alloy
919,-7.559434738572007,-7.147778570652008,1.02,0.321320817117,86dd3a804d78ca5d203ebf98747e8f16dff9713ba8950097ceb760b161e19907,Domains_Alloy
920,-7.560142180739444,-7.147778570652008,1.02,0.321320817117,86dd3a804d78ca5d203ebf98747e8f16dff9713ba8950097ceb760b161e19907,Domains_Alloy
921,-7.560849902995106,-7.147778570652008,1.02,0.321320817117,86dd3a804d78ca5d203ebf98747e8f16dff9713ba8950097ceb760b161e19907,Domains_Alloy
922,-7.561557905036853,-7.147778570652008,1.02,0.321320817117,86dd3a804d78ca5d203ebf98747e8f16dff9713ba8950097ceb760b161e19907,Domains_Alloy
923,-7.562266186563192,-7.147778570652008,1.02,0.321320817117,86dd3a804d78ca5d203ebf98747e8f16dff9713ba8950097ceb760b161e19907,Domains_Alloy
924,-7.562974747273278,-7.147778570652008,1.02,0.321320817117,86dd3a804d78ca5d203ebf98747e8f16dff9713ba8950097ceb760b161e19907,Domains_Alloy
925,-7.563683586866913,-7.147778570652008,1.02,0.321320817117,86dd3a804d78ca5d203ebf98747e8f16dff9713ba8950097ceb760b161e19907,Domains_Alloy
926,-7.564392705044537,-7.147778570652008,1.02,0.321320817117,86dd3a804d78ca5d203ebf98747e8f16dff9713ba8950097ceb760b161e19907,Domains_Alloy
927,-7.565102101507236,-7.147778570652008,1.02,0.321320817117,86dd3a804d78ca5d203ebf98747e8f16dff9713ba8950097ceb760b161e19907,Domains_Alloy
928,-7.56581177595673,-7.147778570652008,1.02,0.321320817117,86dd3a804d78ca5d203ebf98747e8f16dff9713ba8950097ceb760b161e19907,Domains_Alloy
929,-7.56652172809538,-7.147778570652008,1.02,0.321320817117,86dd3a804d78ca5d203ebf98747e8f16dff9713ba8950097ceb760b161e19907,Domains_Alloy
930,-7.567231957626178,-7.147778570652008,1.02,0.321320817117,86dd3a804d78ca5d203ebf98747e8f16dff9713ba8950097ceb760b161e19907,Domains_Alloy
931,-7.56794246425275,-7.147778570652008,1.02,0.321320817117,86dd3a804d78ca5d203ebf98747e8f16dff9713ba8950097ceb760b161e19907,Domains_Alloy
932,-7.568653247679354,-7.147778570652008,1.02,0.321320817117,86dd3a804d78ca5d203ebf98747e8f16dff9713ba8950097ceb760b161e19907,Domains_Alloy
933,-7.569364307610874,-7.147778570652008,1.02,0.321320817117,86dd3a804d78ca5d203ebf98747e8f16dff9713ba8950097ceb760b161e19907,Domains_Alloy
934,-7.570075643752824,-7.147778570652008,1.02,0.321320817117,86dd3a804d78ca5d203ebf98747e8f16dff9713ba8950097ceb760b161e19907,Domains_Alloy
935,-7.570787255811338,-7.147778570652008,1.02,0.321320817117,86dd3a804d78ca5d203ebf98747e8f16dff9713ba8950097ceb760b161e19907,Domains_Alloy
936,-7.571499143493176,-7.147778570652008,1.02,0.321320817117,86dd3a804d78ca5d203ebf98747e8f16dff9713ba8950097ceb760b161e19907,Domains_Alloy
937,-7.572211306505718,-7.147778570652008,1.02,0.321320817117,86dd3a804d78ca5d203ebf98747e8f16dff9713ba8950097ceb760b161e19907,Domains_Alloy
938,-7.572923744556963,-7.147778570652008,1.02,0.321320817117,86dd3a804d78ca5d203ebf98747e8f16dff9713ba8950097ceb760b161e19907,Domains_Alloy
939,-7.573636457355525,-7.147778570652008,1.02,0.321320817117,86dd3a804d78ca5d203ebf98747e8f16dff9713ba8950097ceb760b161e19907,Domains_Alloy
940,-7.574349444610636,-7.147778570652008,1.02,0.321320817117,86dd3a804d78ca5d203ebf98747e8f16dff9713ba8950097ceb760b161e19907,Domains_Alloy
941,-7.575062706032137,-7.147778570652008,1.02,0.321320817117,86dd3a804d78ca5d203ebf98747e8f16dff9713ba8950097ceb760b161e19907,Domains_Alloy
942,-7.575776241330483,-7.147778570652008,1.02,0.321320817117,86dd3a804d78ca5d203ebf98747e8f16dff9713ba8950097ceb760b161e19907,Domains_Alloy
943,-7.576490050216736,-7.147778570652008,1.02,0.321320817117,86dd3a804d78ca5d203ebf98747e8f16dff9713ba8950097ceb760b161e19907,Domains_Alloy
944,-7.577204132402566,-7.147778570652008,1.02,0.321320817117,86dd3a804d78ca5d203ebf98747e8f16dff9713ba8950097ceb760b161e19907,Domains_Alloy
945,-7.577918487600249,-7.147778570652008,1.02,0.321320817117,86dd3a804d78ca5d203ebf98747e8f16dff9713ba8950097ceb760b161e19907,Domains_Alloy
946,-7.578633115522664,-7.147778570652008,1.02,0.321320817117,86dd3a804d78ca5d203ebf98747e8f16dff9713ba8950097ceb760b161e19907,Domains_Alloy
947,-7.579348015883289,-7.147778570652008,1.02,0.321320817117,86dd3a804d78ca5d203ebf98747e8f16dff9713ba8950097ceb760b161e19907,Domains_Alloy
948,-7.580063188396204,-7.147778570652008,1.02,0.321320817117,86dd3a804d78ca5d203ebf98747e8f16dff9713ba8950097ceb760b161e19907,Domains_Alloy
949,-7.580778632776086,-7.147778570652008,1.02,0.321320817117,86dd3a804d78ca5d203ebf98747e8f16dff9713ba8950097ceb760b161e19907,Domains_Alloy
950,-7.581494348738209,-7.147778570652008,1.02,0.321320817117,86dd3a804d78ca5d203ebf98747e8f16dff9713ba8950097ceb760b161e19907,Domains_Alloy
951,-7.582210335998437,-7.147778570652008,1.02,0.321320817117,86dd3a804d78ca5d203ebf98747e8f16dff9713ba8950097ceb760b161e19907,Domains_Alloy
952,-7.582926594273232,-7.147778570652008,1.02,0.321320817117,86dd3a804d78ca5d203ebf98747e8f16dff9713ba8950097ceb760b161e19907,Domains_Alloy
953,-7.583643123279641,-7.147778570652008,1.02,0.321320817117,86dd3a804d78ca5d203ebf98747e8f16dff9713ba8950097ceb760b161e19907,Domains_Alloy
954,-7.584359922735302,-7.147778570652008,1.02,0.321320817117,86dd3a804d78ca5d203ebf98747e8f16dff9713ba8950097ceb760b161e19907,Domains_Alloy
955,-7.585076992358439,-7.147778570652008,1.02,0.321320817117,86dd3a804d78ca5d203ebf98747e8f16dff9713ba8950097ceb760b161e19907,Domains_Alloy
956,-7.58579433186786,-7.147778570652008,1.02,0.321320817117,86dd3a804d78ca5d203ebf98747e8f16dff9713ba8950097ceb760b161e19907,Domains_Alloy
957,-7.586511940982959,-7.147778570652008,1.02,0.321320817117,86dd3a804d78ca5d203ebf98747e8f16dff9713ba8950097ceb760b161e19907,Domains_Alloy
958,-7.587229819423706,-7.147778570652008,1.02,0.321320817117,86dd3a804d78ca5d203ebf98747e8f16dff9713ba8950097ceb760b161e19907,Domains_Alloy
959,-7.587947966910654,-7.147778570652008,1.02,0.321320817117,86dd3a804d78ca5d203ebf98747e8f16dff9713ba8950097ceb760b161e19907,Domains_Alloy
960,-7.588666383164935,-7.147778570652008,1.02,0.321320817117,86dd3a804d78ca5d203ebf98747e8f16dff9713ba8950097ceb760b161e19907,Domains_Alloy
961,-7.589385067908252,-7.147778570652008,1.02,0.321320817117,86dd3a804d78ca5d203ebf98747e8f16dff9713ba8950097ceb760b161e19907,Domains_Alloy
962,-7.590104020862883,-7.147778570652008,1.02,0.321320817117,86dd3a804d78ca5d203ebf98747e8f16dff9713ba8950097ceb760b161e19907,Domains_Alloy
963,-7.590823241751684,-7.147778570652008,1.02,0.321320817117,86dd3a804d78ca5d203ebf98747e8f16dff9713ba8950097ceb760b161e19907,Domains_Alloy
964,-7.591542730298073,-7.147778570652008,1.02,0.321320817117,86dd3a804d78ca5d203ebf98747e8f16dff9713ba8950097ceb760b161e19907,Domains_Alloy
965,-7.592262486226043,-7.147778570652008,1.02,0.321320817117,86dd3a804d78ca5d203ebf98747e8f16dff9713ba8950097ceb760b161e19907,Domains_Alloy
966,-7.592982509260152,-7.147778570652008,1.02,0.321320817117,86dd3a804d78ca5d203ebf98747e8f16dff9713ba8950097ceb760b161e19907,Domains_Alloy
967,-7.593702799125522,-7.147778570652008,1.02,0.321320817117,86dd3a804d78ca5d203ebf98747e8f16dff9713ba8950097ceb760b161e19907,Domains_Alloy
968,-7.594423355547838,-7.147778570652008,1.02,0.321320817117,86dd3a804d78ca5d203ebf98747e8f16dff9713ba8950097ceb760b161e19907,Domains_Alloy
969,-7.595144178253352,-7.147778570652008,1.02,0.321320817117,86dd3a804d78ca5d203ebf98747e8f16dff9713ba8950097ceb760b161e19907,Domains_Alloy
970,-7.59586526696887,-7.147778570652008,1.02,0.321320817117,86dd3a804d78ca5d203ebf98747e8f16dff9713ba8950097ceb760b161e19907,Domains_Alloy
971,-7.596586621421758,-7.147778570652008,1.02,0.321320817117,86dd3a804d78ca5d203ebf98747e8f16dff9713ba8950097ceb760b161e19907,Domains_Alloy
972,-7.59730824133994,-7.147778570652008,1.02,0.321320817117,86dd3a804d78ca5d203ebf98747e8f16dff9713ba8950097ceb760b161e19907,Domains_Alloy
973,-7.598030126451894,-7.147778570652008,1.02,0.321320817117,86dd3a804d78ca5d203ebf98747e8f16dff9713ba8950097ceb760b161e19907,Domains_Alloy
974,-7.598752276486652,-7.147778570652008,1.02,0.321320817117,86dd3a804d78ca5d203ebf98747e8f16dff9713ba8950097ceb760b161e19907,Domains_Alloy
975,-7.599474691173794,-7.147778570652008,1.02,0.321320817117,86dd3a804d78ca5d203ebf98747e8f16dff9713ba8950097ceb760b161e19907,Domains_Alloy
976,-7.600197370243459,-7.147778570652008,1.02,0.321320817117,86dd3a804d78ca5d203ebf98747e8f16dff9713ba8950097ceb760b161e19907,Domains_Alloy
977,-7.600920313426321,-7.147778570652008,1.02,0.321320817117,86dd3a804d78ca5d203ebf98747e8f16dff9713ba8950097ceb760b161e19907,Domains_Alloy
978,-7.601643520453611,-7.147778570652008,1.02,0.321320817117,86dd3a804d78ca5d203ebf98747e8f16dff9713ba8950097ceb760b161e19907,Domains_Alloy
979,-7.602366991057101,-7.147778570652008,1.02,0.321320817117,86dd3a804d78ca5d203ebf98747e8f16dff9713ba8950097ceb760b161e19907,Domains_Alloy
980,-7.603090724969107,-7.147778570652008,1.02,0.321320817117,86dd3a804d78ca5d203ebf98747e8f16dff9713ba8950097ceb760b161e19907,Domains_Alloy
981,-7.603814721922484,-7.147778570652008,1.02,0.321320817117,86dd3a804d78ca5d203ebf98747e8f16dff9713ba8950097ceb760b161e19907,Domains_Alloy
982,-7.604538981650633,-7.147778570652008,1.02,0.321320817117,86dd3a804d78ca5d203ebf98747e8f16dff9713ba8950097ceb760b161e19907,Domains_Alloy
983,-7.605263503887485,-7.147778570652008,1.02,0.321320817117,86dd3a804d78ca5d203ebf98747e8f16dff9713ba8950097ceb760b161e19907,Domains_Alloy
984,-7.605988288367516,-7.147778570652008,1.02,0.321320817117,86dd3a804d78ca5d203ebf98747e8f16dff9713ba8950097ceb760b161e19907,Domains_Alloy
985,-7.606713334825732,-7.147778570652008,1.02,0.321320817117,86dd3a804d78ca5d203ebf98747e8f16dff9713ba8950097ceb760b161e19907,Domains_Alloy
986,-7.607438642997672,-7.147778570652008,1.02,0.321320817117,86dd3a804d78ca5d203ebf98747e8f16dff9713ba8950097ceb760b161e19907,Domains_Alloy
987,-7.60816421261941,-7.147778570652008,1.02,0.321320817117,86dd3a804d78ca5d203ebf98747e8f16dff9713ba8950097ceb760b161e19907,Domains_Alloy
988,-7.608890043427549,-7.147778570652008,1.02,0.321320817117,86dd3a804d78ca5d203ebf98747e8f16dff9713ba8950097ceb760b161e19907,Domains_Alloy
989,-7.60961613515922,-7.147778570652008,1.02,0.321320817117,86dd3a804d78ca5d203ebf98747e8f16dff9713ba8950097ceb760b161e19907,Domains_Alloy
990,-7.610342487552082,-7.147778570652008,1.02,0.321320817117,86dd3a804d78ca5d203ebf98747e8f16dff9713ba8950097ceb760b161e19907,Domains_Alloy
991,-7.611069100344317,-7.147778570652008,1.02,0.321320817117,86dd3a804d78ca5d203ebf98747e8f16dff9713ba8950097ceb760b161e19907,Domains_Alloy
992,-7.611795973274637,-7.147778570652008,1.02,0.321320817117,86dd3a804d78ca5d203ebf98747e8f16dff9713ba8950097ceb760b161e19907,Domains_Alloy
993,-7.612523106082269,-7.147778570652008,1.02,0.321320817117,86dd3a804d78ca5d203ebf98747e8f16dff9713ba8950097ceb760b161e19907,Domains_Alloy
994,-7.613250498506965,-7.147778570652008,1.02,0.321320817117,86dd3a804d78ca5d203ebf98747e8f16dff9713ba8950097ceb760b161e19907,Domains_Alloy
995,-7.613978150288997,-7.147778570652008,1.02,0.321320817117,86dd3a804d78ca5d203ebf98747e8f16dff9713ba8950097ceb760b161e19907,Domains_Alloy
996,-7.614706061169151,-7.147778570652008,1.02,0.321320817117,86dd3a804d78ca5d203ebf98747e8f16dff9713ba8950097ceb760b161e19907,Domains_Alloy
997,-7.615434230888733,-7.147778570652008,1.02,0.321320817117,86dd3a804d78ca5d203ebf98747e8f16dff9713ba8950097ceb760b161e19907,Domains_Alloy
998,-7.616162659189559,-7.147778570652008,1.02,0.321320817117,86dd3a804d78ca5d203ebf98747e8f16dff9713ba8950097ceb760b161e19907,Domains_Alloy
999,-7.616891345813965,-7.147778570652008,1.02,0.321320817117,86dd3a804d78ca5d203ebf98747e8f16dff9713ba8950097ceb760b161e19907,Domains_Alloy
1000,-7.617620290504791,-7.147778570652008,1.02,0.321320817117,86dd3a804d78ca5d203ebf98747e8f16dff9713ba8950097ceb760b161e19907,Domains_Alloy
1001,-7.618349493005393,-7.147778570652008,1.02,0.321320817117,86dd3a804d78ca5d203ebf98747e8f16dff9713ba8950097ceb760b161e19907,Domains_Alloy
1002,-7.619078953059634,-7.147778570652008,1.02,0.321320817117,86dd3a804d78ca5d203ebf98747e8f16dff9713ba8950097ceb760b161e19907,Domains_Alloy
1003,-7.61980867041188,-7.147778570652008,1.02,0.321320817117,86dd3a804d78ca5d203ebf98747e8f16dff9713ba8950097ceb760b161e19907,Domains_Alloy
1004,-7.620538644807008,-7.147778570652008,1.02,0.321320817117,86dd3a804d78ca5d203ebf98747e8f16dff9713ba8950097ceb760b161e19907,Domains_Alloy
1005,-7.621268875990395,-7.147778570652008,1.02,0.321320817117,86dd3a804d78ca5d203ebf98747e8f16dff9713ba8950097ceb760b161e19907,Domains_Alloy
1006,-7.621999363707925,-7.147778570652008,1.02,0.321320817117,86dd3a804d78ca5d203ebf98747e8f16dff9713ba8950097ceb760b161e19907,Domains_Alloy
1007,-7.622730107705978,-7.147778570652008,1.02,0.321320817117,86dd3a804d78ca5d203ebf98747e8f16dff9713ba8950097ceb760b161e19907,Domains_Alloy
1008,-7.623461107731438,-7.147778570652008,1.02,0.321320817117,86dd3a804d78ca5d203ebf98747e8f16dff9713ba8950097ceb760b161e19907,Domains_Alloy
1009,-7.624192363531684,-7.147778570652008,1.02,0.321320817117,86dd3a804d78ca5d203ebf98747e8f16dff9713ba8950097ceb760b161e19907,Domains_Alloy
1010,-7.624923874854592,-7.147778570652008,1.02,0.321320817117,86dd3a804d78ca5d203ebf98747e8f16dff9713ba8950097ceb760b161e19907,Domains_Alloy
1011,-7.625655641448536,-7.147778570652008,1.02,0.321320817117,86dd3a804d78ca5d203ebf98747e8f16dff9713ba8950097ceb760b161e19907,Domains_Alloy
1012,-7.62638766306238,-7.147778570652008,1.02,0.321320817117,86dd3a804d78ca5d203ebf98747e8f16dff9713ba8950097ceb760b161e19907,Domains_Alloy
1013,-7.627119939445484,-7.147778570652008,1.02,0.321320817117,86dd3a804d78ca5d203ebf98747e8f16dff9713ba8950097ceb760b161e19907,Domains_Alloy
1014,-7.627852470347694,-7.147778570652008,1.02,0.321320817117,86dd3a804d78ca5d203ebf98747e8f16dff9713ba8950097ceb760b161e19907,Domains_Alloy
1015,-7.628585255519351,-7.147778570652008,1.02,0.321320817117,86dd3a804d78ca5d203ebf98747e8f16dff9713ba8950097ceb760b161e19907,Domains_Alloy
1016,-7.629318294711281,-7.147778570652008,1.02,0.321320817117,86dd3a804d78ca5d203ebf98747e8f16dff9713ba8950097ceb760b161e19907,Domains_Alloy
1017,-7.630051587674795,-7.147778570652008,1.02,0.321320817117,86dd3a804d78ca5d203ebf98747e8f16dff9713ba8950097ceb760b161e19907,Domains_Alloy
1018,-7.630785134161693,-7.147778570652008,1.02,0.321320817117,86dd3a804d78ca5d203ebf98747e8f16dff9713ba8950097ceb760b161e19907,Domains_Alloy
1019,-7.631518933924257,-7.147778570652008,1.02,0.321320817117,86dd3a804d78ca5d203ebf98747e8f16dff9713ba8950097ceb760b161e19907,Domains_Alloy
1020,-7.632252986715248,-7.147778570652008,1.02,0.321320817117,86dd3a804d78ca5d203ebf98747e8f16dff9713ba8950097ceb760b161e19907,Domains_Alloy
1021,-7.632987292287916,-7.147778570652008,1.02,0.321320817117,86dd3a804d78ca5d203ebf98747e8f16dff9713ba8950097ceb760b161e19907,Domains_Alloy
1022,-7.633721850395981,-7.147778570652008,1.02,0.321320817117,86dd3a804d78ca5d203ebf98747e8f16dff9713ba8950097ceb760b161e19907,Domains_Alloy
1023,-7.634456660793647,-7.147778570652008,1.02,0.321320817117,86dd3a804d78ca5d203ebf98747e8f16dff9713ba8950097ceb760b161e19907,Domains_Alloy
1024,-7.635191723235596,-7.147778570652008,1.02,0.321320817117,86dd3a804d78ca5d203ebf98747e8f16dff9713ba8950097ceb760b161e19907,Domains_Alloy
1025,-7.635927037476978,-7.147778570652008,1.02,0.321320817117,86dd3a804d78ca5d203ebf98747e8f16dff9713ba8950097ceb760b161e19907,Domains_Alloy
1026,-7.636662603273425,-7.147778570652008,1.02,0.321320817117,86dd3a804d78ca5d203ebf98747e8f16dff9713ba8950097ceb760b161e19907,Domains_Alloy
1027,-7.637398420381039,-7.147778570652008,1.02,0.321320817117,86dd3a804d78ca5d203ebf98747e8f16dff9713ba8950097ceb760b161e19907,Domains_Alloy
1028,-7.63813448855639,-7.147778570652008,1.02,0.321320817117,86dd3a804d78ca5d203ebf98747e8f16dff9713ba8950097ceb760b161e19907,Domains_Alloy
1029,-7.638870807556522,-7.147778570652008,1.02,0.321320817117,86dd3a804d78ca5d203ebf98747e8f16dff9713ba8950097ceb760b161e19907,Domains_Alloy
1030,-7.639607377138946,-7.147778570652008,1.02,0.321320817117,86dd3a804d78ca5d203ebf98747e8f16dff9713ba8950097ceb760b161e19907,Domains_Alloy
1031,-7.64034419706164,-7.147778570652008,1.02,0.321320817117,86dd3a804d78ca5d203ebf98747e8f16dff9713ba8950097ceb760b161e19907,Domains_Alloy
1032,-7.641081267083048,-7.147778570652008,1.02,0.321320817117,86dd3a804d78ca5d203ebf98747e8f16dff9713ba8950097ceb760b161e19907,Domains_Alloy
1033,-7.641818586962077,-7.147778570652008,1.02,0.321320817117,86dd3a804d78ca5d203ebf98747e8f16dff9713ba8950097ceb760b161e19907,Domains_Alloy
1034,-7.642556156458101,-7.147778570652008,1.02,0.321320817117,86dd3a804d78ca5d203ebf98747e8f16dff9713ba8950097ceb760b161e19907,Domains_Alloy
1035,-7.643293975330954,-7.147778570652008,1.02,0.321320817117,86dd3a804d78ca5d203ebf98747e8f16dff9713ba8950097ceb760b161e19907,Domains_Alloy
1036,-7.644032043340927,-7.147778570652008,1.02,0.321320817117,86dd3a804d78ca5d203ebf98747e8f16dff9713ba8950097ceb760b161e19907,Domains_Alloy
1037,-7.644770360248776,-7.147778570652008,1.02,0.321320817117,86dd3a804d78ca5d203ebf98747e8f16dff9713ba8950097ceb760b161e19907,Domains_Alloy
1038,-7.645508925815711,-7.147778570652008,1.02,0.321320817117,86dd3a804d78ca5d203ebf98747e8f16dff9713ba8950097ceb760b161e19907,Domains_Alloy
1039,-7.646247739803398,-7.147778570652008,1.02,0.321320817117,86dd3a804d78ca5d203ebf98747e8f16dff9713ba8950097ceb760b161e19907,Domains_Alloy
1040,-7.646986801973963,-7.147778570652008,1.02,0.321320817117,86dd3a804d78ca5d203ebf98747e8f16dff9713ba8950097ceb760b161e19907,Domains_Alloy
1041,-7.64772611208998,-7.147778570652008,1.02,0.321320817117,86dd3a804d78ca5d203ebf98747e8f16dff9713ba8950097ceb760b161e19907,Domains_Alloy
1042,-7.648465669914481,-7.147778570652008,1.02,0.321320817117,86dd3a804d78ca5d203ebf98747e8f16dff9713ba8950097ceb760b161e19907,Domains_Alloy
1043,-7.649205475210944,-7.147778570652008,1.02,0.321320817117,86dd3a804d78ca5d203ebf98747e8f16dff9713ba8950097ceb760b161e19907,Domains_Alloy
1044,-7.649945527743302,-7.147778570652008,1.02,0.321320817117,86dd3a804d78ca5d203ebf98747e8f16dff9713ba8950097ceb760b161e19907,Domains_Alloy
1045,-7.650685827275935,-7.147778570652008,1.02,0.321320817117,86dd3a804d78ca5d203ebf98747e8f16dff9713ba8950097ceb760b161e19907,Domains_Alloy
1046,-7.651426373573669,-7.147778570652008,1.02,0.321320817117,86dd3a804d78ca5d203ebf98747e8f16dff9713ba8950097ceb760b161e19907,Domains_Alloy
1047,-7.652167166401778,-7.147778570652008,1.02,0.321320817117,86dd3a804d78ca5d203ebf98747e8f16dff9713ba8950097ceb760b161e19907,Domains_Alloy
1048,-7.652908205525981,-7.147778570652008,1.02,0.321320817117,86dd3a804d78ca5d203ebf98747e8f16dff9713ba8950097ceb760b161e19907,Domains_Alloy
1049,-7.653649490712439,-7.147778570652008,1.02,0.321320817117,86dd3a804d78ca5d203ebf98747e8f16dff9713ba8950097ceb760b161e19907,Domains_Alloy
1050,-7.654391021727759,-7.147778570652008,1.02,0.321320817117,86dd3a804d78ca5d203ebf98747e8f16dff9713ba8950097ceb760b161e19907,Domains_Alloy
1051,-7.655132798338984,-7.147778570652008,1.02,0.321320817117,86dd3a804d78ca5d203ebf98747e8f16dff9713ba8950097ceb760b161e19907,Domains_Alloy
1052,-7.655874820313601,-7.147778570652008,1.02,0.321320817117,86dd3a804d78ca5d203ebf98747e8f16dff9713ba8950097ceb760b161e19907,Domains_Alloy
1053,-7.656617087419537,-7.147778570652008,1.02,0.321320817117,86dd3a804d78ca5d203ebf98747e8f16dff9713ba8950097ceb760b161e19907,Domains_Alloy
1054,-7.657359599425151,-7.147778570652008,1.02,0.321320817117,86dd3a804d78ca5d203ebf98747e8f16dff9713ba8950097ceb760b161e19907,Domains_Alloy
1055,-7.658102356099243,-7.147778570652008,1.02,0.321320817117,86dd3a804d78ca5d203ebf98747e8f16dff9713ba8950097ceb760b161e19907,Domains_Alloy
1056,-7.658845357211046,-7.147778570652008,1.02,0.321320817117,86dd3a804d78ca5d203ebf98747e8f16dff9713ba8950097ceb760b161e19907,Domains_Alloy
1057,-7.659588602530228,-7.147778570652008,1.02,0.321320817117,86dd3a804d78ca5d203ebf98747e8f16dff9713ba8950097ceb760b161e19907,Domains_Alloy
1058,-7.660332091826888,-7.147778570652008,1.02,0.321320817117,86dd3a804d78ca5d203ebf98747e8f16dff9713ba8950097ceb760b161e19907,Domains_Alloy
1059,-7.661075824871558,-7.147778570652008,1.02,0.321320817117,86dd3a804d78ca5d203ebf98747e8f16dff9713ba8950097ceb760b161e19907,Domains_Alloy
1060,-7.661819801435199,-7.147778570652008,1.02,0.321320817117,86dd3a804d78ca5d203ebf98747e8f16dff9713ba8950097ceb760b161e19907,Domains_Alloy
1061,-7.6625640212892,-7.147778570652008,1.02,0.321320817117,86dd3a804d78ca5d203ebf98747e8f16dff9713ba8950097ceb760b161e19907,Domains_Alloy
1062,-7.663308484205381,-7.147778570652008,1.02,0.321320817117,86dd3a804d78ca5d203ebf98747e8f16dff9713ba8950097ceb760b161e19907,Domains_Alloy
1063,-7.664053189955988,-7.147778570652008,1.02,0.321320817117,86dd3a804d78ca5d203ebf98747e8f16dff9713ba8950097ceb760b161e19907,Domains_Alloy
1064,-7.664798138313688,-7.147778570652008,1.02,0.321320817117,86dd3a804d78ca5d203ebf98747e8f16dff9713ba8950097ceb760b161e19907,Domains_Alloy
1065,-7.665543329051577,-7.147778570652008,1.02,0.321320817117,86dd3a804d78ca5d203ebf98747e8f16dff9713ba8950097ceb760b161e19907,Domains_Alloy
1066,-7.666288761943171,-7.147778570652008,1.02,0.321320817117,86dd3a804d78ca5d203ebf98747e8f16dff9713ba8950097ceb760b161e19907,Domains_Alloy
1067,-7.667034436762411,-7.147778570652008,1.02,0.321320817117,86dd3a804d78ca5d203ebf98747e8f16dff9713ba8950097ceb760b161e19907,Domains_Alloy
1068,-7.667780353283656,-7.147778570652008,1.02,0.321320817117,86dd3a804d78ca5d203ebf98747e8f16dff9713ba8950097ceb760b161e19907,Domains_Alloy
1069,-7.668526511281684,-7.147778570652008,1.02,0.321320817117,86dd3a804d78ca5d203ebf98747e8f16dff9713ba8950097ceb760b161e19907,Domains_Alloy
1070,-7.669272910531696,-7.147778570652008,1.02,0.321320817117,86dd3a804d78ca5d203ebf98747e8f16dff9713ba8950097ceb760b161e19907,Domains_Alloy
1071,-7.670019550809302,-7.147778570652008,1.02,0.321320817117,86dd3a804d78ca5d203ebf98747e8f16dff9713ba8950097ceb760b161e19907,Domains_Alloy
1072,-7.670766431890535,-7.147778570652008,1.02,0.321320817117,86dd3a804d78ca5d203ebf98747e8f16dff9713ba8950097ceb760b161e19907,Domains_Alloy
1073,-7.671513553551842,-7.147778570652008,1.02,0.321320817117,86dd3a804d78ca5d203ebf98747e8f16dff9713ba8950097ceb760b161e19907,Domains_Alloy
1074,-7.67226091557008,-7.147778570652008,1.02,0.321320817117,86dd3a804d78ca5d203ebf98747e8f16dff9713ba8950097ceb760b161e19907,Domains_Alloy
1075,-7.673008517722522,-7.147778570652008,1.02,0.321320817117,86dd3a804d78ca5d203ebf98747e8f16dff9713ba8950097ceb760b161e19907,Domains_Alloy
1076,-7.673756359786851,-7.147778570652008,1.02,0.321320817117,86dd3a804d78ca5d203ebf98747e8f16dff9713ba8950097ceb760b161e19907,Domains_Alloy
1077,-7.67450444154116,-7.147778570652008,1.02,0.321320817117,86dd3a804d78ca5d203ebf98747e8f16dff9713ba8950097ceb760b161e19907,Domains_Alloy
1078,-7.675252762763952,-7.147778570652008,1.02,0.321320817117,86dd3a804d78ca5d203ebf98747e8f16dff9713ba8950097ceb760b161e19907,Domains_Alloy
1079,-7.676001323234138,-7.147778570652008,1.02,0.321320817117,86dd3a804d78ca5d203ebf98747e8f16dff9713ba8950097ceb760b161e19907,Domains_Alloy
1080,-7.676750122731034,-7.147778570652008,1.02,0.321320817117,86dd3a804d78ca5d203ebf98747e8f16dff9713ba8950097ceb760b161e19907,Domains_Alloy
1081,-7.677499161034365,-7.147778570652008,1.02,0.321320817117,86dd3a804d78ca5d203ebf98747e8f16dff9713ba8950097ceb760b161e19907,Domains_Alloy
1082,-7.678248437924259,-7.147778570652008,1.02,0.321320817117,86dd3a804d78ca5d203ebf98747e8f16dff9713ba8950097ceb760b161e19907,Domains_Alloy
1083,-7.678997953181246,-7.147778570652008,1.02,0.321320817117,86dd3a804d78ca5d203ebf98747e8f16dff9713ba8950097ceb760b161e19907,Domains_Alloy
1084,-7.67974770658626,-7.147778570652008,1.02,0.321320817117,86dd3a804d78ca5d203ebf98747e8f16dff9713ba8950097ceb760b161e19907,Domains_Alloy
1085,-7.680497697920639,-7.147778570652008,1.02,0.321320817117,86dd3a804d78ca5d203ebf98747e8f16dff9713ba8950097ceb760b161e19907,Domains_Alloy
1086,-7.681247926966115,-7.147778570652008,1.02,0.321320817117,86dd3a804d78ca5d203ebf98747e8f16dff9713ba8950097ceb760b161e19907,Domains_Alloy
1087,-7.681998393504825,-7.147778570652008,1.02,0.321320817117,86dd3a804d78ca5d203ebf98747e8f16dff9713ba8950097ceb760b161e19907,Domains_Alloy
1088,-7.6827490973193,-7.147778570652008,1.02,0.321320817117,86dd3a804d78ca5d203ebf98747e8f16dff9713ba8950097ceb760b161e19907,Domains_Alloy
1089,-7.683500038192471,-7.147778570652008,1.02,0.321320817117,86dd3a804d78ca5d203ebf98747e8f16dff9713ba8950097ceb760b161e19907,Domains_Alloy
1090,-7.684251215907663,-7.147778570652008,1.02,0.321320817117,86dd3a804d78ca5d203ebf98747e8f16dff9713ba8950097ceb760b161e19907,Domains_Alloy
1091,-7.685002630248597,-7.147778570652008,1.02,0.321320817117,86dd3a804d78ca5d203ebf98747e8f16dff9713ba8950097ceb760b161e19907,Domains_Alloy
1092,-7.685754280999386,-7.147778570652008,1.02,0.321320817117,86dd3a804d78ca5d203ebf98747e8f16dff9713ba8950097ceb760b161e19907,Domains_Alloy
1093,-7.686506167944537,-7.147778570652008,1.02,0.321320817117,86dd3a804d78ca5d203ebf98747e8f16dff9713ba8950097ceb760b161e19907,Domains_Alloy
1094,-7.687258290868948,-7.147778570652008,1.02,0.321320817117,86dd3a804d78ca5d203ebf98747e8f16dff9713ba8950097ceb760b161e19907,Domains_Alloy
1095,-7.688010649557909,-7.147778570652008,1.02,0.321320817117,86dd3a804d78ca5d203ebf98747e8f16dff9713ba8950097ceb760b161e19907,Domains_Alloy
1096,-7.688763243797098,-7.147778570652008,1.02,0.321320817117,86dd3a804d78ca5d203ebf98747e8f16dff9713ba8950097ceb760b161e19907,Domains_Alloy
1097,-7.68951607337258,-7.147778570652008,1.02,0.321320817117,86dd3a804d78ca5d203ebf98747e8f16dff9713ba8950097ceb760b161e19907,Domains_Alloy
1098,-7.69026913807081,-7.147778570652008,1.02,0.321320817117,86dd3a804d78ca5d203ebf98747e8f16dff9713ba8950097ceb760b161e19907,Domains_Alloy
1099,-7.691022437678629,-7.147778570652008,1.02,0.321320817117,86dd3a804d78ca5d203ebf98747e8f16dff9713ba8950097ceb760b161e19907,Domains_Alloy
1100,-7.691775971983262,-7.147778570652008,1.02,0.321320817117,86dd3a804d78ca5d203ebf98747e8f16dff9713ba8950097ceb760b161e19907,Domains_Alloy
1101,-7.692529740772319,-7.147778570652008,1.02,0.321320817117,86dd3a804d78ca5d203ebf98747e8f16dff9713ba8950097ceb760b161e19907,Domains_Alloy
1102,-7.693283743833792,-7.147778570652008,1.02,0.321320817117,86dd3a804d78ca5d203ebf98747e8f16dff9713ba8950097ceb760b161e19907,Domains_Alloy
1103,-7.694037980956058,-7.147778570652008,1.02,0.321320817117,86dd3a804d78ca5d203ebf98747e8f16dff9713ba8950097ceb760b161e19907,Domains_Alloy
1104,-7.694792451927871,-7.147778570652008,1.02,0.321320817117,86dd3a804d78ca5d203ebf98747e8f16dff9713ba8950097ceb760b161e19907,Domains_Alloy
1105,-7.695547156538369,-7.147778570652008,1.02,0.321320817117,86dd3a804d78ca5d203ebf98747e8f16dff9713ba8950097ceb760b161e19907,Domains_Alloy
1106,-7.696302094577066,-7.147778570652008,1.02,0.321320817117,86dd3a804d78ca5d203ebf98747e8f16dff9713ba8950097ceb760b161e19907,Domains_Alloy
1107,-7.697057265833857,-7.147778570652008,1.02,0.321320817117,86dd3a804d78ca5d203ebf98747e8f16dff9713ba8950097ceb760b161e19907,Domains_Alloy
1108,-7.697812670099012,-7.147778570652008,1.02,0.321320817117,86dd3a804d78ca5d203ebf98747e8f16dff9713ba8950097ceb760b161e19907,Domains_Alloy
1109,-7.698568307163177,-7.147778570652008,1.02,0.321320817117,86dd3a804d78ca5d203ebf98747e8f16dff9713ba8950097ceb760b161e19907,Domains_Alloy
1110,-7.699324176817373,-7.147778570652008,1.02,0.321320817117,86dd3a804d78ca5d203ebf98747e8f16dff9713ba8950097ceb760b161e19907,Domains_Alloy
1111,-7.700080278852997,-7.147778570652008,1.02,0.321320817117,86dd3a804d78ca5d203ebf98747e8f16dff9713ba8950097ceb760b161e19907,Domains_Alloy
1112,-7.700836613061816,-7.147778570652008,1.02,0.321320817117,86dd3a804d78ca5d203ebf98747e8f16dff9713ba8950097ceb760b161e19907,Domains_Alloy
1113,-7.701593179235972,-7.147778570652008,1.02,0.321320817117,86dd3a804d78ca5d203ebf98747e8f16dff9713ba8950097ceb760b161e19907,Domains_Alloy
1114,-7.702349977167976,-7.147778570652008,1.02,0.321320817117,86dd3a804d78ca5d203ebf98747e8f16dff9713ba8950097ceb760b161e19907,Domains_Alloy
1115,-7.703107006650708,-7.147778570652008,1.02,0.321320817117,86dd3a804d78ca5d203ebf98747e8f16dff9713ba8950097ceb760b161e19907,Domains_Alloy
1116,-7.70386426747742,-7.147778570652008,1.02,0.321320817117,86dd3a804d78ca5d203ebf98747e8f16dff9713ba8950097ceb760b161e19907,Domains_Alloy
1117,-7.704621759441731,-7.147778570652008,1.02,0.321320817117,86dd3a804d78ca5d203ebf98747e8f16dff9713ba8950097ceb760b161e19907,Domains_Alloy
1118,-7.705379482337627,-7.147778570652008,1.02,0.321320817117,86dd3a804d78ca5d203ebf98747e8f16dff9713ba8950097ceb760b161e19907,Domains_Alloy
1119,-7.706137435959459,-7.147778570652008,1.02,0.321320817117,86dd3a804d78ca5d203ebf98747e8f16dff9713ba8950097ceb760b161e19907,Domains_Alloy
1120,-7.706895620101944,-7.147778570652008,1.02,0.321320817117,86dd3a804d78ca5d203ebf98747e8f16dff9713ba8950097ceb760b161e19907,Domains_Alloy
1121,-7.707654034560163,-7.147778570652008,1.02,0.321320817117,86dd3a804d78ca5d203ebf98747e8f16dff9713ba8950097ceb760b161e19907,Domains_Alloy
1122,-7.708412679129561,-7.147778570652008,1.02,0.321320817117,86dd3a804d78ca5d203ebf98747e8f16dff9713ba8950097ceb760b161e19907,Domains_Alloy
1123,-7.709171553605944,-7.147778570652008,1.02,0.321320817117,86dd3a804d78ca5d203ebf98747e8f16dff9713ba8950097ceb760b161e19907,Domains_Alloy
1124,-7.709930657785479,-7.147778570652008,1.02,0.321320817117,86dd3a804d78ca5d203ebf98747e8f16dff9713ba8950097ceb760b161e19907,Domains_Alloy
1125,-7.710689991464696,-7.147778570652008,1.02,0.321320817117,86dd3a804d78ca5d203ebf98747e8f16dff9713ba8950097ceb760b161e19907,Domains_Alloy
1126,-7.711449554440481,-7.147778570652008,1.02,0.321320817117,86dd3a804d78ca5d203ebf98747e8f16dff9713ba8950097ceb760b161e19907,Domains_Alloy
1127,-7.712209346510081,-7.147778570652008,1.02,0.321320817117,86dd3a804d78ca5d203ebf98747e8f16dff9713ba8950097ceb760b161e19907,Domains_Alloy
1128,-7.712969367471098,-7.147778570652008,1.02,0.321320817117,86dd3a804d78ca5d203ebf98747e8f16dff9713ba8950097ceb760b161e19907,Domains_Alloy
1129,-7.713729617121493,-7.147778570652008,1.02,0.321320817117,86dd3a804d78ca5d203ebf98747e8f16dff9713ba8950097ceb760b161e19907,Domains_Alloy
1130,-7.714490095259582,-7.147778570652008,1.02,0.321320817117,86dd3a804d78ca5d203ebf98747e8f16dff9713ba8950097ceb760b161e19907,Domains_Alloy
1131,-7.715250801684033,-7.147778570652008,1.02,0.321320817117,86dd3a804d78ca5d203ebf98747e8f16dff9713ba8950097ceb760b161e19907,Domains_Alloy
1132,-7.716011736193872,-7.147778570652008,1.02,0.321320817117,86dd3a804d78ca5d203ebf98747e8f16dff9713ba8950097ceb760b161e19907,Domains_Alloy
1133,-7.716772898588475,-7.147778570652008,1.02,0.321320817117,86dd3a804d78ca5d203ebf98747e8f16dff9713ba8950097ceb760b161e19907,Domains_Alloy
1134,-7.71753428866757,-7.147778570652008,1.02,0.321320817117,86dd3a804d78ca5d203ebf98747e8f16dff9713ba8950097ceb760b161e19907,Domains_Alloy
1135,-7.718295906231237,-7.147778570652008,1.02,0.321320817117,86dd3a804d78ca5d203ebf98747e8f16dff9713ba8950097ceb760b161e19907,Domains_Alloy
1136,-7.719057751079904,-7.147778570652008,1.02,0.321320817117,86dd3a804d78ca5d203ebf98747e8f16dff9713ba8950097ceb760b161e19907,Domains_Alloy
1137,-7.719819823014353,-7.147778570652008,1.02,0.321320817117,86dd3a804d78ca5d203ebf98747e8f16dff9713ba8950097ceb760b161e19907,Domains_Alloy
1138,-7.720582121835707,-7.147778570652008,1.02,0.321320817117,86dd3a804d78ca5d203ebf98747e8f16dff9713ba8950097ceb760b161e19907,Domains_Alloy
1139,-7.721344647345442,-7.147778570652008,1.02,0.321320817117,86dd3a804d78ca5d203ebf98747e8f16dff9713ba8950097ceb760b161e19907,Domains_Alloy
1140,-7.722107399345377,-7.147778570652008,1.02,0.321320817117,86dd3a804d78ca5d203ebf98747e8f16dff9713ba8950097ceb760b161e19907,Domains_Alloy
1141,-7.72287037763768,-7.147778570652008,1.02,0.321320817117,86dd3a804d78ca5d203ebf98747e8f16dff9713ba8950097ceb760b161e19907,Domains_Alloy
1142,-7.72363358202486,-7.147778570652008,1.02,0.321320817117,86dd3a804d78ca5d203ebf98747e8f16dff9713ba8950097ceb760b161e19907,Domains_Alloy
1143,-7.724397012309771,-7.147778570652008,1.02,0.321320817117,86dd3a804d78ca5d203ebf98747e8f16dff9713ba8950097ceb760b161e19907,Domains_Alloy
1144,-7.725160668295611,-7.147778570652008,1.02,0.321320817117,86dd3a804d78ca5d203ebf98747e8f16dff9713ba8950097ceb760b161e19907,Domains_Alloy
1145,-7.725924549785917,-7.147778570652008,1.02,0.321320817117,86dd3a804d78ca5d203ebf98747e8f16dff9713ba8950097ceb760b161e19907,Domains_Alloy
1146,-7.72668865658457,-7.147778570652008,1.02,0.321320817117,86dd3a804d78ca5d203ebf98747e8f16dff9713ba8950097ceb760b161e19907,Domains_Alloy
1147,-7.727452988495791,-7.147778570652008,1.02,0.321320817117,86dd3a804d78ca5d203ebf98747e8f16dff9713ba8950097ceb760b161e19907,Domains_Alloy
1148,-7.728217545324136,-7.147778570652008,1.02,0.321320817117,86dd3a804d78ca5d203ebf98747e8f16dff9713ba8950097ceb760b161e19907,Domains_Alloy
1149,-7.728982326874505,-7.147778570652008,1.02,0.321320817117,86dd3a804d78ca5d203ebf98747e8f16dff9713ba8950097ceb760b161e19907,Domains_Alloy
1150,-7.729747332952133,-7.147778570652008,1.02,0.321320817117,86dd3a804d78ca5d203ebf98747e8f16dff9713ba8950097ceb760b161e19907,Domains_Alloy
1151,-7.73051256336259,-7.147778570652008,1.02,0.321320817117,86dd3a804d78ca5d203ebf98747e8f16dff9713ba8950097ceb760b161e19907,Domains_Alloy
1152,-7.731278017911784,-7.147778570652008,1.02,0.321320817117,86dd3a804d78ca5d203ebf98747e8f16dff9713ba8950097ceb760b161e19907,Domains_Alloy
1153,-7.732043696405958,-7.147778570652008,1.02,0.321320817117,86dd3a804d78ca5d203ebf98747e8f16dff9713ba8950097ceb760b161e19907,Domains_Alloy
1154,-7.732809598651685,-7.147778570652008,1.02,0.321320817117,86dd3a804d78ca5d203ebf98747e8f16dff9713ba8950097ceb760b161e19907,Domains_Alloy
1155,-7.733575724455878,-7.147778570652008,1.02,0.321320817117,86dd3a804d78ca5d203ebf98747e8f16dff9713ba8950097ceb760b161e19907,Domains_Alloy
1156,-7.734342073625778,-7.147778570652008,1.02,0.321320817117,86dd3a804d78ca5d203ebf98747e8f16dff9713ba8950097ceb760b161e19907,Domains_Alloy
1157,-7.735108645968956,-7.147778570652008,1.02,0.321320817117,86dd3a804d78ca5d203ebf98747e8f16dff9713ba8950097ceb760b161e19907,Domains_Alloy
1158,-7.735875441293318,-7.147778570652008,1.02,0.321320817117,86dd3a804d78ca5d203ebf98747e8f16dff9713ba8950097ceb760b161e19907,Domains_Alloy
1159,-7.736642459407095,-7.147778570652008,1.02,0.321320817117,86dd3a804d78ca5d203ebf98747e8f16dff9713ba8950097ceb760b161e19907,Domains_Alloy
1160,-7.73740970011885,-7.147778570652008,1.02,0.321320817117,86dd3a804d78ca5d203ebf98747e8f16dff9713ba8950097ceb760b161e19907,Domains_Alloy
1161,-7.738177163237474,-7.147778570652008,1.02,0.321320817117,86dd3a804d78ca5d203ebf98747e8f16dff9713ba8950097ceb760b161e19907,Domains_Alloy
1162,-7.738944848572183,-7.147778570652008,1.02,0.321320817117,86dd3a804d78ca5d203ebf98747e8f16dff9713ba8950097ceb760b161e19907,Domains_Alloy
1163,-7.739712755932522,-7.147778570652008,1.02,0.321320817117,86dd3a804d78ca5d203ebf98747e8f16dff9713ba8950097ceb760b161e19907,Domains_Alloy
1164,-7.74048088512836,-7.147778570652008,1.02,0.321320817117,86dd3a804d78ca5d203ebf98747e8f16dff9713ba8950097ceb760b161e19907,Domains_Alloy
1165,-7.74124923596989,-7.147778570652008,1.02,0.321320817117,86dd3a804d78ca5d203ebf98747e8f16dff9713ba8950097ceb760b161e19907,Domains_Alloy
1166,-7.742017808267631,-7.147778570652008,1.02,0.321320817117,86dd3a804d78ca5d203ebf98747e8f16dff9713ba8950097ceb760b161e19907,Domains_Alloy
1167,-7.742786601832424,-7.147778570652008,1.02,0.321320817117,86dd3a804d78ca5d203ebf98747e8f16dff9713ba8950097ceb760b161e19907,Domains_Alloy
1168,-7.74355561647543,-7.147778570652008,1.02,0.321320817117,86dd3a804d78ca5d203ebf98747e8f16dff9713ba8950097ceb760b161e19907,Domains_Alloy
1169,-7.744324852008136,-7.147778570652008,1.02,0.321320817117,86dd3a804d78ca5d203ebf98747e8f16dff9713ba8950097ceb760b161e19907,Domains_Alloy
1170,-7.745094308242346,-7.147778570652008,1.02,0.321320817117,86dd3a804d78ca5d203ebf98747e8f16dff9713ba8950097ceb760b161e19907,Domains_Alloy
1171,-7.745863984990184,-7.147778570652008,1.02,0.321320817117,86dd3a804d78ca5d203ebf98747e8f16dff9713ba8950097ceb760b161e19907,Domains_Alloy
1172,-7.746633882064096,-7.147778570652008,1.02,0.321320817117,86dd3a804d78ca5d203ebf98747e8f16dff9713ba8950097ceb760b161e19907,Domains_Alloy
1173,-7.747403999276841,-7.147778570652008,1.02,0.321320817117,86dd3a804d78ca5d203ebf98747e8f16dff9713ba8950097ceb760b161e19907,Domains_Alloy
1174,-7.7481743364415,-7.147778570652008,1.02,0.321320817117,86dd3a804d78ca5d203ebf98747e8f16dff9713ba8950097ceb760b161e19907,Domains_Alloy
1175,-7.748944893371468,-7.147778570652008,1.02,0.321320817117,86dd3a804d78ca5d203ebf98747e8f16dff9713ba8950097ceb760b161e19907,Domains_Alloy
1176,-7.749715669880458,-7.147778570652008,1.02,0.321320817117,86dd3a804d78ca5d203ebf98747e8f16dff9713ba8950097ceb760b161e19907,Domains_Alloy
1177,-7.750486665782494,-7.147778570652008,1.02,0.321320817117,86dd3a804d78ca5d203ebf98747e8f16dff9713ba8950097ceb760b161e19907,Domains_Alloy
1178,-7.751257880891917,-7.147778570652008,1.02,0.321320817117,86dd3a804d78ca5d203ebf98747e8f16dff9713ba8950097ceb760b161e19907,Domains_Alloy
1179,-7.752029315023382,-7.147778570652008,1.02,0.321320817117,86dd3a804d78ca5d203ebf98747e8f16dff9713ba8950097ceb760b161e19907,Domains_Alloy
1180,-7.752800967991854,-7.147778570652008,1.02,0.321320817117,86dd3a804d78ca5d203ebf98747e8f16dff9713ba8950097ceb760b161e19907,Domains_Alloy
1181,-7.753572839612612,-7.147778570652008,1.02,0.321320817117,86dd3a804d78ca5d203ebf98747e8f16dff9713ba8950097ceb760b161e19907,Domains_Alloy
1182,-7.754344929701245,-7.147778570652008,1.02,0.321320817117,86dd3a804d78ca5d203ebf98747e8f16dff9713ba8950097ceb760b161e19907,Domains_Alloy
1183,-7.755117238073653,-7.147778570652008,1.02,0.321320817117,86dd3a804d78ca5d203ebf98747e8f16dff9713ba8950097ceb760b161e19907,Domains_Alloy
1184,-7.755889764546043,-7.147778570652008,1.02,0.321320817117,86dd3a804d78ca5d203ebf98747e8f16dff9713ba8950097ceb760b161e19907,Domains_Alloy
1185,-7.756662508934933,-7.147778570652008,1.02,0.321320817117,86dd3a804d78ca5d203ebf98747e8f16dff9713ba8950097ceb760b161e19907,Domains_Alloy
1186,-7.757435471057148,-7.147778570652008,1.02,0.321320817117,86dd3a804d78ca5d203ebf98747e8f16dff9713ba8950097ceb760b161e19907,Domains_Alloy
1187,-7.75820865072982,-7.147778570652008,1.02,0.321320817117,86dd3a804d78ca5d203ebf98747e8f16dff9713ba8950097ceb760b161e19907,Domains_Alloy
1188,-7.758982047770388,-7.147778570652008,1.02,0.321320817117,86dd3a804d78ca5d203ebf98747e8f16dff9713ba8950097ceb760b161e19907,Domains_Alloy
1189,-7.759755661996596,-7.147778570652008,1.02,0.321320817117,86dd3a804d78ca5d203ebf98747e8f16dff9713ba8950097ceb760b161e19907,Domains_Alloy
1190,-7.760529493226493,-7.147778570652008,1.02,0.321320817117,86dd3a804d78ca5d203ebf98747e8f16dff9713ba8950097ceb760b161e19907,Domains_Alloy
1191,-7.761303541278432,-7.147778570652008,1.02,0.321320817117,86dd3a804d78ca5d203ebf98747e8f16dff9713ba8950097ceb760b161e19907,Domains_Alloy
1192,-7.762077805971069,-7.147778570652008,1.02,0.321320817117,86dd3a804d78ca5d203ebf98747e8f16dff9713ba8950097ceb760b161e19907,Domains_Alloy
1193,-7.762852287123361,-7.147778570652008,1.02,0.321320817117,86dd3a804d78ca5d203ebf98747e8f16dff9713ba8950097ceb760b161e19907,Domains_Alloy
1194,-7.763626984554571,-7.147778570652008,1.02,0.321320817117,86dd3a804d78ca5d203ebf98747e8f16dff9713ba8950097ceb760b161e19907,Domains_Alloy
1195,-7.764401898084257,-7.147778570652008,1.02,0.321320817117,86dd3a804d78ca5d203ebf98747e8f16dff9713ba8950097ceb760b161e19907,Domains_Alloy
1196,-7.765177027532284,-7.147778570652008,1.02,0.321320817117,86dd3a804d78ca5d203ebf98747e8f16dff9713ba8950097ceb760b161e19907,Domains_Alloy
1197,-7.765952372718812,-7.147778570652008,1.02,0.321320817117,86dd3a804d78ca5d203ebf98747e8f16dff9713ba8950097ceb760b161e19907,Domains_Alloy
1198,-7.766727933464299,-7.147778570652008,1.02,0.321320817117,86dd3a804d78ca5d203ebf98747e8f16dff9713ba8950097ceb760b161e19907,Domains_Alloy
1199,-7.767503709589505,-7.147778570652008,1.02,0.321320817117,86dd3a804d78ca5d203ebf98747e8f16dff9713ba8950097ceb760b161e19907,Domains_Alloy
1200,-7.768279700915484,-7.147778570652008,1.02,0.321320817117,86dd3a804d78ca5d203ebf98747e8f16dff9713ba8950097ceb760b161e19907,Domains_Alloy
1201,-7.769055907263589,-7.147778570652008,1.02,0.321320817117,86dd3a804d78ca5d203ebf98747e8f16dff9713ba8950097ceb760b161e19907,Domains_Alloy
1202,-7.769832328455465,-7.147778570652008,1.02,0.321320817117,86dd3a804d78ca5d203ebf98747e8f16dff9713ba8950097ceb760b161e19907,Domains_Alloy
1203,-7.770608964313055,-7.147778570652008,1.02,0.321320817117,86dd3a804d78ca5d203ebf98747e8f16dff9713ba8950097ceb760b161e19907,Domains_Alloy
1204,-7.771385814658598,-7.147778570652008,1.02,0.321320817117,86dd3a804d78ca5d203ebf98747e8f16dff9713ba8950097ceb760b161e19907,Domains_Alloy
1205,-7.772162879314622,-7.147778570652008,1.02,0.321320817117,86dd3a804d78ca5d203ebf98747e8f16dff9713ba8950097ceb760b161e19907,Domains_Alloy
1206,-7.772940158103952,-7.147778570652008,1.02,0.321320817117,86dd3a804d78ca5d203ebf98747e8f16dff9713ba8950097ceb760b161e19907,Domains_Alloy
1207,-7.773717650849701,-7.147778570652008,1.02,0.321320817117,86dd3a804d78ca5d203ebf98747e8f16dff9713ba8950097ceb760b161e19907,Domains_Alloy
1208,-7.774495357375279,-7.147778570652008,1.02,0.321320817117,86dd3a804d78ca5d203ebf98747e8f16dff9713ba8950097ceb760b161e19907,Domains_Alloy
1209,-7.775273277504381,-7.147778570652008,1.02,0.321320817117,86dd3a804d78ca5d203ebf98747e8f16dff9713ba8950097ceb760b161e19907,Domains_Alloy
1210,-7.776051411060996,-7.147778570652008,1.02,0.321320817117,86dd3a804d78ca5d203ebf98747e8f16dff9713ba8950097ceb760b161e19907,Domains_Alloy
1211,-7.7768297578694,-7.147778570652008,1.02,0.321320817117,86dd3a804d78ca5d203ebf98747e8f16dff9713ba8950097ceb760b161e19907,Domains_Alloy
1212,-7.77760831775416,-7.147778570652008,1.02,0.321320817117,86dd3a804d78ca5d203ebf98747e8f16dff9713ba8950097ceb760b161e19907,Domains_Alloy
1213,-7.778387090540127,-7.147778570652008,1.02,0.321320817117,86dd3a804d78ca5d203ebf98747e8f16dff9713ba8950097ceb760b161e19907,Domains_Alloy
1214,-7.779166076052443,-7.147778570652008,1.02,0.321320817117,86dd3a804d78ca5d203ebf98747e8f16dff9713ba8950097ceb760b161e19907,Domains_Alloy
1215,-7.779945274116534,-7.147778570652008,1.02,0.321320817117,86dd3a804d78ca5d203ebf98747e8f16dff9713ba8950097ceb760b161e19907,Domains_Alloy
1216,-7.780724684558112,-7.147778570652008,1.02,0.321320817117,86dd3a804d78ca5d203ebf98747e8f16dff9713ba8950097ceb760b161e19907,Domains_Alloy
1217,-7.781504307203177,-7.147778570652008,1.02,0.321320817117,86dd3a804d78ca5d203ebf98747e8f16dff9713ba8950097ceb760b161e19907,Domains_Alloy
1218,-7.78228414187801,-7.147778570652008,1.02,0.321320817117,86dd3a804d78ca5d203ebf98747e8f16dff9713ba8950097ceb760b161e19907,Domains_Alloy
1219,-7.783064188409176,-7.147778570652008,1.02,0.321320817117,86dd3a804d78ca5d203ebf98747e8f16dff9713ba8950097ceb760b161e19907,Domains_Alloy
1220,-7.783844446623525,-7.147778570652008,1.02,0.321320817117,86dd3a804d78ca5d203ebf98747e8f16dff9713ba8950097ceb760b161e19907,Domains_Alloy
1221,-7.784624916348186,-7.147778570652008,1.02,0.321320817117,86dd3a804d78ca5d203ebf98747e8f16dff9713ba8950097ceb760b161e19907,Domains_Alloy
1222,-7.785405597410573,-7.147778570652008,1.02,0.321320817117,86dd3a804d78ca5d203ebf98747e8f16dff9713ba8950097ceb760b161e19907,Domains_Alloy
1223,-7.786186489638379,-7.147778570652008,1.02,0.321320817117,86dd3a804d78ca5d203ebf98747e8f16dff9713ba8950097ceb760b161e19907,Domains_Alloy
1224,-7.78696759285958,-7.147778570652008,1.02,0.321320817117,86dd3a804d78ca5d203ebf98747e8f16dff9713ba8950097ceb760b161e19907,Domains_Alloy
1225,-7.787748906902425,-7.147778570652008,1.02,0.321320817117,86dd3a804d78ca5d203ebf98747e8f16dff9713ba8950097ceb760b161e19907,Domains_Alloy
1226,-7.788530431595449,-7.147778570652008,1.02,0.321320817117,86dd3a804d78ca5d203ebf98747e8f16dff9713ba8950097ceb760b161e19907,Domains_Alloy
1227,-7.789312166767461,-7.147778570652008,1.02,0.321320817117,86dd3a804d78ca5d203ebf98747e8f16dff9713ba8950097ceb760b161e19907,Domains_Alloy
1228,-7.790094112247549,-7.147778570652008,1.02,0.321320817117,86dd3a804d78ca5d203ebf98747e8f16dff9713ba8950097ceb760b161e19907,Domains_Alloy
1229,-7.790876267865077,-7.147778570652008,1.02,0.321320817117,86dd3a804d78ca5d203ebf98747e8f16dff9713ba8950097ceb760b161e19907,Domains_Alloy
1230,-7.791658633449687,-7.147778570652008,1.02,0.321320817117,86dd3a804d78ca5d203ebf98747e8f16dff9713ba8950097ceb760b161e19907,Domains_Alloy
1231,-7.792441208831296,-7.147778570652008,1.02,0.321320817117,86dd3a804d78ca5d203ebf98747e8f16dff9713ba8950097ceb760b161e19907,Domains_Alloy
1232,-7.793223993840092,-7.147778570652008,1.02,0.321320817117,86dd3a804d78ca5d203ebf98747e8f16dff9713ba8950097ceb760b161e19907,Domains_Alloy
1233,-7.794006988306542,-7.147778570652008,1.02,0.321320817117,86dd3a804d78ca5d203ebf98747e8f16dff9713ba8950097ceb760b161e19907,Domains_Alloy
1234,-7.794790192061385,-7.147778570652008,1.02,0.321320817117,86dd3a804d78ca5d203ebf98747e8f16dff9713ba8950097ceb760b161e19907,Domains_Alloy
1235,-7.795573604935633,-7.147778570652008,1.02,0.321320817117,86dd3a804d78ca5d203ebf98747e8f16dff9713ba8950097ceb760b161e19907,Domains_Alloy
1236,-7.796357226760567,-7.147778570652008,1.02,0.321320817117,86dd3a804d78ca5d203ebf98747e8f16dff9713ba8950097ceb760b161e19907,Domains_Alloy
1237,-7.797141057367746,-7.147778570652008,1.02,0.321320817117,86dd3a804d78ca5d203ebf98747e8f16dff9713ba8950097ceb760b161e19907,Domains_Alloy
1238,-7.797925096588994,-7.147778570652008,1.02,0.321320817117,86dd3a804d78ca5d203ebf98747e8f16dff9713ba8950097ceb760b161e19907,Domains_Alloy
1239,-7.798709344256407,-7.147778570652008,1.02,0.321320817117,86dd3a804d78ca5d203ebf98747e8f16dff9713ba8950097ceb760b161e19907,Domains_Alloy
1240,-7.799493800202352,-7.147778570652008,1.02,0.321320817117,86dd3a804d78ca5d203ebf98747e8f16dff9713ba8950097ceb760b161e19907,Domains_Alloy
1241,-7.800278464259463,-7.147778570652008,1.02,0.321320817117,86dd3a804d78ca5d203ebf98747e8f16dff9713ba8950097ceb760b161e19907,Domains_Alloy
1242,-7.801063336260643,-7.147778570652008,1.02,0.321320817117,86dd3a804d78ca5d203ebf98747e8f16dff9713ba8950097ceb760b161e19907,Domains_Alloy
1243,-7.801848416039065,-7.147778570652008,1.02,0.321320817117,86dd3a804d78ca5d203ebf98747e8f16dff9713ba8950097ceb760b161e19907,Domains_Alloy
1244,-7.802633703428164,-7.147778570652008,1.02,0.321320817117,86dd3a804d78ca5d203ebf98747e8f16dff9713ba8950097ceb760b161e19907,Domains_Alloy
1245,-7.803419198261645,-7.147778570652008,1.02,0.321320817117,86dd3a804d78ca5d203ebf98747e8f16dff9713ba8950097ceb760b161e19907,Domains_Alloy
1246,-7.804204900373479,-7.147778570652008,1.02,0.321320817117,86dd3a804d78ca5d203ebf98747e8f16dff9713ba8950097ceb760b161e19907,Domains_Alloy
1247,-7.804990809597898,-7.147778570652008,1.02,0.321320817117,86dd3a804d78ca5d203ebf98747e8f16dff9713ba8950097ceb760b161e19907,Domains_Alloy
1248,-7.805776925769404,-7.147778570652008,1.02,0.321320817117,86dd3a804d78ca5d203ebf98747e8f16dff9713ba8950097ceb760b161e19907,Domains_Alloy
1249,-7.806563248722759,-7.147778570652008,1.02,0.321320817117,86dd3a804d78ca5d203ebf98747e8f16dff9713ba8950097ceb760b161e19907,Domains_Alloy
1250,-7.80734977829299,-7.147778570652008,1.02,0.321320817117,86dd3a804d78ca5d203ebf98747e8f16dff9713ba8950097ceb760b161e19907,Domains_Alloy
1251,-7.808136514315386,-7.147778570652008,1.02,0.321320817117,86dd3a804d78ca5d203ebf98747e8f16dff9713ba8950097ceb760b161e19907,Domains_Alloy
1252,-7.808923456625497,-7.147778570652008,1.02,0.321320817117,86dd3a804d78ca5d203ebf98747e8f16dff9713ba8950097ceb760b161e19907,Domains_Alloy
1253,-7.809710605059136,-7.147778570652008,1.02,0.321320817117,86dd3a804d78ca5d203ebf98747e8f16dff9713ba8950097ceb760b161e19907,Domains_Alloy
1254,-7.810497959452373,-7.147778570652008,1.02,0.321320817117,86dd3a804d78ca5d203ebf98747e8f16dff9713ba8950097ceb760b161e19907,Domains_Alloy
1255,-7.811285519641547,-7.147778570652008,1.02,0.321320817117,86dd3a804d78ca5d203ebf98747e8f16dff9713ba8950097ceb760b161e19907,Domains_Alloy
1256,-7.812073285463245,-7.147778570652008,1.02,0.321320817117,86dd3a804d78ca5d203ebf98747e8f16dff9713ba8950097ceb760b161e19907,Domains_Alloy
1257,-7.81286125675432,-7.147778570652008,1.02,0.321320817117,86dd3a804d78ca5d203ebf98747e8f16dff9713ba8950097ceb760b161e19907,Domains_Alloy
1258,-7.81364943335188,-7.147778570652008,1.02,0.321320817117,86dd3a804d78ca5d203ebf98747e8f16dff9713ba8950097ceb760b161e19907,Domains_Alloy
1259,-7.814437815093295,-7.147778570652008,1.02,0.321320817117,86dd3a804d78ca5d203ebf98747e8f16dff9713ba8950097ceb760b161e19907,Domains_Alloy
1260,-7.815226401816187,-7.147778570652008,1.02,0.321320817117,86dd3a804d78ca5d203ebf98747e8f16dff9713ba8950097ceb760b161e19907,Domains_Alloy
1261,-7.816015193358437,-7.147778570652008,1.02,0.321320817117,86dd3a804d78ca5d203ebf98747e8f16dff9713ba8950097ceb760b161e19907,Domains_Alloy
1262,-7.81680418955818,-7.147778570652008,1.02,0.321320817117,86dd3a804d78ca5d203ebf98747e8f16dff9713ba8950097ceb760b161e19907,Domains_Alloy
1263,-7.817593390253809,-7.147778570652008,1.02,0.321320817117,86dd3a804d78ca5d203ebf98747e8f16dff9713ba8950097ceb760b161e19907,Domains_Alloy
1264,-7.81838279528397,-7.147778570652008,1.02,0.321320817117,86dd3a804d78ca5d203ebf98747e8f16dff9713ba8950097ceb760b161e19907,Domains_Alloy
1265,-7.819172404487562,-7.147778570652008,1.02,0.321320817117,86dd3a804d78ca5d203ebf98747e8f16dff9713ba8950097ceb760b161e19907,Domains_Alloy
1266,-7.819962217703739,-7.147778570652008,1.02,0.321320817117,86dd3a804d78ca5d203ebf98747e8f16dff9713ba8950097ceb760b161e19907,Domains_Alloy
1267,-7.820752234771907,-7.147778570652008,1.02,0.321320817117,86dd3a804d78ca5d203ebf98747e8f16dff9713ba8950097ceb760b161e19907,Domains_Alloy
1268,-7.821542455531723,-7.147778570652008,1.02,0.321320817117,86dd3a804d78ca5d203ebf98747e8f16dff9713ba8950097ceb760b161e19907,Domains_Alloy
1269,-7.822332879823101,-7.147778570652008,1.02,0.321320817117,86dd3a804d78ca5d203ebf98747e8f16dff9713ba8950097ceb760b161e19907,Domains_Alloy
1270,-7.823123507486198,-7.147778570652008,1.02,0.321320817117,86dd3a804d78ca5d203ebf98747e8f16dff9713ba8950097ceb760b161e19907,Domains_Alloy
1271,-7.823914338361426,-7.147778570652008,1.02,0.321320817117,86dd3a804d78ca5d203ebf98747e8f16dff9713ba8950097ceb760b161e19907,Domains_Alloy
1272,-7.824705372289448,-7.147778570652008,1.02,0.321320817117,86dd3a804d78ca5d203ebf98747e8f16dff9713ba8950097ceb760b161e19907,Domains_Alloy
1273,-7.825496609111173,-7.147778570652008,1.02,0.321320817117,86dd3a804d78ca5d203ebf98747e8f16dff9713ba8950097ceb760b161e19907,Domains_Alloy
1274,-7.82628804866776,-7.147778570652008,1.02,0.321320817117,86dd3a804d78ca5d203ebf98747e8f16dff9713ba8950097ceb760b161e19907,Domains_Alloy
1275,-7.827079690800617,-7.147778570652008,1.02,0.321320817117,86dd3a804d78ca5d203ebf98747e8f16dff9713ba8950097ceb760b161e19907,Domains_Alloy
1276,-7.8278715353514,-7.147778570652008,1.02,0.321320817117,86dd3a804d78ca5d203ebf98747e8f16dff9713ba8950097ceb760b161e19907,Domains_Alloy
1277,-7.828663582162007,-7.147778570652008,1.02,0.321320817117,86dd3a804d78ca5d203ebf98747e8f16dff9713ba8950097ceb760b161e19907,Domains_Alloy
1278,-7.82945583107459,-7.147778570652008,1.02,0.321320817117,86dd3a804d78ca5d203ebf98747e8f16dff9713ba8950097ceb760b161e19907,Domains_Alloy
1279,-7.83024828193154,-7.147778570652008,1.02,0.321320817117,86dd3a804d78ca5d203ebf98747e8f16dff9713ba8950097ceb760b161e19907,Domains_Alloy
1280,-7.831040934575498,-7.147778570652008,1.02,0.321320817117,86dd3a804d78ca5d203ebf98747e8f16dff9713ba8950097ceb760b161e19907,Domains_Alloy
1281,-7.831833788849346,-7.147778570652008,1.02,0.321320817117,86dd3a804d78ca5d203ebf98747e8f16dff9713ba8950097ceb760b161e19907,Domains_Alloy
1282,-7.832626844596214,-7.147778570652008,1.02,0.321320817117,86dd3a804d78ca5d203ebf98747e8f16dff9713ba8950097ceb760b161e19907,Domains_Alloy
1283,-7.83342010165947,-7.147778570652008,1.02,0.321320817117,86dd3a804d78ca5d203ebf98747e8f16dff9713ba8950097ceb760b161e19907,Domains_Alloy
1284,-7.83421355988273,-7.147778570652008,1.02,0.321320817117,86dd3a804d78ca5d203ebf98747e8f16dff9713ba8950097ceb760b161e19907,Domains_Alloy
1285,-7.835007219109851,-7.147778570652008,1.02,0.321320817117,86dd3a804d78ca5d203ebf98747e8f16dff9713ba8950097ceb760b161e19907,Domains_Alloy
1286,-7.835801079184931,-7.147778570652008,1.02,0.321320817117,86dd3a804d78ca5d203ebf98747e8f16dff9713ba8950097ceb760b161e19907,Domains_Alloy
1287,-7.836595139952308,-7.147778570652008,1.02,0.321320817117,86dd3a804d78ca5d203ebf98747e8f16dff9713ba8950097ceb760b161e19907,Domains_Alloy
1288,-7.837389401256564,-7.147778570652008,1.02,0.321320817117,86dd3a804d78ca5d203ebf98747e8f16dff9713ba8950097ceb760b161e19907,Domains_Alloy
1289,-7.838183862942518,-7.147778570652008,1.02,0.321320817117,86dd3a804d78ca5d203ebf98747e8f16dff9713ba8950097ceb760b161e19907,Domains_Alloy
1290,-7.838978524855232,-7.147778570652008,1.02,0.321320817117,86dd3a804d78ca5d203ebf98747e8f16dff9713ba8950097ceb760b161e19907,Domains_Alloy
1291,-7.839773386840004,-7.147778570652008,1.02,0.321320817117,86dd3a804d78ca5d203ebf98747e8f16dff9713ba8950097ceb760b161e19907,Domains_Alloy
1292,-7.840568448742371,-7.147778570652008,1.02,0.321320817117,86dd3a804d78ca5d203ebf98747e8f16dff9713ba8950097ceb760b161e19907,Domains_Alloy
1293,-7.841363710408108,-7.147778570652008,1.02,0.321320817117,86dd3a804d78ca5d203ebf98747e8f16dff9713ba8950097ceb760b161e19907,Domains_Alloy
1294,-7.842159171683229,-7.147778570652008,1.02,0.321320817117,86dd3a804d78ca5d203ebf98747e8f16dff9713ba8950097ceb760b161e19907,Domains_Alloy
1295,-7.842954832413983,-7.147778570652008,1.02,0.321320817117,86dd3a804d78ca5d203ebf98747e8f16dff9713ba8950097ceb760b161e19907,Domains_Alloy
1296,-7.843750692446855,-7.147778570652008,1.02,0.321320817117,86dd3a804d78ca5d203ebf98747e8f16dff9713ba8950097ceb760b161e19907,Domains_Alloy
1297,-7.844546751628568,-7.147778570652008,1.02,0.321320817117,86dd3a804d78ca5d203ebf98747e8f16dff9713ba8950097ceb760b161e19907,Domains_Alloy
1298,-7.845343009806078,-7.147778570652008,1.02,0.321320817117,86dd3a804d78ca5d203ebf98747e8f16dff9713ba8950097ceb760b161e19907,Domains_Alloy
1299,-7.846139466826577,-7.147778570652008,1.02,0.321320817117,86dd3a804d78ca5d203ebf98747e8f16dff9713ba8950097ceb760b161e19907,Domains_Alloy
1300,-7.846936122537491,-7.147778570652008,1.02,0.321320817117,86dd3a804d78ca5d203ebf98747e8f16dff9713ba8950097ceb760b161e19907,Domains_Alloy
1301,-7.847732976786477,-7.147778570652008,1.02,0.321320817117,86dd3a804d78ca5d203ebf98747e8f16dff9713ba8950097ceb760b161e19907,Domains_Alloy
1302,-7.848530029421429,-7.147778570652008,1.02,0.321320817117,86dd3a804d78ca5d203ebf98747e8f16dff9713ba8950097ceb760b161e19907,Domains_Alloy
1303,-7.849327280290471,-7.147778570652008,1.02,0.321320817117,86dd3a804d78ca5d203ebf98747e8f16dff9713ba8950097ceb760b161e19907,Domains_Alloy
1304,-7.850124729241962,-7.147778570652008,1.02,0.321320817117,86dd3a804d78ca5d203ebf98747e8f16dff9713ba8950097ceb760b161e19907,Domains_Alloy
1305,-7.850922376124485,-7.147778570652008,1.02,0.321320817117,86dd3a804d78ca5d203ebf98747e8f16dff9713ba8950097ceb760b161e19907,Domains_Alloy
1306,-7.851720220786864,-7.147778570652008,1.02,0.321320817117,86dd3a804d78ca5d203ebf98747e8f16dff9713ba8950097ceb760b161e19907,Domains_Alloy
1307,-7.852518263078146,-7.147778570652008,1.02,0.321320817117,86dd3a804d78ca5d203ebf98747e8f16dff9713ba8950097ceb760b161e19907,Domains_Alloy
1308,-7.85331650284761,-7.147778570652008,1.02,0.321320817117,86dd3a804d78ca5d203ebf98747e8f16dff9713ba8950097ceb760b161e19907,Domains_Alloy
1309,-7.854114939944768,-7.147778570652008,1.02,0.321320817117,86dd3a804d78ca5d203ebf98747e8f16dff9713ba8950097ceb760b161e19907,Domains_Alloy
1310,-7.854913574219354,-7.147778570652008,1.02,0.321320817117,86dd3a804d78ca5d203ebf98747e8f16dff9713ba8950097ceb760b161e19907,Domains_Alloy
1311,-7.855712405521333,-7.147778570652008,1.02,0.321320817117,86dd3a804d78ca5d203ebf98747e8f16dff9713ba8950097ceb760b161e19907,Domains_Alloy
1312,-7.856511433700902,-7.147778570652008,1.02,0.321320817117,86dd3a804d78ca5d203ebf98747e8f16dff9713ba8950097ceb760b161e19907,Domains_Alloy
1313,-7.85731065860848,-7.147778570652008,1.02,0.321320817117,86dd3a804d78ca5d203ebf98747e8f16dff9713ba8950097ceb760b161e19907,Domains_Alloy
1314,-7.858110080094715,-7.147778570652008,1.02,0.321320817117,86dd3a804d78ca5d203ebf98747e8f16dff9713ba8950097ceb760b161e19907,Domains_Alloy
1315,-7.85890969801048,-7.147778570652008,1.02,0.321320817117,86dd3a804d78ca5d203ebf98747e8f16dff9713ba8950097ceb760b161e19907,Domains_Alloy
1316,-7.859709512206876,-7.147778570652008,1.02,0.321320817117,86dd3a804d78ca5d203ebf98747e8f16dff9713ba8950097ceb760b161e19907,Domains_Alloy
1317,-7.860509522535226,-7.147778570652008,1.02,0.321320817117,86dd3a804d78ca5d203ebf98747e8f16dff9713ba8950097ceb760b161e19907,Domains_Alloy
1318,-7.861309728847082,-7.147778570652008,1.02,0.321320817117,86dd3a804d78ca5d203ebf98747e8f16dff9713ba8950097ceb760b161e19907,Domains_Alloy
1319,-7.862110130994214,-7.147778570652008,1.02,0.321320817117,86dd3a804d78ca5d203ebf98747e8f16dff9713ba8950097ceb760b161e19907,Domains_Alloy
1320,-7.862910728828623,-7.147778570652008,1.02,0.321320817117,86dd3a804d78ca5d203ebf98747e8f16dff9713ba8950097ceb760b161e19907,Domains_Alloy
1321,-7.863711522202527,-7.147778570652008,1.02,0.321320817117,86dd3a804d78ca5d203ebf98747e8f16dff9713ba8950097ceb760b161e19907,Domains_Alloy
1322,-7.86451251096837,-7.147778570652008,1.02,0.321320817117,86dd3a804d78ca5d203ebf98747e8f16dff9713ba8950097ceb760b161e19907,Domains_Alloy
1323,-7.865313694978818,-7.147778570652008,1.02,0.321320817117,86dd3a804d78ca5d203ebf98747e8f16dff9713ba8950097ceb760b161e19907,Domains_Alloy
1324,-7.866115074086758,-7.147778570652008,1.02,0.321320817117,86dd3a804d78ca5d203ebf98747e8f16dff9713ba8950097ceb760b161e19907,Domains_Alloy
1325,-7.866916648145295,-7.147778570652008,1.02,0.321320817117,86dd3a804d78ca5d203ebf98747e8f16dff9713ba8950097ceb760b161e19907,Domains_Alloy
1326,-7.867718417007765,-7.147778570652008,1.02,0.321320817117,86dd3a804d78ca5d203ebf98747e8f16dff9713ba8950097ceb760b161e19907,Domains_Alloy
1327,-7.868520380527709,-7.147778570652008,1.02,0.321320817117,86dd3a804d78ca5d203ebf98747e8f16dff9713ba8950097ceb760b161e19907,Domains_Alloy
1328,-7.869322538558902,-7.147778570652008,1.02,0.321320817117,86dd3a804d78ca5d203ebf98747e8f16dff9713ba8950097ceb760b161e19907,Domains_Alloy
1329,-7.870124890955328,-7.147778570652008,1.02,0.321320817117,86dd3a804d78ca5d203ebf98747e8f16dff9713ba8950097ceb760b161e19907,Domains_Alloy
1330,-7.870927437571195,-7.147778570652008,1.02,0.321320817117,86dd3a804d78ca5d203ebf98747e8f16dff9713ba8950097ceb760b161e19907,Domains_Alloy
1331,-7.871730178260929,-7.147778570652008,1.02,0.321320817117,86dd3a804d78ca5d203ebf98747e8f16dff9713ba8950097ceb760b161e19907,Domains_Alloy
1332,-7.872533112879172,-7.147778570652008,1.02,0.321320817117,86dd3a804d78ca5d203ebf98747e8f16dff9713ba8950097ceb760b161e19907,Domains_Alloy
1333,-7.873336241280782,-7.147778570652008,1.02,0.321320817117,86dd3a804d78ca5d203ebf98747e8f16dff9713ba8950097ceb760b161e19907,Domains_Alloy
1334,-7.874139563320838,-7.147778570652008,1.02,0.321320817117,86dd3a804d78ca5d203ebf98747e8f16dff9713ba8950097ceb760b161e19907,Domains_Alloy
1335,-7.874943078854631,-7.147778570652008,1.02,0.321320817117,86dd3a804d78ca5d203ebf98747e8f16dff9713ba8950097ceb760b161e19907,Domains_Alloy
1336,-7.875746787737671,-7.147778570652008,1.02,0.321320817117,86dd3a804d78ca5d203ebf98747e8f16dff9713ba8950097ceb760b161e19907,Domains_Alloy
1337,-7.876550689825682,-7.147778570652008,1.02,0.321320817117,86dd3a804d78ca5d203ebf98747e8f16dff9713ba8950097ceb760b161e19907,Domains_Alloy
1338,-7.877354784974601,-7.147778570652008,1.02,0.321320817117,86dd3a804d78ca5d203ebf98747e8f16dff9713ba8950097ceb760b161e19907,Domains_Alloy
1339,-7.878159073040584,-7.147778570652008,1.02,0.321320817117,86dd3a804d78ca5d203ebf98747e8f16dff9713ba8950097ceb760b161e19907,Domains_Alloy
1340,-7.878963553879996,-7.147778570652008,1.02,0.321320817117,86dd3a804d78ca5d203ebf98747e8f16dff9713ba8950097ceb760b161e19907,Domains_Alloy
1341,-7.879768227349417,-7.147778570652008,1.02,0.321320817117,86dd3a804d78ca5d203ebf98747e8f16dff9713ba8950097ceb760b161e19907,Domains_Alloy
1342,-7.880573093305642,-7.147778570652008,1.02,0.321320817117,86dd3a804d78ca5d203ebf98747e8f16dff9713ba8950097ceb760b161e19907,Domains_Alloy
1343,-7.881378151605674,-7.147778570652008,1.02,0.321320817117,86dd3a804d78ca5d203ebf98747e8f16dff9713ba8950097ceb760b161e19907,Domains_Alloy
1344,-7.882183402106734,-7.147778570652008,1.02,0.321320817117,86dd3a804d78ca5d203ebf98747e8f16dff9713ba8950097ceb760b161e19907,Domains_Alloy
1345,-7.882988844666249,-7.147778570652008,1.02,0.321320817117,86dd3a804d78ca5d203ebf98747e8f16dff9713ba8950097ceb760b161e19907,Domains_Alloy
1346,-7.88379447914186,-7.147778570652008,1.02,0.321320817117,86dd3a804d78ca5d203ebf98747e8f16dff9713ba8950097ceb760b161e19907,Domains_Alloy
1347,-7.884600305391418,-7.147778570652008,1.02,0.321320817117,86dd3a804d78ca5d203ebf98747e8f16dff9713ba8950097ceb760b161e19907,Domains_Alloy
1348,-7.885406323272983,-7.147778570652008,1.02,0.321320817117,86dd3a804d78ca5d203ebf98747e8f16dff9713ba8950097ceb760b161e19907,Domains_Alloy
1349,-7.886212532644826,-7.147778570652008,1.02,0.321320817117,86dd3a804d78ca5d203ebf98747e8f16dff9713ba8950097ceb760b161e19907,Domains_Alloy
1350,-7.887018933365426,-7.147778570652008,1.02,0.321320817117,86dd3a804d78ca5d203ebf98747e8f16dff9713ba8950097ceb760b161e19907,Domains_Alloy
1351,-7.887825525293474,-7.147778570652008,1.02,0.321320817117,86dd3a804d78ca5d203ebf98747e8f16dff9713ba8950097ceb760b161e19907,Domains_Alloy
1352,-7.888632308287862,-7.147778570652008,1.02,0.321320817117,86dd3a804d78ca5d203ebf98747e8f16dff9713ba8950097ceb760b161e19907,Domains_Alloy
1353,-7.8894392822077,-7.147778570652008,1.02,0.321320817117,86dd3a804d78ca5d203ebf98747e8f16dff9713ba8950097ceb760b161e19907,Domains_Alloy
1354,-7.890246446912296,-7.147778570652008,1.02,0.321320817117,86dd3a804d78ca5d203ebf98747e8f16dff9713ba8950097ceb760b161e19907,Domains_Alloy
1355,-7.891053802261169,-7.147778570652008,1.02,0.321320817117,86dd3a804d78ca5d203ebf98747e8f16dff9713ba8950097ceb760b161e19907,Domains_Alloy
1356,-7.891861348114045,-7.147778570652008,1.02,0.321320817117,86dd3a804d78ca5d203ebf98747e8f16dff9713ba8950097ceb760b161e19907,Domains_Alloy
1357,-7.892669084330854,-7.147778570652008,1.02,0.321320817117,86dd3a804d78ca5d203ebf98747e8f16dff9713ba8950097ceb760b161e19907,Domains_Alloy
1358,-7.893477010771734,-7.147778570652008,1.02,0.321320817117,86dd3a804d78ca5d203ebf98747e8f16dff9713ba8950097ceb760b161e19907,Domains_Alloy
1359,-7.894285127297025,-7.147778570652008,1.02,0.321320817117,86dd3a804d78ca5d203ebf98747e8f16dff9713ba8950097ceb760b161e19907,Domains_Alloy
1360,-7.895093433767275,-7.147778570652008,1.02,0.321320817117,86dd3a804d78ca5d203ebf98747e8f16dff9713ba8950097ceb760b161e19907,Domains_Alloy
1361,-7.895901930043233,-7.147778570652008,1.02,0.321320817117,86dd3a804d78ca5d203ebf98747e8f16dff9713ba8950097ceb760b161e19907,Domains_Alloy
1362,-7.896710615985854,-7.147778570652008,1.02,0.321320817117,86dd3a804d78ca5d203ebf98747e8f16dff9713ba8950097ceb760b161e19907,Domains_Alloy
1363,-7.897519491456293,-7.147778570652008,1.02,0.321320817117,86dd3a804d78ca5d203ebf98747e8f16dff9713ba8950097ceb760b161e19907,Domains_Alloy
1364,-7.898328556315914,-7.147778570652008,1.02,0.321320817117,86dd3a804d78ca5d203ebf98747e8f16dff9713ba8950097ceb760b161e19907,Domains_Alloy
1365,-7.899137810426277,-7.147778570652008,1.02,0.321320817117,86dd3a804d78ca5d203ebf98747e8f16dff9713ba8950097ceb760b161e19907,Domains_Alloy
1366,-7.899947253649146,-7.147778570652008,1.02,0.321320817117,86dd3a804d78ca5d203ebf98747e8f16dff9713ba8950097ceb760b161e19907,Domains_Alloy
1367,-7.900756885846489,-7.147778570652008,1.02,0.321320817117,86dd3a804d78ca5d203ebf98747e8f16dff9713ba8950097ceb760b161e19907,Domains_Alloy
1368,-7.90156670688047,-7.147778570652008,1.02,0.321320817117,86dd3a804d78ca5d203ebf98747e8f16dff9713ba8950097ceb760b161e19907,Domains_Alloy
1369,-7.902376716613461,-7.147778570652008,1.02,0.321320817117,86dd3a804d78ca5d203ebf98747e8f16dff9713ba8950097ceb760b161e19907,Domains_Alloy
1370,-7.903186914908026,-7.147778570652008,1.02,0.321320817117,86dd3a804d78ca5d203ebf98747e8f16dff9713ba8950097ceb760b161e19907,Domains_Alloy
1371,-7.903997301626934,-7.147778570652008,1.02,0.321320817117,86dd3a804d78ca5d203ebf98747e8f16dff9713ba8950097ceb760b161e19907,Domains_Alloy
1372,-7.904807876633154,-7.147778570652008,1.02,0.321320817117,86dd3a804d78ca5d203ebf98747e8f16dff9713ba8950097ceb760b161e19907,Domains_Alloy
1373,-7.905618639789848,-7.147778570652008,1.02,0.321320817117,86dd3a804d78ca5d203ebf98747e8f16dff9713ba8950097ceb760b161e19907,Domains_Alloy
1374,-7.906429590960382,-7.147778570652008,1.02,0.321320817117,86dd3a804d78ca5d203ebf98747e8f16dff9713ba8950097ceb760b161e19907,Domains_Alloy
1375,-7.907240730008319,-7.147778570652008,1.02,0.321320817117,86dd3a804d78ca5d203ebf98747e8f16dff9713ba8950097ceb760b161e19907,Domains_Alloy
1376,-7.908052056797418,-7.147778570652008,1.02,0.321320817117,86dd3a804d78ca5d203ebf98747e8f16dff9713ba8950097ceb760b161e19907,Domains_Alloy
1377,-7.908863571191636,-7.147778570652008,1.02,0.321320817117,86dd3a804d78ca5d203ebf98747e8f16dff9713ba8950097ceb760b161e19907,Domains_Alloy
1378,-7.909675273055127,-7.147778570652008,1.02,0.321320817117,86dd3a804d78ca5d203ebf98747e8f16dff9713ba8950097ceb760b161e19907,Domains_Alloy
1379,-7.910487162252241,-7.147778570652008,1.02,0.321320817117,86dd3a804d78ca5d203ebf98747e8f16dff9713ba8950097ceb760b161e19907,Domains_Alloy
1380,-7.911299238647523,-7.147778570652008,1.02,0.321320817117,86dd3a804d78ca5d203ebf98747e8f16dff9713ba8950097ceb760b161e19907,Domains_Alloy
1381,-7.912111502105715,-7.147778570652008,1.02,0.321320817117,86dd3a804d78ca5d203ebf98747e8f16dff9713ba8950097ceb760b161e19907,Domains_Alloy
1382,-7.912923952491754,-7.147778570652008,1.02,0.321320817117,86dd3a804d78ca5d203ebf98747e8f16dff9713ba8950097ceb760b161e19907,Domains_Alloy
1383,-7.91373658967077,-7.147778570652008,1.02,0.321320817117,86dd3a804d78ca5d203ebf98747e8f16dff9713ba8950097ceb760b161e19907,Domains_Alloy
1384,-7.914549413508089,-7.147778570652008,1.02,0.321320817117,86dd3a804d78ca5d203ebf98747e8f16dff9713ba8950097ceb760b161e19907,Domains_Alloy
1385,-7.91536242386923,-7.147778570652008,1.02,0.321320817117,86dd3a804d78ca5d203ebf98747e8f16dff9713ba8950097ceb760b161e19907,Domains_Alloy
1386,-7.916175620619905,-7.147778570652008,1.02,0.321320817117,86dd3a804d78ca5d203ebf98747e8f16dff9713ba8950097ceb760b161e19907,Domains_Alloy
1387,-7.916989003626018,-7.147778570652008,1.02,0.321320817117,86dd3a804d78ca5d203ebf98747e8f16dff9713ba8950097ceb760b161e19907,Domains_Alloy
1388,-7.917802572753669,-7.147778570652008,1.02,0.321320817117,86dd3a804d78ca5d203ebf98747e8f16dff9713ba8950097ceb760b161e19907,Domains_Alloy
1389,-7.918616327869147,-7.147778570652008,1.02,0.321320817117,86dd3a804d78ca5d203ebf98747e8f16dff9713ba8950097ceb760b161e19907,Domains_Alloy
1390,-7.919430268838935,-7.147778570652008,1.02,0.321320817117,86dd3a804d78ca5d203ebf98747e8f16dff9713ba8950097ceb760b161e19907,Domains_Alloy
1391,-7.920244395529703,-7.147778570652008,1.02,0.321320817117,86dd3a804d78ca5d203ebf98747e8f16dff9713ba8950097ceb760b161e19907,Domains_Alloy
1392,-7.921058707808317,-7.147778570652008,1.02,0.321320817117,86dd3a804d78ca5d203ebf98747e8f16dff9713ba8950097ceb760b161e19907,Domains_Alloy
1393,-7.92187320554183,-7.147778570652008,1.02,0.321320817117,86dd3a804d78ca5d203ebf98747e8f16dff9713ba8950097ceb760b161e19907,Domains_Alloy
1394,-7.922687888597489,-7.147778570652008,1.02,0.321320817117,86dd3a804d78ca5d203ebf98747e8f16dff9713ba8950097ceb760b161e19907,Domains_Alloy
1395,-7.923502756842724,-7.147778570652008,1.02,0.321320817117,86dd3a804d78ca5d203ebf98747e8f16dff9713ba8950097ceb760b161e19907,Domains_Alloy
1396,-7.92431781014516,-7.147778570652008,1.02,0.321320817117,86dd3a804d78ca5d203ebf98747e8f16dff9713ba8950097ceb760b161e19907,Domains_Alloy
1397,-7.925133048372611,-7.147778570652008,1.02,0.321320817117,86dd3a804d78ca5d203ebf98747e8f16dff9713ba8950097ceb760b161e19907,Domains_Alloy
1398,-7.925948471393073,-7.147778570652008,1.02,0.321320817117,86dd3a804d78ca5d203ebf98747e8f16dff9713ba8950097ceb760b161e19907,Domains_Alloy
1399,-7.926764079074739,-7.147778570652008,1.02,0.321320817117,86dd3a804d78ca5d203ebf98747e8f16dff9713ba8950097ceb760b161e19907,Domains_Alloy
1400,-7.927579871285984,-7.147778570652008,1.02,0.321320817117,86dd3a804d78ca5d203ebf98747e8f16dff9713ba8950097ceb760b161e19907,Domains_Alloy
1401,-7.928395847895372,-7.147778570652008,1.02,0.321320817117,86dd3a804d78ca5d203ebf98747e8f16dff9713ba8950097ceb760b161e19907,Domains_Alloy
1402,-7.929212008771652,-7.147778570652008,1.02,0.321320817117,86dd3a804d78ca5d203ebf98747e8f16dff9713ba8950097ceb760b161e19907,Domains_Alloy
1403,-7.930028353783761,-7.147778570652008,1.02,0.321320817117,86dd3a804d78ca5d203ebf98747e8f16dff9713ba8950097ceb760b161e19907,Domains_Alloy
1404,-7.93084488280082,-7.147778570652008,1.02,0.321320817117,86dd3a804d78ca5d203ebf98747e8f16dff9713ba8950097ceb760b161e19907,Domains_Alloy
1405,-7.931661595692139,-7.147778570652008,1.02,0.321320817117,86dd3a804d78ca5d203ebf98747e8f16dff9713ba8950097ceb760b161e19907,Domains_Alloy
1406,-7.932478492327215,-7.147778570652008,1.02,0.321320817117,86dd3a804d78ca5d203ebf98747e8f16dff9713ba8950097ceb760b161e19907,Domains_Alloy
1407,-7.933295572575722,-7.147778570652008,1.02,0.321320817117,86dd3a804d78ca5d203ebf98747e8f16dff9713ba8950097ceb760b161e19907,Domains_Alloy
1408,-7.934112836307525,-7.147778570652008,1.02,0.321320817117,86dd3a804d78ca5d203ebf98747e8f16dff9713ba8950097ceb760b161e19907,Domains_Alloy
1409,-7.934930283392671,-7.147778570652008,1.02,0.321320817117,86dd3a804d78ca5d203ebf98747e8f16dff9713ba8950097ceb760b161e19907,Domains_Alloy
1410,-7.93574791370139,-7.147778570652008,1.02,0.321320817117,86dd3a804d78ca5d203ebf98747e8f16dff9713ba8950097ceb760b161e19907,Domains_Alloy
1411,-7.936565727104096,-7.147778570652008,1.02,0.321320817117,86dd3a804d78ca5d203ebf98747e8f16dff9713ba8950097ceb760b161e19907,Domains_Alloy
1412,-7.937383723471387,-7.147778570652008,1.02,0.321320817117,86dd3a804d78ca5d203ebf98747e8f16dff9713ba8950097ceb760b161e19907,Domains_Alloy
1413,-7.938201902674042,-7.147778570652008,1.02,0.321320817117,86dd3a804d78ca5d203ebf98747e8f16dff9713ba8950097ceb760b161e19907,Domains_Alloy
1414,-7.939020264583024,-7.147778570652008,1.02,0.321320817117,86dd3a804d78ca5d203ebf98747e8f16dff9713ba8950097ceb760b161e19907,Domains_Alloy
1415,-7.939838809069474,-7.147778570652008,1.02,0.321320817117,86dd3a804d78ca5d203ebf98747e8f16dff9713ba8950097ceb760b161e19907,Domains_Alloy
1416,-7.94065753600472,-7.147778570652008,1.02,0.321320817117,86dd3a804d78ca5d203ebf98747e8f16dff9713ba8950097ceb760b161e19907,Domains_Alloy
1417,-7.941476445260266,-7.147778570652008,1.02,0.321320817117,86dd3a804d78ca5d203ebf98747e8f16dff9713ba8950097ceb760b161e19907,Domains_Alloy
1418,-7.942295536707797,-7.147778570652008,1.02,0.321320817117,86dd3a804d78ca5d203ebf98747e8f16dff9713ba8950097ceb760b161e19907,Domains_Alloy
1419,-7.943114810219182,-7.147778570652008,1.02,0.321320817117,86dd3a804d78ca5d203ebf98747e8f16dff9713ba8950097ceb760b161e19907,Domains_Alloy
1420,-7.943934265666465,-7.147778570652008,1.02,0.321320817117,86dd3a804d78ca5d203ebf98747e8f16dff9713ba8950097ceb760b161e19907,Domains_Alloy
1421,-7.944753902921875,-7.147778570652008,1.02,0.321320817117,86dd3a804d78ca5d203ebf98747e8f16dff9713ba8950097ceb760b161e19907,Domains_Alloy
1422,-7.945573721857818,-7.147778570652008,1.02,0.321320817117,86dd3a804d78ca5d203ebf98747e8f16dff9713ba8950097ceb760b161e19907,Domains_Alloy
1423,-7.946393722346873,-7.147778570652008,1.02,0.321320817117,86dd3a804d78ca5d203ebf98747e8f16dff9713ba8950097ceb760b161e19907,Domains_Alloy
1424,-7.947213904261805,-7.147778570652008,1.02,0.321320817117,86dd3a804d78ca5d203ebf98747e8f16dff9713ba8950097ceb760b161e19907,Domains_Alloy
1425,-7.948034267475554,-7.147778570652008,1.02,0.321320817117,86dd3a804d78ca5d203ebf98747e8f16dff9713ba8950097ceb760b161e19907,Domains_Alloy
1426,-7.948854811861239,-7.147778570652008,1.02,0.321320817117,86dd3a804d78ca5d203ebf98747e8f16dff9713ba8950097ceb760b161e19907,Domains_Alloy
1427,-7.949675537292153,-7.147778570652008,1.02,0.321320817117,86dd3a804d78ca5d203ebf98747e8f16dff9713ba8950097ceb760b161e19907,Domains_Alloy
1428,-7.950496443641768,-7.147778570652008,1.02,0.321320817117,86dd3a804d78ca5d203ebf98747e8f16dff9713ba8950097ceb760b161e19907,Domains_Alloy
1429,-7.951317530783734,-7.147778570652008,1.02,0.321320817117,86dd3a804d78ca5d203ebf98747e8f16dff9713ba8950097ceb760b161e19907,Domains_Alloy
1430,-7.952138798591874,-7.147778570652008,1.02,0.321320817117,86dd3a804d78ca5d203ebf98747e8f16dff9713ba8950097ceb760b161e19907,Domains_Alloy
1431,-7.952960246940189,-7.147778570652008,1.02,0.321320817117,86dd3a804d78ca5d203ebf98747e8f16dff9713ba8950097ceb760b161e19907,Domains_Alloy
1432,-7.953781875702854,-7.147778570652008,1.02,0.321320817117,86dd3a804d78ca5d203ebf98747e8f16dff9713ba8950097ceb760b161e19907,Domains_Alloy
1433,-7.95460368475422,-7.147778570652008,1.02,0.321320817117,86dd3a804d78ca5d203ebf98747e8f16dff9713ba8950097ceb760b161e19907,Domains_Alloy
1434,-7.955425673968812,-7.147778570652008,1.02,0.321320817117,86dd3a804d78ca5d203ebf98747e8f16dff9713ba8950097ceb760b161e19907,Domains_Alloy
1435,-7.956247843221329,-7.147778570652008,1.02,0.321320817117,86dd3a804d78ca5d203ebf98747e8f16dff9713ba8950097ceb760b161e19907,Domains_Alloy
1436,-7.957070192386646,-7.147778570652008,1.02,0.321320817117,86dd3a804d78ca5d203ebf98747e8f16dff9713ba8950097ceb760b161e19907,Domains_Alloy
1437,-7.95789272133981,-7.147778570652008,1.02,0.321320817117,86dd3a804d78ca5d203ebf98747e8f16dff9713ba8950097ceb760b161e19907,Domains_Alloy
1438,-7.95871542995604,-7.147778570652008,1.02,0.321320817117,86dd3a804d78ca5d203ebf98747e8f16dff9713ba8950097ceb760b161e19907,Domains_Alloy
1439,-7.959538318110731,-7.147778570652008,1.02,0.321320817117,86dd3a804d78ca5d203ebf98747e8f16dff9713ba8950097ceb760b161e19907,Domains_Alloy
1440,-7.960361385679447,-7.147778570652008,1.02,0.321320817117,86dd3a804d78ca5d203ebf98747e8f16dff9713ba8950097ceb760b161e19907,Domains_Alloy
1441,-7.961184632537926,-7.147778570652008,1.02,0.321320817117,86dd3a804d78ca5d203ebf98747e8f16dff9713ba8950097ceb760b161e19907,Domains_Alloy
1442,-7.962008058562078,-7.147778570652008,1.02,0.321320817117,86dd3a804d78ca5d203ebf98747e8f16dff9713ba8950097ceb760b161e19907,Domains_Alloy
1443,-7.962831663627984,-7.147778570652008,1.02,0.321320817117,86dd3a804d78ca5d203ebf98747e8f16dff9713ba8950097ceb760b161e19907,Domains_Alloy
1444,-7.963655447611895,-7.147778570652008,1.02,0.321320817117,86dd3a804d78ca5d203ebf98747e8f16dff9713ba8950097ceb760b161e19907,Domains_Alloy
1445,-7.964479410390236,-7.147778570652008,1.02,0.321320817117,86dd3a804d78ca5d203ebf98747e8f16dff9713ba8950097ceb760b161e19907,Domains_Alloy
1446,-7.965303551839598,-7.147778570652008,1.02,0.321320817117,86dd3a804d78ca5d203ebf98747e8f16dff9713ba8950097ceb760b161e19907,Domains_Alloy
1447,-7.966127871836747,-7.147778570652008,1.02,0.321320817117,86dd3a804d78ca5d203ebf98747e8f16dff9713ba8950097ceb760b161e19907,Domains_Alloy
1448,-7.966952370258613,-7.147778570652008,1.02,0.321320817117,86dd3a804d78ca5d203ebf98747e8f16dff9713ba8950097ceb760b161e19907,Domains_Alloy
1449,-7.967777046982297,-7.147778570652008,1.02,0.321320817117,86dd3a804d78ca5d203ebf98747e8f16dff9713ba8950097ceb760b161e19907,Domains_Alloy
1450,-7.968601901885073,-7.147778570652008,1.02,0.321320817117,86dd3a804d78ca5d203ebf98747e8f16dff9713ba8950097ceb760b161e19907,Domains_Alloy
1451,-7.96942693484438,-7.147778570652008,1.02,0.321320817117,86dd3a804d78ca5d203ebf98747e8f16dff9713ba8950097ceb760b161e19907,Domains_Alloy
1452,-7.970252145737827,-7.147778570652008,1.02,0.321320817117,86dd3a804d78ca5d203ebf98747e8f16dff9713ba8950097ceb760b161e19907,Domains_Alloy
1453,-7.971077534443187,-7.147778570652008,1.02,0.321320817117,86dd3a804d78ca5d203ebf98747e8f16dff9713ba8950097ceb760b161e19907,Domains_Alloy
1454,-7.971903100838405,-7.147778570652008,1.02,0.321320817117,86dd3a804d78ca5d203ebf98747e8f16dff9713ba8950097ceb760b161e19907,Domains_Alloy
1455,-7.972728844801593,-7.147778570652008,1.02,0.321320817117,86dd3a804d78ca5d203ebf98747e8f16dff9713ba8950097ceb760b161e19907,Domains_Alloy
1456,-7.973554766211027,-7.147778570652008,1.02,0.321320817117,86dd3a804d78ca5d203ebf98747e8f16dff9713ba8950097ceb760b161e19907,Domains_Alloy
1457,-7.97438086494515,-7.147778570652008,1.02,0.321320817117,86dd3a804d78ca5d203ebf98747e8f16dff9713ba8950097ceb760b161e19907,Domains_Alloy
1458,-7.975207140882576,-7.147778570652008,1.02,0.321320817117,86dd3a804d78ca5d203ebf98747e8f16dff9713ba8950097ceb760b161e19907,Domains_Alloy
1459,-7.976033593902078,-7.147778570652008,1.02,0.321320817117,86dd3a804d78ca5d203ebf98747e8f16dff9713ba8950097ceb760b161e19907,Domains_Alloy
1460,-7.9768602238826,-7.147778570652008,1.02,0.321320817117,86dd3a804d78ca5d203ebf98747e8f16dff9713ba8950097ceb760b161e19907,Domains_Alloy
1461,-7.977687030703247,-7.147778570652008,1.02,0.321320817117,86dd3a804d78ca5d203ebf98747e8f16dff9713ba8950097ceb760b161e19907,Domains_Alloy
1462,-7.978514014243292,-7.147778570652008,1.02,0.321320817117,86dd3a804d78ca5d203ebf98747e8f16dff9713ba8950097ceb760b161e19907,Domains_Alloy
1463,-7.97934117438217,-7.147778570652008,1.02,0.321320817117,86dd3a804d78ca5d203ebf98747e8f16dff9713ba8950097ceb760b161e19907,Domains_Alloy
1464,-7.980168510999484,-7.147778570652008,1.02,0.321320817117,86dd3a804d78ca5d203ebf98747e8f16dff9713ba8950097ceb760b161e19907,Domains_Alloy
1465,-7.980996023974995,-7.147778570652008,1.02,0.321320817117,86dd3a804d78ca5d203ebf98747e8f16dff9713ba8950097ceb760b161e19907,Domains_Alloy
1466,-7.981823713188633,-7.147778570652008,1.02,0.321320817117,86dd3a804d78ca5d203ebf98747e8f16dff9713ba8950097ceb760b161e19907,Domains_Alloy
1467,-7.982651578520489,-7.147778570652008,1.02,0.321320817117,86dd3a804d78ca5d203ebf98747e8f16dff9713ba8950097ceb760b161e19907,Domains_Alloy
1468,-7.983479619850816,-7.147778570652008,1.02,0.321320817117,86dd3a804d78ca5d203ebf98747e8f16dff9713ba8950097ceb760b161e19907,Domains_Alloy
1469,-7.984307837060031,-7.147778570652008,1.02,0.321320817117,86dd3a804d78ca5d203ebf98747e8f16dff9713ba8950097ceb760b161e19907,Domains_Alloy
1470,-7.985136230028712,-7.147778570652008,1.02,0.321320817117,86dd3a804d78ca5d203ebf98747e8f16dff9713ba8950097ceb760b161e19907,Domains_Alloy
1471,-7.985964798637601,-7.147778570652008,1.02,0.321320817117,86dd3a804d78ca5d203ebf98747e8f16dff9713ba8950097ceb760b161e19907,Domains_Alloy
1472,-7.986793542767598,-7.147778570652008,1.02,0.321320817117,86dd3a804d78ca5d203ebf98747e8f16dff9713ba8950097ceb760b161e19907,Domains_Alloy
1473,-7.987622462299766,-7.147778570652008,1.02,0.321320817117,86dd3a804d78ca5d203ebf98747e8f16dff9713ba8950097ceb760b161e19907,Domains_Alloy
1474,-7.988451557115332,-7.147778570652008,1.02,0.321320817117,86dd3a804d78ca5d203ebf98747e8f16dff9713ba8950097ceb760b161e19907,Domains_Alloy
1475,-7.989280827095678,-7.147778570652008,1.02,0.321320817117,86dd3a804d78ca5d203ebf98747e8f16dff9713ba8950097ceb760b161e19907,Domains_Alloy
1476,-7.990110272122349,-7.147778570652008,1.02,0.321320817117,86dd3a804d78ca5d203ebf98747e8f16dff9713ba8950097ceb760b161e19907,Domains_Alloy
1477,-7.99093989207705,-7.147778570652008,1.02,0.321320817117,86dd3a804d78ca5d203ebf98747e8f16dff9713ba8950097ceb760b161e19907,Domains_Alloy
1478,-7.991769686841645,-7.147778570652008,1.02,0.321320817117,86dd3a804d78ca5d203ebf98747e8f16dff9713ba8950097ceb760b161e19907,Domains_Alloy
1479,-7.992599656298157,-7.147778570652008,1.02,0.321320817117,86dd3a804d78ca5d203ebf98747e8f16dff9713ba8950097ceb760b161e19907,Domains_Alloy
1480,-7.993429800328771,-7.147778570652008,1.02,0.321320817117,86dd3a804d78ca5d203ebf98747e8f16dff9713ba8950097ceb760b161e19907,Domains_Alloy
1481,-7.994260118815827,-7.147778570652008,1.02,0.321320817117,86dd3a804d78ca5d203ebf98747e8f16dff9713ba8950097ceb760b161e19907,Domains_Alloy
1482,-7.995090611641823,-7.147778570652008,1.02,0.321320817117,86dd3a804d78ca5d203ebf98747e8f16dff9713ba8950097ceb760b161e19907,Domains_Alloy
1483,-7.995921278689416,-7.147778570652008,1.02,0.321320817117,86dd3a804d78ca5d203ebf98747e8f16dff9713ba8950097ceb760b161e19907,Domains_Alloy
1484,-7.996752119841422,-7.147778570652008,1.02,0.321320817117,86dd3a804d78ca5d203ebf98747e8f16dff9713ba8950097ceb760b161e19907,Domains_Alloy
1485,-7.997583134980815,-7.147778570652008,1.02,0.321320817117,86dd3a804d78ca5d203ebf98747e8f16dff9713ba8950097ceb760b161e19907,Domains_Alloy
1486,-7.998414323990721,-7.147778570652008,1.02,0.321320817117,86dd3a804d78ca5d203ebf98747e8f16dff9713ba8950097ceb760b161e19907,Domains_Alloy
1487,-7.999245686754429,-7.147778570652008,1.02,0.321320817117,86dd3a804d78ca5d203ebf98747e8f16dff9713ba8950097ceb760b161e19907,Domains_Alloy
1488,-8.00007722315538,-7.147778570652008,1.02,0.321320817117,86dd3a804d78ca5d203ebf98747e8f16dff9713ba8950097ceb760b161e19907,Domains_Alloy
1489,-8.000908933077172,-7.147778570652008,1.02,0.321320817117,86dd3a804d78ca5d203ebf98747e8f16dff9713ba8950097ceb760b161e19907,Domains_Alloy
1490,-8.00174081640356,-7.147778570652008,1.02,0.321320817117,86dd3a804d78ca5d203ebf98747e8f16dff9713ba8950097ceb760b161e19907,Domains_Alloy
1491,-8.002572873018455,-7.147778570652008,1.02,0.321320817117,86dd3a804d78ca5d203ebf98747e8f16dff9713ba8950097ceb760b161e19907,Domains_Alloy
1492,-8.003405102805919,-7.147778570652008,1.02,0.321320817117,86dd3a804d78ca5d203ebf98747e8f16dff9713ba8950097ceb760b161e19907,Domains_Alloy
1493,-8.004237505650176,-7.147778570652008,1.02,0.321320817117,86dd3a804d78ca5d203ebf98747e8f16dff9713ba8950097ceb760b161e19907,Domains_Alloy
1494,-8.005070081435594,-7.147778570652008,1.02,0.321320817117,86dd3a804d78ca5d203ebf98747e8f16dff9713ba8950097ceb760b161e19907,Domains_Alloy
1495,-8.005902830046708,-7.147778570652008,1.02,0.321320817117,86dd3a804d78ca5d203ebf98747e8f16dff9713ba8950097ceb760b161e19907,Domains_Alloy
1496,-8.006735751368197,-7.147778570652008,1.02,0.321320817117,86dd3a804d78ca5d203ebf98747e8f16dff9713ba8950097ceb760b161e19907,Domains_Alloy
1497,-8.007568845284897,-7.147778570652008,1.02,0.321320817117,86dd3a804d78ca5d203ebf98747e8f16dff9713ba8950097ceb760b161e19907,Domains_Alloy
1498,-8.008402111681798,-7.147778570652008,1.02,0.321320817117,86dd3a804d78ca5d203ebf98747e8f16dff9713ba8950097ceb760b161e19907,Domains_Alloy
1499,-8.009235550444041,-7.147778570652008,1.02,0.321320817117,86dd3a804d78ca5d203ebf98747e8f16dff9713ba8950097ceb760b161e19907,Domains_Alloy
1500,-8.010069161456922,-7.147778570652008,1.02,0.321320817117,86dd3a804d78ca5d203ebf98747e8f16dff9713ba8950097ceb760b161e19907,Domains_Alloy
1501,-8.010902944605888,-7.147778570652008,1.02,0.321320817117,86dd3a804d78ca5d203ebf98747e8f16dff9713ba8950097ceb760b161e19907,Domains_Alloy
1502,-8.011736899776539,-7.147778570652008,1.02,0.321320817117,86dd3a804d78ca5d203ebf98747e8f16dff9713ba8950097ceb760b161e19907,Domains_Alloy
1503,-8.012571026854626,-7.147778570652008,1.02,0.321320817117,86dd3a804d78ca5d203ebf98747e8f16dff9713ba8950097ceb760b161e19907,Domains_Alloy
1504,-8.013405325726051,-7.147778570652008,1.02,0.321320817117,86dd3a804d78ca5d203ebf98747e8f16dff9713ba8950097ceb760b161e19907,Domains_Alloy
1505,-8.014239796276867,-7.147778570652008,1.02,0.321320817117,86dd3a804d78ca5d203ebf98747e8f16dff9713ba8950097ceb760b161e19907,Domains_Alloy
1506,-8.015074438393281,-7.147778570652008,1.02,0.321320817117,86dd3a804d78ca5d203ebf98747e8f16dff9713ba8950097ceb760b161e19907,Domains_Alloy
1507,-8.015909251961645,-7.147778570652008,1.02,0.321320817117,86dd3a804d78ca5d203ebf98747e8f16dff9713ba8950097ceb760b161e19907,Domains_Alloy
1508,-8.016744236868469,-7.147778570652008,1.02,0.321320817117,86dd3a804d78ca5d203ebf98747e8f16dff9713ba8950097ceb760b161e19907,Domains_Alloy
1509,-8.017579393000403,-7.147778570652008,1.02,0.321320817117,86dd3a804d78ca5d203ebf98747e8f16dff9713ba8950097ceb760b161e19907,Domains_Alloy
1510,-8.018414720244257,-7.147778570652008,1.02,0.321320817117,86dd3a804d78ca5d203ebf98747e8f16dff9713ba8950097ceb760b161e19907,Domains_Alloy
1511,-8.019250218486983,-7.147778570652008,1.02,0.321320817117,86dd3a804d78ca5d203ebf98747e8f16dff9713ba8950097ceb760b161e19907,Domains_Alloy
1512,-8.020085887615684,-7.147778570652008,1.02,0.321320817117,86dd3a804d78ca5d203ebf98747e8f16dff9713ba8950097ceb760b161e19907,Domains_Alloy
1513,-8.020921727517615,-7.147778570652008,1.02,0.321320817117,86dd3a804d78ca5d203ebf98747e8f16dff9713ba8950097ceb760b161e19907,Domains_Alloy
1514,-8.021757738080176,-7.147778570652008,1.02,0.321320817117,86dd3a804d78ca5d203ebf98747e8f16dff9713ba8950097ceb760b161e19907,Domains_Alloy
1515,-8.022593919190914,-7.147778570652008,1.02,0.321320817117,86dd3a804d78ca5d203ebf98747e8f16dff9713ba8950097ceb760b161e19907,Domains_Alloy
1516,-8.023430270737528,-7.147778570652008,1.02,0.321320817117,86dd3a804d78ca5d203ebf98747e8f16dff9713ba8950097ceb760b161e19907,Domains_Alloy
1517,-8.024266792607863,-7.147778570652008,1.02,0.321320817117,86dd3a804d78ca5d203ebf98747e8f16dff9713ba8950097ceb760b161e19907,Domains_Alloy
1518,-8.025103484689909,-7.147778570652008,1.02,0.321320817117,86dd3a804d78ca5d203ebf98747e8f16dff9713ba8950097ceb760b161e19907,Domains_Alloy
1519,-8.025940346871808,-7.147778570652008,1.02,0.321320817117,86dd3a804d78ca5d203ebf98747e8f16dff9713ba8950097ceb760b161e19907,Domains_Alloy
