T_K,F_QH_eV_per_atom,E_static_eV_per_atom,volume_scale,min_frequency_THz,checkpoint_sha256,head
851,-4.143029640733811,-4.08590153313468,1.02,-2.38951098732,86dd3a804d78ca5d203ebf98747e8f16dff9713ba8950097ceb760b161e19907,Domains_SSE_PBE
852,-4.143380141084338,-4.08590153313468,1.02,-2.38951098732,86dd3a804d78ca5d203ebf98747e8f16dff9713ba8950097ceb760b161e19907,Domains_SSE_PBE
853,-4.143730916153927,-4.08590153313468,1.02,-2.38951098732,86dd3a804d78ca5d203ebf98747e8f16dff9713ba8950097ceb760b161e19907,Domains_SSE_PBE
854,-4.144081965677756,-4.08590153313468,1.02,-2.38951098732,86dd3a804d78ca5d203ebf98747e8f16dff9713ba8950097ceb760b161e19907,Domains_SSE_PBE
855,-4.144433289391451,-4.08590153313468,1.02,-2.38951098732,86dd3a804d78ca5d203ebf98747e8f16dff9713ba8950097ceb760b161e19907,Domains_SSE_PBE
856,-4.144784887031086,-4.08590153313468,1.02,-2.38951098732,86dd3a804d78ca5d203ebf98747e8f16dff9713ba8950097ceb760b161e19907,Domains_SSE_PBE
857,-4.145136758333187,-4.08590153313468,1.02,-2.38951098732,86dd3a804d78ca5d203ebf98747e8f16dff9713ba8950097ceb760b161e19907,Domains_SSE_PBE
858,-4.145488903034725,-4.08590153313468,1.02,-2.38951098732,86dd3a804d78ca5d203ebf98747e8f16dff9713ba8950097ceb760b161e19907,Domains_SSE_PBE
859,-4.145841320873118,-4.08590153313468,1.02,-2.38951098732,86dd3a804d78ca5d203ebf98747e8f16dff9713ba8950097ceb760b161e19907,Domains_SSE_PBE
860,-4.146194011586233,-4.08590153313468,1.02,-2.38951098732,86dd3a804d78ca5d203ebf98747e8f16dff9713ba8950097ceb760b161e19907,Domains_SSE_PBE
861,-4.146546974912376,-4.08590153313468,1.02,-2.38951098732,86dd3a804d78ca5d203ebf98747e8f16dff9713ba8950097ceb760b161e19907,Domains_SSE_PBE
862,-4.146900210590302,-4.08590153313468,1.02,-2.38951098732,86dd3a804d78ca5d203ebf98747e8f16dff9713ba8950097ceb760b161e19907,Domains_SSE_PBE
863,-4.147253718359206,-4.08590153313468,1.02,-2.38951098732,86dd3a804d78ca5d203ebf98747e8f16dff9713ba8950097ceb760b161e19907,Domains_SSE_PBE
864,-4.147607497958728,-4.08590153313468,1.02,-2.38951098732,86dd3a804d78ca5d203ebf98747e8f16dff9713ba8950097ceb760b161e19907,Domains_SSE_PBE
865,-4.147961549128945,-4.08590153313468,1.02,-2.38951098732,86dd3a804d78ca5d203ebf98747e8f16dff9713ba8950097ceb760b161e19907,Domains_SSE_PBE
866,-4.148315871610379,-4.08590153313468,1.02,-2.38951098732,86dd3a804d78ca5d203ebf98747e8f16dff9713ba8950097ceb760b161e19907,Domains_SSE_PBE
867,-4.148670465143986,-4.08590153313468,1.02,-2.38951098732,86dd3a804d78ca5d203ebf98747e8f16dff9713ba8950097ceb760b161e19907,Domains_SSE_PBE
868,-4.149025329471164,-4.08590153313468,1.02,-2.38951098732,86dd3a804d78ca5d203ebf98747e8f16dff9713ba8950097ceb760b161e19907,Domains_SSE_PBE
869,-4.149380464333748,-4.08590153313468,1.02,-2.38951098732,86dd3a804d78ca5d203ebf98747e8f16dff9713ba8950097ceb760b161e19907,Domains_SSE_PBE
870,-4.149735869474008,-4.08590153313468,1.02,-2.38951098732,86dd3a804d78ca5d203ebf98747e8f16dff9713ba8950097ceb760b161e19907,Domains_SSE_PBE
871,-4.150091544634652,-4.08590153313468,1.02,-2.38951098732,86dd3a804d78ca5d203ebf98747e8f16dff9713ba8950097ceb760b161e19907,Domains_SSE_PBE
872,-4.150447489558818,-4.08590153313468,1.02,-2.38951098732,86dd3a804d78ca5d203ebf98747e8f16dff9713ba8950097ceb760b161e19907,Domains_SSE_PBE
873,-4.150803703990084,-4.08590153313468,1.02,-2.38951098732,86dd3a804d78ca5d203ebf98747e8f16dff9713ba8950097ceb760b161e19907,Domains_SSE_PBE
874,-4.151160187672456,-4.08590153313468,1.02,-2.38951098732,86dd3a804d78ca5d203ebf98747e8f16dff9713ba8950097ceb760b161e19907,Domains_SSE_PBE
875,-4.151516940350374,-4.08590153313468,1.02,-2.38951098732,86dd3a804d78ca5d203ebf98747e8f16dff9713ba8950097ceb760b161e19907,Domains_SSE_PBE
876,-4.151873961768708,-4.08590153313468,1.02,-2.38951098732,86dd3a804d78ca5d203ebf98747e8f16dff9713ba8950097ceb760b161e19907,Domains_SSE_PBE
877,-4.15223125167276,-4.08590153313468,1.02,-2.38951098732,86dd3a804d78ca5d203ebf98747e8f16dff9713ba8950097ceb760b161e19907,Domains_SSE_PBE
878,-4.152588809808259,-4.08590153313468,1.02,-2.38951098732,86dd3a804d78ca5d203ebf98747e8f16dff9713ba8950097ceb760b161e19907,Domains_SSE_PBE
879,-4.152946635921363,-4.08590153313468,1.02,-2.38951098732,86dd3a804d78ca5d203ebf98747e8f16dff9713ba8950097ceb760b161e19907,Domains_SSE_PBE
880,-4.153304729758656,-4.08590153313468,1.02,-2.38951098732,86dd3a804d78ca5d203ebf98747e8f16dff9713ba8950097ceb760b161e19907,Domains_SSE_PBE
881,-4.153663091067153,-4.08590153313468,1.02,-2.38951098732,86dd3a804d78ca5d203ebf98747e8f16dff9713ba8950097ceb760b161e19907,Domains_SSE_PBE
882,-4.154021719594289,-4.08590153313468,1.02,-2.38951098732,86dd3a804d78ca5d203ebf98747e8f16dff9713ba8950097ceb760b161e19907,Domains_SSE_PBE
883,-4.154380615087927,-4.08590153313468,1.02,-2.38951098732,86dd3a804d78ca5d203ebf98747e8f16dff9713ba8950097ceb760b161e19907,Domains_SSE_PBE
884,-4.154739777296352,-4.08590153313468,1.02,-2.38951098732,86dd3a804d78ca5d203ebf98747e8f16dff9713ba8950097ceb760b161e19907,Domains_SSE_PBE
885,-4.155099205968274,-4.08590153313468,1.02,-2.38951098732,86dd3a804d78ca5d203ebf98747e8f16dff9713ba8950097ceb760b161e19907,Domains_SSE_PBE
886,-4.155458900852824,-4.08590153313468,1.02,-2.38951098732,86dd3a804d78ca5d203ebf98747e8f16dff9713ba8950097ceb760b161e19907,Domains_SSE_PBE
887,-4.155818861699551,-4.08590153313468,1.02,-2.38951098732,86dd3a804d78ca5d203ebf98747e8f16dff9713ba8950097ceb760b161e19907,Domains_SSE_PBE
888,-4.156179088258431,-4.08590153313468,1.02,-2.38951098732,86dd3a804d78ca5d203ebf98747e8f16dff9713ba8950097ceb760b161e19907,Domains_SSE_PBE
889,-4.156539580279851,-4.08590153313468,1.02,-2.38951098732,86dd3a804d78ca5d203ebf98747e8f16dff9713ba8950097ceb760b161e19907,Domains_SSE_PBE
890,-4.156900337514625,-4.08590153313468,1.02,-2.38951098732,86dd3a804d78ca5d203ebf98747e8f16dff9713ba8950097ceb760b161e19907,Domains_SSE_PBE
891,-4.157261359713976,-4.08590153313468,1.02,-2.38951098732,86dd3a804d78ca5d203ebf98747e8f16dff9713ba8950097ceb760b161e19907,Domains_SSE_PBE
892,-4.157622646629552,-4.08590153313468,1.02,-2.38951098732,86dd3a804d78ca5d203ebf98747e8f16dff9713ba8950097ceb760b161e19907,Domains_SSE_PBE
893,-4.157984198013409,-4.08590153313468,1.02,-2.38951098732,86dd3a804d78ca5d203ebf98747e8f16dff9713ba8950097ceb760b161e19907,Domains_SSE_PBE
894,-4.158346013618024,-4.08590153313468,1.02,-2.38951098732,86dd3a804d78ca5d203ebf98747e8f16dff9713ba8950097ceb760b161e19907,Domains_SSE_PBE
895,-4.158708093196283,-4.08590153313468,1.02,-2.38951098732,86dd3a804d78ca5d203ebf98747e8f16dff9713ba8950097ceb760b161e19907,Domains_SSE_PBE
896,-4.159070436501492,-4.08590153313468,1.02,-2.38951098732,86dd3a804d78ca5d203ebf98747e8f16dff9713ba8950097ceb760b161e19907,Domains_SSE_PBE
897,-4.159433043287359,-4.08590153313468,1.02,-2.38951098732,86dd3a804d78ca5d203ebf98747e8f16dff9713ba8950097ceb760b161e19907,Domains_SSE_PBE
898,-4.159795913308014,-4.08590153313468,1.02,-2.38951098732,86dd3a804d78ca5d203ebf98747e8f16dff9713ba8950097ceb760b161e19907,Domains_SSE_PBE
899,-4.160159046317991,-4.08590153313468,1.02,-2.38951098732,86dd3a804d78ca5d203ebf98747e8f16dff9713ba8950097ceb760b161e19907,Domains_SSE_PBE
900,-4.160522442072236,-4.08590153313468,1.02,-2.38951098732,86dd3a804d78ca5d203ebf98747e8f16dff9713ba8950097ceb760b161e19907,Domains_SSE_PBE
901,-4.160886100326102,-4.08590153313468,1.02,-2.38951098732,86dd3a804d78ca5d203ebf98747e8f16dff9713ba8950097ceb760b161e19907,Domains_SSE_PBE
902,-4.161250020835351,-4.08590153313468,1.02,-2.38951098732,86dd3a804d78ca5d203ebf98747e8f16dff9713ba8950097ceb760b161e19907,Domains_SSE_PBE
903,-4.161614203356154,-4.08590153313468,1.02,-2.38951098732,86dd3a804d78ca5d203ebf98747e8f16dff9713ba8950097ceb760b161e19907,Domains_SSE_PBE
904,-4.161978647645084,-4.08590153313468,1.02,-2.38951098732,86dd3a804d78ca5d203ebf98747e8f16dff9713ba8950097ceb760b161e19907,Domains_SSE_PBE
905,-4.162343353459123,-4.08590153313468,1.02,-2.38951098732,86dd3a804d78ca5d203ebf98747e8f16dff9713ba8950097ceb760b161e19907,Domains_SSE_PBE
906,-4.162708320555654,-4.08590153313468,1.02,-2.38951098732,86dd3a804d78ca5d203ebf98747e8f16dff9713ba8950097ceb760b161e19907,Domains_SSE_PBE
907,-4.163073548692469,-4.08590153313468,1.02,-2.38951098732,86dd3a804d78ca5d203ebf98747e8f16dff9713ba8950097ceb760b161e19907,Domains_SSE_PBE
908,-4.163439037627756,-4.08590153313468,1.02,-2.38951098732,86dd3a804d78ca5d203ebf98747e8f16dff9713ba8950097ceb760b161e19907,Domains_SSE_PBE
909,-4.16380478712011,-4.08590153313468,1.02,-2.38951098732,86dd3a804d78ca5d203ebf98747e8f16dff9713ba8950097ceb760b161e19907,Domains_SSE_PBE
910,-4.164170796928526,-4.08590153313468,1.02,-2.38951098732,86dd3a804d78ca5d203ebf98747e8f16dff9713ba8950097ceb760b161e19907,Domains_SSE_PBE
911,-4.164537066812397,-4.08590153313468,1.02,-2.38951098732,86dd3a804d78ca5d203ebf98747e8f16dff9713ba8950097ceb760b161e19907,Domains_SSE_PBE
912,-4.164903596531515,-4.08590153313468,1.02,-2.38951098732,86dd3a804d78ca5d203ebf98747e8f16dff9713ba8950097ceb760b161e19907,Domains_SSE_PBE
913,-4.165270385846076,-4.08590153313468,1.02,-2.38951098732,86dd3a804d78ca5d203ebf98747e8f16dff9713ba8950097ceb760b161e19907,Domains_SSE_PBE
914,-4.165637434516666,-4.08590153313468,1.02,-2.38951098732,86dd3a804d78ca5d203ebf98747e8f16dff9713ba8950097ceb760b161e19907,Domains_SSE_PBE
915,-4.166004742304275,-4.08590153313468,1.02,-2.38951098732,86dd3a804d78ca5d203ebf98747e8f16dff9713ba8950097ceb760b161e19907,Domains_SSE_PBE
916,-4.166372308970283,-4.08590153313468,1.02,-2.38951098732,86dd3a804d78ca5d203ebf98747e8f16dff9713ba8950097ceb760b161e19907,Domains_SSE_PBE
917,-4.16674013427647,-4.08590153313468,1.02,-2.38951098732,86dd3a804d78ca5d203ebf98747e8f16dff9713ba8950097ceb760b161e19907,Domains_SSE_PBE
918,-4.167108217985005,-4.08590153313468,1.02,-2.38951098732,86dd3a804d78ca5d203ebf98747e8f16dff9713ba8950097ceb760b161e19907,Domains_SSE_PBE
919,-4.167476559858456,-4.08590153313468,1.02,-2.38951098732,86dd3a804d78ca5d203ebf98747e8f16dff9713ba8950097ceb760b161e19907,Domains_SSE_PBE
920,-4.167845159659779,-4.08590153313468,1.02,-2.38951098732,86dd3a804d78ca5d203ebf98747e8f16dff9713ba8950097ceb760b161e19907,Domains_SSE_PBE
921,-4.168214017152325,-4.08590153313468,1.02,-2.38951098732,86dd3a804d78ca5d203ebf98747e8f16dff9713ba8950097ceb760b161e19907,Domains_SSE_PBE
922,-4.168583132099833,-4.08590153313468,1.02,-2.38951098732,86dd3a804d78ca5d203ebf98747e8f16dff9713ba8950097ceb760b161e19907,Domains_SSE_PBE
923,-4.168952504266436,-4.08590153313468,1.02,-2.38951098732,86dd3a804d78ca5d203ebf98747e8f16dff9713ba8950097ceb760b161e19907,Domains_SSE_PBE
924,-4.169322133416652,-4.08590153313468,1.02,-2.38951098732,86dd3a804d78ca5d203ebf98747e8f16dff9713ba8950097ceb760b161e19907,Domains_SSE_PBE
925,-4.16969201931539,-4.08590153313468,1.02,-2.38951098732,86dd3a804d78ca5d203ebf98747e8f16dff9713ba8950097ceb760b161e19907,Domains_SSE_PBE
926,-4.170062161727946,-4.08590153313468,1.02,-2.38951098732,86dd3a804d78ca5d203ebf98747e8f16dff9713ba8950097ceb760b161e19907,Domains_SSE_PBE
927,-4.170432560420003,-4.08590153313468,1.02,-2.38951098732,86dd3a804d78ca5d203ebf98747e8f16dff9713ba8950097ceb760b161e19907,Domains_SSE_PBE
928,-4.170803215157628,-4.08590153313468,1.02,-2.38951098732,86dd3a804d78ca5d203ebf98747e8f16dff9713ba8950097ceb760b161e19907,Domains_SSE_PBE
929,-4.171174125707278,-4.08590153313468,1.02,-2.38951098732,86dd3a804d78ca5d203ebf98747e8f16dff9713ba8950097ceb760b161e19907,Domains_SSE_PBE
930,-4.171545291835788,-4.08590153313468,1.02,-2.38951098732,86dd3a804d78ca5d203ebf98747e8f16dff9713ba8950097ceb760b161e19907,Domains_SSE_PBE
931,-4.171916713310383,-4.08590153313468,1.02,-2.38951098732,86dd3a804d78ca5d203ebf98747e8f16dff9713ba8950097ceb760b161e19907,Domains_SSE_PBE
932,-4.172288389898664,-4.08590153313468,1.02,-2.38951098732,86dd3a804d78ca5d203ebf98747e8f16dff9713ba8950097ceb760b161e19907,Domains_SSE_PBE
933,-4.17266032136862,-4.08590153313468,1.02,-2.38951098732,86dd3a804d78ca5d203ebf98747e8f16dff9713ba8950097ceb760b161e19907,Domains_SSE_PBE
934,-4.173032507488617,-4.08590153313468,1.02,-2.38951098732,86dd3a804d78ca5d203ebf98747e8f16dff9713ba8950097ceb760b161e19907,Domains_SSE_PBE
935,-4.173404948027402,-4.08590153313468,1.02,-2.38951098732,86dd3a804d78ca5d203ebf98747e8f16dff9713ba8950097ceb760b161e19907,Domains_SSE_PBE
936,-4.173777642754102,-4.08590153313468,1.02,-2.38951098732,86dd3a804d78ca5d203ebf98747e8f16dff9713ba8950097ceb760b161e19907,Domains_SSE_PBE
937,-4.174150591438226,-4.08590153313468,1.02,-2.38951098732,86dd3a804d78ca5d203ebf98747e8f16dff9713ba8950097ceb760b161e19907,Domains_SSE_PBE
938,-4.174523793849652,-4.08590153313468,1.02,-2.38951098732,86dd3a804d78ca5d203ebf98747e8f16dff9713ba8950097ceb760b161e19907,Domains_SSE_PBE
939,-4.174897249758646,-4.08590153313468,1.02,-2.38951098732,86dd3a804d78ca5d203ebf98747e8f16dff9713ba8950097ceb760b161e19907,Domains_SSE_PBE
940,-4.175270958935841,-4.08590153313468,1.02,-2.38951098732,86dd3a804d78ca5d203ebf98747e8f16dff9713ba8950097ceb760b161e19907,Domains_SSE_PBE
941,-4.175644921152251,-4.08590153313468,1.02,-2.38951098732,86dd3a804d78ca5d203ebf98747e8f16dff9713ba8950097ceb760b161e19907,Domains_SSE_PBE
942,-4.176019136179262,-4.08590153313468,1.02,-2.38951098732,86dd3a804d78ca5d203ebf98747e8f16dff9713ba8950097ceb760b161e19907,Domains_SSE_PBE
943,-4.176393603788635,-4.08590153313468,1.02,-2.38951098732,86dd3a804d78ca5d203ebf98747e8f16dff9713ba8950097ceb760b161e19907,Domains_SSE_PBE
944,-4.176768323752504,-4.08590153313468,1.02,-2.38951098732,86dd3a804d78ca5d203ebf98747e8f16dff9713ba8950097ceb760b161e19907,Domains_SSE_PBE
945,-4.177143295843374,-4.08590153313468,1.02,-2.38951098732,86dd3a804d78ca5d203ebf98747e8f16dff9713ba8950097ceb760b161e19907,Domains_SSE_PBE
946,-4.177518519834124,-4.08590153313468,1.02,-2.38951098732,86dd3a804d78ca5d203ebf98747e8f16dff9713ba8950097ceb760b161e19907,Domains_SSE_PBE
947,-4.177893995498001,-4.08590153313468,1.02,-2.38951098732,86dd3a804d78ca5d203ebf98747e8f16dff9713ba8950097ceb760b161e19907,Domains_SSE_PBE
948,-4.178269722608622,-4.08590153313468,1.02,-2.38951098732,86dd3a804d78ca5d203ebf98747e8f16dff9713ba8950097ceb760b161e19907,Domains_SSE_PBE
949,-4.178645700939977,-4.08590153313468,1.02,-2.38951098732,86dd3a804d78ca5d203ebf98747e8f16dff9713ba8950097ceb760b161e19907,Domains_SSE_PBE
950,-4.179021930266418,-4.08590153313468,1.02,-2.38951098732,86dd3a804d78ca5d203ebf98747e8f16dff9713ba8950097ceb760b161e19907,Domains_SSE_PBE
951,-4.179398410362672,-4.08590153313468,1.02,-2.38951098732,86dd3a804d78ca5d203ebf98747e8f16dff9713ba8950097ceb760b161e19907,Domains_SSE_PBE
952,-4.179775141003824,-4.08590153313468,1.02,-2.38951098732,86dd3a804d78ca5d203ebf98747e8f16dff9713ba8950097ceb760b161e19907,Domains_SSE_PBE
953,-4.180152121965333,-4.08590153313468,1.02,-2.38951098732,86dd3a804d78ca5d203ebf98747e8f16dff9713ba8950097ceb760b161e19907,Domains_SSE_PBE
954,-4.180529353023018,-4.08590153313468,1.02,-2.38951098732,86dd3a804d78ca5d203ebf98747e8f16dff9713ba8950097ceb760b161e19907,Domains_SSE_PBE
955,-4.180906833953064,-4.08590153313468,1.02,-2.38951098732,86dd3a804d78ca5d203ebf98747e8f16dff9713ba8950097ceb760b161e19907,Domains_SSE_PBE
956,-4.181284564532024,-4.08590153313468,1.02,-2.38951098732,86dd3a804d78ca5d203ebf98747e8f16dff9713ba8950097ceb760b161e19907,Domains_SSE_PBE
957,-4.181662544536803,-4.08590153313468,1.02,-2.38951098732,86dd3a804d78ca5d203ebf98747e8f16dff9713ba8950097ceb760b161e19907,Domains_SSE_PBE
958,-4.18204077374468,-4.08590153313468,1.02,-2.38951098732,86dd3a804d78ca5d203ebf98747e8f16dff9713ba8950097ceb760b161e19907,Domains_SSE_PBE
959,-4.182419251933289,-4.08590153313468,1.02,-2.38951098732,86dd3a804d78ca5d203ebf98747e8f16dff9713ba8950097ceb760b161e19907,Domains_SSE_PBE
960,-4.182797978880624,-4.08590153313468,1.02,-2.38951098732,86dd3a804d78ca5d203ebf98747e8f16dff9713ba8950097ceb760b161e19907,Domains_SSE_PBE
961,-4.183176954365043,-4.08590153313468,1.02,-2.38951098732,86dd3a804d78ca5d203ebf98747e8f16dff9713ba8950097ceb760b161e19907,Domains_SSE_PBE
962,-4.183556178165259,-4.08590153313468,1.02,-2.38951098732,86dd3a804d78ca5d203ebf98747e8f16dff9713ba8950097ceb760b161e19907,Domains_SSE_PBE
963,-4.183935650060345,-4.08590153313468,1.02,-2.38951098732,86dd3a804d78ca5d203ebf98747e8f16dff9713ba8950097ceb760b161e19907,Domains_SSE_PBE
964,-4.184315369829731,-4.08590153313468,1.02,-2.38951098732,86dd3a804d78ca5d203ebf98747e8f16dff9713ba8950097ceb760b161e19907,Domains_SSE_PBE
965,-4.184695337253205,-4.08590153313468,1.02,-2.38951098732,86dd3a804d78ca5d203ebf98747e8f16dff9713ba8950097ceb760b161e19907,Domains_SSE_PBE
966,-4.185075552110909,-4.08590153313468,1.02,-2.38951098732,86dd3a804d78ca5d203ebf98747e8f16dff9713ba8950097ceb760b161e19907,Domains_SSE_PBE
967,-4.185456014183343,-4.08590153313468,1.02,-2.38951098732,86dd3a804d78ca5d203ebf98747e8f16dff9713ba8950097ceb760b161e19907,Domains_SSE_PBE
968,-4.185836723251358,-4.08590153313468,1.02,-2.38951098732,86dd3a804d78ca5d203ebf98747e8f16dff9713ba8950097ceb760b161e19907,Domains_SSE_PBE
969,-4.186217679096161,-4.08590153313468,1.02,-2.38951098732,86dd3a804d78ca5d203ebf98747e8f16dff9713ba8950097ceb760b161e19907,Domains_SSE_PBE
970,-4.186598881499312,-4.08590153313468,1.02,-2.38951098732,86dd3a804d78ca5d203ebf98747e8f16dff9713ba8950097ceb760b161e19907,Domains_SSE_PBE
971,-4.186980330242722,-4.08590153313468,1.02,-2.38951098732,86dd3a804d78ca5d203ebf98747e8f16dff9713ba8950097ceb760b161e19907,Domains_SSE_PBE
972,-4.187362025108655,-4.08590153313468,1.02,-2.38951098732,86dd3a804d78ca5d203ebf98747e8f16dff9713ba8950097ceb760b161e19907,Domains_SSE_PBE
973,-4.187743965879724,-4.08590153313468,1.02,-2.38951098732,86dd3a804d78ca5d203ebf98747e8f16dff9713ba8950097ceb760b161e19907,Domains_SSE_PBE
974,-4.188126152338893,-4.08590153313468,1.02,-2.38951098732,86dd3a804d78ca5d203ebf98747e8f16dff9713ba8950097ceb760b161e19907,Domains_SSE_PBE
975,-4.188508584269477,-4.08590153313468,1.02,-2.38951098732,86dd3a804d78ca5d203ebf98747e8f16dff9713ba8950097ceb760b161e19907,Domains_SSE_PBE
976,-4.188891261455136,-4.08590153313468,1.02,-2.38951098732,86dd3a804d78ca5d203ebf98747e8f16dff9713ba8950097ceb760b161e19907,Domains_SSE_PBE
977,-4.189274183679878,-4.08590153313468,1.02,-2.38951098732,86dd3a804d78ca5d203ebf98747e8f16dff9713ba8950097ceb760b161e19907,Domains_SSE_PBE
978,-4.189657350728062,-4.08590153313468,1.02,-2.38951098732,86dd3a804d78ca5d203ebf98747e8f16dff9713ba8950097ceb760b161e19907,Domains_SSE_PBE
979,-4.190040762384391,-4.08590153313468,1.02,-2.38951098732,86dd3a804d78ca5d203ebf98747e8f16dff9713ba8950097ceb760b161e19907,Domains_SSE_PBE
980,-4.190424418433912,-4.08590153313468,1.02,-2.38951098732,86dd3a804d78ca5d203ebf98747e8f16dff9713ba8950097ceb760b161e19907,Domains_SSE_PBE
981,-4.190808318662016,-4.08590153313468,1.02,-2.38951098732,86dd3a804d78ca5d203ebf98747e8f16dff9713ba8950097ceb760b161e19907,Domains_SSE_PBE
982,-4.191192462854445,-4.08590153313468,1.02,-2.38951098732,86dd3a804d78ca5d203ebf98747e8f16dff9713ba8950097ceb760b161e19907,Domains_SSE_PBE
983,-4.191576850797277,-4.08590153313468,1.02,-2.38951098732,86dd3a804d78ca5d203ebf98747e8f16dff9713ba8950097ceb760b161e19907,Domains_SSE_PBE
984,-4.191961482276936,-4.08590153313468,1.02,-2.38951098732,86dd3a804d78ca5d203ebf98747e8f16dff9713ba8950097ceb760b161e19907,Domains_SSE_PBE
985,-4.192346357080186,-4.08590153313468,1.02,-2.38951098732,86dd3a804d78ca5d203ebf98747e8f16dff9713ba8950097ceb760b161e19907,Domains_SSE_PBE
986,-4.192731474994135,-4.08590153313468,1.02,-2.38951098732,86dd3a804d78ca5d203ebf98747e8f16dff9713ba8950097ceb760b161e19907,Domains_SSE_PBE
987,-4.193116835806228,-4.08590153313468,1.02,-2.38951098732,86dd3a804d78ca5d203ebf98747e8f16dff9713ba8950097ceb760b161e19907,Domains_SSE_PBE
988,-4.193502439304253,-4.08590153313468,1.02,-2.38951098732,86dd3a804d78ca5d203ebf98747e8f16dff9713ba8950097ceb760b161e19907,Domains_SSE_PBE
989,-4.193888285276334,-4.08590153313468,1.02,-2.38951098732,86dd3a804d78ca5d203ebf98747e8f16dff9713ba8950097ceb760b161e19907,Domains_SSE_PBE
990,-4.194274373510938,-4.08590153313468,1.02,-2.38951098732,86dd3a804d78ca5d203ebf98747e8f16dff9713ba8950097ceb760b161e19907,Domains_SSE_PBE
991,-4.194660703796863,-4.08590153313468,1.02,-2.38951098732,86dd3a804d78ca5d203ebf98747e8f16dff9713ba8950097ceb760b161e19907,Domains_SSE_PBE
992,-4.195047275923251,-4.08590153313468,1.02,-2.38951098732,86dd3a804d78ca5d203ebf98747e8f16dff9713ba8950097ceb760b161e19907,Domains_SSE_PBE
993,-4.195434089679574,-4.08590153313468,1.02,-2.38951098732,86dd3a804d78ca5d203ebf98747e8f16dff9713ba8950097ceb760b161e19907,Domains_SSE_PBE
994,-4.195821144855643,-4.08590153313468,1.02,-2.38951098732,86dd3a804d78ca5d203ebf98747e8f16dff9713ba8950097ceb760b161e19907,Domains_SSE_PBE
995,-4.196208441241601,-4.08590153313468,1.02,-2.38951098732,86dd3a804d78ca5d203ebf98747e8f16dff9713ba8950097ceb760b161e19907,Domains_SSE_PBE
996,-4.196595978627928,-4.08590153313468,1.02,-2.38951098732,86dd3a804d78ca5d203ebf98747e8f16dff9713ba8950097ceb760b161e19907,Domains_SSE_PBE
997,-4.196983756805438,-4.08590153313468,1.02,-2.38951098732,86dd3a804d78ca5d203ebf98747e8f16dff9713ba8950097ceb760b161e19907,Domains_SSE_PBE
998,-4.197371775565275,-4.08590153313468,1.02,-2.38951098732,86dd3a804d78ca5d203ebf98747e8f16dff9713ba8950097ceb760b161e19907,Domains_SSE_PBE
999,-4.197760034698913,-4.08590153313468,1.02,-2.38951098732,86dd3a804d78ca5d203ebf98747e8f16dff9713ba8950097ceb760b161e19907,Domains_SSE_PBE
1000,-4.198148533998163,-4.08590153313468,1.02,-2.38951098732,86dd3a804d78ca5d203ebf98747e8f16dff9713ba8950097ceb760b161e19907,Domains_SSE_PBE
1001,-4.198537273255161,-4.08590153313468,1.02,-2.38951098732,86dd3a804d78ca5d203ebf98747e8f16dff9713ba8950097ceb760b161e19907,Domains_SSE_PBE
1002,-4.198926252262377,-4.08590153313468,1.02,-2.38951098732,86dd3a804d78ca5d203ebf98747e8f16dff9713ba8950097ceb760b161e19907,Domains_SSE_PBE
1003,-4.199315470812608,-4.08590153313468,1.02,-2.38951098732,86dd3a804d78ca5d203ebf98747e8f16dff9713ba8950097ceb760b161e19907,Domains_SSE_PBE
1004,-4.19970492869898,-4.08590153313468,1.02,-2.38951098732,86dd3a804d78ca5d203ebf98747e8f16dff9713ba8950097ceb760b161e19907,Domains_SSE_PBE
1005,-4.200094625714947,-4.08590153313468,1.02,-2.38951098732,86dd3a804d78ca5d203ebf98747e8f16dff9713ba8950097ceb760b161e19907,Domains_SSE_PBE
1006,-4.200484561654288,-4.08590153313468,1.02,-2.38951098732,86dd3a804d78ca5d203ebf98747e8f16dff9713ba8950097ceb760b161e19907,Domains_SSE_PBE
1007,-4.200874736311111,-4.08590153313468,1.02,-2.38951098732,86dd3a804d78ca5d203ebf98747e8f16dff9713ba8950097ceb760b161e19907,Domains_SSE_PBE
1008,-4.201265149479848,-4.08590153313468,1.02,-2.38951098732,86dd3a804d78ca5d203ebf98747e8f16dff9713ba8950097ceb760b161e19907,Domains_SSE_PBE
1009,-4.201655800955258,-4.08590153313468,1.02,-2.38951098732,86dd3a804d78ca5d203ebf98747e8f16dff9713ba8950097ceb760b161e19907,Domains_SSE_PBE
1010,-4.202046690532422,-4.08590153313468,1.02,-2.38951098732,86dd3a804d78ca5d203ebf98747e8f16dff9713ba8950097ceb760b161e19907,Domains_SSE_PBE
1011,-4.202437818006745,-4.08590153313468,1.02,-2.38951098732,86dd3a804d78ca5d203ebf98747e8f16dff9713ba8950097ceb760b161e19907,Domains_SSE_PBE
1012,-4.202829183173955,-4.08590153313468,1.02,-2.38951098732,86dd3a804d78ca5d203ebf98747e8f16dff9713ba8950097ceb760b161e19907,Domains_SSE_PBE
1013,-4.203220785830107,-4.08590153313468,1.02,-2.38951098732,86dd3a804d78ca5d203ebf98747e8f16dff9713ba8950097ceb760b161e19907,Domains_SSE_PBE
1014,-4.203612625771566,-4.08590153313468,1.02,-2.38951098732,86dd3a804d78ca5d203ebf98747e8f16dff9713ba8950097ceb760b161e19907,Domains_SSE_PBE
1015,-4.204004702795032,-4.08590153313468,1.02,-2.38951098732,86dd3a804d78ca5d203ebf98747e8f16dff9713ba8950097ceb760b161e19907,Domains_SSE_PBE
1016,-4.204397016697515,-4.08590153313468,1.02,-2.38951098732,86dd3a804d78ca5d203ebf98747e8f16dff9713ba8950097ceb760b161e19907,Domains_SSE_PBE
1017,-4.204789567276347,-4.08590153313468,1.02,-2.38951098732,86dd3a804d78ca5d203ebf98747e8f16dff9713ba8950097ceb760b161e19907,Domains_SSE_PBE
1018,-4.205182354329182,-4.08590153313468,1.02,-2.38951098732,86dd3a804d78ca5d203ebf98747e8f16dff9713ba8950097ceb760b161e19907,Domains_SSE_PBE
1019,-4.205575377653989,-4.08590153313468,1.02,-2.38951098732,86dd3a804d78ca5d203ebf98747e8f16dff9713ba8950097ceb760b161e19907,Domains_SSE_PBE
1020,-4.205968637049056,-4.08590153313468,1.02,-2.38951098732,86dd3a804d78ca5d203ebf98747e8f16dff9713ba8950097ceb760b161e19907,Domains_SSE_PBE
1021,-4.206362132312986,-4.08590153313468,1.02,-2.38951098732,86dd3a804d78ca5d203ebf98747e8f16dff9713ba8950097ceb760b161e19907,Domains_SSE_PBE
1022,-4.2067558632447,-4.08590153313468,1.02,-2.38951098732,86dd3a804d78ca5d203ebf98747e8f16dff9713ba8950097ceb760b161e19907,Domains_SSE_PBE
1023,-4.207149829643434,-4.08590153313468,1.02,-2.38951098732,86dd3a804d78ca5d203ebf98747e8f16dff9713ba8950097ceb760b161e19907,Domains_SSE_PBE
1024,-4.207544031308742,-4.08590153313468,1.02,-2.38951098732,86dd3a804d78ca5d203ebf98747e8f16dff9713ba8950097ceb760b161e19907,Domains_SSE_PBE
1025,-4.207938468040483,-4.08590153313468,1.02,-2.38951098732,86dd3a804d78ca5d203ebf98747e8f16dff9713ba8950097ceb760b161e19907,Domains_SSE_PBE
1026,-4.208333139638841,-4.08590153313468,1.02,-2.38951098732,86dd3a804d78ca5d203ebf98747e8f16dff9713ba8950097ceb760b161e19907,Domains_SSE_PBE
1027,-4.208728045904306,-4.08590153313468,1.02,-2.38951098732,86dd3a804d78ca5d203ebf98747e8f16dff9713ba8950097ceb760b161e19907,Domains_SSE_PBE
1028,-4.20912318663768,-4.08590153313468,1.02,-2.38951098732,86dd3a804d78ca5d203ebf98747e8f16dff9713ba8950097ceb760b161e19907,Domains_SSE_PBE
1029,-4.20951856164008,-4.08590153313468,1.02,-2.38951098732,86dd3a804d78ca5d203ebf98747e8f16dff9713ba8950097ceb760b161e19907,Domains_SSE_PBE
1030,-4.209914170712932,-4.08590153313468,1.02,-2.38951098732,86dd3a804d78ca5d203ebf98747e8f16dff9713ba8950097ceb760b161e19907,Domains_SSE_PBE
1031,-4.210310013657972,-4.08590153313468,1.02,-2.38951098732,86dd3a804d78ca5d203ebf98747e8f16dff9713ba8950097ceb760b161e19907,Domains_SSE_PBE
1032,-4.210706090277247,-4.08590153313468,1.02,-2.38951098732,86dd3a804d78ca5d203ebf98747e8f16dff9713ba8950097ceb760b161e19907,Domains_SSE_PBE
1033,-4.21110240037311,-4.08590153313468,1.02,-2.38951098732,86dd3a804d78ca5d203ebf98747e8f16dff9713ba8950097ceb760b161e19907,Domains_SSE_PBE
1034,-4.211498943748227,-4.08590153313468,1.02,-2.38951098732,86dd3a804d78ca5d203ebf98747e8f16dff9713ba8950097ceb760b161e19907,Domains_SSE_PBE
1035,-4.211895720205566,-4.08590153313468,1.02,-2.38951098732,86dd3a804d78ca5d203ebf98747e8f16dff9713ba8950097ceb760b161e19907,Domains_SSE_PBE
1036,-4.212292729548407,-4.08590153313468,1.02,-2.38951098732,86dd3a804d78ca5d203ebf98747e8f16dff9713ba8950097ceb760b161e19907,Domains_SSE_PBE
1037,-4.212689971580335,-4.08590153313468,1.02,-2.38951098732,86dd3a804d78ca5d203ebf98747e8f16dff9713ba8950097ceb760b161e19907,Domains_SSE_PBE
1038,-4.213087446105238,-4.08590153313468,1.02,-2.38951098732,86dd3a804d78ca5d203ebf98747e8f16dff9713ba8950097ceb760b161e19907,Domains_SSE_PBE
1039,-4.213485152927312,-4.08590153313468,1.02,-2.38951098732,86dd3a804d78ca5d203ebf98747e8f16dff9713ba8950097ceb760b161e19907,Domains_SSE_PBE
1040,-4.213883091851057,-4.08590153313468,1.02,-2.38951098732,86dd3a804d78ca5d203ebf98747e8f16dff9713ba8950097ceb760b161e19907,Domains_SSE_PBE
1041,-4.214281262681276,-4.08590153313468,1.02,-2.38951098732,86dd3a804d78ca5d203ebf98747e8f16dff9713ba8950097ceb760b161e19907,Domains_SSE_PBE
1042,-4.214679665223077,-4.08590153313468,1.02,-2.38951098732,86dd3a804d78ca5d203ebf98747e8f16dff9713ba8950097ceb760b161e19907,Domains_SSE_PBE
1043,-4.215078299281867,-4.08590153313468,1.02,-2.38951098732,86dd3a804d78ca5d203ebf98747e8f16dff9713ba8950097ceb760b161e19907,Domains_SSE_PBE
1044,-4.215477164663358,-4.08590153313468,1.02,-2.38951098732,86dd3a804d78ca5d203ebf98747e8f16dff9713ba8950097ceb760b161e19907,Domains_SSE_PBE
1045,-4.215876261173562,-4.08590153313468,1.02,-2.38951098732,86dd3a804d78ca5d203ebf98747e8f16dff9713ba8950097ceb760b161e19907,Domains_SSE_PBE
1046,-4.216275588618791,-4.08590153313468,1.02,-2.38951098732,86dd3a804d78ca5d203ebf98747e8f16dff9713ba8950097ceb760b161e19907,Domains_SSE_PBE
1047,-4.21667514680566,-4.08590153313468,1.02,-2.38951098732,86dd3a804d78ca5d203ebf98747e8f16dff9713ba8950097ceb760b161e19907,Domains_SSE_PBE
1048,-4.217074935541081,-4.08590153313468,1.02,-2.38951098732,86dd3a804d78ca5d203ebf98747e8f16dff9713ba8950097ceb760b161e19907,Domains_SSE_PBE
1049,-4.217474954632263,-4.08590153313468,1.02,-2.38951098732,86dd3a804d78ca5d203ebf98747e8f16dff9713ba8950097ceb760b161e19907,Domains_SSE_PBE
1050,-4.217875203886718,-4.08590153313468,1.02,-2.38951098732,86dd3a804d78ca5d203ebf98747e8f16dff9713ba8950097ceb760b161e19907,Domains_SSE_PBE
1051,-4.218275683112251,-4.08590153313468,1.02,-2.38951098732,86dd3a804d78ca5d203ebf98747e8f16dff9713ba8950097ceb760b161e19907,Domains_SSE_PBE
1052,-4.218676392116967,-4.08590153313468,1.02,-2.38951098732,86dd3a804d78ca5d203ebf98747e8f16dff9713ba8950097ceb760b161e19907,Domains_SSE_PBE
1053,-4.219077330709262,-4.08590153313468,1.02,-2.38951098732,86dd3a804d78ca5d203ebf98747e8f16dff9713ba8950097ceb760b161e19907,Domains_SSE_PBE
1054,-4.219478498697836,-4.08590153313468,1.02,-2.38951098732,86dd3a804d78ca5d203ebf98747e8f16dff9713ba8950097ceb760b161e19907,Domains_SSE_PBE
1055,-4.219879895891679,-4.08590153313468,1.02,-2.38951098732,86dd3a804d78ca5d203ebf98747e8f16dff9713ba8950097ceb760b161e19907,Domains_SSE_PBE
1056,-4.220281522100074,-4.08590153313468,1.02,-2.38951098732,86dd3a804d78ca5d203ebf98747e8f16dff9713ba8950097ceb760b161e19907,Domains_SSE_PBE
1057,-4.220683377132601,-4.08590153313468,1.02,-2.38951098732,86dd3a804d78ca5d203ebf98747e8f16dff9713ba8950097ceb760b161e19907,Domains_SSE_PBE
1058,-4.221085460799131,-4.08590153313468,1.02,-2.38951098732,86dd3a804d78ca5d203ebf98747e8f16dff9713ba8950097ceb760b161e19907,Domains_SSE_PBE
1059,-4.221487772909829,-4.08590153313468,1.02,-2.38951098732,86dd3a804d78ca5d203ebf98747e8f16dff9713ba8950097ceb760b161e19907,Domains_SSE_PBE
1060,-4.221890313275153,-4.08590153313468,1.02,-2.38951098732,86dd3a804d78ca5d203ebf98747e8f16dff9713ba8950097ceb760b161e19907,Domains_SSE_PBE
1061,-4.222293081705848,-4.08590153313468,1.02,-2.38951098732,86dd3a804d78ca5d203ebf98747e8f16dff9713ba8950097ceb760b161e19907,Domains_SSE_PBE
1062,-4.222696078012955,-4.08590153313468,1.02,-2.38951098732,86dd3a804d78ca5d203ebf98747e8f16dff9713ba8950097ceb760b161e19907,Domains_SSE_PBE
1063,-4.223099302007801,-4.08590153313468,1.02,-2.38951098732,86dd3a804d78ca5d203ebf98747e8f16dff9713ba8950097ceb760b161e19907,Domains_SSE_PBE
1064,-4.223502753502006,-4.08590153313468,1.02,-2.38951098732,86dd3a804d78ca5d203ebf98747e8f16dff9713ba8950097ceb760b161e19907,Domains_SSE_PBE
1065,-4.223906432307476,-4.08590153313468,1.02,-2.38951098732,86dd3a804d78ca5d203ebf98747e8f16dff9713ba8950097ceb760b161e19907,Domains_SSE_PBE
1066,-4.224310338236408,-4.08590153313468,1.02,-2.38951098732,86dd3a804d78ca5d203ebf98747e8f16dff9713ba8950097ceb760b161e19907,Domains_SSE_PBE
1067,-4.224714471101282,-4.08590153313468,1.02,-2.38951098732,86dd3a804d78ca5d203ebf98747e8f16dff9713ba8950097ceb760b161e19907,Domains_SSE_PBE
1068,-4.225118830714872,-4.08590153313468,1.02,-2.38951098732,86dd3a804d78ca5d203ebf98747e8f16dff9713ba8950097ceb760b161e19907,Domains_SSE_PBE
1069,-4.225523416890233,-4.08590153313468,1.02,-2.38951098732,86dd3a804d78ca5d203ebf98747e8f16dff9713ba8950097ceb760b161e19907,Domains_SSE_PBE
1070,-4.22592822944071,-4.08590153313468,1.02,-2.38951098732,86dd3a804d78ca5d203ebf98747e8f16dff9713ba8950097ceb760b161e19907,Domains_SSE_PBE
1071,-4.226333268179927,-4.08590153313468,1.02,-2.38951098732,86dd3a804d78ca5d203ebf98747e8f16dff9713ba8950097ceb760b161e19907,Domains_SSE_PBE
1072,-4.226738532921803,-4.08590153313468,1.02,-2.38951098732,86dd3a804d78ca5d203ebf98747e8f16dff9713ba8950097ceb760b161e19907,Domains_SSE_PBE
1073,-4.227144023480529,-4.08590153313468,1.02,-2.38951098732,86dd3a804d78ca5d203ebf98747e8f16dff9713ba8950097ceb760b161e19907,Domains_SSE_PBE
1074,-4.22754973967059,-4.08590153313468,1.02,-2.38951098732,86dd3a804d78ca5d203ebf98747e8f16dff9713ba8950097ceb760b161e19907,Domains_SSE_PBE
1075,-4.227955681306748,-4.08590153313468,1.02,-2.38951098732,86dd3a804d78ca5d203ebf98747e8f16dff9713ba8950097ceb760b161e19907,Domains_SSE_PBE
1076,-4.228361848204051,-4.08590153313468,1.02,-2.38951098732,86dd3a804d78ca5d203ebf98747e8f16dff9713ba8950097ceb760b161e19907,Domains_SSE_PBE
1077,-4.228768240177825,-4.08590153313468,1.02,-2.38951098732,86dd3a804d78ca5d203ebf98747e8f16dff9713ba8950097ceb760b161e19907,Domains_SSE_PBE
1078,-4.229174857043678,-4.08590153313468,1.02,-2.38951098732,86dd3a804d78ca5d203ebf98747e8f16dff9713ba8950097ceb760b161e19907,Domains_SSE_PBE
1079,-4.229581698617504,-4.08590153313468,1.02,-2.38951098732,86dd3a804d78ca5d203ebf98747e8f16dff9713ba8950097ceb760b161e19907,Domains_SSE_PBE
1080,-4.229988764715469,-4.08590153313468,1.02,-2.38951098732,86dd3a804d78ca5d203ebf98747e8f16dff9713ba8950097ceb760b161e19907,Domains_SSE_PBE
1081,-4.230396055154024,-4.08590153313468,1.02,-2.38951098732,86dd3a804d78ca5d203ebf98747e8f16dff9713ba8950097ceb760b161e19907,Domains_SSE_PBE
1082,-4.230803569749897,-4.08590153313468,1.02,-2.38951098732,86dd3a804d78ca5d203ebf98747e8f16dff9713ba8950097ceb760b161e19907,Domains_SSE_PBE
1083,-4.231211308320095,-4.08590153313468,1.02,-2.38951098732,86dd3a804d78ca5d203ebf98747e8f16dff9713ba8950097ceb760b161e19907,Domains_SSE_PBE
1084,-4.231619270681901,-4.08590153313468,1.02,-2.38951098732,86dd3a804d78ca5d203ebf98747e8f16dff9713ba8950097ceb760b161e19907,Domains_SSE_PBE
1085,-4.232027456652879,-4.08590153313468,1.02,-2.38951098732,86dd3a804d78ca5d203ebf98747e8f16dff9713ba8950097ceb760b161e19907,Domains_SSE_PBE
1086,-4.232435866050864,-4.08590153313468,1.02,-2.38951098732,86dd3a804d78ca5d203ebf98747e8f16dff9713ba8950097ceb760b161e19907,Domains_SSE_PBE
1087,-4.232844498693972,-4.08590153313468,1.02,-2.38951098732,86dd3a804d78ca5d203ebf98747e8f16dff9713ba8950097ceb760b161e19907,Domains_SSE_PBE
1088,-4.233253354400593,-4.08590153313468,1.02,-2.38951098732,86dd3a804d78ca5d203ebf98747e8f16dff9713ba8950097ceb760b161e19907,Domains_SSE_PBE
1089,-4.23366243298939,-4.08590153313468,1.02,-2.38951098732,86dd3a804d78ca5d203ebf98747e8f16dff9713ba8950097ceb760b161e19907,Domains_SSE_PBE
1090,-4.234071734279302,-4.08590153313468,1.02,-2.38951098732,86dd3a804d78ca5d203ebf98747e8f16dff9713ba8950097ceb760b161e19907,Domains_SSE_PBE
1091,-4.234481258089543,-4.08590153313468,1.02,-2.38951098732,86dd3a804d78ca5d203ebf98747e8f16dff9713ba8950097ceb760b161e19907,Domains_SSE_PBE
1092,-4.234891004239599,-4.08590153313468,1.02,-2.38951098732,86dd3a804d78ca5d203ebf98747e8f16dff9713ba8950097ceb760b161e19907,Domains_SSE_PBE
1093,-4.235300972549226,-4.08590153313468,1.02,-2.38951098732,86dd3a804d78ca5d203ebf98747e8f16dff9713ba8950097ceb760b161e19907,Domains_SSE_PBE
1094,-4.235711162838456,-4.08590153313468,1.02,-2.38951098732,86dd3a804d78ca5d203ebf98747e8f16dff9713ba8950097ceb760b161e19907,Domains_SSE_PBE
1095,-4.23612157492759,-4.08590153313468,1.02,-2.38951098732,86dd3a804d78ca5d203ebf98747e8f16dff9713ba8950097ceb760b161e19907,Domains_SSE_PBE
1096,-4.236532208637202,-4.08590153313468,1.02,-2.38951098732,86dd3a804d78ca5d203ebf98747e8f16dff9713ba8950097ceb760b161e19907,Domains_SSE_PBE
1097,-4.236943063788135,-4.08590153313468,1.02,-2.38951098732,86dd3a804d78ca5d203ebf98747e8f16dff9713ba8950097ceb760b161e19907,Domains_SSE_PBE
1098,-4.237354140201501,-4.08590153313468,1.02,-2.38951098732,86dd3a804d78ca5d203ebf98747e8f16dff9713ba8950097ceb760b161e19907,Domains_SSE_PBE
1099,-4.237765437698684,-4.08590153313468,1.02,-2.38951098732,86dd3a804d78ca5d203ebf98747e8f16dff9713ba8950097ceb760b161e19907,Domains_SSE_PBE
1100,-4.238176956101333,-4.08590153313468,1.02,-2.38951098732,86dd3a804d78ca5d203ebf98747e8f16dff9713ba8950097ceb760b161e19907,Domains_SSE_PBE
1101,-4.238588695231368,-4.08590153313468,1.02,-2.38951098732,86dd3a804d78ca5d203ebf98747e8f16dff9713ba8950097ceb760b161e19907,Domains_SSE_PBE
1102,-4.239000654910978,-4.08590153313468,1.02,-2.38951098732,86dd3a804d78ca5d203ebf98747e8f16dff9713ba8950097ceb760b161e19907,Domains_SSE_PBE
1103,-4.239412834962613,-4.08590153313468,1.02,-2.38951098732,86dd3a804d78ca5d203ebf98747e8f16dff9713ba8950097ceb760b161e19907,Domains_SSE_PBE
1104,-4.239825235208996,-4.08590153313468,1.02,-2.38951098732,86dd3a804d78ca5d203ebf98747e8f16dff9713ba8950097ceb760b161e19907,Domains_SSE_PBE
1105,-4.240237855473112,-4.08590153313468,1.02,-2.38951098732,86dd3a804d78ca5d203ebf98747e8f16dff9713ba8950097ceb760b161e19907,Domains_SSE_PBE
1106,-4.240650695578215,-4.08590153313468,1.02,-2.38951098732,86dd3a804d78ca5d203ebf98747e8f16dff9713ba8950097ceb760b161e19907,Domains_SSE_PBE
1107,-4.241063755347819,-4.08590153313468,1.02,-2.38951098732,86dd3a804d78ca5d203ebf98747e8f16dff9713ba8950097ceb760b161e19907,Domains_SSE_PBE
1108,-4.241477034605706,-4.08590153313468,1.02,-2.38951098732,86dd3a804d78ca5d203ebf98747e8f16dff9713ba8950097ceb760b161e19907,Domains_SSE_PBE
1109,-4.241890533175921,-4.08590153313468,1.02,-2.38951098732,86dd3a804d78ca5d203ebf98747e8f16dff9713ba8950097ceb760b161e19907,Domains_SSE_PBE
1110,-4.24230425088277,-4.08590153313468,1.02,-2.38951098732,86dd3a804d78ca5d203ebf98747e8f16dff9713ba8950097ceb760b161e19907,Domains_SSE_PBE
1111,-4.242718187550828,-4.08590153313468,1.02,-2.38951098732,86dd3a804d78ca5d203ebf98747e8f16dff9713ba8950097ceb760b161e19907,Domains_SSE_PBE
1112,-4.243132343004923,-4.08590153313468,1.02,-2.38951098732,86dd3a804d78ca5d203ebf98747e8f16dff9713ba8950097ceb760b161e19907,Domains_SSE_PBE
1113,-4.243546717070151,-4.08590153313468,1.02,-2.38951098732,86dd3a804d78ca5d203ebf98747e8f16dff9713ba8950097ceb760b161e19907,Domains_SSE_PBE
1114,-4.243961309571869,-4.08590153313468,1.02,-2.38951098732,86dd3a804d78ca5d203ebf98747e8f16dff9713ba8950097ceb760b161e19907,Domains_SSE_PBE
1115,-4.244376120335691,-4.08590153313468,1.02,-2.38951098732,86dd3a804d78ca5d203ebf98747e8f16dff9713ba8950097ceb760b161e19907,Domains_SSE_PBE
1116,-4.244791149187494,-4.08590153313468,1.02,-2.38951098732,86dd3a804d78ca5d203ebf98747e8f16dff9713ba8950097ceb760b161e19907,Domains_SSE_PBE
1117,-4.245206395953414,-4.08590153313468,1.02,-2.38951098732,86dd3a804d78ca5d203ebf98747e8f16dff9713ba8950097ceb760b161e19907,Domains_SSE_PBE
1118,-4.245621860459843,-4.08590153313468,1.02,-2.38951098732,86dd3a804d78ca5d203ebf98747e8f16dff9713ba8950097ceb760b161e19907,Domains_SSE_PBE
1119,-4.246037542533438,-4.08590153313468,1.02,-2.38951098732,86dd3a804d78ca5d203ebf98747e8f16dff9713ba8950097ceb760b161e19907,Domains_SSE_PBE
1120,-4.246453442001106,-4.08590153313468,1.02,-2.38951098732,86dd3a804d78ca5d203ebf98747e8f16dff9713ba8950097ceb760b161e19907,Domains_SSE_PBE
1121,-4.246869558690017,-4.08590153313468,1.02,-2.38951098732,86dd3a804d78ca5d203ebf98747e8f16dff9713ba8950097ceb760b161e19907,Domains_SSE_PBE
1122,-4.247285892427596,-4.08590153313468,1.02,-2.38951098732,86dd3a804d78ca5d203ebf98747e8f16dff9713ba8950097ceb760b161e19907,Domains_SSE_PBE
1123,-4.247702443041524,-4.08590153313468,1.02,-2.38951098732,86dd3a804d78ca5d203ebf98747e8f16dff9713ba8950097ceb760b161e19907,Domains_SSE_PBE
1124,-4.248119210359738,-4.08590153313468,1.02,-2.38951098732,86dd3a804d78ca5d203ebf98747e8f16dff9713ba8950097ceb760b161e19907,Domains_SSE_PBE
1125,-4.24853619421043,-4.08590153313468,1.02,-2.38951098732,86dd3a804d78ca5d203ebf98747e8f16dff9713ba8950097ceb760b161e19907,Domains_SSE_PBE
1126,-4.248953394422047,-4.08590153313468,1.02,-2.38951098732,86dd3a804d78ca5d203ebf98747e8f16dff9713ba8950097ceb760b161e19907,Domains_SSE_PBE
1127,-4.249370810823291,-4.08590153313468,1.02,-2.38951098732,86dd3a804d78ca5d203ebf98747e8f16dff9713ba8950097ceb760b161e19907,Domains_SSE_PBE
1128,-4.249788443243117,-4.08590153313468,1.02,-2.38951098732,86dd3a804d78ca5d203ebf98747e8f16dff9713ba8950097ceb760b161e19907,Domains_SSE_PBE
1129,-4.250206291510734,-4.08590153313468,1.02,-2.38951098732,86dd3a804d78ca5d203ebf98747e8f16dff9713ba8950097ceb760b161e19907,Domains_SSE_PBE
1130,-4.2506243554556,-4.08590153313468,1.02,-2.38951098732,86dd3a804d78ca5d203ebf98747e8f16dff9713ba8950097ceb760b161e19907,Domains_SSE_PBE
1131,-4.251042634907432,-4.08590153313468,1.02,-2.38951098732,86dd3a804d78ca5d203ebf98747e8f16dff9713ba8950097ceb760b161e19907,Domains_SSE_PBE
1132,-4.251461129696191,-4.08590153313468,1.02,-2.38951098732,86dd3a804d78ca5d203ebf98747e8f16dff9713ba8950097ceb760b161e19907,Domains_SSE_PBE
1133,-4.251879839652095,-4.08590153313468,1.02,-2.38951098732,86dd3a804d78ca5d203ebf98747e8f16dff9713ba8950097ceb760b161e19907,Domains_SSE_PBE
1134,-4.25229876460561,-4.08590153313468,1.02,-2.38951098732,86dd3a804d78ca5d203ebf98747e8f16dff9713ba8950097ceb760b161e19907,Domains_SSE_PBE
1135,-4.252717904387451,-4.08590153313468,1.02,-2.38951098732,86dd3a804d78ca5d203ebf98747e8f16dff9713ba8950097ceb760b161e19907,Domains_SSE_PBE
1136,-4.253137258828587,-4.08590153313468,1.02,-2.38951098732,86dd3a804d78ca5d203ebf98747e8f16dff9713ba8950097ceb760b161e19907,Domains_SSE_PBE
1137,-4.25355682776023,-4.08590153313468,1.02,-2.38951098732,86dd3a804d78ca5d203ebf98747e8f16dff9713ba8950097ceb760b161e19907,Domains_SSE_PBE
1138,-4.253976611013845,-4.08590153313468,1.02,-2.38951098732,86dd3a804d78ca5d203ebf98747e8f16dff9713ba8950097ceb760b161e19907,Domains_SSE_PBE
1139,-4.254396608421146,-4.08590153313468,1.02,-2.38951098732,86dd3a804d78ca5d203ebf98747e8f16dff9713ba8950097ceb760b161e19907,Domains_SSE_PBE
1140,-4.254816819814089,-4.08590153313468,1.02,-2.38951098732,86dd3a804d78ca5d203ebf98747e8f16dff9713ba8950097ceb760b161e19907,Domains_SSE_PBE
1141,-4.255237245024885,-4.08590153313468,1.02,-2.38951098732,86dd3a804d78ca5d203ebf98747e8f16dff9713ba8950097ceb760b161e19907,Domains_SSE_PBE
1142,-4.255657883885982,-4.08590153313468,1.02,-2.38951098732,86dd3a804d78ca5d203ebf98747e8f16dff9713ba8950097ceb760b161e19907,Domains_SSE_PBE
1143,-4.256078736230083,-4.08590153313468,1.02,-2.38951098732,86dd3a804d78ca5d203ebf98747e8f16dff9713ba8950097ceb760b161e19907,Domains_SSE_PBE
1144,-4.25649980189013,-4.08590153313468,1.02,-2.38951098732,86dd3a804d78ca5d203ebf98747e8f16dff9713ba8950097ceb760b161e19907,Domains_SSE_PBE
1145,-4.256921080699313,-4.08590153313468,1.02,-2.38951098732,86dd3a804d78ca5d203ebf98747e8f16dff9713ba8950097ceb760b161e19907,Domains_SSE_PBE
1146,-4.257342572491069,-4.08590153313468,1.02,-2.38951098732,86dd3a804d78ca5d203ebf98747e8f16dff9713ba8950097ceb760b161e19907,Domains_SSE_PBE
1147,-4.257764277099075,-4.08590153313468,1.02,-2.38951098732,86dd3a804d78ca5d203ebf98747e8f16dff9713ba8950097ceb760b161e19907,Domains_SSE_PBE
1148,-4.258186194357252,-4.08590153313468,1.02,-2.38951098732,86dd3a804d78ca5d203ebf98747e8f16dff9713ba8950097ceb760b161e19907,Domains_SSE_PBE
1149,-4.258608324099766,-4.08590153313468,1.02,-2.38951098732,86dd3a804d78ca5d203ebf98747e8f16dff9713ba8950097ceb760b161e19907,Domains_SSE_PBE
1150,-4.259030666161026,-4.08590153313468,1.02,-2.38951098732,86dd3a804d78ca5d203ebf98747e8f16dff9713ba8950097ceb760b161e19907,Domains_SSE_PBE
1151,-4.25945322037568,-4.08590153313468,1.02,-2.38951098732,86dd3a804d78ca5d203ebf98747e8f16dff9713ba8950097ceb760b161e19907,Domains_SSE_PBE
1152,-4.259875986578619,-4.08590153313468,1.02,-2.38951098732,86dd3a804d78ca5d203ebf98747e8f16dff9713ba8950097ceb760b161e19907,Domains_SSE_PBE
1153,-4.260298964604977,-4.08590153313468,1.02,-2.38951098732,86dd3a804d78ca5d203ebf98747e8f16dff9713ba8950097ceb760b161e19907,Domains_SSE_PBE
1154,-4.260722154290128,-4.08590153313468,1.02,-2.38951098732,86dd3a804d78ca5d203ebf98747e8f16dff9713ba8950097ceb760b161e19907,Domains_SSE_PBE
1155,-4.261145555469684,-4.08590153313468,1.02,-2.38951098732,86dd3a804d78ca5d203ebf98747e8f16dff9713ba8950097ceb760b161e19907,Domains_SSE_PBE
1156,-4.261569167979498,-4.08590153313468,1.02,-2.38951098732,86dd3a804d78ca5d203ebf98747e8f16dff9713ba8950097ceb760b161e19907,Domains_SSE_PBE
1157,-4.261992991655661,-4.08590153313468,1.02,-2.38951098732,86dd3a804d78ca5d203ebf98747e8f16dff9713ba8950097ceb760b161e19907,Domains_SSE_PBE
1158,-4.262417026334508,-4.08590153313468,1.02,-2.38951098732,86dd3a804d78ca5d203ebf98747e8f16dff9713ba8950097ceb760b161e19907,Domains_SSE_PBE
1159,-4.262841271852604,-4.08590153313468,1.02,-2.38951098732,86dd3a804d78ca5d203ebf98747e8f16dff9713ba8950097ceb760b161e19907,Domains_SSE_PBE
1160,-4.263265728046759,-4.08590153313468,1.02,-2.38951098732,86dd3a804d78ca5d203ebf98747e8f16dff9713ba8950097ceb760b161e19907,Domains_SSE_PBE
1161,-4.263690394754015,-4.08590153313468,1.02,-2.38951098732,86dd3a804d78ca5d203ebf98747e8f16dff9713ba8950097ceb760b161e19907,Domains_SSE_PBE
1162,-4.264115271811654,-4.08590153313468,1.02,-2.38951098732,86dd3a804d78ca5d203ebf98747e8f16dff9713ba8950097ceb760b161e19907,Domains_SSE_PBE
1163,-4.264540359057193,-4.08590153313468,1.02,-2.38951098732,86dd3a804d78ca5d203ebf98747e8f16dff9713ba8950097ceb760b161e19907,Domains_SSE_PBE
1164,-4.264965656328385,-4.08590153313468,1.02,-2.38951098732,86dd3a804d78ca5d203ebf98747e8f16dff9713ba8950097ceb760b161e19907,Domains_SSE_PBE
1165,-4.265391163463218,-4.08590153313468,1.02,-2.38951098732,86dd3a804d78ca5d203ebf98747e8f16dff9713ba8950097ceb760b161e19907,Domains_SSE_PBE
1166,-4.265816880299917,-4.08590153313468,1.02,-2.38951098732,86dd3a804d78ca5d203ebf98747e8f16dff9713ba8950097ceb760b161e19907,Domains_SSE_PBE
1167,-4.266242806676938,-4.08590153313468,1.02,-2.38951098732,86dd3a804d78ca5d203ebf98747e8f16dff9713ba8950097ceb760b161e19907,Domains_SSE_PBE
1168,-4.266668942432974,-4.08590153313468,1.02,-2.38951098732,86dd3a804d78ca5d203ebf98747e8f16dff9713ba8950097ceb760b161e19907,Domains_SSE_PBE
1169,-4.267095287406949,-4.08590153313468,1.02,-2.38951098732,86dd3a804d78ca5d203ebf98747e8f16dff9713ba8950097ceb760b161e19907,Domains_SSE_PBE
1170,-4.267521841438022,-4.08590153313468,1.02,-2.38951098732,86dd3a804d78ca5d203ebf98747e8f16dff9713ba8950097ceb760b161e19907,Domains_SSE_PBE
1171,-4.267948604365584,-4.08590153313468,1.02,-2.38951098732,86dd3a804d78ca5d203ebf98747e8f16dff9713ba8950097ceb760b161e19907,Domains_SSE_PBE
1172,-4.268375576029255,-4.08590153313468,1.02,-2.38951098732,86dd3a804d78ca5d203ebf98747e8f16dff9713ba8950097ceb760b161e19907,Domains_SSE_PBE
1173,-4.268802756268894,-4.08590153313468,1.02,-2.38951098732,86dd3a804d78ca5d203ebf98747e8f16dff9713ba8950097ceb760b161e19907,Domains_SSE_PBE
1174,-4.269230144924583,-4.08590153313468,1.02,-2.38951098732,86dd3a804d78ca5d203ebf98747e8f16dff9713ba8950097ceb760b161e19907,Domains_SSE_PBE
1175,-4.26965774183664,-4.08590153313468,1.02,-2.38951098732,86dd3a804d78ca5d203ebf98747e8f16dff9713ba8950097ceb760b161e19907,Domains_SSE_PBE
1176,-4.27008554684561,-4.08590153313468,1.02,-2.38951098732,86dd3a804d78ca5d203ebf98747e8f16dff9713ba8950097ceb760b161e19907,Domains_SSE_PBE
1177,-4.27051355979227,-4.08590153313468,1.02,-2.38951098732,86dd3a804d78ca5d203ebf98747e8f16dff9713ba8950097ceb760b161e19907,Domains_SSE_PBE
1178,-4.270941780517624,-4.08590153313468,1.02,-2.38951098732,86dd3a804d78ca5d203ebf98747e8f16dff9713ba8950097ceb760b161e19907,Domains_SSE_PBE
1179,-4.271370208862909,-4.08590153313468,1.02,-2.38951098732,86dd3a804d78ca5d203ebf98747e8f16dff9713ba8950097ceb760b161e19907,Domains_SSE_PBE
1180,-4.271798844669584,-4.08590153313468,1.02,-2.38951098732,86dd3a804d78ca5d203ebf98747e8f16dff9713ba8950097ceb760b161e19907,Domains_SSE_PBE
1181,-4.272227687779345,-4.08590153313468,1.02,-2.38951098732,86dd3a804d78ca5d203ebf98747e8f16dff9713ba8950097ceb760b161e19907,Domains_SSE_PBE
1182,-4.272656738034104,-4.08590153313468,1.02,-2.38951098732,86dd3a804d78ca5d203ebf98747e8f16dff9713ba8950097ceb760b161e19907,Domains_SSE_PBE
1183,-4.273085995276008,-4.08590153313468,1.02,-2.38951098732,86dd3a804d78ca5d203ebf98747e8f16dff9713ba8950097ceb760b161e19907,Domains_SSE_PBE
1184,-4.27351545934743,-4.08590153313468,1.02,-2.38951098732,86dd3a804d78ca5d203ebf98747e8f16dff9713ba8950097ceb760b161e19907,Domains_SSE_PBE
1185,-4.273945130090967,-4.08590153313468,1.02,-2.38951098732,86dd3a804d78ca5d203ebf98747e8f16dff9713ba8950097ceb760b161e19907,Domains_SSE_PBE
1186,-4.274375007349442,-4.08590153313468,1.02,-2.38951098732,86dd3a804d78ca5d203ebf98747e8f16dff9713ba8950097ceb760b161e19907,Domains_SSE_PBE
1187,-4.274805090965903,-4.08590153313468,1.02,-2.38951098732,86dd3a804d78ca5d203ebf98747e8f16dff9713ba8950097ceb760b161e19907,Domains_SSE_PBE
1188,-4.275235380783625,-4.08590153313468,1.02,-2.38951098732,86dd3a804d78ca5d203ebf98747e8f16dff9713ba8950097ceb760b161e19907,Domains_SSE_PBE
1189,-4.275665876646102,-4.08590153313468,1.02,-2.38951098732,86dd3a804d78ca5d203ebf98747e8f16dff9713ba8950097ceb760b161e19907,Domains_SSE_PBE
1190,-4.276096578397058,-4.08590153313468,1.02,-2.38951098732,86dd3a804d78ca5d203ebf98747e8f16dff9713ba8950097ceb760b161e19907,Domains_SSE_PBE
1191,-4.276527485880439,-4.08590153313468,1.02,-2.38951098732,86dd3a804d78ca5d203ebf98747e8f16dff9713ba8950097ceb760b161e19907,Domains_SSE_PBE
1192,-4.276958598940409,-4.08590153313468,1.02,-2.38951098732,86dd3a804d78ca5d203ebf98747e8f16dff9713ba8950097ceb760b161e19907,Domains_SSE_PBE
1193,-4.277389917421361,-4.08590153313468,1.02,-2.38951098732,86dd3a804d78ca5d203ebf98747e8f16dff9713ba8950097ceb760b161e19907,Domains_SSE_PBE
1194,-4.277821441167907,-4.08590153313468,1.02,-2.38951098732,86dd3a804d78ca5d203ebf98747e8f16dff9713ba8950097ceb760b161e19907,Domains_SSE_PBE
1195,-4.278253170024881,-4.08590153313468,1.02,-2.38951098732,86dd3a804d78ca5d203ebf98747e8f16dff9713ba8950097ceb760b161e19907,Domains_SSE_PBE
1196,-4.278685103837336,-4.08590153313468,1.02,-2.38951098732,86dd3a804d78ca5d203ebf98747e8f16dff9713ba8950097ceb760b161e19907,Domains_SSE_PBE
1197,-4.279117242450551,-4.08590153313468,1.02,-2.38951098732,86dd3a804d78ca5d203ebf98747e8f16dff9713ba8950097ceb760b161e19907,Domains_SSE_PBE
1198,-4.27954958571002,-4.08590153313468,1.02,-2.38951098732,86dd3a804d78ca5d203ebf98747e8f16dff9713ba8950097ceb760b161e19907,Domains_SSE_PBE
1199,-4.279982133461461,-4.08590153313468,1.02,-2.38951098732,86dd3a804d78ca5d203ebf98747e8f16dff9713ba8950097ceb760b161e19907,Domains_SSE_PBE
1200,-4.280414885550807,-4.08590153313468,1.02,-2.38951098732,86dd3a804d78ca5d203ebf98747e8f16dff9713ba8950097ceb760b161e19907,Domains_SSE_PBE
1201,-4.280847841824215,-4.08590153313468,1.02,-2.38951098732,86dd3a804d78ca5d203ebf98747e8f16dff9713ba8950097ceb760b161e19907,Domains_SSE_PBE
1202,-4.281281002128058,-4.08590153313468,1.02,-2.38951098732,86dd3a804d78ca5d203ebf98747e8f16dff9713ba8950097ceb760b161e19907,Domains_SSE_PBE
1203,-4.281714366308925,-4.08590153313468,1.02,-2.38951098732,86dd3a804d78ca5d203ebf98747e8f16dff9713ba8950097ceb760b161e19907,Domains_SSE_PBE
1204,-4.282147934213626,-4.08590153313468,1.02,-2.38951098732,86dd3a804d78ca5d203ebf98747e8f16dff9713ba8950097ceb760b161e19907,Domains_SSE_PBE
1205,-4.282581705689188,-4.08590153313468,1.02,-2.38951098732,86dd3a804d78ca5d203ebf98747e8f16dff9713ba8950097ceb760b161e19907,Domains_SSE_PBE
1206,-4.283015680582853,-4.08590153313468,1.02,-2.38951098732,86dd3a804d78ca5d203ebf98747e8f16dff9713ba8950097ceb760b161e19907,Domains_SSE_PBE
1207,-4.28344985874208,-4.08590153313468,1.02,-2.38951098732,86dd3a804d78ca5d203ebf98747e8f16dff9713ba8950097ceb760b161e19907,Domains_SSE_PBE
1208,-4.283884240014546,-4.08590153313468,1.02,-2.38951098732,86dd3a804d78ca5d203ebf98747e8f16dff9713ba8950097ceb760b161e19907,Domains_SSE_PBE
1209,-4.28431882424814,-4.08590153313468,1.02,-2.38951098732,86dd3a804d78ca5d203ebf98747e8f16dff9713ba8950097ceb760b161e19907,Domains_SSE_PBE
1210,-4.284753611290972,-4.08590153313468,1.02,-2.38951098732,86dd3a804d78ca5d203ebf98747e8f16dff9713ba8950097ceb760b161e19907,Domains_SSE_PBE
1211,-4.285188600991358,-4.08590153313468,1.02,-2.38951098732,86dd3a804d78ca5d203ebf98747e8f16dff9713ba8950097ceb760b161e19907,Domains_SSE_PBE
1212,-4.285623793197836,-4.08590153313468,1.02,-2.38951098732,86dd3a804d78ca5d203ebf98747e8f16dff9713ba8950097ceb760b161e19907,Domains_SSE_PBE
1213,-4.286059187759154,-4.08590153313468,1.02,-2.38951098732,86dd3a804d78ca5d203ebf98747e8f16dff9713ba8950097ceb760b161e19907,Domains_SSE_PBE
1214,-4.286494784524273,-4.08590153313468,1.02,-2.38951098732,86dd3a804d78ca5d203ebf98747e8f16dff9713ba8950097ceb760b161e19907,Domains_SSE_PBE
1215,-4.286930583342373,-4.08590153313468,1.02,-2.38951098732,86dd3a804d78ca5d203ebf98747e8f16dff9713ba8950097ceb760b161e19907,Domains_SSE_PBE
1216,-4.287366584062837,-4.08590153313468,1.02,-2.38951098732,86dd3a804d78ca5d203ebf98747e8f16dff9713ba8950097ceb760b161e19907,Domains_SSE_PBE
1217,-4.287802786535267,-4.08590153313468,1.02,-2.38951098732,86dd3a804d78ca5d203ebf98747e8f16dff9713ba8950097ceb760b161e19907,Domains_SSE_PBE
1218,-4.288239190609475,-4.08590153313468,1.02,-2.38951098732,86dd3a804d78ca5d203ebf98747e8f16dff9713ba8950097ceb760b161e19907,Domains_SSE_PBE
1219,-4.288675796135484,-4.08590153313468,1.02,-2.38951098732,86dd3a804d78ca5d203ebf98747e8f16dff9713ba8950097ceb760b161e19907,Domains_SSE_PBE
1220,-4.28911260296353,-4.08590153313468,1.02,-2.38951098732,86dd3a804d78ca5d203ebf98747e8f16dff9713ba8950097ceb760b161e19907,Domains_SSE_PBE
1221,-4.289549610944055,-4.08590153313468,1.02,-2.38951098732,86dd3a804d78ca5d203ebf98747e8f16dff9713ba8950097ceb760b161e19907,Domains_SSE_PBE
1222,-4.289986819927713,-4.08590153313468,1.02,-2.38951098732,86dd3a804d78ca5d203ebf98747e8f16dff9713ba8950097ceb760b161e19907,Domains_SSE_PBE
1223,-4.290424229765373,-4.08590153313468,1.02,-2.38951098732,86dd3a804d78ca5d203ebf98747e8f16dff9713ba8950097ceb760b161e19907,Domains_SSE_PBE
1224,-4.290861840308104,-4.08590153313468,1.02,-2.38951098732,86dd3a804d78ca5d203ebf98747e8f16dff9713ba8950097ceb760b161e19907,Domains_SSE_PBE
1225,-4.291299651407192,-4.08590153313468,1.02,-2.38951098732,86dd3a804d78ca5d203ebf98747e8f16dff9713ba8950097ceb760b161e19907,Domains_SSE_PBE
1226,-4.291737662914125,-4.08590153313468,1.02,-2.38951098732,86dd3a804d78ca5d203ebf98747e8f16dff9713ba8950097ceb760b161e19907,Domains_SSE_PBE
1227,-4.292175874680605,-4.08590153313468,1.02,-2.38951098732,86dd3a804d78ca5d203ebf98747e8f16dff9713ba8950097ceb760b161e19907,Domains_SSE_PBE
1228,-4.292614286558536,-4.08590153313468,1.02,-2.38951098732,86dd3a804d78ca5d203ebf98747e8f16dff9713ba8950097ceb760b161e19907,Domains_SSE_PBE
1229,-4.293052898400034,-4.08590153313468,1.02,-2.38951098732,86dd3a804d78ca5d203ebf98747e8f16dff9713ba8950097ceb760b161e19907,Domains_SSE_PBE
1230,-4.293491710057419,-4.08590153313468,1.02,-2.38951098732,86dd3a804d78ca5d203ebf98747e8f16dff9713ba8950097ceb760b161e19907,Domains_SSE_PBE
1231,-4.293930721383218,-4.08590153313468,1.02,-2.38951098732,86dd3a804d78ca5d203ebf98747e8f16dff9713ba8950097ceb760b161e19907,Domains_SSE_PBE
1232,-4.294369932230163,-4.08590153313468,1.02,-2.38951098732,86dd3a804d78ca5d203ebf98747e8f16dff9713ba8950097ceb760b161e19907,Domains_SSE_PBE
1233,-4.294809342451194,-4.08590153313468,1.02,-2.38951098732,86dd3a804d78ca5d203ebf98747e8f16dff9713ba8950097ceb760b161e19907,Domains_SSE_PBE
1234,-4.295248951899455,-4.08590153313468,1.02,-2.38951098732,86dd3a804d78ca5d203ebf98747e8f16dff9713ba8950097ceb760b161e19907,Domains_SSE_PBE
1235,-4.295688760428296,-4.08590153313468,1.02,-2.38951098732,86dd3a804d78ca5d203ebf98747e8f16dff9713ba8950097ceb760b161e19907,Domains_SSE_PBE
1236,-4.296128767891267,-4.08590153313468,1.02,-2.38951098732,86dd3a804d78ca5d203ebf98747e8f16dff9713ba8950097ceb760b161e19907,Domains_SSE_PBE
1237,-4.296568974142127,-4.08590153313468,1.02,-2.38951098732,86dd3a804d78ca5d203ebf98747e8f16dff9713ba8950097ceb760b161e19907,Domains_SSE_PBE
1238,-4.297009379034836,-4.08590153313468,1.02,-2.38951098732,86dd3a804d78ca5d203ebf98747e8f16dff9713ba8950097ceb760b161e19907,Domains_SSE_PBE
1239,-4.297449982423557,-4.08590153313468,1.02,-2.38951098732,86dd3a804d78ca5d203ebf98747e8f16dff9713ba8950097ceb760b161e19907,Domains_SSE_PBE
1240,-4.297890784162661,-4.08590153313468,1.02,-2.38951098732,86dd3a804d78ca5d203ebf98747e8f16dff9713ba8950097ceb760b161e19907,Domains_SSE_PBE
1241,-4.298331784106711,-4.08590153313468,1.02,-2.38951098732,86dd3a804d78ca5d203ebf98747e8f16dff9713ba8950097ceb760b161e19907,Domains_SSE_PBE
1242,-4.298772982110483,-4.08590153313468,1.02,-2.38951098732,86dd3a804d78ca5d203ebf98747e8f16dff9713ba8950097ceb760b161e19907,Domains_SSE_PBE
1243,-4.299214378028949,-4.08590153313468,1.02,-2.38951098732,86dd3a804d78ca5d203ebf98747e8f16dff9713ba8950097ceb760b161e19907,Domains_SSE_PBE
1244,-4.299655971717279,-4.08590153313468,1.02,-2.38951098732,86dd3a804d78ca5d203ebf98747e8f16dff9713ba8950097ceb760b161e19907,Domains_SSE_PBE
1245,-4.300097763030851,-4.08590153313468,1.02,-2.38951098732,86dd3a804d78ca5d203ebf98747e8f16dff9713ba8950097ceb760b161e19907,Domains_SSE_PBE
1246,-4.300539751825243,-4.08590153313468,1.02,-2.38951098732,86dd3a804d78ca5d203ebf98747e8f16dff9713ba8950097ceb760b161e19907,Domains_SSE_PBE
1247,-4.300981937956225,-4.08590153313468,1.02,-2.38951098732,86dd3a804d78ca5d203ebf98747e8f16dff9713ba8950097ceb760b161e19907,Domains_SSE_PBE
1248,-4.301424321279774,-4.08590153313468,1.02,-2.38951098732,86dd3a804d78ca5d203ebf98747e8f16dff9713ba8950097ceb760b161e19907,Domains_SSE_PBE
1249,-4.301866901652064,-4.08590153313468,1.02,-2.38951098732,86dd3a804d78ca5d203ebf98747e8f16dff9713ba8950097ceb760b161e19907,Domains_SSE_PBE
1250,-4.302309678929469,-4.08590153313468,1.02,-2.38951098732,86dd3a804d78ca5d203ebf98747e8f16dff9713ba8950097ceb760b161e19907,Domains_SSE_PBE
1251,-4.30275265296856,-4.08590153313468,1.02,-2.38951098732,86dd3a804d78ca5d203ebf98747e8f16dff9713ba8950097ceb760b161e19907,Domains_SSE_PBE
1252,-4.303195823626107,-4.08590153313468,1.02,-2.38951098732,86dd3a804d78ca5d203ebf98747e8f16dff9713ba8950097ceb760b161e19907,Domains_SSE_PBE
1253,-4.303639190759077,-4.08590153313468,1.02,-2.38951098732,86dd3a804d78ca5d203ebf98747e8f16dff9713ba8950097ceb760b161e19907,Domains_SSE_PBE
1254,-4.304082754224636,-4.08590153313468,1.02,-2.38951098732,86dd3a804d78ca5d203ebf98747e8f16dff9713ba8950097ceb760b161e19907,Domains_SSE_PBE
1255,-4.304526513880142,-4.08590153313468,1.02,-2.38951098732,86dd3a804d78ca5d203ebf98747e8f16dff9713ba8950097ceb760b161e19907,Domains_SSE_PBE
1256,-4.304970469583159,-4.08590153313468,1.02,-2.38951098732,86dd3a804d78ca5d203ebf98747e8f16dff9713ba8950097ceb760b161e19907,Domains_SSE_PBE
1257,-4.305414621191438,-4.08590153313468,1.02,-2.38951098732,86dd3a804d78ca5d203ebf98747e8f16dff9713ba8950097ceb760b161e19907,Domains_SSE_PBE
1258,-4.305858968562929,-4.08590153313468,1.02,-2.38951098732,86dd3a804d78ca5d203ebf98747e8f16dff9713ba8950097ceb760b161e19907,Domains_SSE_PBE
1259,-4.30630351155578,-4.08590153313468,1.02,-2.38951098732,86dd3a804d78ca5d203ebf98747e8f16dff9713ba8950097ceb760b161e19907,Domains_SSE_PBE
1260,-4.306748250028329,-4.08590153313468,1.02,-2.38951098732,86dd3a804d78ca5d203ebf98747e8f16dff9713ba8950097ceb760b161e19907,Domains_SSE_PBE
1261,-4.307193183839115,-4.08590153313468,1.02,-2.38951098732,86dd3a804d78ca5d203ebf98747e8f16dff9713ba8950097ceb760b161e19907,Domains_SSE_PBE
1262,-4.307638312846866,-4.08590153313468,1.02,-2.38951098732,86dd3a804d78ca5d203ebf98747e8f16dff9713ba8950097ceb760b161e19907,Domains_SSE_PBE
1263,-4.308083636910505,-4.08590153313468,1.02,-2.38951098732,86dd3a804d78ca5d203ebf98747e8f16dff9713ba8950097ceb760b161e19907,Domains_SSE_PBE
1264,-4.30852915588915,-4.08590153313468,1.02,-2.38951098732,86dd3a804d78ca5d203ebf98747e8f16dff9713ba8950097ceb760b161e19907,Domains_SSE_PBE
1265,-4.308974869642111,-4.08590153313468,1.02,-2.38951098732,86dd3a804d78ca5d203ebf98747e8f16dff9713ba8950097ceb760b161e19907,Domains_SSE_PBE
1266,-4.309420778028892,-4.08590153313468,1.02,-2.38951098732,86dd3a804d78ca5d203ebf98747e8f16dff9713ba8950097ceb760b161e19907,Domains_SSE_PBE
1267,-4.30986688090919,-4.08590153313468,1.02,-2.38951098732,86dd3a804d78ca5d203ebf98747e8f16dff9713ba8950097ceb760b161e19907,Domains_SSE_PBE
1268,-4.310313178142891,-4.08590153313468,1.02,-2.38951098732,86dd3a804d78ca5d203ebf98747e8f16dff9713ba8950097ceb760b161e19907,Domains_SSE_PBE
1269,-4.310759669590073,-4.08590153313468,1.02,-2.38951098732,86dd3a804d78ca5d203ebf98747e8f16dff9713ba8950097ceb760b161e19907,Domains_SSE_PBE
1270,-4.311206355111012,-4.08590153313468,1.02,-2.38951098732,86dd3a804d78ca5d203ebf98747e8f16dff9713ba8950097ceb760b161e19907,Domains_SSE_PBE
1271,-4.311653234566164,-4.08590153313468,1.02,-2.38951098732,86dd3a804d78ca5d203ebf98747e8f16dff9713ba8950097ceb760b161e19907,Domains_SSE_PBE
1272,-4.312100307816186,-4.08590153313468,1.02,-2.38951098732,86dd3a804d78ca5d203ebf98747e8f16dff9713ba8950097ceb760b161e19907,Domains_SSE_PBE
1273,-4.312547574721918,-4.08590153313468,1.02,-2.38951098732,86dd3a804d78ca5d203ebf98747e8f16dff9713ba8950097ceb760b161e19907,Domains_SSE_PBE
1274,-4.312995035144392,-4.08590153313468,1.02,-2.38951098732,86dd3a804d78ca5d203ebf98747e8f16dff9713ba8950097ceb760b161e19907,Domains_SSE_PBE
1275,-4.313442688944832,-4.08590153313468,1.02,-2.38951098732,86dd3a804d78ca5d203ebf98747e8f16dff9713ba8950097ceb760b161e19907,Domains_SSE_PBE
1276,-4.313890535984648,-4.08590153313468,1.02,-2.38951098732,86dd3a804d78ca5d203ebf98747e8f16dff9713ba8950097ceb760b161e19907,Domains_SSE_PBE
1277,-4.314338576125439,-4.08590153313468,1.02,-2.38951098732,86dd3a804d78ca5d203ebf98747e8f16dff9713ba8950097ceb760b161e19907,Domains_SSE_PBE
1278,-4.314786809228996,-4.08590153313468,1.02,-2.38951098732,86dd3a804d78ca5d203ebf98747e8f16dff9713ba8950097ceb760b161e19907,Domains_SSE_PBE
1279,-4.315235235157292,-4.08590153313468,1.02,-2.38951098732,86dd3a804d78ca5d203ebf98747e8f16dff9713ba8950097ceb760b161e19907,Domains_SSE_PBE
1280,-4.315683853772492,-4.08590153313468,1.02,-2.38951098732,86dd3a804d78ca5d203ebf98747e8f16dff9713ba8950097ceb760b161e19907,Domains_SSE_PBE
1281,-4.316132664936949,-4.08590153313468,1.02,-2.38951098732,86dd3a804d78ca5d203ebf98747e8f16dff9713ba8950097ceb760b161e19907,Domains_SSE_PBE
1282,-4.316581668513199,-4.08590153313468,1.02,-2.38951098732,86dd3a804d78ca5d203ebf98747e8f16dff9713ba8950097ceb760b161e19907,Domains_SSE_PBE
1283,-4.317030864363968,-4.08590153313468,1.02,-2.38951098732,86dd3a804d78ca5d203ebf98747e8f16dff9713ba8950097ceb760b161e19907,Domains_SSE_PBE
1284,-4.317480252352166,-4.08590153313468,1.02,-2.38951098732,86dd3a804d78ca5d203ebf98747e8f16dff9713ba8950097ceb760b161e19907,Domains_SSE_PBE
1285,-4.317929832340893,-4.08590153313468,1.02,-2.38951098732,86dd3a804d78ca5d203ebf98747e8f16dff9713ba8950097ceb760b161e19907,Domains_SSE_PBE
1286,-4.318379604193427,-4.08590153313468,1.02,-2.38951098732,86dd3a804d78ca5d203ebf98747e8f16dff9713ba8950097ceb760b161e19907,Domains_SSE_PBE
1287,-4.318829567773238,-4.08590153313468,1.02,-2.38951098732,86dd3a804d78ca5d203ebf98747e8f16dff9713ba8950097ceb760b161e19907,Domains_SSE_PBE
1288,-4.319279722943979,-4.08590153313468,1.02,-2.38951098732,86dd3a804d78ca5d203ebf98747e8f16dff9713ba8950097ceb760b161e19907,Domains_SSE_PBE
1289,-4.319730069569486,-4.08590153313468,1.02,-2.38951098732,86dd3a804d78ca5d203ebf98747e8f16dff9713ba8950097ceb760b161e19907,Domains_SSE_PBE
1290,-4.320180607513781,-4.08590153313468,1.02,-2.38951098732,86dd3a804d78ca5d203ebf98747e8f16dff9713ba8950097ceb760b161e19907,Domains_SSE_PBE
1291,-4.320631336641068,-4.08590153313468,1.02,-2.38951098732,86dd3a804d78ca5d203ebf98747e8f16dff9713ba8950097ceb760b161e19907,Domains_SSE_PBE
1292,-4.321082256815735,-4.08590153313468,1.02,-2.38951098732,86dd3a804d78ca5d203ebf98747e8f16dff9713ba8950097ceb760b161e19907,Domains_SSE_PBE
1293,-4.321533367902354,-4.08590153313468,1.02,-2.38951098732,86dd3a804d78ca5d203ebf98747e8f16dff9713ba8950097ceb760b161e19907,Domains_SSE_PBE
1294,-4.321984669765677,-4.08590153313468,1.02,-2.38951098732,86dd3a804d78ca5d203ebf98747e8f16dff9713ba8950097ceb760b161e19907,Domains_SSE_PBE
1295,-4.322436162270644,-4.08590153313468,1.02,-2.38951098732,86dd3a804d78ca5d203ebf98747e8f16dff9713ba8950097ceb760b161e19907,Domains_SSE_PBE
1296,-4.322887845282373,-4.08590153313468,1.02,-2.38951098732,86dd3a804d78ca5d203ebf98747e8f16dff9713ba8950097ceb760b161e19907,Domains_SSE_PBE
1297,-4.323339718666158,-4.08590153313468,1.02,-2.38951098732,86dd3a804d78ca5d203ebf98747e8f16dff9713ba8950097ceb760b161e19907,Domains_SSE_PBE
1298,-4.323791782287488,-4.08590153313468,1.02,-2.38951098732,86dd3a804d78ca5d203ebf98747e8f16dff9713ba8950097ceb760b161e19907,Domains_SSE_PBE
1299,-4.324244036012021,-4.08590153313468,1.02,-2.38951098732,86dd3a804d78ca5d203ebf98747e8f16dff9713ba8950097ceb760b161e19907,Domains_SSE_PBE
1300,-4.324696479705602,-4.08590153313468,1.02,-2.38951098732,86dd3a804d78ca5d203ebf98747e8f16dff9713ba8950097ceb760b161e19907,Domains_SSE_PBE
1301,-4.325149113234254,-4.08590153313468,1.02,-2.38951098732,86dd3a804d78ca5d203ebf98747e8f16dff9713ba8950097ceb760b161e19907,Domains_SSE_PBE
1302,-4.32560193646418,-4.08590153313468,1.02,-2.38951098732,86dd3a804d78ca5d203ebf98747e8f16dff9713ba8950097ceb760b161e19907,Domains_SSE_PBE
1303,-4.32605494926176,-4.08590153313468,1.02,-2.38951098732,86dd3a804d78ca5d203ebf98747e8f16dff9713ba8950097ceb760b161e19907,Domains_SSE_PBE
1304,-4.326508151493559,-4.08590153313468,1.02,-2.38951098732,86dd3a804d78ca5d203ebf98747e8f16dff9713ba8950097ceb760b161e19907,Domains_SSE_PBE
1305,-4.32696154302632,-4.08590153313468,1.02,-2.38951098732,86dd3a804d78ca5d203ebf98747e8f16dff9713ba8950097ceb760b161e19907,Domains_SSE_PBE
1306,-4.32741512372696,-4.08590153313468,1.02,-2.38951098732,86dd3a804d78ca5d203ebf98747e8f16dff9713ba8950097ceb760b161e19907,Domains_SSE_PBE
1307,-4.327868893462576,-4.08590153313468,1.02,-2.38951098732,86dd3a804d78ca5d203ebf98747e8f16dff9713ba8950097ceb760b161e19907,Domains_SSE_PBE
1308,-4.328322852100444,-4.08590153313468,1.02,-2.38951098732,86dd3a804d78ca5d203ebf98747e8f16dff9713ba8950097ceb760b161e19907,Domains_SSE_PBE
1309,-4.32877699950802,-4.08590153313468,1.02,-2.38951098732,86dd3a804d78ca5d203ebf98747e8f16dff9713ba8950097ceb760b161e19907,Domains_SSE_PBE
1310,-4.329231335552933,-4.08590153313468,1.02,-2.38951098732,86dd3a804d78ca5d203ebf98747e8f16dff9713ba8950097ceb760b161e19907,Domains_SSE_PBE
1311,-4.329685860102988,-4.08590153313468,1.02,-2.38951098732,86dd3a804d78ca5d203ebf98747e8f16dff9713ba8950097ceb760b161e19907,Domains_SSE_PBE
1312,-4.330140573026172,-4.08590153313468,1.02,-2.38951098732,86dd3a804d78ca5d203ebf98747e8f16dff9713ba8950097ceb760b161e19907,Domains_SSE_PBE
1313,-4.330595474190647,-4.08590153313468,1.02,-2.38951098732,86dd3a804d78ca5d203ebf98747e8f16dff9713ba8950097ceb760b161e19907,Domains_SSE_PBE
1314,-4.331050563464744,-4.08590153313468,1.02,-2.38951098732,86dd3a804d78ca5d203ebf98747e8f16dff9713ba8950097ceb760b161e19907,Domains_SSE_PBE
1315,-4.331505840716979,-4.08590153313468,1.02,-2.38951098732,86dd3a804d78ca5d203ebf98747e8f16dff9713ba8950097ceb760b161e19907,Domains_SSE_PBE
1316,-4.331961305816037,-4.08590153313468,1.02,-2.38951098732,86dd3a804d78ca5d203ebf98747e8f16dff9713ba8950097ceb760b161e19907,Domains_SSE_PBE
1317,-4.33241695863078,-4.08590153313468,1.02,-2.38951098732,86dd3a804d78ca5d203ebf98747e8f16dff9713ba8950097ceb760b161e19907,Domains_SSE_PBE
1318,-4.332872799030245,-4.08590153313468,1.02,-2.38951098732,86dd3a804d78ca5d203ebf98747e8f16dff9713ba8950097ceb760b161e19907,Domains_SSE_PBE
1319,-4.333328826883641,-4.08590153313468,1.02,-2.38951098732,86dd3a804d78ca5d203ebf98747e8f16dff9713ba8950097ceb760b161e19907,Domains_SSE_PBE
1320,-4.333785042060356,-4.08590153313468,1.02,-2.38951098732,86dd3a804d78ca5d203ebf98747e8f16dff9713ba8950097ceb760b161e19907,Domains_SSE_PBE
1321,-4.334241444429944,-4.08590153313468,1.02,-2.38951098732,86dd3a804d78ca5d203ebf98747e8f16dff9713ba8950097ceb760b161e19907,Domains_SSE_PBE
1322,-4.33469803386214,-4.08590153313468,1.02,-2.38951098732,86dd3a804d78ca5d203ebf98747e8f16dff9713ba8950097ceb760b161e19907,Domains_SSE_PBE
1323,-4.335154810226846,-4.08590153313468,1.02,-2.38951098732,86dd3a804d78ca5d203ebf98747e8f16dff9713ba8950097ceb760b161e19907,Domains_SSE_PBE
1324,-4.335611773394142,-4.08590153313468,1.02,-2.38951098732,86dd3a804d78ca5d203ebf98747e8f16dff9713ba8950097ceb760b161e19907,Domains_SSE_PBE
1325,-4.336068923234272,-4.08590153313468,1.02,-2.38951098732,86dd3a804d78ca5d203ebf98747e8f16dff9713ba8950097ceb760b161e19907,Domains_SSE_PBE
1326,-4.336526259617661,-4.08590153313468,1.02,-2.38951098732,86dd3a804d78ca5d203ebf98747e8f16dff9713ba8950097ceb760b161e19907,Domains_SSE_PBE
1327,-4.336983782414903,-4.08590153313468,1.02,-2.38951098732,86dd3a804d78ca5d203ebf98747e8f16dff9713ba8950097ceb760b161e19907,Domains_SSE_PBE
1328,-4.337441491496759,-4.08590153313468,1.02,-2.38951098732,86dd3a804d78ca5d203ebf98747e8f16dff9713ba8950097ceb760b161e19907,Domains_SSE_PBE
1329,-4.337899386734165,-4.08590153313468,1.02,-2.38951098732,86dd3a804d78ca5d203ebf98747e8f16dff9713ba8950097ceb760b161e19907,Domains_SSE_PBE
1330,-4.338357467998228,-4.08590153313468,1.02,-2.38951098732,86dd3a804d78ca5d203ebf98747e8f16dff9713ba8950097ceb760b161e19907,Domains_SSE_PBE
1331,-4.338815735160223,-4.08590153313468,1.02,-2.38951098732,86dd3a804d78ca5d203ebf98747e8f16dff9713ba8950097ceb760b161e19907,Domains_SSE_PBE
1332,-4.339274188091597,-4.08590153313468,1.02,-2.38951098732,86dd3a804d78ca5d203ebf98747e8f16dff9713ba8950097ceb760b161e19907,Domains_SSE_PBE
1333,-4.339732826663965,-4.08590153313468,1.02,-2.38951098732,86dd3a804d78ca5d203ebf98747e8f16dff9713ba8950097ceb760b161e19907,Domains_SSE_PBE
1334,-4.340191650749114,-4.08590153313468,1.02,-2.38951098732,86dd3a804d78ca5d203ebf98747e8f16dff9713ba8950097ceb760b161e19907,Domains_SSE_PBE
1335,-4.340650660218997,-4.08590153313468,1.02,-2.38951098732,86dd3a804d78ca5d203ebf98747e8f16dff9713ba8950097ceb760b161e19907,Domains_SSE_PBE
1336,-4.341109854945737,-4.08590153313468,1.02,-2.38951098732,86dd3a804d78ca5d203ebf98747e8f16dff9713ba8950097ceb760b161e19907,Domains_SSE_PBE
1337,-4.341569234801625,-4.08590153313468,1.02,-2.38951098732,86dd3a804d78ca5d203ebf98747e8f16dff9713ba8950097ceb760b161e19907,Domains_SSE_PBE
1338,-4.342028799659123,-4.08590153313468,1.02,-2.38951098732,86dd3a804d78ca5d203ebf98747e8f16dff9713ba8950097ceb760b161e19907,Domains_SSE_PBE
1339,-4.342488549390857,-4.08590153313468,1.02,-2.38951098732,86dd3a804d78ca5d203ebf98747e8f16dff9713ba8950097ceb760b161e19907,Domains_SSE_PBE
1340,-4.342948483869621,-4.08590153313468,1.02,-2.38951098732,86dd3a804d78ca5d203ebf98747e8f16dff9713ba8950097ceb760b161e19907,Domains_SSE_PBE
1341,-4.34340860296838,-4.08590153313468,1.02,-2.38951098732,86dd3a804d78ca5d203ebf98747e8f16dff9713ba8950097ceb760b161e19907,Domains_SSE_PBE
1342,-4.343868906560261,-4.08590153313468,1.02,-2.38951098732,86dd3a804d78ca5d203ebf98747e8f16dff9713ba8950097ceb760b161e19907,Domains_SSE_PBE
1343,-4.34432939451856,-4.08590153313468,1.02,-2.38951098732,86dd3a804d78ca5d203ebf98747e8f16dff9713ba8950097ceb760b161e19907,Domains_SSE_PBE
1344,-4.34479006671674,-4.08590153313468,1.02,-2.38951098732,86dd3a804d78ca5d203ebf98747e8f16dff9713ba8950097ceb760b161e19907,Domains_SSE_PBE
1345,-4.345250923028426,-4.08590153313468,1.02,-2.38951098732,86dd3a804d78ca5d203ebf98747e8f16dff9713ba8950097ceb760b161e19907,Domains_SSE_PBE
1346,-4.345711963327416,-4.08590153313468,1.02,-2.38951098732,86dd3a804d78ca5d203ebf98747e8f16dff9713ba8950097ceb760b161e19907,Domains_SSE_PBE
1347,-4.346173187487664,-4.08590153313468,1.02,-2.38951098732,86dd3a804d78ca5d203ebf98747e8f16dff9713ba8950097ceb760b161e19907,Domains_SSE_PBE
1348,-4.346634595383297,-4.08590153313468,1.02,-2.38951098732,86dd3a804d78ca5d203ebf98747e8f16dff9713ba8950097ceb760b161e19907,Domains_SSE_PBE
1349,-4.347096186888603,-4.08590153313468,1.02,-2.38951098732,86dd3a804d78ca5d203ebf98747e8f16dff9713ba8950097ceb760b161e19907,Domains_SSE_PBE
1350,-4.347557961878033,-4.08590153313468,1.02,-2.38951098732,86dd3a804d78ca5d203ebf98747e8f16dff9713ba8950097ceb760b161e19907,Domains_SSE_PBE
1351,-4.348019920226208,-4.08590153313468,1.02,-2.38951098732,86dd3a804d78ca5d203ebf98747e8f16dff9713ba8950097ceb760b161e19907,Domains_SSE_PBE
1352,-4.348482061807904,-4.08590153313468,1.02,-2.38951098732,86dd3a804d78ca5d203ebf98747e8f16dff9713ba8950097ceb760b161e19907,Domains_SSE_PBE
1353,-4.348944386498068,-4.08590153313468,1.02,-2.38951098732,86dd3a804d78ca5d203ebf98747e8f16dff9713ba8950097ceb760b161e19907,Domains_SSE_PBE
1354,-4.349406894171809,-4.08590153313468,1.02,-2.38951098732,86dd3a804d78ca5d203ebf98747e8f16dff9713ba8950097ceb760b161e19907,Domains_SSE_PBE
1355,-4.349869584704394,-4.08590153313468,1.02,-2.38951098732,86dd3a804d78ca5d203ebf98747e8f16dff9713ba8950097ceb760b161e19907,Domains_SSE_PBE
1356,-4.350332457971258,-4.08590153313468,1.02,-2.38951098732,86dd3a804d78ca5d203ebf98747e8f16dff9713ba8950097ceb760b161e19907,Domains_SSE_PBE
1357,-4.350795513847997,-4.08590153313468,1.02,-2.38951098732,86dd3a804d78ca5d203ebf98747e8f16dff9713ba8950097ceb760b161e19907,Domains_SSE_PBE
1358,-4.351258752210367,-4.08590153313468,1.02,-2.38951098732,86dd3a804d78ca5d203ebf98747e8f16dff9713ba8950097ceb760b161e19907,Domains_SSE_PBE
1359,-4.351722172934286,-4.08590153313468,1.02,-2.38951098732,86dd3a804d78ca5d203ebf98747e8f16dff9713ba8950097ceb760b161e19907,Domains_SSE_PBE
1360,-4.352185775895835,-4.08590153313468,1.02,-2.38951098732,86dd3a804d78ca5d203ebf98747e8f16dff9713ba8950097ceb760b161e19907,Domains_SSE_PBE
1361,-4.352649560971255,-4.08590153313468,1.02,-2.38951098732,86dd3a804d78ca5d203ebf98747e8f16dff9713ba8950097ceb760b161e19907,Domains_SSE_PBE
1362,-4.353113528036951,-4.08590153313468,1.02,-2.38951098732,86dd3a804d78ca5d203ebf98747e8f16dff9713ba8950097ceb760b161e19907,Domains_SSE_PBE
1363,-4.353577676969481,-4.08590153313468,1.02,-2.38951098732,86dd3a804d78ca5d203ebf98747e8f16dff9713ba8950097ceb760b161e19907,Domains_SSE_PBE
1364,-4.354042007645573,-4.08590153313468,1.02,-2.38951098732,86dd3a804d78ca5d203ebf98747e8f16dff9713ba8950097ceb760b161e19907,Domains_SSE_PBE
1365,-4.354506519942104,-4.08590153313468,1.02,-2.38951098732,86dd3a804d78ca5d203ebf98747e8f16dff9713ba8950097ceb760b161e19907,Domains_SSE_PBE
1366,-4.354971213736122,-4.08590153313468,1.02,-2.38951098732,86dd3a804d78ca5d203ebf98747e8f16dff9713ba8950097ceb760b161e19907,Domains_SSE_PBE
1367,-4.355436088904824,-4.08590153313468,1.02,-2.38951098732,86dd3a804d78ca5d203ebf98747e8f16dff9713ba8950097ceb760b161e19907,Domains_SSE_PBE
1368,-4.355901145325573,-4.08590153313468,1.02,-2.38951098732,86dd3a804d78ca5d203ebf98747e8f16dff9713ba8950097ceb760b161e19907,Domains_SSE_PBE
1369,-4.356366382875888,-4.08590153313468,1.02,-2.38951098732,86dd3a804d78ca5d203ebf98747e8f16dff9713ba8950097ceb760b161e19907,Domains_SSE_PBE
1370,-4.356831801433447,-4.08590153313468,1.02,-2.38951098732,86dd3a804d78ca5d203ebf98747e8f16dff9713ba8950097ceb760b161e19907,Domains_SSE_PBE
1371,-4.357297400876084,-4.08590153313468,1.02,-2.38951098732,86dd3a804d78ca5d203ebf98747e8f16dff9713ba8950097ceb760b161e19907,Domains_SSE_PBE
1372,-4.357763181081794,-4.08590153313468,1.02,-2.38951098732,86dd3a804d78ca5d203ebf98747e8f16dff9713ba8950097ceb760b161e19907,Domains_SSE_PBE
1373,-4.358229141928731,-4.08590153313468,1.02,-2.38951098732,86dd3a804d78ca5d203ebf98747e8f16dff9713ba8950097ceb760b161e19907,Domains_SSE_PBE
1374,-4.358695283295199,-4.08590153313468,1.02,-2.38951098732,86dd3a804d78ca5d203ebf98747e8f16dff9713ba8950097ceb760b161e19907,Domains_SSE_PBE
1375,-4.359161605059666,-4.08590153313468,1.02,-2.38951098732,86dd3a804d78ca5d203ebf98747e8f16dff9713ba8950097ceb760b161e19907,Domains_SSE_PBE
1376,-4.359628107100754,-4.08590153313468,1.02,-2.38951098732,86dd3a804d78ca5d203ebf98747e8f16dff9713ba8950097ceb760b161e19907,Domains_SSE_PBE
1377,-4.360094789297241,-4.08590153313468,1.02,-2.38951098732,86dd3a804d78ca5d203ebf98747e8f16dff9713ba8950097ceb760b161e19907,Domains_SSE_PBE
1378,-4.36056165152806,-4.08590153313468,1.02,-2.38951098732,86dd3a804d78ca5d203ebf98747e8f16dff9713ba8950097ceb760b161e19907,Domains_SSE_PBE
1379,-4.361028693672306,-4.08590153313468,1.02,-2.38951098732,86dd3a804d78ca5d203ebf98747e8f16dff9713ba8950097ceb760b161e19907,Domains_SSE_PBE
1380,-4.361495915609221,-4.08590153313468,1.02,-2.38951098732,86dd3a804d78ca5d203ebf98747e8f16dff9713ba8950097ceb760b161e19907,Domains_SSE_PBE
1381,-4.361963317218208,-4.08590153313468,1.02,-2.38951098732,86dd3a804d78ca5d203ebf98747e8f16dff9713ba8950097ceb760b161e19907,Domains_SSE_PBE
1382,-4.362430898378824,-4.08590153313468,1.02,-2.38951098732,86dd3a804d78ca5d203ebf98747e8f16dff9713ba8950097ceb760b161e19907,Domains_SSE_PBE
1383,-4.362898658970777,-4.08590153313468,1.02,-2.38951098732,86dd3a804d78ca5d203ebf98747e8f16dff9713ba8950097ceb760b161e19907,Domains_SSE_PBE
1384,-4.363366598873935,-4.08590153313468,1.02,-2.38951098732,86dd3a804d78ca5d203ebf98747e8f16dff9713ba8950097ceb760b161e19907,Domains_SSE_PBE
1385,-4.363834717968317,-4.08590153313468,1.02,-2.38951098732,86dd3a804d78ca5d203ebf98747e8f16dff9713ba8950097ceb760b161e19907,Domains_SSE_PBE
1386,-4.364303016134095,-4.08590153313468,1.02,-2.38951098732,86dd3a804d78ca5d203ebf98747e8f16dff9713ba8950097ceb760b161e19907,Domains_SSE_PBE
1387,-4.364771493251597,-4.08590153313468,1.02,-2.38951098732,86dd3a804d78ca5d203ebf98747e8f16dff9713ba8950097ceb760b161e19907,Domains_SSE_PBE
1388,-4.365240149201302,-4.08590153313468,1.02,-2.38951098732,86dd3a804d78ca5d203ebf98747e8f16dff9713ba8950097ceb760b161e19907,Domains_SSE_PBE
1389,-4.365708983863846,-4.08590153313468,1.02,-2.38951098732,86dd3a804d78ca5d203ebf98747e8f16dff9713ba8950097ceb760b161e19907,Domains_SSE_PBE
1390,-4.36617799712001,-4.08590153313468,1.02,-2.38951098732,86dd3a804d78ca5d203ebf98747e8f16dff9713ba8950097ceb760b161e19907,Domains_SSE_PBE
1391,-4.366647188850735,-4.08590153313468,1.02,-2.38951098732,86dd3a804d78ca5d203ebf98747e8f16dff9713ba8950097ceb760b161e19907,Domains_SSE_PBE
1392,-4.367116558937113,-4.08590153313468,1.02,-2.38951098732,86dd3a804d78ca5d203ebf98747e8f16dff9713ba8950097ceb760b161e19907,Domains_SSE_PBE
1393,-4.367586107260383,-4.08590153313468,1.02,-2.38951098732,86dd3a804d78ca5d203ebf98747e8f16dff9713ba8950097ceb760b161e19907,Domains_SSE_PBE
1394,-4.36805583370194,-4.08590153313468,1.02,-2.38951098732,86dd3a804d78ca5d203ebf98747e8f16dff9713ba8950097ceb760b161e19907,Domains_SSE_PBE
1395,-4.36852573814333,-4.08590153313468,1.02,-2.38951098732,86dd3a804d78ca5d203ebf98747e8f16dff9713ba8950097ceb760b161e19907,Domains_SSE_PBE
1396,-4.368995820466248,-4.08590153313468,1.02,-2.38951098732,86dd3a804d78ca5d203ebf98747e8f16dff9713ba8950097ceb760b161e19907,Domains_SSE_PBE
1397,-4.369466080552542,-4.08590153313468,1.02,-2.38951098732,86dd3a804d78ca5d203ebf98747e8f16dff9713ba8950097ceb760b161e19907,Domains_SSE_PBE
1398,-4.369936518284208,-4.08590153313468,1.02,-2.38951098732,86dd3a804d78ca5d203ebf98747e8f16dff9713ba8950097ceb760b161e19907,Domains_SSE_PBE
1399,-4.370407133543395,-4.08590153313468,1.02,-2.38951098732,86dd3a804d78ca5d203ebf98747e8f16dff9713ba8950097ceb760b161e19907,Domains_SSE_PBE
1400,-4.370877926212399,-4.08590153313468,1.02,-2.38951098732,86dd3a804d78ca5d203ebf98747e8f16dff9713ba8950097ceb760b161e19907,Domains_SSE_PBE
1401,-4.371348896173672,-4.08590153313468,1.02,-2.38951098732,86dd3a804d78ca5d203ebf98747e8f16dff9713ba8950097ceb760b161e19907,Domains_SSE_PBE
1402,-4.371820043309803,-4.08590153313468,1.02,-2.38951098732,86dd3a804d78ca5d203ebf98747e8f16dff9713ba8950097ceb760b161e19907,Domains_SSE_PBE
1403,-4.372291367503546,-4.08590153313468,1.02,-2.38951098732,86dd3a804d78ca5d203ebf98747e8f16dff9713ba8950097ceb760b161e19907,Domains_SSE_PBE
1404,-4.372762868637789,-4.08590153313468,1.02,-2.38951098732,86dd3a804d78ca5d203ebf98747e8f16dff9713ba8950097ceb760b161e19907,Domains_SSE_PBE
1405,-4.37323454659558,-4.08590153313468,1.02,-2.38951098732,86dd3a804d78ca5d203ebf98747e8f16dff9713ba8950097ceb760b161e19907,Domains_SSE_PBE
1406,-4.373706401260108,-4.08590153313468,1.02,-2.38951098732,86dd3a804d78ca5d203ebf98747e8f16dff9713ba8950097ceb760b161e19907,Domains_SSE_PBE
1407,-4.374178432514712,-4.08590153313468,1.02,-2.38951098732,86dd3a804d78ca5d203ebf98747e8f16dff9713ba8950097ceb760b161e19907,Domains_SSE_PBE
1408,-4.374650640242882,-4.08590153313468,1.02,-2.38951098732,86dd3a804d78ca5d203ebf98747e8f16dff9713ba8950097ceb760b161e19907,Domains_SSE_PBE
1409,-4.375123024328252,-4.08590153313468,1.02,-2.38951098732,86dd3a804d78ca5d203ebf98747e8f16dff9713ba8950097ceb760b161e19907,Domains_SSE_PBE
1410,-4.375595584654603,-4.08590153313468,1.02,-2.38951098732,86dd3a804d78ca5d203ebf98747e8f16dff9713ba8950097ceb760b161e19907,Domains_SSE_PBE
1411,-4.376068321105866,-4.08590153313468,1.02,-2.38951098732,86dd3a804d78ca5d203ebf98747e8f16dff9713ba8950097ceb760b161e19907,Domains_SSE_PBE
1412,-4.376541233566116,-4.08590153313468,1.02,-2.38951098732,86dd3a804d78ca5d203ebf98747e8f16dff9713ba8950097ceb760b161e19907,Domains_SSE_PBE
1413,-4.377014321919577,-4.08590153313468,1.02,-2.38951098732,86dd3a804d78ca5d203ebf98747e8f16dff9713ba8950097ceb760b161e19907,Domains_SSE_PBE
1414,-4.377487586050615,-4.08590153313468,1.02,-2.38951098732,86dd3a804d78ca5d203ebf98747e8f16dff9713ba8950097ceb760b161e19907,Domains_SSE_PBE
1415,-4.377961025843747,-4.08590153313468,1.02,-2.38951098732,86dd3a804d78ca5d203ebf98747e8f16dff9713ba8950097ceb760b161e19907,Domains_SSE_PBE
1416,-4.378434641183629,-4.08590153313468,1.02,-2.38951098732,86dd3a804d78ca5d203ebf98747e8f16dff9713ba8950097ceb760b161e19907,Domains_SSE_PBE
1417,-4.378908431955073,-4.08590153313468,1.02,-2.38951098732,86dd3a804d78ca5d203ebf98747e8f16dff9713ba8950097ceb760b161e19907,Domains_SSE_PBE
1418,-4.379382398043024,-4.08590153313468,1.02,-2.38951098732,86dd3a804d78ca5d203ebf98747e8f16dff9713ba8950097ceb760b161e19907,Domains_SSE_PBE
1419,-4.379856539332581,-4.08590153313468,1.02,-2.38951098732,86dd3a804d78ca5d203ebf98747e8f16dff9713ba8950097ceb760b161e19907,Domains_SSE_PBE
1420,-4.380330855708982,-4.08590153313468,1.02,-2.38951098732,86dd3a804d78ca5d203ebf98747e8f16dff9713ba8950097ceb760b161e19907,Domains_SSE_PBE
1421,-4.380805347057612,-4.08590153313468,1.02,-2.38951098732,86dd3a804d78ca5d203ebf98747e8f16dff9713ba8950097ceb760b161e19907,Domains_SSE_PBE
1422,-4.381280013264002,-4.08590153313468,1.02,-2.38951098732,86dd3a804d78ca5d203ebf98747e8f16dff9713ba8950097ceb760b161e19907,Domains_SSE_PBE
1423,-4.381754854213822,-4.08590153313468,1.02,-2.38951098732,86dd3a804d78ca5d203ebf98747e8f16dff9713ba8950097ceb760b161e19907,Domains_SSE_PBE
1424,-4.382229869792889,-4.08590153313468,1.02,-2.38951098732,86dd3a804d78ca5d203ebf98747e8f16dff9713ba8950097ceb760b161e19907,Domains_SSE_PBE
1425,-4.382705059887161,-4.08590153313468,1.02,-2.38951098732,86dd3a804d78ca5d203ebf98747e8f16dff9713ba8950097ceb760b161e19907,Domains_SSE_PBE
1426,-4.383180424382742,-4.08590153313468,1.02,-2.38951098732,86dd3a804d78ca5d203ebf98747e8f16dff9713ba8950097ceb760b161e19907,Domains_SSE_PBE
1427,-4.383655963165877,-4.08590153313468,1.02,-2.38951098732,86dd3a804d78ca5d203ebf98747e8f16dff9713ba8950097ceb760b161e19907,Domains_SSE_PBE
1428,-4.384131676122953,-4.08590153313468,1.02,-2.38951098732,86dd3a804d78ca5d203ebf98747e8f16dff9713ba8950097ceb760b161e19907,Domains_SSE_PBE
1429,-4.3846075631405,-4.08590153313468,1.02,-2.38951098732,86dd3a804d78ca5d203ebf98747e8f16dff9713ba8950097ceb760b161e19907,Domains_SSE_PBE
1430,-4.385083624105194,-4.08590153313468,1.02,-2.38951098732,86dd3a804d78ca5d203ebf98747e8f16dff9713ba8950097ceb760b161e19907,Domains_SSE_PBE
1431,-4.385559858903843,-4.08590153313468,1.02,-2.38951098732,86dd3a804d78ca5d203ebf98747e8f16dff9713ba8950097ceb760b161e19907,Domains_SSE_PBE
1432,-4.386036267423405,-4.08590153313468,1.02,-2.38951098732,86dd3a804d78ca5d203ebf98747e8f16dff9713ba8950097ceb760b161e19907,Domains_SSE_PBE
1433,-4.386512849550978,-4.08590153313468,1.02,-2.38951098732,86dd3a804d78ca5d203ebf98747e8f16dff9713ba8950097ceb760b161e19907,Domains_SSE_PBE
1434,-4.386989605173799,-4.08590153313468,1.02,-2.38951098732,86dd3a804d78ca5d203ebf98747e8f16dff9713ba8950097ceb760b161e19907,Domains_SSE_PBE
1435,-4.387466534179244,-4.08590153313468,1.02,-2.38951098732,86dd3a804d78ca5d203ebf98747e8f16dff9713ba8950097ceb760b161e19907,Domains_SSE_PBE
1436,-4.387943636454835,-4.08590153313468,1.02,-2.38951098732,86dd3a804d78ca5d203ebf98747e8f16dff9713ba8950097ceb760b161e19907,Domains_SSE_PBE
1437,-4.388420911888231,-4.08590153313468,1.02,-2.38951098732,86dd3a804d78ca5d203ebf98747e8f16dff9713ba8950097ceb760b161e19907,Domains_SSE_PBE
1438,-4.38889836036723,-4.08590153313468,1.02,-2.38951098732,86dd3a804d78ca5d203ebf98747e8f16dff9713ba8950097ceb760b161e19907,Domains_SSE_PBE
1439,-4.389375981779772,-4.08590153313468,1.02,-2.38951098732,86dd3a804d78ca5d203ebf98747e8f16dff9713ba8950097ceb760b161e19907,Domains_SSE_PBE
1440,-4.389853776013934,-4.08590153313468,1.02,-2.38951098732,86dd3a804d78ca5d203ebf98747e8f16dff9713ba8950097ceb760b161e19907,Domains_SSE_PBE
1441,-4.390331742957937,-4.08590153313468,1.02,-2.38951098732,86dd3a804d78ca5d203ebf98747e8f16dff9713ba8950097ceb760b161e19907,Domains_SSE_PBE
1442,-4.390809882500135,-4.08590153313468,1.02,-2.38951098732,86dd3a804d78ca5d203ebf98747e8f16dff9713ba8950097ceb760b161e19907,Domains_SSE_PBE
1443,-4.391288194529025,-4.08590153313468,1.02,-2.38951098732,86dd3a804d78ca5d203ebf98747e8f16dff9713ba8950097ceb760b161e19907,Domains_SSE_PBE
1444,-4.391766678933242,-4.08590153313468,1.02,-2.38951098732,86dd3a804d78ca5d203ebf98747e8f16dff9713ba8950097ceb760b161e19907,Domains_SSE_PBE
1445,-4.392245335601555,-4.08590153313468,1.02,-2.38951098732,86dd3a804d78ca5d203ebf98747e8f16dff9713ba8950097ceb760b161e19907,Domains_SSE_PBE
1446,-4.392724164422877,-4.08590153313468,1.02,-2.38951098732,86dd3a804d78ca5d203ebf98747e8f16dff9713ba8950097ceb760b161e19907,Domains_SSE_PBE
1447,-4.393203165286257,-4.08590153313468,1.02,-2.38951098732,86dd3a804d78ca5d203ebf98747e8f16dff9713ba8950097ceb760b161e19907,Domains_SSE_PBE
1448,-4.39368233808088,-4.08590153313468,1.02,-2.38951098732,86dd3a804d78ca5d203ebf98747e8f16dff9713ba8950097ceb760b161e19907,Domains_SSE_PBE
1449,-4.394161682696068,-4.08590153313468,1.02,-2.38951098732,86dd3a804d78ca5d203ebf98747e8f16dff9713ba8950097ceb760b161e19907,Domains_SSE_PBE
1450,-4.394641199021283,-4.08590153313468,1.02,-2.38951098732,86dd3a804d78ca5d203ebf98747e8f16dff9713ba8950097ceb760b161e19907,Domains_SSE_PBE
1451,-4.39512088694612,-4.08590153313468,1.02,-2.38951098732,86dd3a804d78ca5d203ebf98747e8f16dff9713ba8950097ceb760b161e19907,Domains_SSE_PBE
1452,-4.395600746360314,-4.08590153313468,1.02,-2.38951098732,86dd3a804d78ca5d203ebf98747e8f16dff9713ba8950097ceb760b161e19907,Domains_SSE_PBE
1453,-4.396080777153734,-4.08590153313468,1.02,-2.38951098732,86dd3a804d78ca5d203ebf98747e8f16dff9713ba8950097ceb760b161e19907,Domains_SSE_PBE
1454,-4.396560979216385,-4.08590153313468,1.02,-2.38951098732,86dd3a804d78ca5d203ebf98747e8f16dff9713ba8950097ceb760b161e19907,Domains_SSE_PBE
1455,-4.397041352438412,-4.08590153313468,1.02,-2.38951098732,86dd3a804d78ca5d203ebf98747e8f16dff9713ba8950097ceb760b161e19907,Domains_SSE_PBE
1456,-4.39752189671009,-4.08590153313468,1.02,-2.38951098732,86dd3a804d78ca5d203ebf98747e8f16dff9713ba8950097ceb760b161e19907,Domains_SSE_PBE
1457,-4.398002611921832,-4.08590153313468,1.02,-2.38951098732,86dd3a804d78ca5d203ebf98747e8f16dff9713ba8950097ceb760b161e19907,Domains_SSE_PBE
1458,-4.398483497964185,-4.08590153313468,1.02,-2.38951098732,86dd3a804d78ca5d203ebf98747e8f16dff9713ba8950097ceb760b161e19907,Domains_SSE_PBE
1459,-4.398964554727834,-4.08590153313468,1.02,-2.38951098732,86dd3a804d78ca5d203ebf98747e8f16dff9713ba8950097ceb760b161e19907,Domains_SSE_PBE
1460,-4.399445782103595,-4.08590153313468,1.02,-2.38951098732,86dd3a804d78ca5d203ebf98747e8f16dff9713ba8950097ceb760b161e19907,Domains_SSE_PBE
1461,-4.399927179982419,-4.08590153313468,1.02,-2.38951098732,86dd3a804d78ca5d203ebf98747e8f16dff9713ba8950097ceb760b161e19907,Domains_SSE_PBE
1462,-4.400408748255392,-4.08590153313468,1.02,-2.38951098732,86dd3a804d78ca5d203ebf98747e8f16dff9713ba8950097ceb760b161e19907,Domains_SSE_PBE
1463,-4.400890486813737,-4.08590153313468,1.02,-2.38951098732,86dd3a804d78ca5d203ebf98747e8f16dff9713ba8950097ceb760b161e19907,Domains_SSE_PBE
1464,-4.401372395548804,-4.08590153313468,1.02,-2.38951098732,86dd3a804d78ca5d203ebf98747e8f16dff9713ba8950097ceb760b161e19907,Domains_SSE_PBE
1465,-4.401854474352081,-4.08590153313468,1.02,-2.38951098732,86dd3a804d78ca5d203ebf98747e8f16dff9713ba8950097ceb760b161e19907,Domains_SSE_PBE
1466,-4.402336723115189,-4.08590153313468,1.02,-2.38951098732,86dd3a804d78ca5d203ebf98747e8f16dff9713ba8950097ceb760b161e19907,Domains_SSE_PBE
1467,-4.402819141729881,-4.08590153313468,1.02,-2.38951098732,86dd3a804d78ca5d203ebf98747e8f16dff9713ba8950097ceb760b161e19907,Domains_SSE_PBE
1468,-4.403301730088042,-4.08590153313468,1.02,-2.38951098732,86dd3a804d78ca5d203ebf98747e8f16dff9713ba8950097ceb760b161e19907,Domains_SSE_PBE
1469,-4.403784488081691,-4.08590153313468,1.02,-2.38951098732,86dd3a804d78ca5d203ebf98747e8f16dff9713ba8950097ceb760b161e19907,Domains_SSE_PBE
1470,-4.40426741560298,-4.08590153313468,1.02,-2.38951098732,86dd3a804d78ca5d203ebf98747e8f16dff9713ba8950097ceb760b161e19907,Domains_SSE_PBE
1471,-4.40475051254419,-4.08590153313468,1.02,-2.38951098732,86dd3a804d78ca5d203ebf98747e8f16dff9713ba8950097ceb760b161e19907,Domains_SSE_PBE
1472,-4.405233778797738,-4.08590153313468,1.02,-2.38951098732,86dd3a804d78ca5d203ebf98747e8f16dff9713ba8950097ceb760b161e19907,Domains_SSE_PBE
1473,-4.405717214256168,-4.08590153313468,1.02,-2.38951098732,86dd3a804d78ca5d203ebf98747e8f16dff9713ba8950097ceb760b161e19907,Domains_SSE_PBE
1474,-4.406200818812158,-4.08590153313468,1.02,-2.38951098732,86dd3a804d78ca5d203ebf98747e8f16dff9713ba8950097ceb760b161e19907,Domains_SSE_PBE
1475,-4.406684592358517,-4.08590153313468,1.02,-2.38951098732,86dd3a804d78ca5d203ebf98747e8f16dff9713ba8950097ceb760b161e19907,Domains_SSE_PBE
1476,-4.407168534788186,-4.08590153313468,1.02,-2.38951098732,86dd3a804d78ca5d203ebf98747e8f16dff9713ba8950097ceb760b161e19907,Domains_SSE_PBE
1477,-4.407652645994234,-4.08590153313468,1.02,-2.38951098732,86dd3a804d78ca5d203ebf98747e8f16dff9713ba8950097ceb760b161e19907,Domains_SSE_PBE
1478,-4.408136925869861,-4.08590153313468,1.02,-2.38951098732,86dd3a804d78ca5d203ebf98747e8f16dff9713ba8950097ceb760b161e19907,Domains_SSE_PBE
1479,-4.408621374308397,-4.08590153313468,1.02,-2.38951098732,86dd3a804d78ca5d203ebf98747e8f16dff9713ba8950097ceb760b161e19907,Domains_SSE_PBE
1480,-4.409105991203306,-4.08590153313468,1.02,-2.38951098732,86dd3a804d78ca5d203ebf98747e8f16dff9713ba8950097ceb760b161e19907,Domains_SSE_PBE
1481,-4.409590776448178,-4.08590153313468,1.02,-2.38951098732,86dd3a804d78ca5d203ebf98747e8f16dff9713ba8950097ceb760b161e19907,Domains_SSE_PBE
1482,-4.410075729936734,-4.08590153313468,1.02,-2.38951098732,86dd3a804d78ca5d203ebf98747e8f16dff9713ba8950097ceb760b161e19907,Domains_SSE_PBE
1483,-4.410560851562821,-4.08590153313468,1.02,-2.38951098732,86dd3a804d78ca5d203ebf98747e8f16dff9713ba8950097ceb760b161e19907,Domains_SSE_PBE
1484,-4.41104614122042,-4.08590153313468,1.02,-2.38951098732,86dd3a804d78ca5d203ebf98747e8f16dff9713ba8950097ceb760b161e19907,Domains_SSE_PBE
1485,-4.411531598803634,-4.08590153313468,1.02,-2.38951098732,86dd3a804d78ca5d203ebf98747e8f16dff9713ba8950097ceb760b161e19907,Domains_SSE_PBE
1486,-4.412017224206704,-4.08590153313468,1.02,-2.38951098732,86dd3a804d78ca5d203ebf98747e8f16dff9713ba8950097ceb760b161e19907,Domains_SSE_PBE
1487,-4.412503017323994,-4.08590153313468,1.02,-2.38951098732,86dd3a804d78ca5d203ebf98747e8f16dff9713ba8950097ceb760b161e19907,Domains_SSE_PBE
1488,-4.412988978049993,-4.08590153313468,1.02,-2.38951098732,86dd3a804d78ca5d203ebf98747e8f16dff9713ba8950097ceb760b161e19907,Domains_SSE_PBE
1489,-4.413475106279327,-4.08590153313468,1.02,-2.38951098732,86dd3a804d78ca5d203ebf98747e8f16dff9713ba8950097ceb760b161e19907,Domains_SSE_PBE
1490,-4.413961401906739,-4.08590153313468,1.02,-2.38951098732,86dd3a804d78ca5d203ebf98747e8f16dff9713ba8950097ceb760b161e19907,Domains_SSE_PBE
1491,-4.414447864827108,-4.08590153313468,1.02,-2.38951098732,86dd3a804d78ca5d203ebf98747e8f16dff9713ba8950097ceb760b161e19907,Domains_SSE_PBE
1492,-4.414934494935435,-4.08590153313468,1.02,-2.38951098732,86dd3a804d78ca5d203ebf98747e8f16dff9713ba8950097ceb760b161e19907,Domains_SSE_PBE
1493,-4.415421292126853,-4.08590153313468,1.02,-2.38951098732,86dd3a804d78ca5d203ebf98747e8f16dff9713ba8950097ceb760b161e19907,Domains_SSE_PBE
1494,-4.415908256296617,-4.08590153313468,1.02,-2.38951098732,86dd3a804d78ca5d203ebf98747e8f16dff9713ba8950097ceb760b161e19907,Domains_SSE_PBE
1495,-4.41639538734011,-4.08590153313468,1.02,-2.38951098732,86dd3a804d78ca5d203ebf98747e8f16dff9713ba8950097ceb760b161e19907,Domains_SSE_PBE
1496,-4.416882685152844,-4.08590153313468,1.02,-2.38951098732,86dd3a804d78ca5d203ebf98747e8f16dff9713ba8950097ceb760b161e19907,Domains_SSE_PBE
1497,-4.417370149630455,-4.08590153313468,1.02,-2.38951098732,86dd3a804d78ca5d203ebf98747e8f16dff9713ba8950097ceb760b161e19907,Domains_SSE_PBE
1498,-4.417857780668702,-4.08590153313468,1.02,-2.38951098732,86dd3a804d78ca5d203ebf98747e8f16dff9713ba8950097ceb760b161e19907,Domains_SSE_PBE
1499,-4.418345578163478,-4.08590153313468,1.02,-2.38951098732,86dd3a804d78ca5d203ebf98747e8f16dff9713ba8950097ceb760b161e19907,Domains_SSE_PBE
1500,-4.418833542010793,-4.08590153313468,1.02,-2.38951098732,86dd3a804d78ca5d203ebf98747e8f16dff9713ba8950097ceb760b161e19907,Domains_SSE_PBE
1501,-4.419321672106785,-4.08590153313468,1.02,-2.38951098732,86dd3a804d78ca5d203ebf98747e8f16dff9713ba8950097ceb760b161e19907,Domains_SSE_PBE
1502,-4.419809968347721,-4.08590153313468,1.02,-2.38951098732,86dd3a804d78ca5d203ebf98747e8f16dff9713ba8950097ceb760b161e19907,Domains_SSE_PBE
1503,-4.420298430629988,-4.08590153313468,1.02,-2.38951098732,86dd3a804d78ca5d203ebf98747e8f16dff9713ba8950097ceb760b161e19907,Domains_SSE_PBE
1504,-4.420787058850098,-4.08590153313468,1.02,-2.38951098732,86dd3a804d78ca5d203ebf98747e8f16dff9713ba8950097ceb760b161e19907,Domains_SSE_PBE
1505,-4.421275852904692,-4.08590153313468,1.02,-2.38951098732,86dd3a804d78ca5d203ebf98747e8f16dff9713ba8950097ceb760b161e19907,Domains_SSE_PBE
1506,-4.421764812690528,-4.08590153313468,1.02,-2.38951098732,86dd3a804d78ca5d203ebf98747e8f16dff9713ba8950097ceb760b161e19907,Domains_SSE_PBE
1507,-4.422253938104495,-4.08590153313468,1.02,-2.38951098732,86dd3a804d78ca5d203ebf98747e8f16dff9713ba8950097ceb760b161e19907,Domains_SSE_PBE
1508,-4.422743229043604,-4.08590153313468,1.02,-2.38951098732,86dd3a804d78ca5d203ebf98747e8f16dff9713ba8950097ceb760b161e19907,Domains_SSE_PBE
1509,-4.423232685404984,-4.08590153313468,1.02,-2.38951098732,86dd3a804d78ca5d203ebf98747e8f16dff9713ba8950097ceb760b161e19907,Domains_SSE_PBE
1510,-4.423722307085895,-4.08590153313468,1.02,-2.38951098732,86dd3a804d78ca5d203ebf98747e8f16dff9713ba8950097ceb760b161e19907,Domains_SSE_PBE
1511,-4.424212093983716,-4.08590153313468,1.02,-2.38951098732,86dd3a804d78ca5d203ebf98747e8f16dff9713ba8950097ceb760b161e19907,Domains_SSE_PBE
1512,-4.424702045995949,-4.08590153313468,1.02,-2.38951098732,86dd3a804d78ca5d203ebf98747e8f16dff9713ba8950097ceb760b161e19907,Domains_SSE_PBE
1513,-4.425192163020222,-4.08590153313468,1.02,-2.38951098732,86dd3a804d78ca5d203ebf98747e8f16dff9713ba8950097ceb760b161e19907,Domains_SSE_PBE
1514,-4.42568244495428,-4.08590153313468,1.02,-2.38951098732,86dd3a804d78ca5d203ebf98747e8f16dff9713ba8950097ceb760b161e19907,Domains_SSE_PBE
1515,-4.426172891695995,-4.08590153313468,1.02,-2.38951098732,86dd3a804d78ca5d203ebf98747e8f16dff9713ba8950097ceb760b161e19907,Domains_SSE_PBE
1516,-4.426663503143363,-4.08590153313468,1.02,-2.38951098732,86dd3a804d78ca5d203ebf98747e8f16dff9713ba8950097ceb760b161e19907,Domains_SSE_PBE
1517,-4.427154279194492,-4.08590153313468,1.02,-2.38951098732,86dd3a804d78ca5d203ebf98747e8f16dff9713ba8950097ceb760b161e19907,Domains_SSE_PBE
1518,-4.427645219747621,-4.08590153313468,1.02,-2.38951098732,86dd3a804d78ca5d203ebf98747e8f16dff9713ba8950097ceb760b161e19907,Domains_SSE_PBE
1519,-4.428136324701108,-4.08590153313468,1.02,-2.38951098732,86dd3a804d78ca5d203ebf98747e8f16dff9713ba8950097ceb760b161e19907,Domains_SSE_PBE
1520,-4.428627593953431,-4.08590153313468,1.02,-2.38951098732,86dd3a804d78ca5d203ebf98747e8f16dff9713ba8950097ceb760b161e19907,Domains_SSE_PBE
1521,-4.42911902740319,-4.08590153313468,1.02,-2.38951098732,86dd3a804d78ca5d203ebf98747e8f16dff9713ba8950097ceb760b161e19907,Domains_SSE_PBE
1522,-4.429610624949105,-4.08590153313468,1.02,-2.38951098732,86dd3a804d78ca5d203ebf98747e8f16dff9713ba8950097ceb760b161e19907,Domains_SSE_PBE
1523,-4.430102386490019,-4.08590153313468,1.02,-2.38951098732,86dd3a804d78ca5d203ebf98747e8f16dff9713ba8950097ceb760b161e19907,Domains_SSE_PBE
1524,-4.430594311924893,-4.08590153313468,1.02,-2.38951098732,86dd3a804d78ca5d203ebf98747e8f16dff9713ba8950097ceb760b161e19907,Domains_SSE_PBE
1525,-4.431086401152809,-4.08590153313468,1.02,-2.38951098732,86dd3a804d78ca5d203ebf98747e8f16dff9713ba8950097ceb760b161e19907,Domains_SSE_PBE
1526,-4.431578654072967,-4.08590153313468,1.02,-2.38951098732,86dd3a804d78ca5d203ebf98747e8f16dff9713ba8950097ceb760b161e19907,Domains_SSE_PBE
1527,-4.432071070584692,-4.08590153313468,1.02,-2.38951098732,86dd3a804d78ca5d203ebf98747e8f16dff9713ba8950097ceb760b161e19907,Domains_SSE_PBE
1528,-4.432563650587425,-4.08590153313468,1.02,-2.38951098732,86dd3a804d78ca5d203ebf98747e8f16dff9713ba8950097ceb760b161e19907,Domains_SSE_PBE
1529,-4.433056393980722,-4.08590153313468,1.02,-2.38951098732,86dd3a804d78ca5d203ebf98747e8f16dff9713ba8950097ceb760b161e19907,Domains_SSE_PBE
1530,-4.43354930066427,-4.08590153313468,1.02,-2.38951098732,86dd3a804d78ca5d203ebf98747e8f16dff9713ba8950097ceb760b161e19907,Domains_SSE_PBE
1531,-4.434042370537863,-4.08590153313468,1.02,-2.38951098732,86dd3a804d78ca5d203ebf98747e8f16dff9713ba8950097ceb760b161e19907,Domains_SSE_PBE
1532,-4.434535603501421,-4.08590153313468,1.02,-2.38951098732,86dd3a804d78ca5d203ebf98747e8f16dff9713ba8950097ceb760b161e19907,Domains_SSE_PBE
1533,-4.43502899945498,-4.08590153313468,1.02,-2.38951098732,86dd3a804d78ca5d203ebf98747e8f16dff9713ba8950097ceb760b161e19907,Domains_SSE_PBE
1534,-4.435522558298692,-4.08590153313468,1.02,-2.38951098732,86dd3a804d78ca5d203ebf98747e8f16dff9713ba8950097ceb760b161e19907,Domains_SSE_PBE
1535,-4.436016279932834,-4.08590153313468,1.02,-2.38951098732,86dd3a804d78ca5d203ebf98747e8f16dff9713ba8950097ceb760b161e19907,Domains_SSE_PBE
1536,-4.436510164257794,-4.08590153313468,1.02,-2.38951098732,86dd3a804d78ca5d203ebf98747e8f16dff9713ba8950097ceb760b161e19907,Domains_SSE_PBE
1537,-4.437004211174081,-4.08590153313468,1.02,-2.38951098732,86dd3a804d78ca5d203ebf98747e8f16dff9713ba8950097ceb760b161e19907,Domains_SSE_PBE
1538,-4.437498420582322,-4.08590153313468,1.02,-2.38951098732,86dd3a804d78ca5d203ebf98747e8f16dff9713ba8950097ceb760b161e19907,Domains_SSE_PBE
1539,-4.437992792383262,-4.08590153313468,1.02,-2.38951098732,86dd3a804d78ca5d203ebf98747e8f16dff9713ba8950097ceb760b161e19907,Domains_SSE_PBE
1540,-4.438487326477761,-4.08590153313468,1.02,-2.38951098732,86dd3a804d78ca5d203ebf98747e8f16dff9713ba8950097ceb760b161e19907,Domains_SSE_PBE
1541,-4.438982022766793,-4.08590153313468,1.02,-2.38951098732,86dd3a804d78ca5d203ebf98747e8f16dff9713ba8950097ceb760b161e19907,Domains_SSE_PBE
1542,-4.439476881151455,-4.08590153313468,1.02,-2.38951098732,86dd3a804d78ca5d203ebf98747e8f16dff9713ba8950097ceb760b161e19907,Domains_SSE_PBE
1543,-4.439971901532961,-4.08590153313468,1.02,-2.38951098732,86dd3a804d78ca5d203ebf98747e8f16dff9713ba8950097ceb760b161e19907,Domains_SSE_PBE
1544,-4.440467083812633,-4.08590153313468,1.02,-2.38951098732,86dd3a804d78ca5d203ebf98747e8f16dff9713ba8950097ceb760b161e19907,Domains_SSE_PBE
1545,-4.44096242789192,-4.08590153313468,1.02,-2.38951098732,86dd3a804d78ca5d203ebf98747e8f16dff9713ba8950097ceb760b161e19907,Domains_SSE_PBE
1546,-4.441457933672377,-4.08590153313468,1.02,-2.38951098732,86dd3a804d78ca5d203ebf98747e8f16dff9713ba8950097ceb760b161e19907,Domains_SSE_PBE
1547,-4.441953601055681,-4.08590153313468,1.02,-2.38951098732,86dd3a804d78ca5d203ebf98747e8f16dff9713ba8950097ceb760b161e19907,Domains_SSE_PBE
1548,-4.442449429943625,-4.08590153313468,1.02,-2.38951098732,86dd3a804d78ca5d203ebf98747e8f16dff9713ba8950097ceb760b161e19907,Domains_SSE_PBE
1549,-4.442945420238113,-4.08590153313468,1.02,-2.38951098732,86dd3a804d78ca5d203ebf98747e8f16dff9713ba8950097ceb760b161e19907,Domains_SSE_PBE
1550,-4.443441571841166,-4.08590153313468,1.02,-2.38951098732,86dd3a804d78ca5d203ebf98747e8f16dff9713ba8950097ceb760b161e19907,Domains_SSE_PBE
1551,-4.443937884654924,-4.08590153313468,1.02,-2.38951098732,86dd3a804d78ca5d203ebf98747e8f16dff9713ba8950097ceb760b161e19907,Domains_SSE_PBE
1552,-4.444434358581633,-4.08590153313468,1.02,-2.38951098732,86dd3a804d78ca5d203ebf98747e8f16dff9713ba8950097ceb760b161e19907,Domains_SSE_PBE
1553,-4.444930993523665,-4.08590153313468,1.02,-2.38951098732,86dd3a804d78ca5d203ebf98747e8f16dff9713ba8950097ceb760b161e19907,Domains_SSE_PBE
1554,-4.445427789383497,-4.08590153313468,1.02,-2.38951098732,86dd3a804d78ca5d203ebf98747e8f16dff9713ba8950097ceb760b161e19907,Domains_SSE_PBE
1555,-4.445924746063723,-4.08590153313468,1.02,-2.38951098732,86dd3a804d78ca5d203ebf98747e8f16dff9713ba8950097ceb760b161e19907,Domains_SSE_PBE
1556,-4.446421863467053,-4.08590153313468,1.02,-2.38951098732,86dd3a804d78ca5d203ebf98747e8f16dff9713ba8950097ceb760b161e19907,Domains_SSE_PBE
1557,-4.44691914149631,-4.08590153313468,1.02,-2.38951098732,86dd3a804d78ca5d203ebf98747e8f16dff9713ba8950097ceb760b161e19907,Domains_SSE_PBE
1558,-4.44741658005443,-4.08590153313468,1.02,-2.38951098732,86dd3a804d78ca5d203ebf98747e8f16dff9713ba8950097ceb760b161e19907,Domains_SSE_PBE
1559,-4.447914179044461,-4.08590153313468,1.02,-2.38951098732,86dd3a804d78ca5d203ebf98747e8f16dff9713ba8950097ceb760b161e19907,Domains_SSE_PBE
1560,-4.448411938369567,-4.08590153313468,1.02,-2.38951098732,86dd3a804d78ca5d203ebf98747e8f16dff9713ba8950097ceb760b161e19907,Domains_SSE_PBE
1561,-4.448909857933023,-4.08590153313468,1.02,-2.38951098732,86dd3a804d78ca5d203ebf98747e8f16dff9713ba8950097ceb760b161e19907,Domains_SSE_PBE
1562,-4.449407937638219,-4.08590153313468,1.02,-2.38951098732,86dd3a804d78ca5d203ebf98747e8f16dff9713ba8950097ceb760b161e19907,Domains_SSE_PBE
1563,-4.449906177388656,-4.08590153313468,1.02,-2.38951098732,86dd3a804d78ca5d203ebf98747e8f16dff9713ba8950097ceb760b161e19907,Domains_SSE_PBE
1564,-4.45040457708795,-4.08590153313468,1.02,-2.38951098732,86dd3a804d78ca5d203ebf98747e8f16dff9713ba8950097ceb760b161e19907,Domains_SSE_PBE
1565,-4.450903136639822,-4.08590153313468,1.02,-2.38951098732,86dd3a804d78ca5d203ebf98747e8f16dff9713ba8950097ceb760b161e19907,Domains_SSE_PBE
1566,-4.451401855948116,-4.08590153313468,1.02,-2.38951098732,86dd3a804d78ca5d203ebf98747e8f16dff9713ba8950097ceb760b161e19907,Domains_SSE_PBE
1567,-4.451900734916778,-4.08590153313468,1.02,-2.38951098732,86dd3a804d78ca5d203ebf98747e8f16dff9713ba8950097ceb760b161e19907,Domains_SSE_PBE
1568,-4.452399773449875,-4.08590153313468,1.02,-2.38951098732,86dd3a804d78ca5d203ebf98747e8f16dff9713ba8950097ceb760b161e19907,Domains_SSE_PBE
1569,-4.452898971451576,-4.08590153313468,1.02,-2.38951098732,86dd3a804d78ca5d203ebf98747e8f16dff9713ba8950097ceb760b161e19907,Domains_SSE_PBE
1570,-4.453398328826168,-4.08590153313468,1.02,-2.38951098732,86dd3a804d78ca5d203ebf98747e8f16dff9713ba8950097ceb760b161e19907,Domains_SSE_PBE
1571,-4.453897845478048,-4.08590153313468,1.02,-2.38951098732,86dd3a804d78ca5d203ebf98747e8f16dff9713ba8950097ceb760b161e19907,Domains_SSE_PBE
1572,-4.454397521311721,-4.08590153313468,1.02,-2.38951098732,86dd3a804d78ca5d203ebf98747e8f16dff9713ba8950097ceb760b161e19907,Domains_SSE_PBE
1573,-4.454897356231807,-4.08590153313468,1.02,-2.38951098732,86dd3a804d78ca5d203ebf98747e8f16dff9713ba8950097ceb760b161e19907,Domains_SSE_PBE
1574,-4.455397350143035,-4.08590153313468,1.02,-2.38951098732,86dd3a804d78ca5d203ebf98747e8f16dff9713ba8950097ceb760b161e19907,Domains_SSE_PBE
1575,-4.455897502950241,-4.08590153313468,1.02,-2.38951098732,86dd3a804d78ca5d203ebf98747e8f16dff9713ba8950097ceb760b161e19907,Domains_SSE_PBE
1576,-4.456397814558376,-4.08590153313468,1.02,-2.38951098732,86dd3a804d78ca5d203ebf98747e8f16dff9713ba8950097ceb760b161e19907,Domains_SSE_PBE
1577,-4.4568982848725,-4.08590153313468,1.02,-2.38951098732,86dd3a804d78ca5d203ebf98747e8f16dff9713ba8950097ceb760b161e19907,Domains_SSE_PBE
1578,-4.457398913797784,-4.08590153313468,1.02,-2.38951098732,86dd3a804d78ca5d203ebf98747e8f16dff9713ba8950097ceb760b161e19907,Domains_SSE_PBE
1579,-4.457899701239503,-4.08590153313468,1.02,-2.38951098732,86dd3a804d78ca5d203ebf98747e8f16dff9713ba8950097ceb760b161e19907,Domains_SSE_PBE
1580,-4.458400647103048,-4.08590153313468,1.02,-2.38951098732,86dd3a804d78ca5d203ebf98747e8f16dff9713ba8950097ceb760b161e19907,Domains_SSE_PBE
1581,-4.458901751293916,-4.08590153313468,1.02,-2.38951098732,86dd3a804d78ca5d203ebf98747e8f16dff9713ba8950097ceb760b161e19907,Domains_SSE_PBE
1582,-4.459403013717714,-4.08590153313468,1.02,-2.38951098732,86dd3a804d78ca5d203ebf98747e8f16dff9713ba8950097ceb760b161e19907,Domains_SSE_PBE
1583,-4.459904434280158,-4.08590153313468,1.02,-2.38951098732,86dd3a804d78ca5d203ebf98747e8f16dff9713ba8950097ceb760b161e19907,Domains_SSE_PBE
1584,-4.460406012887074,-4.08590153313468,1.02,-2.38951098732,86dd3a804d78ca5d203ebf98747e8f16dff9713ba8950097ceb760b161e19907,Domains_SSE_PBE
1585,-4.460907749444393,-4.08590153313468,1.02,-2.38951098732,86dd3a804d78ca5d203ebf98747e8f16dff9713ba8950097ceb760b161e19907,Domains_SSE_PBE
1586,-4.461409643858158,-4.08590153313468,1.02,-2.38951098732,86dd3a804d78ca5d203ebf98747e8f16dff9713ba8950097ceb760b161e19907,Domains_SSE_PBE
1587,-4.46191169603452,-4.08590153313468,1.02,-2.38951098732,86dd3a804d78ca5d203ebf98747e8f16dff9713ba8950097ceb760b161e19907,Domains_SSE_PBE
1588,-4.462413905879735,-4.08590153313468,1.02,-2.38951098732,86dd3a804d78ca5d203ebf98747e8f16dff9713ba8950097ceb760b161e19907,Domains_SSE_PBE
1589,-4.462916273300169,-4.08590153313468,1.02,-2.38951098732,86dd3a804d78ca5d203ebf98747e8f16dff9713ba8950097ceb760b161e19907,Domains_SSE_PBE
1590,-4.463418798202297,-4.08590153313468,1.02,-2.38951098732,86dd3a804d78ca5d203ebf98747e8f16dff9713ba8950097ceb760b161e19907,Domains_SSE_PBE
1591,-4.4639214804927,-4.08590153313468,1.02,-2.38951098732,86dd3a804d78ca5d203ebf98747e8f16dff9713ba8950097ceb760b161e19907,Domains_SSE_PBE
1592,-4.464424320078068,-4.08590153313468,1.02,-2.38951098732,86dd3a804d78ca5d203ebf98747e8f16dff9713ba8950097ceb760b161e19907,Domains_SSE_PBE
1593,-4.464927316865194,-4.08590153313468,1.02,-2.38951098732,86dd3a804d78ca5d203ebf98747e8f16dff9713ba8950097ceb760b161e19907,Domains_SSE_PBE
1594,-4.465430470760981,-4.08590153313468,1.02,-2.38951098732,86dd3a804d78ca5d203ebf98747e8f16dff9713ba8950097ceb760b161e19907,Domains_SSE_PBE
1595,-4.465933781672438,-4.08590153313468,1.02,-2.38951098732,86dd3a804d78ca5d203ebf98747e8f16dff9713ba8950097ceb760b161e19907,Domains_SSE_PBE
1596,-4.466437249506684,-4.08590153313468,1.02,-2.38951098732,86dd3a804d78ca5d203ebf98747e8f16dff9713ba8950097ceb760b161e19907,Domains_SSE_PBE
1597,-4.46694087417094,-4.08590153313468,1.02,-2.38951098732,86dd3a804d78ca5d203ebf98747e8f16dff9713ba8950097ceb760b161e19907,Domains_SSE_PBE
1598,-4.467444655572533,-4.08590153313468,1.02,-2.38951098732,86dd3a804d78ca5d203ebf98747e8f16dff9713ba8950097ceb760b161e19907,Domains_SSE_PBE
1599,-4.467948593618901,-4.08590153313468,1.02,-2.38951098732,86dd3a804d78ca5d203ebf98747e8f16dff9713ba8950097ceb760b161e19907,Domains_SSE_PBE
1600,-4.468452688217583,-4.08590153313468,1.02,-2.38951098732,86dd3a804d78ca5d203ebf98747e8f16dff9713ba8950097ceb760b161e19907,Domains_SSE_PBE
1601,-4.468956939276225,-4.08590153313468,1.02,-2.38951098732,86dd3a804d78ca5d203ebf98747e8f16dff9713ba8950097ceb760b161e19907,Domains_SSE_PBE
1602,-4.469461346702581,-4.08590153313468,1.02,-2.38951098732,86dd3a804d78ca5d203ebf98747e8f16dff9713ba8950097ceb760b161e19907,Domains_SSE_PBE
1603,-4.469965910404508,-4.08590153313468,1.02,-2.38951098732,86dd3a804d78ca5d203ebf98747e8f16dff9713ba8950097ceb760b161e19907,Domains_SSE_PBE
1604,-4.470470630289967,-4.08590153313468,1.02,-2.38951098732,86dd3a804d78ca5d203ebf98747e8f16dff9713ba8950097ceb760b161e19907,Domains_SSE_PBE
1605,-4.47097550626703,-4.08590153313468,1.02,-2.38951098732,86dd3a804d78ca5d203ebf98747e8f16dff9713ba8950097ceb760b161e19907,Domains_SSE_PBE
1606,-4.471480538243867,-4.08590153313468,1.02,-2.38951098732,86dd3a804d78ca5d203ebf98747e8f16dff9713ba8950097ceb760b161e19907,Domains_SSE_PBE
1607,-4.471985726128754,-4.08590153313468,1.02,-2.38951098732,86dd3a804d78ca5d203ebf98747e8f16dff9713ba8950097ceb760b161e19907,Domains_SSE_PBE
1608,-4.472491069830077,-4.08590153313468,1.02,-2.38951098732,86dd3a804d78ca5d203ebf98747e8f16dff9713ba8950097ceb760b161e19907,Domains_SSE_PBE
1609,-4.472996569256319,-4.08590153313468,1.02,-2.38951098732,86dd3a804d78ca5d203ebf98747e8f16dff9713ba8950097ceb760b161e19907,Domains_SSE_PBE
1610,-4.473502224316072,-4.08590153313468,1.02,-2.38951098732,86dd3a804d78ca5d203ebf98747e8f16dff9713ba8950097ceb760b161e19907,Domains_SSE_PBE
1611,-4.47400803491803,-4.08590153313468,1.02,-2.38951098732,86dd3a804d78ca5d203ebf98747e8f16dff9713ba8950097ceb760b161e19907,Domains_SSE_PBE
1612,-4.474514000970991,-4.08590153313468,1.02,-2.38951098732,86dd3a804d78ca5d203ebf98747e8f16dff9713ba8950097ceb760b161e19907,Domains_SSE_PBE
1613,-4.475020122383858,-4.08590153313468,1.02,-2.38951098732,86dd3a804d78ca5d203ebf98747e8f16dff9713ba8950097ceb760b161e19907,Domains_SSE_PBE
1614,-4.475526399065637,-4.08590153313468,1.02,-2.38951098732,86dd3a804d78ca5d203ebf98747e8f16dff9713ba8950097ceb760b161e19907,Domains_SSE_PBE
1615,-4.476032830925437,-4.08590153313468,1.02,-2.38951098732,86dd3a804d78ca5d203ebf98747e8f16dff9713ba8950097ceb760b161e19907,Domains_SSE_PBE
1616,-4.476539417872469,-4.08590153313468,1.02,-2.38951098732,86dd3a804d78ca5d203ebf98747e8f16dff9713ba8950097ceb760b161e19907,Domains_SSE_PBE
1617,-4.477046159816048,-4.08590153313468,1.02,-2.38951098732,86dd3a804d78ca5d203ebf98747e8f16dff9713ba8950097ceb760b161e19907,Domains_SSE_PBE
1618,-4.477553056665593,-4.08590153313468,1.02,-2.38951098732,86dd3a804d78ca5d203ebf98747e8f16dff9713ba8950097ceb760b161e19907,Domains_SSE_PBE
1619,-4.478060108330623,-4.08590153313468,1.02,-2.38951098732,86dd3a804d78ca5d203ebf98747e8f16dff9713ba8950097ceb760b161e19907,Domains_SSE_PBE
1620,-4.478567314720763,-4.08590153313468,1.02,-2.38951098732,86dd3a804d78ca5d203ebf98747e8f16dff9713ba8950097ceb760b161e19907,Domains_SSE_PBE
1621,-4.479074675745736,-4.08590153313468,1.02,-2.38951098732,86dd3a804d78ca5d203ebf98747e8f16dff9713ba8950097ceb760b161e19907,Domains_SSE_PBE
1622,-4.479582191315373,-4.08590153313468,1.02,-2.38951098732,86dd3a804d78ca5d203ebf98747e8f16dff9713ba8950097ceb760b161e19907,Domains_SSE_PBE
1623,-4.480089861339601,-4.08590153313468,1.02,-2.38951098732,86dd3a804d78ca5d203ebf98747e8f16dff9713ba8950097ceb760b161e19907,Domains_SSE_PBE
1624,-4.480597685728451,-4.08590153313468,1.02,-2.38951098732,86dd3a804d78ca5d203ebf98747e8f16dff9713ba8950097ceb760b161e19907,Domains_SSE_PBE
1625,-4.481105664392055,-4.08590153313468,1.02,-2.38951098732,86dd3a804d78ca5d203ebf98747e8f16dff9713ba8950097ceb760b161e19907,Domains_SSE_PBE
1626,-4.481613797240652,-4.08590153313468,1.02,-2.38951098732,86dd3a804d78ca5d203ebf98747e8f16dff9713ba8950097ceb760b161e19907,Domains_SSE_PBE
1627,-4.482122084184574,-4.08590153313468,1.02,-2.38951098732,86dd3a804d78ca5d203ebf98747e8f16dff9713ba8950097ceb760b161e19907,Domains_SSE_PBE
1628,-4.48263052513426,-4.08590153313468,1.02,-2.38951098732,86dd3a804d78ca5d203ebf98747e8f16dff9713ba8950097ceb760b161e19907,Domains_SSE_PBE
1629,-4.483139120000245,-4.08590153313468,1.02,-2.38951098732,86dd3a804d78ca5d203ebf98747e8f16dff9713ba8950097ceb760b161e19907,Domains_SSE_PBE
1630,-4.48364786869317,-4.08590153313468,1.02,-2.38951098732,86dd3a804d78ca5d203ebf98747e8f16dff9713ba8950097ceb760b161e19907,Domains_SSE_PBE
1631,-4.484156771123776,-4.08590153313468,1.02,-2.38951098732,86dd3a804d78ca5d203ebf98747e8f16dff9713ba8950097ceb760b161e19907,Domains_SSE_PBE
1632,-4.484665827202898,-4.08590153313468,1.02,-2.38951098732,86dd3a804d78ca5d203ebf98747e8f16dff9713ba8950097ceb760b161e19907,Domains_SSE_PBE
1633,-4.485175036841481,-4.08590153313468,1.02,-2.38951098732,86dd3a804d78ca5d203ebf98747e8f16dff9713ba8950097ceb760b161e19907,Domains_SSE_PBE
1634,-4.485684399950562,-4.08590153313468,1.02,-2.38951098732,86dd3a804d78ca5d203ebf98747e8f16dff9713ba8950097ceb760b161e19907,Domains_SSE_PBE
1635,-4.486193916441285,-4.08590153313468,1.02,-2.38951098732,86dd3a804d78ca5d203ebf98747e8f16dff9713ba8950097ceb760b161e19907,Domains_SSE_PBE
1636,-4.486703586224885,-4.08590153313468,1.02,-2.38951098732,86dd3a804d78ca5d203ebf98747e8f16dff9713ba8950097ceb760b161e19907,Domains_SSE_PBE
1637,-4.487213409212705,-4.08590153313468,1.02,-2.38951098732,86dd3a804d78ca5d203ebf98747e8f16dff9713ba8950097ceb760b161e19907,Domains_SSE_PBE
1638,-4.487723385316186,-4.08590153313468,1.02,-2.38951098732,86dd3a804d78ca5d203ebf98747e8f16dff9713ba8950097ceb760b161e19907,Domains_SSE_PBE
1639,-4.488233514446864,-4.08590153313468,1.02,-2.38951098732,86dd3a804d78ca5d203ebf98747e8f16dff9713ba8950097ceb760b161e19907,Domains_SSE_PBE
1640,-4.48874379651638,-4.08590153313468,1.02,-2.38951098732,86dd3a804d78ca5d203ebf98747e8f16dff9713ba8950097ceb760b161e19907,Domains_SSE_PBE
1641,-4.489254231436467,-4.08590153313468,1.02,-2.38951098732,86dd3a804d78ca5d203ebf98747e8f16dff9713ba8950097ceb760b161e19907,Domains_SSE_PBE
1642,-4.489764819118963,-4.08590153313468,1.02,-2.38951098732,86dd3a804d78ca5d203ebf98747e8f16dff9713ba8950097ceb760b161e19907,Domains_SSE_PBE
1643,-4.490275559475801,-4.08590153313468,1.02,-2.38951098732,86dd3a804d78ca5d203ebf98747e8f16dff9713ba8950097ceb760b161e19907,Domains_SSE_PBE
1644,-4.490786452419018,-4.08590153313468,1.02,-2.38951098732,86dd3a804d78ca5d203ebf98747e8f16dff9713ba8950097ceb760b161e19907,Domains_SSE_PBE
1645,-4.491297497860741,-4.08590153313468,1.02,-2.38951098732,86dd3a804d78ca5d203ebf98747e8f16dff9713ba8950097ceb760b161e19907,Domains_SSE_PBE
1646,-4.491808695713201,-4.08590153313468,1.02,-2.38951098732,86dd3a804d78ca5d203ebf98747e8f16dff9713ba8950097ceb760b161e19907,Domains_SSE_PBE
1647,-4.492320045888728,-4.08590153313468,1.02,-2.38951098732,86dd3a804d78ca5d203ebf98747e8f16dff9713ba8950097ceb760b161e19907,Domains_SSE_PBE
1648,-4.492831548299744,-4.08590153313468,1.02,-2.38951098732,86dd3a804d78ca5d203ebf98747e8f16dff9713ba8950097ceb760b161e19907,Domains_SSE_PBE
1649,-4.493343202858775,-4.08590153313468,1.02,-2.38951098732,86dd3a804d78ca5d203ebf98747e8f16dff9713ba8950097ceb760b161e19907,Domains_SSE_PBE
1650,-4.493855009478443,-4.08590153313468,1.02,-2.38951098732,86dd3a804d78ca5d203ebf98747e8f16dff9713ba8950097ceb760b161e19907,Domains_SSE_PBE
1651,-4.494366968071462,-4.08590153313468,1.02,-2.38951098732,86dd3a804d78ca5d203ebf98747e8f16dff9713ba8950097ceb760b161e19907,Domains_SSE_PBE
1652,-4.494879078550653,-4.08590153313468,1.02,-2.38951098732,86dd3a804d78ca5d203ebf98747e8f16dff9713ba8950097ceb760b161e19907,Domains_SSE_PBE
1653,-4.495391340828925,-4.08590153313468,1.02,-2.38951098732,86dd3a804d78ca5d203ebf98747e8f16dff9713ba8950097ceb760b161e19907,Domains_SSE_PBE
1654,-4.495903754819288,-4.08590153313468,1.02,-2.38951098732,86dd3a804d78ca5d203ebf98747e8f16dff9713ba8950097ceb760b161e19907,Domains_SSE_PBE
1655,-4.49641632043485,-4.08590153313468,1.02,-2.38951098732,86dd3a804d78ca5d203ebf98747e8f16dff9713ba8950097ceb760b161e19907,Domains_SSE_PBE
1656,-4.496929037588816,-4.08590153313468,1.02,-2.38951098732,86dd3a804d78ca5d203ebf98747e8f16dff9713ba8950097ceb760b161e19907,Domains_SSE_PBE
1657,-4.497441906194483,-4.08590153313468,1.02,-2.38951098732,86dd3a804d78ca5d203ebf98747e8f16dff9713ba8950097ceb760b161e19907,Domains_SSE_PBE
1658,-4.497954926165247,-4.08590153313468,1.02,-2.38951098732,86dd3a804d78ca5d203ebf98747e8f16dff9713ba8950097ceb760b161e19907,Domains_SSE_PBE
1659,-4.498468097414601,-4.08590153313468,1.02,-2.38951098732,86dd3a804d78ca5d203ebf98747e8f16dff9713ba8950097ceb760b161e19907,Domains_SSE_PBE
1660,-4.498981419856134,-4.08590153313468,1.02,-2.38951098732,86dd3a804d78ca5d203ebf98747e8f16dff9713ba8950097ceb760b161e19907,Domains_SSE_PBE
1661,-4.499494893403529,-4.08590153313468,1.02,-2.38951098732,86dd3a804d78ca5d203ebf98747e8f16dff9713ba8950097ceb760b161e19907,Domains_SSE_PBE
1662,-4.500008517970566,-4.08590153313468,1.02,-2.38951098732,86dd3a804d78ca5d203ebf98747e8f16dff9713ba8950097ceb760b161e19907,Domains_SSE_PBE
1663,-4.50052229347112,-4.08590153313468,1.02,-2.38951098732,86dd3a804d78ca5d203ebf98747e8f16dff9713ba8950097ceb760b161e19907,Domains_SSE_PBE
1664,-4.501036219819164,-4.08590153313468,1.02,-2.38951098732,86dd3a804d78ca5d203ebf98747e8f16dff9713ba8950097ceb760b161e19907,Domains_SSE_PBE
1665,-4.501550296928762,-4.08590153313468,1.02,-2.38951098732,86dd3a804d78ca5d203ebf98747e8f16dff9713ba8950097ceb760b161e19907,Domains_SSE_PBE
1666,-4.502064524714076,-4.08590153313468,1.02,-2.38951098732,86dd3a804d78ca5d203ebf98747e8f16dff9713ba8950097ceb760b161e19907,Domains_SSE_PBE
1667,-4.50257890308936,-4.08590153313468,1.02,-2.38951098732,86dd3a804d78ca5d203ebf98747e8f16dff9713ba8950097ceb760b161e19907,Domains_SSE_PBE
1668,-4.503093431968971,-4.08590153313468,1.02,-2.38951098732,86dd3a804d78ca5d203ebf98747e8f16dff9713ba8950097ceb760b161e19907,Domains_SSE_PBE
1669,-4.503608111267348,-4.08590153313468,1.02,-2.38951098732,86dd3a804d78ca5d203ebf98747e8f16dff9713ba8950097ceb760b161e19907,Domains_SSE_PBE
1670,-4.504122940899032,-4.08590153313468,1.02,-2.38951098732,86dd3a804d78ca5d203ebf98747e8f16dff9713ba8950097ceb760b161e19907,Domains_SSE_PBE
1671,-4.504637920778662,-4.08590153313468,1.02,-2.38951098732,86dd3a804d78ca5d203ebf98747e8f16dff9713ba8950097ceb760b161e19907,Domains_SSE_PBE
1672,-4.505153050820962,-4.08590153313468,1.02,-2.38951098732,86dd3a804d78ca5d203ebf98747e8f16dff9713ba8950097ceb760b161e19907,Domains_SSE_PBE
1673,-4.505668330940755,-4.08590153313468,1.02,-2.38951098732,86dd3a804d78ca5d203ebf98747e8f16dff9713ba8950097ceb760b161e19907,Domains_SSE_PBE
1674,-4.50618376105296,-4.08590153313468,1.02,-2.38951098732,86dd3a804d78ca5d203ebf98747e8f16dff9713ba8950097ceb760b161e19907,Domains_SSE_PBE
1675,-4.506699341072586,-4.08590153313468,1.02,-2.38951098732,86dd3a804d78ca5d203ebf98747e8f16dff9713ba8950097ceb760b161e19907,Domains_SSE_PBE
1676,-4.507215070914736,-4.08590153313468,1.02,-2.38951098732,86dd3a804d78ca5d203ebf98747e8f16dff9713ba8950097ceb760b161e19907,Domains_SSE_PBE
1677,-4.507730950494611,-4.08590153313468,1.02,-2.38951098732,86dd3a804d78ca5d203ebf98747e8f16dff9713ba8950097ceb760b161e19907,Domains_SSE_PBE
1678,-4.508246979727495,-4.08590153313468,1.02,-2.38951098732,86dd3a804d78ca5d203ebf98747e8f16dff9713ba8950097ceb760b161e19907,Domains_SSE_PBE
1679,-4.508763158528777,-4.08590153313468,1.02,-2.38951098732,86dd3a804d78ca5d203ebf98747e8f16dff9713ba8950097ceb760b161e19907,Domains_SSE_PBE
1680,-4.509279486813932,-4.08590153313468,1.02,-2.38951098732,86dd3a804d78ca5d203ebf98747e8f16dff9713ba8950097ceb760b161e19907,Domains_SSE_PBE
1681,-4.509795964498529,-4.08590153313468,1.02,-2.38951098732,86dd3a804d78ca5d203ebf98747e8f16dff9713ba8950097ceb760b161e19907,Domains_SSE_PBE
1682,-4.510312591498232,-4.08590153313468,1.02,-2.38951098732,86dd3a804d78ca5d203ebf98747e8f16dff9713ba8950097ceb760b161e19907,Domains_SSE_PBE
1683,-4.510829367728793,-4.08590153313468,1.02,-2.38951098732,86dd3a804d78ca5d203ebf98747e8f16dff9713ba8950097ceb760b161e19907,Domains_SSE_PBE
1684,-4.511346293106062,-4.08590153313468,1.02,-2.38951098732,86dd3a804d78ca5d203ebf98747e8f16dff9713ba8950097ceb760b161e19907,Domains_SSE_PBE
1685,-4.511863367545978,-4.08590153313468,1.02,-2.38951098732,86dd3a804d78ca5d203ebf98747e8f16dff9713ba8950097ceb760b161e19907,Domains_SSE_PBE
1686,-4.512380590964568,-4.08590153313468,1.02,-2.38951098732,86dd3a804d78ca5d203ebf98747e8f16dff9713ba8950097ceb760b161e19907,Domains_SSE_PBE
1687,-4.512897963277963,-4.08590153313468,1.02,-2.38951098732,86dd3a804d78ca5d203ebf98747e8f16dff9713ba8950097ceb760b161e19907,Domains_SSE_PBE
1688,-4.513415484402375,-4.08590153313468,1.02,-2.38951098732,86dd3a804d78ca5d203ebf98747e8f16dff9713ba8950097ceb760b161e19907,Domains_SSE_PBE
1689,-4.513933154254109,-4.08590153313468,1.02,-2.38951098732,86dd3a804d78ca5d203ebf98747e8f16dff9713ba8950097ceb760b161e19907,Domains_SSE_PBE
1690,-4.514450972749564,-4.08590153313468,1.02,-2.38951098732,86dd3a804d78ca5d203ebf98747e8f16dff9713ba8950097ceb760b161e19907,Domains_SSE_PBE
1691,-4.514968939805233,-4.08590153313468,1.02,-2.38951098732,86dd3a804d78ca5d203ebf98747e8f16dff9713ba8950097ceb760b161e19907,Domains_SSE_PBE
1692,-4.515487055337693,-4.08590153313468,1.02,-2.38951098732,86dd3a804d78ca5d203ebf98747e8f16dff9713ba8950097ceb760b161e19907,Domains_SSE_PBE
1693,-4.51600531926362,-4.08590153313468,1.02,-2.38951098732,86dd3a804d78ca5d203ebf98747e8f16dff9713ba8950097ceb760b161e19907,Domains_SSE_PBE
1694,-4.516523731499774,-4.08590153313468,1.02,-2.38951098732,86dd3a804d78ca5d203ebf98747e8f16dff9713ba8950097ceb760b161e19907,Domains_SSE_PBE
1695,-4.517042291963013,-4.08590153313468,1.02,-2.38951098732,86dd3a804d78ca5d203ebf98747e8f16dff9713ba8950097ceb760b161e19907,Domains_SSE_PBE
1696,-4.517561000570274,-4.08590153313468,1.02,-2.38951098732,86dd3a804d78ca5d203ebf98747e8f16dff9713ba8950097ceb760b161e19907,Domains_SSE_PBE
1697,-4.518079857238601,-4.08590153313468,1.02,-2.38951098732,86dd3a804d78ca5d203ebf98747e8f16dff9713ba8950097ceb760b161e19907,Domains_SSE_PBE
1698,-4.518598861885113,-4.08590153313468,1.02,-2.38951098732,86dd3a804d78ca5d203ebf98747e8f16dff9713ba8950097ceb760b161e19907,Domains_SSE_PBE
1699,-4.519118014427027,-4.08590153313468,1.02,-2.38951098732,86dd3a804d78ca5d203ebf98747e8f16dff9713ba8950097ceb760b161e19907,Domains_SSE_PBE
1700,-4.519637314781652,-4.08590153313468,1.02,-2.38951098732,86dd3a804d78ca5d203ebf98747e8f16dff9713ba8950097ceb760b161e19907,Domains_SSE_PBE
1701,-4.52015676286638,-4.08590153313468,1.02,-2.38951098732,86dd3a804d78ca5d203ebf98747e8f16dff9713ba8950097ceb760b161e19907,Domains_SSE_PBE
1702,-4.520676358598697,-4.08590153313468,1.02,-2.38951098732,86dd3a804d78ca5d203ebf98747e8f16dff9713ba8950097ceb760b161e19907,Domains_SSE_PBE
1703,-4.521196101896182,-4.08590153313468,1.02,-2.38951098732,86dd3a804d78ca5d203ebf98747e8f16dff9713ba8950097ceb760b161e19907,Domains_SSE_PBE
1704,-4.521715992676492,-4.08590153313468,1.02,-2.38951098732,86dd3a804d78ca5d203ebf98747e8f16dff9713ba8950097ceb760b161e19907,Domains_SSE_PBE
1705,-4.52223603085739,-4.08590153313468,1.02,-2.38951098732,86dd3a804d78ca5d203ebf98747e8f16dff9713ba8950097ceb760b161e19907,Domains_SSE_PBE
1706,-4.52275621635671,-4.08590153313468,1.02,-2.38951098732,86dd3a804d78ca5d203ebf98747e8f16dff9713ba8950097ceb760b161e19907,Domains_SSE_PBE
1707,-4.523276549092392,-4.08590153313468,1.02,-2.38951098732,86dd3a804d78ca5d203ebf98747e8f16dff9713ba8950097ceb760b161e19907,Domains_SSE_PBE
1708,-4.523797028982454,-4.08590153313468,1.02,-2.38951098732,86dd3a804d78ca5d203ebf98747e8f16dff9713ba8950097ceb760b161e19907,Domains_SSE_PBE
1709,-4.524317655945003,-4.08590153313468,1.02,-2.38951098732,86dd3a804d78ca5d203ebf98747e8f16dff9713ba8950097ceb760b161e19907,Domains_SSE_PBE
1710,-4.524838429898244,-4.08590153313468,1.02,-2.38951098732,86dd3a804d78ca5d203ebf98747e8f16dff9713ba8950097ceb760b161e19907,Domains_SSE_PBE
1711,-4.525359350760459,-4.08590153313468,1.02,-2.38951098732,86dd3a804d78ca5d203ebf98747e8f16dff9713ba8950097ceb760b161e19907,Domains_SSE_PBE
1712,-4.525880418450027,-4.08590153313468,1.02,-2.38951098732,86dd3a804d78ca5d203ebf98747e8f16dff9713ba8950097ceb760b161e19907,Domains_SSE_PBE
1713,-4.526401632885411,-4.08590153313468,1.02,-2.38951098732,86dd3a804d78ca5d203ebf98747e8f16dff9713ba8950097ceb760b161e19907,Domains_SSE_PBE
1714,-4.526922993985161,-4.08590153313468,1.02,-2.38951098732,86dd3a804d78ca5d203ebf98747e8f16dff9713ba8950097ceb760b161e19907,Domains_SSE_PBE
1715,-4.527444501667919,-4.08590153313468,1.02,-2.38951098732,86dd3a804d78ca5d203ebf98747e8f16dff9713ba8950097ceb760b161e19907,Domains_SSE_PBE
1716,-4.527966155852411,-4.08590153313468,1.02,-2.38951098732,86dd3a804d78ca5d203ebf98747e8f16dff9713ba8950097ceb760b161e19907,Domains_SSE_PBE
1717,-4.528487956457456,-4.08590153313468,1.02,-2.38951098732,86dd3a804d78ca5d203ebf98747e8f16dff9713ba8950097ceb760b161e19907,Domains_SSE_PBE
1718,-4.529009903401954,-4.08590153313468,1.02,-2.38951098732,86dd3a804d78ca5d203ebf98747e8f16dff9713ba8950097ceb760b161e19907,Domains_SSE_PBE
1719,-4.529531996604896,-4.08590153313468,1.02,-2.38951098732,86dd3a804d78ca5d203ebf98747e8f16dff9713ba8950097ceb760b161e19907,Domains_SSE_PBE
1720,-4.530054235985359,-4.08590153313468,1.02,-2.38951098732,86dd3a804d78ca5d203ebf98747e8f16dff9713ba8950097ceb760b161e19907,Domains_SSE_PBE
1721,-4.530576621462509,-4.08590153313468,1.02,-2.38951098732,86dd3a804d78ca5d203ebf98747e8f16dff9713ba8950097ceb760b161e19907,Domains_SSE_PBE
1722,-4.531099152955598,-4.08590153313468,1.02,-2.38951098732,86dd3a804d78ca5d203ebf98747e8f16dff9713ba8950097ceb760b161e19907,Domains_SSE_PBE
1723,-4.531621830383965,-4.08590153313468,1.02,-2.38951098732,86dd3a804d78ca5d203ebf98747e8f16dff9713ba8950097ceb760b161e19907,Domains_SSE_PBE
1724,-4.532144653667032,-4.08590153313468,1.02,-2.38951098732,86dd3a804d78ca5d203ebf98747e8f16dff9713ba8950097ceb760b161e19907,Domains_SSE_PBE
1725,-4.532667622724316,-4.08590153313468,1.02,-2.38951098732,86dd3a804d78ca5d203ebf98747e8f16dff9713ba8950097ceb760b161e19907,Domains_SSE_PBE
1726,-4.533190737475412,-4.08590153313468,1.02,-2.38951098732,86dd3a804d78ca5d203ebf98747e8f16dff9713ba8950097ceb760b161e19907,Domains_SSE_PBE
1727,-4.533713997840009,-4.08590153313468,1.02,-2.38951098732,86dd3a804d78ca5d203ebf98747e8f16dff9713ba8950097ceb760b161e19907,Domains_SSE_PBE
1728,-4.534237403737872,-4.08590153313468,1.02,-2.38951098732,86dd3a804d78ca5d203ebf98747e8f16dff9713ba8950097ceb760b161e19907,Domains_SSE_PBE
1729,-4.534760955088863,-4.08590153313468,1.02,-2.38951098732,86dd3a804d78ca5d203ebf98747e8f16dff9713ba8950097ceb760b161e19907,Domains_SSE_PBE
1730,-4.535284651812924,-4.08590153313468,1.02,-2.38951098732,86dd3a804d78ca5d203ebf98747e8f16dff9713ba8950097ceb760b161e19907,Domains_SSE_PBE
1731,-4.535808493830082,-4.08590153313468,1.02,-2.38951098732,86dd3a804d78ca5d203ebf98747e8f16dff9713ba8950097ceb760b161e19907,Domains_SSE_PBE
1732,-4.536332481060453,-4.08590153313468,1.02,-2.38951098732,86dd3a804d78ca5d203ebf98747e8f16dff9713ba8950097ceb760b161e19907,Domains_SSE_PBE
1733,-4.536856613424235,-4.08590153313468,1.02,-2.38951098732,86dd3a804d78ca5d203ebf98747e8f16dff9713ba8950097ceb760b161e19907,Domains_SSE_PBE
1734,-4.537380890841717,-4.08590153313468,1.02,-2.38951098732,86dd3a804d78ca5d203ebf98747e8f16dff9713ba8950097ceb760b161e19907,Domains_SSE_PBE
1735,-4.537905313233268,-4.08590153313468,1.02,-2.38951098732,86dd3a804d78ca5d203ebf98747e8f16dff9713ba8950097ceb760b161e19907,Domains_SSE_PBE
1736,-4.538429880519343,-4.08590153313468,1.02,-2.38951098732,86dd3a804d78ca5d203ebf98747e8f16dff9713ba8950097ceb760b161e19907,Domains_SSE_PBE
1737,-4.538954592620484,-4.08590153313468,1.02,-2.38951098732,86dd3a804d78ca5d203ebf98747e8f16dff9713ba8950097ceb760b161e19907,Domains_SSE_PBE
1738,-4.539479449457313,-4.08590153313468,1.02,-2.38951098732,86dd3a804d78ca5d203ebf98747e8f16dff9713ba8950097ceb760b161e19907,Domains_SSE_PBE
1739,-4.540004450950546,-4.08590153313468,1.02,-2.38951098732,86dd3a804d78ca5d203ebf98747e8f16dff9713ba8950097ceb760b161e19907,Domains_SSE_PBE
1740,-4.540529597020974,-4.08590153313468,1.02,-2.38951098732,86dd3a804d78ca5d203ebf98747e8f16dff9713ba8950097ceb760b161e19907,Domains_SSE_PBE
1741,-4.541054887589478,-4.08590153313468,1.02,-2.38951098732,86dd3a804d78ca5d203ebf98747e8f16dff9713ba8950097ceb760b161e19907,Domains_SSE_PBE
1742,-4.541580322577022,-4.08590153313468,1.02,-2.38951098732,86dd3a804d78ca5d203ebf98747e8f16dff9713ba8950097ceb760b161e19907,Domains_SSE_PBE
1743,-4.542105901904652,-4.08590153313468,1.02,-2.38951098732,86dd3a804d78ca5d203ebf98747e8f16dff9713ba8950097ceb760b161e19907,Domains_SSE_PBE
1744,-4.542631625493502,-4.08590153313468,1.02,-2.38951098732,86dd3a804d78ca5d203ebf98747e8f16dff9713ba8950097ceb760b161e19907,Domains_SSE_PBE
1745,-4.543157493264788,-4.08590153313468,1.02,-2.38951098732,86dd3a804d78ca5d203ebf98747e8f16dff9713ba8950097ceb760b161e19907,Domains_SSE_PBE
1746,-4.54368350513981,-4.08590153313468,1.02,-2.38951098732,86dd3a804d78ca5d203ebf98747e8f16dff9713ba8950097ceb760b161e19907,Domains_SSE_PBE
1747,-4.544209661039948,-4.08590153313468,1.02,-2.38951098732,86dd3a804d78ca5d203ebf98747e8f16dff9713ba8950097ceb760b161e19907,Domains_SSE_PBE
1748,-4.544735960886672,-4.08590153313468,1.02,-2.38951098732,86dd3a804d78ca5d203ebf98747e8f16dff9713ba8950097ceb760b161e19907,Domains_SSE_PBE
1749,-4.545262404601532,-4.08590153313468,1.02,-2.38951098732,86dd3a804d78ca5d203ebf98747e8f16dff9713ba8950097ceb760b161e19907,Domains_SSE_PBE
1750,-4.545788992106161,-4.08590153313468,1.02,-2.38951098732,86dd3a804d78ca5d203ebf98747e8f16dff9713ba8950097ceb760b161e19907,Domains_SSE_PBE
1751,-4.546315723322275,-4.08590153313468,1.02,-2.38951098732,86dd3a804d78ca5d203ebf98747e8f16dff9713ba8950097ceb760b161e19907,Domains_SSE_PBE
1752,-4.546842598171679,-4.08590153313468,1.02,-2.38951098732,86dd3a804d78ca5d203ebf98747e8f16dff9713ba8950097ceb760b161e19907,Domains_SSE_PBE
1753,-4.547369616576248,-4.08590153313468,1.02,-2.38951098732,86dd3a804d78ca5d203ebf98747e8f16dff9713ba8950097ceb760b161e19907,Domains_SSE_PBE
1754,-4.547896778457955,-4.08590153313468,1.02,-2.38951098732,86dd3a804d78ca5d203ebf98747e8f16dff9713ba8950097ceb760b161e19907,Domains_SSE_PBE
1755,-4.548424083738844,-4.08590153313468,1.02,-2.38951098732,86dd3a804d78ca5d203ebf98747e8f16dff9713ba8950097ceb760b161e19907,Domains_SSE_PBE
1756,-4.548951532341046,-4.08590153313468,1.02,-2.38951098732,86dd3a804d78ca5d203ebf98747e8f16dff9713ba8950097ceb760b161e19907,Domains_SSE_PBE
1757,-4.549479124186776,-4.08590153313468,1.02,-2.38951098732,86dd3a804d78ca5d203ebf98747e8f16dff9713ba8950097ceb760b161e19907,Domains_SSE_PBE
1758,-4.550006859198327,-4.08590153313468,1.02,-2.38951098732,86dd3a804d78ca5d203ebf98747e8f16dff9713ba8950097ceb760b161e19907,Domains_SSE_PBE
1759,-4.550534737298078,-4.08590153313468,1.02,-2.38951098732,86dd3a804d78ca5d203ebf98747e8f16dff9713ba8950097ceb760b161e19907,Domains_SSE_PBE
1760,-4.55106275840849,-4.08590153313468,1.02,-2.38951098732,86dd3a804d78ca5d203ebf98747e8f16dff9713ba8950097ceb760b161e19907,Domains_SSE_PBE
1761,-4.551590922452101,-4.08590153313468,1.02,-2.38951098732,86dd3a804d78ca5d203ebf98747e8f16dff9713ba8950097ceb760b161e19907,Domains_SSE_PBE
1762,-4.552119229351537,-4.08590153313468,1.02,-2.38951098732,86dd3a804d78ca5d203ebf98747e8f16dff9713ba8950097ceb760b161e19907,Domains_SSE_PBE
1763,-4.552647679029501,-4.08590153313468,1.02,-2.38951098732,86dd3a804d78ca5d203ebf98747e8f16dff9713ba8950097ceb760b161e19907,Domains_SSE_PBE
1764,-4.553176271408782,-4.08590153313468,1.02,-2.38951098732,86dd3a804d78ca5d203ebf98747e8f16dff9713ba8950097ceb760b161e19907,Domains_SSE_PBE
1765,-4.553705006412245,-4.08590153313468,1.02,-2.38951098732,86dd3a804d78ca5d203ebf98747e8f16dff9713ba8950097ceb760b161e19907,Domains_SSE_PBE
1766,-4.554233883962839,-4.08590153313468,1.02,-2.38951098732,86dd3a804d78ca5d203ebf98747e8f16dff9713ba8950097ceb760b161e19907,Domains_SSE_PBE
1767,-4.554762903983598,-4.08590153313468,1.02,-2.38951098732,86dd3a804d78ca5d203ebf98747e8f16dff9713ba8950097ceb760b161e19907,Domains_SSE_PBE
1768,-4.555292066397628,-4.08590153313468,1.02,-2.38951098732,86dd3a804d78ca5d203ebf98747e8f16dff9713ba8950097ceb760b161e19907,Domains_SSE_PBE
1769,-4.555821371128125,-4.08590153313468,1.02,-2.38951098732,86dd3a804d78ca5d203ebf98747e8f16dff9713ba8950097ceb760b161e19907,Domains_SSE_PBE
1770,-4.556350818098358,-4.08590153313468,1.02,-2.38951098732,86dd3a804d78ca5d203ebf98747e8f16dff9713ba8950097ceb760b161e19907,Domains_SSE_PBE
1771,-4.556880407231684,-4.08590153313468,1.02,-2.38951098732,86dd3a804d78ca5d203ebf98747e8f16dff9713ba8950097ceb760b161e19907,Domains_SSE_PBE
1772,-4.557410138451537,-4.08590153313468,1.02,-2.38951098732,86dd3a804d78ca5d203ebf98747e8f16dff9713ba8950097ceb760b161e19907,Domains_SSE_PBE
1773,-4.557940011681429,-4.08590153313468,1.02,-2.38951098732,86dd3a804d78ca5d203ebf98747e8f16dff9713ba8950097ceb760b161e19907,Domains_SSE_PBE
1774,-4.558470026844957,-4.08590153313468,1.02,-2.38951098732,86dd3a804d78ca5d203ebf98747e8f16dff9713ba8950097ceb760b161e19907,Domains_SSE_PBE
1775,-4.559000183865793,-4.08590153313468,1.02,-2.38951098732,86dd3a804d78ca5d203ebf98747e8f16dff9713ba8950097ceb760b161e19907,Domains_SSE_PBE
1776,-4.559530482667693,-4.08590153313468,1.02,-2.38951098732,86dd3a804d78ca5d203ebf98747e8f16dff9713ba8950097ceb760b161e19907,Domains_SSE_PBE
1777,-4.560060923174492,-4.08590153313468,1.02,-2.38951098732,86dd3a804d78ca5d203ebf98747e8f16dff9713ba8950097ceb760b161e19907,Domains_SSE_PBE
1778,-4.560591505310104,-4.08590153313468,1.02,-2.38951098732,86dd3a804d78ca5d203ebf98747e8f16dff9713ba8950097ceb760b161e19907,Domains_SSE_PBE
1779,-4.561122228998526,-4.08590153313468,1.02,-2.38951098732,86dd3a804d78ca5d203ebf98747e8f16dff9713ba8950097ceb760b161e19907,Domains_SSE_PBE
1780,-4.561653094163827,-4.08590153313468,1.02,-2.38951098732,86dd3a804d78ca5d203ebf98747e8f16dff9713ba8950097ceb760b161e19907,Domains_SSE_PBE
1781,-4.562184100730165,-4.08590153313468,1.02,-2.38951098732,86dd3a804d78ca5d203ebf98747e8f16dff9713ba8950097ceb760b161e19907,Domains_SSE_PBE
1782,-4.562715248621767,-4.08590153313468,1.02,-2.38951098732,86dd3a804d78ca5d203ebf98747e8f16dff9713ba8950097ceb760b161e19907,Domains_SSE_PBE
1783,-4.563246537762948,-4.08590153313468,1.02,-2.38951098732,86dd3a804d78ca5d203ebf98747e8f16dff9713ba8950097ceb760b161e19907,Domains_SSE_PBE
1784,-4.563777968078098,-4.08590153313468,1.02,-2.38951098732,86dd3a804d78ca5d203ebf98747e8f16dff9713ba8950097ceb760b161e19907,Domains_SSE_PBE
1785,-4.564309539491685,-4.08590153313468,1.02,-2.38951098732,86dd3a804d78ca5d203ebf98747e8f16dff9713ba8950097ceb760b161e19907,Domains_SSE_PBE
1786,-4.564841251928261,-4.08590153313468,1.02,-2.38951098732,86dd3a804d78ca5d203ebf98747e8f16dff9713ba8950097ceb760b161e19907,Domains_SSE_PBE
1787,-4.56537310531245,-4.08590153313468,1.02,-2.38951098732,86dd3a804d78ca5d203ebf98747e8f16dff9713ba8950097ceb760b161e19907,Domains_SSE_PBE
1788,-4.565905099568958,-4.08590153313468,1.02,-2.38951098732,86dd3a804d78ca5d203ebf98747e8f16dff9713ba8950097ceb760b161e19907,Domains_SSE_PBE
1789,-4.56643723462257,-4.08590153313468,1.02,-2.38951098732,86dd3a804d78ca5d203ebf98747e8f16dff9713ba8950097ceb760b161e19907,Domains_SSE_PBE
1790,-4.566969510398148,-4.08590153313468,1.02,-2.38951098732,86dd3a804d78ca5d203ebf98747e8f16dff9713ba8950097ceb760b161e19907,Domains_SSE_PBE
1791,-4.567501926820631,-4.08590153313468,1.02,-2.38951098732,86dd3a804d78ca5d203ebf98747e8f16dff9713ba8950097ceb760b161e19907,Domains_SSE_PBE
1792,-4.56803448381504,-4.08590153313468,1.02,-2.38951098732,86dd3a804d78ca5d203ebf98747e8f16dff9713ba8950097ceb760b161e19907,Domains_SSE_PBE
1793,-4.56856718130647,-4.08590153313468,1.02,-2.38951098732,86dd3a804d78ca5d203ebf98747e8f16dff9713ba8950097ceb760b161e19907,Domains_SSE_PBE
1794,-4.569100019220097,-4.08590153313468,1.02,-2.38951098732,86dd3a804d78ca5d203ebf98747e8f16dff9713ba8950097ceb760b161e19907,Domains_SSE_PBE
1795,-4.569632997481173,-4.08590153313468,1.02,-2.38951098732,86dd3a804d78ca5d203ebf98747e8f16dff9713ba8950097ceb760b161e19907,Domains_SSE_PBE
1796,-4.570166116015028,-4.08590153313468,1.02,-2.38951098732,86dd3a804d78ca5d203ebf98747e8f16dff9713ba8950097ceb760b161e19907,Domains_SSE_PBE
1797,-4.570699374747067,-4.08590153313468,1.02,-2.38951098732,86dd3a804d78ca5d203ebf98747e8f16dff9713ba8950097ceb760b161e19907,Domains_SSE_PBE
1798,-4.571232773602775,-4.08590153313468,1.02,-2.38951098732,86dd3a804d78ca5d203ebf98747e8f16dff9713ba8950097ceb760b161e19907,Domains_SSE_PBE
1799,-4.571766312507719,-4.08590153313468,1.02,-2.38951098732,86dd3a804d78ca5d203ebf98747e8f16dff9713ba8950097ceb760b161e19907,Domains_SSE_PBE
1800,-4.572299991387534,-4.08590153313468,1.02,-2.38951098732,86dd3a804d78ca5d203ebf98747e8f16dff9713ba8950097ceb760b161e19907,Domains_SSE_PBE
1801,-4.572833810167936,-4.08590153313468,1.02,-2.38951098732,86dd3a804d78ca5d203ebf98747e8f16dff9713ba8950097ceb760b161e19907,Domains_SSE_PBE
1802,-4.573367768774721,-4.08590153313468,1.02,-2.38951098732,86dd3a804d78ca5d203ebf98747e8f16dff9713ba8950097ceb760b161e19907,Domains_SSE_PBE
1803,-4.573901867133754,-4.08590153313468,1.02,-2.38951098732,86dd3a804d78ca5d203ebf98747e8f16dff9713ba8950097ceb760b161e19907,Domains_SSE_PBE
1804,-4.574436105170986,-4.08590153313468,1.02,-2.38951098732,86dd3a804d78ca5d203ebf98747e8f16dff9713ba8950097ceb760b161e19907,Domains_SSE_PBE
1805,-4.574970482812441,-4.08590153313468,1.02,-2.38951098732,86dd3a804d78ca5d203ebf98747e8f16dff9713ba8950097ceb760b161e19907,Domains_SSE_PBE
1806,-4.575504999984215,-4.08590153313468,1.02,-2.38951098732,86dd3a804d78ca5d203ebf98747e8f16dff9713ba8950097ceb760b161e19907,Domains_SSE_PBE
1807,-4.576039656612485,-4.08590153313468,1.02,-2.38951098732,86dd3a804d78ca5d203ebf98747e8f16dff9713ba8950097ceb760b161e19907,Domains_SSE_PBE
1808,-4.576574452623506,-4.08590153313468,1.02,-2.38951098732,86dd3a804d78ca5d203ebf98747e8f16dff9713ba8950097ceb760b161e19907,Domains_SSE_PBE
1809,-4.577109387943601,-4.08590153313468,1.02,-2.38951098732,86dd3a804d78ca5d203ebf98747e8f16dff9713ba8950097ceb760b161e19907,Domains_SSE_PBE
1810,-4.577644462499181,-4.08590153313468,1.02,-2.38951098732,86dd3a804d78ca5d203ebf98747e8f16dff9713ba8950097ceb760b161e19907,Domains_SSE_PBE
1811,-4.57817967621672,-4.08590153313468,1.02,-2.38951098732,86dd3a804d78ca5d203ebf98747e8f16dff9713ba8950097ceb760b161e19907,Domains_SSE_PBE
1812,-4.578715029022776,-4.08590153313468,1.02,-2.38951098732,86dd3a804d78ca5d203ebf98747e8f16dff9713ba8950097ceb760b161e19907,Domains_SSE_PBE
1813,-4.579250520843984,-4.08590153313468,1.02,-2.38951098732,86dd3a804d78ca5d203ebf98747e8f16dff9713ba8950097ceb760b161e19907,Domains_SSE_PBE
1814,-4.579786151607045,-4.08590153313468,1.02,-2.38951098732,86dd3a804d78ca5d203ebf98747e8f16dff9713ba8950097ceb760b161e19907,Domains_SSE_PBE
1815,-4.580321921238751,-4.08590153313468,1.02,-2.38951098732,86dd3a804d78ca5d203ebf98747e8f16dff9713ba8950097ceb760b161e19907,Domains_SSE_PBE
1816,-4.580857829665947,-4.08590153313468,1.02,-2.38951098732,86dd3a804d78ca5d203ebf98747e8f16dff9713ba8950097ceb760b161e19907,Domains_SSE_PBE
1817,-4.581393876815575,-4.08590153313468,1.02,-2.38951098732,86dd3a804d78ca5d203ebf98747e8f16dff9713ba8950097ceb760b161e19907,Domains_SSE_PBE
1818,-4.581930062614644,-4.08590153313468,1.02,-2.38951098732,86dd3a804d78ca5d203ebf98747e8f16dff9713ba8950097ceb760b161e19907,Domains_SSE_PBE
1819,-4.582466386990234,-4.08590153313468,1.02,-2.38951098732,86dd3a804d78ca5d203ebf98747e8f16dff9713ba8950097ceb760b161e19907,Domains_SSE_PBE
1820,-4.5830028498695,-4.08590153313468,1.02,-2.38951098732,86dd3a804d78ca5d203ebf98747e8f16dff9713ba8950097ceb760b161e19907,Domains_SSE_PBE
1821,-4.583539451179679,-4.08590153313468,1.02,-2.38951098732,86dd3a804d78ca5d203ebf98747e8f16dff9713ba8950097ceb760b161e19907,Domains_SSE_PBE
1822,-4.584076190848078,-4.08590153313468,1.02,-2.38951098732,86dd3a804d78ca5d203ebf98747e8f16dff9713ba8950097ceb760b161e19907,Domains_SSE_PBE
1823,-4.58461306880208,-4.08590153313468,1.02,-2.38951098732,86dd3a804d78ca5d203ebf98747e8f16dff9713ba8950097ceb760b161e19907,Domains_SSE_PBE
1824,-4.585150084969138,-4.08590153313468,1.02,-2.38951098732,86dd3a804d78ca5d203ebf98747e8f16dff9713ba8950097ceb760b161e19907,Domains_SSE_PBE
1825,-4.585687239276784,-4.08590153313468,1.02,-2.38951098732,86dd3a804d78ca5d203ebf98747e8f16dff9713ba8950097ceb760b161e19907,Domains_SSE_PBE
1826,-4.586224531652626,-4.08590153313468,1.02,-2.38951098732,86dd3a804d78ca5d203ebf98747e8f16dff9713ba8950097ceb760b161e19907,Domains_SSE_PBE
1827,-4.586761962024337,-4.08590153313468,1.02,-2.38951098732,86dd3a804d78ca5d203ebf98747e8f16dff9713ba8950097ceb760b161e19907,Domains_SSE_PBE
1828,-4.587299530319675,-4.08590153313468,1.02,-2.38951098732,86dd3a804d78ca5d203ebf98747e8f16dff9713ba8950097ceb760b161e19907,Domains_SSE_PBE
1829,-4.587837236466461,-4.08590153313468,1.02,-2.38951098732,86dd3a804d78ca5d203ebf98747e8f16dff9713ba8950097ceb760b161e19907,Domains_SSE_PBE
1830,-4.588375080392602,-4.08590153313468,1.02,-2.38951098732,86dd3a804d78ca5d203ebf98747e8f16dff9713ba8950097ceb760b161e19907,Domains_SSE_PBE
1831,-4.588913062026069,-4.08590153313468,1.02,-2.38951098732,86dd3a804d78ca5d203ebf98747e8f16dff9713ba8950097ceb760b161e19907,Domains_SSE_PBE
1832,-4.589451181294911,-4.08590153313468,1.02,-2.38951098732,86dd3a804d78ca5d203ebf98747e8f16dff9713ba8950097ceb760b161e19907,Domains_SSE_PBE
1833,-4.589989438127246,-4.08590153313468,1.02,-2.38951098732,86dd3a804d78ca5d203ebf98747e8f16dff9713ba8950097ceb760b161e19907,Domains_SSE_PBE
1834,-4.59052783245127,-4.08590153313468,1.02,-2.38951098732,86dd3a804d78ca5d203ebf98747e8f16dff9713ba8950097ceb760b161e19907,Domains_SSE_PBE
1835,-4.591066364195253,-4.08590153313468,1.02,-2.38951098732,86dd3a804d78ca5d203ebf98747e8f16dff9713ba8950097ceb760b161e19907,Domains_SSE_PBE
1836,-4.59160503328753,-4.08590153313468,1.02,-2.38951098732,86dd3a804d78ca5d203ebf98747e8f16dff9713ba8950097ceb760b161e19907,Domains_SSE_PBE
1837,-4.59214383965652,-4.08590153313468,1.02,-2.38951098732,86dd3a804d78ca5d203ebf98747e8f16dff9713ba8950097ceb760b161e19907,Domains_SSE_PBE
1838,-4.59268278323071,-4.08590153313468,1.02,-2.38951098732,86dd3a804d78ca5d203ebf98747e8f16dff9713ba8950097ceb760b161e19907,Domains_SSE_PBE
1839,-4.593221863938655,-4.08590153313468,1.02,-2.38951098732,86dd3a804d78ca5d203ebf98747e8f16dff9713ba8950097ceb760b161e19907,Domains_SSE_PBE
1840,-4.593761081708986,-4.08590153313468,1.02,-2.38951098732,86dd3a804d78ca5d203ebf98747e8f16dff9713ba8950097ceb760b161e19907,Domains_SSE_PBE
1841,-4.594300436470411,-4.08590153313468,1.02,-2.38951098732,86dd3a804d78ca5d203ebf98747e8f16dff9713ba8950097ceb760b161e19907,Domains_SSE_PBE
1842,-4.594839928151709,-4.08590153313468,1.02,-2.38951098732,86dd3a804d78ca5d203ebf98747e8f16dff9713ba8950097ceb760b161e19907,Domains_SSE_PBE
1843,-4.595379556681725,-4.08590153313468,1.02,-2.38951098732,86dd3a804d78ca5d203ebf98747e8f16dff9713ba8950097ceb760b161e19907,Domains_SSE_PBE
1844,-4.595919321989382,-4.08590153313468,1.02,-2.38951098732,86dd3a804d78ca5d203ebf98747e8f16dff9713ba8950097ceb760b161e19907,Domains_SSE_PBE
1845,-4.596459224003672,-4.08590153313468,1.02,-2.38951098732,86dd3a804d78ca5d203ebf98747e8f16dff9713ba8950097ceb760b161e19907,Domains_SSE_PBE
1846,-4.596999262653662,-4.08590153313468,1.02,-2.38951098732,86dd3a804d78ca5d203ebf98747e8f16dff9713ba8950097ceb760b161e19907,Domains_SSE_PBE
1847,-4.597539437868489,-4.08590153313468,1.02,-2.38951098732,86dd3a804d78ca5d203ebf98747e8f16dff9713ba8950097ceb760b161e19907,Domains_SSE_PBE
1848,-4.598079749577366,-4.08590153313468,1.02,-2.38951098732,86dd3a804d78ca5d203ebf98747e8f16dff9713ba8950097ceb760b161e19907,Domains_SSE_PBE
1849,-4.598620197709566,-4.08590153313468,1.02,-2.38951098732,86dd3a804d78ca5d203ebf98747e8f16dff9713ba8950097ceb760b161e19907,Domains_SSE_PBE
1850,-4.59916078219445,-4.08590153313468,1.02,-2.38951098732,86dd3a804d78ca5d203ebf98747e8f16dff9713ba8950097ceb760b161e19907,Domains_SSE_PBE
1851,-4.599701502961437,-4.08590153313468,1.02,-2.38951098732,86dd3a804d78ca5d203ebf98747e8f16dff9713ba8950097ceb760b161e19907,Domains_SSE_PBE
1852,-4.600242359940023,-4.08590153313468,1.02,-2.38951098732,86dd3a804d78ca5d203ebf98747e8f16dff9713ba8950097ceb760b161e19907,Domains_SSE_PBE
1853,-4.600783353059778,-4.08590153313468,1.02,-2.38951098732,86dd3a804d78ca5d203ebf98747e8f16dff9713ba8950097ceb760b161e19907,Domains_SSE_PBE
1854,-4.601324482250333,-4.08590153313468,1.02,-2.38951098732,86dd3a804d78ca5d203ebf98747e8f16dff9713ba8950097ceb760b161e19907,Domains_SSE_PBE
1855,-4.601865747441404,-4.08590153313468,1.02,-2.38951098732,86dd3a804d78ca5d203ebf98747e8f16dff9713ba8950097ceb760b161e19907,Domains_SSE_PBE
1856,-4.602407148562765,-4.08590153313468,1.02,-2.38951098732,86dd3a804d78ca5d203ebf98747e8f16dff9713ba8950097ceb760b161e19907,Domains_SSE_PBE
1857,-4.602948685544273,-4.08590153313468,1.02,-2.38951098732,86dd3a804d78ca5d203ebf98747e8f16dff9713ba8950097ceb760b161e19907,Domains_SSE_PBE
1858,-4.603490358315844,-4.08590153313468,1.02,-2.38951098732,86dd3a804d78ca5d203ebf98747e8f16dff9713ba8950097ceb760b161e19907,Domains_SSE_PBE
1859,-4.604032166807471,-4.08590153313468,1.02,-2.38951098732,86dd3a804d78ca5d203ebf98747e8f16dff9713ba8950097ceb760b161e19907,Domains_SSE_PBE
1860,-4.604574110949221,-4.08590153313468,1.02,-2.38951098732,86dd3a804d78ca5d203ebf98747e8f16dff9713ba8950097ceb760b161e19907,Domains_SSE_PBE
1861,-4.605116190671222,-4.08590153313468,1.02,-2.38951098732,86dd3a804d78ca5d203ebf98747e8f16dff9713ba8950097ceb760b161e19907,Domains_SSE_PBE
1862,-4.605658405903679,-4.08590153313468,1.02,-2.38951098732,86dd3a804d78ca5d203ebf98747e8f16dff9713ba8950097ceb760b161e19907,Domains_SSE_PBE
1863,-4.606200756576866,-4.08590153313468,1.02,-2.38951098732,86dd3a804d78ca5d203ebf98747e8f16dff9713ba8950097ceb760b161e19907,Domains_SSE_PBE
1864,-4.606743242621126,-4.08590153313468,1.02,-2.38951098732,86dd3a804d78ca5d203ebf98747e8f16dff9713ba8950097ceb760b161e19907,Domains_SSE_PBE
1865,-4.607285863966872,-4.08590153313468,1.02,-2.38951098732,86dd3a804d78ca5d203ebf98747e8f16dff9713ba8950097ceb760b161e19907,Domains_SSE_PBE
1866,-4.60782862054459,-4.08590153313468,1.02,-2.38951098732,86dd3a804d78ca5d203ebf98747e8f16dff9713ba8950097ceb760b161e19907,Domains_SSE_PBE
1867,-4.608371512284834,-4.08590153313468,1.02,-2.38951098732,86dd3a804d78ca5d203ebf98747e8f16dff9713ba8950097ceb760b161e19907,Domains_SSE_PBE
1868,-4.608914539118223,-4.08590153313468,1.02,-2.38951098732,86dd3a804d78ca5d203ebf98747e8f16dff9713ba8950097ceb760b161e19907,Domains_SSE_PBE
1869,-4.609457700975453,-4.08590153313468,1.02,-2.38951098732,86dd3a804d78ca5d203ebf98747e8f16dff9713ba8950097ceb760b161e19907,Domains_SSE_PBE
1870,-4.610000997787285,-4.08590153313468,1.02,-2.38951098732,86dd3a804d78ca5d203ebf98747e8f16dff9713ba8950097ceb760b161e19907,Domains_SSE_PBE
1871,-4.610544429484553,-4.08590153313468,1.02,-2.38951098732,86dd3a804d78ca5d203ebf98747e8f16dff9713ba8950097ceb760b161e19907,Domains_SSE_PBE
1872,-4.611087995998152,-4.08590153313468,1.02,-2.38951098732,86dd3a804d78ca5d203ebf98747e8f16dff9713ba8950097ceb760b161e19907,Domains_SSE_PBE
1873,-4.61163169725906,-4.08590153313468,1.02,-2.38951098732,86dd3a804d78ca5d203ebf98747e8f16dff9713ba8950097ceb760b161e19907,Domains_SSE_PBE
1874,-4.612175533198307,-4.08590153313468,1.02,-2.38951098732,86dd3a804d78ca5d203ebf98747e8f16dff9713ba8950097ceb760b161e19907,Domains_SSE_PBE
1875,-4.612719503747013,-4.08590153313468,1.02,-2.38951098732,86dd3a804d78ca5d203ebf98747e8f16dff9713ba8950097ceb760b161e19907,Domains_SSE_PBE
1876,-4.613263608836345,-4.08590153313468,1.02,-2.38951098732,86dd3a804d78ca5d203ebf98747e8f16dff9713ba8950097ceb760b161e19907,Domains_SSE_PBE
1877,-4.613807848397554,-4.08590153313468,1.02,-2.38951098732,86dd3a804d78ca5d203ebf98747e8f16dff9713ba8950097ceb760b161e19907,Domains_SSE_PBE
1878,-4.614352222361952,-4.08590153313468,1.02,-2.38951098732,86dd3a804d78ca5d203ebf98747e8f16dff9713ba8950097ceb760b161e19907,Domains_SSE_PBE
1879,-4.614896730660925,-4.08590153313468,1.02,-2.38951098732,86dd3a804d78ca5d203ebf98747e8f16dff9713ba8950097ceb760b161e19907,Domains_SSE_PBE
1880,-4.615441373225924,-4.08590153313468,1.02,-2.38951098732,86dd3a804d78ca5d203ebf98747e8f16dff9713ba8950097ceb760b161e19907,Domains_SSE_PBE
1881,-4.615986149988467,-4.08590153313468,1.02,-2.38951098732,86dd3a804d78ca5d203ebf98747e8f16dff9713ba8950097ceb760b161e19907,Domains_SSE_PBE
1882,-4.616531060880143,-4.08590153313468,1.02,-2.38951098732,86dd3a804d78ca5d203ebf98747e8f16dff9713ba8950097ceb760b161e19907,Domains_SSE_PBE
1883,-4.617076105832611,-4.08590153313468,1.02,-2.38951098732,86dd3a804d78ca5d203ebf98747e8f16dff9713ba8950097ceb760b161e19907,Domains_SSE_PBE
1884,-4.617621284777593,-4.08590153313468,1.02,-2.38951098732,86dd3a804d78ca5d203ebf98747e8f16dff9713ba8950097ceb760b161e19907,Domains_SSE_PBE
1885,-4.618166597646884,-4.08590153313468,1.02,-2.38951098732,86dd3a804d78ca5d203ebf98747e8f16dff9713ba8950097ceb760b161e19907,Domains_SSE_PBE
1886,-4.618712044372342,-4.08590153313468,1.02,-2.38951098732,86dd3a804d78ca5d203ebf98747e8f16dff9713ba8950097ceb760b161e19907,Domains_SSE_PBE
1887,-4.619257624885897,-4.08590153313468,1.02,-2.38951098732,86dd3a804d78ca5d203ebf98747e8f16dff9713ba8950097ceb760b161e19907,Domains_SSE_PBE
1888,-4.619803339119547,-4.08590153313468,1.02,-2.38951098732,86dd3a804d78ca5d203ebf98747e8f16dff9713ba8950097ceb760b161e19907,Domains_SSE_PBE
1889,-4.62034918700535,-4.08590153313468,1.02,-2.38951098732,86dd3a804d78ca5d203ebf98747e8f16dff9713ba8950097ceb760b161e19907,Domains_SSE_PBE
1890,-4.620895168475442,-4.08590153313468,1.02,-2.38951098732,86dd3a804d78ca5d203ebf98747e8f16dff9713ba8950097ceb760b161e19907,Domains_SSE_PBE
1891,-4.621441283462019,-4.08590153313468,1.02,-2.38951098732,86dd3a804d78ca5d203ebf98747e8f16dff9713ba8950097ceb760b161e19907,Domains_SSE_PBE
1892,-4.621987531897351,-4.08590153313468,1.02,-2.38951098732,86dd3a804d78ca5d203ebf98747e8f16dff9713ba8950097ceb760b161e19907,Domains_SSE_PBE
1893,-4.622533913713765,-4.08590153313468,1.02,-2.38951098732,86dd3a804d78ca5d203ebf98747e8f16dff9713ba8950097ceb760b161e19907,Domains_SSE_PBE
1894,-4.623080428843666,-4.08590153313468,1.02,-2.38951098732,86dd3a804d78ca5d203ebf98747e8f16dff9713ba8950097ceb760b161e19907,Domains_SSE_PBE
1895,-4.623627077219519,-4.08590153313468,1.02,-2.38951098732,86dd3a804d78ca5d203ebf98747e8f16dff9713ba8950097ceb760b161e19907,Domains_SSE_PBE
1896,-4.624173858773858,-4.08590153313468,1.02,-2.38951098732,86dd3a804d78ca5d203ebf98747e8f16dff9713ba8950097ceb760b161e19907,Domains_SSE_PBE
1897,-4.624720773439288,-4.08590153313468,1.02,-2.38951098732,86dd3a804d78ca5d203ebf98747e8f16dff9713ba8950097ceb760b161e19907,Domains_SSE_PBE
1898,-4.625267821148467,-4.08590153313468,1.02,-2.38951098732,86dd3a804d78ca5d203ebf98747e8f16dff9713ba8950097ceb760b161e19907,Domains_SSE_PBE
1899,-4.62581500183414,-4.08590153313468,1.02,-2.38951098732,86dd3a804d78ca5d203ebf98747e8f16dff9713ba8950097ceb760b161e19907,Domains_SSE_PBE
1900,-4.626362315429101,-4.08590153313468,1.02,-2.38951098732,86dd3a804d78ca5d203ebf98747e8f16dff9713ba8950097ceb760b161e19907,Domains_SSE_PBE
1901,-4.626909761866223,-4.08590153313468,1.02,-2.38951098732,86dd3a804d78ca5d203ebf98747e8f16dff9713ba8950097ceb760b161e19907,Domains_SSE_PBE
1902,-4.627457341078431,-4.08590153313468,1.02,-2.38951098732,86dd3a804d78ca5d203ebf98747e8f16dff9713ba8950097ceb760b161e19907,Domains_SSE_PBE
1903,-4.628005052998732,-4.08590153313468,1.02,-2.38951098732,86dd3a804d78ca5d203ebf98747e8f16dff9713ba8950097ceb760b161e19907,Domains_SSE_PBE
1904,-4.628552897560192,-4.08590153313468,1.02,-2.38951098732,86dd3a804d78ca5d203ebf98747e8f16dff9713ba8950097ceb760b161e19907,Domains_SSE_PBE
1905,-4.62910087469594,-4.08590153313468,1.02,-2.38951098732,86dd3a804d78ca5d203ebf98747e8f16dff9713ba8950097ceb760b161e19907,Domains_SSE_PBE
1906,-4.629648984339172,-4.08590153313468,1.02,-2.38951098732,86dd3a804d78ca5d203ebf98747e8f16dff9713ba8950097ceb760b161e19907,Domains_SSE_PBE
1907,-4.630197226423157,-4.08590153313468,1.02,-2.38951098732,86dd3a804d78ca5d203ebf98747e8f16dff9713ba8950097ceb760b161e19907,Domains_SSE_PBE
1908,-4.63074560088122,-4.08590153313468,1.02,-2.38951098732,86dd3a804d78ca5d203ebf98747e8f16dff9713ba8950097ceb760b161e19907,Domains_SSE_PBE
1909,-4.63129410764676,-4.08590153313468,1.02,-2.38951098732,86dd3a804d78ca5d203ebf98747e8f16dff9713ba8950097ceb760b161e19907,Domains_SSE_PBE
1910,-4.631842746653236,-4.08590153313468,1.02,-2.38951098732,86dd3a804d78ca5d203ebf98747e8f16dff9713ba8950097ceb760b161e19907,Domains_SSE_PBE
1911,-4.632391517834175,-4.08590153313468,1.02,-2.38951098732,86dd3a804d78ca5d203ebf98747e8f16dff9713ba8950097ceb760b161e19907,Domains_SSE_PBE
1912,-4.632940421123165,-4.08590153313468,1.02,-2.38951098732,86dd3a804d78ca5d203ebf98747e8f16dff9713ba8950097ceb760b161e19907,Domains_SSE_PBE
1913,-4.633489456453868,-4.08590153313468,1.02,-2.38951098732,86dd3a804d78ca5d203ebf98747e8f16dff9713ba8950097ceb760b161e19907,Domains_SSE_PBE
1914,-4.634038623760003,-4.08590153313468,1.02,-2.38951098732,86dd3a804d78ca5d203ebf98747e8f16dff9713ba8950097ceb760b161e19907,Domains_SSE_PBE
1915,-4.634587922975361,-4.08590153313468,1.02,-2.38951098732,86dd3a804d78ca5d203ebf98747e8f16dff9713ba8950097ceb760b161e19907,Domains_SSE_PBE
1916,-4.635137354033788,-4.08590153313468,1.02,-2.38951098732,86dd3a804d78ca5d203ebf98747e8f16dff9713ba8950097ceb760b161e19907,Domains_SSE_PBE
1917,-4.635686916869206,-4.08590153313468,1.02,-2.38951098732,86dd3a804d78ca5d203ebf98747e8f16dff9713ba8950097ceb760b161e19907,Domains_SSE_PBE
1918,-4.636236611415596,-4.08590153313468,1.02,-2.38951098732,86dd3a804d78ca5d203ebf98747e8f16dff9713ba8950097ceb760b161e19907,Domains_SSE_PBE
1919,-4.636786437607003,-4.08590153313468,1.02,-2.38951098732,86dd3a804d78ca5d203ebf98747e8f16dff9713ba8950097ceb760b161e19907,Domains_SSE_PBE
1920,-4.637336395377542,-4.08590153313468,1.02,-2.38951098732,86dd3a804d78ca5d203ebf98747e8f16dff9713ba8950097ceb760b161e19907,Domains_SSE_PBE
1921,-4.637886484661384,-4.08590153313468,1.02,-2.38951098732,86dd3a804d78ca5d203ebf98747e8f16dff9713ba8950097ceb760b161e19907,Domains_SSE_PBE
1922,-4.638436705392775,-4.08590153313468,1.02,-2.38951098732,86dd3a804d78ca5d203ebf98747e8f16dff9713ba8950097ceb760b161e19907,Domains_SSE_PBE
1923,-4.638987057506014,-4.08590153313468,1.02,-2.38951098732,86dd3a804d78ca5d203ebf98747e8f16dff9713ba8950097ceb760b161e19907,Domains_SSE_PBE
1924,-4.639537540935473,-4.08590153313468,1.02,-2.38951098732,86dd3a804d78ca5d203ebf98747e8f16dff9713ba8950097ceb760b161e19907,Domains_SSE_PBE
1925,-4.640088155615584,-4.08590153313468,1.02,-2.38951098732,86dd3a804d78ca5d203ebf98747e8f16dff9713ba8950097ceb760b161e19907,Domains_SSE_PBE
1926,-4.640638901480846,-4.08590153313468,1.02,-2.38951098732,86dd3a804d78ca5d203ebf98747e8f16dff9713ba8950097ceb760b161e19907,Domains_SSE_PBE
1927,-4.641189778465819,-4.08590153313468,1.02,-2.38951098732,86dd3a804d78ca5d203ebf98747e8f16dff9713ba8950097ceb760b161e19907,Domains_SSE_PBE
1928,-4.641740786505127,-4.08590153313468,1.02,-2.38951098732,86dd3a804d78ca5d203ebf98747e8f16dff9713ba8950097ceb760b161e19907,Domains_SSE_PBE
1929,-4.642291925533461,-4.08590153313468,1.02,-2.38951098732,86dd3a804d78ca5d203ebf98747e8f16dff9713ba8950097ceb760b161e19907,Domains_SSE_PBE
1930,-4.642843195485573,-4.08590153313468,1.02,-2.38951098732,86dd3a804d78ca5d203ebf98747e8f16dff9713ba8950097ceb760b161e19907,Domains_SSE_PBE
1931,-4.643394596296277,-4.08590153313468,1.02,-2.38951098732,86dd3a804d78ca5d203ebf98747e8f16dff9713ba8950097ceb760b161e19907,Domains_SSE_PBE
1932,-4.643946127900455,-4.08590153313468,1.02,-2.38951098732,86dd3a804d78ca5d203ebf98747e8f16dff9713ba8950097ceb760b161e19907,Domains_SSE_PBE
1933,-4.644497790233052,-4.08590153313468,1.02,-2.38951098732,86dd3a804d78ca5d203ebf98747e8f16dff9713ba8950097ceb760b161e19907,Domains_SSE_PBE
1934,-4.645049583229067,-4.08590153313468,1.02,-2.38951098732,86dd3a804d78ca5d203ebf98747e8f16dff9713ba8950097ceb760b161e19907,Domains_SSE_PBE
1935,-4.64560150682358,-4.08590153313468,1.02,-2.38951098732,86dd3a804d78ca5d203ebf98747e8f16dff9713ba8950097ceb760b161e19907,Domains_SSE_PBE
1936,-4.646153560951715,-4.08590153313468,1.02,-2.38951098732,86dd3a804d78ca5d203ebf98747e8f16dff9713ba8950097ceb760b161e19907,Domains_SSE_PBE
1937,-4.646705745548673,-4.08590153313468,1.02,-2.38951098732,86dd3a804d78ca5d203ebf98747e8f16dff9713ba8950097ceb760b161e19907,Domains_SSE_PBE
1938,-4.647258060549713,-4.08590153313468,1.02,-2.38951098732,86dd3a804d78ca5d203ebf98747e8f16dff9713ba8950097ceb760b161e19907,Domains_SSE_PBE
1939,-4.647810505890156,-4.08590153313468,1.02,-2.38951098732,86dd3a804d78ca5d203ebf98747e8f16dff9713ba8950097ceb760b161e19907,Domains_SSE_PBE
1940,-4.648363081505387,-4.08590153313468,1.02,-2.38951098732,86dd3a804d78ca5d203ebf98747e8f16dff9713ba8950097ceb760b161e19907,Domains_SSE_PBE
1941,-4.648915787330854,-4.08590153313468,1.02,-2.38951098732,86dd3a804d78ca5d203ebf98747e8f16dff9713ba8950097ceb760b161e19907,Domains_SSE_PBE
1942,-4.649468623302064,-4.08590153313468,1.02,-2.38951098732,86dd3a804d78ca5d203ebf98747e8f16dff9713ba8950097ceb760b161e19907,Domains_SSE_PBE
1943,-4.650021589354593,-4.08590153313468,1.02,-2.38951098732,86dd3a804d78ca5d203ebf98747e8f16dff9713ba8950097ceb760b161e19907,Domains_SSE_PBE
1944,-4.650574685424074,-4.08590153313468,1.02,-2.38951098732,86dd3a804d78ca5d203ebf98747e8f16dff9713ba8950097ceb760b161e19907,Domains_SSE_PBE
1945,-4.651127911446206,-4.08590153313468,1.02,-2.38951098732,86dd3a804d78ca5d203ebf98747e8f16dff9713ba8950097ceb760b161e19907,Domains_SSE_PBE
1946,-4.651681267356749,-4.08590153313468,1.02,-2.38951098732,86dd3a804d78ca5d203ebf98747e8f16dff9713ba8950097ceb760b161e19907,Domains_SSE_PBE
1947,-4.652234753091522,-4.08590153313468,1.02,-2.38951098732,86dd3a804d78ca5d203ebf98747e8f16dff9713ba8950097ceb760b161e19907,Domains_SSE_PBE
1948,-4.652788368586412,-4.08590153313468,1.02,-2.38951098732,86dd3a804d78ca5d203ebf98747e8f16dff9713ba8950097ceb760b161e19907,Domains_SSE_PBE
1949,-4.653342113777365,-4.08590153313468,1.02,-2.38951098732,86dd3a804d78ca5d203ebf98747e8f16dff9713ba8950097ceb760b161e19907,Domains_SSE_PBE
1950,-4.653895988600387,-4.08590153313468,1.02,-2.38951098732,86dd3a804d78ca5d203ebf98747e8f16dff9713ba8950097ceb760b161e19907,Domains_SSE_PBE
1951,-4.65444999299155,-4.08590153313468,1.02,-2.38951098732,86dd3a804d78ca5d203ebf98747e8f16dff9713ba8950097ceb760b161e19907,Domains_SSE_PBE
1952,-4.655004126886983,-4.08590153313468,1.02,-2.38951098732,86dd3a804d78ca5d203ebf98747e8f16dff9713ba8950097ceb760b161e19907,Domains_SSE_PBE
1953,-4.655558390222883,-4.08590153313468,1.02,-2.38951098732,86dd3a804d78ca5d203ebf98747e8f16dff9713ba8950097ceb760b161e19907,Domains_SSE_PBE
1954,-4.656112782935498,-4.08590153313468,1.02,-2.38951098732,86dd3a804d78ca5d203ebf98747e8f16dff9713ba8950097ceb760b161e19907,Domains_SSE_PBE
1955,-4.656667304961152,-4.08590153313468,1.02,-2.38951098732,86dd3a804d78ca5d203ebf98747e8f16dff9713ba8950097ceb760b161e19907,Domains_SSE_PBE
1956,-4.657221956236218,-4.08590153313468,1.02,-2.38951098732,86dd3a804d78ca5d203ebf98747e8f16dff9713ba8950097ceb760b161e19907,Domains_SSE_PBE
1957,-4.657776736697136,-4.08590153313468,1.02,-2.38951098732,86dd3a804d78ca5d203ebf98747e8f16dff9713ba8950097ceb760b161e19907,Domains_SSE_PBE
1958,-4.658331646280406,-4.08590153313468,1.02,-2.38951098732,86dd3a804d78ca5d203ebf98747e8f16dff9713ba8950097ceb760b161e19907,Domains_SSE_PBE
1959,-4.658886684922591,-4.08590153313468,1.02,-2.38951098732,86dd3a804d78ca5d203ebf98747e8f16dff9713ba8950097ceb760b161e19907,Domains_SSE_PBE
1960,-4.659441852560314,-4.08590153313468,1.02,-2.38951098732,86dd3a804d78ca5d203ebf98747e8f16dff9713ba8950097ceb760b161e19907,Domains_SSE_PBE
1961,-4.659997149130251,-4.08590153313468,1.02,-2.38951098732,86dd3a804d78ca5d203ebf98747e8f16dff9713ba8950097ceb760b161e19907,Domains_SSE_PBE
1962,-4.660552574569155,-4.08590153313468,1.02,-2.38951098732,86dd3a804d78ca5d203ebf98747e8f16dff9713ba8950097ceb760b161e19907,Domains_SSE_PBE
1963,-4.661108128813829,-4.08590153313468,1.02,-2.38951098732,86dd3a804d78ca5d203ebf98747e8f16dff9713ba8950097ceb760b161e19907,Domains_SSE_PBE
1964,-4.661663811801132,-4.08590153313468,1.02,-2.38951098732,86dd3a804d78ca5d203ebf98747e8f16dff9713ba8950097ceb760b161e19907,Domains_SSE_PBE
1965,-4.662219623467999,-4.08590153313468,1.02,-2.38951098732,86dd3a804d78ca5d203ebf98747e8f16dff9713ba8950097ceb760b161e19907,Domains_SSE_PBE
1966,-4.662775563751415,-4.08590153313468,1.02,-2.38951098732,86dd3a804d78ca5d203ebf98747e8f16dff9713ba8950097ceb760b161e19907,Domains_SSE_PBE
1967,-4.663331632588424,-4.08590153313468,1.02,-2.38951098732,86dd3a804d78ca5d203ebf98747e8f16dff9713ba8950097ceb760b161e19907,Domains_SSE_PBE
1968,-4.663887829916135,-4.08590153313468,1.02,-2.38951098732,86dd3a804d78ca5d203ebf98747e8f16dff9713ba8950097ceb760b161e19907,Domains_SSE_PBE
1969,-4.66444415567172,-4.08590153313468,1.02,-2.38951098732,86dd3a804d78ca5d203ebf98747e8f16dff9713ba8950097ceb760b161e19907,Domains_SSE_PBE
1970,-4.665000609792401,-4.08590153313468,1.02,-2.38951098732,86dd3a804d78ca5d203ebf98747e8f16dff9713ba8950097ceb760b161e19907,Domains_SSE_PBE
1971,-4.665557192215471,-4.08590153313468,1.02,-2.38951098732,86dd3a804d78ca5d203ebf98747e8f16dff9713ba8950097ceb760b161e19907,Domains_SSE_PBE
1972,-4.666113902878274,-4.08590153313468,1.02,-2.38951098732,86dd3a804d78ca5d203ebf98747e8f16dff9713ba8950097ceb760b161e19907,Domains_SSE_PBE
1973,-4.666670741718224,-4.08590153313468,1.02,-2.38951098732,86dd3a804d78ca5d203ebf98747e8f16dff9713ba8950097ceb760b161e19907,Domains_SSE_PBE
1974,-4.667227708672782,-4.08590153313468,1.02,-2.38951098732,86dd3a804d78ca5d203ebf98747e8f16dff9713ba8950097ceb760b161e19907,Domains_SSE_PBE
1975,-4.667784803679481,-4.08590153313468,1.02,-2.38951098732,86dd3a804d78ca5d203ebf98747e8f16dff9713ba8950097ceb760b161e19907,Domains_SSE_PBE
1976,-4.668342026675907,-4.08590153313468,1.02,-2.38951098732,86dd3a804d78ca5d203ebf98747e8f16dff9713ba8950097ceb760b161e19907,Domains_SSE_PBE
1977,-4.668899377599709,-4.08590153313468,1.02,-2.38951098732,86dd3a804d78ca5d203ebf98747e8f16dff9713ba8950097ceb760b161e19907,Domains_SSE_PBE
1978,-4.669456856388591,-4.08590153313468,1.02,-2.38951098732,86dd3a804d78ca5d203ebf98747e8f16dff9713ba8950097ceb760b161e19907,Domains_SSE_PBE
1979,-4.670014462980324,-4.08590153313468,1.02,-2.38951098732,86dd3a804d78ca5d203ebf98747e8f16dff9713ba8950097ceb760b161e19907,Domains_SSE_PBE
1980,-4.670572197312725,-4.08590153313468,1.02,-2.38951098732,86dd3a804d78ca5d203ebf98747e8f16dff9713ba8950097ceb760b161e19907,Domains_SSE_PBE
1981,-4.671130059323688,-4.08590153313468,1.02,-2.38951098732,86dd3a804d78ca5d203ebf98747e8f16dff9713ba8950097ceb760b161e19907,Domains_SSE_PBE
1982,-4.671688048951151,-4.08590153313468,1.02,-2.38951098732,86dd3a804d78ca5d203ebf98747e8f16dff9713ba8950097ceb760b161e19907,Domains_SSE_PBE
1983,-4.672246166133119,-4.08590153313468,1.02,-2.38951098732,86dd3a804d78ca5d203ebf98747e8f16dff9713ba8950097ceb760b161e19907,Domains_SSE_PBE
1984,-4.672804410807654,-4.08590153313468,1.02,-2.38951098732,86dd3a804d78ca5d203ebf98747e8f16dff9713ba8950097ceb760b161e19907,Domains_SSE_PBE
1985,-4.673362782912878,-4.08590153313468,1.02,-2.38951098732,86dd3a804d78ca5d203ebf98747e8f16dff9713ba8950097ceb760b161e19907,Domains_SSE_PBE
1986,-4.673921282386969,-4.08590153313468,1.02,-2.38951098732,86dd3a804d78ca5d203ebf98747e8f16dff9713ba8950097ceb760b161e19907,Domains_SSE_PBE
1987,-4.674479909168166,-4.08590153313468,1.02,-2.38951098732,86dd3a804d78ca5d203ebf98747e8f16dff9713ba8950097ceb760b161e19907,Domains_SSE_PBE
1988,-4.675038663194769,-4.08590153313468,1.02,-2.38951098732,86dd3a804d78ca5d203ebf98747e8f16dff9713ba8950097ceb760b161e19907,Domains_SSE_PBE
1989,-4.675597544405134,-4.08590153313468,1.02,-2.38951098732,86dd3a804d78ca5d203ebf98747e8f16dff9713ba8950097ceb760b161e19907,Domains_SSE_PBE
1990,-4.676156552737671,-4.08590153313468,1.02,-2.38951098732,86dd3a804d78ca5d203ebf98747e8f16dff9713ba8950097ceb760b161e19907,Domains_SSE_PBE
1991,-4.676715688130855,-4.08590153313468,1.02,-2.38951098732,86dd3a804d78ca5d203ebf98747e8f16dff9713ba8950097ceb760b161e19907,Domains_SSE_PBE
1992,-4.677274950523221,-4.08590153313468,1.02,-2.38951098732,86dd3a804d78ca5d203ebf98747e8f16dff9713ba8950097ceb760b161e19907,Domains_SSE_PBE
1993,-4.677834339853359,-4.08590153313468,1.02,-2.38951098732,86dd3a804d78ca5d203ebf98747e8f16dff9713ba8950097ceb760b161e19907,Domains_SSE_PBE
1994,-4.678393856059908,-4.08590153313468,1.02,-2.38951098732,86dd3a804d78ca5d203ebf98747e8f16dff9713ba8950097ceb760b161e19907,Domains_SSE_PBE
1995,-4.678953499081583,-4.08590153313468,1.02,-2.38951098732,86dd3a804d78ca5d203ebf98747e8f16dff9713ba8950097ceb760b161e19907,Domains_SSE_PBE
1996,-4.679513268857145,-4.08590153313468,1.02,-2.38951098732,86dd3a804d78ca5d203ebf98747e8f16dff9713ba8950097ceb760b161e19907,Domains_SSE_PBE
1997,-4.680073165325415,-4.08590153313468,1.02,-2.38951098732,86dd3a804d78ca5d203ebf98747e8f16dff9713ba8950097ceb760b161e19907,Domains_SSE_PBE
1998,-4.680633188425275,-4.08590153313468,1.02,-2.38951098732,86dd3a804d78ca5d203ebf98747e8f16dff9713ba8950097ceb760b161e19907,Domains_SSE_PBE
1999,-4.681193338095659,-4.08590153313468,1.02,-2.38951098732,86dd3a804d78ca5d203ebf98747e8f16dff9713ba8950097ceb760b161e19907,Domains_SSE_PBE
2000,-4.68175361427557,-4.08590153313468,1.02,-2.38951098732,86dd3a804d78ca5d203ebf98747e8f16dff9713ba8950097ceb760b161e19907,Domains_SSE_PBE
2001,-4.682314016904053,-4.08590153313468,1.02,-2.38951098732,86dd3a804d78ca5d203ebf98747e8f16dff9713ba8950097ceb760b161e19907,Domains_SSE_PBE
2002,-4.682874545920225,-4.08590153313468,1.02,-2.38951098732,86dd3a804d78ca5d203ebf98747e8f16dff9713ba8950097ceb760b161e19907,Domains_SSE_PBE
2003,-4.683435201263249,-4.08590153313468,1.02,-2.38951098732,86dd3a804d78ca5d203ebf98747e8f16dff9713ba8950097ceb760b161e19907,Domains_SSE_PBE
2004,-4.683995982872353,-4.08590153313468,1.02,-2.38951098732,86dd3a804d78ca5d203ebf98747e8f16dff9713ba8950097ceb760b161e19907,Domains_SSE_PBE
2005,-4.684556890686817,-4.08590153313468,1.02,-2.38951098732,86dd3a804d78ca5d203ebf98747e8f16dff9713ba8950097ceb760b161e19907,Domains_SSE_PBE
2006,-4.685117924645987,-4.08590153313468,1.02,-2.38951098732,86dd3a804d78ca5d203ebf98747e8f16dff9713ba8950097ceb760b161e19907,Domains_SSE_PBE
2007,-4.685679084689259,-4.08590153313468,1.02,-2.38951098732,86dd3a804d78ca5d203ebf98747e8f16dff9713ba8950097ceb760b161e19907,Domains_SSE_PBE
2008,-4.686240370756082,-4.08590153313468,1.02,-2.38951098732,86dd3a804d78ca5d203ebf98747e8f16dff9713ba8950097ceb760b161e19907,Domains_SSE_PBE
2009,-4.686801782785973,-4.08590153313468,1.02,-2.38951098732,86dd3a804d78ca5d203ebf98747e8f16dff9713ba8950097ceb760b161e19907,Domains_SSE_PBE
2010,-4.687363320718495,-4.08590153313468,1.02,-2.38951098732,86dd3a804d78ca5d203ebf98747e8f16dff9713ba8950097ceb760b161e19907,Domains_SSE_PBE
2011,-4.687924984493279,-4.08590153313468,1.02,-2.38951098732,86dd3a804d78ca5d203ebf98747e8f16dff9713ba8950097ceb760b161e19907,Domains_SSE_PBE
2012,-4.688486774050003,-4.08590153313468,1.02,-2.38951098732,86dd3a804d78ca5d203ebf98747e8f16dff9713ba8950097ceb760b161e19907,Domains_SSE_PBE
2013,-4.689048689328409,-4.08590153313468,1.02,-2.38951098732,86dd3a804d78ca5d203ebf98747e8f16dff9713ba8950097ceb760b161e19907,Domains_SSE_PBE
2014,-4.689610730268287,-4.08590153313468,1.02,-2.38951098732,86dd3a804d78ca5d203ebf98747e8f16dff9713ba8950097ceb760b161e19907,Domains_SSE_PBE
2015,-4.690172896809495,-4.08590153313468,1.02,-2.38951098732,86dd3a804d78ca5d203ebf98747e8f16dff9713ba8950097ceb760b161e19907,Domains_SSE_PBE
2016,-4.690735188891935,-4.08590153313468,1.02,-2.38951098732,86dd3a804d78ca5d203ebf98747e8f16dff9713ba8950097ceb760b161e19907,Domains_SSE_PBE
2017,-4.691297606455581,-4.08590153313468,1.02,-2.38951098732,86dd3a804d78ca5d203ebf98747e8f16dff9713ba8950097ceb760b161e19907,Domains_SSE_PBE
2018,-4.691860149440443,-4.08590153313468,1.02,-2.38951098732,86dd3a804d78ca5d203ebf98747e8f16dff9713ba8950097ceb760b161e19907,Domains_SSE_PBE
2019,-4.692422817786603,-4.08590153313468,1.02,-2.38951098732,86dd3a804d78ca5d203ebf98747e8f16dff9713ba8950097ceb760b161e19907,Domains_SSE_PBE
2020,-4.692985611434198,-4.08590153313468,1.02,-2.38951098732,86dd3a804d78ca5d203ebf98747e8f16dff9713ba8950097ceb760b161e19907,Domains_SSE_PBE
2021,-4.693548530323411,-4.08590153313468,1.02,-2.38951098732,86dd3a804d78ca5d203ebf98747e8f16dff9713ba8950097ceb760b161e19907,Domains_SSE_PBE
2022,-4.69411157439449,-4.08590153313468,1.02,-2.38951098732,86dd3a804d78ca5d203ebf98747e8f16dff9713ba8950097ceb760b161e19907,Domains_SSE_PBE
2023,-4.694674743587739,-4.08590153313468,1.02,-2.38951098732,86dd3a804d78ca5d203ebf98747e8f16dff9713ba8950097ceb760b161e19907,Domains_SSE_PBE
2024,-4.695238037843509,-4.08590153313468,1.02,-2.38951098732,86dd3a804d78ca5d203ebf98747e8f16dff9713ba8950097ceb760b161e19907,Domains_SSE_PBE
2025,-4.69580145710222,-4.08590153313468,1.02,-2.38951098732,86dd3a804d78ca5d203ebf98747e8f16dff9713ba8950097ceb760b161e19907,Domains_SSE_PBE
2026,-4.696365001304336,-4.08590153313468,1.02,-2.38951098732,86dd3a804d78ca5d203ebf98747e8f16dff9713ba8950097ceb760b161e19907,Domains_SSE_PBE
2027,-4.696928670390383,-4.08590153313468,1.02,-2.38951098732,86dd3a804d78ca5d203ebf98747e8f16dff9713ba8950097ceb760b161e19907,Domains_SSE_PBE
2028,-4.697492464300939,-4.08590153313468,1.02,-2.38951098732,86dd3a804d78ca5d203ebf98747e8f16dff9713ba8950097ceb760b161e19907,Domains_SSE_PBE
2029,-4.698056382976644,-4.08590153313468,1.02,-2.38951098732,86dd3a804d78ca5d203ebf98747e8f16dff9713ba8950097ceb760b161e19907,Domains_SSE_PBE
2030,-4.698620426358182,-4.08590153313468,1.02,-2.38951098732,86dd3a804d78ca5d203ebf98747e8f16dff9713ba8950097ceb760b161e19907,Domains_SSE_PBE
2031,-4.699184594386303,-4.08590153313468,1.02,-2.38951098732,86dd3a804d78ca5d203ebf98747e8f16dff9713ba8950097ceb760b161e19907,Domains_SSE_PBE
2032,-4.699748887001805,-4.08590153313468,1.02,-2.38951098732,86dd3a804d78ca5d203ebf98747e8f16dff9713ba8950097ceb760b161e19907,Domains_SSE_PBE
2033,-4.700313304145549,-4.08590153313468,1.02,-2.38951098732,86dd3a804d78ca5d203ebf98747e8f16dff9713ba8950097ceb760b161e19907,Domains_SSE_PBE
2034,-4.700877845758443,-4.08590153313468,1.02,-2.38951098732,86dd3a804d78ca5d203ebf98747e8f16dff9713ba8950097ceb760b161e19907,Domains_SSE_PBE
2035,-4.701442511781457,-4.08590153313468,1.02,-2.38951098732,86dd3a804d78ca5d203ebf98747e8f16dff9713ba8950097ceb760b161e19907,Domains_SSE_PBE
2036,-4.702007302155604,-4.08590153313468,1.02,-2.38951098732,86dd3a804d78ca5d203ebf98747e8f16dff9713ba8950097ceb760b161e19907,Domains_SSE_PBE
2037,-4.702572216821967,-4.08590153313468,1.02,-2.38951098732,86dd3a804d78ca5d203ebf98747e8f16dff9713ba8950097ceb760b161e19907,Domains_SSE_PBE
2038,-4.703137255721679,-4.08590153313468,1.02,-2.38951098732,86dd3a804d78ca5d203ebf98747e8f16dff9713ba8950097ceb760b161e19907,Domains_SSE_PBE
2039,-4.70370241879592,-4.08590153313468,1.02,-2.38951098732,86dd3a804d78ca5d203ebf98747e8f16dff9713ba8950097ceb760b161e19907,Domains_SSE_PBE
2040,-4.704267705985935,-4.08590153313468,1.02,-2.38951098732,86dd3a804d78ca5d203ebf98747e8f16dff9713ba8950097ceb760b161e19907,Domains_SSE_PBE
2041,-4.704833117233012,-4.08590153313468,1.02,-2.38951098732,86dd3a804d78ca5d203ebf98747e8f16dff9713ba8950097ceb760b161e19907,Domains_SSE_PBE
2042,-4.705398652478509,-4.08590153313468,1.02,-2.38951098732,86dd3a804d78ca5d203ebf98747e8f16dff9713ba8950097ceb760b161e19907,Domains_SSE_PBE
2043,-4.705964311663823,-4.08590153313468,1.02,-2.38951098732,86dd3a804d78ca5d203ebf98747e8f16dff9713ba8950097ceb760b161e19907,Domains_SSE_PBE
2044,-4.706530094730416,-4.08590153313468,1.02,-2.38951098732,86dd3a804d78ca5d203ebf98747e8f16dff9713ba8950097ceb760b161e19907,Domains_SSE_PBE
2045,-4.707096001619799,-4.08590153313468,1.02,-2.38951098732,86dd3a804d78ca5d203ebf98747e8f16dff9713ba8950097ceb760b161e19907,Domains_SSE_PBE
2046,-4.707662032273539,-4.08590153313468,1.02,-2.38951098732,86dd3a804d78ca5d203ebf98747e8f16dff9713ba8950097ceb760b161e19907,Domains_SSE_PBE
2047,-4.708228186633252,-4.08590153313468,1.02,-2.38951098732,86dd3a804d78ca5d203ebf98747e8f16dff9713ba8950097ceb760b161e19907,Domains_SSE_PBE
2048,-4.708794464640623,-4.08590153313468,1.02,-2.38951098732,86dd3a804d78ca5d203ebf98747e8f16dff9713ba8950097ceb760b161e19907,Domains_SSE_PBE
2049,-4.709360866237374,-4.08590153313468,1.02,-2.38951098732,86dd3a804d78ca5d203ebf98747e8f16dff9713ba8950097ceb760b161e19907,Domains_SSE_PBE
2050,-4.709927391365284,-4.08590153313468,1.02,-2.38951098732,86dd3a804d78ca5d203ebf98747e8f16dff9713ba8950097ceb760b161e19907,Domains_SSE_PBE
2051,-4.710494039966193,-4.08590153313468,1.02,-2.38951098732,86dd3a804d78ca5d203ebf98747e8f16dff9713ba8950097ceb760b161e19907,Domains_SSE_PBE
2052,-4.711060811981994,-4.08590153313468,1.02,-2.38951098732,86dd3a804d78ca5d203ebf98747e8f16dff9713ba8950097ceb760b161e19907,Domains_SSE_PBE
2053,-4.711627707354623,-4.08590153313468,1.02,-2.38951098732,86dd3a804d78ca5d203ebf98747e8f16dff9713ba8950097ceb760b161e19907,Domains_SSE_PBE
2054,-4.712194726026087,-4.08590153313468,1.02,-2.38951098732,86dd3a804d78ca5d203ebf98747e8f16dff9713ba8950097ceb760b161e19907,Domains_SSE_PBE
2055,-4.712761867938431,-4.08590153313468,1.02,-2.38951098732,86dd3a804d78ca5d203ebf98747e8f16dff9713ba8950097ceb760b161e19907,Domains_SSE_PBE
2056,-4.713329133033762,-4.08590153313468,1.02,-2.38951098732,86dd3a804d78ca5d203ebf98747e8f16dff9713ba8950097ceb760b161e19907,Domains_SSE_PBE
2057,-4.713896521254234,-4.08590153313468,1.02,-2.38951098732,86dd3a804d78ca5d203ebf98747e8f16dff9713ba8950097ceb760b161e19907,Domains_SSE_PBE
2058,-4.714464032542059,-4.08590153313468,1.02,-2.38951098732,86dd3a804d78ca5d203ebf98747e8f16dff9713ba8950097ceb760b161e19907,Domains_SSE_PBE
2059,-4.715031666839507,-4.08590153313468,1.02,-2.38951098732,86dd3a804d78ca5d203ebf98747e8f16dff9713ba8950097ceb760b161e19907,Domains_SSE_PBE
2060,-4.715599424088887,-4.08590153313468,1.02,-2.38951098732,86dd3a804d78ca5d203ebf98747e8f16dff9713ba8950097ceb760b161e19907,Domains_SSE_PBE
2061,-4.716167304232575,-4.08590153313468,1.02,-2.38951098732,86dd3a804d78ca5d203ebf98747e8f16dff9713ba8950097ceb760b161e19907,Domains_SSE_PBE
2062,-4.716735307212993,-4.08590153313468,1.02,-2.38951098732,86dd3a804d78ca5d203ebf98747e8f16dff9713ba8950097ceb760b161e19907,Domains_SSE_PBE
2063,-4.717303432972618,-4.08590153313468,1.02,-2.38951098732,86dd3a804d78ca5d203ebf98747e8f16dff9713ba8950097ceb760b161e19907,Domains_SSE_PBE
2064,-4.717871681453978,-4.08590153313468,1.02,-2.38951098732,86dd3a804d78ca5d203ebf98747e8f16dff9713ba8950097ceb760b161e19907,Domains_SSE_PBE
2065,-4.718440052599655,-4.08590153313468,1.02,-2.38951098732,86dd3a804d78ca5d203ebf98747e8f16dff9713ba8950097ceb760b161e19907,Domains_SSE_PBE
2066,-4.719008546352286,-4.08590153313468,1.02,-2.38951098732,86dd3a804d78ca5d203ebf98747e8f16dff9713ba8950097ceb760b161e19907,Domains_SSE_PBE
2067,-4.719577162654557,-4.08590153313468,1.02,-2.38951098732,86dd3a804d78ca5d203ebf98747e8f16dff9713ba8950097ceb760b161e19907,Domains_SSE_PBE
2068,-4.720145901449209,-4.08590153313468,1.02,-2.38951098732,86dd3a804d78ca5d203ebf98747e8f16dff9713ba8950097ceb760b161e19907,Domains_SSE_PBE
2069,-4.720714762679034,-4.08590153313468,1.02,-2.38951098732,86dd3a804d78ca5d203ebf98747e8f16dff9713ba8950097ceb760b161e19907,Domains_SSE_PBE
2070,-4.721283746286878,-4.08590153313468,1.02,-2.38951098732,86dd3a804d78ca5d203ebf98747e8f16dff9713ba8950097ceb760b161e19907,Domains_SSE_PBE
2071,-4.721852852215637,-4.08590153313468,1.02,-2.38951098732,86dd3a804d78ca5d203ebf98747e8f16dff9713ba8950097ceb760b161e19907,Domains_SSE_PBE
2072,-4.722422080408261,-4.08590153313468,1.02,-2.38951098732,86dd3a804d78ca5d203ebf98747e8f16dff9713ba8950097ceb760b161e19907,Domains_SSE_PBE
2073,-4.722991430807752,-4.08590153313468,1.02,-2.38951098732,86dd3a804d78ca5d203ebf98747e8f16dff9713ba8950097ceb760b161e19907,Domains_SSE_PBE
2074,-4.723560903357166,-4.08590153313468,1.02,-2.38951098732,86dd3a804d78ca5d203ebf98747e8f16dff9713ba8950097ceb760b161e19907,Domains_SSE_PBE
2075,-4.724130497999609,-4.08590153313468,1.02,-2.38951098732,86dd3a804d78ca5d203ebf98747e8f16dff9713ba8950097ceb760b161e19907,Domains_SSE_PBE
2076,-4.724700214678236,-4.08590153313468,1.02,-2.38951098732,86dd3a804d78ca5d203ebf98747e8f16dff9713ba8950097ceb760b161e19907,Domains_SSE_PBE
2077,-4.725270053336263,-4.08590153313468,1.02,-2.38951098732,86dd3a804d78ca5d203ebf98747e8f16dff9713ba8950097ceb760b161e19907,Domains_SSE_PBE
2078,-4.725840013916947,-4.08590153313468,1.02,-2.38951098732,86dd3a804d78ca5d203ebf98747e8f16dff9713ba8950097ceb760b161e19907,Domains_SSE_PBE
2079,-4.726410096363604,-4.08590153313468,1.02,-2.38951098732,86dd3a804d78ca5d203ebf98747e8f16dff9713ba8950097ceb760b161e19907,Domains_SSE_PBE
2080,-4.726980300619601,-4.08590153313468,1.02,-2.38951098732,86dd3a804d78ca5d203ebf98747e8f16dff9713ba8950097ceb760b161e19907,Domains_SSE_PBE
2081,-4.727550626628352,-4.08590153313468,1.02,-2.38951098732,86dd3a804d78ca5d203ebf98747e8f16dff9713ba8950097ceb760b161e19907,Domains_SSE_PBE
2082,-4.72812107433333,-4.08590153313468,1.02,-2.38951098732,86dd3a804d78ca5d203ebf98747e8f16dff9713ba8950097ceb760b161e19907,Domains_SSE_PBE
2083,-4.728691643678054,-4.08590153313468,1.02,-2.38951098732,86dd3a804d78ca5d203ebf98747e8f16dff9713ba8950097ceb760b161e19907,Domains_SSE_PBE
2084,-4.729262334606093,-4.08590153313468,1.02,-2.38951098732,86dd3a804d78ca5d203ebf98747e8f16dff9713ba8950097ceb760b161e19907,Domains_SSE_PBE
2085,-4.729833147061074,-4.08590153313468,1.02,-2.38951098732,86dd3a804d78ca5d203ebf98747e8f16dff9713ba8950097ceb760b161e19907,Domains_SSE_PBE
2086,-4.730404080986672,-4.08590153313468,1.02,-2.38951098732,86dd3a804d78ca5d203ebf98747e8f16dff9713ba8950097ceb760b161e19907,Domains_SSE_PBE
2087,-4.730975136326612,-4.08590153313468,1.02,-2.38951098732,86dd3a804d78ca5d203ebf98747e8f16dff9713ba8950097ceb760b161e19907,Domains_SSE_PBE
2088,-4.731546313024671,-4.08590153313468,1.02,-2.38951098732,86dd3a804d78ca5d203ebf98747e8f16dff9713ba8950097ceb760b161e19907,Domains_SSE_PBE
2089,-4.732117611024679,-4.08590153313468,1.02,-2.38951098732,86dd3a804d78ca5d203ebf98747e8f16dff9713ba8950097ceb760b161e19907,Domains_SSE_PBE
2090,-4.732689030270512,-4.08590153313468,1.02,-2.38951098732,86dd3a804d78ca5d203ebf98747e8f16dff9713ba8950097ceb760b161e19907,Domains_SSE_PBE
2091,-4.733260570706103,-4.08590153313468,1.02,-2.38951098732,86dd3a804d78ca5d203ebf98747e8f16dff9713ba8950097ceb760b161e19907,Domains_SSE_PBE
2092,-4.733832232275434,-4.08590153313468,1.02,-2.38951098732,86dd3a804d78ca5d203ebf98747e8f16dff9713ba8950097ceb760b161e19907,Domains_SSE_PBE
2093,-4.734404014922536,-4.08590153313468,1.02,-2.38951098732,86dd3a804d78ca5d203ebf98747e8f16dff9713ba8950097ceb760b161e19907,Domains_SSE_PBE
2094,-4.734975918591491,-4.08590153313468,1.02,-2.38951098732,86dd3a804d78ca5d203ebf98747e8f16dff9713ba8950097ceb760b161e19907,Domains_SSE_PBE
2095,-4.735547943226434,-4.08590153313468,1.02,-2.38951098732,86dd3a804d78ca5d203ebf98747e8f16dff9713ba8950097ceb760b161e19907,Domains_SSE_PBE
2096,-4.73612008877155,-4.08590153313468,1.02,-2.38951098732,86dd3a804d78ca5d203ebf98747e8f16dff9713ba8950097ceb760b161e19907,Domains_SSE_PBE
2097,-4.736692355171071,-4.08590153313468,1.02,-2.38951098732,86dd3a804d78ca5d203ebf98747e8f16dff9713ba8950097ceb760b161e19907,Domains_SSE_PBE
2098,-4.737264742369285,-4.08590153313468,1.02,-2.38951098732,86dd3a804d78ca5d203ebf98747e8f16dff9713ba8950097ceb760b161e19907,Domains_SSE_PBE
2099,-4.737837250310529,-4.08590153313468,1.02,-2.38951098732,86dd3a804d78ca5d203ebf98747e8f16dff9713ba8950097ceb760b161e19907,Domains_SSE_PBE
2100,-4.738409878939186,-4.08590153313468,1.02,-2.38951098732,86dd3a804d78ca5d203ebf98747e8f16dff9713ba8950097ceb760b161e19907,Domains_SSE_PBE
2101,-4.738982628199696,-4.08590153313468,1.02,-2.38951098732,86dd3a804d78ca5d203ebf98747e8f16dff9713ba8950097ceb760b161e19907,Domains_SSE_PBE
2102,-4.739555498036543,-4.08590153313468,1.02,-2.38951098732,86dd3a804d78ca5d203ebf98747e8f16dff9713ba8950097ceb760b161e19907,Domains_SSE_PBE
2103,-4.740128488394266,-4.08590153313468,1.02,-2.38951098732,86dd3a804d78ca5d203ebf98747e8f16dff9713ba8950097ceb760b161e19907,Domains_SSE_PBE
2104,-4.74070159921745,-4.08590153313468,1.02,-2.38951098732,86dd3a804d78ca5d203ebf98747e8f16dff9713ba8950097ceb760b161e19907,Domains_SSE_PBE
2105,-4.741274830450735,-4.08590153313468,1.02,-2.38951098732,86dd3a804d78ca5d203ebf98747e8f16dff9713ba8950097ceb760b161e19907,Domains_SSE_PBE
2106,-4.741848182038804,-4.08590153313468,1.02,-2.38951098732,86dd3a804d78ca5d203ebf98747e8f16dff9713ba8950097ceb760b161e19907,Domains_SSE_PBE
2107,-4.742421653926398,-4.08590153313468,1.02,-2.38951098732,86dd3a804d78ca5d203ebf98747e8f16dff9713ba8950097ceb760b161e19907,Domains_SSE_PBE
2108,-4.742995246058301,-4.08590153313468,1.02,-2.38951098732,86dd3a804d78ca5d203ebf98747e8f16dff9713ba8950097ceb760b161e19907,Domains_SSE_PBE
2109,-4.743568958379355,-4.08590153313468,1.02,-2.38951098732,86dd3a804d78ca5d203ebf98747e8f16dff9713ba8950097ceb760b161e19907,Domains_SSE_PBE
2110,-4.744142790834441,-4.08590153313468,1.02,-2.38951098732,86dd3a804d78ca5d203ebf98747e8f16dff9713ba8950097ceb760b161e19907,Domains_SSE_PBE
2111,-4.744716743368497,-4.08590153313468,1.02,-2.38951098732,86dd3a804d78ca5d203ebf98747e8f16dff9713ba8950097ceb760b161e19907,Domains_SSE_PBE
2112,-4.745290815926507,-4.08590153313468,1.02,-2.38951098732,86dd3a804d78ca5d203ebf98747e8f16dff9713ba8950097ceb760b161e19907,Domains_SSE_PBE
2113,-4.745865008453509,-4.08590153313468,1.02,-2.38951098732,86dd3a804d78ca5d203ebf98747e8f16dff9713ba8950097ceb760b161e19907,Domains_SSE_PBE
2114,-4.746439320894587,-4.08590153313468,1.02,-2.38951098732,86dd3a804d78ca5d203ebf98747e8f16dff9713ba8950097ceb760b161e19907,Domains_SSE_PBE
2115,-4.747013753194874,-4.08590153313468,1.02,-2.38951098732,86dd3a804d78ca5d203ebf98747e8f16dff9713ba8950097ceb760b161e19907,Domains_SSE_PBE
2116,-4.747588305299551,-4.08590153313468,1.02,-2.38951098732,86dd3a804d78ca5d203ebf98747e8f16dff9713ba8950097ceb760b161e19907,Domains_SSE_PBE
2117,-4.748162977153858,-4.08590153313468,1.02,-2.38951098732,86dd3a804d78ca5d203ebf98747e8f16dff9713ba8950097ceb760b161e19907,Domains_SSE_PBE
2118,-4.748737768703068,-4.08590153313468,1.02,-2.38951098732,86dd3a804d78ca5d203ebf98747e8f16dff9713ba8950097ceb760b161e19907,Domains_SSE_PBE
2119,-4.749312679892518,-4.08590153313468,1.02,-2.38951098732,86dd3a804d78ca5d203ebf98747e8f16dff9713ba8950097ceb760b161e19907,Domains_SSE_PBE
2120,-4.749887710667588,-4.08590153313468,1.02,-2.38951098732,86dd3a804d78ca5d203ebf98747e8f16dff9713ba8950097ceb760b161e19907,Domains_SSE_PBE
2121,-4.7504628609737,-4.08590153313468,1.02,-2.38951098732,86dd3a804d78ca5d203ebf98747e8f16dff9713ba8950097ceb760b161e19907,Domains_SSE_PBE
2122,-4.751038130756341,-4.08590153313468,1.02,-2.38951098732,86dd3a804d78ca5d203ebf98747e8f16dff9713ba8950097ceb760b161e19907,Domains_SSE_PBE
2123,-4.751613519961032,-4.08590153313468,1.02,-2.38951098732,86dd3a804d78ca5d203ebf98747e8f16dff9713ba8950097ceb760b161e19907,Domains_SSE_PBE
2124,-4.752189028533349,-4.08590153313468,1.02,-2.38951098732,86dd3a804d78ca5d203ebf98747e8f16dff9713ba8950097ceb760b161e19907,Domains_SSE_PBE
2125,-4.752764656418918,-4.08590153313468,1.02,-2.38951098732,86dd3a804d78ca5d203ebf98747e8f16dff9713ba8950097ceb760b161e19907,Domains_SSE_PBE
2126,-4.753340403563414,-4.08590153313468,1.02,-2.38951098732,86dd3a804d78ca5d203ebf98747e8f16dff9713ba8950097ceb760b161e19907,Domains_SSE_PBE
2127,-4.753916269912553,-4.08590153313468,1.02,-2.38951098732,86dd3a804d78ca5d203ebf98747e8f16dff9713ba8950097ceb760b161e19907,Domains_SSE_PBE
2128,-4.754492255412113,-4.08590153313468,1.02,-2.38951098732,86dd3a804d78ca5d203ebf98747e8f16dff9713ba8950097ceb760b161e19907,Domains_SSE_PBE
2129,-4.755068360007903,-4.08590153313468,1.02,-2.38951098732,86dd3a804d78ca5d203ebf98747e8f16dff9713ba8950097ceb760b161e19907,Domains_SSE_PBE
2130,-4.755644583645798,-4.08590153313468,1.02,-2.38951098732,86dd3a804d78ca5d203ebf98747e8f16dff9713ba8950097ceb760b161e19907,Domains_SSE_PBE
2131,-4.756220926271708,-4.08590153313468,1.02,-2.38951098732,86dd3a804d78ca5d203ebf98747e8f16dff9713ba8950097ceb760b161e19907,Domains_SSE_PBE
2132,-4.756797387831601,-4.08590153313468,1.02,-2.38951098732,86dd3a804d78ca5d203ebf98747e8f16dff9713ba8950097ceb760b161e19907,Domains_SSE_PBE
2133,-4.757373968271488,-4.08590153313468,1.02,-2.38951098732,86dd3a804d78ca5d203ebf98747e8f16dff9713ba8950097ceb760b161e19907,Domains_SSE_PBE
2134,-4.757950667537425,-4.08590153313468,1.02,-2.38951098732,86dd3a804d78ca5d203ebf98747e8f16dff9713ba8950097ceb760b161e19907,Domains_SSE_PBE
2135,-4.758527485575526,-4.08590153313468,1.02,-2.38951098732,86dd3a804d78ca5d203ebf98747e8f16dff9713ba8950097ceb760b161e19907,Domains_SSE_PBE
2136,-4.75910442233194,-4.08590153313468,1.02,-2.38951098732,86dd3a804d78ca5d203ebf98747e8f16dff9713ba8950097ceb760b161e19907,Domains_SSE_PBE
2137,-4.75968147775288,-4.08590153313468,1.02,-2.38951098732,86dd3a804d78ca5d203ebf98747e8f16dff9713ba8950097ceb760b161e19907,Domains_SSE_PBE
2138,-4.760258651784592,-4.08590153313468,1.02,-2.38951098732,86dd3a804d78ca5d203ebf98747e8f16dff9713ba8950097ceb760b161e19907,Domains_SSE_PBE
2139,-4.760835944373378,-4.08590153313468,1.02,-2.38951098732,86dd3a804d78ca5d203ebf98747e8f16dff9713ba8950097ceb760b161e19907,Domains_SSE_PBE
2140,-4.761413355465588,-4.08590153313468,1.02,-2.38951098732,86dd3a804d78ca5d203ebf98747e8f16dff9713ba8950097ceb760b161e19907,Domains_SSE_PBE
2141,-4.761990885007614,-4.08590153313468,1.02,-2.38951098732,86dd3a804d78ca5d203ebf98747e8f16dff9713ba8950097ceb760b161e19907,Domains_SSE_PBE
2142,-4.762568532945898,-4.08590153313468,1.02,-2.38951098732,86dd3a804d78ca5d203ebf98747e8f16dff9713ba8950097ceb760b161e19907,Domains_SSE_PBE
2143,-4.763146299226932,-4.08590153313468,1.02,-2.38951098732,86dd3a804d78ca5d203ebf98747e8f16dff9713ba8950097ceb760b161e19907,Domains_SSE_PBE
2144,-4.76372418379726,-4.08590153313468,1.02,-2.38951098732,86dd3a804d78ca5d203ebf98747e8f16dff9713ba8950097ceb760b161e19907,Domains_SSE_PBE
2145,-4.76430218660346,-4.08590153313468,1.02,-2.38951098732,86dd3a804d78ca5d203ebf98747e8f16dff9713ba8950097ceb760b161e19907,Domains_SSE_PBE
2146,-4.764880307592168,-4.08590153313468,1.02,-2.38951098732,86dd3a804d78ca5d203ebf98747e8f16dff9713ba8950097ceb760b161e19907,Domains_SSE_PBE
2147,-4.765458546710065,-4.08590153313468,1.02,-2.38951098732,86dd3a804d78ca5d203ebf98747e8f16dff9713ba8950097ceb760b161e19907,Domains_SSE_PBE
2148,-4.766036903903878,-4.08590153313468,1.02,-2.38951098732,86dd3a804d78ca5d203ebf98747e8f16dff9713ba8950097ceb760b161e19907,Domains_SSE_PBE
2149,-4.766615379120383,-4.08590153313468,1.02,-2.38951098732,86dd3a804d78ca5d203ebf98747e8f16dff9713ba8950097ceb760b161e19907,Domains_SSE_PBE
2150,-4.767193972306401,-4.08590153313468,1.02,-2.38951098732,86dd3a804d78ca5d203ebf98747e8f16dff9713ba8950097ceb760b161e19907,Domains_SSE_PBE
2151,-4.767772683408803,-4.08590153313468,1.02,-2.38951098732,86dd3a804d78ca5d203ebf98747e8f16dff9713ba8950097ceb760b161e19907,Domains_SSE_PBE
2152,-4.768351512374501,-4.08590153313468,1.02,-2.38951098732,86dd3a804d78ca5d203ebf98747e8f16dff9713ba8950097ceb760b161e19907,Domains_SSE_PBE
2153,-4.768930459150464,-4.08590153313468,1.02,-2.38951098732,86dd3a804d78ca5d203ebf98747e8f16dff9713ba8950097ceb760b161e19907,Domains_SSE_PBE
2154,-4.769509523683698,-4.08590153313468,1.02,-2.38951098732,86dd3a804d78ca5d203ebf98747e8f16dff9713ba8950097ceb760b161e19907,Domains_SSE_PBE
2155,-4.770088705921264,-4.08590153313468,1.02,-2.38951098732,86dd3a804d78ca5d203ebf98747e8f16dff9713ba8950097ceb760b161e19907,Domains_SSE_PBE
2156,-4.770668005810265,-4.08590153313468,1.02,-2.38951098732,86dd3a804d78ca5d203ebf98747e8f16dff9713ba8950097ceb760b161e19907,Domains_SSE_PBE
2157,-4.771247423297851,-4.08590153313468,1.02,-2.38951098732,86dd3a804d78ca5d203ebf98747e8f16dff9713ba8950097ceb760b161e19907,Domains_SSE_PBE
2158,-4.771826958331213,-4.08590153313468,1.02,-2.38951098732,86dd3a804d78ca5d203ebf98747e8f16dff9713ba8950097ceb760b161e19907,Domains_SSE_PBE
2159,-4.772406610857605,-4.08590153313468,1.02,-2.38951098732,86dd3a804d78ca5d203ebf98747e8f16dff9713ba8950097ceb760b161e19907,Domains_SSE_PBE
2160,-4.772986380824311,-4.08590153313468,1.02,-2.38951098732,86dd3a804d78ca5d203ebf98747e8f16dff9713ba8950097ceb760b161e19907,Domains_SSE_PBE
2161,-4.773566268178671,-4.08590153313468,1.02,-2.38951098732,86dd3a804d78ca5d203ebf98747e8f16dff9713ba8950097ceb760b161e19907,Domains_SSE_PBE
2162,-4.774146272868069,-4.08590153313468,1.02,-2.38951098732,86dd3a804d78ca5d203ebf98747e8f16dff9713ba8950097ceb760b161e19907,Domains_SSE_PBE
2163,-4.774726394839933,-4.08590153313468,1.02,-2.38951098732,86dd3a804d78ca5d203ebf98747e8f16dff9713ba8950097ceb760b161e19907,Domains_SSE_PBE
2164,-4.775306634041736,-4.08590153313468,1.02,-2.38951098732,86dd3a804d78ca5d203ebf98747e8f16dff9713ba8950097ceb760b161e19907,Domains_SSE_PBE
2165,-4.775886990421005,-4.08590153313468,1.02,-2.38951098732,86dd3a804d78ca5d203ebf98747e8f16dff9713ba8950097ceb760b161e19907,Domains_SSE_PBE
2166,-4.776467463925307,-4.08590153313468,1.02,-2.38951098732,86dd3a804d78ca5d203ebf98747e8f16dff9713ba8950097ceb760b161e19907,Domains_SSE_PBE
2167,-4.777048054502258,-4.08590153313468,1.02,-2.38951098732,86dd3a804d78ca5d203ebf98747e8f16dff9713ba8950097ceb760b161e19907,Domains_SSE_PBE
2168,-4.777628762099516,-4.08590153313468,1.02,-2.38951098732,86dd3a804d78ca5d203ebf98747e8f16dff9713ba8950097ceb760b161e19907,Domains_SSE_PBE
2169,-4.778209586664792,-4.08590153313468,1.02,-2.38951098732,86dd3a804d78ca5d203ebf98747e8f16dff9713ba8950097ceb760b161e19907,Domains_SSE_PBE
2170,-4.778790528145834,-4.08590153313468,1.02,-2.38951098732,86dd3a804d78ca5d203ebf98747e8f16dff9713ba8950097ceb760b161e19907,Domains_SSE_PBE
2171,-4.779371586490442,-4.08590153313468,1.02,-2.38951098732,86dd3a804d78ca5d203ebf98747e8f16dff9713ba8950097ceb760b161e19907,Domains_SSE_PBE
2172,-4.779952761646462,-4.08590153313468,1.02,-2.38951098732,86dd3a804d78ca5d203ebf98747e8f16dff9713ba8950097ceb760b161e19907,Domains_SSE_PBE
2173,-4.780534053561785,-4.08590153313468,1.02,-2.38951098732,86dd3a804d78ca5d203ebf98747e8f16dff9713ba8950097ceb760b161e19907,Domains_SSE_PBE
2174,-4.781115462184342,-4.08590153313468,1.02,-2.38951098732,86dd3a804d78ca5d203ebf98747e8f16dff9713ba8950097ceb760b161e19907,Domains_SSE_PBE
2175,-4.781696987462121,-4.08590153313468,1.02,-2.38951098732,86dd3a804d78ca5d203ebf98747e8f16dff9713ba8950097ceb760b161e19907,Domains_SSE_PBE
2176,-4.782278629343144,-4.08590153313468,1.02,-2.38951098732,86dd3a804d78ca5d203ebf98747e8f16dff9713ba8950097ceb760b161e19907,Domains_SSE_PBE
2177,-4.782860387775486,-4.08590153313468,1.02,-2.38951098732,86dd3a804d78ca5d203ebf98747e8f16dff9713ba8950097ceb760b161e19907,Domains_SSE_PBE
2178,-4.783442262707264,-4.08590153313468,1.02,-2.38951098732,86dd3a804d78ca5d203ebf98747e8f16dff9713ba8950097ceb760b161e19907,Domains_SSE_PBE
2179,-4.784024254086646,-4.08590153313468,1.02,-2.38951098732,86dd3a804d78ca5d203ebf98747e8f16dff9713ba8950097ceb760b161e19907,Domains_SSE_PBE
2180,-4.78460636186183,-4.08590153313468,1.02,-2.38951098732,86dd3a804d78ca5d203ebf98747e8f16dff9713ba8950097ceb760b161e19907,Domains_SSE_PBE
2181,-4.785188585981084,-4.08590153313468,1.02,-2.38951098732,86dd3a804d78ca5d203ebf98747e8f16dff9713ba8950097ceb760b161e19907,Domains_SSE_PBE
2182,-4.785770926392699,-4.08590153313468,1.02,-2.38951098732,86dd3a804d78ca5d203ebf98747e8f16dff9713ba8950097ceb760b161e19907,Domains_SSE_PBE
2183,-4.786353383045023,-4.08590153313468,1.02,-2.38951098732,86dd3a804d78ca5d203ebf98747e8f16dff9713ba8950097ceb760b161e19907,Domains_SSE_PBE
2184,-4.786935955886446,-4.08590153313468,1.02,-2.38951098732,86dd3a804d78ca5d203ebf98747e8f16dff9713ba8950097ceb760b161e19907,Domains_SSE_PBE
2185,-4.7875186448654,-4.08590153313468,1.02,-2.38951098732,86dd3a804d78ca5d203ebf98747e8f16dff9713ba8950097ceb760b161e19907,Domains_SSE_PBE
2186,-4.788101449930369,-4.08590153313468,1.02,-2.38951098732,86dd3a804d78ca5d203ebf98747e8f16dff9713ba8950097ceb760b161e19907,Domains_SSE_PBE
2187,-4.788684371029873,-4.08590153313468,1.02,-2.38951098732,86dd3a804d78ca5d203ebf98747e8f16dff9713ba8950097ceb760b161e19907,Domains_SSE_PBE
2188,-4.789267408112484,-4.08590153313468,1.02,-2.38951098732,86dd3a804d78ca5d203ebf98747e8f16dff9713ba8950097ceb760b161e19907,Domains_SSE_PBE
2189,-4.789850561126819,-4.08590153313468,1.02,-2.38951098732,86dd3a804d78ca5d203ebf98747e8f16dff9713ba8950097ceb760b161e19907,Domains_SSE_PBE
2190,-4.790433830021535,-4.08590153313468,1.02,-2.38951098732,86dd3a804d78ca5d203ebf98747e8f16dff9713ba8950097ceb760b161e19907,Domains_SSE_PBE
2191,-4.791017214745336,-4.08590153313468,1.02,-2.38951098732,86dd3a804d78ca5d203ebf98747e8f16dff9713ba8950097ceb760b161e19907,Domains_SSE_PBE
2192,-4.791600715246972,-4.08590153313468,1.02,-2.38951098732,86dd3a804d78ca5d203ebf98747e8f16dff9713ba8950097ceb760b161e19907,Domains_SSE_PBE
2193,-4.792184331475236,-4.08590153313468,1.02,-2.38951098732,86dd3a804d78ca5d203ebf98747e8f16dff9713ba8950097ceb760b161e19907,Domains_SSE_PBE
2194,-4.792768063378966,-4.08590153313468,1.02,-2.38951098732,86dd3a804d78ca5d203ebf98747e8f16dff9713ba8950097ceb760b161e19907,Domains_SSE_PBE
2195,-4.793351910907045,-4.08590153313468,1.02,-2.38951098732,86dd3a804d78ca5d203ebf98747e8f16dff9713ba8950097ceb760b161e19907,Domains_SSE_PBE
2196,-4.793935874008398,-4.08590153313468,1.02,-2.38951098732,86dd3a804d78ca5d203ebf98747e8f16dff9713ba8950097ceb760b161e19907,Domains_SSE_PBE
2197,-4.794519952631996,-4.08590153313468,1.02,-2.38951098732,86dd3a804d78ca5d203ebf98747e8f16dff9713ba8950097ceb760b161e19907,Domains_SSE_PBE
2198,-4.795104146726858,-4.08590153313468,1.02,-2.38951098732,86dd3a804d78ca5d203ebf98747e8f16dff9713ba8950097ceb760b161e19907,Domains_SSE_PBE
2199,-4.795688456242043,-4.08590153313468,1.02,-2.38951098732,86dd3a804d78ca5d203ebf98747e8f16dff9713ba8950097ceb760b161e19907,Domains_SSE_PBE
2200,-4.796272881126653,-4.08590153313468,1.02,-2.38951098732,86dd3a804d78ca5d203ebf98747e8f16dff9713ba8950097ceb760b161e19907,Domains_SSE_PBE
2201,-4.796857421329836,-4.08590153313468,1.02,-2.38951098732,86dd3a804d78ca5d203ebf98747e8f16dff9713ba8950097ceb760b161e19907,Domains_SSE_PBE
2202,-4.797442076800788,-4.08590153313468,1.02,-2.38951098732,86dd3a804d78ca5d203ebf98747e8f16dff9713ba8950097ceb760b161e19907,Domains_SSE_PBE
2203,-4.79802684748874,-4.08590153313468,1.02,-2.38951098732,86dd3a804d78ca5d203ebf98747e8f16dff9713ba8950097ceb760b161e19907,Domains_SSE_PBE
2204,-4.798611733342979,-4.08590153313468,1.02,-2.38951098732,86dd3a804d78ca5d203ebf98747e8f16dff9713ba8950097ceb760b161e19907,Domains_SSE_PBE
2205,-4.799196734312824,-4.08590153313468,1.02,-2.38951098732,86dd3a804d78ca5d203ebf98747e8f16dff9713ba8950097ceb760b161e19907,Domains_SSE_PBE
2206,-4.799781850347646,-4.08590153313468,1.02,-2.38951098732,86dd3a804d78ca5d203ebf98747e8f16dff9713ba8950097ceb760b161e19907,Domains_SSE_PBE
2207,-4.800367081396852,-4.08590153313468,1.02,-2.38951098732,86dd3a804d78ca5d203ebf98747e8f16dff9713ba8950097ceb760b161e19907,Domains_SSE_PBE
2208,-4.800952427409908,-4.08590153313468,1.02,-2.38951098732,86dd3a804d78ca5d203ebf98747e8f16dff9713ba8950097ceb760b161e19907,Domains_SSE_PBE
2209,-4.801537888336305,-4.08590153313468,1.02,-2.38951098732,86dd3a804d78ca5d203ebf98747e8f16dff9713ba8950097ceb760b161e19907,Domains_SSE_PBE
2210,-4.802123464125585,-4.08590153313468,1.02,-2.38951098732,86dd3a804d78ca5d203ebf98747e8f16dff9713ba8950097ceb760b161e19907,Domains_SSE_PBE
2211,-4.802709154727342,-4.08590153313468,1.02,-2.38951098732,86dd3a804d78ca5d203ebf98747e8f16dff9713ba8950097ceb760b161e19907,Domains_SSE_PBE
2212,-4.8032949600912,-4.08590153313468,1.02,-2.38951098732,86dd3a804d78ca5d203ebf98747e8f16dff9713ba8950097ceb760b161e19907,Domains_SSE_PBE
2213,-4.803880880166835,-4.08590153313468,1.02,-2.38951098732,86dd3a804d78ca5d203ebf98747e8f16dff9713ba8950097ceb760b161e19907,Domains_SSE_PBE
2214,-4.804466914903965,-4.08590153313468,1.02,-2.38951098732,86dd3a804d78ca5d203ebf98747e8f16dff9713ba8950097ceb760b161e19907,Domains_SSE_PBE
2215,-4.805053064252351,-4.08590153313468,1.02,-2.38951098732,86dd3a804d78ca5d203ebf98747e8f16dff9713ba8950097ceb760b161e19907,Domains_SSE_PBE
2216,-4.805639328161792,-4.08590153313468,1.02,-2.38951098732,86dd3a804d78ca5d203ebf98747e8f16dff9713ba8950097ceb760b161e19907,Domains_SSE_PBE
2217,-4.806225706582141,-4.08590153313468,1.02,-2.38951098732,86dd3a804d78ca5d203ebf98747e8f16dff9713ba8950097ceb760b161e19907,Domains_SSE_PBE
2218,-4.806812199463286,-4.08590153313468,1.02,-2.38951098732,86dd3a804d78ca5d203ebf98747e8f16dff9713ba8950097ceb760b161e19907,Domains_SSE_PBE
2219,-4.807398806755161,-4.08590153313468,1.02,-2.38951098732,86dd3a804d78ca5d203ebf98747e8f16dff9713ba8950097ceb760b161e19907,Domains_SSE_PBE
2220,-4.807985528407741,-4.08590153313468,1.02,-2.38951098732,86dd3a804d78ca5d203ebf98747e8f16dff9713ba8950097ceb760b161e19907,Domains_SSE_PBE
2221,-4.808572364371048,-4.08590153313468,1.02,-2.38951098732,86dd3a804d78ca5d203ebf98747e8f16dff9713ba8950097ceb760b161e19907,Domains_SSE_PBE
2222,-4.809159314595143,-4.08590153313468,1.02,-2.38951098732,86dd3a804d78ca5d203ebf98747e8f16dff9713ba8950097ceb760b161e19907,Domains_SSE_PBE
2223,-4.809746379030129,-4.08590153313468,1.02,-2.38951098732,86dd3a804d78ca5d203ebf98747e8f16dff9713ba8950097ceb760b161e19907,Domains_SSE_PBE
2224,-4.81033355762616,-4.08590153313468,1.02,-2.38951098732,86dd3a804d78ca5d203ebf98747e8f16dff9713ba8950097ceb760b161e19907,Domains_SSE_PBE
2225,-4.810920850333424,-4.08590153313468,1.02,-2.38951098732,86dd3a804d78ca5d203ebf98747e8f16dff9713ba8950097ceb760b161e19907,Domains_SSE_PBE
2226,-4.811508257102156,-4.08590153313468,1.02,-2.38951098732,86dd3a804d78ca5d203ebf98747e8f16dff9713ba8950097ceb760b161e19907,Domains_SSE_PBE
2227,-4.812095777882633,-4.08590153313468,1.02,-2.38951098732,86dd3a804d78ca5d203ebf98747e8f16dff9713ba8950097ceb760b161e19907,Domains_SSE_PBE
2228,-4.812683412625173,-4.08590153313468,1.02,-2.38951098732,86dd3a804d78ca5d203ebf98747e8f16dff9713ba8950097ceb760b161e19907,Domains_SSE_PBE
2229,-4.813271161280138,-4.08590153313468,1.02,-2.38951098732,86dd3a804d78ca5d203ebf98747e8f16dff9713ba8950097ceb760b161e19907,Domains_SSE_PBE
2230,-4.813859023797935,-4.08590153313468,1.02,-2.38951098732,86dd3a804d78ca5d203ebf98747e8f16dff9713ba8950097ceb760b161e19907,Domains_SSE_PBE
2231,-4.814447000129008,-4.08590153313468,1.02,-2.38951098732,86dd3a804d78ca5d203ebf98747e8f16dff9713ba8950097ceb760b161e19907,Domains_SSE_PBE
2232,-4.815035090223849,-4.08590153313468,1.02,-2.38951098732,86dd3a804d78ca5d203ebf98747e8f16dff9713ba8950097ceb760b161e19907,Domains_SSE_PBE
2233,-4.815623294032988,-4.08590153313468,1.02,-2.38951098732,86dd3a804d78ca5d203ebf98747e8f16dff9713ba8950097ceb760b161e19907,Domains_SSE_PBE
2234,-4.816211611506998,-4.08590153313468,1.02,-2.38951098732,86dd3a804d78ca5d203ebf98747e8f16dff9713ba8950097ceb760b161e19907,Domains_SSE_PBE
2235,-4.816800042596499,-4.08590153313468,1.02,-2.38951098732,86dd3a804d78ca5d203ebf98747e8f16dff9713ba8950097ceb760b161e19907,Domains_SSE_PBE
2236,-4.817388587252152,-4.08590153313468,1.02,-2.38951098732,86dd3a804d78ca5d203ebf98747e8f16dff9713ba8950097ceb760b161e19907,Domains_SSE_PBE
2237,-4.817977245424649,-4.08590153313468,1.02,-2.38951098732,86dd3a804d78ca5d203ebf98747e8f16dff9713ba8950097ceb760b161e19907,Domains_SSE_PBE
2238,-4.818566017064743,-4.08590153313468,1.02,-2.38951098732,86dd3a804d78ca5d203ebf98747e8f16dff9713ba8950097ceb760b161e19907,Domains_SSE_PBE
2239,-4.819154902123212,-4.08590153313468,1.02,-2.38951098732,86dd3a804d78ca5d203ebf98747e8f16dff9713ba8950097ceb760b161e19907,Domains_SSE_PBE
2240,-4.819743900550885,-4.08590153313468,1.02,-2.38951098732,86dd3a804d78ca5d203ebf98747e8f16dff9713ba8950097ceb760b161e19907,Domains_SSE_PBE
2241,-4.820333012298633,-4.08590153313468,1.02,-2.38951098732,86dd3a804d78ca5d203ebf98747e8f16dff9713ba8950097ceb760b161e19907,Domains_SSE_PBE
2242,-4.820922237317368,-4.08590153313468,1.02,-2.38951098732,86dd3a804d78ca5d203ebf98747e8f16dff9713ba8950097ceb760b161e19907,Domains_SSE_PBE
2243,-4.821511575558037,-4.08590153313468,1.02,-2.38951098732,86dd3a804d78ca5d203ebf98747e8f16dff9713ba8950097ceb760b161e19907,Domains_SSE_PBE
2244,-4.822101026971641,-4.08590153313468,1.02,-2.38951098732,86dd3a804d78ca5d203ebf98747e8f16dff9713ba8950097ceb760b161e19907,Domains_SSE_PBE
2245,-4.822690591509215,-4.08590153313468,1.02,-2.38951098732,86dd3a804d78ca5d203ebf98747e8f16dff9713ba8950097ceb760b161e19907,Domains_SSE_PBE
2246,-4.823280269121833,-4.08590153313468,1.02,-2.38951098732,86dd3a804d78ca5d203ebf98747e8f16dff9713ba8950097ceb760b161e19907,Domains_SSE_PBE
2247,-4.82387005976062,-4.08590153313468,1.02,-2.38951098732,86dd3a804d78ca5d203ebf98747e8f16dff9713ba8950097ceb760b161e19907,Domains_SSE_PBE
2248,-4.824459963376735,-4.08590153313468,1.02,-2.38951098732,86dd3a804d78ca5d203ebf98747e8f16dff9713ba8950097ceb760b161e19907,Domains_SSE_PBE
2249,-4.825049979921382,-4.08590153313468,1.02,-2.38951098732,86dd3a804d78ca5d203ebf98747e8f16dff9713ba8950097ceb760b161e19907,Domains_SSE_PBE
2250,-4.825640109345807,-4.08590153313468,1.02,-2.38951098732,86dd3a804d78ca5d203ebf98747e8f16dff9713ba8950097ceb760b161e19907,Domains_SSE_PBE
2251,-4.826230351601291,-4.08590153313468,1.02,-2.38951098732,86dd3a804d78ca5d203ebf98747e8f16dff9713ba8950097ceb760b161e19907,Domains_SSE_PBE
2252,-4.826820706639167,-4.08590153313468,1.02,-2.38951098732,86dd3a804d78ca5d203ebf98747e8f16dff9713ba8950097ceb760b161e19907,Domains_SSE_PBE
2253,-4.827411174410797,-4.08590153313468,1.02,-2.38951098732,86dd3a804d78ca5d203ebf98747e8f16dff9713ba8950097ceb760b161e19907,Domains_SSE_PBE
2254,-4.828001754867599,-4.08590153313468,1.02,-2.38951098732,86dd3a804d78ca5d203ebf98747e8f16dff9713ba8950097ceb760b161e19907,Domains_SSE_PBE
2255,-4.828592447961021,-4.08590153313468,1.02,-2.38951098732,86dd3a804d78ca5d203ebf98747e8f16dff9713ba8950097ceb760b161e19907,Domains_SSE_PBE
2256,-4.829183253642553,-4.08590153313468,1.02,-2.38951098732,86dd3a804d78ca5d203ebf98747e8f16dff9713ba8950097ceb760b161e19907,Domains_SSE_PBE
2257,-4.829774171863728,-4.08590153313468,1.02,-2.38951098732,86dd3a804d78ca5d203ebf98747e8f16dff9713ba8950097ceb760b161e19907,Domains_SSE_PBE
2258,-4.830365202576124,-4.08590153313468,1.02,-2.38951098732,86dd3a804d78ca5d203ebf98747e8f16dff9713ba8950097ceb760b161e19907,Domains_SSE_PBE
2259,-4.830956345731357,-4.08590153313468,1.02,-2.38951098732,86dd3a804d78ca5d203ebf98747e8f16dff9713ba8950097ceb760b161e19907,Domains_SSE_PBE
2260,-4.83154760128108,-4.08590153313468,1.02,-2.38951098732,86dd3a804d78ca5d203ebf98747e8f16dff9713ba8950097ceb760b161e19907,Domains_SSE_PBE
2261,-4.832138969176992,-4.08590153313468,1.02,-2.38951098732,86dd3a804d78ca5d203ebf98747e8f16dff9713ba8950097ceb760b161e19907,Domains_SSE_PBE
2262,-4.832730449370833,-4.08590153313468,1.02,-2.38951098732,86dd3a804d78ca5d203ebf98747e8f16dff9713ba8950097ceb760b161e19907,Domains_SSE_PBE
2263,-4.833322041814381,-4.08590153313468,1.02,-2.38951098732,86dd3a804d78ca5d203ebf98747e8f16dff9713ba8950097ceb760b161e19907,Domains_SSE_PBE
2264,-4.833913746459455,-4.08590153313468,1.02,-2.38951098732,86dd3a804d78ca5d203ebf98747e8f16dff9713ba8950097ceb760b161e19907,Domains_SSE_PBE
2265,-4.834505563257919,-4.08590153313468,1.02,-2.38951098732,86dd3a804d78ca5d203ebf98747e8f16dff9713ba8950097ceb760b161e19907,Domains_SSE_PBE
2266,-4.835097492161671,-4.08590153313468,1.02,-2.38951098732,86dd3a804d78ca5d203ebf98747e8f16dff9713ba8950097ceb760b161e19907,Domains_SSE_PBE
2267,-4.835689533122654,-4.08590153313468,1.02,-2.38951098732,86dd3a804d78ca5d203ebf98747e8f16dff9713ba8950097ceb760b161e19907,Domains_SSE_PBE
2268,-4.836281686092851,-4.08590153313468,1.02,-2.38951098732,86dd3a804d78ca5d203ebf98747e8f16dff9713ba8950097ceb760b161e19907,Domains_SSE_PBE
2269,-4.836873951024286,-4.08590153313468,1.02,-2.38951098732,86dd3a804d78ca5d203ebf98747e8f16dff9713ba8950097ceb760b161e19907,Domains_SSE_PBE
2270,-4.837466327869021,-4.08590153313468,1.02,-2.38951098732,86dd3a804d78ca5d203ebf98747e8f16dff9713ba8950097ceb760b161e19907,Domains_SSE_PBE
2271,-4.83805881657916,-4.08590153313468,1.02,-2.38951098732,86dd3a804d78ca5d203ebf98747e8f16dff9713ba8950097ceb760b161e19907,Domains_SSE_PBE
2272,-4.838651417106849,-4.08590153313468,1.02,-2.38951098732,86dd3a804d78ca5d203ebf98747e8f16dff9713ba8950097ceb760b161e19907,Domains_SSE_PBE
2273,-4.839244129404269,-4.08590153313468,1.02,-2.38951098732,86dd3a804d78ca5d203ebf98747e8f16dff9713ba8950097ceb760b161e19907,Domains_SSE_PBE
2274,-4.839836953423651,-4.08590153313468,1.02,-2.38951098732,86dd3a804d78ca5d203ebf98747e8f16dff9713ba8950097ceb760b161e19907,Domains_SSE_PBE
2275,-4.840429889117255,-4.08590153313468,1.02,-2.38951098732,86dd3a804d78ca5d203ebf98747e8f16dff9713ba8950097ceb760b161e19907,Domains_SSE_PBE
2276,-4.84102293643739,-4.08590153313468,1.02,-2.38951098732,86dd3a804d78ca5d203ebf98747e8f16dff9713ba8950097ceb760b161e19907,Domains_SSE_PBE
2277,-4.841616095336397,-4.08590153313468,1.02,-2.38951098732,86dd3a804d78ca5d203ebf98747e8f16dff9713ba8950097ceb760b161e19907,Domains_SSE_PBE
2278,-4.842209365766666,-4.08590153313468,1.02,-2.38951098732,86dd3a804d78ca5d203ebf98747e8f16dff9713ba8950097ceb760b161e19907,Domains_SSE_PBE
2279,-4.84280274768062,-4.08590153313468,1.02,-2.38951098732,86dd3a804d78ca5d203ebf98747e8f16dff9713ba8950097ceb760b161e19907,Domains_SSE_PBE
2280,-4.843396241030726,-4.08590153313468,1.02,-2.38951098732,86dd3a804d78ca5d203ebf98747e8f16dff9713ba8950097ceb760b161e19907,Domains_SSE_PBE
2281,-4.843989845769491,-4.08590153313468,1.02,-2.38951098732,86dd3a804d78ca5d203ebf98747e8f16dff9713ba8950097ceb760b161e19907,Domains_SSE_PBE
2282,-4.844583561849453,-4.08590153313468,1.02,-2.38951098732,86dd3a804d78ca5d203ebf98747e8f16dff9713ba8950097ceb760b161e19907,Domains_SSE_PBE
2283,-4.84517738922321,-4.08590153313468,1.02,-2.38951098732,86dd3a804d78ca5d203ebf98747e8f16dff9713ba8950097ceb760b161e19907,Domains_SSE_PBE
2284,-4.845771327843373,-4.08590153313468,1.02,-2.38951098732,86dd3a804d78ca5d203ebf98747e8f16dff9713ba8950097ceb760b161e19907,Domains_SSE_PBE
2285,-4.846365377662614,-4.08590153313468,1.02,-2.38951098732,86dd3a804d78ca5d203ebf98747e8f16dff9713ba8950097ceb760b161e19907,Domains_SSE_PBE
2286,-4.846959538633638,-4.08590153313468,1.02,-2.38951098732,86dd3a804d78ca5d203ebf98747e8f16dff9713ba8950097ceb760b161e19907,Domains_SSE_PBE
2287,-4.847553810709184,-4.08590153313468,1.02,-2.38951098732,86dd3a804d78ca5d203ebf98747e8f16dff9713ba8950097ceb760b161e19907,Domains_SSE_PBE
2288,-4.848148193842039,-4.08590153313468,1.02,-2.38951098732,86dd3a804d78ca5d203ebf98747e8f16dff9713ba8950097ceb760b161e19907,Domains_SSE_PBE
2289,-4.84874268798503,-4.08590153313468,1.02,-2.38951098732,86dd3a804d78ca5d203ebf98747e8f16dff9713ba8950097ceb760b161e19907,Domains_SSE_PBE
2290,-4.849337293091012,-4.08590153313468,1.02,-2.38951098732,86dd3a804d78ca5d203ebf98747e8f16dff9713ba8950097ceb760b161e19907,Domains_SSE_PBE
2291,-4.849932009112893,-4.08590153313468,1.02,-2.38951098732,86dd3a804d78ca5d203ebf98747e8f16dff9713ba8950097ceb760b161e19907,Domains_SSE_PBE
2292,-4.850526836003612,-4.08590153313468,1.02,-2.38951098732,86dd3a804d78ca5d203ebf98747e8f16dff9713ba8950097ceb760b161e19907,Domains_SSE_PBE
2293,-4.851121773716145,-4.08590153313468,1.02,-2.38951098732,86dd3a804d78ca5d203ebf98747e8f16dff9713ba8950097ceb760b161e19907,Domains_SSE_PBE
2294,-4.85171682220352,-4.08590153313468,1.02,-2.38951098732,86dd3a804d78ca5d203ebf98747e8f16dff9713ba8950097ceb760b161e19907,Domains_SSE_PBE
2295,-4.85231198141879,-4.08590153313468,1.02,-2.38951098732,86dd3a804d78ca5d203ebf98747e8f16dff9713ba8950097ceb760b161e19907,Domains_SSE_PBE
2296,-4.852907251315058,-4.08590153313468,1.02,-2.38951098732,86dd3a804d78ca5d203ebf98747e8f16dff9713ba8950097ceb760b161e19907,Domains_SSE_PBE
2297,-4.853502631845457,-4.08590153313468,1.02,-2.38951098732,86dd3a804d78ca5d203ebf98747e8f16dff9713ba8950097ceb760b161e19907,Domains_SSE_PBE
2298,-4.854098122963168,-4.08590153313468,1.02,-2.38951098732,86dd3a804d78ca5d203ebf98747e8f16dff9713ba8950097ceb760b161e19907,Domains_SSE_PBE
2299,-4.854693724621403,-4.08590153313468,1.02,-2.38951098732,86dd3a804d78ca5d203ebf98747e8f16dff9713ba8950097ceb760b161e19907,Domains_SSE_PBE
2300,-4.85528943677342,-4.08590153313468,1.02,-2.38951098732,86dd3a804d78ca5d203ebf98747e8f16dff9713ba8950097ceb760b161e19907,Domains_SSE_PBE
2301,-4.855885259372513,-4.08590153313468,1.02,-2.38951098732,86dd3a804d78ca5d203ebf98747e8f16dff9713ba8950097ceb760b161e19907,Domains_SSE_PBE
2302,-4.856481192372007,-4.08590153313468,1.02,-2.38951098732,86dd3a804d78ca5d203ebf98747e8f16dff9713ba8950097ceb760b161e19907,Domains_SSE_PBE
2303,-4.857077235725285,-4.08590153313468,1.02,-2.38951098732,86dd3a804d78ca5d203ebf98747e8f16dff9713ba8950097ceb760b161e19907,Domains_SSE_PBE
2304,-4.857673389385747,-4.08590153313468,1.02,-2.38951098732,86dd3a804d78ca5d203ebf98747e8f16dff9713ba8950097ceb760b161e19907,Domains_SSE_PBE
2305,-4.858269653306845,-4.08590153313468,1.02,-2.38951098732,86dd3a804d78ca5d203ebf98747e8f16dff9713ba8950097ceb760b161e19907,Domains_SSE_PBE
2306,-4.858866027442072,-4.08590153313468,1.02,-2.38951098732,86dd3a804d78ca5d203ebf98747e8f16dff9713ba8950097ceb760b161e19907,Domains_SSE_PBE
2307,-4.859462511744947,-4.08590153313468,1.02,-2.38951098732,86dd3a804d78ca5d203ebf98747e8f16dff9713ba8950097ceb760b161e19907,Domains_SSE_PBE
2308,-4.860059106169039,-4.08590153313468,1.02,-2.38951098732,86dd3a804d78ca5d203ebf98747e8f16dff9713ba8950097ceb760b161e19907,Domains_SSE_PBE
2309,-4.860655810667949,-4.08590153313468,1.02,-2.38951098732,86dd3a804d78ca5d203ebf98747e8f16dff9713ba8950097ceb760b161e19907,Domains_SSE_PBE
2310,-4.861252625195322,-4.08590153313468,1.02,-2.38951098732,86dd3a804d78ca5d203ebf98747e8f16dff9713ba8950097ceb760b161e19907,Domains_SSE_PBE
2311,-4.861849549704833,-4.08590153313468,1.02,-2.38951098732,86dd3a804d78ca5d203ebf98747e8f16dff9713ba8950097ceb760b161e19907,Domains_SSE_PBE
2312,-4.862446584150207,-4.08590153313468,1.02,-2.38951098732,86dd3a804d78ca5d203ebf98747e8f16dff9713ba8950097ceb760b161e19907,Domains_SSE_PBE
2313,-4.863043728485196,-4.08590153313468,1.02,-2.38951098732,86dd3a804d78ca5d203ebf98747e8f16dff9713ba8950097ceb760b161e19907,Domains_SSE_PBE
2314,-4.8636409826636,-4.08590153313468,1.02,-2.38951098732,86dd3a804d78ca5d203ebf98747e8f16dff9713ba8950097ceb760b161e19907,Domains_SSE_PBE
2315,-4.864238346639253,-4.08590153313468,1.02,-2.38951098732,86dd3a804d78ca5d203ebf98747e8f16dff9713ba8950097ceb760b161e19907,Domains_SSE_PBE
2316,-4.864835820366022,-4.08590153313468,1.02,-2.38951098732,86dd3a804d78ca5d203ebf98747e8f16dff9713ba8950097ceb760b161e19907,Domains_SSE_PBE
2317,-4.865433403797822,-4.08590153313468,1.02,-2.38951098732,86dd3a804d78ca5d203ebf98747e8f16dff9713ba8950097ceb760b161e19907,Domains_SSE_PBE
2318,-4.8660310968886,-4.08590153313468,1.02,-2.38951098732,86dd3a804d78ca5d203ebf98747e8f16dff9713ba8950097ceb760b161e19907,Domains_SSE_PBE
2319,-4.866628899592344,-4.08590153313468,1.02,-2.38951098732,86dd3a804d78ca5d203ebf98747e8f16dff9713ba8950097ceb760b161e19907,Domains_SSE_PBE
2320,-4.867226811863075,-4.08590153313468,1.02,-2.38951098732,86dd3a804d78ca5d203ebf98747e8f16dff9713ba8950097ceb760b161e19907,Domains_SSE_PBE
2321,-4.867824833654858,-4.08590153313468,1.02,-2.38951098732,86dd3a804d78ca5d203ebf98747e8f16dff9713ba8950097ceb760b161e19907,Domains_SSE_PBE
2322,-4.868422964921793,-4.08590153313468,1.02,-2.38951098732,86dd3a804d78ca5d203ebf98747e8f16dff9713ba8950097ceb760b161e19907,Domains_SSE_PBE
2323,-4.869021205618019,-4.08590153313468,1.02,-2.38951098732,86dd3a804d78ca5d203ebf98747e8f16dff9713ba8950097ceb760b161e19907,Domains_SSE_PBE
2324,-4.869619555697711,-4.08590153313468,1.02,-2.38951098732,86dd3a804d78ca5d203ebf98747e8f16dff9713ba8950097ceb760b161e19907,Domains_SSE_PBE
2325,-4.870218015115082,-4.08590153313468,1.02,-2.38951098732,86dd3a804d78ca5d203ebf98747e8f16dff9713ba8950097ceb760b161e19907,Domains_SSE_PBE
2326,-4.870816583824393,-4.08590153313468,1.02,-2.38951098732,86dd3a804d78ca5d203ebf98747e8f16dff9713ba8950097ceb760b161e19907,Domains_SSE_PBE
2327,-4.871415261779921,-4.08590153313468,1.02,-2.38951098732,86dd3a804d78ca5d203ebf98747e8f16dff9713ba8950097ceb760b161e19907,Domains_SSE_PBE
2328,-4.872014048935998,-4.08590153313468,1.02,-2.38951098732,86dd3a804d78ca5d203ebf98747e8f16dff9713ba8950097ceb760b161e19907,Domains_SSE_PBE
2329,-4.872612945246995,-4.08590153313468,1.02,-2.38951098732,86dd3a804d78ca5d203ebf98747e8f16dff9713ba8950097ceb760b161e19907,Domains_SSE_PBE
2330,-4.873211950667304,-4.08590153313468,1.02,-2.38951098732,86dd3a804d78ca5d203ebf98747e8f16dff9713ba8950097ceb760b161e19907,Domains_SSE_PBE
2331,-4.873811065151371,-4.08590153313468,1.02,-2.38951098732,86dd3a804d78ca5d203ebf98747e8f16dff9713ba8950097ceb760b161e19907,Domains_SSE_PBE
2332,-4.874410288653676,-4.08590153313468,1.02,-2.38951098732,86dd3a804d78ca5d203ebf98747e8f16dff9713ba8950097ceb760b161e19907,Domains_SSE_PBE
2333,-4.875009621128727,-4.08590153313468,1.02,-2.38951098732,86dd3a804d78ca5d203ebf98747e8f16dff9713ba8950097ceb760b161e19907,Domains_SSE_PBE
2334,-4.875609062531082,-4.08590153313468,1.02,-2.38951098732,86dd3a804d78ca5d203ebf98747e8f16dff9713ba8950097ceb760b161e19907,Domains_SSE_PBE
2335,-4.876208612815333,-4.08590153313468,1.02,-2.38951098732,86dd3a804d78ca5d203ebf98747e8f16dff9713ba8950097ceb760b161e19907,Domains_SSE_PBE
2336,-4.876808271936097,-4.08590153313468,1.02,-2.38951098732,86dd3a804d78ca5d203ebf98747e8f16dff9713ba8950097ceb760b161e19907,Domains_SSE_PBE
2337,-4.877408039848049,-4.08590153313468,1.02,-2.38951098732,86dd3a804d78ca5d203ebf98747e8f16dff9713ba8950097ceb760b161e19907,Domains_SSE_PBE
2338,-4.878007916505884,-4.08590153313468,1.02,-2.38951098732,86dd3a804d78ca5d203ebf98747e8f16dff9713ba8950097ceb760b161e19907,Domains_SSE_PBE
2339,-4.878607901864343,-4.08590153313468,1.02,-2.38951098732,86dd3a804d78ca5d203ebf98747e8f16dff9713ba8950097ceb760b161e19907,Domains_SSE_PBE
2340,-4.879207995878201,-4.08590153313468,1.02,-2.38951098732,86dd3a804d78ca5d203ebf98747e8f16dff9713ba8950097ceb760b161e19907,Domains_SSE_PBE
2341,-4.879808198502275,-4.08590153313468,1.02,-2.38951098732,86dd3a804d78ca5d203ebf98747e8f16dff9713ba8950097ceb760b161e19907,Domains_SSE_PBE
2342,-4.880408509691406,-4.08590153313468,1.02,-2.38951098732,86dd3a804d78ca5d203ebf98747e8f16dff9713ba8950097ceb760b161e19907,Domains_SSE_PBE
2343,-4.881008929400494,-4.08590153313468,1.02,-2.38951098732,86dd3a804d78ca5d203ebf98747e8f16dff9713ba8950097ceb760b161e19907,Domains_SSE_PBE
2344,-4.881609457584453,-4.08590153313468,1.02,-2.38951098732,86dd3a804d78ca5d203ebf98747e8f16dff9713ba8950097ceb760b161e19907,Domains_SSE_PBE
2345,-4.882210094198243,-4.08590153313468,1.02,-2.38951098732,86dd3a804d78ca5d203ebf98747e8f16dff9713ba8950097ceb760b161e19907,Domains_SSE_PBE
2346,-4.882810839196871,-4.08590153313468,1.02,-2.38951098732,86dd3a804d78ca5d203ebf98747e8f16dff9713ba8950097ceb760b161e19907,Domains_SSE_PBE
2347,-4.883411692535362,-4.08590153313468,1.02,-2.38951098732,86dd3a804d78ca5d203ebf98747e8f16dff9713ba8950097ceb760b161e19907,Domains_SSE_PBE
2348,-4.884012654168792,-4.08590153313468,1.02,-2.38951098732,86dd3a804d78ca5d203ebf98747e8f16dff9713ba8950097ceb760b161e19907,Domains_SSE_PBE
2349,-4.88461372405227,-4.08590153313468,1.02,-2.38951098732,86dd3a804d78ca5d203ebf98747e8f16dff9713ba8950097ceb760b161e19907,Domains_SSE_PBE
2350,-4.88521490214094,-4.08590153313468,1.02,-2.38951098732,86dd3a804d78ca5d203ebf98747e8f16dff9713ba8950097ceb760b161e19907,Domains_SSE_PBE
2351,-4.885816188389979,-4.08590153313468,1.02,-2.38951098732,86dd3a804d78ca5d203ebf98747e8f16dff9713ba8950097ceb760b161e19907,Domains_SSE_PBE
2352,-4.886417582754612,-4.08590153313468,1.02,-2.38951098732,86dd3a804d78ca5d203ebf98747e8f16dff9713ba8950097ceb760b161e19907,Domains_SSE_PBE
2353,-4.887019085190089,-4.08590153313468,1.02,-2.38951098732,86dd3a804d78ca5d203ebf98747e8f16dff9713ba8950097ceb760b161e19907,Domains_SSE_PBE
2354,-4.887620695651705,-4.08590153313468,1.02,-2.38951098732,86dd3a804d78ca5d203ebf98747e8f16dff9713ba8950097ceb760b161e19907,Domains_SSE_PBE
2355,-4.888222414094782,-4.08590153313468,1.02,-2.38951098732,86dd3a804d78ca5d203ebf98747e8f16dff9713ba8950097ceb760b161e19907,Domains_SSE_PBE
2356,-4.888824240474685,-4.08590153313468,1.02,-2.38951098732,86dd3a804d78ca5d203ebf98747e8f16dff9713ba8950097ceb760b161e19907,Domains_SSE_PBE
2357,-4.889426174746823,-4.08590153313468,1.02,-2.38951098732,86dd3a804d78ca5d203ebf98747e8f16dff9713ba8950097ceb760b161e19907,Domains_SSE_PBE
2358,-4.89002821686662,-4.08590153313468,1.02,-2.38951098732,86dd3a804d78ca5d203ebf98747e8f16dff9713ba8950097ceb760b161e19907,Domains_SSE_PBE
2359,-4.890630366789559,-4.08590153313468,1.02,-2.38951098732,86dd3a804d78ca5d203ebf98747e8f16dff9713ba8950097ceb760b161e19907,Domains_SSE_PBE
2360,-4.89123262447114,-4.08590153313468,1.02,-2.38951098732,86dd3a804d78ca5d203ebf98747e8f16dff9713ba8950097ceb760b161e19907,Domains_SSE_PBE
2361,-4.891834989866919,-4.08590153313468,1.02,-2.38951098732,86dd3a804d78ca5d203ebf98747e8f16dff9713ba8950097ceb760b161e19907,Domains_SSE_PBE
2362,-4.892437462932469,-4.08590153313468,1.02,-2.38951098732,86dd3a804d78ca5d203ebf98747e8f16dff9713ba8950097ceb760b161e19907,Domains_SSE_PBE
2363,-4.893040043623411,-4.08590153313468,1.02,-2.38951098732,86dd3a804d78ca5d203ebf98747e8f16dff9713ba8950097ceb760b161e19907,Domains_SSE_PBE
2364,-4.893642731895397,-4.08590153313468,1.02,-2.38951098732,86dd3a804d78ca5d203ebf98747e8f16dff9713ba8950097ceb760b161e19907,Domains_SSE_PBE
2365,-4.894245527704121,-4.08590153313468,1.02,-2.38951098732,86dd3a804d78ca5d203ebf98747e8f16dff9713ba8950097ceb760b161e19907,Domains_SSE_PBE
2366,-4.894848431005306,-4.08590153313468,1.02,-2.38951098732,86dd3a804d78ca5d203ebf98747e8f16dff9713ba8950097ceb760b161e19907,Domains_SSE_PBE
2367,-4.895451441754715,-4.08590153313468,1.02,-2.38951098732,86dd3a804d78ca5d203ebf98747e8f16dff9713ba8950097ceb760b161e19907,Domains_SSE_PBE
2368,-4.896054559908142,-4.08590153313468,1.02,-2.38951098732,86dd3a804d78ca5d203ebf98747e8f16dff9713ba8950097ceb760b161e19907,Domains_SSE_PBE
2369,-4.896657785421423,-4.08590153313468,1.02,-2.38951098732,86dd3a804d78ca5d203ebf98747e8f16dff9713ba8950097ceb760b161e19907,Domains_SSE_PBE
2370,-4.897261118250428,-4.08590153313468,1.02,-2.38951098732,86dd3a804d78ca5d203ebf98747e8f16dff9713ba8950097ceb760b161e19907,Domains_SSE_PBE
2371,-4.897864558351065,-4.08590153313468,1.02,-2.38951098732,86dd3a804d78ca5d203ebf98747e8f16dff9713ba8950097ceb760b161e19907,Domains_SSE_PBE
2372,-4.898468105679264,-4.08590153313468,1.02,-2.38951098732,86dd3a804d78ca5d203ebf98747e8f16dff9713ba8950097ceb760b161e19907,Domains_SSE_PBE
2373,-4.899071760191013,-4.08590153313468,1.02,-2.38951098732,86dd3a804d78ca5d203ebf98747e8f16dff9713ba8950097ceb760b161e19907,Domains_SSE_PBE
2374,-4.899675521842322,-4.08590153313468,1.02,-2.38951098732,86dd3a804d78ca5d203ebf98747e8f16dff9713ba8950097ceb760b161e19907,Domains_SSE_PBE
2375,-4.900279390589234,-4.08590153313468,1.02,-2.38951098732,86dd3a804d78ca5d203ebf98747e8f16dff9713ba8950097ceb760b161e19907,Domains_SSE_PBE
2376,-4.900883366387833,-4.08590153313468,1.02,-2.38951098732,86dd3a804d78ca5d203ebf98747e8f16dff9713ba8950097ceb760b161e19907,Domains_SSE_PBE
2377,-4.901487449194245,-4.08590153313468,1.02,-2.38951098732,86dd3a804d78ca5d203ebf98747e8f16dff9713ba8950097ceb760b161e19907,Domains_SSE_PBE
2378,-4.902091638964614,-4.08590153313468,1.02,-2.38951098732,86dd3a804d78ca5d203ebf98747e8f16dff9713ba8950097ceb760b161e19907,Domains_SSE_PBE
2379,-4.902695935655134,-4.08590153313468,1.02,-2.38951098732,86dd3a804d78ca5d203ebf98747e8f16dff9713ba8950097ceb760b161e19907,Domains_SSE_PBE
2380,-4.903300339222039,-4.08590153313468,1.02,-2.38951098732,86dd3a804d78ca5d203ebf98747e8f16dff9713ba8950097ceb760b161e19907,Domains_SSE_PBE
2381,-4.903904849621574,-4.08590153313468,1.02,-2.38951098732,86dd3a804d78ca5d203ebf98747e8f16dff9713ba8950097ceb760b161e19907,Domains_SSE_PBE
2382,-4.904509466810044,-4.08590153313468,1.02,-2.38951098732,86dd3a804d78ca5d203ebf98747e8f16dff9713ba8950097ceb760b161e19907,Domains_SSE_PBE
2383,-4.905114190743777,-4.08590153313468,1.02,-2.38951098732,86dd3a804d78ca5d203ebf98747e8f16dff9713ba8950097ceb760b161e19907,Domains_SSE_PBE
2384,-4.905719021379143,-4.08590153313468,1.02,-2.38951098732,86dd3a804d78ca5d203ebf98747e8f16dff9713ba8950097ceb760b161e19907,Domains_SSE_PBE
2385,-4.906323958672536,-4.08590153313468,1.02,-2.38951098732,86dd3a804d78ca5d203ebf98747e8f16dff9713ba8950097ceb760b161e19907,Domains_SSE_PBE
2386,-4.906929002580402,-4.08590153313468,1.02,-2.38951098732,86dd3a804d78ca5d203ebf98747e8f16dff9713ba8950097ceb760b161e19907,Domains_SSE_PBE
2387,-4.907534153059204,-4.08590153313468,1.02,-2.38951098732,86dd3a804d78ca5d203ebf98747e8f16dff9713ba8950097ceb760b161e19907,Domains_SSE_PBE
2388,-4.908139410065455,-4.08590153313468,1.02,-2.38951098732,86dd3a804d78ca5d203ebf98747e8f16dff9713ba8950097ceb760b161e19907,Domains_SSE_PBE
2389,-4.908744773555694,-4.08590153313468,1.02,-2.38951098732,86dd3a804d78ca5d203ebf98747e8f16dff9713ba8950097ceb760b161e19907,Domains_SSE_PBE
2390,-4.909350243486494,-4.08590153313468,1.02,-2.38951098732,86dd3a804d78ca5d203ebf98747e8f16dff9713ba8950097ceb760b161e19907,Domains_SSE_PBE
2391,-4.909955819814476,-4.08590153313468,1.02,-2.38951098732,86dd3a804d78ca5d203ebf98747e8f16dff9713ba8950097ceb760b161e19907,Domains_SSE_PBE
2392,-4.910561502496277,-4.08590153313468,1.02,-2.38951098732,86dd3a804d78ca5d203ebf98747e8f16dff9713ba8950097ceb760b161e19907,Domains_SSE_PBE
2393,-4.911167291488585,-4.08590153313468,1.02,-2.38951098732,86dd3a804d78ca5d203ebf98747e8f16dff9713ba8950097ceb760b161e19907,Domains_SSE_PBE
2394,-4.911773186748111,-4.08590153313468,1.02,-2.38951098732,86dd3a804d78ca5d203ebf98747e8f16dff9713ba8950097ceb760b161e19907,Domains_SSE_PBE
2395,-4.912379188231612,-4.08590153313468,1.02,-2.38951098732,86dd3a804d78ca5d203ebf98747e8f16dff9713ba8950097ceb760b161e19907,Domains_SSE_PBE
2396,-4.912985295895868,-4.08590153313468,1.02,-2.38951098732,86dd3a804d78ca5d203ebf98747e8f16dff9713ba8950097ceb760b161e19907,Domains_SSE_PBE
2397,-4.913591509697701,-4.08590153313468,1.02,-2.38951098732,86dd3a804d78ca5d203ebf98747e8f16dff9713ba8950097ceb760b161e19907,Domains_SSE_PBE
2398,-4.914197829593968,-4.08590153313468,1.02,-2.38951098732,86dd3a804d78ca5d203ebf98747e8f16dff9713ba8950097ceb760b161e19907,Domains_SSE_PBE
2399,-4.914804255541554,-4.08590153313468,1.02,-2.38951098732,86dd3a804d78ca5d203ebf98747e8f16dff9713ba8950097ceb760b161e19907,Domains_SSE_PBE
2400,-4.915410787497387,-4.08590153313468,1.02,-2.38951098732,86dd3a804d78ca5d203ebf98747e8f16dff9713ba8950097ceb760b161e19907,Domains_SSE_PBE
2401,-4.916017425418424,-4.08590153313468,1.02,-2.38951098732,86dd3a804d78ca5d203ebf98747e8f16dff9713ba8950097ceb760b161e19907,Domains_SSE_PBE
2402,-4.916624169261658,-4.08590153313468,1.02,-2.38951098732,86dd3a804d78ca5d203ebf98747e8f16dff9713ba8950097ceb760b161e19907,Domains_SSE_PBE
2403,-4.917231018984118,-4.08590153313468,1.02,-2.38951098732,86dd3a804d78ca5d203ebf98747e8f16dff9713ba8950097ceb760b161e19907,Domains_SSE_PBE
2404,-4.917837974542865,-4.08590153313468,1.02,-2.38951098732,86dd3a804d78ca5d203ebf98747e8f16dff9713ba8950097ceb760b161e19907,Domains_SSE_PBE
2405,-4.918445035894993,-4.08590153313468,1.02,-2.38951098732,86dd3a804d78ca5d203ebf98747e8f16dff9713ba8950097ceb760b161e19907,Domains_SSE_PBE
2406,-4.919052202997637,-4.08590153313468,1.02,-2.38951098732,86dd3a804d78ca5d203ebf98747e8f16dff9713ba8950097ceb760b161e19907,Domains_SSE_PBE
2407,-4.919659475807955,-4.08590153313468,1.02,-2.38951098732,86dd3a804d78ca5d203ebf98747e8f16dff9713ba8950097ceb760b161e19907,Domains_SSE_PBE
2408,-4.920266854283155,-4.08590153313468,1.02,-2.38951098732,86dd3a804d78ca5d203ebf98747e8f16dff9713ba8950097ceb760b161e19907,Domains_SSE_PBE
2409,-4.920874338380465,-4.08590153313468,1.02,-2.38951098732,86dd3a804d78ca5d203ebf98747e8f16dff9713ba8950097ceb760b161e19907,Domains_SSE_PBE
2410,-4.921481928057154,-4.08590153313468,1.02,-2.38951098732,86dd3a804d78ca5d203ebf98747e8f16dff9713ba8950097ceb760b161e19907,Domains_SSE_PBE
2411,-4.92208962327052,-4.08590153313468,1.02,-2.38951098732,86dd3a804d78ca5d203ebf98747e8f16dff9713ba8950097ceb760b161e19907,Domains_SSE_PBE
2412,-4.922697423977903,-4.08590153313468,1.02,-2.38951098732,86dd3a804d78ca5d203ebf98747e8f16dff9713ba8950097ceb760b161e19907,Domains_SSE_PBE
2413,-4.92330533013667,-4.08590153313468,1.02,-2.38951098732,86dd3a804d78ca5d203ebf98747e8f16dff9713ba8950097ceb760b161e19907,Domains_SSE_PBE
2414,-4.923913341704225,-4.08590153313468,1.02,-2.38951098732,86dd3a804d78ca5d203ebf98747e8f16dff9713ba8950097ceb760b161e19907,Domains_SSE_PBE
2415,-4.92452145863801,-4.08590153313468,1.02,-2.38951098732,86dd3a804d78ca5d203ebf98747e8f16dff9713ba8950097ceb760b161e19907,Domains_SSE_PBE
2416,-4.925129680895488,-4.08590153313468,1.02,-2.38951098732,86dd3a804d78ca5d203ebf98747e8f16dff9713ba8950097ceb760b161e19907,Domains_SSE_PBE
2417,-4.925738008434167,-4.08590153313468,1.02,-2.38951098732,86dd3a804d78ca5d203ebf98747e8f16dff9713ba8950097ceb760b161e19907,Domains_SSE_PBE
2418,-4.926346441211591,-4.08590153313468,1.02,-2.38951098732,86dd3a804d78ca5d203ebf98747e8f16dff9713ba8950097ceb760b161e19907,Domains_SSE_PBE
2419,-4.92695497918533,-4.08590153313468,1.02,-2.38951098732,86dd3a804d78ca5d203ebf98747e8f16dff9713ba8950097ceb760b161e19907,Domains_SSE_PBE
2420,-4.92756362231299,-4.08590153313468,1.02,-2.38951098732,86dd3a804d78ca5d203ebf98747e8f16dff9713ba8950097ceb760b161e19907,Domains_SSE_PBE
2421,-4.928172370552213,-4.08590153313468,1.02,-2.38951098732,86dd3a804d78ca5d203ebf98747e8f16dff9713ba8950097ceb760b161e19907,Domains_SSE_PBE
2422,-4.928781223860669,-4.08590153313468,1.02,-2.38951098732,86dd3a804d78ca5d203ebf98747e8f16dff9713ba8950097ceb760b161e19907,Domains_SSE_PBE
2423,-4.929390182196071,-4.08590153313468,1.02,-2.38951098732,86dd3a804d78ca5d203ebf98747e8f16dff9713ba8950097ceb760b161e19907,Domains_SSE_PBE
2424,-4.929999245516154,-4.08590153313468,1.02,-2.38951098732,86dd3a804d78ca5d203ebf98747e8f16dff9713ba8950097ceb760b161e19907,Domains_SSE_PBE
2425,-4.930608413778702,-4.08590153313468,1.02,-2.38951098732,86dd3a804d78ca5d203ebf98747e8f16dff9713ba8950097ceb760b161e19907,Domains_SSE_PBE
2426,-4.931217686941514,-4.08590153313468,1.02,-2.38951098732,86dd3a804d78ca5d203ebf98747e8f16dff9713ba8950097ceb760b161e19907,Domains_SSE_PBE
2427,-4.931827064962437,-4.08590153313468,1.02,-2.38951098732,86dd3a804d78ca5d203ebf98747e8f16dff9713ba8950097ceb760b161e19907,Domains_SSE_PBE
2428,-4.932436547799345,-4.08590153313468,1.02,-2.38951098732,86dd3a804d78ca5d203ebf98747e8f16dff9713ba8950097ceb760b161e19907,Domains_SSE_PBE
2429,-4.933046135410148,-4.08590153313468,1.02,-2.38951098732,86dd3a804d78ca5d203ebf98747e8f16dff9713ba8950097ceb760b161e19907,Domains_SSE_PBE
2430,-4.933655827752785,-4.08590153313468,1.02,-2.38951098732,86dd3a804d78ca5d203ebf98747e8f16dff9713ba8950097ceb760b161e19907,Domains_SSE_PBE
2431,-4.934265624785232,-4.08590153313468,1.02,-2.38951098732,86dd3a804d78ca5d203ebf98747e8f16dff9713ba8950097ceb760b161e19907,Domains_SSE_PBE
2432,-4.9348755264655,-4.08590153313468,1.02,-2.38951098732,86dd3a804d78ca5d203ebf98747e8f16dff9713ba8950097ceb760b161e19907,Domains_SSE_PBE
2433,-4.93548553275163,-4.08590153313468,1.02,-2.38951098732,86dd3a804d78ca5d203ebf98747e8f16dff9713ba8950097ceb760b161e19907,Domains_SSE_PBE
2434,-4.936095643601695,-4.08590153313468,1.02,-2.38951098732,86dd3a804d78ca5d203ebf98747e8f16dff9713ba8950097ceb760b161e19907,Domains_SSE_PBE
2435,-4.936705858973807,-4.08590153313468,1.02,-2.38951098732,86dd3a804d78ca5d203ebf98747e8f16dff9713ba8950097ceb760b161e19907,Domains_SSE_PBE
2436,-4.937316178826102,-4.08590153313468,1.02,-2.38951098732,86dd3a804d78ca5d203ebf98747e8f16dff9713ba8950097ceb760b161e19907,Domains_SSE_PBE
2437,-4.937926603116757,-4.08590153313468,1.02,-2.38951098732,86dd3a804d78ca5d203ebf98747e8f16dff9713ba8950097ceb760b161e19907,Domains_SSE_PBE
2438,-4.938537131803981,-4.08590153313468,1.02,-2.38951098732,86dd3a804d78ca5d203ebf98747e8f16dff9713ba8950097ceb760b161e19907,Domains_SSE_PBE
2439,-4.939147764846014,-4.08590153313468,1.02,-2.38951098732,86dd3a804d78ca5d203ebf98747e8f16dff9713ba8950097ceb760b161e19907,Domains_SSE_PBE
2440,-4.939758502201127,-4.08590153313468,1.02,-2.38951098732,86dd3a804d78ca5d203ebf98747e8f16dff9713ba8950097ceb760b161e19907,Domains_SSE_PBE
2441,-4.940369343827627,-4.08590153313468,1.02,-2.38951098732,86dd3a804d78ca5d203ebf98747e8f16dff9713ba8950097ceb760b161e19907,Domains_SSE_PBE
2442,-4.940980289683857,-4.08590153313468,1.02,-2.38951098732,86dd3a804d78ca5d203ebf98747e8f16dff9713ba8950097ceb760b161e19907,Domains_SSE_PBE
2443,-4.941591339728184,-4.08590153313468,1.02,-2.38951098732,86dd3a804d78ca5d203ebf98747e8f16dff9713ba8950097ceb760b161e19907,Domains_SSE_PBE
2444,-4.942202493919015,-4.08590153313468,1.02,-2.38951098732,86dd3a804d78ca5d203ebf98747e8f16dff9713ba8950097ceb760b161e19907,Domains_SSE_PBE
2445,-4.942813752214789,-4.08590153313468,1.02,-2.38951098732,86dd3a804d78ca5d203ebf98747e8f16dff9713ba8950097ceb760b161e19907,Domains_SSE_PBE
2446,-4.943425114573973,-4.08590153313468,1.02,-2.38951098732,86dd3a804d78ca5d203ebf98747e8f16dff9713ba8950097ceb760b161e19907,Domains_SSE_PBE
2447,-4.94403658095507,-4.08590153313468,1.02,-2.38951098732,86dd3a804d78ca5d203ebf98747e8f16dff9713ba8950097ceb760b161e19907,Domains_SSE_PBE
2448,-4.944648151316622,-4.08590153313468,1.02,-2.38951098732,86dd3a804d78ca5d203ebf98747e8f16dff9713ba8950097ceb760b161e19907,Domains_SSE_PBE
2449,-4.94525982561719,-4.08590153313468,1.02,-2.38951098732,86dd3a804d78ca5d203ebf98747e8f16dff9713ba8950097ceb760b161e19907,Domains_SSE_PBE
2450,-4.945871603815381,-4.08590153313468,1.02,-2.38951098732,86dd3a804d78ca5d203ebf98747e8f16dff9713ba8950097ceb760b161e19907,Domains_SSE_PBE
2451,-4.946483485869826,-4.08590153313468,1.02,-2.38951098732,86dd3a804d78ca5d203ebf98747e8f16dff9713ba8950097ceb760b161e19907,Domains_SSE_PBE
2452,-4.947095471739187,-4.08590153313468,1.02,-2.38951098732,86dd3a804d78ca5d203ebf98747e8f16dff9713ba8950097ceb760b161e19907,Domains_SSE_PBE
2453,-4.947707561382168,-4.08590153313468,1.02,-2.38951098732,86dd3a804d78ca5d203ebf98747e8f16dff9713ba8950097ceb760b161e19907,Domains_SSE_PBE
2454,-4.948319754757497,-4.08590153313468,1.02,-2.38951098732,86dd3a804d78ca5d203ebf98747e8f16dff9713ba8950097ceb760b161e19907,Domains_SSE_PBE
2455,-4.948932051823941,-4.08590153313468,1.02,-2.38951098732,86dd3a804d78ca5d203ebf98747e8f16dff9713ba8950097ceb760b161e19907,Domains_SSE_PBE
2456,-4.949544452540289,-4.08590153313468,1.02,-2.38951098732,86dd3a804d78ca5d203ebf98747e8f16dff9713ba8950097ceb760b161e19907,Domains_SSE_PBE
2457,-4.950156956865372,-4.08590153313468,1.02,-2.38951098732,86dd3a804d78ca5d203ebf98747e8f16dff9713ba8950097ceb760b161e19907,Domains_SSE_PBE
2458,-4.950769564758056,-4.08590153313468,1.02,-2.38951098732,86dd3a804d78ca5d203ebf98747e8f16dff9713ba8950097ceb760b161e19907,Domains_SSE_PBE
2459,-4.951382276177225,-4.08590153313468,1.02,-2.38951098732,86dd3a804d78ca5d203ebf98747e8f16dff9713ba8950097ceb760b161e19907,Domains_SSE_PBE
2460,-4.951995091081808,-4.08590153313468,1.02,-2.38951098732,86dd3a804d78ca5d203ebf98747e8f16dff9713ba8950097ceb760b161e19907,Domains_SSE_PBE
2461,-4.952608009430765,-4.08590153313468,1.02,-2.38951098732,86dd3a804d78ca5d203ebf98747e8f16dff9713ba8950097ceb760b161e19907,Domains_SSE_PBE
2462,-4.953221031183077,-4.08590153313468,1.02,-2.38951098732,86dd3a804d78ca5d203ebf98747e8f16dff9713ba8950097ceb760b161e19907,Domains_SSE_PBE
2463,-4.953834156297768,-4.08590153313468,1.02,-2.38951098732,86dd3a804d78ca5d203ebf98747e8f16dff9713ba8950097ceb760b161e19907,Domains_SSE_PBE
2464,-4.954447384733896,-4.08590153313468,1.02,-2.38951098732,86dd3a804d78ca5d203ebf98747e8f16dff9713ba8950097ceb760b161e19907,Domains_SSE_PBE
2465,-4.955060716450543,-4.08590153313468,1.02,-2.38951098732,86dd3a804d78ca5d203ebf98747e8f16dff9713ba8950097ceb760b161e19907,Domains_SSE_PBE
2466,-4.955674151406821,-4.08590153313468,1.02,-2.38951098732,86dd3a804d78ca5d203ebf98747e8f16dff9713ba8950097ceb760b161e19907,Domains_SSE_PBE
2467,-4.956287689561885,-4.08590153313468,1.02,-2.38951098732,86dd3a804d78ca5d203ebf98747e8f16dff9713ba8950097ceb760b161e19907,Domains_SSE_PBE
2468,-4.95690133087492,-4.08590153313468,1.02,-2.38951098732,86dd3a804d78ca5d203ebf98747e8f16dff9713ba8950097ceb760b161e19907,Domains_SSE_PBE
2469,-4.95751507530513,-4.08590153313468,1.02,-2.38951098732,86dd3a804d78ca5d203ebf98747e8f16dff9713ba8950097ceb760b161e19907,Domains_SSE_PBE
2470,-4.958128922811762,-4.08590153313468,1.02,-2.38951098732,86dd3a804d78ca5d203ebf98747e8f16dff9713ba8950097ceb760b161e19907,Domains_SSE_PBE
2471,-4.9587428733541,-4.08590153313468,1.02,-2.38951098732,86dd3a804d78ca5d203ebf98747e8f16dff9713ba8950097ceb760b161e19907,Domains_SSE_PBE
2472,-4.95935692689144,-4.08590153313468,1.02,-2.38951098732,86dd3a804d78ca5d203ebf98747e8f16dff9713ba8950097ceb760b161e19907,Domains_SSE_PBE
2473,-4.959971083383135,-4.08590153313468,1.02,-2.38951098732,86dd3a804d78ca5d203ebf98747e8f16dff9713ba8950097ceb760b161e19907,Domains_SSE_PBE
2474,-4.960585342788544,-4.08590153313468,1.02,-2.38951098732,86dd3a804d78ca5d203ebf98747e8f16dff9713ba8950097ceb760b161e19907,Domains_SSE_PBE
2475,-4.961199705067079,-4.08590153313468,1.02,-2.38951098732,86dd3a804d78ca5d203ebf98747e8f16dff9713ba8950097ceb760b161e19907,Domains_SSE_PBE
2476,-4.961814170178173,-4.08590153313468,1.02,-2.38951098732,86dd3a804d78ca5d203ebf98747e8f16dff9713ba8950097ceb760b161e19907,Domains_SSE_PBE
2477,-4.962428738081293,-4.08590153313468,1.02,-2.38951098732,86dd3a804d78ca5d203ebf98747e8f16dff9713ba8950097ceb760b161e19907,Domains_SSE_PBE
2478,-4.963043408735936,-4.08590153313468,1.02,-2.38951098732,86dd3a804d78ca5d203ebf98747e8f16dff9713ba8950097ceb760b161e19907,Domains_SSE_PBE
2479,-4.963658182101631,-4.08590153313468,1.02,-2.38951098732,86dd3a804d78ca5d203ebf98747e8f16dff9713ba8950097ceb760b161e19907,Domains_SSE_PBE
2480,-4.964273058137937,-4.08590153313468,1.02,-2.38951098732,86dd3a804d78ca5d203ebf98747e8f16dff9713ba8950097ceb760b161e19907,Domains_SSE_PBE
2481,-4.964888036804453,-4.08590153313468,1.02,-2.38951098732,86dd3a804d78ca5d203ebf98747e8f16dff9713ba8950097ceb760b161e19907,Domains_SSE_PBE
2482,-4.965503118060799,-4.08590153313468,1.02,-2.38951098732,86dd3a804d78ca5d203ebf98747e8f16dff9713ba8950097ceb760b161e19907,Domains_SSE_PBE
2483,-4.966118301866629,-4.08590153313468,1.02,-2.38951098732,86dd3a804d78ca5d203ebf98747e8f16dff9713ba8950097ceb760b161e19907,Domains_SSE_PBE
2484,-4.966733588181634,-4.08590153313468,1.02,-2.38951098732,86dd3a804d78ca5d203ebf98747e8f16dff9713ba8950097ceb760b161e19907,Domains_SSE_PBE
2485,-4.967348976965527,-4.08590153313468,1.02,-2.38951098732,86dd3a804d78ca5d203ebf98747e8f16dff9713ba8950097ceb760b161e19907,Domains_SSE_PBE
2486,-4.967964468178059,-4.08590153313468,1.02,-2.38951098732,86dd3a804d78ca5d203ebf98747e8f16dff9713ba8950097ceb760b161e19907,Domains_SSE_PBE
2487,-4.96858006177901,-4.08590153313468,1.02,-2.38951098732,86dd3a804d78ca5d203ebf98747e8f16dff9713ba8950097ceb760b161e19907,Domains_SSE_PBE
2488,-4.969195757728194,-4.08590153313468,1.02,-2.38951098732,86dd3a804d78ca5d203ebf98747e8f16dff9713ba8950097ceb760b161e19907,Domains_SSE_PBE
2489,-4.969811555985455,-4.08590153313468,1.02,-2.38951098732,86dd3a804d78ca5d203ebf98747e8f16dff9713ba8950097ceb760b161e19907,Domains_SSE_PBE
2490,-4.970427456510659,-4.08590153313468,1.02,-2.38951098732,86dd3a804d78ca5d203ebf98747e8f16dff9713ba8950097ceb760b161e19907,Domains_SSE_PBE
2491,-4.971043459263717,-4.08590153313468,1.02,-2.38951098732,86dd3a804d78ca5d203ebf98747e8f16dff9713ba8950097ceb760b161e19907,Domains_SSE_PBE
2492,-4.971659564204563,-4.08590153313468,1.02,-2.38951098732,86dd3a804d78ca5d203ebf98747e8f16dff9713ba8950097ceb760b161e19907,Domains_SSE_PBE
2493,-4.972275771293166,-4.08590153313468,1.02,-2.38951098732,86dd3a804d78ca5d203ebf98747e8f16dff9713ba8950097ceb760b161e19907,Domains_SSE_PBE
2494,-4.972892080489522,-4.08590153313468,1.02,-2.38951098732,86dd3a804d78ca5d203ebf98747e8f16dff9713ba8950097ceb760b161e19907,Domains_SSE_PBE
2495,-4.973508491753661,-4.08590153313468,1.02,-2.38951098732,86dd3a804d78ca5d203ebf98747e8f16dff9713ba8950097ceb760b161e19907,Domains_SSE_PBE
2496,-4.974125005045639,-4.08590153313468,1.02,-2.38951098732,86dd3a804d78ca5d203ebf98747e8f16dff9713ba8950097ceb760b161e19907,Domains_SSE_PBE
2497,-4.974741620325553,-4.08590153313468,1.02,-2.38951098732,86dd3a804d78ca5d203ebf98747e8f16dff9713ba8950097ceb760b161e19907,Domains_SSE_PBE
2498,-4.97535833755352,-4.08590153313468,1.02,-2.38951098732,86dd3a804d78ca5d203ebf98747e8f16dff9713ba8950097ceb760b161e19907,Domains_SSE_PBE
2499,-4.975975156689692,-4.08590153313468,1.02,-2.38951098732,86dd3a804d78ca5d203ebf98747e8f16dff9713ba8950097ceb760b161e19907,Domains_SSE_PBE
