T_K,F_QH_eV_per_atom,E_static_eV_per_atom,volume_scale,min_frequency_THz,checkpoint_sha256,head
1076,-7.534816277244875,-7.042352497577667,1,-2.20399270765,86dd3a804d78ca5d203ebf98747e8f16dff9713ba8950097ceb760b161e19907,Domains_Alloy
1077,-7.535477357321107,-7.042352497577667,1,-2.20399270765,86dd3a804d78ca5d203ebf98747e8f16dff9713ba8950097ceb760b161e19907,Domains_Alloy
1078,-7.536138625723301,-7.042352497577667,1,-2.20399270765,86dd3a804d78ca5d203ebf98747e8f16dff9713ba8950097ceb760b161e19907,Domains_Alloy
1079,-7.536800082277169,-7.042352497577667,1,-2.20399270765,86dd3a804d78ca5d203ebf98747e8f16dff9713ba8950097ceb760b161e19907,Domains_Alloy
1080,-7.537461726808743,-7.042352497577667,1,-2.20399270765,86dd3a804d78ca5d203ebf98747e8f16dff9713ba8950097ceb760b161e19907,Domains_Alloy
1081,-7.538123559144379,-7.042352497577667,1,-2.20399270765,86dd3a804d78ca5d203ebf98747e8f16dff9713ba8950097ceb760b161e19907,Domains_Alloy
1082,-7.53878557911075,-7.042352497577667,1,-2.20399270765,86dd3a804d78ca5d203ebf98747e8f16dff9713ba8950097ceb760b161e19907,Domains_Alloy
1083,-7.539447786534851,-7.042352497577667,1,-2.20399270765,86dd3a804d78ca5d203ebf98747e8f16dff9713ba8950097ceb760b161e19907,Domains_Alloy
1084,-7.540110181243994,-7.042352497577667,1,-2.20399270765,86dd3a804d78ca5d203ebf98747e8f16dff9713ba8950097ceb760b161e19907,Domains_Alloy
1085,-7.540772763065808,-7.042352497577667,1,-2.20399270765,86dd3a804d78ca5d203ebf98747e8f16dff9713ba8950097ceb760b161e19907,Domains_Alloy
1086,-7.54143553182824,-7.042352497577667,1,-2.20399270765,86dd3a804d78ca5d203ebf98747e8f16dff9713ba8950097ceb760b161e19907,Domains_Alloy
1087,-7.542098487359551,-7.042352497577667,1,-2.20399270765,86dd3a804d78ca5d203ebf98747e8f16dff9713ba8950097ceb760b161e19907,Domains_Alloy
1088,-7.542761629488319,-7.042352497577667,1,-2.20399270765,86dd3a804d78ca5d203ebf98747e8f16dff9713ba8950097ceb760b161e19907,Domains_Alloy
1089,-7.543424958043434,-7.042352497577667,1,-2.20399270765,86dd3a804d78ca5d203ebf98747e8f16dff9713ba8950097ceb760b161e19907,Domains_Alloy
1090,-7.544088472854101,-7.042352497577667,1,-2.20399270765,86dd3a804d78ca5d203ebf98747e8f16dff9713ba8950097ceb760b161e19907,Domains_Alloy
1091,-7.544752173749836,-7.042352497577667,1,-2.20399270765,86dd3a804d78ca5d203ebf98747e8f16dff9713ba8950097ceb760b161e19907,Domains_Alloy
1092,-7.545416060560467,-7.042352497577667,1,-2.20399270765,86dd3a804d78ca5d203ebf98747e8f16dff9713ba8950097ceb760b161e19907,Domains_Alloy
1093,-7.546080133116131,-7.042352497577667,1,-2.20399270765,86dd3a804d78ca5d203ebf98747e8f16dff9713ba8950097ceb760b161e19907,Domains_Alloy
1094,-7.546744391247279,-7.042352497577667,1,-2.20399270765,86dd3a804d78ca5d203ebf98747e8f16dff9713ba8950097ceb760b161e19907,Domains_Alloy
1095,-7.547408834784666,-7.042352497577667,1,-2.20399270765,86dd3a804d78ca5d203ebf98747e8f16dff9713ba8950097ceb760b161e19907,Domains_Alloy
1096,-7.548073463559358,-7.042352497577667,1,-2.20399270765,86dd3a804d78ca5d203ebf98747e8f16dff9713ba8950097ceb760b161e19907,Domains_Alloy
1097,-7.548738277402728,-7.042352497577667,1,-2.20399270765,86dd3a804d78ca5d203ebf98747e8f16dff9713ba8950097ceb760b161e19907,Domains_Alloy
1098,-7.549403276146452,-7.042352497577667,1,-2.20399270765,86dd3a804d78ca5d203ebf98747e8f16dff9713ba8950097ceb760b161e19907,Domains_Alloy
1099,-7.550068459622517,-7.042352497577667,1,-2.20399270765,86dd3a804d78ca5d203ebf98747e8f16dff9713ba8950097ceb760b161e19907,Domains_Alloy
1100,-7.550733827663212,-7.042352497577667,1,-2.20399270765,86dd3a804d78ca5d203ebf98747e8f16dff9713ba8950097ceb760b161e19907,Domains_Alloy
1101,-7.551399380101129,-7.042352497577667,1,-2.20399270765,86dd3a804d78ca5d203ebf98747e8f16dff9713ba8950097ceb760b161e19907,Domains_Alloy
1102,-7.552065116769164,-7.042352497577667,1,-2.20399270765,86dd3a804d78ca5d203ebf98747e8f16dff9713ba8950097ceb760b161e19907,Domains_Alloy
1103,-7.552731037500515,-7.042352497577667,1,-2.20399270765,86dd3a804d78ca5d203ebf98747e8f16dff9713ba8950097ceb760b161e19907,Domains_Alloy
1104,-7.553397142128683,-7.042352497577667,1,-2.20399270765,86dd3a804d78ca5d203ebf98747e8f16dff9713ba8950097ceb760b161e19907,Domains_Alloy
1105,-7.554063430487467,-7.042352497577667,1,-2.20399270765,86dd3a804d78ca5d203ebf98747e8f16dff9713ba8950097ceb760b161e19907,Domains_Alloy
1106,-7.554729902410967,-7.042352497577667,1,-2.20399270765,86dd3a804d78ca5d203ebf98747e8f16dff9713ba8950097ceb760b161e19907,Domains_Alloy
1107,-7.555396557733584,-7.042352497577667,1,-2.20399270765,86dd3a804d78ca5d203ebf98747e8f16dff9713ba8950097ceb760b161e19907,Domains_Alloy
1108,-7.556063396290013,-7.042352497577667,1,-2.20399270765,86dd3a804d78ca5d203ebf98747e8f16dff9713ba8950097ceb760b161e19907,Domains_Alloy
1109,-7.556730417915251,-7.042352497577667,1,-2.20399270765,86dd3a804d78ca5d203ebf98747e8f16dff9713ba8950097ceb760b161e19907,Domains_Alloy
1110,-7.557397622444586,-7.042352497577667,1,-2.20399270765,86dd3a804d78ca5d203ebf98747e8f16dff9713ba8950097ceb760b161e19907,Domains_Alloy
1111,-7.558065009713608,-7.042352497577667,1,-2.20399270765,86dd3a804d78ca5d203ebf98747e8f16dff9713ba8950097ceb760b161e19907,Domains_Alloy
1112,-7.558732579558197,-7.042352497577667,1,-2.20399270765,86dd3a804d78ca5d203ebf98747e8f16dff9713ba8950097ceb760b161e19907,Domains_Alloy
1113,-7.559400331814531,-7.042352497577667,1,-2.20399270765,86dd3a804d78ca5d203ebf98747e8f16dff9713ba8950097ceb760b161e19907,Domains_Alloy
1114,-7.560068266319078,-7.042352497577667,1,-2.20399270765,86dd3a804d78ca5d203ebf98747e8f16dff9713ba8950097ceb760b161e19907,Domains_Alloy
1115,-7.560736382908602,-7.042352497577667,1,-2.20399270765,86dd3a804d78ca5d203ebf98747e8f16dff9713ba8950097ceb760b161e19907,Domains_Alloy
1116,-7.561404681420155,-7.042352497577667,1,-2.20399270765,86dd3a804d78ca5d203ebf98747e8f16dff9713ba8950097ceb760b161e19907,Domains_Alloy
1117,-7.562073161691084,-7.042352497577667,1,-2.20399270765,86dd3a804d78ca5d203ebf98747e8f16dff9713ba8950097ceb760b161e19907,Domains_Alloy
1118,-7.562741823559024,-7.042352497577667,1,-2.20399270765,86dd3a804d78ca5d203ebf98747e8f16dff9713ba8950097ceb760b161e19907,Domains_Alloy
1119,-7.563410666861898,-7.042352497577667,1,-2.20399270765,86dd3a804d78ca5d203ebf98747e8f16dff9713ba8950097ceb760b161e19907,Domains_Alloy
1120,-7.564079691437922,-7.042352497577667,1,-2.20399270765,86dd3a804d78ca5d203ebf98747e8f16dff9713ba8950097ceb760b161e19907,Domains_Alloy
1121,-7.564748897125598,-7.042352497577667,1,-2.20399270765,86dd3a804d78ca5d203ebf98747e8f16dff9713ba8950097ceb760b161e19907,Domains_Alloy
1122,-7.565418283763711,-7.042352497577667,1,-2.20399270765,86dd3a804d78ca5d203ebf98747e8f16dff9713ba8950097ceb760b161e19907,Domains_Alloy
1123,-7.566087851191341,-7.042352497577667,1,-2.20399270765,86dd3a804d78ca5d203ebf98747e8f16dff9713ba8950097ceb760b161e19907,Domains_Alloy
1124,-7.566757599247846,-7.042352497577667,1,-2.20399270765,86dd3a804d78ca5d203ebf98747e8f16dff9713ba8950097ceb760b161e19907,Domains_Alloy
1125,-7.567427527772872,-7.042352497577667,1,-2.20399270765,86dd3a804d78ca5d203ebf98747e8f16dff9713ba8950097ceb760b161e19907,Domains_Alloy
1126,-7.56809763660635,-7.042352497577667,1,-2.20399270765,86dd3a804d78ca5d203ebf98747e8f16dff9713ba8950097ceb760b161e19907,Domains_Alloy
1127,-7.568767925588492,-7.042352497577667,1,-2.20399270765,86dd3a804d78ca5d203ebf98747e8f16dff9713ba8950097ceb760b161e19907,Domains_Alloy
1128,-7.569438394559795,-7.042352497577667,1,-2.20399270765,86dd3a804d78ca5d203ebf98747e8f16dff9713ba8950097ceb760b161e19907,Domains_Alloy
1129,-7.570109043361036,-7.042352497577667,1,-2.20399270765,86dd3a804d78ca5d203ebf98747e8f16dff9713ba8950097ceb760b161e19907,Domains_Alloy
1130,-7.570779871833276,-7.042352497577667,1,-2.20399270765,86dd3a804d78ca5d203ebf98747e8f16dff9713ba8950097ceb760b161e19907,Domains_Alloy
1131,-7.571450879817852,-7.042352497577667,1,-2.20399270765,86dd3a804d78ca5d203ebf98747e8f16dff9713ba8950097ceb760b161e19907,Domains_Alloy
1132,-7.572122067156385,-7.042352497577667,1,-2.20399270765,86dd3a804d78ca5d203ebf98747e8f16dff9713ba8950097ceb760b161e19907,Domains_Alloy
1133,-7.572793433690771,-7.042352497577667,1,-2.20399270765,86dd3a804d78ca5d203ebf98747e8f16dff9713ba8950097ceb760b161e19907,Domains_Alloy
1134,-7.573464979263187,-7.042352497577667,1,-2.20399270765,86dd3a804d78ca5d203ebf98747e8f16dff9713ba8950097ceb760b161e19907,Domains_Alloy
1135,-7.574136703716088,-7.042352497577667,1,-2.20399270765,86dd3a804d78ca5d203ebf98747e8f16dff9713ba8950097ceb760b161e19907,Domains_Alloy
1136,-7.574808606892204,-7.042352497577667,1,-2.20399270765,86dd3a804d78ca5d203ebf98747e8f16dff9713ba8950097ceb760b161e19907,Domains_Alloy
1137,-7.57548068863454,-7.042352497577667,1,-2.20399270765,86dd3a804d78ca5d203ebf98747e8f16dff9713ba8950097ceb760b161e19907,Domains_Alloy
1138,-7.576152948786379,-7.042352497577667,1,-2.20399270765,86dd3a804d78ca5d203ebf98747e8f16dff9713ba8950097ceb760b161e19907,Domains_Alloy
1139,-7.576825387191276,-7.042352497577667,1,-2.20399270765,86dd3a804d78ca5d203ebf98747e8f16dff9713ba8950097ceb760b161e19907,Domains_Alloy
1140,-7.577498003693062,-7.042352497577667,1,-2.20399270765,86dd3a804d78ca5d203ebf98747e8f16dff9713ba8950097ceb760b161e19907,Domains_Alloy
1141,-7.578170798135841,-7.042352497577667,1,-2.20399270765,86dd3a804d78ca5d203ebf98747e8f16dff9713ba8950097ceb760b161e19907,Domains_Alloy
1142,-7.578843770363987,-7.042352497577667,1,-2.20399270765,86dd3a804d78ca5d203ebf98747e8f16dff9713ba8950097ceb760b161e19907,Domains_Alloy
1143,-7.579516920222148,-7.042352497577667,1,-2.20399270765,86dd3a804d78ca5d203ebf98747e8f16dff9713ba8950097ceb760b161e19907,Domains_Alloy
1144,-7.580190247555242,-7.042352497577667,1,-2.20399270765,86dd3a804d78ca5d203ebf98747e8f16dff9713ba8950097ceb760b161e19907,Domains_Alloy
1145,-7.580863752208458,-7.042352497577667,1,-2.20399270765,86dd3a804d78ca5d203ebf98747e8f16dff9713ba8950097ceb760b161e19907,Domains_Alloy
1146,-7.581537434027253,-7.042352497577667,1,-2.20399270765,86dd3a804d78ca5d203ebf98747e8f16dff9713ba8950097ceb760b161e19907,Domains_Alloy
1147,-7.582211292857356,-7.042352497577667,1,-2.20399270765,86dd3a804d78ca5d203ebf98747e8f16dff9713ba8950097ceb760b161e19907,Domains_Alloy
1148,-7.58288532854476,-7.042352497577667,1,-2.20399270765,86dd3a804d78ca5d203ebf98747e8f16dff9713ba8950097ceb760b161e19907,Domains_Alloy
1149,-7.583559540935729,-7.042352497577667,1,-2.20399270765,86dd3a804d78ca5d203ebf98747e8f16dff9713ba8950097ceb760b161e19907,Domains_Alloy
1150,-7.584233929876792,-7.042352497577667,1,-2.20399270765,86dd3a804d78ca5d203ebf98747e8f16dff9713ba8950097ceb760b161e19907,Domains_Alloy
1151,-7.584908495214744,-7.042352497577667,1,-2.20399270765,86dd3a804d78ca5d203ebf98747e8f16dff9713ba8950097ceb760b161e19907,Domains_Alloy
1152,-7.585583236796647,-7.042352497577667,1,-2.20399270765,86dd3a804d78ca5d203ebf98747e8f16dff9713ba8950097ceb760b161e19907,Domains_Alloy
1153,-7.586258154469824,-7.042352497577667,1,-2.20399270765,86dd3a804d78ca5d203ebf98747e8f16dff9713ba8950097ceb760b161e19907,Domains_Alloy
1154,-7.586933248081867,-7.042352497577667,1,-2.20399270765,86dd3a804d78ca5d203ebf98747e8f16dff9713ba8950097ceb760b161e19907,Domains_Alloy
1155,-7.587608517480628,-7.042352497577667,1,-2.20399270765,86dd3a804d78ca5d203ebf98747e8f16dff9713ba8950097ceb760b161e19907,Domains_Alloy
1156,-7.588283962514224,-7.042352497577667,1,-2.20399270765,86dd3a804d78ca5d203ebf98747e8f16dff9713ba8950097ceb760b161e19907,Domains_Alloy
1157,-7.588959583031029,-7.042352497577667,1,-2.20399270765,86dd3a804d78ca5d203ebf98747e8f16dff9713ba8950097ceb760b161e19907,Domains_Alloy
1158,-7.589635378879684,-7.042352497577667,1,-2.20399270765,86dd3a804d78ca5d203ebf98747e8f16dff9713ba8950097ceb760b161e19907,Domains_Alloy
1159,-7.590311349909089,-7.042352497577667,1,-2.20399270765,86dd3a804d78ca5d203ebf98747e8f16dff9713ba8950097ceb760b161e19907,Domains_Alloy
1160,-7.590987495968402,-7.042352497577667,1,-2.20399270765,86dd3a804d78ca5d203ebf98747e8f16dff9713ba8950097ceb760b161e19907,Domains_Alloy
1161,-7.591663816907044,-7.042352497577667,1,-2.20399270765,86dd3a804d78ca5d203ebf98747e8f16dff9713ba8950097ceb760b161e19907,Domains_Alloy
1162,-7.592340312574688,-7.042352497577667,1,-2.20399270765,86dd3a804d78ca5d203ebf98747e8f16dff9713ba8950097ceb760b161e19907,Domains_Alloy
1163,-7.593016982821274,-7.042352497577667,1,-2.20399270765,86dd3a804d78ca5d203ebf98747e8f16dff9713ba8950097ceb760b161e19907,Domains_Alloy
1164,-7.59369382749699,-7.042352497577667,1,-2.20399270765,86dd3a804d78ca5d203ebf98747e8f16dff9713ba8950097ceb760b161e19907,Domains_Alloy
1165,-7.594370846452287,-7.042352497577667,1,-2.20399270765,86dd3a804d78ca5d203ebf98747e8f16dff9713ba8950097ceb760b161e19907,Domains_Alloy
1166,-7.595048039537871,-7.042352497577667,1,-2.20399270765,86dd3a804d78ca5d203ebf98747e8f16dff9713ba8950097ceb760b161e19907,Domains_Alloy
1167,-7.595725406604701,-7.042352497577667,1,-2.20399270765,86dd3a804d78ca5d203ebf98747e8f16dff9713ba8950097ceb760b161e19907,Domains_Alloy
1168,-7.596402947503993,-7.042352497577667,1,-2.20399270765,86dd3a804d78ca5d203ebf98747e8f16dff9713ba8950097ceb760b161e19907,Domains_Alloy
1169,-7.597080662087214,-7.042352497577667,1,-2.20399270765,86dd3a804d78ca5d203ebf98747e8f16dff9713ba8950097ceb760b161e19907,Domains_Alloy
1170,-7.597758550206089,-7.042352497577667,1,-2.20399270765,86dd3a804d78ca5d203ebf98747e8f16dff9713ba8950097ceb760b161e19907,Domains_Alloy
1171,-7.598436611712592,-7.042352497577667,1,-2.20399270765,86dd3a804d78ca5d203ebf98747e8f16dff9713ba8950097ceb760b161e19907,Domains_Alloy
1172,-7.599114846458949,-7.042352497577667,1,-2.20399270765,86dd3a804d78ca5d203ebf98747e8f16dff9713ba8950097ceb760b161e19907,Domains_Alloy
1173,-7.599793254297641,-7.042352497577667,1,-2.20399270765,86dd3a804d78ca5d203ebf98747e8f16dff9713ba8950097ceb760b161e19907,Domains_Alloy
1174,-7.600471835081395,-7.042352497577667,1,-2.20399270765,86dd3a804d78ca5d203ebf98747e8f16dff9713ba8950097ceb760b161e19907,Domains_Alloy
1175,-7.601150588663191,-7.042352497577667,1,-2.20399270765,86dd3a804d78ca5d203ebf98747e8f16dff9713ba8950097ceb760b161e19907,Domains_Alloy
1176,-7.601829514896258,-7.042352497577667,1,-2.20399270765,86dd3a804d78ca5d203ebf98747e8f16dff9713ba8950097ceb760b161e19907,Domains_Alloy
1177,-7.602508613634075,-7.042352497577667,1,-2.20399270765,86dd3a804d78ca5d203ebf98747e8f16dff9713ba8950097ceb760b161e19907,Domains_Alloy
1178,-7.603187884730366,-7.042352497577667,1,-2.20399270765,86dd3a804d78ca5d203ebf98747e8f16dff9713ba8950097ceb760b161e19907,Domains_Alloy
1179,-7.603867328039107,-7.042352497577667,1,-2.20399270765,86dd3a804d78ca5d203ebf98747e8f16dff9713ba8950097ceb760b161e19907,Domains_Alloy
1180,-7.604546943414517,-7.042352497577667,1,-2.20399270765,86dd3a804d78ca5d203ebf98747e8f16dff9713ba8950097ceb760b161e19907,Domains_Alloy
1181,-7.605226730711063,-7.042352497577667,1,-2.20399270765,86dd3a804d78ca5d203ebf98747e8f16dff9713ba8950097ceb760b161e19907,Domains_Alloy
1182,-7.605906689783459,-7.042352497577667,1,-2.20399270765,86dd3a804d78ca5d203ebf98747e8f16dff9713ba8950097ceb760b161e19907,Domains_Alloy
1183,-7.606586820486661,-7.042352497577667,1,-2.20399270765,86dd3a804d78ca5d203ebf98747e8f16dff9713ba8950097ceb760b161e19907,Domains_Alloy
1184,-7.607267122675873,-7.042352497577667,1,-2.20399270765,86dd3a804d78ca5d203ebf98747e8f16dff9713ba8950097ceb760b161e19907,Domains_Alloy
1185,-7.60794759620654,-7.042352497577667,1,-2.20399270765,86dd3a804d78ca5d203ebf98747e8f16dff9713ba8950097ceb760b161e19907,Domains_Alloy
1186,-7.608628240934353,-7.042352497577667,1,-2.20399270765,86dd3a804d78ca5d203ebf98747e8f16dff9713ba8950097ceb760b161e19907,Domains_Alloy
1187,-7.609309056715243,-7.042352497577667,1,-2.20399270765,86dd3a804d78ca5d203ebf98747e8f16dff9713ba8950097ceb760b161e19907,Domains_Alloy
1188,-7.609990043405384,-7.042352497577667,1,-2.20399270765,86dd3a804d78ca5d203ebf98747e8f16dff9713ba8950097ceb760b161e19907,Domains_Alloy
1189,-7.610671200861192,-7.042352497577667,1,-2.20399270765,86dd3a804d78ca5d203ebf98747e8f16dff9713ba8950097ceb760b161e19907,Domains_Alloy
1190,-7.611352528939323,-7.042352497577667,1,-2.20399270765,86dd3a804d78ca5d203ebf98747e8f16dff9713ba8950097ceb760b161e19907,Domains_Alloy
1191,-7.612034027496675,-7.042352497577667,1,-2.20399270765,86dd3a804d78ca5d203ebf98747e8f16dff9713ba8950097ceb760b161e19907,Domains_Alloy
1192,-7.612715696390382,-7.042352497577667,1,-2.20399270765,86dd3a804d78ca5d203ebf98747e8f16dff9713ba8950097ceb760b161e19907,Domains_Alloy
1193,-7.613397535477821,-7.042352497577667,1,-2.20399270765,86dd3a804d78ca5d203ebf98747e8f16dff9713ba8950097ceb760b161e19907,Domains_Alloy
1194,-7.614079544616605,-7.042352497577667,1,-2.20399270765,86dd3a804d78ca5d203ebf98747e8f16dff9713ba8950097ceb760b161e19907,Domains_Alloy
1195,-7.614761723664586,-7.042352497577667,1,-2.20399270765,86dd3a804d78ca5d203ebf98747e8f16dff9713ba8950097ceb760b161e19907,Domains_Alloy
1196,-7.615444072479852,-7.042352497577667,1,-2.20399270765,86dd3a804d78ca5d203ebf98747e8f16dff9713ba8950097ceb760b161e19907,Domains_Alloy
1197,-7.616126590920728,-7.042352497577667,1,-2.20399270765,86dd3a804d78ca5d203ebf98747e8f16dff9713ba8950097ceb760b161e19907,Domains_Alloy
1198,-7.616809278845777,-7.042352497577667,1,-2.20399270765,86dd3a804d78ca5d203ebf98747e8f16dff9713ba8950097ceb760b161e19907,Domains_Alloy
1199,-7.617492136113793,-7.042352497577667,1,-2.20399270765,86dd3a804d78ca5d203ebf98747e8f16dff9713ba8950097ceb760b161e19907,Domains_Alloy
1200,-7.618175162583811,-7.042352497577667,1,-2.20399270765,86dd3a804d78ca5d203ebf98747e8f16dff9713ba8950097ceb760b161e19907,Domains_Alloy
1201,-7.618858358115095,-7.042352497577667,1,-2.20399270765,86dd3a804d78ca5d203ebf98747e8f16dff9713ba8950097ceb760b161e19907,Domains_Alloy
1202,-7.619541722567145,-7.042352497577667,1,-2.20399270765,86dd3a804d78ca5d203ebf98747e8f16dff9713ba8950097ceb760b161e19907,Domains_Alloy
1203,-7.620225255799694,-7.042352497577667,1,-2.20399270765,86dd3a804d78ca5d203ebf98747e8f16dff9713ba8950097ceb760b161e19907,Domains_Alloy
1204,-7.620908957672706,-7.042352497577667,1,-2.20399270765,86dd3a804d78ca5d203ebf98747e8f16dff9713ba8950097ceb760b161e19907,Domains_Alloy
1205,-7.62159282804638,-7.042352497577667,1,-2.20399270765,86dd3a804d78ca5d203ebf98747e8f16dff9713ba8950097ceb760b161e19907,Domains_Alloy
1206,-7.622276866781144,-7.042352497577667,1,-2.20399270765,86dd3a804d78ca5d203ebf98747e8f16dff9713ba8950097ceb760b161e19907,Domains_Alloy
1207,-7.622961073737658,-7.042352497577667,1,-2.20399270765,86dd3a804d78ca5d203ebf98747e8f16dff9713ba8950097ceb760b161e19907,Domains_Alloy
1208,-7.62364544877681,-7.042352497577667,1,-2.20399270765,86dd3a804d78ca5d203ebf98747e8f16dff9713ba8950097ceb760b161e19907,Domains_Alloy
1209,-7.624329991759721,-7.042352497577667,1,-2.20399270765,86dd3a804d78ca5d203ebf98747e8f16dff9713ba8950097ceb760b161e19907,Domains_Alloy
1210,-7.625014702547739,-7.042352497577667,1,-2.20399270765,86dd3a804d78ca5d203ebf98747e8f16dff9713ba8950097ceb760b161e19907,Domains_Alloy
1211,-7.625699581002441,-7.042352497577667,1,-2.20399270765,86dd3a804d78ca5d203ebf98747e8f16dff9713ba8950097ceb760b161e19907,Domains_Alloy
1212,-7.626384626985631,-7.042352497577667,1,-2.20399270765,86dd3a804d78ca5d203ebf98747e8f16dff9713ba8950097ceb760b161e19907,Domains_Alloy
1213,-7.627069840359343,-7.042352497577667,1,-2.20399270765,86dd3a804d78ca5d203ebf98747e8f16dff9713ba8950097ceb760b161e19907,Domains_Alloy
1214,-7.627755220985835,-7.042352497577667,1,-2.20399270765,86dd3a804d78ca5d203ebf98747e8f16dff9713ba8950097ceb760b161e19907,Domains_Alloy
1215,-7.628440768727592,-7.042352497577667,1,-2.20399270765,86dd3a804d78ca5d203ebf98747e8f16dff9713ba8950097ceb760b161e19907,Domains_Alloy
1216,-7.629126483447327,-7.042352497577667,1,-2.20399270765,86dd3a804d78ca5d203ebf98747e8f16dff9713ba8950097ceb760b161e19907,Domains_Alloy
1217,-7.629812365007975,-7.042352497577667,1,-2.20399270765,86dd3a804d78ca5d203ebf98747e8f16dff9713ba8950097ceb760b161e19907,Domains_Alloy
1218,-7.630498413272697,-7.042352497577667,1,-2.20399270765,86dd3a804d78ca5d203ebf98747e8f16dff9713ba8950097ceb760b161e19907,Domains_Alloy
1219,-7.631184628104879,-7.042352497577667,1,-2.20399270765,86dd3a804d78ca5d203ebf98747e8f16dff9713ba8950097ceb760b161e19907,Domains_Alloy
1220,-7.63187100936813,-7.042352497577667,1,-2.20399270765,86dd3a804d78ca5d203ebf98747e8f16dff9713ba8950097ceb760b161e19907,Domains_Alloy
1221,-7.63255755692628,-7.042352497577667,1,-2.20399270765,86dd3a804d78ca5d203ebf98747e8f16dff9713ba8950097ceb760b161e19907,Domains_Alloy
1222,-7.633244270643384,-7.042352497577667,1,-2.20399270765,86dd3a804d78ca5d203ebf98747e8f16dff9713ba8950097ceb760b161e19907,Domains_Alloy
1223,-7.633931150383718,-7.042352497577667,1,-2.20399270765,86dd3a804d78ca5d203ebf98747e8f16dff9713ba8950097ceb760b161e19907,Domains_Alloy
1224,-7.634618196011778,-7.042352497577667,1,-2.20399270765,86dd3a804d78ca5d203ebf98747e8f16dff9713ba8950097ceb760b161e19907,Domains_Alloy
1225,-7.635305407392283,-7.042352497577667,1,-2.20399270765,86dd3a804d78ca5d203ebf98747e8f16dff9713ba8950097ceb760b161e19907,Domains_Alloy
1226,-7.635992784390172,-7.042352497577667,1,-2.20399270765,86dd3a804d78ca5d203ebf98747e8f16dff9713ba8950097ceb760b161e19907,Domains_Alloy
1227,-7.636680326870603,-7.042352497577667,1,-2.20399270765,86dd3a804d78ca5d203ebf98747e8f16dff9713ba8950097ceb760b161e19907,Domains_Alloy
1228,-7.637368034698952,-7.042352497577667,1,-2.20399270765,86dd3a804d78ca5d203ebf98747e8f16dff9713ba8950097ceb760b161e19907,Domains_Alloy
1229,-7.638055907740815,-7.042352497577667,1,-2.20399270765,86dd3a804d78ca5d203ebf98747e8f16dff9713ba8950097ceb760b161e19907,Domains_Alloy
1230,-7.638743945862007,-7.042352497577667,1,-2.20399270765,86dd3a804d78ca5d203ebf98747e8f16dff9713ba8950097ceb760b161e19907,Domains_Alloy
1231,-7.639432148928559,-7.042352497577667,1,-2.20399270765,86dd3a804d78ca5d203ebf98747e8f16dff9713ba8950097ceb760b161e19907,Domains_Alloy
1232,-7.64012051680672,-7.042352497577667,1,-2.20399270765,86dd3a804d78ca5d203ebf98747e8f16dff9713ba8950097ceb760b161e19907,Domains_Alloy
1233,-7.640809049362955,-7.042352497577667,1,-2.20399270765,86dd3a804d78ca5d203ebf98747e8f16dff9713ba8950097ceb760b161e19907,Domains_Alloy
1234,-7.641497746463945,-7.042352497577667,1,-2.20399270765,86dd3a804d78ca5d203ebf98747e8f16dff9713ba8950097ceb760b161e19907,Domains_Alloy
1235,-7.642186607976588,-7.042352497577667,1,-2.20399270765,86dd3a804d78ca5d203ebf98747e8f16dff9713ba8950097ceb760b161e19907,Domains_Alloy
1236,-7.642875633767994,-7.042352497577667,1,-2.20399270765,86dd3a804d78ca5d203ebf98747e8f16dff9713ba8950097ceb760b161e19907,Domains_Alloy
1237,-7.64356482370549,-7.042352497577667,1,-2.20399270765,86dd3a804d78ca5d203ebf98747e8f16dff9713ba8950097ceb760b161e19907,Domains_Alloy
1238,-7.644254177656617,-7.042352497577667,1,-2.20399270765,86dd3a804d78ca5d203ebf98747e8f16dff9713ba8950097ceb760b161e19907,Domains_Alloy
1239,-7.644943695489126,-7.042352497577667,1,-2.20399270765,86dd3a804d78ca5d203ebf98747e8f16dff9713ba8950097ceb760b161e19907,Domains_Alloy
1240,-7.645633377070986,-7.042352497577667,1,-2.20399270765,86dd3a804d78ca5d203ebf98747e8f16dff9713ba8950097ceb760b161e19907,Domains_Alloy
1241,-7.646323222270374,-7.042352497577667,1,-2.20399270765,86dd3a804d78ca5d203ebf98747e8f16dff9713ba8950097ceb760b161e19907,Domains_Alloy
1242,-7.647013230955682,-7.042352497577667,1,-2.20399270765,86dd3a804d78ca5d203ebf98747e8f16dff9713ba8950097ceb760b161e19907,Domains_Alloy
1243,-7.647703402995512,-7.042352497577667,1,-2.20399270765,86dd3a804d78ca5d203ebf98747e8f16dff9713ba8950097ceb760b161e19907,Domains_Alloy
1244,-7.648393738258676,-7.042352497577667,1,-2.20399270765,86dd3a804d78ca5d203ebf98747e8f16dff9713ba8950097ceb760b161e19907,Domains_Alloy
1245,-7.649084236614198,-7.042352497577667,1,-2.20399270765,86dd3a804d78ca5d203ebf98747e8f16dff9713ba8950097ceb760b161e19907,Domains_Alloy
1246,-7.64977489793131,-7.042352497577667,1,-2.20399270765,86dd3a804d78ca5d203ebf98747e8f16dff9713ba8950097ceb760b161e19907,Domains_Alloy
1247,-7.650465722079456,-7.042352497577667,1,-2.20399270765,86dd3a804d78ca5d203ebf98747e8f16dff9713ba8950097ceb760b161e19907,Domains_Alloy
1248,-7.651156708928286,-7.042352497577667,1,-2.20399270765,86dd3a804d78ca5d203ebf98747e8f16dff9713ba8950097ceb760b161e19907,Domains_Alloy
1249,-7.651847858347661,-7.042352497577667,1,-2.20399270765,86dd3a804d78ca5d203ebf98747e8f16dff9713ba8950097ceb760b161e19907,Domains_Alloy
1250,-7.652539170207646,-7.042352497577667,1,-2.20399270765,86dd3a804d78ca5d203ebf98747e8f16dff9713ba8950097ceb760b161e19907,Domains_Alloy
1251,-7.653230644378519,-7.042352497577667,1,-2.20399270765,86dd3a804d78ca5d203ebf98747e8f16dff9713ba8950097ceb760b161e19907,Domains_Alloy
1252,-7.65392228073076,-7.042352497577667,1,-2.20399270765,86dd3a804d78ca5d203ebf98747e8f16dff9713ba8950097ceb760b161e19907,Domains_Alloy
1253,-7.654614079135057,-7.042352497577667,1,-2.20399270765,86dd3a804d78ca5d203ebf98747e8f16dff9713ba8950097ceb760b161e19907,Domains_Alloy
1254,-7.655306039462304,-7.042352497577667,1,-2.20399270765,86dd3a804d78ca5d203ebf98747e8f16dff9713ba8950097ceb760b161e19907,Domains_Alloy
1255,-7.6559981615836,-7.042352497577667,1,-2.20399270765,86dd3a804d78ca5d203ebf98747e8f16dff9713ba8950097ceb760b161e19907,Domains_Alloy
1256,-7.65669044537025,-7.042352497577667,1,-2.20399270765,86dd3a804d78ca5d203ebf98747e8f16dff9713ba8950097ceb760b161e19907,Domains_Alloy
1257,-7.657382890693762,-7.042352497577667,1,-2.20399270765,86dd3a804d78ca5d203ebf98747e8f16dff9713ba8950097ceb760b161e19907,Domains_Alloy
1258,-7.658075497425848,-7.042352497577667,1,-2.20399270765,86dd3a804d78ca5d203ebf98747e8f16dff9713ba8950097ceb760b161e19907,Domains_Alloy
1259,-7.658768265438426,-7.042352497577667,1,-2.20399270765,86dd3a804d78ca5d203ebf98747e8f16dff9713ba8950097ceb760b161e19907,Domains_Alloy
1260,-7.659461194603612,-7.042352497577667,1,-2.20399270765,86dd3a804d78ca5d203ebf98747e8f16dff9713ba8950097ceb760b161e19907,Domains_Alloy
1261,-7.660154284793729,-7.042352497577667,1,-2.20399270765,86dd3a804d78ca5d203ebf98747e8f16dff9713ba8950097ceb760b161e19907,Domains_Alloy
1262,-7.660847535881299,-7.042352497577667,1,-2.20399270765,86dd3a804d78ca5d203ebf98747e8f16dff9713ba8950097ceb760b161e19907,Domains_Alloy
1263,-7.661540947739049,-7.042352497577667,1,-2.20399270765,86dd3a804d78ca5d203ebf98747e8f16dff9713ba8950097ceb760b161e19907,Domains_Alloy
1264,-7.662234520239902,-7.042352497577667,1,-2.20399270765,86dd3a804d78ca5d203ebf98747e8f16dff9713ba8950097ceb760b161e19907,Domains_Alloy
1265,-7.662928253256986,-7.042352497577667,1,-2.20399270765,86dd3a804d78ca5d203ebf98747e8f16dff9713ba8950097ceb760b161e19907,Domains_Alloy
1266,-7.663622146663627,-7.042352497577667,1,-2.20399270765,86dd3a804d78ca5d203ebf98747e8f16dff9713ba8950097ceb760b161e19907,Domains_Alloy
1267,-7.664316200333351,-7.042352497577667,1,-2.20399270765,86dd3a804d78ca5d203ebf98747e8f16dff9713ba8950097ceb760b161e19907,Domains_Alloy
1268,-7.665010414139885,-7.042352497577667,1,-2.20399270765,86dd3a804d78ca5d203ebf98747e8f16dff9713ba8950097ceb760b161e19907,Domains_Alloy
1269,-7.665704787957149,-7.042352497577667,1,-2.20399270765,86dd3a804d78ca5d203ebf98747e8f16dff9713ba8950097ceb760b161e19907,Domains_Alloy
1270,-7.666399321659268,-7.042352497577667,1,-2.20399270765,86dd3a804d78ca5d203ebf98747e8f16dff9713ba8950097ceb760b161e19907,Domains_Alloy
1271,-7.667094015120562,-7.042352497577667,1,-2.20399270765,86dd3a804d78ca5d203ebf98747e8f16dff9713ba8950097ceb760b161e19907,Domains_Alloy
1272,-7.667788868215546,-7.042352497577667,1,-2.20399270765,86dd3a804d78ca5d203ebf98747e8f16dff9713ba8950097ceb760b161e19907,Domains_Alloy
1273,-7.668483880818934,-7.042352497577667,1,-2.20399270765,86dd3a804d78ca5d203ebf98747e8f16dff9713ba8950097ceb760b161e19907,Domains_Alloy
1274,-7.669179052805638,-7.042352497577667,1,-2.20399270765,86dd3a804d78ca5d203ebf98747e8f16dff9713ba8950097ceb760b161e19907,Domains_Alloy
1275,-7.669874384050763,-7.042352497577667,1,-2.20399270765,86dd3a804d78ca5d203ebf98747e8f16dff9713ba8950097ceb760b161e19907,Domains_Alloy
1276,-7.67056987442961,-7.042352497577667,1,-2.20399270765,86dd3a804d78ca5d203ebf98747e8f16dff9713ba8950097ceb760b161e19907,Domains_Alloy
1277,-7.671265523817675,-7.042352497577667,1,-2.20399270765,86dd3a804d78ca5d203ebf98747e8f16dff9713ba8950097ceb760b161e19907,Domains_Alloy
1278,-7.671961332090651,-7.042352497577667,1,-2.20399270765,86dd3a804d78ca5d203ebf98747e8f16dff9713ba8950097ceb760b161e19907,Domains_Alloy
1279,-7.672657299124421,-7.042352497577667,1,-2.20399270765,86dd3a804d78ca5d203ebf98747e8f16dff9713ba8950097ceb760b161e19907,Domains_Alloy
1280,-7.673353424795065,-7.042352497577667,1,-2.20399270765,86dd3a804d78ca5d203ebf98747e8f16dff9713ba8950097ceb760b161e19907,Domains_Alloy
1281,-7.674049708978853,-7.042352497577667,1,-2.20399270765,86dd3a804d78ca5d203ebf98747e8f16dff9713ba8950097ceb760b161e19907,Domains_Alloy
1282,-7.674746151552251,-7.042352497577667,1,-2.20399270765,86dd3a804d78ca5d203ebf98747e8f16dff9713ba8950097ceb760b161e19907,Domains_Alloy
1283,-7.675442752391914,-7.042352497577667,1,-2.20399270765,86dd3a804d78ca5d203ebf98747e8f16dff9713ba8950097ceb760b161e19907,Domains_Alloy
1284,-7.676139511374692,-7.042352497577667,1,-2.20399270765,86dd3a804d78ca5d203ebf98747e8f16dff9713ba8950097ceb760b161e19907,Domains_Alloy
1285,-7.676836428377624,-7.042352497577667,1,-2.20399270765,86dd3a804d78ca5d203ebf98747e8f16dff9713ba8950097ceb760b161e19907,Domains_Alloy
1286,-7.67753350327794,-7.042352497577667,1,-2.20399270765,86dd3a804d78ca5d203ebf98747e8f16dff9713ba8950097ceb760b161e19907,Domains_Alloy
1287,-7.678230735953062,-7.042352497577667,1,-2.20399270765,86dd3a804d78ca5d203ebf98747e8f16dff9713ba8950097ceb760b161e19907,Domains_Alloy
1288,-7.678928126280602,-7.042352497577667,1,-2.20399270765,86dd3a804d78ca5d203ebf98747e8f16dff9713ba8950097ceb760b161e19907,Domains_Alloy
1289,-7.679625674138359,-7.042352497577667,1,-2.20399270765,86dd3a804d78ca5d203ebf98747e8f16dff9713ba8950097ceb760b161e19907,Domains_Alloy
1290,-7.680323379404324,-7.042352497577667,1,-2.20399270765,86dd3a804d78ca5d203ebf98747e8f16dff9713ba8950097ceb760b161e19907,Domains_Alloy
1291,-7.681021241956675,-7.042352497577667,1,-2.20399270765,86dd3a804d78ca5d203ebf98747e8f16dff9713ba8950097ceb760b161e19907,Domains_Alloy
1292,-7.681719261673778,-7.042352497577667,1,-2.20399270765,86dd3a804d78ca5d203ebf98747e8f16dff9713ba8950097ceb760b161e19907,Domains_Alloy
1293,-7.682417438434189,-7.042352497577667,1,-2.20399270765,86dd3a804d78ca5d203ebf98747e8f16dff9713ba8950097ceb760b161e19907,Domains_Alloy
1294,-7.683115772116651,-7.042352497577667,1,-2.20399270765,86dd3a804d78ca5d203ebf98747e8f16dff9713ba8950097ceb760b161e19907,Domains_Alloy
1295,-7.683814262600089,-7.042352497577667,1,-2.20399270765,86dd3a804d78ca5d203ebf98747e8f16dff9713ba8950097ceb760b161e19907,Domains_Alloy
1296,-7.684512909763623,-7.042352497577667,1,-2.20399270765,86dd3a804d78ca5d203ebf98747e8f16dff9713ba8950097ceb760b161e19907,Domains_Alloy
1297,-7.685211713486552,-7.042352497577667,1,-2.20399270765,86dd3a804d78ca5d203ebf98747e8f16dff9713ba8950097ceb760b161e19907,Domains_Alloy
1298,-7.685910673648364,-7.042352497577667,1,-2.20399270765,86dd3a804d78ca5d203ebf98747e8f16dff9713ba8950097ceb760b161e19907,Domains_Alloy
1299,-7.686609790128732,-7.042352497577667,1,-2.20399270765,86dd3a804d78ca5d203ebf98747e8f16dff9713ba8950097ceb760b161e19907,Domains_Alloy
1300,-7.687309062807512,-7.042352497577667,1,-2.20399270765,86dd3a804d78ca5d203ebf98747e8f16dff9713ba8950097ceb760b161e19907,Domains_Alloy
1301,-7.688008491564747,-7.042352497577667,1,-2.20399270765,86dd3a804d78ca5d203ebf98747e8f16dff9713ba8950097ceb760b161e19907,Domains_Alloy
1302,-7.688708076280661,-7.042352497577667,1,-2.20399270765,86dd3a804d78ca5d203ebf98747e8f16dff9713ba8950097ceb760b161e19907,Domains_Alloy
1303,-7.689407816835666,-7.042352497577667,1,-2.20399270765,86dd3a804d78ca5d203ebf98747e8f16dff9713ba8950097ceb760b161e19907,Domains_Alloy
1304,-7.690107713110351,-7.042352497577667,1,-2.20399270765,86dd3a804d78ca5d203ebf98747e8f16dff9713ba8950097ceb760b161e19907,Domains_Alloy
1305,-7.690807764985493,-7.042352497577667,1,-2.20399270765,86dd3a804d78ca5d203ebf98747e8f16dff9713ba8950097ceb760b161e19907,Domains_Alloy
1306,-7.691507972342049,-7.042352497577667,1,-2.20399270765,86dd3a804d78ca5d203ebf98747e8f16dff9713ba8950097ceb760b161e19907,Domains_Alloy
1307,-7.692208335061158,-7.042352497577667,1,-2.20399270765,86dd3a804d78ca5d203ebf98747e8f16dff9713ba8950097ceb760b161e19907,Domains_Alloy
1308,-7.692908853024141,-7.042352497577667,1,-2.20399270765,86dd3a804d78ca5d203ebf98747e8f16dff9713ba8950097ceb760b161e19907,Domains_Alloy
1309,-7.693609526112499,-7.042352497577667,1,-2.20399270765,86dd3a804d78ca5d203ebf98747e8f16dff9713ba8950097ceb760b161e19907,Domains_Alloy
1310,-7.694310354207914,-7.042352497577667,1,-2.20399270765,86dd3a804d78ca5d203ebf98747e8f16dff9713ba8950097ceb760b161e19907,Domains_Alloy
1311,-7.69501133719225,-7.042352497577667,1,-2.20399270765,86dd3a804d78ca5d203ebf98747e8f16dff9713ba8950097ceb760b161e19907,Domains_Alloy
1312,-7.695712474947547,-7.042352497577667,1,-2.20399270765,86dd3a804d78ca5d203ebf98747e8f16dff9713ba8950097ceb760b161e19907,Domains_Alloy
1313,-7.696413767356029,-7.042352497577667,1,-2.20399270765,86dd3a804d78ca5d203ebf98747e8f16dff9713ba8950097ceb760b161e19907,Domains_Alloy
1314,-7.697115214300096,-7.042352497577667,1,-2.20399270765,86dd3a804d78ca5d203ebf98747e8f16dff9713ba8950097ceb760b161e19907,Domains_Alloy
1315,-7.697816815662326,-7.042352497577667,1,-2.20399270765,86dd3a804d78ca5d203ebf98747e8f16dff9713ba8950097ceb760b161e19907,Domains_Alloy
1316,-7.698518571325476,-7.042352497577667,1,-2.20399270765,86dd3a804d78ca5d203ebf98747e8f16dff9713ba8950097ceb760b161e19907,Domains_Alloy
1317,-7.699220481172484,-7.042352497577667,1,-2.20399270765,86dd3a804d78ca5d203ebf98747e8f16dff9713ba8950097ceb760b161e19907,Domains_Alloy
1318,-7.699922545086459,-7.042352497577667,1,-2.20399270765,86dd3a804d78ca5d203ebf98747e8f16dff9713ba8950097ceb760b161e19907,Domains_Alloy
1319,-7.700624762950692,-7.042352497577667,1,-2.20399270765,86dd3a804d78ca5d203ebf98747e8f16dff9713ba8950097ceb760b161e19907,Domains_Alloy
1320,-7.70132713464865,-7.042352497577667,1,-2.20399270765,86dd3a804d78ca5d203ebf98747e8f16dff9713ba8950097ceb760b161e19907,Domains_Alloy
1321,-7.702029660063974,-7.042352497577667,1,-2.20399270765,86dd3a804d78ca5d203ebf98747e8f16dff9713ba8950097ceb760b161e19907,Domains_Alloy
1322,-7.70273233908048,-7.042352497577667,1,-2.20399270765,86dd3a804d78ca5d203ebf98747e8f16dff9713ba8950097ceb760b161e19907,Domains_Alloy
1323,-7.703435171582166,-7.042352497577667,1,-2.20399270765,86dd3a804d78ca5d203ebf98747e8f16dff9713ba8950097ceb760b161e19907,Domains_Alloy
1324,-7.704138157453196,-7.042352497577667,1,-2.20399270765,86dd3a804d78ca5d203ebf98747e8f16dff9713ba8950097ceb760b161e19907,Domains_Alloy
1325,-7.704841296577913,-7.042352497577667,1,-2.20399270765,86dd3a804d78ca5d203ebf98747e8f16dff9713ba8950097ceb760b161e19907,Domains_Alloy
1326,-7.705544588840836,-7.042352497577667,1,-2.20399270765,86dd3a804d78ca5d203ebf98747e8f16dff9713ba8950097ceb760b161e19907,Domains_Alloy
1327,-7.706248034126656,-7.042352497577667,1,-2.20399270765,86dd3a804d78ca5d203ebf98747e8f16dff9713ba8950097ceb760b161e19907,Domains_Alloy
1328,-7.706951632320235,-7.042352497577667,1,-2.20399270765,86dd3a804d78ca5d203ebf98747e8f16dff9713ba8950097ceb760b161e19907,Domains_Alloy
1329,-7.707655383306609,-7.042352497577667,1,-2.20399270765,86dd3a804d78ca5d203ebf98747e8f16dff9713ba8950097ceb760b161e19907,Domains_Alloy
1330,-7.708359286970991,-7.042352497577667,1,-2.20399270765,86dd3a804d78ca5d203ebf98747e8f16dff9713ba8950097ceb760b161e19907,Domains_Alloy
1331,-7.709063343198761,-7.042352497577667,1,-2.20399270765,86dd3a804d78ca5d203ebf98747e8f16dff9713ba8950097ceb760b161e19907,Domains_Alloy
1332,-7.709767551875473,-7.042352497577667,1,-2.20399270765,86dd3a804d78ca5d203ebf98747e8f16dff9713ba8950097ceb760b161e19907,Domains_Alloy
1333,-7.710471912886852,-7.042352497577667,1,-2.20399270765,86dd3a804d78ca5d203ebf98747e8f16dff9713ba8950097ceb760b161e19907,Domains_Alloy
1334,-7.711176426118795,-7.042352497577667,1,-2.20399270765,86dd3a804d78ca5d203ebf98747e8f16dff9713ba8950097ceb760b161e19907,Domains_Alloy
1335,-7.711881091457368,-7.042352497577667,1,-2.20399270765,86dd3a804d78ca5d203ebf98747e8f16dff9713ba8950097ceb760b161e19907,Domains_Alloy
1336,-7.712585908788808,-7.042352497577667,1,-2.20399270765,86dd3a804d78ca5d203ebf98747e8f16dff9713ba8950097ceb760b161e19907,Domains_Alloy
1337,-7.713290877999523,-7.042352497577667,1,-2.20399270765,86dd3a804d78ca5d203ebf98747e8f16dff9713ba8950097ceb760b161e19907,Domains_Alloy
1338,-7.713995998976089,-7.042352497577667,1,-2.20399270765,86dd3a804d78ca5d203ebf98747e8f16dff9713ba8950097ceb760b161e19907,Domains_Alloy
1339,-7.714701271605252,-7.042352497577667,1,-2.20399270765,86dd3a804d78ca5d203ebf98747e8f16dff9713ba8950097ceb760b161e19907,Domains_Alloy
1340,-7.715406695773928,-7.042352497577667,1,-2.20399270765,86dd3a804d78ca5d203ebf98747e8f16dff9713ba8950097ceb760b161e19907,Domains_Alloy
1341,-7.716112271369196,-7.042352497577667,1,-2.20399270765,86dd3a804d78ca5d203ebf98747e8f16dff9713ba8950097ceb760b161e19907,Domains_Alloy
1342,-7.716817998278311,-7.042352497577667,1,-2.20399270765,86dd3a804d78ca5d203ebf98747e8f16dff9713ba8950097ceb760b161e19907,Domains_Alloy
1343,-7.71752387638869,-7.042352497577667,1,-2.20399270765,86dd3a804d78ca5d203ebf98747e8f16dff9713ba8950097ceb760b161e19907,Domains_Alloy
1344,-7.718229905587919,-7.042352497577667,1,-2.20399270765,86dd3a804d78ca5d203ebf98747e8f16dff9713ba8950097ceb760b161e19907,Domains_Alloy
1345,-7.718936085763751,-7.042352497577667,1,-2.20399270765,86dd3a804d78ca5d203ebf98747e8f16dff9713ba8950097ceb760b161e19907,Domains_Alloy
1346,-7.719642416804105,-7.042352497577667,1,-2.20399270765,86dd3a804d78ca5d203ebf98747e8f16dff9713ba8950097ceb760b161e19907,Domains_Alloy
1347,-7.720348898597067,-7.042352497577667,1,-2.20399270765,86dd3a804d78ca5d203ebf98747e8f16dff9713ba8950097ceb760b161e19907,Domains_Alloy
1348,-7.721055531030887,-7.042352497577667,1,-2.20399270765,86dd3a804d78ca5d203ebf98747e8f16dff9713ba8950097ceb760b161e19907,Domains_Alloy
1349,-7.721762313993984,-7.042352497577667,1,-2.20399270765,86dd3a804d78ca5d203ebf98747e8f16dff9713ba8950097ceb760b161e19907,Domains_Alloy
1350,-7.722469247374938,-7.042352497577667,1,-2.20399270765,86dd3a804d78ca5d203ebf98747e8f16dff9713ba8950097ceb760b161e19907,Domains_Alloy
1351,-7.723176331062495,-7.042352497577667,1,-2.20399270765,86dd3a804d78ca5d203ebf98747e8f16dff9713ba8950097ceb760b161e19907,Domains_Alloy
1352,-7.723883564945567,-7.042352497577667,1,-2.20399270765,86dd3a804d78ca5d203ebf98747e8f16dff9713ba8950097ceb760b161e19907,Domains_Alloy
1353,-7.724590948913229,-7.042352497577667,1,-2.20399270765,86dd3a804d78ca5d203ebf98747e8f16dff9713ba8950097ceb760b161e19907,Domains_Alloy
1354,-7.725298482854718,-7.042352497577667,1,-2.20399270765,86dd3a804d78ca5d203ebf98747e8f16dff9713ba8950097ceb760b161e19907,Domains_Alloy
1355,-7.726006166659437,-7.042352497577667,1,-2.20399270765,86dd3a804d78ca5d203ebf98747e8f16dff9713ba8950097ceb760b161e19907,Domains_Alloy
1356,-7.726714000216949,-7.042352497577667,1,-2.20399270765,86dd3a804d78ca5d203ebf98747e8f16dff9713ba8950097ceb760b161e19907,Domains_Alloy
1357,-7.727421983416983,-7.042352497577667,1,-2.20399270765,86dd3a804d78ca5d203ebf98747e8f16dff9713ba8950097ceb760b161e19907,Domains_Alloy
1358,-7.728130116149427,-7.042352497577667,1,-2.20399270765,86dd3a804d78ca5d203ebf98747e8f16dff9713ba8950097ceb760b161e19907,Domains_Alloy
1359,-7.728838398304331,-7.042352497577667,1,-2.20399270765,86dd3a804d78ca5d203ebf98747e8f16dff9713ba8950097ceb760b161e19907,Domains_Alloy
1360,-7.72954682977191,-7.042352497577667,1,-2.20399270765,86dd3a804d78ca5d203ebf98747e8f16dff9713ba8950097ceb760b161e19907,Domains_Alloy
1361,-7.730255410442535,-7.042352497577667,1,-2.20399270765,86dd3a804d78ca5d203ebf98747e8f16dff9713ba8950097ceb760b161e19907,Domains_Alloy
1362,-7.730964140206741,-7.042352497577667,1,-2.20399270765,86dd3a804d78ca5d203ebf98747e8f16dff9713ba8950097ceb760b161e19907,Domains_Alloy
1363,-7.731673018955223,-7.042352497577667,1,-2.20399270765,86dd3a804d78ca5d203ebf98747e8f16dff9713ba8950097ceb760b161e19907,Domains_Alloy
1364,-7.732382046578836,-7.042352497577667,1,-2.20399270765,86dd3a804d78ca5d203ebf98747e8f16dff9713ba8950097ceb760b161e19907,Domains_Alloy
1365,-7.733091222968593,-7.042352497577667,1,-2.20399270765,86dd3a804d78ca5d203ebf98747e8f16dff9713ba8950097ceb760b161e19907,Domains_Alloy
1366,-7.733800548015669,-7.042352497577667,1,-2.20399270765,86dd3a804d78ca5d203ebf98747e8f16dff9713ba8950097ceb760b161e19907,Domains_Alloy
1367,-7.734510021611397,-7.042352497577667,1,-2.20399270765,86dd3a804d78ca5d203ebf98747e8f16dff9713ba8950097ceb760b161e19907,Domains_Alloy
1368,-7.735219643647266,-7.042352497577667,1,-2.20399270765,86dd3a804d78ca5d203ebf98747e8f16dff9713ba8950097ceb760b161e19907,Domains_Alloy
1369,-7.735929414014928,-7.042352497577667,1,-2.20399270765,86dd3a804d78ca5d203ebf98747e8f16dff9713ba8950097ceb760b161e19907,Domains_Alloy
1370,-7.736639332606189,-7.042352497577667,1,-2.20399270765,86dd3a804d78ca5d203ebf98747e8f16dff9713ba8950097ceb760b161e19907,Domains_Alloy
1371,-7.737349399313016,-7.042352497577667,1,-2.20399270765,86dd3a804d78ca5d203ebf98747e8f16dff9713ba8950097ceb760b161e19907,Domains_Alloy
1372,-7.738059614027529,-7.042352497577667,1,-2.20399270765,86dd3a804d78ca5d203ebf98747e8f16dff9713ba8950097ceb760b161e19907,Domains_Alloy
1373,-7.738769976642009,-7.042352497577667,1,-2.20399270765,86dd3a804d78ca5d203ebf98747e8f16dff9713ba8950097ceb760b161e19907,Domains_Alloy
1374,-7.739480487048892,-7.042352497577667,1,-2.20399270765,86dd3a804d78ca5d203ebf98747e8f16dff9713ba8950097ceb760b161e19907,Domains_Alloy
1375,-7.740191145140769,-7.042352497577667,1,-2.20399270765,86dd3a804d78ca5d203ebf98747e8f16dff9713ba8950097ceb760b161e19907,Domains_Alloy
1376,-7.740901950810389,-7.042352497577667,1,-2.20399270765,86dd3a804d78ca5d203ebf98747e8f16dff9713ba8950097ceb760b161e19907,Domains_Alloy
1377,-7.741612903950655,-7.042352497577667,1,-2.20399270765,86dd3a804d78ca5d203ebf98747e8f16dff9713ba8950097ceb760b161e19907,Domains_Alloy
1378,-7.742324004454625,-7.042352497577667,1,-2.20399270765,86dd3a804d78ca5d203ebf98747e8f16dff9713ba8950097ceb760b161e19907,Domains_Alloy
1379,-7.743035252215515,-7.042352497577667,1,-2.20399270765,86dd3a804d78ca5d203ebf98747e8f16dff9713ba8950097ceb760b161e19907,Domains_Alloy
1380,-7.743746647126691,-7.042352497577667,1,-2.20399270765,86dd3a804d78ca5d203ebf98747e8f16dff9713ba8950097ceb760b161e19907,Domains_Alloy
1381,-7.744458189081676,-7.042352497577667,1,-2.20399270765,86dd3a804d78ca5d203ebf98747e8f16dff9713ba8950097ceb760b161e19907,Domains_Alloy
1382,-7.745169877974146,-7.042352497577667,1,-2.20399270765,86dd3a804d78ca5d203ebf98747e8f16dff9713ba8950097ceb760b161e19907,Domains_Alloy
1383,-7.745881713697932,-7.042352497577667,1,-2.20399270765,86dd3a804d78ca5d203ebf98747e8f16dff9713ba8950097ceb760b161e19907,Domains_Alloy
1384,-7.746593696147015,-7.042352497577667,1,-2.20399270765,86dd3a804d78ca5d203ebf98747e8f16dff9713ba8950097ceb760b161e19907,Domains_Alloy
1385,-7.747305825215534,-7.042352497577667,1,-2.20399270765,86dd3a804d78ca5d203ebf98747e8f16dff9713ba8950097ceb760b161e19907,Domains_Alloy
1386,-7.748018100797775,-7.042352497577667,1,-2.20399270765,86dd3a804d78ca5d203ebf98747e8f16dff9713ba8950097ceb760b161e19907,Domains_Alloy
1387,-7.748730522788179,-7.042352497577667,1,-2.20399270765,86dd3a804d78ca5d203ebf98747e8f16dff9713ba8950097ceb760b161e19907,Domains_Alloy
1388,-7.749443091081338,-7.042352497577667,1,-2.20399270765,86dd3a804d78ca5d203ebf98747e8f16dff9713ba8950097ceb760b161e19907,Domains_Alloy
1389,-7.750155805571998,-7.042352497577667,1,-2.20399270765,86dd3a804d78ca5d203ebf98747e8f16dff9713ba8950097ceb760b161e19907,Domains_Alloy
1390,-7.750868666155053,-7.042352497577667,1,-2.20399270765,86dd3a804d78ca5d203ebf98747e8f16dff9713ba8950097ceb760b161e19907,Domains_Alloy
1391,-7.751581672725549,-7.042352497577667,1,-2.20399270765,86dd3a804d78ca5d203ebf98747e8f16dff9713ba8950097ceb760b161e19907,Domains_Alloy
1392,-7.752294825178683,-7.042352497577667,1,-2.20399270765,86dd3a804d78ca5d203ebf98747e8f16dff9713ba8950097ceb760b161e19907,Domains_Alloy
1393,-7.753008123409803,-7.042352497577667,1,-2.20399270765,86dd3a804d78ca5d203ebf98747e8f16dff9713ba8950097ceb760b161e19907,Domains_Alloy
1394,-7.753721567314405,-7.042352497577667,1,-2.20399270765,86dd3a804d78ca5d203ebf98747e8f16dff9713ba8950097ceb760b161e19907,Domains_Alloy
1395,-7.754435156788135,-7.042352497577667,1,-2.20399270765,86dd3a804d78ca5d203ebf98747e8f16dff9713ba8950097ceb760b161e19907,Domains_Alloy
1396,-7.755148891726791,-7.042352497577667,1,-2.20399270765,86dd3a804d78ca5d203ebf98747e8f16dff9713ba8950097ceb760b161e19907,Domains_Alloy
1397,-7.755862772026317,-7.042352497577667,1,-2.20399270765,86dd3a804d78ca5d203ebf98747e8f16dff9713ba8950097ceb760b161e19907,Domains_Alloy
1398,-7.756576797582807,-7.042352497577667,1,-2.20399270765,86dd3a804d78ca5d203ebf98747e8f16dff9713ba8950097ceb760b161e19907,Domains_Alloy
1399,-7.757290968292501,-7.042352497577667,1,-2.20399270765,86dd3a804d78ca5d203ebf98747e8f16dff9713ba8950097ceb760b161e19907,Domains_Alloy
1400,-7.758005284051792,-7.042352497577667,1,-2.20399270765,86dd3a804d78ca5d203ebf98747e8f16dff9713ba8950097ceb760b161e19907,Domains_Alloy
1401,-7.758719744757214,-7.042352497577667,1,-2.20399270765,86dd3a804d78ca5d203ebf98747e8f16dff9713ba8950097ceb760b161e19907,Domains_Alloy
1402,-7.759434350305455,-7.042352497577667,1,-2.20399270765,86dd3a804d78ca5d203ebf98747e8f16dff9713ba8950097ceb760b161e19907,Domains_Alloy
1403,-7.760149100593345,-7.042352497577667,1,-2.20399270765,86dd3a804d78ca5d203ebf98747e8f16dff9713ba8950097ceb760b161e19907,Domains_Alloy
1404,-7.760863995517864,-7.042352497577667,1,-2.20399270765,86dd3a804d78ca5d203ebf98747e8f16dff9713ba8950097ceb760b161e19907,Domains_Alloy
1405,-7.761579034976138,-7.042352497577667,1,-2.20399270765,86dd3a804d78ca5d203ebf98747e8f16dff9713ba8950097ceb760b161e19907,Domains_Alloy
1406,-7.762294218865437,-7.042352497577667,1,-2.20399270765,86dd3a804d78ca5d203ebf98747e8f16dff9713ba8950097ceb760b161e19907,Domains_Alloy
1407,-7.763009547083179,-7.042352497577667,1,-2.20399270765,86dd3a804d78ca5d203ebf98747e8f16dff9713ba8950097ceb760b161e19907,Domains_Alloy
1408,-7.763725019526927,-7.042352497577667,1,-2.20399270765,86dd3a804d78ca5d203ebf98747e8f16dff9713ba8950097ceb760b161e19907,Domains_Alloy
1409,-7.764440636094387,-7.042352497577667,1,-2.20399270765,86dd3a804d78ca5d203ebf98747e8f16dff9713ba8950097ceb760b161e19907,Domains_Alloy
1410,-7.765156396683415,-7.042352497577667,1,-2.20399270765,86dd3a804d78ca5d203ebf98747e8f16dff9713ba8950097ceb760b161e19907,Domains_Alloy
1411,-7.765872301192007,-7.042352497577667,1,-2.20399270765,86dd3a804d78ca5d203ebf98747e8f16dff9713ba8950097ceb760b161e19907,Domains_Alloy
1412,-7.766588349518305,-7.042352497577667,1,-2.20399270765,86dd3a804d78ca5d203ebf98747e8f16dff9713ba8950097ceb760b161e19907,Domains_Alloy
1413,-7.767304541560593,-7.042352497577667,1,-2.20399270765,86dd3a804d78ca5d203ebf98747e8f16dff9713ba8950097ceb760b161e19907,Domains_Alloy
1414,-7.768020877217303,-7.042352497577667,1,-2.20399270765,86dd3a804d78ca5d203ebf98747e8f16dff9713ba8950097ceb760b161e19907,Domains_Alloy
1415,-7.768737356387006,-7.042352497577667,1,-2.20399270765,86dd3a804d78ca5d203ebf98747e8f16dff9713ba8950097ceb760b161e19907,Domains_Alloy
1416,-7.769453978968419,-7.042352497577667,1,-2.20399270765,86dd3a804d78ca5d203ebf98747e8f16dff9713ba8950097ceb760b161e19907,Domains_Alloy
1417,-7.7701707448604,-7.042352497577667,1,-2.20399270765,86dd3a804d78ca5d203ebf98747e8f16dff9713ba8950097ceb760b161e19907,Domains_Alloy
1418,-7.77088765396195,-7.042352497577667,1,-2.20399270765,86dd3a804d78ca5d203ebf98747e8f16dff9713ba8950097ceb760b161e19907,Domains_Alloy
1419,-7.771604706172212,-7.042352497577667,1,-2.20399270765,86dd3a804d78ca5d203ebf98747e8f16dff9713ba8950097ceb760b161e19907,Domains_Alloy
1420,-7.772321901390472,-7.042352497577667,1,-2.20399270765,86dd3a804d78ca5d203ebf98747e8f16dff9713ba8950097ceb760b161e19907,Domains_Alloy
1421,-7.773039239516156,-7.042352497577667,1,-2.20399270765,86dd3a804d78ca5d203ebf98747e8f16dff9713ba8950097ceb760b161e19907,Domains_Alloy
1422,-7.773756720448833,-7.042352497577667,1,-2.20399270765,86dd3a804d78ca5d203ebf98747e8f16dff9713ba8950097ceb760b161e19907,Domains_Alloy
1423,-7.77447434408821,-7.042352497577667,1,-2.20399270765,86dd3a804d78ca5d203ebf98747e8f16dff9713ba8950097ceb760b161e19907,Domains_Alloy
1424,-7.775192110334138,-7.042352497577667,1,-2.20399270765,86dd3a804d78ca5d203ebf98747e8f16dff9713ba8950097ceb760b161e19907,Domains_Alloy
1425,-7.775910019086605,-7.042352497577667,1,-2.20399270765,86dd3a804d78ca5d203ebf98747e8f16dff9713ba8950097ceb760b161e19907,Domains_Alloy
1426,-7.776628070245744,-7.042352497577667,1,-2.20399270765,86dd3a804d78ca5d203ebf98747e8f16dff9713ba8950097ceb760b161e19907,Domains_Alloy
1427,-7.777346263711823,-7.042352497577667,1,-2.20399270765,86dd3a804d78ca5d203ebf98747e8f16dff9713ba8950097ceb760b161e19907,Domains_Alloy
1428,-7.778064599385251,-7.042352497577667,1,-2.20399270765,86dd3a804d78ca5d203ebf98747e8f16dff9713ba8950097ceb760b161e19907,Domains_Alloy
1429,-7.778783077166578,-7.042352497577667,1,-2.20399270765,86dd3a804d78ca5d203ebf98747e8f16dff9713ba8950097ceb760b161e19907,Domains_Alloy
1430,-7.779501696956491,-7.042352497577667,1,-2.20399270765,86dd3a804d78ca5d203ebf98747e8f16dff9713ba8950097ceb760b161e19907,Domains_Alloy
1431,-7.780220458655814,-7.042352497577667,1,-2.20399270765,86dd3a804d78ca5d203ebf98747e8f16dff9713ba8950097ceb760b161e19907,Domains_Alloy
1432,-7.780939362165514,-7.042352497577667,1,-2.20399270765,86dd3a804d78ca5d203ebf98747e8f16dff9713ba8950097ceb760b161e19907,Domains_Alloy
1433,-7.781658407386691,-7.042352497577667,1,-2.20399270765,86dd3a804d78ca5d203ebf98747e8f16dff9713ba8950097ceb760b161e19907,Domains_Alloy
1434,-7.782377594220588,-7.042352497577667,1,-2.20399270765,86dd3a804d78ca5d203ebf98747e8f16dff9713ba8950097ceb760b161e19907,Domains_Alloy
1435,-7.78309692256858,-7.042352497577667,1,-2.20399270765,86dd3a804d78ca5d203ebf98747e8f16dff9713ba8950097ceb760b161e19907,Domains_Alloy
1436,-7.783816392332184,-7.042352497577667,1,-2.20399270765,86dd3a804d78ca5d203ebf98747e8f16dff9713ba8950097ceb760b161e19907,Domains_Alloy
1437,-7.78453600341305,-7.042352497577667,1,-2.20399270765,86dd3a804d78ca5d203ebf98747e8f16dff9713ba8950097ceb760b161e19907,Domains_Alloy
1438,-7.785255755712967,-7.042352497577667,1,-2.20399270765,86dd3a804d78ca5d203ebf98747e8f16dff9713ba8950097ceb760b161e19907,Domains_Alloy
1439,-7.785975649133859,-7.042352497577667,1,-2.20399270765,86dd3a804d78ca5d203ebf98747e8f16dff9713ba8950097ceb760b161e19907,Domains_Alloy
1440,-7.786695683577788,-7.042352497577667,1,-2.20399270765,86dd3a804d78ca5d203ebf98747e8f16dff9713ba8950097ceb760b161e19907,Domains_Alloy
1441,-7.787415858946949,-7.042352497577667,1,-2.20399270765,86dd3a804d78ca5d203ebf98747e8f16dff9713ba8950097ceb760b161e19907,Domains_Alloy
1442,-7.788136175143675,-7.042352497577667,1,-2.20399270765,86dd3a804d78ca5d203ebf98747e8f16dff9713ba8950097ceb760b161e19907,Domains_Alloy
1443,-7.788856632070432,-7.042352497577667,1,-2.20399270765,86dd3a804d78ca5d203ebf98747e8f16dff9713ba8950097ceb760b161e19907,Domains_Alloy
1444,-7.789577229629824,-7.042352497577667,1,-2.20399270765,86dd3a804d78ca5d203ebf98747e8f16dff9713ba8950097ceb760b161e19907,Domains_Alloy
1445,-7.790297967724585,-7.042352497577667,1,-2.20399270765,86dd3a804d78ca5d203ebf98747e8f16dff9713ba8950097ceb760b161e19907,Domains_Alloy
1446,-7.791018846257588,-7.042352497577667,1,-2.20399270765,86dd3a804d78ca5d203ebf98747e8f16dff9713ba8950097ceb760b161e19907,Domains_Alloy
1447,-7.791739865131836,-7.042352497577667,1,-2.20399270765,86dd3a804d78ca5d203ebf98747e8f16dff9713ba8950097ceb760b161e19907,Domains_Alloy
1448,-7.79246102425047,-7.042352497577667,1,-2.20399270765,86dd3a804d78ca5d203ebf98747e8f16dff9713ba8950097ceb760b161e19907,Domains_Alloy
1449,-7.793182323516763,-7.042352497577667,1,-2.20399270765,86dd3a804d78ca5d203ebf98747e8f16dff9713ba8950097ceb760b161e19907,Domains_Alloy
1450,-7.793903762834118,-7.042352497577667,1,-2.20399270765,86dd3a804d78ca5d203ebf98747e8f16dff9713ba8950097ceb760b161e19907,Domains_Alloy
1451,-7.794625342106075,-7.042352497577667,1,-2.20399270765,86dd3a804d78ca5d203ebf98747e8f16dff9713ba8950097ceb760b161e19907,Domains_Alloy
1452,-7.795347061236305,-7.042352497577667,1,-2.20399270765,86dd3a804d78ca5d203ebf98747e8f16dff9713ba8950097ceb760b161e19907,Domains_Alloy
1453,-7.796068920128613,-7.042352497577667,1,-2.20399270765,86dd3a804d78ca5d203ebf98747e8f16dff9713ba8950097ceb760b161e19907,Domains_Alloy
1454,-7.796790918686933,-7.042352497577667,1,-2.20399270765,86dd3a804d78ca5d203ebf98747e8f16dff9713ba8950097ceb760b161e19907,Domains_Alloy
1455,-7.797513056815334,-7.042352497577667,1,-2.20399270765,86dd3a804d78ca5d203ebf98747e8f16dff9713ba8950097ceb760b161e19907,Domains_Alloy
1456,-7.798235334418015,-7.042352497577667,1,-2.20399270765,86dd3a804d78ca5d203ebf98747e8f16dff9713ba8950097ceb760b161e19907,Domains_Alloy
1457,-7.798957751399307,-7.042352497577667,1,-2.20399270765,86dd3a804d78ca5d203ebf98747e8f16dff9713ba8950097ceb760b161e19907,Domains_Alloy
1458,-7.799680307663671,-7.042352497577667,1,-2.20399270765,86dd3a804d78ca5d203ebf98747e8f16dff9713ba8950097ceb760b161e19907,Domains_Alloy
1459,-7.800403003115702,-7.042352497577667,1,-2.20399270765,86dd3a804d78ca5d203ebf98747e8f16dff9713ba8950097ceb760b161e19907,Domains_Alloy
1460,-7.801125837660119,-7.042352497577667,1,-2.20399270765,86dd3a804d78ca5d203ebf98747e8f16dff9713ba8950097ceb760b161e19907,Domains_Alloy
1461,-7.801848811201779,-7.042352497577667,1,-2.20399270765,86dd3a804d78ca5d203ebf98747e8f16dff9713ba8950097ceb760b161e19907,Domains_Alloy
1462,-7.802571923645664,-7.042352497577667,1,-2.20399270765,86dd3a804d78ca5d203ebf98747e8f16dff9713ba8950097ceb760b161e19907,Domains_Alloy
1463,-7.803295174896887,-7.042352497577667,1,-2.20399270765,86dd3a804d78ca5d203ebf98747e8f16dff9713ba8950097ceb760b161e19907,Domains_Alloy
1464,-7.804018564860692,-7.042352497577667,1,-2.20399270765,86dd3a804d78ca5d203ebf98747e8f16dff9713ba8950097ceb760b161e19907,Domains_Alloy
1465,-7.804742093442449,-7.042352497577667,1,-2.20399270765,86dd3a804d78ca5d203ebf98747e8f16dff9713ba8950097ceb760b161e19907,Domains_Alloy
1466,-7.805465760547659,-7.042352497577667,1,-2.20399270765,86dd3a804d78ca5d203ebf98747e8f16dff9713ba8950097ceb760b161e19907,Domains_Alloy
1467,-7.806189566081953,-7.042352497577667,1,-2.20399270765,86dd3a804d78ca5d203ebf98747e8f16dff9713ba8950097ceb760b161e19907,Domains_Alloy
1468,-7.806913509951086,-7.042352497577667,1,-2.20399270765,86dd3a804d78ca5d203ebf98747e8f16dff9713ba8950097ceb760b161e19907,Domains_Alloy
1469,-7.807637592060947,-7.042352497577667,1,-2.20399270765,86dd3a804d78ca5d203ebf98747e8f16dff9713ba8950097ceb760b161e19907,Domains_Alloy
1470,-7.808361812317548,-7.042352497577667,1,-2.20399270765,86dd3a804d78ca5d203ebf98747e8f16dff9713ba8950097ceb760b161e19907,Domains_Alloy
1471,-7.809086170627031,-7.042352497577667,1,-2.20399270765,86dd3a804d78ca5d203ebf98747e8f16dff9713ba8950097ceb760b161e19907,Domains_Alloy
1472,-7.809810666895665,-7.042352497577667,1,-2.20399270765,86dd3a804d78ca5d203ebf98747e8f16dff9713ba8950097ceb760b161e19907,Domains_Alloy
1473,-7.810535301029846,-7.042352497577667,1,-2.20399270765,86dd3a804d78ca5d203ebf98747e8f16dff9713ba8950097ceb760b161e19907,Domains_Alloy
1474,-7.811260072936096,-7.042352497577667,1,-2.20399270765,86dd3a804d78ca5d203ebf98747e8f16dff9713ba8950097ceb760b161e19907,Domains_Alloy
1475,-7.811984982521066,-7.042352497577667,1,-2.20399270765,86dd3a804d78ca5d203ebf98747e8f16dff9713ba8950097ceb760b161e19907,Domains_Alloy
1476,-7.812710029691531,-7.042352497577667,1,-2.20399270765,86dd3a804d78ca5d203ebf98747e8f16dff9713ba8950097ceb760b161e19907,Domains_Alloy
1477,-7.813435214354392,-7.042352497577667,1,-2.20399270765,86dd3a804d78ca5d203ebf98747e8f16dff9713ba8950097ceb760b161e19907,Domains_Alloy
1478,-7.814160536416678,-7.042352497577667,1,-2.20399270765,86dd3a804d78ca5d203ebf98747e8f16dff9713ba8950097ceb760b161e19907,Domains_Alloy
1479,-7.814885995785541,-7.042352497577667,1,-2.20399270765,86dd3a804d78ca5d203ebf98747e8f16dff9713ba8950097ceb760b161e19907,Domains_Alloy
1480,-7.815611592368262,-7.042352497577667,1,-2.20399270765,86dd3a804d78ca5d203ebf98747e8f16dff9713ba8950097ceb760b161e19907,Domains_Alloy
1481,-7.816337326072241,-7.042352497577667,1,-2.20399270765,86dd3a804d78ca5d203ebf98747e8f16dff9713ba8950097ceb760b161e19907,Domains_Alloy
1482,-7.817063196805009,-7.042352497577667,1,-2.20399270765,86dd3a804d78ca5d203ebf98747e8f16dff9713ba8950097ceb760b161e19907,Domains_Alloy
1483,-7.817789204474218,-7.042352497577667,1,-2.20399270765,86dd3a804d78ca5d203ebf98747e8f16dff9713ba8950097ceb760b161e19907,Domains_Alloy
1484,-7.818515348987646,-7.042352497577667,1,-2.20399270765,86dd3a804d78ca5d203ebf98747e8f16dff9713ba8950097ceb760b161e19907,Domains_Alloy
1485,-7.819241630253194,-7.042352497577667,1,-2.20399270765,86dd3a804d78ca5d203ebf98747e8f16dff9713ba8950097ceb760b161e19907,Domains_Alloy
1486,-7.819968048178886,-7.042352497577667,1,-2.20399270765,86dd3a804d78ca5d203ebf98747e8f16dff9713ba8950097ceb760b161e19907,Domains_Alloy
1487,-7.820694602672873,-7.042352497577667,1,-2.20399270765,86dd3a804d78ca5d203ebf98747e8f16dff9713ba8950097ceb760b161e19907,Domains_Alloy
1488,-7.821421293643426,-7.042352497577667,1,-2.20399270765,86dd3a804d78ca5d203ebf98747e8f16dff9713ba8950097ceb760b161e19907,Domains_Alloy
1489,-7.822148120998939,-7.042352497577667,1,-2.20399270765,86dd3a804d78ca5d203ebf98747e8f16dff9713ba8950097ceb760b161e19907,Domains_Alloy
1490,-7.822875084647932,-7.042352497577667,1,-2.20399270765,86dd3a804d78ca5d203ebf98747e8f16dff9713ba8950097ceb760b161e19907,Domains_Alloy
1491,-7.823602184499045,-7.042352497577667,1,-2.20399270765,86dd3a804d78ca5d203ebf98747e8f16dff9713ba8950097ceb760b161e19907,Domains_Alloy
1492,-7.824329420461039,-7.042352497577667,1,-2.20399270765,86dd3a804d78ca5d203ebf98747e8f16dff9713ba8950097ceb760b161e19907,Domains_Alloy
1493,-7.825056792442799,-7.042352497577667,1,-2.20399270765,86dd3a804d78ca5d203ebf98747e8f16dff9713ba8950097ceb760b161e19907,Domains_Alloy
1494,-7.825784300353336,-7.042352497577667,1,-2.20399270765,86dd3a804d78ca5d203ebf98747e8f16dff9713ba8950097ceb760b161e19907,Domains_Alloy
1495,-7.826511944101773,-7.042352497577667,1,-2.20399270765,86dd3a804d78ca5d203ebf98747e8f16dff9713ba8950097ceb760b161e19907,Domains_Alloy
1496,-7.827239723597361,-7.042352497577667,1,-2.20399270765,86dd3a804d78ca5d203ebf98747e8f16dff9713ba8950097ceb760b161e19907,Domains_Alloy
1497,-7.827967638749473,-7.042352497577667,1,-2.20399270765,86dd3a804d78ca5d203ebf98747e8f16dff9713ba8950097ceb760b161e19907,Domains_Alloy
1498,-7.828695689467599,-7.042352497577667,1,-2.20399270765,86dd3a804d78ca5d203ebf98747e8f16dff9713ba8950097ceb760b161e19907,Domains_Alloy
1499,-7.829423875661351,-7.042352497577667,1,-2.20399270765,86dd3a804d78ca5d203ebf98747e8f16dff9713ba8950097ceb760b161e19907,Domains_Alloy
1500,-7.830152197240462,-7.042352497577667,1,-2.20399270765,86dd3a804d78ca5d203ebf98747e8f16dff9713ba8950097ceb760b161e19907,Domains_Alloy
1501,-7.830880654114784,-7.042352497577667,1,-2.20399270765,86dd3a804d78ca5d203ebf98747e8f16dff9713ba8950097ceb760b161e19907,Domains_Alloy
1502,-7.831609246194292,-7.042352497577667,1,-2.20399270765,86dd3a804d78ca5d203ebf98747e8f16dff9713ba8950097ceb760b161e19907,Domains_Alloy
1503,-7.832337973389075,-7.042352497577667,1,-2.20399270765,86dd3a804d78ca5d203ebf98747e8f16dff9713ba8950097ceb760b161e19907,Domains_Alloy
1504,-7.833066835609348,-7.042352497577667,1,-2.20399270765,86dd3a804d78ca5d203ebf98747e8f16dff9713ba8950097ceb760b161e19907,Domains_Alloy
1505,-7.833795832765438,-7.042352497577667,1,-2.20399270765,86dd3a804d78ca5d203ebf98747e8f16dff9713ba8950097ceb760b161e19907,Domains_Alloy
1506,-7.834524964767799,-7.042352497577667,1,-2.20399270765,86dd3a804d78ca5d203ebf98747e8f16dff9713ba8950097ceb760b161e19907,Domains_Alloy
1507,-7.835254231526997,-7.042352497577667,1,-2.20399270765,86dd3a804d78ca5d203ebf98747e8f16dff9713ba8950097ceb760b161e19907,Domains_Alloy
1508,-7.835983632953719,-7.042352497577667,1,-2.20399270765,86dd3a804d78ca5d203ebf98747e8f16dff9713ba8950097ceb760b161e19907,Domains_Alloy
1509,-7.836713168958772,-7.042352497577667,1,-2.20399270765,86dd3a804d78ca5d203ebf98747e8f16dff9713ba8950097ceb760b161e19907,Domains_Alloy
1510,-7.837442839453079,-7.042352497577667,1,-2.20399270765,86dd3a804d78ca5d203ebf98747e8f16dff9713ba8950097ceb760b161e19907,Domains_Alloy
1511,-7.838172644347678,-7.042352497577667,1,-2.20399270765,86dd3a804d78ca5d203ebf98747e8f16dff9713ba8950097ceb760b161e19907,Domains_Alloy
1512,-7.838902583553731,-7.042352497577667,1,-2.20399270765,86dd3a804d78ca5d203ebf98747e8f16dff9713ba8950097ceb760b161e19907,Domains_Alloy
1513,-7.839632656982513,-7.042352497577667,1,-2.20399270765,86dd3a804d78ca5d203ebf98747e8f16dff9713ba8950097ceb760b161e19907,Domains_Alloy
1514,-7.840362864545416,-7.042352497577667,1,-2.20399270765,86dd3a804d78ca5d203ebf98747e8f16dff9713ba8950097ceb760b161e19907,Domains_Alloy
1515,-7.84109320615395,-7.042352497577667,1,-2.20399270765,86dd3a804d78ca5d203ebf98747e8f16dff9713ba8950097ceb760b161e19907,Domains_Alloy
1516,-7.841823681719744,-7.042352497577667,1,-2.20399270765,86dd3a804d78ca5d203ebf98747e8f16dff9713ba8950097ceb760b161e19907,Domains_Alloy
1517,-7.842554291154537,-7.042352497577667,1,-2.20399270765,86dd3a804d78ca5d203ebf98747e8f16dff9713ba8950097ceb760b161e19907,Domains_Alloy
1518,-7.843285034370189,-7.042352497577667,1,-2.20399270765,86dd3a804d78ca5d203ebf98747e8f16dff9713ba8950097ceb760b161e19907,Domains_Alloy
1519,-7.844015911278676,-7.042352497577667,1,-2.20399270765,86dd3a804d78ca5d203ebf98747e8f16dff9713ba8950097ceb760b161e19907,Domains_Alloy
1520,-7.844746921792089,-7.042352497577667,1,-2.20399270765,86dd3a804d78ca5d203ebf98747e8f16dff9713ba8950097ceb760b161e19907,Domains_Alloy
1521,-7.845478065822632,-7.042352497577667,1,-2.20399270765,86dd3a804d78ca5d203ebf98747e8f16dff9713ba8950097ceb760b161e19907,Domains_Alloy
1522,-7.846209343282627,-7.042352497577667,1,-2.20399270765,86dd3a804d78ca5d203ebf98747e8f16dff9713ba8950097ceb760b161e19907,Domains_Alloy
1523,-7.84694075408451,-7.042352497577667,1,-2.20399270765,86dd3a804d78ca5d203ebf98747e8f16dff9713ba8950097ceb760b161e19907,Domains_Alloy
1524,-7.847672298140835,-7.042352497577667,1,-2.20399270765,86dd3a804d78ca5d203ebf98747e8f16dff9713ba8950097ceb760b161e19907,Domains_Alloy
1525,-7.848403975364263,-7.042352497577667,1,-2.20399270765,86dd3a804d78ca5d203ebf98747e8f16dff9713ba8950097ceb760b161e19907,Domains_Alloy
1526,-7.849135785667577,-7.042352497577667,1,-2.20399270765,86dd3a804d78ca5d203ebf98747e8f16dff9713ba8950097ceb760b161e19907,Domains_Alloy
1527,-7.84986772896367,-7.042352497577667,1,-2.20399270765,86dd3a804d78ca5d203ebf98747e8f16dff9713ba8950097ceb760b161e19907,Domains_Alloy
1528,-7.850599805165549,-7.042352497577667,1,-2.20399270765,86dd3a804d78ca5d203ebf98747e8f16dff9713ba8950097ceb760b161e19907,Domains_Alloy
1529,-7.851332014186339,-7.042352497577667,1,-2.20399270765,86dd3a804d78ca5d203ebf98747e8f16dff9713ba8950097ceb760b161e19907,Domains_Alloy
1530,-7.85206435593927,-7.042352497577667,1,-2.20399270765,86dd3a804d78ca5d203ebf98747e8f16dff9713ba8950097ceb760b161e19907,Domains_Alloy
1531,-7.852796830337694,-7.042352497577667,1,-2.20399270765,86dd3a804d78ca5d203ebf98747e8f16dff9713ba8950097ceb760b161e19907,Domains_Alloy
1532,-7.853529437295073,-7.042352497577667,1,-2.20399270765,86dd3a804d78ca5d203ebf98747e8f16dff9713ba8950097ceb760b161e19907,Domains_Alloy
1533,-7.854262176724977,-7.042352497577667,1,-2.20399270765,86dd3a804d78ca5d203ebf98747e8f16dff9713ba8950097ceb760b161e19907,Domains_Alloy
1534,-7.854995048541095,-7.042352497577667,1,-2.20399270765,86dd3a804d78ca5d203ebf98747e8f16dff9713ba8950097ceb760b161e19907,Domains_Alloy
1535,-7.855728052657228,-7.042352497577667,1,-2.20399270765,86dd3a804d78ca5d203ebf98747e8f16dff9713ba8950097ceb760b161e19907,Domains_Alloy
1536,-7.856461188987283,-7.042352497577667,1,-2.20399270765,86dd3a804d78ca5d203ebf98747e8f16dff9713ba8950097ceb760b161e19907,Domains_Alloy
1537,-7.857194457445285,-7.042352497577667,1,-2.20399270765,86dd3a804d78ca5d203ebf98747e8f16dff9713ba8950097ceb760b161e19907,Domains_Alloy
1538,-7.857927857945369,-7.042352497577667,1,-2.20399270765,86dd3a804d78ca5d203ebf98747e8f16dff9713ba8950097ceb760b161e19907,Domains_Alloy
1539,-7.85866139040178,-7.042352497577667,1,-2.20399270765,86dd3a804d78ca5d203ebf98747e8f16dff9713ba8950097ceb760b161e19907,Domains_Alloy
1540,-7.859395054728876,-7.042352497577667,1,-2.20399270765,86dd3a804d78ca5d203ebf98747e8f16dff9713ba8950097ceb760b161e19907,Domains_Alloy
1541,-7.860128850841125,-7.042352497577667,1,-2.20399270765,86dd3a804d78ca5d203ebf98747e8f16dff9713ba8950097ceb760b161e19907,Domains_Alloy
1542,-7.860862778653107,-7.042352497577667,1,-2.20399270765,86dd3a804d78ca5d203ebf98747e8f16dff9713ba8950097ceb760b161e19907,Domains_Alloy
1543,-7.861596838079512,-7.042352497577667,1,-2.20399270765,86dd3a804d78ca5d203ebf98747e8f16dff9713ba8950097ceb760b161e19907,Domains_Alloy
1544,-7.862331029035138,-7.042352497577667,1,-2.20399270765,86dd3a804d78ca5d203ebf98747e8f16dff9713ba8950097ceb760b161e19907,Domains_Alloy
1545,-7.863065351434898,-7.042352497577667,1,-2.20399270765,86dd3a804d78ca5d203ebf98747e8f16dff9713ba8950097ceb760b161e19907,Domains_Alloy
1546,-7.86379980519381,-7.042352497577667,1,-2.20399270765,86dd3a804d78ca5d203ebf98747e8f16dff9713ba8950097ceb760b161e19907,Domains_Alloy
1547,-7.864534390227005,-7.042352497577667,1,-2.20399270765,86dd3a804d78ca5d203ebf98747e8f16dff9713ba8950097ceb760b161e19907,Domains_Alloy
1548,-7.865269106449723,-7.042352497577667,1,-2.20399270765,86dd3a804d78ca5d203ebf98747e8f16dff9713ba8950097ceb760b161e19907,Domains_Alloy
1549,-7.866003953777313,-7.042352497577667,1,-2.20399270765,86dd3a804d78ca5d203ebf98747e8f16dff9713ba8950097ceb760b161e19907,Domains_Alloy
1550,-7.866738932125234,-7.042352497577667,1,-2.20399270765,86dd3a804d78ca5d203ebf98747e8f16dff9713ba8950097ceb760b161e19907,Domains_Alloy
1551,-7.86747404140905,-7.042352497577667,1,-2.20399270765,86dd3a804d78ca5d203ebf98747e8f16dff9713ba8950097ceb760b161e19907,Domains_Alloy
1552,-7.868209281544439,-7.042352497577667,1,-2.20399270765,86dd3a804d78ca5d203ebf98747e8f16dff9713ba8950097ceb760b161e19907,Domains_Alloy
1553,-7.868944652447183,-7.042352497577667,1,-2.20399270765,86dd3a804d78ca5d203ebf98747e8f16dff9713ba8950097ceb760b161e19907,Domains_Alloy
1554,-7.869680154033177,-7.042352497577667,1,-2.20399270765,86dd3a804d78ca5d203ebf98747e8f16dff9713ba8950097ceb760b161e19907,Domains_Alloy
1555,-7.87041578621842,-7.042352497577667,1,-2.20399270765,86dd3a804d78ca5d203ebf98747e8f16dff9713ba8950097ceb760b161e19907,Domains_Alloy
1556,-7.87115154891902,-7.042352497577667,1,-2.20399270765,86dd3a804d78ca5d203ebf98747e8f16dff9713ba8950097ceb760b161e19907,Domains_Alloy
1557,-7.871887442051193,-7.042352497577667,1,-2.20399270765,86dd3a804d78ca5d203ebf98747e8f16dff9713ba8950097ceb760b161e19907,Domains_Alloy
1558,-7.872623465531263,-7.042352497577667,1,-2.20399270765,86dd3a804d78ca5d203ebf98747e8f16dff9713ba8950097ceb760b161e19907,Domains_Alloy
1559,-7.873359619275661,-7.042352497577667,1,-2.20399270765,86dd3a804d78ca5d203ebf98747e8f16dff9713ba8950097ceb760b161e19907,Domains_Alloy
1560,-7.874095903200924,-7.042352497577667,1,-2.20399270765,86dd3a804d78ca5d203ebf98747e8f16dff9713ba8950097ceb760b161e19907,Domains_Alloy
1561,-7.874832317223696,-7.042352497577667,1,-2.20399270765,86dd3a804d78ca5d203ebf98747e8f16dff9713ba8950097ceb760b161e19907,Domains_Alloy
1562,-7.875568861260728,-7.042352497577667,1,-2.20399270765,86dd3a804d78ca5d203ebf98747e8f16dff9713ba8950097ceb760b161e19907,Domains_Alloy
1563,-7.876305535228878,-7.042352497577667,1,-2.20399270765,86dd3a804d78ca5d203ebf98747e8f16dff9713ba8950097ceb760b161e19907,Domains_Alloy
1564,-7.877042339045111,-7.042352497577667,1,-2.20399270765,86dd3a804d78ca5d203ebf98747e8f16dff9713ba8950097ceb760b161e19907,Domains_Alloy
1565,-7.877779272626494,-7.042352497577667,1,-2.20399270765,86dd3a804d78ca5d203ebf98747e8f16dff9713ba8950097ceb760b161e19907,Domains_Alloy
1566,-7.878516335890204,-7.042352497577667,1,-2.20399270765,86dd3a804d78ca5d203ebf98747e8f16dff9713ba8950097ceb760b161e19907,Domains_Alloy
1567,-7.879253528753523,-7.042352497577667,1,-2.20399270765,86dd3a804d78ca5d203ebf98747e8f16dff9713ba8950097ceb760b161e19907,Domains_Alloy
1568,-7.879990851133835,-7.042352497577667,1,-2.20399270765,86dd3a804d78ca5d203ebf98747e8f16dff9713ba8950097ceb760b161e19907,Domains_Alloy
1569,-7.880728302948635,-7.042352497577667,1,-2.20399270765,86dd3a804d78ca5d203ebf98747e8f16dff9713ba8950097ceb760b161e19907,Domains_Alloy
1570,-7.881465884115516,-7.042352497577667,1,-2.20399270765,86dd3a804d78ca5d203ebf98747e8f16dff9713ba8950097ceb760b161e19907,Domains_Alloy
1571,-7.882203594552183,-7.042352497577667,1,-2.20399270765,86dd3a804d78ca5d203ebf98747e8f16dff9713ba8950097ceb760b161e19907,Domains_Alloy
1572,-7.882941434176439,-7.042352497577667,1,-2.20399270765,86dd3a804d78ca5d203ebf98747e8f16dff9713ba8950097ceb760b161e19907,Domains_Alloy
1573,-7.883679402906198,-7.042352497577667,1,-2.20399270765,86dd3a804d78ca5d203ebf98747e8f16dff9713ba8950097ceb760b161e19907,Domains_Alloy
1574,-7.88441750065947,-7.042352497577667,1,-2.20399270765,86dd3a804d78ca5d203ebf98747e8f16dff9713ba8950097ceb760b161e19907,Domains_Alloy
1575,-7.88515572735438,-7.042352497577667,1,-2.20399270765,86dd3a804d78ca5d203ebf98747e8f16dff9713ba8950097ceb760b161e19907,Domains_Alloy
1576,-7.885894082909144,-7.042352497577667,1,-2.20399270765,86dd3a804d78ca5d203ebf98747e8f16dff9713ba8950097ceb760b161e19907,Domains_Alloy
1577,-7.886632567242092,-7.042352497577667,1,-2.20399270765,86dd3a804d78ca5d203ebf98747e8f16dff9713ba8950097ceb760b161e19907,Domains_Alloy
1578,-7.887371180271653,-7.042352497577667,1,-2.20399270765,86dd3a804d78ca5d203ebf98747e8f16dff9713ba8950097ceb760b161e19907,Domains_Alloy
1579,-7.888109921916359,-7.042352497577667,1,-2.20399270765,86dd3a804d78ca5d203ebf98747e8f16dff9713ba8950097ceb760b161e19907,Domains_Alloy
1580,-7.888848792094845,-7.042352497577667,1,-2.20399270765,86dd3a804d78ca5d203ebf98747e8f16dff9713ba8950097ceb760b161e19907,Domains_Alloy
1581,-7.889587790725852,-7.042352497577667,1,-2.20399270765,86dd3a804d78ca5d203ebf98747e8f16dff9713ba8950097ceb760b161e19907,Domains_Alloy
1582,-7.890326917728219,-7.042352497577667,1,-2.20399270765,86dd3a804d78ca5d203ebf98747e8f16dff9713ba8950097ceb760b161e19907,Domains_Alloy
1583,-7.891066173020891,-7.042352497577667,1,-2.20399270765,86dd3a804d78ca5d203ebf98747e8f16dff9713ba8950097ceb760b161e19907,Domains_Alloy
1584,-7.891805556522913,-7.042352497577667,1,-2.20399270765,86dd3a804d78ca5d203ebf98747e8f16dff9713ba8950097ceb760b161e19907,Domains_Alloy
1585,-7.892545068153433,-7.042352497577667,1,-2.20399270765,86dd3a804d78ca5d203ebf98747e8f16dff9713ba8950097ceb760b161e19907,Domains_Alloy
1586,-7.893284707831702,-7.042352497577667,1,-2.20399270765,86dd3a804d78ca5d203ebf98747e8f16dff9713ba8950097ceb760b161e19907,Domains_Alloy
1587,-7.89402447547707,-7.042352497577667,1,-2.20399270765,86dd3a804d78ca5d203ebf98747e8f16dff9713ba8950097ceb760b161e19907,Domains_Alloy
1588,-7.89476437100899,-7.042352497577667,1,-2.20399270765,86dd3a804d78ca5d203ebf98747e8f16dff9713ba8950097ceb760b161e19907,Domains_Alloy
1589,-7.895504394347017,-7.042352497577667,1,-2.20399270765,86dd3a804d78ca5d203ebf98747e8f16dff9713ba8950097ceb760b161e19907,Domains_Alloy
1590,-7.896244545410807,-7.042352497577667,1,-2.20399270765,86dd3a804d78ca5d203ebf98747e8f16dff9713ba8950097ceb760b161e19907,Domains_Alloy
1591,-7.896984824120113,-7.042352497577667,1,-2.20399270765,86dd3a804d78ca5d203ebf98747e8f16dff9713ba8950097ceb760b161e19907,Domains_Alloy
1592,-7.897725230394796,-7.042352497577667,1,-2.20399270765,86dd3a804d78ca5d203ebf98747e8f16dff9713ba8950097ceb760b161e19907,Domains_Alloy
1593,-7.89846576415481,-7.042352497577667,1,-2.20399270765,86dd3a804d78ca5d203ebf98747e8f16dff9713ba8950097ceb760b161e19907,Domains_Alloy
1594,-7.899206425320216,-7.042352497577667,1,-2.20399270765,86dd3a804d78ca5d203ebf98747e8f16dff9713ba8950097ceb760b161e19907,Domains_Alloy
1595,-7.899947213811169,-7.042352497577667,1,-2.20399270765,86dd3a804d78ca5d203ebf98747e8f16dff9713ba8950097ceb760b161e19907,Domains_Alloy
1596,-7.900688129547927,-7.042352497577667,1,-2.20399270765,86dd3a804d78ca5d203ebf98747e8f16dff9713ba8950097ceb760b161e19907,Domains_Alloy
1597,-7.901429172450849,-7.042352497577667,1,-2.20399270765,86dd3a804d78ca5d203ebf98747e8f16dff9713ba8950097ceb760b161e19907,Domains_Alloy
1598,-7.902170342440392,-7.042352497577667,1,-2.20399270765,86dd3a804d78ca5d203ebf98747e8f16dff9713ba8950097ceb760b161e19907,Domains_Alloy
1599,-7.902911639437113,-7.042352497577667,1,-2.20399270765,86dd3a804d78ca5d203ebf98747e8f16dff9713ba8950097ceb760b161e19907,Domains_Alloy
1600,-7.903653063361665,-7.042352497577667,1,-2.20399270765,86dd3a804d78ca5d203ebf98747e8f16dff9713ba8950097ceb760b161e19907,Domains_Alloy
1601,-7.904394614134807,-7.042352497577667,1,-2.20399270765,86dd3a804d78ca5d203ebf98747e8f16dff9713ba8950097ceb760b161e19907,Domains_Alloy
1602,-7.905136291677389,-7.042352497577667,1,-2.20399270765,86dd3a804d78ca5d203ebf98747e8f16dff9713ba8950097ceb760b161e19907,Domains_Alloy
1603,-7.905878095910365,-7.042352497577667,1,-2.20399270765,86dd3a804d78ca5d203ebf98747e8f16dff9713ba8950097ceb760b161e19907,Domains_Alloy
1604,-7.906620026754786,-7.042352497577667,1,-2.20399270765,86dd3a804d78ca5d203ebf98747e8f16dff9713ba8950097ceb760b161e19907,Domains_Alloy
1605,-7.9073620841318,-7.042352497577667,1,-2.20399270765,86dd3a804d78ca5d203ebf98747e8f16dff9713ba8950097ceb760b161e19907,Domains_Alloy
1606,-7.908104267962656,-7.042352497577667,1,-2.20399270765,86dd3a804d78ca5d203ebf98747e8f16dff9713ba8950097ceb760b161e19907,Domains_Alloy
1607,-7.908846578168697,-7.042352497577667,1,-2.20399270765,86dd3a804d78ca5d203ebf98747e8f16dff9713ba8950097ceb760b161e19907,Domains_Alloy
1608,-7.909589014671367,-7.042352497577667,1,-2.20399270765,86dd3a804d78ca5d203ebf98747e8f16dff9713ba8950097ceb760b161e19907,Domains_Alloy
1609,-7.910331577392205,-7.042352497577667,1,-2.20399270765,86dd3a804d78ca5d203ebf98747e8f16dff9713ba8950097ceb760b161e19907,Domains_Alloy
1610,-7.911074266252851,-7.042352497577667,1,-2.20399270765,86dd3a804d78ca5d203ebf98747e8f16dff9713ba8950097ceb760b161e19907,Domains_Alloy
1611,-7.911817081175037,-7.042352497577667,1,-2.20399270765,86dd3a804d78ca5d203ebf98747e8f16dff9713ba8950097ceb760b161e19907,Domains_Alloy
1612,-7.912560022080598,-7.042352497577667,1,-2.20399270765,86dd3a804d78ca5d203ebf98747e8f16dff9713ba8950097ceb760b161e19907,Domains_Alloy
1613,-7.91330308889146,-7.042352497577667,1,-2.20399270765,86dd3a804d78ca5d203ebf98747e8f16dff9713ba8950097ceb760b161e19907,Domains_Alloy
1614,-7.914046281529651,-7.042352497577667,1,-2.20399270765,86dd3a804d78ca5d203ebf98747e8f16dff9713ba8950097ceb760b161e19907,Domains_Alloy
1615,-7.914789599917291,-7.042352497577667,1,-2.20399270765,86dd3a804d78ca5d203ebf98747e8f16dff9713ba8950097ceb760b161e19907,Domains_Alloy
1616,-7.915533043976599,-7.042352497577667,1,-2.20399270765,86dd3a804d78ca5d203ebf98747e8f16dff9713ba8950097ceb760b161e19907,Domains_Alloy
1617,-7.916276613629889,-7.042352497577667,1,-2.20399270765,86dd3a804d78ca5d203ebf98747e8f16dff9713ba8950097ceb760b161e19907,Domains_Alloy
1618,-7.91702030879957,-7.042352497577667,1,-2.20399270765,86dd3a804d78ca5d203ebf98747e8f16dff9713ba8950097ceb760b161e19907,Domains_Alloy
1619,-7.91776412940815,-7.042352497577667,1,-2.20399270765,86dd3a804d78ca5d203ebf98747e8f16dff9713ba8950097ceb760b161e19907,Domains_Alloy
1620,-7.91850807537823,-7.042352497577667,1,-2.20399270765,86dd3a804d78ca5d203ebf98747e8f16dff9713ba8950097ceb760b161e19907,Domains_Alloy
1621,-7.919252146632507,-7.042352497577667,1,-2.20399270765,86dd3a804d78ca5d203ebf98747e8f16dff9713ba8950097ceb760b161e19907,Domains_Alloy
1622,-7.919996343093771,-7.042352497577667,1,-2.20399270765,86dd3a804d78ca5d203ebf98747e8f16dff9713ba8950097ceb760b161e19907,Domains_Alloy
1623,-7.920740664684914,-7.042352497577667,1,-2.20399270765,86dd3a804d78ca5d203ebf98747e8f16dff9713ba8950097ceb760b161e19907,Domains_Alloy
1624,-7.921485111328913,-7.042352497577667,1,-2.20399270765,86dd3a804d78ca5d203ebf98747e8f16dff9713ba8950097ceb760b161e19907,Domains_Alloy
1625,-7.922229682948847,-7.042352497577667,1,-2.20399270765,86dd3a804d78ca5d203ebf98747e8f16dff9713ba8950097ceb760b161e19907,Domains_Alloy
1626,-7.922974379467888,-7.042352497577667,1,-2.20399270765,86dd3a804d78ca5d203ebf98747e8f16dff9713ba8950097ceb760b161e19907,Domains_Alloy
1627,-7.923719200809302,-7.042352497577667,1,-2.20399270765,86dd3a804d78ca5d203ebf98747e8f16dff9713ba8950097ceb760b161e19907,Domains_Alloy
1628,-7.924464146896447,-7.042352497577667,1,-2.20399270765,86dd3a804d78ca5d203ebf98747e8f16dff9713ba8950097ceb760b161e19907,Domains_Alloy
1629,-7.925209217652777,-7.042352497577667,1,-2.20399270765,86dd3a804d78ca5d203ebf98747e8f16dff9713ba8950097ceb760b161e19907,Domains_Alloy
1630,-7.925954413001842,-7.042352497577667,1,-2.20399270765,86dd3a804d78ca5d203ebf98747e8f16dff9713ba8950097ceb760b161e19907,Domains_Alloy
1631,-7.926699732867281,-7.042352497577667,1,-2.20399270765,86dd3a804d78ca5d203ebf98747e8f16dff9713ba8950097ceb760b161e19907,Domains_Alloy
1632,-7.92744517717283,-7.042352497577667,1,-2.20399270765,86dd3a804d78ca5d203ebf98747e8f16dff9713ba8950097ceb760b161e19907,Domains_Alloy
1633,-7.928190745842318,-7.042352497577667,1,-2.20399270765,86dd3a804d78ca5d203ebf98747e8f16dff9713ba8950097ceb760b161e19907,Domains_Alloy
1634,-7.928936438799663,-7.042352497577667,1,-2.20399270765,86dd3a804d78ca5d203ebf98747e8f16dff9713ba8950097ceb760b161e19907,Domains_Alloy
1635,-7.929682255968884,-7.042352497577667,1,-2.20399270765,86dd3a804d78ca5d203ebf98747e8f16dff9713ba8950097ceb760b161e19907,Domains_Alloy
1636,-7.930428197274084,-7.042352497577667,1,-2.20399270765,86dd3a804d78ca5d203ebf98747e8f16dff9713ba8950097ceb760b161e19907,Domains_Alloy
1637,-7.931174262639466,-7.042352497577667,1,-2.20399270765,86dd3a804d78ca5d203ebf98747e8f16dff9713ba8950097ceb760b161e19907,Domains_Alloy
1638,-7.93192045198932,-7.042352497577667,1,-2.20399270765,86dd3a804d78ca5d203ebf98747e8f16dff9713ba8950097ceb760b161e19907,Domains_Alloy
1639,-7.93266676524803,-7.042352497577667,1,-2.20399270765,86dd3a804d78ca5d203ebf98747e8f16dff9713ba8950097ceb760b161e19907,Domains_Alloy
1640,-7.933413202340076,-7.042352497577667,1,-2.20399270765,86dd3a804d78ca5d203ebf98747e8f16dff9713ba8950097ceb760b161e19907,Domains_Alloy
1641,-7.934159763190023,-7.042352497577667,1,-2.20399270765,86dd3a804d78ca5d203ebf98747e8f16dff9713ba8950097ceb760b161e19907,Domains_Alloy
1642,-7.934906447722534,-7.042352497577667,1,-2.20399270765,86dd3a804d78ca5d203ebf98747e8f16dff9713ba8950097ceb760b161e19907,Domains_Alloy
1643,-7.935653255862358,-7.042352497577667,1,-2.20399270765,86dd3a804d78ca5d203ebf98747e8f16dff9713ba8950097ceb760b161e19907,Domains_Alloy
1644,-7.936400187534343,-7.042352497577667,1,-2.20399270765,86dd3a804d78ca5d203ebf98747e8f16dff9713ba8950097ceb760b161e19907,Domains_Alloy
1645,-7.93714724266342,-7.042352497577667,1,-2.20399270765,86dd3a804d78ca5d203ebf98747e8f16dff9713ba8950097ceb760b161e19907,Domains_Alloy
1646,-7.937894421174615,-7.042352497577667,1,-2.20399270765,86dd3a804d78ca5d203ebf98747e8f16dff9713ba8950097ceb760b161e19907,Domains_Alloy
1647,-7.938641722993047,-7.042352497577667,1,-2.20399270765,86dd3a804d78ca5d203ebf98747e8f16dff9713ba8950097ceb760b161e19907,Domains_Alloy
1648,-7.939389148043921,-7.042352497577667,1,-2.20399270765,86dd3a804d78ca5d203ebf98747e8f16dff9713ba8950097ceb760b161e19907,Domains_Alloy
1649,-7.940136696252539,-7.042352497577667,1,-2.20399270765,86dd3a804d78ca5d203ebf98747e8f16dff9713ba8950097ceb760b161e19907,Domains_Alloy
1650,-7.940884367544288,-7.042352497577667,1,-2.20399270765,86dd3a804d78ca5d203ebf98747e8f16dff9713ba8950097ceb760b161e19907,Domains_Alloy
1651,-7.941632161844645,-7.042352497577667,1,-2.20399270765,86dd3a804d78ca5d203ebf98747e8f16dff9713ba8950097ceb760b161e19907,Domains_Alloy
1652,-7.942380079079182,-7.042352497577667,1,-2.20399270765,86dd3a804d78ca5d203ebf98747e8f16dff9713ba8950097ceb760b161e19907,Domains_Alloy
1653,-7.943128119173557,-7.042352497577667,1,-2.20399270765,86dd3a804d78ca5d203ebf98747e8f16dff9713ba8950097ceb760b161e19907,Domains_Alloy
1654,-7.943876282053518,-7.042352497577667,1,-2.20399270765,86dd3a804d78ca5d203ebf98747e8f16dff9713ba8950097ceb760b161e19907,Domains_Alloy
1655,-7.944624567644905,-7.042352497577667,1,-2.20399270765,86dd3a804d78ca5d203ebf98747e8f16dff9713ba8950097ceb760b161e19907,Domains_Alloy
1656,-7.945372975873647,-7.042352497577667,1,-2.20399270765,86dd3a804d78ca5d203ebf98747e8f16dff9713ba8950097ceb760b161e19907,Domains_Alloy
1657,-7.946121506665759,-7.042352497577667,1,-2.20399270765,86dd3a804d78ca5d203ebf98747e8f16dff9713ba8950097ceb760b161e19907,Domains_Alloy
1658,-7.946870159947349,-7.042352497577667,1,-2.20399270765,86dd3a804d78ca5d203ebf98747e8f16dff9713ba8950097ceb760b161e19907,Domains_Alloy
1659,-7.947618935644614,-7.042352497577667,1,-2.20399270765,86dd3a804d78ca5d203ebf98747e8f16dff9713ba8950097ceb760b161e19907,Domains_Alloy
1660,-7.948367833683835,-7.042352497577667,1,-2.20399270765,86dd3a804d78ca5d203ebf98747e8f16dff9713ba8950097ceb760b161e19907,Domains_Alloy
1661,-7.949116853991388,-7.042352497577667,1,-2.20399270765,86dd3a804d78ca5d203ebf98747e8f16dff9713ba8950097ceb760b161e19907,Domains_Alloy
1662,-7.949865996493734,-7.042352497577667,1,-2.20399270765,86dd3a804d78ca5d203ebf98747e8f16dff9713ba8950097ceb760b161e19907,Domains_Alloy
1663,-7.950615261117421,-7.042352497577667,1,-2.20399270765,86dd3a804d78ca5d203ebf98747e8f16dff9713ba8950097ceb760b161e19907,Domains_Alloy
1664,-7.951364647789091,-7.042352497577667,1,-2.20399270765,86dd3a804d78ca5d203ebf98747e8f16dff9713ba8950097ceb760b161e19907,Domains_Alloy
1665,-7.952114156435467,-7.042352497577667,1,-2.20399270765,86dd3a804d78ca5d203ebf98747e8f16dff9713ba8950097ceb760b161e19907,Domains_Alloy
1666,-7.952863786983364,-7.042352497577667,1,-2.20399270765,86dd3a804d78ca5d203ebf98747e8f16dff9713ba8950097ceb760b161e19907,Domains_Alloy
1667,-7.953613539359685,-7.042352497577667,1,-2.20399270765,86dd3a804d78ca5d203ebf98747e8f16dff9713ba8950097ceb760b161e19907,Domains_Alloy
1668,-7.954363413491418,-7.042352497577667,1,-2.20399270765,86dd3a804d78ca5d203ebf98747e8f16dff9713ba8950097ceb760b161e19907,Domains_Alloy
1669,-7.955113409305642,-7.042352497577667,1,-2.20399270765,86dd3a804d78ca5d203ebf98747e8f16dff9713ba8950097ceb760b161e19907,Domains_Alloy
1670,-7.955863526729519,-7.042352497577667,1,-2.20399270765,86dd3a804d78ca5d203ebf98747e8f16dff9713ba8950097ceb760b161e19907,Domains_Alloy
1671,-7.9566137656903,-7.042352497577667,1,-2.20399270765,86dd3a804d78ca5d203ebf98747e8f16dff9713ba8950097ceb760b161e19907,Domains_Alloy
1672,-7.957364126115325,-7.042352497577667,1,-2.20399270765,86dd3a804d78ca5d203ebf98747e8f16dff9713ba8950097ceb760b161e19907,Domains_Alloy
1673,-7.958114607932017,-7.042352497577667,1,-2.20399270765,86dd3a804d78ca5d203ebf98747e8f16dff9713ba8950097ceb760b161e19907,Domains_Alloy
1674,-7.95886521106789,-7.042352497577667,1,-2.20399270765,86dd3a804d78ca5d203ebf98747e8f16dff9713ba8950097ceb760b161e19907,Domains_Alloy
1675,-7.959615935450539,-7.042352497577667,1,-2.20399270765,86dd3a804d78ca5d203ebf98747e8f16dff9713ba8950097ceb760b161e19907,Domains_Alloy
1676,-7.960366781007651,-7.042352497577667,1,-2.20399270765,86dd3a804d78ca5d203ebf98747e8f16dff9713ba8950097ceb760b161e19907,Domains_Alloy
1677,-7.961117747666996,-7.042352497577667,1,-2.20399270765,86dd3a804d78ca5d203ebf98747e8f16dff9713ba8950097ceb760b161e19907,Domains_Alloy
1678,-7.961868835356429,-7.042352497577667,1,-2.20399270765,86dd3a804d78ca5d203ebf98747e8f16dff9713ba8950097ceb760b161e19907,Domains_Alloy
1679,-7.962620044003894,-7.042352497577667,1,-2.20399270765,86dd3a804d78ca5d203ebf98747e8f16dff9713ba8950097ceb760b161e19907,Domains_Alloy
1680,-7.963371373537418,-7.042352497577667,1,-2.20399270765,86dd3a804d78ca5d203ebf98747e8f16dff9713ba8950097ceb760b161e19907,Domains_Alloy
1681,-7.964122823885118,-7.042352497577667,1,-2.20399270765,86dd3a804d78ca5d203ebf98747e8f16dff9713ba8950097ceb760b161e19907,Domains_Alloy
1682,-7.964874394975189,-7.042352497577667,1,-2.20399270765,86dd3a804d78ca5d203ebf98747e8f16dff9713ba8950097ceb760b161e19907,Domains_Alloy
1683,-7.965626086735917,-7.042352497577667,1,-2.20399270765,86dd3a804d78ca5d203ebf98747e8f16dff9713ba8950097ceb760b161e19907,Domains_Alloy
1684,-7.96637789909567,-7.042352497577667,1,-2.20399270765,86dd3a804d78ca5d203ebf98747e8f16dff9713ba8950097ceb760b161e19907,Domains_Alloy
1685,-7.967129831982906,-7.042352497577667,1,-2.20399270765,86dd3a804d78ca5d203ebf98747e8f16dff9713ba8950097ceb760b161e19907,Domains_Alloy
1686,-7.96788188532616,-7.042352497577667,1,-2.20399270765,86dd3a804d78ca5d203ebf98747e8f16dff9713ba8950097ceb760b161e19907,Domains_Alloy
1687,-7.968634059054058,-7.042352497577667,1,-2.20399270765,86dd3a804d78ca5d203ebf98747e8f16dff9713ba8950097ceb760b161e19907,Domains_Alloy
1688,-7.96938635309531,-7.042352497577667,1,-2.20399270765,86dd3a804d78ca5d203ebf98747e8f16dff9713ba8950097ceb760b161e19907,Domains_Alloy
1689,-7.970138767378705,-7.042352497577667,1,-2.20399270765,86dd3a804d78ca5d203ebf98747e8f16dff9713ba8950097ceb760b161e19907,Domains_Alloy
1690,-7.970891301833123,-7.042352497577667,1,-2.20399270765,86dd3a804d78ca5d203ebf98747e8f16dff9713ba8950097ceb760b161e19907,Domains_Alloy
1691,-7.971643956387522,-7.042352497577667,1,-2.20399270765,86dd3a804d78ca5d203ebf98747e8f16dff9713ba8950097ceb760b161e19907,Domains_Alloy
1692,-7.97239673097095,-7.042352497577667,1,-2.20399270765,86dd3a804d78ca5d203ebf98747e8f16dff9713ba8950097ceb760b161e19907,Domains_Alloy
1693,-7.973149625512534,-7.042352497577667,1,-2.20399270765,86dd3a804d78ca5d203ebf98747e8f16dff9713ba8950097ceb760b161e19907,Domains_Alloy
1694,-7.973902639941485,-7.042352497577667,1,-2.20399270765,86dd3a804d78ca5d203ebf98747e8f16dff9713ba8950097ceb760b161e19907,Domains_Alloy
1695,-7.974655774187102,-7.042352497577667,1,-2.20399270765,86dd3a804d78ca5d203ebf98747e8f16dff9713ba8950097ceb760b161e19907,Domains_Alloy
1696,-7.975409028178761,-7.042352497577667,1,-2.20399270765,86dd3a804d78ca5d203ebf98747e8f16dff9713ba8950097ceb760b161e19907,Domains_Alloy
1697,-7.976162401845925,-7.042352497577667,1,-2.20399270765,86dd3a804d78ca5d203ebf98747e8f16dff9713ba8950097ceb760b161e19907,Domains_Alloy
1698,-7.976915895118139,-7.042352497577667,1,-2.20399270765,86dd3a804d78ca5d203ebf98747e8f16dff9713ba8950097ceb760b161e19907,Domains_Alloy
1699,-7.977669507925031,-7.042352497577667,1,-2.20399270765,86dd3a804d78ca5d203ebf98747e8f16dff9713ba8950097ceb760b161e19907,Domains_Alloy
1700,-7.978423240196312,-7.042352497577667,1,-2.20399270765,86dd3a804d78ca5d203ebf98747e8f16dff9713ba8950097ceb760b161e19907,Domains_Alloy
1701,-7.979177091861775,-7.042352497577667,1,-2.20399270765,86dd3a804d78ca5d203ebf98747e8f16dff9713ba8950097ceb760b161e19907,Domains_Alloy
1702,-7.979931062851296,-7.042352497577667,1,-2.20399270765,86dd3a804d78ca5d203ebf98747e8f16dff9713ba8950097ceb760b161e19907,Domains_Alloy
1703,-7.980685153094833,-7.042352497577667,1,-2.20399270765,86dd3a804d78ca5d203ebf98747e8f16dff9713ba8950097ceb760b161e19907,Domains_Alloy
1704,-7.981439362522426,-7.042352497577667,1,-2.20399270765,86dd3a804d78ca5d203ebf98747e8f16dff9713ba8950097ceb760b161e19907,Domains_Alloy
1705,-7.982193691064198,-7.042352497577667,1,-2.20399270765,86dd3a804d78ca5d203ebf98747e8f16dff9713ba8950097ceb760b161e19907,Domains_Alloy
1706,-7.98294813865035,-7.042352497577667,1,-2.20399270765,86dd3a804d78ca5d203ebf98747e8f16dff9713ba8950097ceb760b161e19907,Domains_Alloy
1707,-7.983702705211172,-7.042352497577667,1,-2.20399270765,86dd3a804d78ca5d203ebf98747e8f16dff9713ba8950097ceb760b161e19907,Domains_Alloy
1708,-7.984457390677029,-7.042352497577667,1,-2.20399270765,86dd3a804d78ca5d203ebf98747e8f16dff9713ba8950097ceb760b161e19907,Domains_Alloy
1709,-7.985212194978369,-7.042352497577667,1,-2.20399270765,86dd3a804d78ca5d203ebf98747e8f16dff9713ba8950097ceb760b161e19907,Domains_Alloy
1710,-7.985967118045724,-7.042352497577667,1,-2.20399270765,86dd3a804d78ca5d203ebf98747e8f16dff9713ba8950097ceb760b161e19907,Domains_Alloy
1711,-7.986722159809704,-7.042352497577667,1,-2.20399270765,86dd3a804d78ca5d203ebf98747e8f16dff9713ba8950097ceb760b161e19907,Domains_Alloy
1712,-7.987477320201,-7.042352497577667,1,-2.20399270765,86dd3a804d78ca5d203ebf98747e8f16dff9713ba8950097ceb760b161e19907,Domains_Alloy
1713,-7.988232599150386,-7.042352497577667,1,-2.20399270765,86dd3a804d78ca5d203ebf98747e8f16dff9713ba8950097ceb760b161e19907,Domains_Alloy
1714,-7.988987996588717,-7.042352497577667,1,-2.20399270765,86dd3a804d78ca5d203ebf98747e8f16dff9713ba8950097ceb760b161e19907,Domains_Alloy
1715,-7.989743512446925,-7.042352497577667,1,-2.20399270765,86dd3a804d78ca5d203ebf98747e8f16dff9713ba8950097ceb760b161e19907,Domains_Alloy
1716,-7.990499146656026,-7.042352497577667,1,-2.20399270765,86dd3a804d78ca5d203ebf98747e8f16dff9713ba8950097ceb760b161e19907,Domains_Alloy
1717,-7.991254899147115,-7.042352497577667,1,-2.20399270765,86dd3a804d78ca5d203ebf98747e8f16dff9713ba8950097ceb760b161e19907,Domains_Alloy
1718,-7.992010769851366,-7.042352497577667,1,-2.20399270765,86dd3a804d78ca5d203ebf98747e8f16dff9713ba8950097ceb760b161e19907,Domains_Alloy
1719,-7.992766758700036,-7.042352497577667,1,-2.20399270765,86dd3a804d78ca5d203ebf98747e8f16dff9713ba8950097ceb760b161e19907,Domains_Alloy
1720,-7.993522865624458,-7.042352497577667,1,-2.20399270765,86dd3a804d78ca5d203ebf98747e8f16dff9713ba8950097ceb760b161e19907,Domains_Alloy
1721,-7.994279090556047,-7.042352497577667,1,-2.20399270765,86dd3a804d78ca5d203ebf98747e8f16dff9713ba8950097ceb760b161e19907,Domains_Alloy
1722,-7.995035433426299,-7.042352497577667,1,-2.20399270765,86dd3a804d78ca5d203ebf98747e8f16dff9713ba8950097ceb760b161e19907,Domains_Alloy
1723,-7.995791894166786,-7.042352497577667,1,-2.20399270765,86dd3a804d78ca5d203ebf98747e8f16dff9713ba8950097ceb760b161e19907,Domains_Alloy
1724,-7.996548472709163,-7.042352497577667,1,-2.20399270765,86dd3a804d78ca5d203ebf98747e8f16dff9713ba8950097ceb760b161e19907,Domains_Alloy
1725,-7.997305168985161,-7.042352497577667,1,-2.20399270765,86dd3a804d78ca5d203ebf98747e8f16dff9713ba8950097ceb760b161e19907,Domains_Alloy
1726,-7.998061982926591,-7.042352497577667,1,-2.20399270765,86dd3a804d78ca5d203ebf98747e8f16dff9713ba8950097ceb760b161e19907,Domains_Alloy
1727,-7.998818914465343,-7.042352497577667,1,-2.20399270765,86dd3a804d78ca5d203ebf98747e8f16dff9713ba8950097ceb760b161e19907,Domains_Alloy
1728,-7.999575963533387,-7.042352497577667,1,-2.20399270765,86dd3a804d78ca5d203ebf98747e8f16dff9713ba8950097ceb760b161e19907,Domains_Alloy
1729,-8.000333130062771,-7.042352497577667,1,-2.20399270765,86dd3a804d78ca5d203ebf98747e8f16dff9713ba8950097ceb760b161e19907,Domains_Alloy
1730,-8.00109041398562,-7.042352497577667,1,-2.20399270765,86dd3a804d78ca5d203ebf98747e8f16dff9713ba8950097ceb760b161e19907,Domains_Alloy
1731,-8.001847815234139,-7.042352497577667,1,-2.20399270765,86dd3a804d78ca5d203ebf98747e8f16dff9713ba8950097ceb760b161e19907,Domains_Alloy
1732,-8.002605333740611,-7.042352497577667,1,-2.20399270765,86dd3a804d78ca5d203ebf98747e8f16dff9713ba8950097ceb760b161e19907,Domains_Alloy
1733,-8.003362969437395,-7.042352497577667,1,-2.20399270765,86dd3a804d78ca5d203ebf98747e8f16dff9713ba8950097ceb760b161e19907,Domains_Alloy
1734,-8.004120722256932,-7.042352497577667,1,-2.20399270765,86dd3a804d78ca5d203ebf98747e8f16dff9713ba8950097ceb760b161e19907,Domains_Alloy
1735,-8.004878592131737,-7.042352497577667,1,-2.20399270765,86dd3a804d78ca5d203ebf98747e8f16dff9713ba8950097ceb760b161e19907,Domains_Alloy
1736,-8.005636578994407,-7.042352497577667,1,-2.20399270765,86dd3a804d78ca5d203ebf98747e8f16dff9713ba8950097ceb760b161e19907,Domains_Alloy
1737,-8.006394682777611,-7.042352497577667,1,-2.20399270765,86dd3a804d78ca5d203ebf98747e8f16dff9713ba8950097ceb760b161e19907,Domains_Alloy
1738,-8.007152903414097,-7.042352497577667,1,-2.20399270765,86dd3a804d78ca5d203ebf98747e8f16dff9713ba8950097ceb760b161e19907,Domains_Alloy
1739,-8.007911240836695,-7.042352497577667,1,-2.20399270765,86dd3a804d78ca5d203ebf98747e8f16dff9713ba8950097ceb760b161e19907,Domains_Alloy
1740,-8.008669694978307,-7.042352497577667,1,-2.20399270765,86dd3a804d78ca5d203ebf98747e8f16dff9713ba8950097ceb760b161e19907,Domains_Alloy
1741,-8.009428265771914,-7.042352497577667,1,-2.20399270765,86dd3a804d78ca5d203ebf98747e8f16dff9713ba8950097ceb760b161e19907,Domains_Alloy
1742,-8.010186953150574,-7.042352497577667,1,-2.20399270765,86dd3a804d78ca5d203ebf98747e8f16dff9713ba8950097ceb760b161e19907,Domains_Alloy
1743,-8.01094575704742,-7.042352497577667,1,-2.20399270765,86dd3a804d78ca5d203ebf98747e8f16dff9713ba8950097ceb760b161e19907,Domains_Alloy
1744,-8.011704677395663,-7.042352497577667,1,-2.20399270765,86dd3a804d78ca5d203ebf98747e8f16dff9713ba8950097ceb760b161e19907,Domains_Alloy
1745,-8.012463714128591,-7.042352497577667,1,-2.20399270765,86dd3a804d78ca5d203ebf98747e8f16dff9713ba8950097ceb760b161e19907,Domains_Alloy
1746,-8.013222867179568,-7.042352497577667,1,-2.20399270765,86dd3a804d78ca5d203ebf98747e8f16dff9713ba8950097ceb760b161e19907,Domains_Alloy
1747,-8.013982136482035,-7.042352497577667,1,-2.20399270765,86dd3a804d78ca5d203ebf98747e8f16dff9713ba8950097ceb760b161e19907,Domains_Alloy
1748,-8.014741521969505,-7.042352497577667,1,-2.20399270765,86dd3a804d78ca5d203ebf98747e8f16dff9713ba8950097ceb760b161e19907,Domains_Alloy
1749,-8.015501023575574,-7.042352497577667,1,-2.20399270765,86dd3a804d78ca5d203ebf98747e8f16dff9713ba8950097ceb760b161e19907,Domains_Alloy
1750,-8.016260641233906,-7.042352497577667,1,-2.20399270765,86dd3a804d78ca5d203ebf98747e8f16dff9713ba8950097ceb760b161e19907,Domains_Alloy
1751,-8.017020374878246,-7.042352497577667,1,-2.20399270765,86dd3a804d78ca5d203ebf98747e8f16dff9713ba8950097ceb760b161e19907,Domains_Alloy
1752,-8.017780224442415,-7.042352497577667,1,-2.20399270765,86dd3a804d78ca5d203ebf98747e8f16dff9713ba8950097ceb760b161e19907,Domains_Alloy
1753,-8.018540189860307,-7.042352497577667,1,-2.20399270765,86dd3a804d78ca5d203ebf98747e8f16dff9713ba8950097ceb760b161e19907,Domains_Alloy
1754,-8.019300271065889,-7.042352497577667,1,-2.20399270765,86dd3a804d78ca5d203ebf98747e8f16dff9713ba8950097ceb760b161e19907,Domains_Alloy
1755,-8.020060467993211,-7.042352497577667,1,-2.20399270765,86dd3a804d78ca5d203ebf98747e8f16dff9713ba8950097ceb760b161e19907,Domains_Alloy
1756,-8.02082078057639,-7.042352497577667,1,-2.20399270765,86dd3a804d78ca5d203ebf98747e8f16dff9713ba8950097ceb760b161e19907,Domains_Alloy
1757,-8.02158120874962,-7.042352497577667,1,-2.20399270765,86dd3a804d78ca5d203ebf98747e8f16dff9713ba8950097ceb760b161e19907,Domains_Alloy
1758,-8.022341752447174,-7.042352497577667,1,-2.20399270765,86dd3a804d78ca5d203ebf98747e8f16dff9713ba8950097ceb760b161e19907,Domains_Alloy
1759,-8.023102411603395,-7.042352497577667,1,-2.20399270765,86dd3a804d78ca5d203ebf98747e8f16dff9713ba8950097ceb760b161e19907,Domains_Alloy
1760,-8.023863186152703,-7.042352497577667,1,-2.20399270765,86dd3a804d78ca5d203ebf98747e8f16dff9713ba8950097ceb760b161e19907,Domains_Alloy
1761,-8.024624076029591,-7.042352497577667,1,-2.20399270765,86dd3a804d78ca5d203ebf98747e8f16dff9713ba8950097ceb760b161e19907,Domains_Alloy
1762,-8.025385081168626,-7.042352497577667,1,-2.20399270765,86dd3a804d78ca5d203ebf98747e8f16dff9713ba8950097ceb760b161e19907,Domains_Alloy
1763,-8.026146201504451,-7.042352497577667,1,-2.20399270765,86dd3a804d78ca5d203ebf98747e8f16dff9713ba8950097ceb760b161e19907,Domains_Alloy
1764,-8.026907436971783,-7.042352497577667,1,-2.20399270765,86dd3a804d78ca5d203ebf98747e8f16dff9713ba8950097ceb760b161e19907,Domains_Alloy
1765,-8.027668787505412,-7.042352497577667,1,-2.20399270765,86dd3a804d78ca5d203ebf98747e8f16dff9713ba8950097ceb760b161e19907,Domains_Alloy
1766,-8.028430253040201,-7.042352497577667,1,-2.20399270765,86dd3a804d78ca5d203ebf98747e8f16dff9713ba8950097ceb760b161e19907,Domains_Alloy
1767,-8.029191833511085,-7.042352497577667,1,-2.20399270765,86dd3a804d78ca5d203ebf98747e8f16dff9713ba8950097ceb760b161e19907,Domains_Alloy
1768,-8.029953528853079,-7.042352497577667,1,-2.20399270765,86dd3a804d78ca5d203ebf98747e8f16dff9713ba8950097ceb760b161e19907,Domains_Alloy
1769,-8.030715339001267,-7.042352497577667,1,-2.20399270765,86dd3a804d78ca5d203ebf98747e8f16dff9713ba8950097ceb760b161e19907,Domains_Alloy
1770,-8.031477263890805,-7.042352497577667,1,-2.20399270765,86dd3a804d78ca5d203ebf98747e8f16dff9713ba8950097ceb760b161e19907,Domains_Alloy
1771,-8.032239303456926,-7.042352497577667,1,-2.20399270765,86dd3a804d78ca5d203ebf98747e8f16dff9713ba8950097ceb760b161e19907,Domains_Alloy
1772,-8.033001457634933,-7.042352497577667,1,-2.20399270765,86dd3a804d78ca5d203ebf98747e8f16dff9713ba8950097ceb760b161e19907,Domains_Alloy
1773,-8.033763726360201,-7.042352497577667,1,-2.20399270765,86dd3a804d78ca5d203ebf98747e8f16dff9713ba8950097ceb760b161e19907,Domains_Alloy
1774,-8.034526109568182,-7.042352497577667,1,-2.20399270765,86dd3a804d78ca5d203ebf98747e8f16dff9713ba8950097ceb760b161e19907,Domains_Alloy
1775,-8.035288607194397,-7.042352497577667,1,-2.20399270765,86dd3a804d78ca5d203ebf98747e8f16dff9713ba8950097ceb760b161e19907,Domains_Alloy
1776,-8.036051219174443,-7.042352497577667,1,-2.20399270765,86dd3a804d78ca5d203ebf98747e8f16dff9713ba8950097ceb760b161e19907,Domains_Alloy
1777,-8.036813945443985,-7.042352497577667,1,-2.20399270765,86dd3a804d78ca5d203ebf98747e8f16dff9713ba8950097ceb760b161e19907,Domains_Alloy
1778,-8.037576785938764,-7.042352497577667,1,-2.20399270765,86dd3a804d78ca5d203ebf98747e8f16dff9713ba8950097ceb760b161e19907,Domains_Alloy
1779,-8.038339740594592,-7.042352497577667,1,-2.20399270765,86dd3a804d78ca5d203ebf98747e8f16dff9713ba8950097ceb760b161e19907,Domains_Alloy
1780,-8.039102809347353,-7.042352497577667,1,-2.20399270765,86dd3a804d78ca5d203ebf98747e8f16dff9713ba8950097ceb760b161e19907,Domains_Alloy
1781,-8.039865992133004,-7.042352497577667,1,-2.20399270765,86dd3a804d78ca5d203ebf98747e8f16dff9713ba8950097ceb760b161e19907,Domains_Alloy
1782,-8.040629288887569,-7.042352497577667,1,-2.20399270765,86dd3a804d78ca5d203ebf98747e8f16dff9713ba8950097ceb760b161e19907,Domains_Alloy
1783,-8.041392699547151,-7.042352497577667,1,-2.20399270765,86dd3a804d78ca5d203ebf98747e8f16dff9713ba8950097ceb760b161e19907,Domains_Alloy
1784,-8.042156224047918,-7.042352497577667,1,-2.20399270765,86dd3a804d78ca5d203ebf98747e8f16dff9713ba8950097ceb760b161e19907,Domains_Alloy
1785,-8.042919862326116,-7.042352497577667,1,-2.20399270765,86dd3a804d78ca5d203ebf98747e8f16dff9713ba8950097ceb760b161e19907,Domains_Alloy
1786,-8.043683614318057,-7.042352497577667,1,-2.20399270765,86dd3a804d78ca5d203ebf98747e8f16dff9713ba8950097ceb760b161e19907,Domains_Alloy
1787,-8.044447479960125,-7.042352497577667,1,-2.20399270765,86dd3a804d78ca5d203ebf98747e8f16dff9713ba8950097ceb760b161e19907,Domains_Alloy
1788,-8.045211459188778,-7.042352497577667,1,-2.20399270765,86dd3a804d78ca5d203ebf98747e8f16dff9713ba8950097ceb760b161e19907,Domains_Alloy
1789,-8.045975551940542,-7.042352497577667,1,-2.20399270765,86dd3a804d78ca5d203ebf98747e8f16dff9713ba8950097ceb760b161e19907,Domains_Alloy
1790,-8.046739758152015,-7.042352497577667,1,-2.20399270765,86dd3a804d78ca5d203ebf98747e8f16dff9713ba8950097ceb760b161e19907,Domains_Alloy
1791,-8.047504077759868,-7.042352497577667,1,-2.20399270765,86dd3a804d78ca5d203ebf98747e8f16dff9713ba8950097ceb760b161e19907,Domains_Alloy
1792,-8.048268510700836,-7.042352497577667,1,-2.20399270765,86dd3a804d78ca5d203ebf98747e8f16dff9713ba8950097ceb760b161e19907,Domains_Alloy
1793,-8.049033056911734,-7.042352497577667,1,-2.20399270765,86dd3a804d78ca5d203ebf98747e8f16dff9713ba8950097ceb760b161e19907,Domains_Alloy
1794,-8.049797716329437,-7.042352497577667,1,-2.20399270765,86dd3a804d78ca5d203ebf98747e8f16dff9713ba8950097ceb760b161e19907,Domains_Alloy
1795,-8.0505624888909,-7.042352497577667,1,-2.20399270765,86dd3a804d78ca5d203ebf98747e8f16dff9713ba8950097ceb760b161e19907,Domains_Alloy
1796,-8.051327374533143,-7.042352497577667,1,-2.20399270765,86dd3a804d78ca5d203ebf98747e8f16dff9713ba8950097ceb760b161e19907,Domains_Alloy
1797,-8.052092373193254,-7.042352497577667,1,-2.20399270765,86dd3a804d78ca5d203ebf98747e8f16dff9713ba8950097ceb760b161e19907,Domains_Alloy
1798,-8.052857484808397,-7.042352497577667,1,-2.20399270765,86dd3a804d78ca5d203ebf98747e8f16dff9713ba8950097ceb760b161e19907,Domains_Alloy
1799,-8.0536227093158,-7.042352497577667,1,-2.20399270765,86dd3a804d78ca5d203ebf98747e8f16dff9713ba8950097ceb760b161e19907,Domains_Alloy
1800,-8.054388046652765,-7.042352497577667,1,-2.20399270765,86dd3a804d78ca5d203ebf98747e8f16dff9713ba8950097ceb760b161e19907,Domains_Alloy
1801,-8.055153496756661,-7.042352497577667,1,-2.20399270765,86dd3a804d78ca5d203ebf98747e8f16dff9713ba8950097ceb760b161e19907,Domains_Alloy
1802,-8.055919059564928,-7.042352497577667,1,-2.20399270765,86dd3a804d78ca5d203ebf98747e8f16dff9713ba8950097ceb760b161e19907,Domains_Alloy
1803,-8.056684735015072,-7.042352497577667,1,-2.20399270765,86dd3a804d78ca5d203ebf98747e8f16dff9713ba8950097ceb760b161e19907,Domains_Alloy
1804,-8.057450523044675,-7.042352497577667,1,-2.20399270765,86dd3a804d78ca5d203ebf98747e8f16dff9713ba8950097ceb760b161e19907,Domains_Alloy
1805,-8.05821642359138,-7.042352497577667,1,-2.20399270765,86dd3a804d78ca5d203ebf98747e8f16dff9713ba8950097ceb760b161e19907,Domains_Alloy
1806,-8.058982436592906,-7.042352497577667,1,-2.20399270765,86dd3a804d78ca5d203ebf98747e8f16dff9713ba8950097ceb760b161e19907,Domains_Alloy
1807,-8.059748561987035,-7.042352497577667,1,-2.20399270765,86dd3a804d78ca5d203ebf98747e8f16dff9713ba8950097ceb760b161e19907,Domains_Alloy
1808,-8.060514799711624,-7.042352497577667,1,-2.20399270765,86dd3a804d78ca5d203ebf98747e8f16dff9713ba8950097ceb760b161e19907,Domains_Alloy
1809,-8.061281149704593,-7.042352497577667,1,-2.20399270765,86dd3a804d78ca5d203ebf98747e8f16dff9713ba8950097ceb760b161e19907,Domains_Alloy
1810,-8.062047611903933,-7.042352497577667,1,-2.20399270765,86dd3a804d78ca5d203ebf98747e8f16dff9713ba8950097ceb760b161e19907,Domains_Alloy
1811,-8.062814186247703,-7.042352497577667,1,-2.20399270765,86dd3a804d78ca5d203ebf98747e8f16dff9713ba8950097ceb760b161e19907,Domains_Alloy
1812,-8.063580872674033,-7.042352497577667,1,-2.20399270765,86dd3a804d78ca5d203ebf98747e8f16dff9713ba8950097ceb760b161e19907,Domains_Alloy
1813,-8.064347671121116,-7.042352497577667,1,-2.20399270765,86dd3a804d78ca5d203ebf98747e8f16dff9713ba8950097ceb760b161e19907,Domains_Alloy
1814,-8.065114581527215,-7.042352497577667,1,-2.20399270765,86dd3a804d78ca5d203ebf98747e8f16dff9713ba8950097ceb760b161e19907,Domains_Alloy
1815,-8.065881603830665,-7.042352497577667,1,-2.20399270765,86dd3a804d78ca5d203ebf98747e8f16dff9713ba8950097ceb760b161e19907,Domains_Alloy
1816,-8.066648737969864,-7.042352497577667,1,-2.20399270765,86dd3a804d78ca5d203ebf98747e8f16dff9713ba8950097ceb760b161e19907,Domains_Alloy
1817,-8.067415983883281,-7.042352497577667,1,-2.20399270765,86dd3a804d78ca5d203ebf98747e8f16dff9713ba8950097ceb760b161e19907,Domains_Alloy
1818,-8.068183341509449,-7.042352497577667,1,-2.20399270765,86dd3a804d78ca5d203ebf98747e8f16dff9713ba8950097ceb760b161e19907,Domains_Alloy
1819,-8.068950810786971,-7.042352497577667,1,-2.20399270765,86dd3a804d78ca5d203ebf98747e8f16dff9713ba8950097ceb760b161e19907,Domains_Alloy
1820,-8.069718391654519,-7.042352497577667,1,-2.20399270765,86dd3a804d78ca5d203ebf98747e8f16dff9713ba8950097ceb760b161e19907,Domains_Alloy
1821,-8.070486084050827,-7.042352497577667,1,-2.20399270765,86dd3a804d78ca5d203ebf98747e8f16dff9713ba8950097ceb760b161e19907,Domains_Alloy
1822,-8.071253887914704,-7.042352497577667,1,-2.20399270765,86dd3a804d78ca5d203ebf98747e8f16dff9713ba8950097ceb760b161e19907,Domains_Alloy
1823,-8.072021803185018,-7.042352497577667,1,-2.20399270765,86dd3a804d78ca5d203ebf98747e8f16dff9713ba8950097ceb760b161e19907,Domains_Alloy
1824,-8.07278982980071,-7.042352497577667,1,-2.20399270765,86dd3a804d78ca5d203ebf98747e8f16dff9713ba8950097ceb760b161e19907,Domains_Alloy
1825,-8.073557967700784,-7.042352497577667,1,-2.20399270765,86dd3a804d78ca5d203ebf98747e8f16dff9713ba8950097ceb760b161e19907,Domains_Alloy
1826,-8.074326216824312,-7.042352497577667,1,-2.20399270765,86dd3a804d78ca5d203ebf98747e8f16dff9713ba8950097ceb760b161e19907,Domains_Alloy
1827,-8.075094577110436,-7.042352497577667,1,-2.20399270765,86dd3a804d78ca5d203ebf98747e8f16dff9713ba8950097ceb760b161e19907,Domains_Alloy
1828,-8.075863048498357,-7.042352497577667,1,-2.20399270765,86dd3a804d78ca5d203ebf98747e8f16dff9713ba8950097ceb760b161e19907,Domains_Alloy
1829,-8.076631630927352,-7.042352497577667,1,-2.20399270765,86dd3a804d78ca5d203ebf98747e8f16dff9713ba8950097ceb760b161e19907,Domains_Alloy
1830,-8.077400324336754,-7.042352497577667,1,-2.20399270765,86dd3a804d78ca5d203ebf98747e8f16dff9713ba8950097ceb760b161e19907,Domains_Alloy
1831,-8.078169128665971,-7.042352497577667,1,-2.20399270765,86dd3a804d78ca5d203ebf98747e8f16dff9713ba8950097ceb760b161e19907,Domains_Alloy
1832,-8.078938043854473,-7.042352497577667,1,-2.20399270765,86dd3a804d78ca5d203ebf98747e8f16dff9713ba8950097ceb760b161e19907,Domains_Alloy
1833,-8.079707069841795,-7.042352497577667,1,-2.20399270765,86dd3a804d78ca5d203ebf98747e8f16dff9713ba8950097ceb760b161e19907,Domains_Alloy
1834,-8.080476206567541,-7.042352497577667,1,-2.20399270765,86dd3a804d78ca5d203ebf98747e8f16dff9713ba8950097ceb760b161e19907,Domains_Alloy
1835,-8.081245453971379,-7.042352497577667,1,-2.20399270765,86dd3a804d78ca5d203ebf98747e8f16dff9713ba8950097ceb760b161e19907,Domains_Alloy
1836,-8.082014811993043,-7.042352497577667,1,-2.20399270765,86dd3a804d78ca5d203ebf98747e8f16dff9713ba8950097ceb760b161e19907,Domains_Alloy
1837,-8.082784280572332,-7.042352497577667,1,-2.20399270765,86dd3a804d78ca5d203ebf98747e8f16dff9713ba8950097ceb760b161e19907,Domains_Alloy
1838,-8.083553859649111,-7.042352497577667,1,-2.20399270765,86dd3a804d78ca5d203ebf98747e8f16dff9713ba8950097ceb760b161e19907,Domains_Alloy
1839,-8.084323549163312,-7.042352497577667,1,-2.20399270765,86dd3a804d78ca5d203ebf98747e8f16dff9713ba8950097ceb760b161e19907,Domains_Alloy
1840,-8.085093349054926,-7.042352497577667,1,-2.20399270765,86dd3a804d78ca5d203ebf98747e8f16dff9713ba8950097ceb760b161e19907,Domains_Alloy
1841,-8.08586325926402,-7.042352497577667,1,-2.20399270765,86dd3a804d78ca5d203ebf98747e8f16dff9713ba8950097ceb760b161e19907,Domains_Alloy
1842,-8.086633279730714,-7.042352497577667,1,-2.20399270765,86dd3a804d78ca5d203ebf98747e8f16dff9713ba8950097ceb760b161e19907,Domains_Alloy
1843,-8.087403410395202,-7.042352497577667,1,-2.20399270765,86dd3a804d78ca5d203ebf98747e8f16dff9713ba8950097ceb760b161e19907,Domains_Alloy
1844,-8.08817365119774,-7.042352497577667,1,-2.20399270765,86dd3a804d78ca5d203ebf98747e8f16dff9713ba8950097ceb760b161e19907,Domains_Alloy
1845,-8.088944002078646,-7.042352497577667,1,-2.20399270765,86dd3a804d78ca5d203ebf98747e8f16dff9713ba8950097ceb760b161e19907,Domains_Alloy
1846,-8.089714462978307,-7.042352497577667,1,-2.20399270765,86dd3a804d78ca5d203ebf98747e8f16dff9713ba8950097ceb760b161e19907,Domains_Alloy
1847,-8.090485033837169,-7.042352497577667,1,-2.20399270765,86dd3a804d78ca5d203ebf98747e8f16dff9713ba8950097ceb760b161e19907,Domains_Alloy
1848,-8.09125571459575,-7.042352497577667,1,-2.20399270765,86dd3a804d78ca5d203ebf98747e8f16dff9713ba8950097ceb760b161e19907,Domains_Alloy
1849,-8.092026505194625,-7.042352497577667,1,-2.20399270765,86dd3a804d78ca5d203ebf98747e8f16dff9713ba8950097ceb760b161e19907,Domains_Alloy
1850,-8.092797405574437,-7.042352497577667,1,-2.20399270765,86dd3a804d78ca5d203ebf98747e8f16dff9713ba8950097ceb760b161e19907,Domains_Alloy
1851,-8.093568415675891,-7.042352497577667,1,-2.20399270765,86dd3a804d78ca5d203ebf98747e8f16dff9713ba8950097ceb760b161e19907,Domains_Alloy
1852,-8.094339535439762,-7.042352497577667,1,-2.20399270765,86dd3a804d78ca5d203ebf98747e8f16dff9713ba8950097ceb760b161e19907,Domains_Alloy
1853,-8.095110764806879,-7.042352497577667,1,-2.20399270765,86dd3a804d78ca5d203ebf98747e8f16dff9713ba8950097ceb760b161e19907,Domains_Alloy
1854,-8.095882103718143,-7.042352497577667,1,-2.20399270765,86dd3a804d78ca5d203ebf98747e8f16dff9713ba8950097ceb760b161e19907,Domains_Alloy
1855,-8.096653552114514,-7.042352497577667,1,-2.20399270765,86dd3a804d78ca5d203ebf98747e8f16dff9713ba8950097ceb760b161e19907,Domains_Alloy
1856,-8.097425109937019,-7.042352497577667,1,-2.20399270765,86dd3a804d78ca5d203ebf98747e8f16dff9713ba8950097ceb760b161e19907,Domains_Alloy
1857,-8.098196777126745,-7.042352497577667,1,-2.20399270765,86dd3a804d78ca5d203ebf98747e8f16dff9713ba8950097ceb760b161e19907,Domains_Alloy
1858,-8.098968553624847,-7.042352497577667,1,-2.20399270765,86dd3a804d78ca5d203ebf98747e8f16dff9713ba8950097ceb760b161e19907,Domains_Alloy
1859,-8.099740439372535,-7.042352497577667,1,-2.20399270765,86dd3a804d78ca5d203ebf98747e8f16dff9713ba8950097ceb760b161e19907,Domains_Alloy
1860,-8.100512434311092,-7.042352497577667,1,-2.20399270765,86dd3a804d78ca5d203ebf98747e8f16dff9713ba8950097ceb760b161e19907,Domains_Alloy
1861,-8.10128453838186,-7.042352497577667,1,-2.20399270765,86dd3a804d78ca5d203ebf98747e8f16dff9713ba8950097ceb760b161e19907,Domains_Alloy
1862,-8.102056751526241,-7.042352497577667,1,-2.20399270765,86dd3a804d78ca5d203ebf98747e8f16dff9713ba8950097ceb760b161e19907,Domains_Alloy
1863,-8.102829073685704,-7.042352497577667,1,-2.20399270765,86dd3a804d78ca5d203ebf98747e8f16dff9713ba8950097ceb760b161e19907,Domains_Alloy
1864,-8.103601504801777,-7.042352497577667,1,-2.20399270765,86dd3a804d78ca5d203ebf98747e8f16dff9713ba8950097ceb760b161e19907,Domains_Alloy
1865,-8.104374044816057,-7.042352497577667,1,-2.20399270765,86dd3a804d78ca5d203ebf98747e8f16dff9713ba8950097ceb760b161e19907,Domains_Alloy
1866,-8.105146693670195,-7.042352497577667,1,-2.20399270765,86dd3a804d78ca5d203ebf98747e8f16dff9713ba8950097ceb760b161e19907,Domains_Alloy
1867,-8.105919451305912,-7.042352497577667,1,-2.20399270765,86dd3a804d78ca5d203ebf98747e8f16dff9713ba8950097ceb760b161e19907,Domains_Alloy
1868,-8.106692317664987,-7.042352497577667,1,-2.20399270765,86dd3a804d78ca5d203ebf98747e8f16dff9713ba8950097ceb760b161e19907,Domains_Alloy
1869,-8.107465292689263,-7.042352497577667,1,-2.20399270765,86dd3a804d78ca5d203ebf98747e8f16dff9713ba8950097ceb760b161e19907,Domains_Alloy
1870,-8.108238376320642,-7.042352497577667,1,-2.20399270765,86dd3a804d78ca5d203ebf98747e8f16dff9713ba8950097ceb760b161e19907,Domains_Alloy
1871,-8.109011568501096,-7.042352497577667,1,-2.20399270765,86dd3a804d78ca5d203ebf98747e8f16dff9713ba8950097ceb760b161e19907,Domains_Alloy
1872,-8.109784869172648,-7.042352497577667,1,-2.20399270765,86dd3a804d78ca5d203ebf98747e8f16dff9713ba8950097ceb760b161e19907,Domains_Alloy
1873,-8.110558278277393,-7.042352497577667,1,-2.20399270765,86dd3a804d78ca5d203ebf98747e8f16dff9713ba8950097ceb760b161e19907,Domains_Alloy
1874,-8.111331795757483,-7.042352497577667,1,-2.20399270765,86dd3a804d78ca5d203ebf98747e8f16dff9713ba8950097ceb760b161e19907,Domains_Alloy
1875,-8.112105421555128,-7.042352497577667,1,-2.20399270765,86dd3a804d78ca5d203ebf98747e8f16dff9713ba8950097ceb760b161e19907,Domains_Alloy
1876,-8.112879155612607,-7.042352497577667,1,-2.20399270765,86dd3a804d78ca5d203ebf98747e8f16dff9713ba8950097ceb760b161e19907,Domains_Alloy
1877,-8.113652997872256,-7.042352497577667,1,-2.20399270765,86dd3a804d78ca5d203ebf98747e8f16dff9713ba8950097ceb760b161e19907,Domains_Alloy
1878,-8.114426948276474,-7.042352497577667,1,-2.20399270765,86dd3a804d78ca5d203ebf98747e8f16dff9713ba8950097ceb760b161e19907,Domains_Alloy
1879,-8.115201006767721,-7.042352497577667,1,-2.20399270765,86dd3a804d78ca5d203ebf98747e8f16dff9713ba8950097ceb760b161e19907,Domains_Alloy
1880,-8.115975173288517,-7.042352497577667,1,-2.20399270765,86dd3a804d78ca5d203ebf98747e8f16dff9713ba8950097ceb760b161e19907,Domains_Alloy
1881,-8.116749447781443,-7.042352497577667,1,-2.20399270765,86dd3a804d78ca5d203ebf98747e8f16dff9713ba8950097ceb760b161e19907,Domains_Alloy
1882,-8.117523830189143,-7.042352497577667,1,-2.20399270765,86dd3a804d78ca5d203ebf98747e8f16dff9713ba8950097ceb760b161e19907,Domains_Alloy
1883,-8.11829832045432,-7.042352497577667,1,-2.20399270765,86dd3a804d78ca5d203ebf98747e8f16dff9713ba8950097ceb760b161e19907,Domains_Alloy
1884,-8.119072918519741,-7.042352497577667,1,-2.20399270765,86dd3a804d78ca5d203ebf98747e8f16dff9713ba8950097ceb760b161e19907,Domains_Alloy
1885,-8.119847624328228,-7.042352497577667,1,-2.20399270765,86dd3a804d78ca5d203ebf98747e8f16dff9713ba8950097ceb760b161e19907,Domains_Alloy
1886,-8.12062243782267,-7.042352497577667,1,-2.20399270765,86dd3a804d78ca5d203ebf98747e8f16dff9713ba8950097ceb760b161e19907,Domains_Alloy
1887,-8.121397358946009,-7.042352497577667,1,-2.20399270765,86dd3a804d78ca5d203ebf98747e8f16dff9713ba8950097ceb760b161e19907,Domains_Alloy
1888,-8.122172387641257,-7.042352497577667,1,-2.20399270765,86dd3a804d78ca5d203ebf98747e8f16dff9713ba8950097ceb760b161e19907,Domains_Alloy
1889,-8.122947523851476,-7.042352497577667,1,-2.20399270765,86dd3a804d78ca5d203ebf98747e8f16dff9713ba8950097ceb760b161e19907,Domains_Alloy
1890,-8.123722767519798,-7.042352497577667,1,-2.20399270765,86dd3a804d78ca5d203ebf98747e8f16dff9713ba8950097ceb760b161e19907,Domains_Alloy
1891,-8.124498118589408,-7.042352497577667,1,-2.20399270765,86dd3a804d78ca5d203ebf98747e8f16dff9713ba8950097ceb760b161e19907,Domains_Alloy
1892,-8.125273577003552,-7.042352497577667,1,-2.20399270765,86dd3a804d78ca5d203ebf98747e8f16dff9713ba8950097ceb760b161e19907,Domains_Alloy
1893,-8.12604914270554,-7.042352497577667,1,-2.20399270765,86dd3a804d78ca5d203ebf98747e8f16dff9713ba8950097ceb760b161e19907,Domains_Alloy
1894,-8.126824815638738,-7.042352497577667,1,-2.20399270765,86dd3a804d78ca5d203ebf98747e8f16dff9713ba8950097ceb760b161e19907,Domains_Alloy
1895,-8.127600595746571,-7.042352497577667,1,-2.20399270765,86dd3a804d78ca5d203ebf98747e8f16dff9713ba8950097ceb760b161e19907,Domains_Alloy
1896,-8.128376482972529,-7.042352497577667,1,-2.20399270765,86dd3a804d78ca5d203ebf98747e8f16dff9713ba8950097ceb760b161e19907,Domains_Alloy
1897,-8.129152477260156,-7.042352497577667,1,-2.20399270765,86dd3a804d78ca5d203ebf98747e8f16dff9713ba8950097ceb760b161e19907,Domains_Alloy
1898,-8.129928578553058,-7.042352497577667,1,-2.20399270765,86dd3a804d78ca5d203ebf98747e8f16dff9713ba8950097ceb760b161e19907,Domains_Alloy
1899,-8.130704786794899,-7.042352497577667,1,-2.20399270765,86dd3a804d78ca5d203ebf98747e8f16dff9713ba8950097ceb760b161e19907,Domains_Alloy
1900,-8.131481101929404,-7.042352497577667,1,-2.20399270765,86dd3a804d78ca5d203ebf98747e8f16dff9713ba8950097ceb760b161e19907,Domains_Alloy
1901,-8.132257523900357,-7.042352497577667,1,-2.20399270765,86dd3a804d78ca5d203ebf98747e8f16dff9713ba8950097ceb760b161e19907,Domains_Alloy
1902,-8.133034052651599,-7.042352497577667,1,-2.20399270765,86dd3a804d78ca5d203ebf98747e8f16dff9713ba8950097ceb760b161e19907,Domains_Alloy
1903,-8.133810688127033,-7.042352497577667,1,-2.20399270765,86dd3a804d78ca5d203ebf98747e8f16dff9713ba8950097ceb760b161e19907,Domains_Alloy
1904,-8.134587430270617,-7.042352497577667,1,-2.20399270765,86dd3a804d78ca5d203ebf98747e8f16dff9713ba8950097ceb760b161e19907,Domains_Alloy
1905,-8.135364279026371,-7.042352497577667,1,-2.20399270765,86dd3a804d78ca5d203ebf98747e8f16dff9713ba8950097ceb760b161e19907,Domains_Alloy
1906,-8.136141234338375,-7.042352497577667,1,-2.20399270765,86dd3a804d78ca5d203ebf98747e8f16dff9713ba8950097ceb760b161e19907,Domains_Alloy
1907,-8.136918296150762,-7.042352497577667,1,-2.20399270765,86dd3a804d78ca5d203ebf98747e8f16dff9713ba8950097ceb760b161e19907,Domains_Alloy
1908,-8.137695464407727,-7.042352497577667,1,-2.20399270765,86dd3a804d78ca5d203ebf98747e8f16dff9713ba8950097ceb760b161e19907,Domains_Alloy
1909,-8.138472739053526,-7.042352497577667,1,-2.20399270765,86dd3a804d78ca5d203ebf98747e8f16dff9713ba8950097ceb760b161e19907,Domains_Alloy
1910,-8.13925012003247,-7.042352497577667,1,-2.20399270765,86dd3a804d78ca5d203ebf98747e8f16dff9713ba8950097ceb760b161e19907,Domains_Alloy
1911,-8.140027607288927,-7.042352497577667,1,-2.20399270765,86dd3a804d78ca5d203ebf98747e8f16dff9713ba8950097ceb760b161e19907,Domains_Alloy
1912,-8.140805200767327,-7.042352497577667,1,-2.20399270765,86dd3a804d78ca5d203ebf98747e8f16dff9713ba8950097ceb760b161e19907,Domains_Alloy
1913,-8.141582900412153,-7.042352497577667,1,-2.20399270765,86dd3a804d78ca5d203ebf98747e8f16dff9713ba8950097ceb760b161e19907,Domains_Alloy
1914,-8.142360706167954,-7.042352497577667,1,-2.20399270765,86dd3a804d78ca5d203ebf98747e8f16dff9713ba8950097ceb760b161e19907,Domains_Alloy
1915,-8.143138617979329,-7.042352497577667,1,-2.20399270765,86dd3a804d78ca5d203ebf98747e8f16dff9713ba8950097ceb760b161e19907,Domains_Alloy
1916,-8.143916635790939,-7.042352497577667,1,-2.20399270765,86dd3a804d78ca5d203ebf98747e8f16dff9713ba8950097ceb760b161e19907,Domains_Alloy
1917,-8.1446947595475,-7.042352497577667,1,-2.20399270765,86dd3a804d78ca5d203ebf98747e8f16dff9713ba8950097ceb760b161e19907,Domains_Alloy
1918,-8.145472989193786,-7.042352497577667,1,-2.20399270765,86dd3a804d78ca5d203ebf98747e8f16dff9713ba8950097ceb760b161e19907,Domains_Alloy
1919,-8.146251324674633,-7.042352497577667,1,-2.20399270765,86dd3a804d78ca5d203ebf98747e8f16dff9713ba8950097ceb760b161e19907,Domains_Alloy
1920,-8.147029765934931,-7.042352497577667,1,-2.20399270765,86dd3a804d78ca5d203ebf98747e8f16dff9713ba8950097ceb760b161e19907,Domains_Alloy
1921,-8.147808312919624,-7.042352497577667,1,-2.20399270765,86dd3a804d78ca5d203ebf98747e8f16dff9713ba8950097ceb760b161e19907,Domains_Alloy
1922,-8.148586965573719,-7.042352497577667,1,-2.20399270765,86dd3a804d78ca5d203ebf98747e8f16dff9713ba8950097ceb760b161e19907,Domains_Alloy
1923,-8.149365723842276,-7.042352497577667,1,-2.20399270765,86dd3a804d78ca5d203ebf98747e8f16dff9713ba8950097ceb760b161e19907,Domains_Alloy
1924,-8.150144587670416,-7.042352497577667,1,-2.20399270765,86dd3a804d78ca5d203ebf98747e8f16dff9713ba8950097ceb760b161e19907,Domains_Alloy
1925,-8.150923557003315,-7.042352497577667,1,-2.20399270765,86dd3a804d78ca5d203ebf98747e8f16dff9713ba8950097ceb760b161e19907,Domains_Alloy
1926,-8.151702631786206,-7.042352497577667,1,-2.20399270765,86dd3a804d78ca5d203ebf98747e8f16dff9713ba8950097ceb760b161e19907,Domains_Alloy
1927,-8.152481811964375,-7.042352497577667,1,-2.20399270765,86dd3a804d78ca5d203ebf98747e8f16dff9713ba8950097ceb760b161e19907,Domains_Alloy
1928,-8.153261097483171,-7.042352497577667,1,-2.20399270765,86dd3a804d78ca5d203ebf98747e8f16dff9713ba8950097ceb760b161e19907,Domains_Alloy
1929,-8.154040488287997,-7.042352497577667,1,-2.20399270765,86dd3a804d78ca5d203ebf98747e8f16dff9713ba8950097ceb760b161e19907,Domains_Alloy
1930,-8.154819984324313,-7.042352497577667,1,-2.20399270765,86dd3a804d78ca5d203ebf98747e8f16dff9713ba8950097ceb760b161e19907,Domains_Alloy
1931,-8.155599585537633,-7.042352497577667,1,-2.20399270765,86dd3a804d78ca5d203ebf98747e8f16dff9713ba8950097ceb760b161e19907,Domains_Alloy
1932,-8.156379291873529,-7.042352497577667,1,-2.20399270765,86dd3a804d78ca5d203ebf98747e8f16dff9713ba8950097ceb760b161e19907,Domains_Alloy
1933,-8.157159103277632,-7.042352497577667,1,-2.20399270765,86dd3a804d78ca5d203ebf98747e8f16dff9713ba8950097ceb760b161e19907,Domains_Alloy
1934,-8.157939019695625,-7.042352497577667,1,-2.20399270765,86dd3a804d78ca5d203ebf98747e8f16dff9713ba8950097ceb760b161e19907,Domains_Alloy
1935,-8.158719041073253,-7.042352497577667,1,-2.20399270765,86dd3a804d78ca5d203ebf98747e8f16dff9713ba8950097ceb760b161e19907,Domains_Alloy
1936,-8.159499167356307,-7.042352497577667,1,-2.20399270765,86dd3a804d78ca5d203ebf98747e8f16dff9713ba8950097ceb760b161e19907,Domains_Alloy
1937,-8.160279398490641,-7.042352497577667,1,-2.20399270765,86dd3a804d78ca5d203ebf98747e8f16dff9713ba8950097ceb760b161e19907,Domains_Alloy
1938,-8.161059734422166,-7.042352497577667,1,-2.20399270765,86dd3a804d78ca5d203ebf98747e8f16dff9713ba8950097ceb760b161e19907,Domains_Alloy
1939,-8.161840175096845,-7.042352497577667,1,-2.20399270765,86dd3a804d78ca5d203ebf98747e8f16dff9713ba8950097ceb760b161e19907,Domains_Alloy
1940,-8.1626207204607,-7.042352497577667,1,-2.20399270765,86dd3a804d78ca5d203ebf98747e8f16dff9713ba8950097ceb760b161e19907,Domains_Alloy
1941,-8.163401370459804,-7.042352497577667,1,-2.20399270765,86dd3a804d78ca5d203ebf98747e8f16dff9713ba8950097ceb760b161e19907,Domains_Alloy
1942,-8.164182125040288,-7.042352497577667,1,-2.20399270765,86dd3a804d78ca5d203ebf98747e8f16dff9713ba8950097ceb760b161e19907,Domains_Alloy
1943,-8.164962984148342,-7.042352497577667,1,-2.20399270765,86dd3a804d78ca5d203ebf98747e8f16dff9713ba8950097ceb760b161e19907,Domains_Alloy
1944,-8.165743947730205,-7.042352497577667,1,-2.20399270765,86dd3a804d78ca5d203ebf98747e8f16dff9713ba8950097ceb760b161e19907,Domains_Alloy
1945,-8.166525015732176,-7.042352497577667,1,-2.20399270765,86dd3a804d78ca5d203ebf98747e8f16dff9713ba8950097ceb760b161e19907,Domains_Alloy
1946,-8.167306188100605,-7.042352497577667,1,-2.20399270765,86dd3a804d78ca5d203ebf98747e8f16dff9713ba8950097ceb760b161e19907,Domains_Alloy
1947,-8.168087464781902,-7.042352497577667,1,-2.20399270765,86dd3a804d78ca5d203ebf98747e8f16dff9713ba8950097ceb760b161e19907,Domains_Alloy
1948,-8.168868845722528,-7.042352497577667,1,-2.20399270765,86dd3a804d78ca5d203ebf98747e8f16dff9713ba8950097ceb760b161e19907,Domains_Alloy
1949,-8.169650330869002,-7.042352497577667,1,-2.20399270765,86dd3a804d78ca5d203ebf98747e8f16dff9713ba8950097ceb760b161e19907,Domains_Alloy
1950,-8.170431920167893,-7.042352497577667,1,-2.20399270765,86dd3a804d78ca5d203ebf98747e8f16dff9713ba8950097ceb760b161e19907,Domains_Alloy
1951,-8.171213613565831,-7.042352497577667,1,-2.20399270765,86dd3a804d78ca5d203ebf98747e8f16dff9713ba8950097ceb760b161e19907,Domains_Alloy
1952,-8.171995411009496,-7.042352497577667,1,-2.20399270765,86dd3a804d78ca5d203ebf98747e8f16dff9713ba8950097ceb760b161e19907,Domains_Alloy
1953,-8.172777312445625,-7.042352497577667,1,-2.20399270765,86dd3a804d78ca5d203ebf98747e8f16dff9713ba8950097ceb760b161e19907,Domains_Alloy
1954,-8.173559317821008,-7.042352497577667,1,-2.20399270765,86dd3a804d78ca5d203ebf98747e8f16dff9713ba8950097ceb760b161e19907,Domains_Alloy
1955,-8.174341427082489,-7.042352497577667,1,-2.20399270765,86dd3a804d78ca5d203ebf98747e8f16dff9713ba8950097ceb760b161e19907,Domains_Alloy
1956,-8.17512364017697,-7.042352497577667,1,-2.20399270765,86dd3a804d78ca5d203ebf98747e8f16dff9713ba8950097ceb760b161e19907,Domains_Alloy
1957,-8.175905957051402,-7.042352497577667,1,-2.20399270765,86dd3a804d78ca5d203ebf98747e8f16dff9713ba8950097ceb760b161e19907,Domains_Alloy
1958,-8.176688377652793,-7.042352497577667,1,-2.20399270765,86dd3a804d78ca5d203ebf98747e8f16dff9713ba8950097ceb760b161e19907,Domains_Alloy
1959,-8.177470901928206,-7.042352497577667,1,-2.20399270765,86dd3a804d78ca5d203ebf98747e8f16dff9713ba8950097ceb760b161e19907,Domains_Alloy
1960,-8.178253529824756,-7.042352497577667,1,-2.20399270765,86dd3a804d78ca5d203ebf98747e8f16dff9713ba8950097ceb760b161e19907,Domains_Alloy
1961,-8.179036261289614,-7.042352497577667,1,-2.20399270765,86dd3a804d78ca5d203ebf98747e8f16dff9713ba8950097ceb760b161e19907,Domains_Alloy
1962,-8.179819096270002,-7.042352497577667,1,-2.20399270765,86dd3a804d78ca5d203ebf98747e8f16dff9713ba8950097ceb760b161e19907,Domains_Alloy
1963,-8.180602034713198,-7.042352497577667,1,-2.20399270765,86dd3a804d78ca5d203ebf98747e8f16dff9713ba8950097ceb760b161e19907,Domains_Alloy
1964,-8.181385076566533,-7.042352497577667,1,-2.20399270765,86dd3a804d78ca5d203ebf98747e8f16dff9713ba8950097ceb760b161e19907,Domains_Alloy
1965,-8.18216822177739,-7.042352497577667,1,-2.20399270765,86dd3a804d78ca5d203ebf98747e8f16dff9713ba8950097ceb760b161e19907,Domains_Alloy
1966,-8.18295147029321,-7.042352497577667,1,-2.20399270765,86dd3a804d78ca5d203ebf98747e8f16dff9713ba8950097ceb760b161e19907,Domains_Alloy
1967,-8.183734822061481,-7.042352497577667,1,-2.20399270765,86dd3a804d78ca5d203ebf98747e8f16dff9713ba8950097ceb760b161e19907,Domains_Alloy
1968,-8.184518277029749,-7.042352497577667,1,-2.20399270765,86dd3a804d78ca5d203ebf98747e8f16dff9713ba8950097ceb760b161e19907,Domains_Alloy
1969,-8.185301835145614,-7.042352497577667,1,-2.20399270765,86dd3a804d78ca5d203ebf98747e8f16dff9713ba8950097ceb760b161e19907,Domains_Alloy
1970,-8.186085496356725,-7.042352497577667,1,-2.20399270765,86dd3a804d78ca5d203ebf98747e8f16dff9713ba8950097ceb760b161e19907,Domains_Alloy
1971,-8.186869260610784,-7.042352497577667,1,-2.20399270765,86dd3a804d78ca5d203ebf98747e8f16dff9713ba8950097ceb760b161e19907,Domains_Alloy
1972,-8.187653127855555,-7.042352497577667,1,-2.20399270765,86dd3a804d78ca5d203ebf98747e8f16dff9713ba8950097ceb760b161e19907,Domains_Alloy
1973,-8.188437098038841,-7.042352497577667,1,-2.20399270765,86dd3a804d78ca5d203ebf98747e8f16dff9713ba8950097ceb760b161e19907,Domains_Alloy
1974,-8.18922117110851,-7.042352497577667,1,-2.20399270765,86dd3a804d78ca5d203ebf98747e8f16dff9713ba8950097ceb760b161e19907,Domains_Alloy
1975,-8.190005347012475,-7.042352497577667,1,-2.20399270765,86dd3a804d78ca5d203ebf98747e8f16dff9713ba8950097ceb760b161e19907,Domains_Alloy
1976,-8.190789625698706,-7.042352497577667,1,-2.20399270765,86dd3a804d78ca5d203ebf98747e8f16dff9713ba8950097ceb760b161e19907,Domains_Alloy
1977,-8.191574007115223,-7.042352497577667,1,-2.20399270765,86dd3a804d78ca5d203ebf98747e8f16dff9713ba8950097ceb760b161e19907,Domains_Alloy
1978,-8.192358491210101,-7.042352497577667,1,-2.20399270765,86dd3a804d78ca5d203ebf98747e8f16dff9713ba8950097ceb760b161e19907,Domains_Alloy
1979,-8.193143077931465,-7.042352497577667,1,-2.20399270765,86dd3a804d78ca5d203ebf98747e8f16dff9713ba8950097ceb760b161e19907,Domains_Alloy
1980,-8.193927767227493,-7.042352497577667,1,-2.20399270765,86dd3a804d78ca5d203ebf98747e8f16dff9713ba8950097ceb760b161e19907,Domains_Alloy
1981,-8.194712559046417,-7.042352497577667,1,-2.20399270765,86dd3a804d78ca5d203ebf98747e8f16dff9713ba8950097ceb760b161e19907,Domains_Alloy
1982,-8.195497453336518,-7.042352497577667,1,-2.20399270765,86dd3a804d78ca5d203ebf98747e8f16dff9713ba8950097ceb760b161e19907,Domains_Alloy
1983,-8.196282450046134,-7.042352497577667,1,-2.20399270765,86dd3a804d78ca5d203ebf98747e8f16dff9713ba8950097ceb760b161e19907,Domains_Alloy
1984,-8.19706754912365,-7.042352497577667,1,-2.20399270765,86dd3a804d78ca5d203ebf98747e8f16dff9713ba8950097ceb760b161e19907,Domains_Alloy
1985,-8.197852750517507,-7.042352497577667,1,-2.20399270765,86dd3a804d78ca5d203ebf98747e8f16dff9713ba8950097ceb760b161e19907,Domains_Alloy
1986,-8.198638054176193,-7.042352497577667,1,-2.20399270765,86dd3a804d78ca5d203ebf98747e8f16dff9713ba8950097ceb760b161e19907,Domains_Alloy
1987,-8.199423460048253,-7.042352497577667,1,-2.20399270765,86dd3a804d78ca5d203ebf98747e8f16dff9713ba8950097ceb760b161e19907,Domains_Alloy
1988,-8.200208968082281,-7.042352497577667,1,-2.20399270765,86dd3a804d78ca5d203ebf98747e8f16dff9713ba8950097ceb760b161e19907,Domains_Alloy
1989,-8.200994578226924,-7.042352497577667,1,-2.20399270765,86dd3a804d78ca5d203ebf98747e8f16dff9713ba8950097ceb760b161e19907,Domains_Alloy
1990,-8.201780290430879,-7.042352497577667,1,-2.20399270765,86dd3a804d78ca5d203ebf98747e8f16dff9713ba8950097ceb760b161e19907,Domains_Alloy
1991,-8.202566104642896,-7.042352497577667,1,-2.20399270765,86dd3a804d78ca5d203ebf98747e8f16dff9713ba8950097ceb760b161e19907,Domains_Alloy
1992,-8.203352020811774,-7.042352497577667,1,-2.20399270765,86dd3a804d78ca5d203ebf98747e8f16dff9713ba8950097ceb760b161e19907,Domains_Alloy
1993,-8.204138038886367,-7.042352497577667,1,-2.20399270765,86dd3a804d78ca5d203ebf98747e8f16dff9713ba8950097ceb760b161e19907,Domains_Alloy
1994,-8.204924158815578,-7.042352497577667,1,-2.20399270765,86dd3a804d78ca5d203ebf98747e8f16dff9713ba8950097ceb760b161e19907,Domains_Alloy
1995,-8.205710380548359,-7.042352497577667,1,-2.20399270765,86dd3a804d78ca5d203ebf98747e8f16dff9713ba8950097ceb760b161e19907,Domains_Alloy
1996,-8.20649670403372,-7.042352497577667,1,-2.20399270765,86dd3a804d78ca5d203ebf98747e8f16dff9713ba8950097ceb760b161e19907,Domains_Alloy
1997,-8.207283129220714,-7.042352497577667,1,-2.20399270765,86dd3a804d78ca5d203ebf98747e8f16dff9713ba8950097ceb760b161e19907,Domains_Alloy
1998,-8.208069656058452,-7.042352497577667,1,-2.20399270765,86dd3a804d78ca5d203ebf98747e8f16dff9713ba8950097ceb760b161e19907,Domains_Alloy
1999,-8.20885628449609,-7.042352497577667,1,-2.20399270765,86dd3a804d78ca5d203ebf98747e8f16dff9713ba8950097ceb760b161e19907,Domains_Alloy
2000,-8.209643014482838,-7.042352497577667,1,-2.20399270765,86dd3a804d78ca5d203ebf98747e8f16dff9713ba8950097ceb760b161e19907,Domains_Alloy
2001,-8.210429845967957,-7.042352497577667,1,-2.20399270765,86dd3a804d78ca5d203ebf98747e8f16dff9713ba8950097ceb760b161e19907,Domains_Alloy
2002,-8.211216778900758,-7.042352497577667,1,-2.20399270765,86dd3a804d78ca5d203ebf98747e8f16dff9713ba8950097ceb760b161e19907,Domains_Alloy
2003,-8.2120038132306,-7.042352497577667,1,-2.20399270765,86dd3a804d78ca5d203ebf98747e8f16dff9713ba8950097ceb760b161e19907,Domains_Alloy
2004,-8.212790948906898,-7.042352497577667,1,-2.20399270765,86dd3a804d78ca5d203ebf98747e8f16dff9713ba8950097ceb760b161e19907,Domains_Alloy
2005,-8.213578185879113,-7.042352497577667,1,-2.20399270765,86dd3a804d78ca5d203ebf98747e8f16dff9713ba8950097ceb760b161e19907,Domains_Alloy
2006,-8.214365524096756,-7.042352497577667,1,-2.20399270765,86dd3a804d78ca5d203ebf98747e8f16dff9713ba8950097ceb760b161e19907,Domains_Alloy
2007,-8.215152963509393,-7.042352497577667,1,-2.20399270765,86dd3a804d78ca5d203ebf98747e8f16dff9713ba8950097ceb760b161e19907,Domains_Alloy
2008,-8.215940504066635,-7.042352497577667,1,-2.20399270765,86dd3a804d78ca5d203ebf98747e8f16dff9713ba8950097ceb760b161e19907,Domains_Alloy
2009,-8.216728145718147,-7.042352497577667,1,-2.20399270765,86dd3a804d78ca5d203ebf98747e8f16dff9713ba8950097ceb760b161e19907,Domains_Alloy
2010,-8.217515888413642,-7.042352497577667,1,-2.20399270765,86dd3a804d78ca5d203ebf98747e8f16dff9713ba8950097ceb760b161e19907,Domains_Alloy
2011,-8.21830373210288,-7.042352497577667,1,-2.20399270765,86dd3a804d78ca5d203ebf98747e8f16dff9713ba8950097ceb760b161e19907,Domains_Alloy
2012,-8.21909167673568,-7.042352497577667,1,-2.20399270765,86dd3a804d78ca5d203ebf98747e8f16dff9713ba8950097ceb760b161e19907,Domains_Alloy
2013,-8.219879722261901,-7.042352497577667,1,-2.20399270765,86dd3a804d78ca5d203ebf98747e8f16dff9713ba8950097ceb760b161e19907,Domains_Alloy
2014,-8.220667868631457,-7.042352497577667,1,-2.20399270765,86dd3a804d78ca5d203ebf98747e8f16dff9713ba8950097ceb760b161e19907,Domains_Alloy
2015,-8.221456115794311,-7.042352497577667,1,-2.20399270765,86dd3a804d78ca5d203ebf98747e8f16dff9713ba8950097ceb760b161e19907,Domains_Alloy
2016,-8.222244463700477,-7.042352497577667,1,-2.20399270765,86dd3a804d78ca5d203ebf98747e8f16dff9713ba8950097ceb760b161e19907,Domains_Alloy
2017,-8.223032912300011,-7.042352497577667,1,-2.20399270765,86dd3a804d78ca5d203ebf98747e8f16dff9713ba8950097ceb760b161e19907,Domains_Alloy
2018,-8.223821461543031,-7.042352497577667,1,-2.20399270765,86dd3a804d78ca5d203ebf98747e8f16dff9713ba8950097ceb760b161e19907,Domains_Alloy
2019,-8.224610111379691,-7.042352497577667,1,-2.20399270765,86dd3a804d78ca5d203ebf98747e8f16dff9713ba8950097ceb760b161e19907,Domains_Alloy
2020,-8.225398861760207,-7.042352497577667,1,-2.20399270765,86dd3a804d78ca5d203ebf98747e8f16dff9713ba8950097ceb760b161e19907,Domains_Alloy
2021,-8.226187712634836,-7.042352497577667,1,-2.20399270765,86dd3a804d78ca5d203ebf98747e8f16dff9713ba8950097ceb760b161e19907,Domains_Alloy
2022,-8.226976663953884,-7.042352497577667,1,-2.20399270765,86dd3a804d78ca5d203ebf98747e8f16dff9713ba8950097ceb760b161e19907,Domains_Alloy
2023,-8.227765715667712,-7.042352497577667,1,-2.20399270765,86dd3a804d78ca5d203ebf98747e8f16dff9713ba8950097ceb760b161e19907,Domains_Alloy
2024,-8.228554867726723,-7.042352497577667,1,-2.20399270765,86dd3a804d78ca5d203ebf98747e8f16dff9713ba8950097ceb760b161e19907,Domains_Alloy
2025,-8.229344120081375,-7.042352497577667,1,-2.20399270765,86dd3a804d78ca5d203ebf98747e8f16dff9713ba8950097ceb760b161e19907,Domains_Alloy
2026,-8.230133472682171,-7.042352497577667,1,-2.20399270765,86dd3a804d78ca5d203ebf98747e8f16dff9713ba8950097ceb760b161e19907,Domains_Alloy
2027,-8.230922925479664,-7.042352497577667,1,-2.20399270765,86dd3a804d78ca5d203ebf98747e8f16dff9713ba8950097ceb760b161e19907,Domains_Alloy
2028,-8.231712478424459,-7.042352497577667,1,-2.20399270765,86dd3a804d78ca5d203ebf98747e8f16dff9713ba8950097ceb760b161e19907,Domains_Alloy
2029,-8.232502131467202,-7.042352497577667,1,-2.20399270765,86dd3a804d78ca5d203ebf98747e8f16dff9713ba8950097ceb760b161e19907,Domains_Alloy
2030,-8.233291884558595,-7.042352497577667,1,-2.20399270765,86dd3a804d78ca5d203ebf98747e8f16dff9713ba8950097ceb760b161e19907,Domains_Alloy
2031,-8.234081737649385,-7.042352497577667,1,-2.20399270765,86dd3a804d78ca5d203ebf98747e8f16dff9713ba8950097ceb760b161e19907,Domains_Alloy
2032,-8.234871690690365,-7.042352497577667,1,-2.20399270765,86dd3a804d78ca5d203ebf98747e8f16dff9713ba8950097ceb760b161e19907,Domains_Alloy
2033,-8.235661743632384,-7.042352497577667,1,-2.20399270765,86dd3a804d78ca5d203ebf98747e8f16dff9713ba8950097ceb760b161e19907,Domains_Alloy
2034,-8.236451896426335,-7.042352497577667,1,-2.20399270765,86dd3a804d78ca5d203ebf98747e8f16dff9713ba8950097ceb760b161e19907,Domains_Alloy
2035,-8.237242149023157,-7.042352497577667,1,-2.20399270765,86dd3a804d78ca5d203ebf98747e8f16dff9713ba8950097ceb760b161e19907,Domains_Alloy
2036,-8.238032501373837,-7.042352497577667,1,-2.20399270765,86dd3a804d78ca5d203ebf98747e8f16dff9713ba8950097ceb760b161e19907,Domains_Alloy
2037,-8.238822953429416,-7.042352497577667,1,-2.20399270765,86dd3a804d78ca5d203ebf98747e8f16dff9713ba8950097ceb760b161e19907,Domains_Alloy
2038,-8.239613505140976,-7.042352497577667,1,-2.20399270765,86dd3a804d78ca5d203ebf98747e8f16dff9713ba8950097ceb760b161e19907,Domains_Alloy
2039,-8.240404156459654,-7.042352497577667,1,-2.20399270765,86dd3a804d78ca5d203ebf98747e8f16dff9713ba8950097ceb760b161e19907,Domains_Alloy
2040,-8.241194907336629,-7.042352497577667,1,-2.20399270765,86dd3a804d78ca5d203ebf98747e8f16dff9713ba8950097ceb760b161e19907,Domains_Alloy
2041,-8.24198575772313,-7.042352497577667,1,-2.20399270765,86dd3a804d78ca5d203ebf98747e8f16dff9713ba8950097ceb760b161e19907,Domains_Alloy
2042,-8.242776707570435,-7.042352497577667,1,-2.20399270765,86dd3a804d78ca5d203ebf98747e8f16dff9713ba8950097ceb760b161e19907,Domains_Alloy
2043,-8.243567756829867,-7.042352497577667,1,-2.20399270765,86dd3a804d78ca5d203ebf98747e8f16dff9713ba8950097ceb760b161e19907,Domains_Alloy
2044,-8.244358905452797,-7.042352497577667,1,-2.20399270765,86dd3a804d78ca5d203ebf98747e8f16dff9713ba8950097ceb760b161e19907,Domains_Alloy
2045,-8.245150153390648,-7.042352497577667,1,-2.20399270765,86dd3a804d78ca5d203ebf98747e8f16dff9713ba8950097ceb760b161e19907,Domains_Alloy
2046,-8.245941500594883,-7.042352497577667,1,-2.20399270765,86dd3a804d78ca5d203ebf98747e8f16dff9713ba8950097ceb760b161e19907,Domains_Alloy
2047,-8.246732947017021,-7.042352497577667,1,-2.20399270765,86dd3a804d78ca5d203ebf98747e8f16dff9713ba8950097ceb760b161e19907,Domains_Alloy
2048,-8.247524492608619,-7.042352497577667,1,-2.20399270765,86dd3a804d78ca5d203ebf98747e8f16dff9713ba8950097ceb760b161e19907,Domains_Alloy
2049,-8.248316137321288,-7.042352497577667,1,-2.20399270765,86dd3a804d78ca5d203ebf98747e8f16dff9713ba8950097ceb760b161e19907,Domains_Alloy
2050,-8.249107881106683,-7.042352497577667,1,-2.20399270765,86dd3a804d78ca5d203ebf98747e8f16dff9713ba8950097ceb760b161e19907,Domains_Alloy
2051,-8.24989972391651,-7.042352497577667,1,-2.20399270765,86dd3a804d78ca5d203ebf98747e8f16dff9713ba8950097ceb760b161e19907,Domains_Alloy
2052,-8.250691665702519,-7.042352497577667,1,-2.20399270765,86dd3a804d78ca5d203ebf98747e8f16dff9713ba8950097ceb760b161e19907,Domains_Alloy
2053,-8.251483706416504,-7.042352497577667,1,-2.20399270765,86dd3a804d78ca5d203ebf98747e8f16dff9713ba8950097ceb760b161e19907,Domains_Alloy
2054,-8.252275846010313,-7.042352497577667,1,-2.20399270765,86dd3a804d78ca5d203ebf98747e8f16dff9713ba8950097ceb760b161e19907,Domains_Alloy
2055,-8.253068084435833,-7.042352497577667,1,-2.20399270765,86dd3a804d78ca5d203ebf98747e8f16dff9713ba8950097ceb760b161e19907,Domains_Alloy
2056,-8.253860421645005,-7.042352497577667,1,-2.20399270765,86dd3a804d78ca5d203ebf98747e8f16dff9713ba8950097ceb760b161e19907,Domains_Alloy
2057,-8.254652857589814,-7.042352497577667,1,-2.20399270765,86dd3a804d78ca5d203ebf98747e8f16dff9713ba8950097ceb760b161e19907,Domains_Alloy
2058,-8.255445392222288,-7.042352497577667,1,-2.20399270765,86dd3a804d78ca5d203ebf98747e8f16dff9713ba8950097ceb760b161e19907,Domains_Alloy
2059,-8.256238025494508,-7.042352497577667,1,-2.20399270765,86dd3a804d78ca5d203ebf98747e8f16dff9713ba8950097ceb760b161e19907,Domains_Alloy
2060,-8.257030757358597,-7.042352497577667,1,-2.20399270765,86dd3a804d78ca5d203ebf98747e8f16dff9713ba8950097ceb760b161e19907,Domains_Alloy
2061,-8.257823587766724,-7.042352497577667,1,-2.20399270765,86dd3a804d78ca5d203ebf98747e8f16dff9713ba8950097ceb760b161e19907,Domains_Alloy
2062,-8.258616516671109,-7.042352497577667,1,-2.20399270765,86dd3a804d78ca5d203ebf98747e8f16dff9713ba8950097ceb760b161e19907,Domains_Alloy
2063,-8.259409544024015,-7.042352497577667,1,-2.20399270765,86dd3a804d78ca5d203ebf98747e8f16dff9713ba8950097ceb760b161e19907,Domains_Alloy
2064,-8.260202669777749,-7.042352497577667,1,-2.20399270765,86dd3a804d78ca5d203ebf98747e8f16dff9713ba8950097ceb760b161e19907,Domains_Alloy
2065,-8.260995893884669,-7.042352497577667,1,-2.20399270765,86dd3a804d78ca5d203ebf98747e8f16dff9713ba8950097ceb760b161e19907,Domains_Alloy
2066,-8.261789216297178,-7.042352497577667,1,-2.20399270765,86dd3a804d78ca5d203ebf98747e8f16dff9713ba8950097ceb760b161e19907,Domains_Alloy
2067,-8.26258263696772,-7.042352497577667,1,-2.20399270765,86dd3a804d78ca5d203ebf98747e8f16dff9713ba8950097ceb760b161e19907,Domains_Alloy
2068,-8.263376155848791,-7.042352497577667,1,-2.20399270765,86dd3a804d78ca5d203ebf98747e8f16dff9713ba8950097ceb760b161e19907,Domains_Alloy
2069,-8.264169772892931,-7.042352497577667,1,-2.20399270765,86dd3a804d78ca5d203ebf98747e8f16dff9713ba8950097ceb760b161e19907,Domains_Alloy
2070,-8.264963488052725,-7.042352497577667,1,-2.20399270765,86dd3a804d78ca5d203ebf98747e8f16dff9713ba8950097ceb760b161e19907,Domains_Alloy
2071,-8.265757301280807,-7.042352497577667,1,-2.20399270765,86dd3a804d78ca5d203ebf98747e8f16dff9713ba8950097ceb760b161e19907,Domains_Alloy
2072,-8.266551212529851,-7.042352497577667,1,-2.20399270765,86dd3a804d78ca5d203ebf98747e8f16dff9713ba8950097ceb760b161e19907,Domains_Alloy
2073,-8.26734522175258,-7.042352497577667,1,-2.20399270765,86dd3a804d78ca5d203ebf98747e8f16dff9713ba8950097ceb760b161e19907,Domains_Alloy
2074,-8.268139328901762,-7.042352497577667,1,-2.20399270765,86dd3a804d78ca5d203ebf98747e8f16dff9713ba8950097ceb760b161e19907,Domains_Alloy
2075,-8.268933533930214,-7.042352497577667,1,-2.20399270765,86dd3a804d78ca5d203ebf98747e8f16dff9713ba8950097ceb760b161e19907,Domains_Alloy
2076,-8.269727836790791,-7.042352497577667,1,-2.20399270765,86dd3a804d78ca5d203ebf98747e8f16dff9713ba8950097ceb760b161e19907,Domains_Alloy
2077,-8.270522237436399,-7.042352497577667,1,-2.20399270765,86dd3a804d78ca5d203ebf98747e8f16dff9713ba8950097ceb760b161e19907,Domains_Alloy
2078,-8.27131673581999,-7.042352497577667,1,-2.20399270765,86dd3a804d78ca5d203ebf98747e8f16dff9713ba8950097ceb760b161e19907,Domains_Alloy
2079,-8.272111331894557,-7.042352497577667,1,-2.20399270765,86dd3a804d78ca5d203ebf98747e8f16dff9713ba8950097ceb760b161e19907,Domains_Alloy
2080,-8.272906025613141,-7.042352497577667,1,-2.20399270765,86dd3a804d78ca5d203ebf98747e8f16dff9713ba8950097ceb760b161e19907,Domains_Alloy
2081,-8.273700816928827,-7.042352497577667,1,-2.20399270765,86dd3a804d78ca5d203ebf98747e8f16dff9713ba8950097ceb760b161e19907,Domains_Alloy
2082,-8.274495705794745,-7.042352497577667,1,-2.20399270765,86dd3a804d78ca5d203ebf98747e8f16dff9713ba8950097ceb760b161e19907,Domains_Alloy
2083,-8.275290692164072,-7.042352497577667,1,-2.20399270765,86dd3a804d78ca5d203ebf98747e8f16dff9713ba8950097ceb760b161e19907,Domains_Alloy
2084,-8.276085775990028,-7.042352497577667,1,-2.20399270765,86dd3a804d78ca5d203ebf98747e8f16dff9713ba8950097ceb760b161e19907,Domains_Alloy
2085,-8.276880957225876,-7.042352497577667,1,-2.20399270765,86dd3a804d78ca5d203ebf98747e8f16dff9713ba8950097ceb760b161e19907,Domains_Alloy
2086,-8.277676235824929,-7.042352497577667,1,-2.20399270765,86dd3a804d78ca5d203ebf98747e8f16dff9713ba8950097ceb760b161e19907,Domains_Alloy
2087,-8.278471611740541,-7.042352497577667,1,-2.20399270765,86dd3a804d78ca5d203ebf98747e8f16dff9713ba8950097ceb760b161e19907,Domains_Alloy
2088,-8.27926708492611,-7.042352497577667,1,-2.20399270765,86dd3a804d78ca5d203ebf98747e8f16dff9713ba8950097ceb760b161e19907,Domains_Alloy
2089,-8.28006265533508,-7.042352497577667,1,-2.20399270765,86dd3a804d78ca5d203ebf98747e8f16dff9713ba8950097ceb760b161e19907,Domains_Alloy
2090,-8.280858322920942,-7.042352497577667,1,-2.20399270765,86dd3a804d78ca5d203ebf98747e8f16dff9713ba8950097ceb760b161e19907,Domains_Alloy
2091,-8.281654087637225,-7.042352497577667,1,-2.20399270765,86dd3a804d78ca5d203ebf98747e8f16dff9713ba8950097ceb760b161e19907,Domains_Alloy
2092,-8.28244994943751,-7.042352497577667,1,-2.20399270765,86dd3a804d78ca5d203ebf98747e8f16dff9713ba8950097ceb760b161e19907,Domains_Alloy
2093,-8.283245908275417,-7.042352497577667,1,-2.20399270765,86dd3a804d78ca5d203ebf98747e8f16dff9713ba8950097ceb760b161e19907,Domains_Alloy
2094,-8.284041964104613,-7.042352497577667,1,-2.20399270765,86dd3a804d78ca5d203ebf98747e8f16dff9713ba8950097ceb760b161e19907,Domains_Alloy
2095,-8.284838116878808,-7.042352497577667,1,-2.20399270765,86dd3a804d78ca5d203ebf98747e8f16dff9713ba8950097ceb760b161e19907,Domains_Alloy
2096,-8.285634366551756,-7.042352497577667,1,-2.20399270765,86dd3a804d78ca5d203ebf98747e8f16dff9713ba8950097ceb760b161e19907,Domains_Alloy
2097,-8.286430713077253,-7.042352497577667,1,-2.20399270765,86dd3a804d78ca5d203ebf98747e8f16dff9713ba8950097ceb760b161e19907,Domains_Alloy
2098,-8.287227156409147,-7.042352497577667,1,-2.20399270765,86dd3a804d78ca5d203ebf98747e8f16dff9713ba8950097ceb760b161e19907,Domains_Alloy
2099,-8.28802369650132,-7.042352497577667,1,-2.20399270765,86dd3a804d78ca5d203ebf98747e8f16dff9713ba8950097ceb760b161e19907,Domains_Alloy
2100,-8.288820333307703,-7.042352497577667,1,-2.20399270765,86dd3a804d78ca5d203ebf98747e8f16dff9713ba8950097ceb760b161e19907,Domains_Alloy
2101,-8.289617066782272,-7.042352497577667,1,-2.20399270765,86dd3a804d78ca5d203ebf98747e8f16dff9713ba8950097ceb760b161e19907,Domains_Alloy
2102,-8.290413896879043,-7.042352497577667,1,-2.20399270765,86dd3a804d78ca5d203ebf98747e8f16dff9713ba8950097ceb760b161e19907,Domains_Alloy
2103,-8.291210823552078,-7.042352497577667,1,-2.20399270765,86dd3a804d78ca5d203ebf98747e8f16dff9713ba8950097ceb760b161e19907,Domains_Alloy
2104,-8.292007846755482,-7.042352497577667,1,-2.20399270765,86dd3a804d78ca5d203ebf98747e8f16dff9713ba8950097ceb760b161e19907,Domains_Alloy
2105,-8.292804966443406,-7.042352497577667,1,-2.20399270765,86dd3a804d78ca5d203ebf98747e8f16dff9713ba8950097ceb760b161e19907,Domains_Alloy
2106,-8.293602182570039,-7.042352497577667,1,-2.20399270765,86dd3a804d78ca5d203ebf98747e8f16dff9713ba8950097ceb760b161e19907,Domains_Alloy
2107,-8.294399495089621,-7.042352497577667,1,-2.20399270765,86dd3a804d78ca5d203ebf98747e8f16dff9713ba8950097ceb760b161e19907,Domains_Alloy
2108,-8.29519690395643,-7.042352497577667,1,-2.20399270765,86dd3a804d78ca5d203ebf98747e8f16dff9713ba8950097ceb760b161e19907,Domains_Alloy
2109,-8.295994409124786,-7.042352497577667,1,-2.20399270765,86dd3a804d78ca5d203ebf98747e8f16dff9713ba8950097ceb760b161e19907,Domains_Alloy
2110,-8.296792010549055,-7.042352497577667,1,-2.20399270765,86dd3a804d78ca5d203ebf98747e8f16dff9713ba8950097ceb760b161e19907,Domains_Alloy
2111,-8.297589708183649,-7.042352497577667,1,-2.20399270765,86dd3a804d78ca5d203ebf98747e8f16dff9713ba8950097ceb760b161e19907,Domains_Alloy
2112,-8.29838750198302,-7.042352497577667,1,-2.20399270765,86dd3a804d78ca5d203ebf98747e8f16dff9713ba8950097ceb760b161e19907,Domains_Alloy
2113,-8.299185391901661,-7.042352497577667,1,-2.20399270765,86dd3a804d78ca5d203ebf98747e8f16dff9713ba8950097ceb760b161e19907,Domains_Alloy
2114,-8.299983377894112,-7.042352497577667,1,-2.20399270765,86dd3a804d78ca5d203ebf98747e8f16dff9713ba8950097ceb760b161e19907,Domains_Alloy
2115,-8.300781459914953,-7.042352497577667,1,-2.20399270765,86dd3a804d78ca5d203ebf98747e8f16dff9713ba8950097ceb760b161e19907,Domains_Alloy
2116,-8.30157963791881,-7.042352497577667,1,-2.20399270765,86dd3a804d78ca5d203ebf98747e8f16dff9713ba8950097ceb760b161e19907,Domains_Alloy
2117,-8.302377911860349,-7.042352497577667,1,-2.20399270765,86dd3a804d78ca5d203ebf98747e8f16dff9713ba8950097ceb760b161e19907,Domains_Alloy
2118,-8.303176281694281,-7.042352497577667,1,-2.20399270765,86dd3a804d78ca5d203ebf98747e8f16dff9713ba8950097ceb760b161e19907,Domains_Alloy
2119,-8.303974747375356,-7.042352497577667,1,-2.20399270765,86dd3a804d78ca5d203ebf98747e8f16dff9713ba8950097ceb760b161e19907,Domains_Alloy
2120,-8.304773308858373,-7.042352497577667,1,-2.20399270765,86dd3a804d78ca5d203ebf98747e8f16dff9713ba8950097ceb760b161e19907,Domains_Alloy
2121,-8.305571966098167,-7.042352497577667,1,-2.20399270765,86dd3a804d78ca5d203ebf98747e8f16dff9713ba8950097ceb760b161e19907,Domains_Alloy
2122,-8.306370719049619,-7.042352497577667,1,-2.20399270765,86dd3a804d78ca5d203ebf98747e8f16dff9713ba8950097ceb760b161e19907,Domains_Alloy
2123,-8.307169567667652,-7.042352497577667,1,-2.20399270765,86dd3a804d78ca5d203ebf98747e8f16dff9713ba8950097ceb760b161e19907,Domains_Alloy
2124,-8.307968511907232,-7.042352497577667,1,-2.20399270765,86dd3a804d78ca5d203ebf98747e8f16dff9713ba8950097ceb760b161e19907,Domains_Alloy
2125,-8.308767551723367,-7.042352497577667,1,-2.20399270765,86dd3a804d78ca5d203ebf98747e8f16dff9713ba8950097ceb760b161e19907,Domains_Alloy
2126,-8.309566687071108,-7.042352497577667,1,-2.20399270765,86dd3a804d78ca5d203ebf98747e8f16dff9713ba8950097ceb760b161e19907,Domains_Alloy
2127,-8.310365917905543,-7.042352497577667,1,-2.20399270765,86dd3a804d78ca5d203ebf98747e8f16dff9713ba8950097ceb760b161e19907,Domains_Alloy
2128,-8.31116524418181,-7.042352497577667,1,-2.20399270765,86dd3a804d78ca5d203ebf98747e8f16dff9713ba8950097ceb760b161e19907,Domains_Alloy
2129,-8.311964665855085,-7.042352497577667,1,-2.20399270765,86dd3a804d78ca5d203ebf98747e8f16dff9713ba8950097ceb760b161e19907,Domains_Alloy
2130,-8.312764182880585,-7.042352497577667,1,-2.20399270765,86dd3a804d78ca5d203ebf98747e8f16dff9713ba8950097ceb760b161e19907,Domains_Alloy
2131,-8.313563795213573,-7.042352497577667,1,-2.20399270765,86dd3a804d78ca5d203ebf98747e8f16dff9713ba8950097ceb760b161e19907,Domains_Alloy
2132,-8.314363502809352,-7.042352497577667,1,-2.20399270765,86dd3a804d78ca5d203ebf98747e8f16dff9713ba8950097ceb760b161e19907,Domains_Alloy
2133,-8.315163305623264,-7.042352497577667,1,-2.20399270765,86dd3a804d78ca5d203ebf98747e8f16dff9713ba8950097ceb760b161e19907,Domains_Alloy
2134,-8.315963203610695,-7.042352497577667,1,-2.20399270765,86dd3a804d78ca5d203ebf98747e8f16dff9713ba8950097ceb760b161e19907,Domains_Alloy
2135,-8.316763196727077,-7.042352497577667,1,-2.20399270765,86dd3a804d78ca5d203ebf98747e8f16dff9713ba8950097ceb760b161e19907,Domains_Alloy
2136,-8.317563284927875,-7.042352497577667,1,-2.20399270765,86dd3a804d78ca5d203ebf98747e8f16dff9713ba8950097ceb760b161e19907,Domains_Alloy
2137,-8.318363468168606,-7.042352497577667,1,-2.20399270765,86dd3a804d78ca5d203ebf98747e8f16dff9713ba8950097ceb760b161e19907,Domains_Alloy
2138,-8.319163746404818,-7.042352497577667,1,-2.20399270765,86dd3a804d78ca5d203ebf98747e8f16dff9713ba8950097ceb760b161e19907,Domains_Alloy
2139,-8.319964119592109,-7.042352497577667,1,-2.20399270765,86dd3a804d78ca5d203ebf98747e8f16dff9713ba8950097ceb760b161e19907,Domains_Alloy
2140,-8.320764587686114,-7.042352497577667,1,-2.20399270765,86dd3a804d78ca5d203ebf98747e8f16dff9713ba8950097ceb760b161e19907,Domains_Alloy
2141,-8.321565150642508,-7.042352497577667,1,-2.20399270765,86dd3a804d78ca5d203ebf98747e8f16dff9713ba8950097ceb760b161e19907,Domains_Alloy
2142,-8.322365808417013,-7.042352497577667,1,-2.20399270765,86dd3a804d78ca5d203ebf98747e8f16dff9713ba8950097ceb760b161e19907,Domains_Alloy
2143,-8.32316656096539,-7.042352497577667,1,-2.20399270765,86dd3a804d78ca5d203ebf98747e8f16dff9713ba8950097ceb760b161e19907,Domains_Alloy
2144,-8.323967408243439,-7.042352497577667,1,-2.20399270765,86dd3a804d78ca5d203ebf98747e8f16dff9713ba8950097ceb760b161e19907,Domains_Alloy
2145,-8.324768350207002,-7.042352497577667,1,-2.20399270765,86dd3a804d78ca5d203ebf98747e8f16dff9713ba8950097ceb760b161e19907,Domains_Alloy
2146,-8.325569386811964,-7.042352497577667,1,-2.20399270765,86dd3a804d78ca5d203ebf98747e8f16dff9713ba8950097ceb760b161e19907,Domains_Alloy
2147,-8.326370518014246,-7.042352497577667,1,-2.20399270765,86dd3a804d78ca5d203ebf98747e8f16dff9713ba8950097ceb760b161e19907,Domains_Alloy
2148,-8.327171743769821,-7.042352497577667,1,-2.20399270765,86dd3a804d78ca5d203ebf98747e8f16dff9713ba8950097ceb760b161e19907,Domains_Alloy
2149,-8.327973064034691,-7.042352497577667,1,-2.20399270765,86dd3a804d78ca5d203ebf98747e8f16dff9713ba8950097ceb760b161e19907,Domains_Alloy
2150,-8.328774478764903,-7.042352497577667,1,-2.20399270765,86dd3a804d78ca5d203ebf98747e8f16dff9713ba8950097ceb760b161e19907,Domains_Alloy
2151,-8.329575987916549,-7.042352497577667,1,-2.20399270765,86dd3a804d78ca5d203ebf98747e8f16dff9713ba8950097ceb760b161e19907,Domains_Alloy
2152,-8.330377591445757,-7.042352497577667,1,-2.20399270765,86dd3a804d78ca5d203ebf98747e8f16dff9713ba8950097ceb760b161e19907,Domains_Alloy
2153,-8.331179289308697,-7.042352497577667,1,-2.20399270765,86dd3a804d78ca5d203ebf98747e8f16dff9713ba8950097ceb760b161e19907,Domains_Alloy
2154,-8.33198108146158,-7.042352497577667,1,-2.20399270765,86dd3a804d78ca5d203ebf98747e8f16dff9713ba8950097ceb760b161e19907,Domains_Alloy
2155,-8.332782967860656,-7.042352497577667,1,-2.20399270765,86dd3a804d78ca5d203ebf98747e8f16dff9713ba8950097ceb760b161e19907,Domains_Alloy
2156,-8.333584948462217,-7.042352497577667,1,-2.20399270765,86dd3a804d78ca5d203ebf98747e8f16dff9713ba8950097ceb760b161e19907,Domains_Alloy
2157,-8.334387023222599,-7.042352497577667,1,-2.20399270765,86dd3a804d78ca5d203ebf98747e8f16dff9713ba8950097ceb760b161e19907,Domains_Alloy
2158,-8.335189192098172,-7.042352497577667,1,-2.20399270765,86dd3a804d78ca5d203ebf98747e8f16dff9713ba8950097ceb760b161e19907,Domains_Alloy
2159,-8.335991455045351,-7.042352497577667,1,-2.20399270765,86dd3a804d78ca5d203ebf98747e8f16dff9713ba8950097ceb760b161e19907,Domains_Alloy
2160,-8.336793812020586,-7.042352497577667,1,-2.20399270765,86dd3a804d78ca5d203ebf98747e8f16dff9713ba8950097ceb760b161e19907,Domains_Alloy
2161,-8.337596262980377,-7.042352497577667,1,-2.20399270765,86dd3a804d78ca5d203ebf98747e8f16dff9713ba8950097ceb760b161e19907,Domains_Alloy
2162,-8.338398807881253,-7.042352497577667,1,-2.20399270765,86dd3a804d78ca5d203ebf98747e8f16dff9713ba8950097ceb760b161e19907,Domains_Alloy
2163,-8.339201446679791,-7.042352497577667,1,-2.20399270765,86dd3a804d78ca5d203ebf98747e8f16dff9713ba8950097ceb760b161e19907,Domains_Alloy
2164,-8.340004179332606,-7.042352497577667,1,-2.20399270765,86dd3a804d78ca5d203ebf98747e8f16dff9713ba8950097ceb760b161e19907,Domains_Alloy
2165,-8.34080700579635,-7.042352497577667,1,-2.20399270765,86dd3a804d78ca5d203ebf98747e8f16dff9713ba8950097ceb760b161e19907,Domains_Alloy
2166,-8.34160992602772,-7.042352497577667,1,-2.20399270765,86dd3a804d78ca5d203ebf98747e8f16dff9713ba8950097ceb760b161e19907,Domains_Alloy
2167,-8.342412939983451,-7.042352497577667,1,-2.20399270765,86dd3a804d78ca5d203ebf98747e8f16dff9713ba8950097ceb760b161e19907,Domains_Alloy
2168,-8.343216047620313,-7.042352497577667,1,-2.20399270765,86dd3a804d78ca5d203ebf98747e8f16dff9713ba8950097ceb760b161e19907,Domains_Alloy
2169,-8.344019248895124,-7.042352497577667,1,-2.20399270765,86dd3a804d78ca5d203ebf98747e8f16dff9713ba8950097ceb760b161e19907,Domains_Alloy
2170,-8.344822543764739,-7.042352497577667,1,-2.20399270765,86dd3a804d78ca5d203ebf98747e8f16dff9713ba8950097ceb760b161e19907,Domains_Alloy
2171,-8.345625932186049,-7.042352497577667,1,-2.20399270765,86dd3a804d78ca5d203ebf98747e8f16dff9713ba8950097ceb760b161e19907,Domains_Alloy
2172,-8.346429414115988,-7.042352497577667,1,-2.20399270765,86dd3a804d78ca5d203ebf98747e8f16dff9713ba8950097ceb760b161e19907,Domains_Alloy
2173,-8.34723298951153,-7.042352497577667,1,-2.20399270765,86dd3a804d78ca5d203ebf98747e8f16dff9713ba8950097ceb760b161e19907,Domains_Alloy
2174,-8.348036658329688,-7.042352497577667,1,-2.20399270765,86dd3a804d78ca5d203ebf98747e8f16dff9713ba8950097ceb760b161e19907,Domains_Alloy
2175,-8.348840420527516,-7.042352497577667,1,-2.20399270765,86dd3a804d78ca5d203ebf98747e8f16dff9713ba8950097ceb760b161e19907,Domains_Alloy
2176,-8.349644276062099,-7.042352497577667,1,-2.20399270765,86dd3a804d78ca5d203ebf98747e8f16dff9713ba8950097ceb760b161e19907,Domains_Alloy
2177,-8.350448224890574,-7.042352497577667,1,-2.20399270765,86dd3a804d78ca5d203ebf98747e8f16dff9713ba8950097ceb760b161e19907,Domains_Alloy
2178,-8.351252266970111,-7.042352497577667,1,-2.20399270765,86dd3a804d78ca5d203ebf98747e8f16dff9713ba8950097ceb760b161e19907,Domains_Alloy
2179,-8.352056402257915,-7.042352497577667,1,-2.20399270765,86dd3a804d78ca5d203ebf98747e8f16dff9713ba8950097ceb760b161e19907,Domains_Alloy
2180,-8.352860630711241,-7.042352497577667,1,-2.20399270765,86dd3a804d78ca5d203ebf98747e8f16dff9713ba8950097ceb760b161e19907,Domains_Alloy
2181,-8.353664952287374,-7.042352497577667,1,-2.20399270765,86dd3a804d78ca5d203ebf98747e8f16dff9713ba8950097ceb760b161e19907,Domains_Alloy
2182,-8.354469366943642,-7.042352497577667,1,-2.20399270765,86dd3a804d78ca5d203ebf98747e8f16dff9713ba8950097ceb760b161e19907,Domains_Alloy
2183,-8.355273874637408,-7.042352497577667,1,-2.20399270765,86dd3a804d78ca5d203ebf98747e8f16dff9713ba8950097ceb760b161e19907,Domains_Alloy
2184,-8.356078475326083,-7.042352497577667,1,-2.20399270765,86dd3a804d78ca5d203ebf98747e8f16dff9713ba8950097ceb760b161e19907,Domains_Alloy
2185,-8.356883168967107,-7.042352497577667,1,-2.20399270765,86dd3a804d78ca5d203ebf98747e8f16dff9713ba8950097ceb760b161e19907,Domains_Alloy
2186,-8.357687955517966,-7.042352497577667,1,-2.20399270765,86dd3a804d78ca5d203ebf98747e8f16dff9713ba8950097ceb760b161e19907,Domains_Alloy
2187,-8.358492834936181,-7.042352497577667,1,-2.20399270765,86dd3a804d78ca5d203ebf98747e8f16dff9713ba8950097ceb760b161e19907,Domains_Alloy
2188,-8.359297807179312,-7.042352497577667,1,-2.20399270765,86dd3a804d78ca5d203ebf98747e8f16dff9713ba8950097ceb760b161e19907,Domains_Alloy
2189,-8.360102872204958,-7.042352497577667,1,-2.20399270765,86dd3a804d78ca5d203ebf98747e8f16dff9713ba8950097ceb760b161e19907,Domains_Alloy
2190,-8.360908029970762,-7.042352497577667,1,-2.20399270765,86dd3a804d78ca5d203ebf98747e8f16dff9713ba8950097ceb760b161e19907,Domains_Alloy
2191,-8.361713280434396,-7.042352497577667,1,-2.20399270765,86dd3a804d78ca5d203ebf98747e8f16dff9713ba8950097ceb760b161e19907,Domains_Alloy
2192,-8.362518623553576,-7.042352497577667,1,-2.20399270765,86dd3a804d78ca5d203ebf98747e8f16dff9713ba8950097ceb760b161e19907,Domains_Alloy
2193,-8.363324059286061,-7.042352497577667,1,-2.20399270765,86dd3a804d78ca5d203ebf98747e8f16dff9713ba8950097ceb760b161e19907,Domains_Alloy
2194,-8.364129587589639,-7.042352497577667,1,-2.20399270765,86dd3a804d78ca5d203ebf98747e8f16dff9713ba8950097ceb760b161e19907,Domains_Alloy
2195,-8.364935208422141,-7.042352497577667,1,-2.20399270765,86dd3a804d78ca5d203ebf98747e8f16dff9713ba8950097ceb760b161e19907,Domains_Alloy
2196,-8.365740921741439,-7.042352497577667,1,-2.20399270765,86dd3a804d78ca5d203ebf98747e8f16dff9713ba8950097ceb760b161e19907,Domains_Alloy
2197,-8.36654672750544,-7.042352497577667,1,-2.20399270765,86dd3a804d78ca5d203ebf98747e8f16dff9713ba8950097ceb760b161e19907,Domains_Alloy
2198,-8.36735262567209,-7.042352497577667,1,-2.20399270765,86dd3a804d78ca5d203ebf98747e8f16dff9713ba8950097ceb760b161e19907,Domains_Alloy
2199,-8.368158616199374,-7.042352497577667,1,-2.20399270765,86dd3a804d78ca5d203ebf98747e8f16dff9713ba8950097ceb760b161e19907,Domains_Alloy
2200,-8.368964699045314,-7.042352497577667,1,-2.20399270765,86dd3a804d78ca5d203ebf98747e8f16dff9713ba8950097ceb760b161e19907,Domains_Alloy
2201,-8.369770874167969,-7.042352497577667,1,-2.20399270765,86dd3a804d78ca5d203ebf98747e8f16dff9713ba8950097ceb760b161e19907,Domains_Alloy
2202,-8.370577141525441,-7.042352497577667,1,-2.20399270765,86dd3a804d78ca5d203ebf98747e8f16dff9713ba8950097ceb760b161e19907,Domains_Alloy
2203,-8.371383501075863,-7.042352497577667,1,-2.20399270765,86dd3a804d78ca5d203ebf98747e8f16dff9713ba8950097ceb760b161e19907,Domains_Alloy
2204,-8.372189952777413,-7.042352497577667,1,-2.20399270765,86dd3a804d78ca5d203ebf98747e8f16dff9713ba8950097ceb760b161e19907,Domains_Alloy
2205,-8.372996496588303,-7.042352497577667,1,-2.20399270765,86dd3a804d78ca5d203ebf98747e8f16dff9713ba8950097ceb760b161e19907,Domains_Alloy
2206,-8.373803132466783,-7.042352497577667,1,-2.20399270765,86dd3a804d78ca5d203ebf98747e8f16dff9713ba8950097ceb760b161e19907,Domains_Alloy
2207,-8.374609860371139,-7.042352497577667,1,-2.20399270765,86dd3a804d78ca5d203ebf98747e8f16dff9713ba8950097ceb760b161e19907,Domains_Alloy
2208,-8.375416680259702,-7.042352497577667,1,-2.20399270765,86dd3a804d78ca5d203ebf98747e8f16dff9713ba8950097ceb760b161e19907,Domains_Alloy
2209,-8.376223592090833,-7.042352497577667,1,-2.20399270765,86dd3a804d78ca5d203ebf98747e8f16dff9713ba8950097ceb760b161e19907,Domains_Alloy
2210,-8.377030595822934,-7.042352497577667,1,-2.20399270765,86dd3a804d78ca5d203ebf98747e8f16dff9713ba8950097ceb760b161e19907,Domains_Alloy
2211,-8.377837691414443,-7.042352497577667,1,-2.20399270765,86dd3a804d78ca5d203ebf98747e8f16dff9713ba8950097ceb760b161e19907,Domains_Alloy
2212,-8.378644878823838,-7.042352497577667,1,-2.20399270765,86dd3a804d78ca5d203ebf98747e8f16dff9713ba8950097ceb760b161e19907,Domains_Alloy
2213,-8.379452158009634,-7.042352497577667,1,-2.20399270765,86dd3a804d78ca5d203ebf98747e8f16dff9713ba8950097ceb760b161e19907,Domains_Alloy
2214,-8.380259528930381,-7.042352497577667,1,-2.20399270765,86dd3a804d78ca5d203ebf98747e8f16dff9713ba8950097ceb760b161e19907,Domains_Alloy
2215,-8.381066991544667,-7.042352497577667,1,-2.20399270765,86dd3a804d78ca5d203ebf98747e8f16dff9713ba8950097ceb760b161e19907,Domains_Alloy
2216,-8.381874545811122,-7.042352497577667,1,-2.20399270765,86dd3a804d78ca5d203ebf98747e8f16dff9713ba8950097ceb760b161e19907,Domains_Alloy
2217,-8.382682191688408,-7.042352497577667,1,-2.20399270765,86dd3a804d78ca5d203ebf98747e8f16dff9713ba8950097ceb760b161e19907,Domains_Alloy
2218,-8.383489929135225,-7.042352497577667,1,-2.20399270765,86dd3a804d78ca5d203ebf98747e8f16dff9713ba8950097ceb760b161e19907,Domains_Alloy
2219,-8.384297758110312,-7.042352497577667,1,-2.20399270765,86dd3a804d78ca5d203ebf98747e8f16dff9713ba8950097ceb760b161e19907,Domains_Alloy
2220,-8.385105678572444,-7.042352497577667,1,-2.20399270765,86dd3a804d78ca5d203ebf98747e8f16dff9713ba8950097ceb760b161e19907,Domains_Alloy
2221,-8.385913690480436,-7.042352497577667,1,-2.20399270765,86dd3a804d78ca5d203ebf98747e8f16dff9713ba8950097ceb760b161e19907,Domains_Alloy
2222,-8.386721793793132,-7.042352497577667,1,-2.20399270765,86dd3a804d78ca5d203ebf98747e8f16dff9713ba8950097ceb760b161e19907,Domains_Alloy
2223,-8.387529988469424,-7.042352497577667,1,-2.20399270765,86dd3a804d78ca5d203ebf98747e8f16dff9713ba8950097ceb760b161e19907,Domains_Alloy
2224,-8.388338274468234,-7.042352497577667,1,-2.20399270765,86dd3a804d78ca5d203ebf98747e8f16dff9713ba8950097ceb760b161e19907,Domains_Alloy
2225,-8.389146651748522,-7.042352497577667,1,-2.20399270765,86dd3a804d78ca5d203ebf98747e8f16dff9713ba8950097ceb760b161e19907,Domains_Alloy
2226,-8.389955120269283,-7.042352497577667,1,-2.20399270765,86dd3a804d78ca5d203ebf98747e8f16dff9713ba8950097ceb760b161e19907,Domains_Alloy
2227,-8.390763679989554,-7.042352497577667,1,-2.20399270765,86dd3a804d78ca5d203ebf98747e8f16dff9713ba8950097ceb760b161e19907,Domains_Alloy
2228,-8.391572330868405,-7.042352497577667,1,-2.20399270765,86dd3a804d78ca5d203ebf98747e8f16dff9713ba8950097ceb760b161e19907,Domains_Alloy
2229,-8.392381072864945,-7.042352497577667,1,-2.20399270765,86dd3a804d78ca5d203ebf98747e8f16dff9713ba8950097ceb760b161e19907,Domains_Alloy
2230,-8.393189905938314,-7.042352497577667,1,-2.20399270765,86dd3a804d78ca5d203ebf98747e8f16dff9713ba8950097ceb760b161e19907,Domains_Alloy
2231,-8.393998830047698,-7.042352497577667,1,-2.20399270765,86dd3a804d78ca5d203ebf98747e8f16dff9713ba8950097ceb760b161e19907,Domains_Alloy
2232,-8.394807845152313,-7.042352497577667,1,-2.20399270765,86dd3a804d78ca5d203ebf98747e8f16dff9713ba8950097ceb760b161e19907,Domains_Alloy
2233,-8.395616951211409,-7.042352497577667,1,-2.20399270765,86dd3a804d78ca5d203ebf98747e8f16dff9713ba8950097ceb760b161e19907,Domains_Alloy
2234,-8.396426148184279,-7.042352497577667,1,-2.20399270765,86dd3a804d78ca5d203ebf98747e8f16dff9713ba8950097ceb760b161e19907,Domains_Alloy
2235,-8.397235436030252,-7.042352497577667,1,-2.20399270765,86dd3a804d78ca5d203ebf98747e8f16dff9713ba8950097ceb760b161e19907,Domains_Alloy
2236,-8.398044814708689,-7.042352497577667,1,-2.20399270765,86dd3a804d78ca5d203ebf98747e8f16dff9713ba8950097ceb760b161e19907,Domains_Alloy
2237,-8.39885428417899,-7.042352497577667,1,-2.20399270765,86dd3a804d78ca5d203ebf98747e8f16dff9713ba8950097ceb760b161e19907,Domains_Alloy
2238,-8.399663844400589,-7.042352497577667,1,-2.20399270765,86dd3a804d78ca5d203ebf98747e8f16dff9713ba8950097ceb760b161e19907,Domains_Alloy
2239,-8.40047349533296,-7.042352497577667,1,-2.20399270765,86dd3a804d78ca5d203ebf98747e8f16dff9713ba8950097ceb760b161e19907,Domains_Alloy
2240,-8.401283236935612,-7.042352497577667,1,-2.20399270765,86dd3a804d78ca5d203ebf98747e8f16dff9713ba8950097ceb760b161e19907,Domains_Alloy
2241,-8.402093069168085,-7.042352497577667,1,-2.20399270765,86dd3a804d78ca5d203ebf98747e8f16dff9713ba8950097ceb760b161e19907,Domains_Alloy
2242,-8.402902991989963,-7.042352497577667,1,-2.20399270765,86dd3a804d78ca5d203ebf98747e8f16dff9713ba8950097ceb760b161e19907,Domains_Alloy
2243,-8.403713005360862,-7.042352497577667,1,-2.20399270765,86dd3a804d78ca5d203ebf98747e8f16dff9713ba8950097ceb760b161e19907,Domains_Alloy
2244,-8.404523109240433,-7.042352497577667,1,-2.20399270765,86dd3a804d78ca5d203ebf98747e8f16dff9713ba8950097ceb760b161e19907,Domains_Alloy
2245,-8.405333303588364,-7.042352497577667,1,-2.20399270765,86dd3a804d78ca5d203ebf98747e8f16dff9713ba8950097ceb760b161e19907,Domains_Alloy
2246,-8.406143588364383,-7.042352497577667,1,-2.20399270765,86dd3a804d78ca5d203ebf98747e8f16dff9713ba8950097ceb760b161e19907,Domains_Alloy
2247,-8.406953963528245,-7.042352497577667,1,-2.20399270765,86dd3a804d78ca5d203ebf98747e8f16dff9713ba8950097ceb760b161e19907,Domains_Alloy
2248,-8.407764429039748,-7.042352497577667,1,-2.20399270765,86dd3a804d78ca5d203ebf98747e8f16dff9713ba8950097ceb760b161e19907,Domains_Alloy
2249,-8.408574984858724,-7.042352497577667,1,-2.20399270765,86dd3a804d78ca5d203ebf98747e8f16dff9713ba8950097ceb760b161e19907,Domains_Alloy
2250,-8.409385630945039,-7.042352497577667,1,-2.20399270765,86dd3a804d78ca5d203ebf98747e8f16dff9713ba8950097ceb760b161e19907,Domains_Alloy
2251,-8.410196367258596,-7.042352497577667,1,-2.20399270765,86dd3a804d78ca5d203ebf98747e8f16dff9713ba8950097ceb760b161e19907,Domains_Alloy
2252,-8.411007193759335,-7.042352497577667,1,-2.20399270765,86dd3a804d78ca5d203ebf98747e8f16dff9713ba8950097ceb760b161e19907,Domains_Alloy
2253,-8.411818110407228,-7.042352497577667,1,-2.20399270765,86dd3a804d78ca5d203ebf98747e8f16dff9713ba8950097ceb760b161e19907,Domains_Alloy
2254,-8.412629117162286,-7.042352497577667,1,-2.20399270765,86dd3a804d78ca5d203ebf98747e8f16dff9713ba8950097ceb760b161e19907,Domains_Alloy
2255,-8.413440213984554,-7.042352497577667,1,-2.20399270765,86dd3a804d78ca5d203ebf98747e8f16dff9713ba8950097ceb760b161e19907,Domains_Alloy
2256,-8.414251400834109,-7.042352497577667,1,-2.20399270765,86dd3a804d78ca5d203ebf98747e8f16dff9713ba8950097ceb760b161e19907,Domains_Alloy
2257,-8.415062677671072,-7.042352497577667,1,-2.20399270765,86dd3a804d78ca5d203ebf98747e8f16dff9713ba8950097ceb760b161e19907,Domains_Alloy
2258,-8.41587404445559,-7.042352497577667,1,-2.20399270765,86dd3a804d78ca5d203ebf98747e8f16dff9713ba8950097ceb760b161e19907,Domains_Alloy
2259,-8.416685501147851,-7.042352497577667,1,-2.20399270765,86dd3a804d78ca5d203ebf98747e8f16dff9713ba8950097ceb760b161e19907,Domains_Alloy
2260,-8.417497047708077,-7.042352497577667,1,-2.20399270765,86dd3a804d78ca5d203ebf98747e8f16dff9713ba8950097ceb760b161e19907,Domains_Alloy
2261,-8.418308684096523,-7.042352497577667,1,-2.20399270765,86dd3a804d78ca5d203ebf98747e8f16dff9713ba8950097ceb760b161e19907,Domains_Alloy
2262,-8.419120410273482,-7.042352497577667,1,-2.20399270765,86dd3a804d78ca5d203ebf98747e8f16dff9713ba8950097ceb760b161e19907,Domains_Alloy
2263,-8.419932226199281,-7.042352497577667,1,-2.20399270765,86dd3a804d78ca5d203ebf98747e8f16dff9713ba8950097ceb760b161e19907,Domains_Alloy
2264,-8.420744131834281,-7.042352497577667,1,-2.20399270765,86dd3a804d78ca5d203ebf98747e8f16dff9713ba8950097ceb760b161e19907,Domains_Alloy
2265,-8.42155612713888,-7.042352497577667,1,-2.20399270765,86dd3a804d78ca5d203ebf98747e8f16dff9713ba8950097ceb760b161e19907,Domains_Alloy
2266,-8.422368212073508,-7.042352497577667,1,-2.20399270765,86dd3a804d78ca5d203ebf98747e8f16dff9713ba8950097ceb760b161e19907,Domains_Alloy
2267,-8.423180386598634,-7.042352497577667,1,-2.20399270765,86dd3a804d78ca5d203ebf98747e8f16dff9713ba8950097ceb760b161e19907,Domains_Alloy
2268,-8.423992650674759,-7.042352497577667,1,-2.20399270765,86dd3a804d78ca5d203ebf98747e8f16dff9713ba8950097ceb760b161e19907,Domains_Alloy
2269,-8.424805004262421,-7.042352497577667,1,-2.20399270765,86dd3a804d78ca5d203ebf98747e8f16dff9713ba8950097ceb760b161e19907,Domains_Alloy
2270,-8.425617447322185,-7.042352497577667,1,-2.20399270765,86dd3a804d78ca5d203ebf98747e8f16dff9713ba8950097ceb760b161e19907,Domains_Alloy
2271,-8.426429979814664,-7.042352497577667,1,-2.20399270765,86dd3a804d78ca5d203ebf98747e8f16dff9713ba8950097ceb760b161e19907,Domains_Alloy
2272,-8.427242601700495,-7.042352497577667,1,-2.20399270765,86dd3a804d78ca5d203ebf98747e8f16dff9713ba8950097ceb760b161e19907,Domains_Alloy
2273,-8.428055312940355,-7.042352497577667,1,-2.20399270765,86dd3a804d78ca5d203ebf98747e8f16dff9713ba8950097ceb760b161e19907,Domains_Alloy
2274,-8.428868113494952,-7.042352497577667,1,-2.20399270765,86dd3a804d78ca5d203ebf98747e8f16dff9713ba8950097ceb760b161e19907,Domains_Alloy
2275,-8.429681003325031,-7.042352497577667,1,-2.20399270765,86dd3a804d78ca5d203ebf98747e8f16dff9713ba8950097ceb760b161e19907,Domains_Alloy
2276,-8.430493982391372,-7.042352497577667,1,-2.20399270765,86dd3a804d78ca5d203ebf98747e8f16dff9713ba8950097ceb760b161e19907,Domains_Alloy
2277,-8.431307050654786,-7.042352497577667,1,-2.20399270765,86dd3a804d78ca5d203ebf98747e8f16dff9713ba8950097ceb760b161e19907,Domains_Alloy
2278,-8.432120208076121,-7.042352497577667,1,-2.20399270765,86dd3a804d78ca5d203ebf98747e8f16dff9713ba8950097ceb760b161e19907,Domains_Alloy
2279,-8.43293345461626,-7.042352497577667,1,-2.20399270765,86dd3a804d78ca5d203ebf98747e8f16dff9713ba8950097ceb760b161e19907,Domains_Alloy
2280,-8.433746790236118,-7.042352497577667,1,-2.20399270765,86dd3a804d78ca5d203ebf98747e8f16dff9713ba8950097ceb760b161e19907,Domains_Alloy
2281,-8.434560214896646,-7.042352497577667,1,-2.20399270765,86dd3a804d78ca5d203ebf98747e8f16dff9713ba8950097ceb760b161e19907,Domains_Alloy
2282,-8.435373728558829,-7.042352497577667,1,-2.20399270765,86dd3a804d78ca5d203ebf98747e8f16dff9713ba8950097ceb760b161e19907,Domains_Alloy
2283,-8.436187331183687,-7.042352497577667,1,-2.20399270765,86dd3a804d78ca5d203ebf98747e8f16dff9713ba8950097ceb760b161e19907,Domains_Alloy
2284,-8.43700102273227,-7.042352497577667,1,-2.20399270765,86dd3a804d78ca5d203ebf98747e8f16dff9713ba8950097ceb760b161e19907,Domains_Alloy
2285,-8.437814803165669,-7.042352497577667,1,-2.20399270765,86dd3a804d78ca5d203ebf98747e8f16dff9713ba8950097ceb760b161e19907,Domains_Alloy
2286,-8.438628672445001,-7.042352497577667,1,-2.20399270765,86dd3a804d78ca5d203ebf98747e8f16dff9713ba8950097ceb760b161e19907,Domains_Alloy
2287,-8.439442630531422,-7.042352497577667,1,-2.20399270765,86dd3a804d78ca5d203ebf98747e8f16dff9713ba8950097ceb760b161e19907,Domains_Alloy
2288,-8.440256677386124,-7.042352497577667,1,-2.20399270765,86dd3a804d78ca5d203ebf98747e8f16dff9713ba8950097ceb760b161e19907,Domains_Alloy
2289,-8.441070812970327,-7.042352497577667,1,-2.20399270765,86dd3a804d78ca5d203ebf98747e8f16dff9713ba8950097ceb760b161e19907,Domains_Alloy
2290,-8.44188503724529,-7.042352497577667,1,-2.20399270765,86dd3a804d78ca5d203ebf98747e8f16dff9713ba8950097ceb760b161e19907,Domains_Alloy
2291,-8.442699350172301,-7.042352497577667,1,-2.20399270765,86dd3a804d78ca5d203ebf98747e8f16dff9713ba8950097ceb760b161e19907,Domains_Alloy
2292,-8.443513751712686,-7.042352497577667,1,-2.20399270765,86dd3a804d78ca5d203ebf98747e8f16dff9713ba8950097ceb760b161e19907,Domains_Alloy
2293,-8.444328241827805,-7.042352497577667,1,-2.20399270765,86dd3a804d78ca5d203ebf98747e8f16dff9713ba8950097ceb760b161e19907,Domains_Alloy
2294,-8.445142820479045,-7.042352497577667,1,-2.20399270765,86dd3a804d78ca5d203ebf98747e8f16dff9713ba8950097ceb760b161e19907,Domains_Alloy
2295,-8.445957487627835,-7.042352497577667,1,-2.20399270765,86dd3a804d78ca5d203ebf98747e8f16dff9713ba8950097ceb760b161e19907,Domains_Alloy
2296,-8.446772243235632,-7.042352497577667,1,-2.20399270765,86dd3a804d78ca5d203ebf98747e8f16dff9713ba8950097ceb760b161e19907,Domains_Alloy
2297,-8.44758708726393,-7.042352497577667,1,-2.20399270765,86dd3a804d78ca5d203ebf98747e8f16dff9713ba8950097ceb760b161e19907,Domains_Alloy
2298,-8.448402019674255,-7.042352497577667,1,-2.20399270765,86dd3a804d78ca5d203ebf98747e8f16dff9713ba8950097ceb760b161e19907,Domains_Alloy
2299,-8.449217040428165,-7.042352497577667,1,-2.20399270765,86dd3a804d78ca5d203ebf98747e8f16dff9713ba8950097ceb760b161e19907,Domains_Alloy
2300,-8.450032149487253,-7.042352497577667,1,-2.20399270765,86dd3a804d78ca5d203ebf98747e8f16dff9713ba8950097ceb760b161e19907,Domains_Alloy
2301,-8.450847346813148,-7.042352497577667,1,-2.20399270765,86dd3a804d78ca5d203ebf98747e8f16dff9713ba8950097ceb760b161e19907,Domains_Alloy
2302,-8.451662632367508,-7.042352497577667,1,-2.20399270765,86dd3a804d78ca5d203ebf98747e8f16dff9713ba8950097ceb760b161e19907,Domains_Alloy
2303,-8.452478006112027,-7.042352497577667,1,-2.20399270765,86dd3a804d78ca5d203ebf98747e8f16dff9713ba8950097ceb760b161e19907,Domains_Alloy
2304,-8.453293468008427,-7.042352497577667,1,-2.20399270765,86dd3a804d78ca5d203ebf98747e8f16dff9713ba8950097ceb760b161e19907,Domains_Alloy
2305,-8.454109018018471,-7.042352497577667,1,-2.20399270765,86dd3a804d78ca5d203ebf98747e8f16dff9713ba8950097ceb760b161e19907,Domains_Alloy
2306,-8.454924656103952,-7.042352497577667,1,-2.20399270765,86dd3a804d78ca5d203ebf98747e8f16dff9713ba8950097ceb760b161e19907,Domains_Alloy
2307,-8.455740382226693,-7.042352497577667,1,-2.20399270765,86dd3a804d78ca5d203ebf98747e8f16dff9713ba8950097ceb760b161e19907,Domains_Alloy
2308,-8.456556196348554,-7.042352497577667,1,-2.20399270765,86dd3a804d78ca5d203ebf98747e8f16dff9713ba8950097ceb760b161e19907,Domains_Alloy
2309,-8.457372098431428,-7.042352497577667,1,-2.20399270765,86dd3a804d78ca5d203ebf98747e8f16dff9713ba8950097ceb760b161e19907,Domains_Alloy
2310,-8.458188088437236,-7.042352497577667,1,-2.20399270765,86dd3a804d78ca5d203ebf98747e8f16dff9713ba8950097ceb760b161e19907,Domains_Alloy
2311,-8.45900416632794,-7.042352497577667,1,-2.20399270765,86dd3a804d78ca5d203ebf98747e8f16dff9713ba8950097ceb760b161e19907,Domains_Alloy
2312,-8.459820332065528,-7.042352497577667,1,-2.20399270765,86dd3a804d78ca5d203ebf98747e8f16dff9713ba8950097ceb760b161e19907,Domains_Alloy
2313,-8.460636585612024,-7.042352497577667,1,-2.20399270765,86dd3a804d78ca5d203ebf98747e8f16dff9713ba8950097ceb760b161e19907,Domains_Alloy
2314,-8.461452926929482,-7.042352497577667,1,-2.20399270765,86dd3a804d78ca5d203ebf98747e8f16dff9713ba8950097ceb760b161e19907,Domains_Alloy
2315,-8.462269355979995,-7.042352497577667,1,-2.20399270765,86dd3a804d78ca5d203ebf98747e8f16dff9713ba8950097ceb760b161e19907,Domains_Alloy
2316,-8.463085872725683,-7.042352497577667,1,-2.20399270765,86dd3a804d78ca5d203ebf98747e8f16dff9713ba8950097ceb760b161e19907,Domains_Alloy
2317,-8.463902477128698,-7.042352497577667,1,-2.20399270765,86dd3a804d78ca5d203ebf98747e8f16dff9713ba8950097ceb760b161e19907,Domains_Alloy
2318,-8.464719169151232,-7.042352497577667,1,-2.20399270765,86dd3a804d78ca5d203ebf98747e8f16dff9713ba8950097ceb760b161e19907,Domains_Alloy
2319,-8.4655359487555,-7.042352497577667,1,-2.20399270765,86dd3a804d78ca5d203ebf98747e8f16dff9713ba8950097ceb760b161e19907,Domains_Alloy
2320,-8.466352815903756,-7.042352497577667,1,-2.20399270765,86dd3a804d78ca5d203ebf98747e8f16dff9713ba8950097ceb760b161e19907,Domains_Alloy
2321,-8.467169770558284,-7.042352497577667,1,-2.20399270765,86dd3a804d78ca5d203ebf98747e8f16dff9713ba8950097ceb760b161e19907,Domains_Alloy
2322,-8.467986812681403,-7.042352497577667,1,-2.20399270765,86dd3a804d78ca5d203ebf98747e8f16dff9713ba8950097ceb760b161e19907,Domains_Alloy
2323,-8.468803942235461,-7.042352497577667,1,-2.20399270765,86dd3a804d78ca5d203ebf98747e8f16dff9713ba8950097ceb760b161e19907,Domains_Alloy
2324,-8.469621159182839,-7.042352497577667,1,-2.20399270765,86dd3a804d78ca5d203ebf98747e8f16dff9713ba8950097ceb760b161e19907,Domains_Alloy
2325,-8.470438463485953,-7.042352497577667,1,-2.20399270765,86dd3a804d78ca5d203ebf98747e8f16dff9713ba8950097ceb760b161e19907,Domains_Alloy
2326,-8.47125585510725,-7.042352497577667,1,-2.20399270765,86dd3a804d78ca5d203ebf98747e8f16dff9713ba8950097ceb760b161e19907,Domains_Alloy
2327,-8.472073334009208,-7.042352497577667,1,-2.20399270765,86dd3a804d78ca5d203ebf98747e8f16dff9713ba8950097ceb760b161e19907,Domains_Alloy
