T_K,F_QH_eV_per_atom,E_static_eV_per_atom,volume_scale,min_frequency_THz,checkpoint_sha256,head
1076,-7.774835714414492,-7.191367939114571,1.02,0.289229980172,86dd3a804d78ca5d203ebf98747e8f16dff9713ba8950097ceb760b161e19907,Domains_Alloy
1077,-7.775636998086417,-7.191367939114571,1.02,0.289229980172,86dd3a804d78ca5d203ebf98747e8f16dff9713ba8950097ceb760b161e19907,Domains_Alloy
1078,-7.776438521437257,-7.191367939114571,1.02,0.289229980172,86dd3a804d78ca5d203ebf98747e8f16dff9713ba8950097ceb760b161e19907,Domains_Alloy
1079,-7.777240284245341,-7.191367939114571,1.02,0.289229980172,86dd3a804d78ca5d203ebf98747e8f16dff9713ba8950097ceb760b161e19907,Domains_Alloy
1080,-7.778042286289403,-7.191367939114571,1.02,0.289229980172,86dd3a804d78ca5d203ebf98747e8f16dff9713ba8950097ceb760b161e19907,Domains_Alloy
1081,-7.778844527348588,-7.191367939114571,1.02,0.289229980172,86dd3a804d78ca5d203ebf98747e8f16dff9713ba8950097ceb760b161e19907,Domains_Alloy
1082,-7.779647007202446,-7.191367939114571,1.02,0.289229980172,86dd3a804d78ca5d203ebf98747e8f16dff9713ba8950097ceb760b161e19907,Domains_Alloy
1083,-7.780449725630933,-7.191367939114571,1.02,0.289229980172,86dd3a804d78ca5d203ebf98747e8f16dff9713ba8950097ceb760b161e19907,Domains_Alloy
1084,-7.78125268241441,-7.191367939114571,1.02,0.289229980172,86dd3a804d78ca5d203ebf98747e8f16dff9713ba8950097ceb760b161e19907,Domains_Alloy
1085,-7.782055877333641,-7.191367939114571,1.02,0.289229980172,86dd3a804d78ca5d203ebf98747e8f16dff9713ba8950097ceb760b161e19907,Domains_Alloy
1086,-7.782859310169793,-7.191367939114571,1.02,0.289229980172,86dd3a804d78ca5d203ebf98747e8f16dff9713ba8950097ceb760b161e19907,Domains_Alloy
1087,-7.783662980704435,-7.191367939114571,1.02,0.289229980172,86dd3a804d78ca5d203ebf98747e8f16dff9713ba8950097ceb760b161e19907,Domains_Alloy
1088,-7.784466888719531,-7.191367939114571,1.02,0.289229980172,86dd3a804d78ca5d203ebf98747e8f16dff9713ba8950097ceb760b161e19907,Domains_Alloy
1089,-7.785271033997452,-7.191367939114571,1.02,0.289229980172,86dd3a804d78ca5d203ebf98747e8f16dff9713ba8950097ceb760b161e19907,Domains_Alloy
1090,-7.786075416320961,-7.191367939114571,1.02,0.289229980172,86dd3a804d78ca5d203ebf98747e8f16dff9713ba8950097ceb760b161e19907,Domains_Alloy
1091,-7.786880035473219,-7.191367939114571,1.02,0.289229980172,86dd3a804d78ca5d203ebf98747e8f16dff9713ba8950097ceb760b161e19907,Domains_Alloy
1092,-7.787684891237786,-7.191367939114571,1.02,0.289229980172,86dd3a804d78ca5d203ebf98747e8f16dff9713ba8950097ceb760b161e19907,Domains_Alloy
1093,-7.788489983398613,-7.191367939114571,1.02,0.289229980172,86dd3a804d78ca5d203ebf98747e8f16dff9713ba8950097ceb760b161e19907,Domains_Alloy
1094,-7.789295311740045,-7.191367939114571,1.02,0.289229980172,86dd3a804d78ca5d203ebf98747e8f16dff9713ba8950097ceb760b161e19907,Domains_Alloy
1095,-7.790100876046821,-7.191367939114571,1.02,0.289229980172,86dd3a804d78ca5d203ebf98747e8f16dff9713ba8950097ceb760b161e19907,Domains_Alloy
1096,-7.79090667610407,-7.191367939114571,1.02,0.289229980172,86dd3a804d78ca5d203ebf98747e8f16dff9713ba8950097ceb760b161e19907,Domains_Alloy
1097,-7.791712711697313,-7.191367939114571,1.02,0.289229980172,86dd3a804d78ca5d203ebf98747e8f16dff9713ba8950097ceb760b161e19907,Domains_Alloy
1098,-7.792518982612459,-7.191367939114571,1.02,0.289229980172,86dd3a804d78ca5d203ebf98747e8f16dff9713ba8950097ceb760b161e19907,Domains_Alloy
1099,-7.793325488635806,-7.191367939114571,1.02,0.289229980172,86dd3a804d78ca5d203ebf98747e8f16dff9713ba8950097ceb760b161e19907,Domains_Alloy
1100,-7.79413222955404,-7.191367939114571,1.02,0.289229980172,86dd3a804d78ca5d203ebf98747e8f16dff9713ba8950097ceb760b161e19907,Domains_Alloy
1101,-7.794939205154231,-7.191367939114571,1.02,0.289229980172,86dd3a804d78ca5d203ebf98747e8f16dff9713ba8950097ceb760b161e19907,Domains_Alloy
1102,-7.795746415223835,-7.191367939114571,1.02,0.289229980172,86dd3a804d78ca5d203ebf98747e8f16dff9713ba8950097ceb760b161e19907,Domains_Alloy
1103,-7.796553859550693,-7.191367939114571,1.02,0.289229980172,86dd3a804d78ca5d203ebf98747e8f16dff9713ba8950097ceb760b161e19907,Domains_Alloy
1104,-7.797361537923029,-7.191367939114571,1.02,0.289229980172,86dd3a804d78ca5d203ebf98747e8f16dff9713ba8950097ceb760b161e19907,Domains_Alloy
1105,-7.798169450129447,-7.191367939114571,1.02,0.289229980172,86dd3a804d78ca5d203ebf98747e8f16dff9713ba8950097ceb760b161e19907,Domains_Alloy
1106,-7.798977595958934,-7.191367939114571,1.02,0.289229980172,86dd3a804d78ca5d203ebf98747e8f16dff9713ba8950097ceb760b161e19907,Domains_Alloy
1107,-7.799785975200859,-7.191367939114571,1.02,0.289229980172,86dd3a804d78ca5d203ebf98747e8f16dff9713ba8950097ceb760b161e19907,Domains_Alloy
1108,-7.800594587644963,-7.191367939114571,1.02,0.289229980172,86dd3a804d78ca5d203ebf98747e8f16dff9713ba8950097ceb760b161e19907,Domains_Alloy
1109,-7.801403433081372,-7.191367939114571,1.02,0.289229980172,86dd3a804d78ca5d203ebf98747e8f16dff9713ba8950097ceb760b161e19907,Domains_Alloy
1110,-7.802212511300587,-7.191367939114571,1.02,0.289229980172,86dd3a804d78ca5d203ebf98747e8f16dff9713ba8950097ceb760b161e19907,Domains_Alloy
1111,-7.80302182209348,-7.191367939114571,1.02,0.289229980172,86dd3a804d78ca5d203ebf98747e8f16dff9713ba8950097ceb760b161e19907,Domains_Alloy
1112,-7.803831365251304,-7.191367939114571,1.02,0.289229980172,86dd3a804d78ca5d203ebf98747e8f16dff9713ba8950097ceb760b161e19907,Domains_Alloy
1113,-7.804641140565685,-7.191367939114571,1.02,0.289229980172,86dd3a804d78ca5d203ebf98747e8f16dff9713ba8950097ceb760b161e19907,Domains_Alloy
1114,-7.80545114782862,-7.191367939114571,1.02,0.289229980172,86dd3a804d78ca5d203ebf98747e8f16dff9713ba8950097ceb760b161e19907,Domains_Alloy
1115,-7.806261386832479,-7.191367939114571,1.02,0.289229980172,86dd3a804d78ca5d203ebf98747e8f16dff9713ba8950097ceb760b161e19907,Domains_Alloy
1116,-7.80707185737,-7.191367939114571,1.02,0.289229980172,86dd3a804d78ca5d203ebf98747e8f16dff9713ba8950097ceb760b161e19907,Domains_Alloy
1117,-7.807882559234296,-7.191367939114571,1.02,0.289229980172,86dd3a804d78ca5d203ebf98747e8f16dff9713ba8950097ceb760b161e19907,Domains_Alloy
1118,-7.808693492218843,-7.191367939114571,1.02,0.289229980172,86dd3a804d78ca5d203ebf98747e8f16dff9713ba8950097ceb760b161e19907,Domains_Alloy
1119,-7.809504656117491,-7.191367939114571,1.02,0.289229980172,86dd3a804d78ca5d203ebf98747e8f16dff9713ba8950097ceb760b161e19907,Domains_Alloy
1120,-7.810316050724452,-7.191367939114571,1.02,0.289229980172,86dd3a804d78ca5d203ebf98747e8f16dff9713ba8950097ceb760b161e19907,Domains_Alloy
1121,-7.811127675834308,-7.191367939114571,1.02,0.289229980172,86dd3a804d78ca5d203ebf98747e8f16dff9713ba8950097ceb760b161e19907,Domains_Alloy
1122,-7.811939531242003,-7.191367939114571,1.02,0.289229980172,86dd3a804d78ca5d203ebf98747e8f16dff9713ba8950097ceb760b161e19907,Domains_Alloy
1123,-7.812751616742845,-7.191367939114571,1.02,0.289229980172,86dd3a804d78ca5d203ebf98747e8f16dff9713ba8950097ceb760b161e19907,Domains_Alloy
1124,-7.813563932132505,-7.191367939114571,1.02,0.289229980172,86dd3a804d78ca5d203ebf98747e8f16dff9713ba8950097ceb760b161e19907,Domains_Alloy
1125,-7.814376477207019,-7.191367939114571,1.02,0.289229980172,86dd3a804d78ca5d203ebf98747e8f16dff9713ba8950097ceb760b161e19907,Domains_Alloy
1126,-7.815189251762782,-7.191367939114571,1.02,0.289229980172,86dd3a804d78ca5d203ebf98747e8f16dff9713ba8950097ceb760b161e19907,Domains_Alloy
1127,-7.816002255596548,-7.191367939114571,1.02,0.289229980172,86dd3a804d78ca5d203ebf98747e8f16dff9713ba8950097ceb760b161e19907,Domains_Alloy
1128,-7.816815488505433,-7.191367939114571,1.02,0.289229980172,86dd3a804d78ca5d203ebf98747e8f16dff9713ba8950097ceb760b161e19907,Domains_Alloy
1129,-7.817628950286909,-7.191367939114571,1.02,0.289229980172,86dd3a804d78ca5d203ebf98747e8f16dff9713ba8950097ceb760b161e19907,Domains_Alloy
1130,-7.818442640738805,-7.191367939114571,1.02,0.289229980172,86dd3a804d78ca5d203ebf98747e8f16dff9713ba8950097ceb760b161e19907,Domains_Alloy
1131,-7.81925655965931,-7.191367939114571,1.02,0.289229980172,86dd3a804d78ca5d203ebf98747e8f16dff9713ba8950097ceb760b161e19907,Domains_Alloy
1132,-7.820070706846963,-7.191367939114571,1.02,0.289229980172,86dd3a804d78ca5d203ebf98747e8f16dff9713ba8950097ceb760b161e19907,Domains_Alloy
1133,-7.820885082100661,-7.191367939114571,1.02,0.289229980172,86dd3a804d78ca5d203ebf98747e8f16dff9713ba8950097ceb760b161e19907,Domains_Alloy
1134,-7.821699685219655,-7.191367939114571,1.02,0.289229980172,86dd3a804d78ca5d203ebf98747e8f16dff9713ba8950097ceb760b161e19907,Domains_Alloy
1135,-7.822514516003547,-7.191367939114571,1.02,0.289229980172,86dd3a804d78ca5d203ebf98747e8f16dff9713ba8950097ceb760b161e19907,Domains_Alloy
1136,-7.82332957425229,-7.191367939114571,1.02,0.289229980172,86dd3a804d78ca5d203ebf98747e8f16dff9713ba8950097ceb760b161e19907,Domains_Alloy
1137,-7.82414485976619,-7.191367939114571,1.02,0.289229980172,86dd3a804d78ca5d203ebf98747e8f16dff9713ba8950097ceb760b161e19907,Domains_Alloy
1138,-7.824960372345902,-7.191367939114571,1.02,0.289229980172,86dd3a804d78ca5d203ebf98747e8f16dff9713ba8950097ceb760b161e19907,Domains_Alloy
1139,-7.825776111792429,-7.191367939114571,1.02,0.289229980172,86dd3a804d78ca5d203ebf98747e8f16dff9713ba8950097ceb760b161e19907,Domains_Alloy
1140,-7.826592077907123,-7.191367939114571,1.02,0.289229980172,86dd3a804d78ca5d203ebf98747e8f16dff9713ba8950097ceb760b161e19907,Domains_Alloy
1141,-7.827408270491683,-7.191367939114571,1.02,0.289229980172,86dd3a804d78ca5d203ebf98747e8f16dff9713ba8950097ceb760b161e19907,Domains_Alloy
1142,-7.828224689348153,-7.191367939114571,1.02,0.289229980172,86dd3a804d78ca5d203ebf98747e8f16dff9713ba8950097ceb760b161e19907,Domains_Alloy
1143,-7.829041334278926,-7.191367939114571,1.02,0.289229980172,86dd3a804d78ca5d203ebf98747e8f16dff9713ba8950097ceb760b161e19907,Domains_Alloy
1144,-7.829858205086733,-7.191367939114571,1.02,0.289229980172,86dd3a804d78ca5d203ebf98747e8f16dff9713ba8950097ceb760b161e19907,Domains_Alloy
1145,-7.830675301574656,-7.191367939114571,1.02,0.289229980172,86dd3a804d78ca5d203ebf98747e8f16dff9713ba8950097ceb760b161e19907,Domains_Alloy
1146,-7.831492623546114,-7.191367939114571,1.02,0.289229980172,86dd3a804d78ca5d203ebf98747e8f16dff9713ba8950097ceb760b161e19907,Domains_Alloy
1147,-7.832310170804869,-7.191367939114571,1.02,0.289229980172,86dd3a804d78ca5d203ebf98747e8f16dff9713ba8950097ceb760b161e19907,Domains_Alloy
1148,-7.833127943155025,-7.191367939114571,1.02,0.289229980172,86dd3a804d78ca5d203ebf98747e8f16dff9713ba8950097ceb760b161e19907,Domains_Alloy
1149,-7.833945940401025,-7.191367939114571,1.02,0.289229980172,86dd3a804d78ca5d203ebf98747e8f16dff9713ba8950097ceb760b161e19907,Domains_Alloy
1150,-7.834764162347652,-7.191367939114571,1.02,0.289229980172,86dd3a804d78ca5d203ebf98747e8f16dff9713ba8950097ceb760b161e19907,Domains_Alloy
1151,-7.835582608800026,-7.191367939114571,1.02,0.289229980172,86dd3a804d78ca5d203ebf98747e8f16dff9713ba8950097ceb760b161e19907,Domains_Alloy
1152,-7.836401279563605,-7.191367939114571,1.02,0.289229980172,86dd3a804d78ca5d203ebf98747e8f16dff9713ba8950097ceb760b161e19907,Domains_Alloy
1153,-7.837220174444183,-7.191367939114571,1.02,0.289229980172,86dd3a804d78ca5d203ebf98747e8f16dff9713ba8950097ceb760b161e19907,Domains_Alloy
1154,-7.83803929324789,-7.191367939114571,1.02,0.289229980172,86dd3a804d78ca5d203ebf98747e8f16dff9713ba8950097ceb760b161e19907,Domains_Alloy
1155,-7.83885863578119,-7.191367939114571,1.02,0.289229980172,86dd3a804d78ca5d203ebf98747e8f16dff9713ba8950097ceb760b161e19907,Domains_Alloy
1156,-7.839678201850883,-7.191367939114571,1.02,0.289229980172,86dd3a804d78ca5d203ebf98747e8f16dff9713ba8950097ceb760b161e19907,Domains_Alloy
1157,-7.840497991264098,-7.191367939114571,1.02,0.289229980172,86dd3a804d78ca5d203ebf98747e8f16dff9713ba8950097ceb760b161e19907,Domains_Alloy
1158,-7.841318003828299,-7.191367939114571,1.02,0.289229980172,86dd3a804d78ca5d203ebf98747e8f16dff9713ba8950097ceb760b161e19907,Domains_Alloy
1159,-7.84213823935128,-7.191367939114571,1.02,0.289229980172,86dd3a804d78ca5d203ebf98747e8f16dff9713ba8950097ceb760b161e19907,Domains_Alloy
1160,-7.842958697641168,-7.191367939114571,1.02,0.289229980172,86dd3a804d78ca5d203ebf98747e8f16dff9713ba8950097ceb760b161e19907,Domains_Alloy
1161,-7.843779378506417,-7.191367939114571,1.02,0.289229980172,86dd3a804d78ca5d203ebf98747e8f16dff9713ba8950097ceb760b161e19907,Domains_Alloy
1162,-7.844600281755808,-7.191367939114571,1.02,0.289229980172,86dd3a804d78ca5d203ebf98747e8f16dff9713ba8950097ceb760b161e19907,Domains_Alloy
1163,-7.845421407198454,-7.191367939114571,1.02,0.289229980172,86dd3a804d78ca5d203ebf98747e8f16dff9713ba8950097ceb760b161e19907,Domains_Alloy
1164,-7.846242754643793,-7.191367939114571,1.02,0.289229980172,86dd3a804d78ca5d203ebf98747e8f16dff9713ba8950097ceb760b161e19907,Domains_Alloy
1165,-7.847064323901589,-7.191367939114571,1.02,0.289229980172,86dd3a804d78ca5d203ebf98747e8f16dff9713ba8950097ceb760b161e19907,Domains_Alloy
1166,-7.847886114781931,-7.191367939114571,1.02,0.289229980172,86dd3a804d78ca5d203ebf98747e8f16dff9713ba8950097ceb760b161e19907,Domains_Alloy
1167,-7.848708127095231,-7.191367939114571,1.02,0.289229980172,86dd3a804d78ca5d203ebf98747e8f16dff9713ba8950097ceb760b161e19907,Domains_Alloy
1168,-7.849530360652232,-7.191367939114571,1.02,0.289229980172,86dd3a804d78ca5d203ebf98747e8f16dff9713ba8950097ceb760b161e19907,Domains_Alloy
1169,-7.850352815263991,-7.191367939114571,1.02,0.289229980172,86dd3a804d78ca5d203ebf98747e8f16dff9713ba8950097ceb760b161e19907,Domains_Alloy
1170,-7.851175490741892,-7.191367939114571,1.02,0.289229980172,86dd3a804d78ca5d203ebf98747e8f16dff9713ba8950097ceb760b161e19907,Domains_Alloy
1171,-7.851998386897636,-7.191367939114571,1.02,0.289229980172,86dd3a804d78ca5d203ebf98747e8f16dff9713ba8950097ceb760b161e19907,Domains_Alloy
1172,-7.85282150354325,-7.191367939114571,1.02,0.289229980172,86dd3a804d78ca5d203ebf98747e8f16dff9713ba8950097ceb760b161e19907,Domains_Alloy
1173,-7.853644840491077,-7.191367939114571,1.02,0.289229980172,86dd3a804d78ca5d203ebf98747e8f16dff9713ba8950097ceb760b161e19907,Domains_Alloy
1174,-7.854468397553778,-7.191367939114571,1.02,0.289229980172,86dd3a804d78ca5d203ebf98747e8f16dff9713ba8950097ceb760b161e19907,Domains_Alloy
1175,-7.855292174544335,-7.191367939114571,1.02,0.289229980172,86dd3a804d78ca5d203ebf98747e8f16dff9713ba8950097ceb760b161e19907,Domains_Alloy
1176,-7.856116171276046,-7.191367939114571,1.02,0.289229980172,86dd3a804d78ca5d203ebf98747e8f16dff9713ba8950097ceb760b161e19907,Domains_Alloy
1177,-7.856940387562525,-7.191367939114571,1.02,0.289229980172,86dd3a804d78ca5d203ebf98747e8f16dff9713ba8950097ceb760b161e19907,Domains_Alloy
1178,-7.857764823217698,-7.191367939114571,1.02,0.289229980172,86dd3a804d78ca5d203ebf98747e8f16dff9713ba8950097ceb760b161e19907,Domains_Alloy
1179,-7.858589478055812,-7.191367939114571,1.02,0.289229980172,86dd3a804d78ca5d203ebf98747e8f16dff9713ba8950097ceb760b161e19907,Domains_Alloy
1180,-7.859414351891425,-7.191367939114571,1.02,0.289229980172,86dd3a804d78ca5d203ebf98747e8f16dff9713ba8950097ceb760b161e19907,Domains_Alloy
1181,-7.860239444539407,-7.191367939114571,1.02,0.289229980172,86dd3a804d78ca5d203ebf98747e8f16dff9713ba8950097ceb760b161e19907,Domains_Alloy
1182,-7.861064755814942,-7.191367939114571,1.02,0.289229980172,86dd3a804d78ca5d203ebf98747e8f16dff9713ba8950097ceb760b161e19907,Domains_Alloy
1183,-7.861890285533526,-7.191367939114571,1.02,0.289229980172,86dd3a804d78ca5d203ebf98747e8f16dff9713ba8950097ceb760b161e19907,Domains_Alloy
1184,-7.862716033510963,-7.191367939114571,1.02,0.289229980172,86dd3a804d78ca5d203ebf98747e8f16dff9713ba8950097ceb760b161e19907,Domains_Alloy
1185,-7.86354199956337,-7.191367939114571,1.02,0.289229980172,86dd3a804d78ca5d203ebf98747e8f16dff9713ba8950097ceb760b161e19907,Domains_Alloy
1186,-7.864368183507171,-7.191367939114571,1.02,0.289229980172,86dd3a804d78ca5d203ebf98747e8f16dff9713ba8950097ceb760b161e19907,Domains_Alloy
1187,-7.865194585159101,-7.191367939114571,1.02,0.289229980172,86dd3a804d78ca5d203ebf98747e8f16dff9713ba8950097ceb760b161e19907,Domains_Alloy
1188,-7.866021204336199,-7.191367939114571,1.02,0.289229980172,86dd3a804d78ca5d203ebf98747e8f16dff9713ba8950097ceb760b161e19907,Domains_Alloy
1189,-7.866848040855814,-7.191367939114571,1.02,0.289229980172,86dd3a804d78ca5d203ebf98747e8f16dff9713ba8950097ceb760b161e19907,Domains_Alloy
1190,-7.867675094535601,-7.191367939114571,1.02,0.289229980172,86dd3a804d78ca5d203ebf98747e8f16dff9713ba8950097ceb760b161e19907,Domains_Alloy
1191,-7.868502365193519,-7.191367939114571,1.02,0.289229980172,86dd3a804d78ca5d203ebf98747e8f16dff9713ba8950097ceb760b161e19907,Domains_Alloy
1192,-7.86932985264783,-7.191367939114571,1.02,0.289229980172,86dd3a804d78ca5d203ebf98747e8f16dff9713ba8950097ceb760b161e19907,Domains_Alloy
1193,-7.870157556717103,-7.191367939114571,1.02,0.289229980172,86dd3a804d78ca5d203ebf98747e8f16dff9713ba8950097ceb760b161e19907,Domains_Alloy
1194,-7.870985477220211,-7.191367939114571,1.02,0.289229980172,86dd3a804d78ca5d203ebf98747e8f16dff9713ba8950097ceb760b161e19907,Domains_Alloy
1195,-7.871813613976324,-7.191367939114571,1.02,0.289229980172,86dd3a804d78ca5d203ebf98747e8f16dff9713ba8950097ceb760b161e19907,Domains_Alloy
1196,-7.872641966804918,-7.191367939114571,1.02,0.289229980172,86dd3a804d78ca5d203ebf98747e8f16dff9713ba8950097ceb760b161e19907,Domains_Alloy
1197,-7.873470535525767,-7.191367939114571,1.02,0.289229980172,86dd3a804d78ca5d203ebf98747e8f16dff9713ba8950097ceb760b161e19907,Domains_Alloy
1198,-7.874299319958949,-7.191367939114571,1.02,0.289229980172,86dd3a804d78ca5d203ebf98747e8f16dff9713ba8950097ceb760b161e19907,Domains_Alloy
1199,-7.875128319924835,-7.191367939114571,1.02,0.289229980172,86dd3a804d78ca5d203ebf98747e8f16dff9713ba8950097ceb760b161e19907,Domains_Alloy
1200,-7.875957535244102,-7.191367939114571,1.02,0.289229980172,86dd3a804d78ca5d203ebf98747e8f16dff9713ba8950097ceb760b161e19907,Domains_Alloy
1201,-7.876786965737719,-7.191367939114571,1.02,0.289229980172,86dd3a804d78ca5d203ebf98747e8f16dff9713ba8950097ceb760b161e19907,Domains_Alloy
1202,-7.877616611226955,-7.191367939114571,1.02,0.289229980172,86dd3a804d78ca5d203ebf98747e8f16dff9713ba8950097ceb760b161e19907,Domains_Alloy
1203,-7.878446471533374,-7.191367939114571,1.02,0.289229980172,86dd3a804d78ca5d203ebf98747e8f16dff9713ba8950097ceb760b161e19907,Domains_Alloy
1204,-7.879276546478835,-7.191367939114571,1.02,0.289229980172,86dd3a804d78ca5d203ebf98747e8f16dff9713ba8950097ceb760b161e19907,Domains_Alloy
1205,-7.880106835885496,-7.191367939114571,1.02,0.289229980172,86dd3a804d78ca5d203ebf98747e8f16dff9713ba8950097ceb760b161e19907,Domains_Alloy
1206,-7.880937339575803,-7.191367939114571,1.02,0.289229980172,86dd3a804d78ca5d203ebf98747e8f16dff9713ba8950097ceb760b161e19907,Domains_Alloy
1207,-7.881768057372499,-7.191367939114571,1.02,0.289229980172,86dd3a804d78ca5d203ebf98747e8f16dff9713ba8950097ceb760b161e19907,Domains_Alloy
1208,-7.88259898909862,-7.191367939114571,1.02,0.289229980172,86dd3a804d78ca5d203ebf98747e8f16dff9713ba8950097ceb760b161e19907,Domains_Alloy
1209,-7.883430134577492,-7.191367939114571,1.02,0.289229980172,86dd3a804d78ca5d203ebf98747e8f16dff9713ba8950097ceb760b161e19907,Domains_Alloy
1210,-7.884261493632733,-7.191367939114571,1.02,0.289229980172,86dd3a804d78ca5d203ebf98747e8f16dff9713ba8950097ceb760b161e19907,Domains_Alloy
1211,-7.885093066088254,-7.191367939114571,1.02,0.289229980172,86dd3a804d78ca5d203ebf98747e8f16dff9713ba8950097ceb760b161e19907,Domains_Alloy
1212,-7.885924851768252,-7.191367939114571,1.02,0.289229980172,86dd3a804d78ca5d203ebf98747e8f16dff9713ba8950097ceb760b161e19907,Domains_Alloy
1213,-7.886756850497212,-7.191367939114571,1.02,0.289229980172,86dd3a804d78ca5d203ebf98747e8f16dff9713ba8950097ceb760b161e19907,Domains_Alloy
1214,-7.887589062099912,-7.191367939114571,1.02,0.289229980172,86dd3a804d78ca5d203ebf98747e8f16dff9713ba8950097ceb760b161e19907,Domains_Alloy
1215,-7.888421486401418,-7.191367939114571,1.02,0.289229980172,86dd3a804d78ca5d203ebf98747e8f16dff9713ba8950097ceb760b161e19907,Domains_Alloy
1216,-7.889254123227078,-7.191367939114571,1.02,0.289229980172,86dd3a804d78ca5d203ebf98747e8f16dff9713ba8950097ceb760b161e19907,Domains_Alloy
1217,-7.890086972402528,-7.191367939114571,1.02,0.289229980172,86dd3a804d78ca5d203ebf98747e8f16dff9713ba8950097ceb760b161e19907,Domains_Alloy
1218,-7.890920033753692,-7.191367939114571,1.02,0.289229980172,86dd3a804d78ca5d203ebf98747e8f16dff9713ba8950097ceb760b161e19907,Domains_Alloy
1219,-7.891753307106778,-7.191367939114571,1.02,0.289229980172,86dd3a804d78ca5d203ebf98747e8f16dff9713ba8950097ceb760b161e19907,Domains_Alloy
1220,-7.892586792288274,-7.191367939114571,1.02,0.289229980172,86dd3a804d78ca5d203ebf98747e8f16dff9713ba8950097ceb760b161e19907,Domains_Alloy
1221,-7.893420489124956,-7.191367939114571,1.02,0.289229980172,86dd3a804d78ca5d203ebf98747e8f16dff9713ba8950097ceb760b161e19907,Domains_Alloy
1222,-7.894254397443883,-7.191367939114571,1.02,0.289229980172,86dd3a804d78ca5d203ebf98747e8f16dff9713ba8950097ceb760b161e19907,Domains_Alloy
1223,-7.895088517072394,-7.191367939114571,1.02,0.289229980172,86dd3a804d78ca5d203ebf98747e8f16dff9713ba8950097ceb760b161e19907,Domains_Alloy
1224,-7.89592284783811,-7.191367939114571,1.02,0.289229980172,86dd3a804d78ca5d203ebf98747e8f16dff9713ba8950097ceb760b161e19907,Domains_Alloy
1225,-7.896757389568931,-7.191367939114571,1.02,0.289229980172,86dd3a804d78ca5d203ebf98747e8f16dff9713ba8950097ceb760b161e19907,Domains_Alloy
1226,-7.89759214209304,-7.191367939114571,1.02,0.289229980172,86dd3a804d78ca5d203ebf98747e8f16dff9713ba8950097ceb760b161e19907,Domains_Alloy
1227,-7.898427105238898,-7.191367939114571,1.02,0.289229980172,86dd3a804d78ca5d203ebf98747e8f16dff9713ba8950097ceb760b161e19907,Domains_Alloy
1228,-7.899262278835243,-7.191367939114571,1.02,0.289229980172,86dd3a804d78ca5d203ebf98747e8f16dff9713ba8950097ceb760b161e19907,Domains_Alloy
1229,-7.900097662711095,-7.191367939114571,1.02,0.289229980172,86dd3a804d78ca5d203ebf98747e8f16dff9713ba8950097ceb760b161e19907,Domains_Alloy
1230,-7.900933256695747,-7.191367939114571,1.02,0.289229980172,86dd3a804d78ca5d203ebf98747e8f16dff9713ba8950097ceb760b161e19907,Domains_Alloy
1231,-7.90176906061877,-7.191367939114571,1.02,0.289229980172,86dd3a804d78ca5d203ebf98747e8f16dff9713ba8950097ceb760b161e19907,Domains_Alloy
1232,-7.902605074310014,-7.191367939114571,1.02,0.289229980172,86dd3a804d78ca5d203ebf98747e8f16dff9713ba8950097ceb760b161e19907,Domains_Alloy
1233,-7.903441297599598,-7.191367939114571,1.02,0.289229980172,86dd3a804d78ca5d203ebf98747e8f16dff9713ba8950097ceb760b161e19907,Domains_Alloy
1234,-7.904277730317923,-7.191367939114571,1.02,0.289229980172,86dd3a804d78ca5d203ebf98747e8f16dff9713ba8950097ceb760b161e19907,Domains_Alloy
1235,-7.905114372295658,-7.191367939114571,1.02,0.289229980172,86dd3a804d78ca5d203ebf98747e8f16dff9713ba8950097ceb760b161e19907,Domains_Alloy
1236,-7.905951223363746,-7.191367939114571,1.02,0.289229980172,86dd3a804d78ca5d203ebf98747e8f16dff9713ba8950097ceb760b161e19907,Domains_Alloy
1237,-7.906788283353407,-7.191367939114571,1.02,0.289229980172,86dd3a804d78ca5d203ebf98747e8f16dff9713ba8950097ceb760b161e19907,Domains_Alloy
1238,-7.907625552096129,-7.191367939114571,1.02,0.289229980172,86dd3a804d78ca5d203ebf98747e8f16dff9713ba8950097ceb760b161e19907,Domains_Alloy
1239,-7.908463029423673,-7.191367939114571,1.02,0.289229980172,86dd3a804d78ca5d203ebf98747e8f16dff9713ba8950097ceb760b161e19907,Domains_Alloy
1240,-7.909300715168069,-7.191367939114571,1.02,0.289229980172,86dd3a804d78ca5d203ebf98747e8f16dff9713ba8950097ceb760b161e19907,Domains_Alloy
1241,-7.910138609161617,-7.191367939114571,1.02,0.289229980172,86dd3a804d78ca5d203ebf98747e8f16dff9713ba8950097ceb760b161e19907,Domains_Alloy
1242,-7.91097671123689,-7.191367939114571,1.02,0.289229980172,86dd3a804d78ca5d203ebf98747e8f16dff9713ba8950097ceb760b161e19907,Domains_Alloy
1243,-7.911815021226725,-7.191367939114571,1.02,0.289229980172,86dd3a804d78ca5d203ebf98747e8f16dff9713ba8950097ceb760b161e19907,Domains_Alloy
1244,-7.91265353896423,-7.191367939114571,1.02,0.289229980172,86dd3a804d78ca5d203ebf98747e8f16dff9713ba8950097ceb760b161e19907,Domains_Alloy
1245,-7.913492264282779,-7.191367939114571,1.02,0.289229980172,86dd3a804d78ca5d203ebf98747e8f16dff9713ba8950097ceb760b161e19907,Domains_Alloy
1246,-7.914331197016014,-7.191367939114571,1.02,0.289229980172,86dd3a804d78ca5d203ebf98747e8f16dff9713ba8950097ceb760b161e19907,Domains_Alloy
1247,-7.915170336997842,-7.191367939114571,1.02,0.289229980172,86dd3a804d78ca5d203ebf98747e8f16dff9713ba8950097ceb760b161e19907,Domains_Alloy
1248,-7.916009684062436,-7.191367939114571,1.02,0.289229980172,86dd3a804d78ca5d203ebf98747e8f16dff9713ba8950097ceb760b161e19907,Domains_Alloy
1249,-7.916849238044234,-7.191367939114571,1.02,0.289229980172,86dd3a804d78ca5d203ebf98747e8f16dff9713ba8950097ceb760b161e19907,Domains_Alloy
1250,-7.917688998777937,-7.191367939114571,1.02,0.289229980172,86dd3a804d78ca5d203ebf98747e8f16dff9713ba8950097ceb760b161e19907,Domains_Alloy
1251,-7.918528966098512,-7.191367939114571,1.02,0.289229980172,86dd3a804d78ca5d203ebf98747e8f16dff9713ba8950097ceb760b161e19907,Domains_Alloy
1252,-7.919369139841185,-7.191367939114571,1.02,0.289229980172,86dd3a804d78ca5d203ebf98747e8f16dff9713ba8950097ceb760b161e19907,Domains_Alloy
1253,-7.920209519841451,-7.191367939114571,1.02,0.289229980172,86dd3a804d78ca5d203ebf98747e8f16dff9713ba8950097ceb760b161e19907,Domains_Alloy
1254,-7.92105010593506,-7.191367939114571,1.02,0.289229980172,86dd3a804d78ca5d203ebf98747e8f16dff9713ba8950097ceb760b161e19907,Domains_Alloy
1255,-7.921890897958026,-7.191367939114571,1.02,0.289229980172,86dd3a804d78ca5d203ebf98747e8f16dff9713ba8950097ceb760b161e19907,Domains_Alloy
1256,-7.922731895746623,-7.191367939114571,1.02,0.289229980172,86dd3a804d78ca5d203ebf98747e8f16dff9713ba8950097ceb760b161e19907,Domains_Alloy
1257,-7.923573099137386,-7.191367939114571,1.02,0.289229980172,86dd3a804d78ca5d203ebf98747e8f16dff9713ba8950097ceb760b161e19907,Domains_Alloy
1258,-7.924414507967108,-7.191367939114571,1.02,0.289229980172,86dd3a804d78ca5d203ebf98747e8f16dff9713ba8950097ceb760b161e19907,Domains_Alloy
1259,-7.925256122072839,-7.191367939114571,1.02,0.289229980172,86dd3a804d78ca5d203ebf98747e8f16dff9713ba8950097ceb760b161e19907,Domains_Alloy
1260,-7.926097941291891,-7.191367939114571,1.02,0.289229980172,86dd3a804d78ca5d203ebf98747e8f16dff9713ba8950097ceb760b161e19907,Domains_Alloy
1261,-7.926939965461831,-7.191367939114571,1.02,0.289229980172,86dd3a804d78ca5d203ebf98747e8f16dff9713ba8950097ceb760b161e19907,Domains_Alloy
1262,-7.927782194420483,-7.191367939114571,1.02,0.289229980172,86dd3a804d78ca5d203ebf98747e8f16dff9713ba8950097ceb760b161e19907,Domains_Alloy
1263,-7.928624628005926,-7.191367939114571,1.02,0.289229980172,86dd3a804d78ca5d203ebf98747e8f16dff9713ba8950097ceb760b161e19907,Domains_Alloy
1264,-7.929467266056497,-7.191367939114571,1.02,0.289229980172,86dd3a804d78ca5d203ebf98747e8f16dff9713ba8950097ceb760b161e19907,Domains_Alloy
1265,-7.930310108410787,-7.191367939114571,1.02,0.289229980172,86dd3a804d78ca5d203ebf98747e8f16dff9713ba8950097ceb760b161e19907,Domains_Alloy
1266,-7.93115315490764,-7.191367939114571,1.02,0.289229980172,86dd3a804d78ca5d203ebf98747e8f16dff9713ba8950097ceb760b161e19907,Domains_Alloy
1267,-7.931996405386156,-7.191367939114571,1.02,0.289229980172,86dd3a804d78ca5d203ebf98747e8f16dff9713ba8950097ceb760b161e19907,Domains_Alloy
1268,-7.932839859685686,-7.191367939114571,1.02,0.289229980172,86dd3a804d78ca5d203ebf98747e8f16dff9713ba8950097ceb760b161e19907,Domains_Alloy
1269,-7.933683517645835,-7.191367939114571,1.02,0.289229980172,86dd3a804d78ca5d203ebf98747e8f16dff9713ba8950097ceb760b161e19907,Domains_Alloy
1270,-7.93452737910646,-7.191367939114571,1.02,0.289229980172,86dd3a804d78ca5d203ebf98747e8f16dff9713ba8950097ceb760b161e19907,Domains_Alloy
1271,-7.935371443907669,-7.191367939114571,1.02,0.289229980172,86dd3a804d78ca5d203ebf98747e8f16dff9713ba8950097ceb760b161e19907,Domains_Alloy
1272,-7.936215711889819,-7.191367939114571,1.02,0.289229980172,86dd3a804d78ca5d203ebf98747e8f16dff9713ba8950097ceb760b161e19907,Domains_Alloy
1273,-7.937060182893521,-7.191367939114571,1.02,0.289229980172,86dd3a804d78ca5d203ebf98747e8f16dff9713ba8950097ceb760b161e19907,Domains_Alloy
1274,-7.937904856759634,-7.191367939114571,1.02,0.289229980172,86dd3a804d78ca5d203ebf98747e8f16dff9713ba8950097ceb760b161e19907,Domains_Alloy
1275,-7.938749733329264,-7.191367939114571,1.02,0.289229980172,86dd3a804d78ca5d203ebf98747e8f16dff9713ba8950097ceb760b161e19907,Domains_Alloy
1276,-7.939594812443765,-7.191367939114571,1.02,0.289229980172,86dd3a804d78ca5d203ebf98747e8f16dff9713ba8950097ceb760b161e19907,Domains_Alloy
1277,-7.940440093944746,-7.191367939114571,1.02,0.289229980172,86dd3a804d78ca5d203ebf98747e8f16dff9713ba8950097ceb760b161e19907,Domains_Alloy
1278,-7.941285577674056,-7.191367939114571,1.02,0.289229980172,86dd3a804d78ca5d203ebf98747e8f16dff9713ba8950097ceb760b161e19907,Domains_Alloy
1279,-7.942131263473792,-7.191367939114571,1.02,0.289229980172,86dd3a804d78ca5d203ebf98747e8f16dff9713ba8950097ceb760b161e19907,Domains_Alloy
1280,-7.942977151186297,-7.191367939114571,1.02,0.289229980172,86dd3a804d78ca5d203ebf98747e8f16dff9713ba8950097ceb760b161e19907,Domains_Alloy
1281,-7.943823240654163,-7.191367939114571,1.02,0.289229980172,86dd3a804d78ca5d203ebf98747e8f16dff9713ba8950097ceb760b161e19907,Domains_Alloy
1282,-7.944669531720224,-7.191367939114571,1.02,0.289229980172,86dd3a804d78ca5d203ebf98747e8f16dff9713ba8950097ceb760b161e19907,Domains_Alloy
1283,-7.945516024227558,-7.191367939114571,1.02,0.289229980172,86dd3a804d78ca5d203ebf98747e8f16dff9713ba8950097ceb760b161e19907,Domains_Alloy
1284,-7.946362718019488,-7.191367939114571,1.02,0.289229980172,86dd3a804d78ca5d203ebf98747e8f16dff9713ba8950097ceb760b161e19907,Domains_Alloy
1285,-7.947209612939582,-7.191367939114571,1.02,0.289229980172,86dd3a804d78ca5d203ebf98747e8f16dff9713ba8950097ceb760b161e19907,Domains_Alloy
1286,-7.948056708831645,-7.191367939114571,1.02,0.289229980172,86dd3a804d78ca5d203ebf98747e8f16dff9713ba8950097ceb760b161e19907,Domains_Alloy
1287,-7.948904005539731,-7.191367939114571,1.02,0.289229980172,86dd3a804d78ca5d203ebf98747e8f16dff9713ba8950097ceb760b161e19907,Domains_Alloy
1288,-7.949751502908133,-7.191367939114571,1.02,0.289229980172,86dd3a804d78ca5d203ebf98747e8f16dff9713ba8950097ceb760b161e19907,Domains_Alloy
1289,-7.950599200781382,-7.191367939114571,1.02,0.289229980172,86dd3a804d78ca5d203ebf98747e8f16dff9713ba8950097ceb760b161e19907,Domains_Alloy
1290,-7.951447099004254,-7.191367939114571,1.02,0.289229980172,86dd3a804d78ca5d203ebf98747e8f16dff9713ba8950097ceb760b161e19907,Domains_Alloy
1291,-7.95229519742176,-7.191367939114571,1.02,0.289229980172,86dd3a804d78ca5d203ebf98747e8f16dff9713ba8950097ceb760b161e19907,Domains_Alloy
1292,-7.953143495879157,-7.191367939114571,1.02,0.289229980172,86dd3a804d78ca5d203ebf98747e8f16dff9713ba8950097ceb760b161e19907,Domains_Alloy
1293,-7.953991994221935,-7.191367939114571,1.02,0.289229980172,86dd3a804d78ca5d203ebf98747e8f16dff9713ba8950097ceb760b161e19907,Domains_Alloy
1294,-7.954840692295825,-7.191367939114571,1.02,0.289229980172,86dd3a804d78ca5d203ebf98747e8f16dff9713ba8950097ceb760b161e19907,Domains_Alloy
1295,-7.955689589946794,-7.191367939114571,1.02,0.289229980172,86dd3a804d78ca5d203ebf98747e8f16dff9713ba8950097ceb760b161e19907,Domains_Alloy
1296,-7.956538687021048,-7.191367939114571,1.02,0.289229980172,86dd3a804d78ca5d203ebf98747e8f16dff9713ba8950097ceb760b161e19907,Domains_Alloy
1297,-7.957387983365028,-7.191367939114571,1.02,0.289229980172,86dd3a804d78ca5d203ebf98747e8f16dff9713ba8950097ceb760b161e19907,Domains_Alloy
1298,-7.958237478825414,-7.191367939114571,1.02,0.289229980172,86dd3a804d78ca5d203ebf98747e8f16dff9713ba8950097ceb760b161e19907,Domains_Alloy
1299,-7.959087173249117,-7.191367939114571,1.02,0.289229980172,86dd3a804d78ca5d203ebf98747e8f16dff9713ba8950097ceb760b161e19907,Domains_Alloy
1300,-7.959937066483286,-7.191367939114571,1.02,0.289229980172,86dd3a804d78ca5d203ebf98747e8f16dff9713ba8950097ceb760b161e19907,Domains_Alloy
1301,-7.960787158375302,-7.191367939114571,1.02,0.289229980172,86dd3a804d78ca5d203ebf98747e8f16dff9713ba8950097ceb760b161e19907,Domains_Alloy
1302,-7.961637448772786,-7.191367939114571,1.02,0.289229980172,86dd3a804d78ca5d203ebf98747e8f16dff9713ba8950097ceb760b161e19907,Domains_Alloy
1303,-7.962487937523584,-7.191367939114571,1.02,0.289229980172,86dd3a804d78ca5d203ebf98747e8f16dff9713ba8950097ceb760b161e19907,Domains_Alloy
1304,-7.963338624475781,-7.191367939114571,1.02,0.289229980172,86dd3a804d78ca5d203ebf98747e8f16dff9713ba8950097ceb760b161e19907,Domains_Alloy
1305,-7.964189509477689,-7.191367939114571,1.02,0.289229980172,86dd3a804d78ca5d203ebf98747e8f16dff9713ba8950097ceb760b161e19907,Domains_Alloy
1306,-7.965040592377859,-7.191367939114571,1.02,0.289229980172,86dd3a804d78ca5d203ebf98747e8f16dff9713ba8950097ceb760b161e19907,Domains_Alloy
1307,-7.965891873025067,-7.191367939114571,1.02,0.289229980172,86dd3a804d78ca5d203ebf98747e8f16dff9713ba8950097ceb760b161e19907,Domains_Alloy
1308,-7.96674335126832,-7.191367939114571,1.02,0.289229980172,86dd3a804d78ca5d203ebf98747e8f16dff9713ba8950097ceb760b161e19907,Domains_Alloy
1309,-7.967595026956861,-7.191367939114571,1.02,0.289229980172,86dd3a804d78ca5d203ebf98747e8f16dff9713ba8950097ceb760b161e19907,Domains_Alloy
1310,-7.968446899940155,-7.191367939114571,1.02,0.289229980172,86dd3a804d78ca5d203ebf98747e8f16dff9713ba8950097ceb760b161e19907,Domains_Alloy
1311,-7.969298970067902,-7.191367939114571,1.02,0.289229980172,86dd3a804d78ca5d203ebf98747e8f16dff9713ba8950097ceb760b161e19907,Domains_Alloy
1312,-7.970151237190025,-7.191367939114571,1.02,0.289229980172,86dd3a804d78ca5d203ebf98747e8f16dff9713ba8950097ceb760b161e19907,Domains_Alloy
1313,-7.971003701156683,-7.191367939114571,1.02,0.289229980172,86dd3a804d78ca5d203ebf98747e8f16dff9713ba8950097ceb760b161e19907,Domains_Alloy
1314,-7.971856361818255,-7.191367939114571,1.02,0.289229980172,86dd3a804d78ca5d203ebf98747e8f16dff9713ba8950097ceb760b161e19907,Domains_Alloy
1315,-7.97270921902535,-7.191367939114571,1.02,0.289229980172,86dd3a804d78ca5d203ebf98747e8f16dff9713ba8950097ceb760b161e19907,Domains_Alloy
1316,-7.973562272628804,-7.191367939114571,1.02,0.289229980172,86dd3a804d78ca5d203ebf98747e8f16dff9713ba8950097ceb760b161e19907,Domains_Alloy
1317,-7.97441552247968,-7.191367939114571,1.02,0.289229980172,86dd3a804d78ca5d203ebf98747e8f16dff9713ba8950097ceb760b161e19907,Domains_Alloy
1318,-7.975268968429263,-7.191367939114571,1.02,0.289229980172,86dd3a804d78ca5d203ebf98747e8f16dff9713ba8950097ceb760b161e19907,Domains_Alloy
1319,-7.976122610329065,-7.191367939114571,1.02,0.289229980172,86dd3a804d78ca5d203ebf98747e8f16dff9713ba8950097ceb760b161e19907,Domains_Alloy
1320,-7.976976448030825,-7.191367939114571,1.02,0.289229980172,86dd3a804d78ca5d203ebf98747e8f16dff9713ba8950097ceb760b161e19907,Domains_Alloy
1321,-7.977830481386499,-7.191367939114571,1.02,0.289229980172,86dd3a804d78ca5d203ebf98747e8f16dff9713ba8950097ceb760b161e19907,Domains_Alloy
1322,-7.978684710248275,-7.191367939114571,1.02,0.289229980172,86dd3a804d78ca5d203ebf98747e8f16dff9713ba8950097ceb760b161e19907,Domains_Alloy
1323,-7.979539134468557,-7.191367939114571,1.02,0.289229980172,86dd3a804d78ca5d203ebf98747e8f16dff9713ba8950097ceb760b161e19907,Domains_Alloy
1324,-7.980393753899976,-7.191367939114571,1.02,0.289229980172,86dd3a804d78ca5d203ebf98747e8f16dff9713ba8950097ceb760b161e19907,Domains_Alloy
1325,-7.981248568395383,-7.191367939114571,1.02,0.289229980172,86dd3a804d78ca5d203ebf98747e8f16dff9713ba8950097ceb760b161e19907,Domains_Alloy
1326,-7.982103577807852,-7.191367939114571,1.02,0.289229980172,86dd3a804d78ca5d203ebf98747e8f16dff9713ba8950097ceb760b161e19907,Domains_Alloy
1327,-7.982958781990673,-7.191367939114571,1.02,0.289229980172,86dd3a804d78ca5d203ebf98747e8f16dff9713ba8950097ceb760b161e19907,Domains_Alloy
1328,-7.983814180797364,-7.191367939114571,1.02,0.289229980172,86dd3a804d78ca5d203ebf98747e8f16dff9713ba8950097ceb760b161e19907,Domains_Alloy
1329,-7.984669774081658,-7.191367939114571,1.02,0.289229980172,86dd3a804d78ca5d203ebf98747e8f16dff9713ba8950097ceb760b161e19907,Domains_Alloy
1330,-7.985525561697507,-7.191367939114571,1.02,0.289229980172,86dd3a804d78ca5d203ebf98747e8f16dff9713ba8950097ceb760b161e19907,Domains_Alloy
1331,-7.986381543499085,-7.191367939114571,1.02,0.289229980172,86dd3a804d78ca5d203ebf98747e8f16dff9713ba8950097ceb760b161e19907,Domains_Alloy
1332,-7.987237719340784,-7.191367939114571,1.02,0.289229980172,86dd3a804d78ca5d203ebf98747e8f16dff9713ba8950097ceb760b161e19907,Domains_Alloy
1333,-7.988094089077211,-7.191367939114571,1.02,0.289229980172,86dd3a804d78ca5d203ebf98747e8f16dff9713ba8950097ceb760b161e19907,Domains_Alloy
1334,-7.988950652563191,-7.191367939114571,1.02,0.289229980172,86dd3a804d78ca5d203ebf98747e8f16dff9713ba8950097ceb760b161e19907,Domains_Alloy
1335,-7.989807409653772,-7.191367939114571,1.02,0.289229980172,86dd3a804d78ca5d203ebf98747e8f16dff9713ba8950097ceb760b161e19907,Domains_Alloy
1336,-7.990664360204211,-7.191367939114571,1.02,0.289229980172,86dd3a804d78ca5d203ebf98747e8f16dff9713ba8950097ceb760b161e19907,Domains_Alloy
1337,-7.991521504069985,-7.191367939114571,1.02,0.289229980172,86dd3a804d78ca5d203ebf98747e8f16dff9713ba8950097ceb760b161e19907,Domains_Alloy
1338,-7.992378841106786,-7.191367939114571,1.02,0.289229980172,86dd3a804d78ca5d203ebf98747e8f16dff9713ba8950097ceb760b161e19907,Domains_Alloy
1339,-7.993236371170519,-7.191367939114571,1.02,0.289229980172,86dd3a804d78ca5d203ebf98747e8f16dff9713ba8950097ceb760b161e19907,Domains_Alloy
1340,-7.994094094117308,-7.191367939114571,1.02,0.289229980172,86dd3a804d78ca5d203ebf98747e8f16dff9713ba8950097ceb760b161e19907,Domains_Alloy
1341,-7.994952009803487,-7.191367939114571,1.02,0.289229980172,86dd3a804d78ca5d203ebf98747e8f16dff9713ba8950097ceb760b161e19907,Domains_Alloy
1342,-7.995810118085604,-7.191367939114571,1.02,0.289229980172,86dd3a804d78ca5d203ebf98747e8f16dff9713ba8950097ceb760b161e19907,Domains_Alloy
1343,-7.996668418820423,-7.191367939114571,1.02,0.289229980172,86dd3a804d78ca5d203ebf98747e8f16dff9713ba8950097ceb760b161e19907,Domains_Alloy
1344,-7.997526911864917,-7.191367939114571,1.02,0.289229980172,86dd3a804d78ca5d203ebf98747e8f16dff9713ba8950097ceb760b161e19907,Domains_Alloy
1345,-7.998385597076276,-7.191367939114571,1.02,0.289229980172,86dd3a804d78ca5d203ebf98747e8f16dff9713ba8950097ceb760b161e19907,Domains_Alloy
1346,-7.999244474311898,-7.191367939114571,1.02,0.289229980172,86dd3a804d78ca5d203ebf98747e8f16dff9713ba8950097ceb760b161e19907,Domains_Alloy
1347,-8.000103543429391,-7.191367939114571,1.02,0.289229980172,86dd3a804d78ca5d203ebf98747e8f16dff9713ba8950097ceb760b161e19907,Domains_Alloy
1348,-8.00096280428658,-7.191367939114571,1.02,0.289229980172,86dd3a804d78ca5d203ebf98747e8f16dff9713ba8950097ceb760b161e19907,Domains_Alloy
1349,-8.001822256741493,-7.191367939114571,1.02,0.289229980172,86dd3a804d78ca5d203ebf98747e8f16dff9713ba8950097ceb760b161e19907,Domains_Alloy
1350,-8.002681900652373,-7.191367939114571,1.02,0.289229980172,86dd3a804d78ca5d203ebf98747e8f16dff9713ba8950097ceb760b161e19907,Domains_Alloy
1351,-8.003541735877668,-7.191367939114571,1.02,0.289229980172,86dd3a804d78ca5d203ebf98747e8f16dff9713ba8950097ceb760b161e19907,Domains_Alloy
1352,-8.004401762276041,-7.191367939114571,1.02,0.289229980172,86dd3a804d78ca5d203ebf98747e8f16dff9713ba8950097ceb760b161e19907,Domains_Alloy
1353,-8.005261979706358,-7.191367939114571,1.02,0.289229980172,86dd3a804d78ca5d203ebf98747e8f16dff9713ba8950097ceb760b161e19907,Domains_Alloy
1354,-8.006122388027697,-7.191367939114571,1.02,0.289229980172,86dd3a804d78ca5d203ebf98747e8f16dff9713ba8950097ceb760b161e19907,Domains_Alloy
1355,-8.00698298709934,-7.191367939114571,1.02,0.289229980172,86dd3a804d78ca5d203ebf98747e8f16dff9713ba8950097ceb760b161e19907,Domains_Alloy
1356,-8.007843776780778,-7.191367939114571,1.02,0.289229980172,86dd3a804d78ca5d203ebf98747e8f16dff9713ba8950097ceb760b161e19907,Domains_Alloy
1357,-8.008704756931708,-7.191367939114571,1.02,0.289229980172,86dd3a804d78ca5d203ebf98747e8f16dff9713ba8950097ceb760b161e19907,Domains_Alloy
1358,-8.009565927412035,-7.191367939114571,1.02,0.289229980172,86dd3a804d78ca5d203ebf98747e8f16dff9713ba8950097ceb760b161e19907,Domains_Alloy
1359,-8.010427288081868,-7.191367939114571,1.02,0.289229980172,86dd3a804d78ca5d203ebf98747e8f16dff9713ba8950097ceb760b161e19907,Domains_Alloy
1360,-8.011288838801523,-7.191367939114571,1.02,0.289229980172,86dd3a804d78ca5d203ebf98747e8f16dff9713ba8950097ceb760b161e19907,Domains_Alloy
1361,-8.012150579431514,-7.191367939114571,1.02,0.289229980172,86dd3a804d78ca5d203ebf98747e8f16dff9713ba8950097ceb760b161e19907,Domains_Alloy
1362,-8.013012509832572,-7.191367939114571,1.02,0.289229980172,86dd3a804d78ca5d203ebf98747e8f16dff9713ba8950097ceb760b161e19907,Domains_Alloy
1363,-8.013874629865622,-7.191367939114571,1.02,0.289229980172,86dd3a804d78ca5d203ebf98747e8f16dff9713ba8950097ceb760b161e19907,Domains_Alloy
1364,-8.014736939391794,-7.191367939114571,1.02,0.289229980172,86dd3a804d78ca5d203ebf98747e8f16dff9713ba8950097ceb760b161e19907,Domains_Alloy
1365,-8.015599438272424,-7.191367939114571,1.02,0.289229980172,86dd3a804d78ca5d203ebf98747e8f16dff9713ba8950097ceb760b161e19907,Domains_Alloy
1366,-8.016462126369049,-7.191367939114571,1.02,0.289229980172,86dd3a804d78ca5d203ebf98747e8f16dff9713ba8950097ceb760b161e19907,Domains_Alloy
1367,-8.017325003543407,-7.191367939114571,1.02,0.289229980172,86dd3a804d78ca5d203ebf98747e8f16dff9713ba8950097ceb760b161e19907,Domains_Alloy
1368,-8.018188069657439,-7.191367939114571,1.02,0.289229980172,86dd3a804d78ca5d203ebf98747e8f16dff9713ba8950097ceb760b161e19907,Domains_Alloy
1369,-8.019051324573288,-7.191367939114571,1.02,0.289229980172,86dd3a804d78ca5d203ebf98747e8f16dff9713ba8950097ceb760b161e19907,Domains_Alloy
1370,-8.019914768153297,-7.191367939114571,1.02,0.289229980172,86dd3a804d78ca5d203ebf98747e8f16dff9713ba8950097ceb760b161e19907,Domains_Alloy
1371,-8.020778400260012,-7.191367939114571,1.02,0.289229980172,86dd3a804d78ca5d203ebf98747e8f16dff9713ba8950097ceb760b161e19907,Domains_Alloy
1372,-8.021642220756171,-7.191367939114571,1.02,0.289229980172,86dd3a804d78ca5d203ebf98747e8f16dff9713ba8950097ceb760b161e19907,Domains_Alloy
1373,-8.022506229504719,-7.191367939114571,1.02,0.289229980172,86dd3a804d78ca5d203ebf98747e8f16dff9713ba8950097ceb760b161e19907,Domains_Alloy
1374,-8.023370426368798,-7.191367939114571,1.02,0.289229980172,86dd3a804d78ca5d203ebf98747e8f16dff9713ba8950097ceb760b161e19907,Domains_Alloy
1375,-8.024234811211752,-7.191367939114571,1.02,0.289229980172,86dd3a804d78ca5d203ebf98747e8f16dff9713ba8950097ceb760b161e19907,Domains_Alloy
1376,-8.025099383897116,-7.191367939114571,1.02,0.289229980172,86dd3a804d78ca5d203ebf98747e8f16dff9713ba8950097ceb760b161e19907,Domains_Alloy
1377,-8.025964144288626,-7.191367939114571,1.02,0.289229980172,86dd3a804d78ca5d203ebf98747e8f16dff9713ba8950097ceb760b161e19907,Domains_Alloy
1378,-8.026829092250219,-7.191367939114571,1.02,0.289229980172,86dd3a804d78ca5d203ebf98747e8f16dff9713ba8950097ceb760b161e19907,Domains_Alloy
1379,-8.027694227646027,-7.191367939114571,1.02,0.289229980172,86dd3a804d78ca5d203ebf98747e8f16dff9713ba8950097ceb760b161e19907,Domains_Alloy
1380,-8.028559550340372,-7.191367939114571,1.02,0.289229980172,86dd3a804d78ca5d203ebf98747e8f16dff9713ba8950097ceb760b161e19907,Domains_Alloy
1381,-8.029425060197783,-7.191367939114571,1.02,0.289229980172,86dd3a804d78ca5d203ebf98747e8f16dff9713ba8950097ceb760b161e19907,Domains_Alloy
1382,-8.030290757082975,-7.191367939114571,1.02,0.289229980172,86dd3a804d78ca5d203ebf98747e8f16dff9713ba8950097ceb760b161e19907,Domains_Alloy
1383,-8.031156640860866,-7.191367939114571,1.02,0.289229980172,86dd3a804d78ca5d203ebf98747e8f16dff9713ba8950097ceb760b161e19907,Domains_Alloy
1384,-8.032022711396564,-7.191367939114571,1.02,0.289229980172,86dd3a804d78ca5d203ebf98747e8f16dff9713ba8950097ceb760b161e19907,Domains_Alloy
1385,-8.032888968555373,-7.191367939114571,1.02,0.289229980172,86dd3a804d78ca5d203ebf98747e8f16dff9713ba8950097ceb760b161e19907,Domains_Alloy
1386,-8.03375541220279,-7.191367939114571,1.02,0.289229980172,86dd3a804d78ca5d203ebf98747e8f16dff9713ba8950097ceb760b161e19907,Domains_Alloy
1387,-8.034622042204507,-7.191367939114571,1.02,0.289229980172,86dd3a804d78ca5d203ebf98747e8f16dff9713ba8950097ceb760b161e19907,Domains_Alloy
1388,-8.03548885842641,-7.191367939114571,1.02,0.289229980172,86dd3a804d78ca5d203ebf98747e8f16dff9713ba8950097ceb760b161e19907,Domains_Alloy
1389,-8.03635586073457,-7.191367939114571,1.02,0.289229980172,86dd3a804d78ca5d203ebf98747e8f16dff9713ba8950097ceb760b161e19907,Domains_Alloy
1390,-8.037223048995266,-7.191367939114571,1.02,0.289229980172,86dd3a804d78ca5d203ebf98747e8f16dff9713ba8950097ceb760b161e19907,Domains_Alloy
1391,-8.038090423074951,-7.191367939114571,1.02,0.289229980172,86dd3a804d78ca5d203ebf98747e8f16dff9713ba8950097ceb760b161e19907,Domains_Alloy
1392,-8.038957982840282,-7.191367939114571,1.02,0.289229980172,86dd3a804d78ca5d203ebf98747e8f16dff9713ba8950097ceb760b161e19907,Domains_Alloy
1393,-8.039825728158101,-7.191367939114571,1.02,0.289229980172,86dd3a804d78ca5d203ebf98747e8f16dff9713ba8950097ceb760b161e19907,Domains_Alloy
1394,-8.040693658895444,-7.191367939114571,1.02,0.289229980172,86dd3a804d78ca5d203ebf98747e8f16dff9713ba8950097ceb760b161e19907,Domains_Alloy
1395,-8.041561774919534,-7.191367939114571,1.02,0.289229980172,86dd3a804d78ca5d203ebf98747e8f16dff9713ba8950097ceb760b161e19907,Domains_Alloy
1396,-8.042430076097789,-7.191367939114571,1.02,0.289229980172,86dd3a804d78ca5d203ebf98747e8f16dff9713ba8950097ceb760b161e19907,Domains_Alloy
1397,-8.04329856229781,-7.191367939114571,1.02,0.289229980172,86dd3a804d78ca5d203ebf98747e8f16dff9713ba8950097ceb760b161e19907,Domains_Alloy
1398,-8.044167233387393,-7.191367939114571,1.02,0.289229980172,86dd3a804d78ca5d203ebf98747e8f16dff9713ba8950097ceb760b161e19907,Domains_Alloy
1399,-8.045036089234515,-7.191367939114571,1.02,0.289229980172,86dd3a804d78ca5d203ebf98747e8f16dff9713ba8950097ceb760b161e19907,Domains_Alloy
1400,-8.04590512970735,-7.191367939114571,1.02,0.289229980172,86dd3a804d78ca5d203ebf98747e8f16dff9713ba8950097ceb760b161e19907,Domains_Alloy
1401,-8.046774354674255,-7.191367939114571,1.02,0.289229980172,86dd3a804d78ca5d203ebf98747e8f16dff9713ba8950097ceb760b161e19907,Domains_Alloy
1402,-8.047643764003777,-7.191367939114571,1.02,0.289229980172,86dd3a804d78ca5d203ebf98747e8f16dff9713ba8950097ceb760b161e19907,Domains_Alloy
1403,-8.048513357564646,-7.191367939114571,1.02,0.289229980172,86dd3a804d78ca5d203ebf98747e8f16dff9713ba8950097ceb760b161e19907,Domains_Alloy
1404,-8.04938313522578,-7.191367939114571,1.02,0.289229980172,86dd3a804d78ca5d203ebf98747e8f16dff9713ba8950097ceb760b161e19907,Domains_Alloy
1405,-8.050253096856286,-7.191367939114571,1.02,0.289229980172,86dd3a804d78ca5d203ebf98747e8f16dff9713ba8950097ceb760b161e19907,Domains_Alloy
1406,-8.051123242325456,-7.191367939114571,1.02,0.289229980172,86dd3a804d78ca5d203ebf98747e8f16dff9713ba8950097ceb760b161e19907,Domains_Alloy
1407,-8.051993571502765,-7.191367939114571,1.02,0.289229980172,86dd3a804d78ca5d203ebf98747e8f16dff9713ba8950097ceb760b161e19907,Domains_Alloy
1408,-8.052864084257873,-7.191367939114571,1.02,0.289229980172,86dd3a804d78ca5d203ebf98747e8f16dff9713ba8950097ceb760b161e19907,Domains_Alloy
1409,-8.053734780460628,-7.191367939114571,1.02,0.289229980172,86dd3a804d78ca5d203ebf98747e8f16dff9713ba8950097ceb760b161e19907,Domains_Alloy
1410,-8.054605659981062,-7.191367939114571,1.02,0.289229980172,86dd3a804d78ca5d203ebf98747e8f16dff9713ba8950097ceb760b161e19907,Domains_Alloy
1411,-8.055476722689386,-7.191367939114571,1.02,0.289229980172,86dd3a804d78ca5d203ebf98747e8f16dff9713ba8950097ceb760b161e19907,Domains_Alloy
1412,-8.056347968456,-7.191367939114571,1.02,0.289229980172,86dd3a804d78ca5d203ebf98747e8f16dff9713ba8950097ceb760b161e19907,Domains_Alloy
1413,-8.057219397151483,-7.191367939114571,1.02,0.289229980172,86dd3a804d78ca5d203ebf98747e8f16dff9713ba8950097ceb760b161e19907,Domains_Alloy
1414,-8.058091008646601,-7.191367939114571,1.02,0.289229980172,86dd3a804d78ca5d203ebf98747e8f16dff9713ba8950097ceb760b161e19907,Domains_Alloy
1415,-8.058962802812296,-7.191367939114571,1.02,0.289229980172,86dd3a804d78ca5d203ebf98747e8f16dff9713ba8950097ceb760b161e19907,Domains_Alloy
1416,-8.059834779519701,-7.191367939114571,1.02,0.289229980172,86dd3a804d78ca5d203ebf98747e8f16dff9713ba8950097ceb760b161e19907,Domains_Alloy
1417,-8.060706938640122,-7.191367939114571,1.02,0.289229980172,86dd3a804d78ca5d203ebf98747e8f16dff9713ba8950097ceb760b161e19907,Domains_Alloy
1418,-8.06157928004505,-7.191367939114571,1.02,0.289229980172,86dd3a804d78ca5d203ebf98747e8f16dff9713ba8950097ceb760b161e19907,Domains_Alloy
1419,-8.062451803606157,-7.191367939114571,1.02,0.289229980172,86dd3a804d78ca5d203ebf98747e8f16dff9713ba8950097ceb760b161e19907,Domains_Alloy
1420,-8.063324509195294,-7.191367939114571,1.02,0.289229980172,86dd3a804d78ca5d203ebf98747e8f16dff9713ba8950097ceb760b161e19907,Domains_Alloy
1421,-8.064197396684492,-7.191367939114571,1.02,0.289229980172,86dd3a804d78ca5d203ebf98747e8f16dff9713ba8950097ceb760b161e19907,Domains_Alloy
1422,-8.065070465945965,-7.191367939114571,1.02,0.289229980172,86dd3a804d78ca5d203ebf98747e8f16dff9713ba8950097ceb760b161e19907,Domains_Alloy
1423,-8.0659437168521,-7.191367939114571,1.02,0.289229980172,86dd3a804d78ca5d203ebf98747e8f16dff9713ba8950097ceb760b161e19907,Domains_Alloy
1424,-8.066817149275472,-7.191367939114571,1.02,0.289229980172,86dd3a804d78ca5d203ebf98747e8f16dff9713ba8950097ceb760b161e19907,Domains_Alloy
1425,-8.067690763088823,-7.191367939114571,1.02,0.289229980172,86dd3a804d78ca5d203ebf98747e8f16dff9713ba8950097ceb760b161e19907,Domains_Alloy
1426,-8.068564558165082,-7.191367939114571,1.02,0.289229980172,86dd3a804d78ca5d203ebf98747e8f16dff9713ba8950097ceb760b161e19907,Domains_Alloy
1427,-8.069438534377353,-7.191367939114571,1.02,0.289229980172,86dd3a804d78ca5d203ebf98747e8f16dff9713ba8950097ceb760b161e19907,Domains_Alloy
1428,-8.07031269159892,-7.191367939114571,1.02,0.289229980172,86dd3a804d78ca5d203ebf98747e8f16dff9713ba8950097ceb760b161e19907,Domains_Alloy
1429,-8.071187029703236,-7.191367939114571,1.02,0.289229980172,86dd3a804d78ca5d203ebf98747e8f16dff9713ba8950097ceb760b161e19907,Domains_Alloy
1430,-8.072061548563939,-7.191367939114571,1.02,0.289229980172,86dd3a804d78ca5d203ebf98747e8f16dff9713ba8950097ceb760b161e19907,Domains_Alloy
1431,-8.072936248054839,-7.191367939114571,1.02,0.289229980172,86dd3a804d78ca5d203ebf98747e8f16dff9713ba8950097ceb760b161e19907,Domains_Alloy
1432,-8.073811128049924,-7.191367939114571,1.02,0.289229980172,86dd3a804d78ca5d203ebf98747e8f16dff9713ba8950097ceb760b161e19907,Domains_Alloy
1433,-8.074686188423359,-7.191367939114571,1.02,0.289229980172,86dd3a804d78ca5d203ebf98747e8f16dff9713ba8950097ceb760b161e19907,Domains_Alloy
1434,-8.075561429049479,-7.191367939114571,1.02,0.289229980172,86dd3a804d78ca5d203ebf98747e8f16dff9713ba8950097ceb760b161e19907,Domains_Alloy
1435,-8.076436849802798,-7.191367939114571,1.02,0.289229980172,86dd3a804d78ca5d203ebf98747e8f16dff9713ba8950097ceb760b161e19907,Domains_Alloy
1436,-8.077312450558003,-7.191367939114571,1.02,0.289229980172,86dd3a804d78ca5d203ebf98747e8f16dff9713ba8950097ceb760b161e19907,Domains_Alloy
1437,-8.078188231189955,-7.191367939114571,1.02,0.289229980172,86dd3a804d78ca5d203ebf98747e8f16dff9713ba8950097ceb760b161e19907,Domains_Alloy
1438,-8.079064191573689,-7.191367939114571,1.02,0.289229980172,86dd3a804d78ca5d203ebf98747e8f16dff9713ba8950097ceb760b161e19907,Domains_Alloy
1439,-8.079940331584416,-7.191367939114571,1.02,0.289229980172,86dd3a804d78ca5d203ebf98747e8f16dff9713ba8950097ceb760b161e19907,Domains_Alloy
1440,-8.080816651097512,-7.191367939114571,1.02,0.289229980172,86dd3a804d78ca5d203ebf98747e8f16dff9713ba8950097ceb760b161e19907,Domains_Alloy
1441,-8.081693149988538,-7.191367939114571,1.02,0.289229980172,86dd3a804d78ca5d203ebf98747e8f16dff9713ba8950097ceb760b161e19907,Domains_Alloy
1442,-8.082569828133215,-7.191367939114571,1.02,0.289229980172,86dd3a804d78ca5d203ebf98747e8f16dff9713ba8950097ceb760b161e19907,Domains_Alloy
1443,-8.083446685407443,-7.191367939114571,1.02,0.289229980172,86dd3a804d78ca5d203ebf98747e8f16dff9713ba8950097ceb760b161e19907,Domains_Alloy
1444,-8.084323721687293,-7.191367939114571,1.02,0.289229980172,86dd3a804d78ca5d203ebf98747e8f16dff9713ba8950097ceb760b161e19907,Domains_Alloy
1445,-8.085200936849002,-7.191367939114571,1.02,0.289229980172,86dd3a804d78ca5d203ebf98747e8f16dff9713ba8950097ceb760b161e19907,Domains_Alloy
1446,-8.086078330768988,-7.191367939114571,1.02,0.289229980172,86dd3a804d78ca5d203ebf98747e8f16dff9713ba8950097ceb760b161e19907,Domains_Alloy
1447,-8.08695590332383,-7.191367939114571,1.02,0.289229980172,86dd3a804d78ca5d203ebf98747e8f16dff9713ba8950097ceb760b161e19907,Domains_Alloy
1448,-8.08783365439028,-7.191367939114571,1.02,0.289229980172,86dd3a804d78ca5d203ebf98747e8f16dff9713ba8950097ceb760b161e19907,Domains_Alloy
1449,-8.088711583845262,-7.191367939114571,1.02,0.289229980172,86dd3a804d78ca5d203ebf98747e8f16dff9713ba8950097ceb760b161e19907,Domains_Alloy
1450,-8.089589691565868,-7.191367939114571,1.02,0.289229980172,86dd3a804d78ca5d203ebf98747e8f16dff9713ba8950097ceb760b161e19907,Domains_Alloy
1451,-8.090467977429357,-7.191367939114571,1.02,0.289229980172,86dd3a804d78ca5d203ebf98747e8f16dff9713ba8950097ceb760b161e19907,Domains_Alloy
1452,-8.091346441313162,-7.191367939114571,1.02,0.289229980172,86dd3a804d78ca5d203ebf98747e8f16dff9713ba8950097ceb760b161e19907,Domains_Alloy
1453,-8.092225083094878,-7.191367939114571,1.02,0.289229980172,86dd3a804d78ca5d203ebf98747e8f16dff9713ba8950097ceb760b161e19907,Domains_Alloy
1454,-8.093103902652272,-7.191367939114571,1.02,0.289229980172,86dd3a804d78ca5d203ebf98747e8f16dff9713ba8950097ceb760b161e19907,Domains_Alloy
1455,-8.093982899863281,-7.191367939114571,1.02,0.289229980172,86dd3a804d78ca5d203ebf98747e8f16dff9713ba8950097ceb760b161e19907,Domains_Alloy
1456,-8.094862074606004,-7.191367939114571,1.02,0.289229980172,86dd3a804d78ca5d203ebf98747e8f16dff9713ba8950097ceb760b161e19907,Domains_Alloy
1457,-8.095741426758707,-7.191367939114571,1.02,0.289229980172,86dd3a804d78ca5d203ebf98747e8f16dff9713ba8950097ceb760b161e19907,Domains_Alloy
1458,-8.096620956199828,-7.191367939114571,1.02,0.289229980172,86dd3a804d78ca5d203ebf98747e8f16dff9713ba8950097ceb760b161e19907,Domains_Alloy
1459,-8.097500662807969,-7.191367939114571,1.02,0.289229980172,86dd3a804d78ca5d203ebf98747e8f16dff9713ba8950097ceb760b161e19907,Domains_Alloy
1460,-8.098380546461895,-7.191367939114571,1.02,0.289229980172,86dd3a804d78ca5d203ebf98747e8f16dff9713ba8950097ceb760b161e19907,Domains_Alloy
1461,-8.09926060704054,-7.191367939114571,1.02,0.289229980172,86dd3a804d78ca5d203ebf98747e8f16dff9713ba8950097ceb760b161e19907,Domains_Alloy
1462,-8.100140844423002,-7.191367939114571,1.02,0.289229980172,86dd3a804d78ca5d203ebf98747e8f16dff9713ba8950097ceb760b161e19907,Domains_Alloy
1463,-8.101021258488547,-7.191367939114571,1.02,0.289229980172,86dd3a804d78ca5d203ebf98747e8f16dff9713ba8950097ceb760b161e19907,Domains_Alloy
1464,-8.101901849116601,-7.191367939114571,1.02,0.289229980172,86dd3a804d78ca5d203ebf98747e8f16dff9713ba8950097ceb760b161e19907,Domains_Alloy
1465,-8.102782616186756,-7.191367939114571,1.02,0.289229980172,86dd3a804d78ca5d203ebf98747e8f16dff9713ba8950097ceb760b161e19907,Domains_Alloy
1466,-8.103663559578768,-7.191367939114571,1.02,0.289229980172,86dd3a804d78ca5d203ebf98747e8f16dff9713ba8950097ceb760b161e19907,Domains_Alloy
1467,-8.104544679172559,-7.191367939114571,1.02,0.289229980172,86dd3a804d78ca5d203ebf98747e8f16dff9713ba8950097ceb760b161e19907,Domains_Alloy
1468,-8.105425974848211,-7.191367939114571,1.02,0.289229980172,86dd3a804d78ca5d203ebf98747e8f16dff9713ba8950097ceb760b161e19907,Domains_Alloy
1469,-8.106307446485969,-7.191367939114571,1.02,0.289229980172,86dd3a804d78ca5d203ebf98747e8f16dff9713ba8950097ceb760b161e19907,Domains_Alloy
1470,-8.107189093966245,-7.191367939114571,1.02,0.289229980172,86dd3a804d78ca5d203ebf98747e8f16dff9713ba8950097ceb760b161e19907,Domains_Alloy
1471,-8.108070917169607,-7.191367939114571,1.02,0.289229980172,86dd3a804d78ca5d203ebf98747e8f16dff9713ba8950097ceb760b161e19907,Domains_Alloy
1472,-8.108952915976792,-7.191367939114571,1.02,0.289229980172,86dd3a804d78ca5d203ebf98747e8f16dff9713ba8950097ceb760b161e19907,Domains_Alloy
1473,-8.109835090268691,-7.191367939114571,1.02,0.289229980172,86dd3a804d78ca5d203ebf98747e8f16dff9713ba8950097ceb760b161e19907,Domains_Alloy
1474,-8.110717439926361,-7.191367939114571,1.02,0.289229980172,86dd3a804d78ca5d203ebf98747e8f16dff9713ba8950097ceb760b161e19907,Domains_Alloy
1475,-8.111599964831022,-7.191367939114571,1.02,0.289229980172,86dd3a804d78ca5d203ebf98747e8f16dff9713ba8950097ceb760b161e19907,Domains_Alloy
1476,-8.11248266486405,-7.191367939114571,1.02,0.289229980172,86dd3a804d78ca5d203ebf98747e8f16dff9713ba8950097ceb760b161e19907,Domains_Alloy
1477,-8.113365539906981,-7.191367939114571,1.02,0.289229980172,86dd3a804d78ca5d203ebf98747e8f16dff9713ba8950097ceb760b161e19907,Domains_Alloy
1478,-8.114248589841518,-7.191367939114571,1.02,0.289229980172,86dd3a804d78ca5d203ebf98747e8f16dff9713ba8950097ceb760b161e19907,Domains_Alloy
1479,-8.115131814549516,-7.191367939114571,1.02,0.289229980172,86dd3a804d78ca5d203ebf98747e8f16dff9713ba8950097ceb760b161e19907,Domains_Alloy
1480,-8.116015213912993,-7.191367939114571,1.02,0.289229980172,86dd3a804d78ca5d203ebf98747e8f16dff9713ba8950097ceb760b161e19907,Domains_Alloy
1481,-8.116898787814124,-7.191367939114571,1.02,0.289229980172,86dd3a804d78ca5d203ebf98747e8f16dff9713ba8950097ceb760b161e19907,Domains_Alloy
1482,-8.117782536135246,-7.191367939114571,1.02,0.289229980172,86dd3a804d78ca5d203ebf98747e8f16dff9713ba8950097ceb760b161e19907,Domains_Alloy
1483,-8.118666458758852,-7.191367939114571,1.02,0.289229980172,86dd3a804d78ca5d203ebf98747e8f16dff9713ba8950097ceb760b161e19907,Domains_Alloy
1484,-8.119550555567594,-7.191367939114571,1.02,0.289229980172,86dd3a804d78ca5d203ebf98747e8f16dff9713ba8950097ceb760b161e19907,Domains_Alloy
1485,-8.120434826444281,-7.191367939114571,1.02,0.289229980172,86dd3a804d78ca5d203ebf98747e8f16dff9713ba8950097ceb760b161e19907,Domains_Alloy
1486,-8.121319271271879,-7.191367939114571,1.02,0.289229980172,86dd3a804d78ca5d203ebf98747e8f16dff9713ba8950097ceb760b161e19907,Domains_Alloy
1487,-8.122203889933516,-7.191367939114571,1.02,0.289229980172,86dd3a804d78ca5d203ebf98747e8f16dff9713ba8950097ceb760b161e19907,Domains_Alloy
1488,-8.123088682312467,-7.191367939114571,1.02,0.289229980172,86dd3a804d78ca5d203ebf98747e8f16dff9713ba8950097ceb760b161e19907,Domains_Alloy
1489,-8.123973648292173,-7.191367939114571,1.02,0.289229980172,86dd3a804d78ca5d203ebf98747e8f16dff9713ba8950097ceb760b161e19907,Domains_Alloy
1490,-8.124858787756226,-7.191367939114571,1.02,0.289229980172,86dd3a804d78ca5d203ebf98747e8f16dff9713ba8950097ceb760b161e19907,Domains_Alloy
1491,-8.125744100588379,-7.191367939114571,1.02,0.289229980172,86dd3a804d78ca5d203ebf98747e8f16dff9713ba8950097ceb760b161e19907,Domains_Alloy
1492,-8.126629586672532,-7.191367939114571,1.02,0.289229980172,86dd3a804d78ca5d203ebf98747e8f16dff9713ba8950097ceb760b161e19907,Domains_Alloy
1493,-8.127515245892747,-7.191367939114571,1.02,0.289229980172,86dd3a804d78ca5d203ebf98747e8f16dff9713ba8950097ceb760b161e19907,Domains_Alloy
1494,-8.128401078133242,-7.191367939114571,1.02,0.289229980172,86dd3a804d78ca5d203ebf98747e8f16dff9713ba8950097ceb760b161e19907,Domains_Alloy
1495,-8.129287083278383,-7.191367939114571,1.02,0.289229980172,86dd3a804d78ca5d203ebf98747e8f16dff9713ba8950097ceb760b161e19907,Domains_Alloy
1496,-8.130173261212697,-7.191367939114571,1.02,0.289229980172,86dd3a804d78ca5d203ebf98747e8f16dff9713ba8950097ceb760b161e19907,Domains_Alloy
1497,-8.131059611820861,-7.191367939114571,1.02,0.289229980172,86dd3a804d78ca5d203ebf98747e8f16dff9713ba8950097ceb760b161e19907,Domains_Alloy
1498,-8.131946134987706,-7.191367939114571,1.02,0.289229980172,86dd3a804d78ca5d203ebf98747e8f16dff9713ba8950097ceb760b161e19907,Domains_Alloy
1499,-8.13283283059822,-7.191367939114571,1.02,0.289229980172,86dd3a804d78ca5d203ebf98747e8f16dff9713ba8950097ceb760b161e19907,Domains_Alloy
1500,-8.133719698537538,-7.191367939114571,1.02,0.289229980172,86dd3a804d78ca5d203ebf98747e8f16dff9713ba8950097ceb760b161e19907,Domains_Alloy
1501,-8.134606738690955,-7.191367939114571,1.02,0.289229980172,86dd3a804d78ca5d203ebf98747e8f16dff9713ba8950097ceb760b161e19907,Domains_Alloy
1502,-8.135493950943912,-7.191367939114571,1.02,0.289229980172,86dd3a804d78ca5d203ebf98747e8f16dff9713ba8950097ceb760b161e19907,Domains_Alloy
1503,-8.136381335182005,-7.191367939114571,1.02,0.289229980172,86dd3a804d78ca5d203ebf98747e8f16dff9713ba8950097ceb760b161e19907,Domains_Alloy
1504,-8.137268891290983,-7.191367939114571,1.02,0.289229980172,86dd3a804d78ca5d203ebf98747e8f16dff9713ba8950097ceb760b161e19907,Domains_Alloy
1505,-8.138156619156746,-7.191367939114571,1.02,0.289229980172,86dd3a804d78ca5d203ebf98747e8f16dff9713ba8950097ceb760b161e19907,Domains_Alloy
1506,-8.139044518665342,-7.191367939114571,1.02,0.289229980172,86dd3a804d78ca5d203ebf98747e8f16dff9713ba8950097ceb760b161e19907,Domains_Alloy
1507,-8.139932589702974,-7.191367939114571,1.02,0.289229980172,86dd3a804d78ca5d203ebf98747e8f16dff9713ba8950097ceb760b161e19907,Domains_Alloy
1508,-8.140820832155995,-7.191367939114571,1.02,0.289229980172,86dd3a804d78ca5d203ebf98747e8f16dff9713ba8950097ceb760b161e19907,Domains_Alloy
1509,-8.141709245910908,-7.191367939114571,1.02,0.289229980172,86dd3a804d78ca5d203ebf98747e8f16dff9713ba8950097ceb760b161e19907,Domains_Alloy
1510,-8.142597830854365,-7.191367939114571,1.02,0.289229980172,86dd3a804d78ca5d203ebf98747e8f16dff9713ba8950097ceb760b161e19907,Domains_Alloy
1511,-8.143486586873166,-7.191367939114571,1.02,0.289229980172,86dd3a804d78ca5d203ebf98747e8f16dff9713ba8950097ceb760b161e19907,Domains_Alloy
1512,-8.144375513854269,-7.191367939114571,1.02,0.289229980172,86dd3a804d78ca5d203ebf98747e8f16dff9713ba8950097ceb760b161e19907,Domains_Alloy
1513,-8.14526461168477,-7.191367939114571,1.02,0.289229980172,86dd3a804d78ca5d203ebf98747e8f16dff9713ba8950097ceb760b161e19907,Domains_Alloy
1514,-8.146153880251921,-7.191367939114571,1.02,0.289229980172,86dd3a804d78ca5d203ebf98747e8f16dff9713ba8950097ceb760b161e19907,Domains_Alloy
1515,-8.147043319443121,-7.191367939114571,1.02,0.289229980172,86dd3a804d78ca5d203ebf98747e8f16dff9713ba8950097ceb760b161e19907,Domains_Alloy
1516,-8.147932929145917,-7.191367939114571,1.02,0.289229980172,86dd3a804d78ca5d203ebf98747e8f16dff9713ba8950097ceb760b161e19907,Domains_Alloy
1517,-8.148822709248003,-7.191367939114571,1.02,0.289229980172,86dd3a804d78ca5d203ebf98747e8f16dff9713ba8950097ceb760b161e19907,Domains_Alloy
1518,-8.149712659637222,-7.191367939114571,1.02,0.289229980172,86dd3a804d78ca5d203ebf98747e8f16dff9713ba8950097ceb760b161e19907,Domains_Alloy
1519,-8.150602780201567,-7.191367939114571,1.02,0.289229980172,86dd3a804d78ca5d203ebf98747e8f16dff9713ba8950097ceb760b161e19907,Domains_Alloy
1520,-8.151493070829172,-7.191367939114571,1.02,0.289229980172,86dd3a804d78ca5d203ebf98747e8f16dff9713ba8950097ceb760b161e19907,Domains_Alloy
1521,-8.152383531408324,-7.191367939114571,1.02,0.289229980172,86dd3a804d78ca5d203ebf98747e8f16dff9713ba8950097ceb760b161e19907,Domains_Alloy
1522,-8.153274161827451,-7.191367939114571,1.02,0.289229980172,86dd3a804d78ca5d203ebf98747e8f16dff9713ba8950097ceb760b161e19907,Domains_Alloy
1523,-8.15416496197513,-7.191367939114571,1.02,0.289229980172,86dd3a804d78ca5d203ebf98747e8f16dff9713ba8950097ceb760b161e19907,Domains_Alloy
1524,-8.155055931740089,-7.191367939114571,1.02,0.289229980172,86dd3a804d78ca5d203ebf98747e8f16dff9713ba8950097ceb760b161e19907,Domains_Alloy
1525,-8.155947071011189,-7.191367939114571,1.02,0.289229980172,86dd3a804d78ca5d203ebf98747e8f16dff9713ba8950097ceb760b161e19907,Domains_Alloy
1526,-8.156838379677453,-7.191367939114571,1.02,0.289229980172,86dd3a804d78ca5d203ebf98747e8f16dff9713ba8950097ceb760b161e19907,Domains_Alloy
1527,-8.157729857628032,-7.191367939114571,1.02,0.289229980172,86dd3a804d78ca5d203ebf98747e8f16dff9713ba8950097ceb760b161e19907,Domains_Alloy
1528,-8.158621504752237,-7.191367939114571,1.02,0.289229980172,86dd3a804d78ca5d203ebf98747e8f16dff9713ba8950097ceb760b161e19907,Domains_Alloy
1529,-8.159513320939512,-7.191367939114571,1.02,0.289229980172,86dd3a804d78ca5d203ebf98747e8f16dff9713ba8950097ceb760b161e19907,Domains_Alloy
1530,-8.160405306079452,-7.191367939114571,1.02,0.289229980172,86dd3a804d78ca5d203ebf98747e8f16dff9713ba8950097ceb760b161e19907,Domains_Alloy
1531,-8.161297460061794,-7.191367939114571,1.02,0.289229980172,86dd3a804d78ca5d203ebf98747e8f16dff9713ba8950097ceb760b161e19907,Domains_Alloy
1532,-8.162189782776421,-7.191367939114571,1.02,0.289229980172,86dd3a804d78ca5d203ebf98747e8f16dff9713ba8950097ceb760b161e19907,Domains_Alloy
1533,-8.163082274113352,-7.191367939114571,1.02,0.289229980172,86dd3a804d78ca5d203ebf98747e8f16dff9713ba8950097ceb760b161e19907,Domains_Alloy
1534,-8.163974933962757,-7.191367939114571,1.02,0.289229980172,86dd3a804d78ca5d203ebf98747e8f16dff9713ba8950097ceb760b161e19907,Domains_Alloy
1535,-8.164867762214948,-7.191367939114571,1.02,0.289229980172,86dd3a804d78ca5d203ebf98747e8f16dff9713ba8950097ceb760b161e19907,Domains_Alloy
1536,-8.165760758760376,-7.191367939114571,1.02,0.289229980172,86dd3a804d78ca5d203ebf98747e8f16dff9713ba8950097ceb760b161e19907,Domains_Alloy
1537,-8.166653923489635,-7.191367939114571,1.02,0.289229980172,86dd3a804d78ca5d203ebf98747e8f16dff9713ba8950097ceb760b161e19907,Domains_Alloy
1538,-8.167547256293465,-7.191367939114571,1.02,0.289229980172,86dd3a804d78ca5d203ebf98747e8f16dff9713ba8950097ceb760b161e19907,Domains_Alloy
1539,-8.168440757062744,-7.191367939114571,1.02,0.289229980172,86dd3a804d78ca5d203ebf98747e8f16dff9713ba8950097ceb760b161e19907,Domains_Alloy
1540,-8.16933442568849,-7.191367939114571,1.02,0.289229980172,86dd3a804d78ca5d203ebf98747e8f16dff9713ba8950097ceb760b161e19907,Domains_Alloy
1541,-8.170228262061869,-7.191367939114571,1.02,0.289229980172,86dd3a804d78ca5d203ebf98747e8f16dff9713ba8950097ceb760b161e19907,Domains_Alloy
1542,-8.171122266074182,-7.191367939114571,1.02,0.289229980172,86dd3a804d78ca5d203ebf98747e8f16dff9713ba8950097ceb760b161e19907,Domains_Alloy
1543,-8.17201643761687,-7.191367939114571,1.02,0.289229980172,86dd3a804d78ca5d203ebf98747e8f16dff9713ba8950097ceb760b161e19907,Domains_Alloy
1544,-8.172910776581519,-7.191367939114571,1.02,0.289229980172,86dd3a804d78ca5d203ebf98747e8f16dff9713ba8950097ceb760b161e19907,Domains_Alloy
1545,-8.173805282859854,-7.191367939114571,1.02,0.289229980172,86dd3a804d78ca5d203ebf98747e8f16dff9713ba8950097ceb760b161e19907,Domains_Alloy
1546,-8.174699956343735,-7.191367939114571,1.02,0.289229980172,86dd3a804d78ca5d203ebf98747e8f16dff9713ba8950097ceb760b161e19907,Domains_Alloy
1547,-8.17559479692517,-7.191367939114571,1.02,0.289229980172,86dd3a804d78ca5d203ebf98747e8f16dff9713ba8950097ceb760b161e19907,Domains_Alloy
1548,-8.176489804496295,-7.191367939114571,1.02,0.289229980172,86dd3a804d78ca5d203ebf98747e8f16dff9713ba8950097ceb760b161e19907,Domains_Alloy
1549,-8.1773849789494,-7.191367939114571,1.02,0.289229980172,86dd3a804d78ca5d203ebf98747e8f16dff9713ba8950097ceb760b161e19907,Domains_Alloy
1550,-8.178280320176899,-7.191367939114571,1.02,0.289229980172,86dd3a804d78ca5d203ebf98747e8f16dff9713ba8950097ceb760b161e19907,Domains_Alloy
1551,-8.179175828071353,-7.191367939114571,1.02,0.289229980172,86dd3a804d78ca5d203ebf98747e8f16dff9713ba8950097ceb760b161e19907,Domains_Alloy
1552,-8.180071502525461,-7.191367939114571,1.02,0.289229980172,86dd3a804d78ca5d203ebf98747e8f16dff9713ba8950097ceb760b161e19907,Domains_Alloy
1553,-8.180967343432055,-7.191367939114571,1.02,0.289229980172,86dd3a804d78ca5d203ebf98747e8f16dff9713ba8950097ceb760b161e19907,Domains_Alloy
1554,-8.181863350684109,-7.191367939114571,1.02,0.289229980172,86dd3a804d78ca5d203ebf98747e8f16dff9713ba8950097ceb760b161e19907,Domains_Alloy
1555,-8.182759524174735,-7.191367939114571,1.02,0.289229980172,86dd3a804d78ca5d203ebf98747e8f16dff9713ba8950097ceb760b161e19907,Domains_Alloy
1556,-8.183655863797178,-7.191367939114571,1.02,0.289229980172,86dd3a804d78ca5d203ebf98747e8f16dff9713ba8950097ceb760b161e19907,Domains_Alloy
1557,-8.184552369444825,-7.191367939114571,1.02,0.289229980172,86dd3a804d78ca5d203ebf98747e8f16dff9713ba8950097ceb760b161e19907,Domains_Alloy
1558,-8.185449041011195,-7.191367939114571,1.02,0.289229980172,86dd3a804d78ca5d203ebf98747e8f16dff9713ba8950097ceb760b161e19907,Domains_Alloy
1559,-8.186345878389945,-7.191367939114571,1.02,0.289229980172,86dd3a804d78ca5d203ebf98747e8f16dff9713ba8950097ceb760b161e19907,Domains_Alloy
1560,-8.187242881474871,-7.191367939114571,1.02,0.289229980172,86dd3a804d78ca5d203ebf98747e8f16dff9713ba8950097ceb760b161e19907,Domains_Alloy
1561,-8.188140050159902,-7.191367939114571,1.02,0.289229980172,86dd3a804d78ca5d203ebf98747e8f16dff9713ba8950097ceb760b161e19907,Domains_Alloy
1562,-8.189037384339102,-7.191367939114571,1.02,0.289229980172,86dd3a804d78ca5d203ebf98747e8f16dff9713ba8950097ceb760b161e19907,Domains_Alloy
1563,-8.189934883906671,-7.191367939114571,1.02,0.289229980172,86dd3a804d78ca5d203ebf98747e8f16dff9713ba8950097ceb760b161e19907,Domains_Alloy
1564,-8.190832548756948,-7.191367939114571,1.02,0.289229980172,86dd3a804d78ca5d203ebf98747e8f16dff9713ba8950097ceb760b161e19907,Domains_Alloy
1565,-8.191730378784401,-7.191367939114571,1.02,0.289229980172,86dd3a804d78ca5d203ebf98747e8f16dff9713ba8950097ceb760b161e19907,Domains_Alloy
1566,-8.192628373883631,-7.191367939114571,1.02,0.289229980172,86dd3a804d78ca5d203ebf98747e8f16dff9713ba8950097ceb760b161e19907,Domains_Alloy
1567,-8.193526533949383,-7.191367939114571,1.02,0.289229980172,86dd3a804d78ca5d203ebf98747e8f16dff9713ba8950097ceb760b161e19907,Domains_Alloy
1568,-8.194424858876529,-7.191367939114571,1.02,0.289229980172,86dd3a804d78ca5d203ebf98747e8f16dff9713ba8950097ceb760b161e19907,Domains_Alloy
1569,-8.195323348560075,-7.191367939114571,1.02,0.289229980172,86dd3a804d78ca5d203ebf98747e8f16dff9713ba8950097ceb760b161e19907,Domains_Alloy
1570,-8.196222002895162,-7.191367939114571,1.02,0.289229980172,86dd3a804d78ca5d203ebf98747e8f16dff9713ba8950097ceb760b161e19907,Domains_Alloy
1571,-8.197120821777064,-7.191367939114571,1.02,0.289229980172,86dd3a804d78ca5d203ebf98747e8f16dff9713ba8950097ceb760b161e19907,Domains_Alloy
1572,-8.198019805101188,-7.191367939114571,1.02,0.289229980172,86dd3a804d78ca5d203ebf98747e8f16dff9713ba8950097ceb760b161e19907,Domains_Alloy
1573,-8.198918952763075,-7.191367939114571,1.02,0.289229980172,86dd3a804d78ca5d203ebf98747e8f16dff9713ba8950097ceb760b161e19907,Domains_Alloy
1574,-8.199818264658397,-7.191367939114571,1.02,0.289229980172,86dd3a804d78ca5d203ebf98747e8f16dff9713ba8950097ceb760b161e19907,Domains_Alloy
1575,-8.200717740682958,-7.191367939114571,1.02,0.289229980172,86dd3a804d78ca5d203ebf98747e8f16dff9713ba8950097ceb760b161e19907,Domains_Alloy
1576,-8.201617380732692,-7.191367939114571,1.02,0.289229980172,86dd3a804d78ca5d203ebf98747e8f16dff9713ba8950097ceb760b161e19907,Domains_Alloy
1577,-8.202517184703671,-7.191367939114571,1.02,0.289229980172,86dd3a804d78ca5d203ebf98747e8f16dff9713ba8950097ceb760b161e19907,Domains_Alloy
1578,-8.203417152492095,-7.191367939114571,1.02,0.289229980172,86dd3a804d78ca5d203ebf98747e8f16dff9713ba8950097ceb760b161e19907,Domains_Alloy
1579,-8.204317283994296,-7.191367939114571,1.02,0.289229980172,86dd3a804d78ca5d203ebf98747e8f16dff9713ba8950097ceb760b161e19907,Domains_Alloy
1580,-8.205217579106733,-7.191367939114571,1.02,0.289229980172,86dd3a804d78ca5d203ebf98747e8f16dff9713ba8950097ceb760b161e19907,Domains_Alloy
1581,-8.206118037726,-7.191367939114571,1.02,0.289229980172,86dd3a804d78ca5d203ebf98747e8f16dff9713ba8950097ceb760b161e19907,Domains_Alloy
1582,-8.207018659748822,-7.191367939114571,1.02,0.289229980172,86dd3a804d78ca5d203ebf98747e8f16dff9713ba8950097ceb760b161e19907,Domains_Alloy
1583,-8.207919445072054,-7.191367939114571,1.02,0.289229980172,86dd3a804d78ca5d203ebf98747e8f16dff9713ba8950097ceb760b161e19907,Domains_Alloy
1584,-8.208820393592678,-7.191367939114571,1.02,0.289229980172,86dd3a804d78ca5d203ebf98747e8f16dff9713ba8950097ceb760b161e19907,Domains_Alloy
1585,-8.209721505207806,-7.191367939114571,1.02,0.289229980172,86dd3a804d78ca5d203ebf98747e8f16dff9713ba8950097ceb760b161e19907,Domains_Alloy
1586,-8.210622779814686,-7.191367939114571,1.02,0.289229980172,86dd3a804d78ca5d203ebf98747e8f16dff9713ba8950097ceb760b161e19907,Domains_Alloy
1587,-8.211524217310686,-7.191367939114571,1.02,0.289229980172,86dd3a804d78ca5d203ebf98747e8f16dff9713ba8950097ceb760b161e19907,Domains_Alloy
1588,-8.212425817593312,-7.191367939114571,1.02,0.289229980172,86dd3a804d78ca5d203ebf98747e8f16dff9713ba8950097ceb760b161e19907,Domains_Alloy
1589,-8.21332758056019,-7.191367939114571,1.02,0.289229980172,86dd3a804d78ca5d203ebf98747e8f16dff9713ba8950097ceb760b161e19907,Domains_Alloy
1590,-8.214229506109083,-7.191367939114571,1.02,0.289229980172,86dd3a804d78ca5d203ebf98747e8f16dff9713ba8950097ceb760b161e19907,Domains_Alloy
1591,-8.215131594137876,-7.191367939114571,1.02,0.289229980172,86dd3a804d78ca5d203ebf98747e8f16dff9713ba8950097ceb760b161e19907,Domains_Alloy
1592,-8.216033844544587,-7.191367939114571,1.02,0.289229980172,86dd3a804d78ca5d203ebf98747e8f16dff9713ba8950097ceb760b161e19907,Domains_Alloy
1593,-8.216936257227356,-7.191367939114571,1.02,0.289229980172,86dd3a804d78ca5d203ebf98747e8f16dff9713ba8950097ceb760b161e19907,Domains_Alloy
1594,-8.217838832084457,-7.191367939114571,1.02,0.289229980172,86dd3a804d78ca5d203ebf98747e8f16dff9713ba8950097ceb760b161e19907,Domains_Alloy
1595,-8.218741569014286,-7.191367939114571,1.02,0.289229980172,86dd3a804d78ca5d203ebf98747e8f16dff9713ba8950097ceb760b161e19907,Domains_Alloy
1596,-8.219644467915371,-7.191367939114571,1.02,0.289229980172,86dd3a804d78ca5d203ebf98747e8f16dff9713ba8950097ceb760b161e19907,Domains_Alloy
1597,-8.220547528686364,-7.191367939114571,1.02,0.289229980172,86dd3a804d78ca5d203ebf98747e8f16dff9713ba8950097ceb760b161e19907,Domains_Alloy
1598,-8.22145075122604,-7.191367939114571,1.02,0.289229980172,86dd3a804d78ca5d203ebf98747e8f16dff9713ba8950097ceb760b161e19907,Domains_Alloy
1599,-8.222354135433312,-7.191367939114571,1.02,0.289229980172,86dd3a804d78ca5d203ebf98747e8f16dff9713ba8950097ceb760b161e19907,Domains_Alloy
1600,-8.223257681207205,-7.191367939114571,1.02,0.289229980172,86dd3a804d78ca5d203ebf98747e8f16dff9713ba8950097ceb760b161e19907,Domains_Alloy
1601,-8.22416138844688,-7.191367939114571,1.02,0.289229980172,86dd3a804d78ca5d203ebf98747e8f16dff9713ba8950097ceb760b161e19907,Domains_Alloy
1602,-8.225065257051622,-7.191367939114571,1.02,0.289229980172,86dd3a804d78ca5d203ebf98747e8f16dff9713ba8950097ceb760b161e19907,Domains_Alloy
1603,-8.225969286920835,-7.191367939114571,1.02,0.289229980172,86dd3a804d78ca5d203ebf98747e8f16dff9713ba8950097ceb760b161e19907,Domains_Alloy
1604,-8.226873477954056,-7.191367939114571,1.02,0.289229980172,86dd3a804d78ca5d203ebf98747e8f16dff9713ba8950097ceb760b161e19907,Domains_Alloy
1605,-8.227777830050943,-7.191367939114571,1.02,0.289229980172,86dd3a804d78ca5d203ebf98747e8f16dff9713ba8950097ceb760b161e19907,Domains_Alloy
1606,-8.228682343111284,-7.191367939114571,1.02,0.289229980172,86dd3a804d78ca5d203ebf98747e8f16dff9713ba8950097ceb760b161e19907,Domains_Alloy
1607,-8.229587017034982,-7.191367939114571,1.02,0.289229980172,86dd3a804d78ca5d203ebf98747e8f16dff9713ba8950097ceb760b161e19907,Domains_Alloy
1608,-8.230491851722073,-7.191367939114571,1.02,0.289229980172,86dd3a804d78ca5d203ebf98747e8f16dff9713ba8950097ceb760b161e19907,Domains_Alloy
1609,-8.231396847072713,-7.191367939114571,1.02,0.289229980172,86dd3a804d78ca5d203ebf98747e8f16dff9713ba8950097ceb760b161e19907,Domains_Alloy
1610,-8.232302002987181,-7.191367939114571,1.02,0.289229980172,86dd3a804d78ca5d203ebf98747e8f16dff9713ba8950097ceb760b161e19907,Domains_Alloy
1611,-8.233207319365885,-7.191367939114571,1.02,0.289229980172,86dd3a804d78ca5d203ebf98747e8f16dff9713ba8950097ceb760b161e19907,Domains_Alloy
1612,-8.234112796109351,-7.191367939114571,1.02,0.289229980172,86dd3a804d78ca5d203ebf98747e8f16dff9713ba8950097ceb760b161e19907,Domains_Alloy
1613,-8.235018433118228,-7.191367939114571,1.02,0.289229980172,86dd3a804d78ca5d203ebf98747e8f16dff9713ba8950097ceb760b161e19907,Domains_Alloy
1614,-8.235924230293294,-7.191367939114571,1.02,0.289229980172,86dd3a804d78ca5d203ebf98747e8f16dff9713ba8950097ceb760b161e19907,Domains_Alloy
1615,-8.236830187535443,-7.191367939114571,1.02,0.289229980172,86dd3a804d78ca5d203ebf98747e8f16dff9713ba8950097ceb760b161e19907,Domains_Alloy
1616,-8.237736304745692,-7.191367939114571,1.02,0.289229980172,86dd3a804d78ca5d203ebf98747e8f16dff9713ba8950097ceb760b161e19907,Domains_Alloy
1617,-8.238642581825184,-7.191367939114571,1.02,0.289229980172,86dd3a804d78ca5d203ebf98747e8f16dff9713ba8950097ceb760b161e19907,Domains_Alloy
1618,-8.239549018675186,-7.191367939114571,1.02,0.289229980172,86dd3a804d78ca5d203ebf98747e8f16dff9713ba8950097ceb760b161e19907,Domains_Alloy
1619,-8.240455615197078,-7.191367939114571,1.02,0.289229980172,86dd3a804d78ca5d203ebf98747e8f16dff9713ba8950097ceb760b161e19907,Domains_Alloy
1620,-8.24136237129237,-7.191367939114571,1.02,0.289229980172,86dd3a804d78ca5d203ebf98747e8f16dff9713ba8950097ceb760b161e19907,Domains_Alloy
1621,-8.24226928686269,-7.191367939114571,1.02,0.289229980172,86dd3a804d78ca5d203ebf98747e8f16dff9713ba8950097ceb760b161e19907,Domains_Alloy
1622,-8.243176361809784,-7.191367939114571,1.02,0.289229980172,86dd3a804d78ca5d203ebf98747e8f16dff9713ba8950097ceb760b161e19907,Domains_Alloy
1623,-8.244083596035525,-7.191367939114571,1.02,0.289229980172,86dd3a804d78ca5d203ebf98747e8f16dff9713ba8950097ceb760b161e19907,Domains_Alloy
1624,-8.244990989441904,-7.191367939114571,1.02,0.289229980172,86dd3a804d78ca5d203ebf98747e8f16dff9713ba8950097ceb760b161e19907,Domains_Alloy
1625,-8.24589854193103,-7.191367939114571,1.02,0.289229980172,86dd3a804d78ca5d203ebf98747e8f16dff9713ba8950097ceb760b161e19907,Domains_Alloy
1626,-8.246806253405136,-7.191367939114571,1.02,0.289229980172,86dd3a804d78ca5d203ebf98747e8f16dff9713ba8950097ceb760b161e19907,Domains_Alloy
1627,-8.247714123766576,-7.191367939114571,1.02,0.289229980172,86dd3a804d78ca5d203ebf98747e8f16dff9713ba8950097ceb760b161e19907,Domains_Alloy
1628,-8.248622152917816,-7.191367939114571,1.02,0.289229980172,86dd3a804d78ca5d203ebf98747e8f16dff9713ba8950097ceb760b161e19907,Domains_Alloy
1629,-8.249530340761451,-7.191367939114571,1.02,0.289229980172,86dd3a804d78ca5d203ebf98747e8f16dff9713ba8950097ceb760b161e19907,Domains_Alloy
1630,-8.250438687200189,-7.191367939114571,1.02,0.289229980172,86dd3a804d78ca5d203ebf98747e8f16dff9713ba8950097ceb760b161e19907,Domains_Alloy
1631,-8.251347192136862,-7.191367939114571,1.02,0.289229980172,86dd3a804d78ca5d203ebf98747e8f16dff9713ba8950097ceb760b161e19907,Domains_Alloy
1632,-8.252255855474413,-7.191367939114571,1.02,0.289229980172,86dd3a804d78ca5d203ebf98747e8f16dff9713ba8950097ceb760b161e19907,Domains_Alloy
1633,-8.253164677115915,-7.191367939114571,1.02,0.289229980172,86dd3a804d78ca5d203ebf98747e8f16dff9713ba8950097ceb760b161e19907,Domains_Alloy
1634,-8.254073656964554,-7.191367939114571,1.02,0.289229980172,86dd3a804d78ca5d203ebf98747e8f16dff9713ba8950097ceb760b161e19907,Domains_Alloy
1635,-8.254982794923627,-7.191367939114571,1.02,0.289229980172,86dd3a804d78ca5d203ebf98747e8f16dff9713ba8950097ceb760b161e19907,Domains_Alloy
1636,-8.255892090896563,-7.191367939114571,1.02,0.289229980172,86dd3a804d78ca5d203ebf98747e8f16dff9713ba8950097ceb760b161e19907,Domains_Alloy
1637,-8.256801544786898,-7.191367939114571,1.02,0.289229980172,86dd3a804d78ca5d203ebf98747e8f16dff9713ba8950097ceb760b161e19907,Domains_Alloy
1638,-8.257711156498289,-7.191367939114571,1.02,0.289229980172,86dd3a804d78ca5d203ebf98747e8f16dff9713ba8950097ceb760b161e19907,Domains_Alloy
1639,-8.258620925934512,-7.191367939114571,1.02,0.289229980172,86dd3a804d78ca5d203ebf98747e8f16dff9713ba8950097ceb760b161e19907,Domains_Alloy
1640,-8.259530852999458,-7.191367939114571,1.02,0.289229980172,86dd3a804d78ca5d203ebf98747e8f16dff9713ba8950097ceb760b161e19907,Domains_Alloy
1641,-8.260440937597135,-7.191367939114571,1.02,0.289229980172,86dd3a804d78ca5d203ebf98747e8f16dff9713ba8950097ceb760b161e19907,Domains_Alloy
1642,-8.261351179631673,-7.191367939114571,1.02,0.289229980172,86dd3a804d78ca5d203ebf98747e8f16dff9713ba8950097ceb760b161e19907,Domains_Alloy
1643,-8.26226157900731,-7.191367939114571,1.02,0.289229980172,86dd3a804d78ca5d203ebf98747e8f16dff9713ba8950097ceb760b161e19907,Domains_Alloy
1644,-8.263172135628407,-7.191367939114571,1.02,0.289229980172,86dd3a804d78ca5d203ebf98747e8f16dff9713ba8950097ceb760b161e19907,Domains_Alloy
1645,-8.264082849399434,-7.191367939114571,1.02,0.289229980172,86dd3a804d78ca5d203ebf98747e8f16dff9713ba8950097ceb760b161e19907,Domains_Alloy
1646,-8.264993720224989,-7.191367939114571,1.02,0.289229980172,86dd3a804d78ca5d203ebf98747e8f16dff9713ba8950097ceb760b161e19907,Domains_Alloy
1647,-8.265904748009772,-7.191367939114571,1.02,0.289229980172,86dd3a804d78ca5d203ebf98747e8f16dff9713ba8950097ceb760b161e19907,Domains_Alloy
1648,-8.266815932658607,-7.191367939114571,1.02,0.289229980172,86dd3a804d78ca5d203ebf98747e8f16dff9713ba8950097ceb760b161e19907,Domains_Alloy
1649,-8.267727274076433,-7.191367939114571,1.02,0.289229980172,86dd3a804d78ca5d203ebf98747e8f16dff9713ba8950097ceb760b161e19907,Domains_Alloy
1650,-8.268638772168298,-7.191367939114571,1.02,0.289229980172,86dd3a804d78ca5d203ebf98747e8f16dff9713ba8950097ceb760b161e19907,Domains_Alloy
1651,-8.269550426839373,-7.191367939114571,1.02,0.289229980172,86dd3a804d78ca5d203ebf98747e8f16dff9713ba8950097ceb760b161e19907,Domains_Alloy
1652,-8.270462237994938,-7.191367939114571,1.02,0.289229980172,86dd3a804d78ca5d203ebf98747e8f16dff9713ba8950097ceb760b161e19907,Domains_Alloy
1653,-8.271374205540388,-7.191367939114571,1.02,0.289229980172,86dd3a804d78ca5d203ebf98747e8f16dff9713ba8950097ceb760b161e19907,Domains_Alloy
1654,-8.272286329381235,-7.191367939114571,1.02,0.289229980172,86dd3a804d78ca5d203ebf98747e8f16dff9713ba8950097ceb760b161e19907,Domains_Alloy
1655,-8.273198609423103,-7.191367939114571,1.02,0.289229980172,86dd3a804d78ca5d203ebf98747e8f16dff9713ba8950097ceb760b161e19907,Domains_Alloy
1656,-8.274111045571729,-7.191367939114571,1.02,0.289229980172,86dd3a804d78ca5d203ebf98747e8f16dff9713ba8950097ceb760b161e19907,Domains_Alloy
1657,-8.275023637732968,-7.191367939114571,1.02,0.289229980172,86dd3a804d78ca5d203ebf98747e8f16dff9713ba8950097ceb760b161e19907,Domains_Alloy
1658,-8.275936385812782,-7.191367939114571,1.02,0.289229980172,86dd3a804d78ca5d203ebf98747e8f16dff9713ba8950097ceb760b161e19907,Domains_Alloy
1659,-8.276849289717251,-7.191367939114571,1.02,0.289229980172,86dd3a804d78ca5d203ebf98747e8f16dff9713ba8950097ceb760b161e19907,Domains_Alloy
1660,-8.277762349352567,-7.191367939114571,1.02,0.289229980172,86dd3a804d78ca5d203ebf98747e8f16dff9713ba8950097ceb760b161e19907,Domains_Alloy
1661,-8.278675564625033,-7.191367939114571,1.02,0.289229980172,86dd3a804d78ca5d203ebf98747e8f16dff9713ba8950097ceb760b161e19907,Domains_Alloy
1662,-8.279588935441065,-7.191367939114571,1.02,0.289229980172,86dd3a804d78ca5d203ebf98747e8f16dff9713ba8950097ceb760b161e19907,Domains_Alloy
1663,-8.280502461707195,-7.191367939114571,1.02,0.289229980172,86dd3a804d78ca5d203ebf98747e8f16dff9713ba8950097ceb760b161e19907,Domains_Alloy
1664,-8.281416143330064,-7.191367939114571,1.02,0.289229980172,86dd3a804d78ca5d203ebf98747e8f16dff9713ba8950097ceb760b161e19907,Domains_Alloy
1665,-8.282329980216426,-7.191367939114571,1.02,0.289229980172,86dd3a804d78ca5d203ebf98747e8f16dff9713ba8950097ceb760b161e19907,Domains_Alloy
1666,-8.283243972273144,-7.191367939114571,1.02,0.289229980172,86dd3a804d78ca5d203ebf98747e8f16dff9713ba8950097ceb760b161e19907,Domains_Alloy
1667,-8.284158119407197,-7.191367939114571,1.02,0.289229980172,86dd3a804d78ca5d203ebf98747e8f16dff9713ba8950097ceb760b161e19907,Domains_Alloy
1668,-8.285072421525673,-7.191367939114571,1.02,0.289229980172,86dd3a804d78ca5d203ebf98747e8f16dff9713ba8950097ceb760b161e19907,Domains_Alloy
1669,-8.28598687853577,-7.191367939114571,1.02,0.289229980172,86dd3a804d78ca5d203ebf98747e8f16dff9713ba8950097ceb760b161e19907,Domains_Alloy
1670,-8.2869014903448,-7.191367939114571,1.02,0.289229980172,86dd3a804d78ca5d203ebf98747e8f16dff9713ba8950097ceb760b161e19907,Domains_Alloy
1671,-8.287816256860182,-7.191367939114571,1.02,0.289229980172,86dd3a804d78ca5d203ebf98747e8f16dff9713ba8950097ceb760b161e19907,Domains_Alloy
1672,-8.288731177989453,-7.191367939114571,1.02,0.289229980172,86dd3a804d78ca5d203ebf98747e8f16dff9713ba8950097ceb760b161e19907,Domains_Alloy
1673,-8.28964625364025,-7.191367939114571,1.02,0.289229980172,86dd3a804d78ca5d203ebf98747e8f16dff9713ba8950097ceb760b161e19907,Domains_Alloy
1674,-8.290561483720328,-7.191367939114571,1.02,0.289229980172,86dd3a804d78ca5d203ebf98747e8f16dff9713ba8950097ceb760b161e19907,Domains_Alloy
1675,-8.291476868137551,-7.191367939114571,1.02,0.289229980172,86dd3a804d78ca5d203ebf98747e8f16dff9713ba8950097ceb760b161e19907,Domains_Alloy
1676,-8.292392406799888,-7.191367939114571,1.02,0.289229980172,86dd3a804d78ca5d203ebf98747e8f16dff9713ba8950097ceb760b161e19907,Domains_Alloy
1677,-8.293308099615421,-7.191367939114571,1.02,0.289229980172,86dd3a804d78ca5d203ebf98747e8f16dff9713ba8950097ceb760b161e19907,Domains_Alloy
1678,-8.294223946492345,-7.191367939114571,1.02,0.289229980172,86dd3a804d78ca5d203ebf98747e8f16dff9713ba8950097ceb760b161e19907,Domains_Alloy
1679,-8.295139947338958,-7.191367939114571,1.02,0.289229980172,86dd3a804d78ca5d203ebf98747e8f16dff9713ba8950097ceb760b161e19907,Domains_Alloy
1680,-8.29605610206367,-7.191367939114571,1.02,0.289229980172,86dd3a804d78ca5d203ebf98747e8f16dff9713ba8950097ceb760b161e19907,Domains_Alloy
1681,-8.296972410574998,-7.191367939114571,1.02,0.289229980172,86dd3a804d78ca5d203ebf98747e8f16dff9713ba8950097ceb760b161e19907,Domains_Alloy
1682,-8.297888872781574,-7.191367939114571,1.02,0.289229980172,86dd3a804d78ca5d203ebf98747e8f16dff9713ba8950097ceb760b161e19907,Domains_Alloy
1683,-8.298805488592128,-7.191367939114571,1.02,0.289229980172,86dd3a804d78ca5d203ebf98747e8f16dff9713ba8950097ceb760b161e19907,Domains_Alloy
1684,-8.299722257915507,-7.191367939114571,1.02,0.289229980172,86dd3a804d78ca5d203ebf98747e8f16dff9713ba8950097ceb760b161e19907,Domains_Alloy
1685,-8.30063918066066,-7.191367939114571,1.02,0.289229980172,86dd3a804d78ca5d203ebf98747e8f16dff9713ba8950097ceb760b161e19907,Domains_Alloy
1686,-8.301556256736651,-7.191367939114571,1.02,0.289229980172,86dd3a804d78ca5d203ebf98747e8f16dff9713ba8950097ceb760b161e19907,Domains_Alloy
1687,-8.302473486052643,-7.191367939114571,1.02,0.289229980172,86dd3a804d78ca5d203ebf98747e8f16dff9713ba8950097ceb760b161e19907,Domains_Alloy
1688,-8.303390868517914,-7.191367939114571,1.02,0.289229980172,86dd3a804d78ca5d203ebf98747e8f16dff9713ba8950097ceb760b161e19907,Domains_Alloy
1689,-8.304308404041844,-7.191367939114571,1.02,0.289229980172,86dd3a804d78ca5d203ebf98747e8f16dff9713ba8950097ceb760b161e19907,Domains_Alloy
1690,-8.305226092533925,-7.191367939114571,1.02,0.289229980172,86dd3a804d78ca5d203ebf98747e8f16dff9713ba8950097ceb760b161e19907,Domains_Alloy
1691,-8.306143933903751,-7.191367939114571,1.02,0.289229980172,86dd3a804d78ca5d203ebf98747e8f16dff9713ba8950097ceb760b161e19907,Domains_Alloy
1692,-8.307061928061026,-7.191367939114571,1.02,0.289229980172,86dd3a804d78ca5d203ebf98747e8f16dff9713ba8950097ceb760b161e19907,Domains_Alloy
1693,-8.307980074915557,-7.191367939114571,1.02,0.289229980172,86dd3a804d78ca5d203ebf98747e8f16dff9713ba8950097ceb760b161e19907,Domains_Alloy
1694,-8.308898374377264,-7.191367939114571,1.02,0.289229980172,86dd3a804d78ca5d203ebf98747e8f16dff9713ba8950097ceb760b161e19907,Domains_Alloy
1695,-8.309816826356167,-7.191367939114571,1.02,0.289229980172,86dd3a804d78ca5d203ebf98747e8f16dff9713ba8950097ceb760b161e19907,Domains_Alloy
1696,-8.310735430762394,-7.191367939114571,1.02,0.289229980172,86dd3a804d78ca5d203ebf98747e8f16dff9713ba8950097ceb760b161e19907,Domains_Alloy
1697,-8.311654187506178,-7.191367939114571,1.02,0.289229980172,86dd3a804d78ca5d203ebf98747e8f16dff9713ba8950097ceb760b161e19907,Domains_Alloy
1698,-8.312573096497859,-7.191367939114571,1.02,0.289229980172,86dd3a804d78ca5d203ebf98747e8f16dff9713ba8950097ceb760b161e19907,Domains_Alloy
1699,-8.313492157647884,-7.191367939114571,1.02,0.289229980172,86dd3a804d78ca5d203ebf98747e8f16dff9713ba8950097ceb760b161e19907,Domains_Alloy
1700,-8.3144113708668,-7.191367939114571,1.02,0.289229980172,86dd3a804d78ca5d203ebf98747e8f16dff9713ba8950097ceb760b161e19907,Domains_Alloy
1701,-8.315330736065263,-7.191367939114571,1.02,0.289229980172,86dd3a804d78ca5d203ebf98747e8f16dff9713ba8950097ceb760b161e19907,Domains_Alloy
1702,-8.316250253154031,-7.191367939114571,1.02,0.289229980172,86dd3a804d78ca5d203ebf98747e8f16dff9713ba8950097ceb760b161e19907,Domains_Alloy
1703,-8.317169922043973,-7.191367939114571,1.02,0.289229980172,86dd3a804d78ca5d203ebf98747e8f16dff9713ba8950097ceb760b161e19907,Domains_Alloy
1704,-8.318089742646055,-7.191367939114571,1.02,0.289229980172,86dd3a804d78ca5d203ebf98747e8f16dff9713ba8950097ceb760b161e19907,Domains_Alloy
1705,-8.319009714871351,-7.191367939114571,1.02,0.289229980172,86dd3a804d78ca5d203ebf98747e8f16dff9713ba8950097ceb760b161e19907,Domains_Alloy
1706,-8.319929838631039,-7.191367939114571,1.02,0.289229980172,86dd3a804d78ca5d203ebf98747e8f16dff9713ba8950097ceb760b161e19907,Domains_Alloy
1707,-8.320850113836398,-7.191367939114571,1.02,0.289229980172,86dd3a804d78ca5d203ebf98747e8f16dff9713ba8950097ceb760b161e19907,Domains_Alloy
1708,-8.321770540398818,-7.191367939114571,1.02,0.289229980172,86dd3a804d78ca5d203ebf98747e8f16dff9713ba8950097ceb760b161e19907,Domains_Alloy
1709,-8.322691118229784,-7.191367939114571,1.02,0.289229980172,86dd3a804d78ca5d203ebf98747e8f16dff9713ba8950097ceb760b161e19907,Domains_Alloy
1710,-8.32361184724089,-7.191367939114571,1.02,0.289229980172,86dd3a804d78ca5d203ebf98747e8f16dff9713ba8950097ceb760b161e19907,Domains_Alloy
1711,-8.324532727343831,-7.191367939114571,1.02,0.289229980172,86dd3a804d78ca5d203ebf98747e8f16dff9713ba8950097ceb760b161e19907,Domains_Alloy
1712,-8.325453758450404,-7.191367939114571,1.02,0.289229980172,86dd3a804d78ca5d203ebf98747e8f16dff9713ba8950097ceb760b161e19907,Domains_Alloy
1713,-8.326374940472514,-7.191367939114571,1.02,0.289229980172,86dd3a804d78ca5d203ebf98747e8f16dff9713ba8950097ceb760b161e19907,Domains_Alloy
1714,-8.327296273322162,-7.191367939114571,1.02,0.289229980172,86dd3a804d78ca5d203ebf98747e8f16dff9713ba8950097ceb760b161e19907,Domains_Alloy
1715,-8.328217756911453,-7.191367939114571,1.02,0.289229980172,86dd3a804d78ca5d203ebf98747e8f16dff9713ba8950097ceb760b161e19907,Domains_Alloy
1716,-8.329139391152598,-7.191367939114571,1.02,0.289229980172,86dd3a804d78ca5d203ebf98747e8f16dff9713ba8950097ceb760b161e19907,Domains_Alloy
1717,-8.33006117595791,-7.191367939114571,1.02,0.289229980172,86dd3a804d78ca5d203ebf98747e8f16dff9713ba8950097ceb760b161e19907,Domains_Alloy
1718,-8.330983111239799,-7.191367939114571,1.02,0.289229980172,86dd3a804d78ca5d203ebf98747e8f16dff9713ba8950097ceb760b161e19907,Domains_Alloy
1719,-8.331905196910782,-7.191367939114571,1.02,0.289229980172,86dd3a804d78ca5d203ebf98747e8f16dff9713ba8950097ceb760b161e19907,Domains_Alloy
1720,-8.332827432883471,-7.191367939114571,1.02,0.289229980172,86dd3a804d78ca5d203ebf98747e8f16dff9713ba8950097ceb760b161e19907,Domains_Alloy
1721,-8.33374981907059,-7.191367939114571,1.02,0.289229980172,86dd3a804d78ca5d203ebf98747e8f16dff9713ba8950097ceb760b161e19907,Domains_Alloy
1722,-8.334672355384953,-7.191367939114571,1.02,0.289229980172,86dd3a804d78ca5d203ebf98747e8f16dff9713ba8950097ceb760b161e19907,Domains_Alloy
1723,-8.335595041739481,-7.191367939114571,1.02,0.289229980172,86dd3a804d78ca5d203ebf98747e8f16dff9713ba8950097ceb760b161e19907,Domains_Alloy
1724,-8.336517878047196,-7.191367939114571,1.02,0.289229980172,86dd3a804d78ca5d203ebf98747e8f16dff9713ba8950097ceb760b161e19907,Domains_Alloy
1725,-8.33744086422122,-7.191367939114571,1.02,0.289229980172,86dd3a804d78ca5d203ebf98747e8f16dff9713ba8950097ceb760b161e19907,Domains_Alloy
1726,-8.338364000174774,-7.191367939114571,1.02,0.289229980172,86dd3a804d78ca5d203ebf98747e8f16dff9713ba8950097ceb760b161e19907,Domains_Alloy
1727,-8.339287285821181,-7.191367939114571,1.02,0.289229980172,86dd3a804d78ca5d203ebf98747e8f16dff9713ba8950097ceb760b161e19907,Domains_Alloy
1728,-8.340210721073865,-7.191367939114571,1.02,0.289229980172,86dd3a804d78ca5d203ebf98747e8f16dff9713ba8950097ceb760b161e19907,Domains_Alloy
1729,-8.341134305846348,-7.191367939114571,1.02,0.289229980172,86dd3a804d78ca5d203ebf98747e8f16dff9713ba8950097ceb760b161e19907,Domains_Alloy
1730,-8.342058040052251,-7.191367939114571,1.02,0.289229980172,86dd3a804d78ca5d203ebf98747e8f16dff9713ba8950097ceb760b161e19907,Domains_Alloy
1731,-8.342981923605301,-7.191367939114571,1.02,0.289229980172,86dd3a804d78ca5d203ebf98747e8f16dff9713ba8950097ceb760b161e19907,Domains_Alloy
1732,-8.343905956419315,-7.191367939114571,1.02,0.289229980172,86dd3a804d78ca5d203ebf98747e8f16dff9713ba8950097ceb760b161e19907,Domains_Alloy
1733,-8.344830138408216,-7.191367939114571,1.02,0.289229980172,86dd3a804d78ca5d203ebf98747e8f16dff9713ba8950097ceb760b161e19907,Domains_Alloy
1734,-8.345754469486026,-7.191367939114571,1.02,0.289229980172,86dd3a804d78ca5d203ebf98747e8f16dff9713ba8950097ceb760b161e19907,Domains_Alloy
1735,-8.346678949566863,-7.191367939114571,1.02,0.289229980172,86dd3a804d78ca5d203ebf98747e8f16dff9713ba8950097ceb760b161e19907,Domains_Alloy
1736,-8.347603578564945,-7.191367939114571,1.02,0.289229980172,86dd3a804d78ca5d203ebf98747e8f16dff9713ba8950097ceb760b161e19907,Domains_Alloy
1737,-8.348528356394588,-7.191367939114571,1.02,0.289229980172,86dd3a804d78ca5d203ebf98747e8f16dff9713ba8950097ceb760b161e19907,Domains_Alloy
1738,-8.349453282970213,-7.191367939114571,1.02,0.289229980172,86dd3a804d78ca5d203ebf98747e8f16dff9713ba8950097ceb760b161e19907,Domains_Alloy
1739,-8.350378358206324,-7.191367939114571,1.02,0.289229980172,86dd3a804d78ca5d203ebf98747e8f16dff9713ba8950097ceb760b161e19907,Domains_Alloy
1740,-8.351303582017541,-7.191367939114571,1.02,0.289229980172,86dd3a804d78ca5d203ebf98747e8f16dff9713ba8950097ceb760b161e19907,Domains_Alloy
1741,-8.352228954318573,-7.191367939114571,1.02,0.289229980172,86dd3a804d78ca5d203ebf98747e8f16dff9713ba8950097ceb760b161e19907,Domains_Alloy
1742,-8.353154475024223,-7.191367939114571,1.02,0.289229980172,86dd3a804d78ca5d203ebf98747e8f16dff9713ba8950097ceb760b161e19907,Domains_Alloy
1743,-8.354080144049398,-7.191367939114571,1.02,0.289229980172,86dd3a804d78ca5d203ebf98747e8f16dff9713ba8950097ceb760b161e19907,Domains_Alloy
1744,-8.355005961309104,-7.191367939114571,1.02,0.289229980172,86dd3a804d78ca5d203ebf98747e8f16dff9713ba8950097ceb760b161e19907,Domains_Alloy
1745,-8.355931926718439,-7.191367939114571,1.02,0.289229980172,86dd3a804d78ca5d203ebf98747e8f16dff9713ba8950097ceb760b161e19907,Domains_Alloy
1746,-8.356858040192598,-7.191367939114571,1.02,0.289229980172,86dd3a804d78ca5d203ebf98747e8f16dff9713ba8950097ceb760b161e19907,Domains_Alloy
1747,-8.35778430164688,-7.191367939114571,1.02,0.289229980172,86dd3a804d78ca5d203ebf98747e8f16dff9713ba8950097ceb760b161e19907,Domains_Alloy
1748,-8.358710710996672,-7.191367939114571,1.02,0.289229980172,86dd3a804d78ca5d203ebf98747e8f16dff9713ba8950097ceb760b161e19907,Domains_Alloy
1749,-8.359637268157464,-7.191367939114571,1.02,0.289229980172,86dd3a804d78ca5d203ebf98747e8f16dff9713ba8950097ceb760b161e19907,Domains_Alloy
1750,-8.360563973044837,-7.191367939114571,1.02,0.289229980172,86dd3a804d78ca5d203ebf98747e8f16dff9713ba8950097ceb760b161e19907,Domains_Alloy
1751,-8.361490825574474,-7.191367939114571,1.02,0.289229980172,86dd3a804d78ca5d203ebf98747e8f16dff9713ba8950097ceb760b161e19907,Domains_Alloy
1752,-8.362417825662153,-7.191367939114571,1.02,0.289229980172,86dd3a804d78ca5d203ebf98747e8f16dff9713ba8950097ceb760b161e19907,Domains_Alloy
1753,-8.363344973223743,-7.191367939114571,1.02,0.289229980172,86dd3a804d78ca5d203ebf98747e8f16dff9713ba8950097ceb760b161e19907,Domains_Alloy
1754,-8.364272268175213,-7.191367939114571,1.02,0.289229980172,86dd3a804d78ca5d203ebf98747e8f16dff9713ba8950097ceb760b161e19907,Domains_Alloy
1755,-8.365199710432629,-7.191367939114571,1.02,0.289229980172,86dd3a804d78ca5d203ebf98747e8f16dff9713ba8950097ceb760b161e19907,Domains_Alloy
1756,-8.366127299912149,-7.191367939114571,1.02,0.289229980172,86dd3a804d78ca5d203ebf98747e8f16dff9713ba8950097ceb760b161e19907,Domains_Alloy
1757,-8.367055036530029,-7.191367939114571,1.02,0.289229980172,86dd3a804d78ca5d203ebf98747e8f16dff9713ba8950097ceb760b161e19907,Domains_Alloy
1758,-8.367982920202618,-7.191367939114571,1.02,0.289229980172,86dd3a804d78ca5d203ebf98747e8f16dff9713ba8950097ceb760b161e19907,Domains_Alloy
1759,-8.368910950846361,-7.191367939114571,1.02,0.289229980172,86dd3a804d78ca5d203ebf98747e8f16dff9713ba8950097ceb760b161e19907,Domains_Alloy
1760,-8.3698391283778,-7.191367939114571,1.02,0.289229980172,86dd3a804d78ca5d203ebf98747e8f16dff9713ba8950097ceb760b161e19907,Domains_Alloy
1761,-8.370767452713567,-7.191367939114571,1.02,0.289229980172,86dd3a804d78ca5d203ebf98747e8f16dff9713ba8950097ceb760b161e19907,Domains_Alloy
1762,-8.371695923770389,-7.191367939114571,1.02,0.289229980172,86dd3a804d78ca5d203ebf98747e8f16dff9713ba8950097ceb760b161e19907,Domains_Alloy
1763,-8.372624541465095,-7.191367939114571,1.02,0.289229980172,86dd3a804d78ca5d203ebf98747e8f16dff9713ba8950097ceb760b161e19907,Domains_Alloy
1764,-8.373553305714601,-7.191367939114571,1.02,0.289229980172,86dd3a804d78ca5d203ebf98747e8f16dff9713ba8950097ceb760b161e19907,Domains_Alloy
1765,-8.374482216435915,-7.191367939114571,1.02,0.289229980172,86dd3a804d78ca5d203ebf98747e8f16dff9713ba8950097ceb760b161e19907,Domains_Alloy
1766,-8.375411273546145,-7.191367939114571,1.02,0.289229980172,86dd3a804d78ca5d203ebf98747e8f16dff9713ba8950097ceb760b161e19907,Domains_Alloy
1767,-8.376340476962492,-7.191367939114571,1.02,0.289229980172,86dd3a804d78ca5d203ebf98747e8f16dff9713ba8950097ceb760b161e19907,Domains_Alloy
1768,-8.377269826602246,-7.191367939114571,1.02,0.289229980172,86dd3a804d78ca5d203ebf98747e8f16dff9713ba8950097ceb760b161e19907,Domains_Alloy
1769,-8.378199322382795,-7.191367939114571,1.02,0.289229980172,86dd3a804d78ca5d203ebf98747e8f16dff9713ba8950097ceb760b161e19907,Domains_Alloy
1770,-8.379128964221618,-7.191367939114571,1.02,0.289229980172,86dd3a804d78ca5d203ebf98747e8f16dff9713ba8950097ceb760b161e19907,Domains_Alloy
1771,-8.380058752036286,-7.191367939114571,1.02,0.289229980172,86dd3a804d78ca5d203ebf98747e8f16dff9713ba8950097ceb760b161e19907,Domains_Alloy
1772,-8.380988685744468,-7.191367939114571,1.02,0.289229980172,86dd3a804d78ca5d203ebf98747e8f16dff9713ba8950097ceb760b161e19907,Domains_Alloy
1773,-8.381918765263919,-7.191367939114571,1.02,0.289229980172,86dd3a804d78ca5d203ebf98747e8f16dff9713ba8950097ceb760b161e19907,Domains_Alloy
1774,-8.382848990512491,-7.191367939114571,1.02,0.289229980172,86dd3a804d78ca5d203ebf98747e8f16dff9713ba8950097ceb760b161e19907,Domains_Alloy
1775,-8.383779361408127,-7.191367939114571,1.02,0.289229980172,86dd3a804d78ca5d203ebf98747e8f16dff9713ba8950097ceb760b161e19907,Domains_Alloy
1776,-8.384709877868865,-7.191367939114571,1.02,0.289229980172,86dd3a804d78ca5d203ebf98747e8f16dff9713ba8950097ceb760b161e19907,Domains_Alloy
1777,-8.38564053981283,-7.191367939114571,1.02,0.289229980172,86dd3a804d78ca5d203ebf98747e8f16dff9713ba8950097ceb760b161e19907,Domains_Alloy
1778,-8.386571347158242,-7.191367939114571,1.02,0.289229980172,86dd3a804d78ca5d203ebf98747e8f16dff9713ba8950097ceb760b161e19907,Domains_Alloy
1779,-8.387502299823414,-7.191367939114571,1.02,0.289229980172,86dd3a804d78ca5d203ebf98747e8f16dff9713ba8950097ceb760b161e19907,Domains_Alloy
1780,-8.388433397726747,-7.191367939114571,1.02,0.289229980172,86dd3a804d78ca5d203ebf98747e8f16dff9713ba8950097ceb760b161e19907,Domains_Alloy
1781,-8.389364640786738,-7.191367939114571,1.02,0.289229980172,86dd3a804d78ca5d203ebf98747e8f16dff9713ba8950097ceb760b161e19907,Domains_Alloy
1782,-8.390296028921973,-7.191367939114571,1.02,0.289229980172,86dd3a804d78ca5d203ebf98747e8f16dff9713ba8950097ceb760b161e19907,Domains_Alloy
1783,-8.391227562051132,-7.191367939114571,1.02,0.289229980172,86dd3a804d78ca5d203ebf98747e8f16dff9713ba8950097ceb760b161e19907,Domains_Alloy
1784,-8.392159240092978,-7.191367939114571,1.02,0.289229980172,86dd3a804d78ca5d203ebf98747e8f16dff9713ba8950097ceb760b161e19907,Domains_Alloy
1785,-8.393091062966374,-7.191367939114571,1.02,0.289229980172,86dd3a804d78ca5d203ebf98747e8f16dff9713ba8950097ceb760b161e19907,Domains_Alloy
1786,-8.394023030590269,-7.191367939114571,1.02,0.289229980172,86dd3a804d78ca5d203ebf98747e8f16dff9713ba8950097ceb760b161e19907,Domains_Alloy
1787,-8.394955142883703,-7.191367939114571,1.02,0.289229980172,86dd3a804d78ca5d203ebf98747e8f16dff9713ba8950097ceb760b161e19907,Domains_Alloy
1788,-8.39588739976581,-7.191367939114571,1.02,0.289229980172,86dd3a804d78ca5d203ebf98747e8f16dff9713ba8950097ceb760b161e19907,Domains_Alloy
1789,-8.396819801155811,-7.191367939114571,1.02,0.289229980172,86dd3a804d78ca5d203ebf98747e8f16dff9713ba8950097ceb760b161e19907,Domains_Alloy
1790,-8.397752346973016,-7.191367939114571,1.02,0.289229980172,86dd3a804d78ca5d203ebf98747e8f16dff9713ba8950097ceb760b161e19907,Domains_Alloy
1791,-8.398685037136826,-7.191367939114571,1.02,0.289229980172,86dd3a804d78ca5d203ebf98747e8f16dff9713ba8950097ceb760b161e19907,Domains_Alloy
1792,-8.399617871566736,-7.191367939114571,1.02,0.289229980172,86dd3a804d78ca5d203ebf98747e8f16dff9713ba8950097ceb760b161e19907,Domains_Alloy
1793,-8.400550850182324,-7.191367939114571,1.02,0.289229980172,86dd3a804d78ca5d203ebf98747e8f16dff9713ba8950097ceb760b161e19907,Domains_Alloy
1794,-8.401483972903264,-7.191367939114571,1.02,0.289229980172,86dd3a804d78ca5d203ebf98747e8f16dff9713ba8950097ceb760b161e19907,Domains_Alloy
1795,-8.402417239649314,-7.191367939114571,1.02,0.289229980172,86dd3a804d78ca5d203ebf98747e8f16dff9713ba8950097ceb760b161e19907,Domains_Alloy
1796,-8.403350650340323,-7.191367939114571,1.02,0.289229980172,86dd3a804d78ca5d203ebf98747e8f16dff9713ba8950097ceb760b161e19907,Domains_Alloy
1797,-8.404284204896234,-7.191367939114571,1.02,0.289229980172,86dd3a804d78ca5d203ebf98747e8f16dff9713ba8950097ceb760b161e19907,Domains_Alloy
1798,-8.40521790323707,-7.191367939114571,1.02,0.289229980172,86dd3a804d78ca5d203ebf98747e8f16dff9713ba8950097ceb760b161e19907,Domains_Alloy
1799,-8.406151745282948,-7.191367939114571,1.02,0.289229980172,86dd3a804d78ca5d203ebf98747e8f16dff9713ba8950097ceb760b161e19907,Domains_Alloy
1800,-8.407085730954075,-7.191367939114571,1.02,0.289229980172,86dd3a804d78ca5d203ebf98747e8f16dff9713ba8950097ceb760b161e19907,Domains_Alloy
1801,-8.408019860170743,-7.191367939114571,1.02,0.289229980172,86dd3a804d78ca5d203ebf98747e8f16dff9713ba8950097ceb760b161e19907,Domains_Alloy
1802,-8.408954132853335,-7.191367939114571,1.02,0.289229980172,86dd3a804d78ca5d203ebf98747e8f16dff9713ba8950097ceb760b161e19907,Domains_Alloy
1803,-8.409888548922321,-7.191367939114571,1.02,0.289229980172,86dd3a804d78ca5d203ebf98747e8f16dff9713ba8950097ceb760b161e19907,Domains_Alloy
1804,-8.41082310829826,-7.191367939114571,1.02,0.289229980172,86dd3a804d78ca5d203ebf98747e8f16dff9713ba8950097ceb760b161e19907,Domains_Alloy
1805,-8.411757810901797,-7.191367939114571,1.02,0.289229980172,86dd3a804d78ca5d203ebf98747e8f16dff9713ba8950097ceb760b161e19907,Domains_Alloy
1806,-8.412692656653666,-7.191367939114571,1.02,0.289229980172,86dd3a804d78ca5d203ebf98747e8f16dff9713ba8950097ceb760b161e19907,Domains_Alloy
1807,-8.413627645474689,-7.191367939114571,1.02,0.289229980172,86dd3a804d78ca5d203ebf98747e8f16dff9713ba8950097ceb760b161e19907,Domains_Alloy
1808,-8.414562777285775,-7.191367939114571,1.02,0.289229980172,86dd3a804d78ca5d203ebf98747e8f16dff9713ba8950097ceb760b161e19907,Domains_Alloy
1809,-8.415498052007921,-7.191367939114571,1.02,0.289229980172,86dd3a804d78ca5d203ebf98747e8f16dff9713ba8950097ceb760b161e19907,Domains_Alloy
1810,-8.416433469562211,-7.191367939114571,1.02,0.289229980172,86dd3a804d78ca5d203ebf98747e8f16dff9713ba8950097ceb760b161e19907,Domains_Alloy
1811,-8.417369029869816,-7.191367939114571,1.02,0.289229980172,86dd3a804d78ca5d203ebf98747e8f16dff9713ba8950097ceb760b161e19907,Domains_Alloy
1812,-8.418304732851992,-7.191367939114571,1.02,0.289229980172,86dd3a804d78ca5d203ebf98747e8f16dff9713ba8950097ceb760b161e19907,Domains_Alloy
1813,-8.419240578430085,-7.191367939114571,1.02,0.289229980172,86dd3a804d78ca5d203ebf98747e8f16dff9713ba8950097ceb760b161e19907,Domains_Alloy
1814,-8.420176566525521,-7.191367939114571,1.02,0.289229980172,86dd3a804d78ca5d203ebf98747e8f16dff9713ba8950097ceb760b161e19907,Domains_Alloy
1815,-8.421112697059828,-7.191367939114571,1.02,0.289229980172,86dd3a804d78ca5d203ebf98747e8f16dff9713ba8950097ceb760b161e19907,Domains_Alloy
1816,-8.422048969954602,-7.191367939114571,1.02,0.289229980172,86dd3a804d78ca5d203ebf98747e8f16dff9713ba8950097ceb760b161e19907,Domains_Alloy
1817,-8.422985385131534,-7.191367939114571,1.02,0.289229980172,86dd3a804d78ca5d203ebf98747e8f16dff9713ba8950097ceb760b161e19907,Domains_Alloy
1818,-8.423921942512401,-7.191367939114571,1.02,0.289229980172,86dd3a804d78ca5d203ebf98747e8f16dff9713ba8950097ceb760b161e19907,Domains_Alloy
1819,-8.424858642019068,-7.191367939114571,1.02,0.289229980172,86dd3a804d78ca5d203ebf98747e8f16dff9713ba8950097ceb760b161e19907,Domains_Alloy
1820,-8.425795483573477,-7.191367939114571,1.02,0.289229980172,86dd3a804d78ca5d203ebf98747e8f16dff9713ba8950097ceb760b161e19907,Domains_Alloy
1821,-8.426732467097667,-7.191367939114571,1.02,0.289229980172,86dd3a804d78ca5d203ebf98747e8f16dff9713ba8950097ceb760b161e19907,Domains_Alloy
1822,-8.427669592513753,-7.191367939114571,1.02,0.289229980172,86dd3a804d78ca5d203ebf98747e8f16dff9713ba8950097ceb760b161e19907,Domains_Alloy
1823,-8.428606859743944,-7.191367939114571,1.02,0.289229980172,86dd3a804d78ca5d203ebf98747e8f16dff9713ba8950097ceb760b161e19907,Domains_Alloy
1824,-8.429544268710524,-7.191367939114571,1.02,0.289229980172,86dd3a804d78ca5d203ebf98747e8f16dff9713ba8950097ceb760b161e19907,Domains_Alloy
1825,-8.430481819335872,-7.191367939114571,1.02,0.289229980172,86dd3a804d78ca5d203ebf98747e8f16dff9713ba8950097ceb760b161e19907,Domains_Alloy
1826,-8.431419511542446,-7.191367939114571,1.02,0.289229980172,86dd3a804d78ca5d203ebf98747e8f16dff9713ba8950097ceb760b161e19907,Domains_Alloy
1827,-8.432357345252788,-7.191367939114571,1.02,0.289229980172,86dd3a804d78ca5d203ebf98747e8f16dff9713ba8950097ceb760b161e19907,Domains_Alloy
1828,-8.433295320389531,-7.191367939114571,1.02,0.289229980172,86dd3a804d78ca5d203ebf98747e8f16dff9713ba8950097ceb760b161e19907,Domains_Alloy
1829,-8.434233436875388,-7.191367939114571,1.02,0.289229980172,86dd3a804d78ca5d203ebf98747e8f16dff9713ba8950097ceb760b161e19907,Domains_Alloy
1830,-8.435171694633155,-7.191367939114571,1.02,0.289229980172,86dd3a804d78ca5d203ebf98747e8f16dff9713ba8950097ceb760b161e19907,Domains_Alloy
1831,-8.436110093585716,-7.191367939114571,1.02,0.289229980172,86dd3a804d78ca5d203ebf98747e8f16dff9713ba8950097ceb760b161e19907,Domains_Alloy
1832,-8.437048633656037,-7.191367939114571,1.02,0.289229980172,86dd3a804d78ca5d203ebf98747e8f16dff9713ba8950097ceb760b161e19907,Domains_Alloy
1833,-8.437987314767163,-7.191367939114571,1.02,0.289229980172,86dd3a804d78ca5d203ebf98747e8f16dff9713ba8950097ceb760b161e19907,Domains_Alloy
1834,-8.438926136842239,-7.191367939114571,1.02,0.289229980172,86dd3a804d78ca5d203ebf98747e8f16dff9713ba8950097ceb760b161e19907,Domains_Alloy
1835,-8.439865099804475,-7.191367939114571,1.02,0.289229980172,86dd3a804d78ca5d203ebf98747e8f16dff9713ba8950097ceb760b161e19907,Domains_Alloy
1836,-8.440804203577171,-7.191367939114571,1.02,0.289229980172,86dd3a804d78ca5d203ebf98747e8f16dff9713ba8950097ceb760b161e19907,Domains_Alloy
1837,-8.441743448083718,-7.191367939114571,1.02,0.289229980172,86dd3a804d78ca5d203ebf98747e8f16dff9713ba8950097ceb760b161e19907,Domains_Alloy
1838,-8.442682833247581,-7.191367939114571,1.02,0.289229980172,86dd3a804d78ca5d203ebf98747e8f16dff9713ba8950097ceb760b161e19907,Domains_Alloy
1839,-8.443622358992309,-7.191367939114571,1.02,0.289229980172,86dd3a804d78ca5d203ebf98747e8f16dff9713ba8950097ceb760b161e19907,Domains_Alloy
1840,-8.444562025241538,-7.191367939114571,1.02,0.289229980172,86dd3a804d78ca5d203ebf98747e8f16dff9713ba8950097ceb760b161e19907,Domains_Alloy
1841,-8.445501831918985,-7.191367939114571,1.02,0.289229980172,86dd3a804d78ca5d203ebf98747e8f16dff9713ba8950097ceb760b161e19907,Domains_Alloy
1842,-8.446441778948452,-7.191367939114571,1.02,0.289229980172,86dd3a804d78ca5d203ebf98747e8f16dff9713ba8950097ceb760b161e19907,Domains_Alloy
1843,-8.447381866253819,-7.191367939114571,1.02,0.289229980172,86dd3a804d78ca5d203ebf98747e8f16dff9713ba8950097ceb760b161e19907,Domains_Alloy
1844,-8.448322093759051,-7.191367939114571,1.02,0.289229980172,86dd3a804d78ca5d203ebf98747e8f16dff9713ba8950097ceb760b161e19907,Domains_Alloy
1845,-8.449262461388196,-7.191367939114571,1.02,0.289229980172,86dd3a804d78ca5d203ebf98747e8f16dff9713ba8950097ceb760b161e19907,Domains_Alloy
1846,-8.450202969065385,-7.191367939114571,1.02,0.289229980172,86dd3a804d78ca5d203ebf98747e8f16dff9713ba8950097ceb760b161e19907,Domains_Alloy
1847,-8.451143616714825,-7.191367939114571,1.02,0.289229980172,86dd3a804d78ca5d203ebf98747e8f16dff9713ba8950097ceb760b161e19907,Domains_Alloy
1848,-8.452084404260814,-7.191367939114571,1.02,0.289229980172,86dd3a804d78ca5d203ebf98747e8f16dff9713ba8950097ceb760b161e19907,Domains_Alloy
1849,-8.453025331627725,-7.191367939114571,1.02,0.289229980172,86dd3a804d78ca5d203ebf98747e8f16dff9713ba8950097ceb760b161e19907,Domains_Alloy
1850,-8.453966398740016,-7.191367939114571,1.02,0.289229980172,86dd3a804d78ca5d203ebf98747e8f16dff9713ba8950097ceb760b161e19907,Domains_Alloy
1851,-8.454907605522225,-7.191367939114571,1.02,0.289229980172,86dd3a804d78ca5d203ebf98747e8f16dff9713ba8950097ceb760b161e19907,Domains_Alloy
1852,-8.455848951898972,-7.191367939114571,1.02,0.289229980172,86dd3a804d78ca5d203ebf98747e8f16dff9713ba8950097ceb760b161e19907,Domains_Alloy
1853,-8.456790437794957,-7.191367939114571,1.02,0.289229980172,86dd3a804d78ca5d203ebf98747e8f16dff9713ba8950097ceb760b161e19907,Domains_Alloy
1854,-8.457732063134966,-7.191367939114571,1.02,0.289229980172,86dd3a804d78ca5d203ebf98747e8f16dff9713ba8950097ceb760b161e19907,Domains_Alloy
1855,-8.458673827843857,-7.191367939114571,1.02,0.289229980172,86dd3a804d78ca5d203ebf98747e8f16dff9713ba8950097ceb760b161e19907,Domains_Alloy
1856,-8.459615731846579,-7.191367939114571,1.02,0.289229980172,86dd3a804d78ca5d203ebf98747e8f16dff9713ba8950097ceb760b161e19907,Domains_Alloy
1857,-8.460557775068155,-7.191367939114571,1.02,0.289229980172,86dd3a804d78ca5d203ebf98747e8f16dff9713ba8950097ceb760b161e19907,Domains_Alloy
1858,-8.461499957433691,-7.191367939114571,1.02,0.289229980172,86dd3a804d78ca5d203ebf98747e8f16dff9713ba8950097ceb760b161e19907,Domains_Alloy
1859,-8.462442278868373,-7.191367939114571,1.02,0.289229980172,86dd3a804d78ca5d203ebf98747e8f16dff9713ba8950097ceb760b161e19907,Domains_Alloy
1860,-8.463384739297469,-7.191367939114571,1.02,0.289229980172,86dd3a804d78ca5d203ebf98747e8f16dff9713ba8950097ceb760b161e19907,Domains_Alloy
1861,-8.464327338646321,-7.191367939114571,1.02,0.289229980172,86dd3a804d78ca5d203ebf98747e8f16dff9713ba8950097ceb760b161e19907,Domains_Alloy
1862,-8.465270076840362,-7.191367939114571,1.02,0.289229980172,86dd3a804d78ca5d203ebf98747e8f16dff9713ba8950097ceb760b161e19907,Domains_Alloy
1863,-8.466212953805094,-7.191367939114571,1.02,0.289229980172,86dd3a804d78ca5d203ebf98747e8f16dff9713ba8950097ceb760b161e19907,Domains_Alloy
1864,-8.467155969466107,-7.191367939114571,1.02,0.289229980172,86dd3a804d78ca5d203ebf98747e8f16dff9713ba8950097ceb760b161e19907,Domains_Alloy
1865,-8.468099123749065,-7.191367939114571,1.02,0.289229980172,86dd3a804d78ca5d203ebf98747e8f16dff9713ba8950097ceb760b161e19907,Domains_Alloy
1866,-8.469042416579716,-7.191367939114571,1.02,0.289229980172,86dd3a804d78ca5d203ebf98747e8f16dff9713ba8950097ceb760b161e19907,Domains_Alloy
1867,-8.469985847883885,-7.191367939114571,1.02,0.289229980172,86dd3a804d78ca5d203ebf98747e8f16dff9713ba8950097ceb760b161e19907,Domains_Alloy
1868,-8.470929417587476,-7.191367939114571,1.02,0.289229980172,86dd3a804d78ca5d203ebf98747e8f16dff9713ba8950097ceb760b161e19907,Domains_Alloy
1869,-8.471873125616472,-7.191367939114571,1.02,0.289229980172,86dd3a804d78ca5d203ebf98747e8f16dff9713ba8950097ceb760b161e19907,Domains_Alloy
1870,-8.472816971896938,-7.191367939114571,1.02,0.289229980172,86dd3a804d78ca5d203ebf98747e8f16dff9713ba8950097ceb760b161e19907,Domains_Alloy
1871,-8.473760956355015,-7.191367939114571,1.02,0.289229980172,86dd3a804d78ca5d203ebf98747e8f16dff9713ba8950097ceb760b161e19907,Domains_Alloy
1872,-8.474705078916926,-7.191367939114571,1.02,0.289229980172,86dd3a804d78ca5d203ebf98747e8f16dff9713ba8950097ceb760b161e19907,Domains_Alloy
1873,-8.475649339508969,-7.191367939114571,1.02,0.289229980172,86dd3a804d78ca5d203ebf98747e8f16dff9713ba8950097ceb760b161e19907,Domains_Alloy
1874,-8.47659373805752,-7.191367939114571,1.02,0.289229980172,86dd3a804d78ca5d203ebf98747e8f16dff9713ba8950097ceb760b161e19907,Domains_Alloy
1875,-8.477538274489042,-7.191367939114571,1.02,0.289229980172,86dd3a804d78ca5d203ebf98747e8f16dff9713ba8950097ceb760b161e19907,Domains_Alloy
1876,-8.478482948730063,-7.191367939114571,1.02,0.289229980172,86dd3a804d78ca5d203ebf98747e8f16dff9713ba8950097ceb760b161e19907,Domains_Alloy
1877,-8.479427760707198,-7.191367939114571,1.02,0.289229980172,86dd3a804d78ca5d203ebf98747e8f16dff9713ba8950097ceb760b161e19907,Domains_Alloy
1878,-8.480372710347142,-7.191367939114571,1.02,0.289229980172,86dd3a804d78ca5d203ebf98747e8f16dff9713ba8950097ceb760b161e19907,Domains_Alloy
1879,-8.48131779757666,-7.191367939114571,1.02,0.289229980172,86dd3a804d78ca5d203ebf98747e8f16dff9713ba8950097ceb760b161e19907,Domains_Alloy
1880,-8.482263022322602,-7.191367939114571,1.02,0.289229980172,86dd3a804d78ca5d203ebf98747e8f16dff9713ba8950097ceb760b161e19907,Domains_Alloy
1881,-8.48320838451189,-7.191367939114571,1.02,0.289229980172,86dd3a804d78ca5d203ebf98747e8f16dff9713ba8950097ceb760b161e19907,Domains_Alloy
1882,-8.484153884071528,-7.191367939114571,1.02,0.289229980172,86dd3a804d78ca5d203ebf98747e8f16dff9713ba8950097ceb760b161e19907,Domains_Alloy
1883,-8.485099520928594,-7.191367939114571,1.02,0.289229980172,86dd3a804d78ca5d203ebf98747e8f16dff9713ba8950097ceb760b161e19907,Domains_Alloy
1884,-8.48604529501025,-7.191367939114571,1.02,0.289229980172,86dd3a804d78ca5d203ebf98747e8f16dff9713ba8950097ceb760b161e19907,Domains_Alloy
1885,-8.486991206243726,-7.191367939114571,1.02,0.289229980172,86dd3a804d78ca5d203ebf98747e8f16dff9713ba8950097ceb760b161e19907,Domains_Alloy
1886,-8.487937254556332,-7.191367939114571,1.02,0.289229980172,86dd3a804d78ca5d203ebf98747e8f16dff9713ba8950097ceb760b161e19907,Domains_Alloy
1887,-8.488883439875458,-7.191367939114571,1.02,0.289229980172,86dd3a804d78ca5d203ebf98747e8f16dff9713ba8950097ceb760b161e19907,Domains_Alloy
1888,-8.489829762128576,-7.191367939114571,1.02,0.289229980172,86dd3a804d78ca5d203ebf98747e8f16dff9713ba8950097ceb760b161e19907,Domains_Alloy
1889,-8.490776221243218,-7.191367939114571,1.02,0.289229980172,86dd3a804d78ca5d203ebf98747e8f16dff9713ba8950097ceb760b161e19907,Domains_Alloy
1890,-8.491722817147007,-7.191367939114571,1.02,0.289229980172,86dd3a804d78ca5d203ebf98747e8f16dff9713ba8950097ceb760b161e19907,Domains_Alloy
1891,-8.492669549767637,-7.191367939114571,1.02,0.289229980172,86dd3a804d78ca5d203ebf98747e8f16dff9713ba8950097ceb760b161e19907,Domains_Alloy
1892,-8.493616419032882,-7.191367939114571,1.02,0.289229980172,86dd3a804d78ca5d203ebf98747e8f16dff9713ba8950097ceb760b161e19907,Domains_Alloy
1893,-8.494563424870586,-7.191367939114571,1.02,0.289229980172,86dd3a804d78ca5d203ebf98747e8f16dff9713ba8950097ceb760b161e19907,Domains_Alloy
1894,-8.495510567208676,-7.191367939114571,1.02,0.289229980172,86dd3a804d78ca5d203ebf98747e8f16dff9713ba8950097ceb760b161e19907,Domains_Alloy
1895,-8.496457845975149,-7.191367939114571,1.02,0.289229980172,86dd3a804d78ca5d203ebf98747e8f16dff9713ba8950097ceb760b161e19907,Domains_Alloy
1896,-8.497405261098084,-7.191367939114571,1.02,0.289229980172,86dd3a804d78ca5d203ebf98747e8f16dff9713ba8950097ceb760b161e19907,Domains_Alloy
1897,-8.49835281250563,-7.191367939114571,1.02,0.289229980172,86dd3a804d78ca5d203ebf98747e8f16dff9713ba8950097ceb760b161e19907,Domains_Alloy
1898,-8.499300500126015,-7.191367939114571,1.02,0.289229980172,86dd3a804d78ca5d203ebf98747e8f16dff9713ba8950097ceb760b161e19907,Domains_Alloy
1899,-8.50024832388754,-7.191367939114571,1.02,0.289229980172,86dd3a804d78ca5d203ebf98747e8f16dff9713ba8950097ceb760b161e19907,Domains_Alloy
1900,-8.501196283718583,-7.191367939114571,1.02,0.289229980172,86dd3a804d78ca5d203ebf98747e8f16dff9713ba8950097ceb760b161e19907,Domains_Alloy
1901,-8.502144379547602,-7.191367939114571,1.02,0.289229980172,86dd3a804d78ca5d203ebf98747e8f16dff9713ba8950097ceb760b161e19907,Domains_Alloy
1902,-8.503092611303119,-7.191367939114571,1.02,0.289229980172,86dd3a804d78ca5d203ebf98747e8f16dff9713ba8950097ceb760b161e19907,Domains_Alloy
1903,-8.504040978913743,-7.191367939114571,1.02,0.289229980172,86dd3a804d78ca5d203ebf98747e8f16dff9713ba8950097ceb760b161e19907,Domains_Alloy
1904,-8.504989482308147,-7.191367939114571,1.02,0.289229980172,86dd3a804d78ca5d203ebf98747e8f16dff9713ba8950097ceb760b161e19907,Domains_Alloy
1905,-8.505938121415088,-7.191367939114571,1.02,0.289229980172,86dd3a804d78ca5d203ebf98747e8f16dff9713ba8950097ceb760b161e19907,Domains_Alloy
1906,-8.506886896163394,-7.191367939114571,1.02,0.289229980172,86dd3a804d78ca5d203ebf98747e8f16dff9713ba8950097ceb760b161e19907,Domains_Alloy
1907,-8.507835806481967,-7.191367939114571,1.02,0.289229980172,86dd3a804d78ca5d203ebf98747e8f16dff9713ba8950097ceb760b161e19907,Domains_Alloy
1908,-8.50878485229978,-7.191367939114571,1.02,0.289229980172,86dd3a804d78ca5d203ebf98747e8f16dff9713ba8950097ceb760b161e19907,Domains_Alloy
1909,-8.50973403354589,-7.191367939114571,1.02,0.289229980172,86dd3a804d78ca5d203ebf98747e8f16dff9713ba8950097ceb760b161e19907,Domains_Alloy
1910,-8.510683350149421,-7.191367939114571,1.02,0.289229980172,86dd3a804d78ca5d203ebf98747e8f16dff9713ba8950097ceb760b161e19907,Domains_Alloy
1911,-8.511632802039571,-7.191367939114571,1.02,0.289229980172,86dd3a804d78ca5d203ebf98747e8f16dff9713ba8950097ceb760b161e19907,Domains_Alloy
1912,-8.512582389145614,-7.191367939114571,1.02,0.289229980172,86dd3a804d78ca5d203ebf98747e8f16dff9713ba8950097ceb760b161e19907,Domains_Alloy
1913,-8.513532111396898,-7.191367939114571,1.02,0.289229980172,86dd3a804d78ca5d203ebf98747e8f16dff9713ba8950097ceb760b161e19907,Domains_Alloy
1914,-8.514481968722844,-7.191367939114571,1.02,0.289229980172,86dd3a804d78ca5d203ebf98747e8f16dff9713ba8950097ceb760b161e19907,Domains_Alloy
1915,-8.515431961052949,-7.191367939114571,1.02,0.289229980172,86dd3a804d78ca5d203ebf98747e8f16dff9713ba8950097ceb760b161e19907,Domains_Alloy
1916,-8.516382088316778,-7.191367939114571,1.02,0.289229980172,86dd3a804d78ca5d203ebf98747e8f16dff9713ba8950097ceb760b161e19907,Domains_Alloy
1917,-8.517332350443972,-7.191367939114571,1.02,0.289229980172,86dd3a804d78ca5d203ebf98747e8f16dff9713ba8950097ceb760b161e19907,Domains_Alloy
1918,-8.518282747364252,-7.191367939114571,1.02,0.289229980172,86dd3a804d78ca5d203ebf98747e8f16dff9713ba8950097ceb760b161e19907,Domains_Alloy
1919,-8.519233279007402,-7.191367939114571,1.02,0.289229980172,86dd3a804d78ca5d203ebf98747e8f16dff9713ba8950097ceb760b161e19907,Domains_Alloy
1920,-8.520183945303284,-7.191367939114571,1.02,0.289229980172,86dd3a804d78ca5d203ebf98747e8f16dff9713ba8950097ceb760b161e19907,Domains_Alloy
1921,-8.521134746181835,-7.191367939114571,1.02,0.289229980172,86dd3a804d78ca5d203ebf98747e8f16dff9713ba8950097ceb760b161e19907,Domains_Alloy
1922,-8.522085681573056,-7.191367939114571,1.02,0.289229980172,86dd3a804d78ca5d203ebf98747e8f16dff9713ba8950097ceb760b161e19907,Domains_Alloy
1923,-8.523036751407032,-7.191367939114571,1.02,0.289229980172,86dd3a804d78ca5d203ebf98747e8f16dff9713ba8950097ceb760b161e19907,Domains_Alloy
1924,-8.523987955613915,-7.191367939114571,1.02,0.289229980172,86dd3a804d78ca5d203ebf98747e8f16dff9713ba8950097ceb760b161e19907,Domains_Alloy
1925,-8.524939294123927,-7.191367939114571,1.02,0.289229980172,86dd3a804d78ca5d203ebf98747e8f16dff9713ba8950097ceb760b161e19907,Domains_Alloy
1926,-8.525890766867374,-7.191367939114571,1.02,0.289229980172,86dd3a804d78ca5d203ebf98747e8f16dff9713ba8950097ceb760b161e19907,Domains_Alloy
1927,-8.526842373774613,-7.191367939114571,1.02,0.289229980172,86dd3a804d78ca5d203ebf98747e8f16dff9713ba8950097ceb760b161e19907,Domains_Alloy
1928,-8.527794114776095,-7.191367939114571,1.02,0.289229980172,86dd3a804d78ca5d203ebf98747e8f16dff9713ba8950097ceb760b161e19907,Domains_Alloy
1929,-8.528745989802331,-7.191367939114571,1.02,0.289229980172,86dd3a804d78ca5d203ebf98747e8f16dff9713ba8950097ceb760b161e19907,Domains_Alloy
1930,-8.529697998783908,-7.191367939114571,1.02,0.289229980172,86dd3a804d78ca5d203ebf98747e8f16dff9713ba8950097ceb760b161e19907,Domains_Alloy
1931,-8.530650141651481,-7.191367939114571,1.02,0.289229980172,86dd3a804d78ca5d203ebf98747e8f16dff9713ba8950097ceb760b161e19907,Domains_Alloy
1932,-8.531602418335783,-7.191367939114571,1.02,0.289229980172,86dd3a804d78ca5d203ebf98747e8f16dff9713ba8950097ceb760b161e19907,Domains_Alloy
1933,-8.532554828767616,-7.191367939114571,1.02,0.289229980172,86dd3a804d78ca5d203ebf98747e8f16dff9713ba8950097ceb760b161e19907,Domains_Alloy
1934,-8.533507372877846,-7.191367939114571,1.02,0.289229980172,86dd3a804d78ca5d203ebf98747e8f16dff9713ba8950097ceb760b161e19907,Domains_Alloy
1935,-8.534460050597422,-7.191367939114571,1.02,0.289229980172,86dd3a804d78ca5d203ebf98747e8f16dff9713ba8950097ceb760b161e19907,Domains_Alloy
1936,-8.53541286185736,-7.191367939114571,1.02,0.289229980172,86dd3a804d78ca5d203ebf98747e8f16dff9713ba8950097ceb760b161e19907,Domains_Alloy
1937,-8.536365806588742,-7.191367939114571,1.02,0.289229980172,86dd3a804d78ca5d203ebf98747e8f16dff9713ba8950097ceb760b161e19907,Domains_Alloy
1938,-8.53731888472273,-7.191367939114571,1.02,0.289229980172,86dd3a804d78ca5d203ebf98747e8f16dff9713ba8950097ceb760b161e19907,Domains_Alloy
1939,-8.538272096190548,-7.191367939114571,1.02,0.289229980172,86dd3a804d78ca5d203ebf98747e8f16dff9713ba8950097ceb760b161e19907,Domains_Alloy
1940,-8.5392254409235,-7.191367939114571,1.02,0.289229980172,86dd3a804d78ca5d203ebf98747e8f16dff9713ba8950097ceb760b161e19907,Domains_Alloy
1941,-8.540178918852954,-7.191367939114571,1.02,0.289229980172,86dd3a804d78ca5d203ebf98747e8f16dff9713ba8950097ceb760b161e19907,Domains_Alloy
1942,-8.541132529910348,-7.191367939114571,1.02,0.289229980172,86dd3a804d78ca5d203ebf98747e8f16dff9713ba8950097ceb760b161e19907,Domains_Alloy
1943,-8.542086274027197,-7.191367939114571,1.02,0.289229980172,86dd3a804d78ca5d203ebf98747e8f16dff9713ba8950097ceb760b161e19907,Domains_Alloy
1944,-8.543040151135079,-7.191367939114571,1.02,0.289229980172,86dd3a804d78ca5d203ebf98747e8f16dff9713ba8950097ceb760b161e19907,Domains_Alloy
1945,-8.543994161165649,-7.191367939114571,1.02,0.289229980172,86dd3a804d78ca5d203ebf98747e8f16dff9713ba8950097ceb760b161e19907,Domains_Alloy
1946,-8.544948304050626,-7.191367939114571,1.02,0.289229980172,86dd3a804d78ca5d203ebf98747e8f16dff9713ba8950097ceb760b161e19907,Domains_Alloy
1947,-8.545902579721805,-7.191367939114571,1.02,0.289229980172,86dd3a804d78ca5d203ebf98747e8f16dff9713ba8950097ceb760b161e19907,Domains_Alloy
1948,-8.546856988111044,-7.191367939114571,1.02,0.289229980172,86dd3a804d78ca5d203ebf98747e8f16dff9713ba8950097ceb760b161e19907,Domains_Alloy
1949,-8.547811529150279,-7.191367939114571,1.02,0.289229980172,86dd3a804d78ca5d203ebf98747e8f16dff9713ba8950097ceb760b161e19907,Domains_Alloy
1950,-8.548766202771509,-7.191367939114571,1.02,0.289229980172,86dd3a804d78ca5d203ebf98747e8f16dff9713ba8950097ceb760b161e19907,Domains_Alloy
1951,-8.549721008906808,-7.191367939114571,1.02,0.289229980172,86dd3a804d78ca5d203ebf98747e8f16dff9713ba8950097ceb760b161e19907,Domains_Alloy
1952,-8.550675947488312,-7.191367939114571,1.02,0.289229980172,86dd3a804d78ca5d203ebf98747e8f16dff9713ba8950097ceb760b161e19907,Domains_Alloy
1953,-8.551631018448237,-7.191367939114571,1.02,0.289229980172,86dd3a804d78ca5d203ebf98747e8f16dff9713ba8950097ceb760b161e19907,Domains_Alloy
1954,-8.552586221718858,-7.191367939114571,1.02,0.289229980172,86dd3a804d78ca5d203ebf98747e8f16dff9713ba8950097ceb760b161e19907,Domains_Alloy
1955,-8.553541557232526,-7.191367939114571,1.02,0.289229980172,86dd3a804d78ca5d203ebf98747e8f16dff9713ba8950097ceb760b161e19907,Domains_Alloy
1956,-8.554497024921659,-7.191367939114571,1.02,0.289229980172,86dd3a804d78ca5d203ebf98747e8f16dff9713ba8950097ceb760b161e19907,Domains_Alloy
1957,-8.555452624718741,-7.191367939114571,1.02,0.289229980172,86dd3a804d78ca5d203ebf98747e8f16dff9713ba8950097ceb760b161e19907,Domains_Alloy
1958,-8.556408356556332,-7.191367939114571,1.02,0.289229980172,86dd3a804d78ca5d203ebf98747e8f16dff9713ba8950097ceb760b161e19907,Domains_Alloy
1959,-8.557364220367056,-7.191367939114571,1.02,0.289229980172,86dd3a804d78ca5d203ebf98747e8f16dff9713ba8950097ceb760b161e19907,Domains_Alloy
1960,-8.558320216083603,-7.191367939114571,1.02,0.289229980172,86dd3a804d78ca5d203ebf98747e8f16dff9713ba8950097ceb760b161e19907,Domains_Alloy
1961,-8.559276343638738,-7.191367939114571,1.02,0.289229980172,86dd3a804d78ca5d203ebf98747e8f16dff9713ba8950097ceb760b161e19907,Domains_Alloy
1962,-8.560232602965289,-7.191367939114571,1.02,0.289229980172,86dd3a804d78ca5d203ebf98747e8f16dff9713ba8950097ceb760b161e19907,Domains_Alloy
1963,-8.561188993996156,-7.191367939114571,1.02,0.289229980172,86dd3a804d78ca5d203ebf98747e8f16dff9713ba8950097ceb760b161e19907,Domains_Alloy
1964,-8.562145516664305,-7.191367939114571,1.02,0.289229980172,86dd3a804d78ca5d203ebf98747e8f16dff9713ba8950097ceb760b161e19907,Domains_Alloy
1965,-8.563102170902775,-7.191367939114571,1.02,0.289229980172,86dd3a804d78ca5d203ebf98747e8f16dff9713ba8950097ceb760b161e19907,Domains_Alloy
1966,-8.564058956644665,-7.191367939114571,1.02,0.289229980172,86dd3a804d78ca5d203ebf98747e8f16dff9713ba8950097ceb760b161e19907,Domains_Alloy
1967,-8.565015873823146,-7.191367939114571,1.02,0.289229980172,86dd3a804d78ca5d203ebf98747e8f16dff9713ba8950097ceb760b161e19907,Domains_Alloy
1968,-8.565972922371461,-7.191367939114571,1.02,0.289229980172,86dd3a804d78ca5d203ebf98747e8f16dff9713ba8950097ceb760b161e19907,Domains_Alloy
1969,-8.566930102222914,-7.191367939114571,1.02,0.289229980172,86dd3a804d78ca5d203ebf98747e8f16dff9713ba8950097ceb760b161e19907,Domains_Alloy
1970,-8.56788741331088,-7.191367939114571,1.02,0.289229980172,86dd3a804d78ca5d203ebf98747e8f16dff9713ba8950097ceb760b161e19907,Domains_Alloy
1971,-8.568844855568798,-7.191367939114571,1.02,0.289229980172,86dd3a804d78ca5d203ebf98747e8f16dff9713ba8950097ceb760b161e19907,Domains_Alloy
1972,-8.569802428930185,-7.191367939114571,1.02,0.289229980172,86dd3a804d78ca5d203ebf98747e8f16dff9713ba8950097ceb760b161e19907,Domains_Alloy
1973,-8.57076013332861,-7.191367939114571,1.02,0.289229980172,86dd3a804d78ca5d203ebf98747e8f16dff9713ba8950097ceb760b161e19907,Domains_Alloy
1974,-8.571717968697723,-7.191367939114571,1.02,0.289229980172,86dd3a804d78ca5d203ebf98747e8f16dff9713ba8950097ceb760b161e19907,Domains_Alloy
1975,-8.572675934971231,-7.191367939114571,1.02,0.289229980172,86dd3a804d78ca5d203ebf98747e8f16dff9713ba8950097ceb760b161e19907,Domains_Alloy
1976,-8.573634032082913,-7.191367939114571,1.02,0.289229980172,86dd3a804d78ca5d203ebf98747e8f16dff9713ba8950097ceb760b161e19907,Domains_Alloy
1977,-8.574592259966616,-7.191367939114571,1.02,0.289229980172,86dd3a804d78ca5d203ebf98747e8f16dff9713ba8950097ceb760b161e19907,Domains_Alloy
1978,-8.57555061855625,-7.191367939114571,1.02,0.289229980172,86dd3a804d78ca5d203ebf98747e8f16dff9713ba8950097ceb760b161e19907,Domains_Alloy
1979,-8.576509107785798,-7.191367939114571,1.02,0.289229980172,86dd3a804d78ca5d203ebf98747e8f16dff9713ba8950097ceb760b161e19907,Domains_Alloy
1980,-8.577467727589298,-7.191367939114571,1.02,0.289229980172,86dd3a804d78ca5d203ebf98747e8f16dff9713ba8950097ceb760b161e19907,Domains_Alloy
1981,-8.578426477900868,-7.191367939114571,1.02,0.289229980172,86dd3a804d78ca5d203ebf98747e8f16dff9713ba8950097ceb760b161e19907,Domains_Alloy
1982,-8.579385358654683,-7.191367939114571,1.02,0.289229980172,86dd3a804d78ca5d203ebf98747e8f16dff9713ba8950097ceb760b161e19907,Domains_Alloy
1983,-8.58034436978499,-7.191367939114571,1.02,0.289229980172,86dd3a804d78ca5d203ebf98747e8f16dff9713ba8950097ceb760b161e19907,Domains_Alloy
1984,-8.581303511226098,-7.191367939114571,1.02,0.289229980172,86dd3a804d78ca5d203ebf98747e8f16dff9713ba8950097ceb760b161e19907,Domains_Alloy
1985,-8.582262782912386,-7.191367939114571,1.02,0.289229980172,86dd3a804d78ca5d203ebf98747e8f16dff9713ba8950097ceb760b161e19907,Domains_Alloy
1986,-8.583222184778297,-7.191367939114571,1.02,0.289229980172,86dd3a804d78ca5d203ebf98747e8f16dff9713ba8950097ceb760b161e19907,Domains_Alloy
1987,-8.584181716758337,-7.191367939114571,1.02,0.289229980172,86dd3a804d78ca5d203ebf98747e8f16dff9713ba8950097ceb760b161e19907,Domains_Alloy
1988,-8.585141378787085,-7.191367939114571,1.02,0.289229980172,86dd3a804d78ca5d203ebf98747e8f16dff9713ba8950097ceb760b161e19907,Domains_Alloy
1989,-8.586101170799177,-7.191367939114571,1.02,0.289229980172,86dd3a804d78ca5d203ebf98747e8f16dff9713ba8950097ceb760b161e19907,Domains_Alloy
1990,-8.587061092729321,-7.191367939114571,1.02,0.289229980172,86dd3a804d78ca5d203ebf98747e8f16dff9713ba8950097ceb760b161e19907,Domains_Alloy
1991,-8.588021144512291,-7.191367939114571,1.02,0.289229980172,86dd3a804d78ca5d203ebf98747e8f16dff9713ba8950097ceb760b161e19907,Domains_Alloy
1992,-8.588981326082921,-7.191367939114571,1.02,0.289229980172,86dd3a804d78ca5d203ebf98747e8f16dff9713ba8950097ceb760b161e19907,Domains_Alloy
1993,-8.589941637376116,-7.191367939114571,1.02,0.289229980172,86dd3a804d78ca5d203ebf98747e8f16dff9713ba8950097ceb760b161e19907,Domains_Alloy
1994,-8.590902078326845,-7.191367939114571,1.02,0.289229980172,86dd3a804d78ca5d203ebf98747e8f16dff9713ba8950097ceb760b161e19907,Domains_Alloy
1995,-8.591862648870134,-7.191367939114571,1.02,0.289229980172,86dd3a804d78ca5d203ebf98747e8f16dff9713ba8950097ceb760b161e19907,Domains_Alloy
1996,-8.59282334894109,-7.191367939114571,1.02,0.289229980172,86dd3a804d78ca5d203ebf98747e8f16dff9713ba8950097ceb760b161e19907,Domains_Alloy
1997,-8.593784178474868,-7.191367939114571,1.02,0.289229980172,86dd3a804d78ca5d203ebf98747e8f16dff9713ba8950097ceb760b161e19907,Domains_Alloy
1998,-8.594745137406701,-7.191367939114571,1.02,0.289229980172,86dd3a804d78ca5d203ebf98747e8f16dff9713ba8950097ceb760b161e19907,Domains_Alloy
1999,-8.595706225671881,-7.191367939114571,1.02,0.289229980172,86dd3a804d78ca5d203ebf98747e8f16dff9713ba8950097ceb760b161e19907,Domains_Alloy
2000,-8.59666744320576,-7.191367939114571,1.02,0.289229980172,86dd3a804d78ca5d203ebf98747e8f16dff9713ba8950097ceb760b161e19907,Domains_Alloy
2001,-8.597628789943768,-7.191367939114571,1.02,0.289229980172,86dd3a804d78ca5d203ebf98747e8f16dff9713ba8950097ceb760b161e19907,Domains_Alloy
2002,-8.598590265821382,-7.191367939114571,1.02,0.289229980172,86dd3a804d78ca5d203ebf98747e8f16dff9713ba8950097ceb760b161e19907,Domains_Alloy
2003,-8.59955187077416,-7.191367939114571,1.02,0.289229980172,86dd3a804d78ca5d203ebf98747e8f16dff9713ba8950097ceb760b161e19907,Domains_Alloy
2004,-8.600513604737714,-7.191367939114571,1.02,0.289229980172,86dd3a804d78ca5d203ebf98747e8f16dff9713ba8950097ceb760b161e19907,Domains_Alloy
2005,-8.601475467647724,-7.191367939114571,1.02,0.289229980172,86dd3a804d78ca5d203ebf98747e8f16dff9713ba8950097ceb760b161e19907,Domains_Alloy
2006,-8.602437459439928,-7.191367939114571,1.02,0.289229980172,86dd3a804d78ca5d203ebf98747e8f16dff9713ba8950097ceb760b161e19907,Domains_Alloy
2007,-8.603399580050139,-7.191367939114571,1.02,0.289229980172,86dd3a804d78ca5d203ebf98747e8f16dff9713ba8950097ceb760b161e19907,Domains_Alloy
2008,-8.604361829414227,-7.191367939114571,1.02,0.289229980172,86dd3a804d78ca5d203ebf98747e8f16dff9713ba8950097ceb760b161e19907,Domains_Alloy
2009,-8.605324207468126,-7.191367939114571,1.02,0.289229980172,86dd3a804d78ca5d203ebf98747e8f16dff9713ba8950097ceb760b161e19907,Domains_Alloy
2010,-8.606286714147831,-7.191367939114571,1.02,0.289229980172,86dd3a804d78ca5d203ebf98747e8f16dff9713ba8950097ceb760b161e19907,Domains_Alloy
2011,-8.607249349389409,-7.191367939114571,1.02,0.289229980172,86dd3a804d78ca5d203ebf98747e8f16dff9713ba8950097ceb760b161e19907,Domains_Alloy
2012,-8.608212113128985,-7.191367939114571,1.02,0.289229980172,86dd3a804d78ca5d203ebf98747e8f16dff9713ba8950097ceb760b161e19907,Domains_Alloy
2013,-8.609175005302745,-7.191367939114571,1.02,0.289229980172,86dd3a804d78ca5d203ebf98747e8f16dff9713ba8950097ceb760b161e19907,Domains_Alloy
2014,-8.610138025846943,-7.191367939114571,1.02,0.289229980172,86dd3a804d78ca5d203ebf98747e8f16dff9713ba8950097ceb760b161e19907,Domains_Alloy
2015,-8.611101174697895,-7.191367939114571,1.02,0.289229980172,86dd3a804d78ca5d203ebf98747e8f16dff9713ba8950097ceb760b161e19907,Domains_Alloy
2016,-8.612064451791976,-7.191367939114571,1.02,0.289229980172,86dd3a804d78ca5d203ebf98747e8f16dff9713ba8950097ceb760b161e19907,Domains_Alloy
2017,-8.613027857065632,-7.191367939114571,1.02,0.289229980172,86dd3a804d78ca5d203ebf98747e8f16dff9713ba8950097ceb760b161e19907,Domains_Alloy
2018,-8.613991390455366,-7.191367939114571,1.02,0.289229980172,86dd3a804d78ca5d203ebf98747e8f16dff9713ba8950097ceb760b161e19907,Domains_Alloy
2019,-8.614955051897748,-7.191367939114571,1.02,0.289229980172,86dd3a804d78ca5d203ebf98747e8f16dff9713ba8950097ceb760b161e19907,Domains_Alloy
2020,-8.615918841329403,-7.191367939114571,1.02,0.289229980172,86dd3a804d78ca5d203ebf98747e8f16dff9713ba8950097ceb760b161e19907,Domains_Alloy
2021,-8.616882758687026,-7.191367939114571,1.02,0.289229980172,86dd3a804d78ca5d203ebf98747e8f16dff9713ba8950097ceb760b161e19907,Domains_Alloy
2022,-8.617846803907375,-7.191367939114571,1.02,0.289229980172,86dd3a804d78ca5d203ebf98747e8f16dff9713ba8950097ceb760b161e19907,Domains_Alloy
2023,-8.618810976927264,-7.191367939114571,1.02,0.289229980172,86dd3a804d78ca5d203ebf98747e8f16dff9713ba8950097ceb760b161e19907,Domains_Alloy
2024,-8.619775277683575,-7.191367939114571,1.02,0.289229980172,86dd3a804d78ca5d203ebf98747e8f16dff9713ba8950097ceb760b161e19907,Domains_Alloy
2025,-8.620739706113252,-7.191367939114571,1.02,0.289229980172,86dd3a804d78ca5d203ebf98747e8f16dff9713ba8950097ceb760b161e19907,Domains_Alloy
2026,-8.621704262153296,-7.191367939114571,1.02,0.289229980172,86dd3a804d78ca5d203ebf98747e8f16dff9713ba8950097ceb760b161e19907,Domains_Alloy
2027,-8.622668945740777,-7.191367939114571,1.02,0.289229980172,86dd3a804d78ca5d203ebf98747e8f16dff9713ba8950097ceb760b161e19907,Domains_Alloy
2028,-8.623633756812824,-7.191367939114571,1.02,0.289229980172,86dd3a804d78ca5d203ebf98747e8f16dff9713ba8950097ceb760b161e19907,Domains_Alloy
2029,-8.624598695306627,-7.191367939114571,1.02,0.289229980172,86dd3a804d78ca5d203ebf98747e8f16dff9713ba8950097ceb760b161e19907,Domains_Alloy
2030,-8.625563761159436,-7.191367939114571,1.02,0.289229980172,86dd3a804d78ca5d203ebf98747e8f16dff9713ba8950097ceb760b161e19907,Domains_Alloy
2031,-8.62652895430857,-7.191367939114571,1.02,0.289229980172,86dd3a804d78ca5d203ebf98747e8f16dff9713ba8950097ceb760b161e19907,Domains_Alloy
2032,-8.627494274691403,-7.191367939114571,1.02,0.289229980172,86dd3a804d78ca5d203ebf98747e8f16dff9713ba8950097ceb760b161e19907,Domains_Alloy
2033,-8.628459722245374,-7.191367939114571,1.02,0.289229980172,86dd3a804d78ca5d203ebf98747e8f16dff9713ba8950097ceb760b161e19907,Domains_Alloy
2034,-8.629425296907977,-7.191367939114571,1.02,0.289229980172,86dd3a804d78ca5d203ebf98747e8f16dff9713ba8950097ceb760b161e19907,Domains_Alloy
2035,-8.630390998616777,-7.191367939114571,1.02,0.289229980172,86dd3a804d78ca5d203ebf98747e8f16dff9713ba8950097ceb760b161e19907,Domains_Alloy
2036,-8.631356827309396,-7.191367939114571,1.02,0.289229980172,86dd3a804d78ca5d203ebf98747e8f16dff9713ba8950097ceb760b161e19907,Domains_Alloy
2037,-8.632322782923515,-7.191367939114571,1.02,0.289229980172,86dd3a804d78ca5d203ebf98747e8f16dff9713ba8950097ceb760b161e19907,Domains_Alloy
2038,-8.633288865396878,-7.191367939114571,1.02,0.289229980172,86dd3a804d78ca5d203ebf98747e8f16dff9713ba8950097ceb760b161e19907,Domains_Alloy
2039,-8.634255074667292,-7.191367939114571,1.02,0.289229980172,86dd3a804d78ca5d203ebf98747e8f16dff9713ba8950097ceb760b161e19907,Domains_Alloy
2040,-8.635221410672623,-7.191367939114571,1.02,0.289229980172,86dd3a804d78ca5d203ebf98747e8f16dff9713ba8950097ceb760b161e19907,Domains_Alloy
2041,-8.636187873350794,-7.191367939114571,1.02,0.289229980172,86dd3a804d78ca5d203ebf98747e8f16dff9713ba8950097ceb760b161e19907,Domains_Alloy
2042,-8.637154462639796,-7.191367939114571,1.02,0.289229980172,86dd3a804d78ca5d203ebf98747e8f16dff9713ba8950097ceb760b161e19907,Domains_Alloy
2043,-8.638121178477677,-7.191367939114571,1.02,0.289229980172,86dd3a804d78ca5d203ebf98747e8f16dff9713ba8950097ceb760b161e19907,Domains_Alloy
2044,-8.639088020802545,-7.191367939114571,1.02,0.289229980172,86dd3a804d78ca5d203ebf98747e8f16dff9713ba8950097ceb760b161e19907,Domains_Alloy
2045,-8.640054989552567,-7.191367939114571,1.02,0.289229980172,86dd3a804d78ca5d203ebf98747e8f16dff9713ba8950097ceb760b161e19907,Domains_Alloy
2046,-8.641022084665979,-7.191367939114571,1.02,0.289229980172,86dd3a804d78ca5d203ebf98747e8f16dff9713ba8950097ceb760b161e19907,Domains_Alloy
2047,-8.641989306081065,-7.191367939114571,1.02,0.289229980172,86dd3a804d78ca5d203ebf98747e8f16dff9713ba8950097ceb760b161e19907,Domains_Alloy
2048,-8.64295665373618,-7.191367939114571,1.02,0.289229980172,86dd3a804d78ca5d203ebf98747e8f16dff9713ba8950097ceb760b161e19907,Domains_Alloy
2049,-8.643924127569729,-7.191367939114571,1.02,0.289229980172,86dd3a804d78ca5d203ebf98747e8f16dff9713ba8950097ceb760b161e19907,Domains_Alloy
2050,-8.644891727520186,-7.191367939114571,1.02,0.289229980172,86dd3a804d78ca5d203ebf98747e8f16dff9713ba8950097ceb760b161e19907,Domains_Alloy
2051,-8.645859453526079,-7.191367939114571,1.02,0.289229980172,86dd3a804d78ca5d203ebf98747e8f16dff9713ba8950097ceb760b161e19907,Domains_Alloy
2052,-8.646827305526001,-7.191367939114571,1.02,0.289229980172,86dd3a804d78ca5d203ebf98747e8f16dff9713ba8950097ceb760b161e19907,Domains_Alloy
2053,-8.647795283458601,-7.191367939114571,1.02,0.289229980172,86dd3a804d78ca5d203ebf98747e8f16dff9713ba8950097ceb760b161e19907,Domains_Alloy
2054,-8.648763387262587,-7.191367939114571,1.02,0.289229980172,86dd3a804d78ca5d203ebf98747e8f16dff9713ba8950097ceb760b161e19907,Domains_Alloy
2055,-8.649731616876732,-7.191367939114571,1.02,0.289229980172,86dd3a804d78ca5d203ebf98747e8f16dff9713ba8950097ceb760b161e19907,Domains_Alloy
2056,-8.65069997223986,-7.191367939114571,1.02,0.289229980172,86dd3a804d78ca5d203ebf98747e8f16dff9713ba8950097ceb760b161e19907,Domains_Alloy
2057,-8.651668453290862,-7.191367939114571,1.02,0.289229980172,86dd3a804d78ca5d203ebf98747e8f16dff9713ba8950097ceb760b161e19907,Domains_Alloy
2058,-8.652637059968686,-7.191367939114571,1.02,0.289229980172,86dd3a804d78ca5d203ebf98747e8f16dff9713ba8950097ceb760b161e19907,Domains_Alloy
2059,-8.653605792212337,-7.191367939114571,1.02,0.289229980172,86dd3a804d78ca5d203ebf98747e8f16dff9713ba8950097ceb760b161e19907,Domains_Alloy
2060,-8.654574649960884,-7.191367939114571,1.02,0.289229980172,86dd3a804d78ca5d203ebf98747e8f16dff9713ba8950097ceb760b161e19907,Domains_Alloy
2061,-8.655543633153448,-7.191367939114571,1.02,0.289229980172,86dd3a804d78ca5d203ebf98747e8f16dff9713ba8950097ceb760b161e19907,Domains_Alloy
2062,-8.656512741729216,-7.191367939114571,1.02,0.289229980172,86dd3a804d78ca5d203ebf98747e8f16dff9713ba8950097ceb760b161e19907,Domains_Alloy
2063,-8.657481975627432,-7.191367939114571,1.02,0.289229980172,86dd3a804d78ca5d203ebf98747e8f16dff9713ba8950097ceb760b161e19907,Domains_Alloy
2064,-8.658451334787394,-7.191367939114571,1.02,0.289229980172,86dd3a804d78ca5d203ebf98747e8f16dff9713ba8950097ceb760b161e19907,Domains_Alloy
2065,-8.659420819148464,-7.191367939114571,1.02,0.289229980172,86dd3a804d78ca5d203ebf98747e8f16dff9713ba8950097ceb760b161e19907,Domains_Alloy
2066,-8.660390428650063,-7.191367939114571,1.02,0.289229980172,86dd3a804d78ca5d203ebf98747e8f16dff9713ba8950097ceb760b161e19907,Domains_Alloy
2067,-8.661360163231668,-7.191367939114571,1.02,0.289229980172,86dd3a804d78ca5d203ebf98747e8f16dff9713ba8950097ceb760b161e19907,Domains_Alloy
2068,-8.662330022832816,-7.191367939114571,1.02,0.289229980172,86dd3a804d78ca5d203ebf98747e8f16dff9713ba8950097ceb760b161e19907,Domains_Alloy
2069,-8.663300007393099,-7.191367939114571,1.02,0.289229980172,86dd3a804d78ca5d203ebf98747e8f16dff9713ba8950097ceb760b161e19907,Domains_Alloy
2070,-8.664270116852171,-7.191367939114571,1.02,0.289229980172,86dd3a804d78ca5d203ebf98747e8f16dff9713ba8950097ceb760b161e19907,Domains_Alloy
2071,-8.665240351149748,-7.191367939114571,1.02,0.289229980172,86dd3a804d78ca5d203ebf98747e8f16dff9713ba8950097ceb760b161e19907,Domains_Alloy
2072,-8.666210710225592,-7.191367939114571,1.02,0.289229980172,86dd3a804d78ca5d203ebf98747e8f16dff9713ba8950097ceb760b161e19907,Domains_Alloy
2073,-8.667181194019536,-7.191367939114571,1.02,0.289229980172,86dd3a804d78ca5d203ebf98747e8f16dff9713ba8950097ceb760b161e19907,Domains_Alloy
2074,-8.668151802471463,-7.191367939114571,1.02,0.289229980172,86dd3a804d78ca5d203ebf98747e8f16dff9713ba8950097ceb760b161e19907,Domains_Alloy
2075,-8.669122535521316,-7.191367939114571,1.02,0.289229980172,86dd3a804d78ca5d203ebf98747e8f16dff9713ba8950097ceb760b161e19907,Domains_Alloy
2076,-8.670093393109095,-7.191367939114571,1.02,0.289229980172,86dd3a804d78ca5d203ebf98747e8f16dff9713ba8950097ceb760b161e19907,Domains_Alloy
2077,-8.671064375174865,-7.191367939114571,1.02,0.289229980172,86dd3a804d78ca5d203ebf98747e8f16dff9713ba8950097ceb760b161e19907,Domains_Alloy
2078,-8.672035481658737,-7.191367939114571,1.02,0.289229980172,86dd3a804d78ca5d203ebf98747e8f16dff9713ba8950097ceb760b161e19907,Domains_Alloy
2079,-8.673006712500884,-7.191367939114571,1.02,0.289229980172,86dd3a804d78ca5d203ebf98747e8f16dff9713ba8950097ceb760b161e19907,Domains_Alloy
2080,-8.673978067641544,-7.191367939114571,1.02,0.289229980172,86dd3a804d78ca5d203ebf98747e8f16dff9713ba8950097ceb760b161e19907,Domains_Alloy
2081,-8.674949547021001,-7.191367939114571,1.02,0.289229980172,86dd3a804d78ca5d203ebf98747e8f16dff9713ba8950097ceb760b161e19907,Domains_Alloy
2082,-8.675921150579599,-7.191367939114571,1.02,0.289229980172,86dd3a804d78ca5d203ebf98747e8f16dff9713ba8950097ceb760b161e19907,Domains_Alloy
2083,-8.676892878257751,-7.191367939114571,1.02,0.289229980172,86dd3a804d78ca5d203ebf98747e8f16dff9713ba8950097ceb760b161e19907,Domains_Alloy
2084,-8.677864729995909,-7.191367939114571,1.02,0.289229980172,86dd3a804d78ca5d203ebf98747e8f16dff9713ba8950097ceb760b161e19907,Domains_Alloy
2085,-8.678836705734595,-7.191367939114571,1.02,0.289229980172,86dd3a804d78ca5d203ebf98747e8f16dff9713ba8950097ceb760b161e19907,Domains_Alloy
2086,-8.67980880541438,-7.191367939114571,1.02,0.289229980172,86dd3a804d78ca5d203ebf98747e8f16dff9713ba8950097ceb760b161e19907,Domains_Alloy
2087,-8.680781028975899,-7.191367939114571,1.02,0.289229980172,86dd3a804d78ca5d203ebf98747e8f16dff9713ba8950097ceb760b161e19907,Domains_Alloy
2088,-8.68175337635984,-7.191367939114571,1.02,0.289229980172,86dd3a804d78ca5d203ebf98747e8f16dff9713ba8950097ceb760b161e19907,Domains_Alloy
2089,-8.682725847506948,-7.191367939114571,1.02,0.289229980172,86dd3a804d78ca5d203ebf98747e8f16dff9713ba8950097ceb760b161e19907,Domains_Alloy
2090,-8.683698442358025,-7.191367939114571,1.02,0.289229980172,86dd3a804d78ca5d203ebf98747e8f16dff9713ba8950097ceb760b161e19907,Domains_Alloy
2091,-8.684671160853929,-7.191367939114571,1.02,0.289229980172,86dd3a804d78ca5d203ebf98747e8f16dff9713ba8950097ceb760b161e19907,Domains_Alloy
2092,-8.685644002935575,-7.191367939114571,1.02,0.289229980172,86dd3a804d78ca5d203ebf98747e8f16dff9713ba8950097ceb760b161e19907,Domains_Alloy
2093,-8.686616968543936,-7.191367939114571,1.02,0.289229980172,86dd3a804d78ca5d203ebf98747e8f16dff9713ba8950097ceb760b161e19907,Domains_Alloy
2094,-8.687590057620037,-7.191367939114571,1.02,0.289229980172,86dd3a804d78ca5d203ebf98747e8f16dff9713ba8950097ceb760b161e19907,Domains_Alloy
2095,-8.688563270104963,-7.191367939114571,1.02,0.289229980172,86dd3a804d78ca5d203ebf98747e8f16dff9713ba8950097ceb760b161e19907,Domains_Alloy
2096,-8.689536605939857,-7.191367939114571,1.02,0.289229980172,86dd3a804d78ca5d203ebf98747e8f16dff9713ba8950097ceb760b161e19907,Domains_Alloy
2097,-8.69051006506591,-7.191367939114571,1.02,0.289229980172,86dd3a804d78ca5d203ebf98747e8f16dff9713ba8950097ceb760b161e19907,Domains_Alloy
2098,-8.691483647424381,-7.191367939114571,1.02,0.289229980172,86dd3a804d78ca5d203ebf98747e8f16dff9713ba8950097ceb760b161e19907,Domains_Alloy
2099,-8.69245735295657,-7.191367939114571,1.02,0.289229980172,86dd3a804d78ca5d203ebf98747e8f16dff9713ba8950097ceb760b161e19907,Domains_Alloy
2100,-8.693431181603851,-7.191367939114571,1.02,0.289229980172,86dd3a804d78ca5d203ebf98747e8f16dff9713ba8950097ceb760b161e19907,Domains_Alloy
2101,-8.694405133307633,-7.191367939114571,1.02,0.289229980172,86dd3a804d78ca5d203ebf98747e8f16dff9713ba8950097ceb760b161e19907,Domains_Alloy
2102,-8.695379208009401,-7.191367939114571,1.02,0.289229980172,86dd3a804d78ca5d203ebf98747e8f16dff9713ba8950097ceb760b161e19907,Domains_Alloy
2103,-8.696353405650681,-7.191367939114571,1.02,0.289229980172,86dd3a804d78ca5d203ebf98747e8f16dff9713ba8950097ceb760b161e19907,Domains_Alloy
2104,-8.697327726173063,-7.191367939114571,1.02,0.289229980172,86dd3a804d78ca5d203ebf98747e8f16dff9713ba8950097ceb760b161e19907,Domains_Alloy
2105,-8.698302169518184,-7.191367939114571,1.02,0.289229980172,86dd3a804d78ca5d203ebf98747e8f16dff9713ba8950097ceb760b161e19907,Domains_Alloy
2106,-8.699276735627748,-7.191367939114571,1.02,0.289229980172,86dd3a804d78ca5d203ebf98747e8f16dff9713ba8950097ceb760b161e19907,Domains_Alloy
2107,-8.700251424443502,-7.191367939114571,1.02,0.289229980172,86dd3a804d78ca5d203ebf98747e8f16dff9713ba8950097ceb760b161e19907,Domains_Alloy
2108,-8.701226235907257,-7.191367939114571,1.02,0.289229980172,86dd3a804d78ca5d203ebf98747e8f16dff9713ba8950097ceb760b161e19907,Domains_Alloy
2109,-8.702201169960878,-7.191367939114571,1.02,0.289229980172,86dd3a804d78ca5d203ebf98747e8f16dff9713ba8950097ceb760b161e19907,Domains_Alloy
2110,-8.70317622654628,-7.191367939114571,1.02,0.289229980172,86dd3a804d78ca5d203ebf98747e8f16dff9713ba8950097ceb760b161e19907,Domains_Alloy
2111,-8.704151405605439,-7.191367939114571,1.02,0.289229980172,86dd3a804d78ca5d203ebf98747e8f16dff9713ba8950097ceb760b161e19907,Domains_Alloy
2112,-8.705126707080378,-7.191367939114571,1.02,0.289229980172,86dd3a804d78ca5d203ebf98747e8f16dff9713ba8950097ceb760b161e19907,Domains_Alloy
2113,-8.706102130913191,-7.191367939114571,1.02,0.289229980172,86dd3a804d78ca5d203ebf98747e8f16dff9713ba8950097ceb760b161e19907,Domains_Alloy
2114,-8.707077677046003,-7.191367939114571,1.02,0.289229980172,86dd3a804d78ca5d203ebf98747e8f16dff9713ba8950097ceb760b161e19907,Domains_Alloy
2115,-8.708053345421014,-7.191367939114571,1.02,0.289229980172,86dd3a804d78ca5d203ebf98747e8f16dff9713ba8950097ceb760b161e19907,Domains_Alloy
2116,-8.709029135980471,-7.191367939114571,1.02,0.289229980172,86dd3a804d78ca5d203ebf98747e8f16dff9713ba8950097ceb760b161e19907,Domains_Alloy
2117,-8.710005048666673,-7.191367939114571,1.02,0.289229980172,86dd3a804d78ca5d203ebf98747e8f16dff9713ba8950097ceb760b161e19907,Domains_Alloy
2118,-8.710981083421975,-7.191367939114571,1.02,0.289229980172,86dd3a804d78ca5d203ebf98747e8f16dff9713ba8950097ceb760b161e19907,Domains_Alloy
2119,-8.711957240188791,-7.191367939114571,1.02,0.289229980172,86dd3a804d78ca5d203ebf98747e8f16dff9713ba8950097ceb760b161e19907,Domains_Alloy
2120,-8.712933518909587,-7.191367939114571,1.02,0.289229980172,86dd3a804d78ca5d203ebf98747e8f16dff9713ba8950097ceb760b161e19907,Domains_Alloy
2121,-8.713909919526877,-7.191367939114571,1.02,0.289229980172,86dd3a804d78ca5d203ebf98747e8f16dff9713ba8950097ceb760b161e19907,Domains_Alloy
2122,-8.714886441983236,-7.191367939114571,1.02,0.289229980172,86dd3a804d78ca5d203ebf98747e8f16dff9713ba8950097ceb760b161e19907,Domains_Alloy
2123,-8.715863086221292,-7.191367939114571,1.02,0.289229980172,86dd3a804d78ca5d203ebf98747e8f16dff9713ba8950097ceb760b161e19907,Domains_Alloy
2124,-8.716839852183721,-7.191367939114571,1.02,0.289229980172,86dd3a804d78ca5d203ebf98747e8f16dff9713ba8950097ceb760b161e19907,Domains_Alloy
2125,-8.717816739813269,-7.191367939114571,1.02,0.289229980172,86dd3a804d78ca5d203ebf98747e8f16dff9713ba8950097ceb760b161e19907,Domains_Alloy
2126,-8.718793749052715,-7.191367939114571,1.02,0.289229980172,86dd3a804d78ca5d203ebf98747e8f16dff9713ba8950097ceb760b161e19907,Domains_Alloy
2127,-8.719770879844905,-7.191367939114571,1.02,0.289229980172,86dd3a804d78ca5d203ebf98747e8f16dff9713ba8950097ceb760b161e19907,Domains_Alloy
2128,-8.720748132132737,-7.191367939114571,1.02,0.289229980172,86dd3a804d78ca5d203ebf98747e8f16dff9713ba8950097ceb760b161e19907,Domains_Alloy
2129,-8.721725505859158,-7.191367939114571,1.02,0.289229980172,86dd3a804d78ca5d203ebf98747e8f16dff9713ba8950097ceb760b161e19907,Domains_Alloy
2130,-8.722703000967174,-7.191367939114571,1.02,0.289229980172,86dd3a804d78ca5d203ebf98747e8f16dff9713ba8950097ceb760b161e19907,Domains_Alloy
2131,-8.723680617399838,-7.191367939114571,1.02,0.289229980172,86dd3a804d78ca5d203ebf98747e8f16dff9713ba8950097ceb760b161e19907,Domains_Alloy
2132,-8.724658355100265,-7.191367939114571,1.02,0.289229980172,86dd3a804d78ca5d203ebf98747e8f16dff9713ba8950097ceb760b161e19907,Domains_Alloy
2133,-8.725636214011619,-7.191367939114571,1.02,0.289229980172,86dd3a804d78ca5d203ebf98747e8f16dff9713ba8950097ceb760b161e19907,Domains_Alloy
2134,-8.726614194077111,-7.191367939114571,1.02,0.289229980172,86dd3a804d78ca5d203ebf98747e8f16dff9713ba8950097ceb760b161e19907,Domains_Alloy
2135,-8.727592295240015,-7.191367939114571,1.02,0.289229980172,86dd3a804d78ca5d203ebf98747e8f16dff9713ba8950097ceb760b161e19907,Domains_Alloy
2136,-8.728570517443654,-7.191367939114571,1.02,0.289229980172,86dd3a804d78ca5d203ebf98747e8f16dff9713ba8950097ceb760b161e19907,Domains_Alloy
2137,-8.729548860631404,-7.191367939114571,1.02,0.289229980172,86dd3a804d78ca5d203ebf98747e8f16dff9713ba8950097ceb760b161e19907,Domains_Alloy
2138,-8.730527324746692,-7.191367939114571,1.02,0.289229980172,86dd3a804d78ca5d203ebf98747e8f16dff9713ba8950097ceb760b161e19907,Domains_Alloy
2139,-8.731505909733002,-7.191367939114571,1.02,0.289229980172,86dd3a804d78ca5d203ebf98747e8f16dff9713ba8950097ceb760b161e19907,Domains_Alloy
2140,-8.732484615533867,-7.191367939114571,1.02,0.289229980172,86dd3a804d78ca5d203ebf98747e8f16dff9713ba8950097ceb760b161e19907,Domains_Alloy
2141,-8.733463442092877,-7.191367939114571,1.02,0.289229980172,86dd3a804d78ca5d203ebf98747e8f16dff9713ba8950097ceb760b161e19907,Domains_Alloy
2142,-8.734442389353671,-7.191367939114571,1.02,0.289229980172,86dd3a804d78ca5d203ebf98747e8f16dff9713ba8950097ceb760b161e19907,Domains_Alloy
2143,-8.735421457259937,-7.191367939114571,1.02,0.289229980172,86dd3a804d78ca5d203ebf98747e8f16dff9713ba8950097ceb760b161e19907,Domains_Alloy
2144,-8.736400645755428,-7.191367939114571,1.02,0.289229980172,86dd3a804d78ca5d203ebf98747e8f16dff9713ba8950097ceb760b161e19907,Domains_Alloy
2145,-8.737379954783934,-7.191367939114571,1.02,0.289229980172,86dd3a804d78ca5d203ebf98747e8f16dff9713ba8950097ceb760b161e19907,Domains_Alloy
2146,-8.738359384289311,-7.191367939114571,1.02,0.289229980172,86dd3a804d78ca5d203ebf98747e8f16dff9713ba8950097ceb760b161e19907,Domains_Alloy
2147,-8.739338934215457,-7.191367939114571,1.02,0.289229980172,86dd3a804d78ca5d203ebf98747e8f16dff9713ba8950097ceb760b161e19907,Domains_Alloy
2148,-8.740318604506328,-7.191367939114571,1.02,0.289229980172,86dd3a804d78ca5d203ebf98747e8f16dff9713ba8950097ceb760b161e19907,Domains_Alloy
2149,-8.741298395105929,-7.191367939114571,1.02,0.289229980172,86dd3a804d78ca5d203ebf98747e8f16dff9713ba8950097ceb760b161e19907,Domains_Alloy
2150,-8.742278305958322,-7.191367939114571,1.02,0.289229980172,86dd3a804d78ca5d203ebf98747e8f16dff9713ba8950097ceb760b161e19907,Domains_Alloy
2151,-8.743258337007616,-7.191367939114571,1.02,0.289229980172,86dd3a804d78ca5d203ebf98747e8f16dff9713ba8950097ceb760b161e19907,Domains_Alloy
2152,-8.744238488197968,-7.191367939114571,1.02,0.289229980172,86dd3a804d78ca5d203ebf98747e8f16dff9713ba8950097ceb760b161e19907,Domains_Alloy
2153,-8.7452187594736,-7.191367939114571,1.02,0.289229980172,86dd3a804d78ca5d203ebf98747e8f16dff9713ba8950097ceb760b161e19907,Domains_Alloy
2154,-8.746199150778773,-7.191367939114571,1.02,0.289229980172,86dd3a804d78ca5d203ebf98747e8f16dff9713ba8950097ceb760b161e19907,Domains_Alloy
2155,-8.747179662057805,-7.191367939114571,1.02,0.289229980172,86dd3a804d78ca5d203ebf98747e8f16dff9713ba8950097ceb760b161e19907,Domains_Alloy
2156,-8.748160293255067,-7.191367939114571,1.02,0.289229980172,86dd3a804d78ca5d203ebf98747e8f16dff9713ba8950097ceb760b161e19907,Domains_Alloy
2157,-8.74914104431498,-7.191367939114571,1.02,0.289229980172,86dd3a804d78ca5d203ebf98747e8f16dff9713ba8950097ceb760b161e19907,Domains_Alloy
2158,-8.750121915182014,-7.191367939114571,1.02,0.289229980172,86dd3a804d78ca5d203ebf98747e8f16dff9713ba8950097ceb760b161e19907,Domains_Alloy
2159,-8.751102905800696,-7.191367939114571,1.02,0.289229980172,86dd3a804d78ca5d203ebf98747e8f16dff9713ba8950097ceb760b161e19907,Domains_Alloy
2160,-8.752084016115598,-7.191367939114571,1.02,0.289229980172,86dd3a804d78ca5d203ebf98747e8f16dff9713ba8950097ceb760b161e19907,Domains_Alloy
2161,-8.753065246071349,-7.191367939114571,1.02,0.289229980172,86dd3a804d78ca5d203ebf98747e8f16dff9713ba8950097ceb760b161e19907,Domains_Alloy
2162,-8.754046595612623,-7.191367939114571,1.02,0.289229980172,86dd3a804d78ca5d203ebf98747e8f16dff9713ba8950097ceb760b161e19907,Domains_Alloy
2163,-8.755028064684151,-7.191367939114571,1.02,0.289229980172,86dd3a804d78ca5d203ebf98747e8f16dff9713ba8950097ceb760b161e19907,Domains_Alloy
2164,-8.756009653230711,-7.191367939114571,1.02,0.289229980172,86dd3a804d78ca5d203ebf98747e8f16dff9713ba8950097ceb760b161e19907,Domains_Alloy
2165,-8.756991361197137,-7.191367939114571,1.02,0.289229980172,86dd3a804d78ca5d203ebf98747e8f16dff9713ba8950097ceb760b161e19907,Domains_Alloy
2166,-8.757973188528306,-7.191367939114571,1.02,0.289229980172,86dd3a804d78ca5d203ebf98747e8f16dff9713ba8950097ceb760b161e19907,Domains_Alloy
2167,-8.758955135169154,-7.191367939114571,1.02,0.289229980172,86dd3a804d78ca5d203ebf98747e8f16dff9713ba8950097ceb760b161e19907,Domains_Alloy
2168,-8.759937201064666,-7.191367939114571,1.02,0.289229980172,86dd3a804d78ca5d203ebf98747e8f16dff9713ba8950097ceb760b161e19907,Domains_Alloy
2169,-8.760919386159868,-7.191367939114571,1.02,0.289229980172,86dd3a804d78ca5d203ebf98747e8f16dff9713ba8950097ceb760b161e19907,Domains_Alloy
2170,-8.761901690399849,-7.191367939114571,1.02,0.289229980172,86dd3a804d78ca5d203ebf98747e8f16dff9713ba8950097ceb760b161e19907,Domains_Alloy
2171,-8.762884113729747,-7.191367939114571,1.02,0.289229980172,86dd3a804d78ca5d203ebf98747e8f16dff9713ba8950097ceb760b161e19907,Domains_Alloy
2172,-8.763866656094743,-7.191367939114571,1.02,0.289229980172,86dd3a804d78ca5d203ebf98747e8f16dff9713ba8950097ceb760b161e19907,Domains_Alloy
2173,-8.764849317440076,-7.191367939114571,1.02,0.289229980172,86dd3a804d78ca5d203ebf98747e8f16dff9713ba8950097ceb760b161e19907,Domains_Alloy
2174,-8.76583209771103,-7.191367939114571,1.02,0.289229980172,86dd3a804d78ca5d203ebf98747e8f16dff9713ba8950097ceb760b161e19907,Domains_Alloy
2175,-8.76681499685294,-7.191367939114571,1.02,0.289229980172,86dd3a804d78ca5d203ebf98747e8f16dff9713ba8950097ceb760b161e19907,Domains_Alloy
2176,-8.767798014811197,-7.191367939114571,1.02,0.289229980172,86dd3a804d78ca5d203ebf98747e8f16dff9713ba8950097ceb760b161e19907,Domains_Alloy
2177,-8.768781151531236,-7.191367939114571,1.02,0.289229980172,86dd3a804d78ca5d203ebf98747e8f16dff9713ba8950097ceb760b161e19907,Domains_Alloy
2178,-8.769764406958544,-7.191367939114571,1.02,0.289229980172,86dd3a804d78ca5d203ebf98747e8f16dff9713ba8950097ceb760b161e19907,Domains_Alloy
2179,-8.770747781038658,-7.191367939114571,1.02,0.289229980172,86dd3a804d78ca5d203ebf98747e8f16dff9713ba8950097ceb760b161e19907,Domains_Alloy
2180,-8.771731273717164,-7.191367939114571,1.02,0.289229980172,86dd3a804d78ca5d203ebf98747e8f16dff9713ba8950097ceb760b161e19907,Domains_Alloy
2181,-8.772714884939703,-7.191367939114571,1.02,0.289229980172,86dd3a804d78ca5d203ebf98747e8f16dff9713ba8950097ceb760b161e19907,Domains_Alloy
2182,-8.773698614651956,-7.191367939114571,1.02,0.289229980172,86dd3a804d78ca5d203ebf98747e8f16dff9713ba8950097ceb760b161e19907,Domains_Alloy
2183,-8.77468246279966,-7.191367939114571,1.02,0.289229980172,86dd3a804d78ca5d203ebf98747e8f16dff9713ba8950097ceb760b161e19907,Domains_Alloy
2184,-8.775666429328604,-7.191367939114571,1.02,0.289229980172,86dd3a804d78ca5d203ebf98747e8f16dff9713ba8950097ceb760b161e19907,Domains_Alloy
2185,-8.776650514184622,-7.191367939114571,1.02,0.289229980172,86dd3a804d78ca5d203ebf98747e8f16dff9713ba8950097ceb760b161e19907,Domains_Alloy
2186,-8.7776347173136,-7.191367939114571,1.02,0.289229980172,86dd3a804d78ca5d203ebf98747e8f16dff9713ba8950097ceb760b161e19907,Domains_Alloy
2187,-8.778619038661473,-7.191367939114571,1.02,0.289229980172,86dd3a804d78ca5d203ebf98747e8f16dff9713ba8950097ceb760b161e19907,Domains_Alloy
2188,-8.779603478174218,-7.191367939114571,1.02,0.289229980172,86dd3a804d78ca5d203ebf98747e8f16dff9713ba8950097ceb760b161e19907,Domains_Alloy
2189,-8.78058803579788,-7.191367939114571,1.02,0.289229980172,86dd3a804d78ca5d203ebf98747e8f16dff9713ba8950097ceb760b161e19907,Domains_Alloy
2190,-8.781572711478534,-7.191367939114571,1.02,0.289229980172,86dd3a804d78ca5d203ebf98747e8f16dff9713ba8950097ceb760b161e19907,Domains_Alloy
2191,-8.782557505162313,-7.191367939114571,1.02,0.289229980172,86dd3a804d78ca5d203ebf98747e8f16dff9713ba8950097ceb760b161e19907,Domains_Alloy
2192,-8.783542416795393,-7.191367939114571,1.02,0.289229980172,86dd3a804d78ca5d203ebf98747e8f16dff9713ba8950097ceb760b161e19907,Domains_Alloy
2193,-8.784527446324013,-7.191367939114571,1.02,0.289229980172,86dd3a804d78ca5d203ebf98747e8f16dff9713ba8950097ceb760b161e19907,Domains_Alloy
2194,-8.785512593694447,-7.191367939114571,1.02,0.289229980172,86dd3a804d78ca5d203ebf98747e8f16dff9713ba8950097ceb760b161e19907,Domains_Alloy
2195,-8.786497858853023,-7.191367939114571,1.02,0.289229980172,86dd3a804d78ca5d203ebf98747e8f16dff9713ba8950097ceb760b161e19907,Domains_Alloy
2196,-8.787483241746118,-7.191367939114571,1.02,0.289229980172,86dd3a804d78ca5d203ebf98747e8f16dff9713ba8950097ceb760b161e19907,Domains_Alloy
2197,-8.788468742320157,-7.191367939114571,1.02,0.289229980172,86dd3a804d78ca5d203ebf98747e8f16dff9713ba8950097ceb760b161e19907,Domains_Alloy
2198,-8.789454360521617,-7.191367939114571,1.02,0.289229980172,86dd3a804d78ca5d203ebf98747e8f16dff9713ba8950097ceb760b161e19907,Domains_Alloy
2199,-8.790440096297015,-7.191367939114571,1.02,0.289229980172,86dd3a804d78ca5d203ebf98747e8f16dff9713ba8950097ceb760b161e19907,Domains_Alloy
2200,-8.791425949592927,-7.191367939114571,1.02,0.289229980172,86dd3a804d78ca5d203ebf98747e8f16dff9713ba8950097ceb760b161e19907,Domains_Alloy
2201,-8.792411920355971,-7.191367939114571,1.02,0.289229980172,86dd3a804d78ca5d203ebf98747e8f16dff9713ba8950097ceb760b161e19907,Domains_Alloy
2202,-8.793398008532815,-7.191367939114571,1.02,0.289229980172,86dd3a804d78ca5d203ebf98747e8f16dff9713ba8950097ceb760b161e19907,Domains_Alloy
2203,-8.794384214070179,-7.191367939114571,1.02,0.289229980172,86dd3a804d78ca5d203ebf98747e8f16dff9713ba8950097ceb760b161e19907,Domains_Alloy
2204,-8.795370536914824,-7.191367939114571,1.02,0.289229980172,86dd3a804d78ca5d203ebf98747e8f16dff9713ba8950097ceb760b161e19907,Domains_Alloy
2205,-8.796356977013565,-7.191367939114571,1.02,0.289229980172,86dd3a804d78ca5d203ebf98747e8f16dff9713ba8950097ceb760b161e19907,Domains_Alloy
2206,-8.797343534313264,-7.191367939114571,1.02,0.289229980172,86dd3a804d78ca5d203ebf98747e8f16dff9713ba8950097ceb760b161e19907,Domains_Alloy
2207,-8.798330208760827,-7.191367939114571,1.02,0.289229980172,86dd3a804d78ca5d203ebf98747e8f16dff9713ba8950097ceb760b161e19907,Domains_Alloy
2208,-8.799317000303216,-7.191367939114571,1.02,0.289229980172,86dd3a804d78ca5d203ebf98747e8f16dff9713ba8950097ceb760b161e19907,Domains_Alloy
2209,-8.800303908887436,-7.191367939114571,1.02,0.289229980172,86dd3a804d78ca5d203ebf98747e8f16dff9713ba8950097ceb760b161e19907,Domains_Alloy
2210,-8.801290934460541,-7.191367939114571,1.02,0.289229980172,86dd3a804d78ca5d203ebf98747e8f16dff9713ba8950097ceb760b161e19907,Domains_Alloy
2211,-8.802278076969628,-7.191367939114571,1.02,0.289229980172,86dd3a804d78ca5d203ebf98747e8f16dff9713ba8950097ceb760b161e19907,Domains_Alloy
2212,-8.803265336361852,-7.191367939114571,1.02,0.289229980172,86dd3a804d78ca5d203ebf98747e8f16dff9713ba8950097ceb760b161e19907,Domains_Alloy
2213,-8.804252712584407,-7.191367939114571,1.02,0.289229980172,86dd3a804d78ca5d203ebf98747e8f16dff9713ba8950097ceb760b161e19907,Domains_Alloy
2214,-8.805240205584536,-7.191367939114571,1.02,0.289229980172,86dd3a804d78ca5d203ebf98747e8f16dff9713ba8950097ceb760b161e19907,Domains_Alloy
2215,-8.806227815309535,-7.191367939114571,1.02,0.289229980172,86dd3a804d78ca5d203ebf98747e8f16dff9713ba8950097ceb760b161e19907,Domains_Alloy
2216,-8.807215541706745,-7.191367939114571,1.02,0.289229980172,86dd3a804d78ca5d203ebf98747e8f16dff9713ba8950097ceb760b161e19907,Domains_Alloy
2217,-8.808203384723544,-7.191367939114571,1.02,0.289229980172,86dd3a804d78ca5d203ebf98747e8f16dff9713ba8950097ceb760b161e19907,Domains_Alloy
2218,-8.809191344307377,-7.191367939114571,1.02,0.289229980172,86dd3a804d78ca5d203ebf98747e8f16dff9713ba8950097ceb760b161e19907,Domains_Alloy
2219,-8.810179420405724,-7.191367939114571,1.02,0.289229980172,86dd3a804d78ca5d203ebf98747e8f16dff9713ba8950097ceb760b161e19907,Domains_Alloy
2220,-8.811167612966109,-7.191367939114571,1.02,0.289229980172,86dd3a804d78ca5d203ebf98747e8f16dff9713ba8950097ceb760b161e19907,Domains_Alloy
2221,-8.812155921936114,-7.191367939114571,1.02,0.289229980172,86dd3a804d78ca5d203ebf98747e8f16dff9713ba8950097ceb760b161e19907,Domains_Alloy
2222,-8.813144347263361,-7.191367939114571,1.02,0.289229980172,86dd3a804d78ca5d203ebf98747e8f16dff9713ba8950097ceb760b161e19907,Domains_Alloy
2223,-8.814132888895518,-7.191367939114571,1.02,0.289229980172,86dd3a804d78ca5d203ebf98747e8f16dff9713ba8950097ceb760b161e19907,Domains_Alloy
2224,-8.815121546780309,-7.191367939114571,1.02,0.289229980172,86dd3a804d78ca5d203ebf98747e8f16dff9713ba8950097ceb760b161e19907,Domains_Alloy
2225,-8.816110320865494,-7.191367939114571,1.02,0.289229980172,86dd3a804d78ca5d203ebf98747e8f16dff9713ba8950097ceb760b161e19907,Domains_Alloy
2226,-8.817099211098883,-7.191367939114571,1.02,0.289229980172,86dd3a804d78ca5d203ebf98747e8f16dff9713ba8950097ceb760b161e19907,Domains_Alloy
2227,-8.818088217428341,-7.191367939114571,1.02,0.289229980172,86dd3a804d78ca5d203ebf98747e8f16dff9713ba8950097ceb760b161e19907,Domains_Alloy
2228,-8.819077339801767,-7.191367939114571,1.02,0.289229980172,86dd3a804d78ca5d203ebf98747e8f16dff9713ba8950097ceb760b161e19907,Domains_Alloy
2229,-8.820066578167118,-7.191367939114571,1.02,0.289229980172,86dd3a804d78ca5d203ebf98747e8f16dff9713ba8950097ceb760b161e19907,Domains_Alloy
2230,-8.821055932472389,-7.191367939114571,1.02,0.289229980172,86dd3a804d78ca5d203ebf98747e8f16dff9713ba8950097ceb760b161e19907,Domains_Alloy
2231,-8.822045402665628,-7.191367939114571,1.02,0.289229980172,86dd3a804d78ca5d203ebf98747e8f16dff9713ba8950097ceb760b161e19907,Domains_Alloy
2232,-8.823034988694925,-7.191367939114571,1.02,0.289229980172,86dd3a804d78ca5d203ebf98747e8f16dff9713ba8950097ceb760b161e19907,Domains_Alloy
2233,-8.824024690508418,-7.191367939114571,1.02,0.289229980172,86dd3a804d78ca5d203ebf98747e8f16dff9713ba8950097ceb760b161e19907,Domains_Alloy
2234,-8.825014508054293,-7.191367939114571,1.02,0.289229980172,86dd3a804d78ca5d203ebf98747e8f16dff9713ba8950097ceb760b161e19907,Domains_Alloy
2235,-8.82600444128078,-7.191367939114571,1.02,0.289229980172,86dd3a804d78ca5d203ebf98747e8f16dff9713ba8950097ceb760b161e19907,Domains_Alloy
2236,-8.826994490136158,-7.191367939114571,1.02,0.289229980172,86dd3a804d78ca5d203ebf98747e8f16dff9713ba8950097ceb760b161e19907,Domains_Alloy
2237,-8.827984654568747,-7.191367939114571,1.02,0.289229980172,86dd3a804d78ca5d203ebf98747e8f16dff9713ba8950097ceb760b161e19907,Domains_Alloy
2238,-8.82897493452692,-7.191367939114571,1.02,0.289229980172,86dd3a804d78ca5d203ebf98747e8f16dff9713ba8950097ceb760b161e19907,Domains_Alloy
2239,-8.829965329959093,-7.191367939114571,1.02,0.289229980172,86dd3a804d78ca5d203ebf98747e8f16dff9713ba8950097ceb760b161e19907,Domains_Alloy
2240,-8.830955840813726,-7.191367939114571,1.02,0.289229980172,86dd3a804d78ca5d203ebf98747e8f16dff9713ba8950097ceb760b161e19907,Domains_Alloy
2241,-8.831946467039325,-7.191367939114571,1.02,0.289229980172,86dd3a804d78ca5d203ebf98747e8f16dff9713ba8950097ceb760b161e19907,Domains_Alloy
2242,-8.832937208584447,-7.191367939114571,1.02,0.289229980172,86dd3a804d78ca5d203ebf98747e8f16dff9713ba8950097ceb760b161e19907,Domains_Alloy
2243,-8.833928065397691,-7.191367939114571,1.02,0.289229980172,86dd3a804d78ca5d203ebf98747e8f16dff9713ba8950097ceb760b161e19907,Domains_Alloy
2244,-8.834919037427701,-7.191367939114571,1.02,0.289229980172,86dd3a804d78ca5d203ebf98747e8f16dff9713ba8950097ceb760b161e19907,Domains_Alloy
2245,-8.835910124623167,-7.191367939114571,1.02,0.289229980172,86dd3a804d78ca5d203ebf98747e8f16dff9713ba8950097ceb760b161e19907,Domains_Alloy
2246,-8.836901326932828,-7.191367939114571,1.02,0.289229980172,86dd3a804d78ca5d203ebf98747e8f16dff9713ba8950097ceb760b161e19907,Domains_Alloy
2247,-8.837892644305466,-7.191367939114571,1.02,0.289229980172,86dd3a804d78ca5d203ebf98747e8f16dff9713ba8950097ceb760b161e19907,Domains_Alloy
2248,-8.838884076689908,-7.191367939114571,1.02,0.289229980172,86dd3a804d78ca5d203ebf98747e8f16dff9713ba8950097ceb760b161e19907,Domains_Alloy
2249,-8.839875624035029,-7.191367939114571,1.02,0.289229980172,86dd3a804d78ca5d203ebf98747e8f16dff9713ba8950097ceb760b161e19907,Domains_Alloy
2250,-8.840867286289745,-7.191367939114571,1.02,0.289229980172,86dd3a804d78ca5d203ebf98747e8f16dff9713ba8950097ceb760b161e19907,Domains_Alloy
2251,-8.841859063403023,-7.191367939114571,1.02,0.289229980172,86dd3a804d78ca5d203ebf98747e8f16dff9713ba8950097ceb760b161e19907,Domains_Alloy
2252,-8.842850955323867,-7.191367939114571,1.02,0.289229980172,86dd3a804d78ca5d203ebf98747e8f16dff9713ba8950097ceb760b161e19907,Domains_Alloy
2253,-8.843842962001338,-7.191367939114571,1.02,0.289229980172,86dd3a804d78ca5d203ebf98747e8f16dff9713ba8950097ceb760b161e19907,Domains_Alloy
2254,-8.844835083384531,-7.191367939114571,1.02,0.289229980172,86dd3a804d78ca5d203ebf98747e8f16dff9713ba8950097ceb760b161e19907,Domains_Alloy
2255,-8.845827319422597,-7.191367939114571,1.02,0.289229980172,86dd3a804d78ca5d203ebf98747e8f16dff9713ba8950097ceb760b161e19907,Domains_Alloy
2256,-8.846819670064718,-7.191367939114571,1.02,0.289229980172,86dd3a804d78ca5d203ebf98747e8f16dff9713ba8950097ceb760b161e19907,Domains_Alloy
2257,-8.847812135260133,-7.191367939114571,1.02,0.289229980172,86dd3a804d78ca5d203ebf98747e8f16dff9713ba8950097ceb760b161e19907,Domains_Alloy
2258,-8.848804714958122,-7.191367939114571,1.02,0.289229980172,86dd3a804d78ca5d203ebf98747e8f16dff9713ba8950097ceb760b161e19907,Domains_Alloy
2259,-8.84979740910801,-7.191367939114571,1.02,0.289229980172,86dd3a804d78ca5d203ebf98747e8f16dff9713ba8950097ceb760b161e19907,Domains_Alloy
2260,-8.850790217659167,-7.191367939114571,1.02,0.289229980172,86dd3a804d78ca5d203ebf98747e8f16dff9713ba8950097ceb760b161e19907,Domains_Alloy
2261,-8.851783140561006,-7.191367939114571,1.02,0.289229980172,86dd3a804d78ca5d203ebf98747e8f16dff9713ba8950097ceb760b161e19907,Domains_Alloy
2262,-8.852776177762987,-7.191367939114571,1.02,0.289229980172,86dd3a804d78ca5d203ebf98747e8f16dff9713ba8950097ceb760b161e19907,Domains_Alloy
2263,-8.853769329214611,-7.191367939114571,1.02,0.289229980172,86dd3a804d78ca5d203ebf98747e8f16dff9713ba8950097ceb760b161e19907,Domains_Alloy
2264,-8.854762594865431,-7.191367939114571,1.02,0.289229980172,86dd3a804d78ca5d203ebf98747e8f16dff9713ba8950097ceb760b161e19907,Domains_Alloy
2265,-8.855755974665033,-7.191367939114571,1.02,0.289229980172,86dd3a804d78ca5d203ebf98747e8f16dff9713ba8950097ceb760b161e19907,Domains_Alloy
2266,-8.856749468563065,-7.191367939114571,1.02,0.289229980172,86dd3a804d78ca5d203ebf98747e8f16dff9713ba8950097ceb760b161e19907,Domains_Alloy
2267,-8.857743076509198,-7.191367939114571,1.02,0.289229980172,86dd3a804d78ca5d203ebf98747e8f16dff9713ba8950097ceb760b161e19907,Domains_Alloy
2268,-8.858736798453164,-7.191367939114571,1.02,0.289229980172,86dd3a804d78ca5d203ebf98747e8f16dff9713ba8950097ceb760b161e19907,Domains_Alloy
2269,-8.859730634344729,-7.191367939114571,1.02,0.289229980172,86dd3a804d78ca5d203ebf98747e8f16dff9713ba8950097ceb760b161e19907,Domains_Alloy
2270,-8.86072458413371,-7.191367939114571,1.02,0.289229980172,86dd3a804d78ca5d203ebf98747e8f16dff9713ba8950097ceb760b161e19907,Domains_Alloy
2271,-8.861718647769969,-7.191367939114571,1.02,0.289229980172,86dd3a804d78ca5d203ebf98747e8f16dff9713ba8950097ceb760b161e19907,Domains_Alloy
2272,-8.862712825203404,-7.191367939114571,1.02,0.289229980172,86dd3a804d78ca5d203ebf98747e8f16dff9713ba8950097ceb760b161e19907,Domains_Alloy
2273,-8.863707116383962,-7.191367939114571,1.02,0.289229980172,86dd3a804d78ca5d203ebf98747e8f16dff9713ba8950097ceb760b161e19907,Domains_Alloy
2274,-8.864701521261638,-7.191367939114571,1.02,0.289229980172,86dd3a804d78ca5d203ebf98747e8f16dff9713ba8950097ceb760b161e19907,Domains_Alloy
2275,-8.865696039786462,-7.191367939114571,1.02,0.289229980172,86dd3a804d78ca5d203ebf98747e8f16dff9713ba8950097ceb760b161e19907,Domains_Alloy
2276,-8.866690671908517,-7.191367939114571,1.02,0.289229980172,86dd3a804d78ca5d203ebf98747e8f16dff9713ba8950097ceb760b161e19907,Domains_Alloy
2277,-8.867685417577921,-7.191367939114571,1.02,0.289229980172,86dd3a804d78ca5d203ebf98747e8f16dff9713ba8950097ceb760b161e19907,Domains_Alloy
2278,-8.868680276744842,-7.191367939114571,1.02,0.289229980172,86dd3a804d78ca5d203ebf98747e8f16dff9713ba8950097ceb760b161e19907,Domains_Alloy
2279,-8.869675249359494,-7.191367939114571,1.02,0.289229980172,86dd3a804d78ca5d203ebf98747e8f16dff9713ba8950097ceb760b161e19907,Domains_Alloy
2280,-8.870670335372123,-7.191367939114571,1.02,0.289229980172,86dd3a804d78ca5d203ebf98747e8f16dff9713ba8950097ceb760b161e19907,Domains_Alloy
2281,-8.871665534733033,-7.191367939114571,1.02,0.289229980172,86dd3a804d78ca5d203ebf98747e8f16dff9713ba8950097ceb760b161e19907,Domains_Alloy
2282,-8.872660847392561,-7.191367939114571,1.02,0.289229980172,86dd3a804d78ca5d203ebf98747e8f16dff9713ba8950097ceb760b161e19907,Domains_Alloy
2283,-8.873656273301094,-7.191367939114571,1.02,0.289229980172,86dd3a804d78ca5d203ebf98747e8f16dff9713ba8950097ceb760b161e19907,Domains_Alloy
2284,-8.874651812409057,-7.191367939114571,1.02,0.289229980172,86dd3a804d78ca5d203ebf98747e8f16dff9713ba8950097ceb760b161e19907,Domains_Alloy
2285,-8.875647464666923,-7.191367939114571,1.02,0.289229980172,86dd3a804d78ca5d203ebf98747e8f16dff9713ba8950097ceb760b161e19907,Domains_Alloy
2286,-8.876643230025207,-7.191367939114571,1.02,0.289229980172,86dd3a804d78ca5d203ebf98747e8f16dff9713ba8950097ceb760b161e19907,Domains_Alloy
2287,-8.87763910843446,-7.191367939114571,1.02,0.289229980172,86dd3a804d78ca5d203ebf98747e8f16dff9713ba8950097ceb760b161e19907,Domains_Alloy
2288,-8.878635099845294,-7.191367939114571,1.02,0.289229980172,86dd3a804d78ca5d203ebf98747e8f16dff9713ba8950097ceb760b161e19907,Domains_Alloy
2289,-8.879631204208343,-7.191367939114571,1.02,0.289229980172,86dd3a804d78ca5d203ebf98747e8f16dff9713ba8950097ceb760b161e19907,Domains_Alloy
2290,-8.8806274214743,-7.191367939114571,1.02,0.289229980172,86dd3a804d78ca5d203ebf98747e8f16dff9713ba8950097ceb760b161e19907,Domains_Alloy
2291,-8.881623751593891,-7.191367939114571,1.02,0.289229980172,86dd3a804d78ca5d203ebf98747e8f16dff9713ba8950097ceb760b161e19907,Domains_Alloy
2292,-8.882620194517891,-7.191367939114571,1.02,0.289229980172,86dd3a804d78ca5d203ebf98747e8f16dff9713ba8950097ceb760b161e19907,Domains_Alloy
2293,-8.883616750197117,-7.191367939114571,1.02,0.289229980172,86dd3a804d78ca5d203ebf98747e8f16dff9713ba8950097ceb760b161e19907,Domains_Alloy
2294,-8.884613418582425,-7.191367939114571,1.02,0.289229980172,86dd3a804d78ca5d203ebf98747e8f16dff9713ba8950097ceb760b161e19907,Domains_Alloy
2295,-8.885610199624718,-7.191367939114571,1.02,0.289229980172,86dd3a804d78ca5d203ebf98747e8f16dff9713ba8950097ceb760b161e19907,Domains_Alloy
2296,-8.886607093274943,-7.191367939114571,1.02,0.289229980172,86dd3a804d78ca5d203ebf98747e8f16dff9713ba8950097ceb760b161e19907,Domains_Alloy
2297,-8.887604099484083,-7.191367939114571,1.02,0.289229980172,86dd3a804d78ca5d203ebf98747e8f16dff9713ba8950097ceb760b161e19907,Domains_Alloy
2298,-8.888601218203169,-7.191367939114571,1.02,0.289229980172,86dd3a804d78ca5d203ebf98747e8f16dff9713ba8950097ceb760b161e19907,Domains_Alloy
2299,-8.889598449383271,-7.191367939114571,1.02,0.289229980172,86dd3a804d78ca5d203ebf98747e8f16dff9713ba8950097ceb760b161e19907,Domains_Alloy
2300,-8.89059579297551,-7.191367939114571,1.02,0.289229980172,86dd3a804d78ca5d203ebf98747e8f16dff9713ba8950097ceb760b161e19907,Domains_Alloy
2301,-8.891593248931038,-7.191367939114571,1.02,0.289229980172,86dd3a804d78ca5d203ebf98747e8f16dff9713ba8950097ceb760b161e19907,Domains_Alloy
2302,-8.892590817201055,-7.191367939114571,1.02,0.289229980172,86dd3a804d78ca5d203ebf98747e8f16dff9713ba8950097ceb760b161e19907,Domains_Alloy
2303,-8.893588497736804,-7.191367939114571,1.02,0.289229980172,86dd3a804d78ca5d203ebf98747e8f16dff9713ba8950097ceb760b161e19907,Domains_Alloy
2304,-8.894586290489571,-7.191367939114571,1.02,0.289229980172,86dd3a804d78ca5d203ebf98747e8f16dff9713ba8950097ceb760b161e19907,Domains_Alloy
2305,-8.895584195410677,-7.191367939114571,1.02,0.289229980172,86dd3a804d78ca5d203ebf98747e8f16dff9713ba8950097ceb760b161e19907,Domains_Alloy
2306,-8.896582212451497,-7.191367939114571,1.02,0.289229980172,86dd3a804d78ca5d203ebf98747e8f16dff9713ba8950097ceb760b161e19907,Domains_Alloy
2307,-8.897580341563438,-7.191367939114571,1.02,0.289229980172,86dd3a804d78ca5d203ebf98747e8f16dff9713ba8950097ceb760b161e19907,Domains_Alloy
2308,-8.898578582697956,-7.191367939114571,1.02,0.289229980172,86dd3a804d78ca5d203ebf98747e8f16dff9713ba8950097ceb760b161e19907,Domains_Alloy
2309,-8.899576935806543,-7.191367939114571,1.02,0.289229980172,86dd3a804d78ca5d203ebf98747e8f16dff9713ba8950097ceb760b161e19907,Domains_Alloy
2310,-8.900575400840735,-7.191367939114571,1.02,0.289229980172,86dd3a804d78ca5d203ebf98747e8f16dff9713ba8950097ceb760b161e19907,Domains_Alloy
2311,-8.901573977752117,-7.191367939114571,1.02,0.289229980172,86dd3a804d78ca5d203ebf98747e8f16dff9713ba8950097ceb760b161e19907,Domains_Alloy
2312,-8.902572666492304,-7.191367939114571,1.02,0.289229980172,86dd3a804d78ca5d203ebf98747e8f16dff9713ba8950097ceb760b161e19907,Domains_Alloy
2313,-8.903571467012959,-7.191367939114571,1.02,0.289229980172,86dd3a804d78ca5d203ebf98747e8f16dff9713ba8950097ceb760b161e19907,Domains_Alloy
2314,-8.904570379265788,-7.191367939114571,1.02,0.289229980172,86dd3a804d78ca5d203ebf98747e8f16dff9713ba8950097ceb760b161e19907,Domains_Alloy
2315,-8.905569403202536,-7.191367939114571,1.02,0.289229980172,86dd3a804d78ca5d203ebf98747e8f16dff9713ba8950097ceb760b161e19907,Domains_Alloy
2316,-8.906568538774994,-7.191367939114571,1.02,0.289229980172,86dd3a804d78ca5d203ebf98747e8f16dff9713ba8950097ceb760b161e19907,Domains_Alloy
2317,-8.907567785934987,-7.191367939114571,1.02,0.289229980172,86dd3a804d78ca5d203ebf98747e8f16dff9713ba8950097ceb760b161e19907,Domains_Alloy
2318,-8.908567144634386,-7.191367939114571,1.02,0.289229980172,86dd3a804d78ca5d203ebf98747e8f16dff9713ba8950097ceb760b161e19907,Domains_Alloy
2319,-8.909566614825103,-7.191367939114571,1.02,0.289229980172,86dd3a804d78ca5d203ebf98747e8f16dff9713ba8950097ceb760b161e19907,Domains_Alloy
2320,-8.910566196459095,-7.191367939114571,1.02,0.289229980172,86dd3a804d78ca5d203ebf98747e8f16dff9713ba8950097ceb760b161e19907,Domains_Alloy
2321,-8.911565889488354,-7.191367939114571,1.02,0.289229980172,86dd3a804d78ca5d203ebf98747e8f16dff9713ba8950097ceb760b161e19907,Domains_Alloy
2322,-8.91256569386492,-7.191367939114571,1.02,0.289229980172,86dd3a804d78ca5d203ebf98747e8f16dff9713ba8950097ceb760b161e19907,Domains_Alloy
2323,-8.913565609540868,-7.191367939114571,1.02,0.289229980172,86dd3a804d78ca5d203ebf98747e8f16dff9713ba8950097ceb760b161e19907,Domains_Alloy
2324,-8.914565636468314,-7.191367939114571,1.02,0.289229980172,86dd3a804d78ca5d203ebf98747e8f16dff9713ba8950097ceb760b161e19907,Domains_Alloy
2325,-8.91556577459942,-7.191367939114571,1.02,0.289229980172,86dd3a804d78ca5d203ebf98747e8f16dff9713ba8950097ceb760b161e19907,Domains_Alloy
2326,-8.916566023886393,-7.191367939114571,1.02,0.289229980172,86dd3a804d78ca5d203ebf98747e8f16dff9713ba8950097ceb760b161e19907,Domains_Alloy
2327,-8.917566384281468,-7.191367939114571,1.02,0.289229980172,86dd3a804d78ca5d203ebf98747e8f16dff9713ba8950097ceb760b161e19907,Domains_Alloy
