      Step     Time          Energy          fmax
FIRE:    0 22:28:36    -1493.027223       12.014555
FIRE:    1 22:28:46    -1502.528152        7.061481
FIRE:    2 22:29:05    -1509.471256        5.218919
FIRE:    3 22:29:15    -1514.443927        4.190337
FIRE:    4 22:29:28    -1517.931202        3.639830
FIRE:    5 22:29:28    -1520.370775        3.068545
FIRE:    6 22:29:28    -1522.156901        3.153485
FIRE:    7 22:29:29    -1523.636483        3.381954
FIRE:    8 22:29:29    -1525.145493        3.802942
FIRE:    9 22:29:29    -1526.861857        3.850886
FIRE:   10 22:29:29    -1528.698991        3.572100
FIRE:   11 22:29:29    -1530.395386        2.988582
FIRE:   12 22:29:29    -1531.738294        2.095726
FIRE:   13 22:29:29    -1532.687363        1.861719
FIRE:   14 22:29:29    -1533.341273        2.065907
FIRE:   15 22:29:29    -1533.850965        1.925897
FIRE:   16 22:29:29    -1534.363912        1.928439
FIRE:   17 22:29:29    -1534.944298        1.873819
FIRE:   18 22:29:29    -1535.496220        1.398653
FIRE:   19 22:29:30    -1535.886745        1.389533
FIRE:   20 22:29:30    -1536.177881        1.736280
FIRE:   21 22:29:30    -1536.551460        1.674740
FIRE:   22 22:29:30    -1536.945455        1.428228
FIRE:   23 22:29:30    -1537.202945        1.295844
FIRE:   24 22:29:30    -1537.522944        1.592764
FIRE:   25 22:29:30    -1537.906813        0.546838
FIRE:   26 22:29:30    -1537.937970        0.454790
FIRE:   27 22:29:30    -1537.987497        0.399214
FIRE:   28 22:29:30    -1538.044978        0.382198
FIRE:   29 22:29:30    -1538.112632        0.383363
FIRE:   30 22:29:30    -1538.194809        0.338386
FIRE:   31 22:29:31    -1538.284369        0.322874
FIRE:   32 22:29:31    -1538.369303        0.303156
FIRE:   33 22:29:31    -1538.457227        0.356919
FIRE:   34 22:29:31    -1538.554284        0.286988
FIRE:   35 22:29:31    -1538.652231        0.251172
FIRE:   36 22:29:31    -1538.749616        0.302125
FIRE:   37 22:29:31    -1538.856917        0.223582
FIRE:   38 22:29:31    -1538.969045        0.273187
FIRE:   39 22:29:31    -1539.098801        0.221047
FIRE:   40 22:29:31    -1539.237455        0.203110
FIRE:   41 22:29:31    -1539.374737        0.261945
FIRE:   42 22:29:31    -1539.485099        0.344848
FIRE:   43 22:29:31    -1539.570326        0.362729
FIRE:   44 22:29:32    -1539.639759        0.395297
FIRE:   45 22:29:32    -1539.698615        0.483102
FIRE:   46 22:29:32    -1539.723892        0.156878
FIRE:   47 22:29:32    -1539.724377        0.454547
FIRE:   48 22:29:32    -1539.732570        0.341378
FIRE:   49 22:29:32    -1539.742562        0.157443
FIRE:   50 22:29:32    -1539.748030        0.142156
FIRE:   51 22:29:32    -1539.750050        0.262910
FIRE:   52 22:29:32    -1539.751035        0.247336
FIRE:   53 22:29:32    -1539.752818        0.217604
FIRE:   54 22:29:32    -1539.755140        0.177164
FIRE:   55 22:29:32    -1539.757676        0.144939
FIRE:   56 22:29:33    -1539.760147        0.132334
FIRE:   57 22:29:33    -1539.762447        0.130909
FIRE:   58 22:29:33    -1539.764645        0.129520
FIRE:   59 22:29:33    -1539.767214        0.136410
FIRE:   60 22:29:33    -1539.770573        0.158576
FIRE:   61 22:29:33    -1539.775152        0.160414
FIRE:   62 22:29:33    -1539.781147        0.137569
FIRE:   63 22:29:33    -1539.788341        0.114369
FIRE:   64 22:29:33    -1539.796259        0.109267
FIRE:   65 22:29:33    -1539.805004        0.117581
FIRE:   66 22:29:33    -1539.815610        0.130525
FIRE:   67 22:29:33    -1539.828677        0.099595
FIRE:   68 22:29:33    -1539.843231        0.094989
FIRE:   69 22:29:34    -1539.859397        0.132718
FIRE:   70 22:29:34    -1539.878933        0.103833
FIRE:   71 22:29:34    -1539.900636        0.106105
FIRE:   72 22:29:34    -1539.925687        0.106582
FIRE:   73 22:29:34    -1539.954154        0.113368
FIRE:   74 22:29:34    -1539.986543        0.100112
FIRE:   75 22:29:34    -1540.021837        0.124291
FIRE:   76 22:29:34    -1540.060889        0.131856
FIRE:   77 22:29:34    -1540.102958        0.129242
FIRE:   78 22:29:34    -1540.146275        0.203057
FIRE:   79 22:29:34    -1540.180367        0.440053
FIRE:   80 22:29:34    -1540.199106        0.084592
FIRE:   81 22:29:35    -1540.190532        0.353162
FIRE:   82 22:29:35    -1540.195619        0.277308
FIRE:   83 22:29:35    -1540.201827        0.143906
FIRE:   84 22:29:35    -1540.204573        0.083852
FIRE:   85 22:29:35    -1540.203466        0.189071
FIRE:   86 22:29:35    -1540.203848        0.179855
FIRE:   87 22:29:35    -1540.204550        0.161968
FIRE:   88 22:29:35    -1540.205443        0.136540
FIRE:   89 22:29:35    -1540.206399        0.105512
FIRE:   90 22:29:35    -1540.207286        0.085478
FIRE:   91 22:29:35    -1540.208014        0.081141
FIRE:   92 22:29:35    -1540.208601        0.080211
FIRE:   93 22:29:36    -1540.209169        0.081971
FIRE:   94 22:29:36    -1540.209866        0.088815
FIRE:   95 22:29:36    -1540.210925        0.098414
FIRE:   96 22:29:36    -1540.212492        0.093289
FIRE:   97 22:29:36    -1540.214582        0.081654
FIRE:   98 22:29:36    -1540.216994        0.079878
FIRE:   99 22:29:36    -1540.219523        0.083198
FIRE:  100 22:29:36    -1540.222363        0.089436
FIRE:  101 22:29:36    -1540.226116        0.090467
FIRE:  102 22:29:36    -1540.230933        0.081302
FIRE:  103 22:29:36    -1540.236250        0.078794
FIRE:  104 22:29:36    -1540.242426        0.080023
FIRE:  105 22:29:36    -1540.250315        0.077252
FIRE:  106 22:29:37    -1540.259173        0.082696
FIRE:  107 22:29:37    -1540.269894        0.079551
FIRE:  108 22:29:37    -1540.282371        0.075139
FIRE:  109 22:29:37    -1540.297239        0.072629
FIRE:  110 22:29:37    -1540.314094        0.091839
FIRE:  111 22:29:37    -1540.334033        0.074613
FIRE:  112 22:29:37    -1540.356966        0.081598
FIRE:  113 22:29:37    -1540.382444        0.097239
FIRE:  114 22:29:37    -1540.405575        0.259847
FIRE:  115 22:29:37    -1540.385701        0.697284
FIRE:  116 22:29:37    -1540.445384        0.095818
FIRE:  117 22:29:37    -1540.445964        0.072396
FIRE:  118 22:29:38    -1540.446729        0.064444
FIRE:  119 22:29:38    -1540.447364        0.063149
FIRE:  120 22:29:38    -1540.447970        0.067167
FIRE:  121 22:29:38    -1540.448923        0.068978
FIRE:  122 22:29:38    -1540.450322        0.066655
FIRE:  123 22:29:38    -1540.451894        0.064831
FIRE:  124 22:29:38    -1540.453582        0.068372
FIRE:  125 22:29:38    -1540.455609        0.072367
FIRE:  126 22:29:38    -1540.458430        0.069046
FIRE:  127 22:29:38    -1540.461823        0.065277
FIRE:  128 22:29:38    -1540.465723        0.067230
FIRE:  129 22:29:38    -1540.470850        0.064743
FIRE:  130 22:29:39    -1540.476732        0.069649
FIRE:  131 22:29:39    -1540.484170        0.063230
FIRE:  132 22:29:39    -1540.492766        0.063494
FIRE:  133 22:29:39    -1540.503340        0.063191
FIRE:  134 22:29:39    -1540.515911        0.057092
FIRE:  135 22:29:39    -1540.530802        0.055475
FIRE:  136 22:29:39    -1540.548403        0.058143
FIRE:  137 22:29:39    -1540.567444        0.133494
FIRE:  138 22:29:39    -1540.566344        0.557046
FIRE:  139 22:29:39    -1540.591552        0.117555
FIRE:  140 22:29:39    -1540.592188        0.084148
FIRE:  141 22:29:39    -1540.592900        0.051961
FIRE:  142 22:29:40    -1540.593265        0.058450
FIRE:  143 22:29:40    -1540.593534        0.092935
FIRE:  144 22:29:40    -1540.594196        0.096451
FIRE:  145 22:29:40    -1540.595291        0.069437
FIRE:  146 22:29:40    -1540.596443        0.051452
FIRE:  147 22:29:40    -1540.597487        0.055762
FIRE:  148 22:29:40    -1540.598810        0.071968
FIRE:  149 22:29:40    -1540.600847        0.052317
FIRE:  150 22:29:40    -1540.603101        0.053892
FIRE:  151 22:29:40    -1540.605696        0.072320
FIRE:  152 22:29:40    -1540.609273        0.050165
FIRE:  153 22:29:40    -1540.613189        0.065044
FIRE:  154 22:29:40    -1540.618385        0.049163
FIRE:  155 22:29:41    -1540.624253        0.068689
FIRE:  156 22:29:41    -1540.631505        0.070094
FIRE:  157 22:29:41    -1540.640213        0.064561
FIRE:  158 22:29:41    -1540.650236        0.074682
FIRE:  159 22:29:41    -1540.660356        0.174125
FIRE:  160 22:29:41    -1540.658982        0.470907
FIRE:  161 22:29:41    -1540.676082        0.055092
FIRE:  162 22:29:41    -1540.676228        0.046964
FIRE:  163 22:29:41    -1540.676478        0.045355
FIRE:  164 22:29:41    -1540.676757        0.044561
FIRE:  165 22:29:41    -1540.677083        0.044647
FIRE:  166 22:29:41    -1540.677528        0.044737
FIRE:  167 22:29:42    -1540.678095        0.044496
FIRE:  168 22:29:42    -1540.678759        0.044506
FIRE:  169 22:29:42    -1540.679537        0.045319
FIRE:  170 22:29:42    -1540.680510        0.045980
FIRE:  171 22:29:42    -1540.681773        0.045085
FIRE:  172 22:29:42    -1540.683328        0.043800
FIRE:  173 22:29:42    -1540.685208        0.043449
FIRE:  174 22:29:42    -1540.687585        0.043084
FIRE:  175 22:29:42    -1540.690424        0.043901
FIRE:  176 22:29:42    -1540.693949        0.041843
FIRE:  177 22:29:42    -1540.698176        0.040621
FIRE:  178 22:29:42    -1540.703294        0.041650
FIRE:  179 22:29:43    -1540.709408        0.037910
FIRE:  180 22:29:43    -1540.716621        0.046303
FIRE:  181 22:29:43    -1540.724643        0.084550
FIRE:  182 22:29:43    -1540.729982        0.247067
FIRE:  183 22:29:43    -1540.734960        0.033264
FIRE:  184 22:29:43    -1540.731735        0.215543
FIRE:  185 22:29:43    -1540.733440        0.163137
FIRE:  186 22:29:43    -1540.735329        0.073837
FIRE:  187 22:29:43    -1540.735778        0.052156
FIRE:  188 22:29:43    -1540.735812        0.050223
FIRE:  189 22:29:43    -1540.735868        0.046635
FIRE:  190 22:29:43    -1540.735942        0.041889
FIRE:  191 22:29:44    -1540.736035        0.036910
FIRE:  192 22:29:44    -1540.736131        0.033508
FIRE:  193 22:29:44    -1540.736219        0.032997
FIRE:  194 22:29:44    -1540.736323        0.032708
FIRE:  195 22:29:44    -1540.736448        0.032826
FIRE:  196 22:29:44    -1540.736607        0.034686
FIRE:  197 22:29:44    -1540.736808        0.035168
FIRE:  198 22:29:44    -1540.737076        0.033665
FIRE:  199 22:29:44    -1540.737415        0.032689
FIRE:  200 22:29:44    -1540.737816        0.033090
FIRE:  201 22:29:44    -1540.738281        0.034025
FIRE:  202 22:29:44    -1540.738872        0.036082
FIRE:  203 22:29:45    -1540.739613        0.033698
FIRE:  204 22:29:45    -1540.740506        0.032896
FIRE:  205 22:29:45    -1540.741577        0.032522
FIRE:  206 22:29:45    -1540.742909        0.032485
FIRE:  207 22:29:45    -1540.744516        0.033080
FIRE:  208 22:29:45    -1540.746465        0.034097
FIRE:  209 22:29:45    -1540.748828        0.032233
FIRE:  210 22:29:45    -1540.751665        0.031651
FIRE:  211 22:29:45    -1540.755072        0.033395
FIRE:  212 22:29:45    -1540.759156        0.030952
FIRE:  213 22:29:45    -1540.764033        0.030077
FIRE:  214 22:29:45    -1540.769822        0.032505
FIRE:  215 22:29:45    -1540.776568        0.054727
FIRE:  216 22:29:46    -1540.782856        0.204747
FIRE:  217 22:29:46    -1540.772294        0.701455
FIRE:  218 22:29:46    -1540.792261        0.160603
FIRE:  219 22:29:46    -1540.792878        0.113760
FIRE:  220 22:29:46    -1540.793481        0.039657
FIRE:  221 22:29:46    -1540.793525        0.061523
FIRE:  222 22:29:46    -1540.793559        0.057533
FIRE:  223 22:29:46    -1540.793620        0.050078
FIRE:  224 22:29:46    -1540.793709        0.040366
FIRE:  225 22:29:46    -1540.793785        0.030916
FIRE:  226 22:29:46    -1540.793863        0.026066
FIRE:  227 22:29:46    -1540.793939        0.028815
FIRE:  228 22:29:47    -1540.794014        0.035168
FIRE:  229 22:29:47    -1540.794108        0.040865
FIRE:  230 22:29:47    -1540.794253        0.042855
FIRE:  231 22:29:47    -1540.794438        0.039595
FIRE:  232 22:29:47    -1540.794681        0.031881
FIRE:  233 22:29:47    -1540.794959        0.026128
FIRE:  234 22:29:47    -1540.795280        0.030035
FIRE:  235 22:29:47    -1540.795672        0.034657
FIRE:  236 22:29:47    -1540.796189        0.030666
FIRE:  237 22:29:47    -1540.796811        0.026249
FIRE:  238 22:29:47    -1540.797550        0.034089
FIRE:  239 22:29:47    -1540.798466        0.032389
FIRE:  240 22:29:48    -1540.799588        0.026347
FIRE:  241 22:29:48    -1540.800934        0.031556
FIRE:  242 22:29:48    -1540.802581        0.026476
FIRE:  243 22:29:48    -1540.804556        0.032649
FIRE:  244 22:29:48    -1540.806945        0.030407
FIRE:  245 22:29:48    -1540.809825        0.026398
FIRE:  246 22:29:48    -1540.813274        0.025450
FIRE:  247 22:29:48    -1540.817362        0.030562
FIRE:  248 22:29:48    -1540.822038        0.080695
FIRE:  249 22:29:48    -1540.825243        0.258798
FIRE:  250 22:29:48    -1540.827912        0.025860
FIRE:  251 22:29:48    -1540.827952        0.024861
FIRE:  252 22:29:48    -1540.828017        0.023675
FIRE:  253 22:29:49    -1540.828106        0.023204
FIRE:  254 22:29:49    -1540.828246        0.023477
FIRE:  255 22:29:49    -1540.828403        0.023702
FIRE:  256 22:29:49    -1540.828597        0.023472
FIRE:  257 22:29:49    -1540.828823        0.023267
FIRE:  258 22:29:49    -1540.829113        0.023729
FIRE:  259 22:29:49    -1540.829471        0.024320
FIRE:  260 22:29:49    -1540.829930        0.023817
FIRE:  261 22:29:49    -1540.830495        0.023083
FIRE:  262 22:29:49    -1540.831194        0.023176
FIRE:  263 22:29:49    -1540.832060        0.022930
FIRE:  264 22:29:49    -1540.833133        0.023716
FIRE:  265 22:29:50    -1540.834445        0.022754
FIRE:  266 22:29:50    -1540.836048        0.022502
FIRE:  267 22:29:50    -1540.838005        0.023007
FIRE:  268 22:29:50    -1540.840380        0.021598
FIRE:  269 22:29:50    -1540.843250        0.022116
FIRE:  270 22:29:50    -1540.846702        0.024120
FIRE:  271 22:29:50    -1540.850613        0.064893
FIRE:  272 22:29:50    -1540.852119        0.234885
FIRE:  273 22:29:50    -1540.855580        0.039387
FIRE:  274 22:29:50    -1540.855639        0.031445
FIRE:  275 22:29:50    -1540.855739        0.021179
FIRE:  276 22:29:50    -1540.855815        0.023054
FIRE:  277 22:29:51    -1540.855916        0.029701
FIRE:  278 22:29:51    -1540.856054        0.031157
FIRE:  279 22:29:51    -1540.856239        0.026205
FIRE:  280 22:29:51    -1540.856462        0.020439
FIRE:  281 22:29:51    -1540.856699        0.023389
FIRE:  282 22:29:51    -1540.857007        0.027853
FIRE:  283 22:29:51    -1540.857416        0.022344
FIRE:  284 22:29:51    -1540.857903        0.021988
FIRE:  285 22:29:51    -1540.858505        0.025916
FIRE:  286 22:29:51    -1540.859277        0.019355
FIRE:  287 22:29:51    -1540.860184        0.026005
FIRE:  288 22:29:51    -1540.861344        0.019405
FIRE:  289 22:29:51    -1540.862724        0.024195
FIRE:  290 22:29:52    -1540.864417        0.027688
FIRE:  291 22:29:52    -1540.866472        0.028899
FIRE:  292 22:29:52    -1540.868894        0.036800
FIRE:  293 22:29:52    -1540.871530        0.087429
FIRE:  294 22:29:52    -1540.872530        0.232504
FIRE:  295 22:29:52    -1540.875371        0.022034
FIRE:  296 22:29:52    -1540.875395        0.021020
FIRE:  297 22:29:52    -1540.875444        0.019763
FIRE:  298 22:29:52    -1540.875512        0.019228
FIRE:  299 22:29:52    -1540.875609        0.019462
FIRE:  300 22:29:52    -1540.875718        0.019656
FIRE:  301 22:29:52    -1540.875861        0.019369
FIRE:  302 22:29:53    -1540.876025        0.019110
FIRE:  303 22:29:53    -1540.876240        0.019545
FIRE:  304 22:29:53    -1540.876499        0.020213
FIRE:  305 22:29:53    -1540.876824        0.019773
FIRE:  306 22:29:53    -1540.877240        0.018968
FIRE:  307 22:29:53    -1540.877748        0.019081
FIRE:  308 22:29:53    -1540.878386        0.018847
FIRE:  309 22:29:53    -1540.879173        0.019687
FIRE:  310 22:29:53    -1540.880132        0.018994
FIRE:  311 22:29:53    -1540.881319        0.018975
FIRE:  312 22:29:53    -1540.882778        0.019611
FIRE:  313 22:29:53    -1540.884556        0.018787
FIRE:  314 22:29:53    -1540.886723        0.019248
FIRE:  315 22:29:54    -1540.889361        0.019103
FIRE:  316 22:29:54    -1540.892541        0.027018
FIRE:  317 22:29:54    -1540.895964        0.091982
FIRE:  318 22:29:54    -1540.892047        0.430262
FIRE:  319 22:29:54    -1540.899684        0.159546
FIRE:  320 22:29:54    -1540.900381        0.104806
FIRE:  321 22:29:54    -1540.900936        0.022659
FIRE:  322 22:29:54    -1540.900779        0.081776
FIRE:  323 22:29:54    -1540.900833        0.075364
FIRE:  324 22:29:54    -1540.900915        0.063176
FIRE:  325 22:29:54    -1540.901017        0.046743
FIRE:  326 22:29:54    -1540.901107        0.029111
FIRE:  327 22:29:55    -1540.901151        0.019482
FIRE:  328 22:29:55    -1540.901185        0.027375
FIRE:  329 22:29:55    -1540.901203        0.038378
FIRE:  330 22:29:55    -1540.901243        0.045344
FIRE:  331 22:29:55    -1540.901327        0.045299
FIRE:  332 22:29:55    -1540.901456        0.037032
FIRE:  333 22:29:55    -1540.901618        0.023277
FIRE:  334 22:29:55    -1540.901775        0.022356
FIRE:  335 22:29:55    -1540.901947        0.036595
FIRE:  336 22:29:55    -1540.902149        0.041006
FIRE:  337 22:29:55    -1540.902460        0.028723
FIRE:  338 22:29:55    -1540.902804        0.020748
FIRE:  339 22:29:56    -1540.903188        0.033366
FIRE:  340 22:29:56    -1540.903716        0.024073
FIRE:  341 22:29:56    -1540.904329        0.028461
FIRE:  342 22:29:56    -1540.905060        0.031936
FIRE:  343 22:29:56    -1540.905978        0.024383
FIRE:  344 22:29:56    -1540.907070        0.023195
FIRE:  345 22:29:56    -1540.908378        0.039875
FIRE:  346 22:29:56    -1540.910003        0.029954
FIRE:  347 22:29:56    -1540.911942        0.029073
FIRE:  348 22:29:56    -1540.914233        0.038899
FIRE:  349 22:29:56    -1540.916512        0.111400
FIRE:  350 22:29:56    -1540.914548        0.340131
FIRE:  351 22:29:57    -1540.920250        0.065963
FIRE:  352 22:29:57    -1540.920363        0.049028
FIRE:  353 22:29:57    -1540.920486        0.023946
FIRE:  354 22:29:57    -1540.920544        0.025771
FIRE:  355 22:29:57    -1540.920586        0.043008
FIRE:  356 22:29:57    -1540.920696        0.046165
FIRE:  357 22:29:57    -1540.920871        0.034193
FIRE:  358 22:29:57    -1540.921070        0.019145
FIRE:  359 22:29:57    -1540.921249        0.031114
FIRE:  360 22:29:57    -1540.921458        0.042234
FIRE:  361 22:29:57    -1540.921802        0.030912
FIRE:  362 22:29:57    -1540.922197        0.021137
FIRE:  363 22:29:57    -1540.922621        0.034455
FIRE:  364 22:29:58    -1540.923240        0.019493
FIRE:  365 22:29:58    -1540.923918        0.037202
FIRE:  366 22:29:58    -1540.924833        0.020933
FIRE:  367 22:29:58    -1540.925855        0.038161
FIRE:  368 22:29:58    -1540.927185        0.031031
FIRE:  369 22:29:58    -1540.928799        0.018443
FIRE:  370 22:29:58    -1540.930745        0.021383
FIRE:  371 22:29:58    -1540.933028        0.054098
FIRE:  372 22:29:58    -1540.934579        0.165013
FIRE:  373 22:29:58    -1540.936070        0.021259
FIRE:  374 22:29:58    -1540.936088        0.020185
FIRE:  375 22:29:58    -1540.936131        0.018885
FIRE:  376 22:29:59    -1540.936190        0.018366
FIRE:  377 22:29:59    -1540.936272        0.018635
FIRE:  378 22:29:59    -1540.936375        0.018806
FIRE:  379 22:29:59    -1540.936493        0.018507
FIRE:  380 22:29:59    -1540.936632        0.018338
FIRE:  381 22:29:59    -1540.936821        0.018931
FIRE:  382 22:29:59    -1540.937038        0.019600
FIRE:  383 22:29:59    -1540.937324        0.019015
FIRE:  384 22:29:59    -1540.937679        0.018251
FIRE:  385 22:29:59    -1540.938120        0.018384
FIRE:  386 22:29:59    -1540.938669        0.018196
FIRE:  387 22:29:59    -1540.939345        0.019217
FIRE:  388 22:30:00    -1540.940182        0.018224
FIRE:  389 22:30:00    -1540.941212        0.018255
FIRE:  390 22:30:00    -1540.942475        0.019290
FIRE:  391 22:30:00    -1540.944023        0.018179
FIRE:  392 22:30:00    -1540.945911        0.019737
FIRE:  393 22:30:00    -1540.948209        0.024319
FIRE:  394 22:30:00    -1540.950717        0.075161
FIRE:  395 22:30:00    -1540.950740        0.256082
FIRE:  396 22:30:00    -1540.954195        0.045366
FIRE:  397 22:30:00    -1540.954259        0.035074
FIRE:  398 22:30:00    -1540.954343        0.020743
FIRE:  399 22:30:00    -1540.954403        0.020580
FIRE:  400 22:30:00    -1540.954464        0.030290
FIRE:  401 22:30:01    -1540.954569        0.032343
FIRE:  402 22:30:01    -1540.954720        0.025388
FIRE:  403 22:30:01    -1540.954878        0.017958
FIRE:  404 22:30:01    -1540.955054        0.024609
FIRE:  405 22:30:01    -1540.955267        0.030817
FIRE:  406 22:30:01    -1540.955565        0.023579
FIRE:  407 22:30:01    -1540.955934        0.019327
FIRE:  408 22:30:01    -1540.956372        0.025730
FIRE:  409 22:30:01    -1540.956932        0.017845
FIRE:  410 22:30:01    -1540.957602        0.028269
FIRE:  411 22:30:01    -1540.958455        0.017934
FIRE:  412 22:30:01    -1540.959470        0.025767
FIRE:  413 22:30:02    -1540.960721        0.029162
FIRE:  414 22:30:02    -1540.962262        0.022740
FIRE:  415 22:30:02    -1540.964122        0.027309
FIRE:  416 22:30:02    -1540.966240        0.054872
FIRE:  417 22:30:02    -1540.967542        0.158194
FIRE:  418 22:30:02    -1540.969144        0.018610
FIRE:  419 22:30:02    -1540.969163        0.018304
FIRE:  420 22:30:02    -1540.969208        0.018108
FIRE:  421 22:30:02    -1540.969262        0.018399
FIRE:  422 22:30:02    -1540.969341        0.018973
FIRE:  423 22:30:02    -1540.969434        0.019236
FIRE:  424 22:30:02    -1540.969545        0.018942
FIRE:  425 22:30:03    -1540.969682        0.018398
FIRE:  426 22:30:03    -1540.969857        0.018124
FIRE:  427 22:30:03    -1540.970063        0.018170
FIRE:  428 22:30:03    -1540.970334        0.018111
FIRE:  429 22:30:03    -1540.970680        0.018334
FIRE:  430 22:30:03    -1540.971096        0.018833
FIRE:  431 22:30:03    -1540.971615        0.018313
FIRE:  432 22:30:03    -1540.972261        0.018072
FIRE:  433 22:30:03    -1540.973053        0.018080
FIRE:  434 22:30:03    -1540.974044        0.018731
FIRE:  435 22:30:03    -1540.975246        0.017952
FIRE:  436 22:30:03    -1540.976736        0.018276
FIRE:  437 22:30:03    -1540.978560        0.017797
FIRE:  438 22:30:04    -1540.980782        0.018660
FIRE:  439 22:30:04    -1540.983485        0.025980
FIRE:  440 22:30:04    -1540.986180        0.094793
FIRE:  441 22:30:04    -1540.979652        0.424379
FIRE:  442 22:30:04    -1540.989167        0.162492
FIRE:  443 22:30:04    -1540.990031        0.106354
FIRE:  444 22:30:04    -1540.990705        0.022389
FIRE:  445 22:30:04    -1540.990469        0.083418
FIRE:  446 22:30:04    -1540.990535        0.076693
FIRE:  447 22:30:04    -1540.990641        0.063865
FIRE:  448 22:30:04    -1540.990761        0.046338
FIRE:  449 22:30:04    -1540.990859        0.026842
FIRE:  450 22:30:05    -1540.990913        0.017598
FIRE:  451 22:30:05    -1540.990935        0.026788
FIRE:  452 22:30:05    -1540.990941        0.026468
FIRE:  453 22:30:05    -1540.990940        0.025867
FIRE:  454 22:30:05    -1540.990947        0.025028
FIRE:  455 22:30:05    -1540.990962        0.023958
FIRE:  456 22:30:05    -1540.990978        0.022729
FIRE:  457 22:30:05    -1540.990982        0.021444
FIRE:  458 22:30:05    -1540.990993        0.020202
FIRE:  459 22:30:05    -1540.991014        0.018965
FIRE:  460 22:30:05    -1540.991042        0.017913
FIRE:  461 22:30:05    -1540.991062        0.017288
FIRE:  462 22:30:06    -1540.991091        0.017196
FIRE:  463 22:30:06    -1540.991122        0.017982
FIRE:  464 22:30:06    -1540.991162        0.019389
FIRE:  465 22:30:06    -1540.991221        0.020090
FIRE:  466 22:30:06    -1540.991284        0.019628
FIRE:  467 22:30:06    -1540.991368        0.018018
FIRE:  468 22:30:06    -1540.991479        0.017208
FIRE:  469 22:30:06    -1540.991596        0.017766
FIRE:  470 22:30:06    -1540.991749        0.018995
FIRE:  471 22:30:06    -1540.991933        0.019436
FIRE:  472 22:30:06    -1540.992161        0.018338
FIRE:  473 22:30:06    -1540.992438        0.017244
FIRE:  474 22:30:06    -1540.992773        0.017996
FIRE:  475 22:30:07    -1540.993181        0.017387
FIRE:  476 22:30:07    -1540.993679        0.017634
FIRE:  477 22:30:07    -1540.994286        0.018816
FIRE:  478 22:30:07    -1540.995013        0.017186
FIRE:  479 22:30:07    -1540.995907        0.018108
FIRE:  480 22:30:07    -1540.996997        0.017552
FIRE:  481 22:30:07    -1540.998314        0.017500
FIRE:  482 22:30:07    -1540.999906        0.019444
FIRE:  483 22:30:07    -1541.001826        0.023293
FIRE:  484 22:30:07    -1541.004055        0.048928
FIRE:  485 22:30:07    -1541.006171        0.114504
FIRE:  486 22:30:07    -1541.004658        0.326618
FIRE:  487 22:30:08    -1541.009991        0.037494
FIRE:  488 22:30:08    -1541.010052        0.028021
FIRE:  489 22:30:08    -1541.010127        0.018023
FIRE:  490 22:30:08    -1541.010181        0.019294
FIRE:  491 22:30:08    -1541.010248        0.030311
FIRE:  492 22:30:08    -1541.010331        0.033281
FIRE:  493 22:30:08    -1541.010475        0.026809
FIRE:  494 22:30:08    -1541.010635        0.016316
FIRE:  495 22:30:08    -1541.010803        0.019597
FIRE:  496 22:30:08    -1541.011001        0.024537
FIRE:  497 22:30:08    -1541.011294        0.020695
FIRE:  498 22:30:08    -1541.011639        0.016908
FIRE:  499 22:30:09    -1541.012044        0.026307
FIRE:  500 22:30:09    -1541.012586        0.016483
FIRE:  501 22:30:09    -1541.013223        0.022369
FIRE:  502 22:30:09    -1541.014027        0.016711
FIRE:  503 22:30:09    -1541.014994        0.027878
FIRE:  504 22:30:09    -1541.016192        0.020506
FIRE:  505 22:30:09    -1541.017663        0.016525
FIRE:  506 22:30:09    -1541.019451        0.016773
FIRE:  507 22:30:09    -1541.021652        0.020422
FIRE:  508 22:30:09    -1541.024258        0.055190
FIRE:  509 22:30:09    -1541.025743        0.242548
FIRE:  510 22:30:09    -1541.027534        0.044676
FIRE:  511 22:30:10    -1541.027599        0.032442
FIRE:  512 22:30:10    -1541.027677        0.017815
FIRE:  513 22:30:10    -1541.027728        0.021806
FIRE:  514 22:30:10    -1541.027794        0.034585
FIRE:  515 22:30:10    -1541.027899        0.036182
FIRE:  516 22:30:10    -1541.028050        0.026351
FIRE:  517 22:30:10    -1541.028218        0.017838
FIRE:  518 22:30:10    -1541.028383        0.022987
FIRE:  519 22:30:10    -1541.028608        0.027553
FIRE:  520 22:30:10    -1541.028919        0.018020
FIRE:  521 22:30:10    -1541.029275        0.021554
FIRE:  522 22:30:10    -1541.029726        0.027609
FIRE:  523 22:30:10    -1541.030300        0.017892
FIRE:  524 22:30:11    -1541.030971        0.024798
FIRE:  525 22:30:11    -1541.031824        0.018166
FIRE:  526 22:30:11    -1541.032876        0.022444
FIRE:  527 22:30:11    -1541.034142        0.030087
FIRE:  528 22:30:11    -1541.035677        0.037793
FIRE:  529 22:30:11    -1541.037445        0.050483
FIRE:  530 22:30:11    -1541.039152        0.107063
FIRE:  531 22:30:11    -1541.038022        0.269878
FIRE:  532 22:30:11    -1541.042374        0.028228
FIRE:  533 22:30:11    -1541.042408        0.022816
FIRE:  534 22:30:11    -1541.042459        0.018649
FIRE:  535 22:30:11    -1541.042526        0.018512
FIRE:  536 22:30:12    -1541.042585        0.022377
FIRE:  537 22:30:12    -1541.042680        0.024430
FIRE:  538 22:30:12    -1541.042800        0.020599
FIRE:  539 22:30:12    -1541.042941        0.018627
FIRE:  540 22:30:12    -1541.043104        0.018858
FIRE:  541 22:30:12    -1541.043309        0.020110
FIRE:  542 22:30:12    -1541.043583        0.018970
FIRE:  543 22:30:12    -1541.043909        0.018795
FIRE:  544 22:30:12    -1541.044311        0.020274
FIRE:  545 22:30:12    -1541.044818        0.018896
FIRE:  546 22:30:12    -1541.045451        0.019242
FIRE:  547 22:30:12    -1541.046223        0.018986
FIRE:  548 22:30:13    -1541.047159        0.020855
FIRE:  549 22:30:13    -1541.048319        0.019253
FIRE:  550 22:30:13    -1541.049743        0.018826
FIRE:  551 22:30:13    -1541.051470        0.018987
FIRE:  552 22:30:13    -1541.053564        0.022206
FIRE:  553 22:30:13    -1541.055803        0.063837
FIRE:  554 22:30:13    -1541.054881        0.222878
FIRE:  555 22:30:13    -1541.058971        0.045409
FIRE:  556 22:30:13    -1541.059071        0.032675
FIRE:  557 22:30:13    -1541.059177        0.018877
FIRE:  558 22:30:13    -1541.059234        0.022034
FIRE:  559 22:30:13    -1541.059262        0.035582
FIRE:  560 22:30:13    -1541.059355        0.037362
FIRE:  561 22:30:14    -1541.059511        0.027621
FIRE:  562 22:30:14    -1541.059682        0.018441
FIRE:  563 22:30:14    -1541.059833        0.019805
FIRE:  564 22:30:14    -1541.060016        0.027731
FIRE:  565 22:30:14    -1541.060311        0.019324
FIRE:  566 22:30:14    -1541.060655        0.018500
FIRE:  567 22:30:14    -1541.061021        0.028601
FIRE:  568 22:30:14    -1541.061557        0.018434
FIRE:  569 22:30:14    -1541.062128        0.024550
FIRE:  570 22:30:14    -1541.062914        0.018575
FIRE:  571 22:30:14    -1541.063788        0.030318
FIRE:  572 22:30:14    -1541.064931        0.022277
FIRE:  573 22:30:15    -1541.066302        0.018329
FIRE:  574 22:30:15    -1541.067961        0.018387
FIRE:  575 22:30:15    -1541.069981        0.029110
FIRE:  576 22:30:15    -1541.072019        0.115126
FIRE:  577 22:30:15    -1541.069312        0.417054
FIRE:  578 22:30:15    -1541.074993        0.107862
FIRE:  579 22:30:15    -1541.075214        0.075100
FIRE:  580 22:30:15    -1541.075426        0.021587
FIRE:  581 22:30:15    -1541.075455        0.041181
FIRE:  582 22:30:15    -1541.075463        0.038060
FIRE:  583 22:30:15    -1541.075491        0.032176
FIRE:  584 22:30:15    -1541.075524        0.024248
FIRE:  585 22:30:16    -1541.075550        0.017883
FIRE:  586 22:30:16    -1541.075588        0.017561
FIRE:  587 22:30:16    -1541.075620        0.017575
FIRE:  588 22:30:16    -1541.075650        0.020708
FIRE:  589 22:30:16    -1541.075689        0.025404
FIRE:  590 22:30:16    -1541.075744        0.026745
FIRE:  591 22:30:16    -1541.075833        0.023640
FIRE:  592 22:30:16    -1541.075922        0.017624
FIRE:  593 22:30:16    -1541.076043        0.017610
FIRE:  594 22:30:16    -1541.076173        0.017780
FIRE:  595 22:30:16    -1541.076338        0.019667
FIRE:  596 22:30:16    -1541.076561        0.017777
FIRE:  597 22:30:17    -1541.076808        0.017649
FIRE:  598 22:30:17    -1541.077121        0.020116
FIRE:  599 22:30:17    -1541.077507        0.017703
FIRE:  600 22:30:17    -1541.077976        0.017698
FIRE:  601 22:30:17    -1541.078552        0.017935
FIRE:  602 22:30:17    -1541.079253        0.017661
FIRE:  603 22:30:17    -1541.080104        0.017668
FIRE:  604 22:30:17    -1541.081138        0.017999
FIRE:  605 22:30:17    -1541.082398        0.017518
FIRE:  606 22:30:17    -1541.083916        0.017473
FIRE:  607 22:30:17    -1541.085747        0.020467
FIRE:  608 22:30:17    -1541.087753        0.055606
FIRE:  609 22:30:18    -1541.088203        0.182889
FIRE:  610 22:30:18    -1541.090563        0.019774
FIRE:  611 22:30:18    -1541.090594        0.017106
FIRE:  612 22:30:18    -1541.090639        0.017089
FIRE:  613 22:30:18    -1541.090681        0.017252
FIRE:  614 22:30:18    -1541.090738        0.017475
FIRE:  615 22:30:18    -1541.090824        0.017531
FIRE:  616 22:30:18    -1541.090918        0.017384
FIRE:  617 22:30:18    -1541.091047        0.017188
FIRE:  618 22:30:18    -1541.091187        0.017114
FIRE:  619 22:30:18    -1541.091359        0.017130
FIRE:  620 22:30:18    -1541.091594        0.017140
FIRE:  621 22:30:18    -1541.091884        0.017311
FIRE:  622 22:30:19    -1541.092225        0.017436
FIRE:  623 22:30:19    -1541.092671        0.017176
FIRE:  624 22:30:19    -1541.093196        0.017111
FIRE:  625 22:30:19    -1541.093869        0.017189
FIRE:  626 22:30:19    -1541.094682        0.017307
FIRE:  627 22:30:19    -1541.095685        0.016939
FIRE:  628 22:30:19    -1541.096899        0.017332
FIRE:  629 22:30:19    -1541.098364        0.019438
FIRE:  630 22:30:19    -1541.100052        0.038719
FIRE:  631 22:30:19    -1541.101272        0.112295
FIRE:  632 22:30:19    -1541.102302        0.016142
FIRE:  633 22:30:19    -1541.101647        0.101268
FIRE:  634 22:30:20    -1541.102015        0.076062
FIRE:  635 22:30:20    -1541.102410        0.033267
FIRE:  636 22:30:20    -1541.102500        0.024086
FIRE:  637 22:30:20    -1541.102502        0.023085
FIRE:  638 22:30:20    -1541.102519        0.021070
FIRE:  639 22:30:20    -1541.102532        0.018322
FIRE:  640 22:30:20    -1541.102553        0.016148
FIRE:  641 22:30:20    -1541.102579        0.016114
FIRE:  642 22:30:20    -1541.102606        0.016219
FIRE:  643 22:30:20    -1541.102629        0.016420
FIRE:  644 22:30:20    -1541.102657        0.016661
FIRE:  645 22:30:20    -1541.102696        0.016872
FIRE:  646 22:30:21    -1541.102748        0.016911
FIRE:  647 22:30:21    -1541.102807        0.016740
FIRE:  648 22:30:21    -1541.102896        0.016439
FIRE:  649 22:30:21    -1541.102982        0.016190
FIRE:  650 22:30:21    -1541.103107        0.016141
FIRE:  651 22:30:21    -1541.103251        0.016164
FIRE:  652 22:30:21    -1541.103432        0.016138
FIRE:  653 22:30:21    -1541.103654        0.016291
FIRE:  654 22:30:21    -1541.103914        0.016621
FIRE:  655 22:30:21    -1541.104249        0.016444
FIRE:  656 22:30:21    -1541.104651        0.016073
FIRE:  657 22:30:21    -1541.105150        0.015999
FIRE:  658 22:30:22    -1541.105745        0.016141
FIRE:  659 22:30:22    -1541.106461        0.016212
FIRE:  660 22:30:22    -1541.107349        0.015658
FIRE:  661 22:30:22    -1541.108424        0.015760
FIRE:  662 22:30:22    -1541.109709        0.015288
FIRE:  663 22:30:22    -1541.111288        0.015111
FIRE:  664 22:30:22    -1541.113184        0.014841
FIRE:  665 22:30:22    -1541.115398        0.030603
FIRE:  666 22:30:22    -1541.116655        0.140283
FIRE:  667 22:30:22    -1541.118112        0.029408
FIRE:  668 22:30:22    -1541.118165        0.021051
FIRE:  669 22:30:22    -1541.118228        0.014566
FIRE:  670 22:30:23    -1541.118270        0.014321
FIRE:  671 22:30:23    -1541.118309        0.022715
FIRE:  672 22:30:23    -1541.118398        0.023520
FIRE:  673 22:30:23    -1541.118510        0.016617
FIRE:  674 22:30:23    -1541.118627        0.014148
FIRE:  675 22:30:23    -1541.118752        0.015741
FIRE:  676 22:30:23    -1541.118918        0.017815
FIRE:  677 22:30:23    -1541.119152        0.014920
FIRE:  678 22:30:23    -1541.119418        0.014298
FIRE:  679 22:30:23    -1541.119747        0.017634
FIRE:  680 22:30:23    -1541.120164        0.014227
FIRE:  681 22:30:23    -1541.120648        0.016203
FIRE:  682 22:30:23    -1541.121279        0.013984
FIRE:  683 22:30:24    -1541.122034        0.014220
FIRE:  684 22:30:24    -1541.122950        0.018912
FIRE:  685 22:30:24    -1541.124038        0.023307
FIRE:  686 22:30:24    -1541.125295        0.031395
FIRE:  687 22:30:24    -1541.126446        0.065550
FIRE:  688 22:30:24    -1541.125115        0.166974
FIRE:  689 22:30:24    -1541.128767        0.020559
FIRE:  690 22:30:24    -1541.128801        0.015841
FIRE:  691 22:30:24    -1541.128857        0.013231
FIRE:  692 22:30:24    -1541.128896        0.013301
FIRE:  693 22:30:24    -1541.128926        0.016526
FIRE:  694 22:30:24    -1541.129000        0.017918
FIRE:  695 22:30:25    -1541.129082        0.014929
FIRE:  696 22:30:25    -1541.129189        0.013331
FIRE:  697 22:30:25    -1541.129302        0.013235
FIRE:  698 22:30:25    -1541.129438        0.014235
FIRE:  699 22:30:25    -1541.129623        0.013369
FIRE:  700 22:30:25    -1541.129855        0.013305
FIRE:  701 22:30:25    -1541.130126        0.014756
FIRE:  702 22:30:25    -1541.130483        0.013353
FIRE:  703 22:30:25    -1541.130900        0.013810
FIRE:  704 22:30:25    -1541.131430        0.013099
FIRE:  705 22:30:25    -1541.132065        0.015353
FIRE:  706 22:30:26    -1541.132847        0.013420
FIRE:  707 22:30:26    -1541.133802        0.012950
FIRE:  708 22:30:26    -1541.134966        0.013280
FIRE:  709 22:30:26    -1541.136361        0.016853
FIRE:  710 22:30:26    -1541.137804        0.055760
FIRE:  711 22:30:26    -1541.136426        0.204701
FIRE:  712 22:30:26    -1541.139904        0.045272
FIRE:  713 22:30:26    -1541.140006        0.031717
FIRE:  714 22:30:26    -1541.140118        0.014205
FIRE:  715 22:30:26    -1541.140136        0.019281
FIRE:  716 22:30:26    -1541.140151        0.018108
FIRE:  717 22:30:26    -1541.140159        0.016096
FIRE:  718 22:30:26    -1541.140171        0.014637
FIRE:  719 22:30:27    -1541.140193        0.013359
FIRE:  720 22:30:27    -1541.140216        0.012702
FIRE:  721 22:30:27    -1541.140237        0.012828
FIRE:  722 22:30:27    -1541.140256        0.013454
FIRE:  723 22:30:27    -1541.140280        0.014138
FIRE:  724 22:30:27    -1541.140319        0.014429
FIRE:  725 22:30:27    -1541.140369        0.014037
FIRE:  726 22:30:27    -1541.140430        0.013175
FIRE:  727 22:30:27    -1541.140504        0.012725
FIRE:  728 22:30:27    -1541.140597        0.013285
FIRE:  729 22:30:27    -1541.140705        0.013862
FIRE:  730 22:30:28    -1541.140846        0.013346
FIRE:  731 22:30:28    -1541.141016        0.012784
FIRE:  732 22:30:28    -1541.141218        0.013542
FIRE:  733 22:30:28    -1541.141478        0.013325
FIRE:  734 22:30:28    -1541.141785        0.012990
FIRE:  735 22:30:28    -1541.142168        0.013560
FIRE:  736 22:30:28    -1541.142632        0.012915
FIRE:  737 22:30:28    -1541.143195        0.013436
FIRE:  738 22:30:28    -1541.143874        0.013619
FIRE:  739 22:30:28    -1541.144716        0.012990
FIRE:  740 22:30:28    -1541.145719        0.012865
FIRE:  741 22:30:28    -1541.146933        0.012710
FIRE:  742 22:30:29    -1541.148383        0.020119
FIRE:  743 22:30:29    -1541.149720        0.076204
FIRE:  744 22:30:29    -1541.146862        0.261664
FIRE:  745 22:30:29    -1541.151852        0.063959
FIRE:  746 22:30:29    -1541.152030        0.044504
FIRE:  747 22:30:29    -1541.152198        0.012833
FIRE:  748 22:30:29    -1541.152202        0.024648
FIRE:  749 22:30:29    -1541.152223        0.022826
FIRE:  750 22:30:29    -1541.152227        0.019342
FIRE:  751 22:30:29    -1541.152262        0.015707
FIRE:  752 22:30:29    -1541.152282        0.013240
FIRE:  753 22:30:29    -1541.152306        0.012856
FIRE:  754 22:30:30    -1541.152319        0.012689
FIRE:  755 22:30:30    -1541.152338        0.012717
FIRE:  756 22:30:30    -1541.152367        0.014579
FIRE:  757 22:30:30    -1541.152396        0.015428
FIRE:  758 22:30:30    -1541.152448        0.013686
FIRE:  759 22:30:30    -1541.152510        0.012771
FIRE:  760 22:30:30    -1541.152580        0.012891
FIRE:  761 22:30:30    -1541.152671        0.013265
FIRE:  762 22:30:30    -1541.152763        0.013549
FIRE:  763 22:30:30    -1541.152900        0.013337
FIRE:  764 22:30:30    -1541.153069        0.012868
FIRE:  765 22:30:30    -1541.153250        0.012824
FIRE:  766 22:30:31    -1541.153496        0.012890
FIRE:  767 22:30:31    -1541.153781        0.013106
FIRE:  768 22:30:31    -1541.154136        0.013461
FIRE:  769 22:30:31    -1541.154569        0.012850
FIRE:  770 22:30:31    -1541.155091        0.012941
FIRE:  771 22:30:31    -1541.155731        0.013378
FIRE:  772 22:30:31    -1541.156509        0.012743
FIRE:  773 22:30:31    -1541.157439        0.013181
FIRE:  774 22:30:31    -1541.158578        0.016553
FIRE:  775 22:30:31    -1541.159808        0.050497
FIRE:  776 22:30:31    -1541.160320        0.148761
FIRE:  777 22:30:31    -1541.161549        0.014547
FIRE:  778 22:30:32    -1541.161567        0.013690
FIRE:  779 22:30:32    -1541.161580        0.013225
FIRE:  780 22:30:32    -1541.161616        0.013107
FIRE:  781 22:30:32    -1541.161659        0.013284
FIRE:  782 22:30:32    -1541.161707        0.013370
FIRE:  783 22:30:32    -1541.161770        0.013203
FIRE:  784 22:30:32    -1541.161839        0.013026
FIRE:  785 22:30:32    -1541.161930        0.013137
FIRE:  786 22:30:32    -1541.162045        0.013331
FIRE:  787 22:30:32    -1541.162189        0.013132
FIRE:  788 22:30:32    -1541.162370        0.012930
FIRE:  789 22:30:32    -1541.162593        0.013071
FIRE:  790 22:30:33    -1541.162868        0.012899
FIRE:  791 22:30:33    -1541.163205        0.013157
FIRE:  792 22:30:33    -1541.163635        0.012912
FIRE:  793 22:30:33    -1541.164142        0.013137
FIRE:  794 22:30:33    -1541.164776        0.013346
FIRE:  795 22:30:33    -1541.165566        0.013221
FIRE:  796 22:30:33    -1541.166502        0.014038
FIRE:  797 22:30:33    -1541.167625        0.028779
FIRE:  798 22:30:33    -1541.168600        0.098005
FIRE:  799 22:30:33    -1541.166298        0.304301
FIRE:  800 22:30:33    -1541.170466        0.059986
FIRE:  801 22:30:33    -1541.170555        0.043042
FIRE:  802 22:30:34    -1541.170642        0.015554
FIRE:  803 22:30:34    -1541.170665        0.020037
FIRE:  804 22:30:34    -1541.170674        0.018702
FIRE:  805 22:30:34    -1541.170686        0.016212
FIRE:  806 22:30:34    -1541.170694        0.014350
FIRE:  807 22:30:34    -1541.170711        0.014037
FIRE:  808 22:30:34    -1541.170723        0.013924
FIRE:  809 22:30:34    -1541.170749        0.014026
FIRE:  810 22:30:34    -1541.170764        0.014265
FIRE:  811 22:30:34    -1541.170787        0.014515
FIRE:  812 22:30:34    -1541.170810        0.014815
FIRE:  813 22:30:34    -1541.170844        0.014471
FIRE:  814 22:30:35    -1541.170901        0.014144
FIRE:  815 22:30:35    -1541.170965        0.013883
FIRE:  816 22:30:35    -1541.171041        0.013907
FIRE:  817 22:30:35    -1541.171126        0.014028
FIRE:  818 22:30:35    -1541.171237        0.013907
FIRE:  819 22:30:35    -1541.171376        0.013807
FIRE:  820 22:30:35    -1541.171537        0.014107
FIRE:  821 22:30:35    -1541.171750        0.014058
FIRE:  822 22:30:35    -1541.172002        0.013759
FIRE:  823 22:30:35    -1541.172307        0.013877
FIRE:  824 22:30:35    -1541.172692        0.013833
FIRE:  825 22:30:35    -1541.173152        0.014225
FIRE:  826 22:30:36    -1541.173711        0.013999
FIRE:  827 22:30:36    -1541.174396        0.014094
FIRE:  828 22:30:36    -1541.175219        0.014400
FIRE:  829 22:30:36    -1541.176225        0.014780
FIRE:  830 22:30:36    -1541.177365        0.043533
FIRE:  831 22:30:36    -1541.178127        0.123869
FIRE:  832 22:30:36    -1541.178896        0.015025
FIRE:  833 22:30:36    -1541.178387        0.115492
FIRE:  834 22:30:36    -1541.178670        0.086740
FIRE:  835 22:30:36    -1541.178968        0.036989
FIRE:  836 22:30:36    -1541.179020        0.023974
FIRE:  837 22:30:36    -1541.179022        0.022533
FIRE:  838 22:30:37    -1541.179032        0.019819
FIRE:  839 22:30:37    -1541.179047        0.016120
FIRE:  840 22:30:37    -1541.179067        0.015073
FIRE:  841 22:30:37    -1541.179078        0.014859
FIRE:  842 22:30:37    -1541.179100        0.014904
FIRE:  843 22:30:37    -1541.179114        0.015167
FIRE:  844 22:30:37    -1541.179127        0.015522
FIRE:  845 22:30:37    -1541.179158        0.016441
FIRE:  846 22:30:37    -1541.179186        0.016664
FIRE:  847 22:30:37    -1541.179227        0.015532
FIRE:  848 22:30:37    -1541.179286        0.015075
FIRE:  849 22:30:37    -1541.179341        0.014820
FIRE:  850 22:30:38    -1541.179416        0.014923
FIRE:  851 22:30:38    -1541.179515        0.015012
FIRE:  852 22:30:38    -1541.179625        0.014832
FIRE:  853 22:30:38    -1541.179773        0.014918
FIRE:  854 22:30:38    -1541.179942        0.015371
FIRE:  855 22:30:38    -1541.180155        0.015107
FIRE:  856 22:30:38    -1541.180425        0.014825
FIRE:  857 22:30:38    -1541.180739        0.014903
FIRE:  858 22:30:38    -1541.181123        0.015105
FIRE:  859 22:30:38    -1541.181596        0.015306
FIRE:  860 22:30:38    -1541.182171        0.015168
FIRE:  861 22:30:38    -1541.182863        0.015497
FIRE:  862 22:30:38    -1541.183711        0.015287
FIRE:  863 22:30:39    -1541.184736        0.015695
FIRE:  864 22:30:39    -1541.185989        0.016765
FIRE:  865 22:30:39    -1541.187335        0.063125
FIRE:  866 22:30:39    -1541.186450        0.237615
FIRE:  867 22:30:39    -1541.189089        0.067716
FIRE:  868 22:30:39    -1541.189220        0.047293
FIRE:  869 22:30:39    -1541.189328        0.016489
FIRE:  870 22:30:39    -1541.189343        0.025868
FIRE:  871 22:30:39    -1541.189344        0.023886
FIRE:  872 22:30:39    -1541.189362        0.020235
FIRE:  873 22:30:39    -1541.189379        0.016795
FIRE:  874 22:30:39    -1541.189395        0.015888
FIRE:  875 22:30:40    -1541.189418        0.015568
FIRE:  876 22:30:40    -1541.189425        0.015891
FIRE:  877 22:30:40    -1541.189449        0.016531
FIRE:  878 22:30:40    -1541.189471        0.018089
FIRE:  879 22:30:40    -1541.189503        0.018744
FIRE:  880 22:30:40    -1541.189542        0.016827
FIRE:  881 22:30:40    -1541.189598        0.015995
FIRE:  882 22:30:40    -1541.189667        0.015556
FIRE:  883 22:30:40    -1541.189740        0.015938
FIRE:  884 22:30:40    -1541.189826        0.016280
FIRE:  885 22:30:40    -1541.189961        0.015811
FIRE:  886 22:30:40    -1541.190096        0.015648
FIRE:  887 22:30:41    -1541.190270        0.016419
FIRE:  888 22:30:41    -1541.190485        0.015971
FIRE:  889 22:30:41    -1541.190746        0.015605
FIRE:  890 22:30:41    -1541.191064        0.015837
FIRE:  891 22:30:41    -1541.191464        0.015733
FIRE:  892 22:30:41    -1541.191937        0.015813
FIRE:  893 22:30:41    -1541.192521        0.015887
FIRE:  894 22:30:41    -1541.193227        0.015852
FIRE:  895 22:30:41    -1541.194082        0.015174
FIRE:  896 22:30:41    -1541.195095        0.019081
FIRE:  897 22:30:41    -1541.196234        0.045805
FIRE:  898 22:30:41    -1541.196601        0.154261
FIRE:  899 22:30:41    -1541.197814        0.015028
FIRE:  900 22:30:42    -1541.197828        0.014706
FIRE:  901 22:30:42    -1541.197858        0.014455
FIRE:  902 22:30:42    -1541.197880        0.014616
FIRE:  903 22:30:42    -1541.197915        0.015003
FIRE:  904 22:30:42    -1541.197955        0.015192
FIRE:  905 22:30:42    -1541.198018        0.014866
FIRE:  906 22:30:42    -1541.198087        0.014515
FIRE:  907 22:30:42    -1541.198169        0.014450
FIRE:  908 22:30:42    -1541.198265        0.014565
FIRE:  909 22:30:42    -1541.198403        0.014452
FIRE:  910 22:30:42    -1541.198573        0.014561
FIRE:  911 22:30:42    -1541.198768        0.014842
FIRE:  912 22:30:43    -1541.199018        0.014462
FIRE:  913 22:30:43    -1541.199333        0.014475
FIRE:  914 22:30:43    -1541.199714        0.014398
FIRE:  915 22:30:43    -1541.200179        0.014773
FIRE:  916 22:30:43    -1541.200762        0.014444
FIRE:  917 22:30:43    -1541.201459        0.014717
FIRE:  918 22:30:43    -1541.202314        0.014606
FIRE:  919 22:30:43    -1541.203316        0.032514
FIRE:  920 22:30:43    -1541.204172        0.091585
FIRE:  921 22:30:43    -1541.201896        0.294954
FIRE:  922 22:30:43    -1541.205871        0.053795
FIRE:  923 22:30:43    -1541.205958        0.037695
FIRE:  924 22:30:44    -1541.206043        0.014473
FIRE:  925 22:30:44    -1541.206066        0.022794
FIRE:  926 22:30:44    -1541.206068        0.021472
FIRE:  927 22:30:44    -1541.206078        0.019001
FIRE:  928 22:30:44    -1541.206094        0.015721
FIRE:  929 22:30:44    -1541.206107        0.014396
FIRE:  930 22:30:44    -1541.206121        0.014090
FIRE:  931 22:30:44    -1541.206134        0.014020
FIRE:  932 22:30:44    -1541.206148        0.014122
FIRE:  933 22:30:44    -1541.206176        0.014290
FIRE:  934 22:30:44    -1541.206201        0.014363
FIRE:  935 22:30:44    -1541.206236        0.014264
FIRE:  936 22:30:44    -1541.206280        0.014049
FIRE:  937 22:30:45    -1541.206338        0.013978
FIRE:  938 22:30:45    -1541.206405        0.014204
FIRE:  939 22:30:45    -1541.206482        0.014442
FIRE:  940 22:30:45    -1541.206582        0.014252
FIRE:  941 22:30:45    -1541.206717        0.013911
FIRE:  942 22:30:45    -1541.206861        0.013971
FIRE:  943 22:30:45    -1541.207047        0.013932
FIRE:  944 22:30:45    -1541.207285        0.013880
FIRE:  945 22:30:45    -1541.207565        0.014178
FIRE:  946 22:30:45    -1541.207898        0.013758
FIRE:  947 22:30:45    -1541.208323        0.013845
FIRE:  948 22:30:46    -1541.208823        0.013999
FIRE:  949 22:30:46    -1541.209442        0.013697
FIRE:  950 22:30:46    -1541.210192        0.013695
FIRE:  951 22:30:46    -1541.211090        0.016909
FIRE:  952 22:30:46    -1541.212116        0.039110
FIRE:  953 22:30:46    -1541.212760        0.123935
FIRE:  954 22:30:46    -1541.213495        0.013550
FIRE:  955 22:30:46    -1541.212994        0.108371
FIRE:  956 22:30:46    -1541.213266        0.080391
FIRE:  957 22:30:46    -1541.213549        0.032178
FIRE:  958 22:30:46    -1541.213595        0.026931
FIRE:  959 22:30:46    -1541.213605        0.025473
FIRE:  960 22:30:47    -1541.213619        0.022740
FIRE:  961 22:30:47    -1541.213621        0.018952
FIRE:  962 22:30:47    -1541.213645        0.014551
FIRE:  963 22:30:47    -1541.213652        0.013703
FIRE:  964 22:30:47    -1541.213664        0.013514
FIRE:  965 22:30:47    -1541.213684        0.013605
FIRE:  966 22:30:47    -1541.213696        0.013862
FIRE:  967 22:30:47    -1541.213721        0.014201
FIRE:  968 22:30:47    -1541.213754        0.014260
FIRE:  969 22:30:47    -1541.213792        0.013873
FIRE:  970 22:30:47    -1541.213837        0.013554
FIRE:  971 22:30:47    -1541.213897        0.013544
FIRE:  972 22:30:47    -1541.213959        0.013916
FIRE:  973 22:30:48    -1541.214044        0.014222
FIRE:  974 22:30:48    -1541.214146        0.013732
FIRE:  975 22:30:48    -1541.214274        0.013449
FIRE:  976 22:30:48    -1541.214419        0.013699
FIRE:  977 22:30:48    -1541.214614        0.013505
FIRE:  978 22:30:48    -1541.214844        0.013577
FIRE:  979 22:30:48    -1541.215124        0.013769
FIRE:  980 22:30:48    -1541.215469        0.013372
FIRE:  981 22:30:48    -1541.215884        0.013437
FIRE:  982 22:30:48    -1541.216384        0.013815
FIRE:  983 22:30:48    -1541.216992        0.013330
FIRE:  984 22:30:48    -1541.217747        0.013270
FIRE:  985 22:30:49    -1541.218637        0.013130
FIRE:  986 22:30:49    -1541.219738        0.014059
FIRE:  987 22:30:49    -1541.220942        0.043742
FIRE:  988 22:30:49    -1541.220585        0.187717
FIRE:  989 22:30:49    -1541.222468        0.047990
FIRE:  990 22:30:49    -1541.222555        0.032604
FIRE:  991 22:30:49    -1541.222635        0.012851
FIRE:  992 22:30:49    -1541.222649        0.022824
FIRE:  993 22:30:49    -1541.222649        0.021357
FIRE:  994 22:30:49    -1541.222669        0.018551
FIRE:  995 22:30:49    -1541.222681        0.014783
FIRE:  996 22:30:49    -1541.222695        0.012878
FIRE:  997 22:30:50    -1541.222706        0.012647
FIRE:  998 22:30:50    -1541.222717        0.012683
FIRE:  999 22:30:50    -1541.222740        0.012988
FIRE:  1000 22:30:50    -1541.222759        0.014090
FIRE:  1001 22:30:50    -1541.222783        0.014370
FIRE:  1002 22:30:50    -1541.222822        0.013480
FIRE:  1003 22:30:50    -1541.222871        0.012703
FIRE:  1004 22:30:50    -1541.222915        0.012648
FIRE:  1005 22:30:50    -1541.222979        0.012909
FIRE:  1006 22:30:50    -1541.223063        0.013060
FIRE:  1007 22:30:50    -1541.223157        0.012800
FIRE:  1008 22:30:50    -1541.223283        0.012612
FIRE:  1009 22:30:51    -1541.223432        0.012907
FIRE:  1010 22:30:51    -1541.223620        0.012663
FIRE:  1011 22:30:51    -1541.223839        0.012698
FIRE:  1012 22:30:51    -1541.224111        0.012781
FIRE:  1013 22:30:51    -1541.224444        0.012545
FIRE:  1014 22:30:51    -1541.224852        0.012511
FIRE:  1015 22:30:51    -1541.225345        0.012794
FIRE:  1016 22:30:51    -1541.225944        0.013051
FIRE:  1017 22:30:51    -1541.226668        0.012467
FIRE:  1018 22:30:51    -1541.227528        0.017821
FIRE:  1019 22:30:51    -1541.228450        0.041913
FIRE:  1020 22:30:51    -1541.228521        0.119293
FIRE:  1021 22:30:52    -1541.229814        0.015072
FIRE:  1022 22:30:52    -1541.229819        0.012281
FIRE:  1023 22:30:52    -1541.229844        0.012093
FIRE:  1024 22:30:52    -1541.229868        0.012333
FIRE:  1025 22:30:52    -1541.229899        0.013228
FIRE:  1026 22:30:52    -1541.229942        0.013866
FIRE:  1027 22:30:52    -1541.229980        0.012708
FIRE:  1028 22:30:52    -1541.230044        0.012319
FIRE:  1029 22:30:52    -1541.230104        0.012143
FIRE:  1030 22:30:52    -1541.230196        0.012094
FIRE:  1031 22:30:52    -1541.230310        0.012142
FIRE:  1032 22:30:52    -1541.230444        0.012382
FIRE:  1033 22:30:53    -1541.230620        0.012670
FIRE:  1034 22:30:53    -1541.230832        0.012375
FIRE:  1035 22:30:53    -1541.231084        0.012157
FIRE:  1036 22:30:53    -1541.231408        0.012295
FIRE:  1037 22:30:53    -1541.231810        0.012685
FIRE:  1038 22:30:53    -1541.232293        0.012156
FIRE:  1039 22:30:53    -1541.232884        0.012503
FIRE:  1040 22:30:53    -1541.233604        0.012166
FIRE:  1041 22:30:53    -1541.234467        0.020218
FIRE:  1042 22:30:53    -1541.235250        0.065194
FIRE:  1043 22:30:53    -1541.233697        0.203440
FIRE:  1044 22:30:53    -1541.236659        0.041479
FIRE:  1045 22:30:53    -1541.236732        0.029925
FIRE:  1046 22:30:54    -1541.236794        0.012235
FIRE:  1047 22:30:54    -1541.236812        0.016756
FIRE:  1048 22:30:54    -1541.236821        0.016081
FIRE:  1049 22:30:54    -1541.236830        0.014857
FIRE:  1050 22:30:54    -1541.236835        0.013252
FIRE:  1051 22:30:54    -1541.236851        0.012598
FIRE:  1052 22:30:54    -1541.236856        0.012485
FIRE:  1053 22:30:54    -1541.236875        0.012387
FIRE:  1054 22:30:54    -1541.236888        0.012336
FIRE:  1055 22:30:54    -1541.236901        0.012308
FIRE:  1056 22:30:54    -1541.236924        0.012306
FIRE:  1057 22:30:54    -1541.236958        0.012326
FIRE:  1058 22:30:55    -1541.236994        0.012383
FIRE:  1059 22:30:55    -1541.237040        0.012489
FIRE:  1060 22:30:55    -1541.237108        0.012634
FIRE:  1061 22:30:55    -1541.237168        0.012727
FIRE:  1062 22:30:55    -1541.237255        0.012691
FIRE:  1063 22:30:55    -1541.237370        0.012564
FIRE:  1064 22:30:55    -1541.237493        0.012459
FIRE:  1065 22:30:55    -1541.237664        0.012477
FIRE:  1066 22:30:55    -1541.237866        0.012650
FIRE:  1067 22:30:55    -1541.238098        0.012779
FIRE:  1068 22:30:55    -1541.238397        0.012600
FIRE:  1069 22:30:55    -1541.238762        0.012530
FIRE:  1070 22:30:56    -1541.239197        0.012779
FIRE:  1071 22:30:56    -1541.239739        0.012664
FIRE:  1072 22:30:56    -1541.240387        0.012646
FIRE:  1073 22:30:56    -1541.241185        0.013317
FIRE:  1074 22:30:56    -1541.242091        0.030030
FIRE:  1075 22:30:56    -1541.242744        0.087373
FIRE:  1076 22:30:56    -1541.243299        0.013005
FIRE:  1077 22:30:56    -1541.242931        0.081781
FIRE:  1078 22:30:56    -1541.243133        0.061404
FIRE:  1079 22:30:56    -1541.243353        0.026050
FIRE:  1080 22:30:56    -1541.243399        0.018634
FIRE:  1081 22:30:56    -1541.243405        0.017926
FIRE:  1082 22:30:57    -1541.243417        0.016563
FIRE:  1083 22:30:57    -1541.243420        0.014751
FIRE:  1084 22:30:57    -1541.243434        0.013272
FIRE:  1085 22:30:57    -1541.243447        0.013134
FIRE:  1086 22:30:57    -1541.243456        0.013017
FIRE:  1087 22:30:57    -1541.243469        0.012938
FIRE:  1088 22:30:57    -1541.243486        0.012932
FIRE:  1089 22:30:57    -1541.243503        0.012925
FIRE:  1090 22:30:57    -1541.243534        0.012917
FIRE:  1091 22:30:57    -1541.243564        0.012912
FIRE:  1092 22:30:57    -1541.243610        0.012971
FIRE:  1093 22:30:57    -1541.243659        0.013119
FIRE:  1094 22:30:58    -1541.243716        0.013278
FIRE:  1095 22:30:58    -1541.243786        0.013344
FIRE:  1096 22:30:58    -1541.243887        0.013241
FIRE:  1097 22:30:58    -1541.243995        0.013071
FIRE:  1098 22:30:58    -1541.244130        0.012992
FIRE:  1099 22:30:58    -1541.244303        0.013043
FIRE:  1100 22:30:58    -1541.244511        0.013262
FIRE:  1101 22:30:58    -1541.244769        0.013341
FIRE:  1102 22:30:58    -1541.245074        0.013087
FIRE:  1103 22:30:58    -1541.245446        0.013058
FIRE:  1104 22:30:58    -1541.245905        0.013374
FIRE:  1105 22:30:58    -1541.246468        0.013042
FIRE:  1106 22:30:59    -1541.247143        0.013188
FIRE:  1107 22:30:59    -1541.247959        0.013005
FIRE:  1108 22:30:59    -1541.248937        0.019171
FIRE:  1109 22:30:59    -1541.249901        0.058775
FIRE:  1110 22:30:59    -1541.248070        0.221201
FIRE:  1111 22:30:59    -1541.251280        0.059038
FIRE:  1112 22:30:59    -1541.251430        0.040399
FIRE:  1113 22:30:59    -1541.251561        0.013150
FIRE:  1114 22:30:59    -1541.251554        0.027927
FIRE:  1115 22:30:59    -1541.251564        0.026122
FIRE:  1116 22:30:59    -1541.251582        0.022716
FIRE:  1117 22:30:59    -1541.251604        0.018187
FIRE:  1118 22:31:00    -1541.251618        0.013504
FIRE:  1119 22:31:00    -1541.251630        0.013079
FIRE:  1120 22:31:00    -1541.251641        0.013090
FIRE:  1121 22:31:00    -1541.251660        0.013108
FIRE:  1122 22:31:00    -1541.251673        0.015193
FIRE:  1123 22:31:00    -1541.251706        0.015696
FIRE:  1124 22:31:00    -1541.251738        0.014121
FIRE:  1125 22:31:00    -1541.251788        0.013089
FIRE:  1126 22:31:00    -1541.251837        0.013067
FIRE:  1127 22:31:00    -1541.251886        0.013963
FIRE:  1128 22:31:00    -1541.251957        0.015973
FIRE:  1129 22:31:00    -1541.252059        0.013538
FIRE:  1130 22:31:01    -1541.252170        0.013047
FIRE:  1131 22:31:01    -1541.252295        0.013080
FIRE:  1132 22:31:01    -1541.252469        0.013098
FIRE:  1133 22:31:01    -1541.252674        0.013131
FIRE:  1134 22:31:01    -1541.252919        0.014369
FIRE:  1135 22:31:01    -1541.253221        0.013119
FIRE:  1136 22:31:01    -1541.253583        0.013199
FIRE:  1137 22:31:01    -1541.254034        0.014647
FIRE:  1138 22:31:01    -1541.254577        0.013239
FIRE:  1139 22:31:01    -1541.255234        0.013391
FIRE:  1140 22:31:01    -1541.256032        0.013286
FIRE:  1141 22:31:01    -1541.257006        0.015089
FIRE:  1142 22:31:02    -1541.257973        0.045663
FIRE:  1143 22:31:02    -1541.256674        0.161734
FIRE:  1144 22:31:02    -1541.259371        0.046702
FIRE:  1145 22:31:02    -1541.259476        0.032964
FIRE:  1146 22:31:02    -1541.259584        0.013403
FIRE:  1147 22:31:02    -1541.259593        0.019196
FIRE:  1148 22:31:02    -1541.259599        0.017950
FIRE:  1149 22:31:02    -1541.259603        0.015678
FIRE:  1150 22:31:02    -1541.259619        0.014766
FIRE:  1151 22:31:02    -1541.259630        0.013964
FIRE:  1152 22:31:02    -1541.259650        0.013420
FIRE:  1153 22:31:02    -1541.259667        0.013247
FIRE:  1154 22:31:03    -1541.259675        0.013332
FIRE:  1155 22:31:03    -1541.259699        0.014489
FIRE:  1156 22:31:03    -1541.259713        0.014840
FIRE:  1157 22:31:03    -1541.259757        0.013607
FIRE:  1158 22:31:03    -1541.259795        0.013243
FIRE:  1159 22:31:03    -1541.259852        0.013387
FIRE:  1160 22:31:03    -1541.259912        0.013929
FIRE:  1161 22:31:03    -1541.259981        0.014256
FIRE:  1162 22:31:03    -1541.260074        0.013814
FIRE:  1163 22:31:03    -1541.260191        0.013201
FIRE:  1164 22:31:03    -1541.260318        0.013217
FIRE:  1165 22:31:03    -1541.260498        0.013161
FIRE:  1166 22:31:04    -1541.260694        0.013508
FIRE:  1167 22:31:04    -1541.260943        0.013873
FIRE:  1168 22:31:04    -1541.261250        0.013067
FIRE:  1169 22:31:04    -1541.261619        0.013111
FIRE:  1170 22:31:04    -1541.262076        0.013924
FIRE:  1171 22:31:04    -1541.262633        0.012999
FIRE:  1172 22:31:04    -1541.263289        0.013268
FIRE:  1173 22:31:04    -1541.264098        0.015650
FIRE:  1174 22:31:04    -1541.264952        0.035446
FIRE:  1175 22:31:04    -1541.264961        0.114316
FIRE:  1176 22:31:04    -1541.266215        0.014940
FIRE:  1177 22:31:04    -1541.266233        0.013476
FIRE:  1178 22:31:05    -1541.266259        0.013309
FIRE:  1179 22:31:05    -1541.266275        0.013138
FIRE:  1180 22:31:05    -1541.266299        0.013376
FIRE:  1181 22:31:05    -1541.266343        0.014256
FIRE:  1182 22:31:05    -1541.266384        0.013057
FIRE:  1183 22:31:05    -1541.266442        0.013179
FIRE:  1184 22:31:05    -1541.266497        0.013317
FIRE:  1185 22:31:05    -1541.266583        0.013365
FIRE:  1186 22:31:05    -1541.266691        0.013277
FIRE:  1187 22:31:05    -1541.266827        0.013093
FIRE:  1188 22:31:05    -1541.266981        0.013025
FIRE:  1189 22:31:05    -1541.267184        0.013209
FIRE:  1190 22:31:06    -1541.267422        0.013369
FIRE:  1191 22:31:06    -1541.267732        0.013202
FIRE:  1192 22:31:06    -1541.268106        0.013147
FIRE:  1193 22:31:06    -1541.268567        0.013546
FIRE:  1194 22:31:06    -1541.269128        0.013175
FIRE:  1195 22:31:06    -1541.269814        0.014026
FIRE:  1196 22:31:06    -1541.270603        0.025114
FIRE:  1197 22:31:06    -1541.271197        0.069130
FIRE:  1198 22:31:06    -1541.271660        0.013640
FIRE:  1199 22:31:06    -1541.271367        0.063091
FIRE:  1200 22:31:06    -1541.271541        0.047940
FIRE:  1201 22:31:06    -1541.271714        0.022078
FIRE:  1202 22:31:07    -1541.271756        0.014675
FIRE:  1203 22:31:07    -1541.271770        0.014591
FIRE:  1204 22:31:07    -1541.271775        0.014437
FIRE:  1205 22:31:07    -1541.271781        0.014239
FIRE:  1206 22:31:07    -1541.271801        0.014009
FIRE:  1207 22:31:07    -1541.271800        0.013802
FIRE:  1208 22:31:07    -1541.271814        0.013629
FIRE:  1209 22:31:07    -1541.271822        0.013503
FIRE:  1210 22:31:07    -1541.271834        0.013423
FIRE:  1211 22:31:07    -1541.271859        0.013377
FIRE:  1212 22:31:07    -1541.271878        0.013374
FIRE:  1213 22:31:07    -1541.271913        0.013402
FIRE:  1214 22:31:08    -1541.271952        0.013493
FIRE:  1215 22:31:08    -1541.272001        0.013676
FIRE:  1216 22:31:08    -1541.272057        0.013871
FIRE:  1217 22:31:08    -1541.272125        0.013935
FIRE:  1218 22:31:08    -1541.272212        0.013776
FIRE:  1219 22:31:08    -1541.272327        0.013515
FIRE:  1220 22:31:08    -1541.272460        0.013380
FIRE:  1221 22:31:08    -1541.272623        0.013435
FIRE:  1222 22:31:08    -1541.272827        0.013732
FIRE:  1223 22:31:08    -1541.273064        0.013825
FIRE:  1224 22:31:08    -1541.273361        0.013485
FIRE:  1225 22:31:08    -1541.273729        0.013481
FIRE:  1226 22:31:09    -1541.274166        0.013997
FIRE:  1227 22:31:09    -1541.274718        0.013591
FIRE:  1228 22:31:09    -1541.275374        0.013946
FIRE:  1229 22:31:09    -1541.276177        0.013766
FIRE:  1230 22:31:09    -1541.277149        0.015080
FIRE:  1231 22:31:09    -1541.278139        0.055775
FIRE:  1232 22:31:09    -1541.276871        0.202025
FIRE:  1233 22:31:09    -1541.279539        0.053057
FIRE:  1234 22:31:09    -1541.279648        0.036647
FIRE:  1235 22:31:09    -1541.279761        0.014147
FIRE:  1236 22:31:09    -1541.279767        0.020017
FIRE:  1237 22:31:09    -1541.279773        0.018377
FIRE:  1238 22:31:10    -1541.279784        0.016092
FIRE:  1239 22:31:10    -1541.279803        0.015388
FIRE:  1240 22:31:10    -1541.279818        0.014728
FIRE:  1241 22:31:10    -1541.279832        0.014284
FIRE:  1242 22:31:10    -1541.279842        0.014104
FIRE:  1243 22:31:10    -1541.279855        0.014129
FIRE:  1244 22:31:10    -1541.279874        0.014214
FIRE:  1245 22:31:10    -1541.279896        0.014240
FIRE:  1246 22:31:10    -1541.279935        0.014133
FIRE:  1247 22:31:10    -1541.279982        0.014044
FIRE:  1248 22:31:10    -1541.280033        0.014231
FIRE:  1249 22:31:10    -1541.280096        0.014688
FIRE:  1250 22:31:11    -1541.280161        0.014913
FIRE:  1251 22:31:11    -1541.280257        0.014527
FIRE:  1252 22:31:11    -1541.280377        0.014008
FIRE:  1253 22:31:11    -1541.280516        0.013957
FIRE:  1254 22:31:11    -1541.280679        0.013900
FIRE:  1255 22:31:11    -1541.280895        0.014310
FIRE:  1256 22:31:11    -1541.281152        0.014560
FIRE:  1257 22:31:11    -1541.281469        0.013901
FIRE:  1258 22:31:11    -1541.281850        0.013898
FIRE:  1259 22:31:11    -1541.282317        0.014780
FIRE:  1260 22:31:11    -1541.282885        0.013954
FIRE:  1261 22:31:11    -1541.283573        0.014403
FIRE:  1262 22:31:12    -1541.284417        0.014094
FIRE:  1263 22:31:12    -1541.285403        0.021263
FIRE:  1264 22:31:12    -1541.286095        0.071619
FIRE:  1265 22:31:12    -1541.286690        0.014637
FIRE:  1266 22:31:12    -1541.286703        0.014510
FIRE:  1267 22:31:12    -1541.286717        0.014336
FIRE:  1268 22:31:12    -1541.286743        0.014203
FIRE:  1269 22:31:12    -1541.286770        0.014145
FIRE:  1270 22:31:12    -1541.286811        0.014126
FIRE:  1271 22:31:12    -1541.286861        0.014127
FIRE:  1272 22:31:12    -1541.286923        0.014182
FIRE:  1273 22:31:12    -1541.286988        0.014292
FIRE:  1274 22:31:13    -1541.287075        0.014375
FIRE:  1275 22:31:13    -1541.287188        0.014289
FIRE:  1276 22:31:13    -1541.287333        0.014140
FIRE:  1277 22:31:13    -1541.287499        0.014090
FIRE:  1278 22:31:13    -1541.287721        0.014139
FIRE:  1279 22:31:13    -1541.287985        0.014291
FIRE:  1280 22:31:13    -1541.288318        0.014138
FIRE:  1281 22:31:13    -1541.288726        0.014066
FIRE:  1282 22:31:13    -1541.289226        0.014333
FIRE:  1283 22:31:13    -1541.289854        0.014070
FIRE:  1284 22:31:13    -1541.290602        0.014569
FIRE:  1285 22:31:13    -1541.291483        0.019288
FIRE:  1286 22:31:14    -1541.292237        0.056906
FIRE:  1287 22:31:14    -1541.290119        0.181951
FIRE:  1288 22:31:14    -1541.293770        0.033793
FIRE:  1289 22:31:14    -1541.293855        0.023554
FIRE:  1290 22:31:14    -1541.293929        0.014644
FIRE:  1291 22:31:14    -1541.293959        0.014382
FIRE:  1292 22:31:14    -1541.293955        0.014327
FIRE:  1293 22:31:14    -1541.293975        0.014260
FIRE:  1294 22:31:14    -1541.293983        0.014193
FIRE:  1295 22:31:14    -1541.293991        0.014175
FIRE:  1296 22:31:14    -1541.293998        0.014208
FIRE:  1297 22:31:14    -1541.294017        0.014299
FIRE:  1298 22:31:15    -1541.294032        0.014420
FIRE:  1299 22:31:15    -1541.294062        0.014525
FIRE:  1300 22:31:15    -1541.294085        0.014565
FIRE:  1301 22:31:15    -1541.294108        0.014503
FIRE:  1302 22:31:15    -1541.294153        0.014360
FIRE:  1303 22:31:15    -1541.294205        0.014218
FIRE:  1304 22:31:15    -1541.294266        0.014144
FIRE:  1305 22:31:15    -1541.294345        0.014135
FIRE:  1306 22:31:15    -1541.294433        0.014129
FIRE:  1307 22:31:15    -1541.294552        0.014194
FIRE:  1308 22:31:15    -1541.294696        0.014364
FIRE:  1309 22:31:15    -1541.294869        0.014362
FIRE:  1310 22:31:16    -1541.295074        0.014169
FIRE:  1311 22:31:16    -1541.295335        0.014140
FIRE:  1312 22:31:16    -1541.295658        0.014221
FIRE:  1313 22:31:16    -1541.296054        0.014401
FIRE:  1314 22:31:16    -1541.296534        0.014165
FIRE:  1315 22:31:16    -1541.297105        0.014242
FIRE:  1316 22:31:16    -1541.297819        0.014372
FIRE:  1317 22:31:16    -1541.298678        0.014231
FIRE:  1318 22:31:16    -1541.299672        0.024598
FIRE:  1319 22:31:16    -1541.300318        0.077328
FIRE:  1320 22:31:16    -1541.301010        0.014296
FIRE:  1321 22:31:16    -1541.300551        0.067938
FIRE:  1322 22:31:17    -1541.300806        0.050428
FIRE:  1323 22:31:17    -1541.301075        0.019981
FIRE:  1324 22:31:17    -1541.301131        0.016151
FIRE:  1325 22:31:17    -1541.301131        0.015217
FIRE:  1326 22:31:17    -1541.301140        0.014398
FIRE:  1327 22:31:17    -1541.301155        0.014281
FIRE:  1328 22:31:17    -1541.301162        0.014185
FIRE:  1329 22:31:17    -1541.301185        0.014166
FIRE:  1330 22:31:17    -1541.301194        0.014228
FIRE:  1331 22:31:17    -1541.301210        0.014355
FIRE:  1332 22:31:17    -1541.301227        0.014503
FIRE:  1333 22:31:17    -1541.301242        0.014616
FIRE:  1334 22:31:18    -1541.301270        0.014620
FIRE:  1335 22:31:18    -1541.301317        0.014504
FIRE:  1336 22:31:18    -1541.301364        0.014315
FIRE:  1337 22:31:18    -1541.301419        0.014174
FIRE:  1338 22:31:18    -1541.301492        0.014156
FIRE:  1339 22:31:18    -1541.301580        0.014165
FIRE:  1340 22:31:18    -1541.301678        0.014143
FIRE:  1341 22:31:18    -1541.301808        0.014247
FIRE:  1342 22:31:18    -1541.301968        0.014447
FIRE:  1343 22:31:18    -1541.302158        0.014346
FIRE:  1344 22:31:18    -1541.302387        0.014169
FIRE:  1345 22:31:18    -1541.302680        0.014177
FIRE:  1346 22:31:19    -1541.303037        0.014339
FIRE:  1347 22:31:19    -1541.303462        0.014429
FIRE:  1348 22:31:19    -1541.303996        0.014271
FIRE:  1349 22:31:19    -1541.304643        0.014468
FIRE:  1350 22:31:19    -1541.305422        0.014332
FIRE:  1351 22:31:19    -1541.306393        0.014412
FIRE:  1352 22:31:19    -1541.307573        0.014475
FIRE:  1353 22:31:19    -1541.308930        0.032543
FIRE:  1354 22:31:19    -1541.308934        0.140568
FIRE:  1355 22:31:19    -1541.310633        0.036931
FIRE:  1356 22:31:19    -1541.310722        0.025220
FIRE:  1357 22:31:19    -1541.310797        0.014494
FIRE:  1358 22:31:19    -1541.310813        0.016225
FIRE:  1359 22:31:20    -1541.310820        0.015101
FIRE:  1360 22:31:20    -1541.310832        0.014614
FIRE:  1361 22:31:20    -1541.310847        0.014497
FIRE:  1362 22:31:20    -1541.310867        0.014403
FIRE:  1363 22:31:20    -1541.310889        0.014374
FIRE:  1364 22:31:20    -1541.310902        0.014403
FIRE:  1365 22:31:20    -1541.310916        0.014460
FIRE:  1366 22:31:20    -1541.310946        0.014522
FIRE:  1367 22:31:20    -1541.310977        0.014533
FIRE:  1368 22:31:20    -1541.311017        0.014479
FIRE:  1369 22:31:20    -1541.311071        0.014388
FIRE:  1370 22:31:20    -1541.311137        0.014346
FIRE:  1371 22:31:21    -1541.311207        0.014379
FIRE:  1372 22:31:21    -1541.311309        0.014406
FIRE:  1373 22:31:21    -1541.311428        0.014361
FIRE:  1374 22:31:21    -1541.311571        0.014349
FIRE:  1375 22:31:21    -1541.311747        0.014416
FIRE:  1376 22:31:21    -1541.311962        0.014369
FIRE:  1377 22:31:21    -1541.312233        0.014339
FIRE:  1378 22:31:21    -1541.312570        0.014376
FIRE:  1379 22:31:21    -1541.312973        0.014391
FIRE:  1380 22:31:21    -1541.313468        0.014394
FIRE:  1381 22:31:21    -1541.314064        0.014416
FIRE:  1382 22:31:21    -1541.314800        0.014421
FIRE:  1383 22:31:22    -1541.315695        0.014389
FIRE:  1384 22:31:22    -1541.316785        0.015307
FIRE:  1385 22:31:22    -1541.317945        0.039789
FIRE:  1386 22:31:22    -1541.318080        0.117336
FIRE:  1387 22:31:22    -1541.319695        0.014204
FIRE:  1388 22:31:22    -1541.319706        0.014121
FIRE:  1389 22:31:22    -1541.319745        0.014048
FIRE:  1390 22:31:22    -1541.319770        0.014042
FIRE:  1391 22:31:22    -1541.319814        0.014094
FIRE:  1392 22:31:22    -1541.319862        0.014110
FIRE:  1393 22:31:22    -1541.319927        0.014054
FIRE:  1394 22:31:22    -1541.320001        0.014006
FIRE:  1395 22:31:23    -1541.320096        0.014020
FIRE:  1396 22:31:23    -1541.320216        0.014066
FIRE:  1397 22:31:23    -1541.320363        0.014036
FIRE:  1398 22:31:23    -1541.320544        0.014023
FIRE:  1399 22:31:23    -1541.320774        0.014059
FIRE:  1400 22:31:23    -1541.321069        0.013999
FIRE:  1401 22:31:23    -1541.321426        0.014026
FIRE:  1402 22:31:23    -1541.321857        0.013958
FIRE:  1403 22:31:23    -1541.322397        0.013960
FIRE:  1404 22:31:23    -1541.323065        0.013902
FIRE:  1405 22:31:23    -1541.323884        0.013786
FIRE:  1406 22:31:23    -1541.324883        0.013682
FIRE:  1407 22:31:23    -1541.326084        0.018474
FIRE:  1408 22:31:24    -1541.327208        0.061999
FIRE:  1409 22:31:24    -1541.325170        0.198019
FIRE:  1410 22:31:24    -1541.329212        0.039453
FIRE:  1411 22:31:24    -1541.329296        0.028152
FIRE:  1412 22:31:24    -1541.329393        0.013167
FIRE:  1413 22:31:24    -1541.329418        0.013875
FIRE:  1414 22:31:24    -1541.329426        0.013658
FIRE:  1415 22:31:24    -1541.329436        0.013284
FIRE:  1416 22:31:24    -1541.329453        0.013138
FIRE:  1417 22:31:24    -1541.329468        0.013074
FIRE:  1418 22:31:24    -1541.329482        0.013044
FIRE:  1419 22:31:24    -1541.329513        0.013057
FIRE:  1420 22:31:25    -1541.329525        0.013095
FIRE:  1421 22:31:25    -1541.329550        0.013140
FIRE:  1422 22:31:25    -1541.329594        0.013151
FIRE:  1423 22:31:25    -1541.329632        0.013131
FIRE:  1424 22:31:25    -1541.329687        0.013086
FIRE:  1425 22:31:25    -1541.329762        0.013043
FIRE:  1426 22:31:25    -1541.329836        0.013061
FIRE:  1427 22:31:25    -1541.329950        0.013090
FIRE:  1428 22:31:25    -1541.330079        0.013074
FIRE:  1429 22:31:25    -1541.330245        0.013063
FIRE:  1430 22:31:25    -1541.330431        0.013108
FIRE:  1431 22:31:25    -1541.330670        0.013112
FIRE:  1432 22:31:26    -1541.330978        0.013059
FIRE:  1433 22:31:26    -1541.331325        0.013070
FIRE:  1434 22:31:26    -1541.331787        0.013027
FIRE:  1435 22:31:26    -1541.332316        0.013051
FIRE:  1436 22:31:26    -1541.332978        0.012960
FIRE:  1437 22:31:26    -1541.333784        0.012884
FIRE:  1438 22:31:26    -1541.334782        0.012800
FIRE:  1439 22:31:26    -1541.335986        0.013068
FIRE:  1440 22:31:26    -1541.337387        0.027762
FIRE:  1441 22:31:26    -1541.338453        0.086230
FIRE:  1442 22:31:26    -1541.339235        0.012476
FIRE:  1443 22:31:26    -1541.338744        0.079229
FIRE:  1444 22:31:26    -1541.339021        0.059280
FIRE:  1445 22:31:27    -1541.339323        0.024777
FIRE:  1446 22:31:27    -1541.339389        0.017516
FIRE:  1447 22:31:27    -1541.339389        0.016520
FIRE:  1448 22:31:27    -1541.339400        0.014593
FIRE:  1449 22:31:27    -1541.339427        0.013357
FIRE:  1450 22:31:27    -1541.339439        0.012868
FIRE:  1451 22:31:27    -1541.339454        0.012545
FIRE:  1452 22:31:27    -1541.339478        0.012445
FIRE:  1453 22:31:27    -1541.339493        0.012545
FIRE:  1454 22:31:27    -1541.339518        0.012772
FIRE:  1455 22:31:27    -1541.339546        0.012969
FIRE:  1456 22:31:27    -1541.339586        0.012994
FIRE:  1457 22:31:28    -1541.339644        0.012811
FIRE:  1458 22:31:28    -1541.339711        0.012537
FIRE:  1459 22:31:28    -1541.339791        0.012486
FIRE:  1460 22:31:28    -1541.339881        0.012730
FIRE:  1461 22:31:28    -1541.339998        0.012884
FIRE:  1462 22:31:28    -1541.340146        0.012629
FIRE:  1463 22:31:28    -1541.340326        0.012518
FIRE:  1464 22:31:28    -1541.340545        0.012760
FIRE:  1465 22:31:28    -1541.340811        0.012618
FIRE:  1466 22:31:28    -1541.341137        0.012629
FIRE:  1467 22:31:28    -1541.341535        0.012772
FIRE:  1468 22:31:28    -1541.342030        0.012615
FIRE:  1469 22:31:29    -1541.342622        0.012686
FIRE:  1470 22:31:29    -1541.343348        0.012916
FIRE:  1471 22:31:29    -1541.344243        0.012689
FIRE:  1472 22:31:29    -1541.345335        0.012597
FIRE:  1473 22:31:29    -1541.346650        0.012599
FIRE:  1474 22:31:29    -1541.348248        0.017471
FIRE:  1475 22:31:29    -1541.349727        0.070556
FIRE:  1476 22:31:29    -1541.346038        0.247918
FIRE:  1477 22:31:29    -1541.352024        0.071497
FIRE:  1478 22:31:29    -1541.352311        0.049408
FIRE:  1479 22:31:29    -1541.352556        0.013120
FIRE:  1480 22:31:29    -1541.352535        0.028287
FIRE:  1481 22:31:30    -1541.352551        0.026100
FIRE:  1482 22:31:30    -1541.352581        0.021956
FIRE:  1483 22:31:30    -1541.352616        0.016356
FIRE:  1484 22:31:30    -1541.352655        0.012647
FIRE:  1485 22:31:30    -1541.352680        0.012450
FIRE:  1486 22:31:30    -1541.352699        0.012639
FIRE:  1487 22:31:30    -1541.352724        0.014592
FIRE:  1488 22:31:30    -1541.352741        0.017928
FIRE:  1489 22:31:30    -1541.352786        0.018696
FIRE:  1490 22:31:30    -1541.352855        0.016241
FIRE:  1491 22:31:30    -1541.352931        0.012677
FIRE:  1492 22:31:30    -1541.353027        0.012490
FIRE:  1493 22:31:31    -1541.353110        0.012712
FIRE:  1494 22:31:31    -1541.353239        0.013799
FIRE:  1495 22:31:31    -1541.353397        0.012698
FIRE:  1496 22:31:31    -1541.353600        0.012570
FIRE:  1497 22:31:31    -1541.353819        0.013474
FIRE:  1498 22:31:31    -1541.354108        0.012779
FIRE:  1499 22:31:31    -1541.354468        0.012688
FIRE:  1500 22:31:31    -1541.354890        0.012892
FIRE:  1501 22:31:31    -1541.355427        0.012741
FIRE:  1502 22:31:31    -1541.356059        0.012923
FIRE:  1503 22:31:31    -1541.356836        0.013029
FIRE:  1504 22:31:31    -1541.357794        0.012823
FIRE:  1505 22:31:31    -1541.358963        0.012757
FIRE:  1506 22:31:32    -1541.360392        0.012813
FIRE:  1507 22:31:32    -1541.362110        0.025196
FIRE:  1508 22:31:32    -1541.363503        0.086402
FIRE:  1509 22:31:32    -1541.356485        0.327918
FIRE:  1510 22:31:32    -1541.365704        0.102538
FIRE:  1511 22:31:32    -1541.366307        0.068159
FIRE:  1512 22:31:32    -1541.366799        0.013992
FIRE:  1513 22:31:32    -1541.366664        0.049533
FIRE:  1514 22:31:32    -1541.366697        0.045680
FIRE:  1515 22:31:32    -1541.366769        0.038338
FIRE:  1516 22:31:32    -1541.366840        0.028197
FIRE:  1517 22:31:32    -1541.366905        0.016393
FIRE:  1518 22:31:33    -1541.366945        0.012688
FIRE:  1519 22:31:33    -1541.366960        0.013712
FIRE:  1520 22:31:33    -1541.366977        0.020051
FIRE:  1521 22:31:33    -1541.366990        0.024801
FIRE:  1522 22:31:33    -1541.367043        0.025536
FIRE:  1523 22:31:33    -1541.367122        0.021284
FIRE:  1524 22:31:33    -1541.367237        0.013787
FIRE:  1525 22:31:33    -1541.367339        0.012769
FIRE:  1526 22:31:33    -1541.367432        0.018667
FIRE:  1527 22:31:33    -1541.367551        0.023860
FIRE:  1528 22:31:33    -1541.367742        0.017969
FIRE:  1529 22:31:33    -1541.367969        0.012819
FIRE:  1530 22:31:34    -1541.368202        0.016661
FIRE:  1531 22:31:34    -1541.368520        0.015042
FIRE:  1532 22:31:34    -1541.368916        0.013058
FIRE:  1533 22:31:34    -1541.369357        0.019665
FIRE:  1534 22:31:34    -1541.369941        0.012958
FIRE:  1535 22:31:34    -1541.370611        0.015570
FIRE:  1536 22:31:34    -1541.371452        0.016029
FIRE:  1537 22:31:34    -1541.372493        0.012948
FIRE:  1538 22:31:34    -1541.373741        0.013824
FIRE:  1539 22:31:34    -1541.375184        0.035297
FIRE:  1540 22:31:34    -1541.376465        0.081580
FIRE:  1541 22:31:34    -1541.374506        0.230885
FIRE:  1542 22:31:35    -1541.379205        0.027696
FIRE:  1543 22:31:35    -1541.379258        0.019740
FIRE:  1544 22:31:35    -1541.379329        0.013097
FIRE:  1545 22:31:35    -1541.379366        0.013460
FIRE:  1546 22:31:35    -1541.379417        0.022130
FIRE:  1547 22:31:35    -1541.379483        0.024431
FIRE:  1548 22:31:35    -1541.379596        0.018871
FIRE:  1549 22:31:35    -1541.379717        0.013040
FIRE:  1550 22:31:35    -1541.379847        0.013175
FIRE:  1551 22:31:35    -1541.380002        0.016413
FIRE:  1552 22:31:35    -1541.380222        0.013818
FIRE:  1553 22:31:35    -1541.380489        0.013164
FIRE:  1554 22:31:36    -1541.380800        0.018410
FIRE:  1555 22:31:36    -1541.381220        0.013128
FIRE:  1556 22:31:36    -1541.381697        0.014940
FIRE:  1557 22:31:36    -1541.382316        0.013043
FIRE:  1558 22:31:36    -1541.383042        0.020289
FIRE:  1559 22:31:36    -1541.383971        0.013723
FIRE:  1560 22:31:36    -1541.385102        0.013681
FIRE:  1561 22:31:36    -1541.386481        0.013773
FIRE:  1562 22:31:36    -1541.388117        0.025546
FIRE:  1563 22:31:36    -1541.389462        0.092335
FIRE:  1564 22:31:36    -1541.384902        0.287075
FIRE:  1565 22:31:36    -1541.392290        0.066351
FIRE:  1566 22:31:37    -1541.392481        0.047068
FIRE:  1567 22:31:37    -1541.392678        0.015404
FIRE:  1568 22:31:37    -1541.392700        0.021943
FIRE:  1569 22:31:37    -1541.392715        0.020231
FIRE:  1570 22:31:37    -1541.392740        0.017983
FIRE:  1571 22:31:37    -1541.392754        0.015273
FIRE:  1572 22:31:37    -1541.392785        0.013125
FIRE:  1573 22:31:37    -1541.392809        0.012831
FIRE:  1574 22:31:37    -1541.392843        0.012965
FIRE:  1575 22:31:37    -1541.392871        0.013360
FIRE:  1576 22:31:37    -1541.392907        0.015862
FIRE:  1577 22:31:37    -1541.392950        0.016779
FIRE:  1578 22:31:38    -1541.393023        0.015231
FIRE:  1579 22:31:38    -1541.393108        0.013210
FIRE:  1580 22:31:38    -1541.393205        0.012828
FIRE:  1581 22:31:38    -1541.393312        0.012999
FIRE:  1582 22:31:38    -1541.393460        0.013738
FIRE:  1583 22:31:38    -1541.393649        0.013103
FIRE:  1584 22:31:38    -1541.393869        0.012986
FIRE:  1585 22:31:38    -1541.394137        0.013292
FIRE:  1586 22:31:38    -1541.394459        0.013258
FIRE:  1587 22:31:38    -1541.394887        0.012931
FIRE:  1588 22:31:38    -1541.395374        0.013174
FIRE:  1589 22:31:38    -1541.395984        0.013202
FIRE:  1590 22:31:39    -1541.396729        0.013316
FIRE:  1591 22:31:39    -1541.397641        0.013017
FIRE:  1592 22:31:39    -1541.398747        0.013747
FIRE:  1593 22:31:39    -1541.400099        0.013407
FIRE:  1594 22:31:39    -1541.401744        0.017125
FIRE:  1595 22:31:39    -1541.403637        0.035821
FIRE:  1596 22:31:39    -1541.404996        0.102455
FIRE:  1597 22:31:39    -1541.406169        0.012978
FIRE:  1598 22:31:39    -1541.405417        0.096276
FIRE:  1599 22:31:39    -1541.405828        0.072213
FIRE:  1600 22:31:39    -1541.406289        0.030682
FIRE:  1601 22:31:39    -1541.406382        0.020111
FIRE:  1602 22:31:39    -1541.406389        0.019138
FIRE:  1603 22:31:40    -1541.406409        0.017952
FIRE:  1604 22:31:40    -1541.406431        0.016371
FIRE:  1605 22:31:40    -1541.406449        0.014781
FIRE:  1606 22:31:40    -1541.406478        0.013488
FIRE:  1607 22:31:40    -1541.406499        0.012851
FIRE:  1608 22:31:40    -1541.406529        0.012974
FIRE:  1609 22:31:40    -1541.406567        0.013456
FIRE:  1610 22:31:40    -1541.406609        0.014139
FIRE:  1611 22:31:40    -1541.406657        0.014283
FIRE:  1612 22:31:40    -1541.406731        0.013718
FIRE:  1613 22:31:40    -1541.406822        0.013002
FIRE:  1614 22:31:40    -1541.406927        0.012976
FIRE:  1615 22:31:41    -1541.407060        0.013948
FIRE:  1616 22:31:41    -1541.407217        0.014643
FIRE:  1617 22:31:41    -1541.407419        0.013888
FIRE:  1618 22:31:41    -1541.407664        0.012928
FIRE:  1619 22:31:41    -1541.407961        0.013391
FIRE:  1620 22:31:41    -1541.408330        0.013207
FIRE:  1621 22:31:41    -1541.408777        0.013295
FIRE:  1622 22:31:41    -1541.409322        0.014309
FIRE:  1623 22:31:41    -1541.409990        0.013059
FIRE:  1624 22:31:41    -1541.410813        0.013429
FIRE:  1625 22:31:41    -1541.411806        0.014243
FIRE:  1626 22:31:41    -1541.413021        0.013259
FIRE:  1627 22:31:42    -1541.414510        0.013156
FIRE:  1628 22:31:42    -1541.416307        0.017719
FIRE:  1629 22:31:42    -1541.418367        0.042520
FIRE:  1630 22:31:42    -1541.419438        0.147288
FIRE:  1631 22:31:42    -1541.421133        0.015385
FIRE:  1632 22:31:42    -1541.421153        0.013805
FIRE:  1633 22:31:42    -1541.421195        0.013480
FIRE:  1634 22:31:42    -1541.421251        0.013551
FIRE:  1635 22:31:42    -1541.421312        0.014335
FIRE:  1636 22:31:42    -1541.421392        0.014710
FIRE:  1637 22:31:42    -1541.421494        0.014088
FIRE:  1638 22:31:42    -1541.421621        0.013561
FIRE:  1639 22:31:43    -1541.421762        0.013515
FIRE:  1640 22:31:43    -1541.421949        0.013500
FIRE:  1641 22:31:43    -1541.422189        0.013545
FIRE:  1642 22:31:43    -1541.422485        0.013645
FIRE:  1643 22:31:43    -1541.422847        0.014098
FIRE:  1644 22:31:43    -1541.423303        0.013671
FIRE:  1645 22:31:43    -1541.423865        0.013618
FIRE:  1646 22:31:43    -1541.424561        0.013722
FIRE:  1647 22:31:43    -1541.425423        0.014065
FIRE:  1648 22:31:43    -1541.426472        0.013739
FIRE:  1649 22:31:43    -1541.427768        0.014138
FIRE:  1650 22:31:43    -1541.429342        0.014431
FIRE:  1651 22:31:44    -1541.431190        0.037553
FIRE:  1652 22:31:44    -1541.432722        0.112934
FIRE:  1653 22:31:44    -1541.428107        0.352292
FIRE:  1654 22:31:44    -1541.435945        0.066191
FIRE:  1655 22:31:44    -1541.436109        0.046565
FIRE:  1656 22:31:44    -1541.436290        0.014372
FIRE:  1657 22:31:44    -1541.436318        0.024403
FIRE:  1658 22:31:44    -1541.436337        0.022758
FIRE:  1659 22:31:44    -1541.436358        0.019658
FIRE:  1660 22:31:44    -1541.436383        0.015492
FIRE:  1661 22:31:44    -1541.436406        0.014406
FIRE:  1662 22:31:44    -1541.436431        0.014358
FIRE:  1663 22:31:45    -1541.436463        0.014314
FIRE:  1664 22:31:45    -1541.436492        0.014283
FIRE:  1665 22:31:45    -1541.436530        0.014263
FIRE:  1666 22:31:45    -1541.436587        0.014258
FIRE:  1667 22:31:45    -1541.436645        0.014272
FIRE:  1668 22:31:45    -1541.436737        0.014307
FIRE:  1669 22:31:45    -1541.436850        0.014368
FIRE:  1670 22:31:45    -1541.436968        0.014435
FIRE:  1671 22:31:45    -1541.437131        0.014696
FIRE:  1672 22:31:45    -1541.437322        0.014479
FIRE:  1673 22:31:45    -1541.437561        0.014438
FIRE:  1674 22:31:45    -1541.437858        0.014403
FIRE:  1675 22:31:46    -1541.438212        0.014437
FIRE:  1676 22:31:46    -1541.438652        0.014548
FIRE:  1677 22:31:46    -1541.439189        0.014634
FIRE:  1678 22:31:46    -1541.439847        0.014600
FIRE:  1679 22:31:46    -1541.440649        0.014613
FIRE:  1680 22:31:46    -1541.441631        0.014790
FIRE:  1681 22:31:46    -1541.442827        0.014775
FIRE:  1682 22:31:46    -1541.444284        0.014857
FIRE:  1683 22:31:46    -1541.446049        0.018312
FIRE:  1684 22:31:46    -1541.448052        0.050307
FIRE:  1685 22:31:46    -1541.449285        0.150010
FIRE:  1686 22:31:46    -1541.450788        0.015194
FIRE:  1687 22:31:47    -1541.449780        0.134703
FIRE:  1688 22:31:47    -1541.450319        0.100368
FIRE:  1689 22:31:47    -1541.450900        0.040777
FIRE:  1690 22:31:47    -1541.451000        0.030299
FIRE:  1691 22:31:47    -1541.451013        0.028514
FIRE:  1692 22:31:47    -1541.451029        0.025065
FIRE:  1693 22:31:47    -1541.451061        0.020299
FIRE:  1694 22:31:47    -1541.451092        0.015358
FIRE:  1695 22:31:47    -1541.451120        0.015307
FIRE:  1696 22:31:47    -1541.451147        0.015263
FIRE:  1697 22:31:47    -1541.451178        0.015222
FIRE:  1698 22:31:47    -1541.451202        0.015194
FIRE:  1699 22:31:48    -1541.451254        0.015982
FIRE:  1700 22:31:48    -1541.451306        0.016283
FIRE:  1701 22:31:48    -1541.451389        0.015210
FIRE:  1702 22:31:48    -1541.451490        0.015260
FIRE:  1703 22:31:48    -1541.451597        0.015330
FIRE:  1704 22:31:48    -1541.451737        0.015404
FIRE:  1705 22:31:48    -1541.451907        0.015439
FIRE:  1706 22:31:48    -1541.452118        0.015421
FIRE:  1707 22:31:48    -1541.452376        0.015379
FIRE:  1708 22:31:48    -1541.452687        0.015362
FIRE:  1709 22:31:48    -1541.453077        0.015421
FIRE:  1710 22:31:48    -1541.453545        0.015546
FIRE:  1711 22:31:49    -1541.454124        0.015608
FIRE:  1712 22:31:49    -1541.454829        0.015544
FIRE:  1713 22:31:49    -1541.455688        0.015567
FIRE:  1714 22:31:49    -1541.456733        0.015714
FIRE:  1715 22:31:49    -1541.458008        0.015586
FIRE:  1716 22:31:49    -1541.459574        0.015649
FIRE:  1717 22:31:49    -1541.461473        0.015533
FIRE:  1718 22:31:49    -1541.463799        0.018982
FIRE:  1719 22:31:49    -1541.466494        0.055661
FIRE:  1720 22:31:49    -1541.466917        0.258419
FIRE:  1721 22:31:49    -1541.469846        0.063770
FIRE:  1722 22:31:49    -1541.469979        0.043090
FIRE:  1723 22:31:50    -1541.470133        0.015232
FIRE:  1724 22:31:50    -1541.470170        0.031631
FIRE:  1725 22:31:50    -1541.470182        0.029657
FIRE:  1726 22:31:50    -1541.470204        0.025944
FIRE:  1727 22:31:50    -1541.470232        0.020939
FIRE:  1728 22:31:50    -1541.470259        0.015518
FIRE:  1729 22:31:50    -1541.470287        0.015398
FIRE:  1730 22:31:50    -1541.470322        0.015323
FIRE:  1731 22:31:50    -1541.470358        0.015264
FIRE:  1732 22:31:50    -1541.470396        0.015236
FIRE:  1733 22:31:50    -1541.470465        0.015248
FIRE:  1734 22:31:50    -1541.470547        0.015310
FIRE:  1735 22:31:50    -1541.470644        0.015425
FIRE:  1736 22:31:51    -1541.470771        0.015575
FIRE:  1737 22:31:51    -1541.470922        0.016058
FIRE:  1738 22:31:51    -1541.471103        0.018025
FIRE:  1739 22:31:51    -1541.471333        0.015796
FIRE:  1740 22:31:51    -1541.471611        0.015724
FIRE:  1741 22:31:51    -1541.471948        0.015708
FIRE:  1742 22:31:51    -1541.472367        0.015836
FIRE:  1743 22:31:51    -1541.472890        0.016070
FIRE:  1744 22:31:51    -1541.473525        0.016133
FIRE:  1745 22:31:51    -1541.474288        0.015964
FIRE:  1746 22:31:51    -1541.475240        0.015997
FIRE:  1747 22:31:51    -1541.476388        0.017826
FIRE:  1748 22:31:52    -1541.477797        0.015803
FIRE:  1749 22:31:52    -1541.479508        0.018333
FIRE:  1750 22:31:52    -1541.481546        0.022512
FIRE:  1751 22:31:52    -1541.483712        0.075547
FIRE:  1752 22:31:52    -1541.483762        0.209190
FIRE:  1753 22:31:52    -1541.486992        0.026743
FIRE:  1754 22:31:52    -1541.487027        0.021681
FIRE:  1755 22:31:52    -1541.487076        0.015562
FIRE:  1756 22:31:52    -1541.487140        0.015368
FIRE:  1757 22:31:52    -1541.487200        0.015227
FIRE:  1758 22:31:52    -1541.487298        0.015254
FIRE:  1759 22:31:52    -1541.487417        0.015282
FIRE:  1760 22:31:53    -1541.487560        0.015459
FIRE:  1761 22:31:53    -1541.487720        0.015675
FIRE:  1762 22:31:53    -1541.487933        0.018824
FIRE:  1763 22:31:53    -1541.488205        0.015795
FIRE:  1764 22:31:53    -1541.488542        0.015632
FIRE:  1765 22:31:53    -1541.488949        0.015553
FIRE:  1766 22:31:53    -1541.489470        0.015733
FIRE:  1767 22:31:53    -1541.490118        0.017533
FIRE:  1768 22:31:53    -1541.490895        0.015807
FIRE:  1769 22:31:53    -1541.491859        0.015600
FIRE:  1770 22:31:53    -1541.493043        0.018246
FIRE:  1771 22:31:53    -1541.494504        0.015468
FIRE:  1772 22:31:54    -1541.496265        0.018847
FIRE:  1773 22:31:54    -1541.498371        0.029993
FIRE:  1774 22:31:54    -1541.500321        0.112593
FIRE:  1775 22:31:54    -1541.496759        0.347033
FIRE:  1776 22:31:54    -1541.503770        0.071460
FIRE:  1777 22:31:54    -1541.503928        0.051906
FIRE:  1778 22:31:54    -1541.504084        0.020164
FIRE:  1779 22:31:54    -1541.504135        0.021790
FIRE:  1780 22:31:54    -1541.504139        0.020320
FIRE:  1781 22:31:54    -1541.504162        0.017636
FIRE:  1782 22:31:54    -1541.504183        0.014982
FIRE:  1783 22:31:54    -1541.504213        0.015085
FIRE:  1784 22:31:55    -1541.504247        0.015189
FIRE:  1785 22:31:55    -1541.504268        0.015295
FIRE:  1786 22:31:55    -1541.504305        0.015898
FIRE:  1787 22:31:55    -1541.504351        0.018444
FIRE:  1788 22:31:55    -1541.504410        0.019471
FIRE:  1789 22:31:55    -1541.504480        0.018313
FIRE:  1790 22:31:55    -1541.504581        0.015382
FIRE:  1791 22:31:55    -1541.504695        0.015266
FIRE:  1792 22:31:55    -1541.504843        0.015160
FIRE:  1793 22:31:55    -1541.505011        0.015117
FIRE:  1794 22:31:55    -1541.505225        0.015189
FIRE:  1795 22:31:55    -1541.505493        0.015365
FIRE:  1796 22:31:55    -1541.505815        0.015698
FIRE:  1797 22:31:56    -1541.506208        0.015554
FIRE:  1798 22:31:56    -1541.506701        0.015382
FIRE:  1799 22:31:56    -1541.507293        0.015280
FIRE:  1800 22:31:56    -1541.508022        0.015464
FIRE:  1801 22:31:56    -1541.508898        0.015861
FIRE:  1802 22:31:56    -1541.509966        0.015244
FIRE:  1803 22:31:56    -1541.511282        0.015335
FIRE:  1804 22:31:56    -1541.512869        0.015303
FIRE:  1805 22:31:56    -1541.514792        0.014867
FIRE:  1806 22:31:56    -1541.517016        0.050143
FIRE:  1807 22:31:56    -1541.518614        0.141616
FIRE:  1808 22:31:56    -1541.519905        0.014955
FIRE:  1809 22:31:57    -1541.519064        0.135599
FIRE:  1810 22:31:57    -1541.519539        0.102312
FIRE:  1811 22:31:57    -1541.520035        0.044772
FIRE:  1812 22:31:57    -1541.520136        0.026329
FIRE:  1813 22:31:57    -1541.520145        0.024706
FIRE:  1814 22:31:57    -1541.520165        0.021636
FIRE:  1815 22:31:57    -1541.520187        0.017537
FIRE:  1816 22:31:57    -1541.520215        0.014704
FIRE:  1817 22:31:57    -1541.520248        0.014829
FIRE:  1818 22:31:57    -1541.520276        0.014947
FIRE:  1819 22:31:57    -1541.520304        0.015060
FIRE:  1820 22:31:57    -1541.520341        0.018498
FIRE:  1821 22:31:58    -1541.520383        0.020972
FIRE:  1822 22:31:58    -1541.520441        0.021246
FIRE:  1823 22:31:58    -1541.520529        0.018762
FIRE:  1824 22:31:58    -1541.520629        0.015047
FIRE:  1825 22:31:58    -1541.520736        0.014904
FIRE:  1826 22:31:58    -1541.520881        0.014779
FIRE:  1827 22:31:58    -1541.521064        0.014750
FIRE:  1828 22:31:58    -1541.521269        0.014857
FIRE:  1829 22:31:58    -1541.521551        0.015062
FIRE:  1830 22:31:58    -1541.521868        0.017460
FIRE:  1831 22:31:58    -1541.522257        0.015145
FIRE:  1832 22:31:58    -1541.522750        0.014898
FIRE:  1833 22:31:59    -1541.523338        0.014827
FIRE:  1834 22:31:59    -1541.524062        0.015079
FIRE:  1835 22:31:59    -1541.524934        0.015083
FIRE:  1836 22:31:59    -1541.525994        0.014671
FIRE:  1837 22:31:59    -1541.527283        0.015409
FIRE:  1838 22:31:59    -1541.528847        0.014570
FIRE:  1839 22:31:59    -1541.530742        0.015264
FIRE:  1840 22:31:59    -1541.532971        0.022778
FIRE:  1841 22:31:59    -1541.534997        0.101264
FIRE:  1842 22:31:59    -1541.529401        0.348133
FIRE:  1843 22:31:59    -1541.538149        0.102694
FIRE:  1844 22:31:59    -1541.538547        0.071476
FIRE:  1845 22:31:59    -1541.538905        0.020557
FIRE:  1846 22:32:00    -1541.538862        0.038368
FIRE:  1847 22:32:00    -1541.538891        0.035228
FIRE:  1848 22:32:00    -1541.538935        0.029279
FIRE:  1849 22:32:00    -1541.538977        0.021233
FIRE:  1850 22:32:00    -1541.539030        0.013846
FIRE:  1851 22:32:00    -1541.539068        0.014057
FIRE:  1852 22:32:00    -1541.539091        0.016227
FIRE:  1853 22:32:00    -1541.539120        0.022833
FIRE:  1854 22:32:00    -1541.539149        0.027437
FIRE:  1855 22:32:00    -1541.539209        0.028491
FIRE:  1856 22:32:00    -1541.539287        0.025072
FIRE:  1857 22:32:00    -1541.539395        0.017461
FIRE:  1858 22:32:01    -1541.539513        0.014079
FIRE:  1859 22:32:01    -1541.539641        0.013873
FIRE:  1860 22:32:01    -1541.539782        0.017300
FIRE:  1861 22:32:01    -1541.540001        0.013926
FIRE:  1862 22:32:01    -1541.540243        0.014232
FIRE:  1863 22:32:01    -1541.540538        0.021094
FIRE:  1864 22:32:01    -1541.540911        0.018574
FIRE:  1865 22:32:01    -1541.541354        0.014109
FIRE:  1866 22:32:01    -1541.541886        0.014422
FIRE:  1867 22:32:01    -1541.542549        0.014308
FIRE:  1868 22:32:01    -1541.543348        0.019061
FIRE:  1869 22:32:01    -1541.544314        0.014248
FIRE:  1870 22:32:02    -1541.545495        0.014143
FIRE:  1871 22:32:02    -1541.546926        0.013960
FIRE:  1872 22:32:02    -1541.548656        0.013581
FIRE:  1873 22:32:02    -1541.550581        0.045075
FIRE:  1874 22:32:02    -1541.551316        0.131015
FIRE:  1875 22:32:02    -1541.553221        0.019988
FIRE:  1876 22:32:02    -1541.553246        0.016878
FIRE:  1877 22:32:02    -1541.553277        0.013536
FIRE:  1878 22:32:02    -1541.553329        0.013385
FIRE:  1879 22:32:02    -1541.553387        0.013293
FIRE:  1880 22:32:02    -1541.553467        0.013276
FIRE:  1881 22:32:02    -1541.553563        0.013337
FIRE:  1882 22:32:03    -1541.553670        0.013459
FIRE:  1883 22:32:03    -1541.553815        0.013624
FIRE:  1884 22:32:03    -1541.553981        0.015190
FIRE:  1885 22:32:03    -1541.554198        0.013693
FIRE:  1886 22:32:03    -1541.554466        0.013531
FIRE:  1887 22:32:03    -1541.554810        0.013464
FIRE:  1888 22:32:03    -1541.555237        0.013584
FIRE:  1889 22:32:03    -1541.555745        0.014546
FIRE:  1890 22:32:03    -1541.556394        0.013588
FIRE:  1891 22:32:03    -1541.557176        0.013408
FIRE:  1892 22:32:03    -1541.558144        0.015482
FIRE:  1893 22:32:03    -1541.559308        0.013200
FIRE:  1894 22:32:04    -1541.560729        0.018715
FIRE:  1895 22:32:04    -1541.562384        0.030505
FIRE:  1896 22:32:04    -1541.563744        0.107699
FIRE:  1897 22:32:04    -1541.559650        0.316776
FIRE:  1898 22:32:04    -1541.566592        0.065079
FIRE:  1899 22:32:04    -1541.566747        0.047467
FIRE:  1900 22:32:04    -1541.566889        0.018814
FIRE:  1901 22:32:04    -1541.566928        0.019401
FIRE:  1902 22:32:04    -1541.566935        0.018117
FIRE:  1903 22:32:04    -1541.566954        0.016132
FIRE:  1904 22:32:04    -1541.566974        0.013736
FIRE:  1905 22:32:04    -1541.566995        0.012694
FIRE:  1906 22:32:05    -1541.567019        0.012801
FIRE:  1907 22:32:05    -1541.567044        0.012901
FIRE:  1908 22:32:05    -1541.567066        0.014934
FIRE:  1909 22:32:05    -1541.567100        0.017280
FIRE:  1910 22:32:05    -1541.567149        0.018208
FIRE:  1911 22:32:05    -1541.567209        0.017188
FIRE:  1912 22:32:05    -1541.567283        0.014242
FIRE:  1913 22:32:05    -1541.567371        0.012901
FIRE:  1914 22:32:05    -1541.567478        0.012805
FIRE:  1915 22:32:05    -1541.567621        0.012768
FIRE:  1916 22:32:05    -1541.567780        0.012836
FIRE:  1917 22:32:05    -1541.567989        0.013008
FIRE:  1918 22:32:06    -1541.568235        0.014668
FIRE:  1919 22:32:06    -1541.568542        0.014519
FIRE:  1920 22:32:06    -1541.568916        0.013030
FIRE:  1921 22:32:06    -1541.569378        0.012920
FIRE:  1922 22:32:06    -1541.569935        0.013067
FIRE:  1923 22:32:06    -1541.570611        0.014976
FIRE:  1924 22:32:06    -1541.571447        0.012832
FIRE:  1925 22:32:06    -1541.572457        0.012843
FIRE:  1926 22:32:06    -1541.573675        0.013437
FIRE:  1927 22:32:06    -1541.575150        0.014938
FIRE:  1928 22:32:06    -1541.576802        0.049855
FIRE:  1929 22:32:06    -1541.577775        0.128349
FIRE:  1930 22:32:07    -1541.579055        0.012203
FIRE:  1931 22:32:07    -1541.578192        0.123543
FIRE:  1932 22:32:07    -1541.578658        0.093404
FIRE:  1933 22:32:07    -1541.579140        0.041226
FIRE:  1934 22:32:07    -1541.579229        0.023548
FIRE:  1935 22:32:07    -1541.579242        0.022069
FIRE:  1936 22:32:07    -1541.579261        0.019334
FIRE:  1937 22:32:07    -1541.579276        0.016074
FIRE:  1938 22:32:07    -1541.579296        0.013002
FIRE:  1939 22:32:07    -1541.579323        0.012105
FIRE:  1940 22:32:07    -1541.579350        0.012223
FIRE:  1941 22:32:07    -1541.579363        0.013981
FIRE:  1942 22:32:07    -1541.579384        0.017293
FIRE:  1943 22:32:08    -1541.579427        0.019559
FIRE:  1944 22:32:08    -1541.579477        0.019815
FIRE:  1945 22:32:08    -1541.579540        0.017608
FIRE:  1946 22:32:08    -1541.579612        0.013423
FIRE:  1947 22:32:08    -1541.579707        0.012202
FIRE:  1948 22:32:08    -1541.579819        0.012096
FIRE:  1949 22:32:08    -1541.579950        0.012659
FIRE:  1950 22:32:08    -1541.580123        0.012166
FIRE:  1951 22:32:08    -1541.580329        0.012361
FIRE:  1952 22:32:08    -1541.580574        0.016247
FIRE:  1953 22:32:08    -1541.580876        0.014047
FIRE:  1954 22:32:08    -1541.581256        0.012224
FIRE:  1955 22:32:09    -1541.581712        0.012142
FIRE:  1956 22:32:09    -1541.582267        0.012470
FIRE:  1957 22:32:09    -1541.582942        0.014404
FIRE:  1958 22:32:09    -1541.583756        0.012327
FIRE:  1959 22:32:09    -1541.584762        0.013197
FIRE:  1960 22:32:09    -1541.585968        0.011776
FIRE:  1961 22:32:09    -1541.587432        0.011620
FIRE:  1962 22:32:09    -1541.589210        0.012258
FIRE:  1963 22:32:09    -1541.591347        0.022312
FIRE:  1964 22:32:09    -1541.593086        0.102892
FIRE:  1965 22:32:09    -1541.579762        0.479388
FIRE:  1966 22:32:09    -1541.592778        0.253843
FIRE:  1967 22:32:10    -1541.595317        0.157491
FIRE:  1968 22:32:10    -1541.596974        0.013376
FIRE:  1969 22:32:10    -1541.595811        0.141306
FIRE:  1970 22:32:10    -1541.596040        0.127874
FIRE:  1971 22:32:10    -1541.596424        0.102368
FIRE:  1972 22:32:10    -1541.596800        0.067431
FIRE:  1973 22:32:10    -1541.597066        0.027591
FIRE:  1974 22:32:10    -1541.597120        0.021787
FIRE:  1975 22:32:10    -1541.597133        0.021438
FIRE:  1976 22:32:10    -1541.597123        0.020733
FIRE:  1977 22:32:10    -1541.597137        0.019740
FIRE:  1978 22:32:10    -1541.597148        0.018501
FIRE:  1979 22:32:11    -1541.597147        0.017083
FIRE:  1980 22:32:11    -1541.597167        0.015634
FIRE:  1981 22:32:11    -1541.597171        0.014259
FIRE:  1982 22:32:11    -1541.597184        0.013008
FIRE:  1983 22:32:11    -1541.597198        0.012215
FIRE:  1984 22:32:11    -1541.597212        0.012103
FIRE:  1985 22:32:11    -1541.597235        0.012711
FIRE:  1986 22:32:11    -1541.597262        0.013690
FIRE:  1987 22:32:11    -1541.597293        0.014494
FIRE:  1988 22:32:11    -1541.597331        0.014639
FIRE:  1989 22:32:11    -1541.597385        0.013918
FIRE:  1990 22:32:11    -1541.597449        0.012657
FIRE:  1991 22:32:12    -1541.597530        0.011998
FIRE:  1992 22:32:12    -1541.597612        0.012751
FIRE:  1993 22:32:12    -1541.597724        0.013747
FIRE:  1994 22:32:12    -1541.597861        0.013335
FIRE:  1995 22:32:12    -1541.598035        0.012057
FIRE:  1996 22:32:12    -1541.598231        0.012550
FIRE:  1997 22:32:12    -1541.598473        0.013242
FIRE:  1998 22:32:12    -1541.598778        0.011994
FIRE:  1999 22:32:12    -1541.599145        0.012940
FIRE:  2000 22:32:12    -1541.599588        0.012463
FIRE:  2001 22:32:12    -1541.600125        0.012720
FIRE:  2002 22:32:12    -1541.600777        0.012119
FIRE:  2003 22:32:12    -1541.601574        0.013575
FIRE:  2004 22:32:13    -1541.602534        0.013389
FIRE:  2005 22:32:13    -1541.603686        0.013460
FIRE:  2006 22:32:13    -1541.605080        0.017138
FIRE:  2007 22:32:13    -1541.606680        0.035066
FIRE:  2008 22:32:13    -1541.607919        0.118235
FIRE:  2009 22:32:13    -1541.608738        0.012777
FIRE:  2010 22:32:13    -1541.608742        0.012542
FIRE:  2011 22:32:13    -1541.608770        0.012289
FIRE:  2012 22:32:13    -1541.608808        0.012226
FIRE:  2013 22:32:13    -1541.608852        0.012332
FIRE:  2014 22:32:13    -1541.608905        0.012395
FIRE:  2015 22:32:14    -1541.608972        0.012300
FIRE:  2016 22:32:14    -1541.609056        0.012182
FIRE:  2017 22:32:14    -1541.609160        0.012224
FIRE:  2018 22:32:14    -1541.609295        0.012347
FIRE:  2019 22:32:14    -1541.609459        0.012265
FIRE:  2020 22:32:14    -1541.609656        0.012148
FIRE:  2021 22:32:14    -1541.609914        0.012236
FIRE:  2022 22:32:14    -1541.610228        0.012137
FIRE:  2023 22:32:14    -1541.610620        0.012253
FIRE:  2024 22:32:14    -1541.611091        0.012148
FIRE:  2025 22:32:14    -1541.611690        0.012263
FIRE:  2026 22:32:14    -1541.612412        0.012303
FIRE:  2027 22:32:14    -1541.613294        0.012247
FIRE:  2028 22:32:15    -1541.614366        0.012339
FIRE:  2029 22:32:15    -1541.615679        0.012412
FIRE:  2030 22:32:15    -1541.617265        0.013123
FIRE:  2031 22:32:15    -1541.618942        0.073626
FIRE:  2032 22:32:15    -1541.617441        0.295311
FIRE:  2033 22:32:15    -1541.620985        0.095018
FIRE:  2034 22:32:15    -1541.621218        0.065097
FIRE:  2035 22:32:15    -1541.621429        0.016178
FIRE:  2036 22:32:15    -1541.621393        0.037487
FIRE:  2037 22:32:15    -1541.621413        0.034242
FIRE:  2038 22:32:15    -1541.621437        0.028100
FIRE:  2039 22:32:15    -1541.621467        0.019744
FIRE:  2040 22:32:16    -1541.621505        0.013140
FIRE:  2041 22:32:16    -1541.621532        0.012858
FIRE:  2042 22:32:16    -1541.621541        0.014864
FIRE:  2043 22:32:16    -1541.621561        0.021664
FIRE:  2044 22:32:16    -1541.621590        0.026053
FIRE:  2045 22:32:16    -1541.621633        0.026672
FIRE:  2046 22:32:16    -1541.621684        0.022629
FIRE:  2047 22:32:16    -1541.621765        0.014298
FIRE:  2048 22:32:16    -1541.621837        0.012993
FIRE:  2049 22:32:16    -1541.621925        0.013735
FIRE:  2050 22:32:16    -1541.622032        0.016066
FIRE:  2051 22:32:16    -1541.622184        0.012988
FIRE:  2052 22:32:17    -1541.622350        0.012805
FIRE:  2053 22:32:17    -1541.622552        0.019809
FIRE:  2054 22:32:17    -1541.622814        0.014834
FIRE:  2055 22:32:17    -1541.623123        0.013244
FIRE:  2056 22:32:17    -1541.623500        0.013040
FIRE:  2057 22:32:17    -1541.623963        0.013582
FIRE:  2058 22:32:17    -1541.624525        0.014421
FIRE:  2059 22:32:17    -1541.625203        0.014955
FIRE:  2060 22:32:17    -1541.626022        0.016995
FIRE:  2061 22:32:17    -1541.627000        0.015399
FIRE:  2062 22:32:17    -1541.628120        0.022007
FIRE:  2063 22:32:17    -1541.629047        0.054750
FIRE:  2064 22:32:18    -1541.629621        0.013768
FIRE:  2065 22:32:18    -1541.629307        0.049124
FIRE:  2066 22:32:18    -1541.629481        0.037520
FIRE:  2067 22:32:18    -1541.629685        0.017778
FIRE:  2068 22:32:18    -1541.629763        0.014943
FIRE:  2069 22:32:18    -1541.629768        0.014801
FIRE:  2070 22:32:18    -1541.629768        0.014560
FIRE:  2071 22:32:18    -1541.629775        0.014259
FIRE:  2072 22:32:18    -1541.629790        0.013959
FIRE:  2073 22:32:18    -1541.629805        0.013737
FIRE:  2074 22:32:18    -1541.629819        0.013605
FIRE:  2075 22:32:18    -1541.629837        0.013583
FIRE:  2076 22:32:19    -1541.629857        0.013634
FIRE:  2077 22:32:19    -1541.629884        0.013703
FIRE:  2078 22:32:19    -1541.629914        0.013729
FIRE:  2079 22:32:19    -1541.629958        0.013675
FIRE:  2080 22:32:19    -1541.630011        0.013597
FIRE:  2081 22:32:19    -1541.630081        0.013618
FIRE:  2082 22:32:19    -1541.630153        0.013789
FIRE:  2083 22:32:19    -1541.630246        0.013916
FIRE:  2084 22:32:19    -1541.630371        0.013796
FIRE:  2085 22:32:19    -1541.630514        0.013611
FIRE:  2086 22:32:19    -1541.630702        0.013645
FIRE:  2087 22:32:19    -1541.630923        0.013645
FIRE:  2088 22:32:19    -1541.631192        0.013717
FIRE:  2089 22:32:20    -1541.631520        0.013918
FIRE:  2090 22:32:20    -1541.631920        0.013715
FIRE:  2091 22:32:20    -1541.632416        0.013796
FIRE:  2092 22:32:20    -1541.633010        0.014041
FIRE:  2093 22:32:20    -1541.633734        0.013940
FIRE:  2094 22:32:20    -1541.634621        0.014040
FIRE:  2095 22:32:20    -1541.635691        0.014635
FIRE:  2096 22:32:20    -1541.636947        0.018292
FIRE:  2097 22:32:20    -1541.638044        0.055480
FIRE:  2098 22:32:20    -1541.635359        0.183525
FIRE:  2099 22:32:20    -1541.640089        0.039972
FIRE:  2100 22:32:20    -1541.640208        0.028206
FIRE:  2101 22:32:21    -1541.640328        0.015304
FIRE:  2102 22:32:21    -1541.640348        0.016778
FIRE:  2103 22:32:21    -1541.640352        0.015827
FIRE:  2104 22:32:21    -1541.640360        0.015322
FIRE:  2105 22:32:21    -1541.640384        0.014900
FIRE:  2106 22:32:21    -1541.640401        0.014595
FIRE:  2107 22:32:21    -1541.640415        0.014524
FIRE:  2108 22:32:21    -1541.640430        0.014696
FIRE:  2109 22:32:21    -1541.640445        0.015002
FIRE:  2110 22:32:21    -1541.640472        0.015303
FIRE:  2111 22:32:21    -1541.640510        0.015430
FIRE:  2112 22:32:21    -1541.640546        0.015257
FIRE:  2113 22:32:22    -1541.640603        0.014879
FIRE:  2114 22:32:22    -1541.640665        0.014576
FIRE:  2115 22:32:22    -1541.640740        0.014594
FIRE:  2116 22:32:22    -1541.640832        0.014726
FIRE:  2117 22:32:22    -1541.640950        0.014612
FIRE:  2118 22:32:22    -1541.641096        0.014595
FIRE:  2119 22:32:22    -1541.641272        0.014994
FIRE:  2120 22:32:22    -1541.641489        0.014913
FIRE:  2121 22:32:22    -1541.641756        0.014542
FIRE:  2122 22:32:22    -1541.642074        0.014634
FIRE:  2123 22:32:22    -1541.642465        0.014613
FIRE:  2124 22:32:22    -1541.642934        0.014918
FIRE:  2125 22:32:23    -1541.643523        0.014575
FIRE:  2126 22:32:23    -1541.644237        0.014590
FIRE:  2127 22:32:23    -1541.645089        0.014574
FIRE:  2128 22:32:23    -1541.646123        0.014524
FIRE:  2129 22:32:23    -1541.647293        0.024763
FIRE:  2130 22:32:23    -1541.647994        0.076812
FIRE:  2131 22:32:23    -1541.648860        0.014672
FIRE:  2132 22:32:23    -1541.648865        0.014605
FIRE:  2133 22:32:23    -1541.648885        0.014518
FIRE:  2134 22:32:23    -1541.648915        0.014457
FIRE:  2135 22:32:23    -1541.648948        0.014435
FIRE:  2136 22:32:23    -1541.648998        0.014431
FIRE:  2137 22:32:24    -1541.649051        0.014432
FIRE:  2138 22:32:24    -1541.649110        0.014452
FIRE:  2139 22:32:24    -1541.649192        0.014500
FIRE:  2140 22:32:24    -1541.649298        0.014543
FIRE:  2141 22:32:24    -1541.649420        0.014506
FIRE:  2142 22:32:24    -1541.649574        0.014426
FIRE:  2143 22:32:24    -1541.649780        0.014388
FIRE:  2144 22:32:24    -1541.650015        0.014393
FIRE:  2145 22:32:24    -1541.650331        0.014463
FIRE:  2146 22:32:24    -1541.650709        0.014406
FIRE:  2147 22:32:24    -1541.651170        0.014328
FIRE:  2148 22:32:24    -1541.651729        0.014420
FIRE:  2149 22:32:25    -1541.652413        0.014316
FIRE:  2150 22:32:25    -1541.653241        0.014342
FIRE:  2151 22:32:25    -1541.654274        0.014260
FIRE:  2152 22:32:25    -1541.655506        0.015415
FIRE:  2153 22:32:25    -1541.656893        0.032040
FIRE:  2154 22:32:25    -1541.656670        0.140746
FIRE:  2155 22:32:25    -1541.658543        0.046854
FIRE:  2156 22:32:25    -1541.658659        0.032625
FIRE:  2157 22:32:25    -1541.658767        0.014358
FIRE:  2158 22:32:25    -1541.658773        0.025001
FIRE:  2159 22:32:25    -1541.658777        0.023589
FIRE:  2160 22:32:25    -1541.658790        0.021041
FIRE:  2161 22:32:25    -1541.658815        0.017878
FIRE:  2162 22:32:26    -1541.658832        0.015008
FIRE:  2163 22:32:26    -1541.658851        0.013668
FIRE:  2164 22:32:26    -1541.658864        0.014286
FIRE:  2165 22:32:26    -1541.658877        0.015794
FIRE:  2166 22:32:26    -1541.658898        0.017051
FIRE:  2167 22:32:26    -1541.658931        0.017160
FIRE:  2168 22:32:26    -1541.658978        0.015840
FIRE:  2169 22:32:26    -1541.659021        0.014041
FIRE:  2170 22:32:26    -1541.659079        0.014030
FIRE:  2171 22:32:26    -1541.659149        0.015960
FIRE:  2172 22:32:26    -1541.659232        0.016567
FIRE:  2173 22:32:26    -1541.659345        0.014562
FIRE:  2174 22:32:27    -1541.659486        0.013893
FIRE:  2175 22:32:27    -1541.659641        0.015358
FIRE:  2176 22:32:27    -1541.659837        0.013894
FIRE:  2177 22:32:27    -1541.660083        0.015034
FIRE:  2178 22:32:27    -1541.660377        0.014691
FIRE:  2179 22:32:27    -1541.660739        0.014450
FIRE:  2180 22:32:27    -1541.661178        0.013488
FIRE:  2181 22:32:27    -1541.661704        0.015986
FIRE:  2182 22:32:27    -1541.662339        0.016300
FIRE:  2183 22:32:27    -1541.663103        0.019506
FIRE:  2184 22:32:27    -1541.663939        0.031355
FIRE:  2185 22:32:27    -1541.664620        0.075042
FIRE:  2186 22:32:28    -1541.665101        0.013010
FIRE:  2187 22:32:28    -1541.664822        0.066412
FIRE:  2188 22:32:28    -1541.664974        0.050803
FIRE:  2189 22:32:28    -1541.665142        0.023614
FIRE:  2190 22:32:28    -1541.665202        0.015969
FIRE:  2191 22:32:28    -1541.665204        0.015634
FIRE:  2192 22:32:28    -1541.665212        0.015002
FIRE:  2193 22:32:28    -1541.665219        0.014204
FIRE:  2194 22:32:28    -1541.665223        0.013406
FIRE:  2195 22:32:28    -1541.665242        0.012775
FIRE:  2196 22:32:28    -1541.665253        0.012454
FIRE:  2197 22:32:28    -1541.665260        0.012456
FIRE:  2198 22:32:29    -1541.665272        0.012688
FIRE:  2199 22:32:29    -1541.665291        0.012974
FIRE:  2200 22:32:29    -1541.665316        0.013081
FIRE:  2201 22:32:29    -1541.665346        0.012894
FIRE:  2202 22:32:29    -1541.665396        0.012538
FIRE:  2203 22:32:29    -1541.665431        0.012457
FIRE:  2204 22:32:29    -1541.665489        0.012857
FIRE:  2205 22:32:29    -1541.665561        0.013224
FIRE:  2206 22:32:29    -1541.665652        0.012911
FIRE:  2207 22:32:29    -1541.665756        0.012414
FIRE:  2208 22:32:29    -1541.665891        0.012592
FIRE:  2209 22:32:29    -1541.666050        0.012541
FIRE:  2210 22:32:29    -1541.666251        0.012447
FIRE:  2211 22:32:30    -1541.666484        0.012905
FIRE:  2212 22:32:30    -1541.666780        0.012230
FIRE:  2213 22:32:30    -1541.667132        0.012406
FIRE:  2214 22:32:30    -1541.667560        0.012456
FIRE:  2215 22:32:30    -1541.668082        0.011950
FIRE:  2216 22:32:30    -1541.668715        0.011980
FIRE:  2217 22:32:30    -1541.669471        0.014001
FIRE:  2218 22:32:30    -1541.670341        0.024536
FIRE:  2219 22:32:30    -1541.671027        0.069953
FIRE:  2220 22:32:30    -1541.671464        0.011409
FIRE:  2221 22:32:30    -1541.671198        0.061768
FIRE:  2222 22:32:30    -1541.671351        0.047010
FIRE:  2223 22:32:31    -1541.671514        0.022277
FIRE:  2224 22:32:31    -1541.671560        0.016293
FIRE:  2225 22:32:31    -1541.671566        0.015805
FIRE:  2226 22:32:31    -1541.671574        0.014891
FIRE:  2227 22:32:31    -1541.671578        0.013729
FIRE:  2228 22:32:31    -1541.671586        0.012570
FIRE:  2229 22:32:31    -1541.671596        0.011685
FIRE:  2230 22:32:31    -1541.671609        0.011297
FIRE:  2231 22:32:31    -1541.671625        0.011420
FIRE:  2232 22:32:31    -1541.671630        0.011875
FIRE:  2233 22:32:31    -1541.671651        0.012334
FIRE:  2234 22:32:31    -1541.671672        0.012441
FIRE:  2235 22:32:32    -1541.671699        0.012066
FIRE:  2236 22:32:32    -1541.671739        0.011455
FIRE:  2237 22:32:32    -1541.671784        0.011327
FIRE:  2238 22:32:32    -1541.671843        0.011942
FIRE:  2239 22:32:32    -1541.671905        0.012380
FIRE:  2240 22:32:32    -1541.671986        0.011808
FIRE:  2241 22:32:32    -1541.672093        0.011229
FIRE:  2242 22:32:32    -1541.672215        0.011690
FIRE:  2243 22:32:32    -1541.672365        0.011459
FIRE:  2244 22:32:32    -1541.672545        0.011396
FIRE:  2245 22:32:32    -1541.672774        0.011910
FIRE:  2246 22:32:32    -1541.673049        0.011134
FIRE:  2247 22:32:33    -1541.673382        0.011443
FIRE:  2248 22:32:33    -1541.673789        0.011832
FIRE:  2249 22:32:33    -1541.674278        0.011022
FIRE:  2250 22:32:33    -1541.674873        0.010947
FIRE:  2251 22:32:33    -1541.675595        0.011425
FIRE:  2252 22:32:33    -1541.676461        0.015875
FIRE:  2253 22:32:33    -1541.677336        0.049253
FIRE:  2254 22:32:33    -1541.676451        0.167631
FIRE:  2255 22:32:33    -1541.678621        0.038053
FIRE:  2256 22:32:33    -1541.678684        0.027482
FIRE:  2257 22:32:33    -1541.678755        0.012539
FIRE:  2258 22:32:33    -1541.678763        0.016717
FIRE:  2259 22:32:34    -1541.678777        0.015957
FIRE:  2260 22:32:34    -1541.678780        0.014594
FIRE:  2261 22:32:34    -1541.678793        0.012880
FIRE:  2262 22:32:34    -1541.678804        0.011361
FIRE:  2263 22:32:34    -1541.678814        0.010603
FIRE:  2264 22:32:34    -1541.678819        0.010846
FIRE:  2265 22:32:34    -1541.678834        0.011680
FIRE:  2266 22:32:34    -1541.678853        0.012537
FIRE:  2267 22:32:34    -1541.678875        0.012882
FIRE:  2268 22:32:34    -1541.678904        0.012366
FIRE:  2269 22:32:34    -1541.678936        0.011240
FIRE:  2270 22:32:34    -1541.678976        0.010568
FIRE:  2271 22:32:34    -1541.679036        0.011189
FIRE:  2272 22:32:35    -1541.679096        0.011879
FIRE:  2273 22:32:35    -1541.679172        0.011239
FIRE:  2274 22:32:35    -1541.679264        0.010542
FIRE:  2275 22:32:35    -1541.679386        0.011526
FIRE:  2276 22:32:35    -1541.679531        0.011210
FIRE:  2277 22:32:35    -1541.679704        0.010594
FIRE:  2278 22:32:35    -1541.679922        0.011326
FIRE:  2279 22:32:35    -1541.680191        0.010482
FIRE:  2280 22:32:35    -1541.680513        0.011185
FIRE:  2281 22:32:35    -1541.680902        0.011204
FIRE:  2282 22:32:35    -1541.681380        0.010404
FIRE:  2283 22:32:35    -1541.681965        0.010343
FIRE:  2284 22:32:36    -1541.682666        0.010469
FIRE:  2285 22:32:36    -1541.683504        0.021212
FIRE:  2286 22:32:36    -1541.684253        0.078583
FIRE:  2287 22:32:36    -1541.682209        0.269822
FIRE:  2288 22:32:36    -1541.685519        0.067672
FIRE:  2289 22:32:36    -1541.685649        0.046677
FIRE:  2290 22:32:36    -1541.685762        0.011826
FIRE:  2291 22:32:36    -1541.685755        0.026593
FIRE:  2292 22:32:36    -1541.685767        0.024545
FIRE:  2293 22:32:36    -1541.685775        0.020584
FIRE:  2294 22:32:36    -1541.685803        0.015204
FIRE:  2295 22:32:36    -1541.685815        0.010642
FIRE:  2296 22:32:37    -1541.685825        0.010550
FIRE:  2297 22:32:37    -1541.685838        0.010626
FIRE:  2298 22:32:37    -1541.685853        0.011440
FIRE:  2299 22:32:37    -1541.685864        0.014701
FIRE:  2300 22:32:37    -1541.685892        0.015621
FIRE:  2301 22:32:37    -1541.685917        0.013504
FIRE:  2302 22:32:37    -1541.685952        0.010672
FIRE:  2303 22:32:37    -1541.686006        0.010582
FIRE:  2304 22:32:37    -1541.686043        0.010692
FIRE:  2305 22:32:37    -1541.686105        0.012033
FIRE:  2306 22:32:37    -1541.686190        0.010684
FIRE:  2307 22:32:37    -1541.686290        0.010623
FIRE:  2308 22:32:38    -1541.686407        0.010818
FIRE:  2309 22:32:38    -1541.686552        0.010771
FIRE:  2310 22:32:38    -1541.686736        0.010674
FIRE:  2311 22:32:38    -1541.686957        0.010807
FIRE:  2312 22:32:38    -1541.687226        0.010729
FIRE:  2313 22:32:38    -1541.687538        0.010869
FIRE:  2314 22:32:38    -1541.687937        0.010856
FIRE:  2315 22:32:38    -1541.688429        0.010820
FIRE:  2316 22:32:38    -1541.689011        0.010857
FIRE:  2317 22:32:38    -1541.689721        0.012631
FIRE:  2318 22:32:38    -1541.690505        0.032466
FIRE:  2319 22:32:38    -1541.690753        0.100797
FIRE:  2320 22:32:39    -1541.691621        0.011598
FIRE:  2321 22:32:39    -1541.691625        0.010980
FIRE:  2322 22:32:39    -1541.691644        0.010969
FIRE:  2323 22:32:39    -1541.691667        0.011023
FIRE:  2324 22:32:39    -1541.691690        0.011091
FIRE:  2325 22:32:39    -1541.691720        0.011127
FIRE:  2326 22:32:39    -1541.691766        0.011084
FIRE:  2327 22:32:39    -1541.691811        0.011017
FIRE:  2328 22:32:39    -1541.691880        0.010998
FIRE:  2329 22:32:39    -1541.691950        0.011007
FIRE:  2330 22:32:39    -1541.692040        0.011013
FIRE:  2331 22:32:39    -1541.692160        0.011071
FIRE:  2332 22:32:39    -1541.692303        0.011126
FIRE:  2333 22:32:40    -1541.692490        0.011062
FIRE:  2334 22:32:40    -1541.692717        0.011060
FIRE:  2335 22:32:40    -1541.692997        0.011095
FIRE:  2336 22:32:40    -1541.693344        0.011183
FIRE:  2337 22:32:40    -1541.693767        0.011125
FIRE:  2338 22:32:40    -1541.694298        0.011315
FIRE:  2339 22:32:40    -1541.694933        0.012406
FIRE:  2340 22:32:40    -1541.695683        0.019682
FIRE:  2341 22:32:40    -1541.696339        0.058921
FIRE:  2342 22:32:40    -1541.694639        0.190058
FIRE:  2343 22:32:40    -1541.697621        0.036214
FIRE:  2344 22:32:40    -1541.697687        0.027448
FIRE:  2345 22:32:41    -1541.697751        0.013360
FIRE:  2346 22:32:41    -1541.697774        0.014514
FIRE:  2347 22:32:41    -1541.697777        0.013613
FIRE:  2348 22:32:41    -1541.697788        0.012481
FIRE:  2349 22:32:41    -1541.697794        0.012024
FIRE:  2350 22:32:41    -1541.697801        0.011619
FIRE:  2351 22:32:41    -1541.697814        0.011361
FIRE:  2352 22:32:41    -1541.697835        0.011284
FIRE:  2353 22:32:41    -1541.697842        0.011781
FIRE:  2354 22:32:41    -1541.697855        0.012970
FIRE:  2355 22:32:41    -1541.697882        0.013404
FIRE:  2356 22:32:41    -1541.697912        0.012813
FIRE:  2357 22:32:42    -1541.697949        0.011327
FIRE:  2358 22:32:42    -1541.697982        0.011327
FIRE:  2359 22:32:42    -1541.698034        0.011568
FIRE:  2360 22:32:42    -1541.698101        0.011756
FIRE:  2361 22:32:42    -1541.698186        0.011617
FIRE:  2362 22:32:42    -1541.698284        0.011335
FIRE:  2363 22:32:42    -1541.698397        0.011699
FIRE:  2364 22:32:42    -1541.698541        0.011451
FIRE:  2365 22:32:42    -1541.698724        0.011426
FIRE:  2366 22:32:42    -1541.698942        0.011697
FIRE:  2367 22:32:42    -1541.699209        0.011357
FIRE:  2368 22:32:42    -1541.699541        0.011750
FIRE:  2369 22:32:43    -1541.699937        0.011644
FIRE:  2370 22:32:43    -1541.700431        0.011401
FIRE:  2371 22:32:43    -1541.701020        0.011398
FIRE:  2372 22:32:43    -1541.701758        0.012091
FIRE:  2373 22:32:43    -1541.702593        0.025860
FIRE:  2374 22:32:43    -1541.703144        0.079870
FIRE:  2375 22:32:43    -1541.703710        0.011425
FIRE:  2376 22:32:43    -1541.703726        0.011429
FIRE:  2377 22:32:43    -1541.703736        0.011449
FIRE:  2378 22:32:43    -1541.703754        0.011491
FIRE:  2379 22:32:43    -1541.703784        0.011545
FIRE:  2380 22:32:43    -1541.703817        0.011569
FIRE:  2381 22:32:43    -1541.703855        0.011559
FIRE:  2382 22:32:44    -1541.703905        0.011523
FIRE:  2383 22:32:44    -1541.703955        0.011491
FIRE:  2384 22:32:44    -1541.704046        0.011475
FIRE:  2385 22:32:44    -1541.704123        0.011483
FIRE:  2386 22:32:44    -1541.704254        0.011516
FIRE:  2387 22:32:44    -1541.704408        0.011585
FIRE:  2388 22:32:44    -1541.704602        0.011570
FIRE:  2389 22:32:44    -1541.704823        0.011525
FIRE:  2390 22:32:44    -1541.705111        0.011534
FIRE:  2391 22:32:44    -1541.705464        0.011607
FIRE:  2392 22:32:44    -1541.705897        0.011565
FIRE:  2393 22:32:44    -1541.706425        0.011582
FIRE:  2394 22:32:45    -1541.707085        0.011641
FIRE:  2395 22:32:45    -1541.707898        0.011594
FIRE:  2396 22:32:45    -1541.708884        0.012056
FIRE:  2397 22:32:45    -1541.710012        0.026172
FIRE:  2398 22:32:45    -1541.709905        0.118281
FIRE:  2399 22:32:45    -1541.711369        0.033823
FIRE:  2400 22:32:45    -1541.711463        0.022823
FIRE:  2401 22:32:45    -1541.711558        0.011775
FIRE:  2402 22:32:45    -1541.711563        0.014876
FIRE:  2403 22:32:45    -1541.711564        0.013828
FIRE:  2404 22:32:45    -1541.711578        0.012258
FIRE:  2405 22:32:45    -1541.711585        0.012046
FIRE:  2406 22:32:46    -1541.711615        0.011878
FIRE:  2407 22:32:46    -1541.711632        0.011785
FIRE:  2408 22:32:46    -1541.711646        0.011792
FIRE:  2409 22:32:46    -1541.711655        0.011878
FIRE:  2410 22:32:46    -1541.711671        0.011930
FIRE:  2411 22:32:46    -1541.711703        0.011942
FIRE:  2412 22:32:46    -1541.711733        0.011900
FIRE:  2413 22:32:46    -1541.711778        0.011806
FIRE:  2414 22:32:46    -1541.711837        0.011819
FIRE:  2415 22:32:46    -1541.711895        0.011971
FIRE:  2416 22:32:46    -1541.711969        0.012038
FIRE:  2417 22:32:46    -1541.712072        0.011979
FIRE:  2418 22:32:47    -1541.712186        0.011893
FIRE:  2419 22:32:47    -1541.712329        0.011996
FIRE:  2420 22:32:47    -1541.712513        0.011931
FIRE:  2421 22:32:47    -1541.712723        0.011991
FIRE:  2422 22:32:47    -1541.712986        0.012087
FIRE:  2423 22:32:47    -1541.713308        0.012058
FIRE:  2424 22:32:47    -1541.713709        0.011975
FIRE:  2425 22:32:47    -1541.714182        0.012146
FIRE:  2426 22:32:47    -1541.714761        0.012194
FIRE:  2427 22:32:47    -1541.715468        0.012147
FIRE:  2428 22:32:47    -1541.716277        0.019567
FIRE:  2429 22:32:47    -1541.716961        0.049940
FIRE:  2430 22:32:48    -1541.717355        0.012113
FIRE:  2431 22:32:48    -1541.717143        0.043328
FIRE:  2432 22:32:48    -1541.717269        0.033025
FIRE:  2433 22:32:48    -1541.717406        0.016168
FIRE:  2434 22:32:48    -1541.717458        0.012361
FIRE:  2435 22:32:48    -1541.717456        0.012329
FIRE:  2436 22:32:48    -1541.717463        0.012306
FIRE:  2437 22:32:48    -1541.717474        0.012265
FIRE:  2438 22:32:48    -1541.717472        0.012223
FIRE:  2439 22:32:48    -1541.717491        0.012198
FIRE:  2440 22:32:48    -1541.717497        0.012169
FIRE:  2441 22:32:48    -1541.717506        0.012214
FIRE:  2442 22:32:49    -1541.717530        0.012265
FIRE:  2443 22:32:49    -1541.717543        0.012297
FIRE:  2444 22:32:49    -1541.717567        0.012303
FIRE:  2445 22:32:49    -1541.717600        0.012293
FIRE:  2446 22:32:49    -1541.717641        0.012256
FIRE:  2447 22:32:49    -1541.717682        0.012199
FIRE:  2448 22:32:49    -1541.717738        0.012237
FIRE:  2449 22:32:49    -1541.717814        0.012261
FIRE:  2450 22:32:49    -1541.717893        0.012240
FIRE:  2451 22:32:49    -1541.718005        0.012252
FIRE:  2452 22:32:49    -1541.718138        0.012339
FIRE:  2453 22:32:49    -1541.718292        0.012338
FIRE:  2454 22:32:50    -1541.718500        0.012265
FIRE:  2455 22:32:50    -1541.718737        0.012303
FIRE:  2456 22:32:50    -1541.719028        0.012327
FIRE:  2457 22:32:50    -1541.719390        0.012381
FIRE:  2458 22:32:50    -1541.719828        0.012321
FIRE:  2459 22:32:50    -1541.720356        0.012338
FIRE:  2460 22:32:50    -1541.721011        0.012350
FIRE:  2461 22:32:50    -1541.721796        0.012207
FIRE:  2462 22:32:50    -1541.722718        0.016707
FIRE:  2463 22:32:50    -1541.723499        0.052083
FIRE:  2464 22:32:50    -1541.721497        0.159781
FIRE:  2465 22:32:50    -1541.725058        0.031909
FIRE:  2466 22:32:51    -1541.725133        0.022852
FIRE:  2467 22:32:51    -1541.725205        0.012159
FIRE:  2468 22:32:51    -1541.725235        0.013887
FIRE:  2469 22:32:51    -1541.725234        0.013618
FIRE:  2470 22:32:51    -1541.725243        0.013170
FIRE:  2471 22:32:51    -1541.725254        0.012542
FIRE:  2472 22:32:51    -1541.725267        0.012223
FIRE:  2473 22:32:51    -1541.725277        0.012140
FIRE:  2474 22:32:51    -1541.725295        0.012048
FIRE:  2475 22:32:51    -1541.725308        0.012104
FIRE:  2476 22:32:51    -1541.725322        0.012151
FIRE:  2477 22:32:51    -1541.725348        0.012175
FIRE:  2478 22:32:51    -1541.725373        0.012145
FIRE:  2479 22:32:52    -1541.725415        0.012073
FIRE:  2480 22:32:52    -1541.725471        0.012113
FIRE:  2481 22:32:52    -1541.725517        0.012222
FIRE:  2482 22:32:52    -1541.725591        0.012278
FIRE:  2483 22:32:52    -1541.725688        0.012245
FIRE:  2484 22:32:52    -1541.725790        0.012127
FIRE:  2485 22:32:52    -1541.725922        0.012118
FIRE:  2486 22:32:52    -1541.726084        0.012101
FIRE:  2487 22:32:52    -1541.726276        0.012188
FIRE:  2488 22:32:52    -1541.726528        0.012282
FIRE:  2489 22:32:52    -1541.726826        0.012138
FIRE:  2490 22:32:52    -1541.727183        0.012120
FIRE:  2491 22:32:53    -1541.727630        0.012248
FIRE:  2492 22:32:53    -1541.728162        0.012128
FIRE:  2493 22:32:53    -1541.728822        0.012046
FIRE:  2494 22:32:53    -1541.729615        0.012532
FIRE:  2495 22:32:53    -1541.730519        0.022710
FIRE:  2496 22:32:53    -1541.731087        0.064869
FIRE:  2497 22:32:53    -1541.731758        0.012045
FIRE:  2498 22:32:53    -1541.731309        0.059244
FIRE:  2499 22:32:53    -1541.731553        0.044326
FIRE:  2500 22:32:53    -1541.731812        0.018659
FIRE:  2501 22:32:53    -1541.731860        0.014199
FIRE:  2502 22:32:53    -1541.731859        0.013998
FIRE:  2503 22:32:54    -1541.731869        0.013558
FIRE:  2504 22:32:54    -1541.731876        0.012932
FIRE:  2505 22:32:54    -1541.731894        0.012342
FIRE:  2506 22:32:54    -1541.731903        0.012208
FIRE:  2507 22:32:54    -1541.731923        0.012084
FIRE:  2508 22:32:54    -1541.731927        0.012070
FIRE:  2509 22:32:54    -1541.731941        0.012145
FIRE:  2510 22:32:54    -1541.731962        0.012189
FIRE:  2511 22:32:54    -1541.731996        0.012190
FIRE:  2512 22:32:54    -1541.732026        0.012140
FIRE:  2513 22:32:54    -1541.732068        0.012047
FIRE:  2514 22:32:54    -1541.732121        0.012154
FIRE:  2515 22:32:54    -1541.732180        0.012305
FIRE:  2516 22:32:55    -1541.732258        0.012351
FIRE:  2517 22:32:55    -1541.732359        0.012252
FIRE:  2518 22:32:55    -1541.732477        0.012066
FIRE:  2519 22:32:55    -1541.732614        0.012131
FIRE:  2520 22:32:55    -1541.732784        0.012090
FIRE:  2521 22:32:55    -1541.733001        0.012254
FIRE:  2522 22:32:55    -1541.733265        0.012330
FIRE:  2523 22:32:55    -1541.733578        0.012116
FIRE:  2524 22:32:55    -1541.733962        0.012118
FIRE:  2525 22:32:55    -1541.734432        0.012414
FIRE:  2526 22:32:55    -1541.735019        0.012216
FIRE:  2527 22:32:55    -1541.735721        0.012304
FIRE:  2528 22:32:56    -1541.736579        0.012378
FIRE:  2529 22:32:56    -1541.737624        0.015086
FIRE:  2530 22:32:56    -1541.738734        0.036006
FIRE:  2531 22:32:56    -1541.737799        0.129939
FIRE:  2532 22:32:56    -1541.740248        0.035912
FIRE:  2533 22:32:56    -1541.740360        0.025684
FIRE:  2534 22:32:56    -1541.740458        0.012815
FIRE:  2535 22:32:56    -1541.740466        0.020951
FIRE:  2536 22:32:56    -1541.740467        0.020064
FIRE:  2537 22:32:56    -1541.740482        0.018397
FIRE:  2538 22:32:56    -1541.740504        0.016095
FIRE:  2539 22:32:56    -1541.740515        0.013647
FIRE:  2540 22:32:57    -1541.740536        0.012352
FIRE:  2541 22:32:57    -1541.740548        0.012486
FIRE:  2542 22:32:57    -1541.740566        0.012866
FIRE:  2543 22:32:57    -1541.740586        0.013203
FIRE:  2544 22:32:57    -1541.740611        0.013286
FIRE:  2545 22:32:57    -1541.740648        0.013033
FIRE:  2546 22:32:57    -1541.740691        0.012561
FIRE:  2547 22:32:57    -1541.740752        0.012332
FIRE:  2548 22:32:57    -1541.740818        0.014038
FIRE:  2549 22:32:57    -1541.740904        0.014948
FIRE:  2550 22:32:57    -1541.741003        0.013370
FIRE:  2551 22:32:57    -1541.741131        0.012295
FIRE:  2552 22:32:57    -1541.741281        0.012842
FIRE:  2553 22:32:58    -1541.741468        0.012597
FIRE:  2554 22:32:58    -1541.741710        0.013020
FIRE:  2555 22:32:58    -1541.741998        0.013902
FIRE:  2556 22:32:58    -1541.742351        0.012481
FIRE:  2557 22:32:58    -1541.742779        0.012642
FIRE:  2558 22:32:58    -1541.743295        0.014881
FIRE:  2559 22:32:58    -1541.743923        0.012694
FIRE:  2560 22:32:58    -1541.744698        0.013931
FIRE:  2561 22:32:58    -1541.745633        0.012858
FIRE:  2562 22:32:58    -1541.746635        0.030190
FIRE:  2563 22:32:58    -1541.746801        0.087358
FIRE:  2564 22:32:58    -1541.748112        0.015933
FIRE:  2565 22:32:59    -1541.748124        0.014448
FIRE:  2566 22:32:59    -1541.748153        0.012290
FIRE:  2567 22:32:59    -1541.748169        0.012044
FIRE:  2568 22:32:59    -1541.748201        0.012329
FIRE:  2569 22:32:59    -1541.748252        0.012423
FIRE:  2570 22:32:59    -1541.748302        0.012200
FIRE:  2571 22:32:59    -1541.748374        0.012055
FIRE:  2572 22:32:59    -1541.748446        0.012545
FIRE:  2573 22:32:59    -1541.748540        0.013685
FIRE:  2574 22:32:59    -1541.748670        0.012589
FIRE:  2575 22:32:59    -1541.748822        0.012098
FIRE:  2576 22:32:59    -1541.749015        0.012265
FIRE:  2577 22:33:00    -1541.749250        0.012063
FIRE:  2578 22:33:00    -1541.749549        0.013344
FIRE:  2579 22:33:00    -1541.749910        0.011982
FIRE:  2580 22:33:00    -1541.750351        0.012133
FIRE:  2581 22:33:00    -1541.750902        0.013618
FIRE:  2582 22:33:00    -1541.751575        0.012058
FIRE:  2583 22:33:00    -1541.752387        0.014423
FIRE:  2584 22:33:00    -1541.753337        0.016492
FIRE:  2585 22:33:00    -1541.754104        0.051285
FIRE:  2586 22:33:00    -1541.754588        0.012012
FIRE:  2587 22:33:00    -1541.754302        0.038805
FIRE:  2588 22:33:00    -1541.754470        0.029172
FIRE:  2589 22:33:00    -1541.754650        0.015337
FIRE:  2590 22:33:01    -1541.754696        0.016300
FIRE:  2591 22:33:01    -1541.754709        0.015907
FIRE:  2592 22:33:01    -1541.754709        0.015095
FIRE:  2593 22:33:01    -1541.754712        0.014062
FIRE:  2594 22:33:01    -1541.754725        0.012820
FIRE:  2595 22:33:01    -1541.754737        0.012072
FIRE:  2596 22:33:01    -1541.754748        0.011994
FIRE:  2597 22:33:01    -1541.754765        0.011918
FIRE:  2598 22:33:01    -1541.754780        0.011861
FIRE:  2599 22:33:01    -1541.754803        0.011834
FIRE:  2600 22:33:01    -1541.754828        0.011825
FIRE:  2601 22:33:01    -1541.754865        0.011836
FIRE:  2602 22:33:02    -1541.754916        0.011885
FIRE:  2603 22:33:02    -1541.754964        0.011960
FIRE:  2604 22:33:02    -1541.755040        0.012095
FIRE:  2605 22:33:02    -1541.755120        0.012626
FIRE:  2606 22:33:02    -1541.755218        0.011992
FIRE:  2607 22:33:02    -1541.755342        0.011849
FIRE:  2608 22:33:02    -1541.755489        0.011750
FIRE:  2609 22:33:02    -1541.755680        0.011745
FIRE:  2610 22:33:02    -1541.755906        0.011878
FIRE:  2611 22:33:02    -1541.756179        0.012076
FIRE:  2612 22:33:02    -1541.756519        0.011696
FIRE:  2613 22:33:02    -1541.756930        0.011645
FIRE:  2614 22:33:03    -1541.757435        0.012196
FIRE:  2615 22:33:03    -1541.758035        0.011615
FIRE:  2616 22:33:03    -1541.758774        0.011718
FIRE:  2617 22:33:03    -1541.759671        0.011575
FIRE:  2618 22:33:03    -1541.760747        0.011764
FIRE:  2619 22:33:03    -1541.762015        0.018942
FIRE:  2620 22:33:03    -1541.762872        0.077544
FIRE:  2621 22:33:03    -1541.763580        0.016437
FIRE:  2622 22:33:03    -1541.763591        0.014085
FIRE:  2623 22:33:03    -1541.763626        0.011654
FIRE:  2624 22:33:03    -1541.763655        0.011491
FIRE:  2625 22:33:03    -1541.763686        0.012021
FIRE:  2626 22:33:04    -1541.763725        0.012118
FIRE:  2627 22:33:04    -1541.763791        0.011609
FIRE:  2628 22:33:04    -1541.763860        0.011367
FIRE:  2629 22:33:04    -1541.763937        0.012701
FIRE:  2630 22:33:04    -1541.764025        0.013303
FIRE:  2631 22:33:04    -1541.764157        0.011718
FIRE:  2632 22:33:04    -1541.764314        0.011359
FIRE:  2633 22:33:04    -1541.764507        0.011517
FIRE:  2634 22:33:04    -1541.764747        0.011361
FIRE:  2635 22:33:04    -1541.765028        0.012709
FIRE:  2636 22:33:04    -1541.765395        0.011122
FIRE:  2637 22:33:04    -1541.765837        0.011424
FIRE:  2638 22:33:05    -1541.766359        0.013480
FIRE:  2639 22:33:05    -1541.767001        0.013323
FIRE:  2640 22:33:05    -1541.767739        0.022552
FIRE:  2641 22:33:05    -1541.768392        0.049717
FIRE:  2642 22:33:05    -1541.768746        0.011067
FIRE:  2643 22:33:05    -1541.768573        0.042472
FIRE:  2644 22:33:05    -1541.768680        0.032766
FIRE:  2645 22:33:05    -1541.768797        0.017270
FIRE:  2646 22:33:05    -1541.768852        0.010936
FIRE:  2647 22:33:05    -1541.768844        0.010942
FIRE:  2648 22:33:05    -1541.768857        0.010938
FIRE:  2649 22:33:05    -1541.768861        0.010953
FIRE:  2650 22:33:06    -1541.768873        0.010951
FIRE:  2651 22:33:06    -1541.768876        0.010963
FIRE:  2652 22:33:06    -1541.768889        0.010962
FIRE:  2653 22:33:06    -1541.768900        0.010977
FIRE:  2654 22:33:06    -1541.768911        0.011059
FIRE:  2655 22:33:06    -1541.768937        0.011171
FIRE:  2656 22:33:06    -1541.768967        0.011232
FIRE:  2657 22:33:06    -1541.768982        0.011182
FIRE:  2658 22:33:06    -1541.769033        0.011037
FIRE:  2659 22:33:06    -1541.769071        0.010958
FIRE:  2660 22:33:06    -1541.769128        0.010940
FIRE:  2661 22:33:06    -1541.769193        0.010952
FIRE:  2662 22:33:07    -1541.769269        0.010956
FIRE:  2663 22:33:07    -1541.769381        0.010961
FIRE:  2664 22:33:07    -1541.769507        0.011014
FIRE:  2665 22:33:07    -1541.769662        0.011055
FIRE:  2666 22:33:07    -1541.769857        0.010924
FIRE:  2667 22:33:07    -1541.770089        0.010929
FIRE:  2668 22:33:07    -1541.770384        0.010952
FIRE:  2669 22:33:07    -1541.770730        0.011058
FIRE:  2670 22:33:07    -1541.771151        0.010900
FIRE:  2671 22:33:07    -1541.771668        0.010938
FIRE:  2672 22:33:07    -1541.772306        0.011184
FIRE:  2673 22:33:07    -1541.773073        0.010876
FIRE:  2674 22:33:08    -1541.773976        0.016570
FIRE:  2675 22:33:08    -1541.774845        0.048046
FIRE:  2676 22:33:08    -1541.773908        0.144257
FIRE:  2677 22:33:08    -1541.776363        0.022189
FIRE:  2678 22:33:08    -1541.776410        0.016063
FIRE:  2679 22:33:08    -1541.776447        0.011225
FIRE:  2680 22:33:08    -1541.776467        0.012491
FIRE:  2681 22:33:08    -1541.776494        0.016620
FIRE:  2682 22:33:08    -1541.776523        0.017412
FIRE:  2683 22:33:08    -1541.776581        0.014890
FIRE:  2684 22:33:08    -1541.776664        0.011237
FIRE:  2685 22:33:08    -1541.776730        0.011766
FIRE:  2686 22:33:09    -1541.776814        0.013234
FIRE:  2687 22:33:09    -1541.776937        0.011888
FIRE:  2688 22:33:09    -1541.777077        0.011439
FIRE:  2689 22:33:09    -1541.777238        0.014832
FIRE:  2690 22:33:09    -1541.777475        0.011483
FIRE:  2691 22:33:09    -1541.777730        0.012568
FIRE:  2692 22:33:09    -1541.778071        0.011147
FIRE:  2693 22:33:09    -1541.778458        0.015602
FIRE:  2694 22:33:09    -1541.778956        0.011947
FIRE:  2695 22:33:09    -1541.779572        0.011320
FIRE:  2696 22:33:09    -1541.780310        0.013159
FIRE:  2697 22:33:09    -1541.781143        0.026345
FIRE:  2698 22:33:10    -1541.781522        0.077223
FIRE:  2699 22:33:10    -1541.782327        0.011327
FIRE:  2700 22:33:10    -1541.782329        0.011243
FIRE:  2701 22:33:10    -1541.782345        0.011145
FIRE:  2702 22:33:10    -1541.782366        0.011161
FIRE:  2703 22:33:10    -1541.782400        0.011227
FIRE:  2704 22:33:10    -1541.782441        0.011265
FIRE:  2705 22:33:10    -1541.782488        0.011206
FIRE:  2706 22:33:10    -1541.782538        0.011145
FIRE:  2707 22:33:10    -1541.782609        0.011111
FIRE:  2708 22:33:10    -1541.782694        0.011155
FIRE:  2709 22:33:10    -1541.782814        0.011122
FIRE:  2710 22:33:11    -1541.782934        0.011086
FIRE:  2711 22:33:11    -1541.783111        0.011128
FIRE:  2712 22:33:11    -1541.783331        0.011070
FIRE:  2713 22:33:11    -1541.783583        0.011111
FIRE:  2714 22:33:11    -1541.783903        0.011074
FIRE:  2715 22:33:11    -1541.784299        0.011062
FIRE:  2716 22:33:11    -1541.784778        0.011083
FIRE:  2717 22:33:11    -1541.785379        0.011015
FIRE:  2718 22:33:11    -1541.786095        0.010995
FIRE:  2719 22:33:11    -1541.786976        0.011074
FIRE:  2720 22:33:11    -1541.788036        0.012260
FIRE:  2721 22:33:11    -1541.789063        0.045530
FIRE:  2722 22:33:11    -1541.786174        0.163992
FIRE:  2723 22:33:12    -1541.790181        0.069211
FIRE:  2724 22:33:12    -1541.790550        0.047562
FIRE:  2725 22:33:12    -1541.790829        0.012642
FIRE:  2726 22:33:12    -1541.790721        0.030171
FIRE:  2727 22:33:12    -1541.790746        0.027950
FIRE:  2728 22:33:12    -1541.790791        0.023808
FIRE:  2729 22:33:12    -1541.790843        0.018063
FIRE:  2730 22:33:12    -1541.790880        0.011744
FIRE:  2731 22:33:12    -1541.790910        0.010490
FIRE:  2732 22:33:12    -1541.790918        0.015281
FIRE:  2733 22:33:12    -1541.790913        0.015132
FIRE:  2734 22:33:12    -1541.790927        0.014797
FIRE:  2735 22:33:13    -1541.790923        0.014283
FIRE:  2736 22:33:13    -1541.790920        0.013696
FIRE:  2737 22:33:13    -1541.790928        0.012912
FIRE:  2738 22:33:13    -1541.790936        0.012085
FIRE:  2739 22:33:13    -1541.790939        0.011177
FIRE:  2740 22:33:13    -1541.790948        0.010709
FIRE:  2741 22:33:13    -1541.790959        0.010527
FIRE:  2742 22:33:13    -1541.790963        0.010516
FIRE:  2743 22:33:13    -1541.790974        0.010614
FIRE:  2744 22:33:13    -1541.790980        0.010756
FIRE:  2745 22:33:13    -1541.791000        0.010909
FIRE:  2746 22:33:13    -1541.791022        0.010987
FIRE:  2747 22:33:14    -1541.791041        0.010931
FIRE:  2748 22:33:14    -1541.791077        0.010758
FIRE:  2749 22:33:14    -1541.791121        0.010570
FIRE:  2750 22:33:14    -1541.791161        0.010505
FIRE:  2751 22:33:14    -1541.791215        0.010622
FIRE:  2752 22:33:14    -1541.791281        0.010707
FIRE:  2753 22:33:14    -1541.791370        0.010534
FIRE:  2754 22:33:14    -1541.791467        0.010564
FIRE:  2755 22:33:14    -1541.791585        0.010772
FIRE:  2756 22:33:14    -1541.791741        0.010680
FIRE:  2757 22:33:14    -1541.791931        0.010501
FIRE:  2758 22:33:14    -1541.792152        0.010548
FIRE:  2759 22:33:15    -1541.792417        0.010505
FIRE:  2760 22:33:15    -1541.792748        0.010704
FIRE:  2761 22:33:15    -1541.793144        0.010392
FIRE:  2762 22:33:15    -1541.793615        0.010358
FIRE:  2763 22:33:15    -1541.794189        0.010653
FIRE:  2764 22:33:15    -1541.794874        0.013242
FIRE:  2765 22:33:15    -1541.795656        0.016477
FIRE:  2766 22:33:15    -1541.796362        0.045429
FIRE:  2767 22:33:15    -1541.795612        0.103995
FIRE:  2768 22:33:15    -1541.797726        0.018522
FIRE:  2769 22:33:15    -1541.797750        0.015084
FIRE:  2770 22:33:15    -1541.797770        0.009786
FIRE:  2771 22:33:16    -1541.797790        0.010233
FIRE:  2772 22:33:16    -1541.797809        0.011845
FIRE:  2773 22:33:16    -1541.797838        0.012342
FIRE:  2774 22:33:16    -1541.797888        0.011288
FIRE:  2775 22:33:16    -1541.797940        0.009866
FIRE:  2776 22:33:16    -1541.797990        0.010409
FIRE:  2777 22:33:16    -1541.798057        0.013315
FIRE:  2778 22:33:16    -1541.798160        0.011314
FIRE:  2779 22:33:16    -1541.798268        0.009863
FIRE:  2780 22:33:16    -1541.798399        0.011149
FIRE:  2781 22:33:16    -1541.798577        0.009908
FIRE:  2782 22:33:16    -1541.798782        0.012036
FIRE:  2783 22:33:16    -1541.799041        0.009557
FIRE:  2784 22:33:17    -1541.799346        0.011403
FIRE:  2785 22:33:17    -1541.799737        0.010580
FIRE:  2786 22:33:17    -1541.800207        0.009439
FIRE:  2787 22:33:17    -1541.800772        0.009988
FIRE:  2788 22:33:17    -1541.801419        0.018893
FIRE:  2789 22:33:17    -1541.801961        0.041164
FIRE:  2790 22:33:17    -1541.800022        0.151416
FIRE:  2791 22:33:17    -1541.803044        0.029341
FIRE:  2792 22:33:17    -1541.803125        0.020953
FIRE:  2793 22:33:17    -1541.803204        0.010401
FIRE:  2794 22:33:17    -1541.803208        0.016576
FIRE:  2795 22:33:17    -1541.803210        0.015785
FIRE:  2796 22:33:18    -1541.803222        0.014206
FIRE:  2797 22:33:18    -1541.803231        0.011981
FIRE:  2798 22:33:18    -1541.803240        0.009483
FIRE:  2799 22:33:18    -1541.803249        0.008843
FIRE:  2800 22:33:18    -1541.803255        0.009153
FIRE:  2801 22:33:18    -1541.803274        0.009798
FIRE:  2802 22:33:18    -1541.803281        0.010413
FIRE:  2803 22:33:18    -1541.803300        0.010653
FIRE:  2804 22:33:18    -1541.803331        0.010290
FIRE:  2805 22:33:18    -1541.803357        0.009487
FIRE:  2806 22:33:18    -1541.803385        0.008835
FIRE:  2807 22:33:18    -1541.803433        0.009069
FIRE:  2808 22:33:18    -1541.803475        0.010504
FIRE:  2809 22:33:19    -1541.803539        0.009420
FIRE:  2810 22:33:19    -1541.803629        0.008814
FIRE:  2811 22:33:19    -1541.803718        0.009625
FIRE:  2812 22:33:19    -1541.803835        0.009512
FIRE:  2813 22:33:19    -1541.803979        0.008732
FIRE:  2814 22:33:19    -1541.804148        0.009753
FIRE:  2815 22:33:19    -1541.804370        0.008777
FIRE:  2816 22:33:19    -1541.804609        0.009538
FIRE:  2817 22:33:19    -1541.804927        0.008935
FIRE:  2818 22:33:19    -1541.805306        0.008630
FIRE:  2819 22:33:19    -1541.805751        0.008854
FIRE:  2820 22:33:19    -1541.806284        0.012337
FIRE:  2821 22:33:20    -1541.806874        0.022069
FIRE:  2822 22:33:20    -1541.807101        0.069613
FIRE:  2823 22:33:20    -1541.807684        0.008707
FIRE:  2824 22:33:20    -1541.807693        0.008534
FIRE:  2825 22:33:20    -1541.807702        0.008322
FIRE:  2826 22:33:20    -1541.807710        0.008212
FIRE:  2827 22:33:20    -1541.807728        0.008204
FIRE:  2828 22:33:20    -1541.807753        0.008208
FIRE:  2829 22:33:20    -1541.807779        0.008196
FIRE:  2830 22:33:20    -1541.807814        0.008196
FIRE:  2831 22:33:20    -1541.807856        0.008280
FIRE:  2832 22:33:20    -1541.807907        0.008394
FIRE:  2833 22:33:20    -1541.807970        0.008315
FIRE:  2834 22:33:21    -1541.808046        0.008154
FIRE:  2835 22:33:21    -1541.808147        0.008132
FIRE:  2836 22:33:21    -1541.808270        0.008126
FIRE:  2837 22:33:21    -1541.808417        0.008273
FIRE:  2838 22:33:21    -1541.808599        0.008124
FIRE:  2839 22:33:21    -1541.808827        0.008032
FIRE:  2840 22:33:21    -1541.809097        0.008159
FIRE:  2841 22:33:21    -1541.809437        0.007946
FIRE:  2842 22:33:21    -1541.809849        0.007964
FIRE:  2843 22:33:21    -1541.810344        0.008192
FIRE:  2844 22:33:21    -1541.810913        0.012495
FIRE:  2845 22:33:21    -1541.811312        0.052618
FIRE:  2846 22:33:22    -1541.811634        0.008705
FIRE:  2847 22:33:22    -1541.811644        0.008269
FIRE:  2848 22:33:22    -1541.811661        0.007767
FIRE:  2849 22:33:22    -1541.811672        0.007647
FIRE:  2850 22:33:22    -1541.811686        0.007827
FIRE:  2851 22:33:22    -1541.811706        0.007975
FIRE:  2852 22:33:22    -1541.811740        0.007721
FIRE:  2853 22:33:22    -1541.811765        0.007630
FIRE:  2854 22:33:22    -1541.811801        0.007845
FIRE:  2855 22:33:22    -1541.811848        0.008045
FIRE:  2856 22:33:22    -1541.811913        0.007772
FIRE:  2857 22:33:22    -1541.811984        0.007598
FIRE:  2858 22:33:22    -1541.812069        0.007678
FIRE:  2859 22:33:23    -1541.812189        0.007592
FIRE:  2860 22:33:23    -1541.812316        0.007894
FIRE:  2861 22:33:23    -1541.812491        0.007501
FIRE:  2862 22:33:23    -1541.812702        0.007524
FIRE:  2863 22:33:23    -1541.812956        0.007939
FIRE:  2864 22:33:23    -1541.813260        0.008271
FIRE:  2865 22:33:23    -1541.813614        0.009220
FIRE:  2866 22:33:23    -1541.813988        0.019953
FIRE:  2867 22:33:23    -1541.814066        0.047499
FIRE:  2868 22:33:23    -1541.814576        0.007054
FIRE:  2869 22:33:23    -1541.814577        0.007053
FIRE:  2870 22:33:23    -1541.814579        0.007060
FIRE:  2871 22:33:24    -1541.814594        0.007088
FIRE:  2872 22:33:24    -1541.814606        0.007123
FIRE:  2873 22:33:24    -1541.814620        0.007140
FIRE:  2874 22:33:24    -1541.814638        0.007117
FIRE:  2875 22:33:24    -1541.814663        0.007084
FIRE:  2876 22:33:24    -1541.814692        0.007051
FIRE:  2877 22:33:24    -1541.814732        0.007039
FIRE:  2878 22:33:24    -1541.814774        0.007042
FIRE:  2879 22:33:24    -1541.814832        0.007069
FIRE:  2880 22:33:24    -1541.814916        0.007085
FIRE:  2881 22:33:24    -1541.815005        0.007041
FIRE:  2882 22:33:24    -1541.815120        0.006984
FIRE:  2883 22:33:25    -1541.815252        0.006972
FIRE:  2884 22:33:25    -1541.815417        0.006984
FIRE:  2885 22:33:25    -1541.815627        0.006843
FIRE:  2886 22:33:25    -1541.815874        0.006827
FIRE:  2887 22:33:25    -1541.816181        0.006699
FIRE:  2888 22:33:25    -1541.816556        0.006622
FIRE:  2889 22:33:25    -1541.816998        0.006984
FIRE:  2890 22:33:25    -1541.817490        0.013931
FIRE:  2891 22:33:25    -1541.817425        0.069227
FIRE:  2892 22:33:25    -1541.818074        0.022118
FIRE:  2893 22:33:25    -1541.818123        0.014739
FIRE:  2894 22:33:25    -1541.818155        0.006194
FIRE:  2895 22:33:25    -1541.818157        0.010485
FIRE:  2896 22:33:26    -1541.818155        0.009684
FIRE:  2897 22:33:26    -1541.818163        0.008765
FIRE:  2898 22:33:26    -1541.818167        0.007618
FIRE:  2899 22:33:26    -1541.818172        0.006558
FIRE:  2900 22:33:26    -1541.818179        0.006051
FIRE:  2901 22:33:26    -1541.818180        0.006166
FIRE:  2902 22:33:26    -1541.818187        0.006498
FIRE:  2903 22:33:26    -1541.818197        0.006843
FIRE:  2904 22:33:26    -1541.818201        0.006913
FIRE:  2905 22:33:26    -1541.818225        0.006522
FIRE:  2906 22:33:26    -1541.818234        0.006143
FIRE:  2907 22:33:26    -1541.818261        0.006067
FIRE:  2908 22:33:27    -1541.818284        0.006794
FIRE:  2909 22:33:27    -1541.818308        0.007107
FIRE:  2910 22:33:27    -1541.818354        0.006420
FIRE:  2911 22:33:27    -1541.818396        0.006095
FIRE:  2912 22:33:27    -1541.818450        0.006376
FIRE:  2913 22:33:27    -1541.818523        0.006124
FIRE:  2914 22:33:27    -1541.818609        0.006380
FIRE:  2915 22:33:27    -1541.818701        0.006480
FIRE:  2916 22:33:27    -1541.818819        0.006225
FIRE:  2917 22:33:27    -1541.818967        0.006018
FIRE:  2918 22:33:27    -1541.819144        0.006940
FIRE:  2919 22:33:27    -1541.819354        0.006673
FIRE:  2920 22:33:28    -1541.819603        0.007203
FIRE:  2921 22:33:28    -1541.819891        0.012155
FIRE:  2922 22:33:28    -1541.820129        0.030830
FIRE:  2923 22:33:28    -1541.820265        0.005548
FIRE:  2924 22:33:28    -1541.820177        0.026301
FIRE:  2925 22:33:28    -1541.820227        0.020014
FIRE:  2926 22:33:28    -1541.820287        0.010058
FIRE:  2927 22:33:28    -1541.820301        0.006026
FIRE:  2928 22:33:28    -1541.820301        0.005978
FIRE:  2929 22:33:28    -1541.820299        0.005860
FIRE:  2930 22:33:28    -1541.820305        0.005704
FIRE:  2931 22:33:28    -1541.820308        0.005553
FIRE:  2932 22:33:29    -1541.820310        0.005481
FIRE:  2933 22:33:29    -1541.820311        0.005459
FIRE:  2934 22:33:29    -1541.820310        0.005475
FIRE:  2935 22:33:29    -1541.820312        0.005490
FIRE:  2936 22:33:29    -1541.820326        0.005547
FIRE:  2937 22:33:29    -1541.820333        0.005573
FIRE:  2938 22:33:29    -1541.820348        0.005536
FIRE:  2939 22:33:29    -1541.820360        0.005479
FIRE:  2940 22:33:29    -1541.820366        0.005457
FIRE:  2941 22:33:29    -1541.820385        0.005481
FIRE:  2942 22:33:29    -1541.820411        0.005499
FIRE:  2943 22:33:29    -1541.820440        0.005472
FIRE:  2944 22:33:30    -1541.820477        0.005440
FIRE:  2945 22:33:30    -1541.820517        0.005452
FIRE:  2946 22:33:30    -1541.820564        0.005440
FIRE:  2947 22:33:30    -1541.820626        0.005411
FIRE:  2948 22:33:30    -1541.820699        0.005410
FIRE:  2949 22:33:30    -1541.820798        0.005346
FIRE:  2950 22:33:30    -1541.820909        0.005340
FIRE:  2951 22:33:30    -1541.821042        0.005310
FIRE:  2952 22:33:30    -1541.821206        0.005205
FIRE:  2953 22:33:30    -1541.821400        0.005173
FIRE:  2954 22:33:30    -1541.821634        0.005605
FIRE:  2955 22:33:30    -1541.821901        0.009693
FIRE:  2956 22:33:31    -1541.822106        0.029539
FIRE:  2957 22:33:31    -1541.822237        0.004819
FIRE:  2958 22:33:31    -1541.822155        0.025786
FIRE:  2959 22:33:31    -1541.822204        0.019402
FIRE:  2960 22:33:31    -1541.822257        0.008921
FIRE:  2961 22:33:31    -1541.822268        0.005909
FIRE:  2962 22:33:31    -1541.822263        0.005802
FIRE:  2963 22:33:31    -1541.822264        0.005602
FIRE:  2964 22:33:31    -1541.822274        0.005335
FIRE:  2965 22:33:31    -1541.822273        0.005046
FIRE:  2966 22:33:31    -1541.822279        0.004848
FIRE:  2967 22:33:31    -1541.822280        0.004834
FIRE:  2968 22:33:32    -1541.822281        0.004856
FIRE:  2969 22:33:32    -1541.822289        0.004878
FIRE:  2970 22:33:32    -1541.822292        0.004962
FIRE:  2971 22:33:32    -1541.822296        0.004998
FIRE:  2972 22:33:32    -1541.822310        0.004927
FIRE:  2973 22:33:32    -1541.822319        0.004854
FIRE:  2974 22:33:32    -1541.822331        0.004829
FIRE:  2975 22:33:32    -1541.822344        0.004862
FIRE:  2976 22:33:32    -1541.822362        0.004973
FIRE:  2977 22:33:32    -1541.822384        0.004837
FIRE:  2978 22:33:32    -1541.822413        0.004808
FIRE:  2979 22:33:32    -1541.822455        0.004835
FIRE:  2980 22:33:33    -1541.822492        0.004815
FIRE:  2981 22:33:33    -1541.822545        0.004791
FIRE:  2982 22:33:33    -1541.822612        0.004823
FIRE:  2983 22:33:33    -1541.822686        0.004747
FIRE:  2984 22:33:33    -1541.822780        0.004732
FIRE:  2985 22:33:33    -1541.822898        0.004692
FIRE:  2986 22:33:33    -1541.823031        0.004634
FIRE:  2987 22:33:33    -1541.823183        0.004573
FIRE:  2988 22:33:33    -1541.823388        0.004604
FIRE:  2989 22:33:33    -1541.823623        0.005916
FIRE:  2990 22:33:33    -1541.823836        0.020245
FIRE:  2991 22:33:33    -1541.823471        0.071792
FIRE:  2992 22:33:33    -1541.824172        0.016048
FIRE:  2993 22:33:34    -1541.824193        0.011101
FIRE:  2994 22:33:34    -1541.824213        0.004902
FIRE:  2995 22:33:34    -1541.824214        0.006410
FIRE:  2996 22:33:34    -1541.824212        0.005954
FIRE:  2997 22:33:34    -1541.824216        0.005143
FIRE:  2998 22:33:34    -1541.824220        0.004709
FIRE:  2999 22:33:34    -1541.824224        0.004324
FIRE:  3000 22:33:34    -1541.824223        0.004198
FIRE:  3001 22:33:34    -1541.824230        0.004193
FIRE:  3002 22:33:34    -1541.824226        0.004584
FIRE:  3003 22:33:34    -1541.824238        0.004944
FIRE:  3004 22:33:34    -1541.824236        0.005079
FIRE:  3005 22:33:35    -1541.824242        0.004868
FIRE:  3006 22:33:35    -1541.824253        0.004395
FIRE:  3007 22:33:35    -1541.824260        0.004184
FIRE:  3008 22:33:35    -1541.824279        0.004310
FIRE:  3009 22:33:35    -1541.824294        0.004452
FIRE:  3010 22:33:35    -1541.824310        0.004293
FIRE:  3011 22:33:35    -1541.824332        0.004169
FIRE:  3012 22:33:35    -1541.824360        0.004510
FIRE:  3013 22:33:35    -1541.824399        0.004382
FIRE:  3014 22:33:35    -1541.824437        0.004212
FIRE:  3015 22:33:35    -1541.824484        0.004293
FIRE:  3016 22:33:35    -1541.824539        0.004116
FIRE:  3017 22:33:36    -1541.824621        0.004371
FIRE:  3018 22:33:36    -1541.824707        0.004234
FIRE:  3019 22:33:36    -1541.824812        0.004035
FIRE:  3020 22:33:36    -1541.824949        0.004029
FIRE:  3021 22:33:36    -1541.825101        0.004268
FIRE:  3022 22:33:36    -1541.825285        0.007579
FIRE:  3023 22:33:36    -1541.825406        0.025018
FIRE:  3024 22:33:36    -1541.825501        0.003792
FIRE:  3025 22:33:36    -1541.825501        0.003778
FIRE:  3026 22:33:36    -1541.825502        0.003750
FIRE:  3027 22:33:36    -1541.825510        0.003748
FIRE:  3028 22:33:36    -1541.825508        0.003774
FIRE:  3029 22:33:36    -1541.825523        0.003785
FIRE:  3030 22:33:37    -1541.825521        0.003778
FIRE:  3031 22:33:37    -1541.825540        0.003757
FIRE:  3032 22:33:37    -1541.825546        0.003751
FIRE:  3033 22:33:37    -1541.825557        0.003766
FIRE:  3034 22:33:37    -1541.825581        0.003744
FIRE:  3035 22:33:37    -1541.825604        0.003718
FIRE:  3036 22:33:37    -1541.825631        0.003741
FIRE:  3037 22:33:37    -1541.825660        0.003730
FIRE:  3038 22:33:37    -1541.825705        0.003730
FIRE:  3039 22:33:37    -1541.825753        0.003674
FIRE:  3040 22:33:37    -1541.825819        0.003685
FIRE:  3041 22:33:37    -1541.825890        0.003662
FIRE:  3042 22:33:37    -1541.825986        0.003597
FIRE:  3043 22:33:38    -1541.826097        0.003563
FIRE:  3044 22:33:38    -1541.826231        0.003867
FIRE:  3045 22:33:38    -1541.826379        0.011484
FIRE:  3046 22:33:38    -1541.826411        0.039742
FIRE:  3047 22:33:38    -1541.826582        0.005780
FIRE:  3048 22:33:38    -1541.826590        0.004378
FIRE:  3049 22:33:38    -1541.826586        0.003398
FIRE:  3050 22:33:38    -1541.826594        0.003400
FIRE:  3051 22:33:38    -1541.826600        0.004079
FIRE:  3052 22:33:38    -1541.826596        0.004357
FIRE:  3053 22:33:38    -1541.826609        0.003590
FIRE:  3054 22:33:38    -1541.826615        0.003380
FIRE:  3055 22:33:39    -1541.826622        0.003444
FIRE:  3056 22:33:39    -1541.826630        0.003800
FIRE:  3057 22:33:39    -1541.826649        0.003450
FIRE:  3058 22:33:39    -1541.826669        0.003376
FIRE:  3059 22:33:39    -1541.826697        0.003610
FIRE:  3060 22:33:39    -1541.826729        0.003350
FIRE:  3061 22:33:39    -1541.826757        0.003560
FIRE:  3062 22:33:39    -1541.826808        0.003304
FIRE:  3063 22:33:39    -1541.826868        0.003494
FIRE:  3064 22:33:39    -1541.826919        0.003646
FIRE:  3065 22:33:39    -1541.827005        0.003807
FIRE:  3066 22:33:39    -1541.827092        0.004204
FIRE:  3067 22:33:40    -1541.827196        0.009129
FIRE:  3068 22:33:40    -1541.827229        0.025758
FIRE:  3069 22:33:40    -1541.827337        0.003099
FIRE:  3070 22:33:40    -1541.827344        0.003095
FIRE:  3071 22:33:40    -1541.827349        0.003099
FIRE:  3072 22:33:40    -1541.827347        0.003120
FIRE:  3073 22:33:40    -1541.827349        0.003149
FIRE:  3074 22:33:40    -1541.827353        0.003157
FIRE:  3075 22:33:40    -1541.827358        0.003139
FIRE:  3076 22:33:40    -1541.827365        0.003112
FIRE:  3077 22:33:40    -1541.827378        0.003098
FIRE:  3078 22:33:40    -1541.827376        0.003093
FIRE:  3079 22:33:40    -1541.827393        0.003082
FIRE:  3080 22:33:41    -1541.827416        0.003091
FIRE:  3081 22:33:41    -1541.827428        0.003105
FIRE:  3082 22:33:41    -1541.827455        0.003088
FIRE:  3083 22:33:41    -1541.827478        0.003056
FIRE:  3084 22:33:41    -1541.827514        0.003046
FIRE:  3085 22:33:41    -1541.827558        0.003065
FIRE:  3086 22:33:41    -1541.827612        0.003009
FIRE:  3087 22:33:41    -1541.827681        0.003006
FIRE:  3088 22:33:41    -1541.827748        0.002942
FIRE:  3089 22:33:41    -1541.827849        0.003028
FIRE:  3090 22:33:41    -1541.827953        0.006156
FIRE:  3091 22:33:41    -1541.827991        0.021680
FIRE:  3092 22:33:42    -1541.828090        0.003938
FIRE:  3093 22:33:42    -1541.828090        0.003322
FIRE:  3094 22:33:42    -1541.828091        0.002797
FIRE:  3095 22:33:42    -1541.828095        0.002910
FIRE:  3096 22:33:42    -1541.828104        0.003092
FIRE:  3097 22:33:42    -1541.828102        0.003149
FIRE:  3098 22:33:42    -1541.828110        0.003010
FIRE:  3099 22:33:42    -1541.828113        0.002838
FIRE:  3100 22:33:42    -1541.828118        0.002797
FIRE:  3101 22:33:42    -1541.828128        0.003021
FIRE:  3102 22:33:42    -1541.828138        0.002788
FIRE:  3103 22:33:42    -1541.828155        0.002891
FIRE:  3104 22:33:42    -1541.828174        0.003013
FIRE:  3105 22:33:43    -1541.828188        0.002799
FIRE:  3106 22:33:43    -1541.828221        0.002835
FIRE:  3107 22:33:43    -1541.828245        0.002792
FIRE:  3108 22:33:43    -1541.828287        0.002934
FIRE:  3109 22:33:43    -1541.828336        0.002975
FIRE:  3110 22:33:43    -1541.828388        0.002974
FIRE:  3111 22:33:43    -1541.828454        0.004120
FIRE:  3112 22:33:43    -1541.828519        0.006414
FIRE:  3113 22:33:43    -1541.828542        0.018301
FIRE:  3114 22:33:43    -1541.828624        0.002657
FIRE:  3115 22:33:43    -1541.828623        0.002639
FIRE:  3116 22:33:43    -1541.828622        0.002617
FIRE:  3117 22:33:44    -1541.828627        0.002594
FIRE:  3118 22:33:44    -1541.828633        0.002589
FIRE:  3119 22:33:44    -1541.828635        0.002587
FIRE:  3120 22:33:44    -1541.828633        0.002591
FIRE:  3121 22:33:44    -1541.828633        0.002595
FIRE:  3122 22:33:44    -1541.828647        0.002607
FIRE:  3123 22:33:44    -1541.828650        0.002619
FIRE:  3124 22:33:44    -1541.828662        0.002607
FIRE:  3125 22:33:44    -1541.828677        0.002587
FIRE:  3126 22:33:44    -1541.828685        0.002573
FIRE:  3127 22:33:44    -1541.828702        0.002571
FIRE:  3128 22:33:44    -1541.828716        0.002593
FIRE:  3129 22:33:45    -1541.828745        0.002564
FIRE:  3130 22:33:45    -1541.828776        0.002530
FIRE:  3131 22:33:45    -1541.828815        0.002551
FIRE:  3132 22:33:45    -1541.828864        0.002509
FIRE:  3133 22:33:45    -1541.828921        0.002481
FIRE:  3134 22:33:45    -1541.828980        0.002465
FIRE:  3135 22:33:45    -1541.829055        0.003936
FIRE:  3136 22:33:45    -1541.829126        0.013939
FIRE:  3137 22:33:45    -1541.828864        0.050488
FIRE:  3138 22:33:45    -1541.829225        0.015077
FIRE:  3139 22:33:45    -1541.829238        0.010139
FIRE:  3140 22:33:45    -1541.829263        0.002602
FIRE:  3141 22:33:46    -1541.829259        0.006965
FIRE:  3142 22:33:46    -1541.829259        0.006422
FIRE:  3143 22:33:46    -1541.829255        0.005331
FIRE:  3144 22:33:46    -1541.829267        0.003912
FIRE:  3145 22:33:46    -1541.829264        0.002543
FIRE:  3146 22:33:46    -1541.829269        0.002312
FIRE:  3147 22:33:46    -1541.829263        0.002461
FIRE:  3148 22:33:46    -1541.829261        0.003266
FIRE:  3149 22:33:46    -1541.829266        0.003926
FIRE:  3150 22:33:46    -1541.829272        0.004001
FIRE:  3151 22:33:46    -1541.829276        0.003403
FIRE:  3152 22:33:46    -1541.829281        0.002477
FIRE:  3153 22:33:46    -1541.829280        0.002316
FIRE:  3154 22:33:47    -1541.829283        0.002818
FIRE:  3155 22:33:47    -1541.829291        0.003314
FIRE:  3156 22:33:47    -1541.829293        0.002620
FIRE:  3157 22:33:47    -1541.829311        0.002301
FIRE:  3158 22:33:47    -1541.829316        0.002731
FIRE:  3159 22:33:47    -1541.829318        0.002567
FIRE:  3160 22:33:47    -1541.829338        0.002324
FIRE:  3161 22:33:47    -1541.829359        0.002691
FIRE:  3162 22:33:47    -1541.829379        0.002293
FIRE:  3163 22:33:47    -1541.829406        0.002509
FIRE:  3164 22:33:47    -1541.829425        0.002581
FIRE:  3165 22:33:47    -1541.829456        0.002295
FIRE:  3166 22:33:48    -1541.829504        0.002876
FIRE:  3167 22:33:48    -1541.829560        0.004947
FIRE:  3168 22:33:48    -1541.829607        0.011561
FIRE:  3169 22:33:48    -1541.829568        0.029050
FIRE:  3170 22:33:48    -1541.829688        0.002659
FIRE:  3171 22:33:48    -1541.829689        0.002234
FIRE:  3172 22:33:48    -1541.829683        0.002069
FIRE:  3173 22:33:48    -1541.829696        0.002171
FIRE:  3174 22:33:48    -1541.829694        0.002438
FIRE:  3175 22:33:48    -1541.829697        0.002480
FIRE:  3176 22:33:48    -1541.829698        0.002336
FIRE:  3177 22:33:48    -1541.829701        0.002098
FIRE:  3178 22:33:48    -1541.829703        0.002079
FIRE:  3179 22:33:49    -1541.829708        0.002153
FIRE:  3180 22:33:49    -1541.829717        0.002074
FIRE:  3181 22:33:49    -1541.829728        0.002132
FIRE:  3182 22:33:49    -1541.829728        0.002313
FIRE:  3183 22:33:49    -1541.829742        0.002067
FIRE:  3184 22:33:49    -1541.829761        0.002093
FIRE:  3185 22:33:49    -1541.829779        0.002026
FIRE:  3186 22:33:49    -1541.829791        0.002227
FIRE:  3187 22:33:49    -1541.829824        0.002070
FIRE:  3188 22:33:49    -1541.829854        0.002230
FIRE:  3189 22:33:49    -1541.829893        0.002883
FIRE:  3190 22:33:49    -1541.829932        0.005772
FIRE:  3191 22:33:50    -1541.829938        0.015742
FIRE:  3192 22:33:50    -1541.829986        0.002013
FIRE:  3193 22:33:50    -1541.829985        0.001969
FIRE:  3194 22:33:50    -1541.829997        0.001908
FIRE:  3195 22:33:50    -1541.829994        0.001873
FIRE:  3196 22:33:50    -1541.829995        0.001870
FIRE:  3197 22:33:50    -1541.829998        0.001874
FIRE:  3198 22:33:50    -1541.829988        0.001868
FIRE:  3199 22:33:50    -1541.829997        0.001873
FIRE:  3200 22:33:50    -1541.829996        0.001894
FIRE:  3201 22:33:50    -1541.830002        0.001928
FIRE:  3202 22:33:50    -1541.830005        0.001906
FIRE:  3203 22:33:51    -1541.830013        0.001864
FIRE:  3204 22:33:51    -1541.830025        0.001852
FIRE:  3205 22:33:51    -1541.830030        0.001852
FIRE:  3206 22:33:51    -1541.830049        0.001890
FIRE:  3207 22:33:51    -1541.830055        0.001851
FIRE:  3208 22:33:51    -1541.830077        0.001819
FIRE:  3209 22:33:51    -1541.830092        0.001871
FIRE:  3210 22:33:51    -1541.830111        0.001791
FIRE:  3211 22:33:51    -1541.830148        0.001864
FIRE:  3212 22:33:51    -1541.830188        0.002526
FIRE:  3213 22:33:51    -1541.830221        0.005385
FIRE:  3214 22:33:51    -1541.830223        0.020782
FIRE:  3215 22:33:51    -1541.830276        0.002534
FIRE:  3216 22:33:52    -1541.830277        0.002199
FIRE:  3217 22:33:52    -1541.830275        0.001755
FIRE:  3218 22:33:52    -1541.830283        0.001704
FIRE:  3219 22:33:52    -1541.830285        0.002283
FIRE:  3220 22:33:52    -1541.830285        0.002450
FIRE:  3221 22:33:52    -1541.830287        0.002089
FIRE:  3222 22:33:52    -1541.830287        0.001666
FIRE:  3223 22:33:52    -1541.830293        0.001861
FIRE:  3224 22:33:52    -1541.830288        0.002036
FIRE:  3225 22:33:52    -1541.830292        0.001810
FIRE:  3226 22:33:52    -1541.830303        0.001670
FIRE:  3227 22:33:52    -1541.830308        0.002077
FIRE:  3228 22:33:52    -1541.830314        0.001656
FIRE:  3229 22:33:53    -1541.830321        0.001920
FIRE:  3230 22:33:53    -1541.830336        0.001634
FIRE:  3231 22:33:53    -1541.830352        0.002042
FIRE:  3232 22:33:53    -1541.830365        0.001952
FIRE:  3233 22:33:53    -1541.830389        0.001700
FIRE:  3234 22:33:53    -1541.830410        0.002070
FIRE:  3235 22:33:53    -1541.830446        0.004136
FIRE:  3236 22:33:53    -1541.830455        0.010190
FIRE:  3237 22:33:53    -1541.830479        0.001516
FIRE:  3238 22:33:53    -1541.830479        0.001517
FIRE:  3239 22:33:53    -1541.830474        0.001516
FIRE:  3240 22:33:53    -1541.830479        0.001517
FIRE:  3241 22:33:54    -1541.830482        0.001525
FIRE:  3242 22:33:54    -1541.830488        0.001523
FIRE:  3243 22:33:54    -1541.830486        0.001520
FIRE:  3244 22:33:54    -1541.830484        0.001516
FIRE:  3245 22:33:54    -1541.830487        0.001507
FIRE:  3246 22:33:54    -1541.830488        0.001506
FIRE:  3247 22:33:54    -1541.830494        0.001507
FIRE:  3248 22:33:54    -1541.830495        0.001513
FIRE:  3249 22:33:54    -1541.830498        0.001512
FIRE:  3250 22:33:54    -1541.830503        0.001495
FIRE:  3251 22:33:54    -1541.830515        0.001480
FIRE:  3252 22:33:54    -1541.830532        0.001486
FIRE:  3253 22:33:54    -1541.830539        0.001491
FIRE:  3254 22:33:55    -1541.830547        0.001449
FIRE:  3255 22:33:55    -1541.830571        0.001463
FIRE:  3256 22:33:55    -1541.830590        0.001416
FIRE:  3257 22:33:55    -1541.830612        0.001631
FIRE:  3258 22:33:55    -1541.830637        0.003822
FIRE:  3259 22:33:55    -1541.830651        0.011804
FIRE:  3260 22:33:55    -1541.830668        0.001477
FIRE:  3261 22:33:55    -1541.830665        0.001365
FIRE:  3262 22:33:55    -1541.830676        0.001343
FIRE:  3263 22:33:55    -1541.830674        0.001357
FIRE:  3264 22:33:55    -1541.830670        0.001379
FIRE:  3265 22:33:55    -1541.830668        0.001405
FIRE:  3266 22:33:56    -1541.830674        0.001363
FIRE:  3267 22:33:56    -1541.830672        0.001343
FIRE:  3268 22:33:56    -1541.830680        0.001336
FIRE:  3269 22:33:56    -1541.830676        0.001334
FIRE:  3270 22:33:56    -1541.830679        0.001330
FIRE:  3271 22:33:56    -1541.830688        0.001342
FIRE:  3272 22:33:56    -1541.830693        0.001353
FIRE:  3273 22:33:56    -1541.830695        0.001325
FIRE:  3274 22:33:56    -1541.830708        0.001311
FIRE:  3275 22:33:56    -1541.830712        0.001313
FIRE:  3276 22:33:56    -1541.830725        0.001336
FIRE:  3277 22:33:56    -1541.830735        0.001302
FIRE:  3278 22:33:56    -1541.830749        0.001362
FIRE:  3279 22:33:57    -1541.830767        0.001651
FIRE:  3280 22:33:57    -1541.830785        0.003167
FIRE:  3281 22:33:57    -1541.830790        0.008656
FIRE:  3282 22:33:57    -1541.830807        0.001219
FIRE:  3283 22:33:57    -1541.830795        0.007830
FIRE:  3284 22:33:57    -1541.830806        0.005879
FIRE:  3285 22:33:57    -1541.830806        0.002468
FIRE:  3286 22:33:57    -1541.830811        0.001914
FIRE:  3287 22:33:57    -1541.830811        0.001825
FIRE:  3288 22:33:57    -1541.830808        0.001675
FIRE:  3289 22:33:57    -1541.830810        0.001496
FIRE:  3290 22:33:57    -1541.830810        0.001286
FIRE:  3291 22:33:57    -1541.830808        0.001206
FIRE:  3292 22:33:58    -1541.830817        0.001212
FIRE:  3293 22:33:58    -1541.830811        0.001240
FIRE:  3294 22:33:58    -1541.830813        0.001327
FIRE:  3295 22:33:58    -1541.830819        0.001388
FIRE:  3296 22:33:58    -1541.830812        0.001389
FIRE:  3297 22:33:58    -1541.830818        0.001334
FIRE:  3298 22:33:58    -1541.830815        0.001232
FIRE:  3299 22:33:58    -1541.830817        0.001208
FIRE:  3300 22:33:58    -1541.830824        0.001231
FIRE:  3301 22:33:58    -1541.830823        0.001268
FIRE:  3302 22:33:58    -1541.830817        0.001210
FIRE:  3303 22:33:58    -1541.830825        0.001204
FIRE:  3304 22:33:59    -1541.830829        0.001274
FIRE:  3305 22:33:59    -1541.830833        0.001233
FIRE:  3306 22:33:59    -1541.830831        0.001187
FIRE:  3307 22:33:59    -1541.830838        0.001203
FIRE:  3308 22:33:59    -1541.830852        0.001186
FIRE:  3309 22:33:59    -1541.830851        0.001212
FIRE:  3310 22:33:59    -1541.830859        0.001214
FIRE:  3311 22:33:59    -1541.830867        0.001199
FIRE:  3312 22:33:59    -1541.830880        0.001145
FIRE:  3313 22:33:59    -1541.830901        0.001215
FIRE:  3314 22:33:59    -1541.830925        0.002748
FIRE:  3315 22:33:59    -1541.830935        0.007606
FIRE:  3316 22:33:59    -1541.830950        0.001133
FIRE:  3317 22:34:00    -1541.830935        0.001109
FIRE:  3318 22:34:00    -1541.830937        0.001077
FIRE:  3319 22:34:00    -1541.830940        0.001072
FIRE:  3320 22:34:00    -1541.830939        0.001072
FIRE:  3321 22:34:00    -1541.830941        0.001079
FIRE:  3322 22:34:00    -1541.830944        0.001074
FIRE:  3323 22:34:00    -1541.830939        0.001071
FIRE:  3324 22:34:00    -1541.830944        0.001075
FIRE:  3325 22:34:00    -1541.830946        0.001094
FIRE:  3326 22:34:00    -1541.830949        0.001086
FIRE:  3327 22:34:00    -1541.830954        0.001066
FIRE:  3328 22:34:00    -1541.830954        0.001063
FIRE:  3329 22:34:01    -1541.830956        0.001061
FIRE:  3330 22:34:01    -1541.830953        0.001064
FIRE:  3331 22:34:01    -1541.830963        0.001061
FIRE:  3332 22:34:01    -1541.830970        0.001041
FIRE:  3333 22:34:01    -1541.830979        0.001045
FIRE:  3334 22:34:01    -1541.830984        0.001044
FIRE:  3335 22:34:01    -1541.830998        0.001043
FIRE:  3336 22:34:01    -1541.831014        0.001274
FIRE:  3337 22:34:01    -1541.831026        0.003563
FIRE:  3338 22:34:01    -1541.831029        0.009629
FIRE:  3339 22:34:01    -1541.831048        0.001221
FIRE:  3340 22:34:01    -1541.831050        0.001000
FIRE:  3341 22:34:01    -1541.831048        0.000960
