T_K,F_QH_eV_per_atom,E_static_eV_per_atom,volume_scale,min_frequency_THz,checkpoint_sha256,head
851,-4.040696006335988,-4.0240272184213,1.04,-6.95384560171,86dd3a804d78ca5d203ebf98747e8f16dff9713ba8950097ceb760b161e19907,Domains_SSE_PBE
852,-4.040970909478296,-4.0240272184213,1.04,-6.95384560171,86dd3a804d78ca5d203ebf98747e8f16dff9713ba8950097ceb760b161e19907,Domains_SSE_PBE
853,-4.041246040152918,-4.0240272184213,1.04,-6.95384560171,86dd3a804d78ca5d203ebf98747e8f16dff9713ba8950097ceb760b161e19907,Domains_SSE_PBE
854,-4.041521398157571,-4.0240272184213,1.04,-6.95384560171,86dd3a804d78ca5d203ebf98747e8f16dff9713ba8950097ceb760b161e19907,Domains_SSE_PBE
855,-4.041796983290279,-4.0240272184213,1.04,-6.95384560171,86dd3a804d78ca5d203ebf98747e8f16dff9713ba8950097ceb760b161e19907,Domains_SSE_PBE
856,-4.042072795349365,-4.0240272184213,1.04,-6.95384560171,86dd3a804d78ca5d203ebf98747e8f16dff9713ba8950097ceb760b161e19907,Domains_SSE_PBE
857,-4.042348834133453,-4.0240272184213,1.04,-6.95384560171,86dd3a804d78ca5d203ebf98747e8f16dff9713ba8950097ceb760b161e19907,Domains_SSE_PBE
858,-4.04262509944147,-4.0240272184213,1.04,-6.95384560171,86dd3a804d78ca5d203ebf98747e8f16dff9713ba8950097ceb760b161e19907,Domains_SSE_PBE
859,-4.042901591072641,-4.0240272184213,1.04,-6.95384560171,86dd3a804d78ca5d203ebf98747e8f16dff9713ba8950097ceb760b161e19907,Domains_SSE_PBE
860,-4.043178308826493,-4.0240272184213,1.04,-6.95384560171,86dd3a804d78ca5d203ebf98747e8f16dff9713ba8950097ceb760b161e19907,Domains_SSE_PBE
861,-4.043455252502849,-4.0240272184213,1.04,-6.95384560171,86dd3a804d78ca5d203ebf98747e8f16dff9713ba8950097ceb760b161e19907,Domains_SSE_PBE
862,-4.043732421901834,-4.0240272184213,1.04,-6.95384560171,86dd3a804d78ca5d203ebf98747e8f16dff9713ba8950097ceb760b161e19907,Domains_SSE_PBE
863,-4.044009816823871,-4.0240272184213,1.04,-6.95384560171,86dd3a804d78ca5d203ebf98747e8f16dff9713ba8950097ceb760b161e19907,Domains_SSE_PBE
864,-4.044287437069678,-4.0240272184213,1.04,-6.95384560171,86dd3a804d78ca5d203ebf98747e8f16dff9713ba8950097ceb760b161e19907,Domains_SSE_PBE
865,-4.044565282440274,-4.0240272184213,1.04,-6.95384560171,86dd3a804d78ca5d203ebf98747e8f16dff9713ba8950097ceb760b161e19907,Domains_SSE_PBE
866,-4.044843352736973,-4.0240272184213,1.04,-6.95384560171,86dd3a804d78ca5d203ebf98747e8f16dff9713ba8950097ceb760b161e19907,Domains_SSE_PBE
867,-4.045121647761386,-4.0240272184213,1.04,-6.95384560171,86dd3a804d78ca5d203ebf98747e8f16dff9713ba8950097ceb760b161e19907,Domains_SSE_PBE
868,-4.045400167315417,-4.0240272184213,1.04,-6.95384560171,86dd3a804d78ca5d203ebf98747e8f16dff9713ba8950097ceb760b161e19907,Domains_SSE_PBE
869,-4.045678911201267,-4.0240272184213,1.04,-6.95384560171,86dd3a804d78ca5d203ebf98747e8f16dff9713ba8950097ceb760b161e19907,Domains_SSE_PBE
870,-4.045957879221434,-4.0240272184213,1.04,-6.95384560171,86dd3a804d78ca5d203ebf98747e8f16dff9713ba8950097ceb760b161e19907,Domains_SSE_PBE
871,-4.046237071178708,-4.0240272184213,1.04,-6.95384560171,86dd3a804d78ca5d203ebf98747e8f16dff9713ba8950097ceb760b161e19907,Domains_SSE_PBE
872,-4.046516486876172,-4.0240272184213,1.04,-6.95384560171,86dd3a804d78ca5d203ebf98747e8f16dff9713ba8950097ceb760b161e19907,Domains_SSE_PBE
873,-4.046796126117204,-4.0240272184213,1.04,-6.95384560171,86dd3a804d78ca5d203ebf98747e8f16dff9713ba8950097ceb760b161e19907,Domains_SSE_PBE
874,-4.047075988705473,-4.0240272184213,1.04,-6.95384560171,86dd3a804d78ca5d203ebf98747e8f16dff9713ba8950097ceb760b161e19907,Domains_SSE_PBE
875,-4.047356074444943,-4.0240272184213,1.04,-6.95384560171,86dd3a804d78ca5d203ebf98747e8f16dff9713ba8950097ceb760b161e19907,Domains_SSE_PBE
876,-4.047636383139866,-4.0240272184213,1.04,-6.95384560171,86dd3a804d78ca5d203ebf98747e8f16dff9713ba8950097ceb760b161e19907,Domains_SSE_PBE
877,-4.047916914594789,-4.0240272184213,1.04,-6.95384560171,86dd3a804d78ca5d203ebf98747e8f16dff9713ba8950097ceb760b161e19907,Domains_SSE_PBE
878,-4.048197668614547,-4.0240272184213,1.04,-6.95384560171,86dd3a804d78ca5d203ebf98747e8f16dff9713ba8950097ceb760b161e19907,Domains_SSE_PBE
879,-4.048478645004265,-4.0240272184213,1.04,-6.95384560171,86dd3a804d78ca5d203ebf98747e8f16dff9713ba8950097ceb760b161e19907,Domains_SSE_PBE
880,-4.048759843569361,-4.0240272184213,1.04,-6.95384560171,86dd3a804d78ca5d203ebf98747e8f16dff9713ba8950097ceb760b161e19907,Domains_SSE_PBE
881,-4.049041264115538,-4.0240272184213,1.04,-6.95384560171,86dd3a804d78ca5d203ebf98747e8f16dff9713ba8950097ceb760b161e19907,Domains_SSE_PBE
882,-4.049322906448791,-4.0240272184213,1.04,-6.95384560171,86dd3a804d78ca5d203ebf98747e8f16dff9713ba8950097ceb760b161e19907,Domains_SSE_PBE
883,-4.049604770375402,-4.0240272184213,1.04,-6.95384560171,86dd3a804d78ca5d203ebf98747e8f16dff9713ba8950097ceb760b161e19907,Domains_SSE_PBE
884,-4.049886855701941,-4.0240272184213,1.04,-6.95384560171,86dd3a804d78ca5d203ebf98747e8f16dff9713ba8950097ceb760b161e19907,Domains_SSE_PBE
885,-4.050169162235264,-4.0240272184213,1.04,-6.95384560171,86dd3a804d78ca5d203ebf98747e8f16dff9713ba8950097ceb760b161e19907,Domains_SSE_PBE
886,-4.050451689782515,-4.0240272184213,1.04,-6.95384560171,86dd3a804d78ca5d203ebf98747e8f16dff9713ba8950097ceb760b161e19907,Domains_SSE_PBE
887,-4.050734438151125,-4.0240272184213,1.04,-6.95384560171,86dd3a804d78ca5d203ebf98747e8f16dff9713ba8950097ceb760b161e19907,Domains_SSE_PBE
888,-4.051017407148809,-4.0240272184213,1.04,-6.95384560171,86dd3a804d78ca5d203ebf98747e8f16dff9713ba8950097ceb760b161e19907,Domains_SSE_PBE
889,-4.051300596583568,-4.0240272184213,1.04,-6.95384560171,86dd3a804d78ca5d203ebf98747e8f16dff9713ba8950097ceb760b161e19907,Domains_SSE_PBE
890,-4.051584006263688,-4.0240272184213,1.04,-6.95384560171,86dd3a804d78ca5d203ebf98747e8f16dff9713ba8950097ceb760b161e19907,Domains_SSE_PBE
891,-4.051867635997739,-4.0240272184213,1.04,-6.95384560171,86dd3a804d78ca5d203ebf98747e8f16dff9713ba8950097ceb760b161e19907,Domains_SSE_PBE
892,-4.052151485594575,-4.0240272184213,1.04,-6.95384560171,86dd3a804d78ca5d203ebf98747e8f16dff9713ba8950097ceb760b161e19907,Domains_SSE_PBE
893,-4.052435554863333,-4.0240272184213,1.04,-6.95384560171,86dd3a804d78ca5d203ebf98747e8f16dff9713ba8950097ceb760b161e19907,Domains_SSE_PBE
894,-4.052719843613432,-4.0240272184213,1.04,-6.95384560171,86dd3a804d78ca5d203ebf98747e8f16dff9713ba8950097ceb760b161e19907,Domains_SSE_PBE
895,-4.053004351654576,-4.0240272184213,1.04,-6.95384560171,86dd3a804d78ca5d203ebf98747e8f16dff9713ba8950097ceb760b161e19907,Domains_SSE_PBE
896,-4.053289078796748,-4.0240272184213,1.04,-6.95384560171,86dd3a804d78ca5d203ebf98747e8f16dff9713ba8950097ceb760b161e19907,Domains_SSE_PBE
897,-4.053574024850215,-4.0240272184213,1.04,-6.95384560171,86dd3a804d78ca5d203ebf98747e8f16dff9713ba8950097ceb760b161e19907,Domains_SSE_PBE
898,-4.05385918962552,-4.0240272184213,1.04,-6.95384560171,86dd3a804d78ca5d203ebf98747e8f16dff9713ba8950097ceb760b161e19907,Domains_SSE_PBE
899,-4.054144572933492,-4.0240272184213,1.04,-6.95384560171,86dd3a804d78ca5d203ebf98747e8f16dff9713ba8950097ceb760b161e19907,Domains_SSE_PBE
900,-4.054430174585237,-4.0240272184213,1.04,-6.95384560171,86dd3a804d78ca5d203ebf98747e8f16dff9713ba8950097ceb760b161e19907,Domains_SSE_PBE
901,-4.05471599439214,-4.0240272184213,1.04,-6.95384560171,86dd3a804d78ca5d203ebf98747e8f16dff9713ba8950097ceb760b161e19907,Domains_SSE_PBE
902,-4.055002032165867,-4.0240272184213,1.04,-6.95384560171,86dd3a804d78ca5d203ebf98747e8f16dff9713ba8950097ceb760b161e19907,Domains_SSE_PBE
903,-4.05528828771836,-4.0240272184213,1.04,-6.95384560171,86dd3a804d78ca5d203ebf98747e8f16dff9713ba8950097ceb760b161e19907,Domains_SSE_PBE
904,-4.055574760861842,-4.0240272184213,1.04,-6.95384560171,86dd3a804d78ca5d203ebf98747e8f16dff9713ba8950097ceb760b161e19907,Domains_SSE_PBE
905,-4.055861451408809,-4.0240272184213,1.04,-6.95384560171,86dd3a804d78ca5d203ebf98747e8f16dff9713ba8950097ceb760b161e19907,Domains_SSE_PBE
906,-4.056148359172037,-4.0240272184213,1.04,-6.95384560171,86dd3a804d78ca5d203ebf98747e8f16dff9713ba8950097ceb760b161e19907,Domains_SSE_PBE
907,-4.05643548396458,-4.0240272184213,1.04,-6.95384560171,86dd3a804d78ca5d203ebf98747e8f16dff9713ba8950097ceb760b161e19907,Domains_SSE_PBE
908,-4.056722825599762,-4.0240272184213,1.04,-6.95384560171,86dd3a804d78ca5d203ebf98747e8f16dff9713ba8950097ceb760b161e19907,Domains_SSE_PBE
909,-4.057010383891191,-4.0240272184213,1.04,-6.95384560171,86dd3a804d78ca5d203ebf98747e8f16dff9713ba8950097ceb760b161e19907,Domains_SSE_PBE
910,-4.057298158652742,-4.0240272184213,1.04,-6.95384560171,86dd3a804d78ca5d203ebf98747e8f16dff9713ba8950097ceb760b161e19907,Domains_SSE_PBE
911,-4.057586149698569,-4.0240272184213,1.04,-6.95384560171,86dd3a804d78ca5d203ebf98747e8f16dff9713ba8950097ceb760b161e19907,Domains_SSE_PBE
912,-4.057874356843099,-4.0240272184213,1.04,-6.95384560171,86dd3a804d78ca5d203ebf98747e8f16dff9713ba8950097ceb760b161e19907,Domains_SSE_PBE
913,-4.058162779901033,-4.0240272184213,1.04,-6.95384560171,86dd3a804d78ca5d203ebf98747e8f16dff9713ba8950097ceb760b161e19907,Domains_SSE_PBE
914,-4.058451418687344,-4.0240272184213,1.04,-6.95384560171,86dd3a804d78ca5d203ebf98747e8f16dff9713ba8950097ceb760b161e19907,Domains_SSE_PBE
915,-4.058740273017279,-4.0240272184213,1.04,-6.95384560171,86dd3a804d78ca5d203ebf98747e8f16dff9713ba8950097ceb760b161e19907,Domains_SSE_PBE
916,-4.059029342706356,-4.0240272184213,1.04,-6.95384560171,86dd3a804d78ca5d203ebf98747e8f16dff9713ba8950097ceb760b161e19907,Domains_SSE_PBE
917,-4.059318627570365,-4.0240272184213,1.04,-6.95384560171,86dd3a804d78ca5d203ebf98747e8f16dff9713ba8950097ceb760b161e19907,Domains_SSE_PBE
918,-4.059608127425369,-4.0240272184213,1.04,-6.95384560171,86dd3a804d78ca5d203ebf98747e8f16dff9713ba8950097ceb760b161e19907,Domains_SSE_PBE
919,-4.059897842087697,-4.0240272184213,1.04,-6.95384560171,86dd3a804d78ca5d203ebf98747e8f16dff9713ba8950097ceb760b161e19907,Domains_SSE_PBE
920,-4.060187771373954,-4.0240272184213,1.04,-6.95384560171,86dd3a804d78ca5d203ebf98747e8f16dff9713ba8950097ceb760b161e19907,Domains_SSE_PBE
921,-4.060477915101011,-4.0240272184213,1.04,-6.95384560171,86dd3a804d78ca5d203ebf98747e8f16dff9713ba8950097ceb760b161e19907,Domains_SSE_PBE
922,-4.060768273086009,-4.0240272184213,1.04,-6.95384560171,86dd3a804d78ca5d203ebf98747e8f16dff9713ba8950097ceb760b161e19907,Domains_SSE_PBE
923,-4.061058845146359,-4.0240272184213,1.04,-6.95384560171,86dd3a804d78ca5d203ebf98747e8f16dff9713ba8950097ceb760b161e19907,Domains_SSE_PBE
924,-4.061349631099739,-4.0240272184213,1.04,-6.95384560171,86dd3a804d78ca5d203ebf98747e8f16dff9713ba8950097ceb760b161e19907,Domains_SSE_PBE
925,-4.061640630764096,-4.0240272184213,1.04,-6.95384560171,86dd3a804d78ca5d203ebf98747e8f16dff9713ba8950097ceb760b161e19907,Domains_SSE_PBE
926,-4.061931843957644,-4.0240272184213,1.04,-6.95384560171,86dd3a804d78ca5d203ebf98747e8f16dff9713ba8950097ceb760b161e19907,Domains_SSE_PBE
927,-4.062223270498862,-4.0240272184213,1.04,-6.95384560171,86dd3a804d78ca5d203ebf98747e8f16dff9713ba8950097ceb760b161e19907,Domains_SSE_PBE
928,-4.062514910206499,-4.0240272184213,1.04,-6.95384560171,86dd3a804d78ca5d203ebf98747e8f16dff9713ba8950097ceb760b161e19907,Domains_SSE_PBE
929,-4.062806762899568,-4.0240272184213,1.04,-6.95384560171,86dd3a804d78ca5d203ebf98747e8f16dff9713ba8950097ceb760b161e19907,Domains_SSE_PBE
930,-4.063098828397346,-4.0240272184213,1.04,-6.95384560171,86dd3a804d78ca5d203ebf98747e8f16dff9713ba8950097ceb760b161e19907,Domains_SSE_PBE
931,-4.06339110651938,-4.0240272184213,1.04,-6.95384560171,86dd3a804d78ca5d203ebf98747e8f16dff9713ba8950097ceb760b161e19907,Domains_SSE_PBE
932,-4.063683597085475,-4.0240272184213,1.04,-6.95384560171,86dd3a804d78ca5d203ebf98747e8f16dff9713ba8950097ceb760b161e19907,Domains_SSE_PBE
933,-4.063976299915707,-4.0240272184213,1.04,-6.95384560171,86dd3a804d78ca5d203ebf98747e8f16dff9713ba8950097ceb760b161e19907,Domains_SSE_PBE
934,-4.064269214830409,-4.0240272184213,1.04,-6.95384560171,86dd3a804d78ca5d203ebf98747e8f16dff9713ba8950097ceb760b161e19907,Domains_SSE_PBE
935,-4.064562341650182,-4.0240272184213,1.04,-6.95384560171,86dd3a804d78ca5d203ebf98747e8f16dff9713ba8950097ceb760b161e19907,Domains_SSE_PBE
936,-4.064855680195889,-4.0240272184213,1.04,-6.95384560171,86dd3a804d78ca5d203ebf98747e8f16dff9713ba8950097ceb760b161e19907,Domains_SSE_PBE
937,-4.065149230288651,-4.0240272184213,1.04,-6.95384560171,86dd3a804d78ca5d203ebf98747e8f16dff9713ba8950097ceb760b161e19907,Domains_SSE_PBE
938,-4.065442991749858,-4.0240272184213,1.04,-6.95384560171,86dd3a804d78ca5d203ebf98747e8f16dff9713ba8950097ceb760b161e19907,Domains_SSE_PBE
939,-4.065736964401156,-4.0240272184213,1.04,-6.95384560171,86dd3a804d78ca5d203ebf98747e8f16dff9713ba8950097ceb760b161e19907,Domains_SSE_PBE
940,-4.066031148064452,-4.0240272184213,1.04,-6.95384560171,86dd3a804d78ca5d203ebf98747e8f16dff9713ba8950097ceb760b161e19907,Domains_SSE_PBE
941,-4.066325542561917,-4.0240272184213,1.04,-6.95384560171,86dd3a804d78ca5d203ebf98747e8f16dff9713ba8950097ceb760b161e19907,Domains_SSE_PBE
942,-4.066620147715978,-4.0240272184213,1.04,-6.95384560171,86dd3a804d78ca5d203ebf98747e8f16dff9713ba8950097ceb760b161e19907,Domains_SSE_PBE
943,-4.066914963349325,-4.0240272184213,1.04,-6.95384560171,86dd3a804d78ca5d203ebf98747e8f16dff9713ba8950097ceb760b161e19907,Domains_SSE_PBE
944,-4.067209989284905,-4.0240272184213,1.04,-6.95384560171,86dd3a804d78ca5d203ebf98747e8f16dff9713ba8950097ceb760b161e19907,Domains_SSE_PBE
945,-4.067505225345922,-4.0240272184213,1.04,-6.95384560171,86dd3a804d78ca5d203ebf98747e8f16dff9713ba8950097ceb760b161e19907,Domains_SSE_PBE
946,-4.067800671355842,-4.0240272184213,1.04,-6.95384560171,86dd3a804d78ca5d203ebf98747e8f16dff9713ba8950097ceb760b161e19907,Domains_SSE_PBE
947,-4.068096327138386,-4.0240272184213,1.04,-6.95384560171,86dd3a804d78ca5d203ebf98747e8f16dff9713ba8950097ceb760b161e19907,Domains_SSE_PBE
948,-4.068392192517533,-4.0240272184213,1.04,-6.95384560171,86dd3a804d78ca5d203ebf98747e8f16dff9713ba8950097ceb760b161e19907,Domains_SSE_PBE
949,-4.068688267317518,-4.0240272184213,1.04,-6.95384560171,86dd3a804d78ca5d203ebf98747e8f16dff9713ba8950097ceb760b161e19907,Domains_SSE_PBE
950,-4.068984551362833,-4.0240272184213,1.04,-6.95384560171,86dd3a804d78ca5d203ebf98747e8f16dff9713ba8950097ceb760b161e19907,Domains_SSE_PBE
951,-4.069281044478227,-4.0240272184213,1.04,-6.95384560171,86dd3a804d78ca5d203ebf98747e8f16dff9713ba8950097ceb760b161e19907,Domains_SSE_PBE
952,-4.069577746488701,-4.0240272184213,1.04,-6.95384560171,86dd3a804d78ca5d203ebf98747e8f16dff9713ba8950097ceb760b161e19907,Domains_SSE_PBE
953,-4.069874657219515,-4.0240272184213,1.04,-6.95384560171,86dd3a804d78ca5d203ebf98747e8f16dff9713ba8950097ceb760b161e19907,Domains_SSE_PBE
954,-4.07017177649618,-4.0240272184213,1.04,-6.95384560171,86dd3a804d78ca5d203ebf98747e8f16dff9713ba8950097ceb760b161e19907,Domains_SSE_PBE
955,-4.070469104144465,-4.0240272184213,1.04,-6.95384560171,86dd3a804d78ca5d203ebf98747e8f16dff9713ba8950097ceb760b161e19907,Domains_SSE_PBE
956,-4.070766639990387,-4.0240272184213,1.04,-6.95384560171,86dd3a804d78ca5d203ebf98747e8f16dff9713ba8950097ceb760b161e19907,Domains_SSE_PBE
957,-4.071064383860221,-4.0240272184213,1.04,-6.95384560171,86dd3a804d78ca5d203ebf98747e8f16dff9713ba8950097ceb760b161e19907,Domains_SSE_PBE
958,-4.071362335580492,-4.0240272184213,1.04,-6.95384560171,86dd3a804d78ca5d203ebf98747e8f16dff9713ba8950097ceb760b161e19907,Domains_SSE_PBE
959,-4.07166049497798,-4.0240272184213,1.04,-6.95384560171,86dd3a804d78ca5d203ebf98747e8f16dff9713ba8950097ceb760b161e19907,Domains_SSE_PBE
960,-4.071958861879713,-4.0240272184213,1.04,-6.95384560171,86dd3a804d78ca5d203ebf98747e8f16dff9713ba8950097ceb760b161e19907,Domains_SSE_PBE
961,-4.072257436112973,-4.0240272184213,1.04,-6.95384560171,86dd3a804d78ca5d203ebf98747e8f16dff9713ba8950097ceb760b161e19907,Domains_SSE_PBE
962,-4.072556217505292,-4.0240272184213,1.04,-6.95384560171,86dd3a804d78ca5d203ebf98747e8f16dff9713ba8950097ceb760b161e19907,Domains_SSE_PBE
963,-4.072855205884452,-4.0240272184213,1.04,-6.95384560171,86dd3a804d78ca5d203ebf98747e8f16dff9713ba8950097ceb760b161e19907,Domains_SSE_PBE
964,-4.073154401078487,-4.0240272184213,1.04,-6.95384560171,86dd3a804d78ca5d203ebf98747e8f16dff9713ba8950097ceb760b161e19907,Domains_SSE_PBE
965,-4.073453802915679,-4.0240272184213,1.04,-6.95384560171,86dd3a804d78ca5d203ebf98747e8f16dff9713ba8950097ceb760b161e19907,Domains_SSE_PBE
966,-4.073753411224557,-4.0240272184213,1.04,-6.95384560171,86dd3a804d78ca5d203ebf98747e8f16dff9713ba8950097ceb760b161e19907,Domains_SSE_PBE
967,-4.074053225833904,-4.0240272184213,1.04,-6.95384560171,86dd3a804d78ca5d203ebf98747e8f16dff9713ba8950097ceb760b161e19907,Domains_SSE_PBE
968,-4.074353246572746,-4.0240272184213,1.04,-6.95384560171,86dd3a804d78ca5d203ebf98747e8f16dff9713ba8950097ceb760b161e19907,Domains_SSE_PBE
969,-4.074653473270358,-4.0240272184213,1.04,-6.95384560171,86dd3a804d78ca5d203ebf98747e8f16dff9713ba8950097ceb760b161e19907,Domains_SSE_PBE
970,-4.074953905756265,-4.0240272184213,1.04,-6.95384560171,86dd3a804d78ca5d203ebf98747e8f16dff9713ba8950097ceb760b161e19907,Domains_SSE_PBE
971,-4.075254543860237,-4.0240272184213,1.04,-6.95384560171,86dd3a804d78ca5d203ebf98747e8f16dff9713ba8950097ceb760b161e19907,Domains_SSE_PBE
972,-4.075555387412289,-4.0240272184213,1.04,-6.95384560171,86dd3a804d78ca5d203ebf98747e8f16dff9713ba8950097ceb760b161e19907,Domains_SSE_PBE
973,-4.075856436242685,-4.0240272184213,1.04,-6.95384560171,86dd3a804d78ca5d203ebf98747e8f16dff9713ba8950097ceb760b161e19907,Domains_SSE_PBE
974,-4.076157690181933,-4.0240272184213,1.04,-6.95384560171,86dd3a804d78ca5d203ebf98747e8f16dff9713ba8950097ceb760b161e19907,Domains_SSE_PBE
975,-4.076459149060786,-4.0240272184213,1.04,-6.95384560171,86dd3a804d78ca5d203ebf98747e8f16dff9713ba8950097ceb760b161e19907,Domains_SSE_PBE
976,-4.076760812710241,-4.0240272184213,1.04,-6.95384560171,86dd3a804d78ca5d203ebf98747e8f16dff9713ba8950097ceb760b161e19907,Domains_SSE_PBE
977,-4.07706268096154,-4.0240272184213,1.04,-6.95384560171,86dd3a804d78ca5d203ebf98747e8f16dff9713ba8950097ceb760b161e19907,Domains_SSE_PBE
978,-4.077364753646171,-4.0240272184213,1.04,-6.95384560171,86dd3a804d78ca5d203ebf98747e8f16dff9713ba8950097ceb760b161e19907,Domains_SSE_PBE
979,-4.077667030595861,-4.0240272184213,1.04,-6.95384560171,86dd3a804d78ca5d203ebf98747e8f16dff9713ba8950097ceb760b161e19907,Domains_SSE_PBE
980,-4.077969511642584,-4.0240272184213,1.04,-6.95384560171,86dd3a804d78ca5d203ebf98747e8f16dff9713ba8950097ceb760b161e19907,Domains_SSE_PBE
981,-4.078272196618554,-4.0240272184213,1.04,-6.95384560171,86dd3a804d78ca5d203ebf98747e8f16dff9713ba8950097ceb760b161e19907,Domains_SSE_PBE
982,-4.078575085356227,-4.0240272184213,1.04,-6.95384560171,86dd3a804d78ca5d203ebf98747e8f16dff9713ba8950097ceb760b161e19907,Domains_SSE_PBE
983,-4.078878177688304,-4.0240272184213,1.04,-6.95384560171,86dd3a804d78ca5d203ebf98747e8f16dff9713ba8950097ceb760b161e19907,Domains_SSE_PBE
984,-4.079181473447721,-4.0240272184213,1.04,-6.95384560171,86dd3a804d78ca5d203ebf98747e8f16dff9713ba8950097ceb760b161e19907,Domains_SSE_PBE
985,-4.079484972467663,-4.0240272184213,1.04,-6.95384560171,86dd3a804d78ca5d203ebf98747e8f16dff9713ba8950097ceb760b161e19907,Domains_SSE_PBE
986,-4.079788674581547,-4.0240272184213,1.04,-6.95384560171,86dd3a804d78ca5d203ebf98747e8f16dff9713ba8950097ceb760b161e19907,Domains_SSE_PBE
987,-4.080092579623035,-4.0240272184213,1.04,-6.95384560171,86dd3a804d78ca5d203ebf98747e8f16dff9713ba8950097ceb760b161e19907,Domains_SSE_PBE
988,-4.080396687426029,-4.0240272184213,1.04,-6.95384560171,86dd3a804d78ca5d203ebf98747e8f16dff9713ba8950097ceb760b161e19907,Domains_SSE_PBE
989,-4.080700997824667,-4.0240272184213,1.04,-6.95384560171,86dd3a804d78ca5d203ebf98747e8f16dff9713ba8950097ceb760b161e19907,Domains_SSE_PBE
990,-4.081005510653326,-4.0240272184213,1.04,-6.95384560171,86dd3a804d78ca5d203ebf98747e8f16dff9713ba8950097ceb760b161e19907,Domains_SSE_PBE
991,-4.081310225746623,-4.0240272184213,1.04,-6.95384560171,86dd3a804d78ca5d203ebf98747e8f16dff9713ba8950097ceb760b161e19907,Domains_SSE_PBE
992,-4.081615142939413,-4.0240272184213,1.04,-6.95384560171,86dd3a804d78ca5d203ebf98747e8f16dff9713ba8950097ceb760b161e19907,Domains_SSE_PBE
993,-4.081920262066786,-4.0240272184213,1.04,-6.95384560171,86dd3a804d78ca5d203ebf98747e8f16dff9713ba8950097ceb760b161e19907,Domains_SSE_PBE
994,-4.08222558296407,-4.0240272184213,1.04,-6.95384560171,86dd3a804d78ca5d203ebf98747e8f16dff9713ba8950097ceb760b161e19907,Domains_SSE_PBE
995,-4.082531105466831,-4.0240272184213,1.04,-6.95384560171,86dd3a804d78ca5d203ebf98747e8f16dff9713ba8950097ceb760b161e19907,Domains_SSE_PBE
996,-4.082836829410869,-4.0240272184213,1.04,-6.95384560171,86dd3a804d78ca5d203ebf98747e8f16dff9713ba8950097ceb760b161e19907,Domains_SSE_PBE
997,-4.083142754632221,-4.0240272184213,1.04,-6.95384560171,86dd3a804d78ca5d203ebf98747e8f16dff9713ba8950097ceb760b161e19907,Domains_SSE_PBE
998,-4.083448880967159,-4.0240272184213,1.04,-6.95384560171,86dd3a804d78ca5d203ebf98747e8f16dff9713ba8950097ceb760b161e19907,Domains_SSE_PBE
999,-4.083755208252188,-4.0240272184213,1.04,-6.95384560171,86dd3a804d78ca5d203ebf98747e8f16dff9713ba8950097ceb760b161e19907,Domains_SSE_PBE
1000,-4.084061736324051,-4.0240272184213,1.04,-6.95384560171,86dd3a804d78ca5d203ebf98747e8f16dff9713ba8950097ceb760b161e19907,Domains_SSE_PBE
1001,-4.08436846501972,-4.0240272184213,1.04,-6.95384560171,86dd3a804d78ca5d203ebf98747e8f16dff9713ba8950097ceb760b161e19907,Domains_SSE_PBE
1002,-4.084675394176407,-4.0240272184213,1.04,-6.95384560171,86dd3a804d78ca5d203ebf98747e8f16dff9713ba8950097ceb760b161e19907,Domains_SSE_PBE
1003,-4.084982523631551,-4.0240272184213,1.04,-6.95384560171,86dd3a804d78ca5d203ebf98747e8f16dff9713ba8950097ceb760b161e19907,Domains_SSE_PBE
1004,-4.085289853222828,-4.0240272184213,1.04,-6.95384560171,86dd3a804d78ca5d203ebf98747e8f16dff9713ba8950097ceb760b161e19907,Domains_SSE_PBE
1005,-4.085597382788142,-4.0240272184213,1.04,-6.95384560171,86dd3a804d78ca5d203ebf98747e8f16dff9713ba8950097ceb760b161e19907,Domains_SSE_PBE
1006,-4.085905112165635,-4.0240272184213,1.04,-6.95384560171,86dd3a804d78ca5d203ebf98747e8f16dff9713ba8950097ceb760b161e19907,Domains_SSE_PBE
1007,-4.086213041193675,-4.0240272184213,1.04,-6.95384560171,86dd3a804d78ca5d203ebf98747e8f16dff9713ba8950097ceb760b161e19907,Domains_SSE_PBE
1008,-4.086521169710863,-4.0240272184213,1.04,-6.95384560171,86dd3a804d78ca5d203ebf98747e8f16dff9713ba8950097ceb760b161e19907,Domains_SSE_PBE
1009,-4.086829497556031,-4.0240272184213,1.04,-6.95384560171,86dd3a804d78ca5d203ebf98747e8f16dff9713ba8950097ceb760b161e19907,Domains_SSE_PBE
1010,-4.08713802456824,-4.0240272184213,1.04,-6.95384560171,86dd3a804d78ca5d203ebf98747e8f16dff9713ba8950097ceb760b161e19907,Domains_SSE_PBE
1011,-4.087446750586784,-4.0240272184213,1.04,-6.95384560171,86dd3a804d78ca5d203ebf98747e8f16dff9713ba8950097ceb760b161e19907,Domains_SSE_PBE
1012,-4.087755675451182,-4.0240272184213,1.04,-6.95384560171,86dd3a804d78ca5d203ebf98747e8f16dff9713ba8950097ceb760b161e19907,Domains_SSE_PBE
1013,-4.088064799001184,-4.0240272184213,1.04,-6.95384560171,86dd3a804d78ca5d203ebf98747e8f16dff9713ba8950097ceb760b161e19907,Domains_SSE_PBE
1014,-4.088374121076769,-4.0240272184213,1.04,-6.95384560171,86dd3a804d78ca5d203ebf98747e8f16dff9713ba8950097ceb760b161e19907,Domains_SSE_PBE
1015,-4.088683641518144,-4.0240272184213,1.04,-6.95384560171,86dd3a804d78ca5d203ebf98747e8f16dff9713ba8950097ceb760b161e19907,Domains_SSE_PBE
1016,-4.088993360165744,-4.0240272184213,1.04,-6.95384560171,86dd3a804d78ca5d203ebf98747e8f16dff9713ba8950097ceb760b161e19907,Domains_SSE_PBE
1017,-4.08930327686023,-4.0240272184213,1.04,-6.95384560171,86dd3a804d78ca5d203ebf98747e8f16dff9713ba8950097ceb760b161e19907,Domains_SSE_PBE
1018,-4.089613391442492,-4.0240272184213,1.04,-6.95384560171,86dd3a804d78ca5d203ebf98747e8f16dff9713ba8950097ceb760b161e19907,Domains_SSE_PBE
1019,-4.089923703753644,-4.0240272184213,1.04,-6.95384560171,86dd3a804d78ca5d203ebf98747e8f16dff9713ba8950097ceb760b161e19907,Domains_SSE_PBE
1020,-4.090234213635028,-4.0240272184213,1.04,-6.95384560171,86dd3a804d78ca5d203ebf98747e8f16dff9713ba8950097ceb760b161e19907,Domains_SSE_PBE
1021,-4.090544920928211,-4.0240272184213,1.04,-6.95384560171,86dd3a804d78ca5d203ebf98747e8f16dff9713ba8950097ceb760b161e19907,Domains_SSE_PBE
1022,-4.090855825474985,-4.0240272184213,1.04,-6.95384560171,86dd3a804d78ca5d203ebf98747e8f16dff9713ba8950097ceb760b161e19907,Domains_SSE_PBE
1023,-4.091166927117368,-4.0240272184213,1.04,-6.95384560171,86dd3a804d78ca5d203ebf98747e8f16dff9713ba8950097ceb760b161e19907,Domains_SSE_PBE
1024,-4.091478225697602,-4.0240272184213,1.04,-6.95384560171,86dd3a804d78ca5d203ebf98747e8f16dff9713ba8950097ceb760b161e19907,Domains_SSE_PBE
1025,-4.091789721058153,-4.0240272184213,1.04,-6.95384560171,86dd3a804d78ca5d203ebf98747e8f16dff9713ba8950097ceb760b161e19907,Domains_SSE_PBE
1026,-4.092101413041711,-4.0240272184213,1.04,-6.95384560171,86dd3a804d78ca5d203ebf98747e8f16dff9713ba8950097ceb760b161e19907,Domains_SSE_PBE
1027,-4.092413301491188,-4.0240272184213,1.04,-6.95384560171,86dd3a804d78ca5d203ebf98747e8f16dff9713ba8950097ceb760b161e19907,Domains_SSE_PBE
1028,-4.09272538624972,-4.0240272184213,1.04,-6.95384560171,86dd3a804d78ca5d203ebf98747e8f16dff9713ba8950097ceb760b161e19907,Domains_SSE_PBE
1029,-4.093037667160665,-4.0240272184213,1.04,-6.95384560171,86dd3a804d78ca5d203ebf98747e8f16dff9713ba8950097ceb760b161e19907,Domains_SSE_PBE
1030,-4.093350144067605,-4.0240272184213,1.04,-6.95384560171,86dd3a804d78ca5d203ebf98747e8f16dff9713ba8950097ceb760b161e19907,Domains_SSE_PBE
1031,-4.09366281681434,-4.0240272184213,1.04,-6.95384560171,86dd3a804d78ca5d203ebf98747e8f16dff9713ba8950097ceb760b161e19907,Domains_SSE_PBE
1032,-4.093975685244895,-4.0240272184213,1.04,-6.95384560171,86dd3a804d78ca5d203ebf98747e8f16dff9713ba8950097ceb760b161e19907,Domains_SSE_PBE
1033,-4.094288749203513,-4.0240272184213,1.04,-6.95384560171,86dd3a804d78ca5d203ebf98747e8f16dff9713ba8950097ceb760b161e19907,Domains_SSE_PBE
1034,-4.094602008534659,-4.0240272184213,1.04,-6.95384560171,86dd3a804d78ca5d203ebf98747e8f16dff9713ba8950097ceb760b161e19907,Domains_SSE_PBE
1035,-4.094915463083019,-4.0240272184213,1.04,-6.95384560171,86dd3a804d78ca5d203ebf98747e8f16dff9713ba8950097ceb760b161e19907,Domains_SSE_PBE
1036,-4.095229112693497,-4.0240272184213,1.04,-6.95384560171,86dd3a804d78ca5d203ebf98747e8f16dff9713ba8950097ceb760b161e19907,Domains_SSE_PBE
1037,-4.095542957211216,-4.0240272184213,1.04,-6.95384560171,86dd3a804d78ca5d203ebf98747e8f16dff9713ba8950097ceb760b161e19907,Domains_SSE_PBE
1038,-4.095856996481519,-4.0240272184213,1.04,-6.95384560171,86dd3a804d78ca5d203ebf98747e8f16dff9713ba8950097ceb760b161e19907,Domains_SSE_PBE
1039,-4.096171230349968,-4.0240272184213,1.04,-6.95384560171,86dd3a804d78ca5d203ebf98747e8f16dff9713ba8950097ceb760b161e19907,Domains_SSE_PBE
1040,-4.096485658662343,-4.0240272184213,1.04,-6.95384560171,86dd3a804d78ca5d203ebf98747e8f16dff9713ba8950097ceb760b161e19907,Domains_SSE_PBE
1041,-4.096800281264639,-4.0240272184213,1.04,-6.95384560171,86dd3a804d78ca5d203ebf98747e8f16dff9713ba8950097ceb760b161e19907,Domains_SSE_PBE
1042,-4.097115098003071,-4.0240272184213,1.04,-6.95384560171,86dd3a804d78ca5d203ebf98747e8f16dff9713ba8950097ceb760b161e19907,Domains_SSE_PBE
1043,-4.097430108724072,-4.0240272184213,1.04,-6.95384560171,86dd3a804d78ca5d203ebf98747e8f16dff9713ba8950097ceb760b161e19907,Domains_SSE_PBE
1044,-4.097745313274288,-4.0240272184213,1.04,-6.95384560171,86dd3a804d78ca5d203ebf98747e8f16dff9713ba8950097ceb760b161e19907,Domains_SSE_PBE
1045,-4.098060711500585,-4.0240272184213,1.04,-6.95384560171,86dd3a804d78ca5d203ebf98747e8f16dff9713ba8950097ceb760b161e19907,Domains_SSE_PBE
1046,-4.098376303250041,-4.0240272184213,1.04,-6.95384560171,86dd3a804d78ca5d203ebf98747e8f16dff9713ba8950097ceb760b161e19907,Domains_SSE_PBE
1047,-4.098692088369953,-4.0240272184213,1.04,-6.95384560171,86dd3a804d78ca5d203ebf98747e8f16dff9713ba8950097ceb760b161e19907,Domains_SSE_PBE
1048,-4.099008066707831,-4.0240272184213,1.04,-6.95384560171,86dd3a804d78ca5d203ebf98747e8f16dff9713ba8950097ceb760b161e19907,Domains_SSE_PBE
1049,-4.099324238111398,-4.0240272184213,1.04,-6.95384560171,86dd3a804d78ca5d203ebf98747e8f16dff9713ba8950097ceb760b161e19907,Domains_SSE_PBE
1050,-4.099640602428596,-4.0240272184213,1.04,-6.95384560171,86dd3a804d78ca5d203ebf98747e8f16dff9713ba8950097ceb760b161e19907,Domains_SSE_PBE
1051,-4.099957159507575,-4.0240272184213,1.04,-6.95384560171,86dd3a804d78ca5d203ebf98747e8f16dff9713ba8950097ceb760b161e19907,Domains_SSE_PBE
1052,-4.100273909196704,-4.0240272184213,1.04,-6.95384560171,86dd3a804d78ca5d203ebf98747e8f16dff9713ba8950097ceb760b161e19907,Domains_SSE_PBE
1053,-4.100590851344561,-4.0240272184213,1.04,-6.95384560171,86dd3a804d78ca5d203ebf98747e8f16dff9713ba8950097ceb760b161e19907,Domains_SSE_PBE
1054,-4.10090798579994,-4.0240272184213,1.04,-6.95384560171,86dd3a804d78ca5d203ebf98747e8f16dff9713ba8950097ceb760b161e19907,Domains_SSE_PBE
1055,-4.101225312411843,-4.0240272184213,1.04,-6.95384560171,86dd3a804d78ca5d203ebf98747e8f16dff9713ba8950097ceb760b161e19907,Domains_SSE_PBE
1056,-4.101542831029487,-4.0240272184213,1.04,-6.95384560171,86dd3a804d78ca5d203ebf98747e8f16dff9713ba8950097ceb760b161e19907,Domains_SSE_PBE
1057,-4.101860541502302,-4.0240272184213,1.04,-6.95384560171,86dd3a804d78ca5d203ebf98747e8f16dff9713ba8950097ceb760b161e19907,Domains_SSE_PBE
1058,-4.102178443679925,-4.0240272184213,1.04,-6.95384560171,86dd3a804d78ca5d203ebf98747e8f16dff9713ba8950097ceb760b161e19907,Domains_SSE_PBE
1059,-4.102496537412206,-4.0240272184213,1.04,-6.95384560171,86dd3a804d78ca5d203ebf98747e8f16dff9713ba8950097ceb760b161e19907,Domains_SSE_PBE
1060,-4.102814822549207,-4.0240272184213,1.04,-6.95384560171,86dd3a804d78ca5d203ebf98747e8f16dff9713ba8950097ceb760b161e19907,Domains_SSE_PBE
1061,-4.103133298941197,-4.0240272184213,1.04,-6.95384560171,86dd3a804d78ca5d203ebf98747e8f16dff9713ba8950097ceb760b161e19907,Domains_SSE_PBE
1062,-4.103451966438655,-4.0240272184213,1.04,-6.95384560171,86dd3a804d78ca5d203ebf98747e8f16dff9713ba8950097ceb760b161e19907,Domains_SSE_PBE
1063,-4.103770824892273,-4.0240272184213,1.04,-6.95384560171,86dd3a804d78ca5d203ebf98747e8f16dff9713ba8950097ceb760b161e19907,Domains_SSE_PBE
1064,-4.104089874152947,-4.0240272184213,1.04,-6.95384560171,86dd3a804d78ca5d203ebf98747e8f16dff9713ba8950097ceb760b161e19907,Domains_SSE_PBE
1065,-4.104409114071784,-4.0240272184213,1.04,-6.95384560171,86dd3a804d78ca5d203ebf98747e8f16dff9713ba8950097ceb760b161e19907,Domains_SSE_PBE
1066,-4.104728544500099,-4.0240272184213,1.04,-6.95384560171,86dd3a804d78ca5d203ebf98747e8f16dff9713ba8950097ceb760b161e19907,Domains_SSE_PBE
1067,-4.105048165289415,-4.0240272184213,1.04,-6.95384560171,86dd3a804d78ca5d203ebf98747e8f16dff9713ba8950097ceb760b161e19907,Domains_SSE_PBE
1068,-4.105367976291461,-4.0240272184213,1.04,-6.95384560171,86dd3a804d78ca5d203ebf98747e8f16dff9713ba8950097ceb760b161e19907,Domains_SSE_PBE
1069,-4.105687977358175,-4.0240272184213,1.04,-6.95384560171,86dd3a804d78ca5d203ebf98747e8f16dff9713ba8950097ceb760b161e19907,Domains_SSE_PBE
1070,-4.106008168341701,-4.0240272184213,1.04,-6.95384560171,86dd3a804d78ca5d203ebf98747e8f16dff9713ba8950097ceb760b161e19907,Domains_SSE_PBE
1071,-4.106328549094386,-4.0240272184213,1.04,-6.95384560171,86dd3a804d78ca5d203ebf98747e8f16dff9713ba8950097ceb760b161e19907,Domains_SSE_PBE
1072,-4.10664911946879,-4.0240272184213,1.04,-6.95384560171,86dd3a804d78ca5d203ebf98747e8f16dff9713ba8950097ceb760b161e19907,Domains_SSE_PBE
1073,-4.106969879317671,-4.0240272184213,1.04,-6.95384560171,86dd3a804d78ca5d203ebf98747e8f16dff9713ba8950097ceb760b161e19907,Domains_SSE_PBE
1074,-4.107290828493996,-4.0240272184213,1.04,-6.95384560171,86dd3a804d78ca5d203ebf98747e8f16dff9713ba8950097ceb760b161e19907,Domains_SSE_PBE
1075,-4.107611966850937,-4.0240272184213,1.04,-6.95384560171,86dd3a804d78ca5d203ebf98747e8f16dff9713ba8950097ceb760b161e19907,Domains_SSE_PBE
1076,-4.107933294241871,-4.0240272184213,1.04,-6.95384560171,86dd3a804d78ca5d203ebf98747e8f16dff9713ba8950097ceb760b161e19907,Domains_SSE_PBE
1077,-4.108254810520375,-4.0240272184213,1.04,-6.95384560171,86dd3a804d78ca5d203ebf98747e8f16dff9713ba8950097ceb760b161e19907,Domains_SSE_PBE
1078,-4.108576515540234,-4.0240272184213,1.04,-6.95384560171,86dd3a804d78ca5d203ebf98747e8f16dff9713ba8950097ceb760b161e19907,Domains_SSE_PBE
1079,-4.108898409155434,-4.0240272184213,1.04,-6.95384560171,86dd3a804d78ca5d203ebf98747e8f16dff9713ba8950097ceb760b161e19907,Domains_SSE_PBE
1080,-4.109220491220166,-4.0240272184213,1.04,-6.95384560171,86dd3a804d78ca5d203ebf98747e8f16dff9713ba8950097ceb760b161e19907,Domains_SSE_PBE
1081,-4.109542761588821,-4.0240272184213,1.04,-6.95384560171,86dd3a804d78ca5d203ebf98747e8f16dff9713ba8950097ceb760b161e19907,Domains_SSE_PBE
1082,-4.109865220115995,-4.0240272184213,1.04,-6.95384560171,86dd3a804d78ca5d203ebf98747e8f16dff9713ba8950097ceb760b161e19907,Domains_SSE_PBE
1083,-4.110187866656482,-4.0240272184213,1.04,-6.95384560171,86dd3a804d78ca5d203ebf98747e8f16dff9713ba8950097ceb760b161e19907,Domains_SSE_PBE
1084,-4.110510701065282,-4.0240272184213,1.04,-6.95384560171,86dd3a804d78ca5d203ebf98747e8f16dff9713ba8950097ceb760b161e19907,Domains_SSE_PBE
1085,-4.110833723197594,-4.0240272184213,1.04,-6.95384560171,86dd3a804d78ca5d203ebf98747e8f16dff9713ba8950097ceb760b161e19907,Domains_SSE_PBE
1086,-4.111156932908816,-4.0240272184213,1.04,-6.95384560171,86dd3a804d78ca5d203ebf98747e8f16dff9713ba8950097ceb760b161e19907,Domains_SSE_PBE
1087,-4.111480330054549,-4.0240272184213,1.04,-6.95384560171,86dd3a804d78ca5d203ebf98747e8f16dff9713ba8950097ceb760b161e19907,Domains_SSE_PBE
1088,-4.111803914490595,-4.0240272184213,1.04,-6.95384560171,86dd3a804d78ca5d203ebf98747e8f16dff9713ba8950097ceb760b161e19907,Domains_SSE_PBE
1089,-4.112127686072952,-4.0240272184213,1.04,-6.95384560171,86dd3a804d78ca5d203ebf98747e8f16dff9713ba8950097ceb760b161e19907,Domains_SSE_PBE
1090,-4.11245164465782,-4.0240272184213,1.04,-6.95384560171,86dd3a804d78ca5d203ebf98747e8f16dff9713ba8950097ceb760b161e19907,Domains_SSE_PBE
1091,-4.112775790101598,-4.0240272184213,1.04,-6.95384560171,86dd3a804d78ca5d203ebf98747e8f16dff9713ba8950097ceb760b161e19907,Domains_SSE_PBE
1092,-4.113100122260881,-4.0240272184213,1.04,-6.95384560171,86dd3a804d78ca5d203ebf98747e8f16dff9713ba8950097ceb760b161e19907,Domains_SSE_PBE
1093,-4.113424640992465,-4.0240272184213,1.04,-6.95384560171,86dd3a804d78ca5d203ebf98747e8f16dff9713ba8950097ceb760b161e19907,Domains_SSE_PBE
1094,-4.113749346153344,-4.0240272184213,1.04,-6.95384560171,86dd3a804d78ca5d203ebf98747e8f16dff9713ba8950097ceb760b161e19907,Domains_SSE_PBE
1095,-4.114074237600708,-4.0240272184213,1.04,-6.95384560171,86dd3a804d78ca5d203ebf98747e8f16dff9713ba8950097ceb760b161e19907,Domains_SSE_PBE
1096,-4.114399315191943,-4.0240272184213,1.04,-6.95384560171,86dd3a804d78ca5d203ebf98747e8f16dff9713ba8950097ceb760b161e19907,Domains_SSE_PBE
1097,-4.114724578784637,-4.0240272184213,1.04,-6.95384560171,86dd3a804d78ca5d203ebf98747e8f16dff9713ba8950097ceb760b161e19907,Domains_SSE_PBE
1098,-4.115050028236569,-4.0240272184213,1.04,-6.95384560171,86dd3a804d78ca5d203ebf98747e8f16dff9713ba8950097ceb760b161e19907,Domains_SSE_PBE
1099,-4.115375663405717,-4.0240272184213,1.04,-6.95384560171,86dd3a804d78ca5d203ebf98747e8f16dff9713ba8950097ceb760b161e19907,Domains_SSE_PBE
1100,-4.115701484150253,-4.0240272184213,1.04,-6.95384560171,86dd3a804d78ca5d203ebf98747e8f16dff9713ba8950097ceb760b161e19907,Domains_SSE_PBE
1101,-4.116027490328547,-4.0240272184213,1.04,-6.95384560171,86dd3a804d78ca5d203ebf98747e8f16dff9713ba8950097ceb760b161e19907,Domains_SSE_PBE
1102,-4.116353681799161,-4.0240272184213,1.04,-6.95384560171,86dd3a804d78ca5d203ebf98747e8f16dff9713ba8950097ceb760b161e19907,Domains_SSE_PBE
1103,-4.116680058420854,-4.0240272184213,1.04,-6.95384560171,86dd3a804d78ca5d203ebf98747e8f16dff9713ba8950097ceb760b161e19907,Domains_SSE_PBE
1104,-4.11700662005258,-4.0240272184213,1.04,-6.95384560171,86dd3a804d78ca5d203ebf98747e8f16dff9713ba8950097ceb760b161e19907,Domains_SSE_PBE
1105,-4.117333366553482,-4.0240272184213,1.04,-6.95384560171,86dd3a804d78ca5d203ebf98747e8f16dff9713ba8950097ceb760b161e19907,Domains_SSE_PBE
1106,-4.117660297782905,-4.0240272184213,1.04,-6.95384560171,86dd3a804d78ca5d203ebf98747e8f16dff9713ba8950097ceb760b161e19907,Domains_SSE_PBE
1107,-4.117987413600379,-4.0240272184213,1.04,-6.95384560171,86dd3a804d78ca5d203ebf98747e8f16dff9713ba8950097ceb760b161e19907,Domains_SSE_PBE
1108,-4.118314713865631,-4.0240272184213,1.04,-6.95384560171,86dd3a804d78ca5d203ebf98747e8f16dff9713ba8950097ceb760b161e19907,Domains_SSE_PBE
1109,-4.118642198438583,-4.0240272184213,1.04,-6.95384560171,86dd3a804d78ca5d203ebf98747e8f16dff9713ba8950097ceb760b161e19907,Domains_SSE_PBE
1110,-4.118969867179344,-4.0240272184213,1.04,-6.95384560171,86dd3a804d78ca5d203ebf98747e8f16dff9713ba8950097ceb760b161e19907,Domains_SSE_PBE
1111,-4.119297719948219,-4.0240272184213,1.04,-6.95384560171,86dd3a804d78ca5d203ebf98747e8f16dff9713ba8950097ceb760b161e19907,Domains_SSE_PBE
1112,-4.119625756605702,-4.0240272184213,1.04,-6.95384560171,86dd3a804d78ca5d203ebf98747e8f16dff9713ba8950097ceb760b161e19907,Domains_SSE_PBE
1113,-4.11995397701248,-4.0240272184213,1.04,-6.95384560171,86dd3a804d78ca5d203ebf98747e8f16dff9713ba8950097ceb760b161e19907,Domains_SSE_PBE
1114,-4.12028238102943,-4.0240272184213,1.04,-6.95384560171,86dd3a804d78ca5d203ebf98747e8f16dff9713ba8950097ceb760b161e19907,Domains_SSE_PBE
1115,-4.12061096851762,-4.0240272184213,1.04,-6.95384560171,86dd3a804d78ca5d203ebf98747e8f16dff9713ba8950097ceb760b161e19907,Domains_SSE_PBE
1116,-4.120939739338309,-4.0240272184213,1.04,-6.95384560171,86dd3a804d78ca5d203ebf98747e8f16dff9713ba8950097ceb760b161e19907,Domains_SSE_PBE
1117,-4.121268693352943,-4.0240272184213,1.04,-6.95384560171,86dd3a804d78ca5d203ebf98747e8f16dff9713ba8950097ceb760b161e19907,Domains_SSE_PBE
1118,-4.121597830423161,-4.0240272184213,1.04,-6.95384560171,86dd3a804d78ca5d203ebf98747e8f16dff9713ba8950097ceb760b161e19907,Domains_SSE_PBE
1119,-4.12192715041079,-4.0240272184213,1.04,-6.95384560171,86dd3a804d78ca5d203ebf98747e8f16dff9713ba8950097ceb760b161e19907,Domains_SSE_PBE
1120,-4.122256653177844,-4.0240272184213,1.04,-6.95384560171,86dd3a804d78ca5d203ebf98747e8f16dff9713ba8950097ceb760b161e19907,Domains_SSE_PBE
1121,-4.122586338586529,-4.0240272184213,1.04,-6.95384560171,86dd3a804d78ca5d203ebf98747e8f16dff9713ba8950097ceb760b161e19907,Domains_SSE_PBE
1122,-4.122916206499236,-4.0240272184213,1.04,-6.95384560171,86dd3a804d78ca5d203ebf98747e8f16dff9713ba8950097ceb760b161e19907,Domains_SSE_PBE
1123,-4.123246256778545,-4.0240272184213,1.04,-6.95384560171,86dd3a804d78ca5d203ebf98747e8f16dff9713ba8950097ceb760b161e19907,Domains_SSE_PBE
1124,-4.123576489287226,-4.0240272184213,1.04,-6.95384560171,86dd3a804d78ca5d203ebf98747e8f16dff9713ba8950097ceb760b161e19907,Domains_SSE_PBE
1125,-4.123906903888231,-4.0240272184213,1.04,-6.95384560171,86dd3a804d78ca5d203ebf98747e8f16dff9713ba8950097ceb760b161e19907,Domains_SSE_PBE
1126,-4.124237500444702,-4.0240272184213,1.04,-6.95384560171,86dd3a804d78ca5d203ebf98747e8f16dff9713ba8950097ceb760b161e19907,Domains_SSE_PBE
1127,-4.12456827881997,-4.0240272184213,1.04,-6.95384560171,86dd3a804d78ca5d203ebf98747e8f16dff9713ba8950097ceb760b161e19907,Domains_SSE_PBE
1128,-4.124899238877546,-4.0240272184213,1.04,-6.95384560171,86dd3a804d78ca5d203ebf98747e8f16dff9713ba8950097ceb760b161e19907,Domains_SSE_PBE
1129,-4.125230380481133,-4.0240272184213,1.04,-6.95384560171,86dd3a804d78ca5d203ebf98747e8f16dff9713ba8950097ceb760b161e19907,Domains_SSE_PBE
1130,-4.125561703494615,-4.0240272184213,1.04,-6.95384560171,86dd3a804d78ca5d203ebf98747e8f16dff9713ba8950097ceb760b161e19907,Domains_SSE_PBE
1131,-4.125893207782064,-4.0240272184213,1.04,-6.95384560171,86dd3a804d78ca5d203ebf98747e8f16dff9713ba8950097ceb760b161e19907,Domains_SSE_PBE
1132,-4.126224893207734,-4.0240272184213,1.04,-6.95384560171,86dd3a804d78ca5d203ebf98747e8f16dff9713ba8950097ceb760b161e19907,Domains_SSE_PBE
1133,-4.126556759636068,-4.0240272184213,1.04,-6.95384560171,86dd3a804d78ca5d203ebf98747e8f16dff9713ba8950097ceb760b161e19907,Domains_SSE_PBE
1134,-4.126888806931688,-4.0240272184213,1.04,-6.95384560171,86dd3a804d78ca5d203ebf98747e8f16dff9713ba8950097ceb760b161e19907,Domains_SSE_PBE
1135,-4.127221034959404,-4.0240272184213,1.04,-6.95384560171,86dd3a804d78ca5d203ebf98747e8f16dff9713ba8950097ceb760b161e19907,Domains_SSE_PBE
1136,-4.127553443584207,-4.0240272184213,1.04,-6.95384560171,86dd3a804d78ca5d203ebf98747e8f16dff9713ba8950097ceb760b161e19907,Domains_SSE_PBE
1137,-4.127886032671271,-4.0240272184213,1.04,-6.95384560171,86dd3a804d78ca5d203ebf98747e8f16dff9713ba8950097ceb760b161e19907,Domains_SSE_PBE
1138,-4.128218802085955,-4.0240272184213,1.04,-6.95384560171,86dd3a804d78ca5d203ebf98747e8f16dff9713ba8950097ceb760b161e19907,Domains_SSE_PBE
1139,-4.128551751693801,-4.0240272184213,1.04,-6.95384560171,86dd3a804d78ca5d203ebf98747e8f16dff9713ba8950097ceb760b161e19907,Domains_SSE_PBE
1140,-4.12888488136053,-4.0240272184213,1.04,-6.95384560171,86dd3a804d78ca5d203ebf98747e8f16dff9713ba8950097ceb760b161e19907,Domains_SSE_PBE
1141,-4.129218190952046,-4.0240272184213,1.04,-6.95384560171,86dd3a804d78ca5d203ebf98747e8f16dff9713ba8950097ceb760b161e19907,Domains_SSE_PBE
1142,-4.129551680334436,-4.0240272184213,1.04,-6.95384560171,86dd3a804d78ca5d203ebf98747e8f16dff9713ba8950097ceb760b161e19907,Domains_SSE_PBE
1143,-4.129885349373967,-4.0240272184213,1.04,-6.95384560171,86dd3a804d78ca5d203ebf98747e8f16dff9713ba8950097ceb760b161e19907,Domains_SSE_PBE
1144,-4.130219197937087,-4.0240272184213,1.04,-6.95384560171,86dd3a804d78ca5d203ebf98747e8f16dff9713ba8950097ceb760b161e19907,Domains_SSE_PBE
1145,-4.130553225890426,-4.0240272184213,1.04,-6.95384560171,86dd3a804d78ca5d203ebf98747e8f16dff9713ba8950097ceb760b161e19907,Domains_SSE_PBE
1146,-4.130887433100792,-4.0240272184213,1.04,-6.95384560171,86dd3a804d78ca5d203ebf98747e8f16dff9713ba8950097ceb760b161e19907,Domains_SSE_PBE
1147,-4.131221819435175,-4.0240272184213,1.04,-6.95384560171,86dd3a804d78ca5d203ebf98747e8f16dff9713ba8950097ceb760b161e19907,Domains_SSE_PBE
1148,-4.131556384760743,-4.0240272184213,1.04,-6.95384560171,86dd3a804d78ca5d203ebf98747e8f16dff9713ba8950097ceb760b161e19907,Domains_SSE_PBE
1149,-4.131891128944844,-4.0240272184213,1.04,-6.95384560171,86dd3a804d78ca5d203ebf98747e8f16dff9713ba8950097ceb760b161e19907,Domains_SSE_PBE
1150,-4.132226051855004,-4.0240272184213,1.04,-6.95384560171,86dd3a804d78ca5d203ebf98747e8f16dff9713ba8950097ceb760b161e19907,Domains_SSE_PBE
1151,-4.132561153358931,-4.0240272184213,1.04,-6.95384560171,86dd3a804d78ca5d203ebf98747e8f16dff9713ba8950097ceb760b161e19907,Domains_SSE_PBE
1152,-4.132896433324507,-4.0240272184213,1.04,-6.95384560171,86dd3a804d78ca5d203ebf98747e8f16dff9713ba8950097ceb760b161e19907,Domains_SSE_PBE
1153,-4.133231891619794,-4.0240272184213,1.04,-6.95384560171,86dd3a804d78ca5d203ebf98747e8f16dff9713ba8950097ceb760b161e19907,Domains_SSE_PBE
1154,-4.133567528113034,-4.0240272184213,1.04,-6.95384560171,86dd3a804d78ca5d203ebf98747e8f16dff9713ba8950097ceb760b161e19907,Domains_SSE_PBE
1155,-4.13390334267264,-4.0240272184213,1.04,-6.95384560171,86dd3a804d78ca5d203ebf98747e8f16dff9713ba8950097ceb760b161e19907,Domains_SSE_PBE
1156,-4.13423933516721,-4.0240272184213,1.04,-6.95384560171,86dd3a804d78ca5d203ebf98747e8f16dff9713ba8950097ceb760b161e19907,Domains_SSE_PBE
1157,-4.134575505465513,-4.0240272184213,1.04,-6.95384560171,86dd3a804d78ca5d203ebf98747e8f16dff9713ba8950097ceb760b161e19907,Domains_SSE_PBE
1158,-4.134911853436497,-4.0240272184213,1.04,-6.95384560171,86dd3a804d78ca5d203ebf98747e8f16dff9713ba8950097ceb760b161e19907,Domains_SSE_PBE
1159,-4.135248378949285,-4.0240272184213,1.04,-6.95384560171,86dd3a804d78ca5d203ebf98747e8f16dff9713ba8950097ceb760b161e19907,Domains_SSE_PBE
1160,-4.135585081873177,-4.0240272184213,1.04,-6.95384560171,86dd3a804d78ca5d203ebf98747e8f16dff9713ba8950097ceb760b161e19907,Domains_SSE_PBE
1161,-4.135921962077647,-4.0240272184213,1.04,-6.95384560171,86dd3a804d78ca5d203ebf98747e8f16dff9713ba8950097ceb760b161e19907,Domains_SSE_PBE
1162,-4.136259019432345,-4.0240272184213,1.04,-6.95384560171,86dd3a804d78ca5d203ebf98747e8f16dff9713ba8950097ceb760b161e19907,Domains_SSE_PBE
1163,-4.136596253807096,-4.0240272184213,1.04,-6.95384560171,86dd3a804d78ca5d203ebf98747e8f16dff9713ba8950097ceb760b161e19907,Domains_SSE_PBE
1164,-4.136933665071901,-4.0240272184213,1.04,-6.95384560171,86dd3a804d78ca5d203ebf98747e8f16dff9713ba8950097ceb760b161e19907,Domains_SSE_PBE
1165,-4.137271253096931,-4.0240272184213,1.04,-6.95384560171,86dd3a804d78ca5d203ebf98747e8f16dff9713ba8950097ceb760b161e19907,Domains_SSE_PBE
1166,-4.137609017752535,-4.0240272184213,1.04,-6.95384560171,86dd3a804d78ca5d203ebf98747e8f16dff9713ba8950097ceb760b161e19907,Domains_SSE_PBE
1167,-4.137946958909233,-4.0240272184213,1.04,-6.95384560171,86dd3a804d78ca5d203ebf98747e8f16dff9713ba8950097ceb760b161e19907,Domains_SSE_PBE
1168,-4.138285076437722,-4.0240272184213,1.04,-6.95384560171,86dd3a804d78ca5d203ebf98747e8f16dff9713ba8950097ceb760b161e19907,Domains_SSE_PBE
1169,-4.138623370208867,-4.0240272184213,1.04,-6.95384560171,86dd3a804d78ca5d203ebf98747e8f16dff9713ba8950097ceb760b161e19907,Domains_SSE_PBE
1170,-4.13896184009371,-4.0240272184213,1.04,-6.95384560171,86dd3a804d78ca5d203ebf98747e8f16dff9713ba8950097ceb760b161e19907,Domains_SSE_PBE
1171,-4.139300485963463,-4.0240272184213,1.04,-6.95384560171,86dd3a804d78ca5d203ebf98747e8f16dff9713ba8950097ceb760b161e19907,Domains_SSE_PBE
1172,-4.13963930768951,-4.0240272184213,1.04,-6.95384560171,86dd3a804d78ca5d203ebf98747e8f16dff9713ba8950097ceb760b161e19907,Domains_SSE_PBE
1173,-4.139978305143409,-4.0240272184213,1.04,-6.95384560171,86dd3a804d78ca5d203ebf98747e8f16dff9713ba8950097ceb760b161e19907,Domains_SSE_PBE
1174,-4.140317478196887,-4.0240272184213,1.04,-6.95384560171,86dd3a804d78ca5d203ebf98747e8f16dff9713ba8950097ceb760b161e19907,Domains_SSE_PBE
1175,-4.140656826721844,-4.0240272184213,1.04,-6.95384560171,86dd3a804d78ca5d203ebf98747e8f16dff9713ba8950097ceb760b161e19907,Domains_SSE_PBE
1176,-4.140996350590348,-4.0240272184213,1.04,-6.95384560171,86dd3a804d78ca5d203ebf98747e8f16dff9713ba8950097ceb760b161e19907,Domains_SSE_PBE
1177,-4.141336049674641,-4.0240272184213,1.04,-6.95384560171,86dd3a804d78ca5d203ebf98747e8f16dff9713ba8950097ceb760b161e19907,Domains_SSE_PBE
1178,-4.141675923847135,-4.0240272184213,1.04,-6.95384560171,86dd3a804d78ca5d203ebf98747e8f16dff9713ba8950097ceb760b161e19907,Domains_SSE_PBE
1179,-4.142015972980409,-4.0240272184213,1.04,-6.95384560171,86dd3a804d78ca5d203ebf98747e8f16dff9713ba8950097ceb760b161e19907,Domains_SSE_PBE
1180,-4.142356196947214,-4.0240272184213,1.04,-6.95384560171,86dd3a804d78ca5d203ebf98747e8f16dff9713ba8950097ceb760b161e19907,Domains_SSE_PBE
1181,-4.14269659562047,-4.0240272184213,1.04,-6.95384560171,86dd3a804d78ca5d203ebf98747e8f16dff9713ba8950097ceb760b161e19907,Domains_SSE_PBE
1182,-4.143037168873265,-4.0240272184213,1.04,-6.95384560171,86dd3a804d78ca5d203ebf98747e8f16dff9713ba8950097ceb760b161e19907,Domains_SSE_PBE
1183,-4.143377916578859,-4.0240272184213,1.04,-6.95384560171,86dd3a804d78ca5d203ebf98747e8f16dff9713ba8950097ceb760b161e19907,Domains_SSE_PBE
1184,-4.143718838610675,-4.0240272184213,1.04,-6.95384560171,86dd3a804d78ca5d203ebf98747e8f16dff9713ba8950097ceb760b161e19907,Domains_SSE_PBE
1185,-4.14405993484231,-4.0240272184213,1.04,-6.95384560171,86dd3a804d78ca5d203ebf98747e8f16dff9713ba8950097ceb760b161e19907,Domains_SSE_PBE
1186,-4.144401205147524,-4.0240272184213,1.04,-6.95384560171,86dd3a804d78ca5d203ebf98747e8f16dff9713ba8950097ceb760b161e19907,Domains_SSE_PBE
1187,-4.144742649400247,-4.0240272184213,1.04,-6.95384560171,86dd3a804d78ca5d203ebf98747e8f16dff9713ba8950097ceb760b161e19907,Domains_SSE_PBE
1188,-4.145084267474577,-4.0240272184213,1.04,-6.95384560171,86dd3a804d78ca5d203ebf98747e8f16dff9713ba8950097ceb760b161e19907,Domains_SSE_PBE
1189,-4.145426059244777,-4.0240272184213,1.04,-6.95384560171,86dd3a804d78ca5d203ebf98747e8f16dff9713ba8950097ceb760b161e19907,Domains_SSE_PBE
1190,-4.145768024585276,-4.0240272184213,1.04,-6.95384560171,86dd3a804d78ca5d203ebf98747e8f16dff9713ba8950097ceb760b161e19907,Domains_SSE_PBE
1191,-4.146110163370675,-4.0240272184213,1.04,-6.95384560171,86dd3a804d78ca5d203ebf98747e8f16dff9713ba8950097ceb760b161e19907,Domains_SSE_PBE
1192,-4.146452475475733,-4.0240272184213,1.04,-6.95384560171,86dd3a804d78ca5d203ebf98747e8f16dff9713ba8950097ceb760b161e19907,Domains_SSE_PBE
1193,-4.14679496077538,-4.0240272184213,1.04,-6.95384560171,86dd3a804d78ca5d203ebf98747e8f16dff9713ba8950097ceb760b161e19907,Domains_SSE_PBE
1194,-4.147137619144711,-4.0240272184213,1.04,-6.95384560171,86dd3a804d78ca5d203ebf98747e8f16dff9713ba8950097ceb760b161e19907,Domains_SSE_PBE
1195,-4.147480450458985,-4.0240272184213,1.04,-6.95384560171,86dd3a804d78ca5d203ebf98747e8f16dff9713ba8950097ceb760b161e19907,Domains_SSE_PBE
1196,-4.147823454593626,-4.0240272184213,1.04,-6.95384560171,86dd3a804d78ca5d203ebf98747e8f16dff9713ba8950097ceb760b161e19907,Domains_SSE_PBE
1197,-4.148166631424223,-4.0240272184213,1.04,-6.95384560171,86dd3a804d78ca5d203ebf98747e8f16dff9713ba8950097ceb760b161e19907,Domains_SSE_PBE
1198,-4.148509980826529,-4.0240272184213,1.04,-6.95384560171,86dd3a804d78ca5d203ebf98747e8f16dff9713ba8950097ceb760b161e19907,Domains_SSE_PBE
1199,-4.148853502676461,-4.0240272184213,1.04,-6.95384560171,86dd3a804d78ca5d203ebf98747e8f16dff9713ba8950097ceb760b161e19907,Domains_SSE_PBE
1200,-4.149197196850102,-4.0240272184213,1.04,-6.95384560171,86dd3a804d78ca5d203ebf98747e8f16dff9713ba8950097ceb760b161e19907,Domains_SSE_PBE
1201,-4.149541063223694,-4.0240272184213,1.04,-6.95384560171,86dd3a804d78ca5d203ebf98747e8f16dff9713ba8950097ceb760b161e19907,Domains_SSE_PBE
1202,-4.149885101673646,-4.0240272184213,1.04,-6.95384560171,86dd3a804d78ca5d203ebf98747e8f16dff9713ba8950097ceb760b161e19907,Domains_SSE_PBE
1203,-4.150229312076529,-4.0240272184213,1.04,-6.95384560171,86dd3a804d78ca5d203ebf98747e8f16dff9713ba8950097ceb760b161e19907,Domains_SSE_PBE
1204,-4.150573694309074,-4.0240272184213,1.04,-6.95384560171,86dd3a804d78ca5d203ebf98747e8f16dff9713ba8950097ceb760b161e19907,Domains_SSE_PBE
1205,-4.150918248248177,-4.0240272184213,1.04,-6.95384560171,86dd3a804d78ca5d203ebf98747e8f16dff9713ba8950097ceb760b161e19907,Domains_SSE_PBE
1206,-4.151262973770896,-4.0240272184213,1.04,-6.95384560171,86dd3a804d78ca5d203ebf98747e8f16dff9713ba8950097ceb760b161e19907,Domains_SSE_PBE
1207,-4.15160787075445,-4.0240272184213,1.04,-6.95384560171,86dd3a804d78ca5d203ebf98747e8f16dff9713ba8950097ceb760b161e19907,Domains_SSE_PBE
1208,-4.151952939076221,-4.0240272184213,1.04,-6.95384560171,86dd3a804d78ca5d203ebf98747e8f16dff9713ba8950097ceb760b161e19907,Domains_SSE_PBE
1209,-4.152298178613747,-4.0240272184213,1.04,-6.95384560171,86dd3a804d78ca5d203ebf98747e8f16dff9713ba8950097ceb760b161e19907,Domains_SSE_PBE
1210,-4.152643589244733,-4.0240272184213,1.04,-6.95384560171,86dd3a804d78ca5d203ebf98747e8f16dff9713ba8950097ceb760b161e19907,Domains_SSE_PBE
1211,-4.152989170847042,-4.0240272184213,1.04,-6.95384560171,86dd3a804d78ca5d203ebf98747e8f16dff9713ba8950097ceb760b161e19907,Domains_SSE_PBE
1212,-4.153334923298696,-4.0240272184213,1.04,-6.95384560171,86dd3a804d78ca5d203ebf98747e8f16dff9713ba8950097ceb760b161e19907,Domains_SSE_PBE
1213,-4.15368084647788,-4.0240272184213,1.04,-6.95384560171,86dd3a804d78ca5d203ebf98747e8f16dff9713ba8950097ceb760b161e19907,Domains_SSE_PBE
1214,-4.154026940262937,-4.0240272184213,1.04,-6.95384560171,86dd3a804d78ca5d203ebf98747e8f16dff9713ba8950097ceb760b161e19907,Domains_SSE_PBE
1215,-4.154373204532368,-4.0240272184213,1.04,-6.95384560171,86dd3a804d78ca5d203ebf98747e8f16dff9713ba8950097ceb760b161e19907,Domains_SSE_PBE
1216,-4.154719639164836,-4.0240272184213,1.04,-6.95384560171,86dd3a804d78ca5d203ebf98747e8f16dff9713ba8950097ceb760b161e19907,Domains_SSE_PBE
1217,-4.155066244039161,-4.0240272184213,1.04,-6.95384560171,86dd3a804d78ca5d203ebf98747e8f16dff9713ba8950097ceb760b161e19907,Domains_SSE_PBE
1218,-4.155413019034323,-4.0240272184213,1.04,-6.95384560171,86dd3a804d78ca5d203ebf98747e8f16dff9713ba8950097ceb760b161e19907,Domains_SSE_PBE
1219,-4.155759964029459,-4.0240272184213,1.04,-6.95384560171,86dd3a804d78ca5d203ebf98747e8f16dff9713ba8950097ceb760b161e19907,Domains_SSE_PBE
1220,-4.156107078903864,-4.0240272184213,1.04,-6.95384560171,86dd3a804d78ca5d203ebf98747e8f16dff9713ba8950097ceb760b161e19907,Domains_SSE_PBE
1221,-4.156454363536993,-4.0240272184213,1.04,-6.95384560171,86dd3a804d78ca5d203ebf98747e8f16dff9713ba8950097ceb760b161e19907,Domains_SSE_PBE
1222,-4.156801817808454,-4.0240272184213,1.04,-6.95384560171,86dd3a804d78ca5d203ebf98747e8f16dff9713ba8950097ceb760b161e19907,Domains_SSE_PBE
1223,-4.157149441598019,-4.0240272184213,1.04,-6.95384560171,86dd3a804d78ca5d203ebf98747e8f16dff9713ba8950097ceb760b161e19907,Domains_SSE_PBE
1224,-4.157497234785609,-4.0240272184213,1.04,-6.95384560171,86dd3a804d78ca5d203ebf98747e8f16dff9713ba8950097ceb760b161e19907,Domains_SSE_PBE
1225,-4.157845197251309,-4.0240272184213,1.04,-6.95384560171,86dd3a804d78ca5d203ebf98747e8f16dff9713ba8950097ceb760b161e19907,Domains_SSE_PBE
1226,-4.158193328875354,-4.0240272184213,1.04,-6.95384560171,86dd3a804d78ca5d203ebf98747e8f16dff9713ba8950097ceb760b161e19907,Domains_SSE_PBE
1227,-4.158541629538141,-4.0240272184213,1.04,-6.95384560171,86dd3a804d78ca5d203ebf98747e8f16dff9713ba8950097ceb760b161e19907,Domains_SSE_PBE
1228,-4.158890099120218,-4.0240272184213,1.04,-6.95384560171,86dd3a804d78ca5d203ebf98747e8f16dff9713ba8950097ceb760b161e19907,Domains_SSE_PBE
1229,-4.159238737502291,-4.0240272184213,1.04,-6.95384560171,86dd3a804d78ca5d203ebf98747e8f16dff9713ba8950097ceb760b161e19907,Domains_SSE_PBE
1230,-4.159587544565222,-4.0240272184213,1.04,-6.95384560171,86dd3a804d78ca5d203ebf98747e8f16dff9713ba8950097ceb760b161e19907,Domains_SSE_PBE
1231,-4.159936520190024,-4.0240272184213,1.04,-6.95384560171,86dd3a804d78ca5d203ebf98747e8f16dff9713ba8950097ceb760b161e19907,Domains_SSE_PBE
1232,-4.160285664257869,-4.0240272184213,1.04,-6.95384560171,86dd3a804d78ca5d203ebf98747e8f16dff9713ba8950097ceb760b161e19907,Domains_SSE_PBE
1233,-4.160634976650083,-4.0240272184213,1.04,-6.95384560171,86dd3a804d78ca5d203ebf98747e8f16dff9713ba8950097ceb760b161e19907,Domains_SSE_PBE
1234,-4.160984457248145,-4.0240272184213,1.04,-6.95384560171,86dd3a804d78ca5d203ebf98747e8f16dff9713ba8950097ceb760b161e19907,Domains_SSE_PBE
1235,-4.161334105933688,-4.0240272184213,1.04,-6.95384560171,86dd3a804d78ca5d203ebf98747e8f16dff9713ba8950097ceb760b161e19907,Domains_SSE_PBE
1236,-4.161683922588497,-4.0240272184213,1.04,-6.95384560171,86dd3a804d78ca5d203ebf98747e8f16dff9713ba8950097ceb760b161e19907,Domains_SSE_PBE
1237,-4.162033907094514,-4.0240272184213,1.04,-6.95384560171,86dd3a804d78ca5d203ebf98747e8f16dff9713ba8950097ceb760b161e19907,Domains_SSE_PBE
1238,-4.162384059333833,-4.0240272184213,1.04,-6.95384560171,86dd3a804d78ca5d203ebf98747e8f16dff9713ba8950097ceb760b161e19907,Domains_SSE_PBE
1239,-4.162734379188698,-4.0240272184213,1.04,-6.95384560171,86dd3a804d78ca5d203ebf98747e8f16dff9713ba8950097ceb760b161e19907,Domains_SSE_PBE
1240,-4.163084866541509,-4.0240272184213,1.04,-6.95384560171,86dd3a804d78ca5d203ebf98747e8f16dff9713ba8950097ceb760b161e19907,Domains_SSE_PBE
1241,-4.163435521274817,-4.0240272184213,1.04,-6.95384560171,86dd3a804d78ca5d203ebf98747e8f16dff9713ba8950097ceb760b161e19907,Domains_SSE_PBE
1242,-4.163786343271324,-4.0240272184213,1.04,-6.95384560171,86dd3a804d78ca5d203ebf98747e8f16dff9713ba8950097ceb760b161e19907,Domains_SSE_PBE
1243,-4.164137332413887,-4.0240272184213,1.04,-6.95384560171,86dd3a804d78ca5d203ebf98747e8f16dff9713ba8950097ceb760b161e19907,Domains_SSE_PBE
1244,-4.16448848858551,-4.0240272184213,1.04,-6.95384560171,86dd3a804d78ca5d203ebf98747e8f16dff9713ba8950097ceb760b161e19907,Domains_SSE_PBE
1245,-4.164839811669352,-4.0240272184213,1.04,-6.95384560171,86dd3a804d78ca5d203ebf98747e8f16dff9713ba8950097ceb760b161e19907,Domains_SSE_PBE
1246,-4.165191301548721,-4.0240272184213,1.04,-6.95384560171,86dd3a804d78ca5d203ebf98747e8f16dff9713ba8950097ceb760b161e19907,Domains_SSE_PBE
1247,-4.165542958107077,-4.0240272184213,1.04,-6.95384560171,86dd3a804d78ca5d203ebf98747e8f16dff9713ba8950097ceb760b161e19907,Domains_SSE_PBE
1248,-4.165894781228029,-4.0240272184213,1.04,-6.95384560171,86dd3a804d78ca5d203ebf98747e8f16dff9713ba8950097ceb760b161e19907,Domains_SSE_PBE
1249,-4.166246770795337,-4.0240272184213,1.04,-6.95384560171,86dd3a804d78ca5d203ebf98747e8f16dff9713ba8950097ceb760b161e19907,Domains_SSE_PBE
1250,-4.166598926692912,-4.0240272184213,1.04,-6.95384560171,86dd3a804d78ca5d203ebf98747e8f16dff9713ba8950097ceb760b161e19907,Domains_SSE_PBE
1251,-4.166951248804812,-4.0240272184213,1.04,-6.95384560171,86dd3a804d78ca5d203ebf98747e8f16dff9713ba8950097ceb760b161e19907,Domains_SSE_PBE
1252,-4.167303737015247,-4.0240272184213,1.04,-6.95384560171,86dd3a804d78ca5d203ebf98747e8f16dff9713ba8950097ceb760b161e19907,Domains_SSE_PBE
1253,-4.167656391208574,-4.0240272184213,1.04,-6.95384560171,86dd3a804d78ca5d203ebf98747e8f16dff9713ba8950097ceb760b161e19907,Domains_SSE_PBE
1254,-4.1680092112693,-4.0240272184213,1.04,-6.95384560171,86dd3a804d78ca5d203ebf98747e8f16dff9713ba8950097ceb760b161e19907,Domains_SSE_PBE
1255,-4.168362197082083,-4.0240272184213,1.04,-6.95384560171,86dd3a804d78ca5d203ebf98747e8f16dff9713ba8950097ceb760b161e19907,Domains_SSE_PBE
1256,-4.168715348531724,-4.0240272184213,1.04,-6.95384560171,86dd3a804d78ca5d203ebf98747e8f16dff9713ba8950097ceb760b161e19907,Domains_SSE_PBE
1257,-4.169068665503176,-4.0240272184213,1.04,-6.95384560171,86dd3a804d78ca5d203ebf98747e8f16dff9713ba8950097ceb760b161e19907,Domains_SSE_PBE
1258,-4.16942214788154,-4.0240272184213,1.04,-6.95384560171,86dd3a804d78ca5d203ebf98747e8f16dff9713ba8950097ceb760b161e19907,Domains_SSE_PBE
1259,-4.169775795552062,-4.0240272184213,1.04,-6.95384560171,86dd3a804d78ca5d203ebf98747e8f16dff9713ba8950097ceb760b161e19907,Domains_SSE_PBE
1260,-4.170129608400137,-4.0240272184213,1.04,-6.95384560171,86dd3a804d78ca5d203ebf98747e8f16dff9713ba8950097ceb760b161e19907,Domains_SSE_PBE
1261,-4.170483586311307,-4.0240272184213,1.04,-6.95384560171,86dd3a804d78ca5d203ebf98747e8f16dff9713ba8950097ceb760b161e19907,Domains_SSE_PBE
1262,-4.170837729171261,-4.0240272184213,1.04,-6.95384560171,86dd3a804d78ca5d203ebf98747e8f16dff9713ba8950097ceb760b161e19907,Domains_SSE_PBE
1263,-4.171192036865834,-4.0240272184213,1.04,-6.95384560171,86dd3a804d78ca5d203ebf98747e8f16dff9713ba8950097ceb760b161e19907,Domains_SSE_PBE
1264,-4.171546509281008,-4.0240272184213,1.04,-6.95384560171,86dd3a804d78ca5d203ebf98747e8f16dff9713ba8950097ceb760b161e19907,Domains_SSE_PBE
1265,-4.171901146302909,-4.0240272184213,1.04,-6.95384560171,86dd3a804d78ca5d203ebf98747e8f16dff9713ba8950097ceb760b161e19907,Domains_SSE_PBE
1266,-4.172255947817812,-4.0240272184213,1.04,-6.95384560171,86dd3a804d78ca5d203ebf98747e8f16dff9713ba8950097ceb760b161e19907,Domains_SSE_PBE
1267,-4.172610913712135,-4.0240272184213,1.04,-6.95384560171,86dd3a804d78ca5d203ebf98747e8f16dff9713ba8950097ceb760b161e19907,Domains_SSE_PBE
1268,-4.172966043872443,-4.0240272184213,1.04,-6.95384560171,86dd3a804d78ca5d203ebf98747e8f16dff9713ba8950097ceb760b161e19907,Domains_SSE_PBE
1269,-4.173321338185445,-4.0240272184213,1.04,-6.95384560171,86dd3a804d78ca5d203ebf98747e8f16dff9713ba8950097ceb760b161e19907,Domains_SSE_PBE
1270,-4.173676796537994,-4.0240272184213,1.04,-6.95384560171,86dd3a804d78ca5d203ebf98747e8f16dff9713ba8950097ceb760b161e19907,Domains_SSE_PBE
1271,-4.17403241881709,-4.0240272184213,1.04,-6.95384560171,86dd3a804d78ca5d203ebf98747e8f16dff9713ba8950097ceb760b161e19907,Domains_SSE_PBE
1272,-4.174388204909874,-4.0240272184213,1.04,-6.95384560171,86dd3a804d78ca5d203ebf98747e8f16dff9713ba8950097ceb760b161e19907,Domains_SSE_PBE
1273,-4.174744154703635,-4.0240272184213,1.04,-6.95384560171,86dd3a804d78ca5d203ebf98747e8f16dff9713ba8950097ceb760b161e19907,Domains_SSE_PBE
1274,-4.175100268085802,-4.0240272184213,1.04,-6.95384560171,86dd3a804d78ca5d203ebf98747e8f16dff9713ba8950097ceb760b161e19907,Domains_SSE_PBE
1275,-4.175456544943949,-4.0240272184213,1.04,-6.95384560171,86dd3a804d78ca5d203ebf98747e8f16dff9713ba8950097ceb760b161e19907,Domains_SSE_PBE
1276,-4.175812985165794,-4.0240272184213,1.04,-6.95384560171,86dd3a804d78ca5d203ebf98747e8f16dff9713ba8950097ceb760b161e19907,Domains_SSE_PBE
1277,-4.176169588639198,-4.0240272184213,1.04,-6.95384560171,86dd3a804d78ca5d203ebf98747e8f16dff9713ba8950097ceb760b161e19907,Domains_SSE_PBE
1278,-4.176526355252162,-4.0240272184213,1.04,-6.95384560171,86dd3a804d78ca5d203ebf98747e8f16dff9713ba8950097ceb760b161e19907,Domains_SSE_PBE
1279,-4.176883284892835,-4.0240272184213,1.04,-6.95384560171,86dd3a804d78ca5d203ebf98747e8f16dff9713ba8950097ceb760b161e19907,Domains_SSE_PBE
1280,-4.177240377449502,-4.0240272184213,1.04,-6.95384560171,86dd3a804d78ca5d203ebf98747e8f16dff9713ba8950097ceb760b161e19907,Domains_SSE_PBE
1281,-4.177597632810595,-4.0240272184213,1.04,-6.95384560171,86dd3a804d78ca5d203ebf98747e8f16dff9713ba8950097ceb760b161e19907,Domains_SSE_PBE
1282,-4.177955050864685,-4.0240272184213,1.04,-6.95384560171,86dd3a804d78ca5d203ebf98747e8f16dff9713ba8950097ceb760b161e19907,Domains_SSE_PBE
1283,-4.178312631500484,-4.0240272184213,1.04,-6.95384560171,86dd3a804d78ca5d203ebf98747e8f16dff9713ba8950097ceb760b161e19907,Domains_SSE_PBE
1284,-4.178670374606849,-4.0240272184213,1.04,-6.95384560171,86dd3a804d78ca5d203ebf98747e8f16dff9713ba8950097ceb760b161e19907,Domains_SSE_PBE
1285,-4.179028280072774,-4.0240272184213,1.04,-6.95384560171,86dd3a804d78ca5d203ebf98747e8f16dff9713ba8950097ceb760b161e19907,Domains_SSE_PBE
1286,-4.179386347787397,-4.0240272184213,1.04,-6.95384560171,86dd3a804d78ca5d203ebf98747e8f16dff9713ba8950097ceb760b161e19907,Domains_SSE_PBE
1287,-4.179744577639994,-4.0240272184213,1.04,-6.95384560171,86dd3a804d78ca5d203ebf98747e8f16dff9713ba8950097ceb760b161e19907,Domains_SSE_PBE
1288,-4.180102969519983,-4.0240272184213,1.04,-6.95384560171,86dd3a804d78ca5d203ebf98747e8f16dff9713ba8950097ceb760b161e19907,Domains_SSE_PBE
1289,-4.180461523316921,-4.0240272184213,1.04,-6.95384560171,86dd3a804d78ca5d203ebf98747e8f16dff9713ba8950097ceb760b161e19907,Domains_SSE_PBE
1290,-4.180820238920505,-4.0240272184213,1.04,-6.95384560171,86dd3a804d78ca5d203ebf98747e8f16dff9713ba8950097ceb760b161e19907,Domains_SSE_PBE
1291,-4.181179116220572,-4.0240272184213,1.04,-6.95384560171,86dd3a804d78ca5d203ebf98747e8f16dff9713ba8950097ceb760b161e19907,Domains_SSE_PBE
1292,-4.181538155107098,-4.0240272184213,1.04,-6.95384560171,86dd3a804d78ca5d203ebf98747e8f16dff9713ba8950097ceb760b161e19907,Domains_SSE_PBE
1293,-4.181897355470201,-4.0240272184213,1.04,-6.95384560171,86dd3a804d78ca5d203ebf98747e8f16dff9713ba8950097ceb760b161e19907,Domains_SSE_PBE
1294,-4.182256717200132,-4.0240272184213,1.04,-6.95384560171,86dd3a804d78ca5d203ebf98747e8f16dff9713ba8950097ceb760b161e19907,Domains_SSE_PBE
1295,-4.182616240187285,-4.0240272184213,1.04,-6.95384560171,86dd3a804d78ca5d203ebf98747e8f16dff9713ba8950097ceb760b161e19907,Domains_SSE_PBE
1296,-4.18297592432219,-4.0240272184213,1.04,-6.95384560171,86dd3a804d78ca5d203ebf98747e8f16dff9713ba8950097ceb760b161e19907,Domains_SSE_PBE
1297,-4.183335769495518,-4.0240272184213,1.04,-6.95384560171,86dd3a804d78ca5d203ebf98747e8f16dff9713ba8950097ceb760b161e19907,Domains_SSE_PBE
1298,-4.183695775598077,-4.0240272184213,1.04,-6.95384560171,86dd3a804d78ca5d203ebf98747e8f16dff9713ba8950097ceb760b161e19907,Domains_SSE_PBE
1299,-4.18405594252081,-4.0240272184213,1.04,-6.95384560171,86dd3a804d78ca5d203ebf98747e8f16dff9713ba8950097ceb760b161e19907,Domains_SSE_PBE
1300,-4.1844162701548,-4.0240272184213,1.04,-6.95384560171,86dd3a804d78ca5d203ebf98747e8f16dff9713ba8950097ceb760b161e19907,Domains_SSE_PBE
1301,-4.184776758391267,-4.0240272184213,1.04,-6.95384560171,86dd3a804d78ca5d203ebf98747e8f16dff9713ba8950097ceb760b161e19907,Domains_SSE_PBE
1302,-4.185137407121566,-4.0240272184213,1.04,-6.95384560171,86dd3a804d78ca5d203ebf98747e8f16dff9713ba8950097ceb760b161e19907,Domains_SSE_PBE
1303,-4.185498216237193,-4.0240272184213,1.04,-6.95384560171,86dd3a804d78ca5d203ebf98747e8f16dff9713ba8950097ceb760b161e19907,Domains_SSE_PBE
1304,-4.185859185629775,-4.0240272184213,1.04,-6.95384560171,86dd3a804d78ca5d203ebf98747e8f16dff9713ba8950097ceb760b161e19907,Domains_SSE_PBE
1305,-4.18622031519108,-4.0240272184213,1.04,-6.95384560171,86dd3a804d78ca5d203ebf98747e8f16dff9713ba8950097ceb760b161e19907,Domains_SSE_PBE
1306,-4.18658160481301,-4.0240272184213,1.04,-6.95384560171,86dd3a804d78ca5d203ebf98747e8f16dff9713ba8950097ceb760b161e19907,Domains_SSE_PBE
1307,-4.186943054387601,-4.0240272184213,1.04,-6.95384560171,86dd3a804d78ca5d203ebf98747e8f16dff9713ba8950097ceb760b161e19907,Domains_SSE_PBE
1308,-4.187304663807028,-4.0240272184213,1.04,-6.95384560171,86dd3a804d78ca5d203ebf98747e8f16dff9713ba8950097ceb760b161e19907,Domains_SSE_PBE
1309,-4.187666432963599,-4.0240272184213,1.04,-6.95384560171,86dd3a804d78ca5d203ebf98747e8f16dff9713ba8950097ceb760b161e19907,Domains_SSE_PBE
1310,-4.188028361749758,-4.0240272184213,1.04,-6.95384560171,86dd3a804d78ca5d203ebf98747e8f16dff9713ba8950097ceb760b161e19907,Domains_SSE_PBE
1311,-4.188390450058084,-4.0240272184213,1.04,-6.95384560171,86dd3a804d78ca5d203ebf98747e8f16dff9713ba8950097ceb760b161e19907,Domains_SSE_PBE
1312,-4.188752697781289,-4.0240272184213,1.04,-6.95384560171,86dd3a804d78ca5d203ebf98747e8f16dff9713ba8950097ceb760b161e19907,Domains_SSE_PBE
1313,-4.189115104812222,-4.0240272184213,1.04,-6.95384560171,86dd3a804d78ca5d203ebf98747e8f16dff9713ba8950097ceb760b161e19907,Domains_SSE_PBE
1314,-4.189477671043864,-4.0240272184213,1.04,-6.95384560171,86dd3a804d78ca5d203ebf98747e8f16dff9713ba8950097ceb760b161e19907,Domains_SSE_PBE
1315,-4.189840396369331,-4.0240272184213,1.04,-6.95384560171,86dd3a804d78ca5d203ebf98747e8f16dff9713ba8950097ceb760b161e19907,Domains_SSE_PBE
1316,-4.190203280681873,-4.0240272184213,1.04,-6.95384560171,86dd3a804d78ca5d203ebf98747e8f16dff9713ba8950097ceb760b161e19907,Domains_SSE_PBE
1317,-4.19056632387487,-4.0240272184213,1.04,-6.95384560171,86dd3a804d78ca5d203ebf98747e8f16dff9713ba8950097ceb760b161e19907,Domains_SSE_PBE
1318,-4.190929525841843,-4.0240272184213,1.04,-6.95384560171,86dd3a804d78ca5d203ebf98747e8f16dff9713ba8950097ceb760b161e19907,Domains_SSE_PBE
1319,-4.191292886476437,-4.0240272184213,1.04,-6.95384560171,86dd3a804d78ca5d203ebf98747e8f16dff9713ba8950097ceb760b161e19907,Domains_SSE_PBE
1320,-4.191656405672435,-4.0240272184213,1.04,-6.95384560171,86dd3a804d78ca5d203ebf98747e8f16dff9713ba8950097ceb760b161e19907,Domains_SSE_PBE
1321,-4.192020083323752,-4.0240272184213,1.04,-6.95384560171,86dd3a804d78ca5d203ebf98747e8f16dff9713ba8950097ceb760b161e19907,Domains_SSE_PBE
1322,-4.192383919324434,-4.0240272184213,1.04,-6.95384560171,86dd3a804d78ca5d203ebf98747e8f16dff9713ba8950097ceb760b161e19907,Domains_SSE_PBE
1323,-4.192747913568661,-4.0240272184213,1.04,-6.95384560171,86dd3a804d78ca5d203ebf98747e8f16dff9713ba8950097ceb760b161e19907,Domains_SSE_PBE
1324,-4.193112065950744,-4.0240272184213,1.04,-6.95384560171,86dd3a804d78ca5d203ebf98747e8f16dff9713ba8950097ceb760b161e19907,Domains_SSE_PBE
1325,-4.193476376365123,-4.0240272184213,1.04,-6.95384560171,86dd3a804d78ca5d203ebf98747e8f16dff9713ba8950097ceb760b161e19907,Domains_SSE_PBE
1326,-4.193840844706374,-4.0240272184213,1.04,-6.95384560171,86dd3a804d78ca5d203ebf98747e8f16dff9713ba8950097ceb760b161e19907,Domains_SSE_PBE
1327,-4.194205470869201,-4.0240272184213,1.04,-6.95384560171,86dd3a804d78ca5d203ebf98747e8f16dff9713ba8950097ceb760b161e19907,Domains_SSE_PBE
1328,-4.19457025474844,-4.0240272184213,1.04,-6.95384560171,86dd3a804d78ca5d203ebf98747e8f16dff9713ba8950097ceb760b161e19907,Domains_SSE_PBE
1329,-4.194935196239058,-4.0240272184213,1.04,-6.95384560171,86dd3a804d78ca5d203ebf98747e8f16dff9713ba8950097ceb760b161e19907,Domains_SSE_PBE
1330,-4.195300295236152,-4.0240272184213,1.04,-6.95384560171,86dd3a804d78ca5d203ebf98747e8f16dff9713ba8950097ceb760b161e19907,Domains_SSE_PBE
1331,-4.195665551634951,-4.0240272184213,1.04,-6.95384560171,86dd3a804d78ca5d203ebf98747e8f16dff9713ba8950097ceb760b161e19907,Domains_SSE_PBE
1332,-4.19603096533081,-4.0240272184213,1.04,-6.95384560171,86dd3a804d78ca5d203ebf98747e8f16dff9713ba8950097ceb760b161e19907,Domains_SSE_PBE
1333,-4.196396536219218,-4.0240272184213,1.04,-6.95384560171,86dd3a804d78ca5d203ebf98747e8f16dff9713ba8950097ceb760b161e19907,Domains_SSE_PBE
1334,-4.196762264195793,-4.0240272184213,1.04,-6.95384560171,86dd3a804d78ca5d203ebf98747e8f16dff9713ba8950097ceb760b161e19907,Domains_SSE_PBE
1335,-4.19712814915628,-4.0240272184213,1.04,-6.95384560171,86dd3a804d78ca5d203ebf98747e8f16dff9713ba8950097ceb760b161e19907,Domains_SSE_PBE
1336,-4.197494190996554,-4.0240272184213,1.04,-6.95384560171,86dd3a804d78ca5d203ebf98747e8f16dff9713ba8950097ceb760b161e19907,Domains_SSE_PBE
1337,-4.197860389612622,-4.0240272184213,1.04,-6.95384560171,86dd3a804d78ca5d203ebf98747e8f16dff9713ba8950097ceb760b161e19907,Domains_SSE_PBE
1338,-4.198226744900615,-4.0240272184213,1.04,-6.95384560171,86dd3a804d78ca5d203ebf98747e8f16dff9713ba8950097ceb760b161e19907,Domains_SSE_PBE
1339,-4.198593256756797,-4.0240272184213,1.04,-6.95384560171,86dd3a804d78ca5d203ebf98747e8f16dff9713ba8950097ceb760b161e19907,Domains_SSE_PBE
1340,-4.198959925077556,-4.0240272184213,1.04,-6.95384560171,86dd3a804d78ca5d203ebf98747e8f16dff9713ba8950097ceb760b161e19907,Domains_SSE_PBE
1341,-4.199326749759413,-4.0240272184213,1.04,-6.95384560171,86dd3a804d78ca5d203ebf98747e8f16dff9713ba8950097ceb760b161e19907,Domains_SSE_PBE
1342,-4.199693730699013,-4.0240272184213,1.04,-6.95384560171,86dd3a804d78ca5d203ebf98747e8f16dff9713ba8950097ceb760b161e19907,Domains_SSE_PBE
1343,-4.200060867793129,-4.0240272184213,1.04,-6.95384560171,86dd3a804d78ca5d203ebf98747e8f16dff9713ba8950097ceb760b161e19907,Domains_SSE_PBE
1344,-4.200428160938664,-4.0240272184213,1.04,-6.95384560171,86dd3a804d78ca5d203ebf98747e8f16dff9713ba8950097ceb760b161e19907,Domains_SSE_PBE
1345,-4.200795610032644,-4.0240272184213,1.04,-6.95384560171,86dd3a804d78ca5d203ebf98747e8f16dff9713ba8950097ceb760b161e19907,Domains_SSE_PBE
1346,-4.201163214972229,-4.0240272184213,1.04,-6.95384560171,86dd3a804d78ca5d203ebf98747e8f16dff9713ba8950097ceb760b161e19907,Domains_SSE_PBE
1347,-4.201530975654696,-4.0240272184213,1.04,-6.95384560171,86dd3a804d78ca5d203ebf98747e8f16dff9713ba8950097ceb760b161e19907,Domains_SSE_PBE
1348,-4.201898891977457,-4.0240272184213,1.04,-6.95384560171,86dd3a804d78ca5d203ebf98747e8f16dff9713ba8950097ceb760b161e19907,Domains_SSE_PBE
1349,-4.202266963838047,-4.0240272184213,1.04,-6.95384560171,86dd3a804d78ca5d203ebf98747e8f16dff9713ba8950097ceb760b161e19907,Domains_SSE_PBE
1350,-4.202635191134126,-4.0240272184213,1.04,-6.95384560171,86dd3a804d78ca5d203ebf98747e8f16dff9713ba8950097ceb760b161e19907,Domains_SSE_PBE
1351,-4.203003573763483,-4.0240272184213,1.04,-6.95384560171,86dd3a804d78ca5d203ebf98747e8f16dff9713ba8950097ceb760b161e19907,Domains_SSE_PBE
1352,-4.203372111624031,-4.0240272184213,1.04,-6.95384560171,86dd3a804d78ca5d203ebf98747e8f16dff9713ba8950097ceb760b161e19907,Domains_SSE_PBE
1353,-4.203740804613807,-4.0240272184213,1.04,-6.95384560171,86dd3a804d78ca5d203ebf98747e8f16dff9713ba8950097ceb760b161e19907,Domains_SSE_PBE
1354,-4.204109652630975,-4.0240272184213,1.04,-6.95384560171,86dd3a804d78ca5d203ebf98747e8f16dff9713ba8950097ceb760b161e19907,Domains_SSE_PBE
1355,-4.204478655573825,-4.0240272184213,1.04,-6.95384560171,86dd3a804d78ca5d203ebf98747e8f16dff9713ba8950097ceb760b161e19907,Domains_SSE_PBE
1356,-4.204847813340771,-4.0240272184213,1.04,-6.95384560171,86dd3a804d78ca5d203ebf98747e8f16dff9713ba8950097ceb760b161e19907,Domains_SSE_PBE
1357,-4.20521712583035,-4.0240272184213,1.04,-6.95384560171,86dd3a804d78ca5d203ebf98747e8f16dff9713ba8950097ceb760b161e19907,Domains_SSE_PBE
1358,-4.205586592941225,-4.0240272184213,1.04,-6.95384560171,86dd3a804d78ca5d203ebf98747e8f16dff9713ba8950097ceb760b161e19907,Domains_SSE_PBE
1359,-4.205956214572184,-4.0240272184213,1.04,-6.95384560171,86dd3a804d78ca5d203ebf98747e8f16dff9713ba8950097ceb760b161e19907,Domains_SSE_PBE
1360,-4.206325990622138,-4.0240272184213,1.04,-6.95384560171,86dd3a804d78ca5d203ebf98747e8f16dff9713ba8950097ceb760b161e19907,Domains_SSE_PBE
1361,-4.206695920990121,-4.0240272184213,1.04,-6.95384560171,86dd3a804d78ca5d203ebf98747e8f16dff9713ba8950097ceb760b161e19907,Domains_SSE_PBE
1362,-4.207066005575292,-4.0240272184213,1.04,-6.95384560171,86dd3a804d78ca5d203ebf98747e8f16dff9713ba8950097ceb760b161e19907,Domains_SSE_PBE
1363,-4.207436244276934,-4.0240272184213,1.04,-6.95384560171,86dd3a804d78ca5d203ebf98747e8f16dff9713ba8950097ceb760b161e19907,Domains_SSE_PBE
1364,-4.20780663699445,-4.0240272184213,1.04,-6.95384560171,86dd3a804d78ca5d203ebf98747e8f16dff9713ba8950097ceb760b161e19907,Domains_SSE_PBE
1365,-4.208177183627368,-4.0240272184213,1.04,-6.95384560171,86dd3a804d78ca5d203ebf98747e8f16dff9713ba8950097ceb760b161e19907,Domains_SSE_PBE
1366,-4.20854788407534,-4.0240272184213,1.04,-6.95384560171,86dd3a804d78ca5d203ebf98747e8f16dff9713ba8950097ceb760b161e19907,Domains_SSE_PBE
1367,-4.20891873823814,-4.0240272184213,1.04,-6.95384560171,86dd3a804d78ca5d203ebf98747e8f16dff9713ba8950097ceb760b161e19907,Domains_SSE_PBE
1368,-4.209289746015662,-4.0240272184213,1.04,-6.95384560171,86dd3a804d78ca5d203ebf98747e8f16dff9713ba8950097ceb760b161e19907,Domains_SSE_PBE
1369,-4.209660907307925,-4.0240272184213,1.04,-6.95384560171,86dd3a804d78ca5d203ebf98747e8f16dff9713ba8950097ceb760b161e19907,Domains_SSE_PBE
1370,-4.210032222015068,-4.0240272184213,1.04,-6.95384560171,86dd3a804d78ca5d203ebf98747e8f16dff9713ba8950097ceb760b161e19907,Domains_SSE_PBE
1371,-4.210403690037352,-4.0240272184213,1.04,-6.95384560171,86dd3a804d78ca5d203ebf98747e8f16dff9713ba8950097ceb760b161e19907,Domains_SSE_PBE
1372,-4.210775311275161,-4.0240272184213,1.04,-6.95384560171,86dd3a804d78ca5d203ebf98747e8f16dff9713ba8950097ceb760b161e19907,Domains_SSE_PBE
1373,-4.211147085628999,-4.0240272184213,1.04,-6.95384560171,86dd3a804d78ca5d203ebf98747e8f16dff9713ba8950097ceb760b161e19907,Domains_SSE_PBE
1374,-4.211519012999492,-4.0240272184213,1.04,-6.95384560171,86dd3a804d78ca5d203ebf98747e8f16dff9713ba8950097ceb760b161e19907,Domains_SSE_PBE
1375,-4.211891093287385,-4.0240272184213,1.04,-6.95384560171,86dd3a804d78ca5d203ebf98747e8f16dff9713ba8950097ceb760b161e19907,Domains_SSE_PBE
1376,-4.212263326393546,-4.0240272184213,1.04,-6.95384560171,86dd3a804d78ca5d203ebf98747e8f16dff9713ba8950097ceb760b161e19907,Domains_SSE_PBE
1377,-4.212635712218963,-4.0240272184213,1.04,-6.95384560171,86dd3a804d78ca5d203ebf98747e8f16dff9713ba8950097ceb760b161e19907,Domains_SSE_PBE
1378,-4.213008250664742,-4.0240272184213,1.04,-6.95384560171,86dd3a804d78ca5d203ebf98747e8f16dff9713ba8950097ceb760b161e19907,Domains_SSE_PBE
1379,-4.213380941632113,-4.0240272184213,1.04,-6.95384560171,86dd3a804d78ca5d203ebf98747e8f16dff9713ba8950097ceb760b161e19907,Domains_SSE_PBE
1380,-4.213753785022423,-4.0240272184213,1.04,-6.95384560171,86dd3a804d78ca5d203ebf98747e8f16dff9713ba8950097ceb760b161e19907,Domains_SSE_PBE
1381,-4.214126780737138,-4.0240272184213,1.04,-6.95384560171,86dd3a804d78ca5d203ebf98747e8f16dff9713ba8950097ceb760b161e19907,Domains_SSE_PBE
1382,-4.214499928677848,-4.0240272184213,1.04,-6.95384560171,86dd3a804d78ca5d203ebf98747e8f16dff9713ba8950097ceb760b161e19907,Domains_SSE_PBE
1383,-4.214873228746257,-4.0240272184213,1.04,-6.95384560171,86dd3a804d78ca5d203ebf98747e8f16dff9713ba8950097ceb760b161e19907,Domains_SSE_PBE
1384,-4.215246680844191,-4.0240272184213,1.04,-6.95384560171,86dd3a804d78ca5d203ebf98747e8f16dff9713ba8950097ceb760b161e19907,Domains_SSE_PBE
1385,-4.215620284873595,-4.0240272184213,1.04,-6.95384560171,86dd3a804d78ca5d203ebf98747e8f16dff9713ba8950097ceb760b161e19907,Domains_SSE_PBE
1386,-4.215994040736532,-4.0240272184213,1.04,-6.95384560171,86dd3a804d78ca5d203ebf98747e8f16dff9713ba8950097ceb760b161e19907,Domains_SSE_PBE
1387,-4.216367948335181,-4.0240272184213,1.04,-6.95384560171,86dd3a804d78ca5d203ebf98747e8f16dff9713ba8950097ceb760b161e19907,Domains_SSE_PBE
1388,-4.216742007571844,-4.0240272184213,1.04,-6.95384560171,86dd3a804d78ca5d203ebf98747e8f16dff9713ba8950097ceb760b161e19907,Domains_SSE_PBE
1389,-4.21711621834894,-4.0240272184213,1.04,-6.95384560171,86dd3a804d78ca5d203ebf98747e8f16dff9713ba8950097ceb760b161e19907,Domains_SSE_PBE
1390,-4.217490580569001,-4.0240272184213,1.04,-6.95384560171,86dd3a804d78ca5d203ebf98747e8f16dff9713ba8950097ceb760b161e19907,Domains_SSE_PBE
1391,-4.217865094134683,-4.0240272184213,1.04,-6.95384560171,86dd3a804d78ca5d203ebf98747e8f16dff9713ba8950097ceb760b161e19907,Domains_SSE_PBE
1392,-4.218239758948757,-4.0240272184213,1.04,-6.95384560171,86dd3a804d78ca5d203ebf98747e8f16dff9713ba8950097ceb760b161e19907,Domains_SSE_PBE
1393,-4.21861457491411,-4.0240272184213,1.04,-6.95384560171,86dd3a804d78ca5d203ebf98747e8f16dff9713ba8950097ceb760b161e19907,Domains_SSE_PBE
1394,-4.218989541933748,-4.0240272184213,1.04,-6.95384560171,86dd3a804d78ca5d203ebf98747e8f16dff9713ba8950097ceb760b161e19907,Domains_SSE_PBE
1395,-4.219364659910793,-4.0240272184213,1.04,-6.95384560171,86dd3a804d78ca5d203ebf98747e8f16dff9713ba8950097ceb760b161e19907,Domains_SSE_PBE
1396,-4.219739928748484,-4.0240272184213,1.04,-6.95384560171,86dd3a804d78ca5d203ebf98747e8f16dff9713ba8950097ceb760b161e19907,Domains_SSE_PBE
1397,-4.220115348350177,-4.0240272184213,1.04,-6.95384560171,86dd3a804d78ca5d203ebf98747e8f16dff9713ba8950097ceb760b161e19907,Domains_SSE_PBE
1398,-4.220490918619343,-4.0240272184213,1.04,-6.95384560171,86dd3a804d78ca5d203ebf98747e8f16dff9713ba8950097ceb760b161e19907,Domains_SSE_PBE
1399,-4.22086663945957,-4.0240272184213,1.04,-6.95384560171,86dd3a804d78ca5d203ebf98747e8f16dff9713ba8950097ceb760b161e19907,Domains_SSE_PBE
1400,-4.221242510774562,-4.0240272184213,1.04,-6.95384560171,86dd3a804d78ca5d203ebf98747e8f16dff9713ba8950097ceb760b161e19907,Domains_SSE_PBE
1401,-4.221618532468139,-4.0240272184213,1.04,-6.95384560171,86dd3a804d78ca5d203ebf98747e8f16dff9713ba8950097ceb760b161e19907,Domains_SSE_PBE
1402,-4.221994704444235,-4.0240272184213,1.04,-6.95384560171,86dd3a804d78ca5d203ebf98747e8f16dff9713ba8950097ceb760b161e19907,Domains_SSE_PBE
1403,-4.222371026606901,-4.0240272184213,1.04,-6.95384560171,86dd3a804d78ca5d203ebf98747e8f16dff9713ba8950097ceb760b161e19907,Domains_SSE_PBE
1404,-4.222747498860303,-4.0240272184213,1.04,-6.95384560171,86dd3a804d78ca5d203ebf98747e8f16dff9713ba8950097ceb760b161e19907,Domains_SSE_PBE
1405,-4.223124121108722,-4.0240272184213,1.04,-6.95384560171,86dd3a804d78ca5d203ebf98747e8f16dff9713ba8950097ceb760b161e19907,Domains_SSE_PBE
1406,-4.223500893256552,-4.0240272184213,1.04,-6.95384560171,86dd3a804d78ca5d203ebf98747e8f16dff9713ba8950097ceb760b161e19907,Domains_SSE_PBE
1407,-4.223877815208304,-4.0240272184213,1.04,-6.95384560171,86dd3a804d78ca5d203ebf98747e8f16dff9713ba8950097ceb760b161e19907,Domains_SSE_PBE
1408,-4.224254886868601,-4.0240272184213,1.04,-6.95384560171,86dd3a804d78ca5d203ebf98747e8f16dff9713ba8950097ceb760b161e19907,Domains_SSE_PBE
1409,-4.224632108142184,-4.0240272184213,1.04,-6.95384560171,86dd3a804d78ca5d203ebf98747e8f16dff9713ba8950097ceb760b161e19907,Domains_SSE_PBE
1410,-4.225009478933902,-4.0240272184213,1.04,-6.95384560171,86dd3a804d78ca5d203ebf98747e8f16dff9713ba8950097ceb760b161e19907,Domains_SSE_PBE
1411,-4.225386999148725,-4.0240272184213,1.04,-6.95384560171,86dd3a804d78ca5d203ebf98747e8f16dff9713ba8950097ceb760b161e19907,Domains_SSE_PBE
1412,-4.225764668691731,-4.0240272184213,1.04,-6.95384560171,86dd3a804d78ca5d203ebf98747e8f16dff9713ba8950097ceb760b161e19907,Domains_SSE_PBE
1413,-4.226142487468114,-4.0240272184213,1.04,-6.95384560171,86dd3a804d78ca5d203ebf98747e8f16dff9713ba8950097ceb760b161e19907,Domains_SSE_PBE
1414,-4.22652045538318,-4.0240272184213,1.04,-6.95384560171,86dd3a804d78ca5d203ebf98747e8f16dff9713ba8950097ceb760b161e19907,Domains_SSE_PBE
1415,-4.22689857234235,-4.0240272184213,1.04,-6.95384560171,86dd3a804d78ca5d203ebf98747e8f16dff9713ba8950097ceb760b161e19907,Domains_SSE_PBE
1416,-4.227276838251155,-4.0240272184213,1.04,-6.95384560171,86dd3a804d78ca5d203ebf98747e8f16dff9713ba8950097ceb760b161e19907,Domains_SSE_PBE
1417,-4.227655253015241,-4.0240272184213,1.04,-6.95384560171,86dd3a804d78ca5d203ebf98747e8f16dff9713ba8950097ceb760b161e19907,Domains_SSE_PBE
1418,-4.228033816540367,-4.0240272184213,1.04,-6.95384560171,86dd3a804d78ca5d203ebf98747e8f16dff9713ba8950097ceb760b161e19907,Domains_SSE_PBE
1419,-4.228412528732402,-4.0240272184213,1.04,-6.95384560171,86dd3a804d78ca5d203ebf98747e8f16dff9713ba8950097ceb760b161e19907,Domains_SSE_PBE
1420,-4.228791389497329,-4.0240272184213,1.04,-6.95384560171,86dd3a804d78ca5d203ebf98747e8f16dff9713ba8950097ceb760b161e19907,Domains_SSE_PBE
1421,-4.229170398741241,-4.0240272184213,1.04,-6.95384560171,86dd3a804d78ca5d203ebf98747e8f16dff9713ba8950097ceb760b161e19907,Domains_SSE_PBE
1422,-4.229549556370345,-4.0240272184213,1.04,-6.95384560171,86dd3a804d78ca5d203ebf98747e8f16dff9713ba8950097ceb760b161e19907,Domains_SSE_PBE
1423,-4.229928862290958,-4.0240272184213,1.04,-6.95384560171,86dd3a804d78ca5d203ebf98747e8f16dff9713ba8950097ceb760b161e19907,Domains_SSE_PBE
1424,-4.230308316409508,-4.0240272184213,1.04,-6.95384560171,86dd3a804d78ca5d203ebf98747e8f16dff9713ba8950097ceb760b161e19907,Domains_SSE_PBE
1425,-4.230687918632538,-4.0240272184213,1.04,-6.95384560171,86dd3a804d78ca5d203ebf98747e8f16dff9713ba8950097ceb760b161e19907,Domains_SSE_PBE
1426,-4.231067668866696,-4.0240272184213,1.04,-6.95384560171,86dd3a804d78ca5d203ebf98747e8f16dff9713ba8950097ceb760b161e19907,Domains_SSE_PBE
1427,-4.231447567018745,-4.0240272184213,1.04,-6.95384560171,86dd3a804d78ca5d203ebf98747e8f16dff9713ba8950097ceb760b161e19907,Domains_SSE_PBE
1428,-4.231827612995559,-4.0240272184213,1.04,-6.95384560171,86dd3a804d78ca5d203ebf98747e8f16dff9713ba8950097ceb760b161e19907,Domains_SSE_PBE
1429,-4.23220780670412,-4.0240272184213,1.04,-6.95384560171,86dd3a804d78ca5d203ebf98747e8f16dff9713ba8950097ceb760b161e19907,Domains_SSE_PBE
1430,-4.23258814805152,-4.0240272184213,1.04,-6.95384560171,86dd3a804d78ca5d203ebf98747e8f16dff9713ba8950097ceb760b161e19907,Domains_SSE_PBE
1431,-4.232968636944965,-4.0240272184213,1.04,-6.95384560171,86dd3a804d78ca5d203ebf98747e8f16dff9713ba8950097ceb760b161e19907,Domains_SSE_PBE
1432,-4.233349273291768,-4.0240272184213,1.04,-6.95384560171,86dd3a804d78ca5d203ebf98747e8f16dff9713ba8950097ceb760b161e19907,Domains_SSE_PBE
1433,-4.23373005699935,-4.0240272184213,1.04,-6.95384560171,86dd3a804d78ca5d203ebf98747e8f16dff9713ba8950097ceb760b161e19907,Domains_SSE_PBE
1434,-4.234110987975245,-4.0240272184213,1.04,-6.95384560171,86dd3a804d78ca5d203ebf98747e8f16dff9713ba8950097ceb760b161e19907,Domains_SSE_PBE
1435,-4.234492066127095,-4.0240272184213,1.04,-6.95384560171,86dd3a804d78ca5d203ebf98747e8f16dff9713ba8950097ceb760b161e19907,Domains_SSE_PBE
1436,-4.234873291362652,-4.0240272184213,1.04,-6.95384560171,86dd3a804d78ca5d203ebf98747e8f16dff9713ba8950097ceb760b161e19907,Domains_SSE_PBE
1437,-4.235254663589775,-4.0240272184213,1.04,-6.95384560171,86dd3a804d78ca5d203ebf98747e8f16dff9713ba8950097ceb760b161e19907,Domains_SSE_PBE
1438,-4.235636182716433,-4.0240272184213,1.04,-6.95384560171,86dd3a804d78ca5d203ebf98747e8f16dff9713ba8950097ceb760b161e19907,Domains_SSE_PBE
1439,-4.236017848650705,-4.0240272184213,1.04,-6.95384560171,86dd3a804d78ca5d203ebf98747e8f16dff9713ba8950097ceb760b161e19907,Domains_SSE_PBE
1440,-4.236399661300775,-4.0240272184213,1.04,-6.95384560171,86dd3a804d78ca5d203ebf98747e8f16dff9713ba8950097ceb760b161e19907,Domains_SSE_PBE
1441,-4.23678162057494,-4.0240272184213,1.04,-6.95384560171,86dd3a804d78ca5d203ebf98747e8f16dff9713ba8950097ceb760b161e19907,Domains_SSE_PBE
1442,-4.237163726381603,-4.0240272184213,1.04,-6.95384560171,86dd3a804d78ca5d203ebf98747e8f16dff9713ba8950097ceb760b161e19907,Domains_SSE_PBE
1443,-4.237545978629271,-4.0240272184213,1.04,-6.95384560171,86dd3a804d78ca5d203ebf98747e8f16dff9713ba8950097ceb760b161e19907,Domains_SSE_PBE
1444,-4.237928377226566,-4.0240272184213,1.04,-6.95384560171,86dd3a804d78ca5d203ebf98747e8f16dff9713ba8950097ceb760b161e19907,Domains_SSE_PBE
1445,-4.238310922082211,-4.0240272184213,1.04,-6.95384560171,86dd3a804d78ca5d203ebf98747e8f16dff9713ba8950097ceb760b161e19907,Domains_SSE_PBE
1446,-4.238693613105041,-4.0240272184213,1.04,-6.95384560171,86dd3a804d78ca5d203ebf98747e8f16dff9713ba8950097ceb760b161e19907,Domains_SSE_PBE
1447,-4.239076450203996,-4.0240272184213,1.04,-6.95384560171,86dd3a804d78ca5d203ebf98747e8f16dff9713ba8950097ceb760b161e19907,Domains_SSE_PBE
1448,-4.239459433288125,-4.0240272184213,1.04,-6.95384560171,86dd3a804d78ca5d203ebf98747e8f16dff9713ba8950097ceb760b161e19907,Domains_SSE_PBE
1449,-4.239842562266579,-4.0240272184213,1.04,-6.95384560171,86dd3a804d78ca5d203ebf98747e8f16dff9713ba8950097ceb760b161e19907,Domains_SSE_PBE
1450,-4.240225837048622,-4.0240272184213,1.04,-6.95384560171,86dd3a804d78ca5d203ebf98747e8f16dff9713ba8950097ceb760b161e19907,Domains_SSE_PBE
1451,-4.240609257543621,-4.0240272184213,1.04,-6.95384560171,86dd3a804d78ca5d203ebf98747e8f16dff9713ba8950097ceb760b161e19907,Domains_SSE_PBE
1452,-4.240992823661051,-4.0240272184213,1.04,-6.95384560171,86dd3a804d78ca5d203ebf98747e8f16dff9713ba8950097ceb760b161e19907,Domains_SSE_PBE
1453,-4.24137653531049,-4.0240272184213,1.04,-6.95384560171,86dd3a804d78ca5d203ebf98747e8f16dff9713ba8950097ceb760b161e19907,Domains_SSE_PBE
1454,-4.241760392401625,-4.0240272184213,1.04,-6.95384560171,86dd3a804d78ca5d203ebf98747e8f16dff9713ba8950097ceb760b161e19907,Domains_SSE_PBE
1455,-4.242144394844249,-4.0240272184213,1.04,-6.95384560171,86dd3a804d78ca5d203ebf98747e8f16dff9713ba8950097ceb760b161e19907,Domains_SSE_PBE
1456,-4.242528542548259,-4.0240272184213,1.04,-6.95384560171,86dd3a804d78ca5d203ebf98747e8f16dff9713ba8950097ceb760b161e19907,Domains_SSE_PBE
1457,-4.242912835423658,-4.0240272184213,1.04,-6.95384560171,86dd3a804d78ca5d203ebf98747e8f16dff9713ba8950097ceb760b161e19907,Domains_SSE_PBE
1458,-4.243297273380556,-4.0240272184213,1.04,-6.95384560171,86dd3a804d78ca5d203ebf98747e8f16dff9713ba8950097ceb760b161e19907,Domains_SSE_PBE
1459,-4.243681856329163,-4.0240272184213,1.04,-6.95384560171,86dd3a804d78ca5d203ebf98747e8f16dff9713ba8950097ceb760b161e19907,Domains_SSE_PBE
1460,-4.244066584179802,-4.0240272184213,1.04,-6.95384560171,86dd3a804d78ca5d203ebf98747e8f16dff9713ba8950097ceb760b161e19907,Domains_SSE_PBE
1461,-4.244451456842892,-4.0240272184213,1.04,-6.95384560171,86dd3a804d78ca5d203ebf98747e8f16dff9713ba8950097ceb760b161e19907,Domains_SSE_PBE
1462,-4.244836474228964,-4.0240272184213,1.04,-6.95384560171,86dd3a804d78ca5d203ebf98747e8f16dff9713ba8950097ceb760b161e19907,Domains_SSE_PBE
1463,-4.245221636248649,-4.0240272184213,1.04,-6.95384560171,86dd3a804d78ca5d203ebf98747e8f16dff9713ba8950097ceb760b161e19907,Domains_SSE_PBE
1464,-4.245606942812685,-4.0240272184213,1.04,-6.95384560171,86dd3a804d78ca5d203ebf98747e8f16dff9713ba8950097ceb760b161e19907,Domains_SSE_PBE
1465,-4.245992393831912,-4.0240272184213,1.04,-6.95384560171,86dd3a804d78ca5d203ebf98747e8f16dff9713ba8950097ceb760b161e19907,Domains_SSE_PBE
1466,-4.246377989217274,-4.0240272184213,1.04,-6.95384560171,86dd3a804d78ca5d203ebf98747e8f16dff9713ba8950097ceb760b161e19907,Domains_SSE_PBE
1467,-4.246763728879821,-4.0240272184213,1.04,-6.95384560171,86dd3a804d78ca5d203ebf98747e8f16dff9713ba8950097ceb760b161e19907,Domains_SSE_PBE
1468,-4.247149612730704,-4.0240272184213,1.04,-6.95384560171,86dd3a804d78ca5d203ebf98747e8f16dff9713ba8950097ceb760b161e19907,Domains_SSE_PBE
1469,-4.247535640681178,-4.0240272184213,1.04,-6.95384560171,86dd3a804d78ca5d203ebf98747e8f16dff9713ba8950097ceb760b161e19907,Domains_SSE_PBE
1470,-4.247921812642604,-4.0240272184213,1.04,-6.95384560171,86dd3a804d78ca5d203ebf98747e8f16dff9713ba8950097ceb760b161e19907,Domains_SSE_PBE
1471,-4.248308128526441,-4.0240272184213,1.04,-6.95384560171,86dd3a804d78ca5d203ebf98747e8f16dff9713ba8950097ceb760b161e19907,Domains_SSE_PBE
1472,-4.248694588244256,-4.0240272184213,1.04,-6.95384560171,86dd3a804d78ca5d203ebf98747e8f16dff9713ba8950097ceb760b161e19907,Domains_SSE_PBE
1473,-4.249081191707716,-4.0240272184213,1.04,-6.95384560171,86dd3a804d78ca5d203ebf98747e8f16dff9713ba8950097ceb760b161e19907,Domains_SSE_PBE
1474,-4.24946793882859,-4.0240272184213,1.04,-6.95384560171,86dd3a804d78ca5d203ebf98747e8f16dff9713ba8950097ceb760b161e19907,Domains_SSE_PBE
1475,-4.249854829518751,-4.0240272184213,1.04,-6.95384560171,86dd3a804d78ca5d203ebf98747e8f16dff9713ba8950097ceb760b161e19907,Domains_SSE_PBE
1476,-4.250241863690176,-4.0240272184213,1.04,-6.95384560171,86dd3a804d78ca5d203ebf98747e8f16dff9713ba8950097ceb760b161e19907,Domains_SSE_PBE
1477,-4.250629041254939,-4.0240272184213,1.04,-6.95384560171,86dd3a804d78ca5d203ebf98747e8f16dff9713ba8950097ceb760b161e19907,Domains_SSE_PBE
1478,-4.251016362125219,-4.0240272184213,1.04,-6.95384560171,86dd3a804d78ca5d203ebf98747e8f16dff9713ba8950097ceb760b161e19907,Domains_SSE_PBE
1479,-4.251403826213299,-4.0240272184213,1.04,-6.95384560171,86dd3a804d78ca5d203ebf98747e8f16dff9713ba8950097ceb760b161e19907,Domains_SSE_PBE
1480,-4.251791433431559,-4.0240272184213,1.04,-6.95384560171,86dd3a804d78ca5d203ebf98747e8f16dff9713ba8950097ceb760b161e19907,Domains_SSE_PBE
1481,-4.252179183692483,-4.0240272184213,1.04,-6.95384560171,86dd3a804d78ca5d203ebf98747e8f16dff9713ba8950097ceb760b161e19907,Domains_SSE_PBE
1482,-4.252567076908655,-4.0240272184213,1.04,-6.95384560171,86dd3a804d78ca5d203ebf98747e8f16dff9713ba8950097ceb760b161e19907,Domains_SSE_PBE
1483,-4.252955112992764,-4.0240272184213,1.04,-6.95384560171,86dd3a804d78ca5d203ebf98747e8f16dff9713ba8950097ceb760b161e19907,Domains_SSE_PBE
1484,-4.253343291857592,-4.0240272184213,1.04,-6.95384560171,86dd3a804d78ca5d203ebf98747e8f16dff9713ba8950097ceb760b161e19907,Domains_SSE_PBE
1485,-4.253731613416031,-4.0240272184213,1.04,-6.95384560171,86dd3a804d78ca5d203ebf98747e8f16dff9713ba8950097ceb760b161e19907,Domains_SSE_PBE
1486,-4.254120077581067,-4.0240272184213,1.04,-6.95384560171,86dd3a804d78ca5d203ebf98747e8f16dff9713ba8950097ceb760b161e19907,Domains_SSE_PBE
1487,-4.254508684265789,-4.0240272184213,1.04,-6.95384560171,86dd3a804d78ca5d203ebf98747e8f16dff9713ba8950097ceb760b161e19907,Domains_SSE_PBE
1488,-4.254897433383386,-4.0240272184213,1.04,-6.95384560171,86dd3a804d78ca5d203ebf98747e8f16dff9713ba8950097ceb760b161e19907,Domains_SSE_PBE
1489,-4.255286324847147,-4.0240272184213,1.04,-6.95384560171,86dd3a804d78ca5d203ebf98747e8f16dff9713ba8950097ceb760b161e19907,Domains_SSE_PBE
1490,-4.255675358570461,-4.0240272184213,1.04,-6.95384560171,86dd3a804d78ca5d203ebf98747e8f16dff9713ba8950097ceb760b161e19907,Domains_SSE_PBE
1491,-4.256064534466817,-4.0240272184213,1.04,-6.95384560171,86dd3a804d78ca5d203ebf98747e8f16dff9713ba8950097ceb760b161e19907,Domains_SSE_PBE
1492,-4.256453852449803,-4.0240272184213,1.04,-6.95384560171,86dd3a804d78ca5d203ebf98747e8f16dff9713ba8950097ceb760b161e19907,Domains_SSE_PBE
1493,-4.256843312433107,-4.0240272184213,1.04,-6.95384560171,86dd3a804d78ca5d203ebf98747e8f16dff9713ba8950097ceb760b161e19907,Domains_SSE_PBE
1494,-4.257232914330517,-4.0240272184213,1.04,-6.95384560171,86dd3a804d78ca5d203ebf98747e8f16dff9713ba8950097ceb760b161e19907,Domains_SSE_PBE
1495,-4.257622658055918,-4.0240272184213,1.04,-6.95384560171,86dd3a804d78ca5d203ebf98747e8f16dff9713ba8950097ceb760b161e19907,Domains_SSE_PBE
1496,-4.258012543523295,-4.0240272184213,1.04,-6.95384560171,86dd3a804d78ca5d203ebf98747e8f16dff9713ba8950097ceb760b161e19907,Domains_SSE_PBE
1497,-4.258402570646734,-4.0240272184213,1.04,-6.95384560171,86dd3a804d78ca5d203ebf98747e8f16dff9713ba8950097ceb760b161e19907,Domains_SSE_PBE
1498,-4.258792739340416,-4.0240272184213,1.04,-6.95384560171,86dd3a804d78ca5d203ebf98747e8f16dff9713ba8950097ceb760b161e19907,Domains_SSE_PBE
1499,-4.259183049518623,-4.0240272184213,1.04,-6.95384560171,86dd3a804d78ca5d203ebf98747e8f16dff9713ba8950097ceb760b161e19907,Domains_SSE_PBE
1500,-4.259573501095735,-4.0240272184213,1.04,-6.95384560171,86dd3a804d78ca5d203ebf98747e8f16dff9713ba8950097ceb760b161e19907,Domains_SSE_PBE
1501,-4.25996409398623,-4.0240272184213,1.04,-6.95384560171,86dd3a804d78ca5d203ebf98747e8f16dff9713ba8950097ceb760b161e19907,Domains_SSE_PBE
1502,-4.260354828104681,-4.0240272184213,1.04,-6.95384560171,86dd3a804d78ca5d203ebf98747e8f16dff9713ba8950097ceb760b161e19907,Domains_SSE_PBE
1503,-4.260745703365767,-4.0240272184213,1.04,-6.95384560171,86dd3a804d78ca5d203ebf98747e8f16dff9713ba8950097ceb760b161e19907,Domains_SSE_PBE
1504,-4.261136719684254,-4.0240272184213,1.04,-6.95384560171,86dd3a804d78ca5d203ebf98747e8f16dff9713ba8950097ceb760b161e19907,Domains_SSE_PBE
1505,-4.261527876975014,-4.0240272184213,1.04,-6.95384560171,86dd3a804d78ca5d203ebf98747e8f16dff9713ba8950097ceb760b161e19907,Domains_SSE_PBE
1506,-4.261919175153014,-4.0240272184213,1.04,-6.95384560171,86dd3a804d78ca5d203ebf98747e8f16dff9713ba8950097ceb760b161e19907,Domains_SSE_PBE
1507,-4.262310614133315,-4.0240272184213,1.04,-6.95384560171,86dd3a804d78ca5d203ebf98747e8f16dff9713ba8950097ceb760b161e19907,Domains_SSE_PBE
1508,-4.262702193831079,-4.0240272184213,1.04,-6.95384560171,86dd3a804d78ca5d203ebf98747e8f16dff9713ba8950097ceb760b161e19907,Domains_SSE_PBE
1509,-4.263093914161564,-4.0240272184213,1.04,-6.95384560171,86dd3a804d78ca5d203ebf98747e8f16dff9713ba8950097ceb760b161e19907,Domains_SSE_PBE
1510,-4.263485775040125,-4.0240272184213,1.04,-6.95384560171,86dd3a804d78ca5d203ebf98747e8f16dff9713ba8950097ceb760b161e19907,Domains_SSE_PBE
1511,-4.263877776382211,-4.0240272184213,1.04,-6.95384560171,86dd3a804d78ca5d203ebf98747e8f16dff9713ba8950097ceb760b161e19907,Domains_SSE_PBE
1512,-4.264269918103371,-4.0240272184213,1.04,-6.95384560171,86dd3a804d78ca5d203ebf98747e8f16dff9713ba8950097ceb760b161e19907,Domains_SSE_PBE
1513,-4.264662200119249,-4.0240272184213,1.04,-6.95384560171,86dd3a804d78ca5d203ebf98747e8f16dff9713ba8950097ceb760b161e19907,Domains_SSE_PBE
1514,-4.265054622345583,-4.0240272184213,1.04,-6.95384560171,86dd3a804d78ca5d203ebf98747e8f16dff9713ba8950097ceb760b161e19907,Domains_SSE_PBE
1515,-4.265447184698211,-4.0240272184213,1.04,-6.95384560171,86dd3a804d78ca5d203ebf98747e8f16dff9713ba8950097ceb760b161e19907,Domains_SSE_PBE
1516,-4.265839887093064,-4.0240272184213,1.04,-6.95384560171,86dd3a804d78ca5d203ebf98747e8f16dff9713ba8950097ceb760b161e19907,Domains_SSE_PBE
1517,-4.26623272944617,-4.0240272184213,1.04,-6.95384560171,86dd3a804d78ca5d203ebf98747e8f16dff9713ba8950097ceb760b161e19907,Domains_SSE_PBE
1518,-4.266625711673651,-4.0240272184213,1.04,-6.95384560171,86dd3a804d78ca5d203ebf98747e8f16dff9713ba8950097ceb760b161e19907,Domains_SSE_PBE
1519,-4.267018833691726,-4.0240272184213,1.04,-6.95384560171,86dd3a804d78ca5d203ebf98747e8f16dff9713ba8950097ceb760b161e19907,Domains_SSE_PBE
1520,-4.267412095416708,-4.0240272184213,1.04,-6.95384560171,86dd3a804d78ca5d203ebf98747e8f16dff9713ba8950097ceb760b161e19907,Domains_SSE_PBE
1521,-4.267805496765007,-4.0240272184213,1.04,-6.95384560171,86dd3a804d78ca5d203ebf98747e8f16dff9713ba8950097ceb760b161e19907,Domains_SSE_PBE
1522,-4.268199037653125,-4.0240272184213,1.04,-6.95384560171,86dd3a804d78ca5d203ebf98747e8f16dff9713ba8950097ceb760b161e19907,Domains_SSE_PBE
1523,-4.268592717997661,-4.0240272184213,1.04,-6.95384560171,86dd3a804d78ca5d203ebf98747e8f16dff9713ba8950097ceb760b161e19907,Domains_SSE_PBE
1524,-4.268986537715309,-4.0240272184213,1.04,-6.95384560171,86dd3a804d78ca5d203ebf98747e8f16dff9713ba8950097ceb760b161e19907,Domains_SSE_PBE
1525,-4.269380496722855,-4.0240272184213,1.04,-6.95384560171,86dd3a804d78ca5d203ebf98747e8f16dff9713ba8950097ceb760b161e19907,Domains_SSE_PBE
1526,-4.269774594937181,-4.0240272184213,1.04,-6.95384560171,86dd3a804d78ca5d203ebf98747e8f16dff9713ba8950097ceb760b161e19907,Domains_SSE_PBE
1527,-4.270168832275264,-4.0240272184213,1.04,-6.95384560171,86dd3a804d78ca5d203ebf98747e8f16dff9713ba8950097ceb760b161e19907,Domains_SSE_PBE
1528,-4.270563208654173,-4.0240272184213,1.04,-6.95384560171,86dd3a804d78ca5d203ebf98747e8f16dff9713ba8950097ceb760b161e19907,Domains_SSE_PBE
1529,-4.270957723991073,-4.0240272184213,1.04,-6.95384560171,86dd3a804d78ca5d203ebf98747e8f16dff9713ba8950097ceb760b161e19907,Domains_SSE_PBE
1530,-4.27135237820322,-4.0240272184213,1.04,-6.95384560171,86dd3a804d78ca5d203ebf98747e8f16dff9713ba8950097ceb760b161e19907,Domains_SSE_PBE
1531,-4.271747171207966,-4.0240272184213,1.04,-6.95384560171,86dd3a804d78ca5d203ebf98747e8f16dff9713ba8950097ceb760b161e19907,Domains_SSE_PBE
1532,-4.272142102922755,-4.0240272184213,1.04,-6.95384560171,86dd3a804d78ca5d203ebf98747e8f16dff9713ba8950097ceb760b161e19907,Domains_SSE_PBE
1533,-4.272537173265126,-4.0240272184213,1.04,-6.95384560171,86dd3a804d78ca5d203ebf98747e8f16dff9713ba8950097ceb760b161e19907,Domains_SSE_PBE
1534,-4.272932382152708,-4.0240272184213,1.04,-6.95384560171,86dd3a804d78ca5d203ebf98747e8f16dff9713ba8950097ceb760b161e19907,Domains_SSE_PBE
1535,-4.273327729503227,-4.0240272184213,1.04,-6.95384560171,86dd3a804d78ca5d203ebf98747e8f16dff9713ba8950097ceb760b161e19907,Domains_SSE_PBE
1536,-4.273723215234497,-4.0240272184213,1.04,-6.95384560171,86dd3a804d78ca5d203ebf98747e8f16dff9713ba8950097ceb760b161e19907,Domains_SSE_PBE
1537,-4.274118839264431,-4.0240272184213,1.04,-6.95384560171,86dd3a804d78ca5d203ebf98747e8f16dff9713ba8950097ceb760b161e19907,Domains_SSE_PBE
1538,-4.274514601511028,-4.0240272184213,1.04,-6.95384560171,86dd3a804d78ca5d203ebf98747e8f16dff9713ba8950097ceb760b161e19907,Domains_SSE_PBE
1539,-4.274910501892384,-4.0240272184213,1.04,-6.95384560171,86dd3a804d78ca5d203ebf98747e8f16dff9713ba8950097ceb760b161e19907,Domains_SSE_PBE
1540,-4.275306540326685,-4.0240272184213,1.04,-6.95384560171,86dd3a804d78ca5d203ebf98747e8f16dff9713ba8950097ceb760b161e19907,Domains_SSE_PBE
1541,-4.275702716732208,-4.0240272184213,1.04,-6.95384560171,86dd3a804d78ca5d203ebf98747e8f16dff9713ba8950097ceb760b161e19907,Domains_SSE_PBE
1542,-4.276099031027326,-4.0240272184213,1.04,-6.95384560171,86dd3a804d78ca5d203ebf98747e8f16dff9713ba8950097ceb760b161e19907,Domains_SSE_PBE
1543,-4.276495483130501,-4.0240272184213,1.04,-6.95384560171,86dd3a804d78ca5d203ebf98747e8f16dff9713ba8950097ceb760b161e19907,Domains_SSE_PBE
1544,-4.276892072960285,-4.0240272184213,1.04,-6.95384560171,86dd3a804d78ca5d203ebf98747e8f16dff9713ba8950097ceb760b161e19907,Domains_SSE_PBE
1545,-4.277288800435326,-4.0240272184213,1.04,-6.95384560171,86dd3a804d78ca5d203ebf98747e8f16dff9713ba8950097ceb760b161e19907,Domains_SSE_PBE
1546,-4.277685665474359,-4.0240272184213,1.04,-6.95384560171,86dd3a804d78ca5d203ebf98747e8f16dff9713ba8950097ceb760b161e19907,Domains_SSE_PBE
1547,-4.278082667996213,-4.0240272184213,1.04,-6.95384560171,86dd3a804d78ca5d203ebf98747e8f16dff9713ba8950097ceb760b161e19907,Domains_SSE_PBE
1548,-4.278479807919807,-4.0240272184213,1.04,-6.95384560171,86dd3a804d78ca5d203ebf98747e8f16dff9713ba8950097ceb760b161e19907,Domains_SSE_PBE
1549,-4.278877085164152,-4.0240272184213,1.04,-6.95384560171,86dd3a804d78ca5d203ebf98747e8f16dff9713ba8950097ceb760b161e19907,Domains_SSE_PBE
1550,-4.279274499648347,-4.0240272184213,1.04,-6.95384560171,86dd3a804d78ca5d203ebf98747e8f16dff9713ba8950097ceb760b161e19907,Domains_SSE_PBE
1551,-4.279672051291584,-4.0240272184213,1.04,-6.95384560171,86dd3a804d78ca5d203ebf98747e8f16dff9713ba8950097ceb760b161e19907,Domains_SSE_PBE
1552,-4.280069740013146,-4.0240272184213,1.04,-6.95384560171,86dd3a804d78ca5d203ebf98747e8f16dff9713ba8950097ceb760b161e19907,Domains_SSE_PBE
1553,-4.280467565732404,-4.0240272184213,1.04,-6.95384560171,86dd3a804d78ca5d203ebf98747e8f16dff9713ba8950097ceb760b161e19907,Domains_SSE_PBE
1554,-4.280865528368821,-4.0240272184213,1.04,-6.95384560171,86dd3a804d78ca5d203ebf98747e8f16dff9713ba8950097ceb760b161e19907,Domains_SSE_PBE
1555,-4.281263627841951,-4.0240272184213,1.04,-6.95384560171,86dd3a804d78ca5d203ebf98747e8f16dff9713ba8950097ceb760b161e19907,Domains_SSE_PBE
1556,-4.281661864071435,-4.0240272184213,1.04,-6.95384560171,86dd3a804d78ca5d203ebf98747e8f16dff9713ba8950097ceb760b161e19907,Domains_SSE_PBE
1557,-4.282060236977005,-4.0240272184213,1.04,-6.95384560171,86dd3a804d78ca5d203ebf98747e8f16dff9713ba8950097ceb760b161e19907,Domains_SSE_PBE
1558,-4.282458746478484,-4.0240272184213,1.04,-6.95384560171,86dd3a804d78ca5d203ebf98747e8f16dff9713ba8950097ceb760b161e19907,Domains_SSE_PBE
1559,-4.282857392495781,-4.0240272184213,1.04,-6.95384560171,86dd3a804d78ca5d203ebf98747e8f16dff9713ba8950097ceb760b161e19907,Domains_SSE_PBE
1560,-4.2832561749489,-4.0240272184213,1.04,-6.95384560171,86dd3a804d78ca5d203ebf98747e8f16dff9713ba8950097ceb760b161e19907,Domains_SSE_PBE
1561,-4.28365509375793,-4.0240272184213,1.04,-6.95384560171,86dd3a804d78ca5d203ebf98747e8f16dff9713ba8950097ceb760b161e19907,Domains_SSE_PBE
1562,-4.284054148843048,-4.0240272184213,1.04,-6.95384560171,86dd3a804d78ca5d203ebf98747e8f16dff9713ba8950097ceb760b161e19907,Domains_SSE_PBE
1563,-4.284453340124525,-4.0240272184213,1.04,-6.95384560171,86dd3a804d78ca5d203ebf98747e8f16dff9713ba8950097ceb760b161e19907,Domains_SSE_PBE
1564,-4.284852667522717,-4.0240272184213,1.04,-6.95384560171,86dd3a804d78ca5d203ebf98747e8f16dff9713ba8950097ceb760b161e19907,Domains_SSE_PBE
1565,-4.285252130958067,-4.0240272184213,1.04,-6.95384560171,86dd3a804d78ca5d203ebf98747e8f16dff9713ba8950097ceb760b161e19907,Domains_SSE_PBE
1566,-4.285651730351112,-4.0240272184213,1.04,-6.95384560171,86dd3a804d78ca5d203ebf98747e8f16dff9713ba8950097ceb760b161e19907,Domains_SSE_PBE
1567,-4.286051465622473,-4.0240272184213,1.04,-6.95384560171,86dd3a804d78ca5d203ebf98747e8f16dff9713ba8950097ceb760b161e19907,Domains_SSE_PBE
1568,-4.28645133669286,-4.0240272184213,1.04,-6.95384560171,86dd3a804d78ca5d203ebf98747e8f16dff9713ba8950097ceb760b161e19907,Domains_SSE_PBE
1569,-4.286851343483072,-4.0240272184213,1.04,-6.95384560171,86dd3a804d78ca5d203ebf98747e8f16dff9713ba8950097ceb760b161e19907,Domains_SSE_PBE
1570,-4.287251485913997,-4.0240272184213,1.04,-6.95384560171,86dd3a804d78ca5d203ebf98747e8f16dff9713ba8950097ceb760b161e19907,Domains_SSE_PBE
1571,-4.287651763906606,-4.0240272184213,1.04,-6.95384560171,86dd3a804d78ca5d203ebf98747e8f16dff9713ba8950097ceb760b161e19907,Domains_SSE_PBE
1572,-4.288052177381965,-4.0240272184213,1.04,-6.95384560171,86dd3a804d78ca5d203ebf98747e8f16dff9713ba8950097ceb760b161e19907,Domains_SSE_PBE
1573,-4.288452726261221,-4.0240272184213,1.04,-6.95384560171,86dd3a804d78ca5d203ebf98747e8f16dff9713ba8950097ceb760b161e19907,Domains_SSE_PBE
1574,-4.288853410465612,-4.0240272184213,1.04,-6.95384560171,86dd3a804d78ca5d203ebf98747e8f16dff9713ba8950097ceb760b161e19907,Domains_SSE_PBE
1575,-4.289254229916462,-4.0240272184213,1.04,-6.95384560171,86dd3a804d78ca5d203ebf98747e8f16dff9713ba8950097ceb760b161e19907,Domains_SSE_PBE
1576,-4.289655184535183,-4.0240272184213,1.04,-6.95384560171,86dd3a804d78ca5d203ebf98747e8f16dff9713ba8950097ceb760b161e19907,Domains_SSE_PBE
1577,-4.290056274243273,-4.0240272184213,1.04,-6.95384560171,86dd3a804d78ca5d203ebf98747e8f16dff9713ba8950097ceb760b161e19907,Domains_SSE_PBE
1578,-4.290457498962317,-4.0240272184213,1.04,-6.95384560171,86dd3a804d78ca5d203ebf98747e8f16dff9713ba8950097ceb760b161e19907,Domains_SSE_PBE
1579,-4.290858858613987,-4.0240272184213,1.04,-6.95384560171,86dd3a804d78ca5d203ebf98747e8f16dff9713ba8950097ceb760b161e19907,Domains_SSE_PBE
1580,-4.291260353120043,-4.0240272184213,1.04,-6.95384560171,86dd3a804d78ca5d203ebf98747e8f16dff9713ba8950097ceb760b161e19907,Domains_SSE_PBE
1581,-4.291661982402327,-4.0240272184213,1.04,-6.95384560171,86dd3a804d78ca5d203ebf98747e8f16dff9713ba8950097ceb760b161e19907,Domains_SSE_PBE
1582,-4.292063746382772,-4.0240272184213,1.04,-6.95384560171,86dd3a804d78ca5d203ebf98747e8f16dff9713ba8950097ceb760b161e19907,Domains_SSE_PBE
1583,-4.292465644983396,-4.0240272184213,1.04,-6.95384560171,86dd3a804d78ca5d203ebf98747e8f16dff9713ba8950097ceb760b161e19907,Domains_SSE_PBE
1584,-4.292867678126303,-4.0240272184213,1.04,-6.95384560171,86dd3a804d78ca5d203ebf98747e8f16dff9713ba8950097ceb760b161e19907,Domains_SSE_PBE
1585,-4.293269845733679,-4.0240272184213,1.04,-6.95384560171,86dd3a804d78ca5d203ebf98747e8f16dff9713ba8950097ceb760b161e19907,Domains_SSE_PBE
1586,-4.293672147727804,-4.0240272184213,1.04,-6.95384560171,86dd3a804d78ca5d203ebf98747e8f16dff9713ba8950097ceb760b161e19907,Domains_SSE_PBE
1587,-4.294074584031036,-4.0240272184213,1.04,-6.95384560171,86dd3a804d78ca5d203ebf98747e8f16dff9713ba8950097ceb760b161e19907,Domains_SSE_PBE
1588,-4.294477154565822,-4.0240272184213,1.04,-6.95384560171,86dd3a804d78ca5d203ebf98747e8f16dff9713ba8950097ceb760b161e19907,Domains_SSE_PBE
1589,-4.294879859254694,-4.0240272184213,1.04,-6.95384560171,86dd3a804d78ca5d203ebf98747e8f16dff9713ba8950097ceb760b161e19907,Domains_SSE_PBE
1590,-4.295282698020268,-4.0240272184213,1.04,-6.95384560171,86dd3a804d78ca5d203ebf98747e8f16dff9713ba8950097ceb760b161e19907,Domains_SSE_PBE
1591,-4.295685670785247,-4.0240272184213,1.04,-6.95384560171,86dd3a804d78ca5d203ebf98747e8f16dff9713ba8950097ceb760b161e19907,Domains_SSE_PBE
1592,-4.296088777472417,-4.0240272184213,1.04,-6.95384560171,86dd3a804d78ca5d203ebf98747e8f16dff9713ba8950097ceb760b161e19907,Domains_SSE_PBE
1593,-4.296492018004652,-4.0240272184213,1.04,-6.95384560171,86dd3a804d78ca5d203ebf98747e8f16dff9713ba8950097ceb760b161e19907,Domains_SSE_PBE
1594,-4.296895392304906,-4.0240272184213,1.04,-6.95384560171,86dd3a804d78ca5d203ebf98747e8f16dff9713ba8950097ceb760b161e19907,Domains_SSE_PBE
1595,-4.297298900296221,-4.0240272184213,1.04,-6.95384560171,86dd3a804d78ca5d203ebf98747e8f16dff9713ba8950097ceb760b161e19907,Domains_SSE_PBE
1596,-4.297702541901725,-4.0240272184213,1.04,-6.95384560171,86dd3a804d78ca5d203ebf98747e8f16dff9713ba8950097ceb760b161e19907,Domains_SSE_PBE
1597,-4.298106317044624,-4.0240272184213,1.04,-6.95384560171,86dd3a804d78ca5d203ebf98747e8f16dff9713ba8950097ceb760b161e19907,Domains_SSE_PBE
1598,-4.298510225648214,-4.0240272184213,1.04,-6.95384560171,86dd3a804d78ca5d203ebf98747e8f16dff9713ba8950097ceb760b161e19907,Domains_SSE_PBE
1599,-4.298914267635874,-4.0240272184213,1.04,-6.95384560171,86dd3a804d78ca5d203ebf98747e8f16dff9713ba8950097ceb760b161e19907,Domains_SSE_PBE
1600,-4.299318442931066,-4.0240272184213,1.04,-6.95384560171,86dd3a804d78ca5d203ebf98747e8f16dff9713ba8950097ceb760b161e19907,Domains_SSE_PBE
1601,-4.299722751457333,-4.0240272184213,1.04,-6.95384560171,86dd3a804d78ca5d203ebf98747e8f16dff9713ba8950097ceb760b161e19907,Domains_SSE_PBE
1602,-4.300127193138308,-4.0240272184213,1.04,-6.95384560171,86dd3a804d78ca5d203ebf98747e8f16dff9713ba8950097ceb760b161e19907,Domains_SSE_PBE
1603,-4.300531767897702,-4.0240272184213,1.04,-6.95384560171,86dd3a804d78ca5d203ebf98747e8f16dff9713ba8950097ceb760b161e19907,Domains_SSE_PBE
1604,-4.300936475659313,-4.0240272184213,1.04,-6.95384560171,86dd3a804d78ca5d203ebf98747e8f16dff9713ba8950097ceb760b161e19907,Domains_SSE_PBE
1605,-4.301341316347019,-4.0240272184213,1.04,-6.95384560171,86dd3a804d78ca5d203ebf98747e8f16dff9713ba8950097ceb760b161e19907,Domains_SSE_PBE
1606,-4.301746289884783,-4.0240272184213,1.04,-6.95384560171,86dd3a804d78ca5d203ebf98747e8f16dff9713ba8950097ceb760b161e19907,Domains_SSE_PBE
1607,-4.302151396196653,-4.0240272184213,1.04,-6.95384560171,86dd3a804d78ca5d203ebf98747e8f16dff9713ba8950097ceb760b161e19907,Domains_SSE_PBE
1608,-4.302556635206756,-4.0240272184213,1.04,-6.95384560171,86dd3a804d78ca5d203ebf98747e8f16dff9713ba8950097ceb760b161e19907,Domains_SSE_PBE
1609,-4.302962006839302,-4.0240272184213,1.04,-6.95384560171,86dd3a804d78ca5d203ebf98747e8f16dff9713ba8950097ceb760b161e19907,Domains_SSE_PBE
1610,-4.303367511018588,-4.0240272184213,1.04,-6.95384560171,86dd3a804d78ca5d203ebf98747e8f16dff9713ba8950097ceb760b161e19907,Domains_SSE_PBE
1611,-4.30377314766899,-4.0240272184213,1.04,-6.95384560171,86dd3a804d78ca5d203ebf98747e8f16dff9713ba8950097ceb760b161e19907,Domains_SSE_PBE
1612,-4.304178916714966,-4.0240272184213,1.04,-6.95384560171,86dd3a804d78ca5d203ebf98747e8f16dff9713ba8950097ceb760b161e19907,Domains_SSE_PBE
1613,-4.304584818081057,-4.0240272184213,1.04,-6.95384560171,86dd3a804d78ca5d203ebf98747e8f16dff9713ba8950097ceb760b161e19907,Domains_SSE_PBE
1614,-4.304990851691889,-4.0240272184213,1.04,-6.95384560171,86dd3a804d78ca5d203ebf98747e8f16dff9713ba8950097ceb760b161e19907,Domains_SSE_PBE
1615,-4.305397017472163,-4.0240272184213,1.04,-6.95384560171,86dd3a804d78ca5d203ebf98747e8f16dff9713ba8950097ceb760b161e19907,Domains_SSE_PBE
1616,-4.30580331534667,-4.0240272184213,1.04,-6.95384560171,86dd3a804d78ca5d203ebf98747e8f16dff9713ba8950097ceb760b161e19907,Domains_SSE_PBE
1617,-4.306209745240277,-4.0240272184213,1.04,-6.95384560171,86dd3a804d78ca5d203ebf98747e8f16dff9713ba8950097ceb760b161e19907,Domains_SSE_PBE
1618,-4.306616307077936,-4.0240272184213,1.04,-6.95384560171,86dd3a804d78ca5d203ebf98747e8f16dff9713ba8950097ceb760b161e19907,Domains_SSE_PBE
1619,-4.307023000784676,-4.0240272184213,1.04,-6.95384560171,86dd3a804d78ca5d203ebf98747e8f16dff9713ba8950097ceb760b161e19907,Domains_SSE_PBE
1620,-4.307429826285614,-4.0240272184213,1.04,-6.95384560171,86dd3a804d78ca5d203ebf98747e8f16dff9713ba8950097ceb760b161e19907,Domains_SSE_PBE
1621,-4.307836783505944,-4.0240272184213,1.04,-6.95384560171,86dd3a804d78ca5d203ebf98747e8f16dff9713ba8950097ceb760b161e19907,Domains_SSE_PBE
1622,-4.308243872370938,-4.0240272184213,1.04,-6.95384560171,86dd3a804d78ca5d203ebf98747e8f16dff9713ba8950097ceb760b161e19907,Domains_SSE_PBE
1623,-4.308651092805957,-4.0240272184213,1.04,-6.95384560171,86dd3a804d78ca5d203ebf98747e8f16dff9713ba8950097ceb760b161e19907,Domains_SSE_PBE
1624,-4.309058444736436,-4.0240272184213,1.04,-6.95384560171,86dd3a804d78ca5d203ebf98747e8f16dff9713ba8950097ceb760b161e19907,Domains_SSE_PBE
1625,-4.309465928087895,-4.0240272184213,1.04,-6.95384560171,86dd3a804d78ca5d203ebf98747e8f16dff9713ba8950097ceb760b161e19907,Domains_SSE_PBE
1626,-4.309873542785932,-4.0240272184213,1.04,-6.95384560171,86dd3a804d78ca5d203ebf98747e8f16dff9713ba8950097ceb760b161e19907,Domains_SSE_PBE
1627,-4.310281288756226,-4.0240272184213,1.04,-6.95384560171,86dd3a804d78ca5d203ebf98747e8f16dff9713ba8950097ceb760b161e19907,Domains_SSE_PBE
1628,-4.310689165924537,-4.0240272184213,1.04,-6.95384560171,86dd3a804d78ca5d203ebf98747e8f16dff9713ba8950097ceb760b161e19907,Domains_SSE_PBE
1629,-4.311097174216706,-4.0240272184213,1.04,-6.95384560171,86dd3a804d78ca5d203ebf98747e8f16dff9713ba8950097ceb760b161e19907,Domains_SSE_PBE
1630,-4.311505313558651,-4.0240272184213,1.04,-6.95384560171,86dd3a804d78ca5d203ebf98747e8f16dff9713ba8950097ceb760b161e19907,Domains_SSE_PBE
1631,-4.311913583876374,-4.0240272184213,1.04,-6.95384560171,86dd3a804d78ca5d203ebf98747e8f16dff9713ba8950097ceb760b161e19907,Domains_SSE_PBE
1632,-4.312321985095955,-4.0240272184213,1.04,-6.95384560171,86dd3a804d78ca5d203ebf98747e8f16dff9713ba8950097ceb760b161e19907,Domains_SSE_PBE
1633,-4.312730517143551,-4.0240272184213,1.04,-6.95384560171,86dd3a804d78ca5d203ebf98747e8f16dff9713ba8950097ceb760b161e19907,Domains_SSE_PBE
1634,-4.313139179945404,-4.0240272184213,1.04,-6.95384560171,86dd3a804d78ca5d203ebf98747e8f16dff9713ba8950097ceb760b161e19907,Domains_SSE_PBE
1635,-4.313547973427831,-4.0240272184213,1.04,-6.95384560171,86dd3a804d78ca5d203ebf98747e8f16dff9713ba8950097ceb760b161e19907,Domains_SSE_PBE
1636,-4.313956897517232,-4.0240272184213,1.04,-6.95384560171,86dd3a804d78ca5d203ebf98747e8f16dff9713ba8950097ceb760b161e19907,Domains_SSE_PBE
1637,-4.314365952140083,-4.0240272184213,1.04,-6.95384560171,86dd3a804d78ca5d203ebf98747e8f16dff9713ba8950097ceb760b161e19907,Domains_SSE_PBE
1638,-4.314775137222941,-4.0240272184213,1.04,-6.95384560171,86dd3a804d78ca5d203ebf98747e8f16dff9713ba8950097ceb760b161e19907,Domains_SSE_PBE
1639,-4.315184452692442,-4.0240272184213,1.04,-6.95384560171,86dd3a804d78ca5d203ebf98747e8f16dff9713ba8950097ceb760b161e19907,Domains_SSE_PBE
1640,-4.315593898475299,-4.0240272184213,1.04,-6.95384560171,86dd3a804d78ca5d203ebf98747e8f16dff9713ba8950097ceb760b161e19907,Domains_SSE_PBE
1641,-4.316003474498307,-4.0240272184213,1.04,-6.95384560171,86dd3a804d78ca5d203ebf98747e8f16dff9713ba8950097ceb760b161e19907,Domains_SSE_PBE
1642,-4.316413180688336,-4.0240272184213,1.04,-6.95384560171,86dd3a804d78ca5d203ebf98747e8f16dff9713ba8950097ceb760b161e19907,Domains_SSE_PBE
1643,-4.316823016972339,-4.0240272184213,1.04,-6.95384560171,86dd3a804d78ca5d203ebf98747e8f16dff9713ba8950097ceb760b161e19907,Domains_SSE_PBE
1644,-4.317232983277341,-4.0240272184213,1.04,-6.95384560171,86dd3a804d78ca5d203ebf98747e8f16dff9713ba8950097ceb760b161e19907,Domains_SSE_PBE
1645,-4.317643079530452,-4.0240272184213,1.04,-6.95384560171,86dd3a804d78ca5d203ebf98747e8f16dff9713ba8950097ceb760b161e19907,Domains_SSE_PBE
1646,-4.318053305658857,-4.0240272184213,1.04,-6.95384560171,86dd3a804d78ca5d203ebf98747e8f16dff9713ba8950097ceb760b161e19907,Domains_SSE_PBE
1647,-4.318463661589819,-4.0240272184213,1.04,-6.95384560171,86dd3a804d78ca5d203ebf98747e8f16dff9713ba8950097ceb760b161e19907,Domains_SSE_PBE
1648,-4.318874147250678,-4.0240272184213,1.04,-6.95384560171,86dd3a804d78ca5d203ebf98747e8f16dff9713ba8950097ceb760b161e19907,Domains_SSE_PBE
1649,-4.319284762568854,-4.0240272184213,1.04,-6.95384560171,86dd3a804d78ca5d203ebf98747e8f16dff9713ba8950097ceb760b161e19907,Domains_SSE_PBE
1650,-4.319695507471845,-4.0240272184213,1.04,-6.95384560171,86dd3a804d78ca5d203ebf98747e8f16dff9713ba8950097ceb760b161e19907,Domains_SSE_PBE
1651,-4.320106381887223,-4.0240272184213,1.04,-6.95384560171,86dd3a804d78ca5d203ebf98747e8f16dff9713ba8950097ceb760b161e19907,Domains_SSE_PBE
1652,-4.320517385742641,-4.0240272184213,1.04,-6.95384560171,86dd3a804d78ca5d203ebf98747e8f16dff9713ba8950097ceb760b161e19907,Domains_SSE_PBE
1653,-4.320928518965829,-4.0240272184213,1.04,-6.95384560171,86dd3a804d78ca5d203ebf98747e8f16dff9713ba8950097ceb760b161e19907,Domains_SSE_PBE
1654,-4.321339781484591,-4.0240272184213,1.04,-6.95384560171,86dd3a804d78ca5d203ebf98747e8f16dff9713ba8950097ceb760b161e19907,Domains_SSE_PBE
1655,-4.321751173226811,-4.0240272184213,1.04,-6.95384560171,86dd3a804d78ca5d203ebf98747e8f16dff9713ba8950097ceb760b161e19907,Domains_SSE_PBE
1656,-4.322162694120452,-4.0240272184213,1.04,-6.95384560171,86dd3a804d78ca5d203ebf98747e8f16dff9713ba8950097ceb760b161e19907,Domains_SSE_PBE
1657,-4.322574344093549,-4.0240272184213,1.04,-6.95384560171,86dd3a804d78ca5d203ebf98747e8f16dff9713ba8950097ceb760b161e19907,Domains_SSE_PBE
1658,-4.322986123074215,-4.0240272184213,1.04,-6.95384560171,86dd3a804d78ca5d203ebf98747e8f16dff9713ba8950097ceb760b161e19907,Domains_SSE_PBE
1659,-4.323398030990643,-4.0240272184213,1.04,-6.95384560171,86dd3a804d78ca5d203ebf98747e8f16dff9713ba8950097ceb760b161e19907,Domains_SSE_PBE
1660,-4.323810067771099,-4.0240272184213,1.04,-6.95384560171,86dd3a804d78ca5d203ebf98747e8f16dff9713ba8950097ceb760b161e19907,Domains_SSE_PBE
1661,-4.324222233343926,-4.0240272184213,1.04,-6.95384560171,86dd3a804d78ca5d203ebf98747e8f16dff9713ba8950097ceb760b161e19907,Domains_SSE_PBE
1662,-4.324634527637546,-4.0240272184213,1.04,-6.95384560171,86dd3a804d78ca5d203ebf98747e8f16dff9713ba8950097ceb760b161e19907,Domains_SSE_PBE
1663,-4.325046950580453,-4.0240272184213,1.04,-6.95384560171,86dd3a804d78ca5d203ebf98747e8f16dff9713ba8950097ceb760b161e19907,Domains_SSE_PBE
1664,-4.32545950210122,-4.0240272184213,1.04,-6.95384560171,86dd3a804d78ca5d203ebf98747e8f16dff9713ba8950097ceb760b161e19907,Domains_SSE_PBE
1665,-4.325872182128493,-4.0240272184213,1.04,-6.95384560171,86dd3a804d78ca5d203ebf98747e8f16dff9713ba8950097ceb760b161e19907,Domains_SSE_PBE
1666,-4.326284990590998,-4.0240272184213,1.04,-6.95384560171,86dd3a804d78ca5d203ebf98747e8f16dff9713ba8950097ceb760b161e19907,Domains_SSE_PBE
1667,-4.326697927417535,-4.0240272184213,1.04,-6.95384560171,86dd3a804d78ca5d203ebf98747e8f16dff9713ba8950097ceb760b161e19907,Domains_SSE_PBE
1668,-4.327110992536978,-4.0240272184213,1.04,-6.95384560171,86dd3a804d78ca5d203ebf98747e8f16dff9713ba8950097ceb760b161e19907,Domains_SSE_PBE
1669,-4.327524185878278,-4.0240272184213,1.04,-6.95384560171,86dd3a804d78ca5d203ebf98747e8f16dff9713ba8950097ceb760b161e19907,Domains_SSE_PBE
1670,-4.32793750737046,-4.0240272184213,1.04,-6.95384560171,86dd3a804d78ca5d203ebf98747e8f16dff9713ba8950097ceb760b161e19907,Domains_SSE_PBE
1671,-4.328350956942626,-4.0240272184213,1.04,-6.95384560171,86dd3a804d78ca5d203ebf98747e8f16dff9713ba8950097ceb760b161e19907,Domains_SSE_PBE
1672,-4.328764534523953,-4.0240272184213,1.04,-6.95384560171,86dd3a804d78ca5d203ebf98747e8f16dff9713ba8950097ceb760b161e19907,Domains_SSE_PBE
1673,-4.32917824004369,-4.0240272184213,1.04,-6.95384560171,86dd3a804d78ca5d203ebf98747e8f16dff9713ba8950097ceb760b161e19907,Domains_SSE_PBE
1674,-4.329592073431168,-4.0240272184213,1.04,-6.95384560171,86dd3a804d78ca5d203ebf98747e8f16dff9713ba8950097ceb760b161e19907,Domains_SSE_PBE
1675,-4.330006034615782,-4.0240272184213,1.04,-6.95384560171,86dd3a804d78ca5d203ebf98747e8f16dff9713ba8950097ceb760b161e19907,Domains_SSE_PBE
1676,-4.330420123527013,-4.0240272184213,1.04,-6.95384560171,86dd3a804d78ca5d203ebf98747e8f16dff9713ba8950097ceb760b161e19907,Domains_SSE_PBE
1677,-4.330834340094409,-4.0240272184213,1.04,-6.95384560171,86dd3a804d78ca5d203ebf98747e8f16dff9713ba8950097ceb760b161e19907,Domains_SSE_PBE
1678,-4.331248684247593,-4.0240272184213,1.04,-6.95384560171,86dd3a804d78ca5d203ebf98747e8f16dff9713ba8950097ceb760b161e19907,Domains_SSE_PBE
1679,-4.331663155916268,-4.0240272184213,1.04,-6.95384560171,86dd3a804d78ca5d203ebf98747e8f16dff9713ba8950097ceb760b161e19907,Domains_SSE_PBE
1680,-4.332077755030205,-4.0240272184213,1.04,-6.95384560171,86dd3a804d78ca5d203ebf98747e8f16dff9713ba8950097ceb760b161e19907,Domains_SSE_PBE
1681,-4.332492481519251,-4.0240272184213,1.04,-6.95384560171,86dd3a804d78ca5d203ebf98747e8f16dff9713ba8950097ceb760b161e19907,Domains_SSE_PBE
1682,-4.33290733531333,-4.0240272184213,1.04,-6.95384560171,86dd3a804d78ca5d203ebf98747e8f16dff9713ba8950097ceb760b161e19907,Domains_SSE_PBE
1683,-4.333322316342436,-4.0240272184213,1.04,-6.95384560171,86dd3a804d78ca5d203ebf98747e8f16dff9713ba8950097ceb760b161e19907,Domains_SSE_PBE
1684,-4.333737424536636,-4.0240272184213,1.04,-6.95384560171,86dd3a804d78ca5d203ebf98747e8f16dff9713ba8950097ceb760b161e19907,Domains_SSE_PBE
1685,-4.334152659826077,-4.0240272184213,1.04,-6.95384560171,86dd3a804d78ca5d203ebf98747e8f16dff9713ba8950097ceb760b161e19907,Domains_SSE_PBE
1686,-4.334568022140972,-4.0240272184213,1.04,-6.95384560171,86dd3a804d78ca5d203ebf98747e8f16dff9713ba8950097ceb760b161e19907,Domains_SSE_PBE
1687,-4.334983511411612,-4.0240272184213,1.04,-6.95384560171,86dd3a804d78ca5d203ebf98747e8f16dff9713ba8950097ceb760b161e19907,Domains_SSE_PBE
1688,-4.335399127568361,-4.0240272184213,1.04,-6.95384560171,86dd3a804d78ca5d203ebf98747e8f16dff9713ba8950097ceb760b161e19907,Domains_SSE_PBE
1689,-4.335814870541655,-4.0240272184213,1.04,-6.95384560171,86dd3a804d78ca5d203ebf98747e8f16dff9713ba8950097ceb760b161e19907,Domains_SSE_PBE
1690,-4.336230740262003,-4.0240272184213,1.04,-6.95384560171,86dd3a804d78ca5d203ebf98747e8f16dff9713ba8950097ceb760b161e19907,Domains_SSE_PBE
1691,-4.336646736659987,-4.0240272184213,1.04,-6.95384560171,86dd3a804d78ca5d203ebf98747e8f16dff9713ba8950097ceb760b161e19907,Domains_SSE_PBE
1692,-4.337062859666266,-4.0240272184213,1.04,-6.95384560171,86dd3a804d78ca5d203ebf98747e8f16dff9713ba8950097ceb760b161e19907,Domains_SSE_PBE
1693,-4.337479109211563,-4.0240272184213,1.04,-6.95384560171,86dd3a804d78ca5d203ebf98747e8f16dff9713ba8950097ceb760b161e19907,Domains_SSE_PBE
1694,-4.337895485226683,-4.0240272184213,1.04,-6.95384560171,86dd3a804d78ca5d203ebf98747e8f16dff9713ba8950097ceb760b161e19907,Domains_SSE_PBE
1695,-4.338311987642498,-4.0240272184213,1.04,-6.95384560171,86dd3a804d78ca5d203ebf98747e8f16dff9713ba8950097ceb760b161e19907,Domains_SSE_PBE
1696,-4.338728616389954,-4.0240272184213,1.04,-6.95384560171,86dd3a804d78ca5d203ebf98747e8f16dff9713ba8950097ceb760b161e19907,Domains_SSE_PBE
1697,-4.33914537140007,-4.0240272184213,1.04,-6.95384560171,86dd3a804d78ca5d203ebf98747e8f16dff9713ba8950097ceb760b161e19907,Domains_SSE_PBE
1698,-4.339562252603936,-4.0240272184213,1.04,-6.95384560171,86dd3a804d78ca5d203ebf98747e8f16dff9713ba8950097ceb760b161e19907,Domains_SSE_PBE
1699,-4.339979259932714,-4.0240272184213,1.04,-6.95384560171,86dd3a804d78ca5d203ebf98747e8f16dff9713ba8950097ceb760b161e19907,Domains_SSE_PBE
1700,-4.34039639331764,-4.0240272184213,1.04,-6.95384560171,86dd3a804d78ca5d203ebf98747e8f16dff9713ba8950097ceb760b161e19907,Domains_SSE_PBE
1701,-4.340813652690021,-4.0240272184213,1.04,-6.95384560171,86dd3a804d78ca5d203ebf98747e8f16dff9713ba8950097ceb760b161e19907,Domains_SSE_PBE
1702,-4.341231037981235,-4.0240272184213,1.04,-6.95384560171,86dd3a804d78ca5d203ebf98747e8f16dff9713ba8950097ceb760b161e19907,Domains_SSE_PBE
1703,-4.341648549122731,-4.0240272184213,1.04,-6.95384560171,86dd3a804d78ca5d203ebf98747e8f16dff9713ba8950097ceb760b161e19907,Domains_SSE_PBE
1704,-4.342066186046033,-4.0240272184213,1.04,-6.95384560171,86dd3a804d78ca5d203ebf98747e8f16dff9713ba8950097ceb760b161e19907,Domains_SSE_PBE
1705,-4.342483948682733,-4.0240272184213,1.04,-6.95384560171,86dd3a804d78ca5d203ebf98747e8f16dff9713ba8950097ceb760b161e19907,Domains_SSE_PBE
1706,-4.342901836964496,-4.0240272184213,1.04,-6.95384560171,86dd3a804d78ca5d203ebf98747e8f16dff9713ba8950097ceb760b161e19907,Domains_SSE_PBE
1707,-4.343319850823057,-4.0240272184213,1.04,-6.95384560171,86dd3a804d78ca5d203ebf98747e8f16dff9713ba8950097ceb760b161e19907,Domains_SSE_PBE
1708,-4.343737990190227,-4.0240272184213,1.04,-6.95384560171,86dd3a804d78ca5d203ebf98747e8f16dff9713ba8950097ceb760b161e19907,Domains_SSE_PBE
1709,-4.344156254997878,-4.0240272184213,1.04,-6.95384560171,86dd3a804d78ca5d203ebf98747e8f16dff9713ba8950097ceb760b161e19907,Domains_SSE_PBE
1710,-4.344574645177963,-4.0240272184213,1.04,-6.95384560171,86dd3a804d78ca5d203ebf98747e8f16dff9713ba8950097ceb760b161e19907,Domains_SSE_PBE
1711,-4.344993160662504,-4.0240272184213,1.04,-6.95384560171,86dd3a804d78ca5d203ebf98747e8f16dff9713ba8950097ceb760b161e19907,Domains_SSE_PBE
1712,-4.345411801383587,-4.0240272184213,1.04,-6.95384560171,86dd3a804d78ca5d203ebf98747e8f16dff9713ba8950097ceb760b161e19907,Domains_SSE_PBE
1713,-4.345830567273378,-4.0240272184213,1.04,-6.95384560171,86dd3a804d78ca5d203ebf98747e8f16dff9713ba8950097ceb760b161e19907,Domains_SSE_PBE
1714,-4.346249458264106,-4.0240272184213,1.04,-6.95384560171,86dd3a804d78ca5d203ebf98747e8f16dff9713ba8950097ceb760b161e19907,Domains_SSE_PBE
1715,-4.346668474288074,-4.0240272184213,1.04,-6.95384560171,86dd3a804d78ca5d203ebf98747e8f16dff9713ba8950097ceb760b161e19907,Domains_SSE_PBE
1716,-4.347087615277656,-4.0240272184213,1.04,-6.95384560171,86dd3a804d78ca5d203ebf98747e8f16dff9713ba8950097ceb760b161e19907,Domains_SSE_PBE
1717,-4.347506881165293,-4.0240272184213,1.04,-6.95384560171,86dd3a804d78ca5d203ebf98747e8f16dff9713ba8950097ceb760b161e19907,Domains_SSE_PBE
1718,-4.3479262718835,-4.0240272184213,1.04,-6.95384560171,86dd3a804d78ca5d203ebf98747e8f16dff9713ba8950097ceb760b161e19907,Domains_SSE_PBE
1719,-4.34834578736486,-4.0240272184213,1.04,-6.95384560171,86dd3a804d78ca5d203ebf98747e8f16dff9713ba8950097ceb760b161e19907,Domains_SSE_PBE
1720,-4.348765427542024,-4.0240272184213,1.04,-6.95384560171,86dd3a804d78ca5d203ebf98747e8f16dff9713ba8950097ceb760b161e19907,Domains_SSE_PBE
1721,-4.349185192347717,-4.0240272184213,1.04,-6.95384560171,86dd3a804d78ca5d203ebf98747e8f16dff9713ba8950097ceb760b161e19907,Domains_SSE_PBE
1722,-4.349605081714731,-4.0240272184213,1.04,-6.95384560171,86dd3a804d78ca5d203ebf98747e8f16dff9713ba8950097ceb760b161e19907,Domains_SSE_PBE
1723,-4.350025095575928,-4.0240272184213,1.04,-6.95384560171,86dd3a804d78ca5d203ebf98747e8f16dff9713ba8950097ceb760b161e19907,Domains_SSE_PBE
1724,-4.35044523386424,-4.0240272184213,1.04,-6.95384560171,86dd3a804d78ca5d203ebf98747e8f16dff9713ba8950097ceb760b161e19907,Domains_SSE_PBE
1725,-4.350865496512667,-4.0240272184213,1.04,-6.95384560171,86dd3a804d78ca5d203ebf98747e8f16dff9713ba8950097ceb760b161e19907,Domains_SSE_PBE
1726,-4.351285883454282,-4.0240272184213,1.04,-6.95384560171,86dd3a804d78ca5d203ebf98747e8f16dff9713ba8950097ceb760b161e19907,Domains_SSE_PBE
1727,-4.351706394622221,-4.0240272184213,1.04,-6.95384560171,86dd3a804d78ca5d203ebf98747e8f16dff9713ba8950097ceb760b161e19907,Domains_SSE_PBE
1728,-4.352127029949695,-4.0240272184213,1.04,-6.95384560171,86dd3a804d78ca5d203ebf98747e8f16dff9713ba8950097ceb760b161e19907,Domains_SSE_PBE
1729,-4.352547789369982,-4.0240272184213,1.04,-6.95384560171,86dd3a804d78ca5d203ebf98747e8f16dff9713ba8950097ceb760b161e19907,Domains_SSE_PBE
1730,-4.352968672816425,-4.0240272184213,1.04,-6.95384560171,86dd3a804d78ca5d203ebf98747e8f16dff9713ba8950097ceb760b161e19907,Domains_SSE_PBE
1731,-4.353389680222445,-4.0240272184213,1.04,-6.95384560171,86dd3a804d78ca5d203ebf98747e8f16dff9713ba8950097ceb760b161e19907,Domains_SSE_PBE
1732,-4.353810811521521,-4.0240272184213,1.04,-6.95384560171,86dd3a804d78ca5d203ebf98747e8f16dff9713ba8950097ceb760b161e19907,Domains_SSE_PBE
1733,-4.354232066647207,-4.0240272184213,1.04,-6.95384560171,86dd3a804d78ca5d203ebf98747e8f16dff9713ba8950097ceb760b161e19907,Domains_SSE_PBE
1734,-4.354653445533127,-4.0240272184213,1.04,-6.95384560171,86dd3a804d78ca5d203ebf98747e8f16dff9713ba8950097ceb760b161e19907,Domains_SSE_PBE
1735,-4.355074948112965,-4.0240272184213,1.04,-6.95384560171,86dd3a804d78ca5d203ebf98747e8f16dff9713ba8950097ceb760b161e19907,Domains_SSE_PBE
1736,-4.355496574320483,-4.0240272184213,1.04,-6.95384560171,86dd3a804d78ca5d203ebf98747e8f16dff9713ba8950097ceb760b161e19907,Domains_SSE_PBE
1737,-4.355918324089505,-4.0240272184213,1.04,-6.95384560171,86dd3a804d78ca5d203ebf98747e8f16dff9713ba8950097ceb760b161e19907,Domains_SSE_PBE
1738,-4.356340197353926,-4.0240272184213,1.04,-6.95384560171,86dd3a804d78ca5d203ebf98747e8f16dff9713ba8950097ceb760b161e19907,Domains_SSE_PBE
1739,-4.356762194047706,-4.0240272184213,1.04,-6.95384560171,86dd3a804d78ca5d203ebf98747e8f16dff9713ba8950097ceb760b161e19907,Domains_SSE_PBE
1740,-4.357184314104877,-4.0240272184213,1.04,-6.95384560171,86dd3a804d78ca5d203ebf98747e8f16dff9713ba8950097ceb760b161e19907,Domains_SSE_PBE
1741,-4.357606557459535,-4.0240272184213,1.04,-6.95384560171,86dd3a804d78ca5d203ebf98747e8f16dff9713ba8950097ceb760b161e19907,Domains_SSE_PBE
1742,-4.358028924045847,-4.0240272184213,1.04,-6.95384560171,86dd3a804d78ca5d203ebf98747e8f16dff9713ba8950097ceb760b161e19907,Domains_SSE_PBE
1743,-4.358451413798043,-4.0240272184213,1.04,-6.95384560171,86dd3a804d78ca5d203ebf98747e8f16dff9713ba8950097ceb760b161e19907,Domains_SSE_PBE
1744,-4.358874026650428,-4.0240272184213,1.04,-6.95384560171,86dd3a804d78ca5d203ebf98747e8f16dff9713ba8950097ceb760b161e19907,Domains_SSE_PBE
1745,-4.359296762537364,-4.0240272184213,1.04,-6.95384560171,86dd3a804d78ca5d203ebf98747e8f16dff9713ba8950097ceb760b161e19907,Domains_SSE_PBE
1746,-4.359719621393289,-4.0240272184213,1.04,-6.95384560171,86dd3a804d78ca5d203ebf98747e8f16dff9713ba8950097ceb760b161e19907,Domains_SSE_PBE
1747,-4.360142603152705,-4.0240272184213,1.04,-6.95384560171,86dd3a804d78ca5d203ebf98747e8f16dff9713ba8950097ceb760b161e19907,Domains_SSE_PBE
1748,-4.360565707750181,-4.0240272184213,1.04,-6.95384560171,86dd3a804d78ca5d203ebf98747e8f16dff9713ba8950097ceb760b161e19907,Domains_SSE_PBE
1749,-4.360988935120353,-4.0240272184213,1.04,-6.95384560171,86dd3a804d78ca5d203ebf98747e8f16dff9713ba8950097ceb760b161e19907,Domains_SSE_PBE
1750,-4.361412285197924,-4.0240272184213,1.04,-6.95384560171,86dd3a804d78ca5d203ebf98747e8f16dff9713ba8950097ceb760b161e19907,Domains_SSE_PBE
1751,-4.361835757917666,-4.0240272184213,1.04,-6.95384560171,86dd3a804d78ca5d203ebf98747e8f16dff9713ba8950097ceb760b161e19907,Domains_SSE_PBE
1752,-4.362259353214411,-4.0240272184213,1.04,-6.95384560171,86dd3a804d78ca5d203ebf98747e8f16dff9713ba8950097ceb760b161e19907,Domains_SSE_PBE
1753,-4.362683071023066,-4.0240272184213,1.04,-6.95384560171,86dd3a804d78ca5d203ebf98747e8f16dff9713ba8950097ceb760b161e19907,Domains_SSE_PBE
1754,-4.363106911278599,-4.0240272184213,1.04,-6.95384560171,86dd3a804d78ca5d203ebf98747e8f16dff9713ba8950097ceb760b161e19907,Domains_SSE_PBE
1755,-4.363530873916046,-4.0240272184213,1.04,-6.95384560171,86dd3a804d78ca5d203ebf98747e8f16dff9713ba8950097ceb760b161e19907,Domains_SSE_PBE
1756,-4.36395495887051,-4.0240272184213,1.04,-6.95384560171,86dd3a804d78ca5d203ebf98747e8f16dff9713ba8950097ceb760b161e19907,Domains_SSE_PBE
1757,-4.364379166077159,-4.0240272184213,1.04,-6.95384560171,86dd3a804d78ca5d203ebf98747e8f16dff9713ba8950097ceb760b161e19907,Domains_SSE_PBE
1758,-4.364803495471227,-4.0240272184213,1.04,-6.95384560171,86dd3a804d78ca5d203ebf98747e8f16dff9713ba8950097ceb760b161e19907,Domains_SSE_PBE
1759,-4.365227946988016,-4.0240272184213,1.04,-6.95384560171,86dd3a804d78ca5d203ebf98747e8f16dff9713ba8950097ceb760b161e19907,Domains_SSE_PBE
1760,-4.365652520562892,-4.0240272184213,1.04,-6.95384560171,86dd3a804d78ca5d203ebf98747e8f16dff9713ba8950097ceb760b161e19907,Domains_SSE_PBE
1761,-4.366077216131288,-4.0240272184213,1.04,-6.95384560171,86dd3a804d78ca5d203ebf98747e8f16dff9713ba8950097ceb760b161e19907,Domains_SSE_PBE
1762,-4.366502033628699,-4.0240272184213,1.04,-6.95384560171,86dd3a804d78ca5d203ebf98747e8f16dff9713ba8950097ceb760b161e19907,Domains_SSE_PBE
1763,-4.366926972990692,-4.0240272184213,1.04,-6.95384560171,86dd3a804d78ca5d203ebf98747e8f16dff9713ba8950097ceb760b161e19907,Domains_SSE_PBE
1764,-4.367352034152895,-4.0240272184213,1.04,-6.95384560171,86dd3a804d78ca5d203ebf98747e8f16dff9713ba8950097ceb760b161e19907,Domains_SSE_PBE
1765,-4.367777217051002,-4.0240272184213,1.04,-6.95384560171,86dd3a804d78ca5d203ebf98747e8f16dff9713ba8950097ceb760b161e19907,Domains_SSE_PBE
1766,-4.368202521620775,-4.0240272184213,1.04,-6.95384560171,86dd3a804d78ca5d203ebf98747e8f16dff9713ba8950097ceb760b161e19907,Domains_SSE_PBE
1767,-4.368627947798037,-4.0240272184213,1.04,-6.95384560171,86dd3a804d78ca5d203ebf98747e8f16dff9713ba8950097ceb760b161e19907,Domains_SSE_PBE
1768,-4.369053495518679,-4.0240272184213,1.04,-6.95384560171,86dd3a804d78ca5d203ebf98747e8f16dff9713ba8950097ceb760b161e19907,Domains_SSE_PBE
1769,-4.369479164718657,-4.0240272184213,1.04,-6.95384560171,86dd3a804d78ca5d203ebf98747e8f16dff9713ba8950097ceb760b161e19907,Domains_SSE_PBE
1770,-4.36990495533399,-4.0240272184213,1.04,-6.95384560171,86dd3a804d78ca5d203ebf98747e8f16dff9713ba8950097ceb760b161e19907,Domains_SSE_PBE
1771,-4.370330867300765,-4.0240272184213,1.04,-6.95384560171,86dd3a804d78ca5d203ebf98747e8f16dff9713ba8950097ceb760b161e19907,Domains_SSE_PBE
1772,-4.370756900555129,-4.0240272184213,1.04,-6.95384560171,86dd3a804d78ca5d203ebf98747e8f16dff9713ba8950097ceb760b161e19907,Domains_SSE_PBE
1773,-4.3711830550333,-4.0240272184213,1.04,-6.95384560171,86dd3a804d78ca5d203ebf98747e8f16dff9713ba8950097ceb760b161e19907,Domains_SSE_PBE
1774,-4.371609330671556,-4.0240272184213,1.04,-6.95384560171,86dd3a804d78ca5d203ebf98747e8f16dff9713ba8950097ceb760b161e19907,Domains_SSE_PBE
1775,-4.37203572740624,-4.0240272184213,1.04,-6.95384560171,86dd3a804d78ca5d203ebf98747e8f16dff9713ba8950097ceb760b161e19907,Domains_SSE_PBE
1776,-4.372462245173762,-4.0240272184213,1.04,-6.95384560171,86dd3a804d78ca5d203ebf98747e8f16dff9713ba8950097ceb760b161e19907,Domains_SSE_PBE
1777,-4.372888883910591,-4.0240272184213,1.04,-6.95384560171,86dd3a804d78ca5d203ebf98747e8f16dff9713ba8950097ceb760b161e19907,Domains_SSE_PBE
1778,-4.373315643553265,-4.0240272184213,1.04,-6.95384560171,86dd3a804d78ca5d203ebf98747e8f16dff9713ba8950097ceb760b161e19907,Domains_SSE_PBE
1779,-4.373742524038386,-4.0240272184213,1.04,-6.95384560171,86dd3a804d78ca5d203ebf98747e8f16dff9713ba8950097ceb760b161e19907,Domains_SSE_PBE
1780,-4.374169525302618,-4.0240272184213,1.04,-6.95384560171,86dd3a804d78ca5d203ebf98747e8f16dff9713ba8950097ceb760b161e19907,Domains_SSE_PBE
1781,-4.374596647282689,-4.0240272184213,1.04,-6.95384560171,86dd3a804d78ca5d203ebf98747e8f16dff9713ba8950097ceb760b161e19907,Domains_SSE_PBE
1782,-4.375023889915392,-4.0240272184213,1.04,-6.95384560171,86dd3a804d78ca5d203ebf98747e8f16dff9713ba8950097ceb760b161e19907,Domains_SSE_PBE
1783,-4.375451253137581,-4.0240272184213,1.04,-6.95384560171,86dd3a804d78ca5d203ebf98747e8f16dff9713ba8950097ceb760b161e19907,Domains_SSE_PBE
1784,-4.375878736886181,-4.0240272184213,1.04,-6.95384560171,86dd3a804d78ca5d203ebf98747e8f16dff9713ba8950097ceb760b161e19907,Domains_SSE_PBE
1785,-4.37630634109817,-4.0240272184213,1.04,-6.95384560171,86dd3a804d78ca5d203ebf98747e8f16dff9713ba8950097ceb760b161e19907,Domains_SSE_PBE
1786,-4.376734065710597,-4.0240272184213,1.04,-6.95384560171,86dd3a804d78ca5d203ebf98747e8f16dff9713ba8950097ceb760b161e19907,Domains_SSE_PBE
1787,-4.377161910660573,-4.0240272184213,1.04,-6.95384560171,86dd3a804d78ca5d203ebf98747e8f16dff9713ba8950097ceb760b161e19907,Domains_SSE_PBE
1788,-4.37758987588527,-4.0240272184213,1.04,-6.95384560171,86dd3a804d78ca5d203ebf98747e8f16dff9713ba8950097ceb760b161e19907,Domains_SSE_PBE
1789,-4.378017961321925,-4.0240272184213,1.04,-6.95384560171,86dd3a804d78ca5d203ebf98747e8f16dff9713ba8950097ceb760b161e19907,Domains_SSE_PBE
1790,-4.378446166907838,-4.0240272184213,1.04,-6.95384560171,86dd3a804d78ca5d203ebf98747e8f16dff9713ba8950097ceb760b161e19907,Domains_SSE_PBE
1791,-4.378874492580372,-4.0240272184213,1.04,-6.95384560171,86dd3a804d78ca5d203ebf98747e8f16dff9713ba8950097ceb760b161e19907,Domains_SSE_PBE
1792,-4.379302938276952,-4.0240272184213,1.04,-6.95384560171,86dd3a804d78ca5d203ebf98747e8f16dff9713ba8950097ceb760b161e19907,Domains_SSE_PBE
1793,-4.379731503935067,-4.0240272184213,1.04,-6.95384560171,86dd3a804d78ca5d203ebf98747e8f16dff9713ba8950097ceb760b161e19907,Domains_SSE_PBE
1794,-4.380160189492267,-4.0240272184213,1.04,-6.95384560171,86dd3a804d78ca5d203ebf98747e8f16dff9713ba8950097ceb760b161e19907,Domains_SSE_PBE
1795,-4.380588994886169,-4.0240272184213,1.04,-6.95384560171,86dd3a804d78ca5d203ebf98747e8f16dff9713ba8950097ceb760b161e19907,Domains_SSE_PBE
1796,-4.381017920054446,-4.0240272184213,1.04,-6.95384560171,86dd3a804d78ca5d203ebf98747e8f16dff9713ba8950097ceb760b161e19907,Domains_SSE_PBE
1797,-4.381446964934838,-4.0240272184213,1.04,-6.95384560171,86dd3a804d78ca5d203ebf98747e8f16dff9713ba8950097ceb760b161e19907,Domains_SSE_PBE
1798,-4.381876129465146,-4.0240272184213,1.04,-6.95384560171,86dd3a804d78ca5d203ebf98747e8f16dff9713ba8950097ceb760b161e19907,Domains_SSE_PBE
1799,-4.382305413583234,-4.0240272184213,1.04,-6.95384560171,86dd3a804d78ca5d203ebf98747e8f16dff9713ba8950097ceb760b161e19907,Domains_SSE_PBE
1800,-4.382734817227028,-4.0240272184213,1.04,-6.95384560171,86dd3a804d78ca5d203ebf98747e8f16dff9713ba8950097ceb760b161e19907,Domains_SSE_PBE
1801,-4.383164340334515,-4.0240272184213,1.04,-6.95384560171,86dd3a804d78ca5d203ebf98747e8f16dff9713ba8950097ceb760b161e19907,Domains_SSE_PBE
1802,-4.383593982843744,-4.0240272184213,1.04,-6.95384560171,86dd3a804d78ca5d203ebf98747e8f16dff9713ba8950097ceb760b161e19907,Domains_SSE_PBE
1803,-4.384023744692829,-4.0240272184213,1.04,-6.95384560171,86dd3a804d78ca5d203ebf98747e8f16dff9713ba8950097ceb760b161e19907,Domains_SSE_PBE
1804,-4.384453625819942,-4.0240272184213,1.04,-6.95384560171,86dd3a804d78ca5d203ebf98747e8f16dff9713ba8950097ceb760b161e19907,Domains_SSE_PBE
1805,-4.384883626163318,-4.0240272184213,1.04,-6.95384560171,86dd3a804d78ca5d203ebf98747e8f16dff9713ba8950097ceb760b161e19907,Domains_SSE_PBE
1806,-4.385313745661255,-4.0240272184213,1.04,-6.95384560171,86dd3a804d78ca5d203ebf98747e8f16dff9713ba8950097ceb760b161e19907,Domains_SSE_PBE
1807,-4.38574398425211,-4.0240272184213,1.04,-6.95384560171,86dd3a804d78ca5d203ebf98747e8f16dff9713ba8950097ceb760b161e19907,Domains_SSE_PBE
1808,-4.386174341874305,-4.0240272184213,1.04,-6.95384560171,86dd3a804d78ca5d203ebf98747e8f16dff9713ba8950097ceb760b161e19907,Domains_SSE_PBE
1809,-4.386604818466319,-4.0240272184213,1.04,-6.95384560171,86dd3a804d78ca5d203ebf98747e8f16dff9713ba8950097ceb760b161e19907,Domains_SSE_PBE
1810,-4.387035413966696,-4.0240272184213,1.04,-6.95384560171,86dd3a804d78ca5d203ebf98747e8f16dff9713ba8950097ceb760b161e19907,Domains_SSE_PBE
1811,-4.387466128314042,-4.0240272184213,1.04,-6.95384560171,86dd3a804d78ca5d203ebf98747e8f16dff9713ba8950097ceb760b161e19907,Domains_SSE_PBE
1812,-4.387896961447018,-4.0240272184213,1.04,-6.95384560171,86dd3a804d78ca5d203ebf98747e8f16dff9713ba8950097ceb760b161e19907,Domains_SSE_PBE
1813,-4.388327913304352,-4.0240272184213,1.04,-6.95384560171,86dd3a804d78ca5d203ebf98747e8f16dff9713ba8950097ceb760b161e19907,Domains_SSE_PBE
1814,-4.388758983824831,-4.0240272184213,1.04,-6.95384560171,86dd3a804d78ca5d203ebf98747e8f16dff9713ba8950097ceb760b161e19907,Domains_SSE_PBE
1815,-4.389190172947304,-4.0240272184213,1.04,-6.95384560171,86dd3a804d78ca5d203ebf98747e8f16dff9713ba8950097ceb760b161e19907,Domains_SSE_PBE
1816,-4.389621480610677,-4.0240272184213,1.04,-6.95384560171,86dd3a804d78ca5d203ebf98747e8f16dff9713ba8950097ceb760b161e19907,Domains_SSE_PBE
1817,-4.390052906753921,-4.0240272184213,1.04,-6.95384560171,86dd3a804d78ca5d203ebf98747e8f16dff9713ba8950097ceb760b161e19907,Domains_SSE_PBE
1818,-4.390484451316065,-4.0240272184213,1.04,-6.95384560171,86dd3a804d78ca5d203ebf98747e8f16dff9713ba8950097ceb760b161e19907,Domains_SSE_PBE
1819,-4.390916114236201,-4.0240272184213,1.04,-6.95384560171,86dd3a804d78ca5d203ebf98747e8f16dff9713ba8950097ceb760b161e19907,Domains_SSE_PBE
1820,-4.391347895453477,-4.0240272184213,1.04,-6.95384560171,86dd3a804d78ca5d203ebf98747e8f16dff9713ba8950097ceb760b161e19907,Domains_SSE_PBE
1821,-4.391779794907108,-4.0240272184213,1.04,-6.95384560171,86dd3a804d78ca5d203ebf98747e8f16dff9713ba8950097ceb760b161e19907,Domains_SSE_PBE
1822,-4.392211812536362,-4.0240272184213,1.04,-6.95384560171,86dd3a804d78ca5d203ebf98747e8f16dff9713ba8950097ceb760b161e19907,Domains_SSE_PBE
1823,-4.392643948280573,-4.0240272184213,1.04,-6.95384560171,86dd3a804d78ca5d203ebf98747e8f16dff9713ba8950097ceb760b161e19907,Domains_SSE_PBE
1824,-4.393076202079132,-4.0240272184213,1.04,-6.95384560171,86dd3a804d78ca5d203ebf98747e8f16dff9713ba8950097ceb760b161e19907,Domains_SSE_PBE
1825,-4.39350857387149,-4.0240272184213,1.04,-6.95384560171,86dd3a804d78ca5d203ebf98747e8f16dff9713ba8950097ceb760b161e19907,Domains_SSE_PBE
1826,-4.393941063597159,-4.0240272184213,1.04,-6.95384560171,86dd3a804d78ca5d203ebf98747e8f16dff9713ba8950097ceb760b161e19907,Domains_SSE_PBE
1827,-4.39437367119571,-4.0240272184213,1.04,-6.95384560171,86dd3a804d78ca5d203ebf98747e8f16dff9713ba8950097ceb760b161e19907,Domains_SSE_PBE
1828,-4.394806396606776,-4.0240272184213,1.04,-6.95384560171,86dd3a804d78ca5d203ebf98747e8f16dff9713ba8950097ceb760b161e19907,Domains_SSE_PBE
1829,-4.395239239770046,-4.0240272184213,1.04,-6.95384560171,86dd3a804d78ca5d203ebf98747e8f16dff9713ba8950097ceb760b161e19907,Domains_SSE_PBE
1830,-4.395672200625271,-4.0240272184213,1.04,-6.95384560171,86dd3a804d78ca5d203ebf98747e8f16dff9713ba8950097ceb760b161e19907,Domains_SSE_PBE
1831,-4.396105279112261,-4.0240272184213,1.04,-6.95384560171,86dd3a804d78ca5d203ebf98747e8f16dff9713ba8950097ceb760b161e19907,Domains_SSE_PBE
1832,-4.396538475170885,-4.0240272184213,1.04,-6.95384560171,86dd3a804d78ca5d203ebf98747e8f16dff9713ba8950097ceb760b161e19907,Domains_SSE_PBE
1833,-4.396971788741072,-4.0240272184213,1.04,-6.95384560171,86dd3a804d78ca5d203ebf98747e8f16dff9713ba8950097ceb760b161e19907,Domains_SSE_PBE
1834,-4.397405219762811,-4.0240272184213,1.04,-6.95384560171,86dd3a804d78ca5d203ebf98747e8f16dff9713ba8950097ceb760b161e19907,Domains_SSE_PBE
1835,-4.397838768176146,-4.0240272184213,1.04,-6.95384560171,86dd3a804d78ca5d203ebf98747e8f16dff9713ba8950097ceb760b161e19907,Domains_SSE_PBE
1836,-4.398272433921186,-4.0240272184213,1.04,-6.95384560171,86dd3a804d78ca5d203ebf98747e8f16dff9713ba8950097ceb760b161e19907,Domains_SSE_PBE
1837,-4.398706216938093,-4.0240272184213,1.04,-6.95384560171,86dd3a804d78ca5d203ebf98747e8f16dff9713ba8950097ceb760b161e19907,Domains_SSE_PBE
1838,-4.399140117167094,-4.0240272184213,1.04,-6.95384560171,86dd3a804d78ca5d203ebf98747e8f16dff9713ba8950097ceb760b161e19907,Domains_SSE_PBE
1839,-4.39957413454847,-4.0240272184213,1.04,-6.95384560171,86dd3a804d78ca5d203ebf98747e8f16dff9713ba8950097ceb760b161e19907,Domains_SSE_PBE
1840,-4.400008269022563,-4.0240272184213,1.04,-6.95384560171,86dd3a804d78ca5d203ebf98747e8f16dff9713ba8950097ceb760b161e19907,Domains_SSE_PBE
1841,-4.400442520529773,-4.0240272184213,1.04,-6.95384560171,86dd3a804d78ca5d203ebf98747e8f16dff9713ba8950097ceb760b161e19907,Domains_SSE_PBE
1842,-4.40087688901056,-4.0240272184213,1.04,-6.95384560171,86dd3a804d78ca5d203ebf98747e8f16dff9713ba8950097ceb760b161e19907,Domains_SSE_PBE
1843,-4.401311374405439,-4.0240272184213,1.04,-6.95384560171,86dd3a804d78ca5d203ebf98747e8f16dff9713ba8950097ceb760b161e19907,Domains_SSE_PBE
1844,-4.401745976654986,-4.0240272184213,1.04,-6.95384560171,86dd3a804d78ca5d203ebf98747e8f16dff9713ba8950097ceb760b161e19907,Domains_SSE_PBE
1845,-4.402180695699837,-4.0240272184213,1.04,-6.95384560171,86dd3a804d78ca5d203ebf98747e8f16dff9713ba8950097ceb760b161e19907,Domains_SSE_PBE
1846,-4.402615531480682,-4.0240272184213,1.04,-6.95384560171,86dd3a804d78ca5d203ebf98747e8f16dff9713ba8950097ceb760b161e19907,Domains_SSE_PBE
1847,-4.403050483938271,-4.0240272184213,1.04,-6.95384560171,86dd3a804d78ca5d203ebf98747e8f16dff9713ba8950097ceb760b161e19907,Domains_SSE_PBE
1848,-4.403485553013414,-4.0240272184213,1.04,-6.95384560171,86dd3a804d78ca5d203ebf98747e8f16dff9713ba8950097ceb760b161e19907,Domains_SSE_PBE
1849,-4.403920738646977,-4.0240272184213,1.04,-6.95384560171,86dd3a804d78ca5d203ebf98747e8f16dff9713ba8950097ceb760b161e19907,Domains_SSE_PBE
1850,-4.404356040779884,-4.0240272184213,1.04,-6.95384560171,86dd3a804d78ca5d203ebf98747e8f16dff9713ba8950097ceb760b161e19907,Domains_SSE_PBE
1851,-4.404791459353116,-4.0240272184213,1.04,-6.95384560171,86dd3a804d78ca5d203ebf98747e8f16dff9713ba8950097ceb760b161e19907,Domains_SSE_PBE
1852,-4.405226994307714,-4.0240272184213,1.04,-6.95384560171,86dd3a804d78ca5d203ebf98747e8f16dff9713ba8950097ceb760b161e19907,Domains_SSE_PBE
1853,-4.405662645584775,-4.0240272184213,1.04,-6.95384560171,86dd3a804d78ca5d203ebf98747e8f16dff9713ba8950097ceb760b161e19907,Domains_SSE_PBE
1854,-4.406098413125455,-4.0240272184213,1.04,-6.95384560171,86dd3a804d78ca5d203ebf98747e8f16dff9713ba8950097ceb760b161e19907,Domains_SSE_PBE
1855,-4.406534296870966,-4.0240272184213,1.04,-6.95384560171,86dd3a804d78ca5d203ebf98747e8f16dff9713ba8950097ceb760b161e19907,Domains_SSE_PBE
1856,-4.406970296762577,-4.0240272184213,1.04,-6.95384560171,86dd3a804d78ca5d203ebf98747e8f16dff9713ba8950097ceb760b161e19907,Domains_SSE_PBE
1857,-4.407406412741615,-4.0240272184213,1.04,-6.95384560171,86dd3a804d78ca5d203ebf98747e8f16dff9713ba8950097ceb760b161e19907,Domains_SSE_PBE
1858,-4.407842644749468,-4.0240272184213,1.04,-6.95384560171,86dd3a804d78ca5d203ebf98747e8f16dff9713ba8950097ceb760b161e19907,Domains_SSE_PBE
1859,-4.408278992727572,-4.0240272184213,1.04,-6.95384560171,86dd3a804d78ca5d203ebf98747e8f16dff9713ba8950097ceb760b161e19907,Domains_SSE_PBE
1860,-4.408715456617432,-4.0240272184213,1.04,-6.95384560171,86dd3a804d78ca5d203ebf98747e8f16dff9713ba8950097ceb760b161e19907,Domains_SSE_PBE
1861,-4.4091520363606,-4.0240272184213,1.04,-6.95384560171,86dd3a804d78ca5d203ebf98747e8f16dff9713ba8950097ceb760b161e19907,Domains_SSE_PBE
1862,-4.409588731898689,-4.0240272184213,1.04,-6.95384560171,86dd3a804d78ca5d203ebf98747e8f16dff9713ba8950097ceb760b161e19907,Domains_SSE_PBE
1863,-4.41002554317337,-4.0240272184213,1.04,-6.95384560171,86dd3a804d78ca5d203ebf98747e8f16dff9713ba8950097ceb760b161e19907,Domains_SSE_PBE
1864,-4.410462470126369,-4.0240272184213,1.04,-6.95384560171,86dd3a804d78ca5d203ebf98747e8f16dff9713ba8950097ceb760b161e19907,Domains_SSE_PBE
1865,-4.410899512699467,-4.0240272184213,1.04,-6.95384560171,86dd3a804d78ca5d203ebf98747e8f16dff9713ba8950097ceb760b161e19907,Domains_SSE_PBE
1866,-4.411336670834507,-4.0240272184213,1.04,-6.95384560171,86dd3a804d78ca5d203ebf98747e8f16dff9713ba8950097ceb760b161e19907,Domains_SSE_PBE
1867,-4.411773944473383,-4.0240272184213,1.04,-6.95384560171,86dd3a804d78ca5d203ebf98747e8f16dff9713ba8950097ceb760b161e19907,Domains_SSE_PBE
1868,-4.41221133355805,-4.0240272184213,1.04,-6.95384560171,86dd3a804d78ca5d203ebf98747e8f16dff9713ba8950097ceb760b161e19907,Domains_SSE_PBE
1869,-4.412648838030513,-4.0240272184213,1.04,-6.95384560171,86dd3a804d78ca5d203ebf98747e8f16dff9713ba8950097ceb760b161e19907,Domains_SSE_PBE
1870,-4.413086457832842,-4.0240272184213,1.04,-6.95384560171,86dd3a804d78ca5d203ebf98747e8f16dff9713ba8950097ceb760b161e19907,Domains_SSE_PBE
1871,-4.413524192907155,-4.0240272184213,1.04,-6.95384560171,86dd3a804d78ca5d203ebf98747e8f16dff9713ba8950097ceb760b161e19907,Domains_SSE_PBE
1872,-4.413962043195631,-4.0240272184213,1.04,-6.95384560171,86dd3a804d78ca5d203ebf98747e8f16dff9713ba8950097ceb760b161e19907,Domains_SSE_PBE
1873,-4.414400008640504,-4.0240272184213,1.04,-6.95384560171,86dd3a804d78ca5d203ebf98747e8f16dff9713ba8950097ceb760b161e19907,Domains_SSE_PBE
1874,-4.414838089184063,-4.0240272184213,1.04,-6.95384560171,86dd3a804d78ca5d203ebf98747e8f16dff9713ba8950097ceb760b161e19907,Domains_SSE_PBE
1875,-4.415276284768656,-4.0240272184213,1.04,-6.95384560171,86dd3a804d78ca5d203ebf98747e8f16dff9713ba8950097ceb760b161e19907,Domains_SSE_PBE
1876,-4.415714595336681,-4.0240272184213,1.04,-6.95384560171,86dd3a804d78ca5d203ebf98747e8f16dff9713ba8950097ceb760b161e19907,Domains_SSE_PBE
1877,-4.416153020830598,-4.0240272184213,1.04,-6.95384560171,86dd3a804d78ca5d203ebf98747e8f16dff9713ba8950097ceb760b161e19907,Domains_SSE_PBE
1878,-4.416591561192917,-4.0240272184213,1.04,-6.95384560171,86dd3a804d78ca5d203ebf98747e8f16dff9713ba8950097ceb760b161e19907,Domains_SSE_PBE
1879,-4.417030216366211,-4.0240272184213,1.04,-6.95384560171,86dd3a804d78ca5d203ebf98747e8f16dff9713ba8950097ceb760b161e19907,Domains_SSE_PBE
1880,-4.417468986293101,-4.0240272184213,1.04,-6.95384560171,86dd3a804d78ca5d203ebf98747e8f16dff9713ba8950097ceb760b161e19907,Domains_SSE_PBE
1881,-4.417907870916265,-4.0240272184213,1.04,-6.95384560171,86dd3a804d78ca5d203ebf98747e8f16dff9713ba8950097ceb760b161e19907,Domains_SSE_PBE
1882,-4.41834687017844,-4.0240272184213,1.04,-6.95384560171,86dd3a804d78ca5d203ebf98747e8f16dff9713ba8950097ceb760b161e19907,Domains_SSE_PBE
1883,-4.418785984022416,-4.0240272184213,1.04,-6.95384560171,86dd3a804d78ca5d203ebf98747e8f16dff9713ba8950097ceb760b161e19907,Domains_SSE_PBE
1884,-4.419225212391038,-4.0240272184213,1.04,-6.95384560171,86dd3a804d78ca5d203ebf98747e8f16dff9713ba8950097ceb760b161e19907,Domains_SSE_PBE
1885,-4.419664555227206,-4.0240272184213,1.04,-6.95384560171,86dd3a804d78ca5d203ebf98747e8f16dff9713ba8950097ceb760b161e19907,Domains_SSE_PBE
1886,-4.420104012473876,-4.0240272184213,1.04,-6.95384560171,86dd3a804d78ca5d203ebf98747e8f16dff9713ba8950097ceb760b161e19907,Domains_SSE_PBE
1887,-4.420543584074058,-4.0240272184213,1.04,-6.95384560171,86dd3a804d78ca5d203ebf98747e8f16dff9713ba8950097ceb760b161e19907,Domains_SSE_PBE
1888,-4.420983269970819,-4.0240272184213,1.04,-6.95384560171,86dd3a804d78ca5d203ebf98747e8f16dff9713ba8950097ceb760b161e19907,Domains_SSE_PBE
1889,-4.421423070107275,-4.0240272184213,1.04,-6.95384560171,86dd3a804d78ca5d203ebf98747e8f16dff9713ba8950097ceb760b161e19907,Domains_SSE_PBE
1890,-4.421862984426605,-4.0240272184213,1.04,-6.95384560171,86dd3a804d78ca5d203ebf98747e8f16dff9713ba8950097ceb760b161e19907,Domains_SSE_PBE
1891,-4.422303012872037,-4.0240272184213,1.04,-6.95384560171,86dd3a804d78ca5d203ebf98747e8f16dff9713ba8950097ceb760b161e19907,Domains_SSE_PBE
1892,-4.422743155386856,-4.0240272184213,1.04,-6.95384560171,86dd3a804d78ca5d203ebf98747e8f16dff9713ba8950097ceb760b161e19907,Domains_SSE_PBE
1893,-4.423183411914398,-4.0240272184213,1.04,-6.95384560171,86dd3a804d78ca5d203ebf98747e8f16dff9713ba8950097ceb760b161e19907,Domains_SSE_PBE
1894,-4.423623782398061,-4.0240272184213,1.04,-6.95384560171,86dd3a804d78ca5d203ebf98747e8f16dff9713ba8950097ceb760b161e19907,Domains_SSE_PBE
1895,-4.424064266781288,-4.0240272184213,1.04,-6.95384560171,86dd3a804d78ca5d203ebf98747e8f16dff9713ba8950097ceb760b161e19907,Domains_SSE_PBE
1896,-4.424504865007583,-4.0240272184213,1.04,-6.95384560171,86dd3a804d78ca5d203ebf98747e8f16dff9713ba8950097ceb760b161e19907,Domains_SSE_PBE
1897,-4.424945577020501,-4.0240272184213,1.04,-6.95384560171,86dd3a804d78ca5d203ebf98747e8f16dff9713ba8950097ceb760b161e19907,Domains_SSE_PBE
1898,-4.425386402763652,-4.0240272184213,1.04,-6.95384560171,86dd3a804d78ca5d203ebf98747e8f16dff9713ba8950097ceb760b161e19907,Domains_SSE_PBE
1899,-4.425827342180702,-4.0240272184213,1.04,-6.95384560171,86dd3a804d78ca5d203ebf98747e8f16dff9713ba8950097ceb760b161e19907,Domains_SSE_PBE
1900,-4.426268395215367,-4.0240272184213,1.04,-6.95384560171,86dd3a804d78ca5d203ebf98747e8f16dff9713ba8950097ceb760b161e19907,Domains_SSE_PBE
1901,-4.426709561811419,-4.0240272184213,1.04,-6.95384560171,86dd3a804d78ca5d203ebf98747e8f16dff9713ba8950097ceb760b161e19907,Domains_SSE_PBE
1902,-4.427150841912686,-4.0240272184213,1.04,-6.95384560171,86dd3a804d78ca5d203ebf98747e8f16dff9713ba8950097ceb760b161e19907,Domains_SSE_PBE
1903,-4.427592235463048,-4.0240272184213,1.04,-6.95384560171,86dd3a804d78ca5d203ebf98747e8f16dff9713ba8950097ceb760b161e19907,Domains_SSE_PBE
1904,-4.428033742406435,-4.0240272184213,1.04,-6.95384560171,86dd3a804d78ca5d203ebf98747e8f16dff9713ba8950097ceb760b161e19907,Domains_SSE_PBE
1905,-4.428475362686837,-4.0240272184213,1.04,-6.95384560171,86dd3a804d78ca5d203ebf98747e8f16dff9713ba8950097ceb760b161e19907,Domains_SSE_PBE
1906,-4.428917096248294,-4.0240272184213,1.04,-6.95384560171,86dd3a804d78ca5d203ebf98747e8f16dff9713ba8950097ceb760b161e19907,Domains_SSE_PBE
1907,-4.429358943034899,-4.0240272184213,1.04,-6.95384560171,86dd3a804d78ca5d203ebf98747e8f16dff9713ba8950097ceb760b161e19907,Domains_SSE_PBE
1908,-4.4298009029908,-4.0240272184213,1.04,-6.95384560171,86dd3a804d78ca5d203ebf98747e8f16dff9713ba8950097ceb760b161e19907,Domains_SSE_PBE
1909,-4.430242976060198,-4.0240272184213,1.04,-6.95384560171,86dd3a804d78ca5d203ebf98747e8f16dff9713ba8950097ceb760b161e19907,Domains_SSE_PBE
1910,-4.430685162187346,-4.0240272184213,1.04,-6.95384560171,86dd3a804d78ca5d203ebf98747e8f16dff9713ba8950097ceb760b161e19907,Domains_SSE_PBE
1911,-4.431127461316552,-4.0240272184213,1.04,-6.95384560171,86dd3a804d78ca5d203ebf98747e8f16dff9713ba8950097ceb760b161e19907,Domains_SSE_PBE
1912,-4.431569873392177,-4.0240272184213,1.04,-6.95384560171,86dd3a804d78ca5d203ebf98747e8f16dff9713ba8950097ceb760b161e19907,Domains_SSE_PBE
1913,-4.432012398358633,-4.0240272184213,1.04,-6.95384560171,86dd3a804d78ca5d203ebf98747e8f16dff9713ba8950097ceb760b161e19907,Domains_SSE_PBE
1914,-4.432455036160387,-4.0240272184213,1.04,-6.95384560171,86dd3a804d78ca5d203ebf98747e8f16dff9713ba8950097ceb760b161e19907,Domains_SSE_PBE
1915,-4.432897786741957,-4.0240272184213,1.04,-6.95384560171,86dd3a804d78ca5d203ebf98747e8f16dff9713ba8950097ceb760b161e19907,Domains_SSE_PBE
1916,-4.433340650047916,-4.0240272184213,1.04,-6.95384560171,86dd3a804d78ca5d203ebf98747e8f16dff9713ba8950097ceb760b161e19907,Domains_SSE_PBE
1917,-4.43378362602289,-4.0240272184213,1.04,-6.95384560171,86dd3a804d78ca5d203ebf98747e8f16dff9713ba8950097ceb760b161e19907,Domains_SSE_PBE
1918,-4.434226714611553,-4.0240272184213,1.04,-6.95384560171,86dd3a804d78ca5d203ebf98747e8f16dff9713ba8950097ceb760b161e19907,Domains_SSE_PBE
1919,-4.434669915758637,-4.0240272184213,1.04,-6.95384560171,86dd3a804d78ca5d203ebf98747e8f16dff9713ba8950097ceb760b161e19907,Domains_SSE_PBE
1920,-4.435113229408924,-4.0240272184213,1.04,-6.95384560171,86dd3a804d78ca5d203ebf98747e8f16dff9713ba8950097ceb760b161e19907,Domains_SSE_PBE
1921,-4.43555665550725,-4.0240272184213,1.04,-6.95384560171,86dd3a804d78ca5d203ebf98747e8f16dff9713ba8950097ceb760b161e19907,Domains_SSE_PBE
1922,-4.4360001939985,-4.0240272184213,1.04,-6.95384560171,86dd3a804d78ca5d203ebf98747e8f16dff9713ba8950097ceb760b161e19907,Domains_SSE_PBE
1923,-4.436443844827616,-4.0240272184213,1.04,-6.95384560171,86dd3a804d78ca5d203ebf98747e8f16dff9713ba8950097ceb760b161e19907,Domains_SSE_PBE
1924,-4.436887607939588,-4.0240272184213,1.04,-6.95384560171,86dd3a804d78ca5d203ebf98747e8f16dff9713ba8950097ceb760b161e19907,Domains_SSE_PBE
1925,-4.437331483279459,-4.0240272184213,1.04,-6.95384560171,86dd3a804d78ca5d203ebf98747e8f16dff9713ba8950097ceb760b161e19907,Domains_SSE_PBE
1926,-4.437775470792329,-4.0240272184213,1.04,-6.95384560171,86dd3a804d78ca5d203ebf98747e8f16dff9713ba8950097ceb760b161e19907,Domains_SSE_PBE
1927,-4.438219570423343,-4.0240272184213,1.04,-6.95384560171,86dd3a804d78ca5d203ebf98747e8f16dff9713ba8950097ceb760b161e19907,Domains_SSE_PBE
1928,-4.438663782117701,-4.0240272184213,1.04,-6.95384560171,86dd3a804d78ca5d203ebf98747e8f16dff9713ba8950097ceb760b161e19907,Domains_SSE_PBE
1929,-4.439108105820656,-4.0240272184213,1.04,-6.95384560171,86dd3a804d78ca5d203ebf98747e8f16dff9713ba8950097ceb760b161e19907,Domains_SSE_PBE
1930,-4.439552541477513,-4.0240272184213,1.04,-6.95384560171,86dd3a804d78ca5d203ebf98747e8f16dff9713ba8950097ceb760b161e19907,Domains_SSE_PBE
1931,-4.439997089033623,-4.0240272184213,1.04,-6.95384560171,86dd3a804d78ca5d203ebf98747e8f16dff9713ba8950097ceb760b161e19907,Domains_SSE_PBE
1932,-4.440441748434396,-4.0240272184213,1.04,-6.95384560171,86dd3a804d78ca5d203ebf98747e8f16dff9713ba8950097ceb760b161e19907,Domains_SSE_PBE
1933,-4.440886519625291,-4.0240272184213,1.04,-6.95384560171,86dd3a804d78ca5d203ebf98747e8f16dff9713ba8950097ceb760b161e19907,Domains_SSE_PBE
1934,-4.441331402551818,-4.0240272184213,1.04,-6.95384560171,86dd3a804d78ca5d203ebf98747e8f16dff9713ba8950097ceb760b161e19907,Domains_SSE_PBE
1935,-4.441776397159537,-4.0240272184213,1.04,-6.95384560171,86dd3a804d78ca5d203ebf98747e8f16dff9713ba8950097ceb760b161e19907,Domains_SSE_PBE
1936,-4.442221503394063,-4.0240272184213,1.04,-6.95384560171,86dd3a804d78ca5d203ebf98747e8f16dff9713ba8950097ceb760b161e19907,Domains_SSE_PBE
1937,-4.442666721201059,-4.0240272184213,1.04,-6.95384560171,86dd3a804d78ca5d203ebf98747e8f16dff9713ba8950097ceb760b161e19907,Domains_SSE_PBE
1938,-4.443112050526242,-4.0240272184213,1.04,-6.95384560171,86dd3a804d78ca5d203ebf98747e8f16dff9713ba8950097ceb760b161e19907,Domains_SSE_PBE
1939,-4.443557491315376,-4.0240272184213,1.04,-6.95384560171,86dd3a804d78ca5d203ebf98747e8f16dff9713ba8950097ceb760b161e19907,Domains_SSE_PBE
1940,-4.444003043514281,-4.0240272184213,1.04,-6.95384560171,86dd3a804d78ca5d203ebf98747e8f16dff9713ba8950097ceb760b161e19907,Domains_SSE_PBE
1941,-4.444448707068826,-4.0240272184213,1.04,-6.95384560171,86dd3a804d78ca5d203ebf98747e8f16dff9713ba8950097ceb760b161e19907,Domains_SSE_PBE
1942,-4.44489448192493,-4.0240272184213,1.04,-6.95384560171,86dd3a804d78ca5d203ebf98747e8f16dff9713ba8950097ceb760b161e19907,Domains_SSE_PBE
1943,-4.445340368028562,-4.0240272184213,1.04,-6.95384560171,86dd3a804d78ca5d203ebf98747e8f16dff9713ba8950097ceb760b161e19907,Domains_SSE_PBE
1944,-4.445786365325748,-4.0240272184213,1.04,-6.95384560171,86dd3a804d78ca5d203ebf98747e8f16dff9713ba8950097ceb760b161e19907,Domains_SSE_PBE
1945,-4.446232473762556,-4.0240272184213,1.04,-6.95384560171,86dd3a804d78ca5d203ebf98747e8f16dff9713ba8950097ceb760b161e19907,Domains_SSE_PBE
1946,-4.446678693285112,-4.0240272184213,1.04,-6.95384560171,86dd3a804d78ca5d203ebf98747e8f16dff9713ba8950097ceb760b161e19907,Domains_SSE_PBE
1947,-4.447125023839586,-4.0240272184213,1.04,-6.95384560171,86dd3a804d78ca5d203ebf98747e8f16dff9713ba8950097ceb760b161e19907,Domains_SSE_PBE
1948,-4.447571465372206,-4.0240272184213,1.04,-6.95384560171,86dd3a804d78ca5d203ebf98747e8f16dff9713ba8950097ceb760b161e19907,Domains_SSE_PBE
1949,-4.448018017829244,-4.0240272184213,1.04,-6.95384560171,86dd3a804d78ca5d203ebf98747e8f16dff9713ba8950097ceb760b161e19907,Domains_SSE_PBE
1950,-4.448464681157025,-4.0240272184213,1.04,-6.95384560171,86dd3a804d78ca5d203ebf98747e8f16dff9713ba8950097ceb760b161e19907,Domains_SSE_PBE
1951,-4.448911455301926,-4.0240272184213,1.04,-6.95384560171,86dd3a804d78ca5d203ebf98747e8f16dff9713ba8950097ceb760b161e19907,Domains_SSE_PBE
1952,-4.449358340210371,-4.0240272184213,1.04,-6.95384560171,86dd3a804d78ca5d203ebf98747e8f16dff9713ba8950097ceb760b161e19907,Domains_SSE_PBE
1953,-4.449805335828837,-4.0240272184213,1.04,-6.95384560171,86dd3a804d78ca5d203ebf98747e8f16dff9713ba8950097ceb760b161e19907,Domains_SSE_PBE
1954,-4.450252442103849,-4.0240272184213,1.04,-6.95384560171,86dd3a804d78ca5d203ebf98747e8f16dff9713ba8950097ceb760b161e19907,Domains_SSE_PBE
1955,-4.450699658981983,-4.0240272184213,1.04,-6.95384560171,86dd3a804d78ca5d203ebf98747e8f16dff9713ba8950097ceb760b161e19907,Domains_SSE_PBE
1956,-4.451146986409865,-4.0240272184213,1.04,-6.95384560171,86dd3a804d78ca5d203ebf98747e8f16dff9713ba8950097ceb760b161e19907,Domains_SSE_PBE
1957,-4.451594424334172,-4.0240272184213,1.04,-6.95384560171,86dd3a804d78ca5d203ebf98747e8f16dff9713ba8950097ceb760b161e19907,Domains_SSE_PBE
1958,-4.452041972701629,-4.0240272184213,1.04,-6.95384560171,86dd3a804d78ca5d203ebf98747e8f16dff9713ba8950097ceb760b161e19907,Domains_SSE_PBE
1959,-4.452489631459011,-4.0240272184213,1.04,-6.95384560171,86dd3a804d78ca5d203ebf98747e8f16dff9713ba8950097ceb760b161e19907,Domains_SSE_PBE
1960,-4.452937400553145,-4.0240272184213,1.04,-6.95384560171,86dd3a804d78ca5d203ebf98747e8f16dff9713ba8950097ceb760b161e19907,Domains_SSE_PBE
1961,-4.453385279930903,-4.0240272184213,1.04,-6.95384560171,86dd3a804d78ca5d203ebf98747e8f16dff9713ba8950097ceb760b161e19907,Domains_SSE_PBE
1962,-4.453833269539213,-4.0240272184213,1.04,-6.95384560171,86dd3a804d78ca5d203ebf98747e8f16dff9713ba8950097ceb760b161e19907,Domains_SSE_PBE
1963,-4.454281369325047,-4.0240272184213,1.04,-6.95384560171,86dd3a804d78ca5d203ebf98747e8f16dff9713ba8950097ceb760b161e19907,Domains_SSE_PBE
1964,-4.454729579235428,-4.0240272184213,1.04,-6.95384560171,86dd3a804d78ca5d203ebf98747e8f16dff9713ba8950097ceb760b161e19907,Domains_SSE_PBE
1965,-4.45517789921743,-4.0240272184213,1.04,-6.95384560171,86dd3a804d78ca5d203ebf98747e8f16dff9713ba8950097ceb760b161e19907,Domains_SSE_PBE
1966,-4.455626329218175,-4.0240272184213,1.04,-6.95384560171,86dd3a804d78ca5d203ebf98747e8f16dff9713ba8950097ceb760b161e19907,Domains_SSE_PBE
1967,-4.456074869184835,-4.0240272184213,1.04,-6.95384560171,86dd3a804d78ca5d203ebf98747e8f16dff9713ba8950097ceb760b161e19907,Domains_SSE_PBE
1968,-4.456523519064629,-4.0240272184213,1.04,-6.95384560171,86dd3a804d78ca5d203ebf98747e8f16dff9713ba8950097ceb760b161e19907,Domains_SSE_PBE
1969,-4.45697227880483,-4.0240272184213,1.04,-6.95384560171,86dd3a804d78ca5d203ebf98747e8f16dff9713ba8950097ceb760b161e19907,Domains_SSE_PBE
1970,-4.457421148352753,-4.0240272184213,1.04,-6.95384560171,86dd3a804d78ca5d203ebf98747e8f16dff9713ba8950097ceb760b161e19907,Domains_SSE_PBE
1971,-4.45787012765577,-4.0240272184213,1.04,-6.95384560171,86dd3a804d78ca5d203ebf98747e8f16dff9713ba8950097ceb760b161e19907,Domains_SSE_PBE
1972,-4.458319216661294,-4.0240272184213,1.04,-6.95384560171,86dd3a804d78ca5d203ebf98747e8f16dff9713ba8950097ceb760b161e19907,Domains_SSE_PBE
1973,-4.458768415316793,-4.0240272184213,1.04,-6.95384560171,86dd3a804d78ca5d203ebf98747e8f16dff9713ba8950097ceb760b161e19907,Domains_SSE_PBE
1974,-4.45921772356978,-4.0240272184213,1.04,-6.95384560171,86dd3a804d78ca5d203ebf98747e8f16dff9713ba8950097ceb760b161e19907,Domains_SSE_PBE
1975,-4.459667141367819,-4.0240272184213,1.04,-6.95384560171,86dd3a804d78ca5d203ebf98747e8f16dff9713ba8950097ceb760b161e19907,Domains_SSE_PBE
1976,-4.460116668658522,-4.0240272184213,1.04,-6.95384560171,86dd3a804d78ca5d203ebf98747e8f16dff9713ba8950097ceb760b161e19907,Domains_SSE_PBE
1977,-4.460566305389548,-4.0240272184213,1.04,-6.95384560171,86dd3a804d78ca5d203ebf98747e8f16dff9713ba8950097ceb760b161e19907,Domains_SSE_PBE
1978,-4.461016051508609,-4.0240272184213,1.04,-6.95384560171,86dd3a804d78ca5d203ebf98747e8f16dff9713ba8950097ceb760b161e19907,Domains_SSE_PBE
1979,-4.461465906963459,-4.0240272184213,1.04,-6.95384560171,86dd3a804d78ca5d203ebf98747e8f16dff9713ba8950097ceb760b161e19907,Domains_SSE_PBE
1980,-4.461915871701906,-4.0240272184213,1.04,-6.95384560171,86dd3a804d78ca5d203ebf98747e8f16dff9713ba8950097ceb760b161e19907,Domains_SSE_PBE
1981,-4.462365945671802,-4.0240272184213,1.04,-6.95384560171,86dd3a804d78ca5d203ebf98747e8f16dff9713ba8950097ceb760b161e19907,Domains_SSE_PBE
1982,-4.462816128821053,-4.0240272184213,1.04,-6.95384560171,86dd3a804d78ca5d203ebf98747e8f16dff9713ba8950097ceb760b161e19907,Domains_SSE_PBE
1983,-4.463266421097607,-4.0240272184213,1.04,-6.95384560171,86dd3a804d78ca5d203ebf98747e8f16dff9713ba8950097ceb760b161e19907,Domains_SSE_PBE
1984,-4.463716822449462,-4.0240272184213,1.04,-6.95384560171,86dd3a804d78ca5d203ebf98747e8f16dff9713ba8950097ceb760b161e19907,Domains_SSE_PBE
1985,-4.464167332824669,-4.0240272184213,1.04,-6.95384560171,86dd3a804d78ca5d203ebf98747e8f16dff9713ba8950097ceb760b161e19907,Domains_SSE_PBE
1986,-4.464617952171318,-4.0240272184213,1.04,-6.95384560171,86dd3a804d78ca5d203ebf98747e8f16dff9713ba8950097ceb760b161e19907,Domains_SSE_PBE
1987,-4.465068680437554,-4.0240272184213,1.04,-6.95384560171,86dd3a804d78ca5d203ebf98747e8f16dff9713ba8950097ceb760b161e19907,Domains_SSE_PBE
1988,-4.465519517571569,-4.0240272184213,1.04,-6.95384560171,86dd3a804d78ca5d203ebf98747e8f16dff9713ba8950097ceb760b161e19907,Domains_SSE_PBE
1989,-4.465970463521599,-4.0240272184213,1.04,-6.95384560171,86dd3a804d78ca5d203ebf98747e8f16dff9713ba8950097ceb760b161e19907,Domains_SSE_PBE
1990,-4.466421518235933,-4.0240272184213,1.04,-6.95384560171,86dd3a804d78ca5d203ebf98747e8f16dff9713ba8950097ceb760b161e19907,Domains_SSE_PBE
1991,-4.466872681662903,-4.0240272184213,1.04,-6.95384560171,86dd3a804d78ca5d203ebf98747e8f16dff9713ba8950097ceb760b161e19907,Domains_SSE_PBE
1992,-4.46732395375089,-4.0240272184213,1.04,-6.95384560171,86dd3a804d78ca5d203ebf98747e8f16dff9713ba8950097ceb760b161e19907,Domains_SSE_PBE
1993,-4.467775334448325,-4.0240272184213,1.04,-6.95384560171,86dd3a804d78ca5d203ebf98747e8f16dff9713ba8950097ceb760b161e19907,Domains_SSE_PBE
1994,-4.468226823703684,-4.0240272184213,1.04,-6.95384560171,86dd3a804d78ca5d203ebf98747e8f16dff9713ba8950097ceb760b161e19907,Domains_SSE_PBE
1995,-4.468678421465491,-4.0240272184213,1.04,-6.95384560171,86dd3a804d78ca5d203ebf98747e8f16dff9713ba8950097ceb760b161e19907,Domains_SSE_PBE
1996,-4.469130127682317,-4.0240272184213,1.04,-6.95384560171,86dd3a804d78ca5d203ebf98747e8f16dff9713ba8950097ceb760b161e19907,Domains_SSE_PBE
1997,-4.469581942302782,-4.0240272184213,1.04,-6.95384560171,86dd3a804d78ca5d203ebf98747e8f16dff9713ba8950097ceb760b161e19907,Domains_SSE_PBE
1998,-4.470033865275552,-4.0240272184213,1.04,-6.95384560171,86dd3a804d78ca5d203ebf98747e8f16dff9713ba8950097ceb760b161e19907,Domains_SSE_PBE
1999,-4.470485896549339,-4.0240272184213,1.04,-6.95384560171,86dd3a804d78ca5d203ebf98747e8f16dff9713ba8950097ceb760b161e19907,Domains_SSE_PBE
2000,-4.470938036072903,-4.0240272184213,1.04,-6.95384560171,86dd3a804d78ca5d203ebf98747e8f16dff9713ba8950097ceb760b161e19907,Domains_SSE_PBE
2001,-4.471390283795055,-4.0240272184213,1.04,-6.95384560171,86dd3a804d78ca5d203ebf98747e8f16dff9713ba8950097ceb760b161e19907,Domains_SSE_PBE
2002,-4.471842639664644,-4.0240272184213,1.04,-6.95384560171,86dd3a804d78ca5d203ebf98747e8f16dff9713ba8950097ceb760b161e19907,Domains_SSE_PBE
2003,-4.472295103630578,-4.0240272184213,1.04,-6.95384560171,86dd3a804d78ca5d203ebf98747e8f16dff9713ba8950097ceb760b161e19907,Domains_SSE_PBE
2004,-4.472747675641798,-4.0240272184213,1.04,-6.95384560171,86dd3a804d78ca5d203ebf98747e8f16dff9713ba8950097ceb760b161e19907,Domains_SSE_PBE
2005,-4.473200355647304,-4.0240272184213,1.04,-6.95384560171,86dd3a804d78ca5d203ebf98747e8f16dff9713ba8950097ceb760b161e19907,Domains_SSE_PBE
2006,-4.473653143596135,-4.0240272184213,1.04,-6.95384560171,86dd3a804d78ca5d203ebf98747e8f16dff9713ba8950097ceb760b161e19907,Domains_SSE_PBE
2007,-4.474106039437382,-4.0240272184213,1.04,-6.95384560171,86dd3a804d78ca5d203ebf98747e8f16dff9713ba8950097ceb760b161e19907,Domains_SSE_PBE
2008,-4.474559043120178,-4.0240272184213,1.04,-6.95384560171,86dd3a804d78ca5d203ebf98747e8f16dff9713ba8950097ceb760b161e19907,Domains_SSE_PBE
2009,-4.475012154593706,-4.0240272184213,1.04,-6.95384560171,86dd3a804d78ca5d203ebf98747e8f16dff9713ba8950097ceb760b161e19907,Domains_SSE_PBE
2010,-4.475465373807193,-4.0240272184213,1.04,-6.95384560171,86dd3a804d78ca5d203ebf98747e8f16dff9713ba8950097ceb760b161e19907,Domains_SSE_PBE
2011,-4.475918700709915,-4.0240272184213,1.04,-6.95384560171,86dd3a804d78ca5d203ebf98747e8f16dff9713ba8950097ceb760b161e19907,Domains_SSE_PBE
2012,-4.476372135251191,-4.0240272184213,1.04,-6.95384560171,86dd3a804d78ca5d203ebf98747e8f16dff9713ba8950097ceb760b161e19907,Domains_SSE_PBE
2013,-4.476825677380391,-4.0240272184213,1.04,-6.95384560171,86dd3a804d78ca5d203ebf98747e8f16dff9713ba8950097ceb760b161e19907,Domains_SSE_PBE
2014,-4.477279327046925,-4.0240272184213,1.04,-6.95384560171,86dd3a804d78ca5d203ebf98747e8f16dff9713ba8950097ceb760b161e19907,Domains_SSE_PBE
2015,-4.477733084200255,-4.0240272184213,1.04,-6.95384560171,86dd3a804d78ca5d203ebf98747e8f16dff9713ba8950097ceb760b161e19907,Domains_SSE_PBE
2016,-4.478186948789887,-4.0240272184213,1.04,-6.95384560171,86dd3a804d78ca5d203ebf98747e8f16dff9713ba8950097ceb760b161e19907,Domains_SSE_PBE
2017,-4.478640920765372,-4.0240272184213,1.04,-6.95384560171,86dd3a804d78ca5d203ebf98747e8f16dff9713ba8950097ceb760b161e19907,Domains_SSE_PBE
2018,-4.479095000076309,-4.0240272184213,1.04,-6.95384560171,86dd3a804d78ca5d203ebf98747e8f16dff9713ba8950097ceb760b161e19907,Domains_SSE_PBE
2019,-4.47954918667234,-4.0240272184213,1.04,-6.95384560171,86dd3a804d78ca5d203ebf98747e8f16dff9713ba8950097ceb760b161e19907,Domains_SSE_PBE
2020,-4.480003480503155,-4.0240272184213,1.04,-6.95384560171,86dd3a804d78ca5d203ebf98747e8f16dff9713ba8950097ceb760b161e19907,Domains_SSE_PBE
2021,-4.480457881518492,-4.0240272184213,1.04,-6.95384560171,86dd3a804d78ca5d203ebf98747e8f16dff9713ba8950097ceb760b161e19907,Domains_SSE_PBE
2022,-4.48091238966813,-4.0240272184213,1.04,-6.95384560171,86dd3a804d78ca5d203ebf98747e8f16dff9713ba8950097ceb760b161e19907,Domains_SSE_PBE
2023,-4.481367004901897,-4.0240272184213,1.04,-6.95384560171,86dd3a804d78ca5d203ebf98747e8f16dff9713ba8950097ceb760b161e19907,Domains_SSE_PBE
2024,-4.481821727169667,-4.0240272184213,1.04,-6.95384560171,86dd3a804d78ca5d203ebf98747e8f16dff9713ba8950097ceb760b161e19907,Domains_SSE_PBE
2025,-4.482276556421354,-4.0240272184213,1.04,-6.95384560171,86dd3a804d78ca5d203ebf98747e8f16dff9713ba8950097ceb760b161e19907,Domains_SSE_PBE
2026,-4.482731492606926,-4.0240272184213,1.04,-6.95384560171,86dd3a804d78ca5d203ebf98747e8f16dff9713ba8950097ceb760b161e19907,Domains_SSE_PBE
2027,-4.48318653567639,-4.0240272184213,1.04,-6.95384560171,86dd3a804d78ca5d203ebf98747e8f16dff9713ba8950097ceb760b161e19907,Domains_SSE_PBE
2028,-4.483641685579801,-4.0240272184213,1.04,-6.95384560171,86dd3a804d78ca5d203ebf98747e8f16dff9713ba8950097ceb760b161e19907,Domains_SSE_PBE
2029,-4.484096942267261,-4.0240272184213,1.04,-6.95384560171,86dd3a804d78ca5d203ebf98747e8f16dff9713ba8950097ceb760b161e19907,Domains_SSE_PBE
2030,-4.484552305688912,-4.0240272184213,1.04,-6.95384560171,86dd3a804d78ca5d203ebf98747e8f16dff9713ba8950097ceb760b161e19907,Domains_SSE_PBE
2031,-4.485007775794947,-4.0240272184213,1.04,-6.95384560171,86dd3a804d78ca5d203ebf98747e8f16dff9713ba8950097ceb760b161e19907,Domains_SSE_PBE
2032,-4.4854633525356,-4.0240272184213,1.04,-6.95384560171,86dd3a804d78ca5d203ebf98747e8f16dff9713ba8950097ceb760b161e19907,Domains_SSE_PBE
2033,-4.485919035861154,-4.0240272184213,1.04,-6.95384560171,86dd3a804d78ca5d203ebf98747e8f16dff9713ba8950097ceb760b161e19907,Domains_SSE_PBE
2034,-4.486374825721932,-4.0240272184213,1.04,-6.95384560171,86dd3a804d78ca5d203ebf98747e8f16dff9713ba8950097ceb760b161e19907,Domains_SSE_PBE
2035,-4.486830722068308,-4.0240272184213,1.04,-6.95384560171,86dd3a804d78ca5d203ebf98747e8f16dff9713ba8950097ceb760b161e19907,Domains_SSE_PBE
2036,-4.487286724850692,-4.0240272184213,1.04,-6.95384560171,86dd3a804d78ca5d203ebf98747e8f16dff9713ba8950097ceb760b161e19907,Domains_SSE_PBE
2037,-4.487742834019552,-4.0240272184213,1.04,-6.95384560171,86dd3a804d78ca5d203ebf98747e8f16dff9713ba8950097ceb760b161e19907,Domains_SSE_PBE
2038,-4.488199049525389,-4.0240272184213,1.04,-6.95384560171,86dd3a804d78ca5d203ebf98747e8f16dff9713ba8950097ceb760b161e19907,Domains_SSE_PBE
2039,-4.488655371318754,-4.0240272184213,1.04,-6.95384560171,86dd3a804d78ca5d203ebf98747e8f16dff9713ba8950097ceb760b161e19907,Domains_SSE_PBE
2040,-4.489111799350241,-4.0240272184213,1.04,-6.95384560171,86dd3a804d78ca5d203ebf98747e8f16dff9713ba8950097ceb760b161e19907,Domains_SSE_PBE
2041,-4.48956833357049,-4.0240272184213,1.04,-6.95384560171,86dd3a804d78ca5d203ebf98747e8f16dff9713ba8950097ceb760b161e19907,Domains_SSE_PBE
2042,-4.490024973930186,-4.0240272184213,1.04,-6.95384560171,86dd3a804d78ca5d203ebf98747e8f16dff9713ba8950097ceb760b161e19907,Domains_SSE_PBE
2043,-4.490481720380057,-4.0240272184213,1.04,-6.95384560171,86dd3a804d78ca5d203ebf98747e8f16dff9713ba8950097ceb760b161e19907,Domains_SSE_PBE
2044,-4.490938572870876,-4.0240272184213,1.04,-6.95384560171,86dd3a804d78ca5d203ebf98747e8f16dff9713ba8950097ceb760b161e19907,Domains_SSE_PBE
2045,-4.49139553135346,-4.0240272184213,1.04,-6.95384560171,86dd3a804d78ca5d203ebf98747e8f16dff9713ba8950097ceb760b161e19907,Domains_SSE_PBE
2046,-4.491852595778671,-4.0240272184213,1.04,-6.95384560171,86dd3a804d78ca5d203ebf98747e8f16dff9713ba8950097ceb760b161e19907,Domains_SSE_PBE
2047,-4.492309766097414,-4.0240272184213,1.04,-6.95384560171,86dd3a804d78ca5d203ebf98747e8f16dff9713ba8950097ceb760b161e19907,Domains_SSE_PBE
2048,-4.492767042260642,-4.0240272184213,1.04,-6.95384560171,86dd3a804d78ca5d203ebf98747e8f16dff9713ba8950097ceb760b161e19907,Domains_SSE_PBE
2049,-4.493224424219346,-4.0240272184213,1.04,-6.95384560171,86dd3a804d78ca5d203ebf98747e8f16dff9713ba8950097ceb760b161e19907,Domains_SSE_PBE
2050,-4.493681911924567,-4.0240272184213,1.04,-6.95384560171,86dd3a804d78ca5d203ebf98747e8f16dff9713ba8950097ceb760b161e19907,Domains_SSE_PBE
2051,-4.494139505327387,-4.0240272184213,1.04,-6.95384560171,86dd3a804d78ca5d203ebf98747e8f16dff9713ba8950097ceb760b161e19907,Domains_SSE_PBE
2052,-4.494597204378932,-4.0240272184213,1.04,-6.95384560171,86dd3a804d78ca5d203ebf98747e8f16dff9713ba8950097ceb760b161e19907,Domains_SSE_PBE
2053,-4.495055009030373,-4.0240272184213,1.04,-6.95384560171,86dd3a804d78ca5d203ebf98747e8f16dff9713ba8950097ceb760b161e19907,Domains_SSE_PBE
2054,-4.495512919232924,-4.0240272184213,1.04,-6.95384560171,86dd3a804d78ca5d203ebf98747e8f16dff9713ba8950097ceb760b161e19907,Domains_SSE_PBE
2055,-4.495970934937843,-4.0240272184213,1.04,-6.95384560171,86dd3a804d78ca5d203ebf98747e8f16dff9713ba8950097ceb760b161e19907,Domains_SSE_PBE
2056,-4.496429056096433,-4.0240272184213,1.04,-6.95384560171,86dd3a804d78ca5d203ebf98747e8f16dff9713ba8950097ceb760b161e19907,Domains_SSE_PBE
2057,-4.496887282660039,-4.0240272184213,1.04,-6.95384560171,86dd3a804d78ca5d203ebf98747e8f16dff9713ba8950097ceb760b161e19907,Domains_SSE_PBE
2058,-4.49734561458005,-4.0240272184213,1.04,-6.95384560171,86dd3a804d78ca5d203ebf98747e8f16dff9713ba8950097ceb760b161e19907,Domains_SSE_PBE
2059,-4.497804051807899,-4.0240272184213,1.04,-6.95384560171,86dd3a804d78ca5d203ebf98747e8f16dff9713ba8950097ceb760b161e19907,Domains_SSE_PBE
2060,-4.498262594295062,-4.0240272184213,1.04,-6.95384560171,86dd3a804d78ca5d203ebf98747e8f16dff9713ba8950097ceb760b161e19907,Domains_SSE_PBE
2061,-4.498721241993061,-4.0240272184213,1.04,-6.95384560171,86dd3a804d78ca5d203ebf98747e8f16dff9713ba8950097ceb760b161e19907,Domains_SSE_PBE
2062,-4.499179994853457,-4.0240272184213,1.04,-6.95384560171,86dd3a804d78ca5d203ebf98747e8f16dff9713ba8950097ceb760b161e19907,Domains_SSE_PBE
2063,-4.499638852827859,-4.0240272184213,1.04,-6.95384560171,86dd3a804d78ca5d203ebf98747e8f16dff9713ba8950097ceb760b161e19907,Domains_SSE_PBE
2064,-4.500097815867913,-4.0240272184213,1.04,-6.95384560171,86dd3a804d78ca5d203ebf98747e8f16dff9713ba8950097ceb760b161e19907,Domains_SSE_PBE
2065,-4.500556883925316,-4.0240272184213,1.04,-6.95384560171,86dd3a804d78ca5d203ebf98747e8f16dff9713ba8950097ceb760b161e19907,Domains_SSE_PBE
2066,-4.501016056951803,-4.0240272184213,1.04,-6.95384560171,86dd3a804d78ca5d203ebf98747e8f16dff9713ba8950097ceb760b161e19907,Domains_SSE_PBE
2067,-4.501475334899156,-4.0240272184213,1.04,-6.95384560171,86dd3a804d78ca5d203ebf98747e8f16dff9713ba8950097ceb760b161e19907,Domains_SSE_PBE
2068,-4.501934717719193,-4.0240272184213,1.04,-6.95384560171,86dd3a804d78ca5d203ebf98747e8f16dff9713ba8950097ceb760b161e19907,Domains_SSE_PBE
2069,-4.502394205363783,-4.0240272184213,1.04,-6.95384560171,86dd3a804d78ca5d203ebf98747e8f16dff9713ba8950097ceb760b161e19907,Domains_SSE_PBE
2070,-4.502853797784835,-4.0240272184213,1.04,-6.95384560171,86dd3a804d78ca5d203ebf98747e8f16dff9713ba8950097ceb760b161e19907,Domains_SSE_PBE
2071,-4.503313494934297,-4.0240272184213,1.04,-6.95384560171,86dd3a804d78ca5d203ebf98747e8f16dff9713ba8950097ceb760b161e19907,Domains_SSE_PBE
2072,-4.503773296764168,-4.0240272184213,1.04,-6.95384560171,86dd3a804d78ca5d203ebf98747e8f16dff9713ba8950097ceb760b161e19907,Domains_SSE_PBE
2073,-4.504233203226482,-4.0240272184213,1.04,-6.95384560171,86dd3a804d78ca5d203ebf98747e8f16dff9713ba8950097ceb760b161e19907,Domains_SSE_PBE
2074,-4.50469321427332,-4.0240272184213,1.04,-6.95384560171,86dd3a804d78ca5d203ebf98747e8f16dff9713ba8950097ceb760b161e19907,Domains_SSE_PBE
2075,-4.505153329856805,-4.0240272184213,1.04,-6.95384560171,86dd3a804d78ca5d203ebf98747e8f16dff9713ba8950097ceb760b161e19907,Domains_SSE_PBE
2076,-4.505613549929104,-4.0240272184213,1.04,-6.95384560171,86dd3a804d78ca5d203ebf98747e8f16dff9713ba8950097ceb760b161e19907,Domains_SSE_PBE
2077,-4.506073874442422,-4.0240272184213,1.04,-6.95384560171,86dd3a804d78ca5d203ebf98747e8f16dff9713ba8950097ceb760b161e19907,Domains_SSE_PBE
2078,-4.50653430334901,-4.0240272184213,1.04,-6.95384560171,86dd3a804d78ca5d203ebf98747e8f16dff9713ba8950097ceb760b161e19907,Domains_SSE_PBE
2079,-4.506994836601162,-4.0240272184213,1.04,-6.95384560171,86dd3a804d78ca5d203ebf98747e8f16dff9713ba8950097ceb760b161e19907,Domains_SSE_PBE
2080,-4.507455474151213,-4.0240272184213,1.04,-6.95384560171,86dd3a804d78ca5d203ebf98747e8f16dff9713ba8950097ceb760b161e19907,Domains_SSE_PBE
2081,-4.50791621595154,-4.0240272184213,1.04,-6.95384560171,86dd3a804d78ca5d203ebf98747e8f16dff9713ba8950097ceb760b161e19907,Domains_SSE_PBE
2082,-4.508377061954564,-4.0240272184213,1.04,-6.95384560171,86dd3a804d78ca5d203ebf98747e8f16dff9713ba8950097ceb760b161e19907,Domains_SSE_PBE
2083,-4.508838012112745,-4.0240272184213,1.04,-6.95384560171,86dd3a804d78ca5d203ebf98747e8f16dff9713ba8950097ceb760b161e19907,Domains_SSE_PBE
2084,-4.509299066378592,-4.0240272184213,1.04,-6.95384560171,86dd3a804d78ca5d203ebf98747e8f16dff9713ba8950097ceb760b161e19907,Domains_SSE_PBE
2085,-4.509760224704648,-4.0240272184213,1.04,-6.95384560171,86dd3a804d78ca5d203ebf98747e8f16dff9713ba8950097ceb760b161e19907,Domains_SSE_PBE
2086,-4.510221487043502,-4.0240272184213,1.04,-6.95384560171,86dd3a804d78ca5d203ebf98747e8f16dff9713ba8950097ceb760b161e19907,Domains_SSE_PBE
2087,-4.510682853347785,-4.0240272184213,1.04,-6.95384560171,86dd3a804d78ca5d203ebf98747e8f16dff9713ba8950097ceb760b161e19907,Domains_SSE_PBE
2088,-4.511144323570169,-4.0240272184213,1.04,-6.95384560171,86dd3a804d78ca5d203ebf98747e8f16dff9713ba8950097ceb760b161e19907,Domains_SSE_PBE
2089,-4.511605897663371,-4.0240272184213,1.04,-6.95384560171,86dd3a804d78ca5d203ebf98747e8f16dff9713ba8950097ceb760b161e19907,Domains_SSE_PBE
2090,-4.512067575580144,-4.0240272184213,1.04,-6.95384560171,86dd3a804d78ca5d203ebf98747e8f16dff9713ba8950097ceb760b161e19907,Domains_SSE_PBE
2091,-4.51252935727329,-4.0240272184213,1.04,-6.95384560171,86dd3a804d78ca5d203ebf98747e8f16dff9713ba8950097ceb760b161e19907,Domains_SSE_PBE
2092,-4.512991242695647,-4.0240272184213,1.04,-6.95384560171,86dd3a804d78ca5d203ebf98747e8f16dff9713ba8950097ceb760b161e19907,Domains_SSE_PBE
2093,-4.513453231800097,-4.0240272184213,1.04,-6.95384560171,86dd3a804d78ca5d203ebf98747e8f16dff9713ba8950097ceb760b161e19907,Domains_SSE_PBE
2094,-4.513915324539564,-4.0240272184213,1.04,-6.95384560171,86dd3a804d78ca5d203ebf98747e8f16dff9713ba8950097ceb760b161e19907,Domains_SSE_PBE
2095,-4.514377520867013,-4.0240272184213,1.04,-6.95384560171,86dd3a804d78ca5d203ebf98747e8f16dff9713ba8950097ceb760b161e19907,Domains_SSE_PBE
2096,-4.51483982073545,-4.0240272184213,1.04,-6.95384560171,86dd3a804d78ca5d203ebf98747e8f16dff9713ba8950097ceb760b161e19907,Domains_SSE_PBE
2097,-4.515302224097923,-4.0240272184213,1.04,-6.95384560171,86dd3a804d78ca5d203ebf98747e8f16dff9713ba8950097ceb760b161e19907,Domains_SSE_PBE
2098,-4.515764730907522,-4.0240272184213,1.04,-6.95384560171,86dd3a804d78ca5d203ebf98747e8f16dff9713ba8950097ceb760b161e19907,Domains_SSE_PBE
2099,-4.516227341117379,-4.0240272184213,1.04,-6.95384560171,86dd3a804d78ca5d203ebf98747e8f16dff9713ba8950097ceb760b161e19907,Domains_SSE_PBE
2100,-4.516690054680663,-4.0240272184213,1.04,-6.95384560171,86dd3a804d78ca5d203ebf98747e8f16dff9713ba8950097ceb760b161e19907,Domains_SSE_PBE
2101,-4.517152871550591,-4.0240272184213,1.04,-6.95384560171,86dd3a804d78ca5d203ebf98747e8f16dff9713ba8950097ceb760b161e19907,Domains_SSE_PBE
2102,-4.517615791680416,-4.0240272184213,1.04,-6.95384560171,86dd3a804d78ca5d203ebf98747e8f16dff9713ba8950097ceb760b161e19907,Domains_SSE_PBE
2103,-4.518078815023434,-4.0240272184213,1.04,-6.95384560171,86dd3a804d78ca5d203ebf98747e8f16dff9713ba8950097ceb760b161e19907,Domains_SSE_PBE
2104,-4.518541941532983,-4.0240272184213,1.04,-6.95384560171,86dd3a804d78ca5d203ebf98747e8f16dff9713ba8950097ceb760b161e19907,Domains_SSE_PBE
2105,-4.519005171162441,-4.0240272184213,1.04,-6.95384560171,86dd3a804d78ca5d203ebf98747e8f16dff9713ba8950097ceb760b161e19907,Domains_SSE_PBE
2106,-4.519468503865227,-4.0240272184213,1.04,-6.95384560171,86dd3a804d78ca5d203ebf98747e8f16dff9713ba8950097ceb760b161e19907,Domains_SSE_PBE
2107,-4.5199319395948,-4.0240272184213,1.04,-6.95384560171,86dd3a804d78ca5d203ebf98747e8f16dff9713ba8950097ceb760b161e19907,Domains_SSE_PBE
2108,-4.520395478304662,-4.0240272184213,1.04,-6.95384560171,86dd3a804d78ca5d203ebf98747e8f16dff9713ba8950097ceb760b161e19907,Domains_SSE_PBE
2109,-4.520859119948355,-4.0240272184213,1.04,-6.95384560171,86dd3a804d78ca5d203ebf98747e8f16dff9713ba8950097ceb760b161e19907,Domains_SSE_PBE
2110,-4.521322864479462,-4.0240272184213,1.04,-6.95384560171,86dd3a804d78ca5d203ebf98747e8f16dff9713ba8950097ceb760b161e19907,Domains_SSE_PBE
2111,-4.521786711851606,-4.0240272184213,1.04,-6.95384560171,86dd3a804d78ca5d203ebf98747e8f16dff9713ba8950097ceb760b161e19907,Domains_SSE_PBE
2112,-4.52225066201845,-4.0240272184213,1.04,-6.95384560171,86dd3a804d78ca5d203ebf98747e8f16dff9713ba8950097ceb760b161e19907,Domains_SSE_PBE
2113,-4.522714714933701,-4.0240272184213,1.04,-6.95384560171,86dd3a804d78ca5d203ebf98747e8f16dff9713ba8950097ceb760b161e19907,Domains_SSE_PBE
2114,-4.523178870551105,-4.0240272184213,1.04,-6.95384560171,86dd3a804d78ca5d203ebf98747e8f16dff9713ba8950097ceb760b161e19907,Domains_SSE_PBE
2115,-4.523643128824444,-4.0240272184213,1.04,-6.95384560171,86dd3a804d78ca5d203ebf98747e8f16dff9713ba8950097ceb760b161e19907,Domains_SSE_PBE
2116,-4.524107489707549,-4.0240272184213,1.04,-6.95384560171,86dd3a804d78ca5d203ebf98747e8f16dff9713ba8950097ceb760b161e19907,Domains_SSE_PBE
2117,-4.524571953154285,-4.0240272184213,1.04,-6.95384560171,86dd3a804d78ca5d203ebf98747e8f16dff9713ba8950097ceb760b161e19907,Domains_SSE_PBE
2118,-4.52503651911856,-4.0240272184213,1.04,-6.95384560171,86dd3a804d78ca5d203ebf98747e8f16dff9713ba8950097ceb760b161e19907,Domains_SSE_PBE
2119,-4.525501187554319,-4.0240272184213,1.04,-6.95384560171,86dd3a804d78ca5d203ebf98747e8f16dff9713ba8950097ceb760b161e19907,Domains_SSE_PBE
2120,-4.525965958415552,-4.0240272184213,1.04,-6.95384560171,86dd3a804d78ca5d203ebf98747e8f16dff9713ba8950097ceb760b161e19907,Domains_SSE_PBE
2121,-4.526430831656287,-4.0240272184213,1.04,-6.95384560171,86dd3a804d78ca5d203ebf98747e8f16dff9713ba8950097ceb760b161e19907,Domains_SSE_PBE
2122,-4.526895807230594,-4.0240272184213,1.04,-6.95384560171,86dd3a804d78ca5d203ebf98747e8f16dff9713ba8950097ceb760b161e19907,Domains_SSE_PBE
2123,-4.52736088509258,-4.0240272184213,1.04,-6.95384560171,86dd3a804d78ca5d203ebf98747e8f16dff9713ba8950097ceb760b161e19907,Domains_SSE_PBE
2124,-4.527826065196392,-4.0240272184213,1.04,-6.95384560171,86dd3a804d78ca5d203ebf98747e8f16dff9713ba8950097ceb760b161e19907,Domains_SSE_PBE
2125,-4.528291347496222,-4.0240272184213,1.04,-6.95384560171,86dd3a804d78ca5d203ebf98747e8f16dff9713ba8950097ceb760b161e19907,Domains_SSE_PBE
2126,-4.528756731946297,-4.0240272184213,1.04,-6.95384560171,86dd3a804d78ca5d203ebf98747e8f16dff9713ba8950097ceb760b161e19907,Domains_SSE_PBE
2127,-4.529222218500884,-4.0240272184213,1.04,-6.95384560171,86dd3a804d78ca5d203ebf98747e8f16dff9713ba8950097ceb760b161e19907,Domains_SSE_PBE
2128,-4.529687807114294,-4.0240272184213,1.04,-6.95384560171,86dd3a804d78ca5d203ebf98747e8f16dff9713ba8950097ceb760b161e19907,Domains_SSE_PBE
2129,-4.530153497740875,-4.0240272184213,1.04,-6.95384560171,86dd3a804d78ca5d203ebf98747e8f16dff9713ba8950097ceb760b161e19907,Domains_SSE_PBE
2130,-4.530619290335013,-4.0240272184213,1.04,-6.95384560171,86dd3a804d78ca5d203ebf98747e8f16dff9713ba8950097ceb760b161e19907,Domains_SSE_PBE
2131,-4.531085184851136,-4.0240272184213,1.04,-6.95384560171,86dd3a804d78ca5d203ebf98747e8f16dff9713ba8950097ceb760b161e19907,Domains_SSE_PBE
2132,-4.531551181243715,-4.0240272184213,1.04,-6.95384560171,86dd3a804d78ca5d203ebf98747e8f16dff9713ba8950097ceb760b161e19907,Domains_SSE_PBE
2133,-4.532017279467254,-4.0240272184213,1.04,-6.95384560171,86dd3a804d78ca5d203ebf98747e8f16dff9713ba8950097ceb760b161e19907,Domains_SSE_PBE
2134,-4.532483479476299,-4.0240272184213,1.04,-6.95384560171,86dd3a804d78ca5d203ebf98747e8f16dff9713ba8950097ceb760b161e19907,Domains_SSE_PBE
2135,-4.532949781225438,-4.0240272184213,1.04,-6.95384560171,86dd3a804d78ca5d203ebf98747e8f16dff9713ba8950097ceb760b161e19907,Domains_SSE_PBE
2136,-4.533416184669297,-4.0240272184213,1.04,-6.95384560171,86dd3a804d78ca5d203ebf98747e8f16dff9713ba8950097ceb760b161e19907,Domains_SSE_PBE
2137,-4.533882689762541,-4.0240272184213,1.04,-6.95384560171,86dd3a804d78ca5d203ebf98747e8f16dff9713ba8950097ceb760b161e19907,Domains_SSE_PBE
2138,-4.534349296459872,-4.0240272184213,1.04,-6.95384560171,86dd3a804d78ca5d203ebf98747e8f16dff9713ba8950097ceb760b161e19907,Domains_SSE_PBE
2139,-4.534816004716036,-4.0240272184213,1.04,-6.95384560171,86dd3a804d78ca5d203ebf98747e8f16dff9713ba8950097ceb760b161e19907,Domains_SSE_PBE
2140,-4.535282814485816,-4.0240272184213,1.04,-6.95384560171,86dd3a804d78ca5d203ebf98747e8f16dff9713ba8950097ceb760b161e19907,Domains_SSE_PBE
2141,-4.535749725724035,-4.0240272184213,1.04,-6.95384560171,86dd3a804d78ca5d203ebf98747e8f16dff9713ba8950097ceb760b161e19907,Domains_SSE_PBE
2142,-4.536216738385553,-4.0240272184213,1.04,-6.95384560171,86dd3a804d78ca5d203ebf98747e8f16dff9713ba8950097ceb760b161e19907,Domains_SSE_PBE
2143,-4.536683852425272,-4.0240272184213,1.04,-6.95384560171,86dd3a804d78ca5d203ebf98747e8f16dff9713ba8950097ceb760b161e19907,Domains_SSE_PBE
2144,-4.53715106779813,-4.0240272184213,1.04,-6.95384560171,86dd3a804d78ca5d203ebf98747e8f16dff9713ba8950097ceb760b161e19907,Domains_SSE_PBE
2145,-4.537618384459106,-4.0240272184213,1.04,-6.95384560171,86dd3a804d78ca5d203ebf98747e8f16dff9713ba8950097ceb760b161e19907,Domains_SSE_PBE
2146,-4.538085802363221,-4.0240272184213,1.04,-6.95384560171,86dd3a804d78ca5d203ebf98747e8f16dff9713ba8950097ceb760b161e19907,Domains_SSE_PBE
2147,-4.538553321465527,-4.0240272184213,1.04,-6.95384560171,86dd3a804d78ca5d203ebf98747e8f16dff9713ba8950097ceb760b161e19907,Domains_SSE_PBE
2148,-4.539020941721123,-4.0240272184213,1.04,-6.95384560171,86dd3a804d78ca5d203ebf98747e8f16dff9713ba8950097ceb760b161e19907,Domains_SSE_PBE
2149,-4.539488663085142,-4.0240272184213,1.04,-6.95384560171,86dd3a804d78ca5d203ebf98747e8f16dff9713ba8950097ceb760b161e19907,Domains_SSE_PBE
2150,-4.539956485512756,-4.0240272184213,1.04,-6.95384560171,86dd3a804d78ca5d203ebf98747e8f16dff9713ba8950097ceb760b161e19907,Domains_SSE_PBE
2151,-4.54042440895918,-4.0240272184213,1.04,-6.95384560171,86dd3a804d78ca5d203ebf98747e8f16dff9713ba8950097ceb760b161e19907,Domains_SSE_PBE
2152,-4.540892433379662,-4.0240272184213,1.04,-6.95384560171,86dd3a804d78ca5d203ebf98747e8f16dff9713ba8950097ceb760b161e19907,Domains_SSE_PBE
2153,-4.541360558729492,-4.0240272184213,1.04,-6.95384560171,86dd3a804d78ca5d203ebf98747e8f16dff9713ba8950097ceb760b161e19907,Domains_SSE_PBE
2154,-4.541828784963998,-4.0240272184213,1.04,-6.95384560171,86dd3a804d78ca5d203ebf98747e8f16dff9713ba8950097ceb760b161e19907,Domains_SSE_PBE
2155,-4.542297112038546,-4.0240272184213,1.04,-6.95384560171,86dd3a804d78ca5d203ebf98747e8f16dff9713ba8950097ceb760b161e19907,Domains_SSE_PBE
2156,-4.542765539908542,-4.0240272184213,1.04,-6.95384560171,86dd3a804d78ca5d203ebf98747e8f16dff9713ba8950097ceb760b161e19907,Domains_SSE_PBE
2157,-4.543234068529429,-4.0240272184213,1.04,-6.95384560171,86dd3a804d78ca5d203ebf98747e8f16dff9713ba8950097ceb760b161e19907,Domains_SSE_PBE
2158,-4.543702697856687,-4.0240272184213,1.04,-6.95384560171,86dd3a804d78ca5d203ebf98747e8f16dff9713ba8950097ceb760b161e19907,Domains_SSE_PBE
2159,-4.544171427845836,-4.0240272184213,1.04,-6.95384560171,86dd3a804d78ca5d203ebf98747e8f16dff9713ba8950097ceb760b161e19907,Domains_SSE_PBE
2160,-4.544640258452438,-4.0240272184213,1.04,-6.95384560171,86dd3a804d78ca5d203ebf98747e8f16dff9713ba8950097ceb760b161e19907,Domains_SSE_PBE
2161,-4.545109189632086,-4.0240272184213,1.04,-6.95384560171,86dd3a804d78ca5d203ebf98747e8f16dff9713ba8950097ceb760b161e19907,Domains_SSE_PBE
2162,-4.545578221340417,-4.0240272184213,1.04,-6.95384560171,86dd3a804d78ca5d203ebf98747e8f16dff9713ba8950097ceb760b161e19907,Domains_SSE_PBE
2163,-4.546047353533102,-4.0240272184213,1.04,-6.95384560171,86dd3a804d78ca5d203ebf98747e8f16dff9713ba8950097ceb760b161e19907,Domains_SSE_PBE
2164,-4.546516586165854,-4.0240272184213,1.04,-6.95384560171,86dd3a804d78ca5d203ebf98747e8f16dff9713ba8950097ceb760b161e19907,Domains_SSE_PBE
2165,-4.54698591919442,-4.0240272184213,1.04,-6.95384560171,86dd3a804d78ca5d203ebf98747e8f16dff9713ba8950097ceb760b161e19907,Domains_SSE_PBE
2166,-4.547455352574591,-4.0240272184213,1.04,-6.95384560171,86dd3a804d78ca5d203ebf98747e8f16dff9713ba8950097ceb760b161e19907,Domains_SSE_PBE
2167,-4.547924886262187,-4.0240272184213,1.04,-6.95384560171,86dd3a804d78ca5d203ebf98747e8f16dff9713ba8950097ceb760b161e19907,Domains_SSE_PBE
2168,-4.548394520213075,-4.0240272184213,1.04,-6.95384560171,86dd3a804d78ca5d203ebf98747e8f16dff9713ba8950097ceb760b161e19907,Domains_SSE_PBE
2169,-4.548864254383155,-4.0240272184213,1.04,-6.95384560171,86dd3a804d78ca5d203ebf98747e8f16dff9713ba8950097ceb760b161e19907,Domains_SSE_PBE
2170,-4.549334088728364,-4.0240272184213,1.04,-6.95384560171,86dd3a804d78ca5d203ebf98747e8f16dff9713ba8950097ceb760b161e19907,Domains_SSE_PBE
2171,-4.54980402320468,-4.0240272184213,1.04,-6.95384560171,86dd3a804d78ca5d203ebf98747e8f16dff9713ba8950097ceb760b161e19907,Domains_SSE_PBE
2172,-4.550274057768116,-4.0240272184213,1.04,-6.95384560171,86dd3a804d78ca5d203ebf98747e8f16dff9713ba8950097ceb760b161e19907,Domains_SSE_PBE
2173,-4.550744192374728,-4.0240272184213,1.04,-6.95384560171,86dd3a804d78ca5d203ebf98747e8f16dff9713ba8950097ceb760b161e19907,Domains_SSE_PBE
2174,-4.551214426980599,-4.0240272184213,1.04,-6.95384560171,86dd3a804d78ca5d203ebf98747e8f16dff9713ba8950097ceb760b161e19907,Domains_SSE_PBE
2175,-4.551684761541862,-4.0240272184213,1.04,-6.95384560171,86dd3a804d78ca5d203ebf98747e8f16dff9713ba8950097ceb760b161e19907,Domains_SSE_PBE
2176,-4.552155196014679,-4.0240272184213,1.04,-6.95384560171,86dd3a804d78ca5d203ebf98747e8f16dff9713ba8950097ceb760b161e19907,Domains_SSE_PBE
2177,-4.552625730355252,-4.0240272184213,1.04,-6.95384560171,86dd3a804d78ca5d203ebf98747e8f16dff9713ba8950097ceb760b161e19907,Domains_SSE_PBE
2178,-4.553096364519821,-4.0240272184213,1.04,-6.95384560171,86dd3a804d78ca5d203ebf98747e8f16dff9713ba8950097ceb760b161e19907,Domains_SSE_PBE
2179,-4.553567098464664,-4.0240272184213,1.04,-6.95384560171,86dd3a804d78ca5d203ebf98747e8f16dff9713ba8950097ceb760b161e19907,Domains_SSE_PBE
2180,-4.554037932146094,-4.0240272184213,1.04,-6.95384560171,86dd3a804d78ca5d203ebf98747e8f16dff9713ba8950097ceb760b161e19907,Domains_SSE_PBE
2181,-4.554508865520464,-4.0240272184213,1.04,-6.95384560171,86dd3a804d78ca5d203ebf98747e8f16dff9713ba8950097ceb760b161e19907,Domains_SSE_PBE
2182,-4.55497989854416,-4.0240272184213,1.04,-6.95384560171,86dd3a804d78ca5d203ebf98747e8f16dff9713ba8950097ceb760b161e19907,Domains_SSE_PBE
2183,-4.555451031173611,-4.0240272184213,1.04,-6.95384560171,86dd3a804d78ca5d203ebf98747e8f16dff9713ba8950097ceb760b161e19907,Domains_SSE_PBE
2184,-4.555922263365281,-4.0240272184213,1.04,-6.95384560171,86dd3a804d78ca5d203ebf98747e8f16dff9713ba8950097ceb760b161e19907,Domains_SSE_PBE
2185,-4.556393595075668,-4.0240272184213,1.04,-6.95384560171,86dd3a804d78ca5d203ebf98747e8f16dff9713ba8950097ceb760b161e19907,Domains_SSE_PBE
2186,-4.55686502626131,-4.0240272184213,1.04,-6.95384560171,86dd3a804d78ca5d203ebf98747e8f16dff9713ba8950097ceb760b161e19907,Domains_SSE_PBE
2187,-4.557336556878782,-4.0240272184213,1.04,-6.95384560171,86dd3a804d78ca5d203ebf98747e8f16dff9713ba8950097ceb760b161e19907,Domains_SSE_PBE
2188,-4.557808186884698,-4.0240272184213,1.04,-6.95384560171,86dd3a804d78ca5d203ebf98747e8f16dff9713ba8950097ceb760b161e19907,Domains_SSE_PBE
2189,-4.558279916235701,-4.0240272184213,1.04,-6.95384560171,86dd3a804d78ca5d203ebf98747e8f16dff9713ba8950097ceb760b161e19907,Domains_SSE_PBE
2190,-4.558751744888482,-4.0240272184213,1.04,-6.95384560171,86dd3a804d78ca5d203ebf98747e8f16dff9713ba8950097ceb760b161e19907,Domains_SSE_PBE
2191,-4.55922367279976,-4.0240272184213,1.04,-6.95384560171,86dd3a804d78ca5d203ebf98747e8f16dff9713ba8950097ceb760b161e19907,Domains_SSE_PBE
2192,-4.559695699926294,-4.0240272184213,1.04,-6.95384560171,86dd3a804d78ca5d203ebf98747e8f16dff9713ba8950097ceb760b161e19907,Domains_SSE_PBE
2193,-4.560167826224879,-4.0240272184213,1.04,-6.95384560171,86dd3a804d78ca5d203ebf98747e8f16dff9713ba8950097ceb760b161e19907,Domains_SSE_PBE
2194,-4.560640051652351,-4.0240272184213,1.04,-6.95384560171,86dd3a804d78ca5d203ebf98747e8f16dff9713ba8950097ceb760b161e19907,Domains_SSE_PBE
2195,-4.561112376165578,-4.0240272184213,1.04,-6.95384560171,86dd3a804d78ca5d203ebf98747e8f16dff9713ba8950097ceb760b161e19907,Domains_SSE_PBE
2196,-4.561584799721462,-4.0240272184213,1.04,-6.95384560171,86dd3a804d78ca5d203ebf98747e8f16dff9713ba8950097ceb760b161e19907,Domains_SSE_PBE
2197,-4.562057322276949,-4.0240272184213,1.04,-6.95384560171,86dd3a804d78ca5d203ebf98747e8f16dff9713ba8950097ceb760b161e19907,Domains_SSE_PBE
2198,-4.562529943789018,-4.0240272184213,1.04,-6.95384560171,86dd3a804d78ca5d203ebf98747e8f16dff9713ba8950097ceb760b161e19907,Domains_SSE_PBE
2199,-4.563002664214682,-4.0240272184213,1.04,-6.95384560171,86dd3a804d78ca5d203ebf98747e8f16dff9713ba8950097ceb760b161e19907,Domains_SSE_PBE
2200,-4.563475483510994,-4.0240272184213,1.04,-6.95384560171,86dd3a804d78ca5d203ebf98747e8f16dff9713ba8950097ceb760b161e19907,Domains_SSE_PBE
2201,-4.563948401635042,-4.0240272184213,1.04,-6.95384560171,86dd3a804d78ca5d203ebf98747e8f16dff9713ba8950097ceb760b161e19907,Domains_SSE_PBE
2202,-4.564421418543952,-4.0240272184213,1.04,-6.95384560171,86dd3a804d78ca5d203ebf98747e8f16dff9713ba8950097ceb760b161e19907,Domains_SSE_PBE
2203,-4.56489453419488,-4.0240272184213,1.04,-6.95384560171,86dd3a804d78ca5d203ebf98747e8f16dff9713ba8950097ceb760b161e19907,Domains_SSE_PBE
2204,-4.565367748545029,-4.0240272184213,1.04,-6.95384560171,86dd3a804d78ca5d203ebf98747e8f16dff9713ba8950097ceb760b161e19907,Domains_SSE_PBE
2205,-4.565841061551629,-4.0240272184213,1.04,-6.95384560171,86dd3a804d78ca5d203ebf98747e8f16dff9713ba8950097ceb760b161e19907,Domains_SSE_PBE
2206,-4.56631447317195,-4.0240272184213,1.04,-6.95384560171,86dd3a804d78ca5d203ebf98747e8f16dff9713ba8950097ceb760b161e19907,Domains_SSE_PBE
2207,-4.566787983363297,-4.0240272184213,1.04,-6.95384560171,86dd3a804d78ca5d203ebf98747e8f16dff9713ba8950097ceb760b161e19907,Domains_SSE_PBE
2208,-4.567261592083013,-4.0240272184213,1.04,-6.95384560171,86dd3a804d78ca5d203ebf98747e8f16dff9713ba8950097ceb760b161e19907,Domains_SSE_PBE
2209,-4.567735299288475,-4.0240272184213,1.04,-6.95384560171,86dd3a804d78ca5d203ebf98747e8f16dff9713ba8950097ceb760b161e19907,Domains_SSE_PBE
2210,-4.568209104937096,-4.0240272184213,1.04,-6.95384560171,86dd3a804d78ca5d203ebf98747e8f16dff9713ba8950097ceb760b161e19907,Domains_SSE_PBE
2211,-4.568683008986326,-4.0240272184213,1.04,-6.95384560171,86dd3a804d78ca5d203ebf98747e8f16dff9713ba8950097ceb760b161e19907,Domains_SSE_PBE
2212,-4.569157011393649,-4.0240272184213,1.04,-6.95384560171,86dd3a804d78ca5d203ebf98747e8f16dff9713ba8950097ceb760b161e19907,Domains_SSE_PBE
2213,-4.56963111211659,-4.0240272184213,1.04,-6.95384560171,86dd3a804d78ca5d203ebf98747e8f16dff9713ba8950097ceb760b161e19907,Domains_SSE_PBE
2214,-4.570105311112704,-4.0240272184213,1.04,-6.95384560171,86dd3a804d78ca5d203ebf98747e8f16dff9713ba8950097ceb760b161e19907,Domains_SSE_PBE
2215,-4.570579608339582,-4.0240272184213,1.04,-6.95384560171,86dd3a804d78ca5d203ebf98747e8f16dff9713ba8950097ceb760b161e19907,Domains_SSE_PBE
2216,-4.571054003754856,-4.0240272184213,1.04,-6.95384560171,86dd3a804d78ca5d203ebf98747e8f16dff9713ba8950097ceb760b161e19907,Domains_SSE_PBE
2217,-4.571528497316188,-4.0240272184213,1.04,-6.95384560171,86dd3a804d78ca5d203ebf98747e8f16dff9713ba8950097ceb760b161e19907,Domains_SSE_PBE
2218,-4.57200308898128,-4.0240272184213,1.04,-6.95384560171,86dd3a804d78ca5d203ebf98747e8f16dff9713ba8950097ceb760b161e19907,Domains_SSE_PBE
2219,-4.572477778707865,-4.0240272184213,1.04,-6.95384560171,86dd3a804d78ca5d203ebf98747e8f16dff9713ba8950097ceb760b161e19907,Domains_SSE_PBE
2220,-4.572952566453717,-4.0240272184213,1.04,-6.95384560171,86dd3a804d78ca5d203ebf98747e8f16dff9713ba8950097ceb760b161e19907,Domains_SSE_PBE
2221,-4.573427452176639,-4.0240272184213,1.04,-6.95384560171,86dd3a804d78ca5d203ebf98747e8f16dff9713ba8950097ceb760b161e19907,Domains_SSE_PBE
2222,-4.573902435834476,-4.0240272184213,1.04,-6.95384560171,86dd3a804d78ca5d203ebf98747e8f16dff9713ba8950097ceb760b161e19907,Domains_SSE_PBE
2223,-4.574377517385104,-4.0240272184213,1.04,-6.95384560171,86dd3a804d78ca5d203ebf98747e8f16dff9713ba8950097ceb760b161e19907,Domains_SSE_PBE
2224,-4.574852696786435,-4.0240272184213,1.04,-6.95384560171,86dd3a804d78ca5d203ebf98747e8f16dff9713ba8950097ceb760b161e19907,Domains_SSE_PBE
2225,-4.57532797399642,-4.0240272184213,1.04,-6.95384560171,86dd3a804d78ca5d203ebf98747e8f16dff9713ba8950097ceb760b161e19907,Domains_SSE_PBE
2226,-4.575803348973041,-4.0240272184213,1.04,-6.95384560171,86dd3a804d78ca5d203ebf98747e8f16dff9713ba8950097ceb760b161e19907,Domains_SSE_PBE
2227,-4.576278821674316,-4.0240272184213,1.04,-6.95384560171,86dd3a804d78ca5d203ebf98747e8f16dff9713ba8950097ceb760b161e19907,Domains_SSE_PBE
2228,-4.5767543920583,-4.0240272184213,1.04,-6.95384560171,86dd3a804d78ca5d203ebf98747e8f16dff9713ba8950097ceb760b161e19907,Domains_SSE_PBE
2229,-4.577230060083081,-4.0240272184213,1.04,-6.95384560171,86dd3a804d78ca5d203ebf98747e8f16dff9713ba8950097ceb760b161e19907,Domains_SSE_PBE
2230,-4.577705825706784,-4.0240272184213,1.04,-6.95384560171,86dd3a804d78ca5d203ebf98747e8f16dff9713ba8950097ceb760b161e19907,Domains_SSE_PBE
2231,-4.578181688887566,-4.0240272184213,1.04,-6.95384560171,86dd3a804d78ca5d203ebf98747e8f16dff9713ba8950097ceb760b161e19907,Domains_SSE_PBE
2232,-4.578657649583626,-4.0240272184213,1.04,-6.95384560171,86dd3a804d78ca5d203ebf98747e8f16dff9713ba8950097ceb760b161e19907,Domains_SSE_PBE
2233,-4.579133707753188,-4.0240272184213,1.04,-6.95384560171,86dd3a804d78ca5d203ebf98747e8f16dff9713ba8950097ceb760b161e19907,Domains_SSE_PBE
2234,-4.57960986335452,-4.0240272184213,1.04,-6.95384560171,86dd3a804d78ca5d203ebf98747e8f16dff9713ba8950097ceb760b161e19907,Domains_SSE_PBE
2235,-4.580086116345919,-4.0240272184213,1.04,-6.95384560171,86dd3a804d78ca5d203ebf98747e8f16dff9713ba8950097ceb760b161e19907,Domains_SSE_PBE
2236,-4.580562466685719,-4.0240272184213,1.04,-6.95384560171,86dd3a804d78ca5d203ebf98747e8f16dff9713ba8950097ceb760b161e19907,Domains_SSE_PBE
2237,-4.58103891433229,-4.0240272184213,1.04,-6.95384560171,86dd3a804d78ca5d203ebf98747e8f16dff9713ba8950097ceb760b161e19907,Domains_SSE_PBE
2238,-4.581515459244034,-4.0240272184213,1.04,-6.95384560171,86dd3a804d78ca5d203ebf98747e8f16dff9713ba8950097ceb760b161e19907,Domains_SSE_PBE
2239,-4.581992101379391,-4.0240272184213,1.04,-6.95384560171,86dd3a804d78ca5d203ebf98747e8f16dff9713ba8950097ceb760b161e19907,Domains_SSE_PBE
2240,-4.582468840696832,-4.0240272184213,1.04,-6.95384560171,86dd3a804d78ca5d203ebf98747e8f16dff9713ba8950097ceb760b161e19907,Domains_SSE_PBE
2241,-4.582945677154866,-4.0240272184213,1.04,-6.95384560171,86dd3a804d78ca5d203ebf98747e8f16dff9713ba8950097ceb760b161e19907,Domains_SSE_PBE
2242,-4.583422610712034,-4.0240272184213,1.04,-6.95384560171,86dd3a804d78ca5d203ebf98747e8f16dff9713ba8950097ceb760b161e19907,Domains_SSE_PBE
2243,-4.583899641326915,-4.0240272184213,1.04,-6.95384560171,86dd3a804d78ca5d203ebf98747e8f16dff9713ba8950097ceb760b161e19907,Domains_SSE_PBE
2244,-4.584376768958117,-4.0240272184213,1.04,-6.95384560171,86dd3a804d78ca5d203ebf98747e8f16dff9713ba8950097ceb760b161e19907,Domains_SSE_PBE
2245,-4.584853993564289,-4.0240272184213,1.04,-6.95384560171,86dd3a804d78ca5d203ebf98747e8f16dff9713ba8950097ceb760b161e19907,Domains_SSE_PBE
2246,-4.585331315104108,-4.0240272184213,1.04,-6.95384560171,86dd3a804d78ca5d203ebf98747e8f16dff9713ba8950097ceb760b161e19907,Domains_SSE_PBE
2247,-4.58580873353629,-4.0240272184213,1.04,-6.95384560171,86dd3a804d78ca5d203ebf98747e8f16dff9713ba8950097ceb760b161e19907,Domains_SSE_PBE
2248,-4.586286248819586,-4.0240272184213,1.04,-6.95384560171,86dd3a804d78ca5d203ebf98747e8f16dff9713ba8950097ceb760b161e19907,Domains_SSE_PBE
2249,-4.586763860912775,-4.0240272184213,1.04,-6.95384560171,86dd3a804d78ca5d203ebf98747e8f16dff9713ba8950097ceb760b161e19907,Domains_SSE_PBE
2250,-4.587241569774677,-4.0240272184213,1.04,-6.95384560171,86dd3a804d78ca5d203ebf98747e8f16dff9713ba8950097ceb760b161e19907,Domains_SSE_PBE
2251,-4.587719375364145,-4.0240272184213,1.04,-6.95384560171,86dd3a804d78ca5d203ebf98747e8f16dff9713ba8950097ceb760b161e19907,Domains_SSE_PBE
2252,-4.588197277640061,-4.0240272184213,1.04,-6.95384560171,86dd3a804d78ca5d203ebf98747e8f16dff9713ba8950097ceb760b161e19907,Domains_SSE_PBE
2253,-4.588675276561349,-4.0240272184213,1.04,-6.95384560171,86dd3a804d78ca5d203ebf98747e8f16dff9713ba8950097ceb760b161e19907,Domains_SSE_PBE
2254,-4.589153372086962,-4.0240272184213,1.04,-6.95384560171,86dd3a804d78ca5d203ebf98747e8f16dff9713ba8950097ceb760b161e19907,Domains_SSE_PBE
2255,-4.589631564175885,-4.0240272184213,1.04,-6.95384560171,86dd3a804d78ca5d203ebf98747e8f16dff9713ba8950097ceb760b161e19907,Domains_SSE_PBE
2256,-4.590109852787144,-4.0240272184213,1.04,-6.95384560171,86dd3a804d78ca5d203ebf98747e8f16dff9713ba8950097ceb760b161e19907,Domains_SSE_PBE
2257,-4.590588237879794,-4.0240272184213,1.04,-6.95384560171,86dd3a804d78ca5d203ebf98747e8f16dff9713ba8950097ceb760b161e19907,Domains_SSE_PBE
2258,-4.591066719412926,-4.0240272184213,1.04,-6.95384560171,86dd3a804d78ca5d203ebf98747e8f16dff9713ba8950097ceb760b161e19907,Domains_SSE_PBE
2259,-4.591545297345662,-4.0240272184213,1.04,-6.95384560171,86dd3a804d78ca5d203ebf98747e8f16dff9713ba8950097ceb760b161e19907,Domains_SSE_PBE
2260,-4.592023971637161,-4.0240272184213,1.04,-6.95384560171,86dd3a804d78ca5d203ebf98747e8f16dff9713ba8950097ceb760b161e19907,Domains_SSE_PBE
2261,-4.592502742246615,-4.0240272184213,1.04,-6.95384560171,86dd3a804d78ca5d203ebf98747e8f16dff9713ba8950097ceb760b161e19907,Domains_SSE_PBE
2262,-4.592981609133249,-4.0240272184213,1.04,-6.95384560171,86dd3a804d78ca5d203ebf98747e8f16dff9713ba8950097ceb760b161e19907,Domains_SSE_PBE
2263,-4.593460572256321,-4.0240272184213,1.04,-6.95384560171,86dd3a804d78ca5d203ebf98747e8f16dff9713ba8950097ceb760b161e19907,Domains_SSE_PBE
2264,-4.593939631575125,-4.0240272184213,1.04,-6.95384560171,86dd3a804d78ca5d203ebf98747e8f16dff9713ba8950097ceb760b161e19907,Domains_SSE_PBE
2265,-4.594418787048989,-4.0240272184213,1.04,-6.95384560171,86dd3a804d78ca5d203ebf98747e8f16dff9713ba8950097ceb760b161e19907,Domains_SSE_PBE
2266,-4.59489803863727,-4.0240272184213,1.04,-6.95384560171,86dd3a804d78ca5d203ebf98747e8f16dff9713ba8950097ceb760b161e19907,Domains_SSE_PBE
2267,-4.595377386299363,-4.0240272184213,1.04,-6.95384560171,86dd3a804d78ca5d203ebf98747e8f16dff9713ba8950097ceb760b161e19907,Domains_SSE_PBE
2268,-4.595856829994696,-4.0240272184213,1.04,-6.95384560171,86dd3a804d78ca5d203ebf98747e8f16dff9713ba8950097ceb760b161e19907,Domains_SSE_PBE
2269,-4.59633636968273,-4.0240272184213,1.04,-6.95384560171,86dd3a804d78ca5d203ebf98747e8f16dff9713ba8950097ceb760b161e19907,Domains_SSE_PBE
2270,-4.596816005322959,-4.0240272184213,1.04,-6.95384560171,86dd3a804d78ca5d203ebf98747e8f16dff9713ba8950097ceb760b161e19907,Domains_SSE_PBE
2271,-4.597295736874909,-4.0240272184213,1.04,-6.95384560171,86dd3a804d78ca5d203ebf98747e8f16dff9713ba8950097ceb760b161e19907,Domains_SSE_PBE
2272,-4.59777556429814,-4.0240272184213,1.04,-6.95384560171,86dd3a804d78ca5d203ebf98747e8f16dff9713ba8950097ceb760b161e19907,Domains_SSE_PBE
2273,-4.598255487552248,-4.0240272184213,1.04,-6.95384560171,86dd3a804d78ca5d203ebf98747e8f16dff9713ba8950097ceb760b161e19907,Domains_SSE_PBE
2274,-4.598735506596861,-4.0240272184213,1.04,-6.95384560171,86dd3a804d78ca5d203ebf98747e8f16dff9713ba8950097ceb760b161e19907,Domains_SSE_PBE
2275,-4.59921562139164,-4.0240272184213,1.04,-6.95384560171,86dd3a804d78ca5d203ebf98747e8f16dff9713ba8950097ceb760b161e19907,Domains_SSE_PBE
2276,-4.599695831896278,-4.0240272184213,1.04,-6.95384560171,86dd3a804d78ca5d203ebf98747e8f16dff9713ba8950097ceb760b161e19907,Domains_SSE_PBE
2277,-4.600176138070502,-4.0240272184213,1.04,-6.95384560171,86dd3a804d78ca5d203ebf98747e8f16dff9713ba8950097ceb760b161e19907,Domains_SSE_PBE
2278,-4.600656539874072,-4.0240272184213,1.04,-6.95384560171,86dd3a804d78ca5d203ebf98747e8f16dff9713ba8950097ceb760b161e19907,Domains_SSE_PBE
2279,-4.601137037266781,-4.0240272184213,1.04,-6.95384560171,86dd3a804d78ca5d203ebf98747e8f16dff9713ba8950097ceb760b161e19907,Domains_SSE_PBE
2280,-4.601617630208457,-4.0240272184213,1.04,-6.95384560171,86dd3a804d78ca5d203ebf98747e8f16dff9713ba8950097ceb760b161e19907,Domains_SSE_PBE
2281,-4.602098318658959,-4.0240272184213,1.04,-6.95384560171,86dd3a804d78ca5d203ebf98747e8f16dff9713ba8950097ceb760b161e19907,Domains_SSE_PBE
2282,-4.602579102578177,-4.0240272184213,1.04,-6.95384560171,86dd3a804d78ca5d203ebf98747e8f16dff9713ba8950097ceb760b161e19907,Domains_SSE_PBE
2283,-4.603059981926039,-4.0240272184213,1.04,-6.95384560171,86dd3a804d78ca5d203ebf98747e8f16dff9713ba8950097ceb760b161e19907,Domains_SSE_PBE
2284,-4.603540956662503,-4.0240272184213,1.04,-6.95384560171,86dd3a804d78ca5d203ebf98747e8f16dff9713ba8950097ceb760b161e19907,Domains_SSE_PBE
2285,-4.604022026747558,-4.0240272184213,1.04,-6.95384560171,86dd3a804d78ca5d203ebf98747e8f16dff9713ba8950097ceb760b161e19907,Domains_SSE_PBE
2286,-4.60450319214123,-4.0240272184213,1.04,-6.95384560171,86dd3a804d78ca5d203ebf98747e8f16dff9713ba8950097ceb760b161e19907,Domains_SSE_PBE
2287,-4.604984452803574,-4.0240272184213,1.04,-6.95384560171,86dd3a804d78ca5d203ebf98747e8f16dff9713ba8950097ceb760b161e19907,Domains_SSE_PBE
2288,-4.60546580869468,-4.0240272184213,1.04,-6.95384560171,86dd3a804d78ca5d203ebf98747e8f16dff9713ba8950097ceb760b161e19907,Domains_SSE_PBE
2289,-4.605947259774671,-4.0240272184213,1.04,-6.95384560171,86dd3a804d78ca5d203ebf98747e8f16dff9713ba8950097ceb760b161e19907,Domains_SSE_PBE
2290,-4.606428806003698,-4.0240272184213,1.04,-6.95384560171,86dd3a804d78ca5d203ebf98747e8f16dff9713ba8950097ceb760b161e19907,Domains_SSE_PBE
2291,-4.606910447341952,-4.0240272184213,1.04,-6.95384560171,86dd3a804d78ca5d203ebf98747e8f16dff9713ba8950097ceb760b161e19907,Domains_SSE_PBE
2292,-4.607392183749651,-4.0240272184213,1.04,-6.95384560171,86dd3a804d78ca5d203ebf98747e8f16dff9713ba8950097ceb760b161e19907,Domains_SSE_PBE
2293,-4.607874015187049,-4.0240272184213,1.04,-6.95384560171,86dd3a804d78ca5d203ebf98747e8f16dff9713ba8950097ceb760b161e19907,Domains_SSE_PBE
2294,-4.608355941614429,-4.0240272184213,1.04,-6.95384560171,86dd3a804d78ca5d203ebf98747e8f16dff9713ba8950097ceb760b161e19907,Domains_SSE_PBE
2295,-4.608837962992109,-4.0240272184213,1.04,-6.95384560171,86dd3a804d78ca5d203ebf98747e8f16dff9713ba8950097ceb760b161e19907,Domains_SSE_PBE
2296,-4.609320079280437,-4.0240272184213,1.04,-6.95384560171,86dd3a804d78ca5d203ebf98747e8f16dff9713ba8950097ceb760b161e19907,Domains_SSE_PBE
2297,-4.609802290439799,-4.0240272184213,1.04,-6.95384560171,86dd3a804d78ca5d203ebf98747e8f16dff9713ba8950097ceb760b161e19907,Domains_SSE_PBE
2298,-4.610284596430606,-4.0240272184213,1.04,-6.95384560171,86dd3a804d78ca5d203ebf98747e8f16dff9713ba8950097ceb760b161e19907,Domains_SSE_PBE
2299,-4.610766997213307,-4.0240272184213,1.04,-6.95384560171,86dd3a804d78ca5d203ebf98747e8f16dff9713ba8950097ceb760b161e19907,Domains_SSE_PBE
2300,-4.611249492748379,-4.0240272184213,1.04,-6.95384560171,86dd3a804d78ca5d203ebf98747e8f16dff9713ba8950097ceb760b161e19907,Domains_SSE_PBE
2301,-4.611732082996334,-4.0240272184213,1.04,-6.95384560171,86dd3a804d78ca5d203ebf98747e8f16dff9713ba8950097ceb760b161e19907,Domains_SSE_PBE
2302,-4.612214767917715,-4.0240272184213,1.04,-6.95384560171,86dd3a804d78ca5d203ebf98747e8f16dff9713ba8950097ceb760b161e19907,Domains_SSE_PBE
2303,-4.612697547473098,-4.0240272184213,1.04,-6.95384560171,86dd3a804d78ca5d203ebf98747e8f16dff9713ba8950097ceb760b161e19907,Domains_SSE_PBE
2304,-4.613180421623092,-4.0240272184213,1.04,-6.95384560171,86dd3a804d78ca5d203ebf98747e8f16dff9713ba8950097ceb760b161e19907,Domains_SSE_PBE
2305,-4.613663390328333,-4.0240272184213,1.04,-6.95384560171,86dd3a804d78ca5d203ebf98747e8f16dff9713ba8950097ceb760b161e19907,Domains_SSE_PBE
2306,-4.614146453549497,-4.0240272184213,1.04,-6.95384560171,86dd3a804d78ca5d203ebf98747e8f16dff9713ba8950097ceb760b161e19907,Domains_SSE_PBE
2307,-4.614629611247286,-4.0240272184213,1.04,-6.95384560171,86dd3a804d78ca5d203ebf98747e8f16dff9713ba8950097ceb760b161e19907,Domains_SSE_PBE
2308,-4.615112863382434,-4.0240272184213,1.04,-6.95384560171,86dd3a804d78ca5d203ebf98747e8f16dff9713ba8950097ceb760b161e19907,Domains_SSE_PBE
2309,-4.615596209915711,-4.0240272184213,1.04,-6.95384560171,86dd3a804d78ca5d203ebf98747e8f16dff9713ba8950097ceb760b161e19907,Domains_SSE_PBE
2310,-4.616079650807913,-4.0240272184213,1.04,-6.95384560171,86dd3a804d78ca5d203ebf98747e8f16dff9713ba8950097ceb760b161e19907,Domains_SSE_PBE
2311,-4.616563186019876,-4.0240272184213,1.04,-6.95384560171,86dd3a804d78ca5d203ebf98747e8f16dff9713ba8950097ceb760b161e19907,Domains_SSE_PBE
2312,-4.617046815512461,-4.0240272184213,1.04,-6.95384560171,86dd3a804d78ca5d203ebf98747e8f16dff9713ba8950097ceb760b161e19907,Domains_SSE_PBE
2313,-4.617530539246563,-4.0240272184213,1.04,-6.95384560171,86dd3a804d78ca5d203ebf98747e8f16dff9713ba8950097ceb760b161e19907,Domains_SSE_PBE
2314,-4.618014357183108,-4.0240272184213,1.04,-6.95384560171,86dd3a804d78ca5d203ebf98747e8f16dff9713ba8950097ceb760b161e19907,Domains_SSE_PBE
2315,-4.618498269283055,-4.0240272184213,1.04,-6.95384560171,86dd3a804d78ca5d203ebf98747e8f16dff9713ba8950097ceb760b161e19907,Domains_SSE_PBE
2316,-4.618982275507394,-4.0240272184213,1.04,-6.95384560171,86dd3a804d78ca5d203ebf98747e8f16dff9713ba8950097ceb760b161e19907,Domains_SSE_PBE
2317,-4.619466375817145,-4.0240272184213,1.04,-6.95384560171,86dd3a804d78ca5d203ebf98747e8f16dff9713ba8950097ceb760b161e19907,Domains_SSE_PBE
2318,-4.619950570173365,-4.0240272184213,1.04,-6.95384560171,86dd3a804d78ca5d203ebf98747e8f16dff9713ba8950097ceb760b161e19907,Domains_SSE_PBE
2319,-4.620434858537133,-4.0240272184213,1.04,-6.95384560171,86dd3a804d78ca5d203ebf98747e8f16dff9713ba8950097ceb760b161e19907,Domains_SSE_PBE
2320,-4.620919240869569,-4.0240272184213,1.04,-6.95384560171,86dd3a804d78ca5d203ebf98747e8f16dff9713ba8950097ceb760b161e19907,Domains_SSE_PBE
2321,-4.621403717131821,-4.0240272184213,1.04,-6.95384560171,86dd3a804d78ca5d203ebf98747e8f16dff9713ba8950097ceb760b161e19907,Domains_SSE_PBE
2322,-4.621888287285067,-4.0240272184213,1.04,-6.95384560171,86dd3a804d78ca5d203ebf98747e8f16dff9713ba8950097ceb760b161e19907,Domains_SSE_PBE
2323,-4.622372951290516,-4.0240272184213,1.04,-6.95384560171,86dd3a804d78ca5d203ebf98747e8f16dff9713ba8950097ceb760b161e19907,Domains_SSE_PBE
2324,-4.622857709109413,-4.0240272184213,1.04,-6.95384560171,86dd3a804d78ca5d203ebf98747e8f16dff9713ba8950097ceb760b161e19907,Domains_SSE_PBE
2325,-4.623342560703028,-4.0240272184213,1.04,-6.95384560171,86dd3a804d78ca5d203ebf98747e8f16dff9713ba8950097ceb760b161e19907,Domains_SSE_PBE
2326,-4.623827506032667,-4.0240272184213,1.04,-6.95384560171,86dd3a804d78ca5d203ebf98747e8f16dff9713ba8950097ceb760b161e19907,Domains_SSE_PBE
2327,-4.624312545059666,-4.0240272184213,1.04,-6.95384560171,86dd3a804d78ca5d203ebf98747e8f16dff9713ba8950097ceb760b161e19907,Domains_SSE_PBE
2328,-4.624797677745391,-4.0240272184213,1.04,-6.95384560171,86dd3a804d78ca5d203ebf98747e8f16dff9713ba8950097ceb760b161e19907,Domains_SSE_PBE
2329,-4.62528290405124,-4.0240272184213,1.04,-6.95384560171,86dd3a804d78ca5d203ebf98747e8f16dff9713ba8950097ceb760b161e19907,Domains_SSE_PBE
2330,-4.625768223938643,-4.0240272184213,1.04,-6.95384560171,86dd3a804d78ca5d203ebf98747e8f16dff9713ba8950097ceb760b161e19907,Domains_SSE_PBE
2331,-4.62625363736906,-4.0240272184213,1.04,-6.95384560171,86dd3a804d78ca5d203ebf98747e8f16dff9713ba8950097ceb760b161e19907,Domains_SSE_PBE
2332,-4.626739144303981,-4.0240272184213,1.04,-6.95384560171,86dd3a804d78ca5d203ebf98747e8f16dff9713ba8950097ceb760b161e19907,Domains_SSE_PBE
2333,-4.627224744704931,-4.0240272184213,1.04,-6.95384560171,86dd3a804d78ca5d203ebf98747e8f16dff9713ba8950097ceb760b161e19907,Domains_SSE_PBE
2334,-4.627710438533459,-4.0240272184213,1.04,-6.95384560171,86dd3a804d78ca5d203ebf98747e8f16dff9713ba8950097ceb760b161e19907,Domains_SSE_PBE
2335,-4.628196225751154,-4.0240272184213,1.04,-6.95384560171,86dd3a804d78ca5d203ebf98747e8f16dff9713ba8950097ceb760b161e19907,Domains_SSE_PBE
2336,-4.628682106319628,-4.0240272184213,1.04,-6.95384560171,86dd3a804d78ca5d203ebf98747e8f16dff9713ba8950097ceb760b161e19907,Domains_SSE_PBE
2337,-4.629168080200529,-4.0240272184213,1.04,-6.95384560171,86dd3a804d78ca5d203ebf98747e8f16dff9713ba8950097ceb760b161e19907,Domains_SSE_PBE
2338,-4.629654147355531,-4.0240272184213,1.04,-6.95384560171,86dd3a804d78ca5d203ebf98747e8f16dff9713ba8950097ceb760b161e19907,Domains_SSE_PBE
2339,-4.630140307746346,-4.0240272184213,1.04,-6.95384560171,86dd3a804d78ca5d203ebf98747e8f16dff9713ba8950097ceb760b161e19907,Domains_SSE_PBE
2340,-4.630626561334709,-4.0240272184213,1.04,-6.95384560171,86dd3a804d78ca5d203ebf98747e8f16dff9713ba8950097ceb760b161e19907,Domains_SSE_PBE
2341,-4.631112908082391,-4.0240272184213,1.04,-6.95384560171,86dd3a804d78ca5d203ebf98747e8f16dff9713ba8950097ceb760b161e19907,Domains_SSE_PBE
2342,-4.631599347951189,-4.0240272184213,1.04,-6.95384560171,86dd3a804d78ca5d203ebf98747e8f16dff9713ba8950097ceb760b161e19907,Domains_SSE_PBE
2343,-4.632085880902936,-4.0240272184213,1.04,-6.95384560171,86dd3a804d78ca5d203ebf98747e8f16dff9713ba8950097ceb760b161e19907,Domains_SSE_PBE
2344,-4.632572506899495,-4.0240272184213,1.04,-6.95384560171,86dd3a804d78ca5d203ebf98747e8f16dff9713ba8950097ceb760b161e19907,Domains_SSE_PBE
2345,-4.633059225902755,-4.0240272184213,1.04,-6.95384560171,86dd3a804d78ca5d203ebf98747e8f16dff9713ba8950097ceb760b161e19907,Domains_SSE_PBE
2346,-4.633546037874638,-4.0240272184213,1.04,-6.95384560171,86dd3a804d78ca5d203ebf98747e8f16dff9713ba8950097ceb760b161e19907,Domains_SSE_PBE
2347,-4.634032942777097,-4.0240272184213,1.04,-6.95384560171,86dd3a804d78ca5d203ebf98747e8f16dff9713ba8950097ceb760b161e19907,Domains_SSE_PBE
2348,-4.634519940572116,-4.0240272184213,1.04,-6.95384560171,86dd3a804d78ca5d203ebf98747e8f16dff9713ba8950097ceb760b161e19907,Domains_SSE_PBE
2349,-4.63500703122171,-4.0240272184213,1.04,-6.95384560171,86dd3a804d78ca5d203ebf98747e8f16dff9713ba8950097ceb760b161e19907,Domains_SSE_PBE
2350,-4.63549421468792,-4.0240272184213,1.04,-6.95384560171,86dd3a804d78ca5d203ebf98747e8f16dff9713ba8950097ceb760b161e19907,Domains_SSE_PBE
2351,-4.635981490932822,-4.0240272184213,1.04,-6.95384560171,86dd3a804d78ca5d203ebf98747e8f16dff9713ba8950097ceb760b161e19907,Domains_SSE_PBE
2352,-4.636468859918521,-4.0240272184213,1.04,-6.95384560171,86dd3a804d78ca5d203ebf98747e8f16dff9713ba8950097ceb760b161e19907,Domains_SSE_PBE
2353,-4.636956321607153,-4.0240272184213,1.04,-6.95384560171,86dd3a804d78ca5d203ebf98747e8f16dff9713ba8950097ceb760b161e19907,Domains_SSE_PBE
2354,-4.637443875960882,-4.0240272184213,1.04,-6.95384560171,86dd3a804d78ca5d203ebf98747e8f16dff9713ba8950097ceb760b161e19907,Domains_SSE_PBE
2355,-4.637931522941903,-4.0240272184213,1.04,-6.95384560171,86dd3a804d78ca5d203ebf98747e8f16dff9713ba8950097ceb760b161e19907,Domains_SSE_PBE
2356,-4.638419262512444,-4.0240272184213,1.04,-6.95384560171,86dd3a804d78ca5d203ebf98747e8f16dff9713ba8950097ceb760b161e19907,Domains_SSE_PBE
2357,-4.63890709463476,-4.0240272184213,1.04,-6.95384560171,86dd3a804d78ca5d203ebf98747e8f16dff9713ba8950097ceb760b161e19907,Domains_SSE_PBE
2358,-4.639395019271135,-4.0240272184213,1.04,-6.95384560171,86dd3a804d78ca5d203ebf98747e8f16dff9713ba8950097ceb760b161e19907,Domains_SSE_PBE
2359,-4.639883036383889,-4.0240272184213,1.04,-6.95384560171,86dd3a804d78ca5d203ebf98747e8f16dff9713ba8950097ceb760b161e19907,Domains_SSE_PBE
2360,-4.640371145935365,-4.0240272184213,1.04,-6.95384560171,86dd3a804d78ca5d203ebf98747e8f16dff9713ba8950097ceb760b161e19907,Domains_SSE_PBE
2361,-4.640859347887942,-4.0240272184213,1.04,-6.95384560171,86dd3a804d78ca5d203ebf98747e8f16dff9713ba8950097ceb760b161e19907,Domains_SSE_PBE
2362,-4.641347642204023,-4.0240272184213,1.04,-6.95384560171,86dd3a804d78ca5d203ebf98747e8f16dff9713ba8950097ceb760b161e19907,Domains_SSE_PBE
2363,-4.641836028846047,-4.0240272184213,1.04,-6.95384560171,86dd3a804d78ca5d203ebf98747e8f16dff9713ba8950097ceb760b161e19907,Domains_SSE_PBE
2364,-4.642324507776478,-4.0240272184213,1.04,-6.95384560171,86dd3a804d78ca5d203ebf98747e8f16dff9713ba8950097ceb760b161e19907,Domains_SSE_PBE
2365,-4.642813078957811,-4.0240272184213,1.04,-6.95384560171,86dd3a804d78ca5d203ebf98747e8f16dff9713ba8950097ceb760b161e19907,Domains_SSE_PBE
2366,-4.643301742352577,-4.0240272184213,1.04,-6.95384560171,86dd3a804d78ca5d203ebf98747e8f16dff9713ba8950097ceb760b161e19907,Domains_SSE_PBE
2367,-4.643790497923326,-4.0240272184213,1.04,-6.95384560171,86dd3a804d78ca5d203ebf98747e8f16dff9713ba8950097ceb760b161e19907,Domains_SSE_PBE
2368,-4.644279345632645,-4.0240272184213,1.04,-6.95384560171,86dd3a804d78ca5d203ebf98747e8f16dff9713ba8950097ceb760b161e19907,Domains_SSE_PBE
2369,-4.644768285443152,-4.0240272184213,1.04,-6.95384560171,86dd3a804d78ca5d203ebf98747e8f16dff9713ba8950097ceb760b161e19907,Domains_SSE_PBE
2370,-4.645257317317487,-4.0240272184213,1.04,-6.95384560171,86dd3a804d78ca5d203ebf98747e8f16dff9713ba8950097ceb760b161e19907,Domains_SSE_PBE
2371,-4.645746441218328,-4.0240272184213,1.04,-6.95384560171,86dd3a804d78ca5d203ebf98747e8f16dff9713ba8950097ceb760b161e19907,Domains_SSE_PBE
2372,-4.646235657108377,-4.0240272184213,1.04,-6.95384560171,86dd3a804d78ca5d203ebf98747e8f16dff9713ba8950097ceb760b161e19907,Domains_SSE_PBE
2373,-4.64672496495037,-4.0240272184213,1.04,-6.95384560171,86dd3a804d78ca5d203ebf98747e8f16dff9713ba8950097ceb760b161e19907,Domains_SSE_PBE
2374,-4.647214364707068,-4.0240272184213,1.04,-6.95384560171,86dd3a804d78ca5d203ebf98747e8f16dff9713ba8950097ceb760b161e19907,Domains_SSE_PBE
2375,-4.647703856341265,-4.0240272184213,1.04,-6.95384560171,86dd3a804d78ca5d203ebf98747e8f16dff9713ba8950097ceb760b161e19907,Domains_SSE_PBE
2376,-4.648193439815784,-4.0240272184213,1.04,-6.95384560171,86dd3a804d78ca5d203ebf98747e8f16dff9713ba8950097ceb760b161e19907,Domains_SSE_PBE
2377,-4.648683115093474,-4.0240272184213,1.04,-6.95384560171,86dd3a804d78ca5d203ebf98747e8f16dff9713ba8950097ceb760b161e19907,Domains_SSE_PBE
2378,-4.649172882137218,-4.0240272184213,1.04,-6.95384560171,86dd3a804d78ca5d203ebf98747e8f16dff9713ba8950097ceb760b161e19907,Domains_SSE_PBE
2379,-4.649662740909928,-4.0240272184213,1.04,-6.95384560171,86dd3a804d78ca5d203ebf98747e8f16dff9713ba8950097ceb760b161e19907,Domains_SSE_PBE
2380,-4.650152691374542,-4.0240272184213,1.04,-6.95384560171,86dd3a804d78ca5d203ebf98747e8f16dff9713ba8950097ceb760b161e19907,Domains_SSE_PBE
2381,-4.650642733494029,-4.0240272184213,1.04,-6.95384560171,86dd3a804d78ca5d203ebf98747e8f16dff9713ba8950097ceb760b161e19907,Domains_SSE_PBE
2382,-4.651132867231389,-4.0240272184213,1.04,-6.95384560171,86dd3a804d78ca5d203ebf98747e8f16dff9713ba8950097ceb760b161e19907,Domains_SSE_PBE
2383,-4.651623092549649,-4.0240272184213,1.04,-6.95384560171,86dd3a804d78ca5d203ebf98747e8f16dff9713ba8950097ceb760b161e19907,Domains_SSE_PBE
2384,-4.652113409411864,-4.0240272184213,1.04,-6.95384560171,86dd3a804d78ca5d203ebf98747e8f16dff9713ba8950097ceb760b161e19907,Domains_SSE_PBE
2385,-4.652603817781124,-4.0240272184213,1.04,-6.95384560171,86dd3a804d78ca5d203ebf98747e8f16dff9713ba8950097ceb760b161e19907,Domains_SSE_PBE
2386,-4.653094317620541,-4.0240272184213,1.04,-6.95384560171,86dd3a804d78ca5d203ebf98747e8f16dff9713ba8950097ceb760b161e19907,Domains_SSE_PBE
2387,-4.653584908893263,-4.0240272184213,1.04,-6.95384560171,86dd3a804d78ca5d203ebf98747e8f16dff9713ba8950097ceb760b161e19907,Domains_SSE_PBE
2388,-4.654075591562462,-4.0240272184213,1.04,-6.95384560171,86dd3a804d78ca5d203ebf98747e8f16dff9713ba8950097ceb760b161e19907,Domains_SSE_PBE
2389,-4.654566365591339,-4.0240272184213,1.04,-6.95384560171,86dd3a804d78ca5d203ebf98747e8f16dff9713ba8950097ceb760b161e19907,Domains_SSE_PBE
2390,-4.655057230943127,-4.0240272184213,1.04,-6.95384560171,86dd3a804d78ca5d203ebf98747e8f16dff9713ba8950097ceb760b161e19907,Domains_SSE_PBE
2391,-4.655548187581085,-4.0240272184213,1.04,-6.95384560171,86dd3a804d78ca5d203ebf98747e8f16dff9713ba8950097ceb760b161e19907,Domains_SSE_PBE
2392,-4.656039235468507,-4.0240272184213,1.04,-6.95384560171,86dd3a804d78ca5d203ebf98747e8f16dff9713ba8950097ceb760b161e19907,Domains_SSE_PBE
2393,-4.656530374568707,-4.0240272184213,1.04,-6.95384560171,86dd3a804d78ca5d203ebf98747e8f16dff9713ba8950097ceb760b161e19907,Domains_SSE_PBE
2394,-4.657021604845033,-4.0240272184213,1.04,-6.95384560171,86dd3a804d78ca5d203ebf98747e8f16dff9713ba8950097ceb760b161e19907,Domains_SSE_PBE
2395,-4.657512926260864,-4.0240272184213,1.04,-6.95384560171,86dd3a804d78ca5d203ebf98747e8f16dff9713ba8950097ceb760b161e19907,Domains_SSE_PBE
2396,-4.658004338779603,-4.0240272184213,1.04,-6.95384560171,86dd3a804d78ca5d203ebf98747e8f16dff9713ba8950097ceb760b161e19907,Domains_SSE_PBE
2397,-4.658495842364684,-4.0240272184213,1.04,-6.95384560171,86dd3a804d78ca5d203ebf98747e8f16dff9713ba8950097ceb760b161e19907,Domains_SSE_PBE
2398,-4.658987436979569,-4.0240272184213,1.04,-6.95384560171,86dd3a804d78ca5d203ebf98747e8f16dff9713ba8950097ceb760b161e19907,Domains_SSE_PBE
2399,-4.659479122587751,-4.0240272184213,1.04,-6.95384560171,86dd3a804d78ca5d203ebf98747e8f16dff9713ba8950097ceb760b161e19907,Domains_SSE_PBE
2400,-4.659970899152747,-4.0240272184213,1.04,-6.95384560171,86dd3a804d78ca5d203ebf98747e8f16dff9713ba8950097ceb760b161e19907,Domains_SSE_PBE
2401,-4.660462766638112,-4.0240272184213,1.04,-6.95384560171,86dd3a804d78ca5d203ebf98747e8f16dff9713ba8950097ceb760b161e19907,Domains_SSE_PBE
2402,-4.660954725007415,-4.0240272184213,1.04,-6.95384560171,86dd3a804d78ca5d203ebf98747e8f16dff9713ba8950097ceb760b161e19907,Domains_SSE_PBE
2403,-4.661446774224268,-4.0240272184213,1.04,-6.95384560171,86dd3a804d78ca5d203ebf98747e8f16dff9713ba8950097ceb760b161e19907,Domains_SSE_PBE
2404,-4.661938914252302,-4.0240272184213,1.04,-6.95384560171,86dd3a804d78ca5d203ebf98747e8f16dff9713ba8950097ceb760b161e19907,Domains_SSE_PBE
2405,-4.662431145055182,-4.0240272184213,1.04,-6.95384560171,86dd3a804d78ca5d203ebf98747e8f16dff9713ba8950097ceb760b161e19907,Domains_SSE_PBE
2406,-4.662923466596598,-4.0240272184213,1.04,-6.95384560171,86dd3a804d78ca5d203ebf98747e8f16dff9713ba8950097ceb760b161e19907,Domains_SSE_PBE
2407,-4.66341587884027,-4.0240272184213,1.04,-6.95384560171,86dd3a804d78ca5d203ebf98747e8f16dff9713ba8950097ceb760b161e19907,Domains_SSE_PBE
2408,-4.663908381749949,-4.0240272184213,1.04,-6.95384560171,86dd3a804d78ca5d203ebf98747e8f16dff9713ba8950097ceb760b161e19907,Domains_SSE_PBE
2409,-4.664400975289407,-4.0240272184213,1.04,-6.95384560171,86dd3a804d78ca5d203ebf98747e8f16dff9713ba8950097ceb760b161e19907,Domains_SSE_PBE
2410,-4.664893659422453,-4.0240272184213,1.04,-6.95384560171,86dd3a804d78ca5d203ebf98747e8f16dff9713ba8950097ceb760b161e19907,Domains_SSE_PBE
2411,-4.665386434112918,-4.0240272184213,1.04,-6.95384560171,86dd3a804d78ca5d203ebf98747e8f16dff9713ba8950097ceb760b161e19907,Domains_SSE_PBE
2412,-4.665879299324667,-4.0240272184213,1.04,-6.95384560171,86dd3a804d78ca5d203ebf98747e8f16dff9713ba8950097ceb760b161e19907,Domains_SSE_PBE
2413,-4.666372255021587,-4.0240272184213,1.04,-6.95384560171,86dd3a804d78ca5d203ebf98747e8f16dff9713ba8950097ceb760b161e19907,Domains_SSE_PBE
2414,-4.666865301167594,-4.0240272184213,1.04,-6.95384560171,86dd3a804d78ca5d203ebf98747e8f16dff9713ba8950097ceb760b161e19907,Domains_SSE_PBE
2415,-4.667358437726639,-4.0240272184213,1.04,-6.95384560171,86dd3a804d78ca5d203ebf98747e8f16dff9713ba8950097ceb760b161e19907,Domains_SSE_PBE
2416,-4.667851664662694,-4.0240272184213,1.04,-6.95384560171,86dd3a804d78ca5d203ebf98747e8f16dff9713ba8950097ceb760b161e19907,Domains_SSE_PBE
2417,-4.668344981939763,-4.0240272184213,1.04,-6.95384560171,86dd3a804d78ca5d203ebf98747e8f16dff9713ba8950097ceb760b161e19907,Domains_SSE_PBE
2418,-4.668838389521875,-4.0240272184213,1.04,-6.95384560171,86dd3a804d78ca5d203ebf98747e8f16dff9713ba8950097ceb760b161e19907,Domains_SSE_PBE
2419,-4.669331887373091,-4.0240272184213,1.04,-6.95384560171,86dd3a804d78ca5d203ebf98747e8f16dff9713ba8950097ceb760b161e19907,Domains_SSE_PBE
2420,-4.669825475457496,-4.0240272184213,1.04,-6.95384560171,86dd3a804d78ca5d203ebf98747e8f16dff9713ba8950097ceb760b161e19907,Domains_SSE_PBE
2421,-4.670319153739207,-4.0240272184213,1.04,-6.95384560171,86dd3a804d78ca5d203ebf98747e8f16dff9713ba8950097ceb760b161e19907,Domains_SSE_PBE
2422,-4.670812922182364,-4.0240272184213,1.04,-6.95384560171,86dd3a804d78ca5d203ebf98747e8f16dff9713ba8950097ceb760b161e19907,Domains_SSE_PBE
2423,-4.671306780751139,-4.0240272184213,1.04,-6.95384560171,86dd3a804d78ca5d203ebf98747e8f16dff9713ba8950097ceb760b161e19907,Domains_SSE_PBE
2424,-4.67180072940973,-4.0240272184213,1.04,-6.95384560171,86dd3a804d78ca5d203ebf98747e8f16dff9713ba8950097ceb760b161e19907,Domains_SSE_PBE
2425,-4.672294768122367,-4.0240272184213,1.04,-6.95384560171,86dd3a804d78ca5d203ebf98747e8f16dff9713ba8950097ceb760b161e19907,Domains_SSE_PBE
2426,-4.6727888968533,-4.0240272184213,1.04,-6.95384560171,86dd3a804d78ca5d203ebf98747e8f16dff9713ba8950097ceb760b161e19907,Domains_SSE_PBE
2427,-4.673283115566814,-4.0240272184213,1.04,-6.95384560171,86dd3a804d78ca5d203ebf98747e8f16dff9713ba8950097ceb760b161e19907,Domains_SSE_PBE
2428,-4.673777424227216,-4.0240272184213,1.04,-6.95384560171,86dd3a804d78ca5d203ebf98747e8f16dff9713ba8950097ceb760b161e19907,Domains_SSE_PBE
2429,-4.674271822798847,-4.0240272184213,1.04,-6.95384560171,86dd3a804d78ca5d203ebf98747e8f16dff9713ba8950097ceb760b161e19907,Domains_SSE_PBE
2430,-4.67476631124607,-4.0240272184213,1.04,-6.95384560171,86dd3a804d78ca5d203ebf98747e8f16dff9713ba8950097ceb760b161e19907,Domains_SSE_PBE
2431,-4.67526088953328,-4.0240272184213,1.04,-6.95384560171,86dd3a804d78ca5d203ebf98747e8f16dff9713ba8950097ceb760b161e19907,Domains_SSE_PBE
2432,-4.675755557624898,-4.0240272184213,1.04,-6.95384560171,86dd3a804d78ca5d203ebf98747e8f16dff9713ba8950097ceb760b161e19907,Domains_SSE_PBE
2433,-4.676250315485369,-4.0240272184213,1.04,-6.95384560171,86dd3a804d78ca5d203ebf98747e8f16dff9713ba8950097ceb760b161e19907,Domains_SSE_PBE
2434,-4.676745163079174,-4.0240272184213,1.04,-6.95384560171,86dd3a804d78ca5d203ebf98747e8f16dff9713ba8950097ceb760b161e19907,Domains_SSE_PBE
2435,-4.677240100370812,-4.0240272184213,1.04,-6.95384560171,86dd3a804d78ca5d203ebf98747e8f16dff9713ba8950097ceb760b161e19907,Domains_SSE_PBE
2436,-4.677735127324816,-4.0240272184213,1.04,-6.95384560171,86dd3a804d78ca5d203ebf98747e8f16dff9713ba8950097ceb760b161e19907,Domains_SSE_PBE
2437,-4.678230243905745,-4.0240272184213,1.04,-6.95384560171,86dd3a804d78ca5d203ebf98747e8f16dff9713ba8950097ceb760b161e19907,Domains_SSE_PBE
2438,-4.678725450078185,-4.0240272184213,1.04,-6.95384560171,86dd3a804d78ca5d203ebf98747e8f16dff9713ba8950097ceb760b161e19907,Domains_SSE_PBE
2439,-4.679220745806747,-4.0240272184213,1.04,-6.95384560171,86dd3a804d78ca5d203ebf98747e8f16dff9713ba8950097ceb760b161e19907,Domains_SSE_PBE
2440,-4.679716131056076,-4.0240272184213,1.04,-6.95384560171,86dd3a804d78ca5d203ebf98747e8f16dff9713ba8950097ceb760b161e19907,Domains_SSE_PBE
2441,-4.680211605790837,-4.0240272184213,1.04,-6.95384560171,86dd3a804d78ca5d203ebf98747e8f16dff9713ba8950097ceb760b161e19907,Domains_SSE_PBE
2442,-4.680707169975728,-4.0240272184213,1.04,-6.95384560171,86dd3a804d78ca5d203ebf98747e8f16dff9713ba8950097ceb760b161e19907,Domains_SSE_PBE
2443,-4.68120282357547,-4.0240272184213,1.04,-6.95384560171,86dd3a804d78ca5d203ebf98747e8f16dff9713ba8950097ceb760b161e19907,Domains_SSE_PBE
2444,-4.681698566554813,-4.0240272184213,1.04,-6.95384560171,86dd3a804d78ca5d203ebf98747e8f16dff9713ba8950097ceb760b161e19907,Domains_SSE_PBE
2445,-4.682194398878535,-4.0240272184213,1.04,-6.95384560171,86dd3a804d78ca5d203ebf98747e8f16dff9713ba8950097ceb760b161e19907,Domains_SSE_PBE
2446,-4.682690320511442,-4.0240272184213,1.04,-6.95384560171,86dd3a804d78ca5d203ebf98747e8f16dff9713ba8950097ceb760b161e19907,Domains_SSE_PBE
2447,-4.683186331418365,-4.0240272184213,1.04,-6.95384560171,86dd3a804d78ca5d203ebf98747e8f16dff9713ba8950097ceb760b161e19907,Domains_SSE_PBE
2448,-4.68368243156416,-4.0240272184213,1.04,-6.95384560171,86dd3a804d78ca5d203ebf98747e8f16dff9713ba8950097ceb760b161e19907,Domains_SSE_PBE
2449,-4.684178620913716,-4.0240272184213,1.04,-6.95384560171,86dd3a804d78ca5d203ebf98747e8f16dff9713ba8950097ceb760b161e19907,Domains_SSE_PBE
2450,-4.684674899431948,-4.0240272184213,1.04,-6.95384560171,86dd3a804d78ca5d203ebf98747e8f16dff9713ba8950097ceb760b161e19907,Domains_SSE_PBE
2451,-4.685171267083791,-4.0240272184213,1.04,-6.95384560171,86dd3a804d78ca5d203ebf98747e8f16dff9713ba8950097ceb760b161e19907,Domains_SSE_PBE
2452,-4.685667723834216,-4.0240272184213,1.04,-6.95384560171,86dd3a804d78ca5d203ebf98747e8f16dff9713ba8950097ceb760b161e19907,Domains_SSE_PBE
2453,-4.686164269648218,-4.0240272184213,1.04,-6.95384560171,86dd3a804d78ca5d203ebf98747e8f16dff9713ba8950097ceb760b161e19907,Domains_SSE_PBE
2454,-4.686660904490815,-4.0240272184213,1.04,-6.95384560171,86dd3a804d78ca5d203ebf98747e8f16dff9713ba8950097ceb760b161e19907,Domains_SSE_PBE
2455,-4.687157628327059,-4.0240272184213,1.04,-6.95384560171,86dd3a804d78ca5d203ebf98747e8f16dff9713ba8950097ceb760b161e19907,Domains_SSE_PBE
2456,-4.687654441122021,-4.0240272184213,1.04,-6.95384560171,86dd3a804d78ca5d203ebf98747e8f16dff9713ba8950097ceb760b161e19907,Domains_SSE_PBE
2457,-4.688151342840805,-4.0240272184213,1.04,-6.95384560171,86dd3a804d78ca5d203ebf98747e8f16dff9713ba8950097ceb760b161e19907,Domains_SSE_PBE
2458,-4.68864833344854,-4.0240272184213,1.04,-6.95384560171,86dd3a804d78ca5d203ebf98747e8f16dff9713ba8950097ceb760b161e19907,Domains_SSE_PBE
2459,-4.689145412910382,-4.0240272184213,1.04,-6.95384560171,86dd3a804d78ca5d203ebf98747e8f16dff9713ba8950097ceb760b161e19907,Domains_SSE_PBE
2460,-4.689642581191512,-4.0240272184213,1.04,-6.95384560171,86dd3a804d78ca5d203ebf98747e8f16dff9713ba8950097ceb760b161e19907,Domains_SSE_PBE
2461,-4.69013983825714,-4.0240272184213,1.04,-6.95384560171,86dd3a804d78ca5d203ebf98747e8f16dff9713ba8950097ceb760b161e19907,Domains_SSE_PBE
2462,-4.690637184072501,-4.0240272184213,1.04,-6.95384560171,86dd3a804d78ca5d203ebf98747e8f16dff9713ba8950097ceb760b161e19907,Domains_SSE_PBE
2463,-4.69113461860286,-4.0240272184213,1.04,-6.95384560171,86dd3a804d78ca5d203ebf98747e8f16dff9713ba8950097ceb760b161e19907,Domains_SSE_PBE
2464,-4.691632141813503,-4.0240272184213,1.04,-6.95384560171,86dd3a804d78ca5d203ebf98747e8f16dff9713ba8950097ceb760b161e19907,Domains_SSE_PBE
2465,-4.692129753669748,-4.0240272184213,1.04,-6.95384560171,86dd3a804d78ca5d203ebf98747e8f16dff9713ba8950097ceb760b161e19907,Domains_SSE_PBE
2466,-4.692627454136937,-4.0240272184213,1.04,-6.95384560171,86dd3a804d78ca5d203ebf98747e8f16dff9713ba8950097ceb760b161e19907,Domains_SSE_PBE
2467,-4.69312524318044,-4.0240272184213,1.04,-6.95384560171,86dd3a804d78ca5d203ebf98747e8f16dff9713ba8950097ceb760b161e19907,Domains_SSE_PBE
2468,-4.69362312076565,-4.0240272184213,1.04,-6.95384560171,86dd3a804d78ca5d203ebf98747e8f16dff9713ba8950097ceb760b161e19907,Domains_SSE_PBE
2469,-4.694121086857992,-4.0240272184213,1.04,-6.95384560171,86dd3a804d78ca5d203ebf98747e8f16dff9713ba8950097ceb760b161e19907,Domains_SSE_PBE
2470,-4.694619141422912,-4.0240272184213,1.04,-6.95384560171,86dd3a804d78ca5d203ebf98747e8f16dff9713ba8950097ceb760b161e19907,Domains_SSE_PBE
2471,-4.695117284425889,-4.0240272184213,1.04,-6.95384560171,86dd3a804d78ca5d203ebf98747e8f16dff9713ba8950097ceb760b161e19907,Domains_SSE_PBE
2472,-4.69561551583242,-4.0240272184213,1.04,-6.95384560171,86dd3a804d78ca5d203ebf98747e8f16dff9713ba8950097ceb760b161e19907,Domains_SSE_PBE
2473,-4.696113835608035,-4.0240272184213,1.04,-6.95384560171,86dd3a804d78ca5d203ebf98747e8f16dff9713ba8950097ceb760b161e19907,Domains_SSE_PBE
2474,-4.696612243718288,-4.0240272184213,1.04,-6.95384560171,86dd3a804d78ca5d203ebf98747e8f16dff9713ba8950097ceb760b161e19907,Domains_SSE_PBE
2475,-4.69711074012876,-4.0240272184213,1.04,-6.95384560171,86dd3a804d78ca5d203ebf98747e8f16dff9713ba8950097ceb760b161e19907,Domains_SSE_PBE
2476,-4.697609324805059,-4.0240272184213,1.04,-6.95384560171,86dd3a804d78ca5d203ebf98747e8f16dff9713ba8950097ceb760b161e19907,Domains_SSE_PBE
2477,-4.698107997712816,-4.0240272184213,1.04,-6.95384560171,86dd3a804d78ca5d203ebf98747e8f16dff9713ba8950097ceb760b161e19907,Domains_SSE_PBE
2478,-4.69860675881769,-4.0240272184213,1.04,-6.95384560171,86dd3a804d78ca5d203ebf98747e8f16dff9713ba8950097ceb760b161e19907,Domains_SSE_PBE
2479,-4.69910560808537,-4.0240272184213,1.04,-6.95384560171,86dd3a804d78ca5d203ebf98747e8f16dff9713ba8950097ceb760b161e19907,Domains_SSE_PBE
2480,-4.699604545481564,-4.0240272184213,1.04,-6.95384560171,86dd3a804d78ca5d203ebf98747e8f16dff9713ba8950097ceb760b161e19907,Domains_SSE_PBE
2481,-4.700103570972012,-4.0240272184213,1.04,-6.95384560171,86dd3a804d78ca5d203ebf98747e8f16dff9713ba8950097ceb760b161e19907,Domains_SSE_PBE
2482,-4.70060268452248,-4.0240272184213,1.04,-6.95384560171,86dd3a804d78ca5d203ebf98747e8f16dff9713ba8950097ceb760b161e19907,Domains_SSE_PBE
2483,-4.701101886098753,-4.0240272184213,1.04,-6.95384560171,86dd3a804d78ca5d203ebf98747e8f16dff9713ba8950097ceb760b161e19907,Domains_SSE_PBE
2484,-4.701601175666653,-4.0240272184213,1.04,-6.95384560171,86dd3a804d78ca5d203ebf98747e8f16dff9713ba8950097ceb760b161e19907,Domains_SSE_PBE
2485,-4.702100553192018,-4.0240272184213,1.04,-6.95384560171,86dd3a804d78ca5d203ebf98747e8f16dff9713ba8950097ceb760b161e19907,Domains_SSE_PBE
2486,-4.702600018640719,-4.0240272184213,1.04,-6.95384560171,86dd3a804d78ca5d203ebf98747e8f16dff9713ba8950097ceb760b161e19907,Domains_SSE_PBE
2487,-4.703099571978651,-4.0240272184213,1.04,-6.95384560171,86dd3a804d78ca5d203ebf98747e8f16dff9713ba8950097ceb760b161e19907,Domains_SSE_PBE
2488,-4.703599213171732,-4.0240272184213,1.04,-6.95384560171,86dd3a804d78ca5d203ebf98747e8f16dff9713ba8950097ceb760b161e19907,Domains_SSE_PBE
2489,-4.704098942185908,-4.0240272184213,1.04,-6.95384560171,86dd3a804d78ca5d203ebf98747e8f16dff9713ba8950097ceb760b161e19907,Domains_SSE_PBE
2490,-4.704598758987155,-4.0240272184213,1.04,-6.95384560171,86dd3a804d78ca5d203ebf98747e8f16dff9713ba8950097ceb760b161e19907,Domains_SSE_PBE
2491,-4.705098663541465,-4.0240272184213,1.04,-6.95384560171,86dd3a804d78ca5d203ebf98747e8f16dff9713ba8950097ceb760b161e19907,Domains_SSE_PBE
2492,-4.705598655814867,-4.0240272184213,1.04,-6.95384560171,86dd3a804d78ca5d203ebf98747e8f16dff9713ba8950097ceb760b161e19907,Domains_SSE_PBE
2493,-4.706098735773408,-4.0240272184213,1.04,-6.95384560171,86dd3a804d78ca5d203ebf98747e8f16dff9713ba8950097ceb760b161e19907,Domains_SSE_PBE
2494,-4.706598903383165,-4.0240272184213,1.04,-6.95384560171,86dd3a804d78ca5d203ebf98747e8f16dff9713ba8950097ceb760b161e19907,Domains_SSE_PBE
2495,-4.707099158610239,-4.0240272184213,1.04,-6.95384560171,86dd3a804d78ca5d203ebf98747e8f16dff9713ba8950097ceb760b161e19907,Domains_SSE_PBE
2496,-4.707599501420754,-4.0240272184213,1.04,-6.95384560171,86dd3a804d78ca5d203ebf98747e8f16dff9713ba8950097ceb760b161e19907,Domains_SSE_PBE
2497,-4.708099931780866,-4.0240272184213,1.04,-6.95384560171,86dd3a804d78ca5d203ebf98747e8f16dff9713ba8950097ceb760b161e19907,Domains_SSE_PBE
2498,-4.708600449656754,-4.0240272184213,1.04,-6.95384560171,86dd3a804d78ca5d203ebf98747e8f16dff9713ba8950097ceb760b161e19907,Domains_SSE_PBE
2499,-4.709101055014619,-4.0240272184213,1.04,-6.95384560171,86dd3a804d78ca5d203ebf98747e8f16dff9713ba8950097ceb760b161e19907,Domains_SSE_PBE
