T_K,P_GPa,V_min_A3_per_atom,F_vib_eV_per_atom,F_QH_eV_per_atom
851,0,17.84402159964513,-0.07922214320793675,-4.182926789437681
852,0,17.84402159964513,-0.07960038131065961,-4.183305027540404
853,0,17.84402159964513,-0.0799788942940669,-4.183683540523811
854,0,17.84402159964513,-0.08035768189322745,-4.184062328122971
855,0,17.84402159964513,-0.08073674384365948,-4.184441390073403
856,0,17.84402159964513,-0.0811160798813404,-4.184820726111084
857,0,17.84402159964513,-0.08149568974269883,-4.185200335972443
858,0,17.84402159964513,-0.08187557316461991,-4.185580219394364
859,0,17.84402159964513,-0.08225572988443641,-4.18596037611418
860,0,17.84402159964513,-0.08263615963993498,-4.186340805869679
861,0,17.84402159964513,-0.08301686216935078,-4.186721508399095
862,0,17.84402159964513,-0.08339783721136929,-4.187102483441113
863,0,17.84402159964513,-0.08377908450512184,-4.187483730734866
864,0,17.84402159964513,-0.0841606037901883,-4.187865250019932
865,0,17.84402159964513,-0.08454239480659265,-4.188247041036337
866,0,17.84402159964513,-0.08492445729480913,-4.188629103524553
867,0,17.84402159964513,-0.08530679099574634,-4.18901143722549
868,0,17.84402159964513,-0.08568939565076583,-4.18939404188051
869,0,17.84402159964513,-0.08607227100166526,-4.189776917231409
870,0,17.84402159964513,-0.08645541679068547,-4.190160063020429
871,0,17.84402159964513,-0.0868388327605043,-4.190543478990248
872,0,17.84402159964513,-0.08722251865424369,-4.190927164883988
873,0,17.84402159964513,-0.08760647421545986,-4.191311120445204
874,0,17.84402159964513,-0.08799069918814872,-4.191695345417893
875,0,17.84402159964513,-0.08837519331674049,-4.192079839546484
876,0,17.84402159964513,-0.08875995634609968,-4.192464602575844
877,0,17.84402159964513,-0.08914498802152782,-4.192849634251272
878,0,17.84402159964513,-0.08953028808875896,-4.193234934318503
879,0,17.84402159964513,-0.08991585629395704,-4.193620502523701
880,0,17.84402159964513,-0.09030169238372121,-4.194006338613465
881,0,17.84402159964513,-0.09068779610507871,-4.194392442334823
882,0,17.84402159964513,-0.09107416720548489,-4.194778813435229
883,0,17.84402159964513,-0.09146080543282764,-4.195165451662572
884,0,17.84402159964513,-0.09184771053541763,-4.195552356765162
885,0,17.84402159964513,-0.09223488226199805,-4.195939528491742
886,0,17.84402159964513,-0.09262232036173046,-4.196326966591474
887,0,17.84402159964513,-0.09301002458420804,-4.196714670813952
888,0,17.84402159964513,-0.09339799467944321,-4.197102640909187
889,0,17.84402159964513,-0.09378623039787293,-4.197490876627617
890,0,17.84402159964513,-0.09417473149035693,-4.197879377720101
891,0,17.84402159964513,-0.09456349770817418,-4.198268143937918
892,0,17.84402159964513,-0.09495252880302463,-4.198657175032769
893,0,17.84402159964513,-0.09534182452702744,-4.199046470756771
894,0,17.84402159964513,-0.09573138463272013,-4.199436030862464
895,0,17.84402159964513,-0.09612120887305675,-4.199825855102801
896,0,17.84402159964513,-0.09651129700140881,-4.200215943231153
897,0,17.84402159964513,-0.09690164877156171,-4.200606295001306
898,0,17.84402159964513,-0.09729226393771739,-4.200996910167461
899,0,17.84402159964513,-0.09768314225448904,-4.201387788484233
900,0,17.84402159964513,-0.09807428347690639,-4.20177892970665
901,0,17.84402159964513,-0.09846568736040506,-4.202170333590149
902,0,17.84402159964513,-0.09885735366083814,-4.202561999890582
903,0,17.84402159964513,-0.09924928213446371,-4.202953928364208
904,0,17.84402159964513,-0.09964147253795197,-4.203346118767696
905,0,17.84402159964513,-0.1000339246283799,-4.203738570858124
906,0,17.84402159964513,-0.1004266381632313,-4.204131284392975
907,0,17.84402159964513,-0.1008196129003966,-4.204524259130141
908,0,17.84402159964513,-0.1012128485981751,-4.204917494827919
909,0,17.84402159964513,-0.1016063450152664,-4.20531099124501
910,0,17.84402159964513,-0.1020001019107735,-4.205704748140517
911,0,17.84402159964513,-0.1023941190442041,-4.206098765273948
912,0,17.84402159964513,-0.1027883961754696,-4.206493042405214
913,0,17.84402159964513,-0.1031829330648799,-4.206887579294624
914,0,17.84402159964513,-0.1035777294731464,-4.20728237570289
915,0,17.84402159964513,-0.1039727851613774,-4.207677431391121
916,0,17.84402159964513,-0.104368099891083,-4.208072746120827
917,0,17.84402159964513,-0.1047636734241673,-4.208468319653911
918,0,17.84402159964513,-0.1051595055229351,-4.208864151752679
919,0,17.84402159964513,-0.1055555959500838,-4.209260242179828
920,0,17.84402159964513,-0.1059519444687069,-4.209656590698451
921,0,17.84402159964513,-0.1063485508422914,-4.210053197072035
922,0,17.84402159964513,-0.1067454148347187,-4.210450061064463
923,0,17.84402159964513,-0.1071425362102607,-4.210847182440005
924,0,17.84402159964513,-0.1075399147335823,-4.211244560963326
925,0,17.84402159964513,-0.1079375501697388,-4.211642196399483
926,0,17.84402159964513,-0.1083354422841758,-4.21204008851392
927,0,17.84402159964513,-0.108733590842724,-4.212438237072468
928,0,17.84402159964513,-0.1091319956116079,-4.212836641841352
929,0,17.84402159964513,-0.1095306563574363,-4.21323530258718
930,0,17.84402159964513,-0.1099295728472027,-4.213634219076947
931,0,17.84402159964513,-0.1103287448482888,-4.214033391078033
932,0,17.84402159964513,-0.110728172128459,-4.214432818358203
933,0,17.84402159964513,-0.1111278544558649,-4.214832500685609
934,0,17.84402159964513,-0.1115277915990358,-4.21523243782878
935,0,17.84402159964513,-0.1119279833268871,-4.215632629556631
936,0,17.84402159964513,-0.1123284294087155,-4.216033075638459
937,0,17.84402159964513,-0.1127291296141957,-4.21643377584394
938,0,17.84402159964513,-0.1131300837133828,-4.216834729943127
939,0,17.84402159964513,-0.1135312914767121,-4.217235937706456
940,0,17.84402159964513,-0.1139327526749963,-4.21763739890474
941,0,17.84402159964513,-0.1143344670794226,-4.218039113309167
942,0,17.84402159964513,-0.1147364344615625,-4.218441080691306
943,0,17.84402159964513,-0.1151386545933502,-4.218843300823094
944,0,17.84402159964513,-0.1155411272471056,-4.21924577347685
945,0,17.84402159964513,-0.1159438521955174,-4.219648498425261
946,0,17.84402159964513,-0.1163468292116487,-4.220051475441393
947,0,17.84402159964513,-0.1167500580689351,-4.220454704298679
948,0,17.84402159964513,-0.1171535385411824,-4.220858184770926
949,0,17.84402159964513,-0.1175572704025685,-4.221261916632312
950,0,17.84402159964513,-0.1179612534276373,-4.221665899657381
951,0,17.84402159964513,-0.1183654873913085,-4.222070133621052
952,0,17.84402159964513,-0.118769972068864,-4.222474618298608
953,0,17.84402159964513,-0.1191747072359552,-4.222879353465699
954,0,17.84402159964513,-0.1195796926686015,-4.223284338898345
955,0,17.84402159964513,-0.1199849281431824,-4.223689574372926
956,0,17.84402159964513,-0.1203904134364508,-4.224095059666195
957,0,17.84402159964513,-0.1207961483255184,-4.224500794555262
958,0,17.84402159964513,-0.1212021325878601,-4.224906778817604
959,0,17.84402159964513,-0.1216083660013156,-4.22531301223106
960,0,17.84402159964513,-0.1220148483440857,-4.22571949457383
961,0,17.84402159964513,-0.1224215793947314,-4.226126225624475
962,0,17.84402159964513,-0.1228285589321745,-4.226533205161918
963,0,17.84402159964513,-0.1232357867356972,-4.226940432965441
964,0,17.84402159964513,-0.1236432625849373,-4.227347908814681
965,0,17.84402159964513,-0.1240509862598937,-4.227755632489638
966,0,17.84402159964513,-0.1244589575409227,-4.228163603770667
967,0,17.84402159964513,-0.1248671762087321,-4.228571822438476
968,0,17.84402159964513,-0.1252756420443912,-4.228980288274135
969,0,17.84402159964513,-0.1256843548293212,-4.229389001059065
970,0,17.84402159964513,-0.1260933143452965,-4.22979796057504
971,0,17.84402159964513,-0.126502520374447,-4.230207166604191
972,0,17.84402159964513,-0.1269119726992534,-4.230616618928997
973,0,17.84402159964513,-0.127321671102548,-4.231026317332292
974,0,17.84402159964513,-0.1277316153675159,-4.23143626159726
975,0,17.84402159964513,-0.1281418052776893,-4.231846451507433
976,0,17.84402159964513,-0.128552240616953,-4.232256886846697
977,0,17.84402159964513,-0.1289629211695393,-4.232667567399283
978,0,17.84402159964513,-0.1293738467200276,-4.233078492949772
979,0,17.84402159964513,-0.1297850170533454,-4.233489663283089
980,0,17.84402159964513,-0.130196431954765,-4.233901078184509
981,0,17.84402159964513,-0.1306080912099068,-4.234312737439651
982,0,17.84402159964513,-0.1310199946047348,-4.234724640834479
983,0,17.84402159964513,-0.1314321419255569,-4.235136788155301
984,0,17.84402159964513,-0.1318445329590254,-4.235549179188769
985,0,17.84402159964513,-0.1322571674921331,-4.235961813721877
986,0,17.84402159964513,-0.132670045312218,-4.236374691541962
987,0,17.84402159964513,-0.1330831662069567,-4.236787812436701
988,0,17.84402159964513,-0.1334965299643684,-4.237201176194112
989,0,17.84402159964513,-0.1339101363728075,-4.237614782602551
990,0,17.84402159964513,-0.1343239852209734,-4.238028631450717
991,0,17.84402159964513,-0.1347380762979009,-4.238442722527645
992,0,17.84402159964513,-0.135152409392961,-4.238857055622705
993,0,17.84402159964513,-0.1355669842958633,-4.239271630525607
994,0,17.84402159964513,-0.1359818007966531,-4.239686447026397
995,0,17.84402159964513,-0.1363968586857114,-4.240101504915455
996,0,17.84402159964513,-0.1368121577537522,-4.240516803983496
997,0,17.84402159964513,-0.1372276977918254,-4.240932344021569
998,0,17.84402159964513,-0.1376434785913139,-4.241348124821058
999,0,17.84402159964513,-0.1380594999439309,-4.241764146173675
1000,0,17.84402159964513,-0.1384757616417245,-4.242180407871468
1001,0,17.84402159964513,-0.1388922634770688,-4.242596909706813
1002,0,17.84402159964513,-0.1393090052426746,-4.243013651472419
1003,0,17.84402159964513,-0.1397259867315803,-4.243430632961324
1004,0,17.84402159964513,-0.1401432077371476,-4.243847853966892
1005,0,17.84402159964513,-0.1405606680530767,-4.244265314282821
1006,0,17.84402159964513,-0.1409783674733864,-4.24468301370313
1007,0,17.84402159964513,-0.1413963057924228,-4.245100952022167
1008,0,17.84402159964513,-0.1418144828048646,-4.245519129034609
1009,0,17.84402159964513,-0.1422328983057106,-4.245937544535455
1010,0,17.84402159964513,-0.1426515520902871,-4.246356198320031
1011,0,17.84402159964513,-0.1430704439542403,-4.246775090183984
1012,0,17.84402159964513,-0.1434895736935449,-4.247194219923289
1013,0,17.84402159964513,-0.1439089411044927,-4.247613587334237
1014,0,17.84402159964513,-0.1443285459837025,-4.248033192213446
1015,0,17.84402159964513,-0.1447483881281109,-4.248453034357855
1016,0,17.84402159964513,-0.1451684673349769,-4.248873113564721
1017,0,17.84402159964513,-0.1455887834018776,-4.249293429631622
1018,0,17.84402159964513,-0.1460093361267134,-4.249713982356457
1019,0,17.84402159964513,-0.1464301253076963,-4.25013477153744
1020,0,17.84402159964513,-0.1468511507433616,-4.250555796973106
1021,0,17.84402159964513,-0.1472724122325602,-4.250977058462304
1022,0,17.84402159964513,-0.1476939095744587,-4.251398555804203
1023,0,17.84402159964513,-0.1481156425685395,-4.251820288798283
1024,0,17.84402159964513,-0.1485376110146008,-4.252242257244345
1025,0,17.84402159964513,-0.1489598147127547,-4.252664460942499
1026,0,17.84402159964513,-0.1493822534634281,-4.253086899693172
1027,0,17.84402159964513,-0.1498049270673594,-4.253509573297103
1028,0,17.84402159964513,-0.1502278353256008,-4.253932481555345
1029,0,17.84402159964513,-0.1506509780395149,-4.254355624269259
1030,0,17.84402159964513,-0.1510743550107749,-4.254779001240519
1031,0,17.84402159964513,-0.1514979660413678,-4.255202612271112
1032,0,17.84402159964513,-0.1519218109335858,-4.25562645716333
1033,0,17.84402159964513,-0.1523458894900349,-4.256050535719779
1034,0,17.84402159964513,-0.1527702015136247,-4.256474847743369
1035,0,17.84402159964513,-0.1531947468075758,-4.25689939303732
1036,0,17.84402159964513,-0.1536195251754142,-4.257324171405158
1037,0,17.84402159964513,-0.154044536420975,-4.257749182650719
1038,0,17.84402159964513,-0.1544697803483954,-4.258174426578139
1039,0,17.84402159964513,-0.1548952567621207,-4.258599902991865
1040,0,17.84402159964513,-0.1553209654668981,-4.259025611696642
1041,0,17.84402159964513,-0.1557469062677823,-4.259451552497526
1042,0,17.84402159964513,-0.1561730789701272,-4.259877725199871
1043,0,17.84402159964513,-0.1565994833795932,-4.260304129609337
1044,0,17.84402159964513,-0.1570261193021381,-4.260730765531882
1045,0,17.84402159964513,-0.1574529865440244,-4.261157632773768
1046,0,17.84402159964513,-0.1578800849118149,-4.261584731141559
1047,0,17.84402159964513,-0.1583074142123708,-4.262012060442115
1048,0,17.84402159964513,-0.1587349742528552,-4.262439620482599
1049,0,17.84402159964513,-0.159162764840727,-4.262867411070471
1050,0,17.84402159964513,-0.1595907857837444,-4.263295432013488
1051,0,17.84402159964513,-0.1600190368899632,-4.263723683119707
1052,0,17.84402159964513,-0.1604475179677385,-4.264152164197482
1053,0,17.84402159964513,-0.1608762288257157,-4.26458087505546
1054,0,17.84402159964513,-0.1613051692728424,-4.265009815502586
1055,0,17.84402159964513,-0.1617343391183557,-4.2654389853481
1056,0,17.84402159964513,-0.16216373817179,-4.265868384401534
1057,0,17.84402159964513,-0.1625933662429739,-4.266298012472718
1058,0,17.84402159964513,-0.1630232231420283,-4.266727869371772
1059,0,17.84402159964513,-0.1634533086793644,-4.267157954909108
1060,0,17.84402159964513,-0.1638836226656881,-4.267588268895432
1061,0,17.84402159964513,-0.1643141649119961,-4.26801881114174
1062,0,17.84402159964513,-0.1647449352295753,-4.268449581459319
1063,0,17.84402159964513,-0.1651759334300014,-4.268880579659745
1064,0,17.84402159964513,-0.1656071593251411,-4.269311805554885
1065,0,17.84402159964513,-0.1660386127271503,-4.269743258956894
1066,0,17.84402159964513,-0.1664702934484721,-4.270174939678216
1067,0,17.84402159964513,-0.166902201301836,-4.27060684753158
1068,0,17.84402159964513,-0.1673343361002617,-4.271038982330006
1069,0,17.84402159964513,-0.1677666976570524,-4.271471343886796
1070,0,17.84402159964513,-0.1681992857857981,-4.271903932015542
1071,0,17.84402159964513,-0.1686321003003739,-4.272336746530118
1072,0,17.84402159964513,-0.1690651410149391,-4.272769787244683
1073,0,17.84402159964513,-0.169498407743939,-4.273203053973683
1074,0,17.84402159964513,-0.1699319003021005,-4.273636546531844
1075,0,17.84402159964513,-0.1703656185044311,-4.274070264734175
1076,0,17.84402159964513,-0.1707995621662226,-4.274504208395967
1077,0,17.84402159964513,-0.1712337311030536,-4.274938377332798
1078,0,17.84402159964513,-0.1716681251307755,-4.275372771360519
1079,0,17.84402159964513,-0.1721027440655218,-4.275807390295266
1080,0,17.84402159964513,-0.1725375877237099,-4.276242233953454
1081,0,17.84402159964513,-0.1729726559220328,-4.276677302151777
1082,0,17.84402159964513,-0.1734079484774638,-4.277112594707208
1083,0,17.84402159964513,-0.1738434652072538,-4.277548111436998
1084,0,17.84402159964513,-0.1742792059289302,-4.277983852158674
1085,0,17.84402159964513,-0.1747151704603001,-4.278419816690044
1086,0,17.84402159964513,-0.175151358619444,-4.278856004849188
1087,0,17.84402159964513,-0.1755877702247197,-4.279292416454464
1088,0,17.84402159964513,-0.1760244050947595,-4.279729051324503
1089,0,17.84402159964513,-0.1764612630484708,-4.280165909278215
1090,0,17.84402159964513,-0.1768983439050347,-4.280602990134779
1091,0,17.84402159964513,-0.177335647483905,-4.281040293713649
1092,0,17.84402159964513,-0.1777731736048125,-4.281477819834556
1093,0,17.84402159964513,-0.1782109220877528,-4.281915568317497
1094,0,17.84402159964513,-0.1786488927530003,-4.282353538982744
1095,0,17.84402159964513,-0.1790870854210977,-4.282791731650842
1096,0,17.84402159964513,-0.1795254999128577,-4.283230146142602
1097,0,17.84402159964513,-0.1799641360493647,-4.283668782279109
1098,0,17.84402159964513,-0.1804029936519713,-4.284107639881715
1099,0,17.84402159964513,-0.1808420725422994,-4.284546718772043
1100,0,17.84402159964513,-0.1812813725422409,-4.284986018771985
1101,0,17.84402159964513,-0.181720893473952,-4.285425539703696
1102,0,17.84402159964513,-0.1821606351598595,-4.285865281389603
1103,0,17.84402159964513,-0.1826005974226534,-4.286305243652397
1104,0,17.84402159964513,-0.1830407800852951,-4.286745426315039
1105,0,17.84402159964513,-0.1834811829710068,-4.287185829200751
1106,0,17.84402159964513,-0.183921805903279,-4.287626452133023
1107,0,17.84402159964513,-0.1843626487058634,-4.288067294935607
1108,0,17.84402159964513,-0.1848037112027789,-4.288508357432523
1109,0,17.84402159964513,-0.1852449932183058,-4.28894963944805
1110,0,17.84402159964513,-0.1856864945769887,-4.289391140806733
1111,0,17.84402159964513,-0.1861282151036328,-4.289832861333377
1112,0,17.84402159964513,-0.1865701546233067,-4.290274800853051
1113,0,17.84402159964513,-0.1870123129613388,-4.290716959191083
1114,0,17.84402159964513,-0.1874546899433209,-4.291159336173065
1115,0,17.84402159964513,-0.1878972853951,-4.291601931624844
1116,0,17.84402159964513,-0.1883400991427866,-4.292044745372531
1117,0,17.84402159964513,-0.1887831310127535,-4.292487777242497
1118,0,17.84402159964513,-0.1892263808316219,-4.292931027061366
1119,0,17.84402159964513,-0.1896698484262807,-4.293374494656025
1120,0,17.84402159964513,-0.1901135336238724,-4.293818179853616
1121,0,17.84402159964513,-0.1905574362517957,-4.29426208248154
1122,0,17.84402159964513,-0.1910015561377083,-4.294706202367452
1123,0,17.84402159964513,-0.1914458931095204,-4.295150539339264
1124,0,17.84402159964513,-0.1918904469954015,-4.295595093225145
1125,0,17.84402159964513,-0.1923352176237714,-4.296039863853515
1126,0,17.84402159964513,-0.1927802048233094,-4.296484851053053
1127,0,17.84402159964513,-0.1932254084229443,-4.296930054652688
1128,0,17.84402159964513,-0.1936708282518609,-4.297375474481605
1129,0,17.84402159964513,-0.194116464139495,-4.297821110369239
1130,0,17.84402159964513,-0.194562315915535,-4.298266962145279
1131,0,17.84402159964513,-0.195008383409923,-4.298713029639667
1132,0,17.84402159964513,-0.1954546664528483,-4.299159312682592
1133,0,17.84402159964513,-0.1959011648747557,-4.2996058111045
1134,0,17.84402159964513,-0.1963478785063346,-4.300052524736079
1135,0,17.84402159964513,-0.1967948071785308,-4.300499453408275
1136,0,17.84402159964513,-0.1972419507225345,-4.300946596952278
1137,0,17.84402159964513,-0.1976893089697827,-4.301393955199527
1138,0,17.84402159964513,-0.1981368817519682,-4.301841527981712
1139,0,17.84402159964513,-0.1985846689010238,-4.302289315130768
1140,0,17.84402159964513,-0.1990326702491316,-4.302737316478876
1141,0,17.84402159964513,-0.1994808856287245,-4.303185531858468
1142,0,17.84402159964513,-0.1999293148724757,-4.30363396110222
1143,0,17.84402159964513,-0.2003779578133065,-4.30408260404305
1144,0,17.84402159964513,-0.2008268142843841,-4.304531460514128
1145,0,17.84402159964513,-0.2012758841191191,-4.304980530348863
1146,0,17.84402159964513,-0.2017251671511646,-4.305429813380909
1147,0,17.84402159964513,-0.2021746632144232,-4.305879309444167
1148,0,17.84402159964513,-0.202624372143033,-4.306329018372777
1149,0,17.84402159964513,-0.2030742937713796,-4.306778940001124
1150,0,17.84402159964513,-0.2035244279340906,-4.307229074163835
1151,0,17.84402159964513,-0.2039747744660332,-4.307679420695777
1152,0,17.84402159964513,-0.204425333202316,-4.30812997943206
1153,0,17.84402159964513,-0.2048761039782905,-4.308580750208034
1154,0,17.84402159964513,-0.2053270866295449,-4.309031732859289
1155,0,17.84402159964513,-0.2057782809919102,-4.309482927221654
1156,0,17.84402159964513,-0.2062296869014544,-4.309934333131198
1157,0,17.84402159964513,-0.2066813041944862,-4.31038595042423
1158,0,17.84402159964513,-0.2071331327075496,-4.310837778937294
1159,0,17.84402159964513,-0.2075851722774313,-4.311289818507175
1160,0,17.84402159964513,-0.2080374227411497,-4.311742068970894
1161,0,17.84402159964513,-0.2084898839359628,-4.312194530165707
1162,0,17.84402159964513,-0.2089425556993652,-4.312647201929109
1163,0,17.84402159964513,-0.2093954378690857,-4.31310008409883
1164,0,17.84402159964513,-0.2098485302830895,-4.313553176512833
1165,0,17.84402159964513,-0.2103018327795771,-4.314006479009321
1166,0,17.84402159964513,-0.210755345196981,-4.314459991426725
1167,0,17.84402159964513,-0.2112090673739706,-4.314913713603715
1168,0,17.84402159964513,-0.211662999149449,-4.315367645379193
1169,0,17.84402159964513,-0.2121171403625484,-4.315821786592292
1170,0,17.84402159964513,-0.2125714908526364,-4.31627613708238
1171,0,17.84402159964513,-0.2130260504593133,-4.316730696689057
1172,0,17.84402159964513,-0.2134808190224069,-4.317185465252151
1173,0,17.84402159964513,-0.2139357963819819,-4.317640442611726
1174,0,17.84402159964513,-0.2143909823783297,-4.318095628608074
1175,0,17.84402159964513,-0.2148463768519724,-4.318551023081716
1176,0,17.84402159964513,-0.2153019796436606,-4.319006625873405
1177,0,17.84402159964513,-0.215757790594381,-4.319462436824125
1178,0,17.84402159964513,-0.2162138095453372,-4.319918455775081
1179,0,17.84402159964513,-0.2166700363379723,-4.320374682567716
1180,0,17.84402159964513,-0.2171264708139509,-4.320831117043695
1181,0,17.84402159964513,-0.2175831128151664,-4.32128775904491
1182,0,17.84402159964513,-0.2180399621837399,-4.321744608413484
1183,0,17.84402159964513,-0.2184970187620188,-4.322201664991763
1184,0,17.84402159964513,-0.2189542823925761,-4.32265892862232
1185,0,17.84402159964513,-0.2194117529182105,-4.323116399147954
1186,0,17.84402159964513,-0.2198694301819462,-4.32357407641169
1187,0,17.84402159964513,-0.2203273140270312,-4.324031960256775
1188,0,17.84402159964513,-0.2207854042969384,-4.324490050526682
1189,0,17.84402159964513,-0.2212437008353643,-4.324948347065108
1190,0,17.84402159964513,-0.2217022034862284,-4.325406849715972
1191,0,17.84402159964513,-0.2221609120936749,-4.325865558323419
1192,0,17.84402159964513,-0.2226198265020685,-4.326324472731812
1193,0,17.84402159964513,-0.2230789465559928,-4.326783592785737
1194,0,17.84402159964513,-0.2235382721002619,-4.327242918330006
1195,0,17.84402159964513,-0.2239978029799028,-4.327702449209647
1196,0,17.84402159964513,-0.2244575390401646,-4.328162185269909
1197,0,17.84402159964513,-0.2249174801265221,-4.328622126356266
1198,0,17.84402159964513,-0.2253776260846614,-4.329082272314405
1199,0,17.84402159964513,-0.225837976760495,-4.329542622990239
1200,0,17.84402159964513,-0.2262985320001496,-4.330003178229894
1201,0,17.84402159964513,-0.2267592916499748,-4.330463937879719
1202,0,17.84402159964513,-0.2272202555565332,-4.330924901786277
1203,0,17.84402159964513,-0.2276814235666089,-4.331386069796353
1204,0,17.84402159964513,-0.2281427955272006,-4.331847441756945
1205,0,17.84402159964513,-0.2286043712855275,-4.332309017515271
1206,0,17.84402159964513,-0.2290661506890208,-4.332770796918765
1207,0,17.84402159964513,-0.2295281335853288,-4.333232779815073
1208,0,17.84402159964513,-0.2299903198223161,-4.33369496605206
1209,0,17.84402159964513,-0.2304527092480626,-4.334157355477807
1210,0,17.84402159964513,-0.2309153017108621,-4.334619947940606
1211,0,17.84402159964513,-0.2313780970592232,-4.335082743288967
1212,0,17.84402159964513,-0.2318410951418652,-4.335545741371609
1213,0,17.84402159964513,-0.2323042958077259,-4.33600894203747
1214,0,17.84402159964513,-0.2327676989059517,-4.336472345135696
1215,0,17.84402159964513,-0.2332313042859031,-4.336935950515647
1216,0,17.84402159964513,-0.2336951117971537,-4.337399758026898
1217,0,17.84402159964513,-0.2341591212894878,-4.337863767519232
1218,0,17.84402159964513,-0.234623332612899,-4.338327978842643
1219,0,17.84402159964513,-0.2350877456175944,-4.338792391847338
1220,0,17.84402159964513,-0.2355523601539904,-4.339257006383734
1221,0,17.84402159964513,-0.2360171760727132,-4.339721822302457
1222,0,17.84402159964513,-0.2364821932245986,-4.340186839454343
1223,0,17.84402159964513,-0.2369474114606938,-4.340652057690438
1224,0,17.84402159964513,-0.23741283063225,-4.341117476861994
1225,0,17.84402159964513,-0.2378784505907321,-4.341583096820476
1226,0,17.84402159964513,-0.238344271187807,-4.342048917417551
1227,0,17.84402159964513,-0.2388102922753541,-4.342514938505098
1228,0,17.84402159964513,-0.239276513705458,-4.342981159935202
1229,0,17.84402159964513,-0.2397429353304101,-4.343447581560154
1230,0,17.84402159964513,-0.2402095570027072,-4.343914203232451
1231,0,17.84402159964513,-0.2406763785750536,-4.344381024804798
1232,0,17.84402159964513,-0.2411433999003583,-4.344848046130102
1233,0,17.84402159964513,-0.241610620831735,-4.345315267061479
1234,0,17.84402159964513,-0.2420780412225012,-4.345782687452245
1235,0,17.84402159964513,-0.242545660926182,-4.346250307155926
1236,0,17.84402159964513,-0.2430134797965025,-4.346718126026246
1237,0,17.84402159964513,-0.2434814976873927,-4.347186143917137
1238,0,17.84402159964513,-0.2439497144529881,-4.347654360682732
1239,0,17.84402159964513,-0.244418129947622,-4.348122776177366
1240,0,17.84402159964513,-0.2448867440258331,-4.348591390255577
1241,0,17.84402159964513,-0.2453555565423624,-4.349060202772106
1242,0,17.84402159964513,-0.2458245673521509,-4.349529213581895
1243,0,17.84402159964513,-0.246293776310341,-4.349998422540085
1244,0,17.84402159964513,-0.2467631832722761,-4.35046782950202
1245,0,17.84402159964513,-0.2472327880934992,-4.350937434323243
1246,0,17.84402159964513,-0.2477025906297543,-4.351407236859498
1247,0,17.84402159964513,-0.2481725907369849,-4.351877236966729
1248,0,17.84402159964513,-0.248642788271332,-4.352347434501076
1249,0,17.84402159964513,-0.2491131830891362,-4.35281782931888
1250,0,17.84402159964513,-0.2495837750469381,-4.353288421276682
1251,0,17.84402159964513,-0.2500545640014726,-4.353759210231217
1252,0,17.84402159964513,-0.2505255498096775,-4.354230196039421
1253,0,17.84402159964513,-0.2509967323286801,-4.354701378558424
1254,0,17.84402159964513,-0.2514681114158126,-4.355172757645557
1255,0,17.84402159964513,-0.2519396869286004,-4.355644333158344
1256,0,17.84402159964513,-0.2524114587247617,-4.356116104954506
1257,0,17.84402159964513,-0.2528834266622146,-4.356588072891959
1258,0,17.84402159964513,-0.2533555905990728,-4.357060236828817
1259,0,17.84402159964513,-0.2538279503936405,-4.357532596623384
1260,0,17.84402159964513,-0.2543005059044212,-4.358005152134165
1261,0,17.84402159964513,-0.2547732569901093,-4.358477903219853
1262,0,17.84402159964513,-0.2552462035095955,-4.358950849739339
1263,0,17.84402159964513,-0.2557193453219604,-4.359423991551704
1264,0,17.84402159964513,-0.2561926822864802,-4.359897328516224
1265,0,17.84402159964513,-0.2566662142626255,-4.360370860492369
1266,0,17.84402159964513,-0.2571399411100552,-4.360844587339799
1267,0,17.84402159964513,-0.257613862688622,-4.361318508918366
1268,0,17.84402159964513,-0.2580879788583701,-4.361792625088114
1269,0,17.84402159964513,-0.2585622894795341,-4.362266935709278
1270,0,17.84402159964513,-0.2590367944125429,-4.362741440642287
1271,0,17.84402159964513,-0.2595114935180094,-4.363216139747753
1272,0,17.84402159964513,-0.2599863866567418,-4.363691032886486
1273,0,17.84402159964513,-0.2604614736897366,-4.364166119919481
1274,0,17.84402159964513,-0.2609367544781787,-4.364641400707923
1275,0,17.84402159964513,-0.261412228883442,-4.365116875113186
1276,0,17.84402159964513,-0.2618878967670915,-4.365592542996835
1277,0,17.84402159964513,-0.262363757990876,-4.36606840422062
1278,0,17.84402159964513,-0.2628398124167362,-4.36654445864648
1279,0,17.84402159964513,-0.2633160599067992,-4.367020706136543
1280,0,17.84402159964513,-0.2637925003233779,-4.367497146553122
1281,0,17.84402159964513,-0.2642691335289733,-4.367973779758717
1282,0,17.84402159964513,-0.2647459593862722,-4.368450605616016
1283,0,17.84402159964513,-0.2652229777581478,-4.368927623987892
1284,0,17.84402159964513,-0.2657001885076591,-4.369404834737403
1285,0,17.84402159964513,-0.2661775914980504,-4.369882237727794
1286,0,17.84402159964513,-0.2666551865927493,-4.370359832822493
1287,0,17.84402159964513,-0.2671329736553725,-4.370837619885116
1288,0,17.84402159964513,-0.2676109525497159,-4.37131559877946
1289,0,17.84402159964513,-0.2680891231397622,-4.371793769369506
1290,0,17.84402159964513,-0.268567485289676,-4.37227213151942
1291,0,17.84402159964513,-0.2690460388638094,-4.372750685093553
1292,0,17.84402159964513,-0.2695247837266894,-4.373229429956433
1293,0,17.84402159964513,-0.2700037197430341,-4.373708365972778
1294,0,17.84402159964513,-0.2704828467777389,-4.374187493007483
1295,0,17.84402159964513,-0.2709621646958817,-4.374666810925626
1296,0,17.84402159964513,-0.2714416733627232,-4.375146319592467
1297,0,17.84402159964513,-0.2719213726437033,-4.375626018873447
1298,0,17.84402159964513,-0.2724012624044443,-4.376105908634188
1299,0,17.84402159964513,-0.2728813425107477,-4.376585988740492
1300,0,17.84402159964513,-0.2733616128285972,-4.377066259058341
1301,0,17.84402159964513,-0.2738420732241531,-4.377546719453897
1302,0,17.84402159964513,-0.2743227235637589,-4.378027369793503
1303,0,17.84402159964513,-0.2748035637139354,-4.378508209943679
1304,0,17.84402159964513,-0.2752845935413788,-4.378989239771123
1305,0,17.84402159964513,-0.2757658129129696,-4.379470459142714
1306,0,17.84402159964513,-0.2762472216957637,-4.379951867925508
1307,0,17.84402159964513,-0.2767288197569933,-4.380433465986737
1308,0,17.84402159964513,-0.2772106069640703,-4.380915253193814
1309,0,17.84402159964513,-0.2776925831845833,-4.381397229414327
1310,0,17.84402159964513,-0.2781747482862951,-4.381879394516039
1311,0,17.84402159964513,-0.2786571021371484,-4.382361748366892
1312,0,17.84402159964513,-0.2791396446052596,-4.382844290835004
1313,0,17.84402159964513,-0.2796223755589224,-4.383327021788666
1314,0,17.84402159964513,-0.2801052948666047,-4.383809941096349
1315,0,17.84402159964513,-0.2805884023969503,-4.384293048626694
1316,0,17.84402159964513,-0.2810716980187751,-4.384776344248519
1317,0,17.84402159964513,-0.2815551816010746,-4.385259827830819
1318,0,17.84402159964513,-0.2820388530130131,-4.385743499242757
1319,0,17.84402159964513,-0.2825227121239324,-4.386227358353676
1320,0,17.84402159964513,-0.2830067588033449,-4.386711405033089
1321,0,17.84402159964513,-0.2834909929209388,-4.387195639150683
1322,0,17.84402159964513,-0.283975414346572,-4.387680060576316
1323,0,17.84402159964513,-0.2844600229502774,-4.388164669180021
1324,0,17.84402159964513,-0.2849448186022583,-4.388649464832002
1325,0,17.84402159964513,-0.2854298011728904,-4.389134447402634
1326,0,17.84402159964513,-0.2859149705327226,-4.389619616762467
1327,0,17.84402159964513,-0.2864003265524726,-4.390104972782217
1328,0,17.84402159964513,-0.2868858691030294,-4.390590515332773
1329,0,17.84402159964513,-0.2873715980554508,-4.391076244285195
1330,0,17.84402159964513,-0.2878575132809686,-4.391562159510713
1331,0,17.84402159964513,-0.2883436146509855,-4.392048260880729
1332,0,17.84402159964513,-0.2888299020370644,-4.392534548266808
1333,0,17.84402159964513,-0.289316375310948,-4.393021021540692
1334,0,17.84402159964513,-0.2898030343445424,-4.393507680574286
1335,0,17.84402159964513,-0.290289879009924,-4.393994525239668
1336,0,17.84402159964513,-0.2907769091793373,-4.394481555409081
1337,0,17.84402159964513,-0.2912641247251937,-4.394968770954938
1338,0,17.84402159964513,-0.2917515255200733,-4.395456171749817
1339,0,17.84402159964513,-0.2922391114367224,-4.395943757666466
1340,0,17.84402159964513,-0.2927268823480578,-4.396431528577802
1341,0,17.84402159964513,-0.2932148381271569,-4.396919484356901
1342,0,17.84402159964513,-0.2937029786472705,-4.397407624877014
1343,0,17.84402159964513,-0.2941913037818082,-4.397895950011552
1344,0,17.84402159964513,-0.2946798134043513,-4.398384459634095
1345,0,17.84402159964513,-0.2951685073886434,-4.398873153618387
1346,0,17.84402159964513,-0.2956573856085951,-4.399362031838339
1347,0,17.84402159964513,-0.2961464479382796,-4.399851094168024
1348,0,17.84402159964513,-0.2966356942519379,-4.400340340481682
1349,0,17.84402159964513,-0.2971251244239719,-4.400829770653716
1350,0,17.84402159964513,-0.2976147383289485,-4.401319384558692
1351,0,17.84402159964513,-0.298104535841599,-4.401809182071343
1352,0,17.84402159964513,-0.2985945168368183,-4.402299163066562
1353,0,17.84402159964513,-0.2990846811896635,-4.402789327419407
1354,0,17.84402159964513,-0.2995750287753518,-4.403279675005096
1355,0,17.84402159964513,-0.3000655594692674,-4.403770205699011
1356,0,17.84402159964513,-0.300556273146956,-4.4042609193767
1357,0,17.84402159964513,-0.3010471696841215,-4.404751815913865
1358,0,17.84402159964513,-0.3015382489566321,-4.405242895186376
1359,0,17.84402159964513,-0.3020295108405184,-4.405734157070262
1360,0,17.84402159964513,-0.3025209552119676,-4.406225601441712
1361,0,17.84402159964513,-0.3030125819473311,-4.406717228177075
1362,0,17.84402159964513,-0.3035043909231199,-4.407209037152864
1363,0,17.84402159964513,-0.3039963820160034,-4.407701028245747
1364,0,17.84402159964513,-0.3044885551028145,-4.408193201332558
1365,0,17.84402159964513,-0.3049809100605412,-4.408685556290285
1366,0,17.84402159964513,-0.3054734467663325,-4.409178092996076
1367,0,17.84402159964513,-0.3059661650974972,-4.409670811327241
1368,0,17.84402159964513,-0.3064590649315004,-4.410163711161244
1369,0,17.84402159964513,-0.3069521461459672,-4.410656792375711
1370,0,17.84402159964513,-0.3074454086186806,-4.411150054848425
1371,0,17.84402159964513,-0.3079388522275792,-4.411643498457323
1372,0,17.84402159964513,-0.3084324768507631,-4.412137123080507
1373,0,17.84402159964513,-0.3089262823664845,-4.412630928596228
1374,0,17.84402159964513,-0.309420268653156,-4.4131249148829
1375,0,17.84402159964513,-0.3099144355893459,-4.41361908181909
1376,0,17.84402159964513,-0.3104087830537781,-4.414113429283522
1377,0,17.84402159964513,-0.3109033109253323,-4.414607957155076
1378,0,17.84402159964513,-0.3113980190830459,-4.41510266531279
1379,0,17.84402159964513,-0.3118929074061079,-4.415597553635852
1380,0,17.84402159964513,-0.3123879757738655,-4.416092622003609
1381,0,17.84402159964513,-0.3128832240658177,-4.416587870295562
1382,0,17.84402159964513,-0.3133786521616226,-4.417083298391367
1383,0,17.84402159964513,-0.3138742599410911,-4.417578906170835
1384,0,17.84402159964513,-0.3143700472841839,-4.418074693513928
1385,0,17.84402159964513,-0.3148660140710193,-4.418570660300763
1386,0,17.84402159964513,-0.3153621601818681,-4.419066806411612
1387,0,17.84402159964513,-0.315858485497154,-4.419563131726898
1388,0,17.84402159964513,-0.3163549898974534,-4.420059636127197
1389,0,17.84402159964513,-0.3168516732634963,-4.42055631949324
1390,0,17.84402159964513,-0.3173485354761638,-4.421053181705908
1391,0,17.84402159964513,-0.3178455764164898,-4.421550222646234
1392,0,17.84402159964513,-0.3183427959656573,-4.422047442195401
1393,0,17.84402159964513,-0.3188401940050056,-4.42254484023475
1394,0,17.84402159964513,-0.3193377704160207,-4.423042416645765
1395,0,17.84402159964513,-0.3198355250803431,-4.423540171310087
1396,0,17.84402159964513,-0.3203334578797596,-4.424038104109504
1397,0,17.84402159964513,-0.3208315686962102,-4.424536214925954
1398,0,17.84402159964513,-0.3213298574117864,-4.42503450364153
1399,0,17.84402159964513,-0.3218283239087256,-4.42553297013847
1400,0,17.84402159964513,-0.322326968069417,-4.426031614299161
1401,0,17.84402159964513,-0.3228257897763998,-4.426530436006144
1402,0,17.84402159964513,-0.3233247889123598,-4.427029435142104
1403,0,17.84402159964513,-0.323823965360134,-4.427528611589878
1404,0,17.84402159964513,-0.3243233190027057,-4.42802796523245
1405,0,17.84402159964513,-0.3248228497232066,-4.428527495952951
1406,0,17.84402159964513,-0.3253225574049194,-4.429027203634663
1407,0,17.84402159964513,-0.3258224419312699,-4.429527088161014
1408,0,17.84402159964513,-0.3263225031858354,-4.430027149415579
1409,0,17.84402159964513,-0.3268227410523341,-4.430527387282078
1410,0,17.84402159964513,-0.3273231554146401,-4.431027801644384
1411,0,17.84402159964513,-0.3278237461567661,-4.43152839238651
1412,0,17.84402159964513,-0.3283245131628751,-4.432029159392619
1413,0,17.84402159964513,-0.3288254563172739,-4.432530102547018
1414,0,17.84402159964513,-0.3293265755044192,-4.433031221734163
1415,0,17.84402159964513,-0.3298278706089066,-4.433532516838651
1416,0,17.84402159964513,-0.3303293415154842,-4.434033987745228
1417,0,17.84402159964513,-0.3308309881090397,-4.434535634338784
1418,0,17.84402159964513,-0.331332810274608,-4.435037456504352
1419,0,17.84402159964513,-0.3318348078973656,-4.43553945412711
1420,0,17.84402159964513,-0.332336980862638,-4.436041627092382
1421,0,17.84402159964513,-0.3328393290558918,-4.436543975285636
1422,0,17.84402159964513,-0.3333418523627358,-4.43704649859248
1423,0,17.84402159964513,-0.3338445506689256,-4.43754919689867
1424,0,17.84402159964513,-0.3343474238603577,-4.438052070090102
1425,0,17.84402159964513,-0.3348504718230734,-4.438555118052817
1426,0,17.84402159964513,-0.3353536944432527,-4.439058340672997
1427,0,17.84402159964513,-0.3358570916072221,-4.439561737836966
1428,0,17.84402159964513,-0.3363606632014484,-4.440065309431192
1429,0,17.84402159964513,-0.3368644091125415,-4.440569055342285
1430,0,17.84402159964513,-0.3373683292272522,-4.441072975456996
1431,0,17.84402159964513,-0.3378724234324713,-4.441577069662215
1432,0,17.84402159964513,-0.338376691615232,-4.442081337844976
1433,0,17.84402159964513,-0.33888113366271,-4.442585779892454
1434,0,17.84402159964513,-0.3393857494622194,-4.443090395691963
1435,0,17.84402159964513,-0.3398905389012121,-4.443595185130956
1436,0,17.84402159964513,-0.3403955018672882,-4.444100148097032
1437,0,17.84402159964513,-0.3409006382481792,-4.444605284477923
1438,0,17.84402159964513,-0.3414059479317606,-4.445110594161505
1439,0,17.84402159964513,-0.3419114308060482,-4.445616077035792
1440,0,17.84402159964513,-0.3424170867591929,-4.446121732988937
1441,0,17.84402159964513,-0.3429229156794866,-4.446627561909231
1442,0,17.84402159964513,-0.3434289174553626,-4.447133563685107
1443,0,17.84402159964513,-0.3439350919753856,-4.44763973820513
1444,0,17.84402159964513,-0.344441439128266,-4.44814608535801
1445,0,17.84402159964513,-0.3449479588028481,-4.448652605032592
1446,0,17.84402159964513,-0.3454546508881133,-4.449159297117857
1447,0,17.84402159964513,-0.3459615152731832,-4.449666161502927
1448,0,17.84402159964513,-0.3464685518473143,-4.450173198077058
1449,0,17.84402159964513,-0.3469757604999,-4.450680406729644
1450,0,17.84402159964513,-0.3474831411204722,-4.451187787350216
1451,0,17.84402159964513,-0.3479906935986969,-4.451695339828441
1452,0,17.84402159964513,-0.348498417824378,-4.452203064054122
1453,0,17.84402159964513,-0.3490063136874548,-4.452710959917199
1454,0,17.84402159964513,-0.3495143810780021,-4.453219027307746
1455,0,17.84402159964513,-0.3500226198862313,-4.453727266115975
1456,0,17.84402159964513,-0.3505310300024851,-4.454235676232229
1457,0,17.84402159964513,-0.3510396113172485,-4.454744257546992
1458,0,17.84402159964513,-0.3515483637211316,-4.455253009950876
1459,0,17.84402159964513,-0.3520572871048895,-4.455761933334633
1460,0,17.84402159964513,-0.3525663813594022,-4.456271027589146
1461,0,17.84402159964513,-0.3530756463756894,-4.456780292605433
1462,0,17.84402159964513,-0.353585082044904,-4.457289728274648
1463,0,17.84402159964513,-0.3540946882583293,-4.457799334488073
1464,0,17.84402159964513,-0.3546044649073856,-4.45830911113713
1465,0,17.84402159964513,-0.3551144118836254,-4.458819058113369
1466,0,17.84402159964513,-0.3556245290787317,-4.459329175308476
1467,0,17.84402159964513,-0.3561348163845217,-4.459839462614266
1468,0,17.84402159964513,-0.3566452736929469,-4.460349919922691
1469,0,17.84402159964513,-0.3571559008960872,-4.460860547125831
1470,0,17.84402159964513,-0.3576666978861569,-4.461371344115901
1471,0,17.84402159964513,-0.3581776645555017,-4.461882310785246
1472,0,17.84402159964513,-0.3586888007966005,-4.462393447026344
1473,0,17.84402159964513,-0.3592001065020565,-4.4629047527318
1474,0,17.84402159964513,-0.3597115815646141,-4.463416227794358
1475,0,17.84402159964513,-0.3602232258771387,-4.463927872106883
1476,0,17.84402159964513,-0.3607350393326341,-4.464439685562378
1477,0,17.84402159964513,-0.3612470218242301,-4.464951668053974
1478,0,17.84402159964513,-0.3617591732451864,-4.46546381947493
1479,0,17.84402159964513,-0.3622714934888922,-4.465976139718636
1480,0,17.84402159964513,-0.3627839824488719,-4.466488628678616
1481,0,17.84402159964513,-0.3632966400187723,-4.467001286248516
1482,0,17.84402159964513,-0.3638094660923716,-4.467514112322116
1483,0,17.84402159964513,-0.3643224605635798,-4.468027106793324
1484,0,17.84402159964513,-0.3648356233264316,-4.468540269556176
1485,0,17.84402159964513,-0.3653489542750936,-4.469053600504838
1486,0,17.84402159964513,-0.3658624533038575,-4.469567099533601
1487,0,17.84402159964513,-0.3663761203071436,-4.470080766536888
1488,0,17.84402159964513,-0.366889955179504,-4.470594601409248
1489,0,17.84402159964513,-0.367403957815613,-4.471108604045357
1490,0,17.84402159964513,-0.3679181281102748,-4.471622774340019
1491,0,17.84402159964513,-0.3684324659584206,-4.472137112188165
1492,0,17.84402159964513,-0.3689469712551094,-4.472651617484853
1493,0,17.84402159964513,-0.3694616438955256,-4.47316629012527
1494,0,17.84402159964513,-0.3699764837749804,-4.473681130004724
1495,0,17.84402159964513,-0.3704914907889112,-4.474196137018655
1496,0,17.84402159964513,-0.3710066648328807,-4.474711311062625
1497,0,17.84402159964513,-0.3715220058025812,-4.475226652032325
1498,0,17.84402159964513,-0.372037513593825,-4.475742159823569
1499,0,17.84402159964513,-0.372553188102553,-4.476257834332297
1500,0,17.84402159964513,-0.3730690292248324,-4.476773675454576
1501,0,17.84402159964513,-0.3735850368568521,-4.477289683086596
1502,0,17.84402159964513,-0.3741012108949278,-4.477805857124672
1503,0,17.84402159964513,-0.3746175512355014,-4.478322197465245
1504,0,17.84402159964513,-0.3751340577751332,-4.478838704004877
1505,0,17.84402159964513,-0.3756507304105137,-4.479355376640258
1506,0,17.84402159964513,-0.3761675690384561,-4.4798722152682
1507,0,17.84402159964513,-0.3766845735558944,-4.480389219785638
1508,0,17.84402159964513,-0.3772017438598887,-4.480906390089633
1509,0,17.84402159964513,-0.3777190798476209,-4.481423726077365
1510,0,17.84402159964513,-0.3782365814163979,-4.481941227646142
1511,0,17.84402159964513,-0.3787542484636477,-4.482458894693392
1512,0,17.84402159964513,-0.3792720808869197,-4.482976727116664
1513,0,17.84402159964513,-0.3797900785838895,-4.483494724813633
1514,0,17.84402159964513,-0.3803082414523509,-4.484012887682095
1515,0,17.84402159964513,-0.3808265693902211,-4.484531215619965
1516,0,17.84402159964513,-0.3813450622955417,-4.485049708525286
1517,0,17.84402159964513,-0.3818637200664714,-4.485568366296215
1518,0,17.84402159964513,-0.3823825426012943,-4.486087188831038
1519,0,17.84402159964513,-0.3829015297984126,-4.486606176028157
1520,0,17.84402159964513,-0.3834206815563501,-4.487125327786094
1521,0,17.84402159964513,-0.3839399977737541,-4.487644644003498
1522,0,17.84402159964513,-0.3844594783493864,-4.48816412457913
1523,0,17.84402159964513,-0.3849791231821342,-4.488683769411878
1524,0,17.84402159964513,-0.3854989321710054,-4.489203578400749
1525,0,17.84402159964513,-0.3860189052151251,-4.489723551444869
1526,0,17.84402159964513,-0.3865390422137374,-4.490243688443481
1527,0,17.84402159964513,-0.3870593430662073,-4.490763989295951
1528,0,17.84402159964513,-0.3875798076720196,-4.491284453901764
1529,0,17.84402159964513,-0.3881004359307791,-4.491805082160523
1530,0,17.84402159964513,-0.3886212277422061,-4.49232587397195
1531,0,17.84402159964513,-0.3891421830061423,-4.492846829235886
1532,0,17.84402159964513,-0.389663301622547,-4.493367947852291
1533,0,17.84402159964513,-0.3901845834914957,-4.49388922972124
1534,0,17.84402159964513,-0.3907060285131889,-4.494410674742933
1535,0,17.84402159964513,-0.3912276365879359,-4.49493228281768
1536,0,17.84402159964513,-0.3917494076161692,-4.495454053845913
1537,0,17.84402159964513,-0.3922713414984385,-4.495975987728182
1538,0,17.84402159964513,-0.3927934381354072,-4.496498084365151
1539,0,17.84402159964513,-0.3933156974278607,-4.497020343657605
1540,0,17.84402159964513,-0.3938381192766984,-4.497542765506442
1541,0,17.84402159964513,-0.3943607035829357,-4.49806534981268
1542,0,17.84402159964513,-0.3948834502477068,-4.498588096477451
1543,0,17.84402159964513,-0.3954063591722603,-4.499111005402004
1544,0,17.84402159964513,-0.3959294302579623,-4.499634076487706
1545,0,17.84402159964513,-0.3964526634062935,-4.500157309636037
1546,0,17.84402159964513,-0.3969760585188489,-4.500680704748593
1547,0,17.84402159964513,-0.3974996154973445,-4.501204261727088
1548,0,17.84402159964513,-0.3980233342436055,-4.501727980473349
1549,0,17.84402159964513,-0.3985472146595734,-4.502251860889317
1550,0,17.84402159964513,-0.399071256647308,-4.502775902877052
1551,0,17.84402159964513,-0.3995954601089826,-4.503300106338727
1552,0,17.84402159964513,-0.4001198249468825,-4.503824471176626
1553,0,17.84402159964513,-0.4006443510634075,-4.504348997293151
1554,0,17.84402159964513,-0.4011690383610738,-4.504873684590818
1555,0,17.84402159964513,-0.4016938867425122,-4.505398532972256
1556,0,17.84402159964513,-0.4022188961104645,-4.505923542340208
1557,0,17.84402159964513,-0.4027440663677861,-4.50644871259753
1558,0,17.84402159964513,-0.403269397417449,-4.506974043647193
1559,0,17.84402159964513,-0.4037948891625343,-4.507499535392278
1560,0,17.84402159964513,-0.4043205415062383,-4.508025187735982
1561,0,17.84402159964513,-0.4048463543518697,-4.508551000581614
1562,0,17.84402159964513,-0.4053723276028505,-4.509076973832594
1563,0,17.84402159964513,-0.405898461162713,-4.509603107392457
1564,0,17.84402159964513,-0.4064247549351041,-4.510129401164848
1565,0,17.84402159964513,-0.4069512088237834,-4.510655855053527
1566,0,17.84402159964513,-0.4074778227326163,-4.51118246896236
1567,0,17.84402159964513,-0.4080045965655872,-4.511709242795331
1568,0,17.84402159964513,-0.4085315302267905,-4.512236176456534
1569,0,17.84402159964513,-0.4090586236204254,-4.512763269850169
1570,0,17.84402159964513,-0.4095858766508114,-4.513290522880555
1571,0,17.84402159964513,-0.4101132892223731,-4.513817935452117
1572,0,17.84402159964513,-0.4106408612396466,-4.514345507469391
1573,0,17.84402159964513,-0.4111685926072814,-4.514873238837025
1574,0,17.84402159964513,-0.4116964832300321,-4.515401129459776
1575,0,17.84402159964513,-0.4122245330127692,-4.515929179242513
1576,0,17.84402159964513,-0.4127527418604693,-4.516457388090213
1577,0,17.84402159964513,-0.4132811096782216,-4.516985755907966
1578,0,17.84402159964513,-0.4138096363712194,-4.517514282600963
1579,0,17.84402159964513,-0.4143383218447729,-4.518042968074517
1580,0,17.84402159964513,-0.4148671660042957,-4.51857181223404
1581,0,17.84402159964513,-0.4153961687553149,-4.519100814985059
1582,0,17.84402159964513,-0.4159253300034633,-4.519629976233207
1583,0,17.84402159964513,-0.416454649654483,-4.520159295884227
1584,0,17.84402159964513,-0.4169841276142252,-4.520688773843969
1585,0,17.84402159964513,-0.4175137637886497,-4.521218410018394
1586,0,17.84402159964513,-0.4180435580838227,-4.521748204313567
1587,0,17.84402159964513,-0.4185735104059196,-4.522278156635664
1588,0,17.84402159964513,-0.4191036206612271,-4.522808266890971
1589,0,17.84402159964513,-0.4196338887561311,-4.523338534985875
1590,0,17.84402159964513,-0.4201643145971339,-4.523868960826878
1591,0,17.84402159964513,-0.4206948980908374,-4.524399544320581
1592,0,17.84402159964513,-0.4212256391439571,-4.524930285373701
1593,0,17.84402159964513,-0.4217565376633114,-4.525461183893055
1594,0,17.84402159964513,-0.4222875935558275,-4.525992239785571
1595,0,17.84402159964513,-0.4228188067285341,-4.526523452958278
1596,0,17.84402159964513,-0.4233501770885759,-4.52705482331832
1597,0,17.84402159964513,-0.423881704543196,-4.52758635077294
1598,0,17.84402159964513,-0.4244133889997439,-4.528118035229488
1599,0,17.84402159964513,-0.4249452303656787,-4.528649876595423
1600,0,17.84402159964513,-0.425477228548564,-4.529181874778308
1601,0,17.84402159964513,-0.4260093834560674,-4.529714029685811
1602,0,17.84402159964513,-0.4265416949959597,-4.530246341225704
1603,0,17.84402159964513,-0.4270741630761234,-4.530778809305867
1604,0,17.84402159964513,-0.4276067876045406,-4.531311433834285
1605,0,17.84402159964513,-0.4281395684893008,-4.531844214719045
1606,0,17.84402159964513,-0.4286725056385956,-4.53237715186834
1607,0,17.84402159964513,-0.4292055989607242,-4.532910245190468
1608,0,17.84402159964513,-0.4297388483640869,-4.533443494593831
1609,0,17.84402159964513,-0.4302722537571935,-4.533976899986937
1610,0,17.84402159964513,-0.4308058150486485,-4.534510461278392
1611,0,17.84402159964513,-0.4313395321471667,-4.535044178376911
1612,0,17.84402159964513,-0.4318734049615705,-4.535578051191314
1613,0,17.84402159964513,-0.4324074334007744,-4.536112079630518
1614,0,17.84402159964513,-0.432941617373805,-4.536646263603549
1615,0,17.84402159964513,-0.4334759567897892,-4.537180603019533
1616,0,17.84402159964513,-0.434010451557957,-4.537715097787701
1617,0,17.84402159964513,-0.4345451015876405,-4.538249747817384
1618,0,17.84402159964513,-0.4350799067882765,-4.53878455301802
1619,0,17.84402159964513,-0.4356148670694004,-4.539319513299144
1620,0,17.84402159964513,-0.4361499823406554,-4.539854628570399
1621,0,17.84402159964513,-0.4366852525117801,-4.540389898741524
1622,0,17.84402159964513,-0.4372206774926193,-4.540925323722363
1623,0,17.84402159964513,-0.4377562571931186,-4.541460903422863
1624,0,17.84402159964513,-0.438291991523327,-4.541996637753071
1625,0,17.84402159964513,-0.43882788039339,-4.542532526623134
1626,0,17.84402159964513,-0.4393639237135609,-4.543068569943305
1627,0,17.84402159964513,-0.4399001213941878,-4.543604767623932
1628,0,17.84402159964513,-0.4404364733457218,-4.544141119575466
1629,0,17.84402159964513,-0.4409729794787198,-4.544677625708464
1630,0,17.84402159964513,-0.4415096397038312,-4.545214285933575
1631,0,17.84402159964513,-0.4420464539318116,-4.545751100161556
1632,0,17.84402159964513,-0.442583422073513,-4.546288068303257
1633,0,17.84402159964513,-0.4431205440398891,-4.546825190269633
1634,0,17.84402159964513,-0.4436578197419969,-4.547362465971741
1635,0,17.84402159964513,-0.4441952490909866,-4.547899895320731
1636,0,17.84402159964513,-0.4447328319981132,-4.548437478227857
1637,0,17.84402159964513,-0.4452705683747284,-4.548975214604472
1638,0,17.84402159964513,-0.4458084581322836,-4.549513104362028
1639,0,17.84402159964513,-0.4463465011823331,-4.550051147412077
1640,0,17.84402159964513,-0.4468846974365235,-4.550589343666267
1641,0,17.84402159964513,-0.4474230468066036,-4.551127693036348
1642,0,17.84402159964513,-0.4479615492044218,-4.551666195434166
1643,0,17.84402159964513,-0.448500204541924,-4.552204850771668
1644,0,17.84402159964513,-0.4490390127311548,-4.552743658960899
1645,0,17.84402159964513,-0.4495779736842564,-4.553282619914
1646,0,17.84402159964513,-0.4501170873134672,-4.553821733543211
1647,0,17.84402159964513,-0.4506563535311274,-4.554360999760871
1648,0,17.84402159964513,-0.4511957722496724,-4.554900418479416
1649,0,17.84402159964513,-0.4517353433816353,-4.555439989611379
1650,0,17.84402159964513,-0.4522750668396469,-4.555979713069391
1651,0,17.84402159964513,-0.4528149425364356,-4.55651958876618
1652,0,17.84402159964513,-0.4533549703848276,-4.557059616614572
1653,0,17.84402159964513,-0.4538951502977397,-4.557599796527484
1654,0,17.84402159964513,-0.4544354821881971,-4.558140128417941
1655,0,17.84402159964513,-0.4549759659693109,-4.558680612199055
1656,0,17.84402159964513,-0.4555166015542937,-4.559221247784038
1657,0,17.84402159964513,-0.4560573888564532,-4.559762035086197
1658,0,17.84402159964513,-0.4565983277891936,-4.560302974018938
1659,0,17.84402159964513,-0.4571394182660153,-4.560844064495759
1660,0,17.84402159964513,-0.4576806602005155,-4.561385306430259
1661,0,17.84402159964513,-0.4582220535063799,-4.561926699736124
1662,0,17.84402159964513,-0.4587635980974012,-4.562468244327145
1663,0,17.84402159964513,-0.4593052938874598,-4.563009940117204
1664,0,17.84402159964513,-0.4598471407905329,-4.563551787020277
1665,0,17.84402159964513,-0.4603891387206938,-4.564093784950438
1666,0,17.84402159964513,-0.4609312875921079,-4.564635933821852
1667,0,17.84402159964513,-0.4614735873190394,-4.565178233548783
1668,0,17.84402159964513,-0.4620160378158449,-4.565720684045589
1669,0,17.84402159964513,-0.4625586389969731,-4.566263285226717
1670,0,17.84402159964513,-0.4631013907769717,-4.566806037006716
1671,0,17.84402159964513,-0.4636442930704803,-4.567348939300224
1672,0,17.84402159964513,-0.4641873457922312,-4.567891992021975
1673,0,17.84402159964513,-0.4647305488570517,-4.568435195086796
1674,0,17.84402159964513,-0.465273902179864,-4.568978548409608
1675,0,17.84402159964513,-0.4658174056756827,-4.569522051905427
1676,0,17.84402159964513,-0.4663610592596132,-4.570065705489357
1677,0,17.84402159964513,-0.4669048628468584,-4.570609509076602
1678,0,17.84402159964513,-0.4674488163527144,-4.571153462582458
1679,0,17.84402159964513,-0.4679929196925636,-4.571697565922308
1680,0,17.84402159964513,-0.4685371727818914,-4.572241819011635
1681,0,17.84402159964513,-0.4690815755362658,-4.57278622176601
1682,0,17.84402159964513,-0.4696261278713534,-4.573330774101097
1683,0,17.84402159964513,-0.4701708297029121,-4.573875475932656
1684,0,17.84402159964513,-0.4707156809467916,-4.574420327176536
1685,0,17.84402159964513,-0.4712606815189329,-4.574965327748677
1686,0,17.84402159964513,-0.4718058313353692,-4.575510477565113
1687,0,17.84402159964513,-0.4723511303122256,-4.57605577654197
1688,0,17.84402159964513,-0.472896578365722,-4.576601224595466
1689,0,17.84402159964513,-0.4734421754121634,-4.577146821641907
1690,0,17.84402159964513,-0.4739879213679492,-4.577692567597693
1691,0,17.84402159964513,-0.4745338161495711,-4.578238462379315
1692,0,17.84402159964513,-0.4750798596736123,-4.578784505903356
1693,0,17.84402159964513,-0.4756260518567448,-4.579330698086489
1694,0,17.84402159964513,-0.4761723926157311,-4.579877038845475
1695,0,17.84402159964513,-0.4767188818674253,-4.580423528097169
1696,0,17.84402159964513,-0.4772655195287738,-4.580970165758518
1697,0,17.84402159964513,-0.4778123055168084,-4.581516951746552
1698,0,17.84402159964513,-0.4783592397486585,-4.582063885978402
1699,0,17.84402159964513,-0.4789063221415333,-4.582610968371277
1700,0,17.84402159964513,-0.4794535526127417,-4.583158198842486
1701,0,17.84402159964513,-0.4800009310796787,-4.583705577309423
1702,0,17.84402159964513,-0.4805484574598262,-4.58425310368957
1703,0,17.84402159964513,-0.4810961316707605,-4.584800777900504
1704,0,17.84402159964513,-0.4816439536301411,-4.585348599859885
1705,0,17.84402159964513,-0.4821919232557237,-4.585896569485468
1706,0,17.84402159964513,-0.4827400404653472,-4.586444686695091
1707,0,17.84402159964513,-0.4832883051769432,-4.586992951406687
1708,0,17.84402159964513,-0.4838367173085283,-4.587541363538272
1709,0,17.84402159964513,-0.4843852767782124,-4.588089923007956
1710,0,17.84402159964513,-0.4849339835041908,-4.588638629733935
1711,0,17.84402159964513,-0.4854828374047466,-4.589187483634491
1712,0,17.84402159964513,-0.4860318383982554,-4.589736484627999
1713,0,17.84402159964513,-0.4865809864031734,-4.590285632632917
1714,0,17.84402159964513,-0.487130281338052,-4.590834927567796
1715,0,17.84402159964513,-0.4876797231215262,-4.59138436935127
1716,0,17.84402159964513,-0.4882293116723204,-4.591933957902064
1717,0,17.84402159964513,-0.4887790469092472,-4.592483693138991
1718,0,17.84402159964513,-0.4893289287512035,-4.593033574980947
1719,0,17.84402159964513,-0.489878957117174,-4.593583603346918
1720,0,17.84402159964513,-0.4904291319262359,-4.59413377815598
1721,0,17.84402159964513,-0.4909794530975464,-4.59468409932729
1722,0,17.84402159964513,-0.4915299205503532,-4.595234566780097
1723,0,17.84402159964513,-0.4920805342039891,-4.595785180433733
1724,0,17.84402159964513,-0.4926312939778761,-4.59633594020762
1725,0,17.84402159964513,-0.4931821997915184,-4.596886846021262
1726,0,17.84402159964513,-0.4937332515645076,-4.597437897794252
1727,0,17.84402159964513,-0.4942844492165293,-4.597989095446273
1728,0,17.84402159964513,-0.4948357926673435,-4.598540438897087
1729,0,17.84402159964513,-0.4953872818367984,-4.599091928066542
1730,0,17.84402159964513,-0.4959389166448354,-4.599643562874579
1731,0,17.84402159964513,-0.4964906970114757,-4.60019534324122
1732,0,17.84402159964513,-0.497042622856827,-4.600747269086571
1733,0,17.84402159964513,-0.4975946941010809,-4.601299340330825
1734,0,17.84402159964513,-0.4981469106645173,-4.601851556894261
1735,0,17.84402159964513,-0.4986992724674968,-4.602403918697241
1736,0,17.84402159964513,-0.4992517794304723,-4.602956425660216
1737,0,17.84402159964513,-0.4998044314739731,-4.603509077703717
1738,0,17.84402159964513,-0.5003572285186184,-4.604061874748362
1739,0,17.84402159964513,-0.5009101704851098,-4.604614816714854
1740,0,17.84402159964513,-0.5014632572942341,-4.605167903523978
1741,0,17.84402159964513,-0.5020164888668637,-4.605721135096608
1742,0,17.84402159964513,-0.5025698651239532,-4.606274511353697
1743,0,17.84402159964513,-0.5031233859865409,-4.606828032216285
1744,0,17.84402159964513,-0.5036770513757514,-4.607381697605495
1745,0,17.84402159964513,-0.5042308612127879,-4.607935507442532
1746,0,17.84402159964513,-0.5047848154189465,-4.60848946164869
1747,0,17.84402159964513,-0.5053389139155984,-4.609043560145342
1748,0,17.84402159964513,-0.5058931566242002,-4.609597802853944
1749,0,17.84402159964513,-0.5064475434662947,-4.610152189696039
1750,0,17.84402159964513,-0.5070020743635038,-4.610706720593248
1751,0,17.84402159964513,-0.5075567492375361,-4.61126139546728
1752,0,17.84402159964513,-0.5081115680101789,-4.611816214239923
1753,0,17.84402159964513,-0.5086665306033078,-4.612371176833052
1754,0,17.84402159964513,-0.5092216369388733,-4.612926283168617
1755,0,17.84402159964513,-0.5097768869389183,-4.613481533168662
1756,0,17.84402159964513,-0.5103322805255583,-4.614036926755302
1757,0,17.84402159964513,-0.5108878176209988,-4.614592463850743
1758,0,17.84402159964513,-0.5114434981475204,-4.615148144377264
1759,0,17.84402159964513,-0.5119993220274921,-4.615703968257236
1760,0,17.84402159964513,-0.5125552891833625,-4.616259935413106
1761,0,17.84402159964513,-0.5131113995376566,-4.616816045767401
1762,0,17.84402159964513,-0.513667653012992,-4.617372299242736
1763,0,17.84402159964513,-0.514224049532058,-4.617928695761802
1764,0,17.84402159964513,-0.5147805890176294,-4.618485235247373
1765,0,17.84402159964513,-0.5153372713925615,-4.619041917622305
1766,0,17.84402159964513,-0.5158940965797898,-4.619598742809534
1767,0,17.84402159964513,-0.5164510645023341,-4.620155710732078
1768,0,17.84402159964513,-0.5170081750832907,-4.620712821313035
1769,0,17.84402159964513,-0.5175654282458417,-4.621270074475586
1770,0,17.84402159964513,-0.5181228239132434,-4.621827470142987
1771,0,17.84402159964513,-0.5186803620088343,-4.622385008238578
1772,0,17.84402159964513,-0.5192380424560419,-4.622942688685786
1773,0,17.84402159964513,-0.5197958651783612,-4.623500511408105
1774,0,17.84402159964513,-0.5203538300993742,-4.624058476329118
1775,0,17.84402159964513,-0.5209119371427438,-4.624616583372488
1776,0,17.84402159964513,-0.5214701862322082,-4.625174832461952
1777,0,17.84402159964513,-0.5220285772915885,-4.625733223521332
1778,0,17.84402159964513,-0.5225871102447863,-4.62629175647453
1779,0,17.84402159964513,-0.523145785015779,-4.626850431245523
1780,0,17.84402159964513,-0.5237046015286264,-4.62740924775837
1781,0,17.84402159964513,-0.5242635597074674,-4.627968205937211
1782,0,17.84402159964513,-0.5248226594765208,-4.628527305706265
1783,0,17.84402159964513,-0.5253819007600793,-4.629086546989823
1784,0,17.84402159964513,-0.5259412834825197,-4.629645929712264
1785,0,17.84402159964513,-0.526500807568298,-4.630205453798042
1786,0,17.84402159964513,-0.5270604729419448,-4.630765119171689
1787,0,17.84402159964513,-0.5276202795280724,-4.631324925757816
1788,0,17.84402159964513,-0.5281802272513687,-4.631884873481113
1789,0,17.84402159964513,-0.5287403160366049,-4.632444962266349
1790,0,17.84402159964513,-0.5293005458086242,-4.633005192038368
1791,0,17.84402159964513,-0.5298609164923533,-4.633565562722097
1792,0,17.84402159964513,-0.5304214280127928,-4.634126074242537
1793,0,17.84402159964513,-0.5309820802950229,-4.634686726524767
1794,0,17.84402159964513,-0.5315428732642014,-4.635247519493945
1795,0,17.84402159964513,-0.5321038068455639,-4.635808453075308
1796,0,17.84402159964513,-0.5326648809644228,-4.636369527194167
1797,0,17.84402159964513,-0.5332260955461701,-4.636930741775914
1798,0,17.84402159964513,-0.5337874505162707,-4.637492096746015
1799,0,17.84402159964513,-0.5343489458002715,-4.638053592030015
1800,0,17.84402159964513,-0.53491058132379,-4.638615227553534
1801,0,17.84402159964513,-0.5354723570125302,-4.639177003242274
1802,0,17.84402159964513,-0.5360342727922633,-4.639738919022007
1803,0,17.84402159964513,-0.5365963285888427,-4.640300974818587
1804,0,17.84402159964513,-0.5371585243281958,-4.64086317055794
1805,0,17.84402159964513,-0.5377208599363295,-4.641425506166073
1806,0,17.84402159964513,-0.5382833353393224,-4.641987981569066
1807,0,17.84402159964513,-0.5388459504633341,-4.642550596693078
1808,0,17.84402159964513,-0.5394087052345968,-4.643113351464341
1809,0,17.84402159964513,-0.5399715995794194,-4.643676245809163
1810,0,17.84402159964513,-0.5405346334241878,-4.644239279653932
1811,0,17.84402159964513,-0.5410978066953644,-4.644802452925108
1812,0,17.84402159964513,-0.5416611193194854,-4.645365765549229
1813,0,17.84402159964513,-0.5422245712231604,-4.645929217452904
1814,0,17.84402159964513,-0.5427881623330801,-4.646492808562824
1815,0,17.84402159964513,-0.5433518925760055,-4.647056538805749
1816,0,17.84402159964513,-0.5439157618787744,-4.647620408108518
1817,0,17.84402159964513,-0.5444797701683024,-4.648184416398046
1818,0,17.84402159964513,-0.545043917371574,-4.648748563601318
1819,0,17.84402159964513,-0.5456082034156537,-4.649312849645398
1820,0,17.84402159964513,-0.5461726282276809,-4.649877274457425
1821,0,17.84402159964513,-0.5467371917348665,-4.65044183796461
1822,0,17.84402159964513,-0.5473018938644953,-4.651006540094239
1823,0,17.84402159964513,-0.5478667345439296,-4.651571380773674
1824,0,17.84402159964513,-0.5484317137006061,-4.65213635993035
1825,0,17.84402159964513,-0.5489968312620341,-4.652701477491778
1826,0,17.84402159964513,-0.5495620871557962,-4.65326673338554
1827,0,17.84402159964513,-0.5501274813095502,-4.653832127539294
1828,0,17.84402159964513,-0.5506930136510277,-4.654397659880772
1829,0,17.84402159964513,-0.551258684108034,-4.654963330337778
1830,0,17.84402159964513,-0.5518244926084463,-4.65552913883819
1831,0,17.84402159964513,-0.5523904390802201,-4.656095085309964
1832,0,17.84402159964513,-0.5529565234513782,-4.656661169681122
1833,0,17.84402159964513,-0.5535227456500209,-4.657227391879765
1834,0,17.84402159964513,-0.5540891056043185,-4.657793751834062
1835,0,17.84402159964513,-0.5546556032425176,-4.658360249472262
1836,0,17.84402159964513,-0.5552222384929379,-4.658926884722682
1837,0,17.84402159964513,-0.5557890112839683,-4.659493657513712
1838,0,17.84402159964513,-0.5563559215440721,-4.660060567773816
1839,0,17.84402159964513,-0.5569229692017874,-4.660627615431531
1840,0,17.84402159964513,-0.5574901541857225,-4.661194800415466
1841,0,17.84402159964513,-0.5580574764245583,-4.661762122654302
1842,0,17.84402159964513,-0.5586249358470488,-4.662329582076793
1843,0,17.84402159964513,-0.5591925323820188,-4.662897178611763
1844,0,17.84402159964513,-0.5597602659583689,-4.663464912188113
1845,0,17.84402159964513,-0.5603281365050661,-4.66403278273481
1846,0,17.84402159964513,-0.5608961439511546,-4.664600790180899
1847,0,17.84402159964513,-0.5614642882257463,-4.66516893445549
1848,0,17.84402159964513,-0.5620325692580268,-4.665737215487771
1849,0,17.84402159964513,-0.5626009869772544,-4.666305633206998
1850,0,17.84402159964513,-0.5631695413127549,-4.666874187542499
1851,0,17.84402159964513,-0.5637382321939306,-4.667442878423675
1852,0,17.84402159964513,-0.5643070595502513,-4.668011705779995
1853,0,17.84402159964513,-0.5648760233112577,-4.668580669541002
1854,0,17.84402159964513,-0.5654451234065654,-4.669149769636309
1855,0,17.84402159964513,-0.5660143597658571,-4.669719005995601
1856,0,17.84402159964513,-0.5665837323188869,-4.670288378548631
1857,0,17.84402159964513,-0.5671532409954825,-4.670857887225226
1858,0,17.84402159964513,-0.567722885725539,-4.671427531955283
1859,0,17.84402159964513,-0.5682926664390227,-4.671997312668767
1860,0,17.84402159964513,-0.5688625830659717,-4.672567229295716
1861,0,17.84402159964513,-0.5694326355364927,-4.673137281766237
1862,0,17.84402159964513,-0.5700028237807642,-4.673707470010508
1863,0,17.84402159964513,-0.5705731477290348,-4.674277793958779
1864,0,17.84402159964513,-0.571143607311619,-4.674848253541363
1865,0,17.84402159964513,-0.5717142024589075,-4.675418848688651
1866,0,17.84402159964513,-0.5722849331013569,-4.675989579331101
1867,0,17.84402159964513,-0.5728557991694929,-4.676560445399237
1868,0,17.84402159964513,-0.573426800593916,-4.67713144682366
1869,0,17.84402159964513,-0.5739979373052897,-4.677702583535034
1870,0,17.84402159964513,-0.5745692092343511,-4.678273855464095
1871,0,17.84402159964513,-0.5751406163119031,-4.678845262541647
1872,0,17.84402159964513,-0.5757121584688214,-4.679416804698565
1873,0,17.84402159964513,-0.5762838356360493,-4.679988481865793
1874,0,17.84402159964513,-0.5768556477445976,-4.680560293974342
1875,0,17.84402159964513,-0.5774275947255498,-4.681132240955294
1876,0,17.84402159964513,-0.5779996765100543,-4.681704322739798
1877,0,17.84402159964513,-0.5785718930293289,-4.682276539259073
1878,0,17.84402159964513,-0.579144244214663,-4.682848890444407
1879,0,17.84402159964513,-0.5797167299974104,-4.683421376227154
1880,0,17.84402159964513,-0.5802893503089956,-4.68399399653874
1881,0,17.84402159964513,-0.5808621050809109,-4.684566751310655
1882,0,17.84402159964513,-0.5814349942447175,-4.685139640474461
1883,0,17.84402159964513,-0.5820080177320435,-4.685712663961787
1884,0,17.84402159964513,-0.5825811754745844,-4.686285821704328
1885,0,17.84402159964513,-0.5831544674041043,-4.686859113633848
1886,0,17.84402159964513,-0.5837278934524388,-4.687432539682183
1887,0,17.84402159964513,-0.5843014535514843,-4.688006099781228
1888,0,17.84402159964513,-0.5848751476332117,-4.688579793862956
1889,0,17.84402159964513,-0.5854489756296521,-4.689153621859396
1890,0,17.84402159964513,-0.5860229374729098,-4.689727583702654
1891,0,17.84402159964513,-0.5865970330951553,-4.690301679324899
1892,0,17.84402159964513,-0.5871712624286243,-4.690875908658368
1893,0,17.84402159964513,-0.5877456254056215,-4.691450271635365
1894,0,17.84402159964513,-0.5883201219585175,-4.692024768188261
1895,0,17.84402159964513,-0.5888947520197476,-4.692599398249492
1896,0,17.84402159964513,-0.5894695155218219,-4.693174161751566
1897,0,17.84402159964513,-0.5900444123973081,-4.693749058627052
1898,0,17.84402159964513,-0.5906194425788458,-4.69432408880859
1899,0,17.84402159964513,-0.5911946059991378,-4.694899252228882
1900,0,17.84402159964513,-0.5917699025909569,-4.695474548820701
1901,0,17.84402159964513,-0.5923453322871399,-4.696049978516884
1902,0,17.84402159964513,-0.5929208950205904,-4.696625541250334
1903,0,17.84402159964513,-0.5934965907242766,-4.697201236954021
1904,0,17.84402159964513,-0.5940724193312379,-4.697777065560982
1905,0,17.84402159964513,-0.5946483807745704,-4.698353027004314
1906,0,17.84402159964513,-0.5952244749874467,-4.698929121217191
1907,0,17.84402159964513,-0.5958007019030989,-4.699505348132843
1908,0,17.84402159964513,-0.5963770614548229,-4.700081707684567
1909,0,17.84402159964513,-0.596953553575986,-4.70065819980573
1910,0,17.84402159964513,-0.5975301782000182,-4.701234824429762
1911,0,17.84402159964513,-0.5981069352604145,-4.701811581490158
1912,0,17.84402159964513,-0.5986838246907338,-4.702388470920478
1913,0,17.84402159964513,-0.5992608464246043,-4.702965492654348
1914,0,17.84402159964513,-0.5998380003957164,-4.70354264662546
1915,0,17.84402159964513,-0.6004152865378236,-4.704119932767568
1916,0,17.84402159964513,-0.6009927047847503,-4.704697351014494
1917,0,17.84402159964513,-0.6015702550703796,-4.705274901300124
1918,0,17.84402159964513,-0.602147937328664,-4.705852583558408
1919,0,17.84402159964513,-0.6027257514936171,-4.706430397723361
1920,0,17.84402159964513,-0.6033036974993182,-4.707008343729062
1921,0,17.84402159964513,-0.6038817752799126,-4.707586421509657
1922,0,17.84402159964513,-0.6044599847696066,-4.708164630999351
1923,0,17.84402159964513,-0.6050383259026759,-4.70874297213242
1924,0,17.84402159964513,-0.6056167986134531,-4.709321444843197
1925,0,17.84402159964513,-0.6061954028363434,-4.709900049066087
1926,0,17.84402159964513,-0.6067741385058056,-4.71047878473555
1927,0,17.84402159964513,-0.6073530055563774,-4.711057651786121
1928,0,17.84402159964513,-0.6079320039226443,-4.711636650152388
1929,0,17.84402159964513,-0.6085111335392632,-4.712215779769007
1930,0,17.84402159964513,-0.6090903943409565,-4.7127950405707
1931,0,17.84402159964513,-0.609669786262506,-4.71337443249225
1932,0,17.84402159964513,-0.6102493092387586,-4.713953955468503
1933,0,17.84402159964513,-0.6108289632046242,-4.714533609434368
1934,0,17.84402159964513,-0.6114087480950774,-4.715113394324821
1935,0,17.84402159964513,-0.6119886638451542,-4.715693310074898
1936,0,17.84402159964513,-0.6125687103899526,-4.716273356619697
1937,0,17.84402159964513,-0.6131488876646394,-4.716853533894383
1938,0,17.84402159964513,-0.6137291956044368,-4.717433841834181
1939,0,17.84402159964513,-0.6143096341446341,-4.718014280374378
1940,0,17.84402159964513,-0.6148902032205807,-4.718594849450325
1941,0,17.84402159964513,-0.6154709027676937,-4.719175548997438
1942,0,17.84402159964513,-0.6160517327214476,-4.719756378951192
1943,0,17.84402159964513,-0.6166326930173804,-4.720337339247124
1944,0,17.84402159964513,-0.6172137835910938,-4.720918429820838
1945,0,17.84402159964513,-0.6177950043782516,-4.721499650607996
1946,0,17.84402159964513,-0.61837635531458,-4.722081001544324
1947,0,17.84402159964513,-0.6189578363358637,-4.722662482565608
1948,0,17.84402159964513,-0.6195394473779556,-4.7232440936077
1949,0,17.84402159964513,-0.6201211883767668,-4.723825834606511
1950,0,17.84402159964513,-0.6207030592682674,-4.724407705498011
1951,0,17.84402159964513,-0.621285059988498,-4.724989706218242
1952,0,17.84402159964513,-0.6218671904735507,-4.725571836703295
1953,0,17.84402159964513,-0.6224494506595875,-4.726154096889331
1954,0,17.84402159964513,-0.6230318404828239,-4.726736486712568
1955,0,17.84402159964513,-0.6236143598795456,-4.72731900610929
1956,0,17.84402159964513,-0.6241970087860942,-4.727901655015838
1957,0,17.84402159964513,-0.6247797871388716,-4.728484433368616
1958,0,17.84402159964513,-0.6253626948743465,-4.72906734110409
1959,0,17.84402159964513,-0.6259457319290398,-4.729650378158784
1960,0,17.84402159964513,-0.6265288982395418,-4.730233544469286
1961,0,17.84402159964513,-0.6271121937424997,-4.730816839972244
1962,0,17.84402159964513,-0.6276956183746227,-4.731400264604367
1963,0,17.84402159964513,-0.6282791720726797,-4.731983818302424
1964,0,17.84402159964513,-0.6288628547735025,-4.732567501003246
1965,0,17.84402159964513,-0.6294466664139762,-4.73315131264372
1966,0,17.84402159964513,-0.6300306069310579,-4.733735253160802
1967,0,17.84402159964513,-0.6306146762617564,-4.7343193224915
1968,0,17.84402159964513,-0.6311988743431449,-4.734903520572889
1969,0,17.84402159964513,-0.6317832011123521,-4.735487847342096
1970,0,17.84402159964513,-0.6323676565065739,-4.736072302736318
1971,0,17.84402159964513,-0.6329522404630588,-4.736656886692803
1972,0,17.84402159964513,-0.6335369529191208,-4.737241599148865
1973,0,17.84402159964513,-0.6341217938121311,-4.737826440041875
1974,0,17.84402159964513,-0.6347067630795227,-4.738411409309267
1975,0,17.84402159964513,-0.6352918606587856,-4.73899650688853
1976,0,17.84402159964513,-0.6358770864874703,-4.739581732717214
1977,0,17.84402159964513,-0.6364624405031885,-4.740167086732932
1978,0,17.84402159964513,-0.6370479226436094,-4.740752568873353
1979,0,17.84402159964513,-0.6376335328464631,-4.741338179076207
1980,0,17.84402159964513,-0.6382192710495369,-4.741923917279281
1981,0,17.84402159964513,-0.6388051371906789,-4.742509783420423
1982,0,17.84402159964513,-0.6393911312077964,-4.74309577743754
1983,0,17.84402159964513,-0.6399772530388574,-4.743681899268601
1984,0,17.84402159964513,-0.6405635026218821,-4.744268148851626
1985,0,17.84402159964513,-0.6411498798949573,-4.744854526124701
1986,0,17.84402159964513,-0.6417363847962259,-4.74544103102597
1987,0,17.84402159964513,-0.6423230172638856,-4.74602766349363
1988,0,17.84402159964513,-0.6429097772362029,-4.746614423465947
1989,0,17.84402159964513,-0.6434966646514892,-4.747201310881233
1990,0,17.84402159964513,-0.6440836794481246,-4.747788325677869
1991,0,17.84402159964513,-0.644670821564544,-4.748375467794288
1992,0,17.84402159964513,-0.645258090939242,-4.748962737168986
1993,0,17.84402159964513,-0.6458454875107691,-4.749550133740513
1994,0,17.84402159964513,-0.6464330112177352,-4.750137657447479
1995,0,17.84402159964513,-0.6470206619988055,-4.750725308228549
1996,0,17.84402159964513,-0.6476084397927133,-4.751313086022457
1997,0,17.84402159964513,-0.6481963445382357,-4.75190099076798
1998,0,17.84402159964513,-0.6487843761742162,-4.75248902240396
1999,0,17.84402159964513,-0.6493725346395554,-4.753077180869299
2000,0,17.84402159964513,-0.6499608198732076,-4.753665466102952
2001,0,17.84402159964513,-0.6505492318141934,-4.754253878043937
2002,0,17.84402159964513,-0.6511377704015766,-4.754842416631321
2003,0,17.84402159964513,-0.6517264355744921,-4.755431081804236
2004,0,17.84402159964513,-0.6523152272721244,-4.756019873501868
2005,0,17.84402159964513,-0.6529041454337188,-4.756608791663463
2006,0,17.84402159964513,-0.653493189998577,-4.757197836228321
2007,0,17.84402159964513,-0.6540823609060569,-4.757787007135801
2008,0,17.84402159964513,-0.6546716580955714,-4.758376304325315
2009,0,17.84402159964513,-0.6552610815065965,-4.75896572773634
2010,0,17.84402159964513,-0.6558506310786605,-4.759555277308404
2011,0,17.84402159964513,-0.6564403067513487,-4.760144952981093
2012,0,17.84402159964513,-0.6570301084643031,-4.760734754694047
2013,0,17.84402159964513,-0.6576200361572226,-4.761324682386967
2014,0,17.84402159964513,-0.6582100897698657,-4.76191473599961
2015,0,17.84402159964513,-0.6588002692420423,-4.762504915471786
2016,0,17.84402159964513,-0.6593905745136235,-4.763095220743367
2017,0,17.84402159964513,-0.6599810055245294,-4.763685651754273
2018,0,17.84402159964513,-0.6605715622147477,-4.764276208444492
2019,0,17.84402159964513,-0.6611622445243102,-4.764866890754054
2020,0,17.84402159964513,-0.6617530523933146,-4.765457698623059
2021,0,17.84402159964513,-0.6623439857619084,-4.766048631991652
2022,0,17.84402159964513,-0.6629350445702951,-4.766639690800039
2023,0,17.84402159964513,-0.6635262287587409,-4.767230874988485
2024,0,17.84402159964513,-0.6641175382675595,-4.767822184497303
2025,0,17.84402159964513,-0.664708973037123,-4.768413619266867
2026,0,17.84402159964513,-0.6653005330078612,-4.769005179237605
2027,0,17.84402159964513,-0.6658922181202582,-4.769596864350002
2028,0,17.84402159964513,-0.6664840283148532,-4.770188674544597
2029,0,17.84402159964513,-0.6670759635322412,-4.770780609761985
2030,0,17.84402159964513,-0.6676680237130714,-4.771372669942815
2031,0,17.84402159964513,-0.66826020879805,-4.771964855027794
2032,0,17.84402159964513,-0.6688525187279373,-4.772557164957681
2033,0,17.84402159964513,-0.6694449534435485,-4.773149599673292
2034,0,17.84402159964513,-0.670037512885755,-4.773742159115499
2035,0,17.84402159964513,-0.6706301969954813,-4.774334843225225
2036,0,17.84402159964513,-0.6712230057137099,-4.774927651943454
2037,0,17.84402159964513,-0.6718159389814726,-4.775520585211217
2038,0,17.84402159964513,-0.672408996739863,-4.776113642969607
2039,0,17.84402159964513,-0.6730021789300231,-4.776706825159767
2040,0,17.84402159964513,-0.6735954854931538,-4.777300131722898
2041,0,17.84402159964513,-0.6741889163705075,-4.777893562600251
2042,0,17.84402159964513,-0.6747824715033923,-4.778487117733136
2043,0,17.84402159964513,-0.6753761508331708,-4.779080797062915
2044,0,17.84402159964513,-0.6759699543012614,-4.779674600531005
2045,0,17.84402159964513,-0.6765638818491331,-4.780268528078877
2046,0,17.84402159964513,-0.6771579334183127,-4.780862579648057
2047,0,17.84402159964513,-0.6777521089503757,-4.78145675518012
2048,0,17.84402159964513,-0.6783464083869593,-4.782051054616703
2049,0,17.84402159964513,-0.6789408316697481,-4.782645477899492
2050,0,17.84402159964513,-0.679535378740483,-4.783240024970227
2051,0,17.84402159964513,-0.6801300495409599,-4.783834695770704
2052,0,17.84402159964513,-0.6807248440130227,-4.784429490242767
2053,0,17.84402159964513,-0.68131976209858,-4.785024408328324
2054,0,17.84402159964513,-0.6819148037395824,-4.785619449969326
2055,0,17.84402159964513,-0.6825099688780414,-4.786214615107785
2056,0,17.84402159964513,-0.6831052574560168,-4.786809903685761
2057,0,17.84402159964513,-0.6837006694156269,-4.787405315645371
2058,0,17.84402159964513,-0.6842962046990353,-4.788000850928779
2059,0,17.84402159964513,-0.6848918632484722,-4.788596509478216
2060,0,17.84402159964513,-0.6854876450062051,-4.789192291235949
2061,0,17.84402159964513,-0.6860835499145654,-4.789788196144309
2062,0,17.84402159964513,-0.6866795779159345,-4.790384224145678
2063,0,17.84402159964513,-0.6872757289527467,-4.790980375182491
2064,0,17.84402159964513,-0.6878720029674863,-4.79157664919723
2065,0,17.84402159964513,-0.6884683999026953,-4.792173046132439
2066,0,17.84402159964513,-0.6890649197009644,-4.792769565930708
2067,0,17.84402159964513,-0.6896615623049405,-4.793366208534684
2068,0,17.84402159964513,-0.6902583276573191,-4.793962973887063
2069,0,17.84402159964513,-0.690855215700851,-4.794559861930595
2070,0,17.84402159964513,-0.6914522263783374,-4.795156872608081
2071,0,17.84402159964513,-0.6920493596326365,-4.79575400586238
2072,0,17.84402159964513,-0.6926466154066473,-4.796351261636391
2073,0,17.84402159964513,-0.6932439936433372,-4.796948639873081
2074,0,17.84402159964513,-0.6938414942857118,-4.797546140515456
2075,0,17.84402159964513,-0.694439117276838,-4.798143763506582
2076,0,17.84402159964513,-0.695036862559828,-4.798741508789572
2077,0,17.84402159964513,-0.6956347300778507,-4.799339376307595
2078,0,17.84402159964513,-0.6962327197741249,-4.799937366003869
2079,0,17.84402159964513,-0.6968308315919192,-4.800535477821663
2080,0,17.84402159964513,-0.697429065474557,-4.801133711704301
2081,0,17.84402159964513,-0.6980274213654143,-4.801732067595158
2082,0,17.84402159964513,-0.6986258992079142,-4.802330545437658
2083,0,17.84402159964513,-0.6992244989455347,-4.802929145175279
2084,0,17.84402159964513,-0.6998232205218047,-4.803527866751549
2085,0,17.84402159964513,-0.7004220638803025,-4.804126710110046
2086,0,17.84402159964513,-0.7010210289646599,-4.804725675194404
2087,0,17.84402159964513,-0.7016201157185584,-4.805324761948302
2088,0,17.84402159964513,-0.7022193240857337,-4.805923970315478
2089,0,17.84402159964513,-0.7028186540099677,-4.806523300239712
2090,0,17.84402159964513,-0.7034181054350972,-4.807122751664841
2091,0,17.84402159964513,-0.7040176783050098,-4.807722324534754
2092,0,17.84402159964513,-0.7046173725636393,-4.808322018793383
2093,0,17.84402159964513,-0.705217188154978,-4.808921834384722
2094,0,17.84402159964513,-0.7058171250230618,-4.809521771252806
2095,0,17.84402159964513,-0.7064171831119808,-4.810121829341725
2096,0,17.84402159964513,-0.7070173623658764,-4.81072200859562
2097,0,17.84402159964513,-0.7076176627289392,-4.811322308958683
2098,0,17.84402159964513,-0.7082180841454084,-4.811922730375152
2099,0,17.84402159964513,-0.7088186265595757,-4.81252327278932
2100,0,17.84402159964513,-0.7094192899157861,-4.81312393614553
2101,0,17.84402159964513,-0.7100200741584288,-4.813724720388173
2102,0,17.84402159964513,-0.7106209792319458,-4.81432562546169
2103,0,17.84402159964513,-0.7112220050808311,-4.814926651310575
2104,0,17.84402159964513,-0.7118231516496252,-4.815527797879369
2105,0,17.84402159964513,-0.7124244188829216,-4.816129065112666
2106,0,17.84402159964513,-0.7130258067253674,-4.816730452955111
2107,0,17.84402159964513,-0.7136273151216495,-4.817331961351393
2108,0,17.84402159964513,-0.7142289440165106,-4.817933590246255
2109,0,17.84402159964513,-0.7148306933547435,-4.818535339584487
2110,0,17.84402159964513,-0.7154325630811886,-4.819137209310933
2111,0,17.84402159964513,-0.716034553140739,-4.819739199370483
2112,0,17.84402159964513,-0.716636663478333,-4.820341309708077
2113,0,17.84402159964513,-0.7172388940389638,-4.820943540268708
2114,0,17.84402159964513,-0.7178412447676683,-4.821545890997412
2115,0,17.84402159964513,-0.7184437156095385,-4.822148361839282
2116,0,17.84402159964513,-0.719046306509707,-4.822750952739451
2117,0,17.84402159964513,-0.7196490174133654,-4.823353663643109
2118,0,17.84402159964513,-0.7202518482657512,-4.823956494495495
2119,0,17.84402159964513,-0.7208547990121463,-4.82455944524189
2120,0,17.84402159964513,-0.7214578695978879,-4.825162515827632
2121,0,17.84402159964513,-0.7220610599683592,-4.825765706198103
2122,0,17.84402159964513,-0.7226643700689923,-4.826369016298736
2123,0,17.84402159964513,-0.7232677998452699,-4.826972446075014
2124,0,17.84402159964513,-0.7238713492427173,-4.827575995472461
2125,0,17.84402159964513,-0.7244750182069186,-4.828179664436663
2126,0,17.84402159964513,-0.7250788066835003,-4.828783452913244
2127,0,17.84402159964513,-0.7256827146181362,-4.82938736084788
2128,0,17.84402159964513,-0.7262867419565531,-4.829991388186297
2129,0,17.84402159964513,-0.7268908886445198,-4.830595534874264
2130,0,17.84402159964513,-0.7274951546278619,-4.831199800857606
2131,0,17.84402159964513,-0.7280995398524492,-4.831804186082193
2132,0,17.84402159964513,-0.7287040442641954,-4.832408690493939
2133,0,17.84402159964513,-0.7293086678090699,-4.833013314038814
2134,0,17.84402159964513,-0.7299134104330829,-4.833618056662827
2135,0,17.84402159964513,-0.7305182720823034,-4.834222918312047
2136,0,17.84402159964513,-0.7311232527028357,-4.83482789893258
2137,0,17.84402159964513,-0.7317283522408387,-4.835432998470583
2138,0,17.84402159964513,-0.7323335706425214,-4.836038216872265
2139,0,17.84402159964513,-0.7329389078541348,-4.836643554083879
2140,0,17.84402159964513,-0.7335443638219807,-4.837249010051725
2141,0,17.84402159964513,-0.7341499384924113,-4.837854584722155
2142,0,17.84402159964513,-0.7347556318118205,-4.838460278041564
2143,0,17.84402159964513,-0.7353614437266511,-4.839066089956395
2144,0,17.84402159964513,-0.7359673741833976,-4.839672020413142
2145,0,17.84402159964513,-0.7365734231286023,-4.840278069358346
2146,0,17.84402159964513,-0.7371795905088456,-4.84088423673859
2147,0,17.84402159964513,-0.7377858762707641,-4.841490522500508
2148,0,17.84402159964513,-0.7383922803610421,-4.842096926590786
2149,0,17.84402159964513,-0.7389988027264023,-4.842703448956146
2150,0,17.84402159964513,-0.739605443313625,-4.843310089543369
2151,0,17.84402159964513,-0.7402122020695296,-4.843916848299274
2152,0,17.84402159964513,-0.7408190789409899,-4.844523725170734
2153,0,17.84402159964513,-0.7414260738749174,-4.845130720104661
2154,0,17.84402159964513,-0.7420331868182792,-4.845737833048023
2155,0,17.84402159964513,-0.7426404177180848,-4.846345063947829
2156,0,17.84402159964513,-0.7432477665213915,-4.846952412751135
2157,0,17.84402159964513,-0.7438552331753003,-4.847559879405044
2158,0,17.84402159964513,-0.7444628176269639,-4.848167463856708
2159,0,17.84402159964513,-0.7450705198235799,-4.848775166053324
2160,0,17.84402159964513,-0.7456783397123914,-4.849382985942135
2161,0,17.84402159964513,-0.7462862772406877,-4.849990923470432
2162,0,17.84402159964513,-0.7468943323558044,-4.850598978585548
2163,0,17.84402159964513,-0.7475025050051247,-4.851207151234869
2164,0,17.84402159964513,-0.7481107951360801,-4.851815441365824
2165,0,17.84402159964513,-0.7487192026961411,-4.852423848925885
2166,0,17.84402159964513,-0.7493277276328323,-4.853032373862576
2167,0,17.84402159964513,-0.7499363698937191,-4.853641016123463
2168,0,17.84402159964513,-0.7505451294264178,-4.854249775656162
2169,0,17.84402159964513,-0.7511540061785853,-4.854858652408329
2170,0,17.84402159964513,-0.7517630000979283,-4.855467646327672
2171,0,17.84402159964513,-0.752372111132197,-4.856076757361941
2172,0,17.84402159964513,-0.7529813392291889,-4.856685985458933
2173,0,17.84402159964513,-0.7535906843367464,-4.85729533056649
2174,0,17.84402159964513,-0.7542001464027592,-4.857904792632503
2175,0,17.84402159964513,-0.7548097253751571,-4.858514371604901
2176,0,17.84402159964513,-0.7554194212019274,-4.859124067431671
2177,0,17.84402159964513,-0.7560292338310877,-4.859733880060832
2178,0,17.84402159964513,-0.7566391632107123,-4.860343809440456
2179,0,17.84402159964513,-0.7572492092889158,-4.86095385551866
2180,0,17.84402159964513,-0.7578593720138604,-4.861564018243604
2181,0,17.84402159964513,-0.758469651333753,-4.862174297563497
2182,0,17.84402159964513,-0.7590800471968429,-4.862784693426587
2183,0,17.84402159964513,-0.7596905595514309,-4.863395205781175
2184,0,17.84402159964513,-0.7603011883458555,-4.864005834575599
2185,0,17.84402159964513,-0.7609119335285044,-4.864616579758248
2186,0,17.84402159964513,-0.7615227950478118,-4.865227441277556
2187,0,17.84402159964513,-0.7621337728522519,-4.865838419081996
2188,0,17.84402159964513,-0.7627448668903494,-4.866449513120093
2189,0,17.84402159964513,-0.7633560771106671,-4.867060723340411
2190,0,17.84402159964513,-0.7639674034618205,-4.867672049691564
2191,0,17.84402159964513,-0.7645788458924612,-4.868283492122205
2192,0,17.84402159964513,-0.7651904043512943,-4.868895050581038
2193,0,17.84402159964513,-0.765802078787063,-4.869506725016807
2194,0,17.84402159964513,-0.7664138691485567,-4.870118515378301
2195,0,17.84402159964513,-0.7670257753846093,-4.870730421614353
2196,0,17.84402159964513,-0.7676377974441024,-4.871342443673846
2197,0,17.84402159964513,-0.7682499352759553,-4.871954581505699
2198,0,17.84402159964513,-0.7688621888291367,-4.872566835058881
2199,0,17.84402159964513,-0.7694745580526599,-4.873179204282404
2200,0,17.84402159964513,-0.7700870428955762,-4.87379168912532
2201,0,17.84402159964513,-0.7706996433069913,-4.874404289536735
2202,0,17.84402159964513,-0.7713123592360445,-4.875017005465788
2203,0,17.84402159964513,-0.7719251906319258,-4.87562983686167
2204,0,17.84402159964513,-0.7725381374438669,-4.876242783673611
2205,0,17.84402159964513,-0.7731511996211422,-4.876855845850886
2206,0,17.84402159964513,-0.7737643771130758,-4.87746902334282
2207,0,17.84402159964513,-0.7743776698690255,-4.878082316098769
2208,0,17.84402159964513,-0.7749910778383997,-4.878695724068144
2209,0,17.84402159964513,-0.7756046009706496,-4.879309247200394
2210,0,17.84402159964513,-0.7762182392152717,-4.879922885445016
2211,0,17.84402159964513,-0.776831992521803,-4.880536638751547
2212,0,17.84402159964513,-0.7774458608398227,-4.881150507069567
2213,0,17.84402159964513,-0.7780598441189595,-4.881764490348703
2214,0,17.84402159964513,-0.7786739423088811,-4.882378588538625
2215,0,17.84402159964513,-0.7792881553592936,-4.882992801589038
2216,0,17.84402159964513,-0.779902483219959,-4.883607129449703
2217,0,17.84402159964513,-0.7805169258406739,-4.884221572070418
2218,0,17.84402159964513,-0.7811314831712792,-4.884836129401023
2219,0,17.84402159964513,-0.781746155161656,-4.8854508013914
2220,0,17.84402159964513,-0.7823609417617376,-4.886065587991482
2221,0,17.84402159964513,-0.7829758429214895,-4.886680489151233
2222,0,17.84402159964513,-0.7835908585909301,-4.887295504820674
2223,0,17.84402159964513,-0.784205988720112,-4.887910634949856
2224,0,17.84402159964513,-0.7848212332591364,-4.88852587948888
2225,0,17.84402159964513,-0.7854365921581437,-4.889141238387888
2226,0,17.84402159964513,-0.786052065367322,-4.889756711597066
2227,0,17.84402159964513,-0.7866676528368961,-4.89037229906664
2228,0,17.84402159964513,-0.7872833545171387,-4.890988000746883
2229,0,17.84402159964513,-0.7878991703583598,-4.891603816588104
2230,0,17.84402159964513,-0.7885151003109137,-4.892219746540658
2231,0,17.84402159964513,-0.7891311443252045,-4.892835790554948
2232,0,17.84402159964513,-0.7897473023516639,-4.893451948581408
2233,0,17.84402159964513,-0.7903635743407831,-4.894068220570527
2234,0,17.84402159964513,-0.7909799602430825,-4.894684606472826
2235,0,17.84402159964513,-0.791596460009127,-4.895301106238871
2236,0,17.84402159964513,-0.7922130735895312,-4.895917719819275
2237,0,17.84402159964513,-0.7928298009349408,-4.896534447164685
2238,0,17.84402159964513,-0.793446641996054,-4.897151288225798
2239,0,17.84402159964513,-0.7940635967236069,-4.897768242953351
2240,0,17.84402159964513,-0.7946806650683751,-4.898385311298119
2241,0,17.84402159964513,-0.7952978469811764,-4.89900249321092
2242,0,17.84402159964513,-0.7959151424128752,-4.899619788642619
2243,0,17.84402159964513,-0.7965325513143746,-4.900237197544119
2244,0,17.84402159964513,-0.7971500736366179,-4.900854719866362
2245,0,17.84402159964513,-0.7977677093305937,-4.901472355560338
2246,0,17.84402159964513,-0.7983854583473304,-4.902090104577074
2247,0,17.84402159964513,-0.7990033206378984,-4.902707966867642
2248,0,17.84402159964513,-0.7996212961534086,-4.903325942383153
2249,0,17.84402159964513,-0.8002393848450122,-4.903944031074756
2250,0,17.84402159964513,-0.8008575866639083,-4.904562232893652
2251,0,17.84402159964513,-0.8014759015613286,-4.905180547791073
2252,0,17.84402159964513,-0.8020943294885567,-4.905798975718301
2253,0,17.84402159964513,-0.8027128703969044,-4.906417516626648
2254,0,17.84402159964513,-0.8033315242377377,-4.907036170467482
2255,0,17.84402159964513,-0.8039502909624527,-4.907654937192197
2256,0,17.84402159964513,-0.8045691705224982,-4.908273816752242
2257,0,17.84402159964513,-0.8051881628693502,-4.908892809099094
2258,0,17.84402159964513,-0.8058072679545392,-4.909511914184283
2259,0,17.84402159964513,-0.8064264857296273,-4.910131131959371
2260,0,17.84402159964513,-0.8070458161462248,-4.910750462375969
2261,0,17.84402159964513,-0.8076652591559768,-4.911369905385721
2262,0,17.84402159964513,-0.8082848147105715,-4.911989460940315
2263,0,17.84402159964513,-0.8089044827617373,-4.912609128991481
2264,0,17.84402159964513,-0.8095242632612463,-4.91322890949099
2265,0,17.84402159964513,-0.8101441561609066,-4.913848802390651
2266,0,17.84402159964513,-0.8107641614125738,-4.914468807642318
2267,0,17.84402159964513,-0.8113842789681351,-4.915088925197879
2268,0,17.84402159964513,-0.812004508779526,-4.91570915500927
2269,0,17.84402159964513,-0.8126248507987173,-4.916329497028461
2270,0,17.84402159964513,-0.8132453049777251,-4.916949951207469
2271,0,17.84402159964513,-0.8138658712686002,-4.917570517498344
2272,0,17.84402159964513,-0.8144865496234361,-4.91819119585318
2273,0,17.84402159964513,-0.8151073399943698,-4.918811986224114
2274,0,17.84402159964513,-0.8157282423335781,-4.919432888563322
2275,0,17.84402159964513,-0.8163492565932691,-4.920053902823013
2276,0,17.84402159964513,-0.816970382725704,-4.920675028955448
2277,0,17.84402159964513,-0.8175916206831744,-4.921296266912918
2278,0,17.84402159964513,-0.8182129704180179,-4.921917616647762
2279,0,17.84402159964513,-0.8188344318826077,-4.922539078112352
2280,0,17.84402159964513,-0.8194560050293607,-4.923160651259105
2281,0,17.84402159964513,-0.8200776898107289,-4.923782336040473
2282,0,17.84402159964513,-0.820699486179211,-4.924404132408955
2283,0,17.84402159964513,-0.8213213940873381,-4.925026040317082
2284,0,17.84402159964513,-0.8219434134876877,-4.925648059717432
2285,0,17.84402159964513,-0.8225655443328712,-4.926270190562615
2286,0,17.84402159964513,-0.8231877865755433,-4.926892432805287
2287,0,17.84402159964513,-0.8238101401683995,-4.927514786398143
2288,0,17.84402159964513,-0.824432605064171,-4.928137251293915
2289,0,17.84402159964513,-0.825055181215629,-4.928759827445373
2290,0,17.84402159964513,-0.8256778685755872,-4.929382514805331
2291,0,17.84402159964513,-0.8263006670968949,-4.930005313326639
2292,0,17.84402159964513,-0.8269235767324457,-4.93062822296219
2293,0,17.84402159964513,-0.827546597435167,-4.931251243664911
2294,0,17.84402159964513,-0.8281697291580317,-4.931874375387776
2295,0,17.84402159964513,-0.8287929718540434,-4.932497618083787
2296,0,17.84402159964513,-0.8294163254762532,-4.933120971705997
2297,0,17.84402159964513,-0.8300397899777456,-4.93374443620749
2298,0,17.84402159964513,-0.8306633653116489,-4.934368011541393
2299,0,17.84402159964513,-0.8312870514311248,-4.934991697660869
2300,0,17.84402159964513,-0.8319108482893824,-4.935615494519126
2301,0,17.84402159964513,-0.8325347558396574,-4.936239402069401
2302,0,17.84402159964513,-0.8331587740352351,-4.936863420264979
2303,0,17.84402159964513,-0.8337829028294381,-4.937487549059182
2304,0,17.84402159964513,-0.834407142175623,-4.938111788405367
2305,0,17.84402159964513,-0.8350314920271877,-4.938736138256932
2306,0,17.84402159964513,-0.8356559523375688,-4.939360598567313
2307,0,17.84402159964513,-0.8362805230602444,-4.939985169289988
2308,0,17.84402159964513,-0.8369052041487244,-4.940609850378468
2309,0,17.84402159964513,-0.8375299955565652,-4.941234641786309
2310,0,17.84402159964513,-0.8381548972373531,-4.941859543467097
2311,0,17.84402159964513,-0.8387799091447201,-4.942484555374464
2312,0,17.84402159964513,-0.8394050312323369,-4.943109677462081
2313,0,17.84402159964513,-0.8400302634539036,-4.943734909683648
2314,0,17.84402159964513,-0.840655605763172,-4.944360251992916
2315,0,17.84402159964513,-0.8412810581139176,-4.944985704343662
2316,0,17.84402159964513,-0.8419066204599668,-4.945611266689711
2317,0,17.84402159964513,-0.8425322927551768,-4.946236938984921
2318,0,17.84402159964513,-0.8431580749534451,-4.946862721183189
2319,0,17.84402159964513,-0.8437839670087026,-4.947488613238447
2320,0,17.84402159964513,-0.8444099688749303,-4.948114615104674
2321,0,17.84402159964513,-0.8450360805061372,-4.948740726735881
2322,0,17.84402159964513,-0.8456623018563691,-4.949366948086113
2323,0,17.84402159964513,-0.8462886328797161,-4.94999327910946
2324,0,17.84402159964513,-0.8469150735303037,-4.950619719760048
2325,0,17.84402159964513,-0.847541623762293,-4.951246269992037
2326,0,17.84402159964513,-0.8481682835298869,-4.951872929759631
2327,0,17.84402159964513,-0.8487950527873211,-4.952499699017065
2328,0,17.84402159964513,-0.8494219314888731,-4.953126577718617
2329,0,17.84402159964513,-0.8500489195888568,-4.953753565818601
2330,0,17.84402159964513,-0.8506760170416232,-4.954380663271367
2331,0,17.84402159964513,-0.8513032238015601,-4.955007870031304
2332,0,17.84402159964513,-0.8519305398230941,-4.955635186052838
2333,0,17.84402159964513,-0.8525579650606891,-4.956262611290433
2334,0,17.84402159964513,-0.8531854994688475,-4.956890145698591
2335,0,17.84402159964513,-0.853813143002105,-4.957517789231849
2336,0,17.84402159964513,-0.8544408956150393,-4.958145541844783
2337,0,17.84402159964513,-0.8550687572622611,-4.958773403492005
2338,0,17.84402159964513,-0.8556967278984233,-4.959401374128167
2339,0,17.84402159964513,-0.8563248074782122,-4.960029453707956
2340,0,17.84402159964513,-0.8569529959563509,-4.960657642186095
2341,0,17.84402159964513,-0.8575812932876037,-4.961285939517348
2342,0,17.84402159964513,-0.8582096994267658,-4.96191434565651
2343,0,17.84402159964513,-0.8588382143286752,-4.962542860558419
2344,0,17.84402159964513,-0.8594668379482027,-4.963171484177947
2345,0,17.84402159964513,-0.8600955702402597,-4.963800216470004
2346,0,17.84402159964513,-0.86072441115979,-4.964429057389534
2347,0,17.84402159964513,-0.8613533606617789,-4.965058006891523
2348,0,17.84402159964513,-0.8619824187012455,-4.965687064930989
2349,0,17.84402159964513,-0.8626115852332417,-4.966316231462986
2350,0,17.84402159964513,-0.8632408602128701,-4.966945506442614
2351,0,17.84402159964513,-0.8638702435952537,-4.967574889824998
2352,0,17.84402159964513,-0.864499735335559,-4.968204381565303
2353,0,17.84402159964513,-0.8651293353889908,-4.968833981618735
2354,0,17.84402159964513,-0.8657590437107876,-4.969463689940532
2355,0,17.84402159964513,-0.866388860256226,-4.97009350648597
2356,0,17.84402159964513,-0.867018784980619,-4.970723431210363
2357,0,17.84402159964513,-0.8676488178393145,-4.971353464069058
2358,0,17.84402159964513,-0.8682789587876965,-4.97198360501744
2359,0,17.84402159964513,-0.8689092077811891,-4.972613854010933
2360,0,17.84402159964513,-0.8695395647752431,-4.973244211004987
2361,0,17.84402159964513,-0.8701700297253572,-4.973874675955101
2362,0,17.84402159964513,-0.8708006025870629,-4.974505248816807
2363,0,17.84402159964513,-0.8714312833159248,-4.975135929545669
2364,0,17.84402159964513,-0.8720620718675418,-4.975766718097286
2365,0,17.84402159964513,-0.8726929681975575,-4.976397614427301
2366,0,17.84402159964513,-0.8733239722616384,-4.977028618491382
2367,0,17.84402159964513,-0.8739550840155017,-4.977659730245246
2368,0,17.84402159964513,-0.8745863034148904,-4.978290949644634
2369,0,17.84402159964513,-0.8752176304155839,-4.978922276645328
2370,0,17.84402159964513,-0.8758490649733996,-4.979553711203144
2371,0,17.84402159964513,-0.8764806070441979,-4.980185253273942
2372,0,17.84402159964513,-0.8771122565838603,-4.980816902813604
2373,0,17.84402159964513,-0.8777440135483134,-4.981448659778057
2374,0,17.84402159964513,-0.8783758778935162,-4.98208052412326
2375,0,17.84402159964513,-0.8790078495754683,-4.982712495805212
2376,0,17.84402159964513,-0.8796399285501977,-4.983344574779942
2377,0,17.84402159964513,-0.8802721147737742,-4.983976761003518
2378,0,17.84402159964513,-0.8809044082022961,-4.98460905443204
2379,0,17.84402159964513,-0.8815368087919042,-4.985241455021648
2380,0,17.84402159964513,-0.8821693164987714,-4.985873962728515
2381,0,17.84402159964513,-0.8828019312791042,-4.986506577508848
2382,0,17.84402159964513,-0.8834346530891493,-4.987139299318893
2383,0,17.84402159964513,-0.8840674818851832,-4.987772128114927
2384,0,17.84402159964513,-0.8847004176235203,-4.988405063853264
2385,0,17.84402159964513,-0.8853334602605134,-4.989038106490257
2386,0,17.84402159964513,-0.8859666097525434,-4.989671255982287
2387,0,17.84402159964513,-0.8865998660560317,-4.990304512285776
2388,0,17.84402159964513,-0.8872332291274327,-4.990937875357177
2389,0,17.84402159964513,-0.8878666989232329,-4.991571345152977
2390,0,17.84402159964513,-0.8885002753999611,-4.992204921629705
2391,0,17.84402159964513,-0.8891339585141749,-4.992838604743919
2392,0,17.84402159964513,-0.8897677482224688,-4.993472394452213
2393,0,17.84402159964513,-0.8904016444814751,-4.994106290711219
2394,0,17.84402159964513,-0.8910356472478513,-4.994740293477595
2395,0,17.84402159964513,-0.8916697564783016,-4.995374402708046
2396,0,17.84402159964513,-0.8923039721295583,-4.996008618359302
2397,0,17.84402159964513,-0.8929382941583883,-4.996642940388132
2398,0,17.84402159964513,-0.8935727225215961,-4.99727736875134
2399,0,17.84402159964513,-0.8942072571760198,-4.997911903405764
2400,0,17.84402159964513,-0.8948418980785267,-4.998546544308271
2401,0,17.84402159964513,-0.8954766451860268,-4.999181291415771
2402,0,17.84402159964513,-0.896111498455463,-4.999816144685207
2403,0,17.84402159964513,-0.8967464578438031,-5.000451104073547
2404,0,17.84402159964513,-0.8973815233080646,-5.001086169537809
2405,0,17.84402159964513,-0.8980166948052917,-5.001721341035036
2406,0,17.84402159964513,-0.8986519722925568,-5.002356618522301
2407,0,17.84402159964513,-0.899287355726976,-5.00299200195672
2408,0,17.84402159964513,-0.8999228450656966,-5.003627491295441
2409,0,17.84402159964513,-0.9005584402658968,-5.004263086495641
2410,0,17.84402159964513,-0.9011941412847948,-5.004898787514539
2411,0,17.84402159964513,-0.9018299480796372,-5.005534594309381
2412,0,17.84402159964513,-0.9024658606077107,-5.006170506837455
2413,0,17.84402159964513,-0.9031018788263312,-5.006806525056075
2414,0,17.84402159964513,-0.9037380026928483,-5.007442648922592
2415,0,17.84402159964513,-0.9043742321646491,-5.008078878394393
2416,0,17.84402159964513,-0.9050105671991524,-5.008715213428896
2417,0,17.84402159964513,-0.9056470077538101,-5.009351653983554
2418,0,17.84402159964513,-0.9062835537861105,-5.009988200015854
2419,0,17.84402159964513,-0.9069202052535754,-5.010624851483319
2420,0,17.84402159964513,-0.9075569621137545,-5.011261608343498
2421,0,17.84402159964513,-0.9081938243242407,-5.011898470553985
2422,0,17.84402159964513,-0.9088307918426537,-5.012535438072398
2423,0,17.84402159964513,-0.9094678646266496,-5.013172510856394
2424,0,17.84402159964513,-0.9101050426339157,-5.01380968886366
2425,0,17.84402159964513,-0.9107423258221736,-5.014446972051918
2426,0,17.84402159964513,-0.9113797141491862,-5.01508436037893
2427,0,17.84402159964513,-0.9120172075727346,-5.015721853802479
2428,0,17.84402159964513,-0.9126548060506456,-5.01635945228039
2429,0,17.84402159964513,-0.9132925095407751,-5.016997155770519
2430,0,17.84402159964513,-0.9139303180010137,-5.017634964230758
2431,0,17.84402159964513,-0.914568231389282,-5.018272877619026
2432,0,17.84402159964513,-0.9152062496635391,-5.018910895893283
2433,0,17.84402159964513,-0.9158443727817689,-5.019549019011513
2434,0,17.84402159964513,-0.9164826007019986,-5.020187246931743
2435,0,17.84402159964513,-0.9171209333822867,-5.020825579612031
2436,0,17.84402159964513,-0.9177593707807175,-5.021464017010461
2437,0,17.84402159964513,-0.9183979128554132,-5.022102559085157
2438,0,17.84402159964513,-0.9190365595645291,-5.022741205794273
2439,0,17.84402159964513,-0.9196753108662534,-5.023379957095997
2440,0,17.84402159964513,-0.9203141667188088,-5.024018812948553
2441,0,17.84402159964513,-0.9209531270804456,-5.02465777331019
2442,0,17.84402159964513,-0.9215921919094541,-5.025296838139198
2443,0,17.84402159964513,-0.9222313611641546,-5.025936007393899
2444,0,17.84402159964513,-0.9228706348028961,-5.02657528103264
2445,0,17.84402159964513,-0.9235100127840639,-5.027214659013808
2446,0,17.84402159964513,-0.9241494950660769,-5.027854141295821
2447,0,17.84402159964513,-0.9247890816073872,-5.028493727837131
2448,0,17.84402159964513,-0.9254287723664767,-5.029133418596221
2449,0,17.84402159964513,-0.9260685673018596,-5.029773213531604
2450,0,17.84402159964513,-0.9267084663720899,-5.030413112601834
2451,0,17.84402159964513,-0.9273484695357412,-5.031053115765485
2452,0,17.84402159964513,-0.9279885767514306,-5.031693222981175
2453,0,17.84402159964513,-0.9286287879778072,-5.032333434207551
2454,0,17.84402159964513,-0.9292691031735441,-5.032973749403288
2455,0,17.84402159964513,-0.9299095222973559,-5.0336141685271
2456,0,17.84402159964513,-0.9305500453079834,-5.034254691537727
2457,0,17.84402159964513,-0.9311906721642025,-5.034895318393946
2458,0,17.84402159964513,-0.9318314028248214,-5.035536049054565
2459,0,17.84402159964513,-0.9324722372486782,-5.036176883478422
2460,0,17.84402159964513,-0.9331131753946504,-5.036817821624394
2461,0,17.84402159964513,-0.9337542172216358,-5.03745886345138
2462,0,17.84402159964513,-0.9343953626885755,-5.038100008918319
2463,0,17.84402159964513,-0.935036611754434,-5.038741257984178
2464,0,17.84402159964513,-0.9356779643782156,-5.03938261060796
2465,0,17.84402159964513,-0.9363194205189522,-5.040024066748696
2466,0,17.84402159964513,-0.9369609801357086,-5.040665626365453
2467,0,17.84402159964513,-0.9376026431875779,-5.041307289417322
2468,0,17.84402159964513,-0.9382444096336933,-5.041949055863437
2469,0,17.84402159964513,-0.9388862794332109,-5.042590925662955
2470,0,17.84402159964513,-0.9395282525453279,-5.043232898775072
2471,0,17.84402159964513,-0.9401703289292653,-5.043874975159009
2472,0,17.84402159964513,-0.9408125085442771,-5.044517154774021
2473,0,17.84402159964513,-0.9414547913496527,-5.045159437579397
2474,0,17.84402159964513,-0.9420971773047109,-5.045801823534455
2475,0,17.84402159964513,-0.9427396663688032,-5.046444312598547
2476,0,17.84402159964513,-0.9433822585013116,-5.047086904731056
2477,0,17.84402159964513,-0.9440249536616516,-5.047729599891396
2478,0,17.84402159964513,-0.9446677518092654,-5.048372398039009
2479,0,17.84402159964513,-0.9453106529036299,-5.049015299133374
2480,0,17.84402159964513,-0.9459536569042584,-5.049658303134002
2481,0,17.84402159964513,-0.9465967637706854,-5.050301410000429
2482,0,17.84402159964513,-0.9472399734624863,-5.05094461969223
2483,0,17.84402159964513,-0.9478832859392607,-5.051587932169005
2484,0,17.84402159964513,-0.9485267011606453,-5.052231347390389
2485,0,17.84402159964513,-0.9491702190863034,-5.052874865316047
2486,0,17.84402159964513,-0.9498138396759321,-5.053518485905676
2487,0,17.84402159964513,-0.9504575628892589,-5.054162209119003
2488,0,17.84402159964513,-0.9511013886860447,-5.054806034915789
2489,0,17.84402159964513,-0.9517453170260755,-5.055449963255819
2490,0,17.84402159964513,-0.9523893478691772,-5.056093994098921
2491,0,17.84402159964513,-0.9530334811751979,-5.056738127404942
2492,0,17.84402159964513,-0.9536777169040258,-5.05738236313377
2493,0,17.84402159964513,-0.9543220550155702,-5.058026701245314
2494,0,17.84402159964513,-0.954966495469777,-5.058671141699521
2495,0,17.84402159964513,-0.9556110382266256,-5.05931568445637
2496,0,17.84402159964513,-0.9562556832461206,-5.059960329475865
2497,0,17.84402159964513,-0.956900430488302,-5.060605076718046
2498,0,17.84402159964513,-0.9575452799132362,-5.06124992614298
2499,0,17.84402159964513,-0.9581902314810247,-5.061894877710769
