T_K,P_GPa,G_eV_per_atom,level,source
851,0,-8.109882061122478,reference,DaRUS-4999/direct_upsampling_data_rungs_1-3/thermodynamic_properties/tridymite_beta_pbe_d3bj.csv
852,0,-8.11026065087149,reference,DaRUS-4999/direct_upsampling_data_rungs_1-3/thermodynamic_properties/tridymite_beta_pbe_d3bj.csv
853,0,-8.110639526981046,reference,DaRUS-4999/direct_upsampling_data_rungs_1-3/thermodynamic_properties/tridymite_beta_pbe_d3bj.csv
854,0,-8.111018689163968,reference,DaRUS-4999/direct_upsampling_data_rungs_1-3/thermodynamic_properties/tridymite_beta_pbe_d3bj.csv
855,0,-8.111398137133598,reference,DaRUS-4999/direct_upsampling_data_rungs_1-3/thermodynamic_properties/tridymite_beta_pbe_d3bj.csv
856,0,-8.11177787060382,reference,DaRUS-4999/direct_upsampling_data_rungs_1-3/thermodynamic_properties/tridymite_beta_pbe_d3bj.csv
857,0,-8.112157889289046,reference,DaRUS-4999/direct_upsampling_data_rungs_1-3/thermodynamic_properties/tridymite_beta_pbe_d3bj.csv
858,0,-8.112538192904227,reference,DaRUS-4999/direct_upsampling_data_rungs_1-3/thermodynamic_properties/tridymite_beta_pbe_d3bj.csv
859,0,-8.112918781164829,reference,DaRUS-4999/direct_upsampling_data_rungs_1-3/thermodynamic_properties/tridymite_beta_pbe_d3bj.csv
860,0,-8.113299653786852,reference,DaRUS-4999/direct_upsampling_data_rungs_1-3/thermodynamic_properties/tridymite_beta_pbe_d3bj.csv
861,0,-8.113680810486827,reference,DaRUS-4999/direct_upsampling_data_rungs_1-3/thermodynamic_properties/tridymite_beta_pbe_d3bj.csv
862,0,-8.114062250981807,reference,DaRUS-4999/direct_upsampling_data_rungs_1-3/thermodynamic_properties/tridymite_beta_pbe_d3bj.csv
863,0,-8.114443974989365,reference,DaRUS-4999/direct_upsampling_data_rungs_1-3/thermodynamic_properties/tridymite_beta_pbe_d3bj.csv
864,0,-8.1148259822276,reference,DaRUS-4999/direct_upsampling_data_rungs_1-3/thermodynamic_properties/tridymite_beta_pbe_d3bj.csv
865,0,-8.115208272415137,reference,DaRUS-4999/direct_upsampling_data_rungs_1-3/thermodynamic_properties/tridymite_beta_pbe_d3bj.csv
866,0,-8.115590845271109,reference,DaRUS-4999/direct_upsampling_data_rungs_1-3/thermodynamic_properties/tridymite_beta_pbe_d3bj.csv
867,0,-8.11597370051518,reference,DaRUS-4999/direct_upsampling_data_rungs_1-3/thermodynamic_properties/tridymite_beta_pbe_d3bj.csv
868,0,-8.116356837867523,reference,DaRUS-4999/direct_upsampling_data_rungs_1-3/thermodynamic_properties/tridymite_beta_pbe_d3bj.csv
869,0,-8.11674025704883,reference,DaRUS-4999/direct_upsampling_data_rungs_1-3/thermodynamic_properties/tridymite_beta_pbe_d3bj.csv
870,0,-8.11712395778031,reference,DaRUS-4999/direct_upsampling_data_rungs_1-3/thermodynamic_properties/tridymite_beta_pbe_d3bj.csv
871,0,-8.11750793978368,reference,DaRUS-4999/direct_upsampling_data_rungs_1-3/thermodynamic_properties/tridymite_beta_pbe_d3bj.csv
872,0,-8.117892202781176,reference,DaRUS-4999/direct_upsampling_data_rungs_1-3/thermodynamic_properties/tridymite_beta_pbe_d3bj.csv
873,0,-8.118276746495541,reference,DaRUS-4999/direct_upsampling_data_rungs_1-3/thermodynamic_properties/tridymite_beta_pbe_d3bj.csv
874,0,-8.11866157065003,reference,DaRUS-4999/direct_upsampling_data_rungs_1-3/thermodynamic_properties/tridymite_beta_pbe_d3bj.csv
875,0,-8.119046674968398,reference,DaRUS-4999/direct_upsampling_data_rungs_1-3/thermodynamic_properties/tridymite_beta_pbe_d3bj.csv
876,0,-8.119432059174926,reference,DaRUS-4999/direct_upsampling_data_rungs_1-3/thermodynamic_properties/tridymite_beta_pbe_d3bj.csv
877,0,-8.119817722994378,reference,DaRUS-4999/direct_upsampling_data_rungs_1-3/thermodynamic_properties/tridymite_beta_pbe_d3bj.csv
878,0,-8.12020366615204,reference,DaRUS-4999/direct_upsampling_data_rungs_1-3/thermodynamic_properties/tridymite_beta_pbe_d3bj.csv
879,0,-8.120589888373695,reference,DaRUS-4999/direct_upsampling_data_rungs_1-3/thermodynamic_properties/tridymite_beta_pbe_d3bj.csv
880,0,-8.120976389385625,reference,DaRUS-4999/direct_upsampling_data_rungs_1-3/thermodynamic_properties/tridymite_beta_pbe_d3bj.csv
881,0,-8.12136316891462,reference,DaRUS-4999/direct_upsampling_data_rungs_1-3/thermodynamic_properties/tridymite_beta_pbe_d3bj.csv
882,0,-8.12175022668797,reference,DaRUS-4999/direct_upsampling_data_rungs_1-3/thermodynamic_properties/tridymite_beta_pbe_d3bj.csv
883,0,-8.122137562433451,reference,DaRUS-4999/direct_upsampling_data_rungs_1-3/thermodynamic_properties/tridymite_beta_pbe_d3bj.csv
884,0,-8.12252517587935,reference,DaRUS-4999/direct_upsampling_data_rungs_1-3/thermodynamic_properties/tridymite_beta_pbe_d3bj.csv
885,0,-8.122913066754448,reference,DaRUS-4999/direct_upsampling_data_rungs_1-3/thermodynamic_properties/tridymite_beta_pbe_d3bj.csv
886,0,-8.123301234788013,reference,DaRUS-4999/direct_upsampling_data_rungs_1-3/thermodynamic_properties/tridymite_beta_pbe_d3bj.csv
887,0,-8.123689679709816,reference,DaRUS-4999/direct_upsampling_data_rungs_1-3/thermodynamic_properties/tridymite_beta_pbe_d3bj.csv
888,0,-8.124078401250113,reference,DaRUS-4999/direct_upsampling_data_rungs_1-3/thermodynamic_properties/tridymite_beta_pbe_d3bj.csv
889,0,-8.124467399139661,reference,DaRUS-4999/direct_upsampling_data_rungs_1-3/thermodynamic_properties/tridymite_beta_pbe_d3bj.csv
890,0,-8.12485667310969,reference,DaRUS-4999/direct_upsampling_data_rungs_1-3/thermodynamic_properties/tridymite_beta_pbe_d3bj.csv
891,0,-8.125246222891937,reference,DaRUS-4999/direct_upsampling_data_rungs_1-3/thermodynamic_properties/tridymite_beta_pbe_d3bj.csv
892,0,-8.125636048218617,reference,DaRUS-4999/direct_upsampling_data_rungs_1-3/thermodynamic_properties/tridymite_beta_pbe_d3bj.csv
893,0,-8.126026148822435,reference,DaRUS-4999/direct_upsampling_data_rungs_1-3/thermodynamic_properties/tridymite_beta_pbe_d3bj.csv
894,0,-8.126416524436575,reference,DaRUS-4999/direct_upsampling_data_rungs_1-3/thermodynamic_properties/tridymite_beta_pbe_d3bj.csv
895,0,-8.126807174794713,reference,DaRUS-4999/direct_upsampling_data_rungs_1-3/thermodynamic_properties/tridymite_beta_pbe_d3bj.csv
896,0,-8.127198099631004,reference,DaRUS-4999/direct_upsampling_data_rungs_1-3/thermodynamic_properties/tridymite_beta_pbe_d3bj.csv
897,0,-8.127589298680086,reference,DaRUS-4999/direct_upsampling_data_rungs_1-3/thermodynamic_properties/tridymite_beta_pbe_d3bj.csv
898,0,-8.127980771677073,reference,DaRUS-4999/direct_upsampling_data_rungs_1-3/thermodynamic_properties/tridymite_beta_pbe_d3bj.csv
899,0,-8.128372518357565,reference,DaRUS-4999/direct_upsampling_data_rungs_1-3/thermodynamic_properties/tridymite_beta_pbe_d3bj.csv
900,0,-8.128764538457636,reference,DaRUS-4999/direct_upsampling_data_rungs_1-3/thermodynamic_properties/tridymite_beta_pbe_d3bj.csv
901,0,-8.129156831713839,reference,DaRUS-4999/direct_upsampling_data_rungs_1-3/thermodynamic_properties/tridymite_beta_pbe_d3bj.csv
902,0,-8.129549397863197,reference,DaRUS-4999/direct_upsampling_data_rungs_1-3/thermodynamic_properties/tridymite_beta_pbe_d3bj.csv
903,0,-8.129942236643217,reference,DaRUS-4999/direct_upsampling_data_rungs_1-3/thermodynamic_properties/tridymite_beta_pbe_d3bj.csv
904,0,-8.130335347791869,reference,DaRUS-4999/direct_upsampling_data_rungs_1-3/thermodynamic_properties/tridymite_beta_pbe_d3bj.csv
905,0,-8.13072873104761,reference,DaRUS-4999/direct_upsampling_data_rungs_1-3/thermodynamic_properties/tridymite_beta_pbe_d3bj.csv
906,0,-8.131122386149352,reference,DaRUS-4999/direct_upsampling_data_rungs_1-3/thermodynamic_properties/tridymite_beta_pbe_d3bj.csv
907,0,-8.131516312836485,reference,DaRUS-4999/direct_upsampling_data_rungs_1-3/thermodynamic_properties/tridymite_beta_pbe_d3bj.csv
908,0,-8.131910510848867,reference,DaRUS-4999/direct_upsampling_data_rungs_1-3/thermodynamic_properties/tridymite_beta_pbe_d3bj.csv
909,0,-8.132304979926824,reference,DaRUS-4999/direct_upsampling_data_rungs_1-3/thermodynamic_properties/tridymite_beta_pbe_d3bj.csv
910,0,-8.132699719811146,reference,DaRUS-4999/direct_upsampling_data_rungs_1-3/thermodynamic_properties/tridymite_beta_pbe_d3bj.csv
911,0,-8.133094730243094,reference,DaRUS-4999/direct_upsampling_data_rungs_1-3/thermodynamic_properties/tridymite_beta_pbe_d3bj.csv
912,0,-8.133490010964389,reference,DaRUS-4999/direct_upsampling_data_rungs_1-3/thermodynamic_properties/tridymite_beta_pbe_d3bj.csv
913,0,-8.133885561717213,reference,DaRUS-4999/direct_upsampling_data_rungs_1-3/thermodynamic_properties/tridymite_beta_pbe_d3bj.csv
914,0,-8.134281382244215,reference,DaRUS-4999/direct_upsampling_data_rungs_1-3/thermodynamic_properties/tridymite_beta_pbe_d3bj.csv
915,0,-8.1346774722885,reference,DaRUS-4999/direct_upsampling_data_rungs_1-3/thermodynamic_properties/tridymite_beta_pbe_d3bj.csv
916,0,-8.135073831593639,reference,DaRUS-4999/direct_upsampling_data_rungs_1-3/thermodynamic_properties/tridymite_beta_pbe_d3bj.csv
917,0,-8.135470459903653,reference,DaRUS-4999/direct_upsampling_data_rungs_1-3/thermodynamic_properties/tridymite_beta_pbe_d3bj.csv
918,0,-8.135867356963031,reference,DaRUS-4999/direct_upsampling_data_rungs_1-3/thermodynamic_properties/tridymite_beta_pbe_d3bj.csv
919,0,-8.136264522516711,reference,DaRUS-4999/direct_upsampling_data_rungs_1-3/thermodynamic_properties/tridymite_beta_pbe_d3bj.csv
920,0,-8.136661956310084,reference,DaRUS-4999/direct_upsampling_data_rungs_1-3/thermodynamic_properties/tridymite_beta_pbe_d3bj.csv
921,0,-8.137059658089004,reference,DaRUS-4999/direct_upsampling_data_rungs_1-3/thermodynamic_properties/tridymite_beta_pbe_d3bj.csv
922,0,-8.137457627599773,reference,DaRUS-4999/direct_upsampling_data_rungs_1-3/thermodynamic_properties/tridymite_beta_pbe_d3bj.csv
923,0,-8.137855864589145,reference,DaRUS-4999/direct_upsampling_data_rungs_1-3/thermodynamic_properties/tridymite_beta_pbe_d3bj.csv
924,0,-8.138254368804324,reference,DaRUS-4999/direct_upsampling_data_rungs_1-3/thermodynamic_properties/tridymite_beta_pbe_d3bj.csv
925,0,-8.138653139992963,reference,DaRUS-4999/direct_upsampling_data_rungs_1-3/thermodynamic_properties/tridymite_beta_pbe_d3bj.csv
926,0,-8.139052177903171,reference,DaRUS-4999/direct_upsampling_data_rungs_1-3/thermodynamic_properties/tridymite_beta_pbe_d3bj.csv
927,0,-8.139451482283494,reference,DaRUS-4999/direct_upsampling_data_rungs_1-3/thermodynamic_properties/tridymite_beta_pbe_d3bj.csv
928,0,-8.139851052882934,reference,DaRUS-4999/direct_upsampling_data_rungs_1-3/thermodynamic_properties/tridymite_beta_pbe_d3bj.csv
929,0,-8.140250889450929,reference,DaRUS-4999/direct_upsampling_data_rungs_1-3/thermodynamic_properties/tridymite_beta_pbe_d3bj.csv
930,0,-8.14065099173737,reference,DaRUS-4999/direct_upsampling_data_rungs_1-3/thermodynamic_properties/tridymite_beta_pbe_d3bj.csv
931,0,-8.141051359492588,reference,DaRUS-4999/direct_upsampling_data_rungs_1-3/thermodynamic_properties/tridymite_beta_pbe_d3bj.csv
932,0,-8.141451992467353,reference,DaRUS-4999/direct_upsampling_data_rungs_1-3/thermodynamic_properties/tridymite_beta_pbe_d3bj.csv
933,0,-8.141852890412883,reference,DaRUS-4999/direct_upsampling_data_rungs_1-3/thermodynamic_properties/tridymite_beta_pbe_d3bj.csv
934,0,-8.142254053080826,reference,DaRUS-4999/direct_upsampling_data_rungs_1-3/thermodynamic_properties/tridymite_beta_pbe_d3bj.csv
935,0,-8.142655480223283,reference,DaRUS-4999/direct_upsampling_data_rungs_1-3/thermodynamic_properties/tridymite_beta_pbe_d3bj.csv
936,0,-8.143057171592776,reference,DaRUS-4999/direct_upsampling_data_rungs_1-3/thermodynamic_properties/tridymite_beta_pbe_d3bj.csv
937,0,-8.143459126942281,reference,DaRUS-4999/direct_upsampling_data_rungs_1-3/thermodynamic_properties/tridymite_beta_pbe_d3bj.csv
938,0,-8.143861346025195,reference,DaRUS-4999/direct_upsampling_data_rungs_1-3/thermodynamic_properties/tridymite_beta_pbe_d3bj.csv
939,0,-8.14426382859536,reference,DaRUS-4999/direct_upsampling_data_rungs_1-3/thermodynamic_properties/tridymite_beta_pbe_d3bj.csv
940,0,-8.144666574407047,reference,DaRUS-4999/direct_upsampling_data_rungs_1-3/thermodynamic_properties/tridymite_beta_pbe_d3bj.csv
941,0,-8.14506958321496,reference,DaRUS-4999/direct_upsampling_data_rungs_1-3/thermodynamic_properties/tridymite_beta_pbe_d3bj.csv
942,0,-8.145472854774235,reference,DaRUS-4999/direct_upsampling_data_rungs_1-3/thermodynamic_properties/tridymite_beta_pbe_d3bj.csv
943,0,-8.145876388840442,reference,DaRUS-4999/direct_upsampling_data_rungs_1-3/thermodynamic_properties/tridymite_beta_pbe_d3bj.csv
944,0,-8.146280185169569,reference,DaRUS-4999/direct_upsampling_data_rungs_1-3/thermodynamic_properties/tridymite_beta_pbe_d3bj.csv
945,0,-8.146684243518051,reference,DaRUS-4999/direct_upsampling_data_rungs_1-3/thermodynamic_properties/tridymite_beta_pbe_d3bj.csv
946,0,-8.147088563642734,reference,DaRUS-4999/direct_upsampling_data_rungs_1-3/thermodynamic_properties/tridymite_beta_pbe_d3bj.csv
947,0,-8.147493145300899,reference,DaRUS-4999/direct_upsampling_data_rungs_1-3/thermodynamic_properties/tridymite_beta_pbe_d3bj.csv
948,0,-8.14789798825025,reference,DaRUS-4999/direct_upsampling_data_rungs_1-3/thermodynamic_properties/tridymite_beta_pbe_d3bj.csv
949,0,-8.148303092248913,reference,DaRUS-4999/direct_upsampling_data_rungs_1-3/thermodynamic_properties/tridymite_beta_pbe_d3bj.csv
950,0,-8.14870845705544,reference,DaRUS-4999/direct_upsampling_data_rungs_1-3/thermodynamic_properties/tridymite_beta_pbe_d3bj.csv
951,0,-8.149114082428806,reference,DaRUS-4999/direct_upsampling_data_rungs_1-3/thermodynamic_properties/tridymite_beta_pbe_d3bj.csv
952,0,-8.149519968128407,reference,DaRUS-4999/direct_upsampling_data_rungs_1-3/thermodynamic_properties/tridymite_beta_pbe_d3bj.csv
953,0,-8.149926113914059,reference,DaRUS-4999/direct_upsampling_data_rungs_1-3/thermodynamic_properties/tridymite_beta_pbe_d3bj.csv
954,0,-8.150332519546,reference,DaRUS-4999/direct_upsampling_data_rungs_1-3/thermodynamic_properties/tridymite_beta_pbe_d3bj.csv
955,0,-8.150739184784872,reference,DaRUS-4999/direct_upsampling_data_rungs_1-3/thermodynamic_properties/tridymite_beta_pbe_d3bj.csv
956,0,-8.151146109391755,reference,DaRUS-4999/direct_upsampling_data_rungs_1-3/thermodynamic_properties/tridymite_beta_pbe_d3bj.csv
957,0,-8.151553293128135,reference,DaRUS-4999/direct_upsampling_data_rungs_1-3/thermodynamic_properties/tridymite_beta_pbe_d3bj.csv
958,0,-8.151960735755909,reference,DaRUS-4999/direct_upsampling_data_rungs_1-3/thermodynamic_properties/tridymite_beta_pbe_d3bj.csv
959,0,-8.152368437037399,reference,DaRUS-4999/direct_upsampling_data_rungs_1-3/thermodynamic_properties/tridymite_beta_pbe_d3bj.csv
960,0,-8.152776396735332,reference,DaRUS-4999/direct_upsampling_data_rungs_1-3/thermodynamic_properties/tridymite_beta_pbe_d3bj.csv
961,0,-8.153184614612849,reference,DaRUS-4999/direct_upsampling_data_rungs_1-3/thermodynamic_properties/tridymite_beta_pbe_d3bj.csv
962,0,-8.153593090433507,reference,DaRUS-4999/direct_upsampling_data_rungs_1-3/thermodynamic_properties/tridymite_beta_pbe_d3bj.csv
963,0,-8.154001823961266,reference,DaRUS-4999/direct_upsampling_data_rungs_1-3/thermodynamic_properties/tridymite_beta_pbe_d3bj.csv
964,0,-8.154410814960498,reference,DaRUS-4999/direct_upsampling_data_rungs_1-3/thermodynamic_properties/tridymite_beta_pbe_d3bj.csv
965,0,-8.154820063195988,reference,DaRUS-4999/direct_upsampling_data_rungs_1-3/thermodynamic_properties/tridymite_beta_pbe_d3bj.csv
966,0,-8.155229568432921,reference,DaRUS-4999/direct_upsampling_data_rungs_1-3/thermodynamic_properties/tridymite_beta_pbe_d3bj.csv
967,0,-8.155639330436896,reference,DaRUS-4999/direct_upsampling_data_rungs_1-3/thermodynamic_properties/tridymite_beta_pbe_d3bj.csv
968,0,-8.156049348973907,reference,DaRUS-4999/direct_upsampling_data_rungs_1-3/thermodynamic_properties/tridymite_beta_pbe_d3bj.csv
969,0,-8.156459623810365,reference,DaRUS-4999/direct_upsampling_data_rungs_1-3/thermodynamic_properties/tridymite_beta_pbe_d3bj.csv
970,0,-8.156870154713079,reference,DaRUS-4999/direct_upsampling_data_rungs_1-3/thermodynamic_properties/tridymite_beta_pbe_d3bj.csv
971,0,-8.157280941449255,reference,DaRUS-4999/direct_upsampling_data_rungs_1-3/thermodynamic_properties/tridymite_beta_pbe_d3bj.csv
972,0,-8.157691983786508,reference,DaRUS-4999/direct_upsampling_data_rungs_1-3/thermodynamic_properties/tridymite_beta_pbe_d3bj.csv
973,0,-8.158103281492853,reference,DaRUS-4999/direct_upsampling_data_rungs_1-3/thermodynamic_properties/tridymite_beta_pbe_d3bj.csv
974,0,-8.158514834336698,reference,DaRUS-4999/direct_upsampling_data_rungs_1-3/thermodynamic_properties/tridymite_beta_pbe_d3bj.csv
975,0,-8.158926642086859,reference,DaRUS-4999/direct_upsampling_data_rungs_1-3/thermodynamic_properties/tridymite_beta_pbe_d3bj.csv
976,0,-8.159338704512546,reference,DaRUS-4999/direct_upsampling_data_rungs_1-3/thermodynamic_properties/tridymite_beta_pbe_d3bj.csv
977,0,-8.159751021383363,reference,DaRUS-4999/direct_upsampling_data_rungs_1-3/thermodynamic_properties/tridymite_beta_pbe_d3bj.csv
978,0,-8.16016359246931,reference,DaRUS-4999/direct_upsampling_data_rungs_1-3/thermodynamic_properties/tridymite_beta_pbe_d3bj.csv
979,0,-8.160576417540788,reference,DaRUS-4999/direct_upsampling_data_rungs_1-3/thermodynamic_properties/tridymite_beta_pbe_d3bj.csv
980,0,-8.160989496368586,reference,DaRUS-4999/direct_upsampling_data_rungs_1-3/thermodynamic_properties/tridymite_beta_pbe_d3bj.csv
981,0,-8.161402828723888,reference,DaRUS-4999/direct_upsampling_data_rungs_1-3/thermodynamic_properties/tridymite_beta_pbe_d3bj.csv
982,0,-8.161816414378274,reference,DaRUS-4999/direct_upsampling_data_rungs_1-3/thermodynamic_properties/tridymite_beta_pbe_d3bj.csv
983,0,-8.162230253103704,reference,DaRUS-4999/direct_upsampling_data_rungs_1-3/thermodynamic_properties/tridymite_beta_pbe_d3bj.csv
984,0,-8.162644344672545,reference,DaRUS-4999/direct_upsampling_data_rungs_1-3/thermodynamic_properties/tridymite_beta_pbe_d3bj.csv
985,0,-8.163058688857534,reference,DaRUS-4999/direct_upsampling_data_rungs_1-3/thermodynamic_properties/tridymite_beta_pbe_d3bj.csv
986,0,-8.163473285431815,reference,DaRUS-4999/direct_upsampling_data_rungs_1-3/thermodynamic_properties/tridymite_beta_pbe_d3bj.csv
987,0,-8.163888134168907,reference,DaRUS-4999/direct_upsampling_data_rungs_1-3/thermodynamic_properties/tridymite_beta_pbe_d3bj.csv
988,0,-8.164303234842716,reference,DaRUS-4999/direct_upsampling_data_rungs_1-3/thermodynamic_properties/tridymite_beta_pbe_d3bj.csv
989,0,-8.164718587227547,reference,DaRUS-4999/direct_upsampling_data_rungs_1-3/thermodynamic_properties/tridymite_beta_pbe_d3bj.csv
990,0,-8.165134191098073,reference,DaRUS-4999/direct_upsampling_data_rungs_1-3/thermodynamic_properties/tridymite_beta_pbe_d3bj.csv
991,0,-8.165550046229358,reference,DaRUS-4999/direct_upsampling_data_rungs_1-3/thermodynamic_properties/tridymite_beta_pbe_d3bj.csv
992,0,-8.165966152396852,reference,DaRUS-4999/direct_upsampling_data_rungs_1-3/thermodynamic_properties/tridymite_beta_pbe_d3bj.csv
993,0,-8.16638250937638,reference,DaRUS-4999/direct_upsampling_data_rungs_1-3/thermodynamic_properties/tridymite_beta_pbe_d3bj.csv
994,0,-8.166799116944157,reference,DaRUS-4999/direct_upsampling_data_rungs_1-3/thermodynamic_properties/tridymite_beta_pbe_d3bj.csv
995,0,-8.167215974876768,reference,DaRUS-4999/direct_upsampling_data_rungs_1-3/thermodynamic_properties/tridymite_beta_pbe_d3bj.csv
996,0,-8.167633082951182,reference,DaRUS-4999/direct_upsampling_data_rungs_1-3/thermodynamic_properties/tridymite_beta_pbe_d3bj.csv
997,0,-8.168050440944755,reference,DaRUS-4999/direct_upsampling_data_rungs_1-3/thermodynamic_properties/tridymite_beta_pbe_d3bj.csv
998,0,-8.168468048635207,reference,DaRUS-4999/direct_upsampling_data_rungs_1-3/thermodynamic_properties/tridymite_beta_pbe_d3bj.csv
999,0,-8.168885905800639,reference,DaRUS-4999/direct_upsampling_data_rungs_1-3/thermodynamic_properties/tridymite_beta_pbe_d3bj.csv
1000,0,-8.169304012219534,reference,DaRUS-4999/direct_upsampling_data_rungs_1-3/thermodynamic_properties/tridymite_beta_pbe_d3bj.csv
1001,0,-8.169722367670738,reference,DaRUS-4999/direct_upsampling_data_rungs_1-3/thermodynamic_properties/tridymite_beta_pbe_d3bj.csv
1002,0,-8.170140971933483,reference,DaRUS-4999/direct_upsampling_data_rungs_1-3/thermodynamic_properties/tridymite_beta_pbe_d3bj.csv
1003,0,-8.170559824787366,reference,DaRUS-4999/direct_upsampling_data_rungs_1-3/thermodynamic_properties/tridymite_beta_pbe_d3bj.csv
1004,0,-8.170978926012365,reference,DaRUS-4999/direct_upsampling_data_rungs_1-3/thermodynamic_properties/tridymite_beta_pbe_d3bj.csv
1005,0,-8.171398275388817,reference,DaRUS-4999/direct_upsampling_data_rungs_1-3/thermodynamic_properties/tridymite_beta_pbe_d3bj.csv
1006,0,-8.17181787269744,reference,DaRUS-4999/direct_upsampling_data_rungs_1-3/thermodynamic_properties/tridymite_beta_pbe_d3bj.csv
1007,0,-8.172237717719318,reference,DaRUS-4999/direct_upsampling_data_rungs_1-3/thermodynamic_properties/tridymite_beta_pbe_d3bj.csv
1008,0,-8.172657810235899,reference,DaRUS-4999/direct_upsampling_data_rungs_1-3/thermodynamic_properties/tridymite_beta_pbe_d3bj.csv
1009,0,-8.17307815002901,reference,DaRUS-4999/direct_upsampling_data_rungs_1-3/thermodynamic_properties/tridymite_beta_pbe_d3bj.csv
1010,0,-8.173498736880836,reference,DaRUS-4999/direct_upsampling_data_rungs_1-3/thermodynamic_properties/tridymite_beta_pbe_d3bj.csv
1011,0,-8.173919570573929,reference,DaRUS-4999/direct_upsampling_data_rungs_1-3/thermodynamic_properties/tridymite_beta_pbe_d3bj.csv
1012,0,-8.17434065089121,reference,DaRUS-4999/direct_upsampling_data_rungs_1-3/thermodynamic_properties/tridymite_beta_pbe_d3bj.csv
1013,0,-8.174761977615963,reference,DaRUS-4999/direct_upsampling_data_rungs_1-3/thermodynamic_properties/tridymite_beta_pbe_d3bj.csv
1014,0,-8.175183550531832,reference,DaRUS-4999/direct_upsampling_data_rungs_1-3/thermodynamic_properties/tridymite_beta_pbe_d3bj.csv
1015,0,-8.175605369422833,reference,DaRUS-4999/direct_upsampling_data_rungs_1-3/thermodynamic_properties/tridymite_beta_pbe_d3bj.csv
1016,0,-8.17602743407333,reference,DaRUS-4999/direct_upsampling_data_rungs_1-3/thermodynamic_properties/tridymite_beta_pbe_d3bj.csv
1017,0,-8.176449744268064,reference,DaRUS-4999/direct_upsampling_data_rungs_1-3/thermodynamic_properties/tridymite_beta_pbe_d3bj.csv
1018,0,-8.176872299792123,reference,DaRUS-4999/direct_upsampling_data_rungs_1-3/thermodynamic_properties/tridymite_beta_pbe_d3bj.csv
1019,0,-8.177295100430959,reference,DaRUS-4999/direct_upsampling_data_rungs_1-3/thermodynamic_properties/tridymite_beta_pbe_d3bj.csv
1020,0,-8.177718145970386,reference,DaRUS-4999/direct_upsampling_data_rungs_1-3/thermodynamic_properties/tridymite_beta_pbe_d3bj.csv
1021,0,-8.178141436196574,reference,DaRUS-4999/direct_upsampling_data_rungs_1-3/thermodynamic_properties/tridymite_beta_pbe_d3bj.csv
1022,0,-8.178564970896046,reference,DaRUS-4999/direct_upsampling_data_rungs_1-3/thermodynamic_properties/tridymite_beta_pbe_d3bj.csv
1023,0,-8.178988749855684,reference,DaRUS-4999/direct_upsampling_data_rungs_1-3/thermodynamic_properties/tridymite_beta_pbe_d3bj.csv
1024,0,-8.179412772862724,reference,DaRUS-4999/direct_upsampling_data_rungs_1-3/thermodynamic_properties/tridymite_beta_pbe_d3bj.csv
1025,0,-8.179837039704758,reference,DaRUS-4999/direct_upsampling_data_rungs_1-3/thermodynamic_properties/tridymite_beta_pbe_d3bj.csv
1026,0,-8.180261550169735,reference,DaRUS-4999/direct_upsampling_data_rungs_1-3/thermodynamic_properties/tridymite_beta_pbe_d3bj.csv
1027,0,-8.180686304045947,reference,DaRUS-4999/direct_upsampling_data_rungs_1-3/thermodynamic_properties/tridymite_beta_pbe_d3bj.csv
1028,0,-8.18111130112205,reference,DaRUS-4999/direct_upsampling_data_rungs_1-3/thermodynamic_properties/tridymite_beta_pbe_d3bj.csv
1029,0,-8.181536541187038,reference,DaRUS-4999/direct_upsampling_data_rungs_1-3/thermodynamic_properties/tridymite_beta_pbe_d3bj.csv
1030,0,-8.181962024030266,reference,DaRUS-4999/direct_upsampling_data_rungs_1-3/thermodynamic_properties/tridymite_beta_pbe_d3bj.csv
1031,0,-8.182387749441434,reference,DaRUS-4999/direct_upsampling_data_rungs_1-3/thermodynamic_properties/tridymite_beta_pbe_d3bj.csv
1032,0,-8.182813717210585,reference,DaRUS-4999/direct_upsampling_data_rungs_1-3/thermodynamic_properties/tridymite_beta_pbe_d3bj.csv
1033,0,-8.183239927128129,reference,DaRUS-4999/direct_upsampling_data_rungs_1-3/thermodynamic_properties/tridymite_beta_pbe_d3bj.csv
1034,0,-8.1836663789848,reference,DaRUS-4999/direct_upsampling_data_rungs_1-3/thermodynamic_properties/tridymite_beta_pbe_d3bj.csv
1035,0,-8.184093072571695,reference,DaRUS-4999/direct_upsampling_data_rungs_1-3/thermodynamic_properties/tridymite_beta_pbe_d3bj.csv
1036,0,-8.184520007680243,reference,DaRUS-4999/direct_upsampling_data_rungs_1-3/thermodynamic_properties/tridymite_beta_pbe_d3bj.csv
1037,0,-8.184947184102226,reference,DaRUS-4999/direct_upsampling_data_rungs_1-3/thermodynamic_properties/tridymite_beta_pbe_d3bj.csv
1038,0,-8.185374601629775,reference,DaRUS-4999/direct_upsampling_data_rungs_1-3/thermodynamic_properties/tridymite_beta_pbe_d3bj.csv
1039,0,-8.18580226005535,reference,DaRUS-4999/direct_upsampling_data_rungs_1-3/thermodynamic_properties/tridymite_beta_pbe_d3bj.csv
1040,0,-8.186230159171764,reference,DaRUS-4999/direct_upsampling_data_rungs_1-3/thermodynamic_properties/tridymite_beta_pbe_d3bj.csv
1041,0,-8.186658298772169,reference,DaRUS-4999/direct_upsampling_data_rungs_1-3/thermodynamic_properties/tridymite_beta_pbe_d3bj.csv
1042,0,-8.187086678650054,reference,DaRUS-4999/direct_upsampling_data_rungs_1-3/thermodynamic_properties/tridymite_beta_pbe_d3bj.csv
1043,0,-8.187515298599253,reference,DaRUS-4999/direct_upsampling_data_rungs_1-3/thermodynamic_properties/tridymite_beta_pbe_d3bj.csv
1044,0,-8.187944158413936,reference,DaRUS-4999/direct_upsampling_data_rungs_1-3/thermodynamic_properties/tridymite_beta_pbe_d3bj.csv
1045,0,-8.188373257888612,reference,DaRUS-4999/direct_upsampling_data_rungs_1-3/thermodynamic_properties/tridymite_beta_pbe_d3bj.csv
1046,0,-8.18880259681813,reference,DaRUS-4999/direct_upsampling_data_rungs_1-3/thermodynamic_properties/tridymite_beta_pbe_d3bj.csv
1047,0,-8.18923217499767,reference,DaRUS-4999/direct_upsampling_data_rungs_1-3/thermodynamic_properties/tridymite_beta_pbe_d3bj.csv
1048,0,-8.189661992222758,reference,DaRUS-4999/direct_upsampling_data_rungs_1-3/thermodynamic_properties/tridymite_beta_pbe_d3bj.csv
1049,0,-8.190092048289237,reference,DaRUS-4999/direct_upsampling_data_rungs_1-3/thermodynamic_properties/tridymite_beta_pbe_d3bj.csv
1050,0,-8.19052234299331,reference,DaRUS-4999/direct_upsampling_data_rungs_1-3/thermodynamic_properties/tridymite_beta_pbe_d3bj.csv
1051,0,-8.190952876131492,reference,DaRUS-4999/direct_upsampling_data_rungs_1-3/thermodynamic_properties/tridymite_beta_pbe_d3bj.csv
1052,0,-8.19138364750064,reference,DaRUS-4999/direct_upsampling_data_rungs_1-3/thermodynamic_properties/tridymite_beta_pbe_d3bj.csv
1053,0,-8.191814656897943,reference,DaRUS-4999/direct_upsampling_data_rungs_1-3/thermodynamic_properties/tridymite_beta_pbe_d3bj.csv
1054,0,-8.192245904120922,reference,DaRUS-4999/direct_upsampling_data_rungs_1-3/thermodynamic_properties/tridymite_beta_pbe_d3bj.csv
1055,0,-8.192677388967425,reference,DaRUS-4999/direct_upsampling_data_rungs_1-3/thermodynamic_properties/tridymite_beta_pbe_d3bj.csv
1056,0,-8.19310911123563,reference,DaRUS-4999/direct_upsampling_data_rungs_1-3/thermodynamic_properties/tridymite_beta_pbe_d3bj.csv
1057,0,-8.193541070724052,reference,DaRUS-4999/direct_upsampling_data_rungs_1-3/thermodynamic_properties/tridymite_beta_pbe_d3bj.csv
1058,0,-8.193973267231524,reference,DaRUS-4999/direct_upsampling_data_rungs_1-3/thermodynamic_properties/tridymite_beta_pbe_d3bj.csv
1059,0,-8.194405700557214,reference,DaRUS-4999/direct_upsampling_data_rungs_1-3/thermodynamic_properties/tridymite_beta_pbe_d3bj.csv
1060,0,-8.19483837050061,reference,DaRUS-4999/direct_upsampling_data_rungs_1-3/thermodynamic_properties/tridymite_beta_pbe_d3bj.csv
1061,0,-8.195271276861535,reference,DaRUS-4999/direct_upsampling_data_rungs_1-3/thermodynamic_properties/tridymite_beta_pbe_d3bj.csv
1062,0,-8.195704419440126,reference,DaRUS-4999/direct_upsampling_data_rungs_1-3/thermodynamic_properties/tridymite_beta_pbe_d3bj.csv
1063,0,-8.196137798036862,reference,DaRUS-4999/direct_upsampling_data_rungs_1-3/thermodynamic_properties/tridymite_beta_pbe_d3bj.csv
1064,0,-8.196571412452528,reference,DaRUS-4999/direct_upsampling_data_rungs_1-3/thermodynamic_properties/tridymite_beta_pbe_d3bj.csv
1065,0,-8.197005262488236,reference,DaRUS-4999/direct_upsampling_data_rungs_1-3/thermodynamic_properties/tridymite_beta_pbe_d3bj.csv
1066,0,-8.197439347945428,reference,DaRUS-4999/direct_upsampling_data_rungs_1-3/thermodynamic_properties/tridymite_beta_pbe_d3bj.csv
1067,0,-8.197873668625864,reference,DaRUS-4999/direct_upsampling_data_rungs_1-3/thermodynamic_properties/tridymite_beta_pbe_d3bj.csv
1068,0,-8.198308224331626,reference,DaRUS-4999/direct_upsampling_data_rungs_1-3/thermodynamic_properties/tridymite_beta_pbe_d3bj.csv
1069,0,-8.19874301486511,reference,DaRUS-4999/direct_upsampling_data_rungs_1-3/thermodynamic_properties/tridymite_beta_pbe_d3bj.csv
1070,0,-8.199178040029036,reference,DaRUS-4999/direct_upsampling_data_rungs_1-3/thermodynamic_properties/tridymite_beta_pbe_d3bj.csv
1071,0,-8.199613299626449,reference,DaRUS-4999/direct_upsampling_data_rungs_1-3/thermodynamic_properties/tridymite_beta_pbe_d3bj.csv
1072,0,-8.200048793460702,reference,DaRUS-4999/direct_upsampling_data_rungs_1-3/thermodynamic_properties/tridymite_beta_pbe_d3bj.csv
1073,0,-8.200484521335467,reference,DaRUS-4999/direct_upsampling_data_rungs_1-3/thermodynamic_properties/tridymite_beta_pbe_d3bj.csv
1074,0,-8.200920483054738,reference,DaRUS-4999/direct_upsampling_data_rungs_1-3/thermodynamic_properties/tridymite_beta_pbe_d3bj.csv
1075,0,-8.201356678422819,reference,DaRUS-4999/direct_upsampling_data_rungs_1-3/thermodynamic_properties/tridymite_beta_pbe_d3bj.csv
1076,0,-8.201793107244333,reference,DaRUS-4999/direct_upsampling_data_rungs_1-3/thermodynamic_properties/tridymite_beta_pbe_d3bj.csv
1077,0,-8.202229769324218,reference,DaRUS-4999/direct_upsampling_data_rungs_1-3/thermodynamic_properties/tridymite_beta_pbe_d3bj.csv
1078,0,-8.202666664467724,reference,DaRUS-4999/direct_upsampling_data_rungs_1-3/thermodynamic_properties/tridymite_beta_pbe_d3bj.csv
1079,0,-8.203103792480411,reference,DaRUS-4999/direct_upsampling_data_rungs_1-3/thermodynamic_properties/tridymite_beta_pbe_d3bj.csv
1080,0,-8.203541153168159,reference,DaRUS-4999/direct_upsampling_data_rungs_1-3/thermodynamic_properties/tridymite_beta_pbe_d3bj.csv
1081,0,-8.203978746337148,reference,DaRUS-4999/direct_upsampling_data_rungs_1-3/thermodynamic_properties/tridymite_beta_pbe_d3bj.csv
1082,0,-8.204416571793884,reference,DaRUS-4999/direct_upsampling_data_rungs_1-3/thermodynamic_properties/tridymite_beta_pbe_d3bj.csv
1083,0,-8.204854629345171,reference,DaRUS-4999/direct_upsampling_data_rungs_1-3/thermodynamic_properties/tridymite_beta_pbe_d3bj.csv
1084,0,-8.205292918798124,reference,DaRUS-4999/direct_upsampling_data_rungs_1-3/thermodynamic_properties/tridymite_beta_pbe_d3bj.csv
1085,0,-8.205731439960173,reference,DaRUS-4999/direct_upsampling_data_rungs_1-3/thermodynamic_properties/tridymite_beta_pbe_d3bj.csv
1086,0,-8.206170192639055,reference,DaRUS-4999/direct_upsampling_data_rungs_1-3/thermodynamic_properties/tridymite_beta_pbe_d3bj.csv
1087,0,-8.206609176642806,reference,DaRUS-4999/direct_upsampling_data_rungs_1-3/thermodynamic_properties/tridymite_beta_pbe_d3bj.csv
1088,0,-8.207048391779779,reference,DaRUS-4999/direct_upsampling_data_rungs_1-3/thermodynamic_properties/tridymite_beta_pbe_d3bj.csv
1089,0,-8.207487837858627,reference,DaRUS-4999/direct_upsampling_data_rungs_1-3/thermodynamic_properties/tridymite_beta_pbe_d3bj.csv
1090,0,-8.20792751468831,reference,DaRUS-4999/direct_upsampling_data_rungs_1-3/thermodynamic_properties/tridymite_beta_pbe_d3bj.csv
1091,0,-8.208367422078094,reference,DaRUS-4999/direct_upsampling_data_rungs_1-3/thermodynamic_properties/tridymite_beta_pbe_d3bj.csv
1092,0,-8.208807559837542,reference,DaRUS-4999/direct_upsampling_data_rungs_1-3/thermodynamic_properties/tridymite_beta_pbe_d3bj.csv
1093,0,-8.209247927776536,reference,DaRUS-4999/direct_upsampling_data_rungs_1-3/thermodynamic_properties/tridymite_beta_pbe_d3bj.csv
1094,0,-8.209688525705245,reference,DaRUS-4999/direct_upsampling_data_rungs_1-3/thermodynamic_properties/tridymite_beta_pbe_d3bj.csv
1095,0,-8.210129353434143,reference,DaRUS-4999/direct_upsampling_data_rungs_1-3/thermodynamic_properties/tridymite_beta_pbe_d3bj.csv
1096,0,-8.210570410774011,reference,DaRUS-4999/direct_upsampling_data_rungs_1-3/thermodynamic_properties/tridymite_beta_pbe_d3bj.csv
1097,0,-8.211011697535927,reference,DaRUS-4999/direct_upsampling_data_rungs_1-3/thermodynamic_properties/tridymite_beta_pbe_d3bj.csv
1098,0,-8.211453213531268,reference,DaRUS-4999/direct_upsampling_data_rungs_1-3/thermodynamic_properties/tridymite_beta_pbe_d3bj.csv
1099,0,-8.211894958571712,reference,DaRUS-4999/direct_upsampling_data_rungs_1-3/thermodynamic_properties/tridymite_beta_pbe_d3bj.csv
1100,0,-8.212336932469235,reference,DaRUS-4999/direct_upsampling_data_rungs_1-3/thermodynamic_properties/tridymite_beta_pbe_d3bj.csv
1101,0,-8.212779135036108,reference,DaRUS-4999/direct_upsampling_data_rungs_1-3/thermodynamic_properties/tridymite_beta_pbe_d3bj.csv
1102,0,-8.213221566084909,reference,DaRUS-4999/direct_upsampling_data_rungs_1-3/thermodynamic_properties/tridymite_beta_pbe_d3bj.csv
1103,0,-8.2136642254285,reference,DaRUS-4999/direct_upsampling_data_rungs_1-3/thermodynamic_properties/tridymite_beta_pbe_d3bj.csv
1104,0,-8.214107112880045,reference,DaRUS-4999/direct_upsampling_data_rungs_1-3/thermodynamic_properties/tridymite_beta_pbe_d3bj.csv
1105,0,-8.214550228253003,reference,DaRUS-4999/direct_upsampling_data_rungs_1-3/thermodynamic_properties/tridymite_beta_pbe_d3bj.csv
1106,0,-8.214993571361131,reference,DaRUS-4999/direct_upsampling_data_rungs_1-3/thermodynamic_properties/tridymite_beta_pbe_d3bj.csv
1107,0,-8.21543714201847,reference,DaRUS-4999/direct_upsampling_data_rungs_1-3/thermodynamic_properties/tridymite_beta_pbe_d3bj.csv
1108,0,-8.21588094003936,reference,DaRUS-4999/direct_upsampling_data_rungs_1-3/thermodynamic_properties/tridymite_beta_pbe_d3bj.csv
1109,0,-8.216324965238442,reference,DaRUS-4999/direct_upsampling_data_rungs_1-3/thermodynamic_properties/tridymite_beta_pbe_d3bj.csv
1110,0,-8.216769217430635,reference,DaRUS-4999/direct_upsampling_data_rungs_1-3/thermodynamic_properties/tridymite_beta_pbe_d3bj.csv
1111,0,-8.217213696431156,reference,DaRUS-4999/direct_upsampling_data_rungs_1-3/thermodynamic_properties/tridymite_beta_pbe_d3bj.csv
1112,0,-8.217658402055511,reference,DaRUS-4999/direct_upsampling_data_rungs_1-3/thermodynamic_properties/tridymite_beta_pbe_d3bj.csv
1113,0,-8.218103334119499,reference,DaRUS-4999/direct_upsampling_data_rungs_1-3/thermodynamic_properties/tridymite_beta_pbe_d3bj.csv
1114,0,-8.218548492439202,reference,DaRUS-4999/direct_upsampling_data_rungs_1-3/thermodynamic_properties/tridymite_beta_pbe_d3bj.csv
1115,0,-8.218993876831005,reference,DaRUS-4999/direct_upsampling_data_rungs_1-3/thermodynamic_properties/tridymite_beta_pbe_d3bj.csv
1116,0,-8.219439487111561,reference,DaRUS-4999/direct_upsampling_data_rungs_1-3/thermodynamic_properties/tridymite_beta_pbe_d3bj.csv
1117,0,-8.219885323097822,reference,DaRUS-4999/direct_upsampling_data_rungs_1-3/thermodynamic_properties/tridymite_beta_pbe_d3bj.csv
1118,0,-8.220331384607027,reference,DaRUS-4999/direct_upsampling_data_rungs_1-3/thermodynamic_properties/tridymite_beta_pbe_d3bj.csv
1119,0,-8.220777671456702,reference,DaRUS-4999/direct_upsampling_data_rungs_1-3/thermodynamic_properties/tridymite_beta_pbe_d3bj.csv
1120,0,-8.221224183464649,reference,DaRUS-4999/direct_upsampling_data_rungs_1-3/thermodynamic_properties/tridymite_beta_pbe_d3bj.csv
1121,0,-8.221670920448968,reference,DaRUS-4999/direct_upsampling_data_rungs_1-3/thermodynamic_properties/tridymite_beta_pbe_d3bj.csv
1122,0,-8.222117882228034,reference,DaRUS-4999/direct_upsampling_data_rungs_1-3/thermodynamic_properties/tridymite_beta_pbe_d3bj.csv
1123,0,-8.22256506862051,reference,DaRUS-4999/direct_upsampling_data_rungs_1-3/thermodynamic_properties/tridymite_beta_pbe_d3bj.csv
1124,0,-8.223012479445341,reference,DaRUS-4999/direct_upsampling_data_rungs_1-3/thermodynamic_properties/tridymite_beta_pbe_d3bj.csv
1125,0,-8.223460114521751,reference,DaRUS-4999/direct_upsampling_data_rungs_1-3/thermodynamic_properties/tridymite_beta_pbe_d3bj.csv
1126,0,-8.223907973669251,reference,DaRUS-4999/direct_upsampling_data_rungs_1-3/thermodynamic_properties/tridymite_beta_pbe_d3bj.csv
1127,0,-8.224356056707633,reference,DaRUS-4999/direct_upsampling_data_rungs_1-3/thermodynamic_properties/tridymite_beta_pbe_d3bj.csv
1128,0,-8.224804363456965,reference,DaRUS-4999/direct_upsampling_data_rungs_1-3/thermodynamic_properties/tridymite_beta_pbe_d3bj.csv
1129,0,-8.225252893737595,reference,DaRUS-4999/direct_upsampling_data_rungs_1-3/thermodynamic_properties/tridymite_beta_pbe_d3bj.csv
1130,0,-8.225701647370157,reference,DaRUS-4999/direct_upsampling_data_rungs_1-3/thermodynamic_properties/tridymite_beta_pbe_d3bj.csv
1131,0,-8.226150624175556,reference,DaRUS-4999/direct_upsampling_data_rungs_1-3/thermodynamic_properties/tridymite_beta_pbe_d3bj.csv
1132,0,-8.226599823974981,reference,DaRUS-4999/direct_upsampling_data_rungs_1-3/thermodynamic_properties/tridymite_beta_pbe_d3bj.csv
1133,0,-8.227049246589891,reference,DaRUS-4999/direct_upsampling_data_rungs_1-3/thermodynamic_properties/tridymite_beta_pbe_d3bj.csv
1134,0,-8.22749889184203,reference,DaRUS-4999/direct_upsampling_data_rungs_1-3/thermodynamic_properties/tridymite_beta_pbe_d3bj.csv
1135,0,-8.227948759553419,reference,DaRUS-4999/direct_upsampling_data_rungs_1-3/thermodynamic_properties/tridymite_beta_pbe_d3bj.csv
1136,0,-8.228398849546341,reference,DaRUS-4999/direct_upsampling_data_rungs_1-3/thermodynamic_properties/tridymite_beta_pbe_d3bj.csv
1137,0,-8.228849161643367,reference,DaRUS-4999/direct_upsampling_data_rungs_1-3/thermodynamic_properties/tridymite_beta_pbe_d3bj.csv
1138,0,-8.229299695667343,reference,DaRUS-4999/direct_upsampling_data_rungs_1-3/thermodynamic_properties/tridymite_beta_pbe_d3bj.csv
1139,0,-8.22975045144138,reference,DaRUS-4999/direct_upsampling_data_rungs_1-3/thermodynamic_properties/tridymite_beta_pbe_d3bj.csv
1140,0,-8.230201428788869,reference,DaRUS-4999/direct_upsampling_data_rungs_1-3/thermodynamic_properties/tridymite_beta_pbe_d3bj.csv
1141,0,-8.230652627533464,reference,DaRUS-4999/direct_upsampling_data_rungs_1-3/thermodynamic_properties/tridymite_beta_pbe_d3bj.csv
1142,0,-8.231104047499107,reference,DaRUS-4999/direct_upsampling_data_rungs_1-3/thermodynamic_properties/tridymite_beta_pbe_d3bj.csv
1143,0,-8.231555688510003,reference,DaRUS-4999/direct_upsampling_data_rungs_1-3/thermodynamic_properties/tridymite_beta_pbe_d3bj.csv
1144,0,-8.232007550390618,reference,DaRUS-4999/direct_upsampling_data_rungs_1-3/thermodynamic_properties/tridymite_beta_pbe_d3bj.csv
1145,0,-8.232459632965709,reference,DaRUS-4999/direct_upsampling_data_rungs_1-3/thermodynamic_properties/tridymite_beta_pbe_d3bj.csv
1146,0,-8.232911936060281,reference,DaRUS-4999/direct_upsampling_data_rungs_1-3/thermodynamic_properties/tridymite_beta_pbe_d3bj.csv
1147,0,-8.233364459499628,reference,DaRUS-4999/direct_upsampling_data_rungs_1-3/thermodynamic_properties/tridymite_beta_pbe_d3bj.csv
1148,0,-8.233817203109293,reference,DaRUS-4999/direct_upsampling_data_rungs_1-3/thermodynamic_properties/tridymite_beta_pbe_d3bj.csv
1149,0,-8.234270166715103,reference,DaRUS-4999/direct_upsampling_data_rungs_1-3/thermodynamic_properties/tridymite_beta_pbe_d3bj.csv
1150,0,-8.234723350143144,reference,DaRUS-4999/direct_upsampling_data_rungs_1-3/thermodynamic_properties/tridymite_beta_pbe_d3bj.csv
1151,0,-8.23517675321977,reference,DaRUS-4999/direct_upsampling_data_rungs_1-3/thermodynamic_properties/tridymite_beta_pbe_d3bj.csv
1152,0,-8.235630375771603,reference,DaRUS-4999/direct_upsampling_data_rungs_1-3/thermodynamic_properties/tridymite_beta_pbe_d3bj.csv
1153,0,-8.236084217625528,reference,DaRUS-4999/direct_upsampling_data_rungs_1-3/thermodynamic_properties/tridymite_beta_pbe_d3bj.csv
1154,0,-8.236538278608698,reference,DaRUS-4999/direct_upsampling_data_rungs_1-3/thermodynamic_properties/tridymite_beta_pbe_d3bj.csv
1155,0,-8.236992558548526,reference,DaRUS-4999/direct_upsampling_data_rungs_1-3/thermodynamic_properties/tridymite_beta_pbe_d3bj.csv
1156,0,-8.237447057272689,reference,DaRUS-4999/direct_upsampling_data_rungs_1-3/thermodynamic_properties/tridymite_beta_pbe_d3bj.csv
1157,0,-8.237901774609135,reference,DaRUS-4999/direct_upsampling_data_rungs_1-3/thermodynamic_properties/tridymite_beta_pbe_d3bj.csv
1158,0,-8.238356710386064,reference,DaRUS-4999/direct_upsampling_data_rungs_1-3/thermodynamic_properties/tridymite_beta_pbe_d3bj.csv
1159,0,-8.238811864431948,reference,DaRUS-4999/direct_upsampling_data_rungs_1-3/thermodynamic_properties/tridymite_beta_pbe_d3bj.csv
1160,0,-8.239267236575513,reference,DaRUS-4999/direct_upsampling_data_rungs_1-3/thermodynamic_properties/tridymite_beta_pbe_d3bj.csv
1161,0,-8.239722826645748,reference,DaRUS-4999/direct_upsampling_data_rungs_1-3/thermodynamic_properties/tridymite_beta_pbe_d3bj.csv
1162,0,-8.240178634471905,reference,DaRUS-4999/direct_upsampling_data_rungs_1-3/thermodynamic_properties/tridymite_beta_pbe_d3bj.csv
1163,0,-8.240634659883494,reference,DaRUS-4999/direct_upsampling_data_rungs_1-3/thermodynamic_properties/tridymite_beta_pbe_d3bj.csv
1164,0,-8.24109090271028,reference,DaRUS-4999/direct_upsampling_data_rungs_1-3/thermodynamic_properties/tridymite_beta_pbe_d3bj.csv
1165,0,-8.241547362782294,reference,DaRUS-4999/direct_upsampling_data_rungs_1-3/thermodynamic_properties/tridymite_beta_pbe_d3bj.csv
1166,0,-8.242004039929821,reference,DaRUS-4999/direct_upsampling_data_rungs_1-3/thermodynamic_properties/tridymite_beta_pbe_d3bj.csv
1167,0,-8.242460933983404,reference,DaRUS-4999/direct_upsampling_data_rungs_1-3/thermodynamic_properties/tridymite_beta_pbe_d3bj.csv
1168,0,-8.242918044773848,reference,DaRUS-4999/direct_upsampling_data_rungs_1-3/thermodynamic_properties/tridymite_beta_pbe_d3bj.csv
1169,0,-8.243375372132201,reference,DaRUS-4999/direct_upsampling_data_rungs_1-3/thermodynamic_properties/tridymite_beta_pbe_d3bj.csv
1170,0,-8.243832915889783,reference,DaRUS-4999/direct_upsampling_data_rungs_1-3/thermodynamic_properties/tridymite_beta_pbe_d3bj.csv
1171,0,-8.24429067587816,reference,DaRUS-4999/direct_upsampling_data_rungs_1-3/thermodynamic_properties/tridymite_beta_pbe_d3bj.csv
1172,0,-8.244748651929156,reference,DaRUS-4999/direct_upsampling_data_rungs_1-3/thermodynamic_properties/tridymite_beta_pbe_d3bj.csv
1173,0,-8.245206843874845,reference,DaRUS-4999/direct_upsampling_data_rungs_1-3/thermodynamic_properties/tridymite_beta_pbe_d3bj.csv
1174,0,-8.245665251547562,reference,DaRUS-4999/direct_upsampling_data_rungs_1-3/thermodynamic_properties/tridymite_beta_pbe_d3bj.csv
1175,0,-8.246123874779887,reference,DaRUS-4999/direct_upsampling_data_rungs_1-3/thermodynamic_properties/tridymite_beta_pbe_d3bj.csv
1176,0,-8.24658271340466,reference,DaRUS-4999/direct_upsampling_data_rungs_1-3/thermodynamic_properties/tridymite_beta_pbe_d3bj.csv
1177,0,-8.247041767254968,reference,DaRUS-4999/direct_upsampling_data_rungs_1-3/thermodynamic_properties/tridymite_beta_pbe_d3bj.csv
1178,0,-8.247501036164151,reference,DaRUS-4999/direct_upsampling_data_rungs_1-3/thermodynamic_properties/tridymite_beta_pbe_d3bj.csv
1179,0,-8.247960519965803,reference,DaRUS-4999/direct_upsampling_data_rungs_1-3/thermodynamic_properties/tridymite_beta_pbe_d3bj.csv
1180,0,-8.248420218493759,reference,DaRUS-4999/direct_upsampling_data_rungs_1-3/thermodynamic_properties/tridymite_beta_pbe_d3bj.csv
1181,0,-8.248880131582119,reference,DaRUS-4999/direct_upsampling_data_rungs_1-3/thermodynamic_properties/tridymite_beta_pbe_d3bj.csv
1182,0,-8.249340259065219,reference,DaRUS-4999/direct_upsampling_data_rungs_1-3/thermodynamic_properties/tridymite_beta_pbe_d3bj.csv
1183,0,-8.24980060077765,reference,DaRUS-4999/direct_upsampling_data_rungs_1-3/thermodynamic_properties/tridymite_beta_pbe_d3bj.csv
1184,0,-8.250261156554249,reference,DaRUS-4999/direct_upsampling_data_rungs_1-3/thermodynamic_properties/tridymite_beta_pbe_d3bj.csv
1185,0,-8.250721926230105,reference,DaRUS-4999/direct_upsampling_data_rungs_1-3/thermodynamic_properties/tridymite_beta_pbe_d3bj.csv
1186,0,-8.251182909640546,reference,DaRUS-4999/direct_upsampling_data_rungs_1-3/thermodynamic_properties/tridymite_beta_pbe_d3bj.csv
1187,0,-8.251644106621157,reference,DaRUS-4999/direct_upsampling_data_rungs_1-3/thermodynamic_properties/tridymite_beta_pbe_d3bj.csv
1188,0,-8.25210551700776,reference,DaRUS-4999/direct_upsampling_data_rungs_1-3/thermodynamic_properties/tridymite_beta_pbe_d3bj.csv
1189,0,-8.252567140636431,reference,DaRUS-4999/direct_upsampling_data_rungs_1-3/thermodynamic_properties/tridymite_beta_pbe_d3bj.csv
1190,0,-8.253028977343481,reference,DaRUS-4999/direct_upsampling_data_rungs_1-3/thermodynamic_properties/tridymite_beta_pbe_d3bj.csv
1191,0,-8.253491026965476,reference,DaRUS-4999/direct_upsampling_data_rungs_1-3/thermodynamic_properties/tridymite_beta_pbe_d3bj.csv
1192,0,-8.25395328933922,reference,DaRUS-4999/direct_upsampling_data_rungs_1-3/thermodynamic_properties/tridymite_beta_pbe_d3bj.csv
1193,0,-8.254415764301763,reference,DaRUS-4999/direct_upsampling_data_rungs_1-3/thermodynamic_properties/tridymite_beta_pbe_d3bj.csv
1194,0,-8.254878451690395,reference,DaRUS-4999/direct_upsampling_data_rungs_1-3/thermodynamic_properties/tridymite_beta_pbe_d3bj.csv
1195,0,-8.255341351342652,reference,DaRUS-4999/direct_upsampling_data_rungs_1-3/thermodynamic_properties/tridymite_beta_pbe_d3bj.csv
1196,0,-8.255804463096313,reference,DaRUS-4999/direct_upsampling_data_rungs_1-3/thermodynamic_properties/tridymite_beta_pbe_d3bj.csv
1197,0,-8.256267786789392,reference,DaRUS-4999/direct_upsampling_data_rungs_1-3/thermodynamic_properties/tridymite_beta_pbe_d3bj.csv
1198,0,-8.256731322260149,reference,DaRUS-4999/direct_upsampling_data_rungs_1-3/thermodynamic_properties/tridymite_beta_pbe_d3bj.csv
1199,0,-8.257195069347086,reference,DaRUS-4999/direct_upsampling_data_rungs_1-3/thermodynamic_properties/tridymite_beta_pbe_d3bj.csv
1200,0,-8.257659027888943,reference,DaRUS-4999/direct_upsampling_data_rungs_1-3/thermodynamic_properties/tridymite_beta_pbe_d3bj.csv
1201,0,-8.258123197724693,reference,DaRUS-4999/direct_upsampling_data_rungs_1-3/thermodynamic_properties/tridymite_beta_pbe_d3bj.csv
1202,0,-8.258587578693561,reference,DaRUS-4999/direct_upsampling_data_rungs_1-3/thermodynamic_properties/tridymite_beta_pbe_d3bj.csv
1203,0,-8.259052170634998,reference,DaRUS-4999/direct_upsampling_data_rungs_1-3/thermodynamic_properties/tridymite_beta_pbe_d3bj.csv
1204,0,-8.259516973388704,reference,DaRUS-4999/direct_upsampling_data_rungs_1-3/thermodynamic_properties/tridymite_beta_pbe_d3bj.csv
1205,0,-8.259981986794607,reference,DaRUS-4999/direct_upsampling_data_rungs_1-3/thermodynamic_properties/tridymite_beta_pbe_d3bj.csv
1206,0,-8.260447210692877,reference,DaRUS-4999/direct_upsampling_data_rungs_1-3/thermodynamic_properties/tridymite_beta_pbe_d3bj.csv
1207,0,-8.260912644923916,reference,DaRUS-4999/direct_upsampling_data_rungs_1-3/thermodynamic_properties/tridymite_beta_pbe_d3bj.csv
1208,0,-8.26137828932837,reference,DaRUS-4999/direct_upsampling_data_rungs_1-3/thermodynamic_properties/tridymite_beta_pbe_d3bj.csv
1209,0,-8.261844143747112,reference,DaRUS-4999/direct_upsampling_data_rungs_1-3/thermodynamic_properties/tridymite_beta_pbe_d3bj.csv
1210,0,-8.262310208021256,reference,DaRUS-4999/direct_upsampling_data_rungs_1-3/thermodynamic_properties/tridymite_beta_pbe_d3bj.csv
1211,0,-8.262776481992146,reference,DaRUS-4999/direct_upsampling_data_rungs_1-3/thermodynamic_properties/tridymite_beta_pbe_d3bj.csv
1212,0,-8.263242965501362,reference,DaRUS-4999/direct_upsampling_data_rungs_1-3/thermodynamic_properties/tridymite_beta_pbe_d3bj.csv
1213,0,-8.263709658390717,reference,DaRUS-4999/direct_upsampling_data_rungs_1-3/thermodynamic_properties/tridymite_beta_pbe_d3bj.csv
1214,0,-8.264176560502259,reference,DaRUS-4999/direct_upsampling_data_rungs_1-3/thermodynamic_properties/tridymite_beta_pbe_d3bj.csv
1215,0,-8.264643671678265,reference,DaRUS-4999/direct_upsampling_data_rungs_1-3/thermodynamic_properties/tridymite_beta_pbe_d3bj.csv
1216,0,-8.265110991761244,reference,DaRUS-4999/direct_upsampling_data_rungs_1-3/thermodynamic_properties/tridymite_beta_pbe_d3bj.csv
1217,0,-8.265578520593943,reference,DaRUS-4999/direct_upsampling_data_rungs_1-3/thermodynamic_properties/tridymite_beta_pbe_d3bj.csv
1218,0,-8.26604625801933,reference,DaRUS-4999/direct_upsampling_data_rungs_1-3/thermodynamic_properties/tridymite_beta_pbe_d3bj.csv
1219,0,-8.266514203880613,reference,DaRUS-4999/direct_upsampling_data_rungs_1-3/thermodynamic_properties/tridymite_beta_pbe_d3bj.csv
1220,0,-8.26698235802122,reference,DaRUS-4999/direct_upsampling_data_rungs_1-3/thermodynamic_properties/tridymite_beta_pbe_d3bj.csv
1221,0,-8.26745072028482,reference,DaRUS-4999/direct_upsampling_data_rungs_1-3/thermodynamic_properties/tridymite_beta_pbe_d3bj.csv
1222,0,-8.267919290515303,reference,DaRUS-4999/direct_upsampling_data_rungs_1-3/thermodynamic_properties/tridymite_beta_pbe_d3bj.csv
1223,0,-8.268388068556789,reference,DaRUS-4999/direct_upsampling_data_rungs_1-3/thermodynamic_properties/tridymite_beta_pbe_d3bj.csv
1224,0,-8.268857054253626,reference,DaRUS-4999/direct_upsampling_data_rungs_1-3/thermodynamic_properties/tridymite_beta_pbe_d3bj.csv
1225,0,-8.269326247450392,reference,DaRUS-4999/direct_upsampling_data_rungs_1-3/thermodynamic_properties/tridymite_beta_pbe_d3bj.csv
1226,0,-8.269795647991893,reference,DaRUS-4999/direct_upsampling_data_rungs_1-3/thermodynamic_properties/tridymite_beta_pbe_d3bj.csv
1227,0,-8.270265255723157,reference,DaRUS-4999/direct_upsampling_data_rungs_1-3/thermodynamic_properties/tridymite_beta_pbe_d3bj.csv
1228,0,-8.27073507048944,reference,DaRUS-4999/direct_upsampling_data_rungs_1-3/thermodynamic_properties/tridymite_beta_pbe_d3bj.csv
1229,0,-8.271205092136226,reference,DaRUS-4999/direct_upsampling_data_rungs_1-3/thermodynamic_properties/tridymite_beta_pbe_d3bj.csv
1230,0,-8.271675320509221,reference,DaRUS-4999/direct_upsampling_data_rungs_1-3/thermodynamic_properties/tridymite_beta_pbe_d3bj.csv
1231,0,-8.272145755454359,reference,DaRUS-4999/direct_upsampling_data_rungs_1-3/thermodynamic_properties/tridymite_beta_pbe_d3bj.csv
1232,0,-8.272616396817792,reference,DaRUS-4999/direct_upsampling_data_rungs_1-3/thermodynamic_properties/tridymite_beta_pbe_d3bj.csv
1233,0,-8.273087244445906,reference,DaRUS-4999/direct_upsampling_data_rungs_1-3/thermodynamic_properties/tridymite_beta_pbe_d3bj.csv
1234,0,-8.273558298185302,reference,DaRUS-4999/direct_upsampling_data_rungs_1-3/thermodynamic_properties/tridymite_beta_pbe_d3bj.csv
1235,0,-8.274029557882809,reference,DaRUS-4999/direct_upsampling_data_rungs_1-3/thermodynamic_properties/tridymite_beta_pbe_d3bj.csv
1236,0,-8.274501023385472,reference,DaRUS-4999/direct_upsampling_data_rungs_1-3/thermodynamic_properties/tridymite_beta_pbe_d3bj.csv
1237,0,-8.274972694540567,reference,DaRUS-4999/direct_upsampling_data_rungs_1-3/thermodynamic_properties/tridymite_beta_pbe_d3bj.csv
1238,0,-8.275444571195584,reference,DaRUS-4999/direct_upsampling_data_rungs_1-3/thermodynamic_properties/tridymite_beta_pbe_d3bj.csv
1239,0,-8.275916653198237,reference,DaRUS-4999/direct_upsampling_data_rungs_1-3/thermodynamic_properties/tridymite_beta_pbe_d3bj.csv
1240,0,-8.276388940396462,reference,DaRUS-4999/direct_upsampling_data_rungs_1-3/thermodynamic_properties/tridymite_beta_pbe_d3bj.csv
1241,0,-8.276861432638412,reference,DaRUS-4999/direct_upsampling_data_rungs_1-3/thermodynamic_properties/tridymite_beta_pbe_d3bj.csv
1242,0,-8.277334129772461,reference,DaRUS-4999/direct_upsampling_data_rungs_1-3/thermodynamic_properties/tridymite_beta_pbe_d3bj.csv
1243,0,-8.277807031647201,reference,DaRUS-4999/direct_upsampling_data_rungs_1-3/thermodynamic_properties/tridymite_beta_pbe_d3bj.csv
1244,0,-8.278280138111446,reference,DaRUS-4999/direct_upsampling_data_rungs_1-3/thermodynamic_properties/tridymite_beta_pbe_d3bj.csv
1245,0,-8.27875344901423,reference,DaRUS-4999/direct_upsampling_data_rungs_1-3/thermodynamic_properties/tridymite_beta_pbe_d3bj.csv
1246,0,-8.279226964204796,reference,DaRUS-4999/direct_upsampling_data_rungs_1-3/thermodynamic_properties/tridymite_beta_pbe_d3bj.csv
1247,0,-8.279700683532612,reference,DaRUS-4999/direct_upsampling_data_rungs_1-3/thermodynamic_properties/tridymite_beta_pbe_d3bj.csv
1248,0,-8.280174606847361,reference,DaRUS-4999/direct_upsampling_data_rungs_1-3/thermodynamic_properties/tridymite_beta_pbe_d3bj.csv
1249,0,-8.280648733998939,reference,DaRUS-4999/direct_upsampling_data_rungs_1-3/thermodynamic_properties/tridymite_beta_pbe_d3bj.csv
1250,0,-8.281123064837468,reference,DaRUS-4999/direct_upsampling_data_rungs_1-3/thermodynamic_properties/tridymite_beta_pbe_d3bj.csv
1251,0,-8.281597599213272,reference,DaRUS-4999/direct_upsampling_data_rungs_1-3/thermodynamic_properties/tridymite_beta_pbe_d3bj.csv
1252,0,-8.282072336976904,reference,DaRUS-4999/direct_upsampling_data_rungs_1-3/thermodynamic_properties/tridymite_beta_pbe_d3bj.csv
1253,0,-8.282547277979116,reference,DaRUS-4999/direct_upsampling_data_rungs_1-3/thermodynamic_properties/tridymite_beta_pbe_d3bj.csv
1254,0,-8.283022422070893,reference,DaRUS-4999/direct_upsampling_data_rungs_1-3/thermodynamic_properties/tridymite_beta_pbe_d3bj.csv
1255,0,-8.28349776910342,reference,DaRUS-4999/direct_upsampling_data_rungs_1-3/thermodynamic_properties/tridymite_beta_pbe_d3bj.csv
1256,0,-8.283973318928096,reference,DaRUS-4999/direct_upsampling_data_rungs_1-3/thermodynamic_properties/tridymite_beta_pbe_d3bj.csv
1257,0,-8.284449071396541,reference,DaRUS-4999/direct_upsampling_data_rungs_1-3/thermodynamic_properties/tridymite_beta_pbe_d3bj.csv
1258,0,-8.284925026360579,reference,DaRUS-4999/direct_upsampling_data_rungs_1-3/thermodynamic_properties/tridymite_beta_pbe_d3bj.csv
1259,0,-8.285401183672255,reference,DaRUS-4999/direct_upsampling_data_rungs_1-3/thermodynamic_properties/tridymite_beta_pbe_d3bj.csv
1260,0,-8.285877543183817,reference,DaRUS-4999/direct_upsampling_data_rungs_1-3/thermodynamic_properties/tridymite_beta_pbe_d3bj.csv
1261,0,-8.286354104747728,reference,DaRUS-4999/direct_upsampling_data_rungs_1-3/thermodynamic_properties/tridymite_beta_pbe_d3bj.csv
1262,0,-8.286830868216665,reference,DaRUS-4999/direct_upsampling_data_rungs_1-3/thermodynamic_properties/tridymite_beta_pbe_d3bj.csv
1263,0,-8.287307833443506,reference,DaRUS-4999/direct_upsampling_data_rungs_1-3/thermodynamic_properties/tridymite_beta_pbe_d3bj.csv
1264,0,-8.287785000281353,reference,DaRUS-4999/direct_upsampling_data_rungs_1-3/thermodynamic_properties/tridymite_beta_pbe_d3bj.csv
1265,0,-8.288262368583506,reference,DaRUS-4999/direct_upsampling_data_rungs_1-3/thermodynamic_properties/tridymite_beta_pbe_d3bj.csv
1266,0,-8.288739938203474,reference,DaRUS-4999/direct_upsampling_data_rungs_1-3/thermodynamic_properties/tridymite_beta_pbe_d3bj.csv
1267,0,-8.289217708994983,reference,DaRUS-4999/direct_upsampling_data_rungs_1-3/thermodynamic_properties/tridymite_beta_pbe_d3bj.csv
1268,0,-8.289695680811958,reference,DaRUS-4999/direct_upsampling_data_rungs_1-3/thermodynamic_properties/tridymite_beta_pbe_d3bj.csv
1269,0,-8.290173853508538,reference,DaRUS-4999/direct_upsampling_data_rungs_1-3/thermodynamic_properties/tridymite_beta_pbe_d3bj.csv
1270,0,-8.290652226939072,reference,DaRUS-4999/direct_upsampling_data_rungs_1-3/thermodynamic_properties/tridymite_beta_pbe_d3bj.csv
1271,0,-8.291130800958106,reference,DaRUS-4999/direct_upsampling_data_rungs_1-3/thermodynamic_properties/tridymite_beta_pbe_d3bj.csv
1272,0,-8.2916095754204,reference,DaRUS-4999/direct_upsampling_data_rungs_1-3/thermodynamic_properties/tridymite_beta_pbe_d3bj.csv
1273,0,-8.292088550180919,reference,DaRUS-4999/direct_upsampling_data_rungs_1-3/thermodynamic_properties/tridymite_beta_pbe_d3bj.csv
1274,0,-8.29256772509483,reference,DaRUS-4999/direct_upsampling_data_rungs_1-3/thermodynamic_properties/tridymite_beta_pbe_d3bj.csv
1275,0,-8.293047100017512,reference,DaRUS-4999/direct_upsampling_data_rungs_1-3/thermodynamic_properties/tridymite_beta_pbe_d3bj.csv
1276,0,-8.293526674804539,reference,DaRUS-4999/direct_upsampling_data_rungs_1-3/thermodynamic_properties/tridymite_beta_pbe_d3bj.csv
1277,0,-8.294006449311699,reference,DaRUS-4999/direct_upsampling_data_rungs_1-3/thermodynamic_properties/tridymite_beta_pbe_d3bj.csv
1278,0,-8.294486423394984,reference,DaRUS-4999/direct_upsampling_data_rungs_1-3/thermodynamic_properties/tridymite_beta_pbe_d3bj.csv
1279,0,-8.294966596910578,reference,DaRUS-4999/direct_upsampling_data_rungs_1-3/thermodynamic_properties/tridymite_beta_pbe_d3bj.csv
1280,0,-8.295446969714881,reference,DaRUS-4999/direct_upsampling_data_rungs_1-3/thermodynamic_properties/tridymite_beta_pbe_d3bj.csv
1281,0,-8.29592754166449,reference,DaRUS-4999/direct_upsampling_data_rungs_1-3/thermodynamic_properties/tridymite_beta_pbe_d3bj.csv
1282,0,-8.296408312616206,reference,DaRUS-4999/direct_upsampling_data_rungs_1-3/thermodynamic_properties/tridymite_beta_pbe_d3bj.csv
1283,0,-8.296889282427031,reference,DaRUS-4999/direct_upsampling_data_rungs_1-3/thermodynamic_properties/tridymite_beta_pbe_d3bj.csv
1284,0,-8.297370450954165,reference,DaRUS-4999/direct_upsampling_data_rungs_1-3/thermodynamic_properties/tridymite_beta_pbe_d3bj.csv
1285,0,-8.297851818055015,reference,DaRUS-4999/direct_upsampling_data_rungs_1-3/thermodynamic_properties/tridymite_beta_pbe_d3bj.csv
1286,0,-8.298333383587186,reference,DaRUS-4999/direct_upsampling_data_rungs_1-3/thermodynamic_properties/tridymite_beta_pbe_d3bj.csv
1287,0,-8.298815147408488,reference,DaRUS-4999/direct_upsampling_data_rungs_1-3/thermodynamic_properties/tridymite_beta_pbe_d3bj.csv
1288,0,-8.299297109376921,reference,DaRUS-4999/direct_upsampling_data_rungs_1-3/thermodynamic_properties/tridymite_beta_pbe_d3bj.csv
1289,0,-8.299779269350692,reference,DaRUS-4999/direct_upsampling_data_rungs_1-3/thermodynamic_properties/tridymite_beta_pbe_d3bj.csv
1290,0,-8.300261627188204,reference,DaRUS-4999/direct_upsampling_data_rungs_1-3/thermodynamic_properties/tridymite_beta_pbe_d3bj.csv
1291,0,-8.300744182748062,reference,DaRUS-4999/direct_upsampling_data_rungs_1-3/thermodynamic_properties/tridymite_beta_pbe_d3bj.csv
1292,0,-8.301226935889066,reference,DaRUS-4999/direct_upsampling_data_rungs_1-3/thermodynamic_properties/tridymite_beta_pbe_d3bj.csv
1293,0,-8.301709886470215,reference,DaRUS-4999/direct_upsampling_data_rungs_1-3/thermodynamic_properties/tridymite_beta_pbe_d3bj.csv
1294,0,-8.302193034350704,reference,DaRUS-4999/direct_upsampling_data_rungs_1-3/thermodynamic_properties/tridymite_beta_pbe_d3bj.csv
1295,0,-8.302676379389931,reference,DaRUS-4999/direct_upsampling_data_rungs_1-3/thermodynamic_properties/tridymite_beta_pbe_d3bj.csv
1296,0,-8.303159921447483,reference,DaRUS-4999/direct_upsampling_data_rungs_1-3/thermodynamic_properties/tridymite_beta_pbe_d3bj.csv
1297,0,-8.303643660383148,reference,DaRUS-4999/direct_upsampling_data_rungs_1-3/thermodynamic_properties/tridymite_beta_pbe_d3bj.csv
1298,0,-8.304127596056905,reference,DaRUS-4999/direct_upsampling_data_rungs_1-3/thermodynamic_properties/tridymite_beta_pbe_d3bj.csv
1299,0,-8.304611728328938,reference,DaRUS-4999/direct_upsampling_data_rungs_1-3/thermodynamic_properties/tridymite_beta_pbe_d3bj.csv
1300,0,-8.305096057059613,reference,DaRUS-4999/direct_upsampling_data_rungs_1-3/thermodynamic_properties/tridymite_beta_pbe_d3bj.csv
1301,0,-8.305580582109505,reference,DaRUS-4999/direct_upsampling_data_rungs_1-3/thermodynamic_properties/tridymite_beta_pbe_d3bj.csv
1302,0,-8.306065303339372,reference,DaRUS-4999/direct_upsampling_data_rungs_1-3/thermodynamic_properties/tridymite_beta_pbe_d3bj.csv
1303,0,-8.30655022061017,reference,DaRUS-4999/direct_upsampling_data_rungs_1-3/thermodynamic_properties/tridymite_beta_pbe_d3bj.csv
1304,0,-8.307035333783048,reference,DaRUS-4999/direct_upsampling_data_rungs_1-3/thermodynamic_properties/tridymite_beta_pbe_d3bj.csv
1305,0,-8.307520642719348,reference,DaRUS-4999/direct_upsampling_data_rungs_1-3/thermodynamic_properties/tridymite_beta_pbe_d3bj.csv
1306,0,-8.308006147280613,reference,DaRUS-4999/direct_upsampling_data_rungs_1-3/thermodynamic_properties/tridymite_beta_pbe_d3bj.csv
1307,0,-8.308491847328565,reference,DaRUS-4999/direct_upsampling_data_rungs_1-3/thermodynamic_properties/tridymite_beta_pbe_d3bj.csv
1308,0,-8.308977742725121,reference,DaRUS-4999/direct_upsampling_data_rungs_1-3/thermodynamic_properties/tridymite_beta_pbe_d3bj.csv
1309,0,-8.309463833332396,reference,DaRUS-4999/direct_upsampling_data_rungs_1-3/thermodynamic_properties/tridymite_beta_pbe_d3bj.csv
1310,0,-8.309950119012697,reference,DaRUS-4999/direct_upsampling_data_rungs_1-3/thermodynamic_properties/tridymite_beta_pbe_d3bj.csv
1311,0,-8.310436599628511,reference,DaRUS-4999/direct_upsampling_data_rungs_1-3/thermodynamic_properties/tridymite_beta_pbe_d3bj.csv
1312,0,-8.310923275042525,reference,DaRUS-4999/direct_upsampling_data_rungs_1-3/thermodynamic_properties/tridymite_beta_pbe_d3bj.csv
1313,0,-8.311410145117611,reference,DaRUS-4999/direct_upsampling_data_rungs_1-3/thermodynamic_properties/tridymite_beta_pbe_d3bj.csv
1314,0,-8.311897209716834,reference,DaRUS-4999/direct_upsampling_data_rungs_1-3/thermodynamic_properties/tridymite_beta_pbe_d3bj.csv
1315,0,-8.312384468703449,reference,DaRUS-4999/direct_upsampling_data_rungs_1-3/thermodynamic_properties/tridymite_beta_pbe_d3bj.csv
1316,0,-8.312871921940896,reference,DaRUS-4999/direct_upsampling_data_rungs_1-3/thermodynamic_properties/tridymite_beta_pbe_d3bj.csv
1317,0,-8.313359569292809,reference,DaRUS-4999/direct_upsampling_data_rungs_1-3/thermodynamic_properties/tridymite_beta_pbe_d3bj.csv
1318,0,-8.313847410623001,reference,DaRUS-4999/direct_upsampling_data_rungs_1-3/thermodynamic_properties/tridymite_beta_pbe_d3bj.csv
1319,0,-8.314335445795484,reference,DaRUS-4999/direct_upsampling_data_rungs_1-3/thermodynamic_properties/tridymite_beta_pbe_d3bj.csv
1320,0,-8.31482367467445,reference,DaRUS-4999/direct_upsampling_data_rungs_1-3/thermodynamic_properties/tridymite_beta_pbe_d3bj.csv
1321,0,-8.315312097124279,reference,DaRUS-4999/direct_upsampling_data_rungs_1-3/thermodynamic_properties/tridymite_beta_pbe_d3bj.csv
1322,0,-8.315800713009542,reference,DaRUS-4999/direct_upsampling_data_rungs_1-3/thermodynamic_properties/tridymite_beta_pbe_d3bj.csv
1323,0,-8.316289522194991,reference,DaRUS-4999/direct_upsampling_data_rungs_1-3/thermodynamic_properties/tridymite_beta_pbe_d3bj.csv
1324,0,-8.316778524545569,reference,DaRUS-4999/direct_upsampling_data_rungs_1-3/thermodynamic_properties/tridymite_beta_pbe_d3bj.csv
1325,0,-8.317267719926399,reference,DaRUS-4999/direct_upsampling_data_rungs_1-3/thermodynamic_properties/tridymite_beta_pbe_d3bj.csv
1326,0,-8.317757108202789,reference,DaRUS-4999/direct_upsampling_data_rungs_1-3/thermodynamic_properties/tridymite_beta_pbe_d3bj.csv
1327,0,-8.318246689240246,reference,DaRUS-4999/direct_upsampling_data_rungs_1-3/thermodynamic_properties/tridymite_beta_pbe_d3bj.csv
1328,0,-8.31873646290444,reference,DaRUS-4999/direct_upsampling_data_rungs_1-3/thermodynamic_properties/tridymite_beta_pbe_d3bj.csv
1329,0,-8.319226429061237,reference,DaRUS-4999/direct_upsampling_data_rungs_1-3/thermodynamic_properties/tridymite_beta_pbe_d3bj.csv
1330,0,-8.319716587576689,reference,DaRUS-4999/direct_upsampling_data_rungs_1-3/thermodynamic_properties/tridymite_beta_pbe_d3bj.csv
1331,0,-8.320206938317027,reference,DaRUS-4999/direct_upsampling_data_rungs_1-3/thermodynamic_properties/tridymite_beta_pbe_d3bj.csv
1332,0,-8.320697481148663,reference,DaRUS-4999/direct_upsampling_data_rungs_1-3/thermodynamic_properties/tridymite_beta_pbe_d3bj.csv
1333,0,-8.321188215938198,reference,DaRUS-4999/direct_upsampling_data_rungs_1-3/thermodynamic_properties/tridymite_beta_pbe_d3bj.csv
1334,0,-8.321679142552409,reference,DaRUS-4999/direct_upsampling_data_rungs_1-3/thermodynamic_properties/tridymite_beta_pbe_d3bj.csv
1335,0,-8.322170260858259,reference,DaRUS-4999/direct_upsampling_data_rungs_1-3/thermodynamic_properties/tridymite_beta_pbe_d3bj.csv
1336,0,-8.322661570722889,reference,DaRUS-4999/direct_upsampling_data_rungs_1-3/thermodynamic_properties/tridymite_beta_pbe_d3bj.csv
1337,0,-8.323153072013628,reference,DaRUS-4999/direct_upsampling_data_rungs_1-3/thermodynamic_properties/tridymite_beta_pbe_d3bj.csv
1338,0,-8.323644764597976,reference,DaRUS-4999/direct_upsampling_data_rungs_1-3/thermodynamic_properties/tridymite_beta_pbe_d3bj.csv
1339,0,-8.324136648343625,reference,DaRUS-4999/direct_upsampling_data_rungs_1-3/thermodynamic_properties/tridymite_beta_pbe_d3bj.csv
1340,0,-8.324628723118439,reference,DaRUS-4999/direct_upsampling_data_rungs_1-3/thermodynamic_properties/tridymite_beta_pbe_d3bj.csv
1341,0,-8.325120988790459,reference,DaRUS-4999/direct_upsampling_data_rungs_1-3/thermodynamic_properties/tridymite_beta_pbe_d3bj.csv
1342,0,-8.325613445227916,reference,DaRUS-4999/direct_upsampling_data_rungs_1-3/thermodynamic_properties/tridymite_beta_pbe_d3bj.csv
1343,0,-8.326106092299213,reference,DaRUS-4999/direct_upsampling_data_rungs_1-3/thermodynamic_properties/tridymite_beta_pbe_d3bj.csv
1344,0,-8.326598929872935,reference,DaRUS-4999/direct_upsampling_data_rungs_1-3/thermodynamic_properties/tridymite_beta_pbe_d3bj.csv
1345,0,-8.327091957817837,reference,DaRUS-4999/direct_upsampling_data_rungs_1-3/thermodynamic_properties/tridymite_beta_pbe_d3bj.csv
1346,0,-8.327585176002867,reference,DaRUS-4999/direct_upsampling_data_rungs_1-3/thermodynamic_properties/tridymite_beta_pbe_d3bj.csv
1347,0,-8.328078584297138,reference,DaRUS-4999/direct_upsampling_data_rungs_1-3/thermodynamic_properties/tridymite_beta_pbe_d3bj.csv
1348,0,-8.328572182569944,reference,DaRUS-4999/direct_upsampling_data_rungs_1-3/thermodynamic_properties/tridymite_beta_pbe_d3bj.csv
1349,0,-8.32906597069076,reference,DaRUS-4999/direct_upsampling_data_rungs_1-3/thermodynamic_properties/tridymite_beta_pbe_d3bj.csv
1350,0,-8.329559948529232,reference,DaRUS-4999/direct_upsampling_data_rungs_1-3/thermodynamic_properties/tridymite_beta_pbe_d3bj.csv
1351,0,-8.330054115955184,reference,DaRUS-4999/direct_upsampling_data_rungs_1-3/thermodynamic_properties/tridymite_beta_pbe_d3bj.csv
1352,0,-8.330548472838622,reference,DaRUS-4999/direct_upsampling_data_rungs_1-3/thermodynamic_properties/tridymite_beta_pbe_d3bj.csv
1353,0,-8.331043019049716,reference,DaRUS-4999/direct_upsampling_data_rungs_1-3/thermodynamic_properties/tridymite_beta_pbe_d3bj.csv
1354,0,-8.331537754458822,reference,DaRUS-4999/direct_upsampling_data_rungs_1-3/thermodynamic_properties/tridymite_beta_pbe_d3bj.csv
1355,0,-8.332032678936462,reference,DaRUS-4999/direct_upsampling_data_rungs_1-3/thermodynamic_properties/tridymite_beta_pbe_d3bj.csv
1356,0,-8.332527792353345,reference,DaRUS-4999/direct_upsampling_data_rungs_1-3/thermodynamic_properties/tridymite_beta_pbe_d3bj.csv
1357,0,-8.333023094580339,reference,DaRUS-4999/direct_upsampling_data_rungs_1-3/thermodynamic_properties/tridymite_beta_pbe_d3bj.csv
1358,0,-8.333518585488495,reference,DaRUS-4999/direct_upsampling_data_rungs_1-3/thermodynamic_properties/tridymite_beta_pbe_d3bj.csv
1359,0,-8.334014264949039,reference,DaRUS-4999/direct_upsampling_data_rungs_1-3/thermodynamic_properties/tridymite_beta_pbe_d3bj.csv
1360,0,-8.334510132833366,reference,DaRUS-4999/direct_upsampling_data_rungs_1-3/thermodynamic_properties/tridymite_beta_pbe_d3bj.csv
1361,0,-8.335006189013043,reference,DaRUS-4999/direct_upsampling_data_rungs_1-3/thermodynamic_properties/tridymite_beta_pbe_d3bj.csv
1362,0,-8.335502433359814,reference,DaRUS-4999/direct_upsampling_data_rungs_1-3/thermodynamic_properties/tridymite_beta_pbe_d3bj.csv
1363,0,-8.335998865745589,reference,DaRUS-4999/direct_upsampling_data_rungs_1-3/thermodynamic_properties/tridymite_beta_pbe_d3bj.csv
1364,0,-8.336495486042459,reference,DaRUS-4999/direct_upsampling_data_rungs_1-3/thermodynamic_properties/tridymite_beta_pbe_d3bj.csv
1365,0,-8.336992294122679,reference,DaRUS-4999/direct_upsampling_data_rungs_1-3/thermodynamic_properties/tridymite_beta_pbe_d3bj.csv
1366,0,-8.337489289858679,reference,DaRUS-4999/direct_upsampling_data_rungs_1-3/thermodynamic_properties/tridymite_beta_pbe_d3bj.csv
1367,0,-8.337986473123056,reference,DaRUS-4999/direct_upsampling_data_rungs_1-3/thermodynamic_properties/tridymite_beta_pbe_d3bj.csv
1368,0,-8.338483843788582,reference,DaRUS-4999/direct_upsampling_data_rungs_1-3/thermodynamic_properties/tridymite_beta_pbe_d3bj.csv
1369,0,-8.338981401728198,reference,DaRUS-4999/direct_upsampling_data_rungs_1-3/thermodynamic_properties/tridymite_beta_pbe_d3bj.csv
1370,0,-8.339479146815011,reference,DaRUS-4999/direct_upsampling_data_rungs_1-3/thermodynamic_properties/tridymite_beta_pbe_d3bj.csv
1371,0,-8.339977078922303,reference,DaRUS-4999/direct_upsampling_data_rungs_1-3/thermodynamic_properties/tridymite_beta_pbe_d3bj.csv
1372,0,-8.340475197923526,reference,DaRUS-4999/direct_upsampling_data_rungs_1-3/thermodynamic_properties/tridymite_beta_pbe_d3bj.csv
1373,0,-8.340973503692291,reference,DaRUS-4999/direct_upsampling_data_rungs_1-3/thermodynamic_properties/tridymite_beta_pbe_d3bj.csv
1374,0,-8.341471996102392,reference,DaRUS-4999/direct_upsampling_data_rungs_1-3/thermodynamic_properties/tridymite_beta_pbe_d3bj.csv
1375,0,-8.341970675027779,reference,DaRUS-4999/direct_upsampling_data_rungs_1-3/thermodynamic_properties/tridymite_beta_pbe_d3bj.csv
1376,0,-8.342469540342579,reference,DaRUS-4999/direct_upsampling_data_rungs_1-3/thermodynamic_properties/tridymite_beta_pbe_d3bj.csv
1377,0,-8.342968591921078,reference,DaRUS-4999/direct_upsampling_data_rungs_1-3/thermodynamic_properties/tridymite_beta_pbe_d3bj.csv
1378,0,-8.343467829637737,reference,DaRUS-4999/direct_upsampling_data_rungs_1-3/thermodynamic_properties/tridymite_beta_pbe_d3bj.csv
1379,0,-8.343967253367177,reference,DaRUS-4999/direct_upsampling_data_rungs_1-3/thermodynamic_properties/tridymite_beta_pbe_d3bj.csv
1380,0,-8.344466862984195,reference,DaRUS-4999/direct_upsampling_data_rungs_1-3/thermodynamic_properties/tridymite_beta_pbe_d3bj.csv
1381,0,-8.344966658363745,reference,DaRUS-4999/direct_upsampling_data_rungs_1-3/thermodynamic_properties/tridymite_beta_pbe_d3bj.csv
1382,0,-8.34546663938095,reference,DaRUS-4999/direct_upsampling_data_rungs_1-3/thermodynamic_properties/tridymite_beta_pbe_d3bj.csv
1383,0,-8.345966805911102,reference,DaRUS-4999/direct_upsampling_data_rungs_1-3/thermodynamic_properties/tridymite_beta_pbe_d3bj.csv
1384,0,-8.346467157829656,reference,DaRUS-4999/direct_upsampling_data_rungs_1-3/thermodynamic_properties/tridymite_beta_pbe_d3bj.csv
1385,0,-8.346967695012232,reference,DaRUS-4999/direct_upsampling_data_rungs_1-3/thermodynamic_properties/tridymite_beta_pbe_d3bj.csv
1386,0,-8.347468417334609,reference,DaRUS-4999/direct_upsampling_data_rungs_1-3/thermodynamic_properties/tridymite_beta_pbe_d3bj.csv
1387,0,-8.347969324672743,reference,DaRUS-4999/direct_upsampling_data_rungs_1-3/thermodynamic_properties/tridymite_beta_pbe_d3bj.csv
1388,0,-8.348470416902744,reference,DaRUS-4999/direct_upsampling_data_rungs_1-3/thermodynamic_properties/tridymite_beta_pbe_d3bj.csv
1389,0,-8.348971693900893,reference,DaRUS-4999/direct_upsampling_data_rungs_1-3/thermodynamic_properties/tridymite_beta_pbe_d3bj.csv
1390,0,-8.349473155543626,reference,DaRUS-4999/direct_upsampling_data_rungs_1-3/thermodynamic_properties/tridymite_beta_pbe_d3bj.csv
1391,0,-8.349974801707546,reference,DaRUS-4999/direct_upsampling_data_rungs_1-3/thermodynamic_properties/tridymite_beta_pbe_d3bj.csv
1392,0,-8.350476632269419,reference,DaRUS-4999/direct_upsampling_data_rungs_1-3/thermodynamic_properties/tridymite_beta_pbe_d3bj.csv
1393,0,-8.350978647106183,reference,DaRUS-4999/direct_upsampling_data_rungs_1-3/thermodynamic_properties/tridymite_beta_pbe_d3bj.csv
1394,0,-8.351480846094919,reference,DaRUS-4999/direct_upsampling_data_rungs_1-3/thermodynamic_properties/tridymite_beta_pbe_d3bj.csv
1395,0,-8.351983229112884,reference,DaRUS-4999/direct_upsampling_data_rungs_1-3/thermodynamic_properties/tridymite_beta_pbe_d3bj.csv
1396,0,-8.352485796037495,reference,DaRUS-4999/direct_upsampling_data_rungs_1-3/thermodynamic_properties/tridymite_beta_pbe_d3bj.csv
1397,0,-8.352988546746323,reference,DaRUS-4999/direct_upsampling_data_rungs_1-3/thermodynamic_properties/tridymite_beta_pbe_d3bj.csv
1398,0,-8.353491481117109,reference,DaRUS-4999/direct_upsampling_data_rungs_1-3/thermodynamic_properties/tridymite_beta_pbe_d3bj.csv
1399,0,-8.353994599027754,reference,DaRUS-4999/direct_upsampling_data_rungs_1-3/thermodynamic_properties/tridymite_beta_pbe_d3bj.csv
1400,0,-8.354497900356309,reference,DaRUS-4999/direct_upsampling_data_rungs_1-3/thermodynamic_properties/tridymite_beta_pbe_d3bj.csv
1401,0,-8.355001384980998,reference,DaRUS-4999/direct_upsampling_data_rungs_1-3/thermodynamic_properties/tridymite_beta_pbe_d3bj.csv
1402,0,-8.355505052780194,reference,DaRUS-4999/direct_upsampling_data_rungs_1-3/thermodynamic_properties/tridymite_beta_pbe_d3bj.csv
1403,0,-8.356008903632441,reference,DaRUS-4999/direct_upsampling_data_rungs_1-3/thermodynamic_properties/tridymite_beta_pbe_d3bj.csv
1404,0,-8.356512937416426,reference,DaRUS-4999/direct_upsampling_data_rungs_1-3/thermodynamic_properties/tridymite_beta_pbe_d3bj.csv
1405,0,-8.357017154011016,reference,DaRUS-4999/direct_upsampling_data_rungs_1-3/thermodynamic_properties/tridymite_beta_pbe_d3bj.csv
1406,0,-8.357521553295218,reference,DaRUS-4999/direct_upsampling_data_rungs_1-3/thermodynamic_properties/tridymite_beta_pbe_d3bj.csv
1407,0,-8.358026135148208,reference,DaRUS-4999/direct_upsampling_data_rungs_1-3/thermodynamic_properties/tridymite_beta_pbe_d3bj.csv
1408,0,-8.358530899449313,reference,DaRUS-4999/direct_upsampling_data_rungs_1-3/thermodynamic_properties/tridymite_beta_pbe_d3bj.csv
1409,0,-8.359035846078026,reference,DaRUS-4999/direct_upsampling_data_rungs_1-3/thermodynamic_properties/tridymite_beta_pbe_d3bj.csv
1410,0,-8.359540974913989,reference,DaRUS-4999/direct_upsampling_data_rungs_1-3/thermodynamic_properties/tridymite_beta_pbe_d3bj.csv
1411,0,-8.360046285837001,reference,DaRUS-4999/direct_upsampling_data_rungs_1-3/thermodynamic_properties/tridymite_beta_pbe_d3bj.csv
1412,0,-8.36055177872703,reference,DaRUS-4999/direct_upsampling_data_rungs_1-3/thermodynamic_properties/tridymite_beta_pbe_d3bj.csv
1413,0,-8.361057453464186,reference,DaRUS-4999/direct_upsampling_data_rungs_1-3/thermodynamic_properties/tridymite_beta_pbe_d3bj.csv
1414,0,-8.361563309928741,reference,DaRUS-4999/direct_upsampling_data_rungs_1-3/thermodynamic_properties/tridymite_beta_pbe_d3bj.csv
1415,0,-8.362069348001125,reference,DaRUS-4999/direct_upsampling_data_rungs_1-3/thermodynamic_properties/tridymite_beta_pbe_d3bj.csv
1416,0,-8.362575567561919,reference,DaRUS-4999/direct_upsampling_data_rungs_1-3/thermodynamic_properties/tridymite_beta_pbe_d3bj.csv
1417,0,-8.363081968491866,reference,DaRUS-4999/direct_upsampling_data_rungs_1-3/thermodynamic_properties/tridymite_beta_pbe_d3bj.csv
1418,0,-8.363588550671851,reference,DaRUS-4999/direct_upsampling_data_rungs_1-3/thermodynamic_properties/tridymite_beta_pbe_d3bj.csv
1419,0,-8.364095313982935,reference,DaRUS-4999/direct_upsampling_data_rungs_1-3/thermodynamic_properties/tridymite_beta_pbe_d3bj.csv
1420,0,-8.364602258306309,reference,DaRUS-4999/direct_upsampling_data_rungs_1-3/thermodynamic_properties/tridymite_beta_pbe_d3bj.csv
1421,0,-8.365109383523338,reference,DaRUS-4999/direct_upsampling_data_rungs_1-3/thermodynamic_properties/tridymite_beta_pbe_d3bj.csv
1422,0,-8.365616689515528,reference,DaRUS-4999/direct_upsampling_data_rungs_1-3/thermodynamic_properties/tridymite_beta_pbe_d3bj.csv
1423,0,-8.366124176164549,reference,DaRUS-4999/direct_upsampling_data_rungs_1-3/thermodynamic_properties/tridymite_beta_pbe_d3bj.csv
1424,0,-8.366631843352211,reference,DaRUS-4999/direct_upsampling_data_rungs_1-3/thermodynamic_properties/tridymite_beta_pbe_d3bj.csv
1425,0,-8.36713969096049,reference,DaRUS-4999/direct_upsampling_data_rungs_1-3/thermodynamic_properties/tridymite_beta_pbe_d3bj.csv
1426,0,-8.367647718871508,reference,DaRUS-4999/direct_upsampling_data_rungs_1-3/thermodynamic_properties/tridymite_beta_pbe_d3bj.csv
1427,0,-8.368155926967539,reference,DaRUS-4999/direct_upsampling_data_rungs_1-3/thermodynamic_properties/tridymite_beta_pbe_d3bj.csv
1428,0,-8.368664315131015,reference,DaRUS-4999/direct_upsampling_data_rungs_1-3/thermodynamic_properties/tridymite_beta_pbe_d3bj.csv
1429,0,-8.369172883244513,reference,DaRUS-4999/direct_upsampling_data_rungs_1-3/thermodynamic_properties/tridymite_beta_pbe_d3bj.csv
1430,0,-8.369681631190762,reference,DaRUS-4999/direct_upsampling_data_rungs_1-3/thermodynamic_properties/tridymite_beta_pbe_d3bj.csv
1431,0,-8.370190558852645,reference,DaRUS-4999/direct_upsampling_data_rungs_1-3/thermodynamic_properties/tridymite_beta_pbe_d3bj.csv
1432,0,-8.370699666113197,reference,DaRUS-4999/direct_upsampling_data_rungs_1-3/thermodynamic_properties/tridymite_beta_pbe_d3bj.csv
1433,0,-8.371208952855609,reference,DaRUS-4999/direct_upsampling_data_rungs_1-3/thermodynamic_properties/tridymite_beta_pbe_d3bj.csv
1434,0,-8.371718418963201,reference,DaRUS-4999/direct_upsampling_data_rungs_1-3/thermodynamic_properties/tridymite_beta_pbe_d3bj.csv
1435,0,-8.372228064319467,reference,DaRUS-4999/direct_upsampling_data_rungs_1-3/thermodynamic_properties/tridymite_beta_pbe_d3bj.csv
1436,0,-8.372737888808041,reference,DaRUS-4999/direct_upsampling_data_rungs_1-3/thermodynamic_properties/tridymite_beta_pbe_d3bj.csv
1437,0,-8.373247892312705,reference,DaRUS-4999/direct_upsampling_data_rungs_1-3/thermodynamic_properties/tridymite_beta_pbe_d3bj.csv
1438,0,-8.373758074717395,reference,DaRUS-4999/direct_upsampling_data_rungs_1-3/thermodynamic_properties/tridymite_beta_pbe_d3bj.csv
1439,0,-8.374268435906188,reference,DaRUS-4999/direct_upsampling_data_rungs_1-3/thermodynamic_properties/tridymite_beta_pbe_d3bj.csv
1440,0,-8.374778975763318,reference,DaRUS-4999/direct_upsampling_data_rungs_1-3/thermodynamic_properties/tridymite_beta_pbe_d3bj.csv
1441,0,-8.375289694173166,reference,DaRUS-4999/direct_upsampling_data_rungs_1-3/thermodynamic_properties/tridymite_beta_pbe_d3bj.csv
1442,0,-8.375800591020258,reference,DaRUS-4999/direct_upsampling_data_rungs_1-3/thermodynamic_properties/tridymite_beta_pbe_d3bj.csv
1443,0,-8.37631166618927,reference,DaRUS-4999/direct_upsampling_data_rungs_1-3/thermodynamic_properties/tridymite_beta_pbe_d3bj.csv
1444,0,-8.376822919565024,reference,DaRUS-4999/direct_upsampling_data_rungs_1-3/thermodynamic_properties/tridymite_beta_pbe_d3bj.csv
1445,0,-8.377334351032495,reference,DaRUS-4999/direct_upsampling_data_rungs_1-3/thermodynamic_properties/tridymite_beta_pbe_d3bj.csv
1446,0,-8.377845960476796,reference,DaRUS-4999/direct_upsampling_data_rungs_1-3/thermodynamic_properties/tridymite_beta_pbe_d3bj.csv
1447,0,-8.378357747783191,reference,DaRUS-4999/direct_upsampling_data_rungs_1-3/thermodynamic_properties/tridymite_beta_pbe_d3bj.csv
1448,0,-8.378869712837098,reference,DaRUS-4999/direct_upsampling_data_rungs_1-3/thermodynamic_properties/tridymite_beta_pbe_d3bj.csv
1449,0,-8.379381855524064,reference,DaRUS-4999/direct_upsampling_data_rungs_1-3/thermodynamic_properties/tridymite_beta_pbe_d3bj.csv
1450,0,-8.379894175729799,reference,DaRUS-4999/direct_upsampling_data_rungs_1-3/thermodynamic_properties/tridymite_beta_pbe_d3bj.csv
1451,0,-8.380406673340149,reference,DaRUS-4999/direct_upsampling_data_rungs_1-3/thermodynamic_properties/tridymite_beta_pbe_d3bj.csv
1452,0,-8.380919348241109,reference,DaRUS-4999/direct_upsampling_data_rungs_1-3/thermodynamic_properties/tridymite_beta_pbe_d3bj.csv
1453,0,-8.381432200318825,reference,DaRUS-4999/direct_upsampling_data_rungs_1-3/thermodynamic_properties/tridymite_beta_pbe_d3bj.csv
1454,0,-8.381945229459571,reference,DaRUS-4999/direct_upsampling_data_rungs_1-3/thermodynamic_properties/tridymite_beta_pbe_d3bj.csv
1455,0,-8.382458435549783,reference,DaRUS-4999/direct_upsampling_data_rungs_1-3/thermodynamic_properties/tridymite_beta_pbe_d3bj.csv
1456,0,-8.382971818476028,reference,DaRUS-4999/direct_upsampling_data_rungs_1-3/thermodynamic_properties/tridymite_beta_pbe_d3bj.csv
1457,0,-8.38348537812503,reference,DaRUS-4999/direct_upsampling_data_rungs_1-3/thermodynamic_properties/tridymite_beta_pbe_d3bj.csv
1458,0,-8.383999114383649,reference,DaRUS-4999/direct_upsampling_data_rungs_1-3/thermodynamic_properties/tridymite_beta_pbe_d3bj.csv
1459,0,-8.384513027138889,reference,DaRUS-4999/direct_upsampling_data_rungs_1-3/thermodynamic_properties/tridymite_beta_pbe_d3bj.csv
1460,0,-8.385027116277898,reference,DaRUS-4999/direct_upsampling_data_rungs_1-3/thermodynamic_properties/tridymite_beta_pbe_d3bj.csv
1461,0,-8.385541381687972,reference,DaRUS-4999/direct_upsampling_data_rungs_1-3/thermodynamic_properties/tridymite_beta_pbe_d3bj.csv
1462,0,-8.386055823256534,reference,DaRUS-4999/direct_upsampling_data_rungs_1-3/thermodynamic_properties/tridymite_beta_pbe_d3bj.csv
1463,0,-8.386570440871171,reference,DaRUS-4999/direct_upsampling_data_rungs_1-3/thermodynamic_properties/tridymite_beta_pbe_d3bj.csv
1464,0,-8.387085234419599,reference,DaRUS-4999/direct_upsampling_data_rungs_1-3/thermodynamic_properties/tridymite_beta_pbe_d3bj.csv
1465,0,-8.387600203789679,reference,DaRUS-4999/direct_upsampling_data_rungs_1-3/thermodynamic_properties/tridymite_beta_pbe_d3bj.csv
1466,0,-8.388115348869414,reference,DaRUS-4999/direct_upsampling_data_rungs_1-3/thermodynamic_properties/tridymite_beta_pbe_d3bj.csv
1467,0,-8.388630669546943,reference,DaRUS-4999/direct_upsampling_data_rungs_1-3/thermodynamic_properties/tridymite_beta_pbe_d3bj.csv
1468,0,-8.389146165710558,reference,DaRUS-4999/direct_upsampling_data_rungs_1-3/thermodynamic_properties/tridymite_beta_pbe_d3bj.csv
1469,0,-8.389661837248687,reference,DaRUS-4999/direct_upsampling_data_rungs_1-3/thermodynamic_properties/tridymite_beta_pbe_d3bj.csv
1470,0,-8.390177684049888,reference,DaRUS-4999/direct_upsampling_data_rungs_1-3/thermodynamic_properties/tridymite_beta_pbe_d3bj.csv
1471,0,-8.390693706002875,reference,DaRUS-4999/direct_upsampling_data_rungs_1-3/thermodynamic_properties/tridymite_beta_pbe_d3bj.csv
1472,0,-8.391209902996492,reference,DaRUS-4999/direct_upsampling_data_rungs_1-3/thermodynamic_properties/tridymite_beta_pbe_d3bj.csv
1473,0,-8.39172627491973,reference,DaRUS-4999/direct_upsampling_data_rungs_1-3/thermodynamic_properties/tridymite_beta_pbe_d3bj.csv
1474,0,-8.392242821661714,reference,DaRUS-4999/direct_upsampling_data_rungs_1-3/thermodynamic_properties/tridymite_beta_pbe_d3bj.csv
1475,0,-8.392759543111712,reference,DaRUS-4999/direct_upsampling_data_rungs_1-3/thermodynamic_properties/tridymite_beta_pbe_d3bj.csv
1476,0,-8.393276439159127,reference,DaRUS-4999/direct_upsampling_data_rungs_1-3/thermodynamic_properties/tridymite_beta_pbe_d3bj.csv
1477,0,-8.393793509693506,reference,DaRUS-4999/direct_upsampling_data_rungs_1-3/thermodynamic_properties/tridymite_beta_pbe_d3bj.csv
1478,0,-8.394310754604533,reference,DaRUS-4999/direct_upsampling_data_rungs_1-3/thermodynamic_properties/tridymite_beta_pbe_d3bj.csv
1479,0,-8.394828173782027,reference,DaRUS-4999/direct_upsampling_data_rungs_1-3/thermodynamic_properties/tridymite_beta_pbe_d3bj.csv
1480,0,-8.39534576711595,reference,DaRUS-4999/direct_upsampling_data_rungs_1-3/thermodynamic_properties/tridymite_beta_pbe_d3bj.csv
1481,0,-8.395863534496399,reference,DaRUS-4999/direct_upsampling_data_rungs_1-3/thermodynamic_properties/tridymite_beta_pbe_d3bj.csv
1482,0,-8.396381475813609,reference,DaRUS-4999/direct_upsampling_data_rungs_1-3/thermodynamic_properties/tridymite_beta_pbe_d3bj.csv
1483,0,-8.396899590957952,reference,DaRUS-4999/direct_upsampling_data_rungs_1-3/thermodynamic_properties/tridymite_beta_pbe_d3bj.csv
1484,0,-8.397417879819939,reference,DaRUS-4999/direct_upsampling_data_rungs_1-3/thermodynamic_properties/tridymite_beta_pbe_d3bj.csv
1485,0,-8.397936342290219,reference,DaRUS-4999/direct_upsampling_data_rungs_1-3/thermodynamic_properties/tridymite_beta_pbe_d3bj.csv
1486,0,-8.398454978259572,reference,DaRUS-4999/direct_upsampling_data_rungs_1-3/thermodynamic_properties/tridymite_beta_pbe_d3bj.csv
1487,0,-8.398973787618916,reference,DaRUS-4999/direct_upsampling_data_rungs_1-3/thermodynamic_properties/tridymite_beta_pbe_d3bj.csv
1488,0,-8.399492770259311,reference,DaRUS-4999/direct_upsampling_data_rungs_1-3/thermodynamic_properties/tridymite_beta_pbe_d3bj.csv
1489,0,-8.400011926071947,reference,DaRUS-4999/direct_upsampling_data_rungs_1-3/thermodynamic_properties/tridymite_beta_pbe_d3bj.csv
1490,0,-8.400531254948154,reference,DaRUS-4999/direct_upsampling_data_rungs_1-3/thermodynamic_properties/tridymite_beta_pbe_d3bj.csv
1491,0,-8.401050756779391,reference,DaRUS-4999/direct_upsampling_data_rungs_1-3/thermodynamic_properties/tridymite_beta_pbe_d3bj.csv
1492,0,-8.401570431457259,reference,DaRUS-4999/direct_upsampling_data_rungs_1-3/thermodynamic_properties/tridymite_beta_pbe_d3bj.csv
1493,0,-8.402090278873489,reference,DaRUS-4999/direct_upsampling_data_rungs_1-3/thermodynamic_properties/tridymite_beta_pbe_d3bj.csv
1494,0,-8.402610298919948,reference,DaRUS-4999/direct_upsampling_data_rungs_1-3/thermodynamic_properties/tridymite_beta_pbe_d3bj.csv
1495,0,-8.403130491488637,reference,DaRUS-4999/direct_upsampling_data_rungs_1-3/thermodynamic_properties/tridymite_beta_pbe_d3bj.csv
1496,0,-8.403650856471696,reference,DaRUS-4999/direct_upsampling_data_rungs_1-3/thermodynamic_properties/tridymite_beta_pbe_d3bj.csv
1497,0,-8.404171393761395,reference,DaRUS-4999/direct_upsampling_data_rungs_1-3/thermodynamic_properties/tridymite_beta_pbe_d3bj.csv
1498,0,-8.404692103250136,reference,DaRUS-4999/direct_upsampling_data_rungs_1-3/thermodynamic_properties/tridymite_beta_pbe_d3bj.csv
1499,0,-8.405212984830456,reference,DaRUS-4999/direct_upsampling_data_rungs_1-3/thermodynamic_properties/tridymite_beta_pbe_d3bj.csv
1500,0,-8.405734038395023,reference,DaRUS-4999/direct_upsampling_data_rungs_1-3/thermodynamic_properties/tridymite_beta_pbe_d3bj.csv
1501,0,-8.406255263836647,reference,DaRUS-4999/direct_upsampling_data_rungs_1-3/thermodynamic_properties/tridymite_beta_pbe_d3bj.csv
1502,0,-8.406776661048257,reference,DaRUS-4999/direct_upsampling_data_rungs_1-3/thermodynamic_properties/tridymite_beta_pbe_d3bj.csv
1503,0,-8.407298229922928,reference,DaRUS-4999/direct_upsampling_data_rungs_1-3/thermodynamic_properties/tridymite_beta_pbe_d3bj.csv
1504,0,-8.407819970353854,reference,DaRUS-4999/direct_upsampling_data_rungs_1-3/thermodynamic_properties/tridymite_beta_pbe_d3bj.csv
1505,0,-8.408341882234375,reference,DaRUS-4999/direct_upsampling_data_rungs_1-3/thermodynamic_properties/tridymite_beta_pbe_d3bj.csv
1506,0,-8.40886396545795,reference,DaRUS-4999/direct_upsampling_data_rungs_1-3/thermodynamic_properties/tridymite_beta_pbe_d3bj.csv
1507,0,-8.409386219918181,reference,DaRUS-4999/direct_upsampling_data_rungs_1-3/thermodynamic_properties/tridymite_beta_pbe_d3bj.csv
1508,0,-8.409908645508791,reference,DaRUS-4999/direct_upsampling_data_rungs_1-3/thermodynamic_properties/tridymite_beta_pbe_d3bj.csv
1509,0,-8.410431242123636,reference,DaRUS-4999/direct_upsampling_data_rungs_1-3/thermodynamic_properties/tridymite_beta_pbe_d3bj.csv
1510,0,-8.410954009656709,reference,DaRUS-4999/direct_upsampling_data_rungs_1-3/thermodynamic_properties/tridymite_beta_pbe_d3bj.csv
1511,0,-8.411476948002134,reference,DaRUS-4999/direct_upsampling_data_rungs_1-3/thermodynamic_properties/tridymite_beta_pbe_d3bj.csv
1512,0,-8.412000057054154,reference,DaRUS-4999/direct_upsampling_data_rungs_1-3/thermodynamic_properties/tridymite_beta_pbe_d3bj.csv
1513,0,-8.412523336707153,reference,DaRUS-4999/direct_upsampling_data_rungs_1-3/thermodynamic_properties/tridymite_beta_pbe_d3bj.csv
1514,0,-8.413046786855643,reference,DaRUS-4999/direct_upsampling_data_rungs_1-3/thermodynamic_properties/tridymite_beta_pbe_d3bj.csv
1515,0,-8.413570407394262,reference,DaRUS-4999/direct_upsampling_data_rungs_1-3/thermodynamic_properties/tridymite_beta_pbe_d3bj.csv
1516,0,-8.414094198217779,reference,DaRUS-4999/direct_upsampling_data_rungs_1-3/thermodynamic_properties/tridymite_beta_pbe_d3bj.csv
1517,0,-8.41461815922109,reference,DaRUS-4999/direct_upsampling_data_rungs_1-3/thermodynamic_properties/tridymite_beta_pbe_d3bj.csv
1518,0,-8.415142290299228,reference,DaRUS-4999/direct_upsampling_data_rungs_1-3/thermodynamic_properties/tridymite_beta_pbe_d3bj.csv
1519,0,-8.415666591347348,reference,DaRUS-4999/direct_upsampling_data_rungs_1-3/thermodynamic_properties/tridymite_beta_pbe_d3bj.csv
1520,0,-8.416191062260729,reference,DaRUS-4999/direct_upsampling_data_rungs_1-3/thermodynamic_properties/tridymite_beta_pbe_d3bj.csv
1521,0,-8.416715702934795,reference,DaRUS-4999/direct_upsampling_data_rungs_1-3/thermodynamic_properties/tridymite_beta_pbe_d3bj.csv
1522,0,-8.417240513265078,reference,DaRUS-4999/direct_upsampling_data_rungs_1-3/thermodynamic_properties/tridymite_beta_pbe_d3bj.csv
1523,0,-8.41776549314725,reference,DaRUS-4999/direct_upsampling_data_rungs_1-3/thermodynamic_properties/tridymite_beta_pbe_d3bj.csv
1524,0,-8.418290642477109,reference,DaRUS-4999/direct_upsampling_data_rungs_1-3/thermodynamic_properties/tridymite_beta_pbe_d3bj.csv
1525,0,-8.418815961150575,reference,DaRUS-4999/direct_upsampling_data_rungs_1-3/thermodynamic_properties/tridymite_beta_pbe_d3bj.csv
1526,0,-8.419341449063701,reference,DaRUS-4999/direct_upsampling_data_rungs_1-3/thermodynamic_properties/tridymite_beta_pbe_d3bj.csv
1527,0,-8.419867106112671,reference,DaRUS-4999/direct_upsampling_data_rungs_1-3/thermodynamic_properties/tridymite_beta_pbe_d3bj.csv
1528,0,-8.420392932193776,reference,DaRUS-4999/direct_upsampling_data_rungs_1-3/thermodynamic_properties/tridymite_beta_pbe_d3bj.csv
1529,0,-8.420918927203457,reference,DaRUS-4999/direct_upsampling_data_rungs_1-3/thermodynamic_properties/tridymite_beta_pbe_d3bj.csv
1530,0,-8.421445091038272,reference,DaRUS-4999/direct_upsampling_data_rungs_1-3/thermodynamic_properties/tridymite_beta_pbe_d3bj.csv
1531,0,-8.421971423594901,reference,DaRUS-4999/direct_upsampling_data_rungs_1-3/thermodynamic_properties/tridymite_beta_pbe_d3bj.csv
1532,0,-8.42249792477015,reference,DaRUS-4999/direct_upsampling_data_rungs_1-3/thermodynamic_properties/tridymite_beta_pbe_d3bj.csv
1533,0,-8.423024594460962,reference,DaRUS-4999/direct_upsampling_data_rungs_1-3/thermodynamic_properties/tridymite_beta_pbe_d3bj.csv
1534,0,-8.423551432564388,reference,DaRUS-4999/direct_upsampling_data_rungs_1-3/thermodynamic_properties/tridymite_beta_pbe_d3bj.csv
1535,0,-8.424078438977617,reference,DaRUS-4999/direct_upsampling_data_rungs_1-3/thermodynamic_properties/tridymite_beta_pbe_d3bj.csv
1536,0,-8.424605613597963,reference,DaRUS-4999/direct_upsampling_data_rungs_1-3/thermodynamic_properties/tridymite_beta_pbe_d3bj.csv
1537,0,-8.425132956322855,reference,DaRUS-4999/direct_upsampling_data_rungs_1-3/thermodynamic_properties/tridymite_beta_pbe_d3bj.csv
1538,0,-8.425660467049852,reference,DaRUS-4999/direct_upsampling_data_rungs_1-3/thermodynamic_properties/tridymite_beta_pbe_d3bj.csv
1539,0,-8.426188145676642,reference,DaRUS-4999/direct_upsampling_data_rungs_1-3/thermodynamic_properties/tridymite_beta_pbe_d3bj.csv
1540,0,-8.426715992101027,reference,DaRUS-4999/direct_upsampling_data_rungs_1-3/thermodynamic_properties/tridymite_beta_pbe_d3bj.csv
1541,0,-8.427244006220944,reference,DaRUS-4999/direct_upsampling_data_rungs_1-3/thermodynamic_properties/tridymite_beta_pbe_d3bj.csv
1542,0,-8.427772187934442,reference,DaRUS-4999/direct_upsampling_data_rungs_1-3/thermodynamic_properties/tridymite_beta_pbe_d3bj.csv
1543,0,-8.4283005371397,reference,DaRUS-4999/direct_upsampling_data_rungs_1-3/thermodynamic_properties/tridymite_beta_pbe_d3bj.csv
1544,0,-8.428829053735024,reference,DaRUS-4999/direct_upsampling_data_rungs_1-3/thermodynamic_properties/tridymite_beta_pbe_d3bj.csv
1545,0,-8.42935773761883,reference,DaRUS-4999/direct_upsampling_data_rungs_1-3/thermodynamic_properties/tridymite_beta_pbe_d3bj.csv
1546,0,-8.429886588689671,reference,DaRUS-4999/direct_upsampling_data_rungs_1-3/thermodynamic_properties/tridymite_beta_pbe_d3bj.csv
1547,0,-8.430415606846214,reference,DaRUS-4999/direct_upsampling_data_rungs_1-3/thermodynamic_properties/tridymite_beta_pbe_d3bj.csv
1548,0,-8.430944791987251,reference,DaRUS-4999/direct_upsampling_data_rungs_1-3/thermodynamic_properties/tridymite_beta_pbe_d3bj.csv
1549,0,-8.431474144011695,reference,DaRUS-4999/direct_upsampling_data_rungs_1-3/thermodynamic_properties/tridymite_beta_pbe_d3bj.csv
1550,0,-8.432003662818584,reference,DaRUS-4999/direct_upsampling_data_rungs_1-3/thermodynamic_properties/tridymite_beta_pbe_d3bj.csv
1551,0,-8.432533348307073,reference,DaRUS-4999/direct_upsampling_data_rungs_1-3/thermodynamic_properties/tridymite_beta_pbe_d3bj.csv
1552,0,-8.433063200376438,reference,DaRUS-4999/direct_upsampling_data_rungs_1-3/thermodynamic_properties/tridymite_beta_pbe_d3bj.csv
1553,0,-8.433593218926084,reference,DaRUS-4999/direct_upsampling_data_rungs_1-3/thermodynamic_properties/tridymite_beta_pbe_d3bj.csv
1554,0,-8.434123403855525,reference,DaRUS-4999/direct_upsampling_data_rungs_1-3/thermodynamic_properties/tridymite_beta_pbe_d3bj.csv
1555,0,-8.434653755064407,reference,DaRUS-4999/direct_upsampling_data_rungs_1-3/thermodynamic_properties/tridymite_beta_pbe_d3bj.csv
1556,0,-8.435184272452492,reference,DaRUS-4999/direct_upsampling_data_rungs_1-3/thermodynamic_properties/tridymite_beta_pbe_d3bj.csv
1557,0,-8.435714955919659,reference,DaRUS-4999/direct_upsampling_data_rungs_1-3/thermodynamic_properties/tridymite_beta_pbe_d3bj.csv
1558,0,-8.436245805365916,reference,DaRUS-4999/direct_upsampling_data_rungs_1-3/thermodynamic_properties/tridymite_beta_pbe_d3bj.csv
1559,0,-8.436776820691378,reference,DaRUS-4999/direct_upsampling_data_rungs_1-3/thermodynamic_properties/tridymite_beta_pbe_d3bj.csv
1560,0,-8.437308001796294,reference,DaRUS-4999/direct_upsampling_data_rungs_1-3/thermodynamic_properties/tridymite_beta_pbe_d3bj.csv
1561,0,-8.43783934858102,reference,DaRUS-4999/direct_upsampling_data_rungs_1-3/thermodynamic_properties/tridymite_beta_pbe_d3bj.csv
1562,0,-8.438370860946044,reference,DaRUS-4999/direct_upsampling_data_rungs_1-3/thermodynamic_properties/tridymite_beta_pbe_d3bj.csv
1563,0,-8.438902538791957,reference,DaRUS-4999/direct_upsampling_data_rungs_1-3/thermodynamic_properties/tridymite_beta_pbe_d3bj.csv
1564,0,-8.439434382019483,reference,DaRUS-4999/direct_upsampling_data_rungs_1-3/thermodynamic_properties/tridymite_beta_pbe_d3bj.csv
1565,0,-8.43996639052946,reference,DaRUS-4999/direct_upsampling_data_rungs_1-3/thermodynamic_properties/tridymite_beta_pbe_d3bj.csv
1566,0,-8.440498564222839,reference,DaRUS-4999/direct_upsampling_data_rungs_1-3/thermodynamic_properties/tridymite_beta_pbe_d3bj.csv
1567,0,-8.441030903000703,reference,DaRUS-4999/direct_upsampling_data_rungs_1-3/thermodynamic_properties/tridymite_beta_pbe_d3bj.csv
1568,0,-8.441563406764235,reference,DaRUS-4999/direct_upsampling_data_rungs_1-3/thermodynamic_properties/tridymite_beta_pbe_d3bj.csv
1569,0,-8.442096075414753,reference,DaRUS-4999/direct_upsampling_data_rungs_1-3/thermodynamic_properties/tridymite_beta_pbe_d3bj.csv
1570,0,-8.442628908853678,reference,DaRUS-4999/direct_upsampling_data_rungs_1-3/thermodynamic_properties/tridymite_beta_pbe_d3bj.csv
1571,0,-8.443161906982558,reference,DaRUS-4999/direct_upsampling_data_rungs_1-3/thermodynamic_properties/tridymite_beta_pbe_d3bj.csv
1572,0,-8.443695069703056,reference,DaRUS-4999/direct_upsampling_data_rungs_1-3/thermodynamic_properties/tridymite_beta_pbe_d3bj.csv
1573,0,-8.444228396916948,reference,DaRUS-4999/direct_upsampling_data_rungs_1-3/thermodynamic_properties/tridymite_beta_pbe_d3bj.csv
1574,0,-8.444761888526138,reference,DaRUS-4999/direct_upsampling_data_rungs_1-3/thermodynamic_properties/tridymite_beta_pbe_d3bj.csv
1575,0,-8.445295544432632,reference,DaRUS-4999/direct_upsampling_data_rungs_1-3/thermodynamic_properties/tridymite_beta_pbe_d3bj.csv
1576,0,-8.445829364538559,reference,DaRUS-4999/direct_upsampling_data_rungs_1-3/thermodynamic_properties/tridymite_beta_pbe_d3bj.csv
1577,0,-8.446363348746173,reference,DaRUS-4999/direct_upsampling_data_rungs_1-3/thermodynamic_properties/tridymite_beta_pbe_d3bj.csv
1578,0,-8.446897496957826,reference,DaRUS-4999/direct_upsampling_data_rungs_1-3/thermodynamic_properties/tridymite_beta_pbe_d3bj.csv
1579,0,-8.447431809075997,reference,DaRUS-4999/direct_upsampling_data_rungs_1-3/thermodynamic_properties/tridymite_beta_pbe_d3bj.csv
1580,0,-8.447966285003281,reference,DaRUS-4999/direct_upsampling_data_rungs_1-3/thermodynamic_properties/tridymite_beta_pbe_d3bj.csv
1581,0,-8.448500924642389,reference,DaRUS-4999/direct_upsampling_data_rungs_1-3/thermodynamic_properties/tridymite_beta_pbe_d3bj.csv
1582,0,-8.44903572789614,reference,DaRUS-4999/direct_upsampling_data_rungs_1-3/thermodynamic_properties/tridymite_beta_pbe_d3bj.csv
1583,0,-8.449570694667473,reference,DaRUS-4999/direct_upsampling_data_rungs_1-3/thermodynamic_properties/tridymite_beta_pbe_d3bj.csv
1584,0,-8.450105824859444,reference,DaRUS-4999/direct_upsampling_data_rungs_1-3/thermodynamic_properties/tridymite_beta_pbe_d3bj.csv
1585,0,-8.450641118375218,reference,DaRUS-4999/direct_upsampling_data_rungs_1-3/thermodynamic_properties/tridymite_beta_pbe_d3bj.csv
1586,0,-8.451176575118083,reference,DaRUS-4999/direct_upsampling_data_rungs_1-3/thermodynamic_properties/tridymite_beta_pbe_d3bj.csv
1587,0,-8.451712194991426,reference,DaRUS-4999/direct_upsampling_data_rungs_1-3/thermodynamic_properties/tridymite_beta_pbe_d3bj.csv
1588,0,-8.45224797789877,reference,DaRUS-4999/direct_upsampling_data_rungs_1-3/thermodynamic_properties/tridymite_beta_pbe_d3bj.csv
1589,0,-8.452783923743731,reference,DaRUS-4999/direct_upsampling_data_rungs_1-3/thermodynamic_properties/tridymite_beta_pbe_d3bj.csv
1590,0,-8.453320032430046,reference,DaRUS-4999/direct_upsampling_data_rungs_1-3/thermodynamic_properties/tridymite_beta_pbe_d3bj.csv
1591,0,-8.453856303861572,reference,DaRUS-4999/direct_upsampling_data_rungs_1-3/thermodynamic_properties/tridymite_beta_pbe_d3bj.csv
1592,0,-8.454392737942273,reference,DaRUS-4999/direct_upsampling_data_rungs_1-3/thermodynamic_properties/tridymite_beta_pbe_d3bj.csv
1593,0,-8.454929334576221,reference,DaRUS-4999/direct_upsampling_data_rungs_1-3/thermodynamic_properties/tridymite_beta_pbe_d3bj.csv
1594,0,-8.455466093667614,reference,DaRUS-4999/direct_upsampling_data_rungs_1-3/thermodynamic_properties/tridymite_beta_pbe_d3bj.csv
1595,0,-8.456003015120752,reference,DaRUS-4999/direct_upsampling_data_rungs_1-3/thermodynamic_properties/tridymite_beta_pbe_d3bj.csv
1596,0,-8.456540098840048,reference,DaRUS-4999/direct_upsampling_data_rungs_1-3/thermodynamic_properties/tridymite_beta_pbe_d3bj.csv
1597,0,-8.457077344730036,reference,DaRUS-4999/direct_upsampling_data_rungs_1-3/thermodynamic_properties/tridymite_beta_pbe_d3bj.csv
1598,0,-8.457614752695354,reference,DaRUS-4999/direct_upsampling_data_rungs_1-3/thermodynamic_properties/tridymite_beta_pbe_d3bj.csv
1599,0,-8.458152322640752,reference,DaRUS-4999/direct_upsampling_data_rungs_1-3/thermodynamic_properties/tridymite_beta_pbe_d3bj.csv
1600,0,-8.458690054471095,reference,DaRUS-4999/direct_upsampling_data_rungs_1-3/thermodynamic_properties/tridymite_beta_pbe_d3bj.csv
1601,0,-8.459227948091359,reference,DaRUS-4999/direct_upsampling_data_rungs_1-3/thermodynamic_properties/tridymite_beta_pbe_d3bj.csv
1602,0,-8.459766003406628,reference,DaRUS-4999/direct_upsampling_data_rungs_1-3/thermodynamic_properties/tridymite_beta_pbe_d3bj.csv
1603,0,-8.460304220322103,reference,DaRUS-4999/direct_upsampling_data_rungs_1-3/thermodynamic_properties/tridymite_beta_pbe_d3bj.csv
1604,0,-8.46084259874309,reference,DaRUS-4999/direct_upsampling_data_rungs_1-3/thermodynamic_properties/tridymite_beta_pbe_d3bj.csv
1605,0,-8.461381138575012,reference,DaRUS-4999/direct_upsampling_data_rungs_1-3/thermodynamic_properties/tridymite_beta_pbe_d3bj.csv
1606,0,-8.461919839723393,reference,DaRUS-4999/direct_upsampling_data_rungs_1-3/thermodynamic_properties/tridymite_beta_pbe_d3bj.csv
1607,0,-8.46245870209388,reference,DaRUS-4999/direct_upsampling_data_rungs_1-3/thermodynamic_properties/tridymite_beta_pbe_d3bj.csv
1608,0,-8.462997725592219,reference,DaRUS-4999/direct_upsampling_data_rungs_1-3/thermodynamic_properties/tridymite_beta_pbe_d3bj.csv
1609,0,-8.463536910124269,reference,DaRUS-4999/direct_upsampling_data_rungs_1-3/thermodynamic_properties/tridymite_beta_pbe_d3bj.csv
1610,0,-8.464076255596002,reference,DaRUS-4999/direct_upsampling_data_rungs_1-3/thermodynamic_properties/tridymite_beta_pbe_d3bj.csv
1611,0,-8.464615761913498,reference,DaRUS-4999/direct_upsampling_data_rungs_1-3/thermodynamic_properties/tridymite_beta_pbe_d3bj.csv
1612,0,-8.46515542898295,reference,DaRUS-4999/direct_upsampling_data_rungs_1-3/thermodynamic_properties/tridymite_beta_pbe_d3bj.csv
1613,0,-8.465695256710649,reference,DaRUS-4999/direct_upsampling_data_rungs_1-3/thermodynamic_properties/tridymite_beta_pbe_d3bj.csv
1614,0,-8.466235245003006,reference,DaRUS-4999/direct_upsampling_data_rungs_1-3/thermodynamic_properties/tridymite_beta_pbe_d3bj.csv
1615,0,-8.46677539376654,reference,DaRUS-4999/direct_upsampling_data_rungs_1-3/thermodynamic_properties/tridymite_beta_pbe_d3bj.csv
1616,0,-8.467315702907872,reference,DaRUS-4999/direct_upsampling_data_rungs_1-3/thermodynamic_properties/tridymite_beta_pbe_d3bj.csv
1617,0,-8.467856172333736,reference,DaRUS-4999/direct_upsampling_data_rungs_1-3/thermodynamic_properties/tridymite_beta_pbe_d3bj.csv
1618,0,-8.468396801950977,reference,DaRUS-4999/direct_upsampling_data_rungs_1-3/thermodynamic_properties/tridymite_beta_pbe_d3bj.csv
1619,0,-8.468937591666538,reference,DaRUS-4999/direct_upsampling_data_rungs_1-3/thermodynamic_properties/tridymite_beta_pbe_d3bj.csv
1620,0,-8.469478541387488,reference,DaRUS-4999/direct_upsampling_data_rungs_1-3/thermodynamic_properties/tridymite_beta_pbe_d3bj.csv
1621,0,-8.470019651020982,reference,DaRUS-4999/direct_upsampling_data_rungs_1-3/thermodynamic_properties/tridymite_beta_pbe_d3bj.csv
1622,0,-8.470560920474298,reference,DaRUS-4999/direct_upsampling_data_rungs_1-3/thermodynamic_properties/tridymite_beta_pbe_d3bj.csv
1623,0,-8.471102349654815,reference,DaRUS-4999/direct_upsampling_data_rungs_1-3/thermodynamic_properties/tridymite_beta_pbe_d3bj.csv
1624,0,-8.471643938470024,reference,DaRUS-4999/direct_upsampling_data_rungs_1-3/thermodynamic_properties/tridymite_beta_pbe_d3bj.csv
1625,0,-8.472185686827514,reference,DaRUS-4999/direct_upsampling_data_rungs_1-3/thermodynamic_properties/tridymite_beta_pbe_d3bj.csv
1626,0,-8.472727594634993,reference,DaRUS-4999/direct_upsampling_data_rungs_1-3/thermodynamic_properties/tridymite_beta_pbe_d3bj.csv
1627,0,-8.473269661800265,reference,DaRUS-4999/direct_upsampling_data_rungs_1-3/thermodynamic_properties/tridymite_beta_pbe_d3bj.csv
1628,0,-8.473811888231246,reference,DaRUS-4999/direct_upsampling_data_rungs_1-3/thermodynamic_properties/tridymite_beta_pbe_d3bj.csv
1629,0,-8.474354273835958,reference,DaRUS-4999/direct_upsampling_data_rungs_1-3/thermodynamic_properties/tridymite_beta_pbe_d3bj.csv
1630,0,-8.474896818522526,reference,DaRUS-4999/direct_upsampling_data_rungs_1-3/thermodynamic_properties/tridymite_beta_pbe_d3bj.csv
1631,0,-8.475439522199185,reference,DaRUS-4999/direct_upsampling_data_rungs_1-3/thermodynamic_properties/tridymite_beta_pbe_d3bj.csv
1632,0,-8.475982384774273,reference,DaRUS-4999/direct_upsampling_data_rungs_1-3/thermodynamic_properties/tridymite_beta_pbe_d3bj.csv
1633,0,-8.47652540615624,reference,DaRUS-4999/direct_upsampling_data_rungs_1-3/thermodynamic_properties/tridymite_beta_pbe_d3bj.csv
1634,0,-8.477068586253628,reference,DaRUS-4999/direct_upsampling_data_rungs_1-3/thermodynamic_properties/tridymite_beta_pbe_d3bj.csv
1635,0,-8.477611924975093,reference,DaRUS-4999/direct_upsampling_data_rungs_1-3/thermodynamic_properties/tridymite_beta_pbe_d3bj.csv
1636,0,-8.478155422229397,reference,DaRUS-4999/direct_upsampling_data_rungs_1-3/thermodynamic_properties/tridymite_beta_pbe_d3bj.csv
1637,0,-8.478699077925409,reference,DaRUS-4999/direct_upsampling_data_rungs_1-3/thermodynamic_properties/tridymite_beta_pbe_d3bj.csv
1638,0,-8.479242891972094,reference,DaRUS-4999/direct_upsampling_data_rungs_1-3/thermodynamic_properties/tridymite_beta_pbe_d3bj.csv
1639,0,-8.479786864278525,reference,DaRUS-4999/direct_upsampling_data_rungs_1-3/thermodynamic_properties/tridymite_beta_pbe_d3bj.csv
1640,0,-8.480330994753887,reference,DaRUS-4999/direct_upsampling_data_rungs_1-3/thermodynamic_properties/tridymite_beta_pbe_d3bj.csv
1641,0,-8.480875283307459,reference,DaRUS-4999/direct_upsampling_data_rungs_1-3/thermodynamic_properties/tridymite_beta_pbe_d3bj.csv
1642,0,-8.481419729848627,reference,DaRUS-4999/direct_upsampling_data_rungs_1-3/thermodynamic_properties/tridymite_beta_pbe_d3bj.csv
1643,0,-8.481964334286882,reference,DaRUS-4999/direct_upsampling_data_rungs_1-3/thermodynamic_properties/tridymite_beta_pbe_d3bj.csv
1644,0,-8.482509096531821,reference,DaRUS-4999/direct_upsampling_data_rungs_1-3/thermodynamic_properties/tridymite_beta_pbe_d3bj.csv
1645,0,-8.48305401649314,reference,DaRUS-4999/direct_upsampling_data_rungs_1-3/thermodynamic_properties/tridymite_beta_pbe_d3bj.csv
1646,0,-8.483599094080638,reference,DaRUS-4999/direct_upsampling_data_rungs_1-3/thermodynamic_properties/tridymite_beta_pbe_d3bj.csv
1647,0,-8.484144329204222,reference,DaRUS-4999/direct_upsampling_data_rungs_1-3/thermodynamic_properties/tridymite_beta_pbe_d3bj.csv
1648,0,-8.484689721773901,reference,DaRUS-4999/direct_upsampling_data_rungs_1-3/thermodynamic_properties/tridymite_beta_pbe_d3bj.csv
1649,0,-8.485235271699777,reference,DaRUS-4999/direct_upsampling_data_rungs_1-3/thermodynamic_properties/tridymite_beta_pbe_d3bj.csv
1650,0,-8.48578097889207,reference,DaRUS-4999/direct_upsampling_data_rungs_1-3/thermodynamic_properties/tridymite_beta_pbe_d3bj.csv
1651,0,-8.486326843261091,reference,DaRUS-4999/direct_upsampling_data_rungs_1-3/thermodynamic_properties/tridymite_beta_pbe_d3bj.csv
1652,0,-8.486872864717265,reference,DaRUS-4999/direct_upsampling_data_rungs_1-3/thermodynamic_properties/tridymite_beta_pbe_d3bj.csv
1653,0,-8.4874190431711,reference,DaRUS-4999/direct_upsampling_data_rungs_1-3/thermodynamic_properties/tridymite_beta_pbe_d3bj.csv
1654,0,-8.487965378533227,reference,DaRUS-4999/direct_upsampling_data_rungs_1-3/thermodynamic_properties/tridymite_beta_pbe_d3bj.csv
1655,0,-8.48851187071436,reference,DaRUS-4999/direct_upsampling_data_rungs_1-3/thermodynamic_properties/tridymite_beta_pbe_d3bj.csv
1656,0,-8.489058519625335,reference,DaRUS-4999/direct_upsampling_data_rungs_1-3/thermodynamic_properties/tridymite_beta_pbe_d3bj.csv
1657,0,-8.489605325177068,reference,DaRUS-4999/direct_upsampling_data_rungs_1-3/thermodynamic_properties/tridymite_beta_pbe_d3bj.csv
1658,0,-8.490152287280591,reference,DaRUS-4999/direct_upsampling_data_rungs_1-3/thermodynamic_properties/tridymite_beta_pbe_d3bj.csv
1659,0,-8.490699405847032,reference,DaRUS-4999/direct_upsampling_data_rungs_1-3/thermodynamic_properties/tridymite_beta_pbe_d3bj.csv
1660,0,-8.49124668078762,reference,DaRUS-4999/direct_upsampling_data_rungs_1-3/thermodynamic_properties/tridymite_beta_pbe_d3bj.csv
1661,0,-8.491794112013684,reference,DaRUS-4999/direct_upsampling_data_rungs_1-3/thermodynamic_properties/tridymite_beta_pbe_d3bj.csv
1662,0,-8.492341699436654,reference,DaRUS-4999/direct_upsampling_data_rungs_1-3/thermodynamic_properties/tridymite_beta_pbe_d3bj.csv
1663,0,-8.492889442968066,reference,DaRUS-4999/direct_upsampling_data_rungs_1-3/thermodynamic_properties/tridymite_beta_pbe_d3bj.csv
1664,0,-8.493437342519545,reference,DaRUS-4999/direct_upsampling_data_rungs_1-3/thermodynamic_properties/tridymite_beta_pbe_d3bj.csv
1665,0,-8.493985398002829,reference,DaRUS-4999/direct_upsampling_data_rungs_1-3/thermodynamic_properties/tridymite_beta_pbe_d3bj.csv
1666,0,-8.494533609329741,reference,DaRUS-4999/direct_upsampling_data_rungs_1-3/thermodynamic_properties/tridymite_beta_pbe_d3bj.csv
1667,0,-8.495081976412223,reference,DaRUS-4999/direct_upsampling_data_rungs_1-3/thermodynamic_properties/tridymite_beta_pbe_d3bj.csv
1668,0,-8.495630499162296,reference,DaRUS-4999/direct_upsampling_data_rungs_1-3/thermodynamic_properties/tridymite_beta_pbe_d3bj.csv
1669,0,-8.496179177492092,reference,DaRUS-4999/direct_upsampling_data_rungs_1-3/thermodynamic_properties/tridymite_beta_pbe_d3bj.csv
1670,0,-8.496728011313843,reference,DaRUS-4999/direct_upsampling_data_rungs_1-3/thermodynamic_properties/tridymite_beta_pbe_d3bj.csv
1671,0,-8.497277000539878,reference,DaRUS-4999/direct_upsampling_data_rungs_1-3/thermodynamic_properties/tridymite_beta_pbe_d3bj.csv
1672,0,-8.49782614508262,reference,DaRUS-4999/direct_upsampling_data_rungs_1-3/thermodynamic_properties/tridymite_beta_pbe_d3bj.csv
1673,0,-8.498375444854599,reference,DaRUS-4999/direct_upsampling_data_rungs_1-3/thermodynamic_properties/tridymite_beta_pbe_d3bj.csv
1674,0,-8.498924899768436,reference,DaRUS-4999/direct_upsampling_data_rungs_1-3/thermodynamic_properties/tridymite_beta_pbe_d3bj.csv
1675,0,-8.49947450973686,reference,DaRUS-4999/direct_upsampling_data_rungs_1-3/thermodynamic_properties/tridymite_beta_pbe_d3bj.csv
1676,0,-8.500024274672684,reference,DaRUS-4999/direct_upsampling_data_rungs_1-3/thermodynamic_properties/tridymite_beta_pbe_d3bj.csv
1677,0,-8.500574194488836,reference,DaRUS-4999/direct_upsampling_data_rungs_1-3/thermodynamic_properties/tridymite_beta_pbe_d3bj.csv
1678,0,-8.50112426909833,reference,DaRUS-4999/direct_upsampling_data_rungs_1-3/thermodynamic_properties/tridymite_beta_pbe_d3bj.csv
1679,0,-8.501674498414276,reference,DaRUS-4999/direct_upsampling_data_rungs_1-3/thermodynamic_properties/tridymite_beta_pbe_d3bj.csv
1680,0,-8.502224882349896,reference,DaRUS-4999/direct_upsampling_data_rungs_1-3/thermodynamic_properties/tridymite_beta_pbe_d3bj.csv
1681,0,-8.502775420818494,reference,DaRUS-4999/direct_upsampling_data_rungs_1-3/thermodynamic_properties/tridymite_beta_pbe_d3bj.csv
1682,0,-8.503326113733479,reference,DaRUS-4999/direct_upsampling_data_rungs_1-3/thermodynamic_properties/tridymite_beta_pbe_d3bj.csv
1683,0,-8.503876961008357,reference,DaRUS-4999/direct_upsampling_data_rungs_1-3/thermodynamic_properties/tridymite_beta_pbe_d3bj.csv
1684,0,-8.504427962556731,reference,DaRUS-4999/direct_upsampling_data_rungs_1-3/thermodynamic_properties/tridymite_beta_pbe_d3bj.csv
1685,0,-8.504979118292292,reference,DaRUS-4999/direct_upsampling_data_rungs_1-3/thermodynamic_properties/tridymite_beta_pbe_d3bj.csv
1686,0,-8.505530428128845,reference,DaRUS-4999/direct_upsampling_data_rungs_1-3/thermodynamic_properties/tridymite_beta_pbe_d3bj.csv
1687,0,-8.506081891980276,reference,DaRUS-4999/direct_upsampling_data_rungs_1-3/thermodynamic_properties/tridymite_beta_pbe_d3bj.csv
1688,0,-8.506633509760574,reference,DaRUS-4999/direct_upsampling_data_rungs_1-3/thermodynamic_properties/tridymite_beta_pbe_d3bj.csv
1689,0,-8.507185281383824,reference,DaRUS-4999/direct_upsampling_data_rungs_1-3/thermodynamic_properties/tridymite_beta_pbe_d3bj.csv
1690,0,-8.507737206764208,reference,DaRUS-4999/direct_upsampling_data_rungs_1-3/thermodynamic_properties/tridymite_beta_pbe_d3bj.csv
1691,0,-8.508289285815996,reference,DaRUS-4999/direct_upsampling_data_rungs_1-3/thermodynamic_properties/tridymite_beta_pbe_d3bj.csv
1692,0,-8.508841518453568,reference,DaRUS-4999/direct_upsampling_data_rungs_1-3/thermodynamic_properties/tridymite_beta_pbe_d3bj.csv
1693,0,-8.509393904591382,reference,DaRUS-4999/direct_upsampling_data_rungs_1-3/thermodynamic_properties/tridymite_beta_pbe_d3bj.csv
1694,0,-8.509946444144013,reference,DaRUS-4999/direct_upsampling_data_rungs_1-3/thermodynamic_properties/tridymite_beta_pbe_d3bj.csv
1695,0,-8.510499137026109,reference,DaRUS-4999/direct_upsampling_data_rungs_1-3/thermodynamic_properties/tridymite_beta_pbe_d3bj.csv
1696,0,-8.511051983152424,reference,DaRUS-4999/direct_upsampling_data_rungs_1-3/thermodynamic_properties/tridymite_beta_pbe_d3bj.csv
1697,0,-8.511604982437809,reference,DaRUS-4999/direct_upsampling_data_rungs_1-3/thermodynamic_properties/tridymite_beta_pbe_d3bj.csv
1698,0,-8.512158134797209,reference,DaRUS-4999/direct_upsampling_data_rungs_1-3/thermodynamic_properties/tridymite_beta_pbe_d3bj.csv
1699,0,-8.51271144014566,reference,DaRUS-4999/direct_upsampling_data_rungs_1-3/thermodynamic_properties/tridymite_beta_pbe_d3bj.csv
1700,0,-8.513264898398287,reference,DaRUS-4999/direct_upsampling_data_rungs_1-3/thermodynamic_properties/tridymite_beta_pbe_d3bj.csv
1701,0,-8.513818509470326,reference,DaRUS-4999/direct_upsampling_data_rungs_1-3/thermodynamic_properties/tridymite_beta_pbe_d3bj.csv
1702,0,-8.514372273277095,reference,DaRUS-4999/direct_upsampling_data_rungs_1-3/thermodynamic_properties/tridymite_beta_pbe_d3bj.csv
1703,0,-8.514926189734007,reference,DaRUS-4999/direct_upsampling_data_rungs_1-3/thermodynamic_properties/tridymite_beta_pbe_d3bj.csv
1704,0,-8.515480258756567,reference,DaRUS-4999/direct_upsampling_data_rungs_1-3/thermodynamic_properties/tridymite_beta_pbe_d3bj.csv
1705,0,-8.51603448026038,reference,DaRUS-4999/direct_upsampling_data_rungs_1-3/thermodynamic_properties/tridymite_beta_pbe_d3bj.csv
1706,0,-8.516588854161144,reference,DaRUS-4999/direct_upsampling_data_rungs_1-3/thermodynamic_properties/tridymite_beta_pbe_d3bj.csv
1707,0,-8.517143380374648,reference,DaRUS-4999/direct_upsampling_data_rungs_1-3/thermodynamic_properties/tridymite_beta_pbe_d3bj.csv
1708,0,-8.517698058816768,reference,DaRUS-4999/direct_upsampling_data_rungs_1-3/thermodynamic_properties/tridymite_beta_pbe_d3bj.csv
1709,0,-8.518252889403488,reference,DaRUS-4999/direct_upsampling_data_rungs_1-3/thermodynamic_properties/tridymite_beta_pbe_d3bj.csv
1710,0,-8.518807872050868,reference,DaRUS-4999/direct_upsampling_data_rungs_1-3/thermodynamic_properties/tridymite_beta_pbe_d3bj.csv
1711,0,-8.519363006675073,reference,DaRUS-4999/direct_upsampling_data_rungs_1-3/thermodynamic_properties/tridymite_beta_pbe_d3bj.csv
1712,0,-8.51991829319236,reference,DaRUS-4999/direct_upsampling_data_rungs_1-3/thermodynamic_properties/tridymite_beta_pbe_d3bj.csv
1713,0,-8.520473731519068,reference,DaRUS-4999/direct_upsampling_data_rungs_1-3/thermodynamic_properties/tridymite_beta_pbe_d3bj.csv
1714,0,-8.521029321571643,reference,DaRUS-4999/direct_upsampling_data_rungs_1-3/thermodynamic_properties/tridymite_beta_pbe_d3bj.csv
1715,0,-8.521585063266608,reference,DaRUS-4999/direct_upsampling_data_rungs_1-3/thermodynamic_properties/tridymite_beta_pbe_d3bj.csv
1716,0,-8.522140956520595,reference,DaRUS-4999/direct_upsampling_data_rungs_1-3/thermodynamic_properties/tridymite_beta_pbe_d3bj.csv
1717,0,-8.522697001250307,reference,DaRUS-4999/direct_upsampling_data_rungs_1-3/thermodynamic_properties/tridymite_beta_pbe_d3bj.csv
1718,0,-8.523253197372561,reference,DaRUS-4999/direct_upsampling_data_rungs_1-3/thermodynamic_properties/tridymite_beta_pbe_d3bj.csv
1719,0,-8.523809544804248,reference,DaRUS-4999/direct_upsampling_data_rungs_1-3/thermodynamic_properties/tridymite_beta_pbe_d3bj.csv
1720,0,-8.524366043462365,reference,DaRUS-4999/direct_upsampling_data_rungs_1-3/thermodynamic_properties/tridymite_beta_pbe_d3bj.csv
1721,0,-8.524922693263985,reference,DaRUS-4999/direct_upsampling_data_rungs_1-3/thermodynamic_properties/tridymite_beta_pbe_d3bj.csv
1722,0,-8.525479494126284,reference,DaRUS-4999/direct_upsampling_data_rungs_1-3/thermodynamic_properties/tridymite_beta_pbe_d3bj.csv
1723,0,-8.526036445966522,reference,DaRUS-4999/direct_upsampling_data_rungs_1-3/thermodynamic_properties/tridymite_beta_pbe_d3bj.csv
1724,0,-8.526593548702058,reference,DaRUS-4999/direct_upsampling_data_rungs_1-3/thermodynamic_properties/tridymite_beta_pbe_d3bj.csv
1725,0,-8.527150802250331,reference,DaRUS-4999/direct_upsampling_data_rungs_1-3/thermodynamic_properties/tridymite_beta_pbe_d3bj.csv
1726,0,-8.527708206528878,reference,DaRUS-4999/direct_upsampling_data_rungs_1-3/thermodynamic_properties/tridymite_beta_pbe_d3bj.csv
1727,0,-8.528265761455327,reference,DaRUS-4999/direct_upsampling_data_rungs_1-3/thermodynamic_properties/tridymite_beta_pbe_d3bj.csv
1728,0,-8.528823466947392,reference,DaRUS-4999/direct_upsampling_data_rungs_1-3/thermodynamic_properties/tridymite_beta_pbe_d3bj.csv
1729,0,-8.529381322922879,reference,DaRUS-4999/direct_upsampling_data_rungs_1-3/thermodynamic_properties/tridymite_beta_pbe_d3bj.csv
1730,0,-8.52993932929968,reference,DaRUS-4999/direct_upsampling_data_rungs_1-3/thermodynamic_properties/tridymite_beta_pbe_d3bj.csv
1731,0,-8.530497485995788,reference,DaRUS-4999/direct_upsampling_data_rungs_1-3/thermodynamic_properties/tridymite_beta_pbe_d3bj.csv
1732,0,-8.531055792929273,reference,DaRUS-4999/direct_upsampling_data_rungs_1-3/thermodynamic_properties/tridymite_beta_pbe_d3bj.csv
1733,0,-8.531614250018301,reference,DaRUS-4999/direct_upsampling_data_rungs_1-3/thermodynamic_properties/tridymite_beta_pbe_d3bj.csv
1734,0,-8.532172857181129,reference,DaRUS-4999/direct_upsampling_data_rungs_1-3/thermodynamic_properties/tridymite_beta_pbe_d3bj.csv
1735,0,-8.5327316143361,reference,DaRUS-4999/direct_upsampling_data_rungs_1-3/thermodynamic_properties/tridymite_beta_pbe_d3bj.csv
1736,0,-8.533290521401643,reference,DaRUS-4999/direct_upsampling_data_rungs_1-3/thermodynamic_properties/tridymite_beta_pbe_d3bj.csv
1737,0,-8.533849578296284,reference,DaRUS-4999/direct_upsampling_data_rungs_1-3/thermodynamic_properties/tridymite_beta_pbe_d3bj.csv
1738,0,-8.534408784938634,reference,DaRUS-4999/direct_upsampling_data_rungs_1-3/thermodynamic_properties/tridymite_beta_pbe_d3bj.csv
1739,0,-8.534968141247385,reference,DaRUS-4999/direct_upsampling_data_rungs_1-3/thermodynamic_properties/tridymite_beta_pbe_d3bj.csv
1740,0,-8.535527647141334,reference,DaRUS-4999/direct_upsampling_data_rungs_1-3/thermodynamic_properties/tridymite_beta_pbe_d3bj.csv
1741,0,-8.536087302539352,reference,DaRUS-4999/direct_upsampling_data_rungs_1-3/thermodynamic_properties/tridymite_beta_pbe_d3bj.csv
1742,0,-8.536647107360407,reference,DaRUS-4999/direct_upsampling_data_rungs_1-3/thermodynamic_properties/tridymite_beta_pbe_d3bj.csv
1743,0,-8.537207061523549,reference,DaRUS-4999/direct_upsampling_data_rungs_1-3/thermodynamic_properties/tridymite_beta_pbe_d3bj.csv
1744,0,-8.537767164947919,reference,DaRUS-4999/direct_upsampling_data_rungs_1-3/thermodynamic_properties/tridymite_beta_pbe_d3bj.csv
1745,0,-8.53832741755275,reference,DaRUS-4999/direct_upsampling_data_rungs_1-3/thermodynamic_properties/tridymite_beta_pbe_d3bj.csv
1746,0,-8.538887819257349,reference,DaRUS-4999/direct_upsampling_data_rungs_1-3/thermodynamic_properties/tridymite_beta_pbe_d3bj.csv
1747,0,-8.539448369981127,reference,DaRUS-4999/direct_upsampling_data_rungs_1-3/thermodynamic_properties/tridymite_beta_pbe_d3bj.csv
1748,0,-8.540009069643578,reference,DaRUS-4999/direct_upsampling_data_rungs_1-3/thermodynamic_properties/tridymite_beta_pbe_d3bj.csv
1749,0,-8.540569918164268,reference,DaRUS-4999/direct_upsampling_data_rungs_1-3/thermodynamic_properties/tridymite_beta_pbe_d3bj.csv
1750,0,-8.541130915462874,reference,DaRUS-4999/direct_upsampling_data_rungs_1-3/thermodynamic_properties/tridymite_beta_pbe_d3bj.csv
1751,0,-8.541692061459147,reference,DaRUS-4999/direct_upsampling_data_rungs_1-3/thermodynamic_properties/tridymite_beta_pbe_d3bj.csv
1752,0,-8.542253356072923,reference,DaRUS-4999/direct_upsampling_data_rungs_1-3/thermodynamic_properties/tridymite_beta_pbe_d3bj.csv
1753,0,-8.542814799224132,reference,DaRUS-4999/direct_upsampling_data_rungs_1-3/thermodynamic_properties/tridymite_beta_pbe_d3bj.csv
1754,0,-8.543376390832785,reference,DaRUS-4999/direct_upsampling_data_rungs_1-3/thermodynamic_properties/tridymite_beta_pbe_d3bj.csv
1755,0,-8.543938130818978,reference,DaRUS-4999/direct_upsampling_data_rungs_1-3/thermodynamic_properties/tridymite_beta_pbe_d3bj.csv
1756,0,-8.544500019102902,reference,DaRUS-4999/direct_upsampling_data_rungs_1-3/thermodynamic_properties/tridymite_beta_pbe_d3bj.csv
1757,0,-8.545062055604829,reference,DaRUS-4999/direct_upsampling_data_rungs_1-3/thermodynamic_properties/tridymite_beta_pbe_d3bj.csv
1758,0,-8.545624240245115,reference,DaRUS-4999/direct_upsampling_data_rungs_1-3/thermodynamic_properties/tridymite_beta_pbe_d3bj.csv
1759,0,-8.546186572944201,reference,DaRUS-4999/direct_upsampling_data_rungs_1-3/thermodynamic_properties/tridymite_beta_pbe_d3bj.csv
1760,0,-8.546749053622621,reference,DaRUS-4999/direct_upsampling_data_rungs_1-3/thermodynamic_properties/tridymite_beta_pbe_d3bj.csv
1761,0,-8.547311682200988,reference,DaRUS-4999/direct_upsampling_data_rungs_1-3/thermodynamic_properties/tridymite_beta_pbe_d3bj.csv
1762,0,-8.547874458600003,reference,DaRUS-4999/direct_upsampling_data_rungs_1-3/thermodynamic_properties/tridymite_beta_pbe_d3bj.csv
1763,0,-8.548437382740456,reference,DaRUS-4999/direct_upsampling_data_rungs_1-3/thermodynamic_properties/tridymite_beta_pbe_d3bj.csv
1764,0,-8.54900045454321,reference,DaRUS-4999/direct_upsampling_data_rungs_1-3/thermodynamic_properties/tridymite_beta_pbe_d3bj.csv
1765,0,-8.549563673929228,reference,DaRUS-4999/direct_upsampling_data_rungs_1-3/thermodynamic_properties/tridymite_beta_pbe_d3bj.csv
1766,0,-8.55012704081955,reference,DaRUS-4999/direct_upsampling_data_rungs_1-3/thermodynamic_properties/tridymite_beta_pbe_d3bj.csv
1767,0,-8.550690555135304,reference,DaRUS-4999/direct_upsampling_data_rungs_1-3/thermodynamic_properties/tridymite_beta_pbe_d3bj.csv
1768,0,-8.551254216797696,reference,DaRUS-4999/direct_upsampling_data_rungs_1-3/thermodynamic_properties/tridymite_beta_pbe_d3bj.csv
1769,0,-8.551818025728029,reference,DaRUS-4999/direct_upsampling_data_rungs_1-3/thermodynamic_properties/tridymite_beta_pbe_d3bj.csv
1770,0,-8.552381981847674,reference,DaRUS-4999/direct_upsampling_data_rungs_1-3/thermodynamic_properties/tridymite_beta_pbe_d3bj.csv
1771,0,-8.552946085078103,reference,DaRUS-4999/direct_upsampling_data_rungs_1-3/thermodynamic_properties/tridymite_beta_pbe_d3bj.csv
1772,0,-8.553510335340857,reference,DaRUS-4999/direct_upsampling_data_rungs_1-3/thermodynamic_properties/tridymite_beta_pbe_d3bj.csv
1773,0,-8.554074732557579,reference,DaRUS-4999/direct_upsampling_data_rungs_1-3/thermodynamic_properties/tridymite_beta_pbe_d3bj.csv
1774,0,-8.554639276649972,reference,DaRUS-4999/direct_upsampling_data_rungs_1-3/thermodynamic_properties/tridymite_beta_pbe_d3bj.csv
1775,0,-8.555203967539848,reference,DaRUS-4999/direct_upsampling_data_rungs_1-3/thermodynamic_properties/tridymite_beta_pbe_d3bj.csv
1776,0,-8.555768805149084,reference,DaRUS-4999/direct_upsampling_data_rungs_1-3/thermodynamic_properties/tridymite_beta_pbe_d3bj.csv
1777,0,-8.55633378939965,reference,DaRUS-4999/direct_upsampling_data_rungs_1-3/thermodynamic_properties/tridymite_beta_pbe_d3bj.csv
1778,0,-8.556898920213596,reference,DaRUS-4999/direct_upsampling_data_rungs_1-3/thermodynamic_properties/tridymite_beta_pbe_d3bj.csv
1779,0,-8.557464197513054,reference,DaRUS-4999/direct_upsampling_data_rungs_1-3/thermodynamic_properties/tridymite_beta_pbe_d3bj.csv
1780,0,-8.558029621220244,reference,DaRUS-4999/direct_upsampling_data_rungs_1-3/thermodynamic_properties/tridymite_beta_pbe_d3bj.csv
1781,0,-8.558595191257464,reference,DaRUS-4999/direct_upsampling_data_rungs_1-3/thermodynamic_properties/tridymite_beta_pbe_d3bj.csv
1782,0,-8.559160907547097,reference,DaRUS-4999/direct_upsampling_data_rungs_1-3/thermodynamic_properties/tridymite_beta_pbe_d3bj.csv
1783,0,-8.559726770011611,reference,DaRUS-4999/direct_upsampling_data_rungs_1-3/thermodynamic_properties/tridymite_beta_pbe_d3bj.csv
1784,0,-8.560292778573551,reference,DaRUS-4999/direct_upsampling_data_rungs_1-3/thermodynamic_properties/tridymite_beta_pbe_d3bj.csv
1785,0,-8.560858933155549,reference,DaRUS-4999/direct_upsampling_data_rungs_1-3/thermodynamic_properties/tridymite_beta_pbe_d3bj.csv
1786,0,-8.561425233680318,reference,DaRUS-4999/direct_upsampling_data_rungs_1-3/thermodynamic_properties/tridymite_beta_pbe_d3bj.csv
1787,0,-8.561991680070653,reference,DaRUS-4999/direct_upsampling_data_rungs_1-3/thermodynamic_properties/tridymite_beta_pbe_d3bj.csv
1788,0,-8.562558272249429,reference,DaRUS-4999/direct_upsampling_data_rungs_1-3/thermodynamic_properties/tridymite_beta_pbe_d3bj.csv
1789,0,-8.563125010139609,reference,DaRUS-4999/direct_upsampling_data_rungs_1-3/thermodynamic_properties/tridymite_beta_pbe_d3bj.csv
1790,0,-8.563691893664231,reference,DaRUS-4999/direct_upsampling_data_rungs_1-3/thermodynamic_properties/tridymite_beta_pbe_d3bj.csv
1791,0,-8.564258922746419,reference,DaRUS-4999/direct_upsampling_data_rungs_1-3/thermodynamic_properties/tridymite_beta_pbe_d3bj.csv
1792,0,-8.56482609730938,reference,DaRUS-4999/direct_upsampling_data_rungs_1-3/thermodynamic_properties/tridymite_beta_pbe_d3bj.csv
1793,0,-8.565393417276391,reference,DaRUS-4999/direct_upsampling_data_rungs_1-3/thermodynamic_properties/tridymite_beta_pbe_d3bj.csv
1794,0,-8.565960882570829,reference,DaRUS-4999/direct_upsampling_data_rungs_1-3/thermodynamic_properties/tridymite_beta_pbe_d3bj.csv
1795,0,-8.566528493116138,reference,DaRUS-4999/direct_upsampling_data_rungs_1-3/thermodynamic_properties/tridymite_beta_pbe_d3bj.csv
1796,0,-8.567096248835846,reference,DaRUS-4999/direct_upsampling_data_rungs_1-3/thermodynamic_properties/tridymite_beta_pbe_d3bj.csv
1797,0,-8.567664149653565,reference,DaRUS-4999/direct_upsampling_data_rungs_1-3/thermodynamic_properties/tridymite_beta_pbe_d3bj.csv
1798,0,-8.568232195492982,reference,DaRUS-4999/direct_upsampling_data_rungs_1-3/thermodynamic_properties/tridymite_beta_pbe_d3bj.csv
1799,0,-8.568800386277875,reference,DaRUS-4999/direct_upsampling_data_rungs_1-3/thermodynamic_properties/tridymite_beta_pbe_d3bj.csv
1800,0,-8.569368721932094,reference,DaRUS-4999/direct_upsampling_data_rungs_1-3/thermodynamic_properties/tridymite_beta_pbe_d3bj.csv
1801,0,-8.56993720237957,reference,DaRUS-4999/direct_upsampling_data_rungs_1-3/thermodynamic_properties/tridymite_beta_pbe_d3bj.csv
1802,0,-8.570505827544315,reference,DaRUS-4999/direct_upsampling_data_rungs_1-3/thermodynamic_properties/tridymite_beta_pbe_d3bj.csv
1803,0,-8.571074597350425,reference,DaRUS-4999/direct_upsampling_data_rungs_1-3/thermodynamic_properties/tridymite_beta_pbe_d3bj.csv
1804,0,-8.571643511722071,reference,DaRUS-4999/direct_upsampling_data_rungs_1-3/thermodynamic_properties/tridymite_beta_pbe_d3bj.csv
1805,0,-8.57221257058351,reference,DaRUS-4999/direct_upsampling_data_rungs_1-3/thermodynamic_properties/tridymite_beta_pbe_d3bj.csv
1806,0,-8.572781773859068,reference,DaRUS-4999/direct_upsampling_data_rungs_1-3/thermodynamic_properties/tridymite_beta_pbe_d3bj.csv
1807,0,-8.573351121473163,reference,DaRUS-4999/direct_upsampling_data_rungs_1-3/thermodynamic_properties/tridymite_beta_pbe_d3bj.csv
1808,0,-8.573920613350285,reference,DaRUS-4999/direct_upsampling_data_rungs_1-3/thermodynamic_properties/tridymite_beta_pbe_d3bj.csv
1809,0,-8.574490249415009,reference,DaRUS-4999/direct_upsampling_data_rungs_1-3/thermodynamic_properties/tridymite_beta_pbe_d3bj.csv
1810,0,-8.575060029591981,reference,DaRUS-4999/direct_upsampling_data_rungs_1-3/thermodynamic_properties/tridymite_beta_pbe_d3bj.csv
1811,0,-8.575629953805931,reference,DaRUS-4999/direct_upsampling_data_rungs_1-3/thermodynamic_properties/tridymite_beta_pbe_d3bj.csv
1812,0,-8.576200021981675,reference,DaRUS-4999/direct_upsampling_data_rungs_1-3/thermodynamic_properties/tridymite_beta_pbe_d3bj.csv
1813,0,-8.576770234044094,reference,DaRUS-4999/direct_upsampling_data_rungs_1-3/thermodynamic_properties/tridymite_beta_pbe_d3bj.csv
1814,0,-8.577340589918155,reference,DaRUS-4999/direct_upsampling_data_rungs_1-3/thermodynamic_properties/tridymite_beta_pbe_d3bj.csv
1815,0,-8.577911089528911,reference,DaRUS-4999/direct_upsampling_data_rungs_1-3/thermodynamic_properties/tridymite_beta_pbe_d3bj.csv
1816,0,-8.578481732801478,reference,DaRUS-4999/direct_upsampling_data_rungs_1-3/thermodynamic_properties/tridymite_beta_pbe_d3bj.csv
1817,0,-8.579052519661063,reference,DaRUS-4999/direct_upsampling_data_rungs_1-3/thermodynamic_properties/tridymite_beta_pbe_d3bj.csv
1818,0,-8.579623450032946,reference,DaRUS-4999/direct_upsampling_data_rungs_1-3/thermodynamic_properties/tridymite_beta_pbe_d3bj.csv
1819,0,-8.580194523842483,reference,DaRUS-4999/direct_upsampling_data_rungs_1-3/thermodynamic_properties/tridymite_beta_pbe_d3bj.csv
1820,0,-8.580765741015119,reference,DaRUS-4999/direct_upsampling_data_rungs_1-3/thermodynamic_properties/tridymite_beta_pbe_d3bj.csv
1821,0,-8.581337101476363,reference,DaRUS-4999/direct_upsampling_data_rungs_1-3/thermodynamic_properties/tridymite_beta_pbe_d3bj.csv
1822,0,-8.581908605151808,reference,DaRUS-4999/direct_upsampling_data_rungs_1-3/thermodynamic_properties/tridymite_beta_pbe_d3bj.csv
1823,0,-8.582480251967128,reference,DaRUS-4999/direct_upsampling_data_rungs_1-3/thermodynamic_properties/tridymite_beta_pbe_d3bj.csv
1824,0,-8.58305204184807,reference,DaRUS-4999/direct_upsampling_data_rungs_1-3/thermodynamic_properties/tridymite_beta_pbe_d3bj.csv
1825,0,-8.583623974720462,reference,DaRUS-4999/direct_upsampling_data_rungs_1-3/thermodynamic_properties/tridymite_beta_pbe_d3bj.csv
1826,0,-8.584196050510204,reference,DaRUS-4999/direct_upsampling_data_rungs_1-3/thermodynamic_properties/tridymite_beta_pbe_d3bj.csv
1827,0,-8.584768269143279,reference,DaRUS-4999/direct_upsampling_data_rungs_1-3/thermodynamic_properties/tridymite_beta_pbe_d3bj.csv
1828,0,-8.585340630545744,reference,DaRUS-4999/direct_upsampling_data_rungs_1-3/thermodynamic_properties/tridymite_beta_pbe_d3bj.csv
1829,0,-8.585913134643732,reference,DaRUS-4999/direct_upsampling_data_rungs_1-3/thermodynamic_properties/tridymite_beta_pbe_d3bj.csv
1830,0,-8.586485781363461,reference,DaRUS-4999/direct_upsampling_data_rungs_1-3/thermodynamic_properties/tridymite_beta_pbe_d3bj.csv
1831,0,-8.587058570631212,reference,DaRUS-4999/direct_upsampling_data_rungs_1-3/thermodynamic_properties/tridymite_beta_pbe_d3bj.csv
1832,0,-8.587631502373354,reference,DaRUS-4999/direct_upsampling_data_rungs_1-3/thermodynamic_properties/tridymite_beta_pbe_d3bj.csv
1833,0,-8.588204576516329,reference,DaRUS-4999/direct_upsampling_data_rungs_1-3/thermodynamic_properties/tridymite_beta_pbe_d3bj.csv
1834,0,-8.588777792986653,reference,DaRUS-4999/direct_upsampling_data_rungs_1-3/thermodynamic_properties/tridymite_beta_pbe_d3bj.csv
1835,0,-8.589351151710922,reference,DaRUS-4999/direct_upsampling_data_rungs_1-3/thermodynamic_properties/tridymite_beta_pbe_d3bj.csv
1836,0,-8.589924652615805,reference,DaRUS-4999/direct_upsampling_data_rungs_1-3/thermodynamic_properties/tridymite_beta_pbe_d3bj.csv
1837,0,-8.590498295628054,reference,DaRUS-4999/direct_upsampling_data_rungs_1-3/thermodynamic_properties/tridymite_beta_pbe_d3bj.csv
1838,0,-8.591072080674486,reference,DaRUS-4999/direct_upsampling_data_rungs_1-3/thermodynamic_properties/tridymite_beta_pbe_d3bj.csv
1839,0,-8.591646007682,reference,DaRUS-4999/direct_upsampling_data_rungs_1-3/thermodynamic_properties/tridymite_beta_pbe_d3bj.csv
1840,0,-8.592220076577576,reference,DaRUS-4999/direct_upsampling_data_rungs_1-3/thermodynamic_properties/tridymite_beta_pbe_d3bj.csv
1841,0,-8.592794287288257,reference,DaRUS-4999/direct_upsampling_data_rungs_1-3/thermodynamic_properties/tridymite_beta_pbe_d3bj.csv
1842,0,-8.593368639741172,reference,DaRUS-4999/direct_upsampling_data_rungs_1-3/thermodynamic_properties/tridymite_beta_pbe_d3bj.csv
1843,0,-8.593943133863519,reference,DaRUS-4999/direct_upsampling_data_rungs_1-3/thermodynamic_properties/tridymite_beta_pbe_d3bj.csv
1844,0,-8.594517769582577,reference,DaRUS-4999/direct_upsampling_data_rungs_1-3/thermodynamic_properties/tridymite_beta_pbe_d3bj.csv
1845,0,-8.5950925468257,reference,DaRUS-4999/direct_upsampling_data_rungs_1-3/thermodynamic_properties/tridymite_beta_pbe_d3bj.csv
1846,0,-8.595667465520309,reference,DaRUS-4999/direct_upsampling_data_rungs_1-3/thermodynamic_properties/tridymite_beta_pbe_d3bj.csv
1847,0,-8.596242525593908,reference,DaRUS-4999/direct_upsampling_data_rungs_1-3/thermodynamic_properties/tridymite_beta_pbe_d3bj.csv
1848,0,-8.596817726974072,reference,DaRUS-4999/direct_upsampling_data_rungs_1-3/thermodynamic_properties/tridymite_beta_pbe_d3bj.csv
1849,0,-8.597393069588453,reference,DaRUS-4999/direct_upsampling_data_rungs_1-3/thermodynamic_properties/tridymite_beta_pbe_d3bj.csv
1850,0,-8.597968553364774,reference,DaRUS-4999/direct_upsampling_data_rungs_1-3/thermodynamic_properties/tridymite_beta_pbe_d3bj.csv
1851,0,-8.598544178230838,reference,DaRUS-4999/direct_upsampling_data_rungs_1-3/thermodynamic_properties/tridymite_beta_pbe_d3bj.csv
1852,0,-8.599119944114518,reference,DaRUS-4999/direct_upsampling_data_rungs_1-3/thermodynamic_properties/tridymite_beta_pbe_d3bj.csv
1853,0,-8.59969585094376,reference,DaRUS-4999/direct_upsampling_data_rungs_1-3/thermodynamic_properties/tridymite_beta_pbe_d3bj.csv
1854,0,-8.600271898646593,reference,DaRUS-4999/direct_upsampling_data_rungs_1-3/thermodynamic_properties/tridymite_beta_pbe_d3bj.csv
1855,0,-8.600848087151109,reference,DaRUS-4999/direct_upsampling_data_rungs_1-3/thermodynamic_properties/tridymite_beta_pbe_d3bj.csv
1856,0,-8.601424416385477,reference,DaRUS-4999/direct_upsampling_data_rungs_1-3/thermodynamic_properties/tridymite_beta_pbe_d3bj.csv
1857,0,-8.602000886277946,reference,DaRUS-4999/direct_upsampling_data_rungs_1-3/thermodynamic_properties/tridymite_beta_pbe_d3bj.csv
1858,0,-8.602577496756831,reference,DaRUS-4999/direct_upsampling_data_rungs_1-3/thermodynamic_properties/tridymite_beta_pbe_d3bj.csv
1859,0,-8.603154247750522,reference,DaRUS-4999/direct_upsampling_data_rungs_1-3/thermodynamic_properties/tridymite_beta_pbe_d3bj.csv
1860,0,-8.603731139187492,reference,DaRUS-4999/direct_upsampling_data_rungs_1-3/thermodynamic_properties/tridymite_beta_pbe_d3bj.csv
1861,0,-8.604308170996273,reference,DaRUS-4999/direct_upsampling_data_rungs_1-3/thermodynamic_properties/tridymite_beta_pbe_d3bj.csv
1862,0,-8.604885343105476,reference,DaRUS-4999/direct_upsampling_data_rungs_1-3/thermodynamic_properties/tridymite_beta_pbe_d3bj.csv
1863,0,-8.605462655443789,reference,DaRUS-4999/direct_upsampling_data_rungs_1-3/thermodynamic_properties/tridymite_beta_pbe_d3bj.csv
1864,0,-8.60604010793997,reference,DaRUS-4999/direct_upsampling_data_rungs_1-3/thermodynamic_properties/tridymite_beta_pbe_d3bj.csv
1865,0,-8.606617700522845,reference,DaRUS-4999/direct_upsampling_data_rungs_1-3/thermodynamic_properties/tridymite_beta_pbe_d3bj.csv
1866,0,-8.607195433121325,reference,DaRUS-4999/direct_upsampling_data_rungs_1-3/thermodynamic_properties/tridymite_beta_pbe_d3bj.csv
1867,0,-8.607773305664383,reference,DaRUS-4999/direct_upsampling_data_rungs_1-3/thermodynamic_properties/tridymite_beta_pbe_d3bj.csv
1868,0,-8.608351318081066,reference,DaRUS-4999/direct_upsampling_data_rungs_1-3/thermodynamic_properties/tridymite_beta_pbe_d3bj.csv
1869,0,-8.608929470300499,reference,DaRUS-4999/direct_upsampling_data_rungs_1-3/thermodynamic_properties/tridymite_beta_pbe_d3bj.csv
1870,0,-8.609507762251871,reference,DaRUS-4999/direct_upsampling_data_rungs_1-3/thermodynamic_properties/tridymite_beta_pbe_d3bj.csv
1871,0,-8.610086193864454,reference,DaRUS-4999/direct_upsampling_data_rungs_1-3/thermodynamic_properties/tridymite_beta_pbe_d3bj.csv
1872,0,-8.610664765067584,reference,DaRUS-4999/direct_upsampling_data_rungs_1-3/thermodynamic_properties/tridymite_beta_pbe_d3bj.csv
1873,0,-8.611243475790671,reference,DaRUS-4999/direct_upsampling_data_rungs_1-3/thermodynamic_properties/tridymite_beta_pbe_d3bj.csv
1874,0,-8.611822325963194,reference,DaRUS-4999/direct_upsampling_data_rungs_1-3/thermodynamic_properties/tridymite_beta_pbe_d3bj.csv
1875,0,-8.612401315514711,reference,DaRUS-4999/direct_upsampling_data_rungs_1-3/thermodynamic_properties/tridymite_beta_pbe_d3bj.csv
1876,0,-8.612980444374847,reference,DaRUS-4999/direct_upsampling_data_rungs_1-3/thermodynamic_properties/tridymite_beta_pbe_d3bj.csv
1877,0,-8.6135597124733,reference,DaRUS-4999/direct_upsampling_data_rungs_1-3/thermodynamic_properties/tridymite_beta_pbe_d3bj.csv
1878,0,-8.614139119739836,reference,DaRUS-4999/direct_upsampling_data_rungs_1-3/thermodynamic_properties/tridymite_beta_pbe_d3bj.csv
1879,0,-8.614718666104297,reference,DaRUS-4999/direct_upsampling_data_rungs_1-3/thermodynamic_properties/tridymite_beta_pbe_d3bj.csv
1880,0,-8.615298351496596,reference,DaRUS-4999/direct_upsampling_data_rungs_1-3/thermodynamic_properties/tridymite_beta_pbe_d3bj.csv
1881,0,-8.615878175846717,reference,DaRUS-4999/direct_upsampling_data_rungs_1-3/thermodynamic_properties/tridymite_beta_pbe_d3bj.csv
1882,0,-8.616458139084706,reference,DaRUS-4999/direct_upsampling_data_rungs_1-3/thermodynamic_properties/tridymite_beta_pbe_d3bj.csv
1883,0,-8.617038241140698,reference,DaRUS-4999/direct_upsampling_data_rungs_1-3/thermodynamic_properties/tridymite_beta_pbe_d3bj.csv
1884,0,-8.617618481944881,reference,DaRUS-4999/direct_upsampling_data_rungs_1-3/thermodynamic_properties/tridymite_beta_pbe_d3bj.csv
1885,0,-8.618198861427524,reference,DaRUS-4999/direct_upsampling_data_rungs_1-3/thermodynamic_properties/tridymite_beta_pbe_d3bj.csv
1886,0,-8.618779379518969,reference,DaRUS-4999/direct_upsampling_data_rungs_1-3/thermodynamic_properties/tridymite_beta_pbe_d3bj.csv
1887,0,-8.619360036149613,reference,DaRUS-4999/direct_upsampling_data_rungs_1-3/thermodynamic_properties/tridymite_beta_pbe_d3bj.csv
1888,0,-8.619940831249945,reference,DaRUS-4999/direct_upsampling_data_rungs_1-3/thermodynamic_properties/tridymite_beta_pbe_d3bj.csv
1889,0,-8.620521764750507,reference,DaRUS-4999/direct_upsampling_data_rungs_1-3/thermodynamic_properties/tridymite_beta_pbe_d3bj.csv
1890,0,-8.621102836581921,reference,DaRUS-4999/direct_upsampling_data_rungs_1-3/thermodynamic_properties/tridymite_beta_pbe_d3bj.csv
1891,0,-8.621684046674869,reference,DaRUS-4999/direct_upsampling_data_rungs_1-3/thermodynamic_properties/tridymite_beta_pbe_d3bj.csv
1892,0,-8.62226539496012,reference,DaRUS-4999/direct_upsampling_data_rungs_1-3/thermodynamic_properties/tridymite_beta_pbe_d3bj.csv
1893,0,-8.622846881368497,reference,DaRUS-4999/direct_upsampling_data_rungs_1-3/thermodynamic_properties/tridymite_beta_pbe_d3bj.csv
1894,0,-8.623428505830898,reference,DaRUS-4999/direct_upsampling_data_rungs_1-3/thermodynamic_properties/tridymite_beta_pbe_d3bj.csv
1895,0,-8.62401026827829,reference,DaRUS-4999/direct_upsampling_data_rungs_1-3/thermodynamic_properties/tridymite_beta_pbe_d3bj.csv
1896,0,-8.624592168641717,reference,DaRUS-4999/direct_upsampling_data_rungs_1-3/thermodynamic_properties/tridymite_beta_pbe_d3bj.csv
1897,0,-8.625174206852282,reference,DaRUS-4999/direct_upsampling_data_rungs_1-3/thermodynamic_properties/tridymite_beta_pbe_d3bj.csv
1898,0,-8.625756382841164,reference,DaRUS-4999/direct_upsampling_data_rungs_1-3/thermodynamic_properties/tridymite_beta_pbe_d3bj.csv
1899,0,-8.626338696539607,reference,DaRUS-4999/direct_upsampling_data_rungs_1-3/thermodynamic_properties/tridymite_beta_pbe_d3bj.csv
1900,0,-8.626921147878926,reference,DaRUS-4999/direct_upsampling_data_rungs_1-3/thermodynamic_properties/tridymite_beta_pbe_d3bj.csv
1901,0,-8.627503736790507,reference,DaRUS-4999/direct_upsampling_data_rungs_1-3/thermodynamic_properties/tridymite_beta_pbe_d3bj.csv
1902,0,-8.628086463205801,reference,DaRUS-4999/direct_upsampling_data_rungs_1-3/thermodynamic_properties/tridymite_beta_pbe_d3bj.csv
1903,0,-8.628669327056334,reference,DaRUS-4999/direct_upsampling_data_rungs_1-3/thermodynamic_properties/tridymite_beta_pbe_d3bj.csv
1904,0,-8.629252328273695,reference,DaRUS-4999/direct_upsampling_data_rungs_1-3/thermodynamic_properties/tridymite_beta_pbe_d3bj.csv
1905,0,-8.629835466789544,reference,DaRUS-4999/direct_upsampling_data_rungs_1-3/thermodynamic_properties/tridymite_beta_pbe_d3bj.csv
1906,0,-8.630418742535609,reference,DaRUS-4999/direct_upsampling_data_rungs_1-3/thermodynamic_properties/tridymite_beta_pbe_d3bj.csv
1907,0,-8.631002155443683,reference,DaRUS-4999/direct_upsampling_data_rungs_1-3/thermodynamic_properties/tridymite_beta_pbe_d3bj.csv
1908,0,-8.631585705445643,reference,DaRUS-4999/direct_upsampling_data_rungs_1-3/thermodynamic_properties/tridymite_beta_pbe_d3bj.csv
1909,0,-8.632169392473411,reference,DaRUS-4999/direct_upsampling_data_rungs_1-3/thermodynamic_properties/tridymite_beta_pbe_d3bj.csv
1910,0,-8.632753216458992,reference,DaRUS-4999/direct_upsampling_data_rungs_1-3/thermodynamic_properties/tridymite_beta_pbe_d3bj.csv
1911,0,-8.633337177334456,reference,DaRUS-4999/direct_upsampling_data_rungs_1-3/thermodynamic_properties/tridymite_beta_pbe_d3bj.csv
1912,0,-8.633921275031943,reference,DaRUS-4999/direct_upsampling_data_rungs_1-3/thermodynamic_properties/tridymite_beta_pbe_d3bj.csv
1913,0,-8.634505509483652,reference,DaRUS-4999/direct_upsampling_data_rungs_1-3/thermodynamic_properties/tridymite_beta_pbe_d3bj.csv
1914,0,-8.635089880621866,reference,DaRUS-4999/direct_upsampling_data_rungs_1-3/thermodynamic_properties/tridymite_beta_pbe_d3bj.csv
1915,0,-8.635674388378916,reference,DaRUS-4999/direct_upsampling_data_rungs_1-3/thermodynamic_properties/tridymite_beta_pbe_d3bj.csv
1916,0,-8.636259032687219,reference,DaRUS-4999/direct_upsampling_data_rungs_1-3/thermodynamic_properties/tridymite_beta_pbe_d3bj.csv
1917,0,-8.636843813479249,reference,DaRUS-4999/direct_upsampling_data_rungs_1-3/thermodynamic_properties/tridymite_beta_pbe_d3bj.csv
1918,0,-8.637428730687542,reference,DaRUS-4999/direct_upsampling_data_rungs_1-3/thermodynamic_properties/tridymite_beta_pbe_d3bj.csv
1919,0,-8.63801378424472,reference,DaRUS-4999/direct_upsampling_data_rungs_1-3/thermodynamic_properties/tridymite_beta_pbe_d3bj.csv
1920,0,-8.638598974083454,reference,DaRUS-4999/direct_upsampling_data_rungs_1-3/thermodynamic_properties/tridymite_beta_pbe_d3bj.csv
1921,0,-8.639184300136492,reference,DaRUS-4999/direct_upsampling_data_rungs_1-3/thermodynamic_properties/tridymite_beta_pbe_d3bj.csv
1922,0,-8.639769762336645,reference,DaRUS-4999/direct_upsampling_data_rungs_1-3/thermodynamic_properties/tridymite_beta_pbe_d3bj.csv
1923,0,-8.640355360616789,reference,DaRUS-4999/direct_upsampling_data_rungs_1-3/thermodynamic_properties/tridymite_beta_pbe_d3bj.csv
1924,0,-8.640941094909875,reference,DaRUS-4999/direct_upsampling_data_rungs_1-3/thermodynamic_properties/tridymite_beta_pbe_d3bj.csv
1925,0,-8.641526965148913,reference,DaRUS-4999/direct_upsampling_data_rungs_1-3/thermodynamic_properties/tridymite_beta_pbe_d3bj.csv
1926,0,-8.642112971266982,reference,DaRUS-4999/direct_upsampling_data_rungs_1-3/thermodynamic_properties/tridymite_beta_pbe_d3bj.csv
1927,0,-8.642699113197226,reference,DaRUS-4999/direct_upsampling_data_rungs_1-3/thermodynamic_properties/tridymite_beta_pbe_d3bj.csv
1928,0,-8.643285390872862,reference,DaRUS-4999/direct_upsampling_data_rungs_1-3/thermodynamic_properties/tridymite_beta_pbe_d3bj.csv
1929,0,-8.643871804227162,reference,DaRUS-4999/direct_upsampling_data_rungs_1-3/thermodynamic_properties/tridymite_beta_pbe_d3bj.csv
1930,0,-8.644458353193471,reference,DaRUS-4999/direct_upsampling_data_rungs_1-3/thermodynamic_properties/tridymite_beta_pbe_d3bj.csv
1931,0,-8.6450450377052,reference,DaRUS-4999/direct_upsampling_data_rungs_1-3/thermodynamic_properties/tridymite_beta_pbe_d3bj.csv
1932,0,-8.645631857695832,reference,DaRUS-4999/direct_upsampling_data_rungs_1-3/thermodynamic_properties/tridymite_beta_pbe_d3bj.csv
1933,0,-8.646218813098903,reference,DaRUS-4999/direct_upsampling_data_rungs_1-3/thermodynamic_properties/tridymite_beta_pbe_d3bj.csv
1934,0,-8.646805903848021,reference,DaRUS-4999/direct_upsampling_data_rungs_1-3/thermodynamic_properties/tridymite_beta_pbe_d3bj.csv
1935,0,-8.64739312987686,reference,DaRUS-4999/direct_upsampling_data_rungs_1-3/thermodynamic_properties/tridymite_beta_pbe_d3bj.csv
1936,0,-8.647980491119165,reference,DaRUS-4999/direct_upsampling_data_rungs_1-3/thermodynamic_properties/tridymite_beta_pbe_d3bj.csv
1937,0,-8.648567987508734,reference,DaRUS-4999/direct_upsampling_data_rungs_1-3/thermodynamic_properties/tridymite_beta_pbe_d3bj.csv
1938,0,-8.649155618979444,reference,DaRUS-4999/direct_upsampling_data_rungs_1-3/thermodynamic_properties/tridymite_beta_pbe_d3bj.csv
1939,0,-8.649743385465223,reference,DaRUS-4999/direct_upsampling_data_rungs_1-3/thermodynamic_properties/tridymite_beta_pbe_d3bj.csv
1940,0,-8.65033128690008,reference,DaRUS-4999/direct_upsampling_data_rungs_1-3/thermodynamic_properties/tridymite_beta_pbe_d3bj.csv
1941,0,-8.650919323218075,reference,DaRUS-4999/direct_upsampling_data_rungs_1-3/thermodynamic_properties/tridymite_beta_pbe_d3bj.csv
1942,0,-8.651507494353346,reference,DaRUS-4999/direct_upsampling_data_rungs_1-3/thermodynamic_properties/tridymite_beta_pbe_d3bj.csv
1943,0,-8.652095800240083,reference,DaRUS-4999/direct_upsampling_data_rungs_1-3/thermodynamic_properties/tridymite_beta_pbe_d3bj.csv
1944,0,-8.652684240812551,reference,DaRUS-4999/direct_upsampling_data_rungs_1-3/thermodynamic_properties/tridymite_beta_pbe_d3bj.csv
1945,0,-8.653272816005074,reference,DaRUS-4999/direct_upsampling_data_rungs_1-3/thermodynamic_properties/tridymite_beta_pbe_d3bj.csv
1946,0,-8.653861525752044,reference,DaRUS-4999/direct_upsampling_data_rungs_1-3/thermodynamic_properties/tridymite_beta_pbe_d3bj.csv
1947,0,-8.654450369987913,reference,DaRUS-4999/direct_upsampling_data_rungs_1-3/thermodynamic_properties/tridymite_beta_pbe_d3bj.csv
1948,0,-8.655039348647206,reference,DaRUS-4999/direct_upsampling_data_rungs_1-3/thermodynamic_properties/tridymite_beta_pbe_d3bj.csv
1949,0,-8.655628461664502,reference,DaRUS-4999/direct_upsampling_data_rungs_1-3/thermodynamic_properties/tridymite_beta_pbe_d3bj.csv
1950,0,-8.656217708974451,reference,DaRUS-4999/direct_upsampling_data_rungs_1-3/thermodynamic_properties/tridymite_beta_pbe_d3bj.csv
1951,0,-8.656807090511768,reference,DaRUS-4999/direct_upsampling_data_rungs_1-3/thermodynamic_properties/tridymite_beta_pbe_d3bj.csv
1952,0,-8.657396606211227,reference,DaRUS-4999/direct_upsampling_data_rungs_1-3/thermodynamic_properties/tridymite_beta_pbe_d3bj.csv
1953,0,-8.657986256007668,reference,DaRUS-4999/direct_upsampling_data_rungs_1-3/thermodynamic_properties/tridymite_beta_pbe_d3bj.csv
1954,0,-8.658576039835998,reference,DaRUS-4999/direct_upsampling_data_rungs_1-3/thermodynamic_properties/tridymite_beta_pbe_d3bj.csv
1955,0,-8.659165957631185,reference,DaRUS-4999/direct_upsampling_data_rungs_1-3/thermodynamic_properties/tridymite_beta_pbe_d3bj.csv
1956,0,-8.659756009328259,reference,DaRUS-4999/direct_upsampling_data_rungs_1-3/thermodynamic_properties/tridymite_beta_pbe_d3bj.csv
1957,0,-8.660346194862321,reference,DaRUS-4999/direct_upsampling_data_rungs_1-3/thermodynamic_properties/tridymite_beta_pbe_d3bj.csv
1958,0,-8.660936514168524,reference,DaRUS-4999/direct_upsampling_data_rungs_1-3/thermodynamic_properties/tridymite_beta_pbe_d3bj.csv
1959,0,-8.661526967182093,reference,DaRUS-4999/direct_upsampling_data_rungs_1-3/thermodynamic_properties/tridymite_beta_pbe_d3bj.csv
1960,0,-8.662117553838319,reference,DaRUS-4999/direct_upsampling_data_rungs_1-3/thermodynamic_properties/tridymite_beta_pbe_d3bj.csv
1961,0,-8.662708274072546,reference,DaRUS-4999/direct_upsampling_data_rungs_1-3/thermodynamic_properties/tridymite_beta_pbe_d3bj.csv
1962,0,-8.663299127820189,reference,DaRUS-4999/direct_upsampling_data_rungs_1-3/thermodynamic_properties/tridymite_beta_pbe_d3bj.csv
1963,0,-8.66389011501672,reference,DaRUS-4999/direct_upsampling_data_rungs_1-3/thermodynamic_properties/tridymite_beta_pbe_d3bj.csv
1964,0,-8.664481235597686,reference,DaRUS-4999/direct_upsampling_data_rungs_1-3/thermodynamic_properties/tridymite_beta_pbe_d3bj.csv
1965,0,-8.66507248949868,reference,DaRUS-4999/direct_upsampling_data_rungs_1-3/thermodynamic_properties/tridymite_beta_pbe_d3bj.csv
1966,0,-8.665663876655374,reference,DaRUS-4999/direct_upsampling_data_rungs_1-3/thermodynamic_properties/tridymite_beta_pbe_d3bj.csv
1967,0,-8.666255397003489,reference,DaRUS-4999/direct_upsampling_data_rungs_1-3/thermodynamic_properties/tridymite_beta_pbe_d3bj.csv
1968,0,-8.66684705047882,reference,DaRUS-4999/direct_upsampling_data_rungs_1-3/thermodynamic_properties/tridymite_beta_pbe_d3bj.csv
1969,0,-8.667438837017215,reference,DaRUS-4999/direct_upsampling_data_rungs_1-3/thermodynamic_properties/tridymite_beta_pbe_d3bj.csv
1970,0,-8.668030756554595,reference,DaRUS-4999/direct_upsampling_data_rungs_1-3/thermodynamic_properties/tridymite_beta_pbe_d3bj.csv
1971,0,-8.668622809026932,reference,DaRUS-4999/direct_upsampling_data_rungs_1-3/thermodynamic_properties/tridymite_beta_pbe_d3bj.csv
1972,0,-8.669214994370266,reference,DaRUS-4999/direct_upsampling_data_rungs_1-3/thermodynamic_properties/tridymite_beta_pbe_d3bj.csv
1973,0,-8.669807312520703,reference,DaRUS-4999/direct_upsampling_data_rungs_1-3/thermodynamic_properties/tridymite_beta_pbe_d3bj.csv
1974,0,-8.670399763414405,reference,DaRUS-4999/direct_upsampling_data_rungs_1-3/thermodynamic_properties/tridymite_beta_pbe_d3bj.csv
1975,0,-8.670992346987598,reference,DaRUS-4999/direct_upsampling_data_rungs_1-3/thermodynamic_properties/tridymite_beta_pbe_d3bj.csv
1976,0,-8.671585063176568,reference,DaRUS-4999/direct_upsampling_data_rungs_1-3/thermodynamic_properties/tridymite_beta_pbe_d3bj.csv
1977,0,-8.672177911917666,reference,DaRUS-4999/direct_upsampling_data_rungs_1-3/thermodynamic_properties/tridymite_beta_pbe_d3bj.csv
1978,0,-8.672770893147304,reference,DaRUS-4999/direct_upsampling_data_rungs_1-3/thermodynamic_properties/tridymite_beta_pbe_d3bj.csv
1979,0,-8.673364006801956,reference,DaRUS-4999/direct_upsampling_data_rungs_1-3/thermodynamic_properties/tridymite_beta_pbe_d3bj.csv
1980,0,-8.673957252818157,reference,DaRUS-4999/direct_upsampling_data_rungs_1-3/thermodynamic_properties/tridymite_beta_pbe_d3bj.csv
1981,0,-8.674550631132503,reference,DaRUS-4999/direct_upsampling_data_rungs_1-3/thermodynamic_properties/tridymite_beta_pbe_d3bj.csv
1982,0,-8.675144141681651,reference,DaRUS-4999/direct_upsampling_data_rungs_1-3/thermodynamic_properties/tridymite_beta_pbe_d3bj.csv
1983,0,-8.675737784402319,reference,DaRUS-4999/direct_upsampling_data_rungs_1-3/thermodynamic_properties/tridymite_beta_pbe_d3bj.csv
1984,0,-8.676331559231286,reference,DaRUS-4999/direct_upsampling_data_rungs_1-3/thermodynamic_properties/tridymite_beta_pbe_d3bj.csv
1985,0,-8.6769254661054,reference,DaRUS-4999/direct_upsampling_data_rungs_1-3/thermodynamic_properties/tridymite_beta_pbe_d3bj.csv
1986,0,-8.677519504961555,reference,DaRUS-4999/direct_upsampling_data_rungs_1-3/thermodynamic_properties/tridymite_beta_pbe_d3bj.csv
1987,0,-8.678113675736723,reference,DaRUS-4999/direct_upsampling_data_rungs_1-3/thermodynamic_properties/tridymite_beta_pbe_d3bj.csv
1988,0,-8.678707978367925,reference,DaRUS-4999/direct_upsampling_data_rungs_1-3/thermodynamic_properties/tridymite_beta_pbe_d3bj.csv
1989,0,-8.679302412792239,reference,DaRUS-4999/direct_upsampling_data_rungs_1-3/thermodynamic_properties/tridymite_beta_pbe_d3bj.csv
1990,0,-8.679896978946823,reference,DaRUS-4999/direct_upsampling_data_rungs_1-3/thermodynamic_properties/tridymite_beta_pbe_d3bj.csv
1991,0,-8.680491676768877,reference,DaRUS-4999/direct_upsampling_data_rungs_1-3/thermodynamic_properties/tridymite_beta_pbe_d3bj.csv
1992,0,-8.681086506195664,reference,DaRUS-4999/direct_upsampling_data_rungs_1-3/thermodynamic_properties/tridymite_beta_pbe_d3bj.csv
1993,0,-8.681681467164516,reference,DaRUS-4999/direct_upsampling_data_rungs_1-3/thermodynamic_properties/tridymite_beta_pbe_d3bj.csv
1994,0,-8.682276559612827,reference,DaRUS-4999/direct_upsampling_data_rungs_1-3/thermodynamic_properties/tridymite_beta_pbe_d3bj.csv
1995,0,-8.682871783478035,reference,DaRUS-4999/direct_upsampling_data_rungs_1-3/thermodynamic_properties/tridymite_beta_pbe_d3bj.csv
1996,0,-8.683467138697649,reference,DaRUS-4999/direct_upsampling_data_rungs_1-3/thermodynamic_properties/tridymite_beta_pbe_d3bj.csv
1997,0,-8.684062625209243,reference,DaRUS-4999/direct_upsampling_data_rungs_1-3/thermodynamic_properties/tridymite_beta_pbe_d3bj.csv
1998,0,-8.684658242950441,reference,DaRUS-4999/direct_upsampling_data_rungs_1-3/thermodynamic_properties/tridymite_beta_pbe_d3bj.csv
1999,0,-8.685253991858936,reference,DaRUS-4999/direct_upsampling_data_rungs_1-3/thermodynamic_properties/tridymite_beta_pbe_d3bj.csv
2000,0,-8.685849871872472,reference,DaRUS-4999/direct_upsampling_data_rungs_1-3/thermodynamic_properties/tridymite_beta_pbe_d3bj.csv
2001,0,-8.686445882928856,reference,DaRUS-4999/direct_upsampling_data_rungs_1-3/thermodynamic_properties/tridymite_beta_pbe_d3bj.csv
2002,0,-8.687042024965956,reference,DaRUS-4999/direct_upsampling_data_rungs_1-3/thermodynamic_properties/tridymite_beta_pbe_d3bj.csv
2003,0,-8.687638297921705,reference,DaRUS-4999/direct_upsampling_data_rungs_1-3/thermodynamic_properties/tridymite_beta_pbe_d3bj.csv
2004,0,-8.688234701734082,reference,DaRUS-4999/direct_upsampling_data_rungs_1-3/thermodynamic_properties/tridymite_beta_pbe_d3bj.csv
2005,0,-8.688831236341137,reference,DaRUS-4999/direct_upsampling_data_rungs_1-3/thermodynamic_properties/tridymite_beta_pbe_d3bj.csv
2006,0,-8.689427901680977,reference,DaRUS-4999/direct_upsampling_data_rungs_1-3/thermodynamic_properties/tridymite_beta_pbe_d3bj.csv
2007,0,-8.690024697691761,reference,DaRUS-4999/direct_upsampling_data_rungs_1-3/thermodynamic_properties/tridymite_beta_pbe_d3bj.csv
2008,0,-8.690621624311721,reference,DaRUS-4999/direct_upsampling_data_rungs_1-3/thermodynamic_properties/tridymite_beta_pbe_d3bj.csv
2009,0,-8.691218681479132,reference,DaRUS-4999/direct_upsampling_data_rungs_1-3/thermodynamic_properties/tridymite_beta_pbe_d3bj.csv
2010,0,-8.691815869132341,reference,DaRUS-4999/direct_upsampling_data_rungs_1-3/thermodynamic_properties/tridymite_beta_pbe_d3bj.csv
2011,0,-8.692413187209747,reference,DaRUS-4999/direct_upsampling_data_rungs_1-3/thermodynamic_properties/tridymite_beta_pbe_d3bj.csv
2012,0,-8.693010635649811,reference,DaRUS-4999/direct_upsampling_data_rungs_1-3/thermodynamic_properties/tridymite_beta_pbe_d3bj.csv
2013,0,-8.693608214391048,reference,DaRUS-4999/direct_upsampling_data_rungs_1-3/thermodynamic_properties/tridymite_beta_pbe_d3bj.csv
2014,0,-8.694205923372042,reference,DaRUS-4999/direct_upsampling_data_rungs_1-3/thermodynamic_properties/tridymite_beta_pbe_d3bj.csv
2015,0,-8.694803762531421,reference,DaRUS-4999/direct_upsampling_data_rungs_1-3/thermodynamic_properties/tridymite_beta_pbe_d3bj.csv
2016,0,-8.695401731807886,reference,DaRUS-4999/direct_upsampling_data_rungs_1-3/thermodynamic_properties/tridymite_beta_pbe_d3bj.csv
2017,0,-8.695999831140185,reference,DaRUS-4999/direct_upsampling_data_rungs_1-3/thermodynamic_properties/tridymite_beta_pbe_d3bj.csv
2018,0,-8.69659806046713,reference,DaRUS-4999/direct_upsampling_data_rungs_1-3/thermodynamic_properties/tridymite_beta_pbe_d3bj.csv
2019,0,-8.697196419727591,reference,DaRUS-4999/direct_upsampling_data_rungs_1-3/thermodynamic_properties/tridymite_beta_pbe_d3bj.csv
2020,0,-8.697794908860496,reference,DaRUS-4999/direct_upsampling_data_rungs_1-3/thermodynamic_properties/tridymite_beta_pbe_d3bj.csv
2021,0,-8.698393527804832,reference,DaRUS-4999/direct_upsampling_data_rungs_1-3/thermodynamic_properties/tridymite_beta_pbe_d3bj.csv
2022,0,-8.698992276499643,reference,DaRUS-4999/direct_upsampling_data_rungs_1-3/thermodynamic_properties/tridymite_beta_pbe_d3bj.csv
2023,0,-8.699591154884022,reference,DaRUS-4999/direct_upsampling_data_rungs_1-3/thermodynamic_properties/tridymite_beta_pbe_d3bj.csv
2024,0,-8.700190162897139,reference,DaRUS-4999/direct_upsampling_data_rungs_1-3/thermodynamic_properties/tridymite_beta_pbe_d3bj.csv
2025,0,-8.700789300478206,reference,DaRUS-4999/direct_upsampling_data_rungs_1-3/thermodynamic_properties/tridymite_beta_pbe_d3bj.csv
2026,0,-8.7013885675665,reference,DaRUS-4999/direct_upsampling_data_rungs_1-3/thermodynamic_properties/tridymite_beta_pbe_d3bj.csv
2027,0,-8.701987964101349,reference,DaRUS-4999/direct_upsampling_data_rungs_1-3/thermodynamic_properties/tridymite_beta_pbe_d3bj.csv
2028,0,-8.70258749002215,reference,DaRUS-4999/direct_upsampling_data_rungs_1-3/thermodynamic_properties/tridymite_beta_pbe_d3bj.csv
2029,0,-8.703187145268345,reference,DaRUS-4999/direct_upsampling_data_rungs_1-3/thermodynamic_properties/tridymite_beta_pbe_d3bj.csv
2030,0,-8.703786929779442,reference,DaRUS-4999/direct_upsampling_data_rungs_1-3/thermodynamic_properties/tridymite_beta_pbe_d3bj.csv
2031,0,-8.704386843495001,reference,DaRUS-4999/direct_upsampling_data_rungs_1-3/thermodynamic_properties/tridymite_beta_pbe_d3bj.csv
2032,0,-8.704986886354645,reference,DaRUS-4999/direct_upsampling_data_rungs_1-3/thermodynamic_properties/tridymite_beta_pbe_d3bj.csv
2033,0,-8.705587058298045,reference,DaRUS-4999/direct_upsampling_data_rungs_1-3/thermodynamic_properties/tridymite_beta_pbe_d3bj.csv
2034,0,-8.706187359264939,reference,DaRUS-4999/direct_upsampling_data_rungs_1-3/thermodynamic_properties/tridymite_beta_pbe_d3bj.csv
2035,0,-8.706787789195115,reference,DaRUS-4999/direct_upsampling_data_rungs_1-3/thermodynamic_properties/tridymite_beta_pbe_d3bj.csv
2036,0,-8.70738834802842,reference,DaRUS-4999/direct_upsampling_data_rungs_1-3/thermodynamic_properties/tridymite_beta_pbe_d3bj.csv
2037,0,-8.707989035704761,reference,DaRUS-4999/direct_upsampling_data_rungs_1-3/thermodynamic_properties/tridymite_beta_pbe_d3bj.csv
2038,0,-8.708589852164097,reference,DaRUS-4999/direct_upsampling_data_rungs_1-3/thermodynamic_properties/tridymite_beta_pbe_d3bj.csv
2039,0,-8.709190797346446,reference,DaRUS-4999/direct_upsampling_data_rungs_1-3/thermodynamic_properties/tridymite_beta_pbe_d3bj.csv
2040,0,-8.709791871191882,reference,DaRUS-4999/direct_upsampling_data_rungs_1-3/thermodynamic_properties/tridymite_beta_pbe_d3bj.csv
2041,0,-8.710393073640535,reference,DaRUS-4999/direct_upsampling_data_rungs_1-3/thermodynamic_properties/tridymite_beta_pbe_d3bj.csv
2042,0,-8.710994404632595,reference,DaRUS-4999/direct_upsampling_data_rungs_1-3/thermodynamic_properties/tridymite_beta_pbe_d3bj.csv
2043,0,-8.711595864108302,reference,DaRUS-4999/direct_upsampling_data_rungs_1-3/thermodynamic_properties/tridymite_beta_pbe_d3bj.csv
2044,0,-8.712197452007958,reference,DaRUS-4999/direct_upsampling_data_rungs_1-3/thermodynamic_properties/tridymite_beta_pbe_d3bj.csv
2045,0,-8.712799168271918,reference,DaRUS-4999/direct_upsampling_data_rungs_1-3/thermodynamic_properties/tridymite_beta_pbe_d3bj.csv
2046,0,-8.713401012840592,reference,DaRUS-4999/direct_upsampling_data_rungs_1-3/thermodynamic_properties/tridymite_beta_pbe_d3bj.csv
2047,0,-8.714002985654451,reference,DaRUS-4999/direct_upsampling_data_rungs_1-3/thermodynamic_properties/tridymite_beta_pbe_d3bj.csv
2048,0,-8.714605086654018,reference,DaRUS-4999/direct_upsampling_data_rungs_1-3/thermodynamic_properties/tridymite_beta_pbe_d3bj.csv
2049,0,-8.715207315779871,reference,DaRUS-4999/direct_upsampling_data_rungs_1-3/thermodynamic_properties/tridymite_beta_pbe_d3bj.csv
2050,0,-8.71580967297265,reference,DaRUS-4999/direct_upsampling_data_rungs_1-3/thermodynamic_properties/tridymite_beta_pbe_d3bj.csv
2051,0,-8.716412158173041,reference,DaRUS-4999/direct_upsampling_data_rungs_1-3/thermodynamic_properties/tridymite_beta_pbe_d3bj.csv
2052,0,-8.717014771321793,reference,DaRUS-4999/direct_upsampling_data_rungs_1-3/thermodynamic_properties/tridymite_beta_pbe_d3bj.csv
2053,0,-8.717617512359711,reference,DaRUS-4999/direct_upsampling_data_rungs_1-3/thermodynamic_properties/tridymite_beta_pbe_d3bj.csv
2054,0,-8.718220381227653,reference,DaRUS-4999/direct_upsampling_data_rungs_1-3/thermodynamic_properties/tridymite_beta_pbe_d3bj.csv
2055,0,-8.718823377866528,reference,DaRUS-4999/direct_upsampling_data_rungs_1-3/thermodynamic_properties/tridymite_beta_pbe_d3bj.csv
2056,0,-8.719426502217306,reference,DaRUS-4999/direct_upsampling_data_rungs_1-3/thermodynamic_properties/tridymite_beta_pbe_d3bj.csv
2057,0,-8.720029754221013,reference,DaRUS-4999/direct_upsampling_data_rungs_1-3/thermodynamic_properties/tridymite_beta_pbe_d3bj.csv
2058,0,-8.720633133818728,reference,DaRUS-4999/direct_upsampling_data_rungs_1-3/thermodynamic_properties/tridymite_beta_pbe_d3bj.csv
2059,0,-8.721236640951583,reference,DaRUS-4999/direct_upsampling_data_rungs_1-3/thermodynamic_properties/tridymite_beta_pbe_d3bj.csv
2060,0,-8.721840275560773,reference,DaRUS-4999/direct_upsampling_data_rungs_1-3/thermodynamic_properties/tridymite_beta_pbe_d3bj.csv
2061,0,-8.722444037587534,reference,DaRUS-4999/direct_upsampling_data_rungs_1-3/thermodynamic_properties/tridymite_beta_pbe_d3bj.csv
2062,0,-8.72304792697317,reference,DaRUS-4999/direct_upsampling_data_rungs_1-3/thermodynamic_properties/tridymite_beta_pbe_d3bj.csv
2063,0,-8.723651943659034,reference,DaRUS-4999/direct_upsampling_data_rungs_1-3/thermodynamic_properties/tridymite_beta_pbe_d3bj.csv
2064,0,-8.724256087586536,reference,DaRUS-4999/direct_upsampling_data_rungs_1-3/thermodynamic_properties/tridymite_beta_pbe_d3bj.csv
2065,0,-8.724860358697137,reference,DaRUS-4999/direct_upsampling_data_rungs_1-3/thermodynamic_properties/tridymite_beta_pbe_d3bj.csv
2066,0,-8.725464756932359,reference,DaRUS-4999/direct_upsampling_data_rungs_1-3/thermodynamic_properties/tridymite_beta_pbe_d3bj.csv
2067,0,-8.72606928223377,reference,DaRUS-4999/direct_upsampling_data_rungs_1-3/thermodynamic_properties/tridymite_beta_pbe_d3bj.csv
2068,0,-8.726673934542996,reference,DaRUS-4999/direct_upsampling_data_rungs_1-3/thermodynamic_properties/tridymite_beta_pbe_d3bj.csv
2069,0,-8.72727871380172,reference,DaRUS-4999/direct_upsampling_data_rungs_1-3/thermodynamic_properties/tridymite_beta_pbe_d3bj.csv
2070,0,-8.72788361995168,reference,DaRUS-4999/direct_upsampling_data_rungs_1-3/thermodynamic_properties/tridymite_beta_pbe_d3bj.csv
2071,0,-8.728488652934665,reference,DaRUS-4999/direct_upsampling_data_rungs_1-3/thermodynamic_properties/tridymite_beta_pbe_d3bj.csv
2072,0,-8.729093812692513,reference,DaRUS-4999/direct_upsampling_data_rungs_1-3/thermodynamic_properties/tridymite_beta_pbe_d3bj.csv
2073,0,-8.729699099167128,reference,DaRUS-4999/direct_upsampling_data_rungs_1-3/thermodynamic_properties/tridymite_beta_pbe_d3bj.csv
2074,0,-8.730304512300458,reference,DaRUS-4999/direct_upsampling_data_rungs_1-3/thermodynamic_properties/tridymite_beta_pbe_d3bj.csv
2075,0,-8.73091005203451,reference,DaRUS-4999/direct_upsampling_data_rungs_1-3/thermodynamic_properties/tridymite_beta_pbe_d3bj.csv
2076,0,-8.731515718311343,reference,DaRUS-4999/direct_upsampling_data_rungs_1-3/thermodynamic_properties/tridymite_beta_pbe_d3bj.csv
2077,0,-8.732121511073073,reference,DaRUS-4999/direct_upsampling_data_rungs_1-3/thermodynamic_properties/tridymite_beta_pbe_d3bj.csv
2078,0,-8.73272743026186,reference,DaRUS-4999/direct_upsampling_data_rungs_1-3/thermodynamic_properties/tridymite_beta_pbe_d3bj.csv
2079,0,-8.733333475819936,reference,DaRUS-4999/direct_upsampling_data_rungs_1-3/thermodynamic_properties/tridymite_beta_pbe_d3bj.csv
2080,0,-8.733939647689567,reference,DaRUS-4999/direct_upsampling_data_rungs_1-3/thermodynamic_properties/tridymite_beta_pbe_d3bj.csv
2081,0,-8.734545945813078,reference,DaRUS-4999/direct_upsampling_data_rungs_1-3/thermodynamic_properties/tridymite_beta_pbe_d3bj.csv
2082,0,-8.735152370132855,reference,DaRUS-4999/direct_upsampling_data_rungs_1-3/thermodynamic_properties/tridymite_beta_pbe_d3bj.csv
2083,0,-8.735758920591332,reference,DaRUS-4999/direct_upsampling_data_rungs_1-3/thermodynamic_properties/tridymite_beta_pbe_d3bj.csv
2084,0,-8.736365597130995,reference,DaRUS-4999/direct_upsampling_data_rungs_1-3/thermodynamic_properties/tridymite_beta_pbe_d3bj.csv
2085,0,-8.736972399694384,reference,DaRUS-4999/direct_upsampling_data_rungs_1-3/thermodynamic_properties/tridymite_beta_pbe_d3bj.csv
2086,0,-8.737579328224092,reference,DaRUS-4999/direct_upsampling_data_rungs_1-3/thermodynamic_properties/tridymite_beta_pbe_d3bj.csv
2087,0,-8.73818638266277,reference,DaRUS-4999/direct_upsampling_data_rungs_1-3/thermodynamic_properties/tridymite_beta_pbe_d3bj.csv
2088,0,-8.738793562953113,reference,DaRUS-4999/direct_upsampling_data_rungs_1-3/thermodynamic_properties/tridymite_beta_pbe_d3bj.csv
2089,0,-8.739400869037874,reference,DaRUS-4999/direct_upsampling_data_rungs_1-3/thermodynamic_properties/tridymite_beta_pbe_d3bj.csv
2090,0,-8.740008300859861,reference,DaRUS-4999/direct_upsampling_data_rungs_1-3/thermodynamic_properties/tridymite_beta_pbe_d3bj.csv
2091,0,-8.740615858361931,reference,DaRUS-4999/direct_upsampling_data_rungs_1-3/thermodynamic_properties/tridymite_beta_pbe_d3bj.csv
2092,0,-8.741223541486994,reference,DaRUS-4999/direct_upsampling_data_rungs_1-3/thermodynamic_properties/tridymite_beta_pbe_d3bj.csv
2093,0,-8.741831350178012,reference,DaRUS-4999/direct_upsampling_data_rungs_1-3/thermodynamic_properties/tridymite_beta_pbe_d3bj.csv
2094,0,-8.742439284378008,reference,DaRUS-4999/direct_upsampling_data_rungs_1-3/thermodynamic_properties/tridymite_beta_pbe_d3bj.csv
2095,0,-8.743047344030042,reference,DaRUS-4999/direct_upsampling_data_rungs_1-3/thermodynamic_properties/tridymite_beta_pbe_d3bj.csv
2096,0,-8.743655529077236,reference,DaRUS-4999/direct_upsampling_data_rungs_1-3/thermodynamic_properties/tridymite_beta_pbe_d3bj.csv
2097,0,-8.744263839462764,reference,DaRUS-4999/direct_upsampling_data_rungs_1-3/thermodynamic_properties/tridymite_beta_pbe_d3bj.csv
2098,0,-8.744872275129854,reference,DaRUS-4999/direct_upsampling_data_rungs_1-3/thermodynamic_properties/tridymite_beta_pbe_d3bj.csv
2099,0,-8.745480836021779,reference,DaRUS-4999/direct_upsampling_data_rungs_1-3/thermodynamic_properties/tridymite_beta_pbe_d3bj.csv
2100,0,-8.746089522081871,reference,DaRUS-4999/direct_upsampling_data_rungs_1-3/thermodynamic_properties/tridymite_beta_pbe_d3bj.csv
2101,0,-8.746698333253512,reference,DaRUS-4999/direct_upsampling_data_rungs_1-3/thermodynamic_properties/tridymite_beta_pbe_d3bj.csv
2102,0,-8.747307269480135,reference,DaRUS-4999/direct_upsampling_data_rungs_1-3/thermodynamic_properties/tridymite_beta_pbe_d3bj.csv
2103,0,-8.747916330705223,reference,DaRUS-4999/direct_upsampling_data_rungs_1-3/thermodynamic_properties/tridymite_beta_pbe_d3bj.csv
2104,0,-8.748525516872315,reference,DaRUS-4999/direct_upsampling_data_rungs_1-3/thermodynamic_properties/tridymite_beta_pbe_d3bj.csv
2105,0,-8.749134827924996,reference,DaRUS-4999/direct_upsampling_data_rungs_1-3/thermodynamic_properties/tridymite_beta_pbe_d3bj.csv
2106,0,-8.749744263806914,reference,DaRUS-4999/direct_upsampling_data_rungs_1-3/thermodynamic_properties/tridymite_beta_pbe_d3bj.csv
2107,0,-8.750353824461754,reference,DaRUS-4999/direct_upsampling_data_rungs_1-3/thermodynamic_properties/tridymite_beta_pbe_d3bj.csv
2108,0,-8.750963509833268,reference,DaRUS-4999/direct_upsampling_data_rungs_1-3/thermodynamic_properties/tridymite_beta_pbe_d3bj.csv
2109,0,-8.751573319865241,reference,DaRUS-4999/direct_upsampling_data_rungs_1-3/thermodynamic_properties/tridymite_beta_pbe_d3bj.csv
2110,0,-8.752183254501524,reference,DaRUS-4999/direct_upsampling_data_rungs_1-3/thermodynamic_properties/tridymite_beta_pbe_d3bj.csv
2111,0,-8.752793313686016,reference,DaRUS-4999/direct_upsampling_data_rungs_1-3/thermodynamic_properties/tridymite_beta_pbe_d3bj.csv
2112,0,-8.753403497362665,reference,DaRUS-4999/direct_upsampling_data_rungs_1-3/thermodynamic_properties/tridymite_beta_pbe_d3bj.csv
2113,0,-8.754013805475472,reference,DaRUS-4999/direct_upsampling_data_rungs_1-3/thermodynamic_properties/tridymite_beta_pbe_d3bj.csv
2114,0,-8.754624237968487,reference,DaRUS-4999/direct_upsampling_data_rungs_1-3/thermodynamic_properties/tridymite_beta_pbe_d3bj.csv
2115,0,-8.755234794785814,reference,DaRUS-4999/direct_upsampling_data_rungs_1-3/thermodynamic_properties/tridymite_beta_pbe_d3bj.csv
2116,0,-8.755845475871602,reference,DaRUS-4999/direct_upsampling_data_rungs_1-3/thermodynamic_properties/tridymite_beta_pbe_d3bj.csv
2117,0,-8.756456281170065,reference,DaRUS-4999/direct_upsampling_data_rungs_1-3/thermodynamic_properties/tridymite_beta_pbe_d3bj.csv
2118,0,-8.757067210625443,reference,DaRUS-4999/direct_upsampling_data_rungs_1-3/thermodynamic_properties/tridymite_beta_pbe_d3bj.csv
2119,0,-8.757678264182056,reference,DaRUS-4999/direct_upsampling_data_rungs_1-3/thermodynamic_properties/tridymite_beta_pbe_d3bj.csv
2120,0,-8.758289441784253,reference,DaRUS-4999/direct_upsampling_data_rungs_1-3/thermodynamic_properties/tridymite_beta_pbe_d3bj.csv
2121,0,-8.758900743376444,reference,DaRUS-4999/direct_upsampling_data_rungs_1-3/thermodynamic_properties/tridymite_beta_pbe_d3bj.csv
2122,0,-8.759512168903086,reference,DaRUS-4999/direct_upsampling_data_rungs_1-3/thermodynamic_properties/tridymite_beta_pbe_d3bj.csv
2123,0,-8.760123718308689,reference,DaRUS-4999/direct_upsampling_data_rungs_1-3/thermodynamic_properties/tridymite_beta_pbe_d3bj.csv
2124,0,-8.760735391537805,reference,DaRUS-4999/direct_upsampling_data_rungs_1-3/thermodynamic_properties/tridymite_beta_pbe_d3bj.csv
2125,0,-8.761347188535053,reference,DaRUS-4999/direct_upsampling_data_rungs_1-3/thermodynamic_properties/tridymite_beta_pbe_d3bj.csv
2126,0,-8.761959109245085,reference,DaRUS-4999/direct_upsampling_data_rungs_1-3/thermodynamic_properties/tridymite_beta_pbe_d3bj.csv
2127,0,-8.76257115361261,reference,DaRUS-4999/direct_upsampling_data_rungs_1-3/thermodynamic_properties/tridymite_beta_pbe_d3bj.csv
2128,0,-8.763183321582392,reference,DaRUS-4999/direct_upsampling_data_rungs_1-3/thermodynamic_properties/tridymite_beta_pbe_d3bj.csv
2129,0,-8.763795613099241,reference,DaRUS-4999/direct_upsampling_data_rungs_1-3/thermodynamic_properties/tridymite_beta_pbe_d3bj.csv
2130,0,-8.764408028108013,reference,DaRUS-4999/direct_upsampling_data_rungs_1-3/thermodynamic_properties/tridymite_beta_pbe_d3bj.csv
2131,0,-8.765020566553622,reference,DaRUS-4999/direct_upsampling_data_rungs_1-3/thermodynamic_properties/tridymite_beta_pbe_d3bj.csv
2132,0,-8.765633228381024,reference,DaRUS-4999/direct_upsampling_data_rungs_1-3/thermodynamic_properties/tridymite_beta_pbe_d3bj.csv
2133,0,-8.76624601353523,reference,DaRUS-4999/direct_upsampling_data_rungs_1-3/thermodynamic_properties/tridymite_beta_pbe_d3bj.csv
2134,0,-8.766858921961299,reference,DaRUS-4999/direct_upsampling_data_rungs_1-3/thermodynamic_properties/tridymite_beta_pbe_d3bj.csv
2135,0,-8.767471953604339,reference,DaRUS-4999/direct_upsampling_data_rungs_1-3/thermodynamic_properties/tridymite_beta_pbe_d3bj.csv
2136,0,-8.768085108409513,reference,DaRUS-4999/direct_upsampling_data_rungs_1-3/thermodynamic_properties/tridymite_beta_pbe_d3bj.csv
2137,0,-8.768698386322022,reference,DaRUS-4999/direct_upsampling_data_rungs_1-3/thermodynamic_properties/tridymite_beta_pbe_d3bj.csv
2138,0,-8.769311787287128,reference,DaRUS-4999/direct_upsampling_data_rungs_1-3/thermodynamic_properties/tridymite_beta_pbe_d3bj.csv
2139,0,-8.769925311250137,reference,DaRUS-4999/direct_upsampling_data_rungs_1-3/thermodynamic_properties/tridymite_beta_pbe_d3bj.csv
2140,0,-8.770538958156409,reference,DaRUS-4999/direct_upsampling_data_rungs_1-3/thermodynamic_properties/tridymite_beta_pbe_d3bj.csv
2141,0,-8.771152727951344,reference,DaRUS-4999/direct_upsampling_data_rungs_1-3/thermodynamic_properties/tridymite_beta_pbe_d3bj.csv
2142,0,-8.771766620580399,reference,DaRUS-4999/direct_upsampling_data_rungs_1-3/thermodynamic_properties/tridymite_beta_pbe_d3bj.csv
2143,0,-8.772380635989078,reference,DaRUS-4999/direct_upsampling_data_rungs_1-3/thermodynamic_properties/tridymite_beta_pbe_d3bj.csv
2144,0,-8.772994774122933,reference,DaRUS-4999/direct_upsampling_data_rungs_1-3/thermodynamic_properties/tridymite_beta_pbe_d3bj.csv
2145,0,-8.773609034927569,reference,DaRUS-4999/direct_upsampling_data_rungs_1-3/thermodynamic_properties/tridymite_beta_pbe_d3bj.csv
2146,0,-8.774223418348637,reference,DaRUS-4999/direct_upsampling_data_rungs_1-3/thermodynamic_properties/tridymite_beta_pbe_d3bj.csv
2147,0,-8.774837924331832,reference,DaRUS-4999/direct_upsampling_data_rungs_1-3/thermodynamic_properties/tridymite_beta_pbe_d3bj.csv
2148,0,-8.775452552822912,reference,DaRUS-4999/direct_upsampling_data_rungs_1-3/thermodynamic_properties/tridymite_beta_pbe_d3bj.csv
2149,0,-8.776067303767666,reference,DaRUS-4999/direct_upsampling_data_rungs_1-3/thermodynamic_properties/tridymite_beta_pbe_d3bj.csv
2150,0,-8.776682177111944,reference,DaRUS-4999/direct_upsampling_data_rungs_1-3/thermodynamic_properties/tridymite_beta_pbe_d3bj.csv
2151,0,-8.77729717280164,reference,DaRUS-4999/direct_upsampling_data_rungs_1-3/thermodynamic_properties/tridymite_beta_pbe_d3bj.csv
2152,0,-8.777912290782698,reference,DaRUS-4999/direct_upsampling_data_rungs_1-3/thermodynamic_properties/tridymite_beta_pbe_d3bj.csv
2153,0,-8.77852753100111,reference,DaRUS-4999/direct_upsampling_data_rungs_1-3/thermodynamic_properties/tridymite_beta_pbe_d3bj.csv
2154,0,-8.779142893402916,reference,DaRUS-4999/direct_upsampling_data_rungs_1-3/thermodynamic_properties/tridymite_beta_pbe_d3bj.csv
2155,0,-8.779758377934206,reference,DaRUS-4999/direct_upsampling_data_rungs_1-3/thermodynamic_properties/tridymite_beta_pbe_d3bj.csv
2156,0,-8.780373984541116,reference,DaRUS-4999/direct_upsampling_data_rungs_1-3/thermodynamic_properties/tridymite_beta_pbe_d3bj.csv
2157,0,-8.780989713169836,reference,DaRUS-4999/direct_upsampling_data_rungs_1-3/thermodynamic_properties/tridymite_beta_pbe_d3bj.csv
2158,0,-8.78160556376659,reference,DaRUS-4999/direct_upsampling_data_rungs_1-3/thermodynamic_properties/tridymite_beta_pbe_d3bj.csv
2159,0,-8.782221536277669,reference,DaRUS-4999/direct_upsampling_data_rungs_1-3/thermodynamic_properties/tridymite_beta_pbe_d3bj.csv
2160,0,-8.7828376306494,reference,DaRUS-4999/direct_upsampling_data_rungs_1-3/thermodynamic_properties/tridymite_beta_pbe_d3bj.csv
2161,0,-8.783453846828158,reference,DaRUS-4999/direct_upsampling_data_rungs_1-3/thermodynamic_properties/tridymite_beta_pbe_d3bj.csv
2162,0,-8.784070184760374,reference,DaRUS-4999/direct_upsampling_data_rungs_1-3/thermodynamic_properties/tridymite_beta_pbe_d3bj.csv
2163,0,-8.784686644392519,reference,DaRUS-4999/direct_upsampling_data_rungs_1-3/thermodynamic_properties/tridymite_beta_pbe_d3bj.csv
2164,0,-8.785303225671109,reference,DaRUS-4999/direct_upsampling_data_rungs_1-3/thermodynamic_properties/tridymite_beta_pbe_d3bj.csv
2165,0,-8.78591992854272,reference,DaRUS-4999/direct_upsampling_data_rungs_1-3/thermodynamic_properties/tridymite_beta_pbe_d3bj.csv
2166,0,-8.786536752953968,reference,DaRUS-4999/direct_upsampling_data_rungs_1-3/thermodynamic_properties/tridymite_beta_pbe_d3bj.csv
2167,0,-8.787153698851515,reference,DaRUS-4999/direct_upsampling_data_rungs_1-3/thermodynamic_properties/tridymite_beta_pbe_d3bj.csv
2168,0,-8.787770766182076,reference,DaRUS-4999/direct_upsampling_data_rungs_1-3/thermodynamic_properties/tridymite_beta_pbe_d3bj.csv
2169,0,-8.788387954892409,reference,DaRUS-4999/direct_upsampling_data_rungs_1-3/thermodynamic_properties/tridymite_beta_pbe_d3bj.csv
2170,0,-8.789005264929322,reference,DaRUS-4999/direct_upsampling_data_rungs_1-3/thermodynamic_properties/tridymite_beta_pbe_d3bj.csv
2171,0,-8.789622696239663,reference,DaRUS-4999/direct_upsampling_data_rungs_1-3/thermodynamic_properties/tridymite_beta_pbe_d3bj.csv
2172,0,-8.790240248770347,reference,DaRUS-4999/direct_upsampling_data_rungs_1-3/thermodynamic_properties/tridymite_beta_pbe_d3bj.csv
2173,0,-8.790857922468312,reference,DaRUS-4999/direct_upsampling_data_rungs_1-3/thermodynamic_properties/tridymite_beta_pbe_d3bj.csv
2174,0,-8.791475717280557,reference,DaRUS-4999/direct_upsampling_data_rungs_1-3/thermodynamic_properties/tridymite_beta_pbe_d3bj.csv
2175,0,-8.792093633154121,reference,DaRUS-4999/direct_upsampling_data_rungs_1-3/thermodynamic_properties/tridymite_beta_pbe_d3bj.csv
2176,0,-8.792711670036104,reference,DaRUS-4999/direct_upsampling_data_rungs_1-3/thermodynamic_properties/tridymite_beta_pbe_d3bj.csv
2177,0,-8.793329827873636,reference,DaRUS-4999/direct_upsampling_data_rungs_1-3/thermodynamic_properties/tridymite_beta_pbe_d3bj.csv
2178,0,-8.793948106613902,reference,DaRUS-4999/direct_upsampling_data_rungs_1-3/thermodynamic_properties/tridymite_beta_pbe_d3bj.csv
2179,0,-8.794566506204132,reference,DaRUS-4999/direct_upsampling_data_rungs_1-3/thermodynamic_properties/tridymite_beta_pbe_d3bj.csv
2180,0,-8.795185026591607,reference,DaRUS-4999/direct_upsampling_data_rungs_1-3/thermodynamic_properties/tridymite_beta_pbe_d3bj.csv
2181,0,-8.795803667723652,reference,DaRUS-4999/direct_upsampling_data_rungs_1-3/thermodynamic_properties/tridymite_beta_pbe_d3bj.csv
2182,0,-8.796422429547635,reference,DaRUS-4999/direct_upsampling_data_rungs_1-3/thermodynamic_properties/tridymite_beta_pbe_d3bj.csv
2183,0,-8.797041312010975,reference,DaRUS-4999/direct_upsampling_data_rungs_1-3/thermodynamic_properties/tridymite_beta_pbe_d3bj.csv
2184,0,-8.79766031506114,reference,DaRUS-4999/direct_upsampling_data_rungs_1-3/thermodynamic_properties/tridymite_beta_pbe_d3bj.csv
2185,0,-8.798279438645636,reference,DaRUS-4999/direct_upsampling_data_rungs_1-3/thermodynamic_properties/tridymite_beta_pbe_d3bj.csv
2186,0,-8.79889868271202,reference,DaRUS-4999/direct_upsampling_data_rungs_1-3/thermodynamic_properties/tridymite_beta_pbe_d3bj.csv
2187,0,-8.799518047207901,reference,DaRUS-4999/direct_upsampling_data_rungs_1-3/thermodynamic_properties/tridymite_beta_pbe_d3bj.csv
2188,0,-8.800137532080923,reference,DaRUS-4999/direct_upsampling_data_rungs_1-3/thermodynamic_properties/tridymite_beta_pbe_d3bj.csv
2189,0,-8.800757137278788,reference,DaRUS-4999/direct_upsampling_data_rungs_1-3/thermodynamic_properties/tridymite_beta_pbe_d3bj.csv
2190,0,-8.801376862749235,reference,DaRUS-4999/direct_upsampling_data_rungs_1-3/thermodynamic_properties/tridymite_beta_pbe_d3bj.csv
2191,0,-8.801996708440052,reference,DaRUS-4999/direct_upsampling_data_rungs_1-3/thermodynamic_properties/tridymite_beta_pbe_d3bj.csv
2192,0,-8.802616674299081,reference,DaRUS-4999/direct_upsampling_data_rungs_1-3/thermodynamic_properties/tridymite_beta_pbe_d3bj.csv
2193,0,-8.803236760274194,reference,DaRUS-4999/direct_upsampling_data_rungs_1-3/thermodynamic_properties/tridymite_beta_pbe_d3bj.csv
2194,0,-8.803856966313322,reference,DaRUS-4999/direct_upsampling_data_rungs_1-3/thermodynamic_properties/tridymite_beta_pbe_d3bj.csv
2195,0,-8.804477292364437,reference,DaRUS-4999/direct_upsampling_data_rungs_1-3/thermodynamic_properties/tridymite_beta_pbe_d3bj.csv
2196,0,-8.805097738375558,reference,DaRUS-4999/direct_upsampling_data_rungs_1-3/thermodynamic_properties/tridymite_beta_pbe_d3bj.csv
2197,0,-8.805718304294745,reference,DaRUS-4999/direct_upsampling_data_rungs_1-3/thermodynamic_properties/tridymite_beta_pbe_d3bj.csv
2198,0,-8.806338990070117,reference,DaRUS-4999/direct_upsampling_data_rungs_1-3/thermodynamic_properties/tridymite_beta_pbe_d3bj.csv
2199,0,-8.806959795649821,reference,DaRUS-4999/direct_upsampling_data_rungs_1-3/thermodynamic_properties/tridymite_beta_pbe_d3bj.csv
2200,0,-8.807580720982063,reference,DaRUS-4999/direct_upsampling_data_rungs_1-3/thermodynamic_properties/tridymite_beta_pbe_d3bj.csv
2201,0,-8.808201766015088,reference,DaRUS-4999/direct_upsampling_data_rungs_1-3/thermodynamic_properties/tridymite_beta_pbe_d3bj.csv
2202,0,-8.808822930697188,reference,DaRUS-4999/direct_upsampling_data_rungs_1-3/thermodynamic_properties/tridymite_beta_pbe_d3bj.csv
2203,0,-8.809444214976702,reference,DaRUS-4999/direct_upsampling_data_rungs_1-3/thermodynamic_properties/tridymite_beta_pbe_d3bj.csv
2204,0,-8.810065618802012,reference,DaRUS-4999/direct_upsampling_data_rungs_1-3/thermodynamic_properties/tridymite_beta_pbe_d3bj.csv
2205,0,-8.81068714212155,reference,DaRUS-4999/direct_upsampling_data_rungs_1-3/thermodynamic_properties/tridymite_beta_pbe_d3bj.csv
2206,0,-8.811308784883785,reference,DaRUS-4999/direct_upsampling_data_rungs_1-3/thermodynamic_properties/tridymite_beta_pbe_d3bj.csv
2207,0,-8.811930547037237,reference,DaRUS-4999/direct_upsampling_data_rungs_1-3/thermodynamic_properties/tridymite_beta_pbe_d3bj.csv
2208,0,-8.81255242853047,reference,DaRUS-4999/direct_upsampling_data_rungs_1-3/thermodynamic_properties/tridymite_beta_pbe_d3bj.csv
2209,0,-8.813174429312092,reference,DaRUS-4999/direct_upsampling_data_rungs_1-3/thermodynamic_properties/tridymite_beta_pbe_d3bj.csv
2210,0,-8.81379654933076,reference,DaRUS-4999/direct_upsampling_data_rungs_1-3/thermodynamic_properties/tridymite_beta_pbe_d3bj.csv
2211,0,-8.814418788535171,reference,DaRUS-4999/direct_upsampling_data_rungs_1-3/thermodynamic_properties/tridymite_beta_pbe_d3bj.csv
2212,0,-8.815041146874071,reference,DaRUS-4999/direct_upsampling_data_rungs_1-3/thermodynamic_properties/tridymite_beta_pbe_d3bj.csv
2213,0,-8.815663624296246,reference,DaRUS-4999/direct_upsampling_data_rungs_1-3/thermodynamic_properties/tridymite_beta_pbe_d3bj.csv
2214,0,-8.816286220750532,reference,DaRUS-4999/direct_upsampling_data_rungs_1-3/thermodynamic_properties/tridymite_beta_pbe_d3bj.csv
2215,0,-8.816908936185804,reference,DaRUS-4999/direct_upsampling_data_rungs_1-3/thermodynamic_properties/tridymite_beta_pbe_d3bj.csv
2216,0,-8.817531770550985,reference,DaRUS-4999/direct_upsampling_data_rungs_1-3/thermodynamic_properties/tridymite_beta_pbe_d3bj.csv
2217,0,-8.818154723795047,reference,DaRUS-4999/direct_upsampling_data_rungs_1-3/thermodynamic_properties/tridymite_beta_pbe_d3bj.csv
2218,0,-8.818777795867,reference,DaRUS-4999/direct_upsampling_data_rungs_1-3/thermodynamic_properties/tridymite_beta_pbe_d3bj.csv
2219,0,-8.819400986715898,reference,DaRUS-4999/direct_upsampling_data_rungs_1-3/thermodynamic_properties/tridymite_beta_pbe_d3bj.csv
2220,0,-8.820024296290843,reference,DaRUS-4999/direct_upsampling_data_rungs_1-3/thermodynamic_properties/tridymite_beta_pbe_d3bj.csv
2221,0,-8.820647724540981,reference,DaRUS-4999/direct_upsampling_data_rungs_1-3/thermodynamic_properties/tridymite_beta_pbe_d3bj.csv
2222,0,-8.821271271415503,reference,DaRUS-4999/direct_upsampling_data_rungs_1-3/thermodynamic_properties/tridymite_beta_pbe_d3bj.csv
2223,0,-8.821894936863641,reference,DaRUS-4999/direct_upsampling_data_rungs_1-3/thermodynamic_properties/tridymite_beta_pbe_d3bj.csv
2224,0,-8.822518720834674,reference,DaRUS-4999/direct_upsampling_data_rungs_1-3/thermodynamic_properties/tridymite_beta_pbe_d3bj.csv
2225,0,-8.823142623277922,reference,DaRUS-4999/direct_upsampling_data_rungs_1-3/thermodynamic_properties/tridymite_beta_pbe_d3bj.csv
2226,0,-8.823766644142758,reference,DaRUS-4999/direct_upsampling_data_rungs_1-3/thermodynamic_properties/tridymite_beta_pbe_d3bj.csv
2227,0,-8.824390783378581,reference,DaRUS-4999/direct_upsampling_data_rungs_1-3/thermodynamic_properties/tridymite_beta_pbe_d3bj.csv
2228,0,-8.825015040934858,reference,DaRUS-4999/direct_upsampling_data_rungs_1-3/thermodynamic_properties/tridymite_beta_pbe_d3bj.csv
2229,0,-8.82563941676108,reference,DaRUS-4999/direct_upsampling_data_rungs_1-3/thermodynamic_properties/tridymite_beta_pbe_d3bj.csv
2230,0,-8.826263910806787,reference,DaRUS-4999/direct_upsampling_data_rungs_1-3/thermodynamic_properties/tridymite_beta_pbe_d3bj.csv
2231,0,-8.826888523021571,reference,DaRUS-4999/direct_upsampling_data_rungs_1-3/thermodynamic_properties/tridymite_beta_pbe_d3bj.csv
2232,0,-8.827513253355059,reference,DaRUS-4999/direct_upsampling_data_rungs_1-3/thermodynamic_properties/tridymite_beta_pbe_d3bj.csv
2233,0,-8.828138101756926,reference,DaRUS-4999/direct_upsampling_data_rungs_1-3/thermodynamic_properties/tridymite_beta_pbe_d3bj.csv
2234,0,-8.828763068176885,reference,DaRUS-4999/direct_upsampling_data_rungs_1-3/thermodynamic_properties/tridymite_beta_pbe_d3bj.csv
2235,0,-8.829388152564702,reference,DaRUS-4999/direct_upsampling_data_rungs_1-3/thermodynamic_properties/tridymite_beta_pbe_d3bj.csv
2236,0,-8.830013354870175,reference,DaRUS-4999/direct_upsampling_data_rungs_1-3/thermodynamic_properties/tridymite_beta_pbe_d3bj.csv
2237,0,-8.830638675043158,reference,DaRUS-4999/direct_upsampling_data_rungs_1-3/thermodynamic_properties/tridymite_beta_pbe_d3bj.csv
2238,0,-8.831264113033539,reference,DaRUS-4999/direct_upsampling_data_rungs_1-3/thermodynamic_properties/tridymite_beta_pbe_d3bj.csv
2239,0,-8.83188966879125,reference,DaRUS-4999/direct_upsampling_data_rungs_1-3/thermodynamic_properties/tridymite_beta_pbe_d3bj.csv
2240,0,-8.832515342266269,reference,DaRUS-4999/direct_upsampling_data_rungs_1-3/thermodynamic_properties/tridymite_beta_pbe_d3bj.csv
2241,0,-8.833141133408628,reference,DaRUS-4999/direct_upsampling_data_rungs_1-3/thermodynamic_properties/tridymite_beta_pbe_d3bj.csv
2242,0,-8.833767042168375,reference,DaRUS-4999/direct_upsampling_data_rungs_1-3/thermodynamic_properties/tridymite_beta_pbe_d3bj.csv
2243,0,-8.834393068495624,reference,DaRUS-4999/direct_upsampling_data_rungs_1-3/thermodynamic_properties/tridymite_beta_pbe_d3bj.csv
2244,0,-8.83501921234053,reference,DaRUS-4999/direct_upsampling_data_rungs_1-3/thermodynamic_properties/tridymite_beta_pbe_d3bj.csv
2245,0,-8.83564547365328,reference,DaRUS-4999/direct_upsampling_data_rungs_1-3/thermodynamic_properties/tridymite_beta_pbe_d3bj.csv
2246,0,-8.836271852384112,reference,DaRUS-4999/direct_upsampling_data_rungs_1-3/thermodynamic_properties/tridymite_beta_pbe_d3bj.csv
2247,0,-8.836898348483306,reference,DaRUS-4999/direct_upsampling_data_rungs_1-3/thermodynamic_properties/tridymite_beta_pbe_d3bj.csv
2248,0,-8.837524961901185,reference,DaRUS-4999/direct_upsampling_data_rungs_1-3/thermodynamic_properties/tridymite_beta_pbe_d3bj.csv
2249,0,-8.838151692588111,reference,DaRUS-4999/direct_upsampling_data_rungs_1-3/thermodynamic_properties/tridymite_beta_pbe_d3bj.csv
2250,0,-8.838778540494493,reference,DaRUS-4999/direct_upsampling_data_rungs_1-3/thermodynamic_properties/tridymite_beta_pbe_d3bj.csv
2251,0,-8.839405505570786,reference,DaRUS-4999/direct_upsampling_data_rungs_1-3/thermodynamic_properties/tridymite_beta_pbe_d3bj.csv
2252,0,-8.840032587767476,reference,DaRUS-4999/direct_upsampling_data_rungs_1-3/thermodynamic_properties/tridymite_beta_pbe_d3bj.csv
2253,0,-8.840659787035102,reference,DaRUS-4999/direct_upsampling_data_rungs_1-3/thermodynamic_properties/tridymite_beta_pbe_d3bj.csv
2254,0,-8.841287103324243,reference,DaRUS-4999/direct_upsampling_data_rungs_1-3/thermodynamic_properties/tridymite_beta_pbe_d3bj.csv
2255,0,-8.841914536585517,reference,DaRUS-4999/direct_upsampling_data_rungs_1-3/thermodynamic_properties/tridymite_beta_pbe_d3bj.csv
2256,0,-8.842542086769592,reference,DaRUS-4999/direct_upsampling_data_rungs_1-3/thermodynamic_properties/tridymite_beta_pbe_d3bj.csv
2257,0,-8.843169753827166,reference,DaRUS-4999/direct_upsampling_data_rungs_1-3/thermodynamic_properties/tridymite_beta_pbe_d3bj.csv
2258,0,-8.843797537708992,reference,DaRUS-4999/direct_upsampling_data_rungs_1-3/thermodynamic_properties/tridymite_beta_pbe_d3bj.csv
2259,0,-8.844425438365857,reference,DaRUS-4999/direct_upsampling_data_rungs_1-3/thermodynamic_properties/tridymite_beta_pbe_d3bj.csv
2260,0,-8.845053455748598,reference,DaRUS-4999/direct_upsampling_data_rungs_1-3/thermodynamic_properties/tridymite_beta_pbe_d3bj.csv
2261,0,-8.845681589808086,reference,DaRUS-4999/direct_upsampling_data_rungs_1-3/thermodynamic_properties/tridymite_beta_pbe_d3bj.csv
2262,0,-8.846309840495236,reference,DaRUS-4999/direct_upsampling_data_rungs_1-3/thermodynamic_properties/tridymite_beta_pbe_d3bj.csv
2263,0,-8.846938207761008,reference,DaRUS-4999/direct_upsampling_data_rungs_1-3/thermodynamic_properties/tridymite_beta_pbe_d3bj.csv
2264,0,-8.847566691556404,reference,DaRUS-4999/direct_upsampling_data_rungs_1-3/thermodynamic_properties/tridymite_beta_pbe_d3bj.csv
2265,0,-8.848195291832468,reference,DaRUS-4999/direct_upsampling_data_rungs_1-3/thermodynamic_properties/tridymite_beta_pbe_d3bj.csv
2266,0,-8.84882400854028,reference,DaRUS-4999/direct_upsampling_data_rungs_1-3/thermodynamic_properties/tridymite_beta_pbe_d3bj.csv
2267,0,-8.849452841630969,reference,DaRUS-4999/direct_upsampling_data_rungs_1-3/thermodynamic_properties/tridymite_beta_pbe_d3bj.csv
2268,0,-8.8500817910557,reference,DaRUS-4999/direct_upsampling_data_rungs_1-3/thermodynamic_properties/tridymite_beta_pbe_d3bj.csv
2269,0,-8.850710856765685,reference,DaRUS-4999/direct_upsampling_data_rungs_1-3/thermodynamic_properties/tridymite_beta_pbe_d3bj.csv
2270,0,-8.851340038712179,reference,DaRUS-4999/direct_upsampling_data_rungs_1-3/thermodynamic_properties/tridymite_beta_pbe_d3bj.csv
2271,0,-8.851969336846468,reference,DaRUS-4999/direct_upsampling_data_rungs_1-3/thermodynamic_properties/tridymite_beta_pbe_d3bj.csv
2272,0,-8.852598751119892,reference,DaRUS-4999/direct_upsampling_data_rungs_1-3/thermodynamic_properties/tridymite_beta_pbe_d3bj.csv
2273,0,-8.853228281483824,reference,DaRUS-4999/direct_upsampling_data_rungs_1-3/thermodynamic_properties/tridymite_beta_pbe_d3bj.csv
2274,0,-8.853857927889683,reference,DaRUS-4999/direct_upsampling_data_rungs_1-3/thermodynamic_properties/tridymite_beta_pbe_d3bj.csv
2275,0,-8.854487690288929,reference,DaRUS-4999/direct_upsampling_data_rungs_1-3/thermodynamic_properties/tridymite_beta_pbe_d3bj.csv
2276,0,-8.855117568633061,reference,DaRUS-4999/direct_upsampling_data_rungs_1-3/thermodynamic_properties/tridymite_beta_pbe_d3bj.csv
2277,0,-8.855747562873619,reference,DaRUS-4999/direct_upsampling_data_rungs_1-3/thermodynamic_properties/tridymite_beta_pbe_d3bj.csv
2278,0,-8.856377672962189,reference,DaRUS-4999/direct_upsampling_data_rungs_1-3/thermodynamic_properties/tridymite_beta_pbe_d3bj.csv
2279,0,-8.857007898850394,reference,DaRUS-4999/direct_upsampling_data_rungs_1-3/thermodynamic_properties/tridymite_beta_pbe_d3bj.csv
2280,0,-8.857638240489901,reference,DaRUS-4999/direct_upsampling_data_rungs_1-3/thermodynamic_properties/tridymite_beta_pbe_d3bj.csv
2281,0,-8.858268697832413,reference,DaRUS-4999/direct_upsampling_data_rungs_1-3/thermodynamic_properties/tridymite_beta_pbe_d3bj.csv
2282,0,-8.85889927082968,reference,DaRUS-4999/direct_upsampling_data_rungs_1-3/thermodynamic_properties/tridymite_beta_pbe_d3bj.csv
2283,0,-8.859529959433491,reference,DaRUS-4999/direct_upsampling_data_rungs_1-3/thermodynamic_properties/tridymite_beta_pbe_d3bj.csv
2284,0,-8.860160763595673,reference,DaRUS-4999/direct_upsampling_data_rungs_1-3/thermodynamic_properties/tridymite_beta_pbe_d3bj.csv
2285,0,-8.860791683268097,reference,DaRUS-4999/direct_upsampling_data_rungs_1-3/thermodynamic_properties/tridymite_beta_pbe_d3bj.csv
2286,0,-8.861422718402677,reference,DaRUS-4999/direct_upsampling_data_rungs_1-3/thermodynamic_properties/tridymite_beta_pbe_d3bj.csv
2287,0,-8.862053868951362,reference,DaRUS-4999/direct_upsampling_data_rungs_1-3/thermodynamic_properties/tridymite_beta_pbe_d3bj.csv
2288,0,-8.862685134866146,reference,DaRUS-4999/direct_upsampling_data_rungs_1-3/thermodynamic_properties/tridymite_beta_pbe_d3bj.csv
2289,0,-8.863316516099061,reference,DaRUS-4999/direct_upsampling_data_rungs_1-3/thermodynamic_properties/tridymite_beta_pbe_d3bj.csv
2290,0,-8.863948012602181,reference,DaRUS-4999/direct_upsampling_data_rungs_1-3/thermodynamic_properties/tridymite_beta_pbe_d3bj.csv
2291,0,-8.864579624327623,reference,DaRUS-4999/direct_upsampling_data_rungs_1-3/thermodynamic_properties/tridymite_beta_pbe_d3bj.csv
2292,0,-8.86521135122754,reference,DaRUS-4999/direct_upsampling_data_rungs_1-3/thermodynamic_properties/tridymite_beta_pbe_d3bj.csv
2293,0,-8.865843193254131,reference,DaRUS-4999/direct_upsampling_data_rungs_1-3/thermodynamic_properties/tridymite_beta_pbe_d3bj.csv
2294,0,-8.86647515035963,reference,DaRUS-4999/direct_upsampling_data_rungs_1-3/thermodynamic_properties/tridymite_beta_pbe_d3bj.csv
2295,0,-8.867107222496312,reference,DaRUS-4999/direct_upsampling_data_rungs_1-3/thermodynamic_properties/tridymite_beta_pbe_d3bj.csv
2296,0,-8.867739409616492,reference,DaRUS-4999/direct_upsampling_data_rungs_1-3/thermodynamic_properties/tridymite_beta_pbe_d3bj.csv
2297,0,-8.868371711672534,reference,DaRUS-4999/direct_upsampling_data_rungs_1-3/thermodynamic_properties/tridymite_beta_pbe_d3bj.csv
2298,0,-8.869004128616833,reference,DaRUS-4999/direct_upsampling_data_rungs_1-3/thermodynamic_properties/tridymite_beta_pbe_d3bj.csv
2299,0,-8.869636660401822,reference,DaRUS-4999/direct_upsampling_data_rungs_1-3/thermodynamic_properties/tridymite_beta_pbe_d3bj.csv
2300,0,-8.870269306979983,reference,DaRUS-4999/direct_upsampling_data_rungs_1-3/thermodynamic_properties/tridymite_beta_pbe_d3bj.csv
2301,0,-8.870902068303833,reference,DaRUS-4999/direct_upsampling_data_rungs_1-3/thermodynamic_properties/tridymite_beta_pbe_d3bj.csv
2302,0,-8.871534944325928,reference,DaRUS-4999/direct_upsampling_data_rungs_1-3/thermodynamic_properties/tridymite_beta_pbe_d3bj.csv
2303,0,-8.872167934998867,reference,DaRUS-4999/direct_upsampling_data_rungs_1-3/thermodynamic_properties/tridymite_beta_pbe_d3bj.csv
2304,0,-8.87280104027529,reference,DaRUS-4999/direct_upsampling_data_rungs_1-3/thermodynamic_properties/tridymite_beta_pbe_d3bj.csv
2305,0,-8.873434260107871,reference,DaRUS-4999/direct_upsampling_data_rungs_1-3/thermodynamic_properties/tridymite_beta_pbe_d3bj.csv
2306,0,-8.874067594449329,reference,DaRUS-4999/direct_upsampling_data_rungs_1-3/thermodynamic_properties/tridymite_beta_pbe_d3bj.csv
2307,0,-8.874701043252422,reference,DaRUS-4999/direct_upsampling_data_rungs_1-3/thermodynamic_properties/tridymite_beta_pbe_d3bj.csv
2308,0,-8.875334606469947,reference,DaRUS-4999/direct_upsampling_data_rungs_1-3/thermodynamic_properties/tridymite_beta_pbe_d3bj.csv
2309,0,-8.875968284054739,reference,DaRUS-4999/direct_upsampling_data_rungs_1-3/thermodynamic_properties/tridymite_beta_pbe_d3bj.csv
2310,0,-8.876602075959674,reference,DaRUS-4999/direct_upsampling_data_rungs_1-3/thermodynamic_properties/tridymite_beta_pbe_d3bj.csv
2311,0,-8.877235982137671,reference,DaRUS-4999/direct_upsampling_data_rungs_1-3/thermodynamic_properties/tridymite_beta_pbe_d3bj.csv
2312,0,-8.87787000254168,reference,DaRUS-4999/direct_upsampling_data_rungs_1-3/thermodynamic_properties/tridymite_beta_pbe_d3bj.csv
2313,0,-8.878504137124706,reference,DaRUS-4999/direct_upsampling_data_rungs_1-3/thermodynamic_properties/tridymite_beta_pbe_d3bj.csv
2314,0,-8.879138385839772,reference,DaRUS-4999/direct_upsampling_data_rungs_1-3/thermodynamic_properties/tridymite_beta_pbe_d3bj.csv
2315,0,-8.879772748639956,reference,DaRUS-4999/direct_upsampling_data_rungs_1-3/thermodynamic_properties/tridymite_beta_pbe_d3bj.csv
2316,0,-8.880407225478374,reference,DaRUS-4999/direct_upsampling_data_rungs_1-3/thermodynamic_properties/tridymite_beta_pbe_d3bj.csv
2317,0,-8.881041816308173,reference,DaRUS-4999/direct_upsampling_data_rungs_1-3/thermodynamic_properties/tridymite_beta_pbe_d3bj.csv
2318,0,-8.881676521082548,reference,DaRUS-4999/direct_upsampling_data_rungs_1-3/thermodynamic_properties/tridymite_beta_pbe_d3bj.csv
2319,0,-8.882311339754734,reference,DaRUS-4999/direct_upsampling_data_rungs_1-3/thermodynamic_properties/tridymite_beta_pbe_d3bj.csv
2320,0,-8.882946272277993,reference,DaRUS-4999/direct_upsampling_data_rungs_1-3/thermodynamic_properties/tridymite_beta_pbe_d3bj.csv
2321,0,-8.883581318605634,reference,DaRUS-4999/direct_upsampling_data_rungs_1-3/thermodynamic_properties/tridymite_beta_pbe_d3bj.csv
2322,0,-8.884216478691011,reference,DaRUS-4999/direct_upsampling_data_rungs_1-3/thermodynamic_properties/tridymite_beta_pbe_d3bj.csv
2323,0,-8.884851752487512,reference,DaRUS-4999/direct_upsampling_data_rungs_1-3/thermodynamic_properties/tridymite_beta_pbe_d3bj.csv
2324,0,-8.885487139948555,reference,DaRUS-4999/direct_upsampling_data_rungs_1-3/thermodynamic_properties/tridymite_beta_pbe_d3bj.csv
2325,0,-8.886122641027612,reference,DaRUS-4999/direct_upsampling_data_rungs_1-3/thermodynamic_properties/tridymite_beta_pbe_d3bj.csv
2326,0,-8.886758255678185,reference,DaRUS-4999/direct_upsampling_data_rungs_1-3/thermodynamic_properties/tridymite_beta_pbe_d3bj.csv
2327,0,-8.887393983853812,reference,DaRUS-4999/direct_upsampling_data_rungs_1-3/thermodynamic_properties/tridymite_beta_pbe_d3bj.csv
2328,0,-8.888029825508085,reference,DaRUS-4999/direct_upsampling_data_rungs_1-3/thermodynamic_properties/tridymite_beta_pbe_d3bj.csv
2329,0,-8.888665780594613,reference,DaRUS-4999/direct_upsampling_data_rungs_1-3/thermodynamic_properties/tridymite_beta_pbe_d3bj.csv
2330,0,-8.88930184906706,reference,DaRUS-4999/direct_upsampling_data_rungs_1-3/thermodynamic_properties/tridymite_beta_pbe_d3bj.csv
2331,0,-8.889938030879124,reference,DaRUS-4999/direct_upsampling_data_rungs_1-3/thermodynamic_properties/tridymite_beta_pbe_d3bj.csv
2332,0,-8.89057432598454,reference,DaRUS-4999/direct_upsampling_data_rungs_1-3/thermodynamic_properties/tridymite_beta_pbe_d3bj.csv
2333,0,-8.891210734337083,reference,DaRUS-4999/direct_upsampling_data_rungs_1-3/thermodynamic_properties/tridymite_beta_pbe_d3bj.csv
2334,0,-8.891847255890562,reference,DaRUS-4999/direct_upsampling_data_rungs_1-3/thermodynamic_properties/tridymite_beta_pbe_d3bj.csv
2335,0,-8.892483890598834,reference,DaRUS-4999/direct_upsampling_data_rungs_1-3/thermodynamic_properties/tridymite_beta_pbe_d3bj.csv
2336,0,-8.893120638415786,reference,DaRUS-4999/direct_upsampling_data_rungs_1-3/thermodynamic_properties/tridymite_beta_pbe_d3bj.csv
2337,0,-8.893757499295344,reference,DaRUS-4999/direct_upsampling_data_rungs_1-3/thermodynamic_properties/tridymite_beta_pbe_d3bj.csv
2338,0,-8.894394473191479,reference,DaRUS-4999/direct_upsampling_data_rungs_1-3/thermodynamic_properties/tridymite_beta_pbe_d3bj.csv
2339,0,-8.895031560058193,reference,DaRUS-4999/direct_upsampling_data_rungs_1-3/thermodynamic_properties/tridymite_beta_pbe_d3bj.csv
2340,0,-8.895668759849531,reference,DaRUS-4999/direct_upsampling_data_rungs_1-3/thermodynamic_properties/tridymite_beta_pbe_d3bj.csv
2341,0,-8.896306072519572,reference,DaRUS-4999/direct_upsampling_data_rungs_1-3/thermodynamic_properties/tridymite_beta_pbe_d3bj.csv
2342,0,-8.896943498022434,reference,DaRUS-4999/direct_upsampling_data_rungs_1-3/thermodynamic_properties/tridymite_beta_pbe_d3bj.csv
2343,0,-8.897581036312273,reference,DaRUS-4999/direct_upsampling_data_rungs_1-3/thermodynamic_properties/tridymite_beta_pbe_d3bj.csv
2344,0,-8.898218687343292,reference,DaRUS-4999/direct_upsampling_data_rungs_1-3/thermodynamic_properties/tridymite_beta_pbe_d3bj.csv
2345,0,-8.898856451069715,reference,DaRUS-4999/direct_upsampling_data_rungs_1-3/thermodynamic_properties/tridymite_beta_pbe_d3bj.csv
2346,0,-8.899494327445815,reference,DaRUS-4999/direct_upsampling_data_rungs_1-3/thermodynamic_properties/tridymite_beta_pbe_d3bj.csv
2347,0,-8.900132316425905,reference,DaRUS-4999/direct_upsampling_data_rungs_1-3/thermodynamic_properties/tridymite_beta_pbe_d3bj.csv
2348,0,-8.900770417964331,reference,DaRUS-4999/direct_upsampling_data_rungs_1-3/thermodynamic_properties/tridymite_beta_pbe_d3bj.csv
2349,0,-8.901408632015473,reference,DaRUS-4999/direct_upsampling_data_rungs_1-3/thermodynamic_properties/tridymite_beta_pbe_d3bj.csv
2350,0,-8.902046958533754,reference,DaRUS-4999/direct_upsampling_data_rungs_1-3/thermodynamic_properties/tridymite_beta_pbe_d3bj.csv
2351,0,-8.902685397473638,reference,DaRUS-4999/direct_upsampling_data_rungs_1-3/thermodynamic_properties/tridymite_beta_pbe_d3bj.csv
2352,0,-8.90332394878962,reference,DaRUS-4999/direct_upsampling_data_rungs_1-3/thermodynamic_properties/tridymite_beta_pbe_d3bj.csv
2353,0,-8.903962612436235,reference,DaRUS-4999/direct_upsampling_data_rungs_1-3/thermodynamic_properties/tridymite_beta_pbe_d3bj.csv
2354,0,-8.904601388368054,reference,DaRUS-4999/direct_upsampling_data_rungs_1-3/thermodynamic_properties/tridymite_beta_pbe_d3bj.csv
2355,0,-8.905240276539686,reference,DaRUS-4999/direct_upsampling_data_rungs_1-3/thermodynamic_properties/tridymite_beta_pbe_d3bj.csv
2356,0,-8.905879276905788,reference,DaRUS-4999/direct_upsampling_data_rungs_1-3/thermodynamic_properties/tridymite_beta_pbe_d3bj.csv
2357,0,-8.906518389421034,reference,DaRUS-4999/direct_upsampling_data_rungs_1-3/thermodynamic_properties/tridymite_beta_pbe_d3bj.csv
2358,0,-8.90715761404015,reference,DaRUS-4999/direct_upsampling_data_rungs_1-3/thermodynamic_properties/tridymite_beta_pbe_d3bj.csv
2359,0,-8.907796950717898,reference,DaRUS-4999/direct_upsampling_data_rungs_1-3/thermodynamic_properties/tridymite_beta_pbe_d3bj.csv
2360,0,-8.908436399409071,reference,DaRUS-4999/direct_upsampling_data_rungs_1-3/thermodynamic_properties/tridymite_beta_pbe_d3bj.csv
2361,0,-8.909075960068506,reference,DaRUS-4999/direct_upsampling_data_rungs_1-3/thermodynamic_properties/tridymite_beta_pbe_d3bj.csv
2362,0,-8.909715632651071,reference,DaRUS-4999/direct_upsampling_data_rungs_1-3/thermodynamic_properties/tridymite_beta_pbe_d3bj.csv
2363,0,-8.910355417111681,reference,DaRUS-4999/direct_upsampling_data_rungs_1-3/thermodynamic_properties/tridymite_beta_pbe_d3bj.csv
2364,0,-8.910995313405275,reference,DaRUS-4999/direct_upsampling_data_rungs_1-3/thermodynamic_properties/tridymite_beta_pbe_d3bj.csv
2365,0,-8.911635321486834,reference,DaRUS-4999/direct_upsampling_data_rungs_1-3/thermodynamic_properties/tridymite_beta_pbe_d3bj.csv
2366,0,-8.912275441311387,reference,DaRUS-4999/direct_upsampling_data_rungs_1-3/thermodynamic_properties/tridymite_beta_pbe_d3bj.csv
2367,0,-8.91291567283398,reference,DaRUS-4999/direct_upsampling_data_rungs_1-3/thermodynamic_properties/tridymite_beta_pbe_d3bj.csv
2368,0,-8.913556016009712,reference,DaRUS-4999/direct_upsampling_data_rungs_1-3/thermodynamic_properties/tridymite_beta_pbe_d3bj.csv
2369,0,-8.914196470793712,reference,DaRUS-4999/direct_upsampling_data_rungs_1-3/thermodynamic_properties/tridymite_beta_pbe_d3bj.csv
2370,0,-8.914837037141147,reference,DaRUS-4999/direct_upsampling_data_rungs_1-3/thermodynamic_properties/tridymite_beta_pbe_d3bj.csv
2371,0,-8.915477715007222,reference,DaRUS-4999/direct_upsampling_data_rungs_1-3/thermodynamic_properties/tridymite_beta_pbe_d3bj.csv
2372,0,-8.916118504347176,reference,DaRUS-4999/direct_upsampling_data_rungs_1-3/thermodynamic_properties/tridymite_beta_pbe_d3bj.csv
2373,0,-8.916759405116288,reference,DaRUS-4999/direct_upsampling_data_rungs_1-3/thermodynamic_properties/tridymite_beta_pbe_d3bj.csv
2374,0,-8.917400417269867,reference,DaRUS-4999/direct_upsampling_data_rungs_1-3/thermodynamic_properties/tridymite_beta_pbe_d3bj.csv
2375,0,-8.918041540763269,reference,DaRUS-4999/direct_upsampling_data_rungs_1-3/thermodynamic_properties/tridymite_beta_pbe_d3bj.csv
2376,0,-8.918682775551881,reference,DaRUS-4999/direct_upsampling_data_rungs_1-3/thermodynamic_properties/tridymite_beta_pbe_d3bj.csv
2377,0,-8.919324121591123,reference,DaRUS-4999/direct_upsampling_data_rungs_1-3/thermodynamic_properties/tridymite_beta_pbe_d3bj.csv
2378,0,-8.919965578836454,reference,DaRUS-4999/direct_upsampling_data_rungs_1-3/thermodynamic_properties/tridymite_beta_pbe_d3bj.csv
2379,0,-8.920607147243373,reference,DaRUS-4999/direct_upsampling_data_rungs_1-3/thermodynamic_properties/tridymite_beta_pbe_d3bj.csv
2380,0,-8.921248826767414,reference,DaRUS-4999/direct_upsampling_data_rungs_1-3/thermodynamic_properties/tridymite_beta_pbe_d3bj.csv
2381,0,-8.921890617364145,reference,DaRUS-4999/direct_upsampling_data_rungs_1-3/thermodynamic_properties/tridymite_beta_pbe_d3bj.csv
2382,0,-8.922532518989167,reference,DaRUS-4999/direct_upsampling_data_rungs_1-3/thermodynamic_properties/tridymite_beta_pbe_d3bj.csv
2383,0,-8.923174531598129,reference,DaRUS-4999/direct_upsampling_data_rungs_1-3/thermodynamic_properties/tridymite_beta_pbe_d3bj.csv
2384,0,-8.923816655146702,reference,DaRUS-4999/direct_upsampling_data_rungs_1-3/thermodynamic_properties/tridymite_beta_pbe_d3bj.csv
2385,0,-8.924458889590603,reference,DaRUS-4999/direct_upsampling_data_rungs_1-3/thermodynamic_properties/tridymite_beta_pbe_d3bj.csv
2386,0,-8.925101234885583,reference,DaRUS-4999/direct_upsampling_data_rungs_1-3/thermodynamic_properties/tridymite_beta_pbe_d3bj.csv
2387,0,-8.92574369098743,reference,DaRUS-4999/direct_upsampling_data_rungs_1-3/thermodynamic_properties/tridymite_beta_pbe_d3bj.csv
2388,0,-8.926386257851957,reference,DaRUS-4999/direct_upsampling_data_rungs_1-3/thermodynamic_properties/tridymite_beta_pbe_d3bj.csv
2389,0,-8.927028935435034,reference,DaRUS-4999/direct_upsampling_data_rungs_1-3/thermodynamic_properties/tridymite_beta_pbe_d3bj.csv
2390,0,-8.927671723692546,reference,DaRUS-4999/direct_upsampling_data_rungs_1-3/thermodynamic_properties/tridymite_beta_pbe_d3bj.csv
2391,0,-8.928314622580425,reference,DaRUS-4999/direct_upsampling_data_rungs_1-3/thermodynamic_properties/tridymite_beta_pbe_d3bj.csv
2392,0,-8.928957632054638,reference,DaRUS-4999/direct_upsampling_data_rungs_1-3/thermodynamic_properties/tridymite_beta_pbe_d3bj.csv
2393,0,-8.929600752071186,reference,DaRUS-4999/direct_upsampling_data_rungs_1-3/thermodynamic_properties/tridymite_beta_pbe_d3bj.csv
2394,0,-8.930243982586109,reference,DaRUS-4999/direct_upsampling_data_rungs_1-3/thermodynamic_properties/tridymite_beta_pbe_d3bj.csv
2395,0,-8.930887323555474,reference,DaRUS-4999/direct_upsampling_data_rungs_1-3/thermodynamic_properties/tridymite_beta_pbe_d3bj.csv
2396,0,-8.931530774935394,reference,DaRUS-4999/direct_upsampling_data_rungs_1-3/thermodynamic_properties/tridymite_beta_pbe_d3bj.csv
2397,0,-8.932174336682015,reference,DaRUS-4999/direct_upsampling_data_rungs_1-3/thermodynamic_properties/tridymite_beta_pbe_d3bj.csv
2398,0,-8.932818008751511,reference,DaRUS-4999/direct_upsampling_data_rungs_1-3/thermodynamic_properties/tridymite_beta_pbe_d3bj.csv
2399,0,-8.933461791100104,reference,DaRUS-4999/direct_upsampling_data_rungs_1-3/thermodynamic_properties/tridymite_beta_pbe_d3bj.csv
2400,0,-8.93410568368404,reference,DaRUS-4999/direct_upsampling_data_rungs_1-3/thermodynamic_properties/tridymite_beta_pbe_d3bj.csv
2401,0,-8.934749686459607,reference,DaRUS-4999/direct_upsampling_data_rungs_1-3/thermodynamic_properties/tridymite_beta_pbe_d3bj.csv
2402,0,-8.935393799383128,reference,DaRUS-4999/direct_upsampling_data_rungs_1-3/thermodynamic_properties/tridymite_beta_pbe_d3bj.csv
2403,0,-8.936038022410958,reference,DaRUS-4999/direct_upsampling_data_rungs_1-3/thermodynamic_properties/tridymite_beta_pbe_d3bj.csv
2404,0,-8.936682355499489,reference,DaRUS-4999/direct_upsampling_data_rungs_1-3/thermodynamic_properties/tridymite_beta_pbe_d3bj.csv
2405,0,-8.937326798605154,reference,DaRUS-4999/direct_upsampling_data_rungs_1-3/thermodynamic_properties/tridymite_beta_pbe_d3bj.csv
2406,0,-8.937971351684409,reference,DaRUS-4999/direct_upsampling_data_rungs_1-3/thermodynamic_properties/tridymite_beta_pbe_d3bj.csv
2407,0,-8.938616014693759,reference,DaRUS-4999/direct_upsampling_data_rungs_1-3/thermodynamic_properties/tridymite_beta_pbe_d3bj.csv
2408,0,-8.939260787589731,reference,DaRUS-4999/direct_upsampling_data_rungs_1-3/thermodynamic_properties/tridymite_beta_pbe_d3bj.csv
2409,0,-8.939905670328898,reference,DaRUS-4999/direct_upsampling_data_rungs_1-3/thermodynamic_properties/tridymite_beta_pbe_d3bj.csv
2410,0,-8.940550662867862,reference,DaRUS-4999/direct_upsampling_data_rungs_1-3/thermodynamic_properties/tridymite_beta_pbe_d3bj.csv
2411,0,-8.941195765163261,reference,DaRUS-4999/direct_upsampling_data_rungs_1-3/thermodynamic_properties/tridymite_beta_pbe_d3bj.csv
2412,0,-8.94184097717177,reference,DaRUS-4999/direct_upsampling_data_rungs_1-3/thermodynamic_properties/tridymite_beta_pbe_d3bj.csv
2413,0,-8.942486298850097,reference,DaRUS-4999/direct_upsampling_data_rungs_1-3/thermodynamic_properties/tridymite_beta_pbe_d3bj.csv
2414,0,-8.943131730154986,reference,DaRUS-4999/direct_upsampling_data_rungs_1-3/thermodynamic_properties/tridymite_beta_pbe_d3bj.csv
2415,0,-8.943777271043215,reference,DaRUS-4999/direct_upsampling_data_rungs_1-3/thermodynamic_properties/tridymite_beta_pbe_d3bj.csv
2416,0,-8.944422921471597,reference,DaRUS-4999/direct_upsampling_data_rungs_1-3/thermodynamic_properties/tridymite_beta_pbe_d3bj.csv
2417,0,-8.945068681396979,reference,DaRUS-4999/direct_upsampling_data_rungs_1-3/thermodynamic_properties/tridymite_beta_pbe_d3bj.csv
2418,0,-8.945714550776245,reference,DaRUS-4999/direct_upsampling_data_rungs_1-3/thermodynamic_properties/tridymite_beta_pbe_d3bj.csv
2419,0,-8.946360529566316,reference,DaRUS-4999/direct_upsampling_data_rungs_1-3/thermodynamic_properties/tridymite_beta_pbe_d3bj.csv
2420,0,-8.947006617724137,reference,DaRUS-4999/direct_upsampling_data_rungs_1-3/thermodynamic_properties/tridymite_beta_pbe_d3bj.csv
2421,0,-8.947652815206697,reference,DaRUS-4999/direct_upsampling_data_rungs_1-3/thermodynamic_properties/tridymite_beta_pbe_d3bj.csv
2422,0,-8.948299121971017,reference,DaRUS-4999/direct_upsampling_data_rungs_1-3/thermodynamic_properties/tridymite_beta_pbe_d3bj.csv
2423,0,-8.948945537974158,reference,DaRUS-4999/direct_upsampling_data_rungs_1-3/thermodynamic_properties/tridymite_beta_pbe_d3bj.csv
2424,0,-8.949592063173206,reference,DaRUS-4999/direct_upsampling_data_rungs_1-3/thermodynamic_properties/tridymite_beta_pbe_d3bj.csv
2425,0,-8.950238697525284,reference,DaRUS-4999/direct_upsampling_data_rungs_1-3/thermodynamic_properties/tridymite_beta_pbe_d3bj.csv
2426,0,-8.950885440987554,reference,DaRUS-4999/direct_upsampling_data_rungs_1-3/thermodynamic_properties/tridymite_beta_pbe_d3bj.csv
2427,0,-8.951532293517209,reference,DaRUS-4999/direct_upsampling_data_rungs_1-3/thermodynamic_properties/tridymite_beta_pbe_d3bj.csv
2428,0,-8.952179255071476,reference,DaRUS-4999/direct_upsampling_data_rungs_1-3/thermodynamic_properties/tridymite_beta_pbe_d3bj.csv
2429,0,-8.952826325607619,reference,DaRUS-4999/direct_upsampling_data_rungs_1-3/thermodynamic_properties/tridymite_beta_pbe_d3bj.csv
2430,0,-8.953473505082933,reference,DaRUS-4999/direct_upsampling_data_rungs_1-3/thermodynamic_properties/tridymite_beta_pbe_d3bj.csv
2431,0,-8.954120793454749,reference,DaRUS-4999/direct_upsampling_data_rungs_1-3/thermodynamic_properties/tridymite_beta_pbe_d3bj.csv
2432,0,-8.954768190680429,reference,DaRUS-4999/direct_upsampling_data_rungs_1-3/thermodynamic_properties/tridymite_beta_pbe_d3bj.csv
2433,0,-8.955415696717379,reference,DaRUS-4999/direct_upsampling_data_rungs_1-3/thermodynamic_properties/tridymite_beta_pbe_d3bj.csv
2434,0,-8.956063311523025,reference,DaRUS-4999/direct_upsampling_data_rungs_1-3/thermodynamic_properties/tridymite_beta_pbe_d3bj.csv
2435,0,-8.956711035054839,reference,DaRUS-4999/direct_upsampling_data_rungs_1-3/thermodynamic_properties/tridymite_beta_pbe_d3bj.csv
2436,0,-8.957358867270317,reference,DaRUS-4999/direct_upsampling_data_rungs_1-3/thermodynamic_properties/tridymite_beta_pbe_d3bj.csv
2437,0,-8.958006808126997,reference,DaRUS-4999/direct_upsampling_data_rungs_1-3/thermodynamic_properties/tridymite_beta_pbe_d3bj.csv
2438,0,-8.958654857582449,reference,DaRUS-4999/direct_upsampling_data_rungs_1-3/thermodynamic_properties/tridymite_beta_pbe_d3bj.csv
2439,0,-8.959303015594275,reference,DaRUS-4999/direct_upsampling_data_rungs_1-3/thermodynamic_properties/tridymite_beta_pbe_d3bj.csv
2440,0,-8.959951282120109,reference,DaRUS-4999/direct_upsampling_data_rungs_1-3/thermodynamic_properties/tridymite_beta_pbe_d3bj.csv
2441,0,-8.960599657117625,reference,DaRUS-4999/direct_upsampling_data_rungs_1-3/thermodynamic_properties/tridymite_beta_pbe_d3bj.csv
2442,0,-8.961248140544525,reference,DaRUS-4999/direct_upsampling_data_rungs_1-3/thermodynamic_properties/tridymite_beta_pbe_d3bj.csv
2443,0,-8.96189673235855,reference,DaRUS-4999/direct_upsampling_data_rungs_1-3/thermodynamic_properties/tridymite_beta_pbe_d3bj.csv
2444,0,-8.962545432517468,reference,DaRUS-4999/direct_upsampling_data_rungs_1-3/thermodynamic_properties/tridymite_beta_pbe_d3bj.csv
2445,0,-8.963194240979085,reference,DaRUS-4999/direct_upsampling_data_rungs_1-3/thermodynamic_properties/tridymite_beta_pbe_d3bj.csv
2446,0,-8.963843157701241,reference,DaRUS-4999/direct_upsampling_data_rungs_1-3/thermodynamic_properties/tridymite_beta_pbe_d3bj.csv
2447,0,-8.964492182641813,reference,DaRUS-4999/direct_upsampling_data_rungs_1-3/thermodynamic_properties/tridymite_beta_pbe_d3bj.csv
2448,0,-8.965141315758697,reference,DaRUS-4999/direct_upsampling_data_rungs_1-3/thermodynamic_properties/tridymite_beta_pbe_d3bj.csv
2449,0,-8.965790557009839,reference,DaRUS-4999/direct_upsampling_data_rungs_1-3/thermodynamic_properties/tridymite_beta_pbe_d3bj.csv
2450,0,-8.966439906353211,reference,DaRUS-4999/direct_upsampling_data_rungs_1-3/thermodynamic_properties/tridymite_beta_pbe_d3bj.csv
2451,0,-8.967089363746819,reference,DaRUS-4999/direct_upsampling_data_rungs_1-3/thermodynamic_properties/tridymite_beta_pbe_d3bj.csv
2452,0,-8.967738929148702,reference,DaRUS-4999/direct_upsampling_data_rungs_1-3/thermodynamic_properties/tridymite_beta_pbe_d3bj.csv
2453,0,-8.968388602516935,reference,DaRUS-4999/direct_upsampling_data_rungs_1-3/thermodynamic_properties/tridymite_beta_pbe_d3bj.csv
2454,0,-8.969038383809622,reference,DaRUS-4999/direct_upsampling_data_rungs_1-3/thermodynamic_properties/tridymite_beta_pbe_d3bj.csv
2455,0,-8.969688272984905,reference,DaRUS-4999/direct_upsampling_data_rungs_1-3/thermodynamic_properties/tridymite_beta_pbe_d3bj.csv
2456,0,-8.970338270000957,reference,DaRUS-4999/direct_upsampling_data_rungs_1-3/thermodynamic_properties/tridymite_beta_pbe_d3bj.csv
2457,0,-8.970988374815979,reference,DaRUS-4999/direct_upsampling_data_rungs_1-3/thermodynamic_properties/tridymite_beta_pbe_d3bj.csv
2458,0,-8.971638587388215,reference,DaRUS-4999/direct_upsampling_data_rungs_1-3/thermodynamic_properties/tridymite_beta_pbe_d3bj.csv
2459,0,-8.972288907675935,reference,DaRUS-4999/direct_upsampling_data_rungs_1-3/thermodynamic_properties/tridymite_beta_pbe_d3bj.csv
2460,0,-8.972939335637449,reference,DaRUS-4999/direct_upsampling_data_rungs_1-3/thermodynamic_properties/tridymite_beta_pbe_d3bj.csv
2461,0,-8.973589871231082,reference,DaRUS-4999/direct_upsampling_data_rungs_1-3/thermodynamic_properties/tridymite_beta_pbe_d3bj.csv
2462,0,-8.974240514415227,reference,DaRUS-4999/direct_upsampling_data_rungs_1-3/thermodynamic_properties/tridymite_beta_pbe_d3bj.csv
2463,0,-8.974891265148267,reference,DaRUS-4999/direct_upsampling_data_rungs_1-3/thermodynamic_properties/tridymite_beta_pbe_d3bj.csv
2464,0,-8.975542123388651,reference,DaRUS-4999/direct_upsampling_data_rungs_1-3/thermodynamic_properties/tridymite_beta_pbe_d3bj.csv
2465,0,-8.976193089094844,reference,DaRUS-4999/direct_upsampling_data_rungs_1-3/thermodynamic_properties/tridymite_beta_pbe_d3bj.csv
2466,0,-8.976844162225351,reference,DaRUS-4999/direct_upsampling_data_rungs_1-3/thermodynamic_properties/tridymite_beta_pbe_d3bj.csv
2467,0,-8.977495342738708,reference,DaRUS-4999/direct_upsampling_data_rungs_1-3/thermodynamic_properties/tridymite_beta_pbe_d3bj.csv
2468,0,-8.978146630593482,reference,DaRUS-4999/direct_upsampling_data_rungs_1-3/thermodynamic_properties/tridymite_beta_pbe_d3bj.csv
2469,0,-8.978798025748276,reference,DaRUS-4999/direct_upsampling_data_rungs_1-3/thermodynamic_properties/tridymite_beta_pbe_d3bj.csv
2470,0,-8.979449528161718,reference,DaRUS-4999/direct_upsampling_data_rungs_1-3/thermodynamic_properties/tridymite_beta_pbe_d3bj.csv
2471,0,-8.980101137792483,reference,DaRUS-4999/direct_upsampling_data_rungs_1-3/thermodynamic_properties/tridymite_beta_pbe_d3bj.csv
2472,0,-8.980752854599261,reference,DaRUS-4999/direct_upsampling_data_rungs_1-3/thermodynamic_properties/tridymite_beta_pbe_d3bj.csv
2473,0,-8.981404678540789,reference,DaRUS-4999/direct_upsampling_data_rungs_1-3/thermodynamic_properties/tridymite_beta_pbe_d3bj.csv
2474,0,-8.982056609575832,reference,DaRUS-4999/direct_upsampling_data_rungs_1-3/thermodynamic_properties/tridymite_beta_pbe_d3bj.csv
2475,0,-8.982708647663181,reference,DaRUS-4999/direct_upsampling_data_rungs_1-3/thermodynamic_properties/tridymite_beta_pbe_d3bj.csv
2476,0,-8.983360792761671,reference,DaRUS-4999/direct_upsampling_data_rungs_1-3/thermodynamic_properties/tridymite_beta_pbe_d3bj.csv
2477,0,-8.984013044830158,reference,DaRUS-4999/direct_upsampling_data_rungs_1-3/thermodynamic_properties/tridymite_beta_pbe_d3bj.csv
2478,0,-8.98466540382754,reference,DaRUS-4999/direct_upsampling_data_rungs_1-3/thermodynamic_properties/tridymite_beta_pbe_d3bj.csv
2479,0,-8.985317869712741,reference,DaRUS-4999/direct_upsampling_data_rungs_1-3/thermodynamic_properties/tridymite_beta_pbe_d3bj.csv
2480,0,-8.985970442444716,reference,DaRUS-4999/direct_upsampling_data_rungs_1-3/thermodynamic_properties/tridymite_beta_pbe_d3bj.csv
2481,0,-8.986623121982461,reference,DaRUS-4999/direct_upsampling_data_rungs_1-3/thermodynamic_properties/tridymite_beta_pbe_d3bj.csv
2482,0,-8.987275908284998,reference,DaRUS-4999/direct_upsampling_data_rungs_1-3/thermodynamic_properties/tridymite_beta_pbe_d3bj.csv
2483,0,-8.987928801311378,reference,DaRUS-4999/direct_upsampling_data_rungs_1-3/thermodynamic_properties/tridymite_beta_pbe_d3bj.csv
2484,0,-8.988581801020695,reference,DaRUS-4999/direct_upsampling_data_rungs_1-3/thermodynamic_properties/tridymite_beta_pbe_d3bj.csv
2485,0,-8.98923490737206,reference,DaRUS-4999/direct_upsampling_data_rungs_1-3/thermodynamic_properties/tridymite_beta_pbe_d3bj.csv
2486,0,-8.989888120324625,reference,DaRUS-4999/direct_upsampling_data_rungs_1-3/thermodynamic_properties/tridymite_beta_pbe_d3bj.csv
2487,0,-8.990541439837582,reference,DaRUS-4999/direct_upsampling_data_rungs_1-3/thermodynamic_properties/tridymite_beta_pbe_d3bj.csv
2488,0,-8.991194865870138,reference,DaRUS-4999/direct_upsampling_data_rungs_1-3/thermodynamic_properties/tridymite_beta_pbe_d3bj.csv
2489,0,-8.991848398381542,reference,DaRUS-4999/direct_upsampling_data_rungs_1-3/thermodynamic_properties/tridymite_beta_pbe_d3bj.csv
2490,0,-8.992502037331077,reference,DaRUS-4999/direct_upsampling_data_rungs_1-3/thermodynamic_properties/tridymite_beta_pbe_d3bj.csv
2491,0,-8.99315578267805,reference,DaRUS-4999/direct_upsampling_data_rungs_1-3/thermodynamic_properties/tridymite_beta_pbe_d3bj.csv
2492,0,-8.993809634381799,reference,DaRUS-4999/direct_upsampling_data_rungs_1-3/thermodynamic_properties/tridymite_beta_pbe_d3bj.csv
2493,0,-8.994463592401711,reference,DaRUS-4999/direct_upsampling_data_rungs_1-3/thermodynamic_properties/tridymite_beta_pbe_d3bj.csv
2494,0,-8.995117656697181,reference,DaRUS-4999/direct_upsampling_data_rungs_1-3/thermodynamic_properties/tridymite_beta_pbe_d3bj.csv
2495,0,-8.995771827227655,reference,DaRUS-4999/direct_upsampling_data_rungs_1-3/thermodynamic_properties/tridymite_beta_pbe_d3bj.csv
2496,0,-8.996426103952597,reference,DaRUS-4999/direct_upsampling_data_rungs_1-3/thermodynamic_properties/tridymite_beta_pbe_d3bj.csv
2497,0,-8.997080486831514,reference,DaRUS-4999/direct_upsampling_data_rungs_1-3/thermodynamic_properties/tridymite_beta_pbe_d3bj.csv
2498,0,-8.997734975823935,reference,DaRUS-4999/direct_upsampling_data_rungs_1-3/thermodynamic_properties/tridymite_beta_pbe_d3bj.csv
2499,0,-8.998389570889426,reference,DaRUS-4999/direct_upsampling_data_rungs_1-3/thermodynamic_properties/tridymite_beta_pbe_d3bj.csv
