T_K,P_GPa,V_min_A3_per_atom,F_vib_eV_per_atom,F_QH_eV_per_atom
851,0,14.07561189693181,-0.07027859120421098,-4.169786038950276
852,0,14.07561189693181,-0.07064609576644632,-4.170153543512511
853,0,14.07561189693181,-0.07101387501326251,-4.170521322759328
854,0,14.07561189693181,-0.0713819286805446,-4.17088937642661
855,0,14.07561189693181,-0.07175025650462263,-4.171257704250688
856,0,14.07561189693181,-0.07211885822227959,-4.171626305968345
857,0,14.07561189693181,-0.07248773357074345,-4.171995181316809
858,0,14.07561189693181,-0.07285688228769249,-4.172364330033758
859,0,14.07561189693181,-0.07322630411125086,-4.172733751857316
860,0,14.07561189693181,-0.07359599877998591,-4.173103446526051
861,0,14.07561189693181,-0.0739659660329135,-4.173473413778979
862,0,14.07561189693181,-0.07433620560949006,-4.173843653355555
863,0,14.07561189693181,-0.07470671724961608,-4.174214164995681
864,0,14.07561189693181,-0.0750775006936335,-4.174584948439699
865,0,14.07561189693181,-0.07544855568232567,-4.174956003428391
866,0,14.07561189693181,-0.0758198819569138,-4.175327329702979
867,0,14.07561189693181,-0.07619147925906056,-4.175698927005126
868,0,14.07561189693181,-0.07656334733086556,-4.176070795076931
869,0,14.07561189693181,-0.07693548591486454,-4.17644293366093
870,0,14.07561189693181,-0.07730789475403022,-4.176815342500095
871,0,14.07561189693181,-0.07768057359176961,-4.177188021337835
872,0,14.07561189693181,-0.07805352217192585,-4.177560969917991
873,0,14.07561189693181,-0.07842674023877372,-4.177934187984839
874,0,14.07561189693181,-0.07880022753702054,-4.178307675283086
875,0,14.07561189693181,-0.07917398381180529,-4.17868143155787
876,0,14.07561189693181,-0.07954800880869506,-4.17905545655476
877,0,14.07561189693181,-0.07992230227369213,-4.179429750019757
878,0,14.07561189693181,-0.08029686395322155,-4.179804311699287
879,0,14.07561189693181,-0.08067169359414006,-4.180179141340205
880,0,14.07561189693181,-0.08104679094372891,-4.180554238689794
881,0,14.07561189693181,-0.0814221557496948,-4.18092960349576
882,0,14.07561189693181,-0.08179778776017255,-4.181305235506238
883,0,14.07561189693181,-0.08217368672371794,-4.181681134469783
884,0,14.07561189693181,-0.08254985238931045,-4.182057300135376
885,0,14.07561189693181,-0.08292628450635231,-4.182433732252417
886,0,14.07561189693181,-0.08330298282466675,-4.182810430570732
887,0,14.07561189693181,-0.083679947094498,-4.183187394840563
888,0,14.07561189693181,-0.08405717706650861,-4.183564624812574
889,0,14.07561189693181,-0.08443467249178127,-4.183942120237846
890,0,14.07561189693181,-0.0848124331218143,-4.184319880867879
891,0,14.07561189693181,-0.08519045870852526,-4.18469790645459
892,0,14.07561189693181,-0.08556874900424472,-4.18507619675031
893,0,14.07561189693181,-0.08594730376172066,-4.185454751507786
894,0,14.07561189693181,-0.08632612273411411,-4.185833570480179
895,0,14.07561189693181,-0.08670520567499995,-4.186212653421065
896,0,14.07561189693181,-0.08708455233836432,-4.186592000084429
897,0,14.07561189693181,-0.08746416247860456,-4.18697161022467
898,0,14.07561189693181,-0.08784403585053013,-4.187351483596595
899,0,14.07561189693181,-0.08822417220935908,-4.187731619955424
900,0,14.07561189693181,-0.08860457131071797,-4.188112019056783
901,0,14.07561189693181,-0.08898523291064286,-4.188492680656708
902,0,14.07561189693181,-0.08936615676557391,-4.188873604511639
903,0,14.07561189693181,-0.08974734263236073,-4.189254790378426
904,0,14.07561189693181,-0.09012879026825615,-4.189636238014321
905,0,14.07561189693181,-0.09051049943091716,-4.190017947176982
906,0,14.07561189693181,-0.09089246987840482,-4.19039991762447
907,0,14.07561189693181,-0.09127470136918348,-4.190782149115249
908,0,14.07561189693181,-0.09165719366211977,-4.191164641408185
909,0,14.07561189693181,-0.09203994651647829,-4.191547394262543
910,0,14.07561189693181,-0.09242295969192593,-4.191930407437991
911,0,14.07561189693181,-0.0928062329485293,-4.192313680694594
912,0,14.07561189693181,-0.09318976604674845,-4.192697213792814
913,0,14.07561189693181,-0.09357355874745199,-4.193081006493517
914,0,14.07561189693181,-0.09395761081189224,-4.193465058557957
915,0,14.07561189693181,-0.09434192200172475,-4.19384936974779
916,0,14.07561189693181,-0.09472649207899853,-4.194233939825064
917,0,14.07561189693181,-0.09511132080615692,-4.194618768552222
918,0,14.07561189693181,-0.09549640794603409,-4.195003855692099
919,0,14.07561189693181,-0.09588175326185944,-4.195389201007925
920,0,14.07561189693181,-0.09626735651725227,-4.195774804263317
921,0,14.07561189693181,-0.09665321747622357,-4.196160665222289
922,0,14.07561189693181,-0.09703933590317426,-4.196546783649239
923,0,14.07561189693181,-0.09742571156289248,-4.196933159308958
924,0,14.07561189693181,-0.09781234422055629,-4.197319791966621
925,0,14.07561189693181,-0.09819923364173011,-4.197706681387795
926,0,14.07561189693181,-0.0985863795923656,-4.198093827338431
927,0,14.07561189693181,-0.0989737818387999,-4.198481229584865
928,0,14.07561189693181,-0.09936144014775383,-4.198868887893819
929,0,14.07561189693181,-0.09974935428633369,-4.199256802032399
930,0,14.07561189693181,-0.1001375240220286,-4.199644971768094
931,0,14.07561189693181,-0.1005259491227086,-4.200033396868774
932,0,14.07561189693181,-0.1009146293566285,-4.200422077102694
933,0,14.07561189693181,-0.1013035644924196,-4.200811012238485
934,0,14.07561189693181,-0.1016927542990977,-4.201200202045163
935,0,14.07561189693181,-0.1020821985460527,-4.201589646292118
936,0,14.07561189693181,-0.1024718970030563,-4.201979344749121
937,0,14.07561189693181,-0.1028618494402567,-4.202369297186322
938,0,14.07561189693181,-0.1032520556281789,-4.202759503374244
939,0,14.07561189693181,-0.1036425153377243,-4.203149963083789
940,0,14.07561189693181,-0.1040332283401657,-4.203540676086231
941,0,14.07561189693181,-0.1044241944071551,-4.20393164215322
942,0,14.07561189693181,-0.104815413310714,-4.204322861056779
943,0,14.07561189693181,-0.1052068848232395,-4.204714332569305
944,0,14.07561189693181,-0.1055986087175,-4.205106056463565
945,0,14.07561189693181,-0.1059905847666327,-4.205498032512698
946,0,14.07561189693181,-0.1063828127441457,-4.205890260490211
947,0,14.07561189693181,-0.1067752924239187,-4.206282740169984
948,0,14.07561189693181,-0.1071680235801979,-4.206675471326263
949,0,14.07561189693181,-0.1075610059875984,-4.207068453733664
950,0,14.07561189693181,-0.1079542394211002,-4.207461687167165
951,0,14.07561189693181,-0.1083477236560526,-4.207855171402118
952,0,14.07561189693181,-0.1087414584681703,-4.208248906214235
953,0,14.07561189693181,-0.1091354436335275,-4.208642891379593
954,0,14.07561189693181,-0.1095296789285696,-4.209037126674635
955,0,14.07561189693181,-0.1099241641301001,-4.209431611876165
956,0,14.07561189693181,-0.1103188990152866,-4.209826346761352
957,0,14.07561189693181,-0.110713883361659,-4.210221331107724
958,0,14.07561189693181,-0.1111091169471052,-4.21061656469317
959,0,14.07561189693181,-0.1115045995498765,-4.211012047295942
960,0,14.07561189693181,-0.1119003309485826,-4.211407778694648
961,0,14.07561189693181,-0.1122963109221891,-4.211803758668254
962,0,14.07561189693181,-0.1126925392500215,-4.212199986996087
963,0,14.07561189693181,-0.113089015711763,-4.212596463457828
964,0,14.07561189693181,-0.1134857400874507,-4.212993187833516
965,0,14.07561189693181,-0.1138827121574781,-4.213390159903543
966,0,14.07561189693181,-0.1142799317025958,-4.213787379448661
967,0,14.07561189693181,-0.114677398503904,-4.214184846249969
968,0,14.07561189693181,-0.1150751123428586,-4.214582560088924
969,0,14.07561189693181,-0.115473073001267,-4.214980520747332
970,0,14.07561189693181,-0.11587128026129,-4.215378728007355
971,0,14.07561189693181,-0.1162697339054359,-4.215777181651501
972,0,14.07561189693181,-0.1166684337165664,-4.216175881462632
973,0,14.07561189693181,-0.1170673794778905,-4.216574827223956
974,0,14.07561189693181,-0.1174665709729679,-4.216974018719033
975,0,14.07561189693181,-0.1178660079857039,-4.217373455731769
976,0,14.07561189693181,-0.1182656903003512,-4.217773138046416
977,0,14.07561189693181,-0.1186656177015113,-4.218173065447576
978,0,14.07561189693181,-0.1190657899741279,-4.218573237720193
979,0,14.07561189693181,-0.1194662069034935,-4.218973654649559
980,0,14.07561189693181,-0.1198668682752402,-4.219374316021305
981,0,14.07561189693181,-0.1202677738753479,-4.219775221621413
982,0,14.07561189693181,-0.120668923490137,-4.220176371236202
983,0,14.07561189693181,-0.1210703169062697,-4.220577764652335
984,0,14.07561189693181,-0.1214719539107501,-4.220979401656815
985,0,14.07561189693181,-0.1218738342909225,-4.221381282036988
986,0,14.07561189693181,-0.1222759578344732,-4.221783405580538
987,0,14.07561189693181,-0.1226783243294243,-4.222185772075489
988,0,14.07561189693181,-0.1230809335641361,-4.222588381310201
989,0,14.07561189693181,-0.1234837853273092,-4.222991233073374
990,0,14.07561189693181,-0.123886879407979,-4.223394327154044
991,0,14.07561189693181,-0.1242902155955212,-4.223797663341586
992,0,14.07561189693181,-0.1246937936796391,-4.224201241425704
993,0,14.07561189693181,-0.1250976134503796,-4.224605061196445
994,0,14.07561189693181,-0.1255016746981168,-4.225009122444182
995,0,14.07561189693181,-0.1259059772135629,-4.225413424959628
996,0,14.07561189693181,-0.1263105207877588,-4.225817968533824
997,0,14.07561189693181,-0.1267153052120813,-4.226222752958146
998,0,14.07561189693181,-0.1271203302782329,-4.226627778024298
999,0,14.07561189693181,-0.1275255957782537,-4.227033043524319
1000,0,14.07561189693181,-0.1279311015045081,-4.227438549250573
1001,0,14.07561189693181,-0.1283368472496926,-4.227844294995758
1002,0,14.07561189693181,-0.1287428328068296,-4.228250280552895
1003,0,14.07561189693181,-0.129149057969272,-4.228656505715337
1004,0,14.07561189693181,-0.1295555225306968,-4.229062970276762
1005,0,14.07561189693181,-0.1299622262851106,-4.229469674031176
1006,0,14.07561189693181,-0.1303691690268431,-4.229876616772908
1007,0,14.07561189693181,-0.1307763505505495,-4.230283798296615
1008,0,14.07561189693181,-0.1311837706512096,-4.230691218397275
1009,0,14.07561189693181,-0.1315914291241267,-4.231098876870192
1010,0,14.07561189693181,-0.1319993257649275,-4.231506773510993
1011,0,14.07561189693181,-0.13240746036956,-4.231914908115625
1012,0,14.07561189693181,-0.1328158327342939,-4.232323280480359
1013,0,14.07561189693181,-0.1332244426557203,-4.232731890401785
1014,0,14.07561189693181,-0.1336332899307493,-4.233140737676814
1015,0,14.07561189693181,-0.1340423743566115,-4.233549822102677
1016,0,14.07561189693181,-0.1344516957308572,-4.233959143476922
1017,0,14.07561189693181,-0.1348612538513523,-4.234368701597417
1018,0,14.07561189693181,-0.1352710485162811,-4.234778496262346
1019,0,14.07561189693181,-0.1356810795241454,-4.235188527270211
1020,0,14.07561189693181,-0.1360913466737657,-4.235598794419831
1021,0,14.07561189693181,-0.1365018497642705,-4.236009297510336
1022,0,14.07561189693181,-0.136912588595111,-4.236420036341176
1023,0,14.07561189693181,-0.1373235629660483,-4.236831010712113
1024,0,14.07561189693181,-0.1377347726771552,-4.23724222042322
1025,0,14.07561189693181,-0.1381462175288233,-4.237653665274888
1026,0,14.07561189693181,-0.1385578973217507,-4.238065345067816
1027,0,14.07561189693181,-0.13896981185695,-4.238477259603015
1028,0,14.07561189693181,-0.1393819609357445,-4.23888940868181
1029,0,14.07561189693181,-0.1397943443597658,-4.239301792105831
1030,0,14.07561189693181,-0.1402069619309563,-4.239714409677021
1031,0,14.07561189693181,-0.1406198134515666,-4.240127261197632
1032,0,14.07561189693181,-0.1410328987241565,-4.240540346470222
1033,0,14.07561189693181,-0.1414462175515938,-4.240953665297659
1034,0,14.07561189693181,-0.1418597697370503,-4.241367217483115
1035,0,14.07561189693181,-0.1422735550840066,-4.241781002830072
1036,0,14.07561189693181,-0.1426875733962492,-4.242195021142314
1037,0,14.07561189693181,-0.143101824477867,-4.242609272223932
1038,0,14.07561189693181,-0.1435163081332558,-4.243023755879321
1039,0,14.07561189693181,-0.143931024167113,-4.243438471913178
1040,0,14.07561189693181,-0.1443459723844418,-4.243853420130507
1041,0,14.07561189693181,-0.1447611525905454,-4.244268600336611
1042,0,14.07561189693181,-0.1451765645910292,-4.244684012337094
1043,0,14.07561189693181,-0.1455922081918013,-4.245099655937866
1044,0,14.07561189693181,-0.1460080831990664,-4.245515530945132
1045,0,14.07561189693181,-0.1464241894193341,-4.245931637165399
1046,0,14.07561189693181,-0.1468405266594095,-4.246347974405475
1047,0,14.07561189693181,-0.1472570947263989,-4.246764542472464
1048,0,14.07561189693181,-0.1476738934277053,-4.24718134117377
1049,0,14.07561189693181,-0.1480909225710265,-4.247598370317092
1050,0,14.07561189693181,-0.1485081819643632,-4.248015629710428
1051,0,14.07561189693181,-0.1489256714160065,-4.248433119162072
1052,0,14.07561189693181,-0.1493433907345469,-4.248850838480612
1053,0,14.07561189693181,-0.1497613397288662,-4.249268787474931
1054,0,14.07561189693181,-0.1501795182081436,-4.249686965954209
1055,0,14.07561189693181,-0.1505979259818497,-4.250105373727915
1056,0,14.07561189693181,-0.1510165628597502,-4.250524010605815
1057,0,14.07561189693181,-0.1514354286519008,-4.250942876397966
1058,0,14.07561189693181,-0.1518545231686517,-4.251361970914717
1059,0,14.07561189693181,-0.1522738462206412,-4.251781293966706
1060,0,14.07561189693181,-0.1526933976188021,-4.252200845364867
1061,0,14.07561189693181,-0.1531131771743528,-4.252620624920418
1062,0,14.07561189693181,-0.1535331846988042,-4.253040632444869
1063,0,14.07561189693181,-0.1539534200039556,-4.253460867750021
1064,0,14.07561189693181,-0.1543738829018926,-4.253881330647958
1065,0,14.07561189693181,-0.1547945732049909,-4.254302020951056
1066,0,14.07561189693181,-0.1552154907259116,-4.254722938471977
1067,0,14.07561189693181,-0.1556366352776015,-4.255144083023667
1068,0,14.07561189693181,-0.1560580066732955,-4.255565454419361
1069,0,14.07561189693181,-0.1564796047265107,-4.255987052472576
1070,0,14.07561189693181,-0.1569014292510529,-4.256408876997118
1071,0,14.07561189693181,-0.1573234800610059,-4.256830927807071
1072,0,14.07561189693181,-0.1577457569707432,-4.257253204716808
1073,0,14.07561189693181,-0.1581682597949179,-4.257675707540983
1074,0,14.07561189693181,-0.1585909883484646,-4.25809843609453
1075,0,14.07561189693181,-0.1590139424466015,-4.258521390192667
1076,0,14.07561189693181,-0.1594371219048263,-4.258944569650891
1077,0,14.07561189693181,-0.1598605265389175,-4.259367974284983
1078,0,14.07561189693181,-0.1602841561649369,-4.259791603911002
1079,0,14.07561189693181,-0.1607080105992189,-4.260215458345284
1080,0,14.07561189693181,-0.1611320896583814,-4.260639537404447
1081,0,14.07561189693181,-0.1615563931593185,-4.261063840905384
1082,0,14.07561189693181,-0.1619809209192056,-4.261488368665271
1083,0,14.07561189693181,-0.1624056727554892,-4.261913120501554
1084,0,14.07561189693181,-0.1628306484858957,-4.262338096231961
1085,0,14.07561189693181,-0.1632558479284256,-4.262763295674491
1086,0,14.07561189693181,-0.1636812709013586,-4.263188718647424
1087,0,14.07561189693181,-0.1641069172232452,-4.26361436496931
1088,0,14.07561189693181,-0.1645327867129103,-4.264040234458975
1089,0,14.07561189693181,-0.1649588791894541,-4.264466326935519
1090,0,14.07561189693181,-0.1653851944722486,-4.264892642218314
1091,0,14.07561189693181,-0.1658117323809378,-4.265319180127003
1092,0,14.07561189693181,-0.166238492735439,-4.265745940481504
1093,0,14.07561189693181,-0.1666654753559405,-4.266172923102006
1094,0,14.07561189693181,-0.1670926800629005,-4.266600127808966
1095,0,14.07561189693181,-0.1675201066770491,-4.267027554423114
1096,0,14.07561189693181,-0.167947755019382,-4.267455202765447
1097,0,14.07561189693181,-0.1683756249111683,-4.267883072657233
1098,0,14.07561189693181,-0.1688037161739446,-4.26831116392001
1099,0,14.07561189693181,-0.169232028629513,-4.268739476375578
1100,0,14.07561189693181,-0.1696605620999483,-4.269168009846013
1101,0,14.07561189693181,-0.1700893164075845,-4.26959676415365
1102,0,14.07561189693181,-0.1705182913750285,-4.270025739121094
1103,0,14.07561189693181,-0.1709474868251499,-4.270454934571215
1104,0,14.07561189693181,-0.1713769025810867,-4.270884350327152
1105,0,14.07561189693181,-0.1718065384662353,-4.2713139862123
1106,0,14.07561189693181,-0.172236394304262,-4.271743842050327
1107,0,14.07561189693181,-0.1726664699190943,-4.272173917665159
1108,0,14.07561189693181,-0.1730967651349236,-4.272604212880989
1109,0,14.07561189693181,-0.1735272797762031,-4.273034727522268
1110,0,14.07561189693181,-0.1739580136676473,-4.273465461413712
1111,0,14.07561189693181,-0.1743889666342353,-4.2738964143803
1112,0,14.07561189693181,-0.1748201385012003,-4.274327586247265
1113,0,14.07561189693181,-0.1752515290940453,-4.27475897684011
1114,0,14.07561189693181,-0.1756831382385249,-4.27519058598459
1115,0,14.07561189693181,-0.1761149657606564,-4.275622413506722
1116,0,14.07561189693181,-0.1765470114867185,-4.276054459232784
1117,0,14.07561189693181,-0.1769792752432426,-4.276486722989308
1118,0,14.07561189693181,-0.1774117568570208,-4.276919204603086
1119,0,14.07561189693181,-0.1778444561551016,-4.277351903901167
1120,0,14.07561189693181,-0.178277372964792,-4.277784820710857
1121,0,14.07561189693181,-0.1787105071136521,-4.278217954859717
1122,0,14.07561189693181,-0.1791438584294998,-4.278651306175565
1123,0,14.07561189693181,-0.1795774267404076,-4.279084874486473
1124,0,14.07561189693181,-0.1800112118747021,-4.279518659620767
1125,0,14.07561189693181,-0.1804452136609624,-4.279952661407028
1126,0,14.07561189693181,-0.1808794319280258,-4.280386879674091
1127,0,14.07561189693181,-0.1813138665049783,-4.280821314251043
1128,0,14.07561189693181,-0.1817485172211599,-4.281255964967225
1129,0,14.07561189693181,-0.1821833839061613,-4.281690831652226
1130,0,14.07561189693181,-0.182618466389826,-4.282125914135891
1131,0,14.07561189693181,-0.1830537645022501,-4.282561212248315
1132,0,14.07561189693181,-0.1834892780737745,-4.28299672581984
1133,0,14.07561189693181,-0.1839250069349969,-4.283432454681062
1134,0,14.07561189693181,-0.1843609509167585,-4.283868398662824
1135,0,14.07561189693181,-0.1847971098501553,-4.28430455759622
1136,0,14.07561189693181,-0.1852334835665239,-4.284740931312589
1137,0,14.07561189693181,-0.1856700718974569,-4.285177519643522
1138,0,14.07561189693181,-0.1861068746747883,-4.285614322420853
1139,0,14.07561189693181,-0.1865438917306035,-4.286051339476669
1140,0,14.07561189693181,-0.1869811228972296,-4.286488570643295
1141,0,14.07561189693181,-0.1874185680072431,-4.286926015753308
1142,0,14.07561189693181,-0.1878562268934658,-4.287363674639531
1143,0,14.07561189693181,-0.188294099388961,-4.287801547135026
1144,0,14.07561189693181,-0.1887321853270407,-4.288239633073106
1145,0,14.07561189693181,-0.1891704845412576,-4.288677932287323
1146,0,14.07561189693181,-0.1896089968654104,-4.289116444611476
1147,0,14.07561189693181,-0.1900477221335377,-4.289555169879603
1148,0,14.07561189693181,-0.1904866601799231,-4.289994107925988
1149,0,14.07561189693181,-0.1909258108390901,-4.290433258585155
1150,0,14.07561189693181,-0.1913651739458047,-4.29087262169187
1151,0,14.07561189693181,-0.1918047493350743,-4.291312197081139
1152,0,14.07561189693181,-0.1922445368421455,-4.291751984588211
1153,0,14.07561189693181,-0.1926845363025071,-4.292191984048572
1154,0,14.07561189693181,-0.1931247475518836,-4.292632195297949
1155,0,14.07561189693181,-0.1935651704262398,-4.293072618172305
1156,0,14.07561189693181,-0.1940058047617841,-4.293513252507849
1157,0,14.07561189693181,-0.1944466503949549,-4.29395409814102
1158,0,14.07561189693181,-0.1948877071624322,-4.294395154908497
1159,0,14.07561189693181,-0.1953289749011349,-4.2948364226472
1160,0,14.07561189693181,-0.1957704534482163,-4.295277901194281
1161,0,14.07561189693181,-0.1962121426410617,-4.295719590387127
1162,0,14.07561189693181,-0.1966540423173004,-4.296161490063366
1163,0,14.07561189693181,-0.1970961523147921,-4.296603600060857
1164,0,14.07561189693181,-0.1975384724716305,-4.297045920217696
1165,0,14.07561189693181,-0.197981002626145,-4.29748845037221
1166,0,14.07561189693181,-0.1984237426168987,-4.297931190362964
1167,0,14.07561189693181,-0.1988666922826878,-4.298374140028753
1168,0,14.07561189693181,-0.1993098514625418,-4.298817299208607
1169,0,14.07561189693181,-0.1997532199957215,-4.299260667741787
1170,0,14.07561189693181,-0.2001967977217189,-4.299704245467784
1171,0,14.07561189693181,-0.2006405844802606,-4.300148032226326
1172,0,14.07561189693181,-0.201084580111301,-4.300592027857366
1173,0,14.07561189693181,-0.201528784455026,-4.301036232201091
1174,0,14.07561189693181,-0.2019731973518519,-4.301480645097917
1175,0,14.07561189693181,-0.2024178186424246,-4.30192526638849
1176,0,14.07561189693181,-0.2028626481676179,-4.302370095913683
1177,0,14.07561189693181,-0.2033076857685359,-4.302815133514601
1178,0,14.07561189693181,-0.203752931286509,-4.303260379032574
1179,0,14.07561189693181,-0.2041983845630977,-4.303705832309163
1180,0,14.07561189693181,-0.2046440454400873,-4.304151493186152
1181,0,14.07561189693181,-0.2050899137594921,-4.304597361505557
1182,0,14.07561189693181,-0.2055359893635504,-4.305043437109616
1183,0,14.07561189693181,-0.2059822720947295,-4.305489719840795
1184,0,14.07561189693181,-0.2064287617957197,-4.305936209541785
1185,0,14.07561189693181,-0.206875458309435,-4.3063829060555
1186,0,14.07561189693181,-0.2073223614790178,-4.306829809225083
1187,0,14.07561189693181,-0.2077694711478335,-4.307276918893899
1188,0,14.07561189693181,-0.2082167871594685,-4.307724234905534
1189,0,14.07561189693181,-0.2086643093577356,-4.308171757103801
1190,0,14.07561189693181,-0.2091120375866682,-4.308619485332733
1191,0,14.07561189693181,-0.2095599716905241,-4.309067419436589
1192,0,14.07561189693181,-0.2100081115137797,-4.309515559259845
1193,0,14.07561189693181,-0.2104564569011371,-4.309963904647202
1194,0,14.07561189693181,-0.2109050076975176,-4.310412455443583
1195,0,14.07561189693181,-0.2113537637480603,-4.310861211494125
1196,0,14.07561189693181,-0.2118027248981278,-4.311310172644193
1197,0,14.07561189693181,-0.2122518909933024,-4.311759338739368
1198,0,14.07561189693181,-0.2127012618793849,-4.31220870962545
1199,0,14.07561189693181,-0.2131508374023925,-4.312658285148458
1200,0,14.07561189693181,-0.2136006174085647,-4.31310806515463
1201,0,14.07561189693181,-0.2140506017443569,-4.313558049490422
1202,0,14.07561189693181,-0.2145007902564418,-4.314008238002507
1203,0,14.07561189693181,-0.2149511827917117,-4.314458630537777
1204,0,14.07561189693181,-0.2154017791972702,-4.314909226943335
1205,0,14.07561189693181,-0.215852579320444,-4.315360027066509
1206,0,14.07561189693181,-0.2163035830087701,-4.315811030754835
1207,0,14.07561189693181,-0.216754790110004,-4.316262237856069
1208,0,14.07561189693181,-0.2172062004721136,-4.316713648218179
1209,0,14.07561189693181,-0.2176578139432843,-4.317165261689349
1210,0,14.07561189693181,-0.2181096303719139,-4.317617078117979
1211,0,14.07561189693181,-0.2185616496066132,-4.318069097352678
1212,0,14.07561189693181,-0.219013871496208,-4.318521319242273
1213,0,14.07561189693181,-0.2194662958897347,-4.3189737436358
1214,0,14.07561189693181,-0.2199189226364453,-4.31942637038251
1215,0,14.07561189693181,-0.2203717515858008,-4.319879199331866
1216,0,14.07561189693181,-0.2208247825874752,-4.32033223033354
1217,0,14.07561189693181,-0.2212780154913538,-4.320785463237419
1218,0,14.07561189693181,-0.2217314501475318,-4.321238897893597
1219,0,14.07561189693181,-0.2221850864063173,-4.321692534152382
1220,0,14.07561189693181,-0.2226389241182218,-4.322146371864287
1221,0,14.07561189693181,-0.2230929631339746,-4.32260041088004
1222,0,14.07561189693181,-0.2235472033045083,-4.323054651050573
1223,0,14.07561189693181,-0.2240016444809676,-4.323509092227033
1224,0,14.07561189693181,-0.2244562865147017,-4.323963734260767
1225,0,14.07561189693181,-0.224911129257273,-4.324418577003338
1226,0,14.07561189693181,-0.2253661725604461,-4.324873620306511
1227,0,14.07561189693181,-0.2258214162761956,-4.325328864022261
1228,0,14.07561189693181,-0.2262768602567027,-4.325784308002768
1229,0,14.07561189693181,-0.2267325043543522,-4.326239952100417
1230,0,14.07561189693181,-0.2271883484217403,-4.326695796167805
1231,0,14.07561189693181,-0.2276443923116602,-4.327151840057725
1232,0,14.07561189693181,-0.2281006358771185,-4.327608083623184
1233,0,14.07561189693181,-0.2285570789713223,-4.328064526717387
1234,0,14.07561189693181,-0.2290137214476822,-4.328521169193747
1235,0,14.07561189693181,-0.2294705631598157,-4.328978010905881
1236,0,14.07561189693181,-0.2299276039615394,-4.329435051707605
1237,0,14.07561189693181,-0.2303848437068812,-4.329892291452946
1238,0,14.07561189693181,-0.2308422822500598,-4.330349729996125
1239,0,14.07561189693181,-0.2312999194455054,-4.330807367191571
1240,0,14.07561189693181,-0.2317577551478456,-4.331265202893911
1241,0,14.07561189693181,-0.2322157892119119,-4.331723236957977
1242,0,14.07561189693181,-0.2326740214927359,-4.332181469238801
1243,0,14.07561189693181,-0.2331324518455498,-4.332639899591615
1244,0,14.07561189693181,-0.2335910801257848,-4.33309852787185
1245,0,14.07561189693181,-0.2340499061890746,-4.33355735393514
1246,0,14.07561189693181,-0.2345089298912511,-4.334016377637316
1247,0,14.07561189693181,-0.2349681510883457,-4.334475598834411
1248,0,14.07561189693181,-0.2354275696365873,-4.334935017382652
1249,0,14.07561189693181,-0.2358871853924018,-4.335394633138467
1250,0,14.07561189693181,-0.2363469982124196,-4.335854445958485
1251,0,14.07561189693181,-0.2368070079534608,-4.336314455699526
1252,0,14.07561189693181,-0.2372672144725492,-4.336774662218614
1253,0,14.07561189693181,-0.2377276176269003,-4.337235065372965
1254,0,14.07561189693181,-0.2381882172739287,-4.337695665019994
1255,0,14.07561189693181,-0.2386490132712451,-4.33815646101731
1256,0,14.07561189693181,-0.239110005476654,-4.338617453222719
1257,0,14.07561189693181,-0.2395711937481577,-4.339078641494223
1258,0,14.07561189693181,-0.2400325779439516,-4.339540025690017
1259,0,14.07561189693181,-0.2404941579224271,-4.340001605668492
1260,0,14.07561189693181,-0.2409559335421667,-4.340463381288232
1261,0,14.07561189693181,-0.2414179046619518,-4.340925352408017
1262,0,14.07561189693181,-0.2418800711407521,-4.341387518886817
1263,0,14.07561189693181,-0.2423424328377335,-4.341849880583799
1264,0,14.07561189693181,-0.2428049896122539,-4.342312437358319
1265,0,14.07561189693181,-0.2432677413238622,-4.342775189069927
1266,0,14.07561189693181,-0.2437306878322998,-4.343238135578365
1267,0,14.07561189693181,-0.2441938289975019,-4.343701276743567
1268,0,14.07561189693181,-0.2446571646795919,-4.344164612425657
1269,0,14.07561189693181,-0.245120694738886,-4.344628142484951
1270,0,14.07561189693181,-0.2455844190358887,-4.345091866781954
1271,0,14.07561189693181,-0.2460483374312963,-4.345555785177361
1272,0,14.07561189693181,-0.2465124497859952,-4.34601989753206
1273,0,14.07561189693181,-0.2469767559610592,-4.346484203707124
1274,0,14.07561189693181,-0.2474412558177539,-4.346948703563819
1275,0,14.07561189693181,-0.2479059492175306,-4.347413396963596
1276,0,14.07561189693181,-0.2483708360220307,-4.347878283768096
1277,0,14.07561189693181,-0.248835916093082,-4.348343363839147
1278,0,14.07561189693181,-0.2493011892927033,-4.348808637038768
1279,0,14.07561189693181,-0.2497666554830946,-4.34927410322916
1280,0,14.07561189693181,-0.2502323145266487,-4.349739762272714
1281,0,14.07561189693181,-0.2506981662859422,-4.350205614032007
1282,0,14.07561189693181,-0.2511642106237373,-4.350671658369802
1283,0,14.07561189693181,-0.2516304474029827,-4.351137895149048
1284,0,14.07561189693181,-0.2520968764868119,-4.351604324232877
1285,0,14.07561189693181,-0.2525634977385458,-4.352070945484611
1286,0,14.07561189693181,-0.2530303110216865,-4.352537758767752
1287,0,14.07561189693181,-0.2534973161999234,-4.353004763945989
1288,0,14.07561189693181,-0.2539645131371282,-4.353471960883193
1289,0,14.07561189693181,-0.2544319016973562,-4.353939349443421
1290,0,14.07561189693181,-0.2548994817448458,-4.354406929490911
1291,0,14.07561189693181,-0.2553672531440201,-4.354874700890085
1292,0,14.07561189693181,-0.2558352157594843,-4.355342663505549
1293,0,14.07561189693181,-0.2563033694560239,-4.355810817202089
1294,0,14.07561189693181,-0.2567717140986074,-4.356279161844673
1295,0,14.07561189693181,-0.2572402495523871,-4.356747697298452
1296,0,14.07561189693181,-0.2577089756826929,-4.357216423428758
1297,0,14.07561189693181,-0.2581778923550377,-4.357685340101103
1298,0,14.07561189693181,-0.258646999435113,-4.358154447181178
1299,0,14.07561189693181,-0.2591162967887932,-4.358623744534858
1300,0,14.07561189693181,-0.2595857842821312,-4.359093232028196
1301,0,14.07561189693181,-0.2600554617813575,-4.359562909527423
1302,0,14.07561189693181,-0.2605253291528857,-4.360032776898951
1303,0,14.07561189693181,-0.2609953862633061,-4.360502834009371
1304,0,14.07561189693181,-0.2614656329793856,-4.360973080725451
1305,0,14.07561189693181,-0.2619360691680734,-4.361443516914139
1306,0,14.07561189693181,-0.2624066946964918,-4.361914142442557
1307,0,14.07561189693181,-0.2628775094319442,-4.362384957178009
1308,0,14.07561189693181,-0.26334851324191,-4.362855960987975
1309,0,14.07561189693181,-0.2638197059940453,-4.36332715374011
1310,0,14.07561189693181,-0.2642910875561819,-4.363798535302247
1311,0,14.07561189693181,-0.2647626577963287,-4.364270105542394
1312,0,14.07561189693181,-0.2652344165826701,-4.364741864328735
1313,0,14.07561189693181,-0.2657063637835666,-4.365213811529632
1314,0,14.07561189693181,-0.2661784992675527,-4.365685947013618
1315,0,14.07561189693181,-0.2666508229033377,-4.366158270649403
1316,0,14.07561189693181,-0.2671233345598063,-4.366630782305871
1317,0,14.07561189693181,-0.2675960341060177,-4.367103481852083
1318,0,14.07561189693181,-0.2680689214112029,-4.367576369157268
1319,0,14.07561189693181,-0.2685419963447675,-4.368049444090833
1320,0,14.07561189693181,-0.2690152587762906,-4.368522706522356
1321,0,14.07561189693181,-0.2694887085755253,-4.36899615632159
1322,0,14.07561189693181,-0.2699623456123943,-4.369469793358459
1323,0,14.07561189693181,-0.2704361697569917,-4.369943617503057
1324,0,14.07561189693181,-0.2709101808795902,-4.370417628625655
1325,0,14.07561189693181,-0.2713843788506276,-4.370891826596693
1326,0,14.07561189693181,-0.2718587635407141,-4.371366211286779
1327,0,14.07561189693181,-0.2723333348206323,-4.371840782566697
1328,0,14.07561189693181,-0.272808092561335,-4.3723155403074
1329,0,14.07561189693181,-0.273283036633944,-4.372790484380009
1330,0,14.07561189693181,-0.2737581669097517,-4.373265614655817
1331,0,14.07561189693181,-0.2742334832602218,-4.373740931006287
1332,0,14.07561189693181,-0.274708985556984,-4.374216433303049
1333,0,14.07561189693181,-0.2751846736718413,-4.374692121417906
1334,0,14.07561189693181,-0.2756605474767593,-4.375167995222824
1335,0,14.07561189693181,-0.2761366068438766,-4.375644054589942
1336,0,14.07561189693181,-0.2766128516455009,-4.376120299391566
1337,0,14.07561189693181,-0.2770892817541046,-4.37659672950017
1338,0,14.07561189693181,-0.2775658970423258,-4.377073344788391
1339,0,14.07561189693181,-0.2780426973829773,-4.377550145129042
1340,0,14.07561189693181,-0.2785196826490282,-4.378027130395093
1341,0,14.07561189693181,-0.2789968527136226,-4.378504300459688
1342,0,14.07561189693181,-0.2794742074500665,-4.378981655196132
1343,0,14.07561189693181,-0.2799517467318342,-4.379459194477899
1344,0,14.07561189693181,-0.2804294704325629,-4.379936918178628
1345,0,14.07561189693181,-0.2809073784260576,-4.380414826172123
1346,0,14.07561189693181,-0.2813854705862866,-4.380892918332352
1347,0,14.07561189693181,-0.2818637467873826,-4.381371194533448
1348,0,14.07561189693181,-0.2823422069036443,-4.381849654649709
1349,0,14.07561189693181,-0.2828208508095331,-4.382328298555598
1350,0,14.07561189693181,-0.2832996783796737,-4.382807126125739
1351,0,14.07561189693181,-0.2837786894888552,-4.38328613723492
1352,0,14.07561189693181,-0.2842578840120309,-4.383765331758096
1353,0,14.07561189693181,-0.284737261824314,-4.384244709570379
1354,0,14.07561189693181,-0.2852168228009822,-4.384724270547047
1355,0,14.07561189693181,-0.2856965668174745,-4.38520401456354
1356,0,14.07561189693181,-0.2861764937493918,-4.385683941495457
1357,0,14.07561189693181,-0.2866566034724984,-4.386164051218564
1358,0,14.07561189693181,-0.2871368958627203,-4.386644343608785
1359,0,14.07561189693181,-0.2876173707961369,-4.387124818542202
1360,0,14.07561189693181,-0.2880980281489984,-4.387605475895064
1361,0,14.07561189693181,-0.2885788677977112,-4.388086315543776
1362,0,14.07561189693181,-0.2890598896188399,-4.388567337364905
1363,0,14.07561189693181,-0.2895410934891132,-4.389048541235178
1364,0,14.07561189693181,-0.2900224792854136,-4.389529927031479
1365,0,14.07561189693181,-0.2905040468847879,-4.390011494630853
1366,0,14.07561189693181,-0.2909857961644402,-4.390493243910505
1367,0,14.07561189693181,-0.2914677270017325,-4.390975174747798
1368,0,14.07561189693181,-0.2919498392741868,-4.391457287020252
1369,0,14.07561189693181,-0.2924321328594806,-4.391939580605546
1370,0,14.07561189693181,-0.2929146076354519,-4.392422055381517
1371,0,14.07561189693181,-0.2933972634800943,-4.392904711226159
1372,0,14.07561189693181,-0.2938801002715579,-4.393387548017623
1373,0,14.07561189693181,-0.2943631178881541,-4.393870565634219
1374,0,14.07561189693181,-0.2948463162083446,-4.39435376395441
1375,0,14.07561189693181,-0.2953296951107527,-4.394837142856818
1376,0,14.07561189693181,-0.2958132544741545,-4.39532070222022
1377,0,14.07561189693181,-0.2962969941774851,-4.39580444192355
1378,0,14.07561189693181,-0.2967809140998305,-4.396288361845896
1379,0,14.07561189693181,-0.2972650141204349,-4.3967724618665
1380,0,14.07561189693181,-0.2977492941186979,-4.397256741864763
1381,0,14.07561189693181,-0.2982337539741717,-4.397741201720237
1382,0,14.07561189693181,-0.2987183935665643,-4.398225841312629
1383,0,14.07561189693181,-0.2992032127757369,-4.398710660521802
1384,0,14.07561189693181,-0.2996882114817057,-4.399195659227771
1385,0,14.07561189693181,-0.3001733895646392,-4.399680837310704
1386,0,14.07561189693181,-0.3006587469048592,-4.400166194650924
1387,0,14.07561189693181,-0.3011442833828388,-4.400651731128904
1388,0,14.07561189693181,-0.3016299988792088,-4.401137446625274
1389,0,14.07561189693181,-0.3021158932747472,-4.401623341020812
1390,0,14.07561189693181,-0.3026019664503883,-4.402109414196453
1391,0,14.07561189693181,-0.3030882182872121,-4.402595666033277
1392,0,14.07561189693181,-0.3035746486664568,-4.403082096412522
1393,0,14.07561189693181,-0.3040612574695079,-4.403568705215573
1394,0,14.07561189693181,-0.3045480445779045,-4.40405549232397
1395,0,14.07561189693181,-0.3050350098733343,-4.404542457619399
1396,0,14.07561189693181,-0.3055221532376349,-4.4050296009837
1397,0,14.07561189693181,-0.3060094745527975,-4.405516922298863
1398,0,14.07561189693181,-0.3064969737009582,-4.406004421447023
1399,0,14.07561189693181,-0.3069846505644085,-4.406492098310474
1400,0,14.07561189693181,-0.3074725050255838,-4.406979952771649
1401,0,14.07561189693181,-0.3079605369670722,-4.407467984713137
1402,0,14.07561189693181,-0.3084487462716092,-4.407956194017674
1403,0,14.07561189693181,-0.3089371328220789,-4.408444580568144
1404,0,14.07561189693181,-0.3094256965015152,-4.40893314424758
1405,0,14.07561189693181,-0.309914437193096,-4.409421884939161
1406,0,14.07561189693181,-0.3104033547801519,-4.409910802526217
1407,0,14.07561189693181,-0.3108924491461575,-4.410399896892223
1408,0,14.07561189693181,-0.3113817201747366,-4.410889167920802
1409,0,14.07561189693181,-0.3118711677496586,-4.411378615495724
1410,0,14.07561189693181,-0.3123607917548394,-4.411868239500905
1411,0,14.07561189693181,-0.3128505920743425,-4.412358039820408
1412,0,14.07561189693181,-0.3133405685923778,-4.412848016338443
1413,0,14.07561189693181,-0.3138307211932991,-4.413338168939364
1414,0,14.07561189693181,-0.3143210497616078,-4.413828497507673
1415,0,14.07561189693181,-0.3148115541819498,-4.414319001928015
1416,0,14.07561189693181,-0.3153022343391152,-4.41480968208518
1417,0,14.07561189693181,-0.3157930901180421,-4.415300537864107
1418,0,14.07561189693181,-0.3162841214038075,-4.415791569149873
1419,0,14.07561189693181,-0.3167753280816399,-4.416282775827705
1420,0,14.07561189693181,-0.3172667100369049,-4.41677415778297
1421,0,14.07561189693181,-0.3177582671551171,-4.417265714901182
1422,0,14.07561189693181,-0.3182499993219317,-4.417757447067997
1423,0,14.07561189693181,-0.3187419064231491,-4.418249354169214
1424,0,14.07561189693181,-0.3192339883447106,-4.418741436090776
1425,0,14.07561189693181,-0.3197262449727019,-4.419233692718767
1426,0,14.07561189693181,-0.3202186761933508,-4.419726123939416
1427,0,14.07561189693181,-0.3207112818930264,-4.420218729639092
1428,0,14.07561189693181,-0.3212040619582428,-4.420711509704308
1429,0,14.07561189693181,-0.3216970162756523,-4.421204464021717
1430,0,14.07561189693181,-0.3221901447320485,-4.421697592478114
1431,0,14.07561189693181,-0.3226834472143709,-4.422190894960436
1432,0,14.07561189693181,-0.3231769236096946,-4.42268437135576
1433,0,14.07561189693181,-0.3236705738052379,-4.423178021551303
1434,0,14.07561189693181,-0.3241643976883619,-4.423671845434427
1435,0,14.07561189693181,-0.3246583951465629,-4.424165842892628
1436,0,14.07561189693181,-0.325152566067481,-4.424660013813546
1437,0,14.07561189693181,-0.325646910338893,-4.425154358084958
1438,0,14.07561189693181,-0.3261414278487189,-4.425648875594784
1439,0,14.07561189693181,-0.3266361184850153,-4.42614356623108
1440,0,14.07561189693181,-0.3271309821359782,-4.426638429882043
1441,0,14.07561189693181,-0.3276260186899442,-4.427133466436009
1442,0,14.07561189693181,-0.3281212280353838,-4.427628675781449
1443,0,14.07561189693181,-0.3286166100609105,-4.428124057806976
1444,0,14.07561189693181,-0.3291121646552755,-4.428619612401341
1445,0,14.07561189693181,-0.3296078917073633,-4.429115339453428
1446,0,14.07561189693181,-0.3301037911062012,-4.429611238852266
1447,0,14.07561189693181,-0.330599862740951,-4.430107310487016
1448,0,14.07561189693181,-0.3310961065009108,-4.430603554246976
1449,0,14.07561189693181,-0.3315925222755176,-4.431099970021583
1450,0,14.07561189693181,-0.332089109954345,-4.43159655770041
1451,0,14.07561189693181,-0.3325858694271,-4.432093317173165
1452,0,14.07561189693181,-0.3330828005836288,-4.432590248329694
1453,0,14.07561189693181,-0.333579903313912,-4.433087351059977
1454,0,14.07561189693181,-0.3340771775080658,-4.433584625254131
1455,0,14.07561189693181,-0.3345746230563424,-4.434082070802408
1456,0,14.07561189693181,-0.3350722398491275,-4.434579687595193
1457,0,14.07561189693181,-0.335570027776944,-4.435077475523009
1458,0,14.07561189693181,-0.3360679867304457,-4.435575434476511
1459,0,14.07561189693181,-0.3365661166004266,-4.436073564346492
1460,0,14.07561189693181,-0.3370644172778094,-4.436571865023875
1461,0,14.07561189693181,-0.3375628886536557,-4.437070336399721
1462,0,14.07561189693181,-0.3380615306191528,-4.437568978365218
1463,0,14.07561189693181,-0.3385603430656312,-4.438067790811696
1464,0,14.07561189693181,-0.3390593258845467,-4.438566773630612
1465,0,14.07561189693181,-0.3395584789674935,-4.439065926713559
1466,0,14.07561189693181,-0.3400578022061946,-4.43956524995226
1467,0,14.07561189693181,-0.3405572954925082,-4.440064743238573
1468,0,14.07561189693181,-0.3410569587184238,-4.440564406464489
1469,0,14.07561189693181,-0.3415567917760622,-4.441064239522127
1470,0,14.07561189693181,-0.3420567945576778,-4.441564242303743
1471,0,14.07561189693181,-0.3425569669556561,-4.442064414701721
1472,0,14.07561189693181,-0.3430573088625097,-4.442564756608575
1473,0,14.07561189693181,-0.34355782017089,-4.443065267916955
1474,0,14.07561189693181,-0.3440585007735715,-4.443565948519637
1475,0,14.07561189693181,-0.3445593505634683,-4.444066798309533
1476,0,14.07561189693181,-0.3450603694336136,-4.444567817179679
1477,0,14.07561189693181,-0.3455615572771809,-4.445069005023246
1478,0,14.07561189693181,-0.3460629139874687,-4.445570361733534
1479,0,14.07561189693181,-0.3465644394579073,-4.446071887203972
1480,0,14.07561189693181,-0.347066133582052,-4.446573581328117
1481,0,14.07561189693181,-0.3475679962535931,-4.447075443999658
1482,0,14.07561189693181,-0.3480700273663482,-4.447577475112413
1483,0,14.07561189693181,-0.3485722268142633,-4.448079674560328
1484,0,14.07561189693181,-0.3490745944914115,-4.448582042237477
1485,0,14.07561189693181,-0.3495771302919959,-4.449084578038061
1486,0,14.07561189693181,-0.350079834110347,-4.449587281856412
1487,0,14.07561189693181,-0.3505827058409254,-4.450090153586991
1488,0,14.07561189693181,-0.3510857453783203,-4.450593193124385
1489,0,14.07561189693181,-0.3515889526172389,-4.451096400363304
1490,0,14.07561189693181,-0.3520923274525272,-4.451599775198592
1491,0,14.07561189693181,-0.3525958697791527,-4.452103317525218
1492,0,14.07561189693181,-0.3530995794922127,-4.452607027238278
1493,0,14.07561189693181,-0.3536034564869261,-4.453110904232991
1494,0,14.07561189693181,-0.3541075006586443,-4.453614948404709
1495,0,14.07561189693181,-0.3546117119028382,-4.454119159648903
1496,0,14.07561189693181,-0.3551160901151116,-4.454623537861177
1497,0,14.07561189693181,-0.3556206351911895,-4.455128082937255
1498,0,14.07561189693181,-0.3561253470269232,-4.455632794772988
1499,0,14.07561189693181,-0.3566302255182903,-4.456137673264355
1500,0,14.07561189693181,-0.3571352705613933,-4.456642718307458
1501,0,14.07561189693181,-0.3576404820524575,-4.457147929798523
1502,0,14.07561189693181,-0.3581458598878369,-4.457653307633902
1503,0,14.07561189693181,-0.3586514039640045,-4.45815885171007
1504,0,14.07561189693181,-0.3591571141775649,-4.45866456192363
1505,0,14.07561189693181,-0.3596629904252371,-4.459170438171302
1506,0,14.07561189693181,-0.3601690326038751,-4.45967648034994
1507,0,14.07561189693181,-0.3606752406104459,-4.460182688356511
1508,0,14.07561189693181,-0.3611816143420459,-4.460689062088111
1509,0,14.07561189693181,-0.3616881536958942,-4.461195601441959
1510,0,14.07561189693181,-0.3621948585693318,-4.461702306315397
1511,0,14.07561189693181,-0.36270172885982,-4.462209176605885
1512,0,14.07561189693181,-0.3632087644649493,-4.462716212211014
1513,0,14.07561189693181,-0.3637159652824247,-4.46322341302849
1514,0,14.07561189693181,-0.3642233312100789,-4.463730778956144
1515,0,14.07561189693181,-0.3647308621458638,-4.464238309891929
1516,0,14.07561189693181,-0.3652385579878548,-4.46474600573392
1517,0,14.07561189693181,-0.365746418634247,-4.465253866380312
1518,0,14.07561189693181,-0.3662544439833573,-4.465761891729422
1519,0,14.07561189693181,-0.3667626339336243,-4.466270081679689
1520,0,14.07561189693181,-0.3672709883836047,-4.46677843612967
1521,0,14.07561189693181,-0.3677795072319823,-4.467286954978047
1522,0,14.07561189693181,-0.3682881903775526,-4.467795638123618
1523,0,14.07561189693181,-0.3687970377192382,-4.468304485465303
1524,0,14.07561189693181,-0.36930604915608,-4.468813496902145
1525,0,14.07561189693181,-0.3698152245872368,-4.469322672333302
1526,0,14.07561189693181,-0.3703245639119892,-4.469832011658054
1527,0,14.07561189693181,-0.370834067029735,-4.4703415147758
1528,0,14.07561189693181,-0.3713437338399936,-4.470851181586059
1529,0,14.07561189693181,-0.3718535642424019,-4.471361011988467
1530,0,14.07561189693181,-0.3723635581367155,-4.471871005882781
1531,0,14.07561189693181,-0.3728737154228092,-4.472381163168874
1532,0,14.07561189693181,-0.3733840360006768,-4.472891483746742
1533,0,14.07561189693181,-0.3738945197704293,-4.473401967516494
1534,0,14.07561189693181,-0.3744051666322941,-4.473912614378359
1535,0,14.07561189693181,-0.374915976486621,-4.474423424232686
1536,0,14.07561189693181,-0.3754269492338729,-4.474934396979938
1537,0,14.07561189693181,-0.3759380847746323,-4.475445532520697
1538,0,14.07561189693181,-0.3764493830095965,-4.475956830755662
1539,0,14.07561189693181,-0.3769608438395853,-4.47646829158565
1540,0,14.07561189693181,-0.3774724671655267,-4.476979914911592
1541,0,14.07561189693181,-0.377984252888476,-4.477491700634541
1542,0,14.07561189693181,-0.378496200909594,-4.478003648655659
1543,0,14.07561189693181,-0.379008311130165,-4.47851575887623
1544,0,14.07561189693181,-0.3795205834515869,-4.479028031197652
1545,0,14.07561189693181,-0.3800330177753741,-4.479540465521439
1546,0,14.07561189693181,-0.3805456140031538,-4.480053061749219
1547,0,14.07561189693181,-0.3810583720366729,-4.480565819782738
1548,0,14.07561189693181,-0.3815712917777905,-4.481078739523856
1549,0,14.07561189693181,-0.3820843731284853,-4.48159182087455
1550,0,14.07561189693181,-0.3825976159908402,-4.482105063736905
1551,0,14.07561189693181,-0.3831110202670649,-4.48261846801313
1552,0,14.07561189693181,-0.3836245858594767,-4.483132033605542
1553,0,14.07561189693181,-0.3841383126705091,-4.483645760416574
1554,0,14.07561189693181,-0.3846522006027087,-4.484159648348774
1555,0,14.07561189693181,-0.385166249558738,-4.484673697304803
1556,0,14.07561189693181,-0.3856804594413701,-4.485187907187435
1557,0,14.07561189693181,-0.386194830153495,-4.48570227789956
1558,0,14.07561189693181,-0.3867093615981121,-4.486216809344177
1559,0,14.07561189693181,-0.3872240536783371,-4.486731501424402
1560,0,14.07561189693181,-0.3877389062973977,-4.487246354043463
1561,0,14.07561189693181,-0.3882539193586343,-4.487761367104699
1562,0,14.07561189693181,-0.3887690927654983,-4.488276540511563
1563,0,14.07561189693181,-0.3892844264215549,-4.48879187416762
1564,0,14.07561189693181,-0.3897999202304829,-4.489307367976548
1565,0,14.07561189693181,-0.3903155740960695,-4.489823021842135
1566,0,14.07561189693181,-0.3908313879222183,-4.490338835668283
1567,0,14.07561189693181,-0.3913473616129375,-4.490854809359003
1568,0,14.07561189693181,-0.3918634950723545,-4.49137094281842
1569,0,14.07561189693181,-0.3923797882047042,-4.491887235950769
1570,0,14.07561189693181,-0.3928962409143288,-4.492403688660394
1571,0,14.07561189693181,-0.3934128531056906,-4.492920300851756
1572,0,14.07561189693181,-0.3939296246833539,-4.493437072429419
1573,0,14.07561189693181,-0.3944465555519958,-4.493954003298061
1574,0,14.07561189693181,-0.394963645616409,-4.494471093362474
1575,0,14.07561189693181,-0.3954808947814872,-4.494988342527552
1576,0,14.07561189693181,-0.3959983029522398,-4.495505750698305
1577,0,14.07561189693181,-0.3965158700337863,-4.496023317779851
1578,0,14.07561189693181,-0.3970335959313536,-4.496541043677419
1579,0,14.07561189693181,-0.3975514805502778,-4.497058928296343
1580,0,14.07561189693181,-0.3980695237960052,-4.49757697154207
1581,0,14.07561189693181,-0.3985877255740906,-4.498095173320156
1582,0,14.07561189693181,-0.3991060857901996,-4.498613533536265
1583,0,14.07561189693181,-0.3996246043501026,-4.499132052096168
1584,0,14.07561189693181,-0.4001432811596821,-4.499650728905747
1585,0,14.07561189693181,-0.4006621161249262,-4.500169563870991
1586,0,14.07561189693181,-0.4011811091519322,-4.500688556897997
1587,0,14.07561189693181,-0.4017002601469049,-4.50120770789297
1588,0,14.07561189693181,-0.4022195690161583,-4.501727016762223
1589,0,14.07561189693181,-0.4027390356661131,-4.502246483412178
1590,0,14.07561189693181,-0.4032586600032957,-4.502766107749361
1591,0,14.07561189693181,-0.4037784419343433,-4.503285889680408
1592,0,14.07561189693181,-0.4042983813659955,-4.503805829112061
1593,0,14.07561189693181,-0.4048184782051027,-4.504325925951168
1594,0,14.07561189693181,-0.4053387323586186,-4.504846180104684
1595,0,14.07561189693181,-0.4058591437336077,-4.505366591479673
1596,0,14.07561189693181,-0.4063797122372366,-4.505887159983302
1597,0,14.07561189693181,-0.4069004377767822,-4.506407885522847
1598,0,14.07561189693181,-0.4074213202596209,-4.506928768005686
1599,0,14.07561189693181,-0.4079423595932417,-4.507449807339307
1600,0,14.07561189693181,-0.4084635556852367,-4.507971003431302
1601,0,14.07561189693181,-0.4089849084433022,-4.508492356189367
1602,0,14.07561189693181,-0.4095064177752388,-4.509013865521304
1603,0,14.07561189693181,-0.4100280835889585,-4.509535531335024
1604,0,14.07561189693181,-0.4105499057924691,-4.510057353538534
1605,0,14.07561189693181,-0.4110718842938912,-4.510579332039956
1606,0,14.07561189693181,-0.4115940190014449,-4.51110146674751
1607,0,14.07561189693181,-0.4121163098234568,-4.511623757569522
1608,0,14.07561189693181,-0.4126387566683576,-4.512146204414423
1609,0,14.07561189693181,-0.4131613594446817,-4.512668807190747
1610,0,14.07561189693181,-0.4136841180610658,-4.513191565807131
1611,0,14.07561189693181,-0.4142070324262539,-4.513714480172319
1612,0,14.07561189693181,-0.4147301024490915,-4.514237550195157
1613,0,14.07561189693181,-0.4152533280385269,-4.514760775784592
1614,0,14.07561189693181,-0.4157767091036133,-4.515284156849678
1615,0,14.07561189693181,-0.4163002455535043,-4.515807693299569
1616,0,14.07561189693181,-0.4168239372974565,-4.516331385043522
1617,0,14.07561189693181,-0.4173477842448339,-4.516855231990899
1618,0,14.07561189693181,-0.4178717863050991,-4.517379234051164
1619,0,14.07561189693181,-0.4183959433878153,-4.51790339113388
1620,0,14.07561189693181,-0.4189202554026537,-4.518427703148719
1621,0,14.07561189693181,-0.4194447222593807,-4.518952170005446
1622,0,14.07561189693181,-0.4199693438678702,-4.519476791613935
1623,0,14.07561189693181,-0.4204941201380956,-4.520001567884161
1624,0,14.07561189693181,-0.4210190509801297,-4.520526498726195
1625,0,14.07561189693181,-0.421544136304151,-4.521051584050216
1626,0,14.07561189693181,-0.4220693760204348,-4.5215768237665
1627,0,14.07561189693181,-0.4225947700393613,-4.522102217785426
1628,0,14.07561189693181,-0.4231203182714083,-4.522627766017473
1629,0,14.07561189693181,-0.4236460206271566,-4.523153468373222
1630,0,14.07561189693181,-0.4241718770172866,-4.523679324763352
1631,0,14.07561189693181,-0.4246978873525782,-4.524205335098643
1632,0,14.07561189693181,-0.4252240515439132,-4.524731499289978
1633,0,14.07561189693181,-0.4257503695022731,-4.525257817248338
1634,0,14.07561189693181,-0.4262768411387388,-4.525784288884804
1635,0,14.07561189693181,-0.4268034663644897,-4.526310914110555
1636,0,14.07561189693181,-0.4273302450908076,-4.526837692836873
1637,0,14.07561189693181,-0.4278571772290709,-4.527364624975136
1638,0,14.07561189693181,-0.4283842626907575,-4.527891710436823
1639,0,14.07561189693181,-0.4289115013874492,-4.528418949133514
1640,0,14.07561189693181,-0.4294388932308193,-4.528946340976884
1641,0,14.07561189693181,-0.4299664381326425,-4.529473885878708
1642,0,14.07561189693181,-0.4304941360047971,-4.530001583750862
1643,0,14.07561189693181,-0.4310219867592515,-4.530529434505317
1644,0,14.07561189693181,-0.4315499903080795,-4.531057438054145
1645,0,14.07561189693181,-0.4320781465634482,-4.531585594309513
1646,0,14.07561189693181,-0.4326064554376234,-4.532113903183689
1647,0,14.07561189693181,-0.4331349168429739,-4.532642364589039
1648,0,14.07561189693181,-0.4336635306919581,-4.533170978438023
1649,0,14.07561189693181,-0.4341922968971375,-4.533699744643203
1650,0,14.07561189693181,-0.4347212153711695,-4.534228663117235
1651,0,14.07561189693181,-0.4352502860268075,-4.534757733772873
1652,0,14.07561189693181,-0.4357795087769016,-4.535286956522967
1653,0,14.07561189693181,-0.4363088835344016,-4.535816331280467
1654,0,14.07561189693181,-0.4368384102123528,-4.536345857958418
1655,0,14.07561189693181,-0.4373680887238942,-4.536875536469959
1656,0,14.07561189693181,-0.4378979189822658,-4.537405366728331
1657,0,14.07561189693181,-0.4384279009008001,-4.537935348646865
1658,0,14.07561189693181,-0.4389580343929271,-4.538465482138992
1659,0,14.07561189693181,-0.4394883193721748,-4.53899576711824
1660,0,14.07561189693181,-0.4400187557521615,-4.539526203498227
1661,0,14.07561189693181,-0.440549343446607,-4.540056791192672
1662,0,14.07561189693181,-0.4410800823693233,-4.540587530115388
1663,0,14.07561189693181,-0.4416109724342165,-4.541118420180282
1664,0,14.07561189693181,-0.4421420135552925,-4.541649461301358
1665,0,14.07561189693181,-0.4426732056466482,-4.542180653392713
1666,0,14.07561189693181,-0.4432045486224769,-4.542711996368542
1667,0,14.07561189693181,-0.4437360423970658,-4.543243490143131
1668,0,14.07561189693181,-0.4442676868847979,-4.543775134630863
1669,0,14.07561189693181,-0.4447994820001488,-4.544306929746214
1670,0,14.07561189693181,-0.445331427657691,-4.544838875403756
1671,0,14.07561189693181,-0.4458635237720889,-4.545370971518154
1672,0,14.07561189693181,-0.446395770258099,-4.545903218004164
1673,0,14.07561189693181,-0.4469281670305767,-4.546435614776642
1674,0,14.07561189693181,-0.4474607140044675,-4.546968161750533
1675,0,14.07561189693181,-0.4479934110948101,-4.547500858840875
1676,0,14.07561189693181,-0.4485262582167389,-4.548033705962804
1677,0,14.07561189693181,-0.4490592552854782,-4.548566703031543
1678,0,14.07561189693181,-0.4495924022163509,-4.549099849962416
1679,0,14.07561189693181,-0.4501256989247668,-4.549633146670832
1680,0,14.07561189693181,-0.4506591453262301,-4.550166593072295
1681,0,14.07561189693181,-0.4511927413363388,-4.550700189082404
1682,0,14.07561189693181,-0.4517264868707853,-4.55123393461685
1683,0,14.07561189693181,-0.452260381845349,-4.551767829591414
1684,0,14.07561189693181,-0.452794426175906,-4.552301873921971
1685,0,14.07561189693181,-0.4533286197784197,-4.552836067524485
1686,0,14.07561189693181,-0.4538629625689543,-4.553370410315019
1687,0,14.07561189693181,-0.4543974544636535,-4.553904902209719
1688,0,14.07561189693181,-0.4549320953787621,-4.554439543124827
1689,0,14.07561189693181,-0.4554668852306127,-4.554974332976678
1690,0,14.07561189693181,-0.4560018239356296,-4.555509271681695
1691,0,14.07561189693181,-0.4565369114103275,-4.556044359156393
1692,0,14.07561189693181,-0.4570721475713153,-4.55657959531738
1693,0,14.07561189693181,-0.4576075323352873,-4.557114980081352
1694,0,14.07561189693181,-0.4581430656190317,-4.557650513365097
1695,0,14.07561189693181,-0.4586787473394276,-4.558186195085493
1696,0,14.07561189693181,-0.4592145774134453,-4.55872202515951
1697,0,14.07561189693181,-0.4597505557581405,-4.559258003504206
1698,0,14.07561189693181,-0.4602866822906657,-4.559794130036731
1699,0,14.07561189693181,-0.4608229569282605,-4.560330404674326
1700,0,14.07561189693181,-0.4613593795882522,-4.560866827334317
1701,0,14.07561189693181,-0.4618959501880591,-4.561403397934124
1702,0,14.07561189693181,-0.4624326686451896,-4.561940116391255
1703,0,14.07561189693181,-0.4629695348772449,-4.56247698262331
1704,0,14.07561189693181,-0.4635065488019094,-4.563013996547975
1705,0,14.07561189693181,-0.4640437103369575,-4.563551158083023
1706,0,14.07561189693181,-0.4645810194002591,-4.564088467146324
1707,0,14.07561189693181,-0.4651184759097662,-4.564625923655831
1708,0,14.07561189693181,-0.4656560797835203,-4.565163527529585
1709,0,14.07561189693181,-0.4661938309396536,-4.565701278685719
1710,0,14.07561189693181,-0.4667317292963853,-4.56623917704245
1711,0,14.07561189693181,-0.4672697747720242,-4.566777222518089
1712,0,14.07561189693181,-0.4678079672849673,-4.567315415031032
1713,0,14.07561189693181,-0.4683463067536957,-4.567853754499761
1714,0,14.07561189693181,-0.4688847930967874,-4.568392240842853
1715,0,14.07561189693181,-0.4694234262328969,-4.568930873978962
1716,0,14.07561189693181,-0.4699622060807744,-4.56946965382684
1717,0,14.07561189693181,-0.4705011325592539,-4.570008580305319
1718,0,14.07561189693181,-0.4710402055872587,-4.570547653333324
1719,0,14.07561189693181,-0.4715794250837968,-4.571086872829862
1720,0,14.07561189693181,-0.4721187909679667,-4.571626238714032
1721,0,14.07561189693181,-0.4726583031589495,-4.572165750905015
1722,0,14.07561189693181,-0.4731979615760187,-4.572705409322084
1723,0,14.07561189693181,-0.4737377661385285,-4.573245213884594
1724,0,14.07561189693181,-0.4742777167659256,-4.573785164511991
1725,0,14.07561189693181,-0.4748178133777348,-4.5743252611238
1726,0,14.07561189693181,-0.4753580558935759,-4.574865503639641
1727,0,14.07561189693181,-0.4758984442331515,-4.575405891979217
1728,0,14.07561189693181,-0.4764389783162475,-4.575946426062313
1729,0,14.07561189693181,-0.4769796580627395,-4.576487105808805
1730,0,14.07561189693181,-0.4775204833925866,-4.577027931138652
1731,0,14.07561189693181,-0.478061454225835,-4.5775689019719
1732,0,14.07561189693181,-0.4786025704826145,-4.57811001822868
1733,0,14.07561189693181,-0.4791438320831416,-4.578651279829207
1734,0,14.07561189693181,-0.4796852389477193,-4.579192686693784
1735,0,14.07561189693181,-0.4802267909967286,-4.579734238742794
1736,0,14.07561189693181,-0.4807684881506464,-4.580275935896712
1737,0,14.07561189693181,-0.4813103303300261,-4.580817778076091
1738,0,14.07561189693181,-0.4818523174555098,-4.581359765201575
1739,0,14.07561189693181,-0.4823944494478223,-4.581901897193887
1740,0,14.07561189693181,-0.4829367262277726,-4.582444173973838
1741,0,14.07561189693181,-0.4834791477162534,-4.582986595462319
1742,0,14.07561189693181,-0.4840217138342453,-4.58352916158031
1743,0,14.07561189693181,-0.4845644245028087,-4.584071872248874
1744,0,14.07561189693181,-0.4851072796430893,-4.584614727389154
1745,0,14.07561189693181,-0.4856502791763173,-4.585157726922382
1746,0,14.07561189693181,-0.4861934230238063,-4.585700870769871
1747,0,14.07561189693181,-0.4867367111069525,-4.586244158853018
1748,0,14.07561189693181,-0.4872801433472347,-4.5867875910933
1749,0,14.07561189693181,-0.4878237196662178,-4.587331167412283
1750,0,14.07561189693181,-0.4883674399855469,-4.587874887731612
1751,0,14.07561189693181,-0.4889113042269519,-4.588418751973017
1752,0,14.07561189693181,-0.4894553123122458,-4.588962760058311
1753,0,14.07561189693181,-0.4899994641633221,-4.589506911909387
1754,0,14.07561189693181,-0.4905437597021578,-4.590051207448223
1755,0,14.07561189693181,-0.4910881988508162,-4.590595646596881
1756,0,14.07561189693181,-0.4916327815314343,-4.591140229277499
1757,0,14.07561189693181,-0.4921775076662405,-4.591684955412306
1758,0,14.07561189693181,-0.4927223771775413,-4.592229824923606
1759,0,14.07561189693181,-0.4932673899877216,-4.592774837733787
1760,0,14.07561189693181,-0.4938125460192548,-4.59331999376532
1761,0,14.07561189693181,-0.4943578451946919,-4.593865292940757
1762,0,14.07561189693181,-0.4949032874366655,-4.594410735182731
1763,0,14.07561189693181,-0.4954488726678932,-4.594956320413958
1764,0,14.07561189693181,-0.4959946008111693,-4.595502048557234
1765,0,14.07561189693181,-0.4965404717893707,-4.596047919535436
1766,0,14.07561189693181,-0.4970864855254566,-4.596593933271522
1767,0,14.07561189693181,-0.4976326419424675,-4.597140089688533
1768,0,14.07561189693181,-0.4981789409635224,-4.597686388709588
1769,0,14.07561189693181,-0.4987253825118225,-4.598232830257888
1770,0,14.07561189693181,-0.4992719665106495,-4.598779414256715
1771,0,14.07561189693181,-0.499818692883367,-4.599326140629432
1772,0,14.07561189693181,-0.5003655615534157,-4.599873009299481
1773,0,14.07561189693181,-0.50091257244432,-4.600420020190385
1774,0,14.07561189693181,-0.5014597254796787,-4.600967173225744
1775,0,14.07561189693181,-0.5020070205831768,-4.601514468329242
1776,0,14.07561189693181,-0.5025544576785776,-4.602061905424643
1777,0,14.07561189693181,-0.5031020366897216,-4.602609484435787
1778,0,14.07561189693181,-0.5036497575405336,-4.603157205286599
1779,0,14.07561189693181,-0.5041976201550105,-4.603705067901076
1780,0,14.07561189693181,-0.5047456244572368,-4.604253072203302
1781,0,14.07561189693181,-0.5052937703713702,-4.604801218117435
1782,0,14.07561189693181,-0.50584205782165,-4.605349505567715
1783,0,14.07561189693181,-0.5063904867323945,-4.60589793447846
1784,0,14.07561189693181,-0.506939057028001,-4.606446504774066
1785,0,14.07561189693181,-0.5074877686329442,-4.606995216379009
1786,0,14.07561189693181,-0.5080366214717777,-4.607544069217843
1787,0,14.07561189693181,-0.5085856154691371,-4.608093063215202
1788,0,14.07561189693181,-0.5091347505497286,-4.608642198295794
1789,0,14.07561189693181,-0.5096840266383476,-4.609191474384413
1790,0,14.07561189693181,-0.5102334436598568,-4.609740891405922
1791,0,14.07561189693181,-0.5107830015392043,-4.610290449285269
1792,0,14.07561189693181,-0.5113327002014127,-4.610840147947478
1793,0,14.07561189693181,-0.5118825395715838,-4.611389987317649
1794,0,14.07561189693181,-0.5124325195748956,-4.611939967320961
1795,0,14.07561189693181,-0.512982640136606,-4.612490087882671
1796,0,14.07561189693181,-0.5135329011820486,-4.613040348928114
1797,0,14.07561189693181,-0.5140833026366352,-4.6135907503827
1798,0,14.07561189693181,-0.5146338444258518,-4.614141292171917
1799,0,14.07561189693181,-0.5151845264752675,-4.614691974221333
1800,0,14.07561189693181,-0.515735348710523,-4.615242796456588
1801,0,14.07561189693181,-0.5162863110573399,-4.615793758803405
1802,0,14.07561189693181,-0.5168374134415128,-4.616344861187578
1803,0,14.07561189693181,-0.5173886557889125,-4.616896103534978
1804,0,14.07561189693181,-0.5179400380254915,-4.617447485771557
1805,0,14.07561189693181,-0.5184915600772761,-4.617999007823341
1806,0,14.07561189693181,-0.5190432218703647,-4.61855066961643
1807,0,14.07561189693181,-0.5195950233309388,-4.619102471077004
1808,0,14.07561189693181,-0.5201469643852521,-4.619654412131317
1809,0,14.07561189693181,-0.5206990449596356,-4.620206492705701
1810,0,14.07561189693181,-0.521251264980493,-4.620758712726558
1811,0,14.07561189693181,-0.5218036243743089,-4.621311072120374
1812,0,14.07561189693181,-0.522356123067639,-4.621863570813704
1813,0,14.07561189693181,-0.522908760987117,-4.622416208733182
1814,0,14.07561189693181,-0.5234615380594523,-4.622968985805517
1815,0,14.07561189693181,-0.5240144542114225,-4.623521901957488
1816,0,14.07561189693181,-0.5245675093698949,-4.62407495711596
1817,0,14.07561189693181,-0.5251207034617993,-4.624628151207864
1818,0,14.07561189693181,-0.5256740364141432,-4.625181484160208
1819,0,14.07561189693181,-0.5262275081540126,-4.625734955900078
1820,0,14.07561189693181,-0.5267811186085618,-4.626288566354627
1821,0,14.07561189693181,-0.5273348677050276,-4.626842315451093
1822,0,14.07561189693181,-0.527888755370717,-4.627396203116782
1823,0,14.07561189693181,-0.5284427815330091,-4.627950229279074
1824,0,14.07561189693181,-0.5289969461193618,-4.628504393865427
1825,0,14.07561189693181,-0.5295512490573051,-4.62905869680337
1826,0,14.07561189693181,-0.530105690274441,-4.629613138020506
1827,0,14.07561189693181,-0.5306602696984513,-4.630167717444516
1828,0,14.07561189693181,-0.5312149872570835,-4.630722435003149
1829,0,14.07561189693181,-0.5317698428781652,-4.63127729062423
1830,0,14.07561189693181,-0.5323248364895967,-4.631832284235662
1831,0,14.07561189693181,-0.5328799680193477,-4.632387415765413
1832,0,14.07561189693181,-0.5334352373954676,-4.632942685141533
1833,0,14.07561189693181,-0.5339906445460727,-4.633498092292138
1834,0,14.07561189693181,-0.5345461893993555,-4.634053637145421
1835,0,14.07561189693181,-0.5351018718835849,-4.63460931962965
1836,0,14.07561189693181,-0.5356576919270948,-4.63516513967316
1837,0,14.07561189693181,-0.5362136494583005,-4.635721097204366
1838,0,14.07561189693181,-0.5367697444056816,-4.636277192151747
1839,0,14.07561189693181,-0.5373259766977965,-4.636833424443862
1840,0,14.07561189693181,-0.5378823462632765,-4.637389794009342
1841,0,14.07561189693181,-0.5384388530308213,-4.637946300776886
1842,0,14.07561189693181,-0.5389954969292035,-4.638502944675269
1843,0,14.07561189693181,-0.5395522778872701,-4.639059725633335
1844,0,14.07561189693181,-0.5401091958339386,-4.639616643580004
1845,0,14.07561189693181,-0.5406662506982025,-4.640173698444268
1846,0,14.07561189693181,-0.5412234424091169,-4.640730890155182
1847,0,14.07561189693181,-0.5417807708958211,-4.641288218641886
1848,0,14.07561189693181,-0.5423382360875175,-4.641845683833583
1849,0,14.07561189693181,-0.5428958379134832,-4.642403285659548
1850,0,14.07561189693181,-0.5434535763030679,-4.642961024049133
1851,0,14.07561189693181,-0.5440114511856899,-4.643518898931755
1852,0,14.07561189693181,-0.5445694624908395,-4.644076910236905
1853,0,14.07561189693181,-0.5451276101480813,-4.644635057894146
1854,0,14.07561189693181,-0.5456858940870433,-4.645193341833108
1855,0,14.07561189693181,-0.5462443142374358,-4.645751761983501
1856,0,14.07561189693181,-0.546802870529028,-4.646310318275093
1857,0,14.07561189693181,-0.5473615628916688,-4.646869010637734
1858,0,14.07561189693181,-0.5479203912552721,-4.647427839001337
1859,0,14.07561189693181,-0.5484793555498246,-4.64798680329589
1860,0,14.07561189693181,-0.5490384557053849,-4.64854590345145
1861,0,14.07561189693181,-0.5495976916520782,-4.649105139398143
1862,0,14.07561189693181,-0.5501570633201025,-4.649664511066168
1863,0,14.07561189693181,-0.5507165706397252,-4.65022401838579
1864,0,14.07561189693181,-0.5512762135412848,-4.65078366128735
1865,0,14.07561189693181,-0.551835991955187,-4.651343439701252
1866,0,14.07561189693181,-0.5523959058119088,-4.651903353557974
1867,0,14.07561189693181,-0.5529559550419982,-4.652463402788063
1868,0,14.07561189693181,-0.5535161395760726,-4.653023587322138
1869,0,14.07561189693181,-0.554076459344814,-4.653583907090879
1870,0,14.07561189693181,-0.55463691427898,-4.654144362025045
1871,0,14.07561189693181,-0.5551975043093957,-4.654704952055461
1872,0,14.07561189693181,-0.5557582293669547,-4.65526567711302
1873,0,14.07561189693181,-0.5563190893826171,-4.655826537128682
1874,0,14.07561189693181,-0.5568800842874175,-4.656387532033483
1875,0,14.07561189693181,-0.5574412140124529,-4.656948661758518
1876,0,14.07561189693181,-0.5580024784888975,-4.657509926234963
1877,0,14.07561189693181,-0.5585638776479858,-4.658071325394051
1878,0,14.07561189693181,-0.5591254114210251,-4.65863285916709
1879,0,14.07561189693181,-0.5596870797393896,-4.659194527485455
1880,0,14.07561189693181,-0.5602488825345242,-4.659756330280589
1881,0,14.07561189693181,-0.5608108197379389,-4.660318267484004
1882,0,14.07561189693181,-0.5613728912812128,-4.660880339027278
1883,0,14.07561189693181,-0.5619350970959971,-4.661442544842062
1884,0,14.07561189693181,-0.562497437114005,-4.66200488486007
1885,0,14.07561189693181,-0.56305991126702,-4.662567359013085
1886,0,14.07561189693181,-0.563622519486894,-4.663129967232959
1887,0,14.07561189693181,-0.5641852617055463,-4.663692709451611
1888,0,14.07561189693181,-0.5647481378549646,-4.66425558560103
1889,0,14.07561189693181,-0.5653111478671988,-4.664818595613264
1890,0,14.07561189693181,-0.5658742916743762,-4.665381739420441
1891,0,14.07561189693181,-0.5664375692086825,-4.665945016954748
1892,0,14.07561189693181,-0.5670009804023728,-4.666508428148438
1893,0,14.07561189693181,-0.5675645251877706,-4.667071972933836
1894,0,14.07561189693181,-0.5681282034972686,-4.667635651243334
1895,0,14.07561189693181,-0.5686920152633199,-4.668199463009385
1896,0,14.07561189693181,-0.5692559604184515,-4.668763408164517
1897,0,14.07561189693181,-0.5698200388952515,-4.669327486641317
1898,0,14.07561189693181,-0.5703842506263772,-4.669891698372442
1899,0,14.07561189693181,-0.570948595544551,-4.670456043290616
1900,0,14.07561189693181,-0.5715130735825653,-4.67102052132863
1901,0,14.07561189693181,-0.5720776846732782,-4.671585132419343
1902,0,14.07561189693181,-0.5726424287496066,-4.672149876495672
1903,0,14.07561189693181,-0.5732073057445417,-4.672714753490607
1904,0,14.07561189693181,-0.5737723155911372,-4.673279763337202
1905,0,14.07561189693181,-0.574337458222514,-4.673844905968579
1906,0,14.07561189693181,-0.5749027335718599,-4.674410181317925
1907,0,14.07561189693181,-0.5754681415724248,-4.67497558931849
1908,0,14.07561189693181,-0.5760336821575285,-4.675541129903594
1909,0,14.07561189693181,-0.5765993552605533,-4.676106803006618
1910,0,14.07561189693181,-0.5771651608149462,-4.676672608561011
1911,0,14.07561189693181,-0.5777310987542235,-4.677238546500289
1912,0,14.07561189693181,-0.5782971690119645,-4.67780461675803
1913,0,14.07561189693181,-0.5788633715218108,-4.678370819267876
1914,0,14.07561189693181,-0.5794297062174749,-4.67893715396354
1915,0,14.07561189693181,-0.5799961730327308,-4.679503620778796
1916,0,14.07561189693181,-0.5805627719014161,-4.680070219647481
1917,0,14.07561189693181,-0.5811295027574399,-4.680636950503505
1918,0,14.07561189693181,-0.5816963655347651,-4.68120381328083
1919,0,14.07561189693181,-0.5822633601674303,-4.681770807913495
1920,0,14.07561189693181,-0.5828304865895291,-4.682337934335594
1921,0,14.07561189693181,-0.5833977447352279,-4.682905192481293
1922,0,14.07561189693181,-0.5839651345387509,-4.683472582284816
1923,0,14.07561189693181,-0.5845326559343906,-4.684040103680456
1924,0,14.07561189693181,-0.585100308856501,-4.684607756602566
1925,0,14.07561189693181,-0.5856680932395033,-4.685175540985568
1926,0,14.07561189693181,-0.5862360090178793,-4.685743456763944
1927,0,14.07561189693181,-0.5868040561261756,-4.686311503872241
1928,0,14.07561189693181,-0.5873722344990036,-4.686879682245069
1929,0,14.07561189693181,-0.5879405440710395,-4.687447991817105
1930,0,14.07561189693181,-0.58850898477702,-4.688016432523085
1931,0,14.07561189693181,-0.5890775565517483,-4.688585004297813
1932,0,14.07561189693181,-0.5896462593300873,-4.689153707076152
1933,0,14.07561189693181,-0.5902150930469645,-4.68972254079303
1934,0,14.07561189693181,-0.590784057637376,-4.690291505383441
1935,0,14.07561189693181,-0.5913531530363763,-4.690860600782441
1936,0,14.07561189693181,-0.5919223791790778,-4.691429826925143
1937,0,14.07561189693181,-0.5924917360006683,-4.691999183746733
1938,0,14.07561189693181,-0.5930612234363855,-4.692568671182451
1939,0,14.07561189693181,-0.5936308414215405,-4.693138289167606
1940,0,14.07561189693181,-0.5942005898915017,-4.693708037637567
1941,0,14.07561189693181,-0.5947704687816975,-4.694277916527763
1942,0,14.07561189693181,-0.5953404780276275,-4.694847925773693
1943,0,14.07561189693181,-0.5959106175648463,-4.695418065310911
1944,0,14.07561189693181,-0.5964808873289718,-4.695988335075037
1945,0,14.07561189693181,-0.597051287255689,-4.696558735001754
1946,0,14.07561189693181,-0.5976218172807375,-4.697129265026803
1947,0,14.07561189693181,-0.5981924773399259,-4.697699925085991
1948,0,14.07561189693181,-0.5987632673691188,-4.698270715115184
1949,0,14.07561189693181,-0.5993341873042475,-4.698841635050313
1950,0,14.07561189693181,-0.5999052370813072,-4.699412684827372
1951,0,14.07561189693181,-0.6004764166363472,-4.699983864382412
1952,0,14.07561189693181,-0.6010477259054818,-4.700555173651547
1953,0,14.07561189693181,-0.6016191648248883,-4.701126612570953
1954,0,14.07561189693181,-0.6021907333308052,-4.70169818107687
1955,0,14.07561189693181,-0.6027624313595297,-4.702269879105595
1956,0,14.07561189693181,-0.6033342588474273,-4.702841706593492
1957,0,14.07561189693181,-0.6039062157309143,-4.703413663476979
1958,0,14.07561189693181,-0.604478301946477,-4.703985749692542
1959,0,14.07561189693181,-0.6050505174306569,-4.704557965176722
1960,0,14.07561189693181,-0.6056228621200619,-4.705130309866127
1961,0,14.07561189693181,-0.6061953359513534,-4.705702783697419
1962,0,14.07561189693181,-0.606767938861263,-4.706275386607328
1963,0,14.07561189693181,-0.6073406707865745,-4.70684811853264
1964,0,14.07561189693181,-0.6079135316641366,-4.707420979410202
1965,0,14.07561189693181,-0.6084865214308577,-4.707993969176923
1966,0,14.07561189693181,-0.609059640023708,-4.708567087769773
1967,0,14.07561189693181,-0.6096328873797141,-4.709140335125779
1968,0,14.07561189693181,-0.6102062634359662,-4.709713711182031
1969,0,14.07561189693181,-0.6107797681296159,-4.710287215875681
1970,0,14.07561189693181,-0.6113534013978708,-4.710860849143936
1971,0,14.07561189693181,-0.6119271631780006,-4.711434610924066
1972,0,14.07561189693181,-0.6125010534073372,-4.712008501153402
1973,0,14.07561189693181,-0.6130750720232676,-4.712582519769333
1974,0,14.07561189693181,-0.6136492189632419,-4.713156666709307
1975,0,14.07561189693181,-0.6142234941647713,-4.713730941910836
1976,0,14.07561189693181,-0.6147978975654205,-4.714305345311486
1977,0,14.07561189693181,-0.6153724291028198,-4.714879876848885
1978,0,14.07561189693181,-0.6159470887146563,-4.715454536460721
1979,0,14.07561189693181,-0.6165218763386777,-4.716029324084743
1980,0,14.07561189693181,-0.6170967919126893,-4.716604239658754
1981,0,14.07561189693181,-0.6176718353745558,-4.717179283120621
1982,0,14.07561189693181,-0.6182470066622034,-4.717754454408269
1983,0,14.07561189693181,-0.6188223057136142,-4.718329753459679
1984,0,14.07561189693181,-0.6193977324668296,-4.718905180212895
1985,0,14.07561189693181,-0.6199732868599535,-4.719480734606019
1986,0,14.07561189693181,-0.6205489688311463,-4.720056416577211
1987,0,14.07561189693181,-0.6211247783186229,-4.720632226064688
1988,0,14.07561189693181,-0.6217007152606628,-4.721208163006728
1989,0,14.07561189693181,-0.6222767795956026,-4.721784227341668
1990,0,14.07561189693181,-0.6228529712618345,-4.7223604190079
1991,0,14.07561189693181,-0.6234292901978122,-4.722936737943877
1992,0,14.07561189693181,-0.6240057363420481,-4.723513184088113
1993,0,14.07561189693181,-0.6245823096331096,-4.724089757379175
1994,0,14.07561189693181,-0.6251590100096243,-4.724666457755689
1995,0,14.07561189693181,-0.6257358374102777,-4.725243285156343
1996,0,14.07561189693181,-0.6263127917738123,-4.725820239519877
1997,0,14.07561189693181,-0.6268898730390289,-4.726397320785094
1998,0,14.07561189693181,-0.6274670811447889,-4.726974528890854
1999,0,14.07561189693181,-0.6280444160300078,-4.727551863776073
2000,0,14.07561189693181,-0.6286218776336581,-4.728129325379723
2001,0,14.07561189693181,-0.6291994658947733,-4.728706913640838
2002,0,14.07561189693181,-0.629777180752443,-4.729284628498508
2003,0,14.07561189693181,-0.630355022145813,-4.729862469891878
2004,0,14.07561189693181,-0.6309329900140881,-4.730440437760153
2005,0,14.07561189693181,-0.6315110842965277,-4.731018532042593
2006,0,14.07561189693181,-0.6320893049324532,-4.731596752678518
2007,0,14.07561189693181,-0.6326676518612393,-4.732175099607304
2008,0,14.07561189693181,-0.6332461250223158,-4.732753572768381
2009,0,14.07561189693181,-0.6338247243551764,-4.733332172101242
2010,0,14.07561189693181,-0.6344034497993638,-4.733910897545429
2011,0,14.07561189693181,-0.6349823012944853,-4.73448974904055
2012,0,14.07561189693181,-0.6355612787801928,-4.735068726526258
2013,0,14.07561189693181,-0.6361403821962117,-4.735647829942277
2014,0,14.07561189693181,-0.6367196114823113,-4.736227059228376
2015,0,14.07561189693181,-0.6372989665783191,-4.736806414324384
2016,0,14.07561189693181,-0.6378784474241233,-4.737385895170188
2017,0,14.07561189693181,-0.6384580539596652,-4.73796550170573
2018,0,14.07561189693181,-0.6390377861249421,-4.738545233871007
2019,0,14.07561189693181,-0.6396176438600101,-4.739125091606075
2020,0,14.07561189693181,-0.6401976271049801,-4.739705074851045
2021,0,14.07561189693181,-0.6407777358000146,-4.74028518354608
2022,0,14.07561189693181,-0.6413579698853402,-4.740865417631405
2023,0,14.07561189693181,-0.641938329301234,-4.741445777047299
2024,0,14.07561189693181,-0.6425188139880316,-4.742026261734097
2025,0,14.07561189693181,-0.6430994238861185,-4.742606871632184
2026,0,14.07561189693181,-0.6436801589359424,-4.743187606682008
2027,0,14.07561189693181,-0.6442610190780051,-4.74376846682407
2028,0,14.07561189693181,-0.6448420042528618,-4.744349451998927
2029,0,14.07561189693181,-0.6454231144011242,-4.744930562147189
2030,0,14.07561189693181,-0.6460043494634586,-4.745511797209524
2031,0,14.07561189693181,-0.6465857093805889,-4.746093157126654
2032,0,14.07561189693181,-0.6471671940932922,-4.746674641839357
2033,0,14.07561189693181,-0.6477488035423997,-4.747256251288465
2034,0,14.07561189693181,-0.648330537668798,-4.747837985414863
2035,0,14.07561189693181,-0.6489123964134347,-4.7484198441595
2036,0,14.07561189693181,-0.649494379717301,-4.749001827463366
2037,0,14.07561189693181,-0.6500764875214502,-4.749583935267515
2038,0,14.07561189693181,-0.6506587197669909,-4.750166167513056
2039,0,14.07561189693181,-0.6512410763950838,-4.750748524141149
2040,0,14.07561189693181,-0.6518235573469457,-4.751331005093011
2041,0,14.07561189693181,-0.6524061625638433,-4.751913610309908
2042,0,14.07561189693181,-0.6529888919871052,-4.75249633973317
2043,0,14.07561189693181,-0.6535717455581089,-4.753079193304174
2044,0,14.07561189693181,-0.6541547232182907,-4.753662170964356
2045,0,14.07561189693181,-0.6547378249091338,-4.754245272655199
2046,0,14.07561189693181,-0.6553210505721818,-4.754828498318247
2047,0,14.07561189693181,-0.6559044001490308,-4.755411847895096
2048,0,14.07561189693181,-0.6564878735813293,-4.755995321327394
2049,0,14.07561189693181,-0.6570714708107825,-4.756578918556848
2050,0,14.07561189693181,-0.6576551917791456,-4.757162639525211
2051,0,14.07561189693181,-0.6582390364282329,-4.757746484174298
2052,0,14.07561189693181,-0.6588230046999062,-4.758330452445971
2053,0,14.07561189693181,-0.6594070965360856,-4.758914544282151
2054,0,14.07561189693181,-0.659991311878743,-4.759498759624808
2055,0,14.07561189693181,-0.6605756506699025,-4.760083098415968
2056,0,14.07561189693181,-0.6611601128516424,-4.760667560597708
2057,0,14.07561189693181,-0.6617446983660997,-4.761252146112165
2058,0,14.07561189693181,-0.6623294071554531,-4.761836854901518
2059,0,14.07561189693181,-0.6629142391619451,-4.76242168690801
2060,0,14.07561189693181,-0.6634991943278665,-4.763006642073932
2061,0,14.07561189693181,-0.664084272595562,-4.763591720341627
2062,0,14.07561189693181,-0.6646694739074288,-4.764176921653494
2063,0,14.07561189693181,-0.6652547982059192,-4.764762245951984
2064,0,14.07561189693181,-0.6658402454335315,-4.765347693179597
2065,0,14.07561189693181,-0.6664258155328282,-4.765933263278893
2066,0,14.07561189693181,-0.6670115084464117,-4.766518956192477
2067,0,14.07561189693181,-0.6675973241169491,-4.767104771863014
2068,0,14.07561189693181,-0.6681832624871484,-4.767690710233214
2069,0,14.07561189693181,-0.6687693234997809,-4.768276771245846
2070,0,14.07561189693181,-0.6693555070976602,-4.768862954843725
2071,0,14.07561189693181,-0.6699418132236623,-4.769449260969727
2072,0,14.07561189693181,-0.6705282418207075,-4.770035689566773
2073,0,14.07561189693181,-0.6711147928317729,-4.770622240577838
2074,0,14.07561189693181,-0.6717014661998846,-4.77120891394595
2075,0,14.07561189693181,-0.6722882618681219,-4.771795709614187
2076,0,14.07561189693181,-0.6728751797796173,-4.772382627525682
2077,0,14.07561189693181,-0.6734622198775506,-4.772969667623616
2078,0,14.07561189693181,-0.6740493821051619,-4.773556829851227
2079,0,14.07561189693181,-0.6746366664057355,-4.774144114151801
2080,0,14.07561189693181,-0.675224072722612,-4.774731520468677
2081,0,14.07561189693181,-0.6758116009991797,-4.775319048745245
2082,0,14.07561189693181,-0.6763992511788786,-4.775906698924944
2083,0,14.07561189693181,-0.6769870232052053,-4.77649447095127
2084,0,14.07561189693181,-0.6775749170217029,-4.777082364767768
2085,0,14.07561189693181,-0.6781629325719685,-4.777670380318034
2086,0,14.07561189693181,-0.6787510697996471,-4.778258517545712
2087,0,14.07561189693181,-0.6793393286484397,-4.778846776394505
2088,0,14.07561189693181,-0.6799277090620945,-4.77943515680816
2089,0,14.07561189693181,-0.6805162109844103,-4.780023658730475
2090,0,14.07561189693181,-0.6811048343592443,-4.780612282105309
2091,0,14.07561189693181,-0.6816935791304921,-4.781201026876557
2092,0,14.07561189693181,-0.6822824452421132,-4.781789892988178
2093,0,14.07561189693181,-0.6828714326381062,-4.782378880384171
2094,0,14.07561189693181,-0.683460541262531,-4.782967989008596
2095,0,14.07561189693181,-0.6840497710594908,-4.783557218805556
2096,0,14.07561189693181,-0.6846391219731416,-4.784146569719207
2097,0,14.07561189693181,-0.6852285939476923,-4.784736041693757
2098,0,14.07561189693181,-0.6858181869273965,-4.785325634673462
2099,0,14.07561189693181,-0.6864079008565644,-4.78591534860263
2100,0,14.07561189693181,-0.6869977356795536,-4.786505183425619
2101,0,14.07561189693181,-0.687587691340771,-4.787095139086836
2102,0,14.07561189693181,-0.6881777677846754,-4.787685215530741
2103,0,14.07561189693181,-0.6887679649557761,-4.788275412701841
2104,0,14.07561189693181,-0.6893582827986329,-4.788865730544698
2105,0,14.07561189693181,-0.6899487212578475,-4.789456169003913
2106,0,14.07561189693181,-0.6905392802780899,-4.790046728024155
2107,0,14.07561189693181,-0.6911299598040559,-4.790637407550121
2108,0,14.07561189693181,-0.6917207597805115,-4.791228207526577
2109,0,14.07561189693181,-0.6923116801522635,-4.791819127898329
2110,0,14.07561189693181,-0.6929027208641667,-4.792410168610232
2111,0,14.07561189693181,-0.69349388186113,-4.793001329607195
2112,0,14.07561189693181,-0.6940851630881095,-4.793592610834175
2113,0,14.07561189693181,-0.6946765644901118,-4.794184012236177
2114,0,14.07561189693181,-0.6952680860121898,-4.794775533758255
2115,0,14.07561189693181,-0.6958597275994505,-4.795367175345516
2116,0,14.07561189693181,-0.6964514891970506,-4.795958936943116
2117,0,14.07561189693181,-0.6970433707501886,-4.796550818496254
2118,0,14.07561189693181,-0.6976353722041173,-4.797142819950182
2119,0,14.07561189693181,-0.6982274935041399,-4.797734941250205
2120,0,14.07561189693181,-0.6988197345956078,-4.798327182341673
2121,0,14.07561189693181,-0.6994120954239165,-4.798919543169982
2122,0,14.07561189693181,-0.7000045759345177,-4.799512023680583
2123,0,14.07561189693181,-0.7005971760729057,-4.800104623818971
2124,0,14.07561189693181,-0.7011898957846308,-4.800697343530696
2125,0,14.07561189693181,-0.701782735015283,-4.801290182761348
2126,0,14.07561189693181,-0.7023756937105068,-4.801883141456572
2127,0,14.07561189693181,-0.7029687718159945,-4.80247621956206
2128,0,14.07561189693181,-0.7035619692774855,-4.803069417023551
2129,0,14.07561189693181,-0.7041552860407698,-4.803662733786835
2130,0,14.07561189693181,-0.704748722051681,-4.804256169797746
2131,0,14.07561189693181,-0.7053422772561078,-4.804849725002173
2132,0,14.07561189693181,-0.7059359515999812,-4.805443399346046
2133,0,14.07561189693181,-0.7065297450292869,-4.806037192775352
2134,0,14.07561189693181,-0.7071236574900492,-4.806631105236114
2135,0,14.07561189693181,-0.7077176889283496,-4.807225136674415
2136,0,14.07561189693181,-0.7083118392903112,-4.807819287036376
2137,0,14.07561189693181,-0.708906108522112,-4.808413556268177
2138,0,14.07561189693181,-0.7095004965699703,-4.809007944316035
2139,0,14.07561189693181,-0.7100950033801556,-4.809602451126221
2140,0,14.07561189693181,-0.7106896288989857,-4.810197076645051
2141,0,14.07561189693181,-0.7112843730728242,-4.810791820818889
2142,0,14.07561189693181,-0.7118792358480857,-4.811386683594151
2143,0,14.07561189693181,-0.7124742171712271,-4.811981664917292
2144,0,14.07561189693181,-0.7130693169887623,-4.812576764734827
2145,0,14.07561189693181,-0.7136645352472373,-4.813171982993302
2146,0,14.07561189693181,-0.7142598718932582,-4.813767319639323
2147,0,14.07561189693181,-0.7148553268734767,-4.814362774619542
2148,0,14.07561189693181,-0.7154509001345879,-4.814958347880653
2149,0,14.07561189693181,-0.7160465916233338,-4.815554039369399
2150,0,14.07561189693181,-0.7166424012865082,-4.816149849032573
2151,0,14.07561189693181,-0.7172383290709501,-4.816745776817015
2152,0,14.07561189693181,-0.7178343749235392,-4.817341822669604
2153,0,14.07561189693181,-0.718430538791214,-4.817937986537279
2154,0,14.07561189693181,-0.7190268206209485,-4.818534268367014
2155,0,14.07561189693181,-0.7196232203597717,-4.819130668105837
2156,0,14.07561189693181,-0.7202197379547535,-4.819727185700819
2157,0,14.07561189693181,-0.7208163733530162,-4.820323821099081
2158,0,14.07561189693181,-0.721413126501723,-4.820920574247788
2159,0,14.07561189693181,-0.7220099973480858,-4.821517445094151
2160,0,14.07561189693181,-0.7226069858393656,-4.822114433585431
2161,0,14.07561189693181,-0.7232040919228648,-4.82271153966893
2162,0,14.07561189693181,-0.7238013155459377,-4.823308763292003
2163,0,14.07561189693181,-0.7243986566559819,-4.823906104402047
2164,0,14.07561189693181,-0.7249961152004412,-4.824503562946506
2165,0,14.07561189693181,-0.7255936911268055,-4.825101138872871
2166,0,14.07561189693181,-0.726191384382612,-4.825698832128677
2167,0,14.07561189693181,-0.7267891949154439,-4.826296642661509
2168,0,14.07561189693181,-0.727387122672928,-4.826894570418993
2169,0,14.07561189693181,-0.7279851676027418,-4.827492615348807
2170,0,14.07561189693181,-0.7285833296526061,-4.828090777398671
2171,0,14.07561189693181,-0.7291816087702827,-4.828689056516348
2172,0,14.07561189693181,-0.7297800049035885,-4.829287452649654
2173,0,14.07561189693181,-0.7303785180003786,-4.829885965746444
2174,0,14.07561189693181,-0.7309771480085603,-4.830484595754625
2175,0,14.07561189693181,-0.7315758948760784,-4.831083342622144
2176,0,14.07561189693181,-0.7321747585509311,-4.831682206296996
2177,0,14.07561189693181,-0.7327737389811562,-4.832281186727221
2178,0,14.07561189693181,-0.7333728361148433,-4.832880283860908
2179,0,14.07561189693181,-0.7339720499001166,-4.833479497646182
2180,0,14.07561189693181,-0.7345713802851588,-4.834078828031224
2181,0,14.07561189693181,-0.73517082721819,-4.834678274964255
2182,0,14.07561189693181,-0.7357703906474766,-4.835277838393542
2183,0,14.07561189693181,-0.736370070521331,-4.835877518267396
2184,0,14.07561189693181,-0.7369698667881091,-4.836477314534174
2185,0,14.07561189693181,-0.7375697793962157,-4.837077227142281
2186,0,14.07561189693181,-0.738169808294094,-4.837677256040159
2187,0,14.07561189693181,-0.738769953430241,-4.838277401176306
2188,0,14.07561189693181,-0.7393702147531895,-4.838877662499255
2189,0,14.07561189693181,-0.7399705922115221,-4.839478039957587
2190,0,14.07561189693181,-0.7405710857538654,-4.840078533499931
2191,0,14.07561189693181,-0.7411716953288918,-4.840679143074957
2192,0,14.07561189693181,-0.7417724208853151,-4.84127986863138
2193,0,14.07561189693181,-0.7423732623718982,-4.841880710117963
2194,0,14.07561189693181,-0.7429742197374427,-4.842481667483508
2195,0,14.07561189693181,-0.7435752929308013,-4.843082740676866
2196,0,14.07561189693181,-0.7441764819008645,-4.84368392964693
2197,0,14.07561189693181,-0.7447777865965719,-4.844285234342637
2198,0,14.07561189693181,-0.7453792069669039,-4.844886654712969
2199,0,14.07561189693181,-0.7459807429608922,-4.845488190706957
2200,0,14.07561189693181,-0.7465823945276018,-4.846089842273667
2201,0,14.07561189693181,-0.7471841616161496,-4.846691609362215
2202,0,14.07561189693181,-0.7477860441756956,-4.847293491921761
2203,0,14.07561189693181,-0.7483880421554403,-4.847895489901505
2204,0,14.07561189693181,-0.7489901555046341,-4.848497603250699
2205,0,14.07561189693181,-0.7495923841725638,-4.849099831918629
2206,0,14.07561189693181,-0.750194728108565,-4.84970217585463
2207,0,14.07561189693181,-0.7507971872620187,-4.850304635008084
2208,0,14.07561189693181,-0.7513997615823422,-4.850907209328407
2209,0,14.07561189693181,-0.7520024510190062,-4.851509898765071
2210,0,14.07561189693181,-0.7526052555215159,-4.852112703267581
2211,0,14.07561189693181,-0.7532081750394282,-4.852715622785493
2212,0,14.07561189693181,-0.7538112095223353,-4.8533186572684
2213,0,14.07561189693181,-0.7544143589198793,-4.853921806665944
2214,0,14.07561189693181,-0.7550176231817449,-4.85452507092781
2215,0,14.07561189693181,-0.7556210022576551,-4.85512845000372
2216,0,14.07561189693181,-0.7562244960973823,-4.855731943843447
2217,0,14.07561189693181,-0.7568281046507366,-4.856335552396802
2218,0,14.07561189693181,-0.7574318278675785,-4.856939275613644
2219,0,14.07561189693181,-0.7580356656978058,-4.857543113443871
2220,0,14.07561189693181,-0.7586396180913582,-4.858147065837423
2221,0,14.07561189693181,-0.7592436849982231,-4.858751132744288
2222,0,14.07561189693181,-0.7598478663684309,-4.859355314114496
2223,0,14.07561189693181,-0.7604521621520499,-4.859959609898115
2224,0,14.07561189693181,-0.7610565722991955,-4.860564020045261
2225,0,14.07561189693181,-0.7616610967600241,-4.861168544506089
2226,0,14.07561189693181,-0.7622657354847338,-4.861773183230799
2227,0,14.07561189693181,-0.7628704884235713,-4.862377936169636
2228,0,14.07561189693181,-0.7634753555268174,-4.862982803272883
2229,0,14.07561189693181,-0.7640803367448017,-4.863587784490867
2230,0,14.07561189693181,-0.7646854320278935,-4.864192879773959
2231,0,14.07561189693181,-0.7652906413265033,-4.864798089072568
2232,0,14.07561189693181,-0.7658959645910892,-4.865403412337154
2233,0,14.07561189693181,-0.7665014017721479,-4.866008849518213
2234,0,14.07561189693181,-0.7671069528202175,-4.866614400566283
2235,0,14.07561189693181,-0.7677126176858833,-4.867220065431948
2236,0,14.07561189693181,-0.7683183963197635,-4.867825844065829
2237,0,14.07561189693181,-0.7689242886725278,-4.868431736418593
2238,0,14.07561189693181,-0.7695302946948832,-4.869037742440948
2239,0,14.07561189693181,-0.7701364143375828,-4.869643862083648
2240,0,14.07561189693181,-0.7707426475514172,-4.870250095297482
2241,0,14.07561189693181,-0.7713489942872185,-4.870856442033284
2242,0,14.07561189693181,-0.771955454495866,-4.871462902241931
2243,0,14.07561189693181,-0.7725620281282755,-4.872069475874341
2244,0,14.07561189693181,-0.7731687151354079,-4.872676162881473
2245,0,14.07561189693181,-0.7737755154682651,-4.87328296321433
2246,0,14.07561189693181,-0.7743824290778862,-4.873889876823951
2247,0,14.07561189693181,-0.7749894559153612,-4.874496903661426
2248,0,14.07561189693181,-0.7755965959318143,-4.875104043677879
2249,0,14.07561189693181,-0.7762038490784118,-4.875711296824477
2250,0,14.07561189693181,-0.7768112153063642,-4.876318663052429
2251,0,14.07561189693181,-0.777418694566923,-4.876926142312988
2252,0,14.07561189693181,-0.7780262868113788,-4.877533734557444
2253,0,14.07561189693181,-0.7786339919910645,-4.87814143973713
2254,0,14.07561189693181,-0.7792418100573579,-4.878749257803423
2255,0,14.07561189693181,-0.7798497409616729,-4.879357188707738
2256,0,14.07561189693181,-0.7804577846554634,-4.879965232401529
2257,0,14.07561189693181,-0.7810659410902323,-4.880573388836297
2258,0,14.07561189693181,-0.7816742102175169,-4.881181657963582
2259,0,14.07561189693181,-0.7822825919888956,-4.881790039734961
2260,0,14.07561189693181,-0.7828910863559919,-4.882398534102057
2261,0,14.07561189693181,-0.7834996932704659,-4.883007141016531
2262,0,14.07561189693181,-0.7841084126840219,-4.883615860430087
2263,0,14.07561189693181,-0.7847172445484016,-4.884224692294467
2264,0,14.07561189693181,-0.7853261888153913,-4.884833636561456
2265,0,14.07561189693181,-0.7859352454368151,-4.88544269318288
2266,0,14.07561189693181,-0.7865444143645375,-4.886051862110603
2267,0,14.07561189693181,-0.7871536955504679,-4.886661143296533
2268,0,14.07561189693181,-0.7877630889465488,-4.887270536692614
2269,0,14.07561189693181,-0.7883725945047715,-4.887880042250837
2270,0,14.07561189693181,-0.7889822121771619,-4.888489659923227
2271,0,14.07561189693181,-0.7895919419157869,-4.889099389661852
2272,0,14.07561189693181,-0.7902017836727593,-4.889709231418824
2273,0,14.07561189693181,-0.7908117374002206,-4.890319185146286
2274,0,14.07561189693181,-0.7914218030503655,-4.890929250796431
2275,0,14.07561189693181,-0.7920319805754215,-4.891539428321487
2276,0,14.07561189693181,-0.7926422699276596,-4.892149717673725
2277,0,14.07561189693181,-0.7932526710593875,-4.892760118805453
2278,0,14.07561189693181,-0.7938631839229533,-4.893370631669018
2279,0,14.07561189693181,-0.794473808470749,-4.893981256216814
2280,0,14.07561189693181,-0.795084544655202,-4.894591992401267
2281,0,14.07561189693181,-0.7956953924287831,-4.895202840174848
2282,0,14.07561189693181,-0.7963063517440006,-4.895813799490066
2283,0,14.07561189693181,-0.7969174225534026,-4.896424870299468
2284,0,14.07561189693181,-0.7975286048095791,-4.897036052555644
2285,0,14.07561189693181,-0.7981398984651582,-4.897647346211223
2286,0,14.07561189693181,-0.7987513034728071,-4.898258751218872
2287,0,14.07561189693181,-0.7993628197852365,-4.898870267531302
2288,0,14.07561189693181,-0.7999744473551891,-4.899481895101254
2289,0,14.07561189693181,-0.8005861861354528,-4.900093633881518
2290,0,14.07561189693181,-0.801198036078854,-4.900705483824919
2291,0,14.07561189693181,-0.8018099971382586,-4.901317444884324
2292,0,14.07561189693181,-0.8024220692665729,-4.901929517012638
2293,0,14.07561189693181,-0.8030342524167393,-4.902541700162804
2294,0,14.07561189693181,-0.8036465465417413,-4.903153994287806
2295,0,14.07561189693181,-0.8042589515945995,-4.903766399340665
2296,0,14.07561189693181,-0.8048714675283799,-4.904378915274445
2297,0,14.07561189693181,-0.8054840942961796,-4.904991542042245
2298,0,14.07561189693181,-0.8060968318511419,-4.905604279597207
2299,0,14.07561189693181,-0.8067096801464428,-4.906217127892508
2300,0,14.07561189693181,-0.8073226391353012,-4.906830086881366
2301,0,14.07561189693181,-0.8079357087709749,-4.90744315651704
2302,0,14.07561189693181,-0.808548889006758,-4.908056336752823
2303,0,14.07561189693181,-0.8091621797959867,-4.908669627542052
2304,0,14.07561189693181,-0.8097755810920333,-4.909283028838098
2305,0,14.07561189693181,-0.8103890928483102,-4.909896540594375
2306,0,14.07561189693181,-0.811002715018267,-4.910510162764332
2307,0,14.07561189693181,-0.8116164475553971,-4.911123895301462
2308,0,14.07561189693181,-0.8122302904132219,-4.911737738159287
2309,0,14.07561189693181,-0.8128442435453138,-4.912351691291379
2310,0,14.07561189693181,-0.8134583069052752,-4.91296575465134
2311,0,14.07561189693181,-0.8140724804467476,-4.913579928192813
2312,0,14.07561189693181,-0.8146867641234161,-4.914194211869481
2313,0,14.07561189693181,-0.8153011578889995,-4.914808605635065
2314,0,14.07561189693181,-0.8159156616972583,-4.915423109443323
2315,0,14.07561189693181,-0.8165302755019859,-4.916037723248051
2316,0,14.07561189693181,-0.8171449992570174,-4.916652447003083
2317,0,14.07561189693181,-0.8177598329162308,-4.917267280662296
2318,0,14.07561189693181,-0.8183747764335321,-4.917882224179597
2319,0,14.07561189693181,-0.8189898297628719,-4.918497277508937
2320,0,14.07561189693181,-0.8196049928582383,-4.919112440604303
2321,0,14.07561189693181,-0.8202202656736555,-4.919727713419721
2322,0,14.07561189693181,-0.8208356481631904,-4.920343095909256
2323,0,14.07561189693181,-0.8214511402809386,-4.920958588027004
2324,0,14.07561189693181,-0.8220667419810415,-4.921574189727107
2325,0,14.07561189693181,-0.8226824532176771,-4.922189900963742
2326,0,14.07561189693181,-0.8232982739450598,-4.922805721691125
2327,0,14.07561189693181,-0.8239142041174405,-4.923421651863506
2328,0,14.07561189693181,-0.82453024368911,-4.924037691435175
2329,0,14.07561189693181,-0.8251463926143945,-4.92465384036046
2330,0,14.07561189693181,-0.8257626508476603,-4.925270098593725
2331,0,14.07561189693181,-0.8263790183433075,-4.925886466089373
2332,0,14.07561189693181,-0.8269954950557796,-4.926502942801845
2333,0,14.07561189693181,-0.8276120809395531,-4.927119528685618
2334,0,14.07561189693181,-0.8282287759491425,-4.927736223695208
2335,0,14.07561189693181,-0.8288455800390997,-4.928353027785165
2336,0,14.07561189693181,-0.8294624931640122,-4.928969940910077
2337,0,14.07561189693181,-0.830079515278511,-4.929586963024576
2338,0,14.07561189693181,-0.830696646337258,-4.930204094083323
2339,0,14.07561189693181,-0.8313138862949536,-4.930821334041019
2340,0,14.07561189693181,-0.831931235106337,-4.931438682852402
2341,0,14.07561189693181,-0.8325486927261831,-4.932056140472248
2342,0,14.07561189693181,-0.8331662591093032,-4.932673706855368
2343,0,14.07561189693181,-0.8337839342105466,-4.933291381956612
2344,0,14.07561189693181,-0.8344017179848029,-4.933909165730868
2345,0,14.07561189693181,-0.8350196103869916,-4.934527058133057
2346,0,14.07561189693181,-0.8356376113720732,-4.935145059118138
2347,0,14.07561189693181,-0.8362557208950445,-4.93576316864111
2348,0,14.07561189693181,-0.8368739389109408,-4.936381386657006
2349,0,14.07561189693181,-0.8374922653748298,-4.936999713120895
2350,0,14.07561189693181,-0.8381107002418204,-4.937618147987886
2351,0,14.07561189693181,-0.8387292434670552,-4.93823669121312
2352,0,14.07561189693181,-0.8393478950057132,-4.938855342751778
2353,0,14.07561189693181,-0.8399666548130105,-4.939474102559076
2354,0,14.07561189693181,-0.8405855228442043,-4.940092970590269
2355,0,14.07561189693181,-0.8412044990545802,-4.940711946800645
2356,0,14.07561189693181,-0.8418235833994672,-4.941331031145532
2357,0,14.07561189693181,-0.8424427758342237,-4.941950223580289
2358,0,14.07561189693181,-0.8430620763142525,-4.942569524060318
2359,0,14.07561189693181,-0.8436814847949838,-4.943188932541049
2360,0,14.07561189693181,-0.8443010012318934,-4.943808448977959
2361,0,14.07561189693181,-0.8449206255804862,-4.944428073326551
2362,0,14.07561189693181,-0.8455403577963034,-4.945047805542369
2363,0,14.07561189693181,-0.84616019783493,-4.945667645580995
2364,0,14.07561189693181,-0.8467801456519801,-4.946287593398045
2365,0,14.07561189693181,-0.847400201203099,-4.946907648949164
2366,0,14.07561189693181,-0.8480203644439817,-4.947527812190047
2367,0,14.07561189693181,-0.8486406353303506,-4.948148083076416
2368,0,14.07561189693181,-0.8492610138179595,-4.948768461564025
2369,0,14.07561189693181,-0.849881499862609,-4.949388947608674
2370,0,14.07561189693181,-0.8505020934201299,-4.950009541166195
2371,0,14.07561189693181,-0.8511227944463879,-4.950630242192453
2372,0,14.07561189693181,-0.8517436028972831,-4.951251050643348
2373,0,14.07561189693181,-0.8523645187287583,-4.951871966474823
2374,0,14.07561189693181,-0.8529855418967838,-4.952492989642849
2375,0,14.07561189693181,-0.853606672357369,-4.953114120103434
2376,0,14.07561189693181,-0.8542279100665606,-4.953735357812626
2377,0,14.07561189693181,-0.8548492549804365,-4.954356702726502
2378,0,14.07561189693181,-0.8554707070551153,-4.95497815480118
2379,0,14.07561189693181,-0.8560922662467467,-4.955599713992812
2380,0,14.07561189693181,-0.8567139325115178,-4.956221380257583
2381,0,14.07561189693181,-0.8573357058056512,-4.956843153551716
2382,0,14.07561189693181,-0.8579575860854023,-4.957465033831467
2383,0,14.07561189693181,-0.8585795733070647,-4.95808702105313
2384,0,14.07561189693181,-0.8592016674269649,-4.95870911517303
2385,0,14.07561189693181,-0.8598238684014667,-4.959331316147532
2386,0,14.07561189693181,-0.8604461761869713,-4.959953623933036
2387,0,14.07561189693181,-0.8610685907399036,-4.960576038485969
2388,0,14.07561189693181,-0.8616911120167403,-4.961198559762805
2389,0,14.07561189693181,-0.8623137399739775,-4.961821187720043
2390,0,14.07561189693181,-0.8629364745681585,-4.962443922314224
2391,0,14.07561189693181,-0.863559315755853,-4.963066763501918
2392,0,14.07561189693181,-0.8641822634936691,-4.963689711239734
2393,0,14.07561189693181,-0.8648053177382522,-4.964312765484317
2394,0,14.07561189693181,-0.8654284784462778,-4.964935926192343
2395,0,14.07561189693181,-0.8660517455744543,-4.965559193320519
2396,0,14.07561189693181,-0.8666751190795345,-4.9661825668256
2397,0,14.07561189693181,-0.867298598918298,-4.966806046664363
2398,0,14.07561189693181,-0.8679221850475596,-4.967429632793625
2399,0,14.07561189693181,-0.8685458774241708,-4.968053325170236
2400,0,14.07561189693181,-0.8691696760050167,-4.968677123751082
2401,0,14.07561189693181,-0.8697935807470172,-4.969301028493082
2402,0,14.07561189693181,-0.8704175916071275,-4.969925039353193
2403,0,14.07561189693181,-0.8710417085423332,-4.970549156288398
2404,0,14.07561189693181,-0.8716659315096615,-4.971173379255727
2405,0,14.07561189693181,-0.8722902604661673,-4.971797708212232
2406,0,14.07561189693181,-0.8729146953689408,-4.972422143115006
2407,0,14.07561189693181,-0.8735392361751106,-4.973046683921176
2408,0,14.07561189693181,-0.8741638828418354,-4.973671330587901
2409,0,14.07561189693181,-0.8747886353263095,-4.974296083072375
2410,0,14.07561189693181,-0.8754134935857625,-4.974920941331828
2411,0,14.07561189693181,-0.8760384575774545,-4.97554590532352
2412,0,14.07561189693181,-0.8766635272586845,-4.97617097500475
2413,0,14.07561189693181,-0.8772887025867835,-4.976796150332849
2414,0,14.07561189693181,-0.8779139835191136,-4.977421431265179
2415,0,14.07561189693181,-0.8785393700130735,-4.978046817759139
2416,0,14.07561189693181,-0.8791648620260961,-4.978672309772161
2417,0,14.07561189693181,-0.8797904595156503,-4.979297907261715
2418,0,14.07561189693181,-0.8804161624392313,-4.979923610185296
2419,0,14.07561189693181,-0.8810419707543753,-4.98054941850044
2420,0,14.07561189693181,-0.8816678844186505,-4.981175332164716
2421,0,14.07561189693181,-0.8822939033896571,-4.981801351135722
2422,0,14.07561189693181,-0.8829200276250315,-4.982427475371097
2423,0,14.07561189693181,-0.8835462570824406,-4.983053704828506
2424,0,14.07561189693181,-0.8841725917195866,-4.983680039465652
2425,0,14.07561189693181,-0.8847990314942056,-4.984306479240271
2426,0,14.07561189693181,-0.8854255763640673,-4.984933024110132
2427,0,14.07561189693181,-0.8860522262869717,-4.985559674033037
2428,0,14.07561189693181,-0.8866789812207569,-4.986186428966822
2429,0,14.07561189693181,-0.887305841123295,-4.98681328886936
2430,0,14.07561189693181,-0.8879328059524809,-4.987440253698546
2431,0,14.07561189693181,-0.8885598756662585,-4.988067323412324
2432,0,14.07561189693181,-0.8891870502225938,-4.988694497968659
2433,0,14.07561189693181,-0.8898143295794885,-4.989321777325554
2434,0,14.07561189693181,-0.8904417136949805,-4.989949161441046
2435,0,14.07561189693181,-0.8910692025271363,-4.990576650273201
2436,0,14.07561189693181,-0.8916967960340605,-4.991204243780126
2437,0,14.07561189693181,-0.8923244941738853,-4.99183194191995
2438,0,14.07561189693181,-0.8929522969047801,-4.992459744650845
2439,0,14.07561189693181,-0.8935802041849445,-4.99308765193101
2440,0,14.07561189693181,-0.8942082159726157,-4.993715663718681
2441,0,14.07561189693181,-0.894836332226058,-4.994343779972123
2442,0,14.07561189693181,-0.8954645529035732,-4.994972000649638
2443,0,14.07561189693181,-0.8960928779634925,-4.995600325709558
2444,0,14.07561189693181,-0.8967213073641789,-4.996228755110244
2445,0,14.07561189693181,-0.8973498410640346,-4.9968572888101
2446,0,14.07561189693181,-0.8979784790214893,-4.997485926767554
2447,0,14.07561189693181,-0.8986072211950056,-4.998114668941071
2448,0,14.07561189693181,-0.8992360675430797,-4.998743515289145
2449,0,14.07561189693181,-0.8998650180242427,-4.999372465770308
2450,0,14.07561189693181,-0.9004940725970538,-5.000001520343119
2451,0,14.07561189693181,-0.9011232312201081,-5.000630678966173
2452,0,14.07561189693181,-0.9017524938520305,-5.001259941598096
2453,0,14.07561189693181,-0.9023818604514808,-5.001889308197546
2454,0,14.07561189693181,-0.9030113309771517,-5.002518778723217
2455,0,14.07561189693181,-0.9036409053877668,-5.003148353133832
2456,0,14.07561189693181,-0.9042705836420781,-5.003778031388143
2457,0,14.07561189693181,-0.9049003656988788,-5.004407813444944
2458,0,14.07561189693181,-0.9055302515169865,-5.005037699263052
2459,0,14.07561189693181,-0.9061602410552556,-5.005667688801321
2460,0,14.07561189693181,-0.9067903342725705,-5.006297782018636
2461,0,14.07561189693181,-0.9074205311278485,-5.006927978873914
2462,0,14.07561189693181,-0.9080508315800397,-5.007558279326105
2463,0,14.07561189693181,-0.9086812355881246,-5.00818868333419
2464,0,14.07561189693181,-0.9093117431111182,-5.008819190857183
2465,0,14.07561189693181,-0.9099423541080629,-5.009449801854128
2466,0,14.07561189693181,-0.9105730685380387,-5.010080516284104
2467,0,14.07561189693181,-0.9112038863601555,-5.010711334106221
2468,0,14.07561189693181,-0.9118348075335518,-5.011342255279617
2469,0,14.07561189693181,-0.9124658320174026,-5.011973279763468
2470,0,14.07561189693181,-0.913096959770912,-5.012604407516977
2471,0,14.07561189693181,-0.9137281907533206,-5.013235638499386
2472,0,14.07561189693181,-0.9143595249238938,-5.013866972669959
2473,0,14.07561189693181,-0.9149909622419274,-5.014498409987993
2474,0,14.07561189693181,-0.9156225026667615,-5.015129950412827
2475,0,14.07561189693181,-0.9162541461577547,-5.01576159390382
2476,0,14.07561189693181,-0.9168858926743031,-5.016393340420368
2477,0,14.07561189693181,-0.9175177421758338,-5.017025189921899
2478,0,14.07561189693181,-0.9181496946218051,-5.01765714236787
2479,0,14.07561189693181,-0.9187817499717079,-5.018289197717773
2480,0,14.07561189693181,-0.9194139081850601,-5.018921355931125
2481,0,14.07561189693181,-0.9200461692214175,-5.019553616967483
2482,0,14.07561189693181,-0.9206785330403653,-5.02018598078643
2483,0,14.07561189693181,-0.9213109996015119,-5.020818447347577
2484,0,14.07561189693181,-0.9219435688645126,-5.021451016610578
2485,0,14.07561189693181,-0.9225762407890414,-5.022083688535107
2486,0,14.07561189693181,-0.9232090153348063,-5.022716463080871
2487,0,14.07561189693181,-0.9238418924615495,-5.023349340207615
2488,0,14.07561189693181,-0.9244748721290419,-5.023982319875107
2489,0,14.07561189693181,-0.9251079542970908,-5.024615402043156
2490,0,14.07561189693181,-0.9257411389255195,-5.025248586671585
2491,0,14.07561189693181,-0.9263744259742053,-5.02588187372027
2492,0,14.07561189693181,-0.9270078154030355,-5.026515263149101
2493,0,14.07561189693181,-0.9276413071719407,-5.027148754918006
2494,0,14.07561189693181,-0.9282749012408793,-5.027782348986944
2495,0,14.07561189693181,-0.928908597569837,-5.028416045315902
2496,0,14.07561189693181,-0.929542396118836,-5.029049843864901
2497,0,14.07561189693181,-0.9301762968479235,-5.029683744593989
2498,0,14.07561189693181,-0.9308102997171881,-5.030317747463253
2499,0,14.07561189693181,-0.9314444046867383,-5.030951852432803
