T_K,P_GPa,G_eV_per_atom,level,source
851,0,-8.114874893775683,reference,DaRUS-4999/direct_upsampling_data_rungs_1-3/thermodynamic_properties/quartz_beta_pbe_d3bj.csv
852,0,-8.115247509669782,reference,DaRUS-4999/direct_upsampling_data_rungs_1-3/thermodynamic_properties/quartz_beta_pbe_d3bj.csv
853,0,-8.115620408514305,reference,DaRUS-4999/direct_upsampling_data_rungs_1-3/thermodynamic_properties/quartz_beta_pbe_d3bj.csv
854,0,-8.115993590029698,reference,DaRUS-4999/direct_upsampling_data_rungs_1-3/thermodynamic_properties/quartz_beta_pbe_d3bj.csv
855,0,-8.11636705393793,reference,DaRUS-4999/direct_upsampling_data_rungs_1-3/thermodynamic_properties/quartz_beta_pbe_d3bj.csv
856,0,-8.116740799958055,reference,DaRUS-4999/direct_upsampling_data_rungs_1-3/thermodynamic_properties/quartz_beta_pbe_d3bj.csv
857,0,-8.117114827814314,reference,DaRUS-4999/direct_upsampling_data_rungs_1-3/thermodynamic_properties/quartz_beta_pbe_d3bj.csv
858,0,-8.117489137228135,reference,DaRUS-4999/direct_upsampling_data_rungs_1-3/thermodynamic_properties/quartz_beta_pbe_d3bj.csv
859,0,-8.117863727921829,reference,DaRUS-4999/direct_upsampling_data_rungs_1-3/thermodynamic_properties/quartz_beta_pbe_d3bj.csv
860,0,-8.118238599618618,reference,DaRUS-4999/direct_upsampling_data_rungs_1-3/thermodynamic_properties/quartz_beta_pbe_d3bj.csv
861,0,-8.118613752042394,reference,DaRUS-4999/direct_upsampling_data_rungs_1-3/thermodynamic_properties/quartz_beta_pbe_d3bj.csv
862,0,-8.118989184919359,reference,DaRUS-4999/direct_upsampling_data_rungs_1-3/thermodynamic_properties/quartz_beta_pbe_d3bj.csv
863,0,-8.119364897970364,reference,DaRUS-4999/direct_upsampling_data_rungs_1-3/thermodynamic_properties/quartz_beta_pbe_d3bj.csv
864,0,-8.119740890923989,reference,DaRUS-4999/direct_upsampling_data_rungs_1-3/thermodynamic_properties/quartz_beta_pbe_d3bj.csv
865,0,-8.120117163505096,reference,DaRUS-4999/direct_upsampling_data_rungs_1-3/thermodynamic_properties/quartz_beta_pbe_d3bj.csv
866,0,-8.120493715437821,reference,DaRUS-4999/direct_upsampling_data_rungs_1-3/thermodynamic_properties/quartz_beta_pbe_d3bj.csv
867,0,-8.120870546453505,reference,DaRUS-4999/direct_upsampling_data_rungs_1-3/thermodynamic_properties/quartz_beta_pbe_d3bj.csv
868,0,-8.1212476562749,reference,DaRUS-4999/direct_upsampling_data_rungs_1-3/thermodynamic_properties/quartz_beta_pbe_d3bj.csv
869,0,-8.121625044631314,reference,DaRUS-4999/direct_upsampling_data_rungs_1-3/thermodynamic_properties/quartz_beta_pbe_d3bj.csv
870,0,-8.122002711252943,reference,DaRUS-4999/direct_upsampling_data_rungs_1-3/thermodynamic_properties/quartz_beta_pbe_d3bj.csv
871,0,-8.1223806558658,reference,DaRUS-4999/direct_upsampling_data_rungs_1-3/thermodynamic_properties/quartz_beta_pbe_d3bj.csv
872,0,-8.122758878200552,reference,DaRUS-4999/direct_upsampling_data_rungs_1-3/thermodynamic_properties/quartz_beta_pbe_d3bj.csv
873,0,-8.123137377985453,reference,DaRUS-4999/direct_upsampling_data_rungs_1-3/thermodynamic_properties/quartz_beta_pbe_d3bj.csv
874,0,-8.12351615495048,reference,DaRUS-4999/direct_upsampling_data_rungs_1-3/thermodynamic_properties/quartz_beta_pbe_d3bj.csv
875,0,-8.123895208829248,reference,DaRUS-4999/direct_upsampling_data_rungs_1-3/thermodynamic_properties/quartz_beta_pbe_d3bj.csv
876,0,-8.12427453935029,reference,DaRUS-4999/direct_upsampling_data_rungs_1-3/thermodynamic_properties/quartz_beta_pbe_d3bj.csv
877,0,-8.124654146246064,reference,DaRUS-4999/direct_upsampling_data_rungs_1-3/thermodynamic_properties/quartz_beta_pbe_d3bj.csv
878,0,-8.125034029248893,reference,DaRUS-4999/direct_upsampling_data_rungs_1-3/thermodynamic_properties/quartz_beta_pbe_d3bj.csv
879,0,-8.125414188089497,reference,DaRUS-4999/direct_upsampling_data_rungs_1-3/thermodynamic_properties/quartz_beta_pbe_d3bj.csv
880,0,-8.125794622504484,reference,DaRUS-4999/direct_upsampling_data_rungs_1-3/thermodynamic_properties/quartz_beta_pbe_d3bj.csv
881,0,-8.1261753322236,reference,DaRUS-4999/direct_upsampling_data_rungs_1-3/thermodynamic_properties/quartz_beta_pbe_d3bj.csv
882,0,-8.126556316982789,reference,DaRUS-4999/direct_upsampling_data_rungs_1-3/thermodynamic_properties/quartz_beta_pbe_d3bj.csv
883,0,-8.126937576517804,reference,DaRUS-4999/direct_upsampling_data_rungs_1-3/thermodynamic_properties/quartz_beta_pbe_d3bj.csv
884,0,-8.127319110559975,reference,DaRUS-4999/direct_upsampling_data_rungs_1-3/thermodynamic_properties/quartz_beta_pbe_d3bj.csv
885,0,-8.127700918847834,reference,DaRUS-4999/direct_upsampling_data_rungs_1-3/thermodynamic_properties/quartz_beta_pbe_d3bj.csv
886,0,-8.128083001114376,reference,DaRUS-4999/direct_upsampling_data_rungs_1-3/thermodynamic_properties/quartz_beta_pbe_d3bj.csv
887,0,-8.128465357100174,reference,DaRUS-4999/direct_upsampling_data_rungs_1-3/thermodynamic_properties/quartz_beta_pbe_d3bj.csv
888,0,-8.128847986537677,reference,DaRUS-4999/direct_upsampling_data_rungs_1-3/thermodynamic_properties/quartz_beta_pbe_d3bj.csv
889,0,-8.12923088916768,reference,DaRUS-4999/direct_upsampling_data_rungs_1-3/thermodynamic_properties/quartz_beta_pbe_d3bj.csv
890,0,-8.129614064725624,reference,DaRUS-4999/direct_upsampling_data_rungs_1-3/thermodynamic_properties/quartz_beta_pbe_d3bj.csv
891,0,-8.129997512951093,reference,DaRUS-4999/direct_upsampling_data_rungs_1-3/thermodynamic_properties/quartz_beta_pbe_d3bj.csv
892,0,-8.130381233581884,reference,DaRUS-4999/direct_upsampling_data_rungs_1-3/thermodynamic_properties/quartz_beta_pbe_d3bj.csv
893,0,-8.130765226357157,reference,DaRUS-4999/direct_upsampling_data_rungs_1-3/thermodynamic_properties/quartz_beta_pbe_d3bj.csv
894,0,-8.131149491016577,reference,DaRUS-4999/direct_upsampling_data_rungs_1-3/thermodynamic_properties/quartz_beta_pbe_d3bj.csv
895,0,-8.131534027301651,reference,DaRUS-4999/direct_upsampling_data_rungs_1-3/thermodynamic_properties/quartz_beta_pbe_d3bj.csv
896,0,-8.131918834950218,reference,DaRUS-4999/direct_upsampling_data_rungs_1-3/thermodynamic_properties/quartz_beta_pbe_d3bj.csv
897,0,-8.132303913704934,reference,DaRUS-4999/direct_upsampling_data_rungs_1-3/thermodynamic_properties/quartz_beta_pbe_d3bj.csv
898,0,-8.132689263307853,reference,DaRUS-4999/direct_upsampling_data_rungs_1-3/thermodynamic_properties/quartz_beta_pbe_d3bj.csv
899,0,-8.133074883499676,reference,DaRUS-4999/direct_upsampling_data_rungs_1-3/thermodynamic_properties/quartz_beta_pbe_d3bj.csv
900,0,-8.133460774022874,reference,DaRUS-4999/direct_upsampling_data_rungs_1-3/thermodynamic_properties/quartz_beta_pbe_d3bj.csv
901,0,-8.133846934620726,reference,DaRUS-4999/direct_upsampling_data_rungs_1-3/thermodynamic_properties/quartz_beta_pbe_d3bj.csv
902,0,-8.134233365036661,reference,DaRUS-4999/direct_upsampling_data_rungs_1-3/thermodynamic_properties/quartz_beta_pbe_d3bj.csv
903,0,-8.134620065013024,reference,DaRUS-4999/direct_upsampling_data_rungs_1-3/thermodynamic_properties/quartz_beta_pbe_d3bj.csv
904,0,-8.135007034295805,reference,DaRUS-4999/direct_upsampling_data_rungs_1-3/thermodynamic_properties/quartz_beta_pbe_d3bj.csv
905,0,-8.135394272628186,reference,DaRUS-4999/direct_upsampling_data_rungs_1-3/thermodynamic_properties/quartz_beta_pbe_d3bj.csv
906,0,-8.135781779757369,reference,DaRUS-4999/direct_upsampling_data_rungs_1-3/thermodynamic_properties/quartz_beta_pbe_d3bj.csv
907,0,-8.13616955542544,reference,DaRUS-4999/direct_upsampling_data_rungs_1-3/thermodynamic_properties/quartz_beta_pbe_d3bj.csv
908,0,-8.136557599381479,reference,DaRUS-4999/direct_upsampling_data_rungs_1-3/thermodynamic_properties/quartz_beta_pbe_d3bj.csv
909,0,-8.136945911370299,reference,DaRUS-4999/direct_upsampling_data_rungs_1-3/thermodynamic_properties/quartz_beta_pbe_d3bj.csv
910,0,-8.137334491139814,reference,DaRUS-4999/direct_upsampling_data_rungs_1-3/thermodynamic_properties/quartz_beta_pbe_d3bj.csv
911,0,-8.137723338434526,reference,DaRUS-4999/direct_upsampling_data_rungs_1-3/thermodynamic_properties/quartz_beta_pbe_d3bj.csv
912,0,-8.138112453006471,reference,DaRUS-4999/direct_upsampling_data_rungs_1-3/thermodynamic_properties/quartz_beta_pbe_d3bj.csv
913,0,-8.138501834600557,reference,DaRUS-4999/direct_upsampling_data_rungs_1-3/thermodynamic_properties/quartz_beta_pbe_d3bj.csv
914,0,-8.138891482967692,reference,DaRUS-4999/direct_upsampling_data_rungs_1-3/thermodynamic_properties/quartz_beta_pbe_d3bj.csv
915,0,-8.139281397854926,reference,DaRUS-4999/direct_upsampling_data_rungs_1-3/thermodynamic_properties/quartz_beta_pbe_d3bj.csv
916,0,-8.139671579011372,reference,DaRUS-4999/direct_upsampling_data_rungs_1-3/thermodynamic_properties/quartz_beta_pbe_d3bj.csv
917,0,-8.140062026189254,reference,DaRUS-4999/direct_upsampling_data_rungs_1-3/thermodynamic_properties/quartz_beta_pbe_d3bj.csv
918,0,-8.14045273913915,reference,DaRUS-4999/direct_upsampling_data_rungs_1-3/thermodynamic_properties/quartz_beta_pbe_d3bj.csv
919,0,-8.140843717608879,reference,DaRUS-4999/direct_upsampling_data_rungs_1-3/thermodynamic_properties/quartz_beta_pbe_d3bj.csv
920,0,-8.141234961352277,reference,DaRUS-4999/direct_upsampling_data_rungs_1-3/thermodynamic_properties/quartz_beta_pbe_d3bj.csv
921,0,-8.141626470119558,reference,DaRUS-4999/direct_upsampling_data_rungs_1-3/thermodynamic_properties/quartz_beta_pbe_d3bj.csv
922,0,-8.14201824366328,reference,DaRUS-4999/direct_upsampling_data_rungs_1-3/thermodynamic_properties/quartz_beta_pbe_d3bj.csv
923,0,-8.142410281736241,reference,DaRUS-4999/direct_upsampling_data_rungs_1-3/thermodynamic_properties/quartz_beta_pbe_d3bj.csv
924,0,-8.142802584092104,reference,DaRUS-4999/direct_upsampling_data_rungs_1-3/thermodynamic_properties/quartz_beta_pbe_d3bj.csv
925,0,-8.143195150480889,reference,DaRUS-4999/direct_upsampling_data_rungs_1-3/thermodynamic_properties/quartz_beta_pbe_d3bj.csv
926,0,-8.14358798066143,reference,DaRUS-4999/direct_upsampling_data_rungs_1-3/thermodynamic_properties/quartz_beta_pbe_d3bj.csv
927,0,-8.143981074385538,reference,DaRUS-4999/direct_upsampling_data_rungs_1-3/thermodynamic_properties/quartz_beta_pbe_d3bj.csv
928,0,-8.144374431406112,reference,DaRUS-4999/direct_upsampling_data_rungs_1-3/thermodynamic_properties/quartz_beta_pbe_d3bj.csv
929,0,-8.144768051482394,reference,DaRUS-4999/direct_upsampling_data_rungs_1-3/thermodynamic_properties/quartz_beta_pbe_d3bj.csv
930,0,-8.145161934365007,reference,DaRUS-4999/direct_upsampling_data_rungs_1-3/thermodynamic_properties/quartz_beta_pbe_d3bj.csv
931,0,-8.145556079813833,reference,DaRUS-4999/direct_upsampling_data_rungs_1-3/thermodynamic_properties/quartz_beta_pbe_d3bj.csv
932,0,-8.145950487582789,reference,DaRUS-4999/direct_upsampling_data_rungs_1-3/thermodynamic_properties/quartz_beta_pbe_d3bj.csv
933,0,-8.146345157431893,reference,DaRUS-4999/direct_upsampling_data_rungs_1-3/thermodynamic_properties/quartz_beta_pbe_d3bj.csv
934,0,-8.146740089114425,reference,DaRUS-4999/direct_upsampling_data_rungs_1-3/thermodynamic_properties/quartz_beta_pbe_d3bj.csv
935,0,-8.147135282390234,reference,DaRUS-4999/direct_upsampling_data_rungs_1-3/thermodynamic_properties/quartz_beta_pbe_d3bj.csv
936,0,-8.147530737016226,reference,DaRUS-4999/direct_upsampling_data_rungs_1-3/thermodynamic_properties/quartz_beta_pbe_d3bj.csv
937,0,-8.147926452751888,reference,DaRUS-4999/direct_upsampling_data_rungs_1-3/thermodynamic_properties/quartz_beta_pbe_d3bj.csv
938,0,-8.148322429355783,reference,DaRUS-4999/direct_upsampling_data_rungs_1-3/thermodynamic_properties/quartz_beta_pbe_d3bj.csv
939,0,-8.148718666588014,reference,DaRUS-4999/direct_upsampling_data_rungs_1-3/thermodynamic_properties/quartz_beta_pbe_d3bj.csv
940,0,-8.14911516420625,reference,DaRUS-4999/direct_upsampling_data_rungs_1-3/thermodynamic_properties/quartz_beta_pbe_d3bj.csv
941,0,-8.149511921973264,reference,DaRUS-4999/direct_upsampling_data_rungs_1-3/thermodynamic_properties/quartz_beta_pbe_d3bj.csv
942,0,-8.149908939647467,reference,DaRUS-4999/direct_upsampling_data_rungs_1-3/thermodynamic_properties/quartz_beta_pbe_d3bj.csv
943,0,-8.150306216991394,reference,DaRUS-4999/direct_upsampling_data_rungs_1-3/thermodynamic_properties/quartz_beta_pbe_d3bj.csv
944,0,-8.150703753764983,reference,DaRUS-4999/direct_upsampling_data_rungs_1-3/thermodynamic_properties/quartz_beta_pbe_d3bj.csv
945,0,-8.151101549730525,reference,DaRUS-4999/direct_upsampling_data_rungs_1-3/thermodynamic_properties/quartz_beta_pbe_d3bj.csv
946,0,-8.15149960465032,reference,DaRUS-4999/direct_upsampling_data_rungs_1-3/thermodynamic_properties/quartz_beta_pbe_d3bj.csv
947,0,-8.151897918286883,reference,DaRUS-4999/direct_upsampling_data_rungs_1-3/thermodynamic_properties/quartz_beta_pbe_d3bj.csv
948,0,-8.152296490404133,reference,DaRUS-4999/direct_upsampling_data_rungs_1-3/thermodynamic_properties/quartz_beta_pbe_d3bj.csv
949,0,-8.152695320762794,reference,DaRUS-4999/direct_upsampling_data_rungs_1-3/thermodynamic_properties/quartz_beta_pbe_d3bj.csv
950,0,-8.153094409129567,reference,DaRUS-4999/direct_upsampling_data_rungs_1-3/thermodynamic_properties/quartz_beta_pbe_d3bj.csv
951,0,-8.153493755268013,reference,DaRUS-4999/direct_upsampling_data_rungs_1-3/thermodynamic_properties/quartz_beta_pbe_d3bj.csv
952,0,-8.153893358942117,reference,DaRUS-4999/direct_upsampling_data_rungs_1-3/thermodynamic_properties/quartz_beta_pbe_d3bj.csv
953,0,-8.154293219917182,reference,DaRUS-4999/direct_upsampling_data_rungs_1-3/thermodynamic_properties/quartz_beta_pbe_d3bj.csv
954,0,-8.154693337959209,reference,DaRUS-4999/direct_upsampling_data_rungs_1-3/thermodynamic_properties/quartz_beta_pbe_d3bj.csv
955,0,-8.155093712831876,reference,DaRUS-4999/direct_upsampling_data_rungs_1-3/thermodynamic_properties/quartz_beta_pbe_d3bj.csv
956,0,-8.155494344304675,reference,DaRUS-4999/direct_upsampling_data_rungs_1-3/thermodynamic_properties/quartz_beta_pbe_d3bj.csv
957,0,-8.155895232141113,reference,DaRUS-4999/direct_upsampling_data_rungs_1-3/thermodynamic_properties/quartz_beta_pbe_d3bj.csv
958,0,-8.156296376110078,reference,DaRUS-4999/direct_upsampling_data_rungs_1-3/thermodynamic_properties/quartz_beta_pbe_d3bj.csv
959,0,-8.156697775978143,reference,DaRUS-4999/direct_upsampling_data_rungs_1-3/thermodynamic_properties/quartz_beta_pbe_d3bj.csv
960,0,-8.157099431514528,reference,DaRUS-4999/direct_upsampling_data_rungs_1-3/thermodynamic_properties/quartz_beta_pbe_d3bj.csv
961,0,-8.157501342485991,reference,DaRUS-4999/direct_upsampling_data_rungs_1-3/thermodynamic_properties/quartz_beta_pbe_d3bj.csv
962,0,-8.157903508660452,reference,DaRUS-4999/direct_upsampling_data_rungs_1-3/thermodynamic_properties/quartz_beta_pbe_d3bj.csv
963,0,-8.15830592980924,reference,DaRUS-4999/direct_upsampling_data_rungs_1-3/thermodynamic_properties/quartz_beta_pbe_d3bj.csv
964,0,-8.158708605699037,reference,DaRUS-4999/direct_upsampling_data_rungs_1-3/thermodynamic_properties/quartz_beta_pbe_d3bj.csv
965,0,-8.159111536102637,reference,DaRUS-4999/direct_upsampling_data_rungs_1-3/thermodynamic_properties/quartz_beta_pbe_d3bj.csv
966,0,-8.159514720788085,reference,DaRUS-4999/direct_upsampling_data_rungs_1-3/thermodynamic_properties/quartz_beta_pbe_d3bj.csv
967,0,-8.159918159525954,reference,DaRUS-4999/direct_upsampling_data_rungs_1-3/thermodynamic_properties/quartz_beta_pbe_d3bj.csv
968,0,-8.160321852088789,reference,DaRUS-4999/direct_upsampling_data_rungs_1-3/thermodynamic_properties/quartz_beta_pbe_d3bj.csv
969,0,-8.160725798246443,reference,DaRUS-4999/direct_upsampling_data_rungs_1-3/thermodynamic_properties/quartz_beta_pbe_d3bj.csv
970,0,-8.161129997770857,reference,DaRUS-4999/direct_upsampling_data_rungs_1-3/thermodynamic_properties/quartz_beta_pbe_d3bj.csv
971,0,-8.161534450434186,reference,DaRUS-4999/direct_upsampling_data_rungs_1-3/thermodynamic_properties/quartz_beta_pbe_d3bj.csv
972,0,-8.161939156009369,reference,DaRUS-4999/direct_upsampling_data_rungs_1-3/thermodynamic_properties/quartz_beta_pbe_d3bj.csv
973,0,-8.162344114268139,reference,DaRUS-4999/direct_upsampling_data_rungs_1-3/thermodynamic_properties/quartz_beta_pbe_d3bj.csv
974,0,-8.16274932498567,reference,DaRUS-4999/direct_upsampling_data_rungs_1-3/thermodynamic_properties/quartz_beta_pbe_d3bj.csv
975,0,-8.1631547879346,reference,DaRUS-4999/direct_upsampling_data_rungs_1-3/thermodynamic_properties/quartz_beta_pbe_d3bj.csv
976,0,-8.163560502888044,reference,DaRUS-4999/direct_upsampling_data_rungs_1-3/thermodynamic_properties/quartz_beta_pbe_d3bj.csv
977,0,-8.163966469621734,reference,DaRUS-4999/direct_upsampling_data_rungs_1-3/thermodynamic_properties/quartz_beta_pbe_d3bj.csv
978,0,-8.16437268790974,reference,DaRUS-4999/direct_upsampling_data_rungs_1-3/thermodynamic_properties/quartz_beta_pbe_d3bj.csv
979,0,-8.164779157527349,reference,DaRUS-4999/direct_upsampling_data_rungs_1-3/thermodynamic_properties/quartz_beta_pbe_d3bj.csv
980,0,-8.165185878250769,reference,DaRUS-4999/direct_upsampling_data_rungs_1-3/thermodynamic_properties/quartz_beta_pbe_d3bj.csv
981,0,-8.165592849854791,reference,DaRUS-4999/direct_upsampling_data_rungs_1-3/thermodynamic_properties/quartz_beta_pbe_d3bj.csv
982,0,-8.166000072116333,reference,DaRUS-4999/direct_upsampling_data_rungs_1-3/thermodynamic_properties/quartz_beta_pbe_d3bj.csv
983,0,-8.166407544812451,reference,DaRUS-4999/direct_upsampling_data_rungs_1-3/thermodynamic_properties/quartz_beta_pbe_d3bj.csv
984,0,-8.166815267718812,reference,DaRUS-4999/direct_upsampling_data_rungs_1-3/thermodynamic_properties/quartz_beta_pbe_d3bj.csv
985,0,-8.167223240614312,reference,DaRUS-4999/direct_upsampling_data_rungs_1-3/thermodynamic_properties/quartz_beta_pbe_d3bj.csv
986,0,-8.167631463275329,reference,DaRUS-4999/direct_upsampling_data_rungs_1-3/thermodynamic_properties/quartz_beta_pbe_d3bj.csv
987,0,-8.16803993548279,reference,DaRUS-4999/direct_upsampling_data_rungs_1-3/thermodynamic_properties/quartz_beta_pbe_d3bj.csv
988,0,-8.168448657011607,reference,DaRUS-4999/direct_upsampling_data_rungs_1-3/thermodynamic_properties/quartz_beta_pbe_d3bj.csv
989,0,-8.168857627643419,reference,DaRUS-4999/direct_upsampling_data_rungs_1-3/thermodynamic_properties/quartz_beta_pbe_d3bj.csv
990,0,-8.169266847156115,reference,DaRUS-4999/direct_upsampling_data_rungs_1-3/thermodynamic_properties/quartz_beta_pbe_d3bj.csv
991,0,-8.169676315328706,reference,DaRUS-4999/direct_upsampling_data_rungs_1-3/thermodynamic_properties/quartz_beta_pbe_d3bj.csv
992,0,-8.170086031942677,reference,DaRUS-4999/direct_upsampling_data_rungs_1-3/thermodynamic_properties/quartz_beta_pbe_d3bj.csv
993,0,-8.170495996777699,reference,DaRUS-4999/direct_upsampling_data_rungs_1-3/thermodynamic_properties/quartz_beta_pbe_d3bj.csv
994,0,-8.170906209615723,reference,DaRUS-4999/direct_upsampling_data_rungs_1-3/thermodynamic_properties/quartz_beta_pbe_d3bj.csv
995,0,-8.171316670236534,reference,DaRUS-4999/direct_upsampling_data_rungs_1-3/thermodynamic_properties/quartz_beta_pbe_d3bj.csv
996,0,-8.171727378421313,reference,DaRUS-4999/direct_upsampling_data_rungs_1-3/thermodynamic_properties/quartz_beta_pbe_d3bj.csv
997,0,-8.172138333953175,reference,DaRUS-4999/direct_upsampling_data_rungs_1-3/thermodynamic_properties/quartz_beta_pbe_d3bj.csv
998,0,-8.172549536612019,reference,DaRUS-4999/direct_upsampling_data_rungs_1-3/thermodynamic_properties/quartz_beta_pbe_d3bj.csv
999,0,-8.172960986182714,reference,DaRUS-4999/direct_upsampling_data_rungs_1-3/thermodynamic_properties/quartz_beta_pbe_d3bj.csv
1000,0,-8.173372682447951,reference,DaRUS-4999/direct_upsampling_data_rungs_1-3/thermodynamic_properties/quartz_beta_pbe_d3bj.csv
1001,0,-8.173784625190734,reference,DaRUS-4999/direct_upsampling_data_rungs_1-3/thermodynamic_properties/quartz_beta_pbe_d3bj.csv
1002,0,-8.174196814195039,reference,DaRUS-4999/direct_upsampling_data_rungs_1-3/thermodynamic_properties/quartz_beta_pbe_d3bj.csv
1003,0,-8.174609249242319,reference,DaRUS-4999/direct_upsampling_data_rungs_1-3/thermodynamic_properties/quartz_beta_pbe_d3bj.csv
1004,0,-8.175021930120781,reference,DaRUS-4999/direct_upsampling_data_rungs_1-3/thermodynamic_properties/quartz_beta_pbe_d3bj.csv
1005,0,-8.175434856611355,reference,DaRUS-4999/direct_upsampling_data_rungs_1-3/thermodynamic_properties/quartz_beta_pbe_d3bj.csv
1006,0,-8.175848028502578,reference,DaRUS-4999/direct_upsampling_data_rungs_1-3/thermodynamic_properties/quartz_beta_pbe_d3bj.csv
1007,0,-8.176261445576682,reference,DaRUS-4999/direct_upsampling_data_rungs_1-3/thermodynamic_properties/quartz_beta_pbe_d3bj.csv
1008,0,-8.176675107622829,reference,DaRUS-4999/direct_upsampling_data_rungs_1-3/thermodynamic_properties/quartz_beta_pbe_d3bj.csv
1009,0,-8.17708901442475,reference,DaRUS-4999/direct_upsampling_data_rungs_1-3/thermodynamic_properties/quartz_beta_pbe_d3bj.csv
1010,0,-8.177503165768524,reference,DaRUS-4999/direct_upsampling_data_rungs_1-3/thermodynamic_properties/quartz_beta_pbe_d3bj.csv
1011,0,-8.177917561443747,reference,DaRUS-4999/direct_upsampling_data_rungs_1-3/thermodynamic_properties/quartz_beta_pbe_d3bj.csv
1012,0,-8.178332201234651,reference,DaRUS-4999/direct_upsampling_data_rungs_1-3/thermodynamic_properties/quartz_beta_pbe_d3bj.csv
1013,0,-8.178747084930556,reference,DaRUS-4999/direct_upsampling_data_rungs_1-3/thermodynamic_properties/quartz_beta_pbe_d3bj.csv
1014,0,-8.179162212318269,reference,DaRUS-4999/direct_upsampling_data_rungs_1-3/thermodynamic_properties/quartz_beta_pbe_d3bj.csv
1015,0,-8.179577583186873,reference,DaRUS-4999/direct_upsampling_data_rungs_1-3/thermodynamic_properties/quartz_beta_pbe_d3bj.csv
1016,0,-8.17999319732488,reference,DaRUS-4999/direct_upsampling_data_rungs_1-3/thermodynamic_properties/quartz_beta_pbe_d3bj.csv
1017,0,-8.180409054520283,reference,DaRUS-4999/direct_upsampling_data_rungs_1-3/thermodynamic_properties/quartz_beta_pbe_d3bj.csv
1018,0,-8.180825154563138,reference,DaRUS-4999/direct_upsampling_data_rungs_1-3/thermodynamic_properties/quartz_beta_pbe_d3bj.csv
1019,0,-8.181241497243791,reference,DaRUS-4999/direct_upsampling_data_rungs_1-3/thermodynamic_properties/quartz_beta_pbe_d3bj.csv
1020,0,-8.18165808235138,reference,DaRUS-4999/direct_upsampling_data_rungs_1-3/thermodynamic_properties/quartz_beta_pbe_d3bj.csv
1021,0,-8.182074909674922,reference,DaRUS-4999/direct_upsampling_data_rungs_1-3/thermodynamic_properties/quartz_beta_pbe_d3bj.csv
1022,0,-8.182491979006841,reference,DaRUS-4999/direct_upsampling_data_rungs_1-3/thermodynamic_properties/quartz_beta_pbe_d3bj.csv
1023,0,-8.182909290138621,reference,DaRUS-4999/direct_upsampling_data_rungs_1-3/thermodynamic_properties/quartz_beta_pbe_d3bj.csv
1024,0,-8.183326842859254,reference,DaRUS-4999/direct_upsampling_data_rungs_1-3/thermodynamic_properties/quartz_beta_pbe_d3bj.csv
1025,0,-8.183744636963013,reference,DaRUS-4999/direct_upsampling_data_rungs_1-3/thermodynamic_properties/quartz_beta_pbe_d3bj.csv
1026,0,-8.184162672240388,reference,DaRUS-4999/direct_upsampling_data_rungs_1-3/thermodynamic_properties/quartz_beta_pbe_d3bj.csv
1027,0,-8.184580948483724,reference,DaRUS-4999/direct_upsampling_data_rungs_1-3/thermodynamic_properties/quartz_beta_pbe_d3bj.csv
1028,0,-8.184999465485422,reference,DaRUS-4999/direct_upsampling_data_rungs_1-3/thermodynamic_properties/quartz_beta_pbe_d3bj.csv
1029,0,-8.185418223041045,reference,DaRUS-4999/direct_upsampling_data_rungs_1-3/thermodynamic_properties/quartz_beta_pbe_d3bj.csv
1030,0,-8.185837220940437,reference,DaRUS-4999/direct_upsampling_data_rungs_1-3/thermodynamic_properties/quartz_beta_pbe_d3bj.csv
1031,0,-8.186256458978628,reference,DaRUS-4999/direct_upsampling_data_rungs_1-3/thermodynamic_properties/quartz_beta_pbe_d3bj.csv
1032,0,-8.186675936951103,reference,DaRUS-4999/direct_upsampling_data_rungs_1-3/thermodynamic_properties/quartz_beta_pbe_d3bj.csv
1033,0,-8.187095654650541,reference,DaRUS-4999/direct_upsampling_data_rungs_1-3/thermodynamic_properties/quartz_beta_pbe_d3bj.csv
1034,0,-8.187515611872902,reference,DaRUS-4999/direct_upsampling_data_rungs_1-3/thermodynamic_properties/quartz_beta_pbe_d3bj.csv
1035,0,-8.187935808412055,reference,DaRUS-4999/direct_upsampling_data_rungs_1-3/thermodynamic_properties/quartz_beta_pbe_d3bj.csv
1036,0,-8.188356244064227,reference,DaRUS-4999/direct_upsampling_data_rungs_1-3/thermodynamic_properties/quartz_beta_pbe_d3bj.csv
1037,0,-8.188776918624708,reference,DaRUS-4999/direct_upsampling_data_rungs_1-3/thermodynamic_properties/quartz_beta_pbe_d3bj.csv
1038,0,-8.18919783188881,reference,DaRUS-4999/direct_upsampling_data_rungs_1-3/thermodynamic_properties/quartz_beta_pbe_d3bj.csv
1039,0,-8.189618983654935,reference,DaRUS-4999/direct_upsampling_data_rungs_1-3/thermodynamic_properties/quartz_beta_pbe_d3bj.csv
1040,0,-8.190040373716855,reference,DaRUS-4999/direct_upsampling_data_rungs_1-3/thermodynamic_properties/quartz_beta_pbe_d3bj.csv
1041,0,-8.190462001874247,reference,DaRUS-4999/direct_upsampling_data_rungs_1-3/thermodynamic_properties/quartz_beta_pbe_d3bj.csv
1042,0,-8.190883867924846,reference,DaRUS-4999/direct_upsampling_data_rungs_1-3/thermodynamic_properties/quartz_beta_pbe_d3bj.csv
1043,0,-8.191305971663219,reference,DaRUS-4999/direct_upsampling_data_rungs_1-3/thermodynamic_properties/quartz_beta_pbe_d3bj.csv
1044,0,-8.191728312890655,reference,DaRUS-4999/direct_upsampling_data_rungs_1-3/thermodynamic_properties/quartz_beta_pbe_d3bj.csv
1045,0,-8.192150891401814,reference,DaRUS-4999/direct_upsampling_data_rungs_1-3/thermodynamic_properties/quartz_beta_pbe_d3bj.csv
1046,0,-8.19257370699958,reference,DaRUS-4999/direct_upsampling_data_rungs_1-3/thermodynamic_properties/quartz_beta_pbe_d3bj.csv
1047,0,-8.192996759480407,reference,DaRUS-4999/direct_upsampling_data_rungs_1-3/thermodynamic_properties/quartz_beta_pbe_d3bj.csv
1048,0,-8.193420048644375,reference,DaRUS-4999/direct_upsampling_data_rungs_1-3/thermodynamic_properties/quartz_beta_pbe_d3bj.csv
1049,0,-8.19384357429081,reference,DaRUS-4999/direct_upsampling_data_rungs_1-3/thermodynamic_properties/quartz_beta_pbe_d3bj.csv
1050,0,-8.194267336219234,reference,DaRUS-4999/direct_upsampling_data_rungs_1-3/thermodynamic_properties/quartz_beta_pbe_d3bj.csv
1051,0,-8.194691334230592,reference,DaRUS-4999/direct_upsampling_data_rungs_1-3/thermodynamic_properties/quartz_beta_pbe_d3bj.csv
1052,0,-8.195115568125885,reference,DaRUS-4999/direct_upsampling_data_rungs_1-3/thermodynamic_properties/quartz_beta_pbe_d3bj.csv
1053,0,-8.195540037704971,reference,DaRUS-4999/direct_upsampling_data_rungs_1-3/thermodynamic_properties/quartz_beta_pbe_d3bj.csv
1054,0,-8.195964742769963,reference,DaRUS-4999/direct_upsampling_data_rungs_1-3/thermodynamic_properties/quartz_beta_pbe_d3bj.csv
1055,0,-8.196389683123193,reference,DaRUS-4999/direct_upsampling_data_rungs_1-3/thermodynamic_properties/quartz_beta_pbe_d3bj.csv
1056,0,-8.196814858564313,reference,DaRUS-4999/direct_upsampling_data_rungs_1-3/thermodynamic_properties/quartz_beta_pbe_d3bj.csv
1057,0,-8.197240268896326,reference,DaRUS-4999/direct_upsampling_data_rungs_1-3/thermodynamic_properties/quartz_beta_pbe_d3bj.csv
1058,0,-8.19766591392178,reference,DaRUS-4999/direct_upsampling_data_rungs_1-3/thermodynamic_properties/quartz_beta_pbe_d3bj.csv
1059,0,-8.198091793444096,reference,DaRUS-4999/direct_upsampling_data_rungs_1-3/thermodynamic_properties/quartz_beta_pbe_d3bj.csv
1060,0,-8.198517907267387,reference,DaRUS-4999/direct_upsampling_data_rungs_1-3/thermodynamic_properties/quartz_beta_pbe_d3bj.csv
1061,0,-8.198944255192327,reference,DaRUS-4999/direct_upsampling_data_rungs_1-3/thermodynamic_properties/quartz_beta_pbe_d3bj.csv
1062,0,-8.199370837024807,reference,DaRUS-4999/direct_upsampling_data_rungs_1-3/thermodynamic_properties/quartz_beta_pbe_d3bj.csv
1063,0,-8.199797652568217,reference,DaRUS-4999/direct_upsampling_data_rungs_1-3/thermodynamic_properties/quartz_beta_pbe_d3bj.csv
1064,0,-8.200224701626432,reference,DaRUS-4999/direct_upsampling_data_rungs_1-3/thermodynamic_properties/quartz_beta_pbe_d3bj.csv
1065,0,-8.200651984006246,reference,DaRUS-4999/direct_upsampling_data_rungs_1-3/thermodynamic_properties/quartz_beta_pbe_d3bj.csv
1066,0,-8.201079499510122,reference,DaRUS-4999/direct_upsampling_data_rungs_1-3/thermodynamic_properties/quartz_beta_pbe_d3bj.csv
1067,0,-8.201507247945502,reference,DaRUS-4999/direct_upsampling_data_rungs_1-3/thermodynamic_properties/quartz_beta_pbe_d3bj.csv
1068,0,-8.20193522911549,reference,DaRUS-4999/direct_upsampling_data_rungs_1-3/thermodynamic_properties/quartz_beta_pbe_d3bj.csv
1069,0,-8.202363442827387,reference,DaRUS-4999/direct_upsampling_data_rungs_1-3/thermodynamic_properties/quartz_beta_pbe_d3bj.csv
1070,0,-8.202791888889141,reference,DaRUS-4999/direct_upsampling_data_rungs_1-3/thermodynamic_properties/quartz_beta_pbe_d3bj.csv
1071,0,-8.203220567106397,reference,DaRUS-4999/direct_upsampling_data_rungs_1-3/thermodynamic_properties/quartz_beta_pbe_d3bj.csv
1072,0,-8.203649477284003,reference,DaRUS-4999/direct_upsampling_data_rungs_1-3/thermodynamic_properties/quartz_beta_pbe_d3bj.csv
1073,0,-8.204078619230485,reference,DaRUS-4999/direct_upsampling_data_rungs_1-3/thermodynamic_properties/quartz_beta_pbe_d3bj.csv
1074,0,-8.204507992753935,reference,DaRUS-4999/direct_upsampling_data_rungs_1-3/thermodynamic_properties/quartz_beta_pbe_d3bj.csv
1075,0,-8.204937597661202,reference,DaRUS-4999/direct_upsampling_data_rungs_1-3/thermodynamic_properties/quartz_beta_pbe_d3bj.csv
1076,0,-8.205367433761458,reference,DaRUS-4999/direct_upsampling_data_rungs_1-3/thermodynamic_properties/quartz_beta_pbe_d3bj.csv
1077,0,-8.20579750086095,reference,DaRUS-4999/direct_upsampling_data_rungs_1-3/thermodynamic_properties/quartz_beta_pbe_d3bj.csv
1078,0,-8.206227798771597,reference,DaRUS-4999/direct_upsampling_data_rungs_1-3/thermodynamic_properties/quartz_beta_pbe_d3bj.csv
1079,0,-8.206658327300762,reference,DaRUS-4999/direct_upsampling_data_rungs_1-3/thermodynamic_properties/quartz_beta_pbe_d3bj.csv
1080,0,-8.207089086256369,reference,DaRUS-4999/direct_upsampling_data_rungs_1-3/thermodynamic_properties/quartz_beta_pbe_d3bj.csv
1081,0,-8.207520075450413,reference,DaRUS-4999/direct_upsampling_data_rungs_1-3/thermodynamic_properties/quartz_beta_pbe_d3bj.csv
1082,0,-8.207951294690517,reference,DaRUS-4999/direct_upsampling_data_rungs_1-3/thermodynamic_properties/quartz_beta_pbe_d3bj.csv
1083,0,-8.208382743788912,reference,DaRUS-4999/direct_upsampling_data_rungs_1-3/thermodynamic_properties/quartz_beta_pbe_d3bj.csv
1084,0,-8.208814422555447,reference,DaRUS-4999/direct_upsampling_data_rungs_1-3/thermodynamic_properties/quartz_beta_pbe_d3bj.csv
1085,0,-8.209246330800902,reference,DaRUS-4999/direct_upsampling_data_rungs_1-3/thermodynamic_properties/quartz_beta_pbe_d3bj.csv
1086,0,-8.2096784683356,reference,DaRUS-4999/direct_upsampling_data_rungs_1-3/thermodynamic_properties/quartz_beta_pbe_d3bj.csv
1087,0,-8.210110834972038,reference,DaRUS-4999/direct_upsampling_data_rungs_1-3/thermodynamic_properties/quartz_beta_pbe_d3bj.csv
1088,0,-8.210543430520987,reference,DaRUS-4999/direct_upsampling_data_rungs_1-3/thermodynamic_properties/quartz_beta_pbe_d3bj.csv
1089,0,-8.210976254796314,reference,DaRUS-4999/direct_upsampling_data_rungs_1-3/thermodynamic_properties/quartz_beta_pbe_d3bj.csv
1090,0,-8.21140930760731,reference,DaRUS-4999/direct_upsampling_data_rungs_1-3/thermodynamic_properties/quartz_beta_pbe_d3bj.csv
1091,0,-8.211842588768402,reference,DaRUS-4999/direct_upsampling_data_rungs_1-3/thermodynamic_properties/quartz_beta_pbe_d3bj.csv
1092,0,-8.212276098092197,reference,DaRUS-4999/direct_upsampling_data_rungs_1-3/thermodynamic_properties/quartz_beta_pbe_d3bj.csv
1093,0,-8.21270983539225,reference,DaRUS-4999/direct_upsampling_data_rungs_1-3/thermodynamic_properties/quartz_beta_pbe_d3bj.csv
1094,0,-8.213143800482062,reference,DaRUS-4999/direct_upsampling_data_rungs_1-3/thermodynamic_properties/quartz_beta_pbe_d3bj.csv
1095,0,-8.21357799317259,reference,DaRUS-4999/direct_upsampling_data_rungs_1-3/thermodynamic_properties/quartz_beta_pbe_d3bj.csv
1096,0,-8.214012413282513,reference,DaRUS-4999/direct_upsampling_data_rungs_1-3/thermodynamic_properties/quartz_beta_pbe_d3bj.csv
1097,0,-8.214447060623169,reference,DaRUS-4999/direct_upsampling_data_rungs_1-3/thermodynamic_properties/quartz_beta_pbe_d3bj.csv
1098,0,-8.214881935010171,reference,DaRUS-4999/direct_upsampling_data_rungs_1-3/thermodynamic_properties/quartz_beta_pbe_d3bj.csv
1099,0,-8.215317036258211,reference,DaRUS-4999/direct_upsampling_data_rungs_1-3/thermodynamic_properties/quartz_beta_pbe_d3bj.csv
1100,0,-8.21575236418302,reference,DaRUS-4999/direct_upsampling_data_rungs_1-3/thermodynamic_properties/quartz_beta_pbe_d3bj.csv
1101,0,-8.216187918598944,reference,DaRUS-4999/direct_upsampling_data_rungs_1-3/thermodynamic_properties/quartz_beta_pbe_d3bj.csv
1102,0,-8.21662369932216,reference,DaRUS-4999/direct_upsampling_data_rungs_1-3/thermodynamic_properties/quartz_beta_pbe_d3bj.csv
1103,0,-8.217059706168509,reference,DaRUS-4999/direct_upsampling_data_rungs_1-3/thermodynamic_properties/quartz_beta_pbe_d3bj.csv
1104,0,-8.217495938955777,reference,DaRUS-4999/direct_upsampling_data_rungs_1-3/thermodynamic_properties/quartz_beta_pbe_d3bj.csv
1105,0,-8.217932397498137,reference,DaRUS-4999/direct_upsampling_data_rungs_1-3/thermodynamic_properties/quartz_beta_pbe_d3bj.csv
1106,0,-8.218369081615997,reference,DaRUS-4999/direct_upsampling_data_rungs_1-3/thermodynamic_properties/quartz_beta_pbe_d3bj.csv
1107,0,-8.218805991123553,reference,DaRUS-4999/direct_upsampling_data_rungs_1-3/thermodynamic_properties/quartz_beta_pbe_d3bj.csv
1108,0,-8.219243125838556,reference,DaRUS-4999/direct_upsampling_data_rungs_1-3/thermodynamic_properties/quartz_beta_pbe_d3bj.csv
1109,0,-8.219680485579918,reference,DaRUS-4999/direct_upsampling_data_rungs_1-3/thermodynamic_properties/quartz_beta_pbe_d3bj.csv
1110,0,-8.220118070164686,reference,DaRUS-4999/direct_upsampling_data_rungs_1-3/thermodynamic_properties/quartz_beta_pbe_d3bj.csv
1111,0,-8.220555879412995,reference,DaRUS-4999/direct_upsampling_data_rungs_1-3/thermodynamic_properties/quartz_beta_pbe_d3bj.csv
1112,0,-8.220993913140457,reference,DaRUS-4999/direct_upsampling_data_rungs_1-3/thermodynamic_properties/quartz_beta_pbe_d3bj.csv
1113,0,-8.221432171168443,reference,DaRUS-4999/direct_upsampling_data_rungs_1-3/thermodynamic_properties/quartz_beta_pbe_d3bj.csv
1114,0,-8.221870653316511,reference,DaRUS-4999/direct_upsampling_data_rungs_1-3/thermodynamic_properties/quartz_beta_pbe_d3bj.csv
1115,0,-8.222309359402614,reference,DaRUS-4999/direct_upsampling_data_rungs_1-3/thermodynamic_properties/quartz_beta_pbe_d3bj.csv
1116,0,-8.222748289246042,reference,DaRUS-4999/direct_upsampling_data_rungs_1-3/thermodynamic_properties/quartz_beta_pbe_d3bj.csv
1117,0,-8.223187442667532,reference,DaRUS-4999/direct_upsampling_data_rungs_1-3/thermodynamic_properties/quartz_beta_pbe_d3bj.csv
1118,0,-8.223626819487537,reference,DaRUS-4999/direct_upsampling_data_rungs_1-3/thermodynamic_properties/quartz_beta_pbe_d3bj.csv
1119,0,-8.224066419527659,reference,DaRUS-4999/direct_upsampling_data_rungs_1-3/thermodynamic_properties/quartz_beta_pbe_d3bj.csv
1120,0,-8.22450624260656,reference,DaRUS-4999/direct_upsampling_data_rungs_1-3/thermodynamic_properties/quartz_beta_pbe_d3bj.csv
1121,0,-8.224946288546974,reference,DaRUS-4999/direct_upsampling_data_rungs_1-3/thermodynamic_properties/quartz_beta_pbe_d3bj.csv
1122,0,-8.225386557169402,reference,DaRUS-4999/direct_upsampling_data_rungs_1-3/thermodynamic_properties/quartz_beta_pbe_d3bj.csv
1123,0,-8.225827048296939,reference,DaRUS-4999/direct_upsampling_data_rungs_1-3/thermodynamic_properties/quartz_beta_pbe_d3bj.csv
1124,0,-8.226267761750103,reference,DaRUS-4999/direct_upsampling_data_rungs_1-3/thermodynamic_properties/quartz_beta_pbe_d3bj.csv
1125,0,-8.226708697350109,reference,DaRUS-4999/direct_upsampling_data_rungs_1-3/thermodynamic_properties/quartz_beta_pbe_d3bj.csv
1126,0,-8.227149854921942,reference,DaRUS-4999/direct_upsampling_data_rungs_1-3/thermodynamic_properties/quartz_beta_pbe_d3bj.csv
1127,0,-8.227591234286724,reference,DaRUS-4999/direct_upsampling_data_rungs_1-3/thermodynamic_properties/quartz_beta_pbe_d3bj.csv
1128,0,-8.228032835268294,reference,DaRUS-4999/direct_upsampling_data_rungs_1-3/thermodynamic_properties/quartz_beta_pbe_d3bj.csv
1129,0,-8.228474657691205,reference,DaRUS-4999/direct_upsampling_data_rungs_1-3/thermodynamic_properties/quartz_beta_pbe_d3bj.csv
1130,0,-8.228916701375411,reference,DaRUS-4999/direct_upsampling_data_rungs_1-3/thermodynamic_properties/quartz_beta_pbe_d3bj.csv
1131,0,-8.229358966147537,reference,DaRUS-4999/direct_upsampling_data_rungs_1-3/thermodynamic_properties/quartz_beta_pbe_d3bj.csv
1132,0,-8.229801451830834,reference,DaRUS-4999/direct_upsampling_data_rungs_1-3/thermodynamic_properties/quartz_beta_pbe_d3bj.csv
1133,0,-8.230244158249105,reference,DaRUS-4999/direct_upsampling_data_rungs_1-3/thermodynamic_properties/quartz_beta_pbe_d3bj.csv
1134,0,-8.230687085228356,reference,DaRUS-4999/direct_upsampling_data_rungs_1-3/thermodynamic_properties/quartz_beta_pbe_d3bj.csv
1135,0,-8.231130232593953,reference,DaRUS-4999/direct_upsampling_data_rungs_1-3/thermodynamic_properties/quartz_beta_pbe_d3bj.csv
1136,0,-8.231573600169211,reference,DaRUS-4999/direct_upsampling_data_rungs_1-3/thermodynamic_properties/quartz_beta_pbe_d3bj.csv
1137,0,-8.23201718777924,reference,DaRUS-4999/direct_upsampling_data_rungs_1-3/thermodynamic_properties/quartz_beta_pbe_d3bj.csv
1138,0,-8.232460995252513,reference,DaRUS-4999/direct_upsampling_data_rungs_1-3/thermodynamic_properties/quartz_beta_pbe_d3bj.csv
1139,0,-8.232905022412742,reference,DaRUS-4999/direct_upsampling_data_rungs_1-3/thermodynamic_properties/quartz_beta_pbe_d3bj.csv
1140,0,-8.233349269086927,reference,DaRUS-4999/direct_upsampling_data_rungs_1-3/thermodynamic_properties/quartz_beta_pbe_d3bj.csv
1141,0,-8.233793735101901,reference,DaRUS-4999/direct_upsampling_data_rungs_1-3/thermodynamic_properties/quartz_beta_pbe_d3bj.csv
1142,0,-8.234238420283187,reference,DaRUS-4999/direct_upsampling_data_rungs_1-3/thermodynamic_properties/quartz_beta_pbe_d3bj.csv
1143,0,-8.234683324459182,reference,DaRUS-4999/direct_upsampling_data_rungs_1-3/thermodynamic_properties/quartz_beta_pbe_d3bj.csv
1144,0,-8.235128447456047,reference,DaRUS-4999/direct_upsampling_data_rungs_1-3/thermodynamic_properties/quartz_beta_pbe_d3bj.csv
1145,0,-8.235573789103624,reference,DaRUS-4999/direct_upsampling_data_rungs_1-3/thermodynamic_properties/quartz_beta_pbe_d3bj.csv
1146,0,-8.236019349227099,reference,DaRUS-4999/direct_upsampling_data_rungs_1-3/thermodynamic_properties/quartz_beta_pbe_d3bj.csv
1147,0,-8.236465127655119,reference,DaRUS-4999/direct_upsampling_data_rungs_1-3/thermodynamic_properties/quartz_beta_pbe_d3bj.csv
1148,0,-8.236911124216276,reference,DaRUS-4999/direct_upsampling_data_rungs_1-3/thermodynamic_properties/quartz_beta_pbe_d3bj.csv
1149,0,-8.237357338740239,reference,DaRUS-4999/direct_upsampling_data_rungs_1-3/thermodynamic_properties/quartz_beta_pbe_d3bj.csv
1150,0,-8.237803771054331,reference,DaRUS-4999/direct_upsampling_data_rungs_1-3/thermodynamic_properties/quartz_beta_pbe_d3bj.csv
1151,0,-8.238250420988077,reference,DaRUS-4999/direct_upsampling_data_rungs_1-3/thermodynamic_properties/quartz_beta_pbe_d3bj.csv
1152,0,-8.238697288371633,reference,DaRUS-4999/direct_upsampling_data_rungs_1-3/thermodynamic_properties/quartz_beta_pbe_d3bj.csv
1153,0,-8.239144373034053,reference,DaRUS-4999/direct_upsampling_data_rungs_1-3/thermodynamic_properties/quartz_beta_pbe_d3bj.csv
1154,0,-8.239591674804702,reference,DaRUS-4999/direct_upsampling_data_rungs_1-3/thermodynamic_properties/quartz_beta_pbe_d3bj.csv
1155,0,-8.240039193515031,reference,DaRUS-4999/direct_upsampling_data_rungs_1-3/thermodynamic_properties/quartz_beta_pbe_d3bj.csv
1156,0,-8.240486928995008,reference,DaRUS-4999/direct_upsampling_data_rungs_1-3/thermodynamic_properties/quartz_beta_pbe_d3bj.csv
1157,0,-8.240934881074592,reference,DaRUS-4999/direct_upsampling_data_rungs_1-3/thermodynamic_properties/quartz_beta_pbe_d3bj.csv
1158,0,-8.241383049584465,reference,DaRUS-4999/direct_upsampling_data_rungs_1-3/thermodynamic_properties/quartz_beta_pbe_d3bj.csv
1159,0,-8.241831434355701,reference,DaRUS-4999/direct_upsampling_data_rungs_1-3/thermodynamic_properties/quartz_beta_pbe_d3bj.csv
1160,0,-8.242280035222308,reference,DaRUS-4999/direct_upsampling_data_rungs_1-3/thermodynamic_properties/quartz_beta_pbe_d3bj.csv
1161,0,-8.24272885201407,reference,DaRUS-4999/direct_upsampling_data_rungs_1-3/thermodynamic_properties/quartz_beta_pbe_d3bj.csv
1162,0,-8.243177884562575,reference,DaRUS-4999/direct_upsampling_data_rungs_1-3/thermodynamic_properties/quartz_beta_pbe_d3bj.csv
1163,0,-8.243627132698771,reference,DaRUS-4999/direct_upsampling_data_rungs_1-3/thermodynamic_properties/quartz_beta_pbe_d3bj.csv
1164,0,-8.244076596258575,reference,DaRUS-4999/direct_upsampling_data_rungs_1-3/thermodynamic_properties/quartz_beta_pbe_d3bj.csv
1165,0,-8.244526275072092,reference,DaRUS-4999/direct_upsampling_data_rungs_1-3/thermodynamic_properties/quartz_beta_pbe_d3bj.csv
1166,0,-8.244976168973565,reference,DaRUS-4999/direct_upsampling_data_rungs_1-3/thermodynamic_properties/quartz_beta_pbe_d3bj.csv
1167,0,-8.245426277794596,reference,DaRUS-4999/direct_upsampling_data_rungs_1-3/thermodynamic_properties/quartz_beta_pbe_d3bj.csv
1168,0,-8.245876601370332,reference,DaRUS-4999/direct_upsampling_data_rungs_1-3/thermodynamic_properties/quartz_beta_pbe_d3bj.csv
1169,0,-8.246327139534305,reference,DaRUS-4999/direct_upsampling_data_rungs_1-3/thermodynamic_properties/quartz_beta_pbe_d3bj.csv
1170,0,-8.246777892117722,reference,DaRUS-4999/direct_upsampling_data_rungs_1-3/thermodynamic_properties/quartz_beta_pbe_d3bj.csv
1171,0,-8.247228858958199,reference,DaRUS-4999/direct_upsampling_data_rungs_1-3/thermodynamic_properties/quartz_beta_pbe_d3bj.csv
1172,0,-8.247680039890421,reference,DaRUS-4999/direct_upsampling_data_rungs_1-3/thermodynamic_properties/quartz_beta_pbe_d3bj.csv
1173,0,-8.248131434746057,reference,DaRUS-4999/direct_upsampling_data_rungs_1-3/thermodynamic_properties/quartz_beta_pbe_d3bj.csv
1174,0,-8.248583043360776,reference,DaRUS-4999/direct_upsampling_data_rungs_1-3/thermodynamic_properties/quartz_beta_pbe_d3bj.csv
1175,0,-8.249034865571273,reference,DaRUS-4999/direct_upsampling_data_rungs_1-3/thermodynamic_properties/quartz_beta_pbe_d3bj.csv
1176,0,-8.249486901211904,reference,DaRUS-4999/direct_upsampling_data_rungs_1-3/thermodynamic_properties/quartz_beta_pbe_d3bj.csv
1177,0,-8.249939150118834,reference,DaRUS-4999/direct_upsampling_data_rungs_1-3/thermodynamic_properties/quartz_beta_pbe_d3bj.csv
1178,0,-8.250391612127213,reference,DaRUS-4999/direct_upsampling_data_rungs_1-3/thermodynamic_properties/quartz_beta_pbe_d3bj.csv
1179,0,-8.250844287073013,reference,DaRUS-4999/direct_upsampling_data_rungs_1-3/thermodynamic_properties/quartz_beta_pbe_d3bj.csv
1180,0,-8.251297174794432,reference,DaRUS-4999/direct_upsampling_data_rungs_1-3/thermodynamic_properties/quartz_beta_pbe_d3bj.csv
1181,0,-8.251750275126355,reference,DaRUS-4999/direct_upsampling_data_rungs_1-3/thermodynamic_properties/quartz_beta_pbe_d3bj.csv
1182,0,-8.252203587907818,reference,DaRUS-4999/direct_upsampling_data_rungs_1-3/thermodynamic_properties/quartz_beta_pbe_d3bj.csv
1183,0,-8.252657112971731,reference,DaRUS-4999/direct_upsampling_data_rungs_1-3/thermodynamic_properties/quartz_beta_pbe_d3bj.csv
1184,0,-8.253110850159615,reference,DaRUS-4999/direct_upsampling_data_rungs_1-3/thermodynamic_properties/quartz_beta_pbe_d3bj.csv
1185,0,-8.253564799305833,reference,DaRUS-4999/direct_upsampling_data_rungs_1-3/thermodynamic_properties/quartz_beta_pbe_d3bj.csv
1186,0,-8.254018960251731,reference,DaRUS-4999/direct_upsampling_data_rungs_1-3/thermodynamic_properties/quartz_beta_pbe_d3bj.csv
1187,0,-8.254473332833458,reference,DaRUS-4999/direct_upsampling_data_rungs_1-3/thermodynamic_properties/quartz_beta_pbe_d3bj.csv
1188,0,-8.254927916887491,reference,DaRUS-4999/direct_upsampling_data_rungs_1-3/thermodynamic_properties/quartz_beta_pbe_d3bj.csv
1189,0,-8.255382712255415,reference,DaRUS-4999/direct_upsampling_data_rungs_1-3/thermodynamic_properties/quartz_beta_pbe_d3bj.csv
1190,0,-8.255837718775584,reference,DaRUS-4999/direct_upsampling_data_rungs_1-3/thermodynamic_properties/quartz_beta_pbe_d3bj.csv
1191,0,-8.256292936285126,reference,DaRUS-4999/direct_upsampling_data_rungs_1-3/thermodynamic_properties/quartz_beta_pbe_d3bj.csv
1192,0,-8.256748364625523,reference,DaRUS-4999/direct_upsampling_data_rungs_1-3/thermodynamic_properties/quartz_beta_pbe_d3bj.csv
1193,0,-8.257204003634818,reference,DaRUS-4999/direct_upsampling_data_rungs_1-3/thermodynamic_properties/quartz_beta_pbe_d3bj.csv
1194,0,-8.257659853152408,reference,DaRUS-4999/direct_upsampling_data_rungs_1-3/thermodynamic_properties/quartz_beta_pbe_d3bj.csv
1195,0,-8.258115913020106,reference,DaRUS-4999/direct_upsampling_data_rungs_1-3/thermodynamic_properties/quartz_beta_pbe_d3bj.csv
1196,0,-8.258572183076986,reference,DaRUS-4999/direct_upsampling_data_rungs_1-3/thermodynamic_properties/quartz_beta_pbe_d3bj.csv
1197,0,-8.25902866316355,reference,DaRUS-4999/direct_upsampling_data_rungs_1-3/thermodynamic_properties/quartz_beta_pbe_d3bj.csv
1198,0,-8.259485353119272,reference,DaRUS-4999/direct_upsampling_data_rungs_1-3/thermodynamic_properties/quartz_beta_pbe_d3bj.csv
1199,0,-8.259942252787862,reference,DaRUS-4999/direct_upsampling_data_rungs_1-3/thermodynamic_properties/quartz_beta_pbe_d3bj.csv
1200,0,-8.260399362007663,reference,DaRUS-4999/direct_upsampling_data_rungs_1-3/thermodynamic_properties/quartz_beta_pbe_d3bj.csv
1201,0,-8.260856680621728,reference,DaRUS-4999/direct_upsampling_data_rungs_1-3/thermodynamic_properties/quartz_beta_pbe_d3bj.csv
1202,0,-8.261314208470031,reference,DaRUS-4999/direct_upsampling_data_rungs_1-3/thermodynamic_properties/quartz_beta_pbe_d3bj.csv
1203,0,-8.261771945395997,reference,DaRUS-4999/direct_upsampling_data_rungs_1-3/thermodynamic_properties/quartz_beta_pbe_d3bj.csv
1204,0,-8.262229891242587,reference,DaRUS-4999/direct_upsampling_data_rungs_1-3/thermodynamic_properties/quartz_beta_pbe_d3bj.csv
1205,0,-8.262688045850155,reference,DaRUS-4999/direct_upsampling_data_rungs_1-3/thermodynamic_properties/quartz_beta_pbe_d3bj.csv
1206,0,-8.263146409060653,reference,DaRUS-4999/direct_upsampling_data_rungs_1-3/thermodynamic_properties/quartz_beta_pbe_d3bj.csv
1207,0,-8.26360498071986,reference,DaRUS-4999/direct_upsampling_data_rungs_1-3/thermodynamic_properties/quartz_beta_pbe_d3bj.csv
1208,0,-8.264063760667392,reference,DaRUS-4999/direct_upsampling_data_rungs_1-3/thermodynamic_properties/quartz_beta_pbe_d3bj.csv
1209,0,-8.264522748748245,reference,DaRUS-4999/direct_upsampling_data_rungs_1-3/thermodynamic_properties/quartz_beta_pbe_d3bj.csv
1210,0,-8.264981944806621,reference,DaRUS-4999/direct_upsampling_data_rungs_1-3/thermodynamic_properties/quartz_beta_pbe_d3bj.csv
1211,0,-8.265441348683849,reference,DaRUS-4999/direct_upsampling_data_rungs_1-3/thermodynamic_properties/quartz_beta_pbe_d3bj.csv
1212,0,-8.265900960225917,reference,DaRUS-4999/direct_upsampling_data_rungs_1-3/thermodynamic_properties/quartz_beta_pbe_d3bj.csv
1213,0,-8.266360779276962,reference,DaRUS-4999/direct_upsampling_data_rungs_1-3/thermodynamic_properties/quartz_beta_pbe_d3bj.csv
1214,0,-8.266820805678986,reference,DaRUS-4999/direct_upsampling_data_rungs_1-3/thermodynamic_properties/quartz_beta_pbe_d3bj.csv
1215,0,-8.267281039279281,reference,DaRUS-4999/direct_upsampling_data_rungs_1-3/thermodynamic_properties/quartz_beta_pbe_d3bj.csv
1216,0,-8.267741479920113,reference,DaRUS-4999/direct_upsampling_data_rungs_1-3/thermodynamic_properties/quartz_beta_pbe_d3bj.csv
1217,0,-8.268202127448594,reference,DaRUS-4999/direct_upsampling_data_rungs_1-3/thermodynamic_properties/quartz_beta_pbe_d3bj.csv
1218,0,-8.268662981709383,reference,DaRUS-4999/direct_upsampling_data_rungs_1-3/thermodynamic_properties/quartz_beta_pbe_d3bj.csv
1219,0,-8.269124042548713,reference,DaRUS-4999/direct_upsampling_data_rungs_1-3/thermodynamic_properties/quartz_beta_pbe_d3bj.csv
1220,0,-8.269585309811486,reference,DaRUS-4999/direct_upsampling_data_rungs_1-3/thermodynamic_properties/quartz_beta_pbe_d3bj.csv
1221,0,-8.270046783343144,reference,DaRUS-4999/direct_upsampling_data_rungs_1-3/thermodynamic_properties/quartz_beta_pbe_d3bj.csv
1222,0,-8.270508462989632,reference,DaRUS-4999/direct_upsampling_data_rungs_1-3/thermodynamic_properties/quartz_beta_pbe_d3bj.csv
1223,0,-8.270970348599352,reference,DaRUS-4999/direct_upsampling_data_rungs_1-3/thermodynamic_properties/quartz_beta_pbe_d3bj.csv
1224,0,-8.271432440016115,reference,DaRUS-4999/direct_upsampling_data_rungs_1-3/thermodynamic_properties/quartz_beta_pbe_d3bj.csv
1225,0,-8.271894737088678,reference,DaRUS-4999/direct_upsampling_data_rungs_1-3/thermodynamic_properties/quartz_beta_pbe_d3bj.csv
1226,0,-8.27235723966418,reference,DaRUS-4999/direct_upsampling_data_rungs_1-3/thermodynamic_properties/quartz_beta_pbe_d3bj.csv
1227,0,-8.272819947587632,reference,DaRUS-4999/direct_upsampling_data_rungs_1-3/thermodynamic_properties/quartz_beta_pbe_d3bj.csv
1228,0,-8.27328286071049,reference,DaRUS-4999/direct_upsampling_data_rungs_1-3/thermodynamic_properties/quartz_beta_pbe_d3bj.csv
1229,0,-8.27374597887643,reference,DaRUS-4999/direct_upsampling_data_rungs_1-3/thermodynamic_properties/quartz_beta_pbe_d3bj.csv
1230,0,-8.27420930193594,reference,DaRUS-4999/direct_upsampling_data_rungs_1-3/thermodynamic_properties/quartz_beta_pbe_d3bj.csv
1231,0,-8.27467282973614,reference,DaRUS-4999/direct_upsampling_data_rungs_1-3/thermodynamic_properties/quartz_beta_pbe_d3bj.csv
1232,0,-8.275136562123889,reference,DaRUS-4999/direct_upsampling_data_rungs_1-3/thermodynamic_properties/quartz_beta_pbe_d3bj.csv
1233,0,-8.275600498951283,reference,DaRUS-4999/direct_upsampling_data_rungs_1-3/thermodynamic_properties/quartz_beta_pbe_d3bj.csv
1234,0,-8.276064640064726,reference,DaRUS-4999/direct_upsampling_data_rungs_1-3/thermodynamic_properties/quartz_beta_pbe_d3bj.csv
1235,0,-8.276528985313702,reference,DaRUS-4999/direct_upsampling_data_rungs_1-3/thermodynamic_properties/quartz_beta_pbe_d3bj.csv
1236,0,-8.276993534547101,reference,DaRUS-4999/direct_upsampling_data_rungs_1-3/thermodynamic_properties/quartz_beta_pbe_d3bj.csv
1237,0,-8.277458287615062,reference,DaRUS-4999/direct_upsampling_data_rungs_1-3/thermodynamic_properties/quartz_beta_pbe_d3bj.csv
1238,0,-8.277923244365866,reference,DaRUS-4999/direct_upsampling_data_rungs_1-3/thermodynamic_properties/quartz_beta_pbe_d3bj.csv
1239,0,-8.278388404650901,reference,DaRUS-4999/direct_upsampling_data_rungs_1-3/thermodynamic_properties/quartz_beta_pbe_d3bj.csv
1240,0,-8.278853768319236,reference,DaRUS-4999/direct_upsampling_data_rungs_1-3/thermodynamic_properties/quartz_beta_pbe_d3bj.csv
1241,0,-8.279319335222707,reference,DaRUS-4999/direct_upsampling_data_rungs_1-3/thermodynamic_properties/quartz_beta_pbe_d3bj.csv
1242,0,-8.279785105210722,reference,DaRUS-4999/direct_upsampling_data_rungs_1-3/thermodynamic_properties/quartz_beta_pbe_d3bj.csv
1243,0,-8.280251078133119,reference,DaRUS-4999/direct_upsampling_data_rungs_1-3/thermodynamic_properties/quartz_beta_pbe_d3bj.csv
1244,0,-8.280717253843042,reference,DaRUS-4999/direct_upsampling_data_rungs_1-3/thermodynamic_properties/quartz_beta_pbe_d3bj.csv
1245,0,-8.281183632189338,reference,DaRUS-4999/direct_upsampling_data_rungs_1-3/thermodynamic_properties/quartz_beta_pbe_d3bj.csv
1246,0,-8.281650213024337,reference,DaRUS-4999/direct_upsampling_data_rungs_1-3/thermodynamic_properties/quartz_beta_pbe_d3bj.csv
1247,0,-8.282116996199386,reference,DaRUS-4999/direct_upsampling_data_rungs_1-3/thermodynamic_properties/quartz_beta_pbe_d3bj.csv
1248,0,-8.282583981567745,reference,DaRUS-4999/direct_upsampling_data_rungs_1-3/thermodynamic_properties/quartz_beta_pbe_d3bj.csv
1249,0,-8.283051168979039,reference,DaRUS-4999/direct_upsampling_data_rungs_1-3/thermodynamic_properties/quartz_beta_pbe_d3bj.csv
1250,0,-8.283518558286245,reference,DaRUS-4999/direct_upsampling_data_rungs_1-3/thermodynamic_properties/quartz_beta_pbe_d3bj.csv
1251,0,-8.283986149343715,reference,DaRUS-4999/direct_upsampling_data_rungs_1-3/thermodynamic_properties/quartz_beta_pbe_d3bj.csv
1252,0,-8.284453942002498,reference,DaRUS-4999/direct_upsampling_data_rungs_1-3/thermodynamic_properties/quartz_beta_pbe_d3bj.csv
1253,0,-8.284921936114229,reference,DaRUS-4999/direct_upsampling_data_rungs_1-3/thermodynamic_properties/quartz_beta_pbe_d3bj.csv
1254,0,-8.285390131534367,reference,DaRUS-4999/direct_upsampling_data_rungs_1-3/thermodynamic_properties/quartz_beta_pbe_d3bj.csv
1255,0,-8.285858528113616,reference,DaRUS-4999/direct_upsampling_data_rungs_1-3/thermodynamic_properties/quartz_beta_pbe_d3bj.csv
1256,0,-8.286327125708173,reference,DaRUS-4999/direct_upsampling_data_rungs_1-3/thermodynamic_properties/quartz_beta_pbe_d3bj.csv
1257,0,-8.286795924169319,reference,DaRUS-4999/direct_upsampling_data_rungs_1-3/thermodynamic_properties/quartz_beta_pbe_d3bj.csv
1258,0,-8.287264923352739,reference,DaRUS-4999/direct_upsampling_data_rungs_1-3/thermodynamic_properties/quartz_beta_pbe_d3bj.csv
1259,0,-8.287734123111138,reference,DaRUS-4999/direct_upsampling_data_rungs_1-3/thermodynamic_properties/quartz_beta_pbe_d3bj.csv
1260,0,-8.288203523299282,reference,DaRUS-4999/direct_upsampling_data_rungs_1-3/thermodynamic_properties/quartz_beta_pbe_d3bj.csv
1261,0,-8.288673123771762,reference,DaRUS-4999/direct_upsampling_data_rungs_1-3/thermodynamic_properties/quartz_beta_pbe_d3bj.csv
1262,0,-8.289142924383141,reference,DaRUS-4999/direct_upsampling_data_rungs_1-3/thermodynamic_properties/quartz_beta_pbe_d3bj.csv
1263,0,-8.289612924989108,reference,DaRUS-4999/direct_upsampling_data_rungs_1-3/thermodynamic_properties/quartz_beta_pbe_d3bj.csv
1264,0,-8.290083125442973,reference,DaRUS-4999/direct_upsampling_data_rungs_1-3/thermodynamic_properties/quartz_beta_pbe_d3bj.csv
1265,0,-8.290553525602986,reference,DaRUS-4999/direct_upsampling_data_rungs_1-3/thermodynamic_properties/quartz_beta_pbe_d3bj.csv
1266,0,-8.2910241253214,reference,DaRUS-4999/direct_upsampling_data_rungs_1-3/thermodynamic_properties/quartz_beta_pbe_d3bj.csv
1267,0,-8.291494924455776,reference,DaRUS-4999/direct_upsampling_data_rungs_1-3/thermodynamic_properties/quartz_beta_pbe_d3bj.csv
1268,0,-8.291965922861317,reference,DaRUS-4999/direct_upsampling_data_rungs_1-3/thermodynamic_properties/quartz_beta_pbe_d3bj.csv
1269,0,-8.292437120394741,reference,DaRUS-4999/direct_upsampling_data_rungs_1-3/thermodynamic_properties/quartz_beta_pbe_d3bj.csv
1270,0,-8.292908516912171,reference,DaRUS-4999/direct_upsampling_data_rungs_1-3/thermodynamic_properties/quartz_beta_pbe_d3bj.csv
1271,0,-8.293380112270055,reference,DaRUS-4999/direct_upsampling_data_rungs_1-3/thermodynamic_properties/quartz_beta_pbe_d3bj.csv
1272,0,-8.293851906325051,reference,DaRUS-4999/direct_upsampling_data_rungs_1-3/thermodynamic_properties/quartz_beta_pbe_d3bj.csv
1273,0,-8.294323898934016,reference,DaRUS-4999/direct_upsampling_data_rungs_1-3/thermodynamic_properties/quartz_beta_pbe_d3bj.csv
1274,0,-8.294796089954129,reference,DaRUS-4999/direct_upsampling_data_rungs_1-3/thermodynamic_properties/quartz_beta_pbe_d3bj.csv
1275,0,-8.295268479243015,reference,DaRUS-4999/direct_upsampling_data_rungs_1-3/thermodynamic_properties/quartz_beta_pbe_d3bj.csv
1276,0,-8.295741066658485,reference,DaRUS-4999/direct_upsampling_data_rungs_1-3/thermodynamic_properties/quartz_beta_pbe_d3bj.csv
1277,0,-8.296213852057424,reference,DaRUS-4999/direct_upsampling_data_rungs_1-3/thermodynamic_properties/quartz_beta_pbe_d3bj.csv
1278,0,-8.296686835297946,reference,DaRUS-4999/direct_upsampling_data_rungs_1-3/thermodynamic_properties/quartz_beta_pbe_d3bj.csv
1279,0,-8.297160016237791,reference,DaRUS-4999/direct_upsampling_data_rungs_1-3/thermodynamic_properties/quartz_beta_pbe_d3bj.csv
1280,0,-8.297633394736893,reference,DaRUS-4999/direct_upsampling_data_rungs_1-3/thermodynamic_properties/quartz_beta_pbe_d3bj.csv
1281,0,-8.298106970652007,reference,DaRUS-4999/direct_upsampling_data_rungs_1-3/thermodynamic_properties/quartz_beta_pbe_d3bj.csv
1282,0,-8.298580743842592,reference,DaRUS-4999/direct_upsampling_data_rungs_1-3/thermodynamic_properties/quartz_beta_pbe_d3bj.csv
1283,0,-8.299054714167978,reference,DaRUS-4999/direct_upsampling_data_rungs_1-3/thermodynamic_properties/quartz_beta_pbe_d3bj.csv
1284,0,-8.299528881486511,reference,DaRUS-4999/direct_upsampling_data_rungs_1-3/thermodynamic_properties/quartz_beta_pbe_d3bj.csv
1285,0,-8.300003245657965,reference,DaRUS-4999/direct_upsampling_data_rungs_1-3/thermodynamic_properties/quartz_beta_pbe_d3bj.csv
1286,0,-8.300477806541348,reference,DaRUS-4999/direct_upsampling_data_rungs_1-3/thermodynamic_properties/quartz_beta_pbe_d3bj.csv
1287,0,-8.300952563996207,reference,DaRUS-4999/direct_upsampling_data_rungs_1-3/thermodynamic_properties/quartz_beta_pbe_d3bj.csv
1288,0,-8.301427517883818,reference,DaRUS-4999/direct_upsampling_data_rungs_1-3/thermodynamic_properties/quartz_beta_pbe_d3bj.csv
1289,0,-8.301902668063082,reference,DaRUS-4999/direct_upsampling_data_rungs_1-3/thermodynamic_properties/quartz_beta_pbe_d3bj.csv
1290,0,-8.302378014394719,reference,DaRUS-4999/direct_upsampling_data_rungs_1-3/thermodynamic_properties/quartz_beta_pbe_d3bj.csv
1291,0,-8.302853556738528,reference,DaRUS-4999/direct_upsampling_data_rungs_1-3/thermodynamic_properties/quartz_beta_pbe_d3bj.csv
1292,0,-8.30332929495621,reference,DaRUS-4999/direct_upsampling_data_rungs_1-3/thermodynamic_properties/quartz_beta_pbe_d3bj.csv
1293,0,-8.303805228908489,reference,DaRUS-4999/direct_upsampling_data_rungs_1-3/thermodynamic_properties/quartz_beta_pbe_d3bj.csv
1294,0,-8.304281358455215,reference,DaRUS-4999/direct_upsampling_data_rungs_1-3/thermodynamic_properties/quartz_beta_pbe_d3bj.csv
1295,0,-8.304757683459055,reference,DaRUS-4999/direct_upsampling_data_rungs_1-3/thermodynamic_properties/quartz_beta_pbe_d3bj.csv
1296,0,-8.305234203780422,reference,DaRUS-4999/direct_upsampling_data_rungs_1-3/thermodynamic_properties/quartz_beta_pbe_d3bj.csv
1297,0,-8.305710919281186,reference,DaRUS-4999/direct_upsampling_data_rungs_1-3/thermodynamic_properties/quartz_beta_pbe_d3bj.csv
1298,0,-8.306187829823985,reference,DaRUS-4999/direct_upsampling_data_rungs_1-3/thermodynamic_properties/quartz_beta_pbe_d3bj.csv
1299,0,-8.30666493526965,reference,DaRUS-4999/direct_upsampling_data_rungs_1-3/thermodynamic_properties/quartz_beta_pbe_d3bj.csv
1300,0,-8.30714223548105,reference,DaRUS-4999/direct_upsampling_data_rungs_1-3/thermodynamic_properties/quartz_beta_pbe_d3bj.csv
1301,0,-8.307619730320653,reference,DaRUS-4999/direct_upsampling_data_rungs_1-3/thermodynamic_properties/quartz_beta_pbe_d3bj.csv
1302,0,-8.308097419650387,reference,DaRUS-4999/direct_upsampling_data_rungs_1-3/thermodynamic_properties/quartz_beta_pbe_d3bj.csv
1303,0,-8.308575303334012,reference,DaRUS-4999/direct_upsampling_data_rungs_1-3/thermodynamic_properties/quartz_beta_pbe_d3bj.csv
1304,0,-8.309053381233451,reference,DaRUS-4999/direct_upsampling_data_rungs_1-3/thermodynamic_properties/quartz_beta_pbe_d3bj.csv
1305,0,-8.309531653213076,reference,DaRUS-4999/direct_upsampling_data_rungs_1-3/thermodynamic_properties/quartz_beta_pbe_d3bj.csv
1306,0,-8.310010119134748,reference,DaRUS-4999/direct_upsampling_data_rungs_1-3/thermodynamic_properties/quartz_beta_pbe_d3bj.csv
1307,0,-8.310488778863059,reference,DaRUS-4999/direct_upsampling_data_rungs_1-3/thermodynamic_properties/quartz_beta_pbe_d3bj.csv
1308,0,-8.310967632261134,reference,DaRUS-4999/direct_upsampling_data_rungs_1-3/thermodynamic_properties/quartz_beta_pbe_d3bj.csv
1309,0,-8.311446679193786,reference,DaRUS-4999/direct_upsampling_data_rungs_1-3/thermodynamic_properties/quartz_beta_pbe_d3bj.csv
1310,0,-8.311925919523926,reference,DaRUS-4999/direct_upsampling_data_rungs_1-3/thermodynamic_properties/quartz_beta_pbe_d3bj.csv
1311,0,-8.312405353115848,reference,DaRUS-4999/direct_upsampling_data_rungs_1-3/thermodynamic_properties/quartz_beta_pbe_d3bj.csv
1312,0,-8.312884979835385,reference,DaRUS-4999/direct_upsampling_data_rungs_1-3/thermodynamic_properties/quartz_beta_pbe_d3bj.csv
1313,0,-8.313364799546431,reference,DaRUS-4999/direct_upsampling_data_rungs_1-3/thermodynamic_properties/quartz_beta_pbe_d3bj.csv
1314,0,-8.313844812112709,reference,DaRUS-4999/direct_upsampling_data_rungs_1-3/thermodynamic_properties/quartz_beta_pbe_d3bj.csv
1315,0,-8.314325017401041,reference,DaRUS-4999/direct_upsampling_data_rungs_1-3/thermodynamic_properties/quartz_beta_pbe_d3bj.csv
1316,0,-8.314805415274991,reference,DaRUS-4999/direct_upsampling_data_rungs_1-3/thermodynamic_properties/quartz_beta_pbe_d3bj.csv
1317,0,-8.315286005601559,reference,DaRUS-4999/direct_upsampling_data_rungs_1-3/thermodynamic_properties/quartz_beta_pbe_d3bj.csv
1318,0,-8.315766788244666,reference,DaRUS-4999/direct_upsampling_data_rungs_1-3/thermodynamic_properties/quartz_beta_pbe_d3bj.csv
1319,0,-8.316247763070972,reference,DaRUS-4999/direct_upsampling_data_rungs_1-3/thermodynamic_properties/quartz_beta_pbe_d3bj.csv
1320,0,-8.316728929946603,reference,DaRUS-4999/direct_upsampling_data_rungs_1-3/thermodynamic_properties/quartz_beta_pbe_d3bj.csv
1321,0,-8.317210288737863,reference,DaRUS-4999/direct_upsampling_data_rungs_1-3/thermodynamic_properties/quartz_beta_pbe_d3bj.csv
1322,0,-8.317691839309598,reference,DaRUS-4999/direct_upsampling_data_rungs_1-3/thermodynamic_properties/quartz_beta_pbe_d3bj.csv
1323,0,-8.318173581529722,reference,DaRUS-4999/direct_upsampling_data_rungs_1-3/thermodynamic_properties/quartz_beta_pbe_d3bj.csv
1324,0,-8.318655515264759,reference,DaRUS-4999/direct_upsampling_data_rungs_1-3/thermodynamic_properties/quartz_beta_pbe_d3bj.csv
1325,0,-8.31913764038017,reference,DaRUS-4999/direct_upsampling_data_rungs_1-3/thermodynamic_properties/quartz_beta_pbe_d3bj.csv
1326,0,-8.319619956744692,reference,DaRUS-4999/direct_upsampling_data_rungs_1-3/thermodynamic_properties/quartz_beta_pbe_d3bj.csv
1327,0,-8.320102464224636,reference,DaRUS-4999/direct_upsampling_data_rungs_1-3/thermodynamic_properties/quartz_beta_pbe_d3bj.csv
1328,0,-8.320585162688024,reference,DaRUS-4999/direct_upsampling_data_rungs_1-3/thermodynamic_properties/quartz_beta_pbe_d3bj.csv
1329,0,-8.321068052001218,reference,DaRUS-4999/direct_upsampling_data_rungs_1-3/thermodynamic_properties/quartz_beta_pbe_d3bj.csv
1330,0,-8.321551132033004,reference,DaRUS-4999/direct_upsampling_data_rungs_1-3/thermodynamic_properties/quartz_beta_pbe_d3bj.csv
1331,0,-8.322034402651097,reference,DaRUS-4999/direct_upsampling_data_rungs_1-3/thermodynamic_properties/quartz_beta_pbe_d3bj.csv
1332,0,-8.32251786372319,reference,DaRUS-4999/direct_upsampling_data_rungs_1-3/thermodynamic_properties/quartz_beta_pbe_d3bj.csv
1333,0,-8.323001515117923,reference,DaRUS-4999/direct_upsampling_data_rungs_1-3/thermodynamic_properties/quartz_beta_pbe_d3bj.csv
1334,0,-8.323485356703864,reference,DaRUS-4999/direct_upsampling_data_rungs_1-3/thermodynamic_properties/quartz_beta_pbe_d3bj.csv
1335,0,-8.323969388349244,reference,DaRUS-4999/direct_upsampling_data_rungs_1-3/thermodynamic_properties/quartz_beta_pbe_d3bj.csv
1336,0,-8.324453609923699,reference,DaRUS-4999/direct_upsampling_data_rungs_1-3/thermodynamic_properties/quartz_beta_pbe_d3bj.csv
1337,0,-8.324938021295107,reference,DaRUS-4999/direct_upsampling_data_rungs_1-3/thermodynamic_properties/quartz_beta_pbe_d3bj.csv
1338,0,-8.325422622332709,reference,DaRUS-4999/direct_upsampling_data_rungs_1-3/thermodynamic_properties/quartz_beta_pbe_d3bj.csv
1339,0,-8.325907412906584,reference,DaRUS-4999/direct_upsampling_data_rungs_1-3/thermodynamic_properties/quartz_beta_pbe_d3bj.csv
1340,0,-8.326392392886598,reference,DaRUS-4999/direct_upsampling_data_rungs_1-3/thermodynamic_properties/quartz_beta_pbe_d3bj.csv
1341,0,-8.326877562140769,reference,DaRUS-4999/direct_upsampling_data_rungs_1-3/thermodynamic_properties/quartz_beta_pbe_d3bj.csv
1342,0,-8.327362920540738,reference,DaRUS-4999/direct_upsampling_data_rungs_1-3/thermodynamic_properties/quartz_beta_pbe_d3bj.csv
1343,0,-8.327848467954647,reference,DaRUS-4999/direct_upsampling_data_rungs_1-3/thermodynamic_properties/quartz_beta_pbe_d3bj.csv
1344,0,-8.328334204255199,reference,DaRUS-4999/direct_upsampling_data_rungs_1-3/thermodynamic_properties/quartz_beta_pbe_d3bj.csv
1345,0,-8.328820129310818,reference,DaRUS-4999/direct_upsampling_data_rungs_1-3/thermodynamic_properties/quartz_beta_pbe_d3bj.csv
1346,0,-8.329306242992693,reference,DaRUS-4999/direct_upsampling_data_rungs_1-3/thermodynamic_properties/quartz_beta_pbe_d3bj.csv
1347,0,-8.329792545170942,reference,DaRUS-4999/direct_upsampling_data_rungs_1-3/thermodynamic_properties/quartz_beta_pbe_d3bj.csv
1348,0,-8.330279035718089,reference,DaRUS-4999/direct_upsampling_data_rungs_1-3/thermodynamic_properties/quartz_beta_pbe_d3bj.csv
1349,0,-8.330765714503389,reference,DaRUS-4999/direct_upsampling_data_rungs_1-3/thermodynamic_properties/quartz_beta_pbe_d3bj.csv
1350,0,-8.331252581399424,reference,DaRUS-4999/direct_upsampling_data_rungs_1-3/thermodynamic_properties/quartz_beta_pbe_d3bj.csv
1351,0,-8.331739636276563,reference,DaRUS-4999/direct_upsampling_data_rungs_1-3/thermodynamic_properties/quartz_beta_pbe_d3bj.csv
1352,0,-8.332226879007104,reference,DaRUS-4999/direct_upsampling_data_rungs_1-3/thermodynamic_properties/quartz_beta_pbe_d3bj.csv
1353,0,-8.332714309462562,reference,DaRUS-4999/direct_upsampling_data_rungs_1-3/thermodynamic_properties/quartz_beta_pbe_d3bj.csv
1354,0,-8.333201927515075,reference,DaRUS-4999/direct_upsampling_data_rungs_1-3/thermodynamic_properties/quartz_beta_pbe_d3bj.csv
1355,0,-8.333689733037115,reference,DaRUS-4999/direct_upsampling_data_rungs_1-3/thermodynamic_properties/quartz_beta_pbe_d3bj.csv
1356,0,-8.334177725900268,reference,DaRUS-4999/direct_upsampling_data_rungs_1-3/thermodynamic_properties/quartz_beta_pbe_d3bj.csv
1357,0,-8.33466590597626,reference,DaRUS-4999/direct_upsampling_data_rungs_1-3/thermodynamic_properties/quartz_beta_pbe_d3bj.csv
1358,0,-8.335154273139516,reference,DaRUS-4999/direct_upsampling_data_rungs_1-3/thermodynamic_properties/quartz_beta_pbe_d3bj.csv
1359,0,-8.33564282726193,reference,DaRUS-4999/direct_upsampling_data_rungs_1-3/thermodynamic_properties/quartz_beta_pbe_d3bj.csv
1360,0,-8.336131568216606,reference,DaRUS-4999/direct_upsampling_data_rungs_1-3/thermodynamic_properties/quartz_beta_pbe_d3bj.csv
1361,0,-8.336620495876558,reference,DaRUS-4999/direct_upsampling_data_rungs_1-3/thermodynamic_properties/quartz_beta_pbe_d3bj.csv
1362,0,-8.337109610114759,reference,DaRUS-4999/direct_upsampling_data_rungs_1-3/thermodynamic_properties/quartz_beta_pbe_d3bj.csv
1363,0,-8.337598910805486,reference,DaRUS-4999/direct_upsampling_data_rungs_1-3/thermodynamic_properties/quartz_beta_pbe_d3bj.csv
1364,0,-8.338088397821091,reference,DaRUS-4999/direct_upsampling_data_rungs_1-3/thermodynamic_properties/quartz_beta_pbe_d3bj.csv
1365,0,-8.338578071037295,reference,DaRUS-4999/direct_upsampling_data_rungs_1-3/thermodynamic_properties/quartz_beta_pbe_d3bj.csv
1366,0,-8.339067930325765,reference,DaRUS-4999/direct_upsampling_data_rungs_1-3/thermodynamic_properties/quartz_beta_pbe_d3bj.csv
1367,0,-8.339557975562506,reference,DaRUS-4999/direct_upsampling_data_rungs_1-3/thermodynamic_properties/quartz_beta_pbe_d3bj.csv
1368,0,-8.340048206621862,reference,DaRUS-4999/direct_upsampling_data_rungs_1-3/thermodynamic_properties/quartz_beta_pbe_d3bj.csv
1369,0,-8.34053862337697,reference,DaRUS-4999/direct_upsampling_data_rungs_1-3/thermodynamic_properties/quartz_beta_pbe_d3bj.csv
1370,0,-8.341029225702554,reference,DaRUS-4999/direct_upsampling_data_rungs_1-3/thermodynamic_properties/quartz_beta_pbe_d3bj.csv
1371,0,-8.341520013474302,reference,DaRUS-4999/direct_upsampling_data_rungs_1-3/thermodynamic_properties/quartz_beta_pbe_d3bj.csv
1372,0,-8.342010986567173,reference,DaRUS-4999/direct_upsampling_data_rungs_1-3/thermodynamic_properties/quartz_beta_pbe_d3bj.csv
1373,0,-8.34250214485585,reference,DaRUS-4999/direct_upsampling_data_rungs_1-3/thermodynamic_properties/quartz_beta_pbe_d3bj.csv
1374,0,-8.342993488215587,reference,DaRUS-4999/direct_upsampling_data_rungs_1-3/thermodynamic_properties/quartz_beta_pbe_d3bj.csv
1375,0,-8.343485016522338,reference,DaRUS-4999/direct_upsampling_data_rungs_1-3/thermodynamic_properties/quartz_beta_pbe_d3bj.csv
1376,0,-8.343976729650926,reference,DaRUS-4999/direct_upsampling_data_rungs_1-3/thermodynamic_properties/quartz_beta_pbe_d3bj.csv
1377,0,-8.344468627478459,reference,DaRUS-4999/direct_upsampling_data_rungs_1-3/thermodynamic_properties/quartz_beta_pbe_d3bj.csv
1378,0,-8.344960709879041,reference,DaRUS-4999/direct_upsampling_data_rungs_1-3/thermodynamic_properties/quartz_beta_pbe_d3bj.csv
1379,0,-8.34545297673052,reference,DaRUS-4999/direct_upsampling_data_rungs_1-3/thermodynamic_properties/quartz_beta_pbe_d3bj.csv
1380,0,-8.345945427908218,reference,DaRUS-4999/direct_upsampling_data_rungs_1-3/thermodynamic_properties/quartz_beta_pbe_d3bj.csv
1381,0,-8.346438063288147,reference,DaRUS-4999/direct_upsampling_data_rungs_1-3/thermodynamic_properties/quartz_beta_pbe_d3bj.csv
1382,0,-8.34693088274868,reference,DaRUS-4999/direct_upsampling_data_rungs_1-3/thermodynamic_properties/quartz_beta_pbe_d3bj.csv
1383,0,-8.347423886165055,reference,DaRUS-4999/direct_upsampling_data_rungs_1-3/thermodynamic_properties/quartz_beta_pbe_d3bj.csv
1384,0,-8.347917073414727,reference,DaRUS-4999/direct_upsampling_data_rungs_1-3/thermodynamic_properties/quartz_beta_pbe_d3bj.csv
1385,0,-8.348410444374441,reference,DaRUS-4999/direct_upsampling_data_rungs_1-3/thermodynamic_properties/quartz_beta_pbe_d3bj.csv
1386,0,-8.348903998922282,reference,DaRUS-4999/direct_upsampling_data_rungs_1-3/thermodynamic_properties/quartz_beta_pbe_d3bj.csv
1387,0,-8.34939773693432,reference,DaRUS-4999/direct_upsampling_data_rungs_1-3/thermodynamic_properties/quartz_beta_pbe_d3bj.csv
1388,0,-8.349891658289518,reference,DaRUS-4999/direct_upsampling_data_rungs_1-3/thermodynamic_properties/quartz_beta_pbe_d3bj.csv
1389,0,-8.350385762864482,reference,DaRUS-4999/direct_upsampling_data_rungs_1-3/thermodynamic_properties/quartz_beta_pbe_d3bj.csv
1390,0,-8.350880050538079,reference,DaRUS-4999/direct_upsampling_data_rungs_1-3/thermodynamic_properties/quartz_beta_pbe_d3bj.csv
1391,0,-8.351374521187763,reference,DaRUS-4999/direct_upsampling_data_rungs_1-3/thermodynamic_properties/quartz_beta_pbe_d3bj.csv
1392,0,-8.351869174691828,reference,DaRUS-4999/direct_upsampling_data_rungs_1-3/thermodynamic_properties/quartz_beta_pbe_d3bj.csv
1393,0,-8.352364010929181,reference,DaRUS-4999/direct_upsampling_data_rungs_1-3/thermodynamic_properties/quartz_beta_pbe_d3bj.csv
1394,0,-8.352859029776829,reference,DaRUS-4999/direct_upsampling_data_rungs_1-3/thermodynamic_properties/quartz_beta_pbe_d3bj.csv
1395,0,-8.353354231115411,reference,DaRUS-4999/direct_upsampling_data_rungs_1-3/thermodynamic_properties/quartz_beta_pbe_d3bj.csv
1396,0,-8.35384961482251,reference,DaRUS-4999/direct_upsampling_data_rungs_1-3/thermodynamic_properties/quartz_beta_pbe_d3bj.csv
1397,0,-8.354345180777363,reference,DaRUS-4999/direct_upsampling_data_rungs_1-3/thermodynamic_properties/quartz_beta_pbe_d3bj.csv
1398,0,-8.354840928859574,reference,DaRUS-4999/direct_upsampling_data_rungs_1-3/thermodynamic_properties/quartz_beta_pbe_d3bj.csv
1399,0,-8.355336858947668,reference,DaRUS-4999/direct_upsampling_data_rungs_1-3/thermodynamic_properties/quartz_beta_pbe_d3bj.csv
1400,0,-8.355832970922044,reference,DaRUS-4999/direct_upsampling_data_rungs_1-3/thermodynamic_properties/quartz_beta_pbe_d3bj.csv
1401,0,-8.356329264661509,reference,DaRUS-4999/direct_upsampling_data_rungs_1-3/thermodynamic_properties/quartz_beta_pbe_d3bj.csv
1402,0,-8.356825740046812,reference,DaRUS-4999/direct_upsampling_data_rungs_1-3/thermodynamic_properties/quartz_beta_pbe_d3bj.csv
1403,0,-8.357322396956835,reference,DaRUS-4999/direct_upsampling_data_rungs_1-3/thermodynamic_properties/quartz_beta_pbe_d3bj.csv
1404,0,-8.357819235272022,reference,DaRUS-4999/direct_upsampling_data_rungs_1-3/thermodynamic_properties/quartz_beta_pbe_d3bj.csv
1405,0,-8.358316254873019,reference,DaRUS-4999/direct_upsampling_data_rungs_1-3/thermodynamic_properties/quartz_beta_pbe_d3bj.csv
1406,0,-8.358813455640044,reference,DaRUS-4999/direct_upsampling_data_rungs_1-3/thermodynamic_properties/quartz_beta_pbe_d3bj.csv
1407,0,-8.359310837453437,reference,DaRUS-4999/direct_upsampling_data_rungs_1-3/thermodynamic_properties/quartz_beta_pbe_d3bj.csv
1408,0,-8.35980840019416,reference,DaRUS-4999/direct_upsampling_data_rungs_1-3/thermodynamic_properties/quartz_beta_pbe_d3bj.csv
1409,0,-8.360306143743109,reference,DaRUS-4999/direct_upsampling_data_rungs_1-3/thermodynamic_properties/quartz_beta_pbe_d3bj.csv
1410,0,-8.360804067981249,reference,DaRUS-4999/direct_upsampling_data_rungs_1-3/thermodynamic_properties/quartz_beta_pbe_d3bj.csv
1411,0,-8.361302172789694,reference,DaRUS-4999/direct_upsampling_data_rungs_1-3/thermodynamic_properties/quartz_beta_pbe_d3bj.csv
1412,0,-8.361800458049492,reference,DaRUS-4999/direct_upsampling_data_rungs_1-3/thermodynamic_properties/quartz_beta_pbe_d3bj.csv
1413,0,-8.362298923643133,reference,DaRUS-4999/direct_upsampling_data_rungs_1-3/thermodynamic_properties/quartz_beta_pbe_d3bj.csv
1414,0,-8.362797569450755,reference,DaRUS-4999/direct_upsampling_data_rungs_1-3/thermodynamic_properties/quartz_beta_pbe_d3bj.csv
1415,0,-8.363296395355448,reference,DaRUS-4999/direct_upsampling_data_rungs_1-3/thermodynamic_properties/quartz_beta_pbe_d3bj.csv
1416,0,-8.363795401238507,reference,DaRUS-4999/direct_upsampling_data_rungs_1-3/thermodynamic_properties/quartz_beta_pbe_d3bj.csv
1417,0,-8.364294586982631,reference,DaRUS-4999/direct_upsampling_data_rungs_1-3/thermodynamic_properties/quartz_beta_pbe_d3bj.csv
1418,0,-8.364793952469283,reference,DaRUS-4999/direct_upsampling_data_rungs_1-3/thermodynamic_properties/quartz_beta_pbe_d3bj.csv
1419,0,-8.36529349758087,reference,DaRUS-4999/direct_upsampling_data_rungs_1-3/thermodynamic_properties/quartz_beta_pbe_d3bj.csv
1420,0,-8.365793222200962,reference,DaRUS-4999/direct_upsampling_data_rungs_1-3/thermodynamic_properties/quartz_beta_pbe_d3bj.csv
1421,0,-8.36629312621147,reference,DaRUS-4999/direct_upsampling_data_rungs_1-3/thermodynamic_properties/quartz_beta_pbe_d3bj.csv
1422,0,-8.366793209495166,reference,DaRUS-4999/direct_upsampling_data_rungs_1-3/thermodynamic_properties/quartz_beta_pbe_d3bj.csv
1423,0,-8.367293471935989,reference,DaRUS-4999/direct_upsampling_data_rungs_1-3/thermodynamic_properties/quartz_beta_pbe_d3bj.csv
1424,0,-8.367793913415442,reference,DaRUS-4999/direct_upsampling_data_rungs_1-3/thermodynamic_properties/quartz_beta_pbe_d3bj.csv
1425,0,-8.368294533818318,reference,DaRUS-4999/direct_upsampling_data_rungs_1-3/thermodynamic_properties/quartz_beta_pbe_d3bj.csv
1426,0,-8.368795333026977,reference,DaRUS-4999/direct_upsampling_data_rungs_1-3/thermodynamic_properties/quartz_beta_pbe_d3bj.csv
1427,0,-8.369296310926368,reference,DaRUS-4999/direct_upsampling_data_rungs_1-3/thermodynamic_properties/quartz_beta_pbe_d3bj.csv
1428,0,-8.369797467399215,reference,DaRUS-4999/direct_upsampling_data_rungs_1-3/thermodynamic_properties/quartz_beta_pbe_d3bj.csv
1429,0,-8.370298802329332,reference,DaRUS-4999/direct_upsampling_data_rungs_1-3/thermodynamic_properties/quartz_beta_pbe_d3bj.csv
1430,0,-8.370800315601159,reference,DaRUS-4999/direct_upsampling_data_rungs_1-3/thermodynamic_properties/quartz_beta_pbe_d3bj.csv
1431,0,-8.371302007099027,reference,DaRUS-4999/direct_upsampling_data_rungs_1-3/thermodynamic_properties/quartz_beta_pbe_d3bj.csv
1432,0,-8.371803876707022,reference,DaRUS-4999/direct_upsampling_data_rungs_1-3/thermodynamic_properties/quartz_beta_pbe_d3bj.csv
1433,0,-8.372305924309121,reference,DaRUS-4999/direct_upsampling_data_rungs_1-3/thermodynamic_properties/quartz_beta_pbe_d3bj.csv
1434,0,-8.372808149791137,reference,DaRUS-4999/direct_upsampling_data_rungs_1-3/thermodynamic_properties/quartz_beta_pbe_d3bj.csv
1435,0,-8.373310553037918,reference,DaRUS-4999/direct_upsampling_data_rungs_1-3/thermodynamic_properties/quartz_beta_pbe_d3bj.csv
1436,0,-8.373813133932188,reference,DaRUS-4999/direct_upsampling_data_rungs_1-3/thermodynamic_properties/quartz_beta_pbe_d3bj.csv
1437,0,-8.374315892361668,reference,DaRUS-4999/direct_upsampling_data_rungs_1-3/thermodynamic_properties/quartz_beta_pbe_d3bj.csv
1438,0,-8.374818828209849,reference,DaRUS-4999/direct_upsampling_data_rungs_1-3/thermodynamic_properties/quartz_beta_pbe_d3bj.csv
1439,0,-8.375321941363493,reference,DaRUS-4999/direct_upsampling_data_rungs_1-3/thermodynamic_properties/quartz_beta_pbe_d3bj.csv
1440,0,-8.375825231706473,reference,DaRUS-4999/direct_upsampling_data_rungs_1-3/thermodynamic_properties/quartz_beta_pbe_d3bj.csv
1441,0,-8.376328699126645,reference,DaRUS-4999/direct_upsampling_data_rungs_1-3/thermodynamic_properties/quartz_beta_pbe_d3bj.csv
1442,0,-8.376832343507655,reference,DaRUS-4999/direct_upsampling_data_rungs_1-3/thermodynamic_properties/quartz_beta_pbe_d3bj.csv
1443,0,-8.377336164736196,reference,DaRUS-4999/direct_upsampling_data_rungs_1-3/thermodynamic_properties/quartz_beta_pbe_d3bj.csv
1444,0,-8.377840162698785,reference,DaRUS-4999/direct_upsampling_data_rungs_1-3/thermodynamic_properties/quartz_beta_pbe_d3bj.csv
1445,0,-8.378344337281376,reference,DaRUS-4999/direct_upsampling_data_rungs_1-3/thermodynamic_properties/quartz_beta_pbe_d3bj.csv
1446,0,-8.378848688370315,reference,DaRUS-4999/direct_upsampling_data_rungs_1-3/thermodynamic_properties/quartz_beta_pbe_d3bj.csv
1447,0,-8.379353215852108,reference,DaRUS-4999/direct_upsampling_data_rungs_1-3/thermodynamic_properties/quartz_beta_pbe_d3bj.csv
1448,0,-8.379857919613407,reference,DaRUS-4999/direct_upsampling_data_rungs_1-3/thermodynamic_properties/quartz_beta_pbe_d3bj.csv
1449,0,-8.380362799541036,reference,DaRUS-4999/direct_upsampling_data_rungs_1-3/thermodynamic_properties/quartz_beta_pbe_d3bj.csv
1450,0,-8.380867855522578,reference,DaRUS-4999/direct_upsampling_data_rungs_1-3/thermodynamic_properties/quartz_beta_pbe_d3bj.csv
1451,0,-8.381373087444199,reference,DaRUS-4999/direct_upsampling_data_rungs_1-3/thermodynamic_properties/quartz_beta_pbe_d3bj.csv
1452,0,-8.381878495193682,reference,DaRUS-4999/direct_upsampling_data_rungs_1-3/thermodynamic_properties/quartz_beta_pbe_d3bj.csv
1453,0,-8.382384078658198,reference,DaRUS-4999/direct_upsampling_data_rungs_1-3/thermodynamic_properties/quartz_beta_pbe_d3bj.csv
1454,0,-8.382889837725573,reference,DaRUS-4999/direct_upsampling_data_rungs_1-3/thermodynamic_properties/quartz_beta_pbe_d3bj.csv
1455,0,-8.383395772282391,reference,DaRUS-4999/direct_upsampling_data_rungs_1-3/thermodynamic_properties/quartz_beta_pbe_d3bj.csv
1456,0,-8.383901882218437,reference,DaRUS-4999/direct_upsampling_data_rungs_1-3/thermodynamic_properties/quartz_beta_pbe_d3bj.csv
1457,0,-8.384408167419798,reference,DaRUS-4999/direct_upsampling_data_rungs_1-3/thermodynamic_properties/quartz_beta_pbe_d3bj.csv
1458,0,-8.384914627775442,reference,DaRUS-4999/direct_upsampling_data_rungs_1-3/thermodynamic_properties/quartz_beta_pbe_d3bj.csv
1459,0,-8.385421263173336,reference,DaRUS-4999/direct_upsampling_data_rungs_1-3/thermodynamic_properties/quartz_beta_pbe_d3bj.csv
1460,0,-8.385928073502365,reference,DaRUS-4999/direct_upsampling_data_rungs_1-3/thermodynamic_properties/quartz_beta_pbe_d3bj.csv
1461,0,-8.386435058650861,reference,DaRUS-4999/direct_upsampling_data_rungs_1-3/thermodynamic_properties/quartz_beta_pbe_d3bj.csv
1462,0,-8.386942218507086,reference,DaRUS-4999/direct_upsampling_data_rungs_1-3/thermodynamic_properties/quartz_beta_pbe_d3bj.csv
1463,0,-8.387449552960073,reference,DaRUS-4999/direct_upsampling_data_rungs_1-3/thermodynamic_properties/quartz_beta_pbe_d3bj.csv
1464,0,-8.38795706189857,reference,DaRUS-4999/direct_upsampling_data_rungs_1-3/thermodynamic_properties/quartz_beta_pbe_d3bj.csv
1465,0,-8.388464745212355,reference,DaRUS-4999/direct_upsampling_data_rungs_1-3/thermodynamic_properties/quartz_beta_pbe_d3bj.csv
1466,0,-8.388972602789439,reference,DaRUS-4999/direct_upsampling_data_rungs_1-3/thermodynamic_properties/quartz_beta_pbe_d3bj.csv
1467,0,-8.389480634520137,reference,DaRUS-4999/direct_upsampling_data_rungs_1-3/thermodynamic_properties/quartz_beta_pbe_d3bj.csv
1468,0,-8.389988840293867,reference,DaRUS-4999/direct_upsampling_data_rungs_1-3/thermodynamic_properties/quartz_beta_pbe_d3bj.csv
1469,0,-8.390497219999341,reference,DaRUS-4999/direct_upsampling_data_rungs_1-3/thermodynamic_properties/quartz_beta_pbe_d3bj.csv
1470,0,-8.391005773527466,reference,DaRUS-4999/direct_upsampling_data_rungs_1-3/thermodynamic_properties/quartz_beta_pbe_d3bj.csv
1471,0,-8.391514500767606,reference,DaRUS-4999/direct_upsampling_data_rungs_1-3/thermodynamic_properties/quartz_beta_pbe_d3bj.csv
1472,0,-8.392023401610322,reference,DaRUS-4999/direct_upsampling_data_rungs_1-3/thermodynamic_properties/quartz_beta_pbe_d3bj.csv
1473,0,-8.39253247594451,reference,DaRUS-4999/direct_upsampling_data_rungs_1-3/thermodynamic_properties/quartz_beta_pbe_d3bj.csv
1474,0,-8.393041723661838,reference,DaRUS-4999/direct_upsampling_data_rungs_1-3/thermodynamic_properties/quartz_beta_pbe_d3bj.csv
1475,0,-8.393551144653017,reference,DaRUS-4999/direct_upsampling_data_rungs_1-3/thermodynamic_properties/quartz_beta_pbe_d3bj.csv
1476,0,-8.394060738807125,reference,DaRUS-4999/direct_upsampling_data_rungs_1-3/thermodynamic_properties/quartz_beta_pbe_d3bj.csv
1477,0,-8.394570506015429,reference,DaRUS-4999/direct_upsampling_data_rungs_1-3/thermodynamic_properties/quartz_beta_pbe_d3bj.csv
1478,0,-8.395080446169001,reference,DaRUS-4999/direct_upsampling_data_rungs_1-3/thermodynamic_properties/quartz_beta_pbe_d3bj.csv
1479,0,-8.395590559159091,reference,DaRUS-4999/direct_upsampling_data_rungs_1-3/thermodynamic_properties/quartz_beta_pbe_d3bj.csv
1480,0,-8.396100844876326,reference,DaRUS-4999/direct_upsampling_data_rungs_1-3/thermodynamic_properties/quartz_beta_pbe_d3bj.csv
1481,0,-8.396611303212238,reference,DaRUS-4999/direct_upsampling_data_rungs_1-3/thermodynamic_properties/quartz_beta_pbe_d3bj.csv
1482,0,-8.397121934058859,reference,DaRUS-4999/direct_upsampling_data_rungs_1-3/thermodynamic_properties/quartz_beta_pbe_d3bj.csv
1483,0,-8.397632737306314,reference,DaRUS-4999/direct_upsampling_data_rungs_1-3/thermodynamic_properties/quartz_beta_pbe_d3bj.csv
1484,0,-8.398143712847514,reference,DaRUS-4999/direct_upsampling_data_rungs_1-3/thermodynamic_properties/quartz_beta_pbe_d3bj.csv
1485,0,-8.398654860573831,reference,DaRUS-4999/direct_upsampling_data_rungs_1-3/thermodynamic_properties/quartz_beta_pbe_d3bj.csv
1486,0,-8.399166180376929,reference,DaRUS-4999/direct_upsampling_data_rungs_1-3/thermodynamic_properties/quartz_beta_pbe_d3bj.csv
1487,0,-8.399677672148602,reference,DaRUS-4999/direct_upsampling_data_rungs_1-3/thermodynamic_properties/quartz_beta_pbe_d3bj.csv
1488,0,-8.400189335782255,reference,DaRUS-4999/direct_upsampling_data_rungs_1-3/thermodynamic_properties/quartz_beta_pbe_d3bj.csv
1489,0,-8.40070117116908,reference,DaRUS-4999/direct_upsampling_data_rungs_1-3/thermodynamic_properties/quartz_beta_pbe_d3bj.csv
1490,0,-8.401213178202893,reference,DaRUS-4999/direct_upsampling_data_rungs_1-3/thermodynamic_properties/quartz_beta_pbe_d3bj.csv
1491,0,-8.401725356774561,reference,DaRUS-4999/direct_upsampling_data_rungs_1-3/thermodynamic_properties/quartz_beta_pbe_d3bj.csv
1492,0,-8.402237706777779,reference,DaRUS-4999/direct_upsampling_data_rungs_1-3/thermodynamic_properties/quartz_beta_pbe_d3bj.csv
1493,0,-8.402750228105644,reference,DaRUS-4999/direct_upsampling_data_rungs_1-3/thermodynamic_properties/quartz_beta_pbe_d3bj.csv
1494,0,-8.403262920651017,reference,DaRUS-4999/direct_upsampling_data_rungs_1-3/thermodynamic_properties/quartz_beta_pbe_d3bj.csv
1495,0,-8.403775784305946,reference,DaRUS-4999/direct_upsampling_data_rungs_1-3/thermodynamic_properties/quartz_beta_pbe_d3bj.csv
1496,0,-8.404288818965407,reference,DaRUS-4999/direct_upsampling_data_rungs_1-3/thermodynamic_properties/quartz_beta_pbe_d3bj.csv
1497,0,-8.404802024521189,reference,DaRUS-4999/direct_upsampling_data_rungs_1-3/thermodynamic_properties/quartz_beta_pbe_d3bj.csv
1498,0,-8.405315400868604,reference,DaRUS-4999/direct_upsampling_data_rungs_1-3/thermodynamic_properties/quartz_beta_pbe_d3bj.csv
1499,0,-8.405828947899856,reference,DaRUS-4999/direct_upsampling_data_rungs_1-3/thermodynamic_properties/quartz_beta_pbe_d3bj.csv
1500,0,-8.406342665509317,reference,DaRUS-4999/direct_upsampling_data_rungs_1-3/thermodynamic_properties/quartz_beta_pbe_d3bj.csv
1501,0,-8.406856553590194,reference,DaRUS-4999/direct_upsampling_data_rungs_1-3/thermodynamic_properties/quartz_beta_pbe_d3bj.csv
1502,0,-8.407370612037472,reference,DaRUS-4999/direct_upsampling_data_rungs_1-3/thermodynamic_properties/quartz_beta_pbe_d3bj.csv
1503,0,-8.407884840744876,reference,DaRUS-4999/direct_upsampling_data_rungs_1-3/thermodynamic_properties/quartz_beta_pbe_d3bj.csv
1504,0,-8.408399239607336,reference,DaRUS-4999/direct_upsampling_data_rungs_1-3/thermodynamic_properties/quartz_beta_pbe_d3bj.csv
1505,0,-8.408913808518047,reference,DaRUS-4999/direct_upsampling_data_rungs_1-3/thermodynamic_properties/quartz_beta_pbe_d3bj.csv
1506,0,-8.40942854737253,reference,DaRUS-4999/direct_upsampling_data_rungs_1-3/thermodynamic_properties/quartz_beta_pbe_d3bj.csv
1507,0,-8.409943456065781,reference,DaRUS-4999/direct_upsampling_data_rungs_1-3/thermodynamic_properties/quartz_beta_pbe_d3bj.csv
1508,0,-8.410458534491617,reference,DaRUS-4999/direct_upsampling_data_rungs_1-3/thermodynamic_properties/quartz_beta_pbe_d3bj.csv
1509,0,-8.410973782545781,reference,DaRUS-4999/direct_upsampling_data_rungs_1-3/thermodynamic_properties/quartz_beta_pbe_d3bj.csv
1510,0,-8.411489200122839,reference,DaRUS-4999/direct_upsampling_data_rungs_1-3/thermodynamic_properties/quartz_beta_pbe_d3bj.csv
1511,0,-8.412004787117828,reference,DaRUS-4999/direct_upsampling_data_rungs_1-3/thermodynamic_properties/quartz_beta_pbe_d3bj.csv
1512,0,-8.412520543426869,reference,DaRUS-4999/direct_upsampling_data_rungs_1-3/thermodynamic_properties/quartz_beta_pbe_d3bj.csv
1513,0,-8.413036468945311,reference,DaRUS-4999/direct_upsampling_data_rungs_1-3/thermodynamic_properties/quartz_beta_pbe_d3bj.csv
1514,0,-8.413552563568256,reference,DaRUS-4999/direct_upsampling_data_rungs_1-3/thermodynamic_properties/quartz_beta_pbe_d3bj.csv
1515,0,-8.414068827191606,reference,DaRUS-4999/direct_upsampling_data_rungs_1-3/thermodynamic_properties/quartz_beta_pbe_d3bj.csv
1516,0,-8.414585259710934,reference,DaRUS-4999/direct_upsampling_data_rungs_1-3/thermodynamic_properties/quartz_beta_pbe_d3bj.csv
1517,0,-8.415101861022892,reference,DaRUS-4999/direct_upsampling_data_rungs_1-3/thermodynamic_properties/quartz_beta_pbe_d3bj.csv
1518,0,-8.415618631023344,reference,DaRUS-4999/direct_upsampling_data_rungs_1-3/thermodynamic_properties/quartz_beta_pbe_d3bj.csv
1519,0,-8.416135569608134,reference,DaRUS-4999/direct_upsampling_data_rungs_1-3/thermodynamic_properties/quartz_beta_pbe_d3bj.csv
1520,0,-8.416652676674071,reference,DaRUS-4999/direct_upsampling_data_rungs_1-3/thermodynamic_properties/quartz_beta_pbe_d3bj.csv
1521,0,-8.417169952116975,reference,DaRUS-4999/direct_upsampling_data_rungs_1-3/thermodynamic_properties/quartz_beta_pbe_d3bj.csv
1522,0,-8.417687395834442,reference,DaRUS-4999/direct_upsampling_data_rungs_1-3/thermodynamic_properties/quartz_beta_pbe_d3bj.csv
1523,0,-8.418205007722381,reference,DaRUS-4999/direct_upsampling_data_rungs_1-3/thermodynamic_properties/quartz_beta_pbe_d3bj.csv
1524,0,-8.418722787678448,reference,DaRUS-4999/direct_upsampling_data_rungs_1-3/thermodynamic_properties/quartz_beta_pbe_d3bj.csv
1525,0,-8.419240735598278,reference,DaRUS-4999/direct_upsampling_data_rungs_1-3/thermodynamic_properties/quartz_beta_pbe_d3bj.csv
1526,0,-8.419758851380269,reference,DaRUS-4999/direct_upsampling_data_rungs_1-3/thermodynamic_properties/quartz_beta_pbe_d3bj.csv
1527,0,-8.42027713492088,reference,DaRUS-4999/direct_upsampling_data_rungs_1-3/thermodynamic_properties/quartz_beta_pbe_d3bj.csv
1528,0,-8.420795586118174,reference,DaRUS-4999/direct_upsampling_data_rungs_1-3/thermodynamic_properties/quartz_beta_pbe_d3bj.csv
1529,0,-8.421314204868882,reference,DaRUS-4999/direct_upsampling_data_rungs_1-3/thermodynamic_properties/quartz_beta_pbe_d3bj.csv
1530,0,-8.421832991071357,reference,DaRUS-4999/direct_upsampling_data_rungs_1-3/thermodynamic_properties/quartz_beta_pbe_d3bj.csv
1531,0,-8.422351944622475,reference,DaRUS-4999/direct_upsampling_data_rungs_1-3/thermodynamic_properties/quartz_beta_pbe_d3bj.csv
1532,0,-8.422871065421223,reference,DaRUS-4999/direct_upsampling_data_rungs_1-3/thermodynamic_properties/quartz_beta_pbe_d3bj.csv
1533,0,-8.423390353364194,reference,DaRUS-4999/direct_upsampling_data_rungs_1-3/thermodynamic_properties/quartz_beta_pbe_d3bj.csv
1534,0,-8.423909808350492,reference,DaRUS-4999/direct_upsampling_data_rungs_1-3/thermodynamic_properties/quartz_beta_pbe_d3bj.csv
1535,0,-8.424429430277838,reference,DaRUS-4999/direct_upsampling_data_rungs_1-3/thermodynamic_properties/quartz_beta_pbe_d3bj.csv
1536,0,-8.42494921904505,reference,DaRUS-4999/direct_upsampling_data_rungs_1-3/thermodynamic_properties/quartz_beta_pbe_d3bj.csv
1537,0,-8.425469174550194,reference,DaRUS-4999/direct_upsampling_data_rungs_1-3/thermodynamic_properties/quartz_beta_pbe_d3bj.csv
1538,0,-8.425989296691579,reference,DaRUS-4999/direct_upsampling_data_rungs_1-3/thermodynamic_properties/quartz_beta_pbe_d3bj.csv
1539,0,-8.426509585369265,reference,DaRUS-4999/direct_upsampling_data_rungs_1-3/thermodynamic_properties/quartz_beta_pbe_d3bj.csv
1540,0,-8.427030040479933,reference,DaRUS-4999/direct_upsampling_data_rungs_1-3/thermodynamic_properties/quartz_beta_pbe_d3bj.csv
1541,0,-8.427550661924073,reference,DaRUS-4999/direct_upsampling_data_rungs_1-3/thermodynamic_properties/quartz_beta_pbe_d3bj.csv
1542,0,-8.428071449600353,reference,DaRUS-4999/direct_upsampling_data_rungs_1-3/thermodynamic_properties/quartz_beta_pbe_d3bj.csv
1543,0,-8.428592403408594,reference,DaRUS-4999/direct_upsampling_data_rungs_1-3/thermodynamic_properties/quartz_beta_pbe_d3bj.csv
1544,0,-8.429113523246803,reference,DaRUS-4999/direct_upsampling_data_rungs_1-3/thermodynamic_properties/quartz_beta_pbe_d3bj.csv
1545,0,-8.42963480901555,reference,DaRUS-4999/direct_upsampling_data_rungs_1-3/thermodynamic_properties/quartz_beta_pbe_d3bj.csv
1546,0,-8.430156260614215,reference,DaRUS-4999/direct_upsampling_data_rungs_1-3/thermodynamic_properties/quartz_beta_pbe_d3bj.csv
1547,0,-8.430677877941521,reference,DaRUS-4999/direct_upsampling_data_rungs_1-3/thermodynamic_properties/quartz_beta_pbe_d3bj.csv
1548,0,-8.431199660898248,reference,DaRUS-4999/direct_upsampling_data_rungs_1-3/thermodynamic_properties/quartz_beta_pbe_d3bj.csv
1549,0,-8.431721609384081,reference,DaRUS-4999/direct_upsampling_data_rungs_1-3/thermodynamic_properties/quartz_beta_pbe_d3bj.csv
1550,0,-8.43224372329882,reference,DaRUS-4999/direct_upsampling_data_rungs_1-3/thermodynamic_properties/quartz_beta_pbe_d3bj.csv
1551,0,-8.432766002543291,reference,DaRUS-4999/direct_upsampling_data_rungs_1-3/thermodynamic_properties/quartz_beta_pbe_d3bj.csv
1552,0,-8.433288447017251,reference,DaRUS-4999/direct_upsampling_data_rungs_1-3/thermodynamic_properties/quartz_beta_pbe_d3bj.csv
1553,0,-8.433811056620518,reference,DaRUS-4999/direct_upsampling_data_rungs_1-3/thermodynamic_properties/quartz_beta_pbe_d3bj.csv
1554,0,-8.434333831254239,reference,DaRUS-4999/direct_upsampling_data_rungs_1-3/thermodynamic_properties/quartz_beta_pbe_d3bj.csv
1555,0,-8.434856770819641,reference,DaRUS-4999/direct_upsampling_data_rungs_1-3/thermodynamic_properties/quartz_beta_pbe_d3bj.csv
1556,0,-8.435379875216727,reference,DaRUS-4999/direct_upsampling_data_rungs_1-3/thermodynamic_properties/quartz_beta_pbe_d3bj.csv
1557,0,-8.435903144346645,reference,DaRUS-4999/direct_upsampling_data_rungs_1-3/thermodynamic_properties/quartz_beta_pbe_d3bj.csv
1558,0,-8.436426578109751,reference,DaRUS-4999/direct_upsampling_data_rungs_1-3/thermodynamic_properties/quartz_beta_pbe_d3bj.csv
1559,0,-8.436950176407032,reference,DaRUS-4999/direct_upsampling_data_rungs_1-3/thermodynamic_properties/quartz_beta_pbe_d3bj.csv
1560,0,-8.437473939141171,reference,DaRUS-4999/direct_upsampling_data_rungs_1-3/thermodynamic_properties/quartz_beta_pbe_d3bj.csv
1561,0,-8.43799786621315,reference,DaRUS-4999/direct_upsampling_data_rungs_1-3/thermodynamic_properties/quartz_beta_pbe_d3bj.csv
1562,0,-8.438521957522713,reference,DaRUS-4999/direct_upsampling_data_rungs_1-3/thermodynamic_properties/quartz_beta_pbe_d3bj.csv
1563,0,-8.439046212973034,reference,DaRUS-4999/direct_upsampling_data_rungs_1-3/thermodynamic_properties/quartz_beta_pbe_d3bj.csv
1564,0,-8.439570632465374,reference,DaRUS-4999/direct_upsampling_data_rungs_1-3/thermodynamic_properties/quartz_beta_pbe_d3bj.csv
1565,0,-8.440095215901714,reference,DaRUS-4999/direct_upsampling_data_rungs_1-3/thermodynamic_properties/quartz_beta_pbe_d3bj.csv
1566,0,-8.440619963183844,reference,DaRUS-4999/direct_upsampling_data_rungs_1-3/thermodynamic_properties/quartz_beta_pbe_d3bj.csv
1567,0,-8.441144874213135,reference,DaRUS-4999/direct_upsampling_data_rungs_1-3/thermodynamic_properties/quartz_beta_pbe_d3bj.csv
1568,0,-8.441669948893034,reference,DaRUS-4999/direct_upsampling_data_rungs_1-3/thermodynamic_properties/quartz_beta_pbe_d3bj.csv
1569,0,-8.442195187124765,reference,DaRUS-4999/direct_upsampling_data_rungs_1-3/thermodynamic_properties/quartz_beta_pbe_d3bj.csv
1570,0,-8.44272058881168,reference,DaRUS-4999/direct_upsampling_data_rungs_1-3/thermodynamic_properties/quartz_beta_pbe_d3bj.csv
1571,0,-8.443246153855208,reference,DaRUS-4999/direct_upsampling_data_rungs_1-3/thermodynamic_properties/quartz_beta_pbe_d3bj.csv
1572,0,-8.443771882158604,reference,DaRUS-4999/direct_upsampling_data_rungs_1-3/thermodynamic_properties/quartz_beta_pbe_d3bj.csv
1573,0,-8.444297773624434,reference,DaRUS-4999/direct_upsampling_data_rungs_1-3/thermodynamic_properties/quartz_beta_pbe_d3bj.csv
1574,0,-8.444823828155045,reference,DaRUS-4999/direct_upsampling_data_rungs_1-3/thermodynamic_properties/quartz_beta_pbe_d3bj.csv
1575,0,-8.445350045654529,reference,DaRUS-4999/direct_upsampling_data_rungs_1-3/thermodynamic_properties/quartz_beta_pbe_d3bj.csv
1576,0,-8.445876426024698,reference,DaRUS-4999/direct_upsampling_data_rungs_1-3/thermodynamic_properties/quartz_beta_pbe_d3bj.csv
1577,0,-8.446402969169711,reference,DaRUS-4999/direct_upsampling_data_rungs_1-3/thermodynamic_properties/quartz_beta_pbe_d3bj.csv
1578,0,-8.446929674992585,reference,DaRUS-4999/direct_upsampling_data_rungs_1-3/thermodynamic_properties/quartz_beta_pbe_d3bj.csv
1579,0,-8.447456543396795,reference,DaRUS-4999/direct_upsampling_data_rungs_1-3/thermodynamic_properties/quartz_beta_pbe_d3bj.csv
1580,0,-8.447983574285495,reference,DaRUS-4999/direct_upsampling_data_rungs_1-3/thermodynamic_properties/quartz_beta_pbe_d3bj.csv
1581,0,-8.448510767562922,reference,DaRUS-4999/direct_upsampling_data_rungs_1-3/thermodynamic_properties/quartz_beta_pbe_d3bj.csv
1582,0,-8.449038123131794,reference,DaRUS-4999/direct_upsampling_data_rungs_1-3/thermodynamic_properties/quartz_beta_pbe_d3bj.csv
1583,0,-8.449565640897461,reference,DaRUS-4999/direct_upsampling_data_rungs_1-3/thermodynamic_properties/quartz_beta_pbe_d3bj.csv
1584,0,-8.45009332076279,reference,DaRUS-4999/direct_upsampling_data_rungs_1-3/thermodynamic_properties/quartz_beta_pbe_d3bj.csv
1585,0,-8.450621162631878,reference,DaRUS-4999/direct_upsampling_data_rungs_1-3/thermodynamic_properties/quartz_beta_pbe_d3bj.csv
1586,0,-8.451149166409495,reference,DaRUS-4999/direct_upsampling_data_rungs_1-3/thermodynamic_properties/quartz_beta_pbe_d3bj.csv
1587,0,-8.451677332000123,reference,DaRUS-4999/direct_upsampling_data_rungs_1-3/thermodynamic_properties/quartz_beta_pbe_d3bj.csv
1588,0,-8.45220565930728,reference,DaRUS-4999/direct_upsampling_data_rungs_1-3/thermodynamic_properties/quartz_beta_pbe_d3bj.csv
1589,0,-8.452734148236146,reference,DaRUS-4999/direct_upsampling_data_rungs_1-3/thermodynamic_properties/quartz_beta_pbe_d3bj.csv
1590,0,-8.453262798691343,reference,DaRUS-4999/direct_upsampling_data_rungs_1-3/thermodynamic_properties/quartz_beta_pbe_d3bj.csv
1591,0,-8.453791610577419,reference,DaRUS-4999/direct_upsampling_data_rungs_1-3/thermodynamic_properties/quartz_beta_pbe_d3bj.csv
1592,0,-8.454320583799786,reference,DaRUS-4999/direct_upsampling_data_rungs_1-3/thermodynamic_properties/quartz_beta_pbe_d3bj.csv
1593,0,-8.454849718262356,reference,DaRUS-4999/direct_upsampling_data_rungs_1-3/thermodynamic_properties/quartz_beta_pbe_d3bj.csv
1594,0,-8.455379013871188,reference,DaRUS-4999/direct_upsampling_data_rungs_1-3/thermodynamic_properties/quartz_beta_pbe_d3bj.csv
1595,0,-8.455908470531368,reference,DaRUS-4999/direct_upsampling_data_rungs_1-3/thermodynamic_properties/quartz_beta_pbe_d3bj.csv
1596,0,-8.456438088147641,reference,DaRUS-4999/direct_upsampling_data_rungs_1-3/thermodynamic_properties/quartz_beta_pbe_d3bj.csv
1597,0,-8.456967866625797,reference,DaRUS-4999/direct_upsampling_data_rungs_1-3/thermodynamic_properties/quartz_beta_pbe_d3bj.csv
1598,0,-8.457497805871856,reference,DaRUS-4999/direct_upsampling_data_rungs_1-3/thermodynamic_properties/quartz_beta_pbe_d3bj.csv
1599,0,-8.458027905790541,reference,DaRUS-4999/direct_upsampling_data_rungs_1-3/thermodynamic_properties/quartz_beta_pbe_d3bj.csv
1600,0,-8.458558166288814,reference,DaRUS-4999/direct_upsampling_data_rungs_1-3/thermodynamic_properties/quartz_beta_pbe_d3bj.csv
1601,0,-8.459088587270868,reference,DaRUS-4999/direct_upsampling_data_rungs_1-3/thermodynamic_properties/quartz_beta_pbe_d3bj.csv
1602,0,-8.45961916864448,reference,DaRUS-4999/direct_upsampling_data_rungs_1-3/thermodynamic_properties/quartz_beta_pbe_d3bj.csv
1603,0,-8.460149910314289,reference,DaRUS-4999/direct_upsampling_data_rungs_1-3/thermodynamic_properties/quartz_beta_pbe_d3bj.csv
1604,0,-8.46068081218726,reference,DaRUS-4999/direct_upsampling_data_rungs_1-3/thermodynamic_properties/quartz_beta_pbe_d3bj.csv
1605,0,-8.461211874169772,reference,DaRUS-4999/direct_upsampling_data_rungs_1-3/thermodynamic_properties/quartz_beta_pbe_d3bj.csv
1606,0,-8.46174309616765,reference,DaRUS-4999/direct_upsampling_data_rungs_1-3/thermodynamic_properties/quartz_beta_pbe_d3bj.csv
1607,0,-8.462274478088251,reference,DaRUS-4999/direct_upsampling_data_rungs_1-3/thermodynamic_properties/quartz_beta_pbe_d3bj.csv
1608,0,-8.462806019837217,reference,DaRUS-4999/direct_upsampling_data_rungs_1-3/thermodynamic_properties/quartz_beta_pbe_d3bj.csv
1609,0,-8.463337721321661,reference,DaRUS-4999/direct_upsampling_data_rungs_1-3/thermodynamic_properties/quartz_beta_pbe_d3bj.csv
1610,0,-8.463869582449174,reference,DaRUS-4999/direct_upsampling_data_rungs_1-3/thermodynamic_properties/quartz_beta_pbe_d3bj.csv
1611,0,-8.46440160312571,reference,DaRUS-4999/direct_upsampling_data_rungs_1-3/thermodynamic_properties/quartz_beta_pbe_d3bj.csv
1612,0,-8.464933783259013,reference,DaRUS-4999/direct_upsampling_data_rungs_1-3/thermodynamic_properties/quartz_beta_pbe_d3bj.csv
1613,0,-8.465466122755618,reference,DaRUS-4999/direct_upsampling_data_rungs_1-3/thermodynamic_properties/quartz_beta_pbe_d3bj.csv
1614,0,-8.46599862152355,reference,DaRUS-4999/direct_upsampling_data_rungs_1-3/thermodynamic_properties/quartz_beta_pbe_d3bj.csv
1615,0,-8.466531279468711,reference,DaRUS-4999/direct_upsampling_data_rungs_1-3/thermodynamic_properties/quartz_beta_pbe_d3bj.csv
1616,0,-8.467064096500916,reference,DaRUS-4999/direct_upsampling_data_rungs_1-3/thermodynamic_properties/quartz_beta_pbe_d3bj.csv
1617,0,-8.467597072525651,reference,DaRUS-4999/direct_upsampling_data_rungs_1-3/thermodynamic_properties/quartz_beta_pbe_d3bj.csv
1618,0,-8.468130207451591,reference,DaRUS-4999/direct_upsampling_data_rungs_1-3/thermodynamic_properties/quartz_beta_pbe_d3bj.csv
1619,0,-8.468663501187143,reference,DaRUS-4999/direct_upsampling_data_rungs_1-3/thermodynamic_properties/quartz_beta_pbe_d3bj.csv
1620,0,-8.46919695363912,reference,DaRUS-4999/direct_upsampling_data_rungs_1-3/thermodynamic_properties/quartz_beta_pbe_d3bj.csv
1621,0,-8.469730564716183,reference,DaRUS-4999/direct_upsampling_data_rungs_1-3/thermodynamic_properties/quartz_beta_pbe_d3bj.csv
1622,0,-8.47026433432568,reference,DaRUS-4999/direct_upsampling_data_rungs_1-3/thermodynamic_properties/quartz_beta_pbe_d3bj.csv
1623,0,-8.470798262376601,reference,DaRUS-4999/direct_upsampling_data_rungs_1-3/thermodynamic_properties/quartz_beta_pbe_d3bj.csv
1624,0,-8.471332348777166,reference,DaRUS-4999/direct_upsampling_data_rungs_1-3/thermodynamic_properties/quartz_beta_pbe_d3bj.csv
1625,0,-8.471866593435431,reference,DaRUS-4999/direct_upsampling_data_rungs_1-3/thermodynamic_properties/quartz_beta_pbe_d3bj.csv
1626,0,-8.47240099626084,reference,DaRUS-4999/direct_upsampling_data_rungs_1-3/thermodynamic_properties/quartz_beta_pbe_d3bj.csv
1627,0,-8.472935557160609,reference,DaRUS-4999/direct_upsampling_data_rungs_1-3/thermodynamic_properties/quartz_beta_pbe_d3bj.csv
1628,0,-8.473470276045058,reference,DaRUS-4999/direct_upsampling_data_rungs_1-3/thermodynamic_properties/quartz_beta_pbe_d3bj.csv
1629,0,-8.474005152821904,reference,DaRUS-4999/direct_upsampling_data_rungs_1-3/thermodynamic_properties/quartz_beta_pbe_d3bj.csv
1630,0,-8.474540187400409,reference,DaRUS-4999/direct_upsampling_data_rungs_1-3/thermodynamic_properties/quartz_beta_pbe_d3bj.csv
1631,0,-8.475075379690258,reference,DaRUS-4999/direct_upsampling_data_rungs_1-3/thermodynamic_properties/quartz_beta_pbe_d3bj.csv
1632,0,-8.475610729599982,reference,DaRUS-4999/direct_upsampling_data_rungs_1-3/thermodynamic_properties/quartz_beta_pbe_d3bj.csv
1633,0,-8.476146237038909,reference,DaRUS-4999/direct_upsampling_data_rungs_1-3/thermodynamic_properties/quartz_beta_pbe_d3bj.csv
1634,0,-8.47668190191661,reference,DaRUS-4999/direct_upsampling_data_rungs_1-3/thermodynamic_properties/quartz_beta_pbe_d3bj.csv
1635,0,-8.477217724141916,reference,DaRUS-4999/direct_upsampling_data_rungs_1-3/thermodynamic_properties/quartz_beta_pbe_d3bj.csv
1636,0,-8.477753703625707,reference,DaRUS-4999/direct_upsampling_data_rungs_1-3/thermodynamic_properties/quartz_beta_pbe_d3bj.csv
1637,0,-8.478289840276556,reference,DaRUS-4999/direct_upsampling_data_rungs_1-3/thermodynamic_properties/quartz_beta_pbe_d3bj.csv
1638,0,-8.478826134005047,reference,DaRUS-4999/direct_upsampling_data_rungs_1-3/thermodynamic_properties/quartz_beta_pbe_d3bj.csv
1639,0,-8.479362584720432,reference,DaRUS-4999/direct_upsampling_data_rungs_1-3/thermodynamic_properties/quartz_beta_pbe_d3bj.csv
1640,0,-8.479899192333439,reference,DaRUS-4999/direct_upsampling_data_rungs_1-3/thermodynamic_properties/quartz_beta_pbe_d3bj.csv
1641,0,-8.480435956753272,reference,DaRUS-4999/direct_upsampling_data_rungs_1-3/thermodynamic_properties/quartz_beta_pbe_d3bj.csv
1642,0,-8.480972877890002,reference,DaRUS-4999/direct_upsampling_data_rungs_1-3/thermodynamic_properties/quartz_beta_pbe_d3bj.csv
1643,0,-8.481509955655349,reference,DaRUS-4999/direct_upsampling_data_rungs_1-3/thermodynamic_properties/quartz_beta_pbe_d3bj.csv
1644,0,-8.48204718995891,reference,DaRUS-4999/direct_upsampling_data_rungs_1-3/thermodynamic_properties/quartz_beta_pbe_d3bj.csv
1645,0,-8.482584580710464,reference,DaRUS-4999/direct_upsampling_data_rungs_1-3/thermodynamic_properties/quartz_beta_pbe_d3bj.csv
1646,0,-8.48312212782205,reference,DaRUS-4999/direct_upsampling_data_rungs_1-3/thermodynamic_properties/quartz_beta_pbe_d3bj.csv
1647,0,-8.483659831202965,reference,DaRUS-4999/direct_upsampling_data_rungs_1-3/thermodynamic_properties/quartz_beta_pbe_d3bj.csv
1648,0,-8.48419769076569,reference,DaRUS-4999/direct_upsampling_data_rungs_1-3/thermodynamic_properties/quartz_beta_pbe_d3bj.csv
1649,0,-8.484735706419359,reference,DaRUS-4999/direct_upsampling_data_rungs_1-3/thermodynamic_properties/quartz_beta_pbe_d3bj.csv
1650,0,-8.485273878075544,reference,DaRUS-4999/direct_upsampling_data_rungs_1-3/thermodynamic_properties/quartz_beta_pbe_d3bj.csv
1651,0,-8.485812205645955,reference,DaRUS-4999/direct_upsampling_data_rungs_1-3/thermodynamic_properties/quartz_beta_pbe_d3bj.csv
1652,0,-8.486350689042153,reference,DaRUS-4999/direct_upsampling_data_rungs_1-3/thermodynamic_properties/quartz_beta_pbe_d3bj.csv
1653,0,-8.486889328174017,reference,DaRUS-4999/direct_upsampling_data_rungs_1-3/thermodynamic_properties/quartz_beta_pbe_d3bj.csv
1654,0,-8.487428122953679,reference,DaRUS-4999/direct_upsampling_data_rungs_1-3/thermodynamic_properties/quartz_beta_pbe_d3bj.csv
1655,0,-8.4879670732932,reference,DaRUS-4999/direct_upsampling_data_rungs_1-3/thermodynamic_properties/quartz_beta_pbe_d3bj.csv
1656,0,-8.488506179103755,reference,DaRUS-4999/direct_upsampling_data_rungs_1-3/thermodynamic_properties/quartz_beta_pbe_d3bj.csv
1657,0,-8.489045440296808,reference,DaRUS-4999/direct_upsampling_data_rungs_1-3/thermodynamic_properties/quartz_beta_pbe_d3bj.csv
1658,0,-8.489584856784175,reference,DaRUS-4999/direct_upsampling_data_rungs_1-3/thermodynamic_properties/quartz_beta_pbe_d3bj.csv
1659,0,-8.490124428478614,reference,DaRUS-4999/direct_upsampling_data_rungs_1-3/thermodynamic_properties/quartz_beta_pbe_d3bj.csv
1660,0,-8.490664155290739,reference,DaRUS-4999/direct_upsampling_data_rungs_1-3/thermodynamic_properties/quartz_beta_pbe_d3bj.csv
1661,0,-8.491204037133624,reference,DaRUS-4999/direct_upsampling_data_rungs_1-3/thermodynamic_properties/quartz_beta_pbe_d3bj.csv
1662,0,-8.491744073919953,reference,DaRUS-4999/direct_upsampling_data_rungs_1-3/thermodynamic_properties/quartz_beta_pbe_d3bj.csv
1663,0,-8.492284265560887,reference,DaRUS-4999/direct_upsampling_data_rungs_1-3/thermodynamic_properties/quartz_beta_pbe_d3bj.csv
1664,0,-8.492824611969631,reference,DaRUS-4999/direct_upsampling_data_rungs_1-3/thermodynamic_properties/quartz_beta_pbe_d3bj.csv
1665,0,-8.493365113058214,reference,DaRUS-4999/direct_upsampling_data_rungs_1-3/thermodynamic_properties/quartz_beta_pbe_d3bj.csv
1666,0,-8.493905768739149,reference,DaRUS-4999/direct_upsampling_data_rungs_1-3/thermodynamic_properties/quartz_beta_pbe_d3bj.csv
1667,0,-8.494446578926171,reference,DaRUS-4999/direct_upsampling_data_rungs_1-3/thermodynamic_properties/quartz_beta_pbe_d3bj.csv
1668,0,-8.494987543530417,reference,DaRUS-4999/direct_upsampling_data_rungs_1-3/thermodynamic_properties/quartz_beta_pbe_d3bj.csv
1669,0,-8.49552866246629,reference,DaRUS-4999/direct_upsampling_data_rungs_1-3/thermodynamic_properties/quartz_beta_pbe_d3bj.csv
1670,0,-8.496069935646453,reference,DaRUS-4999/direct_upsampling_data_rungs_1-3/thermodynamic_properties/quartz_beta_pbe_d3bj.csv
1671,0,-8.496611362983703,reference,DaRUS-4999/direct_upsampling_data_rungs_1-3/thermodynamic_properties/quartz_beta_pbe_d3bj.csv
1672,0,-8.497152944390944,reference,DaRUS-4999/direct_upsampling_data_rungs_1-3/thermodynamic_properties/quartz_beta_pbe_d3bj.csv
1673,0,-8.497694679782271,reference,DaRUS-4999/direct_upsampling_data_rungs_1-3/thermodynamic_properties/quartz_beta_pbe_d3bj.csv
1674,0,-8.498236569070855,reference,DaRUS-4999/direct_upsampling_data_rungs_1-3/thermodynamic_properties/quartz_beta_pbe_d3bj.csv
1675,0,-8.498778612169781,reference,DaRUS-4999/direct_upsampling_data_rungs_1-3/thermodynamic_properties/quartz_beta_pbe_d3bj.csv
1676,0,-8.499320808991838,reference,DaRUS-4999/direct_upsampling_data_rungs_1-3/thermodynamic_properties/quartz_beta_pbe_d3bj.csv
1677,0,-8.499863159453028,reference,DaRUS-4999/direct_upsampling_data_rungs_1-3/thermodynamic_properties/quartz_beta_pbe_d3bj.csv
1678,0,-8.500405663465594,reference,DaRUS-4999/direct_upsampling_data_rungs_1-3/thermodynamic_properties/quartz_beta_pbe_d3bj.csv
1679,0,-8.500948320943177,reference,DaRUS-4999/direct_upsampling_data_rungs_1-3/thermodynamic_properties/quartz_beta_pbe_d3bj.csv
1680,0,-8.501491131800448,reference,DaRUS-4999/direct_upsampling_data_rungs_1-3/thermodynamic_properties/quartz_beta_pbe_d3bj.csv
1681,0,-8.502034095950975,reference,DaRUS-4999/direct_upsampling_data_rungs_1-3/thermodynamic_properties/quartz_beta_pbe_d3bj.csv
1682,0,-8.502577213309575,reference,DaRUS-4999/direct_upsampling_data_rungs_1-3/thermodynamic_properties/quartz_beta_pbe_d3bj.csv
1683,0,-8.503120483790431,reference,DaRUS-4999/direct_upsampling_data_rungs_1-3/thermodynamic_properties/quartz_beta_pbe_d3bj.csv
1684,0,-8.503663907306954,reference,DaRUS-4999/direct_upsampling_data_rungs_1-3/thermodynamic_properties/quartz_beta_pbe_d3bj.csv
1685,0,-8.50420748377408,reference,DaRUS-4999/direct_upsampling_data_rungs_1-3/thermodynamic_properties/quartz_beta_pbe_d3bj.csv
1686,0,-8.504751213106692,reference,DaRUS-4999/direct_upsampling_data_rungs_1-3/thermodynamic_properties/quartz_beta_pbe_d3bj.csv
1687,0,-8.505295095219127,reference,DaRUS-4999/direct_upsampling_data_rungs_1-3/thermodynamic_properties/quartz_beta_pbe_d3bj.csv
1688,0,-8.505839130026562,reference,DaRUS-4999/direct_upsampling_data_rungs_1-3/thermodynamic_properties/quartz_beta_pbe_d3bj.csv
1689,0,-8.506383317443213,reference,DaRUS-4999/direct_upsampling_data_rungs_1-3/thermodynamic_properties/quartz_beta_pbe_d3bj.csv
1690,0,-8.506927657383835,reference,DaRUS-4999/direct_upsampling_data_rungs_1-3/thermodynamic_properties/quartz_beta_pbe_d3bj.csv
1691,0,-8.507472149764558,reference,DaRUS-4999/direct_upsampling_data_rungs_1-3/thermodynamic_properties/quartz_beta_pbe_d3bj.csv
1692,0,-8.508016794499358,reference,DaRUS-4999/direct_upsampling_data_rungs_1-3/thermodynamic_properties/quartz_beta_pbe_d3bj.csv
1693,0,-8.508561591504261,reference,DaRUS-4999/direct_upsampling_data_rungs_1-3/thermodynamic_properties/quartz_beta_pbe_d3bj.csv
1694,0,-8.509106540693798,reference,DaRUS-4999/direct_upsampling_data_rungs_1-3/thermodynamic_properties/quartz_beta_pbe_d3bj.csv
1695,0,-8.50965164198357,reference,DaRUS-4999/direct_upsampling_data_rungs_1-3/thermodynamic_properties/quartz_beta_pbe_d3bj.csv
1696,0,-8.510196895289878,reference,DaRUS-4999/direct_upsampling_data_rungs_1-3/thermodynamic_properties/quartz_beta_pbe_d3bj.csv
1697,0,-8.510742300527715,reference,DaRUS-4999/direct_upsampling_data_rungs_1-3/thermodynamic_properties/quartz_beta_pbe_d3bj.csv
1698,0,-8.511287857612185,reference,DaRUS-4999/direct_upsampling_data_rungs_1-3/thermodynamic_properties/quartz_beta_pbe_d3bj.csv
1699,0,-8.511833566459512,reference,DaRUS-4999/direct_upsampling_data_rungs_1-3/thermodynamic_properties/quartz_beta_pbe_d3bj.csv
1700,0,-8.512379426985936,reference,DaRUS-4999/direct_upsampling_data_rungs_1-3/thermodynamic_properties/quartz_beta_pbe_d3bj.csv
1701,0,-8.512925439107086,reference,DaRUS-4999/direct_upsampling_data_rungs_1-3/thermodynamic_properties/quartz_beta_pbe_d3bj.csv
1702,0,-8.513471602738697,reference,DaRUS-4999/direct_upsampling_data_rungs_1-3/thermodynamic_properties/quartz_beta_pbe_d3bj.csv
1703,0,-8.514017917797357,reference,DaRUS-4999/direct_upsampling_data_rungs_1-3/thermodynamic_properties/quartz_beta_pbe_d3bj.csv
1704,0,-8.514564384199248,reference,DaRUS-4999/direct_upsampling_data_rungs_1-3/thermodynamic_properties/quartz_beta_pbe_d3bj.csv
1705,0,-8.515111001860435,reference,DaRUS-4999/direct_upsampling_data_rungs_1-3/thermodynamic_properties/quartz_beta_pbe_d3bj.csv
1706,0,-8.515657770697461,reference,DaRUS-4999/direct_upsampling_data_rungs_1-3/thermodynamic_properties/quartz_beta_pbe_d3bj.csv
1707,0,-8.516204690627355,reference,DaRUS-4999/direct_upsampling_data_rungs_1-3/thermodynamic_properties/quartz_beta_pbe_d3bj.csv
1708,0,-8.516751761565763,reference,DaRUS-4999/direct_upsampling_data_rungs_1-3/thermodynamic_properties/quartz_beta_pbe_d3bj.csv
1709,0,-8.517298983430097,reference,DaRUS-4999/direct_upsampling_data_rungs_1-3/thermodynamic_properties/quartz_beta_pbe_d3bj.csv
1710,0,-8.517846356136603,reference,DaRUS-4999/direct_upsampling_data_rungs_1-3/thermodynamic_properties/quartz_beta_pbe_d3bj.csv
1711,0,-8.518393879602536,reference,DaRUS-4999/direct_upsampling_data_rungs_1-3/thermodynamic_properties/quartz_beta_pbe_d3bj.csv
1712,0,-8.51894155374476,reference,DaRUS-4999/direct_upsampling_data_rungs_1-3/thermodynamic_properties/quartz_beta_pbe_d3bj.csv
1713,0,-8.519489378480403,reference,DaRUS-4999/direct_upsampling_data_rungs_1-3/thermodynamic_properties/quartz_beta_pbe_d3bj.csv
1714,0,-8.520037353726302,reference,DaRUS-4999/direct_upsampling_data_rungs_1-3/thermodynamic_properties/quartz_beta_pbe_d3bj.csv
1715,0,-8.520585479400129,reference,DaRUS-4999/direct_upsampling_data_rungs_1-3/thermodynamic_properties/quartz_beta_pbe_d3bj.csv
1716,0,-8.521133755418864,reference,DaRUS-4999/direct_upsampling_data_rungs_1-3/thermodynamic_properties/quartz_beta_pbe_d3bj.csv
1717,0,-8.52168218170012,reference,DaRUS-4999/direct_upsampling_data_rungs_1-3/thermodynamic_properties/quartz_beta_pbe_d3bj.csv
1718,0,-8.522230758161502,reference,DaRUS-4999/direct_upsampling_data_rungs_1-3/thermodynamic_properties/quartz_beta_pbe_d3bj.csv
1719,0,-8.522779484720198,reference,DaRUS-4999/direct_upsampling_data_rungs_1-3/thermodynamic_properties/quartz_beta_pbe_d3bj.csv
1720,0,-8.523328361294025,reference,DaRUS-4999/direct_upsampling_data_rungs_1-3/thermodynamic_properties/quartz_beta_pbe_d3bj.csv
1721,0,-8.523877387801107,reference,DaRUS-4999/direct_upsampling_data_rungs_1-3/thermodynamic_properties/quartz_beta_pbe_d3bj.csv
1722,0,-8.524426564158981,reference,DaRUS-4999/direct_upsampling_data_rungs_1-3/thermodynamic_properties/quartz_beta_pbe_d3bj.csv
1723,0,-8.524975890285866,reference,DaRUS-4999/direct_upsampling_data_rungs_1-3/thermodynamic_properties/quartz_beta_pbe_d3bj.csv
1724,0,-8.525525366099496,reference,DaRUS-4999/direct_upsampling_data_rungs_1-3/thermodynamic_properties/quartz_beta_pbe_d3bj.csv
1725,0,-8.526074991518367,reference,DaRUS-4999/direct_upsampling_data_rungs_1-3/thermodynamic_properties/quartz_beta_pbe_d3bj.csv
1726,0,-8.526624766460012,reference,DaRUS-4999/direct_upsampling_data_rungs_1-3/thermodynamic_properties/quartz_beta_pbe_d3bj.csv
1727,0,-8.52717469084388,reference,DaRUS-4999/direct_upsampling_data_rungs_1-3/thermodynamic_properties/quartz_beta_pbe_d3bj.csv
1728,0,-8.527724764587077,reference,DaRUS-4999/direct_upsampling_data_rungs_1-3/thermodynamic_properties/quartz_beta_pbe_d3bj.csv
1729,0,-8.528274987609151,reference,DaRUS-4999/direct_upsampling_data_rungs_1-3/thermodynamic_properties/quartz_beta_pbe_d3bj.csv
1730,0,-8.528825359828343,reference,DaRUS-4999/direct_upsampling_data_rungs_1-3/thermodynamic_properties/quartz_beta_pbe_d3bj.csv
1731,0,-8.529375881163149,reference,DaRUS-4999/direct_upsampling_data_rungs_1-3/thermodynamic_properties/quartz_beta_pbe_d3bj.csv
1732,0,-8.529926551532608,reference,DaRUS-4999/direct_upsampling_data_rungs_1-3/thermodynamic_properties/quartz_beta_pbe_d3bj.csv
1733,0,-8.530477370854827,reference,DaRUS-4999/direct_upsampling_data_rungs_1-3/thermodynamic_properties/quartz_beta_pbe_d3bj.csv
1734,0,-8.531028339049872,reference,DaRUS-4999/direct_upsampling_data_rungs_1-3/thermodynamic_properties/quartz_beta_pbe_d3bj.csv
1735,0,-8.531579456035896,reference,DaRUS-4999/direct_upsampling_data_rungs_1-3/thermodynamic_properties/quartz_beta_pbe_d3bj.csv
1736,0,-8.532130721732457,reference,DaRUS-4999/direct_upsampling_data_rungs_1-3/thermodynamic_properties/quartz_beta_pbe_d3bj.csv
1737,0,-8.532682136058368,reference,DaRUS-4999/direct_upsampling_data_rungs_1-3/thermodynamic_properties/quartz_beta_pbe_d3bj.csv
1738,0,-8.533233698933033,reference,DaRUS-4999/direct_upsampling_data_rungs_1-3/thermodynamic_properties/quartz_beta_pbe_d3bj.csv
1739,0,-8.533785410276492,reference,DaRUS-4999/direct_upsampling_data_rungs_1-3/thermodynamic_properties/quartz_beta_pbe_d3bj.csv
1740,0,-8.534337270007089,reference,DaRUS-4999/direct_upsampling_data_rungs_1-3/thermodynamic_properties/quartz_beta_pbe_d3bj.csv
1741,0,-8.534889278045123,reference,DaRUS-4999/direct_upsampling_data_rungs_1-3/thermodynamic_properties/quartz_beta_pbe_d3bj.csv
1742,0,-8.535441434310137,reference,DaRUS-4999/direct_upsampling_data_rungs_1-3/thermodynamic_properties/quartz_beta_pbe_d3bj.csv
1743,0,-8.535993738721524,reference,DaRUS-4999/direct_upsampling_data_rungs_1-3/thermodynamic_properties/quartz_beta_pbe_d3bj.csv
1744,0,-8.536546191199594,reference,DaRUS-4999/direct_upsampling_data_rungs_1-3/thermodynamic_properties/quartz_beta_pbe_d3bj.csv
1745,0,-8.537098791663976,reference,DaRUS-4999/direct_upsampling_data_rungs_1-3/thermodynamic_properties/quartz_beta_pbe_d3bj.csv
1746,0,-8.537651540034005,reference,DaRUS-4999/direct_upsampling_data_rungs_1-3/thermodynamic_properties/quartz_beta_pbe_d3bj.csv
1747,0,-8.538204436231185,reference,DaRUS-4999/direct_upsampling_data_rungs_1-3/thermodynamic_properties/quartz_beta_pbe_d3bj.csv
1748,0,-8.538757480174171,reference,DaRUS-4999/direct_upsampling_data_rungs_1-3/thermodynamic_properties/quartz_beta_pbe_d3bj.csv
1749,0,-8.539310671784399,reference,DaRUS-4999/direct_upsampling_data_rungs_1-3/thermodynamic_properties/quartz_beta_pbe_d3bj.csv
1750,0,-8.53986401098153,reference,DaRUS-4999/direct_upsampling_data_rungs_1-3/thermodynamic_properties/quartz_beta_pbe_d3bj.csv
1751,0,-8.540417497685995,reference,DaRUS-4999/direct_upsampling_data_rungs_1-3/thermodynamic_properties/quartz_beta_pbe_d3bj.csv
1752,0,-8.540971131818608,reference,DaRUS-4999/direct_upsampling_data_rungs_1-3/thermodynamic_properties/quartz_beta_pbe_d3bj.csv
1753,0,-8.541524913299389,reference,DaRUS-4999/direct_upsampling_data_rungs_1-3/thermodynamic_properties/quartz_beta_pbe_d3bj.csv
1754,0,-8.542078842049785,reference,DaRUS-4999/direct_upsampling_data_rungs_1-3/thermodynamic_properties/quartz_beta_pbe_d3bj.csv
1755,0,-8.542632917989568,reference,DaRUS-4999/direct_upsampling_data_rungs_1-3/thermodynamic_properties/quartz_beta_pbe_d3bj.csv
1756,0,-8.543187141040583,reference,DaRUS-4999/direct_upsampling_data_rungs_1-3/thermodynamic_properties/quartz_beta_pbe_d3bj.csv
1757,0,-8.543741511123045,reference,DaRUS-4999/direct_upsampling_data_rungs_1-3/thermodynamic_properties/quartz_beta_pbe_d3bj.csv
1758,0,-8.544296028158479,reference,DaRUS-4999/direct_upsampling_data_rungs_1-3/thermodynamic_properties/quartz_beta_pbe_d3bj.csv
1759,0,-8.544850692067627,reference,DaRUS-4999/direct_upsampling_data_rungs_1-3/thermodynamic_properties/quartz_beta_pbe_d3bj.csv
1760,0,-8.545405502771688,reference,DaRUS-4999/direct_upsampling_data_rungs_1-3/thermodynamic_properties/quartz_beta_pbe_d3bj.csv
1761,0,-8.545960460192177,reference,DaRUS-4999/direct_upsampling_data_rungs_1-3/thermodynamic_properties/quartz_beta_pbe_d3bj.csv
1762,0,-8.546515564249923,reference,DaRUS-4999/direct_upsampling_data_rungs_1-3/thermodynamic_properties/quartz_beta_pbe_d3bj.csv
1763,0,-8.547070814866951,reference,DaRUS-4999/direct_upsampling_data_rungs_1-3/thermodynamic_properties/quartz_beta_pbe_d3bj.csv
1764,0,-8.547626211964172,reference,DaRUS-4999/direct_upsampling_data_rungs_1-3/thermodynamic_properties/quartz_beta_pbe_d3bj.csv
1765,0,-8.548181755463446,reference,DaRUS-4999/direct_upsampling_data_rungs_1-3/thermodynamic_properties/quartz_beta_pbe_d3bj.csv
1766,0,-8.548737445287044,reference,DaRUS-4999/direct_upsampling_data_rungs_1-3/thermodynamic_properties/quartz_beta_pbe_d3bj.csv
1767,0,-8.54929328135572,reference,DaRUS-4999/direct_upsampling_data_rungs_1-3/thermodynamic_properties/quartz_beta_pbe_d3bj.csv
1768,0,-8.549849263591863,reference,DaRUS-4999/direct_upsampling_data_rungs_1-3/thermodynamic_properties/quartz_beta_pbe_d3bj.csv
1769,0,-8.550405391917609,reference,DaRUS-4999/direct_upsampling_data_rungs_1-3/thermodynamic_properties/quartz_beta_pbe_d3bj.csv
1770,0,-8.550961666254461,reference,DaRUS-4999/direct_upsampling_data_rungs_1-3/thermodynamic_properties/quartz_beta_pbe_d3bj.csv
1771,0,-8.551518086524789,reference,DaRUS-4999/direct_upsampling_data_rungs_1-3/thermodynamic_properties/quartz_beta_pbe_d3bj.csv
1772,0,-8.552074652650722,reference,DaRUS-4999/direct_upsampling_data_rungs_1-3/thermodynamic_properties/quartz_beta_pbe_d3bj.csv
1773,0,-8.552631364554546,reference,DaRUS-4999/direct_upsampling_data_rungs_1-3/thermodynamic_properties/quartz_beta_pbe_d3bj.csv
1774,0,-8.553188222158422,reference,DaRUS-4999/direct_upsampling_data_rungs_1-3/thermodynamic_properties/quartz_beta_pbe_d3bj.csv
1775,0,-8.553745225385082,reference,DaRUS-4999/direct_upsampling_data_rungs_1-3/thermodynamic_properties/quartz_beta_pbe_d3bj.csv
1776,0,-8.55430237415691,reference,DaRUS-4999/direct_upsampling_data_rungs_1-3/thermodynamic_properties/quartz_beta_pbe_d3bj.csv
1777,0,-8.554859668396235,reference,DaRUS-4999/direct_upsampling_data_rungs_1-3/thermodynamic_properties/quartz_beta_pbe_d3bj.csv
1778,0,-8.555417108026425,reference,DaRUS-4999/direct_upsampling_data_rungs_1-3/thermodynamic_properties/quartz_beta_pbe_d3bj.csv
1779,0,-8.555974692969297,reference,DaRUS-4999/direct_upsampling_data_rungs_1-3/thermodynamic_properties/quartz_beta_pbe_d3bj.csv
1780,0,-8.556532423148658,reference,DaRUS-4999/direct_upsampling_data_rungs_1-3/thermodynamic_properties/quartz_beta_pbe_d3bj.csv
1781,0,-8.557090298486433,reference,DaRUS-4999/direct_upsampling_data_rungs_1-3/thermodynamic_properties/quartz_beta_pbe_d3bj.csv
1782,0,-8.557648318906281,reference,DaRUS-4999/direct_upsampling_data_rungs_1-3/thermodynamic_properties/quartz_beta_pbe_d3bj.csv
1783,0,-8.558206484331373,reference,DaRUS-4999/direct_upsampling_data_rungs_1-3/thermodynamic_properties/quartz_beta_pbe_d3bj.csv
1784,0,-8.558764794684349,reference,DaRUS-4999/direct_upsampling_data_rungs_1-3/thermodynamic_properties/quartz_beta_pbe_d3bj.csv
1785,0,-8.559323249889049,reference,DaRUS-4999/direct_upsampling_data_rungs_1-3/thermodynamic_properties/quartz_beta_pbe_d3bj.csv
1786,0,-8.559881849868356,reference,DaRUS-4999/direct_upsampling_data_rungs_1-3/thermodynamic_properties/quartz_beta_pbe_d3bj.csv
1787,0,-8.560440594545822,reference,DaRUS-4999/direct_upsampling_data_rungs_1-3/thermodynamic_properties/quartz_beta_pbe_d3bj.csv
1788,0,-8.56099948384472,reference,DaRUS-4999/direct_upsampling_data_rungs_1-3/thermodynamic_properties/quartz_beta_pbe_d3bj.csv
1789,0,-8.561558517689054,reference,DaRUS-4999/direct_upsampling_data_rungs_1-3/thermodynamic_properties/quartz_beta_pbe_d3bj.csv
1790,0,-8.562117696002328,reference,DaRUS-4999/direct_upsampling_data_rungs_1-3/thermodynamic_properties/quartz_beta_pbe_d3bj.csv
1791,0,-8.562677018707751,reference,DaRUS-4999/direct_upsampling_data_rungs_1-3/thermodynamic_properties/quartz_beta_pbe_d3bj.csv
1792,0,-8.563236485729822,reference,DaRUS-4999/direct_upsampling_data_rungs_1-3/thermodynamic_properties/quartz_beta_pbe_d3bj.csv
1793,0,-8.563796096992325,reference,DaRUS-4999/direct_upsampling_data_rungs_1-3/thermodynamic_properties/quartz_beta_pbe_d3bj.csv
1794,0,-8.56435585241889,reference,DaRUS-4999/direct_upsampling_data_rungs_1-3/thermodynamic_properties/quartz_beta_pbe_d3bj.csv
1795,0,-8.564915751933899,reference,DaRUS-4999/direct_upsampling_data_rungs_1-3/thermodynamic_properties/quartz_beta_pbe_d3bj.csv
1796,0,-8.565475795461069,reference,DaRUS-4999/direct_upsampling_data_rungs_1-3/thermodynamic_properties/quartz_beta_pbe_d3bj.csv
1797,0,-8.566035982925026,reference,DaRUS-4999/direct_upsampling_data_rungs_1-3/thermodynamic_properties/quartz_beta_pbe_d3bj.csv
1798,0,-8.566596314249805,reference,DaRUS-4999/direct_upsampling_data_rungs_1-3/thermodynamic_properties/quartz_beta_pbe_d3bj.csv
1799,0,-8.567156789360345,reference,DaRUS-4999/direct_upsampling_data_rungs_1-3/thermodynamic_properties/quartz_beta_pbe_d3bj.csv
1800,0,-8.567717408180348,reference,DaRUS-4999/direct_upsampling_data_rungs_1-3/thermodynamic_properties/quartz_beta_pbe_d3bj.csv
1801,0,-8.568278170634626,reference,DaRUS-4999/direct_upsampling_data_rungs_1-3/thermodynamic_properties/quartz_beta_pbe_d3bj.csv
1802,0,-8.568839076647674,reference,DaRUS-4999/direct_upsampling_data_rungs_1-3/thermodynamic_properties/quartz_beta_pbe_d3bj.csv
1803,0,-8.569400126144187,reference,DaRUS-4999/direct_upsampling_data_rungs_1-3/thermodynamic_properties/quartz_beta_pbe_d3bj.csv
1804,0,-8.56996131904951,reference,DaRUS-4999/direct_upsampling_data_rungs_1-3/thermodynamic_properties/quartz_beta_pbe_d3bj.csv
1805,0,-8.570522655287762,reference,DaRUS-4999/direct_upsampling_data_rungs_1-3/thermodynamic_properties/quartz_beta_pbe_d3bj.csv
1806,0,-8.571084134784082,reference,DaRUS-4999/direct_upsampling_data_rungs_1-3/thermodynamic_properties/quartz_beta_pbe_d3bj.csv
1807,0,-8.57164575746352,reference,DaRUS-4999/direct_upsampling_data_rungs_1-3/thermodynamic_properties/quartz_beta_pbe_d3bj.csv
1808,0,-8.572207523251256,reference,DaRUS-4999/direct_upsampling_data_rungs_1-3/thermodynamic_properties/quartz_beta_pbe_d3bj.csv
1809,0,-8.572769432072105,reference,DaRUS-4999/direct_upsampling_data_rungs_1-3/thermodynamic_properties/quartz_beta_pbe_d3bj.csv
1810,0,-8.573331483851808,reference,DaRUS-4999/direct_upsampling_data_rungs_1-3/thermodynamic_properties/quartz_beta_pbe_d3bj.csv
1811,0,-8.573893678515024,reference,DaRUS-4999/direct_upsampling_data_rungs_1-3/thermodynamic_properties/quartz_beta_pbe_d3bj.csv
1812,0,-8.574456015987661,reference,DaRUS-4999/direct_upsampling_data_rungs_1-3/thermodynamic_properties/quartz_beta_pbe_d3bj.csv
1813,0,-8.57501849619554,reference,DaRUS-4999/direct_upsampling_data_rungs_1-3/thermodynamic_properties/quartz_beta_pbe_d3bj.csv
1814,0,-8.575581119062957,reference,DaRUS-4999/direct_upsampling_data_rungs_1-3/thermodynamic_properties/quartz_beta_pbe_d3bj.csv
1815,0,-8.576143884516911,reference,DaRUS-4999/direct_upsampling_data_rungs_1-3/thermodynamic_properties/quartz_beta_pbe_d3bj.csv
1816,0,-8.576706792482236,reference,DaRUS-4999/direct_upsampling_data_rungs_1-3/thermodynamic_properties/quartz_beta_pbe_d3bj.csv
1817,0,-8.577269842885279,reference,DaRUS-4999/direct_upsampling_data_rungs_1-3/thermodynamic_properties/quartz_beta_pbe_d3bj.csv
1818,0,-8.577833035650954,reference,DaRUS-4999/direct_upsampling_data_rungs_1-3/thermodynamic_properties/quartz_beta_pbe_d3bj.csv
1819,0,-8.578396370706304,reference,DaRUS-4999/direct_upsampling_data_rungs_1-3/thermodynamic_properties/quartz_beta_pbe_d3bj.csv
1820,0,-8.578959847976684,reference,DaRUS-4999/direct_upsampling_data_rungs_1-3/thermodynamic_properties/quartz_beta_pbe_d3bj.csv
1821,0,-8.579523467388507,reference,DaRUS-4999/direct_upsampling_data_rungs_1-3/thermodynamic_properties/quartz_beta_pbe_d3bj.csv
1822,0,-8.580087228868008,reference,DaRUS-4999/direct_upsampling_data_rungs_1-3/thermodynamic_properties/quartz_beta_pbe_d3bj.csv
1823,0,-8.580651132340765,reference,DaRUS-4999/direct_upsampling_data_rungs_1-3/thermodynamic_properties/quartz_beta_pbe_d3bj.csv
1824,0,-8.581215177733533,reference,DaRUS-4999/direct_upsampling_data_rungs_1-3/thermodynamic_properties/quartz_beta_pbe_d3bj.csv
1825,0,-8.58177936497327,reference,DaRUS-4999/direct_upsampling_data_rungs_1-3/thermodynamic_properties/quartz_beta_pbe_d3bj.csv
1826,0,-8.582343693985468,reference,DaRUS-4999/direct_upsampling_data_rungs_1-3/thermodynamic_properties/quartz_beta_pbe_d3bj.csv
1827,0,-8.582908164697113,reference,DaRUS-4999/direct_upsampling_data_rungs_1-3/thermodynamic_properties/quartz_beta_pbe_d3bj.csv
1828,0,-8.58347277703489,reference,DaRUS-4999/direct_upsampling_data_rungs_1-3/thermodynamic_properties/quartz_beta_pbe_d3bj.csv
1829,0,-8.584037530925674,reference,DaRUS-4999/direct_upsampling_data_rungs_1-3/thermodynamic_properties/quartz_beta_pbe_d3bj.csv
1830,0,-8.584602426295532,reference,DaRUS-4999/direct_upsampling_data_rungs_1-3/thermodynamic_properties/quartz_beta_pbe_d3bj.csv
1831,0,-8.585167463072118,reference,DaRUS-4999/direct_upsampling_data_rungs_1-3/thermodynamic_properties/quartz_beta_pbe_d3bj.csv
1832,0,-8.585732641182078,reference,DaRUS-4999/direct_upsampling_data_rungs_1-3/thermodynamic_properties/quartz_beta_pbe_d3bj.csv
1833,0,-8.586297960552402,reference,DaRUS-4999/direct_upsampling_data_rungs_1-3/thermodynamic_properties/quartz_beta_pbe_d3bj.csv
1834,0,-8.586863421109918,reference,DaRUS-4999/direct_upsampling_data_rungs_1-3/thermodynamic_properties/quartz_beta_pbe_d3bj.csv
1835,0,-8.587429022781853,reference,DaRUS-4999/direct_upsampling_data_rungs_1-3/thermodynamic_properties/quartz_beta_pbe_d3bj.csv
1836,0,-8.587994765495822,reference,DaRUS-4999/direct_upsampling_data_rungs_1-3/thermodynamic_properties/quartz_beta_pbe_d3bj.csv
1837,0,-8.588560649178755,reference,DaRUS-4999/direct_upsampling_data_rungs_1-3/thermodynamic_properties/quartz_beta_pbe_d3bj.csv
1838,0,-8.589126673758113,reference,DaRUS-4999/direct_upsampling_data_rungs_1-3/thermodynamic_properties/quartz_beta_pbe_d3bj.csv
1839,0,-8.589692839161662,reference,DaRUS-4999/direct_upsampling_data_rungs_1-3/thermodynamic_properties/quartz_beta_pbe_d3bj.csv
1840,0,-8.590259145316045,reference,DaRUS-4999/direct_upsampling_data_rungs_1-3/thermodynamic_properties/quartz_beta_pbe_d3bj.csv
1841,0,-8.590825592150033,reference,DaRUS-4999/direct_upsampling_data_rungs_1-3/thermodynamic_properties/quartz_beta_pbe_d3bj.csv
1842,0,-8.591392179590413,reference,DaRUS-4999/direct_upsampling_data_rungs_1-3/thermodynamic_properties/quartz_beta_pbe_d3bj.csv
1843,0,-8.591958907565505,reference,DaRUS-4999/direct_upsampling_data_rungs_1-3/thermodynamic_properties/quartz_beta_pbe_d3bj.csv
1844,0,-8.592525776003011,reference,DaRUS-4999/direct_upsampling_data_rungs_1-3/thermodynamic_properties/quartz_beta_pbe_d3bj.csv
1845,0,-8.593092784830539,reference,DaRUS-4999/direct_upsampling_data_rungs_1-3/thermodynamic_properties/quartz_beta_pbe_d3bj.csv
1846,0,-8.593659933975967,reference,DaRUS-4999/direct_upsampling_data_rungs_1-3/thermodynamic_properties/quartz_beta_pbe_d3bj.csv
1847,0,-8.594227223367934,reference,DaRUS-4999/direct_upsampling_data_rungs_1-3/thermodynamic_properties/quartz_beta_pbe_d3bj.csv
1848,0,-8.594794652934164,reference,DaRUS-4999/direct_upsampling_data_rungs_1-3/thermodynamic_properties/quartz_beta_pbe_d3bj.csv
1849,0,-8.595362222602793,reference,DaRUS-4999/direct_upsampling_data_rungs_1-3/thermodynamic_properties/quartz_beta_pbe_d3bj.csv
1850,0,-8.595929932302457,reference,DaRUS-4999/direct_upsampling_data_rungs_1-3/thermodynamic_properties/quartz_beta_pbe_d3bj.csv
1851,0,-8.596497781960885,reference,DaRUS-4999/direct_upsampling_data_rungs_1-3/thermodynamic_properties/quartz_beta_pbe_d3bj.csv
1852,0,-8.597065771507054,reference,DaRUS-4999/direct_upsampling_data_rungs_1-3/thermodynamic_properties/quartz_beta_pbe_d3bj.csv
1853,0,-8.59763390086923,reference,DaRUS-4999/direct_upsampling_data_rungs_1-3/thermodynamic_properties/quartz_beta_pbe_d3bj.csv
1854,0,-8.598202169976206,reference,DaRUS-4999/direct_upsampling_data_rungs_1-3/thermodynamic_properties/quartz_beta_pbe_d3bj.csv
1855,0,-8.598770578756357,reference,DaRUS-4999/direct_upsampling_data_rungs_1-3/thermodynamic_properties/quartz_beta_pbe_d3bj.csv
1856,0,-8.599339127138258,reference,DaRUS-4999/direct_upsampling_data_rungs_1-3/thermodynamic_properties/quartz_beta_pbe_d3bj.csv
1857,0,-8.599907815050877,reference,DaRUS-4999/direct_upsampling_data_rungs_1-3/thermodynamic_properties/quartz_beta_pbe_d3bj.csv
1858,0,-8.600476642423121,reference,DaRUS-4999/direct_upsampling_data_rungs_1-3/thermodynamic_properties/quartz_beta_pbe_d3bj.csv
1859,0,-8.601045609184188,reference,DaRUS-4999/direct_upsampling_data_rungs_1-3/thermodynamic_properties/quartz_beta_pbe_d3bj.csv
1860,0,-8.601614715262309,reference,DaRUS-4999/direct_upsampling_data_rungs_1-3/thermodynamic_properties/quartz_beta_pbe_d3bj.csv
1861,0,-8.602183960587295,reference,DaRUS-4999/direct_upsampling_data_rungs_1-3/thermodynamic_properties/quartz_beta_pbe_d3bj.csv
1862,0,-8.60275334508791,reference,DaRUS-4999/direct_upsampling_data_rungs_1-3/thermodynamic_properties/quartz_beta_pbe_d3bj.csv
1863,0,-8.603322868693299,reference,DaRUS-4999/direct_upsampling_data_rungs_1-3/thermodynamic_properties/quartz_beta_pbe_d3bj.csv
1864,0,-8.603892531333111,reference,DaRUS-4999/direct_upsampling_data_rungs_1-3/thermodynamic_properties/quartz_beta_pbe_d3bj.csv
1865,0,-8.604462332936214,reference,DaRUS-4999/direct_upsampling_data_rungs_1-3/thermodynamic_properties/quartz_beta_pbe_d3bj.csv
1866,0,-8.605032273432839,reference,DaRUS-4999/direct_upsampling_data_rungs_1-3/thermodynamic_properties/quartz_beta_pbe_d3bj.csv
1867,0,-8.605602352751445,reference,DaRUS-4999/direct_upsampling_data_rungs_1-3/thermodynamic_properties/quartz_beta_pbe_d3bj.csv
1868,0,-8.606172570822272,reference,DaRUS-4999/direct_upsampling_data_rungs_1-3/thermodynamic_properties/quartz_beta_pbe_d3bj.csv
1869,0,-8.606742927575104,reference,DaRUS-4999/direct_upsampling_data_rungs_1-3/thermodynamic_properties/quartz_beta_pbe_d3bj.csv
1870,0,-8.607313422938722,reference,DaRUS-4999/direct_upsampling_data_rungs_1-3/thermodynamic_properties/quartz_beta_pbe_d3bj.csv
1871,0,-8.607884056844002,reference,DaRUS-4999/direct_upsampling_data_rungs_1-3/thermodynamic_properties/quartz_beta_pbe_d3bj.csv
1872,0,-8.608454829220239,reference,DaRUS-4999/direct_upsampling_data_rungs_1-3/thermodynamic_properties/quartz_beta_pbe_d3bj.csv
1873,0,-8.609025739997762,reference,DaRUS-4999/direct_upsampling_data_rungs_1-3/thermodynamic_properties/quartz_beta_pbe_d3bj.csv
1874,0,-8.609596789106165,reference,DaRUS-4999/direct_upsampling_data_rungs_1-3/thermodynamic_properties/quartz_beta_pbe_d3bj.csv
1875,0,-8.610167976475733,reference,DaRUS-4999/direct_upsampling_data_rungs_1-3/thermodynamic_properties/quartz_beta_pbe_d3bj.csv
1876,0,-8.610739302036279,reference,DaRUS-4999/direct_upsampling_data_rungs_1-3/thermodynamic_properties/quartz_beta_pbe_d3bj.csv
1877,0,-8.611310765718288,reference,DaRUS-4999/direct_upsampling_data_rungs_1-3/thermodynamic_properties/quartz_beta_pbe_d3bj.csv
1878,0,-8.611882367452454,reference,DaRUS-4999/direct_upsampling_data_rungs_1-3/thermodynamic_properties/quartz_beta_pbe_d3bj.csv
1879,0,-8.612454107168105,reference,DaRUS-4999/direct_upsampling_data_rungs_1-3/thermodynamic_properties/quartz_beta_pbe_d3bj.csv
1880,0,-8.613025984796693,reference,DaRUS-4999/direct_upsampling_data_rungs_1-3/thermodynamic_properties/quartz_beta_pbe_d3bj.csv
1881,0,-8.61359800026808,reference,DaRUS-4999/direct_upsampling_data_rungs_1-3/thermodynamic_properties/quartz_beta_pbe_d3bj.csv
1882,0,-8.614170153513108,reference,DaRUS-4999/direct_upsampling_data_rungs_1-3/thermodynamic_properties/quartz_beta_pbe_d3bj.csv
1883,0,-8.614742444462141,reference,DaRUS-4999/direct_upsampling_data_rungs_1-3/thermodynamic_properties/quartz_beta_pbe_d3bj.csv
1884,0,-8.615314873046565,reference,DaRUS-4999/direct_upsampling_data_rungs_1-3/thermodynamic_properties/quartz_beta_pbe_d3bj.csv
1885,0,-8.61588743919625,reference,DaRUS-4999/direct_upsampling_data_rungs_1-3/thermodynamic_properties/quartz_beta_pbe_d3bj.csv
1886,0,-8.616460142842525,reference,DaRUS-4999/direct_upsampling_data_rungs_1-3/thermodynamic_properties/quartz_beta_pbe_d3bj.csv
1887,0,-8.617032983916523,reference,DaRUS-4999/direct_upsampling_data_rungs_1-3/thermodynamic_properties/quartz_beta_pbe_d3bj.csv
1888,0,-8.617605962348579,reference,DaRUS-4999/direct_upsampling_data_rungs_1-3/thermodynamic_properties/quartz_beta_pbe_d3bj.csv
1889,0,-8.618179078070238,reference,DaRUS-4999/direct_upsampling_data_rungs_1-3/thermodynamic_properties/quartz_beta_pbe_d3bj.csv
1890,0,-8.618752331012372,reference,DaRUS-4999/direct_upsampling_data_rungs_1-3/thermodynamic_properties/quartz_beta_pbe_d3bj.csv
1891,0,-8.619325721106508,reference,DaRUS-4999/direct_upsampling_data_rungs_1-3/thermodynamic_properties/quartz_beta_pbe_d3bj.csv
1892,0,-8.619899248283609,reference,DaRUS-4999/direct_upsampling_data_rungs_1-3/thermodynamic_properties/quartz_beta_pbe_d3bj.csv
1893,0,-8.620472912474989,reference,DaRUS-4999/direct_upsampling_data_rungs_1-3/thermodynamic_properties/quartz_beta_pbe_d3bj.csv
1894,0,-8.621046713612476,reference,DaRUS-4999/direct_upsampling_data_rungs_1-3/thermodynamic_properties/quartz_beta_pbe_d3bj.csv
1895,0,-8.621620651626907,reference,DaRUS-4999/direct_upsampling_data_rungs_1-3/thermodynamic_properties/quartz_beta_pbe_d3bj.csv
1896,0,-8.622194726450397,reference,DaRUS-4999/direct_upsampling_data_rungs_1-3/thermodynamic_properties/quartz_beta_pbe_d3bj.csv
1897,0,-8.622768938013804,reference,DaRUS-4999/direct_upsampling_data_rungs_1-3/thermodynamic_properties/quartz_beta_pbe_d3bj.csv
1898,0,-8.623343286249723,reference,DaRUS-4999/direct_upsampling_data_rungs_1-3/thermodynamic_properties/quartz_beta_pbe_d3bj.csv
1899,0,-8.623917771089282,reference,DaRUS-4999/direct_upsampling_data_rungs_1-3/thermodynamic_properties/quartz_beta_pbe_d3bj.csv
1900,0,-8.624492392464584,reference,DaRUS-4999/direct_upsampling_data_rungs_1-3/thermodynamic_properties/quartz_beta_pbe_d3bj.csv
1901,0,-8.625067150307109,reference,DaRUS-4999/direct_upsampling_data_rungs_1-3/thermodynamic_properties/quartz_beta_pbe_d3bj.csv
1902,0,-8.625642044549314,reference,DaRUS-4999/direct_upsampling_data_rungs_1-3/thermodynamic_properties/quartz_beta_pbe_d3bj.csv
1903,0,-8.626217075123025,reference,DaRUS-4999/direct_upsampling_data_rungs_1-3/thermodynamic_properties/quartz_beta_pbe_d3bj.csv
1904,0,-8.626792241960047,reference,DaRUS-4999/direct_upsampling_data_rungs_1-3/thermodynamic_properties/quartz_beta_pbe_d3bj.csv
1905,0,-8.627367544992728,reference,DaRUS-4999/direct_upsampling_data_rungs_1-3/thermodynamic_properties/quartz_beta_pbe_d3bj.csv
1906,0,-8.627942984153449,reference,DaRUS-4999/direct_upsampling_data_rungs_1-3/thermodynamic_properties/quartz_beta_pbe_d3bj.csv
1907,0,-8.628518559374321,reference,DaRUS-4999/direct_upsampling_data_rungs_1-3/thermodynamic_properties/quartz_beta_pbe_d3bj.csv
1908,0,-8.629094270587981,reference,DaRUS-4999/direct_upsampling_data_rungs_1-3/thermodynamic_properties/quartz_beta_pbe_d3bj.csv
1909,0,-8.629670117726143,reference,DaRUS-4999/direct_upsampling_data_rungs_1-3/thermodynamic_properties/quartz_beta_pbe_d3bj.csv
1910,0,-8.630246100722093,reference,DaRUS-4999/direct_upsampling_data_rungs_1-3/thermodynamic_properties/quartz_beta_pbe_d3bj.csv
1911,0,-8.630822219508007,reference,DaRUS-4999/direct_upsampling_data_rungs_1-3/thermodynamic_properties/quartz_beta_pbe_d3bj.csv
1912,0,-8.631398474016454,reference,DaRUS-4999/direct_upsampling_data_rungs_1-3/thermodynamic_properties/quartz_beta_pbe_d3bj.csv
1913,0,-8.631974864180291,reference,DaRUS-4999/direct_upsampling_data_rungs_1-3/thermodynamic_properties/quartz_beta_pbe_d3bj.csv
1914,0,-8.632551389932003,reference,DaRUS-4999/direct_upsampling_data_rungs_1-3/thermodynamic_properties/quartz_beta_pbe_d3bj.csv
1915,0,-8.633128051204869,reference,DaRUS-4999/direct_upsampling_data_rungs_1-3/thermodynamic_properties/quartz_beta_pbe_d3bj.csv
1916,0,-8.633704847931117,reference,DaRUS-4999/direct_upsampling_data_rungs_1-3/thermodynamic_properties/quartz_beta_pbe_d3bj.csv
1917,0,-8.634281780044631,reference,DaRUS-4999/direct_upsampling_data_rungs_1-3/thermodynamic_properties/quartz_beta_pbe_d3bj.csv
1918,0,-8.634858847477785,reference,DaRUS-4999/direct_upsampling_data_rungs_1-3/thermodynamic_properties/quartz_beta_pbe_d3bj.csv
1919,0,-8.63543605016368,reference,DaRUS-4999/direct_upsampling_data_rungs_1-3/thermodynamic_properties/quartz_beta_pbe_d3bj.csv
1920,0,-8.636013388035394,reference,DaRUS-4999/direct_upsampling_data_rungs_1-3/thermodynamic_properties/quartz_beta_pbe_d3bj.csv
1921,0,-8.636590861026443,reference,DaRUS-4999/direct_upsampling_data_rungs_1-3/thermodynamic_properties/quartz_beta_pbe_d3bj.csv
1922,0,-8.637168469070026,reference,DaRUS-4999/direct_upsampling_data_rungs_1-3/thermodynamic_properties/quartz_beta_pbe_d3bj.csv
1923,0,-8.637746212099467,reference,DaRUS-4999/direct_upsampling_data_rungs_1-3/thermodynamic_properties/quartz_beta_pbe_d3bj.csv
1924,0,-8.638324090048483,reference,DaRUS-4999/direct_upsampling_data_rungs_1-3/thermodynamic_properties/quartz_beta_pbe_d3bj.csv
1925,0,-8.638902102849954,reference,DaRUS-4999/direct_upsampling_data_rungs_1-3/thermodynamic_properties/quartz_beta_pbe_d3bj.csv
1926,0,-8.639480250437693,reference,DaRUS-4999/direct_upsampling_data_rungs_1-3/thermodynamic_properties/quartz_beta_pbe_d3bj.csv
1927,0,-8.640058532745561,reference,DaRUS-4999/direct_upsampling_data_rungs_1-3/thermodynamic_properties/quartz_beta_pbe_d3bj.csv
1928,0,-8.640636949706909,reference,DaRUS-4999/direct_upsampling_data_rungs_1-3/thermodynamic_properties/quartz_beta_pbe_d3bj.csv
1929,0,-8.641215501255601,reference,DaRUS-4999/direct_upsampling_data_rungs_1-3/thermodynamic_properties/quartz_beta_pbe_d3bj.csv
1930,0,-8.641794187325727,reference,DaRUS-4999/direct_upsampling_data_rungs_1-3/thermodynamic_properties/quartz_beta_pbe_d3bj.csv
1931,0,-8.64237300785063,reference,DaRUS-4999/direct_upsampling_data_rungs_1-3/thermodynamic_properties/quartz_beta_pbe_d3bj.csv
1932,0,-8.642951962764567,reference,DaRUS-4999/direct_upsampling_data_rungs_1-3/thermodynamic_properties/quartz_beta_pbe_d3bj.csv
1933,0,-8.64353105200175,reference,DaRUS-4999/direct_upsampling_data_rungs_1-3/thermodynamic_properties/quartz_beta_pbe_d3bj.csv
1934,0,-8.644110275495768,reference,DaRUS-4999/direct_upsampling_data_rungs_1-3/thermodynamic_properties/quartz_beta_pbe_d3bj.csv
1935,0,-8.64468963318118,reference,DaRUS-4999/direct_upsampling_data_rungs_1-3/thermodynamic_properties/quartz_beta_pbe_d3bj.csv
1936,0,-8.645269124991906,reference,DaRUS-4999/direct_upsampling_data_rungs_1-3/thermodynamic_properties/quartz_beta_pbe_d3bj.csv
1937,0,-8.645848750862273,reference,DaRUS-4999/direct_upsampling_data_rungs_1-3/thermodynamic_properties/quartz_beta_pbe_d3bj.csv
1938,0,-8.646428510726835,reference,DaRUS-4999/direct_upsampling_data_rungs_1-3/thermodynamic_properties/quartz_beta_pbe_d3bj.csv
1939,0,-8.647008404519754,reference,DaRUS-4999/direct_upsampling_data_rungs_1-3/thermodynamic_properties/quartz_beta_pbe_d3bj.csv
1940,0,-8.647588432175493,reference,DaRUS-4999/direct_upsampling_data_rungs_1-3/thermodynamic_properties/quartz_beta_pbe_d3bj.csv
1941,0,-8.648168593628684,reference,DaRUS-4999/direct_upsampling_data_rungs_1-3/thermodynamic_properties/quartz_beta_pbe_d3bj.csv
1942,0,-8.648748888813939,reference,DaRUS-4999/direct_upsampling_data_rungs_1-3/thermodynamic_properties/quartz_beta_pbe_d3bj.csv
1943,0,-8.649329317665636,reference,DaRUS-4999/direct_upsampling_data_rungs_1-3/thermodynamic_properties/quartz_beta_pbe_d3bj.csv
1944,0,-8.649909880118818,reference,DaRUS-4999/direct_upsampling_data_rungs_1-3/thermodynamic_properties/quartz_beta_pbe_d3bj.csv
1945,0,-8.650490576108282,reference,DaRUS-4999/direct_upsampling_data_rungs_1-3/thermodynamic_properties/quartz_beta_pbe_d3bj.csv
1946,0,-8.651071405568459,reference,DaRUS-4999/direct_upsampling_data_rungs_1-3/thermodynamic_properties/quartz_beta_pbe_d3bj.csv
1947,0,-8.651652368434766,reference,DaRUS-4999/direct_upsampling_data_rungs_1-3/thermodynamic_properties/quartz_beta_pbe_d3bj.csv
1948,0,-8.652233464641894,reference,DaRUS-4999/direct_upsampling_data_rungs_1-3/thermodynamic_properties/quartz_beta_pbe_d3bj.csv
1949,0,-8.652814694124961,reference,DaRUS-4999/direct_upsampling_data_rungs_1-3/thermodynamic_properties/quartz_beta_pbe_d3bj.csv
1950,0,-8.653396056819028,reference,DaRUS-4999/direct_upsampling_data_rungs_1-3/thermodynamic_properties/quartz_beta_pbe_d3bj.csv
1951,0,-8.653977552659391,reference,DaRUS-4999/direct_upsampling_data_rungs_1-3/thermodynamic_properties/quartz_beta_pbe_d3bj.csv
1952,0,-8.654559181580913,reference,DaRUS-4999/direct_upsampling_data_rungs_1-3/thermodynamic_properties/quartz_beta_pbe_d3bj.csv
1953,0,-8.655140943519386,reference,DaRUS-4999/direct_upsampling_data_rungs_1-3/thermodynamic_properties/quartz_beta_pbe_d3bj.csv
1954,0,-8.655722838409812,reference,DaRUS-4999/direct_upsampling_data_rungs_1-3/thermodynamic_properties/quartz_beta_pbe_d3bj.csv
1955,0,-8.656304866187558,reference,DaRUS-4999/direct_upsampling_data_rungs_1-3/thermodynamic_properties/quartz_beta_pbe_d3bj.csv
1956,0,-8.656887026788494,reference,DaRUS-4999/direct_upsampling_data_rungs_1-3/thermodynamic_properties/quartz_beta_pbe_d3bj.csv
1957,0,-8.657469320147678,reference,DaRUS-4999/direct_upsampling_data_rungs_1-3/thermodynamic_properties/quartz_beta_pbe_d3bj.csv
1958,0,-8.658051746201087,reference,DaRUS-4999/direct_upsampling_data_rungs_1-3/thermodynamic_properties/quartz_beta_pbe_d3bj.csv
1959,0,-8.658634304884295,reference,DaRUS-4999/direct_upsampling_data_rungs_1-3/thermodynamic_properties/quartz_beta_pbe_d3bj.csv
1960,0,-8.65921699613299,reference,DaRUS-4999/direct_upsampling_data_rungs_1-3/thermodynamic_properties/quartz_beta_pbe_d3bj.csv
1961,0,-8.659799819882871,reference,DaRUS-4999/direct_upsampling_data_rungs_1-3/thermodynamic_properties/quartz_beta_pbe_d3bj.csv
1962,0,-8.660382776070035,reference,DaRUS-4999/direct_upsampling_data_rungs_1-3/thermodynamic_properties/quartz_beta_pbe_d3bj.csv
1963,0,-8.660965864630205,reference,DaRUS-4999/direct_upsampling_data_rungs_1-3/thermodynamic_properties/quartz_beta_pbe_d3bj.csv
1964,0,-8.661549085499368,reference,DaRUS-4999/direct_upsampling_data_rungs_1-3/thermodynamic_properties/quartz_beta_pbe_d3bj.csv
1965,0,-8.662132438613638,reference,DaRUS-4999/direct_upsampling_data_rungs_1-3/thermodynamic_properties/quartz_beta_pbe_d3bj.csv
1966,0,-8.662715923909165,reference,DaRUS-4999/direct_upsampling_data_rungs_1-3/thermodynamic_properties/quartz_beta_pbe_d3bj.csv
1967,0,-8.663299541321926,reference,DaRUS-4999/direct_upsampling_data_rungs_1-3/thermodynamic_properties/quartz_beta_pbe_d3bj.csv
1968,0,-8.663883290788375,reference,DaRUS-4999/direct_upsampling_data_rungs_1-3/thermodynamic_properties/quartz_beta_pbe_d3bj.csv
1969,0,-8.664467172244693,reference,DaRUS-4999/direct_upsampling_data_rungs_1-3/thermodynamic_properties/quartz_beta_pbe_d3bj.csv
1970,0,-8.665051185626977,reference,DaRUS-4999/direct_upsampling_data_rungs_1-3/thermodynamic_properties/quartz_beta_pbe_d3bj.csv
1971,0,-8.665635330872137,reference,DaRUS-4999/direct_upsampling_data_rungs_1-3/thermodynamic_properties/quartz_beta_pbe_d3bj.csv
1972,0,-8.666219607916418,reference,DaRUS-4999/direct_upsampling_data_rungs_1-3/thermodynamic_properties/quartz_beta_pbe_d3bj.csv
1973,0,-8.666804016696299,reference,DaRUS-4999/direct_upsampling_data_rungs_1-3/thermodynamic_properties/quartz_beta_pbe_d3bj.csv
1974,0,-8.667388557148216,reference,DaRUS-4999/direct_upsampling_data_rungs_1-3/thermodynamic_properties/quartz_beta_pbe_d3bj.csv
1975,0,-8.667973229209309,reference,DaRUS-4999/direct_upsampling_data_rungs_1-3/thermodynamic_properties/quartz_beta_pbe_d3bj.csv
1976,0,-8.668558032815826,reference,DaRUS-4999/direct_upsampling_data_rungs_1-3/thermodynamic_properties/quartz_beta_pbe_d3bj.csv
1977,0,-8.669142967904875,reference,DaRUS-4999/direct_upsampling_data_rungs_1-3/thermodynamic_properties/quartz_beta_pbe_d3bj.csv
1978,0,-8.669728034413216,reference,DaRUS-4999/direct_upsampling_data_rungs_1-3/thermodynamic_properties/quartz_beta_pbe_d3bj.csv
1979,0,-8.670313232277561,reference,DaRUS-4999/direct_upsampling_data_rungs_1-3/thermodynamic_properties/quartz_beta_pbe_d3bj.csv
1980,0,-8.670898561434974,reference,DaRUS-4999/direct_upsampling_data_rungs_1-3/thermodynamic_properties/quartz_beta_pbe_d3bj.csv
1981,0,-8.671484021822588,reference,DaRUS-4999/direct_upsampling_data_rungs_1-3/thermodynamic_properties/quartz_beta_pbe_d3bj.csv
1982,0,-8.672069613377476,reference,DaRUS-4999/direct_upsampling_data_rungs_1-3/thermodynamic_properties/quartz_beta_pbe_d3bj.csv
1983,0,-8.672655336036689,reference,DaRUS-4999/direct_upsampling_data_rungs_1-3/thermodynamic_properties/quartz_beta_pbe_d3bj.csv
1984,0,-8.673241189737496,reference,DaRUS-4999/direct_upsampling_data_rungs_1-3/thermodynamic_properties/quartz_beta_pbe_d3bj.csv
1985,0,-8.673827174416976,reference,DaRUS-4999/direct_upsampling_data_rungs_1-3/thermodynamic_properties/quartz_beta_pbe_d3bj.csv
1986,0,-8.674413290012762,reference,DaRUS-4999/direct_upsampling_data_rungs_1-3/thermodynamic_properties/quartz_beta_pbe_d3bj.csv
1987,0,-8.674999536462163,reference,DaRUS-4999/direct_upsampling_data_rungs_1-3/thermodynamic_properties/quartz_beta_pbe_d3bj.csv
1988,0,-8.675585913702399,reference,DaRUS-4999/direct_upsampling_data_rungs_1-3/thermodynamic_properties/quartz_beta_pbe_d3bj.csv
1989,0,-8.6761724216712,reference,DaRUS-4999/direct_upsampling_data_rungs_1-3/thermodynamic_properties/quartz_beta_pbe_d3bj.csv
1990,0,-8.676759060306136,reference,DaRUS-4999/direct_upsampling_data_rungs_1-3/thermodynamic_properties/quartz_beta_pbe_d3bj.csv
1991,0,-8.677345829544626,reference,DaRUS-4999/direct_upsampling_data_rungs_1-3/thermodynamic_properties/quartz_beta_pbe_d3bj.csv
1992,0,-8.677932729324569,reference,DaRUS-4999/direct_upsampling_data_rungs_1-3/thermodynamic_properties/quartz_beta_pbe_d3bj.csv
1993,0,-8.678519759583725,reference,DaRUS-4999/direct_upsampling_data_rungs_1-3/thermodynamic_properties/quartz_beta_pbe_d3bj.csv
1994,0,-8.679106920259546,reference,DaRUS-4999/direct_upsampling_data_rungs_1-3/thermodynamic_properties/quartz_beta_pbe_d3bj.csv
1995,0,-8.679694211290395,reference,DaRUS-4999/direct_upsampling_data_rungs_1-3/thermodynamic_properties/quartz_beta_pbe_d3bj.csv
1996,0,-8.680281632613855,reference,DaRUS-4999/direct_upsampling_data_rungs_1-3/thermodynamic_properties/quartz_beta_pbe_d3bj.csv
1997,0,-8.680869184168278,reference,DaRUS-4999/direct_upsampling_data_rungs_1-3/thermodynamic_properties/quartz_beta_pbe_d3bj.csv
1998,0,-8.681456865891166,reference,DaRUS-4999/direct_upsampling_data_rungs_1-3/thermodynamic_properties/quartz_beta_pbe_d3bj.csv
1999,0,-8.682044677721047,reference,DaRUS-4999/direct_upsampling_data_rungs_1-3/thermodynamic_properties/quartz_beta_pbe_d3bj.csv
2000,0,-8.682632619595845,reference,DaRUS-4999/direct_upsampling_data_rungs_1-3/thermodynamic_properties/quartz_beta_pbe_d3bj.csv
2001,0,-8.683220691453981,reference,DaRUS-4999/direct_upsampling_data_rungs_1-3/thermodynamic_properties/quartz_beta_pbe_d3bj.csv
2002,0,-8.683808893233548,reference,DaRUS-4999/direct_upsampling_data_rungs_1-3/thermodynamic_properties/quartz_beta_pbe_d3bj.csv
2003,0,-8.684397224873026,reference,DaRUS-4999/direct_upsampling_data_rungs_1-3/thermodynamic_properties/quartz_beta_pbe_d3bj.csv
2004,0,-8.684985686310778,reference,DaRUS-4999/direct_upsampling_data_rungs_1-3/thermodynamic_properties/quartz_beta_pbe_d3bj.csv
2005,0,-8.685574277485246,reference,DaRUS-4999/direct_upsampling_data_rungs_1-3/thermodynamic_properties/quartz_beta_pbe_d3bj.csv
2006,0,-8.686162998334842,reference,DaRUS-4999/direct_upsampling_data_rungs_1-3/thermodynamic_properties/quartz_beta_pbe_d3bj.csv
2007,0,-8.686751848798226,reference,DaRUS-4999/direct_upsampling_data_rungs_1-3/thermodynamic_properties/quartz_beta_pbe_d3bj.csv
2008,0,-8.687340828814117,reference,DaRUS-4999/direct_upsampling_data_rungs_1-3/thermodynamic_properties/quartz_beta_pbe_d3bj.csv
2009,0,-8.687929938321144,reference,DaRUS-4999/direct_upsampling_data_rungs_1-3/thermodynamic_properties/quartz_beta_pbe_d3bj.csv
2010,0,-8.688519177258092,reference,DaRUS-4999/direct_upsampling_data_rungs_1-3/thermodynamic_properties/quartz_beta_pbe_d3bj.csv
2011,0,-8.689108545563556,reference,DaRUS-4999/direct_upsampling_data_rungs_1-3/thermodynamic_properties/quartz_beta_pbe_d3bj.csv
2012,0,-8.68969804317662,reference,DaRUS-4999/direct_upsampling_data_rungs_1-3/thermodynamic_properties/quartz_beta_pbe_d3bj.csv
2013,0,-8.690287670036174,reference,DaRUS-4999/direct_upsampling_data_rungs_1-3/thermodynamic_properties/quartz_beta_pbe_d3bj.csv
2014,0,-8.690877426081144,reference,DaRUS-4999/direct_upsampling_data_rungs_1-3/thermodynamic_properties/quartz_beta_pbe_d3bj.csv
2015,0,-8.691467311250639,reference,DaRUS-4999/direct_upsampling_data_rungs_1-3/thermodynamic_properties/quartz_beta_pbe_d3bj.csv
2016,0,-8.692057325483772,reference,DaRUS-4999/direct_upsampling_data_rungs_1-3/thermodynamic_properties/quartz_beta_pbe_d3bj.csv
2017,0,-8.692647468719592,reference,DaRUS-4999/direct_upsampling_data_rungs_1-3/thermodynamic_properties/quartz_beta_pbe_d3bj.csv
2018,0,-8.69323774089737,reference,DaRUS-4999/direct_upsampling_data_rungs_1-3/thermodynamic_properties/quartz_beta_pbe_d3bj.csv
2019,0,-8.693828141956315,reference,DaRUS-4999/direct_upsampling_data_rungs_1-3/thermodynamic_properties/quartz_beta_pbe_d3bj.csv
2020,0,-8.694418671835878,reference,DaRUS-4999/direct_upsampling_data_rungs_1-3/thermodynamic_properties/quartz_beta_pbe_d3bj.csv
2021,0,-8.695009330475282,reference,DaRUS-4999/direct_upsampling_data_rungs_1-3/thermodynamic_properties/quartz_beta_pbe_d3bj.csv
2022,0,-8.695600117814195,reference,DaRUS-4999/direct_upsampling_data_rungs_1-3/thermodynamic_properties/quartz_beta_pbe_d3bj.csv
2023,0,-8.696191033791896,reference,DaRUS-4999/direct_upsampling_data_rungs_1-3/thermodynamic_properties/quartz_beta_pbe_d3bj.csv
2024,0,-8.696782078347994,reference,DaRUS-4999/direct_upsampling_data_rungs_1-3/thermodynamic_properties/quartz_beta_pbe_d3bj.csv
2025,0,-8.697373251422105,reference,DaRUS-4999/direct_upsampling_data_rungs_1-3/thermodynamic_properties/quartz_beta_pbe_d3bj.csv
2026,0,-8.697964552953968,reference,DaRUS-4999/direct_upsampling_data_rungs_1-3/thermodynamic_properties/quartz_beta_pbe_d3bj.csv
2027,0,-8.698555982883297,reference,DaRUS-4999/direct_upsampling_data_rungs_1-3/thermodynamic_properties/quartz_beta_pbe_d3bj.csv
2028,0,-8.699147541149888,reference,DaRUS-4999/direct_upsampling_data_rungs_1-3/thermodynamic_properties/quartz_beta_pbe_d3bj.csv
2029,0,-8.699739227693453,reference,DaRUS-4999/direct_upsampling_data_rungs_1-3/thermodynamic_properties/quartz_beta_pbe_d3bj.csv
2030,0,-8.70033104245417,reference,DaRUS-4999/direct_upsampling_data_rungs_1-3/thermodynamic_properties/quartz_beta_pbe_d3bj.csv
2031,0,-8.700922985371523,reference,DaRUS-4999/direct_upsampling_data_rungs_1-3/thermodynamic_properties/quartz_beta_pbe_d3bj.csv
2032,0,-8.701515056385885,reference,DaRUS-4999/direct_upsampling_data_rungs_1-3/thermodynamic_properties/quartz_beta_pbe_d3bj.csv
2033,0,-8.702107255437417,reference,DaRUS-4999/direct_upsampling_data_rungs_1-3/thermodynamic_properties/quartz_beta_pbe_d3bj.csv
2034,0,-8.702699582465817,reference,DaRUS-4999/direct_upsampling_data_rungs_1-3/thermodynamic_properties/quartz_beta_pbe_d3bj.csv
2035,0,-8.703292037411829,reference,DaRUS-4999/direct_upsampling_data_rungs_1-3/thermodynamic_properties/quartz_beta_pbe_d3bj.csv
2036,0,-8.703884620215135,reference,DaRUS-4999/direct_upsampling_data_rungs_1-3/thermodynamic_properties/quartz_beta_pbe_d3bj.csv
2037,0,-8.704477330816287,reference,DaRUS-4999/direct_upsampling_data_rungs_1-3/thermodynamic_properties/quartz_beta_pbe_d3bj.csv
2038,0,-8.70507016915569,reference,DaRUS-4999/direct_upsampling_data_rungs_1-3/thermodynamic_properties/quartz_beta_pbe_d3bj.csv
2039,0,-8.705663135173767,reference,DaRUS-4999/direct_upsampling_data_rungs_1-3/thermodynamic_properties/quartz_beta_pbe_d3bj.csv
2040,0,-8.70625622881065,reference,DaRUS-4999/direct_upsampling_data_rungs_1-3/thermodynamic_properties/quartz_beta_pbe_d3bj.csv
2041,0,-8.706849450007248,reference,DaRUS-4999/direct_upsampling_data_rungs_1-3/thermodynamic_properties/quartz_beta_pbe_d3bj.csv
2042,0,-8.707442798703957,reference,DaRUS-4999/direct_upsampling_data_rungs_1-3/thermodynamic_properties/quartz_beta_pbe_d3bj.csv
2043,0,-8.708036274841346,reference,DaRUS-4999/direct_upsampling_data_rungs_1-3/thermodynamic_properties/quartz_beta_pbe_d3bj.csv
2044,0,-8.708629878360297,reference,DaRUS-4999/direct_upsampling_data_rungs_1-3/thermodynamic_properties/quartz_beta_pbe_d3bj.csv
2045,0,-8.709223609201374,reference,DaRUS-4999/direct_upsampling_data_rungs_1-3/thermodynamic_properties/quartz_beta_pbe_d3bj.csv
2046,0,-8.709817467305406,reference,DaRUS-4999/direct_upsampling_data_rungs_1-3/thermodynamic_properties/quartz_beta_pbe_d3bj.csv
2047,0,-8.710411452613274,reference,DaRUS-4999/direct_upsampling_data_rungs_1-3/thermodynamic_properties/quartz_beta_pbe_d3bj.csv
2048,0,-8.711005565065882,reference,DaRUS-4999/direct_upsampling_data_rungs_1-3/thermodynamic_properties/quartz_beta_pbe_d3bj.csv
2049,0,-8.711599804604138,reference,DaRUS-4999/direct_upsampling_data_rungs_1-3/thermodynamic_properties/quartz_beta_pbe_d3bj.csv
2050,0,-8.712194171169184,reference,DaRUS-4999/direct_upsampling_data_rungs_1-3/thermodynamic_properties/quartz_beta_pbe_d3bj.csv
2051,0,-8.712788664701863,reference,DaRUS-4999/direct_upsampling_data_rungs_1-3/thermodynamic_properties/quartz_beta_pbe_d3bj.csv
2052,0,-8.713383285143561,reference,DaRUS-4999/direct_upsampling_data_rungs_1-3/thermodynamic_properties/quartz_beta_pbe_d3bj.csv
2053,0,-8.71397803243528,reference,DaRUS-4999/direct_upsampling_data_rungs_1-3/thermodynamic_properties/quartz_beta_pbe_d3bj.csv
2054,0,-8.714572906518384,reference,DaRUS-4999/direct_upsampling_data_rungs_1-3/thermodynamic_properties/quartz_beta_pbe_d3bj.csv
2055,0,-8.715167907334036,reference,DaRUS-4999/direct_upsampling_data_rungs_1-3/thermodynamic_properties/quartz_beta_pbe_d3bj.csv
2056,0,-8.715763034823606,reference,DaRUS-4999/direct_upsampling_data_rungs_1-3/thermodynamic_properties/quartz_beta_pbe_d3bj.csv
2057,0,-8.716358288928584,reference,DaRUS-4999/direct_upsampling_data_rungs_1-3/thermodynamic_properties/quartz_beta_pbe_d3bj.csv
2058,0,-8.716953669590382,reference,DaRUS-4999/direct_upsampling_data_rungs_1-3/thermodynamic_properties/quartz_beta_pbe_d3bj.csv
2059,0,-8.717549176750396,reference,DaRUS-4999/direct_upsampling_data_rungs_1-3/thermodynamic_properties/quartz_beta_pbe_d3bj.csv
2060,0,-8.718144810350362,reference,DaRUS-4999/direct_upsampling_data_rungs_1-3/thermodynamic_properties/quartz_beta_pbe_d3bj.csv
2061,0,-8.718740570331887,reference,DaRUS-4999/direct_upsampling_data_rungs_1-3/thermodynamic_properties/quartz_beta_pbe_d3bj.csv
2062,0,-8.719336456636466,reference,DaRUS-4999/direct_upsampling_data_rungs_1-3/thermodynamic_properties/quartz_beta_pbe_d3bj.csv
2063,0,-8.719932469205956,reference,DaRUS-4999/direct_upsampling_data_rungs_1-3/thermodynamic_properties/quartz_beta_pbe_d3bj.csv
2064,0,-8.720528607982127,reference,DaRUS-4999/direct_upsampling_data_rungs_1-3/thermodynamic_properties/quartz_beta_pbe_d3bj.csv
2065,0,-8.721124872906774,reference,DaRUS-4999/direct_upsampling_data_rungs_1-3/thermodynamic_properties/quartz_beta_pbe_d3bj.csv
2066,0,-8.721721263921811,reference,DaRUS-4999/direct_upsampling_data_rungs_1-3/thermodynamic_properties/quartz_beta_pbe_d3bj.csv
2067,0,-8.722317780969162,reference,DaRUS-4999/direct_upsampling_data_rungs_1-3/thermodynamic_properties/quartz_beta_pbe_d3bj.csv
2068,0,-8.722914423990902,reference,DaRUS-4999/direct_upsampling_data_rungs_1-3/thermodynamic_properties/quartz_beta_pbe_d3bj.csv
2069,0,-8.723511192928987,reference,DaRUS-4999/direct_upsampling_data_rungs_1-3/thermodynamic_properties/quartz_beta_pbe_d3bj.csv
2070,0,-8.724108087725492,reference,DaRUS-4999/direct_upsampling_data_rungs_1-3/thermodynamic_properties/quartz_beta_pbe_d3bj.csv
2071,0,-8.724705108322647,reference,DaRUS-4999/direct_upsampling_data_rungs_1-3/thermodynamic_properties/quartz_beta_pbe_d3bj.csv
2072,0,-8.725302254662703,reference,DaRUS-4999/direct_upsampling_data_rungs_1-3/thermodynamic_properties/quartz_beta_pbe_d3bj.csv
2073,0,-8.725899526687774,reference,DaRUS-4999/direct_upsampling_data_rungs_1-3/thermodynamic_properties/quartz_beta_pbe_d3bj.csv
2074,0,-8.726496924340331,reference,DaRUS-4999/direct_upsampling_data_rungs_1-3/thermodynamic_properties/quartz_beta_pbe_d3bj.csv
2075,0,-8.727094447562701,reference,DaRUS-4999/direct_upsampling_data_rungs_1-3/thermodynamic_properties/quartz_beta_pbe_d3bj.csv
2076,0,-8.727692096297254,reference,DaRUS-4999/direct_upsampling_data_rungs_1-3/thermodynamic_properties/quartz_beta_pbe_d3bj.csv
2077,0,-8.728289870486449,reference,DaRUS-4999/direct_upsampling_data_rungs_1-3/thermodynamic_properties/quartz_beta_pbe_d3bj.csv
2078,0,-8.728887770072847,reference,DaRUS-4999/direct_upsampling_data_rungs_1-3/thermodynamic_properties/quartz_beta_pbe_d3bj.csv
2079,0,-8.729485794999114,reference,DaRUS-4999/direct_upsampling_data_rungs_1-3/thermodynamic_properties/quartz_beta_pbe_d3bj.csv
2080,0,-8.730083945207845,reference,DaRUS-4999/direct_upsampling_data_rungs_1-3/thermodynamic_properties/quartz_beta_pbe_d3bj.csv
2081,0,-8.730682220641574,reference,DaRUS-4999/direct_upsampling_data_rungs_1-3/thermodynamic_properties/quartz_beta_pbe_d3bj.csv
2082,0,-8.731280621243249,reference,DaRUS-4999/direct_upsampling_data_rungs_1-3/thermodynamic_properties/quartz_beta_pbe_d3bj.csv
2083,0,-8.731879146955587,reference,DaRUS-4999/direct_upsampling_data_rungs_1-3/thermodynamic_properties/quartz_beta_pbe_d3bj.csv
2084,0,-8.732477797721385,reference,DaRUS-4999/direct_upsampling_data_rungs_1-3/thermodynamic_properties/quartz_beta_pbe_d3bj.csv
2085,0,-8.733076573483629,reference,DaRUS-4999/direct_upsampling_data_rungs_1-3/thermodynamic_properties/quartz_beta_pbe_d3bj.csv
2086,0,-8.733675474185247,reference,DaRUS-4999/direct_upsampling_data_rungs_1-3/thermodynamic_properties/quartz_beta_pbe_d3bj.csv
2087,0,-8.73427449976912,reference,DaRUS-4999/direct_upsampling_data_rungs_1-3/thermodynamic_properties/quartz_beta_pbe_d3bj.csv
2088,0,-8.734873650178452,reference,DaRUS-4999/direct_upsampling_data_rungs_1-3/thermodynamic_properties/quartz_beta_pbe_d3bj.csv
2089,0,-8.735472925356323,reference,DaRUS-4999/direct_upsampling_data_rungs_1-3/thermodynamic_properties/quartz_beta_pbe_d3bj.csv
2090,0,-8.736072325245866,reference,DaRUS-4999/direct_upsampling_data_rungs_1-3/thermodynamic_properties/quartz_beta_pbe_d3bj.csv
2091,0,-8.736671849790252,reference,DaRUS-4999/direct_upsampling_data_rungs_1-3/thermodynamic_properties/quartz_beta_pbe_d3bj.csv
2092,0,-8.737271498932824,reference,DaRUS-4999/direct_upsampling_data_rungs_1-3/thermodynamic_properties/quartz_beta_pbe_d3bj.csv
2093,0,-8.737871272616879,reference,DaRUS-4999/direct_upsampling_data_rungs_1-3/thermodynamic_properties/quartz_beta_pbe_d3bj.csv
2094,0,-8.738471170785692,reference,DaRUS-4999/direct_upsampling_data_rungs_1-3/thermodynamic_properties/quartz_beta_pbe_d3bj.csv
2095,0,-8.739071193382893,reference,DaRUS-4999/direct_upsampling_data_rungs_1-3/thermodynamic_properties/quartz_beta_pbe_d3bj.csv
2096,0,-8.739671340351709,reference,DaRUS-4999/direct_upsampling_data_rungs_1-3/thermodynamic_properties/quartz_beta_pbe_d3bj.csv
2097,0,-8.740271611635858,reference,DaRUS-4999/direct_upsampling_data_rungs_1-3/thermodynamic_properties/quartz_beta_pbe_d3bj.csv
2098,0,-8.740872007178844,reference,DaRUS-4999/direct_upsampling_data_rungs_1-3/thermodynamic_properties/quartz_beta_pbe_d3bj.csv
2099,0,-8.74147252692425,reference,DaRUS-4999/direct_upsampling_data_rungs_1-3/thermodynamic_properties/quartz_beta_pbe_d3bj.csv
2100,0,-8.742073170815786,reference,DaRUS-4999/direct_upsampling_data_rungs_1-3/thermodynamic_properties/quartz_beta_pbe_d3bj.csv
2101,0,-8.742673938797207,reference,DaRUS-4999/direct_upsampling_data_rungs_1-3/thermodynamic_properties/quartz_beta_pbe_d3bj.csv
2102,0,-8.743274830812263,reference,DaRUS-4999/direct_upsampling_data_rungs_1-3/thermodynamic_properties/quartz_beta_pbe_d3bj.csv
2103,0,-8.7438758468048,reference,DaRUS-4999/direct_upsampling_data_rungs_1-3/thermodynamic_properties/quartz_beta_pbe_d3bj.csv
2104,0,-8.744476986718707,reference,DaRUS-4999/direct_upsampling_data_rungs_1-3/thermodynamic_properties/quartz_beta_pbe_d3bj.csv
2105,0,-8.745078250497906,reference,DaRUS-4999/direct_upsampling_data_rungs_1-3/thermodynamic_properties/quartz_beta_pbe_d3bj.csv
2106,0,-8.745679638086393,reference,DaRUS-4999/direct_upsampling_data_rungs_1-3/thermodynamic_properties/quartz_beta_pbe_d3bj.csv
2107,0,-8.74628114942819,reference,DaRUS-4999/direct_upsampling_data_rungs_1-3/thermodynamic_properties/quartz_beta_pbe_d3bj.csv
2108,0,-8.74688278446739,reference,DaRUS-4999/direct_upsampling_data_rungs_1-3/thermodynamic_properties/quartz_beta_pbe_d3bj.csv
2109,0,-8.747484543148191,reference,DaRUS-4999/direct_upsampling_data_rungs_1-3/thermodynamic_properties/quartz_beta_pbe_d3bj.csv
2110,0,-8.748086425414698,reference,DaRUS-4999/direct_upsampling_data_rungs_1-3/thermodynamic_properties/quartz_beta_pbe_d3bj.csv
2111,0,-8.748688431211166,reference,DaRUS-4999/direct_upsampling_data_rungs_1-3/thermodynamic_properties/quartz_beta_pbe_d3bj.csv
2112,0,-8.749290560481896,reference,DaRUS-4999/direct_upsampling_data_rungs_1-3/thermodynamic_properties/quartz_beta_pbe_d3bj.csv
2113,0,-8.74989281317125,reference,DaRUS-4999/direct_upsampling_data_rungs_1-3/thermodynamic_properties/quartz_beta_pbe_d3bj.csv
2114,0,-8.750495189223647,reference,DaRUS-4999/direct_upsampling_data_rungs_1-3/thermodynamic_properties/quartz_beta_pbe_d3bj.csv
2115,0,-8.751097688583455,reference,DaRUS-4999/direct_upsampling_data_rungs_1-3/thermodynamic_properties/quartz_beta_pbe_d3bj.csv
2116,0,-8.751700311195171,reference,DaRUS-4999/direct_upsampling_data_rungs_1-3/thermodynamic_properties/quartz_beta_pbe_d3bj.csv
2117,0,-8.752303057003415,reference,DaRUS-4999/direct_upsampling_data_rungs_1-3/thermodynamic_properties/quartz_beta_pbe_d3bj.csv
2118,0,-8.752905925952698,reference,DaRUS-4999/direct_upsampling_data_rungs_1-3/thermodynamic_properties/quartz_beta_pbe_d3bj.csv
2119,0,-8.753508917987746,reference,DaRUS-4999/direct_upsampling_data_rungs_1-3/thermodynamic_properties/quartz_beta_pbe_d3bj.csv
2120,0,-8.754112033053158,reference,DaRUS-4999/direct_upsampling_data_rungs_1-3/thermodynamic_properties/quartz_beta_pbe_d3bj.csv
2121,0,-8.754715271093769,reference,DaRUS-4999/direct_upsampling_data_rungs_1-3/thermodynamic_properties/quartz_beta_pbe_d3bj.csv
2122,0,-8.755318632054335,reference,DaRUS-4999/direct_upsampling_data_rungs_1-3/thermodynamic_properties/quartz_beta_pbe_d3bj.csv
2123,0,-8.755922115879692,reference,DaRUS-4999/direct_upsampling_data_rungs_1-3/thermodynamic_properties/quartz_beta_pbe_d3bj.csv
2124,0,-8.756525722514692,reference,DaRUS-4999/direct_upsampling_data_rungs_1-3/thermodynamic_properties/quartz_beta_pbe_d3bj.csv
2125,0,-8.757129451904385,reference,DaRUS-4999/direct_upsampling_data_rungs_1-3/thermodynamic_properties/quartz_beta_pbe_d3bj.csv
2126,0,-8.757733303993707,reference,DaRUS-4999/direct_upsampling_data_rungs_1-3/thermodynamic_properties/quartz_beta_pbe_d3bj.csv
2127,0,-8.758337278727669,reference,DaRUS-4999/direct_upsampling_data_rungs_1-3/thermodynamic_properties/quartz_beta_pbe_d3bj.csv
2128,0,-8.758941376051416,reference,DaRUS-4999/direct_upsampling_data_rungs_1-3/thermodynamic_properties/quartz_beta_pbe_d3bj.csv
2129,0,-8.759545595910046,reference,DaRUS-4999/direct_upsampling_data_rungs_1-3/thermodynamic_properties/quartz_beta_pbe_d3bj.csv
2130,0,-8.760149938248786,reference,DaRUS-4999/direct_upsampling_data_rungs_1-3/thermodynamic_properties/quartz_beta_pbe_d3bj.csv
2131,0,-8.760754403012882,reference,DaRUS-4999/direct_upsampling_data_rungs_1-3/thermodynamic_properties/quartz_beta_pbe_d3bj.csv
2132,0,-8.761358990147594,reference,DaRUS-4999/direct_upsampling_data_rungs_1-3/thermodynamic_properties/quartz_beta_pbe_d3bj.csv
2133,0,-8.761963699598278,reference,DaRUS-4999/direct_upsampling_data_rungs_1-3/thermodynamic_properties/quartz_beta_pbe_d3bj.csv
2134,0,-8.762568531310324,reference,DaRUS-4999/direct_upsampling_data_rungs_1-3/thermodynamic_properties/quartz_beta_pbe_d3bj.csv
2135,0,-8.763173485229165,reference,DaRUS-4999/direct_upsampling_data_rungs_1-3/thermodynamic_properties/quartz_beta_pbe_d3bj.csv
2136,0,-8.763778561300292,reference,DaRUS-4999/direct_upsampling_data_rungs_1-3/thermodynamic_properties/quartz_beta_pbe_d3bj.csv
2137,0,-8.764383759469233,reference,DaRUS-4999/direct_upsampling_data_rungs_1-3/thermodynamic_properties/quartz_beta_pbe_d3bj.csv
2138,0,-8.764989079681591,reference,DaRUS-4999/direct_upsampling_data_rungs_1-3/thermodynamic_properties/quartz_beta_pbe_d3bj.csv
2139,0,-8.765594521882978,reference,DaRUS-4999/direct_upsampling_data_rungs_1-3/thermodynamic_properties/quartz_beta_pbe_d3bj.csv
2140,0,-8.766200086019092,reference,DaRUS-4999/direct_upsampling_data_rungs_1-3/thermodynamic_properties/quartz_beta_pbe_d3bj.csv
2141,0,-8.766805772035687,reference,DaRUS-4999/direct_upsampling_data_rungs_1-3/thermodynamic_properties/quartz_beta_pbe_d3bj.csv
2142,0,-8.767411579878479,reference,DaRUS-4999/direct_upsampling_data_rungs_1-3/thermodynamic_properties/quartz_beta_pbe_d3bj.csv
2143,0,-8.768017509493351,reference,DaRUS-4999/direct_upsampling_data_rungs_1-3/thermodynamic_properties/quartz_beta_pbe_d3bj.csv
2144,0,-8.768623560826171,reference,DaRUS-4999/direct_upsampling_data_rungs_1-3/thermodynamic_properties/quartz_beta_pbe_d3bj.csv
2145,0,-8.769229733822854,reference,DaRUS-4999/direct_upsampling_data_rungs_1-3/thermodynamic_properties/quartz_beta_pbe_d3bj.csv
2146,0,-8.769836028429383,reference,DaRUS-4999/direct_upsampling_data_rungs_1-3/thermodynamic_properties/quartz_beta_pbe_d3bj.csv
2147,0,-8.770442444591778,reference,DaRUS-4999/direct_upsampling_data_rungs_1-3/thermodynamic_properties/quartz_beta_pbe_d3bj.csv
2148,0,-8.771048982256104,reference,DaRUS-4999/direct_upsampling_data_rungs_1-3/thermodynamic_properties/quartz_beta_pbe_d3bj.csv
2149,0,-8.771655641368495,reference,DaRUS-4999/direct_upsampling_data_rungs_1-3/thermodynamic_properties/quartz_beta_pbe_d3bj.csv
2150,0,-8.772262421875107,reference,DaRUS-4999/direct_upsampling_data_rungs_1-3/thermodynamic_properties/quartz_beta_pbe_d3bj.csv
2151,0,-8.772869323722162,reference,DaRUS-4999/direct_upsampling_data_rungs_1-3/thermodynamic_properties/quartz_beta_pbe_d3bj.csv
2152,0,-8.773476346855922,reference,DaRUS-4999/direct_upsampling_data_rungs_1-3/thermodynamic_properties/quartz_beta_pbe_d3bj.csv
2153,0,-8.77408349122269,reference,DaRUS-4999/direct_upsampling_data_rungs_1-3/thermodynamic_properties/quartz_beta_pbe_d3bj.csv
2154,0,-8.774690756768836,reference,DaRUS-4999/direct_upsampling_data_rungs_1-3/thermodynamic_properties/quartz_beta_pbe_d3bj.csv
2155,0,-8.775298143440766,reference,DaRUS-4999/direct_upsampling_data_rungs_1-3/thermodynamic_properties/quartz_beta_pbe_d3bj.csv
2156,0,-8.77590565118494,reference,DaRUS-4999/direct_upsampling_data_rungs_1-3/thermodynamic_properties/quartz_beta_pbe_d3bj.csv
2157,0,-8.776513279947849,reference,DaRUS-4999/direct_upsampling_data_rungs_1-3/thermodynamic_properties/quartz_beta_pbe_d3bj.csv
2158,0,-8.777121029676051,reference,DaRUS-4999/direct_upsampling_data_rungs_1-3/thermodynamic_properties/quartz_beta_pbe_d3bj.csv
2159,0,-8.777728900316145,reference,DaRUS-4999/direct_upsampling_data_rungs_1-3/thermodynamic_properties/quartz_beta_pbe_d3bj.csv
2160,0,-8.778336891814774,reference,DaRUS-4999/direct_upsampling_data_rungs_1-3/thermodynamic_properties/quartz_beta_pbe_d3bj.csv
2161,0,-8.778945004118635,reference,DaRUS-4999/direct_upsampling_data_rungs_1-3/thermodynamic_properties/quartz_beta_pbe_d3bj.csv
2162,0,-8.779553237174463,reference,DaRUS-4999/direct_upsampling_data_rungs_1-3/thermodynamic_properties/quartz_beta_pbe_d3bj.csv
2163,0,-8.780161590929056,reference,DaRUS-4999/direct_upsampling_data_rungs_1-3/thermodynamic_properties/quartz_beta_pbe_d3bj.csv
2164,0,-8.780770065329238,reference,DaRUS-4999/direct_upsampling_data_rungs_1-3/thermodynamic_properties/quartz_beta_pbe_d3bj.csv
2165,0,-8.781378660321902,reference,DaRUS-4999/direct_upsampling_data_rungs_1-3/thermodynamic_properties/quartz_beta_pbe_d3bj.csv
2166,0,-8.781987375853969,reference,DaRUS-4999/direct_upsampling_data_rungs_1-3/thermodynamic_properties/quartz_beta_pbe_d3bj.csv
2167,0,-8.78259621187242,reference,DaRUS-4999/direct_upsampling_data_rungs_1-3/thermodynamic_properties/quartz_beta_pbe_d3bj.csv
2168,0,-8.783205168324288,reference,DaRUS-4999/direct_upsampling_data_rungs_1-3/thermodynamic_properties/quartz_beta_pbe_d3bj.csv
2169,0,-8.783814245156625,reference,DaRUS-4999/direct_upsampling_data_rungs_1-3/thermodynamic_properties/quartz_beta_pbe_d3bj.csv
2170,0,-8.784423442316564,reference,DaRUS-4999/direct_upsampling_data_rungs_1-3/thermodynamic_properties/quartz_beta_pbe_d3bj.csv
2171,0,-8.785032759751251,reference,DaRUS-4999/direct_upsampling_data_rungs_1-3/thermodynamic_properties/quartz_beta_pbe_d3bj.csv
2172,0,-8.785642197407947,reference,DaRUS-4999/direct_upsampling_data_rungs_1-3/thermodynamic_properties/quartz_beta_pbe_d3bj.csv
2173,0,-8.786251755233835,reference,DaRUS-4999/direct_upsampling_data_rungs_1-3/thermodynamic_properties/quartz_beta_pbe_d3bj.csv
2174,0,-8.78686143317629,reference,DaRUS-4999/direct_upsampling_data_rungs_1-3/thermodynamic_properties/quartz_beta_pbe_d3bj.csv
2175,0,-8.787471231182614,reference,DaRUS-4999/direct_upsampling_data_rungs_1-3/thermodynamic_properties/quartz_beta_pbe_d3bj.csv
2176,0,-8.788081149200217,reference,DaRUS-4999/direct_upsampling_data_rungs_1-3/thermodynamic_properties/quartz_beta_pbe_d3bj.csv
2177,0,-8.78869118717658,reference,DaRUS-4999/direct_upsampling_data_rungs_1-3/thermodynamic_properties/quartz_beta_pbe_d3bj.csv
2178,0,-8.78930134505914,reference,DaRUS-4999/direct_upsampling_data_rungs_1-3/thermodynamic_properties/quartz_beta_pbe_d3bj.csv
2179,0,-8.789911622795488,reference,DaRUS-4999/direct_upsampling_data_rungs_1-3/thermodynamic_properties/quartz_beta_pbe_d3bj.csv
2180,0,-8.790522020333157,reference,DaRUS-4999/direct_upsampling_data_rungs_1-3/thermodynamic_properties/quartz_beta_pbe_d3bj.csv
2181,0,-8.791132537619792,reference,DaRUS-4999/direct_upsampling_data_rungs_1-3/thermodynamic_properties/quartz_beta_pbe_d3bj.csv
2182,0,-8.7917431746031,reference,DaRUS-4999/direct_upsampling_data_rungs_1-3/thermodynamic_properties/quartz_beta_pbe_d3bj.csv
2183,0,-8.792353931230776,reference,DaRUS-4999/direct_upsampling_data_rungs_1-3/thermodynamic_properties/quartz_beta_pbe_d3bj.csv
2184,0,-8.792964807450584,reference,DaRUS-4999/direct_upsampling_data_rungs_1-3/thermodynamic_properties/quartz_beta_pbe_d3bj.csv
2185,0,-8.793575803210357,reference,DaRUS-4999/direct_upsampling_data_rungs_1-3/thermodynamic_properties/quartz_beta_pbe_d3bj.csv
2186,0,-8.794186918457973,reference,DaRUS-4999/direct_upsampling_data_rungs_1-3/thermodynamic_properties/quartz_beta_pbe_d3bj.csv
2187,0,-8.794798153141274,reference,DaRUS-4999/direct_upsampling_data_rungs_1-3/thermodynamic_properties/quartz_beta_pbe_d3bj.csv
2188,0,-8.795409507208236,reference,DaRUS-4999/direct_upsampling_data_rungs_1-3/thermodynamic_properties/quartz_beta_pbe_d3bj.csv
2189,0,-8.796020980606894,reference,DaRUS-4999/direct_upsampling_data_rungs_1-3/thermodynamic_properties/quartz_beta_pbe_d3bj.csv
2190,0,-8.796632573285269,reference,DaRUS-4999/direct_upsampling_data_rungs_1-3/thermodynamic_properties/quartz_beta_pbe_d3bj.csv
2191,0,-8.797244285191447,reference,DaRUS-4999/direct_upsampling_data_rungs_1-3/thermodynamic_properties/quartz_beta_pbe_d3bj.csv
2192,0,-8.79785611627358,reference,DaRUS-4999/direct_upsampling_data_rungs_1-3/thermodynamic_properties/quartz_beta_pbe_d3bj.csv
2193,0,-8.798468066479849,reference,DaRUS-4999/direct_upsampling_data_rungs_1-3/thermodynamic_properties/quartz_beta_pbe_d3bj.csv
2194,0,-8.799080135758405,reference,DaRUS-4999/direct_upsampling_data_rungs_1-3/thermodynamic_properties/quartz_beta_pbe_d3bj.csv
2195,0,-8.799692324057595,reference,DaRUS-4999/direct_upsampling_data_rungs_1-3/thermodynamic_properties/quartz_beta_pbe_d3bj.csv
2196,0,-8.800304631325755,reference,DaRUS-4999/direct_upsampling_data_rungs_1-3/thermodynamic_properties/quartz_beta_pbe_d3bj.csv
2197,0,-8.800917057511199,reference,DaRUS-4999/direct_upsampling_data_rungs_1-3/thermodynamic_properties/quartz_beta_pbe_d3bj.csv
2198,0,-8.801529602562352,reference,DaRUS-4999/direct_upsampling_data_rungs_1-3/thermodynamic_properties/quartz_beta_pbe_d3bj.csv
2199,0,-8.802142266427646,reference,DaRUS-4999/direct_upsampling_data_rungs_1-3/thermodynamic_properties/quartz_beta_pbe_d3bj.csv
2200,0,-8.802755049055628,reference,DaRUS-4999/direct_upsampling_data_rungs_1-3/thermodynamic_properties/quartz_beta_pbe_d3bj.csv
2201,0,-8.803367950394756,reference,DaRUS-4999/direct_upsampling_data_rungs_1-3/thermodynamic_properties/quartz_beta_pbe_d3bj.csv
2202,0,-8.803980970393692,reference,DaRUS-4999/direct_upsampling_data_rungs_1-3/thermodynamic_properties/quartz_beta_pbe_d3bj.csv
2203,0,-8.804594109001055,reference,DaRUS-4999/direct_upsampling_data_rungs_1-3/thermodynamic_properties/quartz_beta_pbe_d3bj.csv
2204,0,-8.80520736616551,reference,DaRUS-4999/direct_upsampling_data_rungs_1-3/thermodynamic_properties/quartz_beta_pbe_d3bj.csv
2205,0,-8.80582074183577,reference,DaRUS-4999/direct_upsampling_data_rungs_1-3/thermodynamic_properties/quartz_beta_pbe_d3bj.csv
2206,0,-8.806434235960623,reference,DaRUS-4999/direct_upsampling_data_rungs_1-3/thermodynamic_properties/quartz_beta_pbe_d3bj.csv
2207,0,-8.807047848488843,reference,DaRUS-4999/direct_upsampling_data_rungs_1-3/thermodynamic_properties/quartz_beta_pbe_d3bj.csv
2208,0,-8.807661579369347,reference,DaRUS-4999/direct_upsampling_data_rungs_1-3/thermodynamic_properties/quartz_beta_pbe_d3bj.csv
2209,0,-8.808275428551045,reference,DaRUS-4999/direct_upsampling_data_rungs_1-3/thermodynamic_properties/quartz_beta_pbe_d3bj.csv
2210,0,-8.80888939598276,reference,DaRUS-4999/direct_upsampling_data_rungs_1-3/thermodynamic_properties/quartz_beta_pbe_d3bj.csv
2211,0,-8.809503481613618,reference,DaRUS-4999/direct_upsampling_data_rungs_1-3/thermodynamic_properties/quartz_beta_pbe_d3bj.csv
2212,0,-8.810117685392598,reference,DaRUS-4999/direct_upsampling_data_rungs_1-3/thermodynamic_properties/quartz_beta_pbe_d3bj.csv
2213,0,-8.810732007268752,reference,DaRUS-4999/direct_upsampling_data_rungs_1-3/thermodynamic_properties/quartz_beta_pbe_d3bj.csv
2214,0,-8.811346447191227,reference,DaRUS-4999/direct_upsampling_data_rungs_1-3/thermodynamic_properties/quartz_beta_pbe_d3bj.csv
2215,0,-8.811961005109175,reference,DaRUS-4999/direct_upsampling_data_rungs_1-3/thermodynamic_properties/quartz_beta_pbe_d3bj.csv
2216,0,-8.812575680971943,reference,DaRUS-4999/direct_upsampling_data_rungs_1-3/thermodynamic_properties/quartz_beta_pbe_d3bj.csv
2217,0,-8.813190474728554,reference,DaRUS-4999/direct_upsampling_data_rungs_1-3/thermodynamic_properties/quartz_beta_pbe_d3bj.csv
2218,0,-8.813805386328552,reference,DaRUS-4999/direct_upsampling_data_rungs_1-3/thermodynamic_properties/quartz_beta_pbe_d3bj.csv
2219,0,-8.814420415721042,reference,DaRUS-4999/direct_upsampling_data_rungs_1-3/thermodynamic_properties/quartz_beta_pbe_d3bj.csv
2220,0,-8.815035562855542,reference,DaRUS-4999/direct_upsampling_data_rungs_1-3/thermodynamic_properties/quartz_beta_pbe_d3bj.csv
2221,0,-8.815650827681511,reference,DaRUS-4999/direct_upsampling_data_rungs_1-3/thermodynamic_properties/quartz_beta_pbe_d3bj.csv
2222,0,-8.816266210148337,reference,DaRUS-4999/direct_upsampling_data_rungs_1-3/thermodynamic_properties/quartz_beta_pbe_d3bj.csv
2223,0,-8.816881710205587,reference,DaRUS-4999/direct_upsampling_data_rungs_1-3/thermodynamic_properties/quartz_beta_pbe_d3bj.csv
2224,0,-8.81749732780286,reference,DaRUS-4999/direct_upsampling_data_rungs_1-3/thermodynamic_properties/quartz_beta_pbe_d3bj.csv
2225,0,-8.818113062889633,reference,DaRUS-4999/direct_upsampling_data_rungs_1-3/thermodynamic_properties/quartz_beta_pbe_d3bj.csv
2226,0,-8.818728915415731,reference,DaRUS-4999/direct_upsampling_data_rungs_1-3/thermodynamic_properties/quartz_beta_pbe_d3bj.csv
2227,0,-8.819344885330759,reference,DaRUS-4999/direct_upsampling_data_rungs_1-3/thermodynamic_properties/quartz_beta_pbe_d3bj.csv
2228,0,-8.819960972584436,reference,DaRUS-4999/direct_upsampling_data_rungs_1-3/thermodynamic_properties/quartz_beta_pbe_d3bj.csv
2229,0,-8.820577177126511,reference,DaRUS-4999/direct_upsampling_data_rungs_1-3/thermodynamic_properties/quartz_beta_pbe_d3bj.csv
2230,0,-8.821193498906904,reference,DaRUS-4999/direct_upsampling_data_rungs_1-3/thermodynamic_properties/quartz_beta_pbe_d3bj.csv
2231,0,-8.821809937875496,reference,DaRUS-4999/direct_upsampling_data_rungs_1-3/thermodynamic_properties/quartz_beta_pbe_d3bj.csv
2232,0,-8.822426493982077,reference,DaRUS-4999/direct_upsampling_data_rungs_1-3/thermodynamic_properties/quartz_beta_pbe_d3bj.csv
2233,0,-8.823043167176762,reference,DaRUS-4999/direct_upsampling_data_rungs_1-3/thermodynamic_properties/quartz_beta_pbe_d3bj.csv
2234,0,-8.823659957409388,reference,DaRUS-4999/direct_upsampling_data_rungs_1-3/thermodynamic_properties/quartz_beta_pbe_d3bj.csv
2235,0,-8.82427686463005,reference,DaRUS-4999/direct_upsampling_data_rungs_1-3/thermodynamic_properties/quartz_beta_pbe_d3bj.csv
2236,0,-8.824893888788928,reference,DaRUS-4999/direct_upsampling_data_rungs_1-3/thermodynamic_properties/quartz_beta_pbe_d3bj.csv
2237,0,-8.825511029836001,reference,DaRUS-4999/direct_upsampling_data_rungs_1-3/thermodynamic_properties/quartz_beta_pbe_d3bj.csv
2238,0,-8.826128287721506,reference,DaRUS-4999/direct_upsampling_data_rungs_1-3/thermodynamic_properties/quartz_beta_pbe_d3bj.csv
2239,0,-8.826745662395677,reference,DaRUS-4999/direct_upsampling_data_rungs_1-3/thermodynamic_properties/quartz_beta_pbe_d3bj.csv
2240,0,-8.827363153808726,reference,DaRUS-4999/direct_upsampling_data_rungs_1-3/thermodynamic_properties/quartz_beta_pbe_d3bj.csv
2241,0,-8.827980761910975,reference,DaRUS-4999/direct_upsampling_data_rungs_1-3/thermodynamic_properties/quartz_beta_pbe_d3bj.csv
2242,0,-8.828598486652785,reference,DaRUS-4999/direct_upsampling_data_rungs_1-3/thermodynamic_properties/quartz_beta_pbe_d3bj.csv
2243,0,-8.829216327984449,reference,DaRUS-4999/direct_upsampling_data_rungs_1-3/thermodynamic_properties/quartz_beta_pbe_d3bj.csv
2244,0,-8.829834285856546,reference,DaRUS-4999/direct_upsampling_data_rungs_1-3/thermodynamic_properties/quartz_beta_pbe_d3bj.csv
2245,0,-8.830452360219436,reference,DaRUS-4999/direct_upsampling_data_rungs_1-3/thermodynamic_properties/quartz_beta_pbe_d3bj.csv
2246,0,-8.831070551023636,reference,DaRUS-4999/direct_upsampling_data_rungs_1-3/thermodynamic_properties/quartz_beta_pbe_d3bj.csv
2247,0,-8.831688858219806,reference,DaRUS-4999/direct_upsampling_data_rungs_1-3/thermodynamic_properties/quartz_beta_pbe_d3bj.csv
2248,0,-8.832307281758315,reference,DaRUS-4999/direct_upsampling_data_rungs_1-3/thermodynamic_properties/quartz_beta_pbe_d3bj.csv
2249,0,-8.832925821590011,reference,DaRUS-4999/direct_upsampling_data_rungs_1-3/thermodynamic_properties/quartz_beta_pbe_d3bj.csv
2250,0,-8.833544477665631,reference,DaRUS-4999/direct_upsampling_data_rungs_1-3/thermodynamic_properties/quartz_beta_pbe_d3bj.csv
2251,0,-8.834163249935632,reference,DaRUS-4999/direct_upsampling_data_rungs_1-3/thermodynamic_properties/quartz_beta_pbe_d3bj.csv
2252,0,-8.834782138350933,reference,DaRUS-4999/direct_upsampling_data_rungs_1-3/thermodynamic_properties/quartz_beta_pbe_d3bj.csv
2253,0,-8.835401142862299,reference,DaRUS-4999/direct_upsampling_data_rungs_1-3/thermodynamic_properties/quartz_beta_pbe_d3bj.csv
2254,0,-8.83602026342073,reference,DaRUS-4999/direct_upsampling_data_rungs_1-3/thermodynamic_properties/quartz_beta_pbe_d3bj.csv
2255,0,-8.836639499976927,reference,DaRUS-4999/direct_upsampling_data_rungs_1-3/thermodynamic_properties/quartz_beta_pbe_d3bj.csv
2256,0,-8.837258852481934,reference,DaRUS-4999/direct_upsampling_data_rungs_1-3/thermodynamic_properties/quartz_beta_pbe_d3bj.csv
2257,0,-8.83787832088664,reference,DaRUS-4999/direct_upsampling_data_rungs_1-3/thermodynamic_properties/quartz_beta_pbe_d3bj.csv
2258,0,-8.83849790514223,reference,DaRUS-4999/direct_upsampling_data_rungs_1-3/thermodynamic_properties/quartz_beta_pbe_d3bj.csv
2259,0,-8.839117605199533,reference,DaRUS-4999/direct_upsampling_data_rungs_1-3/thermodynamic_properties/quartz_beta_pbe_d3bj.csv
2260,0,-8.839737421009819,reference,DaRUS-4999/direct_upsampling_data_rungs_1-3/thermodynamic_properties/quartz_beta_pbe_d3bj.csv
2261,0,-8.840357352524224,reference,DaRUS-4999/direct_upsampling_data_rungs_1-3/thermodynamic_properties/quartz_beta_pbe_d3bj.csv
2262,0,-8.840977399693745,reference,DaRUS-4999/direct_upsampling_data_rungs_1-3/thermodynamic_properties/quartz_beta_pbe_d3bj.csv
2263,0,-8.841597562469863,reference,DaRUS-4999/direct_upsampling_data_rungs_1-3/thermodynamic_properties/quartz_beta_pbe_d3bj.csv
2264,0,-8.842217840803723,reference,DaRUS-4999/direct_upsampling_data_rungs_1-3/thermodynamic_properties/quartz_beta_pbe_d3bj.csv
2265,0,-8.842838234646671,reference,DaRUS-4999/direct_upsampling_data_rungs_1-3/thermodynamic_properties/quartz_beta_pbe_d3bj.csv
2266,0,-8.843458743949961,reference,DaRUS-4999/direct_upsampling_data_rungs_1-3/thermodynamic_properties/quartz_beta_pbe_d3bj.csv
2267,0,-8.84407936866516,reference,DaRUS-4999/direct_upsampling_data_rungs_1-3/thermodynamic_properties/quartz_beta_pbe_d3bj.csv
2268,0,-8.844700108743474,reference,DaRUS-4999/direct_upsampling_data_rungs_1-3/thermodynamic_properties/quartz_beta_pbe_d3bj.csv
2269,0,-8.845320964136617,reference,DaRUS-4999/direct_upsampling_data_rungs_1-3/thermodynamic_properties/quartz_beta_pbe_d3bj.csv
2270,0,-8.845941934795897,reference,DaRUS-4999/direct_upsampling_data_rungs_1-3/thermodynamic_properties/quartz_beta_pbe_d3bj.csv
2271,0,-8.846563020673075,reference,DaRUS-4999/direct_upsampling_data_rungs_1-3/thermodynamic_properties/quartz_beta_pbe_d3bj.csv
2272,0,-8.847184221719624,reference,DaRUS-4999/direct_upsampling_data_rungs_1-3/thermodynamic_properties/quartz_beta_pbe_d3bj.csv
2273,0,-8.847805537887037,reference,DaRUS-4999/direct_upsampling_data_rungs_1-3/thermodynamic_properties/quartz_beta_pbe_d3bj.csv
2274,0,-8.848426969127368,reference,DaRUS-4999/direct_upsampling_data_rungs_1-3/thermodynamic_properties/quartz_beta_pbe_d3bj.csv
2275,0,-8.84904851539199,reference,DaRUS-4999/direct_upsampling_data_rungs_1-3/thermodynamic_properties/quartz_beta_pbe_d3bj.csv
2276,0,-8.849670176632937,reference,DaRUS-4999/direct_upsampling_data_rungs_1-3/thermodynamic_properties/quartz_beta_pbe_d3bj.csv
2277,0,-8.850291952801877,reference,DaRUS-4999/direct_upsampling_data_rungs_1-3/thermodynamic_properties/quartz_beta_pbe_d3bj.csv
2278,0,-8.850913843850647,reference,DaRUS-4999/direct_upsampling_data_rungs_1-3/thermodynamic_properties/quartz_beta_pbe_d3bj.csv
2279,0,-8.851535849731036,reference,DaRUS-4999/direct_upsampling_data_rungs_1-3/thermodynamic_properties/quartz_beta_pbe_d3bj.csv
2280,0,-8.852157970395108,reference,DaRUS-4999/direct_upsampling_data_rungs_1-3/thermodynamic_properties/quartz_beta_pbe_d3bj.csv
2281,0,-8.852780205794822,reference,DaRUS-4999/direct_upsampling_data_rungs_1-3/thermodynamic_properties/quartz_beta_pbe_d3bj.csv
2282,0,-8.853402555882184,reference,DaRUS-4999/direct_upsampling_data_rungs_1-3/thermodynamic_properties/quartz_beta_pbe_d3bj.csv
2283,0,-8.854025020609368,reference,DaRUS-4999/direct_upsampling_data_rungs_1-3/thermodynamic_properties/quartz_beta_pbe_d3bj.csv
2284,0,-8.854647599928242,reference,DaRUS-4999/direct_upsampling_data_rungs_1-3/thermodynamic_properties/quartz_beta_pbe_d3bj.csv
2285,0,-8.855270293791,reference,DaRUS-4999/direct_upsampling_data_rungs_1-3/thermodynamic_properties/quartz_beta_pbe_d3bj.csv
2286,0,-8.855893102149675,reference,DaRUS-4999/direct_upsampling_data_rungs_1-3/thermodynamic_properties/quartz_beta_pbe_d3bj.csv
2287,0,-8.856516024956914,reference,DaRUS-4999/direct_upsampling_data_rungs_1-3/thermodynamic_properties/quartz_beta_pbe_d3bj.csv
2288,0,-8.85713906216435,reference,DaRUS-4999/direct_upsampling_data_rungs_1-3/thermodynamic_properties/quartz_beta_pbe_d3bj.csv
2289,0,-8.85776221372482,reference,DaRUS-4999/direct_upsampling_data_rungs_1-3/thermodynamic_properties/quartz_beta_pbe_d3bj.csv
2290,0,-8.858385479590485,reference,DaRUS-4999/direct_upsampling_data_rungs_1-3/thermodynamic_properties/quartz_beta_pbe_d3bj.csv
2291,0,-8.85900885971353,reference,DaRUS-4999/direct_upsampling_data_rungs_1-3/thermodynamic_properties/quartz_beta_pbe_d3bj.csv
2292,0,-8.859632354046544,reference,DaRUS-4999/direct_upsampling_data_rungs_1-3/thermodynamic_properties/quartz_beta_pbe_d3bj.csv
2293,0,-8.860255962541968,reference,DaRUS-4999/direct_upsampling_data_rungs_1-3/thermodynamic_properties/quartz_beta_pbe_d3bj.csv
2294,0,-8.860879685152291,reference,DaRUS-4999/direct_upsampling_data_rungs_1-3/thermodynamic_properties/quartz_beta_pbe_d3bj.csv
2295,0,-8.861503521829983,reference,DaRUS-4999/direct_upsampling_data_rungs_1-3/thermodynamic_properties/quartz_beta_pbe_d3bj.csv
2296,0,-8.862127472527741,reference,DaRUS-4999/direct_upsampling_data_rungs_1-3/thermodynamic_properties/quartz_beta_pbe_d3bj.csv
2297,0,-8.862751537198056,reference,DaRUS-4999/direct_upsampling_data_rungs_1-3/thermodynamic_properties/quartz_beta_pbe_d3bj.csv
2298,0,-8.863375715793516,reference,DaRUS-4999/direct_upsampling_data_rungs_1-3/thermodynamic_properties/quartz_beta_pbe_d3bj.csv
2299,0,-8.864000008267009,reference,DaRUS-4999/direct_upsampling_data_rungs_1-3/thermodynamic_properties/quartz_beta_pbe_d3bj.csv
2300,0,-8.864624414571237,reference,DaRUS-4999/direct_upsampling_data_rungs_1-3/thermodynamic_properties/quartz_beta_pbe_d3bj.csv
2301,0,-8.865248934658769,reference,DaRUS-4999/direct_upsampling_data_rungs_1-3/thermodynamic_properties/quartz_beta_pbe_d3bj.csv
2302,0,-8.865873568482568,reference,DaRUS-4999/direct_upsampling_data_rungs_1-3/thermodynamic_properties/quartz_beta_pbe_d3bj.csv
2303,0,-8.866498315995511,reference,DaRUS-4999/direct_upsampling_data_rungs_1-3/thermodynamic_properties/quartz_beta_pbe_d3bj.csv
2304,0,-8.867123177150351,reference,DaRUS-4999/direct_upsampling_data_rungs_1-3/thermodynamic_properties/quartz_beta_pbe_d3bj.csv
2305,0,-8.867748151900246,reference,DaRUS-4999/direct_upsampling_data_rungs_1-3/thermodynamic_properties/quartz_beta_pbe_d3bj.csv
2306,0,-8.868373240197863,reference,DaRUS-4999/direct_upsampling_data_rungs_1-3/thermodynamic_properties/quartz_beta_pbe_d3bj.csv
2307,0,-8.868998441996425,reference,DaRUS-4999/direct_upsampling_data_rungs_1-3/thermodynamic_properties/quartz_beta_pbe_d3bj.csv
2308,0,-8.869623757248929,reference,DaRUS-4999/direct_upsampling_data_rungs_1-3/thermodynamic_properties/quartz_beta_pbe_d3bj.csv
2309,0,-8.870249185908548,reference,DaRUS-4999/direct_upsampling_data_rungs_1-3/thermodynamic_properties/quartz_beta_pbe_d3bj.csv
2310,0,-8.870874727928118,reference,DaRUS-4999/direct_upsampling_data_rungs_1-3/thermodynamic_properties/quartz_beta_pbe_d3bj.csv
2311,0,-8.87150038326109,reference,DaRUS-4999/direct_upsampling_data_rungs_1-3/thermodynamic_properties/quartz_beta_pbe_d3bj.csv
2312,0,-8.872126151860702,reference,DaRUS-4999/direct_upsampling_data_rungs_1-3/thermodynamic_properties/quartz_beta_pbe_d3bj.csv
2313,0,-8.872752033679978,reference,DaRUS-4999/direct_upsampling_data_rungs_1-3/thermodynamic_properties/quartz_beta_pbe_d3bj.csv
2314,0,-8.873378028672221,reference,DaRUS-4999/direct_upsampling_data_rungs_1-3/thermodynamic_properties/quartz_beta_pbe_d3bj.csv
2315,0,-8.874004136790944,reference,DaRUS-4999/direct_upsampling_data_rungs_1-3/thermodynamic_properties/quartz_beta_pbe_d3bj.csv
2316,0,-8.87463035798932,reference,DaRUS-4999/direct_upsampling_data_rungs_1-3/thermodynamic_properties/quartz_beta_pbe_d3bj.csv
2317,0,-8.875256692220775,reference,DaRUS-4999/direct_upsampling_data_rungs_1-3/thermodynamic_properties/quartz_beta_pbe_d3bj.csv
2318,0,-8.875883139438894,reference,DaRUS-4999/direct_upsampling_data_rungs_1-3/thermodynamic_properties/quartz_beta_pbe_d3bj.csv
2319,0,-8.876509699596983,reference,DaRUS-4999/direct_upsampling_data_rungs_1-3/thermodynamic_properties/quartz_beta_pbe_d3bj.csv
2320,0,-8.87713637264863,reference,DaRUS-4999/direct_upsampling_data_rungs_1-3/thermodynamic_properties/quartz_beta_pbe_d3bj.csv
2321,0,-8.877763158547415,reference,DaRUS-4999/direct_upsampling_data_rungs_1-3/thermodynamic_properties/quartz_beta_pbe_d3bj.csv
2322,0,-8.878390057246847,reference,DaRUS-4999/direct_upsampling_data_rungs_1-3/thermodynamic_properties/quartz_beta_pbe_d3bj.csv
2323,0,-8.879017068700668,reference,DaRUS-4999/direct_upsampling_data_rungs_1-3/thermodynamic_properties/quartz_beta_pbe_d3bj.csv
2324,0,-8.879644192862351,reference,DaRUS-4999/direct_upsampling_data_rungs_1-3/thermodynamic_properties/quartz_beta_pbe_d3bj.csv
2325,0,-8.880271429685934,reference,DaRUS-4999/direct_upsampling_data_rungs_1-3/thermodynamic_properties/quartz_beta_pbe_d3bj.csv
2326,0,-8.880898779124937,reference,DaRUS-4999/direct_upsampling_data_rungs_1-3/thermodynamic_properties/quartz_beta_pbe_d3bj.csv
2327,0,-8.881526241133036,reference,DaRUS-4999/direct_upsampling_data_rungs_1-3/thermodynamic_properties/quartz_beta_pbe_d3bj.csv
2328,0,-8.882153815664324,reference,DaRUS-4999/direct_upsampling_data_rungs_1-3/thermodynamic_properties/quartz_beta_pbe_d3bj.csv
2329,0,-8.882781502672486,reference,DaRUS-4999/direct_upsampling_data_rungs_1-3/thermodynamic_properties/quartz_beta_pbe_d3bj.csv
2330,0,-8.883409302111506,reference,DaRUS-4999/direct_upsampling_data_rungs_1-3/thermodynamic_properties/quartz_beta_pbe_d3bj.csv
2331,0,-8.884037213935233,reference,DaRUS-4999/direct_upsampling_data_rungs_1-3/thermodynamic_properties/quartz_beta_pbe_d3bj.csv
2332,0,-8.884665238097755,reference,DaRUS-4999/direct_upsampling_data_rungs_1-3/thermodynamic_properties/quartz_beta_pbe_d3bj.csv
2333,0,-8.885293374552933,reference,DaRUS-4999/direct_upsampling_data_rungs_1-3/thermodynamic_properties/quartz_beta_pbe_d3bj.csv
2334,0,-8.885921623255015,reference,DaRUS-4999/direct_upsampling_data_rungs_1-3/thermodynamic_properties/quartz_beta_pbe_d3bj.csv
2335,0,-8.886549984157975,reference,DaRUS-4999/direct_upsampling_data_rungs_1-3/thermodynamic_properties/quartz_beta_pbe_d3bj.csv
2336,0,-8.887178457216093,reference,DaRUS-4999/direct_upsampling_data_rungs_1-3/thermodynamic_properties/quartz_beta_pbe_d3bj.csv
2337,0,-8.887807042383329,reference,DaRUS-4999/direct_upsampling_data_rungs_1-3/thermodynamic_properties/quartz_beta_pbe_d3bj.csv
2338,0,-8.888435739613822,reference,DaRUS-4999/direct_upsampling_data_rungs_1-3/thermodynamic_properties/quartz_beta_pbe_d3bj.csv
2339,0,-8.889064548862084,reference,DaRUS-4999/direct_upsampling_data_rungs_1-3/thermodynamic_properties/quartz_beta_pbe_d3bj.csv
2340,0,-8.889693470082209,reference,DaRUS-4999/direct_upsampling_data_rungs_1-3/thermodynamic_properties/quartz_beta_pbe_d3bj.csv
2341,0,-8.890322503228608,reference,DaRUS-4999/direct_upsampling_data_rungs_1-3/thermodynamic_properties/quartz_beta_pbe_d3bj.csv
2342,0,-8.890951648255577,reference,DaRUS-4999/direct_upsampling_data_rungs_1-3/thermodynamic_properties/quartz_beta_pbe_d3bj.csv
2343,0,-8.891580905117571,reference,DaRUS-4999/direct_upsampling_data_rungs_1-3/thermodynamic_properties/quartz_beta_pbe_d3bj.csv
2344,0,-8.892210273769001,reference,DaRUS-4999/direct_upsampling_data_rungs_1-3/thermodynamic_properties/quartz_beta_pbe_d3bj.csv
2345,0,-8.892839754164436,reference,DaRUS-4999/direct_upsampling_data_rungs_1-3/thermodynamic_properties/quartz_beta_pbe_d3bj.csv
2346,0,-8.893469346257994,reference,DaRUS-4999/direct_upsampling_data_rungs_1-3/thermodynamic_properties/quartz_beta_pbe_d3bj.csv
2347,0,-8.894099050004783,reference,DaRUS-4999/direct_upsampling_data_rungs_1-3/thermodynamic_properties/quartz_beta_pbe_d3bj.csv
2348,0,-8.89472886535899,reference,DaRUS-4999/direct_upsampling_data_rungs_1-3/thermodynamic_properties/quartz_beta_pbe_d3bj.csv
2349,0,-8.895358792275264,reference,DaRUS-4999/direct_upsampling_data_rungs_1-3/thermodynamic_properties/quartz_beta_pbe_d3bj.csv
2350,0,-8.895988830708362,reference,DaRUS-4999/direct_upsampling_data_rungs_1-3/thermodynamic_properties/quartz_beta_pbe_d3bj.csv
2351,0,-8.896618980613031,reference,DaRUS-4999/direct_upsampling_data_rungs_1-3/thermodynamic_properties/quartz_beta_pbe_d3bj.csv
2352,0,-8.897249241943916,reference,DaRUS-4999/direct_upsampling_data_rungs_1-3/thermodynamic_properties/quartz_beta_pbe_d3bj.csv
2353,0,-8.897879614655707,reference,DaRUS-4999/direct_upsampling_data_rungs_1-3/thermodynamic_properties/quartz_beta_pbe_d3bj.csv
2354,0,-8.898510098703387,reference,DaRUS-4999/direct_upsampling_data_rungs_1-3/thermodynamic_properties/quartz_beta_pbe_d3bj.csv
2355,0,-8.899140694041803,reference,DaRUS-4999/direct_upsampling_data_rungs_1-3/thermodynamic_properties/quartz_beta_pbe_d3bj.csv
2356,0,-8.899771400625495,reference,DaRUS-4999/direct_upsampling_data_rungs_1-3/thermodynamic_properties/quartz_beta_pbe_d3bj.csv
2357,0,-8.900402218409814,reference,DaRUS-4999/direct_upsampling_data_rungs_1-3/thermodynamic_properties/quartz_beta_pbe_d3bj.csv
2358,0,-8.901033147349407,reference,DaRUS-4999/direct_upsampling_data_rungs_1-3/thermodynamic_properties/quartz_beta_pbe_d3bj.csv
2359,0,-8.901664187399469,reference,DaRUS-4999/direct_upsampling_data_rungs_1-3/thermodynamic_properties/quartz_beta_pbe_d3bj.csv
2360,0,-8.902295338515051,reference,DaRUS-4999/direct_upsampling_data_rungs_1-3/thermodynamic_properties/quartz_beta_pbe_d3bj.csv
2361,0,-8.902926600650927,reference,DaRUS-4999/direct_upsampling_data_rungs_1-3/thermodynamic_properties/quartz_beta_pbe_d3bj.csv
2362,0,-8.903557973762441,reference,DaRUS-4999/direct_upsampling_data_rungs_1-3/thermodynamic_properties/quartz_beta_pbe_d3bj.csv
2363,0,-8.904189457804748,reference,DaRUS-4999/direct_upsampling_data_rungs_1-3/thermodynamic_properties/quartz_beta_pbe_d3bj.csv
2364,0,-8.904821052732803,reference,DaRUS-4999/direct_upsampling_data_rungs_1-3/thermodynamic_properties/quartz_beta_pbe_d3bj.csv
2365,0,-8.905452758501868,reference,DaRUS-4999/direct_upsampling_data_rungs_1-3/thermodynamic_properties/quartz_beta_pbe_d3bj.csv
2366,0,-8.906084575067501,reference,DaRUS-4999/direct_upsampling_data_rungs_1-3/thermodynamic_properties/quartz_beta_pbe_d3bj.csv
2367,0,-8.906716502384711,reference,DaRUS-4999/direct_upsampling_data_rungs_1-3/thermodynamic_properties/quartz_beta_pbe_d3bj.csv
2368,0,-8.907348540408821,reference,DaRUS-4999/direct_upsampling_data_rungs_1-3/thermodynamic_properties/quartz_beta_pbe_d3bj.csv
2369,0,-8.907980689095488,reference,DaRUS-4999/direct_upsampling_data_rungs_1-3/thermodynamic_properties/quartz_beta_pbe_d3bj.csv
2370,0,-8.90861294839965,reference,DaRUS-4999/direct_upsampling_data_rungs_1-3/thermodynamic_properties/quartz_beta_pbe_d3bj.csv
2371,0,-8.909245318276918,reference,DaRUS-4999/direct_upsampling_data_rungs_1-3/thermodynamic_properties/quartz_beta_pbe_d3bj.csv
2372,0,-8.909877798682929,reference,DaRUS-4999/direct_upsampling_data_rungs_1-3/thermodynamic_properties/quartz_beta_pbe_d3bj.csv
2373,0,-8.910510389572849,reference,DaRUS-4999/direct_upsampling_data_rungs_1-3/thermodynamic_properties/quartz_beta_pbe_d3bj.csv
2374,0,-8.911143090902595,reference,DaRUS-4999/direct_upsampling_data_rungs_1-3/thermodynamic_properties/quartz_beta_pbe_d3bj.csv
2375,0,-8.911775902627515,reference,DaRUS-4999/direct_upsampling_data_rungs_1-3/thermodynamic_properties/quartz_beta_pbe_d3bj.csv
2376,0,-8.912408824703363,reference,DaRUS-4999/direct_upsampling_data_rungs_1-3/thermodynamic_properties/quartz_beta_pbe_d3bj.csv
2377,0,-8.913041857085576,reference,DaRUS-4999/direct_upsampling_data_rungs_1-3/thermodynamic_properties/quartz_beta_pbe_d3bj.csv
2378,0,-8.913674999729942,reference,DaRUS-4999/direct_upsampling_data_rungs_1-3/thermodynamic_properties/quartz_beta_pbe_d3bj.csv
2379,0,-8.914308252592361,reference,DaRUS-4999/direct_upsampling_data_rungs_1-3/thermodynamic_properties/quartz_beta_pbe_d3bj.csv
2380,0,-8.914941615628273,reference,DaRUS-4999/direct_upsampling_data_rungs_1-3/thermodynamic_properties/quartz_beta_pbe_d3bj.csv
2381,0,-8.915575088793705,reference,DaRUS-4999/direct_upsampling_data_rungs_1-3/thermodynamic_properties/quartz_beta_pbe_d3bj.csv
2382,0,-8.916208672044236,reference,DaRUS-4999/direct_upsampling_data_rungs_1-3/thermodynamic_properties/quartz_beta_pbe_d3bj.csv
2383,0,-8.916842365336066,reference,DaRUS-4999/direct_upsampling_data_rungs_1-3/thermodynamic_properties/quartz_beta_pbe_d3bj.csv
2384,0,-8.917476168624988,reference,DaRUS-4999/direct_upsampling_data_rungs_1-3/thermodynamic_properties/quartz_beta_pbe_d3bj.csv
2385,0,-8.918110081866701,reference,DaRUS-4999/direct_upsampling_data_rungs_1-3/thermodynamic_properties/quartz_beta_pbe_d3bj.csv
2386,0,-8.918744105017547,reference,DaRUS-4999/direct_upsampling_data_rungs_1-3/thermodynamic_properties/quartz_beta_pbe_d3bj.csv
2387,0,-8.919378238033257,reference,DaRUS-4999/direct_upsampling_data_rungs_1-3/thermodynamic_properties/quartz_beta_pbe_d3bj.csv
2388,0,-8.920012480869925,reference,DaRUS-4999/direct_upsampling_data_rungs_1-3/thermodynamic_properties/quartz_beta_pbe_d3bj.csv
2389,0,-8.920646833483698,reference,DaRUS-4999/direct_upsampling_data_rungs_1-3/thermodynamic_properties/quartz_beta_pbe_d3bj.csv
2390,0,-8.92128129583071,reference,DaRUS-4999/direct_upsampling_data_rungs_1-3/thermodynamic_properties/quartz_beta_pbe_d3bj.csv
2391,0,-8.921915867866986,reference,DaRUS-4999/direct_upsampling_data_rungs_1-3/thermodynamic_properties/quartz_beta_pbe_d3bj.csv
2392,0,-8.922550549548721,reference,DaRUS-4999/direct_upsampling_data_rungs_1-3/thermodynamic_properties/quartz_beta_pbe_d3bj.csv
2393,0,-8.923185340832235,reference,DaRUS-4999/direct_upsampling_data_rungs_1-3/thermodynamic_properties/quartz_beta_pbe_d3bj.csv
2394,0,-8.923820241673745,reference,DaRUS-4999/direct_upsampling_data_rungs_1-3/thermodynamic_properties/quartz_beta_pbe_d3bj.csv
2395,0,-8.924455252029695,reference,DaRUS-4999/direct_upsampling_data_rungs_1-3/thermodynamic_properties/quartz_beta_pbe_d3bj.csv
2396,0,-8.925090371856026,reference,DaRUS-4999/direct_upsampling_data_rungs_1-3/thermodynamic_properties/quartz_beta_pbe_d3bj.csv
2397,0,-8.92572560110961,reference,DaRUS-4999/direct_upsampling_data_rungs_1-3/thermodynamic_properties/quartz_beta_pbe_d3bj.csv
2398,0,-8.926360939746317,reference,DaRUS-4999/direct_upsampling_data_rungs_1-3/thermodynamic_properties/quartz_beta_pbe_d3bj.csv
2399,0,-8.926996387722857,reference,DaRUS-4999/direct_upsampling_data_rungs_1-3/thermodynamic_properties/quartz_beta_pbe_d3bj.csv
2400,0,-8.927631944996095,reference,DaRUS-4999/direct_upsampling_data_rungs_1-3/thermodynamic_properties/quartz_beta_pbe_d3bj.csv
2401,0,-8.928267611521591,reference,DaRUS-4999/direct_upsampling_data_rungs_1-3/thermodynamic_properties/quartz_beta_pbe_d3bj.csv
2402,0,-8.928903387256645,reference,DaRUS-4999/direct_upsampling_data_rungs_1-3/thermodynamic_properties/quartz_beta_pbe_d3bj.csv
2403,0,-8.929539272157482,reference,DaRUS-4999/direct_upsampling_data_rungs_1-3/thermodynamic_properties/quartz_beta_pbe_d3bj.csv
2404,0,-8.930175266181051,reference,DaRUS-4999/direct_upsampling_data_rungs_1-3/thermodynamic_properties/quartz_beta_pbe_d3bj.csv
2405,0,-8.930811369283372,reference,DaRUS-4999/direct_upsampling_data_rungs_1-3/thermodynamic_properties/quartz_beta_pbe_d3bj.csv
2406,0,-8.931447581422056,reference,DaRUS-4999/direct_upsampling_data_rungs_1-3/thermodynamic_properties/quartz_beta_pbe_d3bj.csv
2407,0,-8.932083902552792,reference,DaRUS-4999/direct_upsampling_data_rungs_1-3/thermodynamic_properties/quartz_beta_pbe_d3bj.csv
2408,0,-8.93272033263319,reference,DaRUS-4999/direct_upsampling_data_rungs_1-3/thermodynamic_properties/quartz_beta_pbe_d3bj.csv
2409,0,-8.933356871619434,reference,DaRUS-4999/direct_upsampling_data_rungs_1-3/thermodynamic_properties/quartz_beta_pbe_d3bj.csv
2410,0,-8.933993519468521,reference,DaRUS-4999/direct_upsampling_data_rungs_1-3/thermodynamic_properties/quartz_beta_pbe_d3bj.csv
2411,0,-8.934630276137447,reference,DaRUS-4999/direct_upsampling_data_rungs_1-3/thermodynamic_properties/quartz_beta_pbe_d3bj.csv
2412,0,-8.935267141583262,reference,DaRUS-4999/direct_upsampling_data_rungs_1-3/thermodynamic_properties/quartz_beta_pbe_d3bj.csv
2413,0,-8.935904115762176,reference,DaRUS-4999/direct_upsampling_data_rungs_1-3/thermodynamic_properties/quartz_beta_pbe_d3bj.csv
2414,0,-8.936541198631705,reference,DaRUS-4999/direct_upsampling_data_rungs_1-3/thermodynamic_properties/quartz_beta_pbe_d3bj.csv
2415,0,-8.937178390149022,reference,DaRUS-4999/direct_upsampling_data_rungs_1-3/thermodynamic_properties/quartz_beta_pbe_d3bj.csv
2416,0,-8.93781569027049,reference,DaRUS-4999/direct_upsampling_data_rungs_1-3/thermodynamic_properties/quartz_beta_pbe_d3bj.csv
2417,0,-8.938453098953699,reference,DaRUS-4999/direct_upsampling_data_rungs_1-3/thermodynamic_properties/quartz_beta_pbe_d3bj.csv
2418,0,-8.939090616155498,reference,DaRUS-4999/direct_upsampling_data_rungs_1-3/thermodynamic_properties/quartz_beta_pbe_d3bj.csv
2419,0,-8.939728241833201,reference,DaRUS-4999/direct_upsampling_data_rungs_1-3/thermodynamic_properties/quartz_beta_pbe_d3bj.csv
2420,0,-8.94036597594388,reference,DaRUS-4999/direct_upsampling_data_rungs_1-3/thermodynamic_properties/quartz_beta_pbe_d3bj.csv
2421,0,-8.9410038184445,reference,DaRUS-4999/direct_upsampling_data_rungs_1-3/thermodynamic_properties/quartz_beta_pbe_d3bj.csv
2422,0,-8.94164176929274,reference,DaRUS-4999/direct_upsampling_data_rungs_1-3/thermodynamic_properties/quartz_beta_pbe_d3bj.csv
2423,0,-8.942279828445601,reference,DaRUS-4999/direct_upsampling_data_rungs_1-3/thermodynamic_properties/quartz_beta_pbe_d3bj.csv
2424,0,-8.942917995860189,reference,DaRUS-4999/direct_upsampling_data_rungs_1-3/thermodynamic_properties/quartz_beta_pbe_d3bj.csv
2425,0,-8.943556271494637,reference,DaRUS-4999/direct_upsampling_data_rungs_1-3/thermodynamic_properties/quartz_beta_pbe_d3bj.csv
2426,0,-8.944194655305346,reference,DaRUS-4999/direct_upsampling_data_rungs_1-3/thermodynamic_properties/quartz_beta_pbe_d3bj.csv
2427,0,-8.944833147249897,reference,DaRUS-4999/direct_upsampling_data_rungs_1-3/thermodynamic_properties/quartz_beta_pbe_d3bj.csv
2428,0,-8.945471747286247,reference,DaRUS-4999/direct_upsampling_data_rungs_1-3/thermodynamic_properties/quartz_beta_pbe_d3bj.csv
2429,0,-8.946110455371548,reference,DaRUS-4999/direct_upsampling_data_rungs_1-3/thermodynamic_properties/quartz_beta_pbe_d3bj.csv
2430,0,-8.94674927146348,reference,DaRUS-4999/direct_upsampling_data_rungs_1-3/thermodynamic_properties/quartz_beta_pbe_d3bj.csv
2431,0,-8.947388195519357,reference,DaRUS-4999/direct_upsampling_data_rungs_1-3/thermodynamic_properties/quartz_beta_pbe_d3bj.csv
2432,0,-8.948027227496446,reference,DaRUS-4999/direct_upsampling_data_rungs_1-3/thermodynamic_properties/quartz_beta_pbe_d3bj.csv
2433,0,-8.948666367353105,reference,DaRUS-4999/direct_upsampling_data_rungs_1-3/thermodynamic_properties/quartz_beta_pbe_d3bj.csv
2434,0,-8.949305615046747,reference,DaRUS-4999/direct_upsampling_data_rungs_1-3/thermodynamic_properties/quartz_beta_pbe_d3bj.csv
2435,0,-8.949944970534416,reference,DaRUS-4999/direct_upsampling_data_rungs_1-3/thermodynamic_properties/quartz_beta_pbe_d3bj.csv
2436,0,-8.950584433774463,reference,DaRUS-4999/direct_upsampling_data_rungs_1-3/thermodynamic_properties/quartz_beta_pbe_d3bj.csv
2437,0,-8.95122400472447,reference,DaRUS-4999/direct_upsampling_data_rungs_1-3/thermodynamic_properties/quartz_beta_pbe_d3bj.csv
2438,0,-8.95186368334234,reference,DaRUS-4999/direct_upsampling_data_rungs_1-3/thermodynamic_properties/quartz_beta_pbe_d3bj.csv
2439,0,-8.952503469585704,reference,DaRUS-4999/direct_upsampling_data_rungs_1-3/thermodynamic_properties/quartz_beta_pbe_d3bj.csv
2440,0,-8.95314336341227,reference,DaRUS-4999/direct_upsampling_data_rungs_1-3/thermodynamic_properties/quartz_beta_pbe_d3bj.csv
2441,0,-8.953783364780067,reference,DaRUS-4999/direct_upsampling_data_rungs_1-3/thermodynamic_properties/quartz_beta_pbe_d3bj.csv
2442,0,-8.954423473647534,reference,DaRUS-4999/direct_upsampling_data_rungs_1-3/thermodynamic_properties/quartz_beta_pbe_d3bj.csv
2443,0,-8.955063689971563,reference,DaRUS-4999/direct_upsampling_data_rungs_1-3/thermodynamic_properties/quartz_beta_pbe_d3bj.csv
2444,0,-8.955704013710834,reference,DaRUS-4999/direct_upsampling_data_rungs_1-3/thermodynamic_properties/quartz_beta_pbe_d3bj.csv
2445,0,-8.956344444822985,reference,DaRUS-4999/direct_upsampling_data_rungs_1-3/thermodynamic_properties/quartz_beta_pbe_d3bj.csv
2446,0,-8.956984983266564,reference,DaRUS-4999/direct_upsampling_data_rungs_1-3/thermodynamic_properties/quartz_beta_pbe_d3bj.csv
2447,0,-8.957625628999136,reference,DaRUS-4999/direct_upsampling_data_rungs_1-3/thermodynamic_properties/quartz_beta_pbe_d3bj.csv
2448,0,-8.958266381979103,reference,DaRUS-4999/direct_upsampling_data_rungs_1-3/thermodynamic_properties/quartz_beta_pbe_d3bj.csv
2449,0,-8.958907242164392,reference,DaRUS-4999/direct_upsampling_data_rungs_1-3/thermodynamic_properties/quartz_beta_pbe_d3bj.csv
2450,0,-8.959548209513462,reference,DaRUS-4999/direct_upsampling_data_rungs_1-3/thermodynamic_properties/quartz_beta_pbe_d3bj.csv
2451,0,-8.960189283984409,reference,DaRUS-4999/direct_upsampling_data_rungs_1-3/thermodynamic_properties/quartz_beta_pbe_d3bj.csv
2452,0,-8.960830465535519,reference,DaRUS-4999/direct_upsampling_data_rungs_1-3/thermodynamic_properties/quartz_beta_pbe_d3bj.csv
2453,0,-8.961471754124403,reference,DaRUS-4999/direct_upsampling_data_rungs_1-3/thermodynamic_properties/quartz_beta_pbe_d3bj.csv
2454,0,-8.96211314971044,reference,DaRUS-4999/direct_upsampling_data_rungs_1-3/thermodynamic_properties/quartz_beta_pbe_d3bj.csv
2455,0,-8.9627546522514,reference,DaRUS-4999/direct_upsampling_data_rungs_1-3/thermodynamic_properties/quartz_beta_pbe_d3bj.csv
2456,0,-8.963396261705727,reference,DaRUS-4999/direct_upsampling_data_rungs_1-3/thermodynamic_properties/quartz_beta_pbe_d3bj.csv
2457,0,-8.964037978031985,reference,DaRUS-4999/direct_upsampling_data_rungs_1-3/thermodynamic_properties/quartz_beta_pbe_d3bj.csv
2458,0,-8.964679801187865,reference,DaRUS-4999/direct_upsampling_data_rungs_1-3/thermodynamic_properties/quartz_beta_pbe_d3bj.csv
2459,0,-8.965321731132965,reference,DaRUS-4999/direct_upsampling_data_rungs_1-3/thermodynamic_properties/quartz_beta_pbe_d3bj.csv
2460,0,-8.965963767824961,reference,DaRUS-4999/direct_upsampling_data_rungs_1-3/thermodynamic_properties/quartz_beta_pbe_d3bj.csv
2461,0,-8.966605911222882,reference,DaRUS-4999/direct_upsampling_data_rungs_1-3/thermodynamic_properties/quartz_beta_pbe_d3bj.csv
2462,0,-8.967248161284802,reference,DaRUS-4999/direct_upsampling_data_rungs_1-3/thermodynamic_properties/quartz_beta_pbe_d3bj.csv
2463,0,-8.967890517969957,reference,DaRUS-4999/direct_upsampling_data_rungs_1-3/thermodynamic_properties/quartz_beta_pbe_d3bj.csv
2464,0,-8.968532981236351,reference,DaRUS-4999/direct_upsampling_data_rungs_1-3/thermodynamic_properties/quartz_beta_pbe_d3bj.csv
2465,0,-8.969175551043017,reference,DaRUS-4999/direct_upsampling_data_rungs_1-3/thermodynamic_properties/quartz_beta_pbe_d3bj.csv
2466,0,-8.969818227348934,reference,DaRUS-4999/direct_upsampling_data_rungs_1-3/thermodynamic_properties/quartz_beta_pbe_d3bj.csv
2467,0,-8.970461010112032,reference,DaRUS-4999/direct_upsampling_data_rungs_1-3/thermodynamic_properties/quartz_beta_pbe_d3bj.csv
2468,0,-8.971103899291665,reference,DaRUS-4999/direct_upsampling_data_rungs_1-3/thermodynamic_properties/quartz_beta_pbe_d3bj.csv
2469,0,-8.971746894846371,reference,DaRUS-4999/direct_upsampling_data_rungs_1-3/thermodynamic_properties/quartz_beta_pbe_d3bj.csv
2470,0,-8.972389996735142,reference,DaRUS-4999/direct_upsampling_data_rungs_1-3/thermodynamic_properties/quartz_beta_pbe_d3bj.csv
2471,0,-8.973033204916703,reference,DaRUS-4999/direct_upsampling_data_rungs_1-3/thermodynamic_properties/quartz_beta_pbe_d3bj.csv
2472,0,-8.97367651935051,reference,DaRUS-4999/direct_upsampling_data_rungs_1-3/thermodynamic_properties/quartz_beta_pbe_d3bj.csv
2473,0,-8.974319939994631,reference,DaRUS-4999/direct_upsampling_data_rungs_1-3/thermodynamic_properties/quartz_beta_pbe_d3bj.csv
2474,0,-8.974963466808379,reference,DaRUS-4999/direct_upsampling_data_rungs_1-3/thermodynamic_properties/quartz_beta_pbe_d3bj.csv
2475,0,-8.975607099750839,reference,DaRUS-4999/direct_upsampling_data_rungs_1-3/thermodynamic_properties/quartz_beta_pbe_d3bj.csv
2476,0,-8.976250838780999,reference,DaRUS-4999/direct_upsampling_data_rungs_1-3/thermodynamic_properties/quartz_beta_pbe_d3bj.csv
2477,0,-8.97689468385777,reference,DaRUS-4999/direct_upsampling_data_rungs_1-3/thermodynamic_properties/quartz_beta_pbe_d3bj.csv
2478,0,-8.977538634940514,reference,DaRUS-4999/direct_upsampling_data_rungs_1-3/thermodynamic_properties/quartz_beta_pbe_d3bj.csv
2479,0,-8.978182691987934,reference,DaRUS-4999/direct_upsampling_data_rungs_1-3/thermodynamic_properties/quartz_beta_pbe_d3bj.csv
2480,0,-8.978826854959738,reference,DaRUS-4999/direct_upsampling_data_rungs_1-3/thermodynamic_properties/quartz_beta_pbe_d3bj.csv
2481,0,-8.979471123814847,reference,DaRUS-4999/direct_upsampling_data_rungs_1-3/thermodynamic_properties/quartz_beta_pbe_d3bj.csv
2482,0,-8.980115498511998,reference,DaRUS-4999/direct_upsampling_data_rungs_1-3/thermodynamic_properties/quartz_beta_pbe_d3bj.csv
2483,0,-8.980759979011316,reference,DaRUS-4999/direct_upsampling_data_rungs_1-3/thermodynamic_properties/quartz_beta_pbe_d3bj.csv
2484,0,-8.981404565271333,reference,DaRUS-4999/direct_upsampling_data_rungs_1-3/thermodynamic_properties/quartz_beta_pbe_d3bj.csv
2485,0,-8.982049257251829,reference,DaRUS-4999/direct_upsampling_data_rungs_1-3/thermodynamic_properties/quartz_beta_pbe_d3bj.csv
2486,0,-8.982694054911978,reference,DaRUS-4999/direct_upsampling_data_rungs_1-3/thermodynamic_properties/quartz_beta_pbe_d3bj.csv
2487,0,-8.983338958210904,reference,DaRUS-4999/direct_upsampling_data_rungs_1-3/thermodynamic_properties/quartz_beta_pbe_d3bj.csv
2488,0,-8.983983967108495,reference,DaRUS-4999/direct_upsampling_data_rungs_1-3/thermodynamic_properties/quartz_beta_pbe_d3bj.csv
2489,0,-8.98462908156411,reference,DaRUS-4999/direct_upsampling_data_rungs_1-3/thermodynamic_properties/quartz_beta_pbe_d3bj.csv
2490,0,-8.985274301536775,reference,DaRUS-4999/direct_upsampling_data_rungs_1-3/thermodynamic_properties/quartz_beta_pbe_d3bj.csv
2491,0,-8.985919626986554,reference,DaRUS-4999/direct_upsampling_data_rungs_1-3/thermodynamic_properties/quartz_beta_pbe_d3bj.csv
2492,0,-8.986565057872442,reference,DaRUS-4999/direct_upsampling_data_rungs_1-3/thermodynamic_properties/quartz_beta_pbe_d3bj.csv
2493,0,-8.987210594154389,reference,DaRUS-4999/direct_upsampling_data_rungs_1-3/thermodynamic_properties/quartz_beta_pbe_d3bj.csv
2494,0,-8.987856235791893,reference,DaRUS-4999/direct_upsampling_data_rungs_1-3/thermodynamic_properties/quartz_beta_pbe_d3bj.csv
2495,0,-8.988501982744598,reference,DaRUS-4999/direct_upsampling_data_rungs_1-3/thermodynamic_properties/quartz_beta_pbe_d3bj.csv
2496,0,-8.989147834971961,reference,DaRUS-4999/direct_upsampling_data_rungs_1-3/thermodynamic_properties/quartz_beta_pbe_d3bj.csv
2497,0,-8.989793792434176,reference,DaRUS-4999/direct_upsampling_data_rungs_1-3/thermodynamic_properties/quartz_beta_pbe_d3bj.csv
2498,0,-8.990439855090365,reference,DaRUS-4999/direct_upsampling_data_rungs_1-3/thermodynamic_properties/quartz_beta_pbe_d3bj.csv
2499,0,-8.991086022900548,reference,DaRUS-4999/direct_upsampling_data_rungs_1-3/thermodynamic_properties/quartz_beta_pbe_d3bj.csv
