T_K,F_QH_eV_per_atom,E_static_eV_per_atom,volume_scale,min_frequency_THz,checkpoint_sha256,head
851,-2.762303479338147,-2.658135638882721,1.02,0.369422589111,86dd3a804d78ca5d203ebf98747e8f16dff9713ba8950097ceb760b161e19907,Domains_Alloy
852,-2.762706447601594,-2.658135638882721,1.02,0.369422589111,86dd3a804d78ca5d203ebf98747e8f16dff9713ba8950097ceb760b161e19907,Domains_Alloy
853,-2.763109695637071,-2.658135638882721,1.02,0.369422589111,86dd3a804d78ca5d203ebf98747e8f16dff9713ba8950097ceb760b161e19907,Domains_Alloy
854,-2.763513223165604,-2.658135638882721,1.02,0.369422589111,86dd3a804d78ca5d203ebf98747e8f16dff9713ba8950097ceb760b161e19907,Domains_Alloy
855,-2.763917029908727,-2.658135638882721,1.02,0.369422589111,86dd3a804d78ca5d203ebf98747e8f16dff9713ba8950097ceb760b161e19907,Domains_Alloy
856,-2.764321115588482,-2.658135638882721,1.02,0.369422589111,86dd3a804d78ca5d203ebf98747e8f16dff9713ba8950097ceb760b161e19907,Domains_Alloy
857,-2.764725479927413,-2.658135638882721,1.02,0.369422589111,86dd3a804d78ca5d203ebf98747e8f16dff9713ba8950097ceb760b161e19907,Domains_Alloy
858,-2.765130122648571,-2.658135638882721,1.02,0.369422589111,86dd3a804d78ca5d203ebf98747e8f16dff9713ba8950097ceb760b161e19907,Domains_Alloy
859,-2.765535043475509,-2.658135638882721,1.02,0.369422589111,86dd3a804d78ca5d203ebf98747e8f16dff9713ba8950097ceb760b161e19907,Domains_Alloy
860,-2.765940242132282,-2.658135638882721,1.02,0.369422589111,86dd3a804d78ca5d203ebf98747e8f16dff9713ba8950097ceb760b161e19907,Domains_Alloy
861,-2.766345718343445,-2.658135638882721,1.02,0.369422589111,86dd3a804d78ca5d203ebf98747e8f16dff9713ba8950097ceb760b161e19907,Domains_Alloy
862,-2.766751471834051,-2.658135638882721,1.02,0.369422589111,86dd3a804d78ca5d203ebf98747e8f16dff9713ba8950097ceb760b161e19907,Domains_Alloy
863,-2.767157502329654,-2.658135638882721,1.02,0.369422589111,86dd3a804d78ca5d203ebf98747e8f16dff9713ba8950097ceb760b161e19907,Domains_Alloy
864,-2.767563809556302,-2.658135638882721,1.02,0.369422589111,86dd3a804d78ca5d203ebf98747e8f16dff9713ba8950097ceb760b161e19907,Domains_Alloy
865,-2.767970393240541,-2.658135638882721,1.02,0.369422589111,86dd3a804d78ca5d203ebf98747e8f16dff9713ba8950097ceb760b161e19907,Domains_Alloy
866,-2.76837725310941,-2.658135638882721,1.02,0.369422589111,86dd3a804d78ca5d203ebf98747e8f16dff9713ba8950097ceb760b161e19907,Domains_Alloy
867,-2.76878438889044,-2.658135638882721,1.02,0.369422589111,86dd3a804d78ca5d203ebf98747e8f16dff9713ba8950097ceb760b161e19907,Domains_Alloy
868,-2.769191800311656,-2.658135638882721,1.02,0.369422589111,86dd3a804d78ca5d203ebf98747e8f16dff9713ba8950097ceb760b161e19907,Domains_Alloy
869,-2.769599487101575,-2.658135638882721,1.02,0.369422589111,86dd3a804d78ca5d203ebf98747e8f16dff9713ba8950097ceb760b161e19907,Domains_Alloy
870,-2.7700074489892,-2.658135638882721,1.02,0.369422589111,86dd3a804d78ca5d203ebf98747e8f16dff9713ba8950097ceb760b161e19907,Domains_Alloy
871,-2.770415685704025,-2.658135638882721,1.02,0.369422589111,86dd3a804d78ca5d203ebf98747e8f16dff9713ba8950097ceb760b161e19907,Domains_Alloy
872,-2.770824196976029,-2.658135638882721,1.02,0.369422589111,86dd3a804d78ca5d203ebf98747e8f16dff9713ba8950097ceb760b161e19907,Domains_Alloy
873,-2.771232982535682,-2.658135638882721,1.02,0.369422589111,86dd3a804d78ca5d203ebf98747e8f16dff9713ba8950097ceb760b161e19907,Domains_Alloy
874,-2.771642042113933,-2.658135638882721,1.02,0.369422589111,86dd3a804d78ca5d203ebf98747e8f16dff9713ba8950097ceb760b161e19907,Domains_Alloy
875,-2.772051375442218,-2.658135638882721,1.02,0.369422589111,86dd3a804d78ca5d203ebf98747e8f16dff9713ba8950097ceb760b161e19907,Domains_Alloy
876,-2.772460982252456,-2.658135638882721,1.02,0.369422589111,86dd3a804d78ca5d203ebf98747e8f16dff9713ba8950097ceb760b161e19907,Domains_Alloy
877,-2.772870862277045,-2.658135638882721,1.02,0.369422589111,86dd3a804d78ca5d203ebf98747e8f16dff9713ba8950097ceb760b161e19907,Domains_Alloy
878,-2.773281015248865,-2.658135638882721,1.02,0.369422589111,86dd3a804d78ca5d203ebf98747e8f16dff9713ba8950097ceb760b161e19907,Domains_Alloy
879,-2.773691440901275,-2.658135638882721,1.02,0.369422589111,86dd3a804d78ca5d203ebf98747e8f16dff9713ba8950097ceb760b161e19907,Domains_Alloy
880,-2.774102138968111,-2.658135638882721,1.02,0.369422589111,86dd3a804d78ca5d203ebf98747e8f16dff9713ba8950097ceb760b161e19907,Domains_Alloy
881,-2.774513109183687,-2.658135638882721,1.02,0.369422589111,86dd3a804d78ca5d203ebf98747e8f16dff9713ba8950097ceb760b161e19907,Domains_Alloy
882,-2.774924351282791,-2.658135638882721,1.02,0.369422589111,86dd3a804d78ca5d203ebf98747e8f16dff9713ba8950097ceb760b161e19907,Domains_Alloy
883,-2.775335865000688,-2.658135638882721,1.02,0.369422589111,86dd3a804d78ca5d203ebf98747e8f16dff9713ba8950097ceb760b161e19907,Domains_Alloy
884,-2.775747650073114,-2.658135638882721,1.02,0.369422589111,86dd3a804d78ca5d203ebf98747e8f16dff9713ba8950097ceb760b161e19907,Domains_Alloy
885,-2.776159706236277,-2.658135638882721,1.02,0.369422589111,86dd3a804d78ca5d203ebf98747e8f16dff9713ba8950097ceb760b161e19907,Domains_Alloy
886,-2.776572033226858,-2.658135638882721,1.02,0.369422589111,86dd3a804d78ca5d203ebf98747e8f16dff9713ba8950097ceb760b161e19907,Domains_Alloy
887,-2.776984630782008,-2.658135638882721,1.02,0.369422589111,86dd3a804d78ca5d203ebf98747e8f16dff9713ba8950097ceb760b161e19907,Domains_Alloy
888,-2.777397498639344,-2.658135638882721,1.02,0.369422589111,86dd3a804d78ca5d203ebf98747e8f16dff9713ba8950097ceb760b161e19907,Domains_Alloy
889,-2.777810636536953,-2.658135638882721,1.02,0.369422589111,86dd3a804d78ca5d203ebf98747e8f16dff9713ba8950097ceb760b161e19907,Domains_Alloy
890,-2.778224044213388,-2.658135638882721,1.02,0.369422589111,86dd3a804d78ca5d203ebf98747e8f16dff9713ba8950097ceb760b161e19907,Domains_Alloy
891,-2.778637721407668,-2.658135638882721,1.02,0.369422589111,86dd3a804d78ca5d203ebf98747e8f16dff9713ba8950097ceb760b161e19907,Domains_Alloy
892,-2.779051667859275,-2.658135638882721,1.02,0.369422589111,86dd3a804d78ca5d203ebf98747e8f16dff9713ba8950097ceb760b161e19907,Domains_Alloy
893,-2.779465883308155,-2.658135638882721,1.02,0.369422589111,86dd3a804d78ca5d203ebf98747e8f16dff9713ba8950097ceb760b161e19907,Domains_Alloy
894,-2.779880367494715,-2.658135638882721,1.02,0.369422589111,86dd3a804d78ca5d203ebf98747e8f16dff9713ba8950097ceb760b161e19907,Domains_Alloy
895,-2.780295120159826,-2.658135638882721,1.02,0.369422589111,86dd3a804d78ca5d203ebf98747e8f16dff9713ba8950097ceb760b161e19907,Domains_Alloy
896,-2.780710141044815,-2.658135638882721,1.02,0.369422589111,86dd3a804d78ca5d203ebf98747e8f16dff9713ba8950097ceb760b161e19907,Domains_Alloy
897,-2.781125429891469,-2.658135638882721,1.02,0.369422589111,86dd3a804d78ca5d203ebf98747e8f16dff9713ba8950097ceb760b161e19907,Domains_Alloy
898,-2.781540986442035,-2.658135638882721,1.02,0.369422589111,86dd3a804d78ca5d203ebf98747e8f16dff9713ba8950097ceb760b161e19907,Domains_Alloy
899,-2.781956810439213,-2.658135638882721,1.02,0.369422589111,86dd3a804d78ca5d203ebf98747e8f16dff9713ba8950097ceb760b161e19907,Domains_Alloy
900,-2.782372901626161,-2.658135638882721,1.02,0.369422589111,86dd3a804d78ca5d203ebf98747e8f16dff9713ba8950097ceb760b161e19907,Domains_Alloy
901,-2.78278925974649,-2.658135638882721,1.02,0.369422589111,86dd3a804d78ca5d203ebf98747e8f16dff9713ba8950097ceb760b161e19907,Domains_Alloy
902,-2.783205884544266,-2.658135638882721,1.02,0.369422589111,86dd3a804d78ca5d203ebf98747e8f16dff9713ba8950097ceb760b161e19907,Domains_Alloy
903,-2.783622775764003,-2.658135638882721,1.02,0.369422589111,86dd3a804d78ca5d203ebf98747e8f16dff9713ba8950097ceb760b161e19907,Domains_Alloy
904,-2.784039933150672,-2.658135638882721,1.02,0.369422589111,86dd3a804d78ca5d203ebf98747e8f16dff9713ba8950097ceb760b161e19907,Domains_Alloy
905,-2.78445735644969,-2.658135638882721,1.02,0.369422589111,86dd3a804d78ca5d203ebf98747e8f16dff9713ba8950097ceb760b161e19907,Domains_Alloy
906,-2.784875045406923,-2.658135638882721,1.02,0.369422589111,86dd3a804d78ca5d203ebf98747e8f16dff9713ba8950097ceb760b161e19907,Domains_Alloy
907,-2.785292999768687,-2.658135638882721,1.02,0.369422589111,86dd3a804d78ca5d203ebf98747e8f16dff9713ba8950097ceb760b161e19907,Domains_Alloy
908,-2.785711219281743,-2.658135638882721,1.02,0.369422589111,86dd3a804d78ca5d203ebf98747e8f16dff9713ba8950097ceb760b161e19907,Domains_Alloy
909,-2.7861297036933,-2.658135638882721,1.02,0.369422589111,86dd3a804d78ca5d203ebf98747e8f16dff9713ba8950097ceb760b161e19907,Domains_Alloy
910,-2.786548452751008,-2.658135638882721,1.02,0.369422589111,86dd3a804d78ca5d203ebf98747e8f16dff9713ba8950097ceb760b161e19907,Domains_Alloy
911,-2.786967466202964,-2.658135638882721,1.02,0.369422589111,86dd3a804d78ca5d203ebf98747e8f16dff9713ba8950097ceb760b161e19907,Domains_Alloy
912,-2.787386743797706,-2.658135638882721,1.02,0.369422589111,86dd3a804d78ca5d203ebf98747e8f16dff9713ba8950097ceb760b161e19907,Domains_Alloy
913,-2.787806285284213,-2.658135638882721,1.02,0.369422589111,86dd3a804d78ca5d203ebf98747e8f16dff9713ba8950097ceb760b161e19907,Domains_Alloy
914,-2.788226090411906,-2.658135638882721,1.02,0.369422589111,86dd3a804d78ca5d203ebf98747e8f16dff9713ba8950097ceb760b161e19907,Domains_Alloy
915,-2.788646158930644,-2.658135638882721,1.02,0.369422589111,86dd3a804d78ca5d203ebf98747e8f16dff9713ba8950097ceb760b161e19907,Domains_Alloy
916,-2.789066490590725,-2.658135638882721,1.02,0.369422589111,86dd3a804d78ca5d203ebf98747e8f16dff9713ba8950097ceb760b161e19907,Domains_Alloy
917,-2.789487085142885,-2.658135638882721,1.02,0.369422589111,86dd3a804d78ca5d203ebf98747e8f16dff9713ba8950097ceb760b161e19907,Domains_Alloy
918,-2.789907942338294,-2.658135638882721,1.02,0.369422589111,86dd3a804d78ca5d203ebf98747e8f16dff9713ba8950097ceb760b161e19907,Domains_Alloy
919,-2.79032906192856,-2.658135638882721,1.02,0.369422589111,86dd3a804d78ca5d203ebf98747e8f16dff9713ba8950097ceb760b161e19907,Domains_Alloy
920,-2.790750443665723,-2.658135638882721,1.02,0.369422589111,86dd3a804d78ca5d203ebf98747e8f16dff9713ba8950097ceb760b161e19907,Domains_Alloy
921,-2.791172087302258,-2.658135638882721,1.02,0.369422589111,86dd3a804d78ca5d203ebf98747e8f16dff9713ba8950097ceb760b161e19907,Domains_Alloy
922,-2.79159399259107,-2.658135638882721,1.02,0.369422589111,86dd3a804d78ca5d203ebf98747e8f16dff9713ba8950097ceb760b161e19907,Domains_Alloy
923,-2.792016159285497,-2.658135638882721,1.02,0.369422589111,86dd3a804d78ca5d203ebf98747e8f16dff9713ba8950097ceb760b161e19907,Domains_Alloy
924,-2.792438587139306,-2.658135638882721,1.02,0.369422589111,86dd3a804d78ca5d203ebf98747e8f16dff9713ba8950097ceb760b161e19907,Domains_Alloy
925,-2.792861275906693,-2.658135638882721,1.02,0.369422589111,86dd3a804d78ca5d203ebf98747e8f16dff9713ba8950097ceb760b161e19907,Domains_Alloy
926,-2.793284225342283,-2.658135638882721,1.02,0.369422589111,86dd3a804d78ca5d203ebf98747e8f16dff9713ba8950097ceb760b161e19907,Domains_Alloy
927,-2.793707435201128,-2.658135638882721,1.02,0.369422589111,86dd3a804d78ca5d203ebf98747e8f16dff9713ba8950097ceb760b161e19907,Domains_Alloy
928,-2.794130905238703,-2.658135638882721,1.02,0.369422589111,86dd3a804d78ca5d203ebf98747e8f16dff9713ba8950097ceb760b161e19907,Domains_Alloy
929,-2.794554635210913,-2.658135638882721,1.02,0.369422589111,86dd3a804d78ca5d203ebf98747e8f16dff9713ba8950097ceb760b161e19907,Domains_Alloy
930,-2.794978624874082,-2.658135638882721,1.02,0.369422589111,86dd3a804d78ca5d203ebf98747e8f16dff9713ba8950097ceb760b161e19907,Domains_Alloy
931,-2.795402873984961,-2.658135638882721,1.02,0.369422589111,86dd3a804d78ca5d203ebf98747e8f16dff9713ba8950097ceb760b161e19907,Domains_Alloy
932,-2.795827382300721,-2.658135638882721,1.02,0.369422589111,86dd3a804d78ca5d203ebf98747e8f16dff9713ba8950097ceb760b161e19907,Domains_Alloy
933,-2.796252149578954,-2.658135638882721,1.02,0.369422589111,86dd3a804d78ca5d203ebf98747e8f16dff9713ba8950097ceb760b161e19907,Domains_Alloy
934,-2.796677175577673,-2.658135638882721,1.02,0.369422589111,86dd3a804d78ca5d203ebf98747e8f16dff9713ba8950097ceb760b161e19907,Domains_Alloy
935,-2.797102460055307,-2.658135638882721,1.02,0.369422589111,86dd3a804d78ca5d203ebf98747e8f16dff9713ba8950097ceb760b161e19907,Domains_Alloy
936,-2.797528002770708,-2.658135638882721,1.02,0.369422589111,86dd3a804d78ca5d203ebf98747e8f16dff9713ba8950097ceb760b161e19907,Domains_Alloy
937,-2.797953803483141,-2.658135638882721,1.02,0.369422589111,86dd3a804d78ca5d203ebf98747e8f16dff9713ba8950097ceb760b161e19907,Domains_Alloy
938,-2.798379861952288,-2.658135638882721,1.02,0.369422589111,86dd3a804d78ca5d203ebf98747e8f16dff9713ba8950097ceb760b161e19907,Domains_Alloy
939,-2.798806177938247,-2.658135638882721,1.02,0.369422589111,86dd3a804d78ca5d203ebf98747e8f16dff9713ba8950097ceb760b161e19907,Domains_Alloy
940,-2.799232751201528,-2.658135638882721,1.02,0.369422589111,86dd3a804d78ca5d203ebf98747e8f16dff9713ba8950097ceb760b161e19907,Domains_Alloy
941,-2.799659581503058,-2.658135638882721,1.02,0.369422589111,86dd3a804d78ca5d203ebf98747e8f16dff9713ba8950097ceb760b161e19907,Domains_Alloy
942,-2.800086668604171,-2.658135638882721,1.02,0.369422589111,86dd3a804d78ca5d203ebf98747e8f16dff9713ba8950097ceb760b161e19907,Domains_Alloy
943,-2.800514012266615,-2.658135638882721,1.02,0.369422589111,86dd3a804d78ca5d203ebf98747e8f16dff9713ba8950097ceb760b161e19907,Domains_Alloy
944,-2.800941612252549,-2.658135638882721,1.02,0.369422589111,86dd3a804d78ca5d203ebf98747e8f16dff9713ba8950097ceb760b161e19907,Domains_Alloy
945,-2.80136946832454,-2.658135638882721,1.02,0.369422589111,86dd3a804d78ca5d203ebf98747e8f16dff9713ba8950097ceb760b161e19907,Domains_Alloy
946,-2.801797580245562,-2.658135638882721,1.02,0.369422589111,86dd3a804d78ca5d203ebf98747e8f16dff9713ba8950097ceb760b161e19907,Domains_Alloy
947,-2.802225947778999,-2.658135638882721,1.02,0.369422589111,86dd3a804d78ca5d203ebf98747e8f16dff9713ba8950097ceb760b161e19907,Domains_Alloy
948,-2.802654570688639,-2.658135638882721,1.02,0.369422589111,86dd3a804d78ca5d203ebf98747e8f16dff9713ba8950097ceb760b161e19907,Domains_Alloy
949,-2.803083448738676,-2.658135638882721,1.02,0.369422589111,86dd3a804d78ca5d203ebf98747e8f16dff9713ba8950097ceb760b161e19907,Domains_Alloy
950,-2.80351258169371,-2.658135638882721,1.02,0.369422589111,86dd3a804d78ca5d203ebf98747e8f16dff9713ba8950097ceb760b161e19907,Domains_Alloy
951,-2.803941969318741,-2.658135638882721,1.02,0.369422589111,86dd3a804d78ca5d203ebf98747e8f16dff9713ba8950097ceb760b161e19907,Domains_Alloy
952,-2.804371611379175,-2.658135638882721,1.02,0.369422589111,86dd3a804d78ca5d203ebf98747e8f16dff9713ba8950097ceb760b161e19907,Domains_Alloy
953,-2.804801507640818,-2.658135638882721,1.02,0.369422589111,86dd3a804d78ca5d203ebf98747e8f16dff9713ba8950097ceb760b161e19907,Domains_Alloy
954,-2.805231657869876,-2.658135638882721,1.02,0.369422589111,86dd3a804d78ca5d203ebf98747e8f16dff9713ba8950097ceb760b161e19907,Domains_Alloy
955,-2.805662061832956,-2.658135638882721,1.02,0.369422589111,86dd3a804d78ca5d203ebf98747e8f16dff9713ba8950097ceb760b161e19907,Domains_Alloy
956,-2.806092719297065,-2.658135638882721,1.02,0.369422589111,86dd3a804d78ca5d203ebf98747e8f16dff9713ba8950097ceb760b161e19907,Domains_Alloy
957,-2.806523630029602,-2.658135638882721,1.02,0.369422589111,86dd3a804d78ca5d203ebf98747e8f16dff9713ba8950097ceb760b161e19907,Domains_Alloy
958,-2.80695479379837,-2.658135638882721,1.02,0.369422589111,86dd3a804d78ca5d203ebf98747e8f16dff9713ba8950097ceb760b161e19907,Domains_Alloy
959,-2.807386210371564,-2.658135638882721,1.02,0.369422589111,86dd3a804d78ca5d203ebf98747e8f16dff9713ba8950097ceb760b161e19907,Domains_Alloy
960,-2.807817879517774,-2.658135638882721,1.02,0.369422589111,86dd3a804d78ca5d203ebf98747e8f16dff9713ba8950097ceb760b161e19907,Domains_Alloy
961,-2.808249801005986,-2.658135638882721,1.02,0.369422589111,86dd3a804d78ca5d203ebf98747e8f16dff9713ba8950097ceb760b161e19907,Domains_Alloy
962,-2.808681974605578,-2.658135638882721,1.02,0.369422589111,86dd3a804d78ca5d203ebf98747e8f16dff9713ba8950097ceb760b161e19907,Domains_Alloy
963,-2.80911440008632,-2.658135638882721,1.02,0.369422589111,86dd3a804d78ca5d203ebf98747e8f16dff9713ba8950097ceb760b161e19907,Domains_Alloy
964,-2.809547077218373,-2.658135638882721,1.02,0.369422589111,86dd3a804d78ca5d203ebf98747e8f16dff9713ba8950097ceb760b161e19907,Domains_Alloy
965,-2.80998000577229,-2.658135638882721,1.02,0.369422589111,86dd3a804d78ca5d203ebf98747e8f16dff9713ba8950097ceb760b161e19907,Domains_Alloy
966,-2.810413185519013,-2.658135638882721,1.02,0.369422589111,86dd3a804d78ca5d203ebf98747e8f16dff9713ba8950097ceb760b161e19907,Domains_Alloy
967,-2.81084661622987,-2.658135638882721,1.02,0.369422589111,86dd3a804d78ca5d203ebf98747e8f16dff9713ba8950097ceb760b161e19907,Domains_Alloy
968,-2.811280297676582,-2.658135638882721,1.02,0.369422589111,86dd3a804d78ca5d203ebf98747e8f16dff9713ba8950097ceb760b161e19907,Domains_Alloy
969,-2.811714229631251,-2.658135638882721,1.02,0.369422589111,86dd3a804d78ca5d203ebf98747e8f16dff9713ba8950097ceb760b161e19907,Domains_Alloy
970,-2.81214841186637,-2.658135638882721,1.02,0.369422589111,86dd3a804d78ca5d203ebf98747e8f16dff9713ba8950097ceb760b161e19907,Domains_Alloy
971,-2.812582844154812,-2.658135638882721,1.02,0.369422589111,86dd3a804d78ca5d203ebf98747e8f16dff9713ba8950097ceb760b161e19907,Domains_Alloy
972,-2.813017526269837,-2.658135638882721,1.02,0.369422589111,86dd3a804d78ca5d203ebf98747e8f16dff9713ba8950097ceb760b161e19907,Domains_Alloy
973,-2.81345245798509,-2.658135638882721,1.02,0.369422589111,86dd3a804d78ca5d203ebf98747e8f16dff9713ba8950097ceb760b161e19907,Domains_Alloy
974,-2.813887639074594,-2.658135638882721,1.02,0.369422589111,86dd3a804d78ca5d203ebf98747e8f16dff9713ba8950097ceb760b161e19907,Domains_Alloy
975,-2.814323069312756,-2.658135638882721,1.02,0.369422589111,86dd3a804d78ca5d203ebf98747e8f16dff9713ba8950097ceb760b161e19907,Domains_Alloy
976,-2.814758748474364,-2.658135638882721,1.02,0.369422589111,86dd3a804d78ca5d203ebf98747e8f16dff9713ba8950097ceb760b161e19907,Domains_Alloy
977,-2.815194676334583,-2.658135638882721,1.02,0.369422589111,86dd3a804d78ca5d203ebf98747e8f16dff9713ba8950097ceb760b161e19907,Domains_Alloy
978,-2.81563085266896,-2.658135638882721,1.02,0.369422589111,86dd3a804d78ca5d203ebf98747e8f16dff9713ba8950097ceb760b161e19907,Domains_Alloy
979,-2.816067277253417,-2.658135638882721,1.02,0.369422589111,86dd3a804d78ca5d203ebf98747e8f16dff9713ba8950097ceb760b161e19907,Domains_Alloy
980,-2.816503949864255,-2.658135638882721,1.02,0.369422589111,86dd3a804d78ca5d203ebf98747e8f16dff9713ba8950097ceb760b161e19907,Domains_Alloy
981,-2.816940870278151,-2.658135638882721,1.02,0.369422589111,86dd3a804d78ca5d203ebf98747e8f16dff9713ba8950097ceb760b161e19907,Domains_Alloy
982,-2.817378038272156,-2.658135638882721,1.02,0.369422589111,86dd3a804d78ca5d203ebf98747e8f16dff9713ba8950097ceb760b161e19907,Domains_Alloy
983,-2.817815453623695,-2.658135638882721,1.02,0.369422589111,86dd3a804d78ca5d203ebf98747e8f16dff9713ba8950097ceb760b161e19907,Domains_Alloy
984,-2.81825311611057,-2.658135638882721,1.02,0.369422589111,86dd3a804d78ca5d203ebf98747e8f16dff9713ba8950097ceb760b161e19907,Domains_Alloy
985,-2.818691025510952,-2.658135638882721,1.02,0.369422589111,86dd3a804d78ca5d203ebf98747e8f16dff9713ba8950097ceb760b161e19907,Domains_Alloy
986,-2.819129181603385,-2.658135638882721,1.02,0.369422589111,86dd3a804d78ca5d203ebf98747e8f16dff9713ba8950097ceb760b161e19907,Domains_Alloy
987,-2.819567584166783,-2.658135638882721,1.02,0.369422589111,86dd3a804d78ca5d203ebf98747e8f16dff9713ba8950097ceb760b161e19907,Domains_Alloy
988,-2.820006232980432,-2.658135638882721,1.02,0.369422589111,86dd3a804d78ca5d203ebf98747e8f16dff9713ba8950097ceb760b161e19907,Domains_Alloy
989,-2.820445127823987,-2.658135638882721,1.02,0.369422589111,86dd3a804d78ca5d203ebf98747e8f16dff9713ba8950097ceb760b161e19907,Domains_Alloy
990,-2.82088426847747,-2.658135638882721,1.02,0.369422589111,86dd3a804d78ca5d203ebf98747e8f16dff9713ba8950097ceb760b161e19907,Domains_Alloy
991,-2.82132365472127,-2.658135638882721,1.02,0.369422589111,86dd3a804d78ca5d203ebf98747e8f16dff9713ba8950097ceb760b161e19907,Domains_Alloy
992,-2.821763286336144,-2.658135638882721,1.02,0.369422589111,86dd3a804d78ca5d203ebf98747e8f16dff9713ba8950097ceb760b161e19907,Domains_Alloy
993,-2.822203163103216,-2.658135638882721,1.02,0.369422589111,86dd3a804d78ca5d203ebf98747e8f16dff9713ba8950097ceb760b161e19907,Domains_Alloy
994,-2.822643284803973,-2.658135638882721,1.02,0.369422589111,86dd3a804d78ca5d203ebf98747e8f16dff9713ba8950097ceb760b161e19907,Domains_Alloy
995,-2.823083651220266,-2.658135638882721,1.02,0.369422589111,86dd3a804d78ca5d203ebf98747e8f16dff9713ba8950097ceb760b161e19907,Domains_Alloy
996,-2.82352426213431,-2.658135638882721,1.02,0.369422589111,86dd3a804d78ca5d203ebf98747e8f16dff9713ba8950097ceb760b161e19907,Domains_Alloy
997,-2.823965117328683,-2.658135638882721,1.02,0.369422589111,86dd3a804d78ca5d203ebf98747e8f16dff9713ba8950097ceb760b161e19907,Domains_Alloy
998,-2.824406216586324,-2.658135638882721,1.02,0.369422589111,86dd3a804d78ca5d203ebf98747e8f16dff9713ba8950097ceb760b161e19907,Domains_Alloy
999,-2.824847559690531,-2.658135638882721,1.02,0.369422589111,86dd3a804d78ca5d203ebf98747e8f16dff9713ba8950097ceb760b161e19907,Domains_Alloy
1000,-2.825289146424967,-2.658135638882721,1.02,0.369422589111,86dd3a804d78ca5d203ebf98747e8f16dff9713ba8950097ceb760b161e19907,Domains_Alloy
1001,-2.825730976573648,-2.658135638882721,1.02,0.369422589111,86dd3a804d78ca5d203ebf98747e8f16dff9713ba8950097ceb760b161e19907,Domains_Alloy
1002,-2.826173049920952,-2.658135638882721,1.02,0.369422589111,86dd3a804d78ca5d203ebf98747e8f16dff9713ba8950097ceb760b161e19907,Domains_Alloy
1003,-2.826615366251615,-2.658135638882721,1.02,0.369422589111,86dd3a804d78ca5d203ebf98747e8f16dff9713ba8950097ceb760b161e19907,Domains_Alloy
1004,-2.827057925350726,-2.658135638882721,1.02,0.369422589111,86dd3a804d78ca5d203ebf98747e8f16dff9713ba8950097ceb760b161e19907,Domains_Alloy
1005,-2.827500727003733,-2.658135638882721,1.02,0.369422589111,86dd3a804d78ca5d203ebf98747e8f16dff9713ba8950097ceb760b161e19907,Domains_Alloy
1006,-2.827943770996439,-2.658135638882721,1.02,0.369422589111,86dd3a804d78ca5d203ebf98747e8f16dff9713ba8950097ceb760b161e19907,Domains_Alloy
1007,-2.828387057115,-2.658135638882721,1.02,0.369422589111,86dd3a804d78ca5d203ebf98747e8f16dff9713ba8950097ceb760b161e19907,Domains_Alloy
1008,-2.828830585145925,-2.658135638882721,1.02,0.369422589111,86dd3a804d78ca5d203ebf98747e8f16dff9713ba8950097ceb760b161e19907,Domains_Alloy
1009,-2.829274354876077,-2.658135638882721,1.02,0.369422589111,86dd3a804d78ca5d203ebf98747e8f16dff9713ba8950097ceb760b161e19907,Domains_Alloy
1010,-2.829718366092669,-2.658135638882721,1.02,0.369422589111,86dd3a804d78ca5d203ebf98747e8f16dff9713ba8950097ceb760b161e19907,Domains_Alloy
1011,-2.830162618583268,-2.658135638882721,1.02,0.369422589111,86dd3a804d78ca5d203ebf98747e8f16dff9713ba8950097ceb760b161e19907,Domains_Alloy
1012,-2.830607112135788,-2.658135638882721,1.02,0.369422589111,86dd3a804d78ca5d203ebf98747e8f16dff9713ba8950097ceb760b161e19907,Domains_Alloy
1013,-2.831051846538493,-2.658135638882721,1.02,0.369422589111,86dd3a804d78ca5d203ebf98747e8f16dff9713ba8950097ceb760b161e19907,Domains_Alloy
1014,-2.831496821579997,-2.658135638882721,1.02,0.369422589111,86dd3a804d78ca5d203ebf98747e8f16dff9713ba8950097ceb760b161e19907,Domains_Alloy
1015,-2.831942037049262,-2.658135638882721,1.02,0.369422589111,86dd3a804d78ca5d203ebf98747e8f16dff9713ba8950097ceb760b161e19907,Domains_Alloy
1016,-2.832387492735593,-2.658135638882721,1.02,0.369422589111,86dd3a804d78ca5d203ebf98747e8f16dff9713ba8950097ceb760b161e19907,Domains_Alloy
1017,-2.832833188428647,-2.658135638882721,1.02,0.369422589111,86dd3a804d78ca5d203ebf98747e8f16dff9713ba8950097ceb760b161e19907,Domains_Alloy
1018,-2.833279123918422,-2.658135638882721,1.02,0.369422589111,86dd3a804d78ca5d203ebf98747e8f16dff9713ba8950097ceb760b161e19907,Domains_Alloy
1019,-2.833725298995262,-2.658135638882721,1.02,0.369422589111,86dd3a804d78ca5d203ebf98747e8f16dff9713ba8950097ceb760b161e19907,Domains_Alloy
1020,-2.834171713449855,-2.658135638882721,1.02,0.369422589111,86dd3a804d78ca5d203ebf98747e8f16dff9713ba8950097ceb760b161e19907,Domains_Alloy
1021,-2.834618367073233,-2.658135638882721,1.02,0.369422589111,86dd3a804d78ca5d203ebf98747e8f16dff9713ba8950097ceb760b161e19907,Domains_Alloy
1022,-2.835065259656767,-2.658135638882721,1.02,0.369422589111,86dd3a804d78ca5d203ebf98747e8f16dff9713ba8950097ceb760b161e19907,Domains_Alloy
1023,-2.835512390992174,-2.658135638882721,1.02,0.369422589111,86dd3a804d78ca5d203ebf98747e8f16dff9713ba8950097ceb760b161e19907,Domains_Alloy
1024,-2.835959760871508,-2.658135638882721,1.02,0.369422589111,86dd3a804d78ca5d203ebf98747e8f16dff9713ba8950097ceb760b161e19907,Domains_Alloy
1025,-2.836407369087165,-2.658135638882721,1.02,0.369422589111,86dd3a804d78ca5d203ebf98747e8f16dff9713ba8950097ceb760b161e19907,Domains_Alloy
1026,-2.836855215431878,-2.658135638882721,1.02,0.369422589111,86dd3a804d78ca5d203ebf98747e8f16dff9713ba8950097ceb760b161e19907,Domains_Alloy
1027,-2.837303299698722,-2.658135638882721,1.02,0.369422589111,86dd3a804d78ca5d203ebf98747e8f16dff9713ba8950097ceb760b161e19907,Domains_Alloy
1028,-2.837751621681106,-2.658135638882721,1.02,0.369422589111,86dd3a804d78ca5d203ebf98747e8f16dff9713ba8950097ceb760b161e19907,Domains_Alloy
1029,-2.838200181172777,-2.658135638882721,1.02,0.369422589111,86dd3a804d78ca5d203ebf98747e8f16dff9713ba8950097ceb760b161e19907,Domains_Alloy
1030,-2.838648977967819,-2.658135638882721,1.02,0.369422589111,86dd3a804d78ca5d203ebf98747e8f16dff9713ba8950097ceb760b161e19907,Domains_Alloy
1031,-2.839098011860651,-2.658135638882721,1.02,0.369422589111,86dd3a804d78ca5d203ebf98747e8f16dff9713ba8950097ceb760b161e19907,Domains_Alloy
1032,-2.839547282646024,-2.658135638882721,1.02,0.369422589111,86dd3a804d78ca5d203ebf98747e8f16dff9713ba8950097ceb760b161e19907,Domains_Alloy
1033,-2.839996790119028,-2.658135638882721,1.02,0.369422589111,86dd3a804d78ca5d203ebf98747e8f16dff9713ba8950097ceb760b161e19907,Domains_Alloy
1034,-2.840446534075082,-2.658135638882721,1.02,0.369422589111,86dd3a804d78ca5d203ebf98747e8f16dff9713ba8950097ceb760b161e19907,Domains_Alloy
1035,-2.840896514309937,-2.658135638882721,1.02,0.369422589111,86dd3a804d78ca5d203ebf98747e8f16dff9713ba8950097ceb760b161e19907,Domains_Alloy
1036,-2.841346730619679,-2.658135638882721,1.02,0.369422589111,86dd3a804d78ca5d203ebf98747e8f16dff9713ba8950097ceb760b161e19907,Domains_Alloy
1037,-2.841797182800721,-2.658135638882721,1.02,0.369422589111,86dd3a804d78ca5d203ebf98747e8f16dff9713ba8950097ceb760b161e19907,Domains_Alloy
1038,-2.842247870649808,-2.658135638882721,1.02,0.369422589111,86dd3a804d78ca5d203ebf98747e8f16dff9713ba8950097ceb760b161e19907,Domains_Alloy
1039,-2.842698793964014,-2.658135638882721,1.02,0.369422589111,86dd3a804d78ca5d203ebf98747e8f16dff9713ba8950097ceb760b161e19907,Domains_Alloy
1040,-2.843149952540743,-2.658135638882721,1.02,0.369422589111,86dd3a804d78ca5d203ebf98747e8f16dff9713ba8950097ceb760b161e19907,Domains_Alloy
1041,-2.843601346177723,-2.658135638882721,1.02,0.369422589111,86dd3a804d78ca5d203ebf98747e8f16dff9713ba8950097ceb760b161e19907,Domains_Alloy
1042,-2.844052974673013,-2.658135638882721,1.02,0.369422589111,86dd3a804d78ca5d203ebf98747e8f16dff9713ba8950097ceb760b161e19907,Domains_Alloy
1043,-2.844504837824996,-2.658135638882721,1.02,0.369422589111,86dd3a804d78ca5d203ebf98747e8f16dff9713ba8950097ceb760b161e19907,Domains_Alloy
1044,-2.844956935432382,-2.658135638882721,1.02,0.369422589111,86dd3a804d78ca5d203ebf98747e8f16dff9713ba8950097ceb760b161e19907,Domains_Alloy
1045,-2.845409267294204,-2.658135638882721,1.02,0.369422589111,86dd3a804d78ca5d203ebf98747e8f16dff9713ba8950097ceb760b161e19907,Domains_Alloy
1046,-2.845861833209822,-2.658135638882721,1.02,0.369422589111,86dd3a804d78ca5d203ebf98747e8f16dff9713ba8950097ceb760b161e19907,Domains_Alloy
1047,-2.846314632978916,-2.658135638882721,1.02,0.369422589111,86dd3a804d78ca5d203ebf98747e8f16dff9713ba8950097ceb760b161e19907,Domains_Alloy
1048,-2.846767666401491,-2.658135638882721,1.02,0.369422589111,86dd3a804d78ca5d203ebf98747e8f16dff9713ba8950097ceb760b161e19907,Domains_Alloy
1049,-2.847220933277874,-2.658135638882721,1.02,0.369422589111,86dd3a804d78ca5d203ebf98747e8f16dff9713ba8950097ceb760b161e19907,Domains_Alloy
1050,-2.847674433408712,-2.658135638882721,1.02,0.369422589111,86dd3a804d78ca5d203ebf98747e8f16dff9713ba8950097ceb760b161e19907,Domains_Alloy
1051,-2.848128166594972,-2.658135638882721,1.02,0.369422589111,86dd3a804d78ca5d203ebf98747e8f16dff9713ba8950097ceb760b161e19907,Domains_Alloy
1052,-2.848582132637945,-2.658135638882721,1.02,0.369422589111,86dd3a804d78ca5d203ebf98747e8f16dff9713ba8950097ceb760b161e19907,Domains_Alloy
1053,-2.849036331339234,-2.658135638882721,1.02,0.369422589111,86dd3a804d78ca5d203ebf98747e8f16dff9713ba8950097ceb760b161e19907,Domains_Alloy
1054,-2.849490762500766,-2.658135638882721,1.02,0.369422589111,86dd3a804d78ca5d203ebf98747e8f16dff9713ba8950097ceb760b161e19907,Domains_Alloy
1055,-2.849945425924785,-2.658135638882721,1.02,0.369422589111,86dd3a804d78ca5d203ebf98747e8f16dff9713ba8950097ceb760b161e19907,Domains_Alloy
1056,-2.850400321413849,-2.658135638882721,1.02,0.369422589111,86dd3a804d78ca5d203ebf98747e8f16dff9713ba8950097ceb760b161e19907,Domains_Alloy
1057,-2.850855448770835,-2.658135638882721,1.02,0.369422589111,86dd3a804d78ca5d203ebf98747e8f16dff9713ba8950097ceb760b161e19907,Domains_Alloy
1058,-2.851310807798933,-2.658135638882721,1.02,0.369422589111,86dd3a804d78ca5d203ebf98747e8f16dff9713ba8950097ceb760b161e19907,Domains_Alloy
1059,-2.851766398301652,-2.658135638882721,1.02,0.369422589111,86dd3a804d78ca5d203ebf98747e8f16dff9713ba8950097ceb760b161e19907,Domains_Alloy
1060,-2.85222222008281,-2.658135638882721,1.02,0.369422589111,86dd3a804d78ca5d203ebf98747e8f16dff9713ba8950097ceb760b161e19907,Domains_Alloy
1061,-2.852678272946542,-2.658135638882721,1.02,0.369422589111,86dd3a804d78ca5d203ebf98747e8f16dff9713ba8950097ceb760b161e19907,Domains_Alloy
1062,-2.853134556697293,-2.658135638882721,1.02,0.369422589111,86dd3a804d78ca5d203ebf98747e8f16dff9713ba8950097ceb760b161e19907,Domains_Alloy
1063,-2.853591071139824,-2.658135638882721,1.02,0.369422589111,86dd3a804d78ca5d203ebf98747e8f16dff9713ba8950097ceb760b161e19907,Domains_Alloy
1064,-2.854047816079202,-2.658135638882721,1.02,0.369422589111,86dd3a804d78ca5d203ebf98747e8f16dff9713ba8950097ceb760b161e19907,Domains_Alloy
1065,-2.85450479132081,-2.658135638882721,1.02,0.369422589111,86dd3a804d78ca5d203ebf98747e8f16dff9713ba8950097ceb760b161e19907,Domains_Alloy
1066,-2.854961996670336,-2.658135638882721,1.02,0.369422589111,86dd3a804d78ca5d203ebf98747e8f16dff9713ba8950097ceb760b161e19907,Domains_Alloy
1067,-2.85541943193378,-2.658135638882721,1.02,0.369422589111,86dd3a804d78ca5d203ebf98747e8f16dff9713ba8950097ceb760b161e19907,Domains_Alloy
1068,-2.855877096917451,-2.658135638882721,1.02,0.369422589111,86dd3a804d78ca5d203ebf98747e8f16dff9713ba8950097ceb760b161e19907,Domains_Alloy
1069,-2.856334991427964,-2.658135638882721,1.02,0.369422589111,86dd3a804d78ca5d203ebf98747e8f16dff9713ba8950097ceb760b161e19907,Domains_Alloy
1070,-2.856793115272242,-2.658135638882721,1.02,0.369422589111,86dd3a804d78ca5d203ebf98747e8f16dff9713ba8950097ceb760b161e19907,Domains_Alloy
1071,-2.857251468257514,-2.658135638882721,1.02,0.369422589111,86dd3a804d78ca5d203ebf98747e8f16dff9713ba8950097ceb760b161e19907,Domains_Alloy
1072,-2.857710050191317,-2.658135638882721,1.02,0.369422589111,86dd3a804d78ca5d203ebf98747e8f16dff9713ba8950097ceb760b161e19907,Domains_Alloy
1073,-2.85816886088149,-2.658135638882721,1.02,0.369422589111,86dd3a804d78ca5d203ebf98747e8f16dff9713ba8950097ceb760b161e19907,Domains_Alloy
1074,-2.858627900136177,-2.658135638882721,1.02,0.369422589111,86dd3a804d78ca5d203ebf98747e8f16dff9713ba8950097ceb760b161e19907,Domains_Alloy
1075,-2.859087167763829,-2.658135638882721,1.02,0.369422589111,86dd3a804d78ca5d203ebf98747e8f16dff9713ba8950097ceb760b161e19907,Domains_Alloy
1076,-2.859546663573195,-2.658135638882721,1.02,0.369422589111,86dd3a804d78ca5d203ebf98747e8f16dff9713ba8950097ceb760b161e19907,Domains_Alloy
1077,-2.860006387373331,-2.658135638882721,1.02,0.369422589111,86dd3a804d78ca5d203ebf98747e8f16dff9713ba8950097ceb760b161e19907,Domains_Alloy
1078,-2.860466338973591,-2.658135638882721,1.02,0.369422589111,86dd3a804d78ca5d203ebf98747e8f16dff9713ba8950097ceb760b161e19907,Domains_Alloy
1079,-2.860926518183634,-2.658135638882721,1.02,0.369422589111,86dd3a804d78ca5d203ebf98747e8f16dff9713ba8950097ceb760b161e19907,Domains_Alloy
1080,-2.861386924813415,-2.658135638882721,1.02,0.369422589111,86dd3a804d78ca5d203ebf98747e8f16dff9713ba8950097ceb760b161e19907,Domains_Alloy
1081,-2.861847558673192,-2.658135638882721,1.02,0.369422589111,86dd3a804d78ca5d203ebf98747e8f16dff9713ba8950097ceb760b161e19907,Domains_Alloy
1082,-2.862308419573522,-2.658135638882721,1.02,0.369422589111,86dd3a804d78ca5d203ebf98747e8f16dff9713ba8950097ceb760b161e19907,Domains_Alloy
1083,-2.862769507325258,-2.658135638882721,1.02,0.369422589111,86dd3a804d78ca5d203ebf98747e8f16dff9713ba8950097ceb760b161e19907,Domains_Alloy
1084,-2.863230821739553,-2.658135638882721,1.02,0.369422589111,86dd3a804d78ca5d203ebf98747e8f16dff9713ba8950097ceb760b161e19907,Domains_Alloy
1085,-2.863692362627855,-2.658135638882721,1.02,0.369422589111,86dd3a804d78ca5d203ebf98747e8f16dff9713ba8950097ceb760b161e19907,Domains_Alloy
1086,-2.864154129801912,-2.658135638882721,1.02,0.369422589111,86dd3a804d78ca5d203ebf98747e8f16dff9713ba8950097ceb760b161e19907,Domains_Alloy
1087,-2.864616123073763,-2.658135638882721,1.02,0.369422589111,86dd3a804d78ca5d203ebf98747e8f16dff9713ba8950097ceb760b161e19907,Domains_Alloy
1088,-2.865078342255748,-2.658135638882721,1.02,0.369422589111,86dd3a804d78ca5d203ebf98747e8f16dff9713ba8950097ceb760b161e19907,Domains_Alloy
1089,-2.865540787160494,-2.658135638882721,1.02,0.369422589111,86dd3a804d78ca5d203ebf98747e8f16dff9713ba8950097ceb760b161e19907,Domains_Alloy
1090,-2.86600345760093,-2.658135638882721,1.02,0.369422589111,86dd3a804d78ca5d203ebf98747e8f16dff9713ba8950097ceb760b161e19907,Domains_Alloy
1091,-2.866466353390271,-2.658135638882721,1.02,0.369422589111,86dd3a804d78ca5d203ebf98747e8f16dff9713ba8950097ceb760b161e19907,Domains_Alloy
1092,-2.866929474342029,-2.658135638882721,1.02,0.369422589111,86dd3a804d78ca5d203ebf98747e8f16dff9713ba8950097ceb760b161e19907,Domains_Alloy
1093,-2.867392820270007,-2.658135638882721,1.02,0.369422589111,86dd3a804d78ca5d203ebf98747e8f16dff9713ba8950097ceb760b161e19907,Domains_Alloy
1094,-2.867856390988298,-2.658135638882721,1.02,0.369422589111,86dd3a804d78ca5d203ebf98747e8f16dff9713ba8950097ceb760b161e19907,Domains_Alloy
1095,-2.868320186311287,-2.658135638882721,1.02,0.369422589111,86dd3a804d78ca5d203ebf98747e8f16dff9713ba8950097ceb760b161e19907,Domains_Alloy
1096,-2.868784206053649,-2.658135638882721,1.02,0.369422589111,86dd3a804d78ca5d203ebf98747e8f16dff9713ba8950097ceb760b161e19907,Domains_Alloy
1097,-2.869248450030347,-2.658135638882721,1.02,0.369422589111,86dd3a804d78ca5d203ebf98747e8f16dff9713ba8950097ceb760b161e19907,Domains_Alloy
1098,-2.869712918056633,-2.658135638882721,1.02,0.369422589111,86dd3a804d78ca5d203ebf98747e8f16dff9713ba8950097ceb760b161e19907,Domains_Alloy
1099,-2.870177609948048,-2.658135638882721,1.02,0.369422589111,86dd3a804d78ca5d203ebf98747e8f16dff9713ba8950097ceb760b161e19907,Domains_Alloy
1100,-2.870642525520419,-2.658135638882721,1.02,0.369422589111,86dd3a804d78ca5d203ebf98747e8f16dff9713ba8950097ceb760b161e19907,Domains_Alloy
1101,-2.871107664589863,-2.658135638882721,1.02,0.369422589111,86dd3a804d78ca5d203ebf98747e8f16dff9713ba8950097ceb760b161e19907,Domains_Alloy
1102,-2.87157302697278,-2.658135638882721,1.02,0.369422589111,86dd3a804d78ca5d203ebf98747e8f16dff9713ba8950097ceb760b161e19907,Domains_Alloy
1103,-2.872038612485855,-2.658135638882721,1.02,0.369422589111,86dd3a804d78ca5d203ebf98747e8f16dff9713ba8950097ceb760b161e19907,Domains_Alloy
1104,-2.872504420946062,-2.658135638882721,1.02,0.369422589111,86dd3a804d78ca5d203ebf98747e8f16dff9713ba8950097ceb760b161e19907,Domains_Alloy
1105,-2.872970452170654,-2.658135638882721,1.02,0.369422589111,86dd3a804d78ca5d203ebf98747e8f16dff9713ba8950097ceb760b161e19907,Domains_Alloy
1106,-2.873436705977173,-2.658135638882721,1.02,0.369422589111,86dd3a804d78ca5d203ebf98747e8f16dff9713ba8950097ceb760b161e19907,Domains_Alloy
1107,-2.873903182183439,-2.658135638882721,1.02,0.369422589111,86dd3a804d78ca5d203ebf98747e8f16dff9713ba8950097ceb760b161e19907,Domains_Alloy
1108,-2.874369880607559,-2.658135638882721,1.02,0.369422589111,86dd3a804d78ca5d203ebf98747e8f16dff9713ba8950097ceb760b161e19907,Domains_Alloy
1109,-2.874836801067919,-2.658135638882721,1.02,0.369422589111,86dd3a804d78ca5d203ebf98747e8f16dff9713ba8950097ceb760b161e19907,Domains_Alloy
1110,-2.875303943383186,-2.658135638882721,1.02,0.369422589111,86dd3a804d78ca5d203ebf98747e8f16dff9713ba8950097ceb760b161e19907,Domains_Alloy
1111,-2.875771307372311,-2.658135638882721,1.02,0.369422589111,86dd3a804d78ca5d203ebf98747e8f16dff9713ba8950097ceb760b161e19907,Domains_Alloy
1112,-2.87623889285452,-2.658135638882721,1.02,0.369422589111,86dd3a804d78ca5d203ebf98747e8f16dff9713ba8950097ceb760b161e19907,Domains_Alloy
1113,-2.876706699649321,-2.658135638882721,1.02,0.369422589111,86dd3a804d78ca5d203ebf98747e8f16dff9713ba8950097ceb760b161e19907,Domains_Alloy
1114,-2.877174727576502,-2.658135638882721,1.02,0.369422589111,86dd3a804d78ca5d203ebf98747e8f16dff9713ba8950097ceb760b161e19907,Domains_Alloy
1115,-2.877642976456127,-2.658135638882721,1.02,0.369422589111,86dd3a804d78ca5d203ebf98747e8f16dff9713ba8950097ceb760b161e19907,Domains_Alloy
1116,-2.878111446108539,-2.658135638882721,1.02,0.369422589111,86dd3a804d78ca5d203ebf98747e8f16dff9713ba8950097ceb760b161e19907,Domains_Alloy
1117,-2.878580136354357,-2.658135638882721,1.02,0.369422589111,86dd3a804d78ca5d203ebf98747e8f16dff9713ba8950097ceb760b161e19907,Domains_Alloy
1118,-2.879049047014477,-2.658135638882721,1.02,0.369422589111,86dd3a804d78ca5d203ebf98747e8f16dff9713ba8950097ceb760b161e19907,Domains_Alloy
1119,-2.87951817791007,-2.658135638882721,1.02,0.369422589111,86dd3a804d78ca5d203ebf98747e8f16dff9713ba8950097ceb760b161e19907,Domains_Alloy
1120,-2.879987528862582,-2.658135638882721,1.02,0.369422589111,86dd3a804d78ca5d203ebf98747e8f16dff9713ba8950097ceb760b161e19907,Domains_Alloy
1121,-2.880457099693735,-2.658135638882721,1.02,0.369422589111,86dd3a804d78ca5d203ebf98747e8f16dff9713ba8950097ceb760b161e19907,Domains_Alloy
1122,-2.880926890225525,-2.658135638882721,1.02,0.369422589111,86dd3a804d78ca5d203ebf98747e8f16dff9713ba8950097ceb760b161e19907,Domains_Alloy
1123,-2.881396900280218,-2.658135638882721,1.02,0.369422589111,86dd3a804d78ca5d203ebf98747e8f16dff9713ba8950097ceb760b161e19907,Domains_Alloy
1124,-2.881867129680356,-2.658135638882721,1.02,0.369422589111,86dd3a804d78ca5d203ebf98747e8f16dff9713ba8950097ceb760b161e19907,Domains_Alloy
1125,-2.882337578248754,-2.658135638882721,1.02,0.369422589111,86dd3a804d78ca5d203ebf98747e8f16dff9713ba8950097ceb760b161e19907,Domains_Alloy
1126,-2.882808245808496,-2.658135638882721,1.02,0.369422589111,86dd3a804d78ca5d203ebf98747e8f16dff9713ba8950097ceb760b161e19907,Domains_Alloy
1127,-2.883279132182938,-2.658135638882721,1.02,0.369422589111,86dd3a804d78ca5d203ebf98747e8f16dff9713ba8950097ceb760b161e19907,Domains_Alloy
1128,-2.883750237195706,-2.658135638882721,1.02,0.369422589111,86dd3a804d78ca5d203ebf98747e8f16dff9713ba8950097ceb760b161e19907,Domains_Alloy
1129,-2.884221560670697,-2.658135638882721,1.02,0.369422589111,86dd3a804d78ca5d203ebf98747e8f16dff9713ba8950097ceb760b161e19907,Domains_Alloy
1130,-2.884693102432076,-2.658135638882721,1.02,0.369422589111,86dd3a804d78ca5d203ebf98747e8f16dff9713ba8950097ceb760b161e19907,Domains_Alloy
1131,-2.885164862304277,-2.658135638882721,1.02,0.369422589111,86dd3a804d78ca5d203ebf98747e8f16dff9713ba8950097ceb760b161e19907,Domains_Alloy
1132,-2.885636840112002,-2.658135638882721,1.02,0.369422589111,86dd3a804d78ca5d203ebf98747e8f16dff9713ba8950097ceb760b161e19907,Domains_Alloy
1133,-2.886109035680222,-2.658135638882721,1.02,0.369422589111,86dd3a804d78ca5d203ebf98747e8f16dff9713ba8950097ceb760b161e19907,Domains_Alloy
1134,-2.886581448834173,-2.658135638882721,1.02,0.369422589111,86dd3a804d78ca5d203ebf98747e8f16dff9713ba8950097ceb760b161e19907,Domains_Alloy
1135,-2.887054079399358,-2.658135638882721,1.02,0.369422589111,86dd3a804d78ca5d203ebf98747e8f16dff9713ba8950097ceb760b161e19907,Domains_Alloy
1136,-2.887526927201546,-2.658135638882721,1.02,0.369422589111,86dd3a804d78ca5d203ebf98747e8f16dff9713ba8950097ceb760b161e19907,Domains_Alloy
1137,-2.88799999206677,-2.658135638882721,1.02,0.369422589111,86dd3a804d78ca5d203ebf98747e8f16dff9713ba8950097ceb760b161e19907,Domains_Alloy
1138,-2.88847327382133,-2.658135638882721,1.02,0.369422589111,86dd3a804d78ca5d203ebf98747e8f16dff9713ba8950097ceb760b161e19907,Domains_Alloy
1139,-2.888946772291789,-2.658135638882721,1.02,0.369422589111,86dd3a804d78ca5d203ebf98747e8f16dff9713ba8950097ceb760b161e19907,Domains_Alloy
1140,-2.889420487304972,-2.658135638882721,1.02,0.369422589111,86dd3a804d78ca5d203ebf98747e8f16dff9713ba8950097ceb760b161e19907,Domains_Alloy
1141,-2.889894418687969,-2.658135638882721,1.02,0.369422589111,86dd3a804d78ca5d203ebf98747e8f16dff9713ba8950097ceb760b161e19907,Domains_Alloy
1142,-2.890368566268132,-2.658135638882721,1.02,0.369422589111,86dd3a804d78ca5d203ebf98747e8f16dff9713ba8950097ceb760b161e19907,Domains_Alloy
1143,-2.890842929873072,-2.658135638882721,1.02,0.369422589111,86dd3a804d78ca5d203ebf98747e8f16dff9713ba8950097ceb760b161e19907,Domains_Alloy
1144,-2.891317509330667,-2.658135638882721,1.02,0.369422589111,86dd3a804d78ca5d203ebf98747e8f16dff9713ba8950097ceb760b161e19907,Domains_Alloy
1145,-2.891792304469051,-2.658135638882721,1.02,0.369422589111,86dd3a804d78ca5d203ebf98747e8f16dff9713ba8950097ceb760b161e19907,Domains_Alloy
1146,-2.892267315116618,-2.658135638882721,1.02,0.369422589111,86dd3a804d78ca5d203ebf98747e8f16dff9713ba8950097ceb760b161e19907,Domains_Alloy
1147,-2.892742541102026,-2.658135638882721,1.02,0.369422589111,86dd3a804d78ca5d203ebf98747e8f16dff9713ba8950097ceb760b161e19907,Domains_Alloy
1148,-2.893217982254186,-2.658135638882721,1.02,0.369422589111,86dd3a804d78ca5d203ebf98747e8f16dff9713ba8950097ceb760b161e19907,Domains_Alloy
1149,-2.893693638402272,-2.658135638882721,1.02,0.369422589111,86dd3a804d78ca5d203ebf98747e8f16dff9713ba8950097ceb760b161e19907,Domains_Alloy
1150,-2.894169509375715,-2.658135638882721,1.02,0.369422589111,86dd3a804d78ca5d203ebf98747e8f16dff9713ba8950097ceb760b161e19907,Domains_Alloy
1151,-2.894645595004202,-2.658135638882721,1.02,0.369422589111,86dd3a804d78ca5d203ebf98747e8f16dff9713ba8950097ceb760b161e19907,Domains_Alloy
1152,-2.895121895117677,-2.658135638882721,1.02,0.369422589111,86dd3a804d78ca5d203ebf98747e8f16dff9713ba8950097ceb760b161e19907,Domains_Alloy
1153,-2.895598409546342,-2.658135638882721,1.02,0.369422589111,86dd3a804d78ca5d203ebf98747e8f16dff9713ba8950097ceb760b161e19907,Domains_Alloy
1154,-2.896075138120654,-2.658135638882721,1.02,0.369422589111,86dd3a804d78ca5d203ebf98747e8f16dff9713ba8950097ceb760b161e19907,Domains_Alloy
1155,-2.896552080671323,-2.658135638882721,1.02,0.369422589111,86dd3a804d78ca5d203ebf98747e8f16dff9713ba8950097ceb760b161e19907,Domains_Alloy
1156,-2.897029237029316,-2.658135638882721,1.02,0.369422589111,86dd3a804d78ca5d203ebf98747e8f16dff9713ba8950097ceb760b161e19907,Domains_Alloy
1157,-2.897506607025855,-2.658135638882721,1.02,0.369422589111,86dd3a804d78ca5d203ebf98747e8f16dff9713ba8950097ceb760b161e19907,Domains_Alloy
1158,-2.897984190492412,-2.658135638882721,1.02,0.369422589111,86dd3a804d78ca5d203ebf98747e8f16dff9713ba8950097ceb760b161e19907,Domains_Alloy
1159,-2.898461987260715,-2.658135638882721,1.02,0.369422589111,86dd3a804d78ca5d203ebf98747e8f16dff9713ba8950097ceb760b161e19907,Domains_Alloy
1160,-2.898939997162743,-2.658135638882721,1.02,0.369422589111,86dd3a804d78ca5d203ebf98747e8f16dff9713ba8950097ceb760b161e19907,Domains_Alloy
1161,-2.899418220030729,-2.658135638882721,1.02,0.369422589111,86dd3a804d78ca5d203ebf98747e8f16dff9713ba8950097ceb760b161e19907,Domains_Alloy
1162,-2.899896655697153,-2.658135638882721,1.02,0.369422589111,86dd3a804d78ca5d203ebf98747e8f16dff9713ba8950097ceb760b161e19907,Domains_Alloy
1163,-2.900375303994751,-2.658135638882721,1.02,0.369422589111,86dd3a804d78ca5d203ebf98747e8f16dff9713ba8950097ceb760b161e19907,Domains_Alloy
1164,-2.900854164756506,-2.658135638882721,1.02,0.369422589111,86dd3a804d78ca5d203ebf98747e8f16dff9713ba8950097ceb760b161e19907,Domains_Alloy
1165,-2.901333237815652,-2.658135638882721,1.02,0.369422589111,86dd3a804d78ca5d203ebf98747e8f16dff9713ba8950097ceb760b161e19907,Domains_Alloy
1166,-2.901812523005671,-2.658135638882721,1.02,0.369422589111,86dd3a804d78ca5d203ebf98747e8f16dff9713ba8950097ceb760b161e19907,Domains_Alloy
1167,-2.902292020160297,-2.658135638882721,1.02,0.369422589111,86dd3a804d78ca5d203ebf98747e8f16dff9713ba8950097ceb760b161e19907,Domains_Alloy
1168,-2.902771729113508,-2.658135638882721,1.02,0.369422589111,86dd3a804d78ca5d203ebf98747e8f16dff9713ba8950097ceb760b161e19907,Domains_Alloy
1169,-2.903251649699533,-2.658135638882721,1.02,0.369422589111,86dd3a804d78ca5d203ebf98747e8f16dff9713ba8950097ceb760b161e19907,Domains_Alloy
1170,-2.903731781752846,-2.658135638882721,1.02,0.369422589111,86dd3a804d78ca5d203ebf98747e8f16dff9713ba8950097ceb760b161e19907,Domains_Alloy
1171,-2.904212125108169,-2.658135638882721,1.02,0.369422589111,86dd3a804d78ca5d203ebf98747e8f16dff9713ba8950097ceb760b161e19907,Domains_Alloy
1172,-2.904692679600469,-2.658135638882721,1.02,0.369422589111,86dd3a804d78ca5d203ebf98747e8f16dff9713ba8950097ceb760b161e19907,Domains_Alloy
1173,-2.90517344506496,-2.658135638882721,1.02,0.369422589111,86dd3a804d78ca5d203ebf98747e8f16dff9713ba8950097ceb760b161e19907,Domains_Alloy
1174,-2.905654421337099,-2.658135638882721,1.02,0.369422589111,86dd3a804d78ca5d203ebf98747e8f16dff9713ba8950097ceb760b161e19907,Domains_Alloy
1175,-2.90613560825259,-2.658135638882721,1.02,0.369422589111,86dd3a804d78ca5d203ebf98747e8f16dff9713ba8950097ceb760b161e19907,Domains_Alloy
1176,-2.90661700564738,-2.658135638882721,1.02,0.369422589111,86dd3a804d78ca5d203ebf98747e8f16dff9713ba8950097ceb760b161e19907,Domains_Alloy
1177,-2.907098613357658,-2.658135638882721,1.02,0.369422589111,86dd3a804d78ca5d203ebf98747e8f16dff9713ba8950097ceb760b161e19907,Domains_Alloy
1178,-2.907580431219858,-2.658135638882721,1.02,0.369422589111,86dd3a804d78ca5d203ebf98747e8f16dff9713ba8950097ceb760b161e19907,Domains_Alloy
1179,-2.908062459070657,-2.658135638882721,1.02,0.369422589111,86dd3a804d78ca5d203ebf98747e8f16dff9713ba8950097ceb760b161e19907,Domains_Alloy
1180,-2.908544696746972,-2.658135638882721,1.02,0.369422589111,86dd3a804d78ca5d203ebf98747e8f16dff9713ba8950097ceb760b161e19907,Domains_Alloy
1181,-2.909027144085963,-2.658135638882721,1.02,0.369422589111,86dd3a804d78ca5d203ebf98747e8f16dff9713ba8950097ceb760b161e19907,Domains_Alloy
1182,-2.909509800925029,-2.658135638882721,1.02,0.369422589111,86dd3a804d78ca5d203ebf98747e8f16dff9713ba8950097ceb760b161e19907,Domains_Alloy
1183,-2.909992667101812,-2.658135638882721,1.02,0.369422589111,86dd3a804d78ca5d203ebf98747e8f16dff9713ba8950097ceb760b161e19907,Domains_Alloy
1184,-2.910475742454193,-2.658135638882721,1.02,0.369422589111,86dd3a804d78ca5d203ebf98747e8f16dff9713ba8950097ceb760b161e19907,Domains_Alloy
1185,-2.910959026820291,-2.658135638882721,1.02,0.369422589111,86dd3a804d78ca5d203ebf98747e8f16dff9713ba8950097ceb760b161e19907,Domains_Alloy
1186,-2.911442520038466,-2.658135638882721,1.02,0.369422589111,86dd3a804d78ca5d203ebf98747e8f16dff9713ba8950097ceb760b161e19907,Domains_Alloy
1187,-2.911926221947316,-2.658135638882721,1.02,0.369422589111,86dd3a804d78ca5d203ebf98747e8f16dff9713ba8950097ceb760b161e19907,Domains_Alloy
1188,-2.912410132385677,-2.658135638882721,1.02,0.369422589111,86dd3a804d78ca5d203ebf98747e8f16dff9713ba8950097ceb760b161e19907,Domains_Alloy
1189,-2.912894251192621,-2.658135638882721,1.02,0.369422589111,86dd3a804d78ca5d203ebf98747e8f16dff9713ba8950097ceb760b161e19907,Domains_Alloy
1190,-2.913378578207458,-2.658135638882721,1.02,0.369422589111,86dd3a804d78ca5d203ebf98747e8f16dff9713ba8950097ceb760b161e19907,Domains_Alloy
1191,-2.913863113269735,-2.658135638882721,1.02,0.369422589111,86dd3a804d78ca5d203ebf98747e8f16dff9713ba8950097ceb760b161e19907,Domains_Alloy
1192,-2.914347856219235,-2.658135638882721,1.02,0.369422589111,86dd3a804d78ca5d203ebf98747e8f16dff9713ba8950097ceb760b161e19907,Domains_Alloy
1193,-2.914832806895976,-2.658135638882721,1.02,0.369422589111,86dd3a804d78ca5d203ebf98747e8f16dff9713ba8950097ceb760b161e19907,Domains_Alloy
1194,-2.915317965140209,-2.658135638882721,1.02,0.369422589111,86dd3a804d78ca5d203ebf98747e8f16dff9713ba8950097ceb760b161e19907,Domains_Alloy
1195,-2.915803330792424,-2.658135638882721,1.02,0.369422589111,86dd3a804d78ca5d203ebf98747e8f16dff9713ba8950097ceb760b161e19907,Domains_Alloy
1196,-2.916288903693341,-2.658135638882721,1.02,0.369422589111,86dd3a804d78ca5d203ebf98747e8f16dff9713ba8950097ceb760b161e19907,Domains_Alloy
1197,-2.916774683683915,-2.658135638882721,1.02,0.369422589111,86dd3a804d78ca5d203ebf98747e8f16dff9713ba8950097ceb760b161e19907,Domains_Alloy
1198,-2.917260670605335,-2.658135638882721,1.02,0.369422589111,86dd3a804d78ca5d203ebf98747e8f16dff9713ba8950097ceb760b161e19907,Domains_Alloy
1199,-2.917746864299021,-2.658135638882721,1.02,0.369422589111,86dd3a804d78ca5d203ebf98747e8f16dff9713ba8950097ceb760b161e19907,Domains_Alloy
1200,-2.918233264606624,-2.658135638882721,1.02,0.369422589111,86dd3a804d78ca5d203ebf98747e8f16dff9713ba8950097ceb760b161e19907,Domains_Alloy
1201,-2.918719871370031,-2.658135638882721,1.02,0.369422589111,86dd3a804d78ca5d203ebf98747e8f16dff9713ba8950097ceb760b161e19907,Domains_Alloy
1202,-2.919206684431355,-2.658135638882721,1.02,0.369422589111,86dd3a804d78ca5d203ebf98747e8f16dff9713ba8950097ceb760b161e19907,Domains_Alloy
1203,-2.919693703632943,-2.658135638882721,1.02,0.369422589111,86dd3a804d78ca5d203ebf98747e8f16dff9713ba8950097ceb760b161e19907,Domains_Alloy
1204,-2.920180928817371,-2.658135638882721,1.02,0.369422589111,86dd3a804d78ca5d203ebf98747e8f16dff9713ba8950097ceb760b161e19907,Domains_Alloy
1205,-2.920668359827444,-2.658135638882721,1.02,0.369422589111,86dd3a804d78ca5d203ebf98747e8f16dff9713ba8950097ceb760b161e19907,Domains_Alloy
1206,-2.921155996506198,-2.658135638882721,1.02,0.369422589111,86dd3a804d78ca5d203ebf98747e8f16dff9713ba8950097ceb760b161e19907,Domains_Alloy
1207,-2.921643838696895,-2.658135638882721,1.02,0.369422589111,86dd3a804d78ca5d203ebf98747e8f16dff9713ba8950097ceb760b161e19907,Domains_Alloy
1208,-2.922131886243028,-2.658135638882721,1.02,0.369422589111,86dd3a804d78ca5d203ebf98747e8f16dff9713ba8950097ceb760b161e19907,Domains_Alloy
1209,-2.922620138988315,-2.658135638882721,1.02,0.369422589111,86dd3a804d78ca5d203ebf98747e8f16dff9713ba8950097ceb760b161e19907,Domains_Alloy
1210,-2.923108596776705,-2.658135638882721,1.02,0.369422589111,86dd3a804d78ca5d203ebf98747e8f16dff9713ba8950097ceb760b161e19907,Domains_Alloy
1211,-2.92359725945237,-2.658135638882721,1.02,0.369422589111,86dd3a804d78ca5d203ebf98747e8f16dff9713ba8950097ceb760b161e19907,Domains_Alloy
1212,-2.924086126859711,-2.658135638882721,1.02,0.369422589111,86dd3a804d78ca5d203ebf98747e8f16dff9713ba8950097ceb760b161e19907,Domains_Alloy
1213,-2.924575198843353,-2.658135638882721,1.02,0.369422589111,86dd3a804d78ca5d203ebf98747e8f16dff9713ba8950097ceb760b161e19907,Domains_Alloy
1214,-2.925064475248147,-2.658135638882721,1.02,0.369422589111,86dd3a804d78ca5d203ebf98747e8f16dff9713ba8950097ceb760b161e19907,Domains_Alloy
1215,-2.925553955919171,-2.658135638882721,1.02,0.369422589111,86dd3a804d78ca5d203ebf98747e8f16dff9713ba8950097ceb760b161e19907,Domains_Alloy
1216,-2.926043640701723,-2.658135638882721,1.02,0.369422589111,86dd3a804d78ca5d203ebf98747e8f16dff9713ba8950097ceb760b161e19907,Domains_Alloy
1217,-2.926533529441329,-2.658135638882721,1.02,0.369422589111,86dd3a804d78ca5d203ebf98747e8f16dff9713ba8950097ceb760b161e19907,Domains_Alloy
1218,-2.927023621983738,-2.658135638882721,1.02,0.369422589111,86dd3a804d78ca5d203ebf98747e8f16dff9713ba8950097ceb760b161e19907,Domains_Alloy
1219,-2.92751391817492,-2.658135638882721,1.02,0.369422589111,86dd3a804d78ca5d203ebf98747e8f16dff9713ba8950097ceb760b161e19907,Domains_Alloy
1220,-2.92800441786107,-2.658135638882721,1.02,0.369422589111,86dd3a804d78ca5d203ebf98747e8f16dff9713ba8950097ceb760b161e19907,Domains_Alloy
1221,-2.928495120888603,-2.658135638882721,1.02,0.369422589111,86dd3a804d78ca5d203ebf98747e8f16dff9713ba8950097ceb760b161e19907,Domains_Alloy
1222,-2.928986027104157,-2.658135638882721,1.02,0.369422589111,86dd3a804d78ca5d203ebf98747e8f16dff9713ba8950097ceb760b161e19907,Domains_Alloy
1223,-2.929477136354592,-2.658135638882721,1.02,0.369422589111,86dd3a804d78ca5d203ebf98747e8f16dff9713ba8950097ceb760b161e19907,Domains_Alloy
1224,-2.929968448486987,-2.658135638882721,1.02,0.369422589111,86dd3a804d78ca5d203ebf98747e8f16dff9713ba8950097ceb760b161e19907,Domains_Alloy
1225,-2.930459963348642,-2.658135638882721,1.02,0.369422589111,86dd3a804d78ca5d203ebf98747e8f16dff9713ba8950097ceb760b161e19907,Domains_Alloy
1226,-2.930951680787078,-2.658135638882721,1.02,0.369422589111,86dd3a804d78ca5d203ebf98747e8f16dff9713ba8950097ceb760b161e19907,Domains_Alloy
1227,-2.931443600650034,-2.658135638882721,1.02,0.369422589111,86dd3a804d78ca5d203ebf98747e8f16dff9713ba8950097ceb760b161e19907,Domains_Alloy
1228,-2.931935722785468,-2.658135638882721,1.02,0.369422589111,86dd3a804d78ca5d203ebf98747e8f16dff9713ba8950097ceb760b161e19907,Domains_Alloy
1229,-2.932428047041558,-2.658135638882721,1.02,0.369422589111,86dd3a804d78ca5d203ebf98747e8f16dff9713ba8950097ceb760b161e19907,Domains_Alloy
1230,-2.932920573266699,-2.658135638882721,1.02,0.369422589111,86dd3a804d78ca5d203ebf98747e8f16dff9713ba8950097ceb760b161e19907,Domains_Alloy
1231,-2.933413301309504,-2.658135638882721,1.02,0.369422589111,86dd3a804d78ca5d203ebf98747e8f16dff9713ba8950097ceb760b161e19907,Domains_Alloy
1232,-2.933906231018802,-2.658135638882721,1.02,0.369422589111,86dd3a804d78ca5d203ebf98747e8f16dff9713ba8950097ceb760b161e19907,Domains_Alloy
1233,-2.93439936224364,-2.658135638882721,1.02,0.369422589111,86dd3a804d78ca5d203ebf98747e8f16dff9713ba8950097ceb760b161e19907,Domains_Alloy
1234,-2.934892694833282,-2.658135638882721,1.02,0.369422589111,86dd3a804d78ca5d203ebf98747e8f16dff9713ba8950097ceb760b161e19907,Domains_Alloy
1235,-2.935386228637206,-2.658135638882721,1.02,0.369422589111,86dd3a804d78ca5d203ebf98747e8f16dff9713ba8950097ceb760b161e19907,Domains_Alloy
1236,-2.935879963505107,-2.658135638882721,1.02,0.369422589111,86dd3a804d78ca5d203ebf98747e8f16dff9713ba8950097ceb760b161e19907,Domains_Alloy
1237,-2.936373899286894,-2.658135638882721,1.02,0.369422589111,86dd3a804d78ca5d203ebf98747e8f16dff9713ba8950097ceb760b161e19907,Domains_Alloy
1238,-2.93686803583269,-2.658135638882721,1.02,0.369422589111,86dd3a804d78ca5d203ebf98747e8f16dff9713ba8950097ceb760b161e19907,Domains_Alloy
1239,-2.937362372992835,-2.658135638882721,1.02,0.369422589111,86dd3a804d78ca5d203ebf98747e8f16dff9713ba8950097ceb760b161e19907,Domains_Alloy
1240,-2.937856910617879,-2.658135638882721,1.02,0.369422589111,86dd3a804d78ca5d203ebf98747e8f16dff9713ba8950097ceb760b161e19907,Domains_Alloy
1241,-2.938351648558588,-2.658135638882721,1.02,0.369422589111,86dd3a804d78ca5d203ebf98747e8f16dff9713ba8950097ceb760b161e19907,Domains_Alloy
1242,-2.938846586665939,-2.658135638882721,1.02,0.369422589111,86dd3a804d78ca5d203ebf98747e8f16dff9713ba8950097ceb760b161e19907,Domains_Alloy
1243,-2.939341724791122,-2.658135638882721,1.02,0.369422589111,86dd3a804d78ca5d203ebf98747e8f16dff9713ba8950097ceb760b161e19907,Domains_Alloy
1244,-2.93983706278554,-2.658135638882721,1.02,0.369422589111,86dd3a804d78ca5d203ebf98747e8f16dff9713ba8950097ceb760b161e19907,Domains_Alloy
1245,-2.940332600500806,-2.658135638882721,1.02,0.369422589111,86dd3a804d78ca5d203ebf98747e8f16dff9713ba8950097ceb760b161e19907,Domains_Alloy
1246,-2.940828337788744,-2.658135638882721,1.02,0.369422589111,86dd3a804d78ca5d203ebf98747e8f16dff9713ba8950097ceb760b161e19907,Domains_Alloy
1247,-2.94132427450139,-2.658135638882721,1.02,0.369422589111,86dd3a804d78ca5d203ebf98747e8f16dff9713ba8950097ceb760b161e19907,Domains_Alloy
1248,-2.941820410490989,-2.658135638882721,1.02,0.369422589111,86dd3a804d78ca5d203ebf98747e8f16dff9713ba8950097ceb760b161e19907,Domains_Alloy
1249,-2.942316745609996,-2.658135638882721,1.02,0.369422589111,86dd3a804d78ca5d203ebf98747e8f16dff9713ba8950097ceb760b161e19907,Domains_Alloy
1250,-2.942813279711077,-2.658135638882721,1.02,0.369422589111,86dd3a804d78ca5d203ebf98747e8f16dff9713ba8950097ceb760b161e19907,Domains_Alloy
1251,-2.943310012647103,-2.658135638882721,1.02,0.369422589111,86dd3a804d78ca5d203ebf98747e8f16dff9713ba8950097ceb760b161e19907,Domains_Alloy
1252,-2.943806944271159,-2.658135638882721,1.02,0.369422589111,86dd3a804d78ca5d203ebf98747e8f16dff9713ba8950097ceb760b161e19907,Domains_Alloy
1253,-2.944304074436533,-2.658135638882721,1.02,0.369422589111,86dd3a804d78ca5d203ebf98747e8f16dff9713ba8950097ceb760b161e19907,Domains_Alloy
1254,-2.944801402996724,-2.658135638882721,1.02,0.369422589111,86dd3a804d78ca5d203ebf98747e8f16dff9713ba8950097ceb760b161e19907,Domains_Alloy
1255,-2.945298929805437,-2.658135638882721,1.02,0.369422589111,86dd3a804d78ca5d203ebf98747e8f16dff9713ba8950097ceb760b161e19907,Domains_Alloy
1256,-2.945796654716584,-2.658135638882721,1.02,0.369422589111,86dd3a804d78ca5d203ebf98747e8f16dff9713ba8950097ceb760b161e19907,Domains_Alloy
1257,-2.946294577584283,-2.658135638882721,1.02,0.369422589111,86dd3a804d78ca5d203ebf98747e8f16dff9713ba8950097ceb760b161e19907,Domains_Alloy
1258,-2.946792698262857,-2.658135638882721,1.02,0.369422589111,86dd3a804d78ca5d203ebf98747e8f16dff9713ba8950097ceb760b161e19907,Domains_Alloy
1259,-2.947291016606838,-2.658135638882721,1.02,0.369422589111,86dd3a804d78ca5d203ebf98747e8f16dff9713ba8950097ceb760b161e19907,Domains_Alloy
1260,-2.94778953247096,-2.658135638882721,1.02,0.369422589111,86dd3a804d78ca5d203ebf98747e8f16dff9713ba8950097ceb760b161e19907,Domains_Alloy
1261,-2.948288245710164,-2.658135638882721,1.02,0.369422589111,86dd3a804d78ca5d203ebf98747e8f16dff9713ba8950097ceb760b161e19907,Domains_Alloy
1262,-2.948787156179593,-2.658135638882721,1.02,0.369422589111,86dd3a804d78ca5d203ebf98747e8f16dff9713ba8950097ceb760b161e19907,Domains_Alloy
1263,-2.949286263734595,-2.658135638882721,1.02,0.369422589111,86dd3a804d78ca5d203ebf98747e8f16dff9713ba8950097ceb760b161e19907,Domains_Alloy
1264,-2.949785568230722,-2.658135638882721,1.02,0.369422589111,86dd3a804d78ca5d203ebf98747e8f16dff9713ba8950097ceb760b161e19907,Domains_Alloy
1265,-2.950285069523729,-2.658135638882721,1.02,0.369422589111,86dd3a804d78ca5d203ebf98747e8f16dff9713ba8950097ceb760b161e19907,Domains_Alloy
1266,-2.950784767469574,-2.658135638882721,1.02,0.369422589111,86dd3a804d78ca5d203ebf98747e8f16dff9713ba8950097ceb760b161e19907,Domains_Alloy
1267,-2.951284661924415,-2.658135638882721,1.02,0.369422589111,86dd3a804d78ca5d203ebf98747e8f16dff9713ba8950097ceb760b161e19907,Domains_Alloy
1268,-2.951784752744614,-2.658135638882721,1.02,0.369422589111,86dd3a804d78ca5d203ebf98747e8f16dff9713ba8950097ceb760b161e19907,Domains_Alloy
1269,-2.952285039786736,-2.658135638882721,1.02,0.369422589111,86dd3a804d78ca5d203ebf98747e8f16dff9713ba8950097ceb760b161e19907,Domains_Alloy
1270,-2.952785522907542,-2.658135638882721,1.02,0.369422589111,86dd3a804d78ca5d203ebf98747e8f16dff9713ba8950097ceb760b161e19907,Domains_Alloy
1271,-2.953286201963999,-2.658135638882721,1.02,0.369422589111,86dd3a804d78ca5d203ebf98747e8f16dff9713ba8950097ceb760b161e19907,Domains_Alloy
1272,-2.953787076813271,-2.658135638882721,1.02,0.369422589111,86dd3a804d78ca5d203ebf98747e8f16dff9713ba8950097ceb760b161e19907,Domains_Alloy
1273,-2.954288147312724,-2.658135638882721,1.02,0.369422589111,86dd3a804d78ca5d203ebf98747e8f16dff9713ba8950097ceb760b161e19907,Domains_Alloy
1274,-2.954789413319922,-2.658135638882721,1.02,0.369422589111,86dd3a804d78ca5d203ebf98747e8f16dff9713ba8950097ceb760b161e19907,Domains_Alloy
1275,-2.955290874692628,-2.658135638882721,1.02,0.369422589111,86dd3a804d78ca5d203ebf98747e8f16dff9713ba8950097ceb760b161e19907,Domains_Alloy
1276,-2.955792531288805,-2.658135638882721,1.02,0.369422589111,86dd3a804d78ca5d203ebf98747e8f16dff9713ba8950097ceb760b161e19907,Domains_Alloy
1277,-2.956294382966612,-2.658135638882721,1.02,0.369422589111,86dd3a804d78ca5d203ebf98747e8f16dff9713ba8950097ceb760b161e19907,Domains_Alloy
1278,-2.956796429584408,-2.658135638882721,1.02,0.369422589111,86dd3a804d78ca5d203ebf98747e8f16dff9713ba8950097ceb760b161e19907,Domains_Alloy
1279,-2.957298671000749,-2.658135638882721,1.02,0.369422589111,86dd3a804d78ca5d203ebf98747e8f16dff9713ba8950097ceb760b161e19907,Domains_Alloy
1280,-2.957801107074388,-2.658135638882721,1.02,0.369422589111,86dd3a804d78ca5d203ebf98747e8f16dff9713ba8950097ceb760b161e19907,Domains_Alloy
1281,-2.958303737664274,-2.658135638882721,1.02,0.369422589111,86dd3a804d78ca5d203ebf98747e8f16dff9713ba8950097ceb760b161e19907,Domains_Alloy
1282,-2.958806562629552,-2.658135638882721,1.02,0.369422589111,86dd3a804d78ca5d203ebf98747e8f16dff9713ba8950097ceb760b161e19907,Domains_Alloy
1283,-2.959309581829566,-2.658135638882721,1.02,0.369422589111,86dd3a804d78ca5d203ebf98747e8f16dff9713ba8950097ceb760b161e19907,Domains_Alloy
1284,-2.959812795123851,-2.658135638882721,1.02,0.369422589111,86dd3a804d78ca5d203ebf98747e8f16dff9713ba8950097ceb760b161e19907,Domains_Alloy
1285,-2.960316202372141,-2.658135638882721,1.02,0.369422589111,86dd3a804d78ca5d203ebf98747e8f16dff9713ba8950097ceb760b161e19907,Domains_Alloy
1286,-2.960819803434361,-2.658135638882721,1.02,0.369422589111,86dd3a804d78ca5d203ebf98747e8f16dff9713ba8950097ceb760b161e19907,Domains_Alloy
1287,-2.961323598170635,-2.658135638882721,1.02,0.369422589111,86dd3a804d78ca5d203ebf98747e8f16dff9713ba8950097ceb760b161e19907,Domains_Alloy
1288,-2.961827586441276,-2.658135638882721,1.02,0.369422589111,86dd3a804d78ca5d203ebf98747e8f16dff9713ba8950097ceb760b161e19907,Domains_Alloy
1289,-2.962331768106794,-2.658135638882721,1.02,0.369422589111,86dd3a804d78ca5d203ebf98747e8f16dff9713ba8950097ceb760b161e19907,Domains_Alloy
1290,-2.962836143027892,-2.658135638882721,1.02,0.369422589111,86dd3a804d78ca5d203ebf98747e8f16dff9713ba8950097ceb760b161e19907,Domains_Alloy
1291,-2.963340711065463,-2.658135638882721,1.02,0.369422589111,86dd3a804d78ca5d203ebf98747e8f16dff9713ba8950097ceb760b161e19907,Domains_Alloy
1292,-2.963845472080596,-2.658135638882721,1.02,0.369422589111,86dd3a804d78ca5d203ebf98747e8f16dff9713ba8950097ceb760b161e19907,Domains_Alloy
1293,-2.964350425934571,-2.658135638882721,1.02,0.369422589111,86dd3a804d78ca5d203ebf98747e8f16dff9713ba8950097ceb760b161e19907,Domains_Alloy
1294,-2.964855572488857,-2.658135638882721,1.02,0.369422589111,86dd3a804d78ca5d203ebf98747e8f16dff9713ba8950097ceb760b161e19907,Domains_Alloy
1295,-2.965360911605117,-2.658135638882721,1.02,0.369422589111,86dd3a804d78ca5d203ebf98747e8f16dff9713ba8950097ceb760b161e19907,Domains_Alloy
1296,-2.965866443145206,-2.658135638882721,1.02,0.369422589111,86dd3a804d78ca5d203ebf98747e8f16dff9713ba8950097ceb760b161e19907,Domains_Alloy
1297,-2.966372166971165,-2.658135638882721,1.02,0.369422589111,86dd3a804d78ca5d203ebf98747e8f16dff9713ba8950097ceb760b161e19907,Domains_Alloy
1298,-2.96687808294523,-2.658135638882721,1.02,0.369422589111,86dd3a804d78ca5d203ebf98747e8f16dff9713ba8950097ceb760b161e19907,Domains_Alloy
1299,-2.967384190929823,-2.658135638882721,1.02,0.369422589111,86dd3a804d78ca5d203ebf98747e8f16dff9713ba8950097ceb760b161e19907,Domains_Alloy
1300,-2.967890490787559,-2.658135638882721,1.02,0.369422589111,86dd3a804d78ca5d203ebf98747e8f16dff9713ba8950097ceb760b161e19907,Domains_Alloy
1301,-2.968396982381239,-2.658135638882721,1.02,0.369422589111,86dd3a804d78ca5d203ebf98747e8f16dff9713ba8950097ceb760b161e19907,Domains_Alloy
1302,-2.968903665573854,-2.658135638882721,1.02,0.369422589111,86dd3a804d78ca5d203ebf98747e8f16dff9713ba8950097ceb760b161e19907,Domains_Alloy
1303,-2.969410540228583,-2.658135638882721,1.02,0.369422589111,86dd3a804d78ca5d203ebf98747e8f16dff9713ba8950097ceb760b161e19907,Domains_Alloy
1304,-2.969917606208793,-2.658135638882721,1.02,0.369422589111,86dd3a804d78ca5d203ebf98747e8f16dff9713ba8950097ceb760b161e19907,Domains_Alloy
1305,-2.970424863378038,-2.658135638882721,1.02,0.369422589111,86dd3a804d78ca5d203ebf98747e8f16dff9713ba8950097ceb760b161e19907,Domains_Alloy
1306,-2.970932311600061,-2.658135638882721,1.02,0.369422589111,86dd3a804d78ca5d203ebf98747e8f16dff9713ba8950097ceb760b161e19907,Domains_Alloy
1307,-2.971439950738788,-2.658135638882721,1.02,0.369422589111,86dd3a804d78ca5d203ebf98747e8f16dff9713ba8950097ceb760b161e19907,Domains_Alloy
1308,-2.971947780658336,-2.658135638882721,1.02,0.369422589111,86dd3a804d78ca5d203ebf98747e8f16dff9713ba8950097ceb760b161e19907,Domains_Alloy
1309,-2.972455801223006,-2.658135638882721,1.02,0.369422589111,86dd3a804d78ca5d203ebf98747e8f16dff9713ba8950097ceb760b161e19907,Domains_Alloy
1310,-2.972964012297283,-2.658135638882721,1.02,0.369422589111,86dd3a804d78ca5d203ebf98747e8f16dff9713ba8950097ceb760b161e19907,Domains_Alloy
1311,-2.97347241374584,-2.658135638882721,1.02,0.369422589111,86dd3a804d78ca5d203ebf98747e8f16dff9713ba8950097ceb760b161e19907,Domains_Alloy
1312,-2.973981005433533,-2.658135638882721,1.02,0.369422589111,86dd3a804d78ca5d203ebf98747e8f16dff9713ba8950097ceb760b161e19907,Domains_Alloy
1313,-2.974489787225405,-2.658135638882721,1.02,0.369422589111,86dd3a804d78ca5d203ebf98747e8f16dff9713ba8950097ceb760b161e19907,Domains_Alloy
1314,-2.974998758986681,-2.658135638882721,1.02,0.369422589111,86dd3a804d78ca5d203ebf98747e8f16dff9713ba8950097ceb760b161e19907,Domains_Alloy
1315,-2.975507920582771,-2.658135638882721,1.02,0.369422589111,86dd3a804d78ca5d203ebf98747e8f16dff9713ba8950097ceb760b161e19907,Domains_Alloy
1316,-2.976017271879267,-2.658135638882721,1.02,0.369422589111,86dd3a804d78ca5d203ebf98747e8f16dff9713ba8950097ceb760b161e19907,Domains_Alloy
1317,-2.976526812741946,-2.658135638882721,1.02,0.369422589111,86dd3a804d78ca5d203ebf98747e8f16dff9713ba8950097ceb760b161e19907,Domains_Alloy
1318,-2.977036543036767,-2.658135638882721,1.02,0.369422589111,86dd3a804d78ca5d203ebf98747e8f16dff9713ba8950097ceb760b161e19907,Domains_Alloy
1319,-2.977546462629872,-2.658135638882721,1.02,0.369422589111,86dd3a804d78ca5d203ebf98747e8f16dff9713ba8950097ceb760b161e19907,Domains_Alloy
1320,-2.978056571387584,-2.658135638882721,1.02,0.369422589111,86dd3a804d78ca5d203ebf98747e8f16dff9713ba8950097ceb760b161e19907,Domains_Alloy
1321,-2.978566869176408,-2.658135638882721,1.02,0.369422589111,86dd3a804d78ca5d203ebf98747e8f16dff9713ba8950097ceb760b161e19907,Domains_Alloy
1322,-2.979077355863032,-2.658135638882721,1.02,0.369422589111,86dd3a804d78ca5d203ebf98747e8f16dff9713ba8950097ceb760b161e19907,Domains_Alloy
1323,-2.979588031314322,-2.658135638882721,1.02,0.369422589111,86dd3a804d78ca5d203ebf98747e8f16dff9713ba8950097ceb760b161e19907,Domains_Alloy
1324,-2.980098895397329,-2.658135638882721,1.02,0.369422589111,86dd3a804d78ca5d203ebf98747e8f16dff9713ba8950097ceb760b161e19907,Domains_Alloy
1325,-2.980609947979279,-2.658135638882721,1.02,0.369422589111,86dd3a804d78ca5d203ebf98747e8f16dff9713ba8950097ceb760b161e19907,Domains_Alloy
1326,-2.981121188927582,-2.658135638882721,1.02,0.369422589111,86dd3a804d78ca5d203ebf98747e8f16dff9713ba8950097ceb760b161e19907,Domains_Alloy
1327,-2.981632618109827,-2.658135638882721,1.02,0.369422589111,86dd3a804d78ca5d203ebf98747e8f16dff9713ba8950097ceb760b161e19907,Domains_Alloy
1328,-2.98214423539378,-2.658135638882721,1.02,0.369422589111,86dd3a804d78ca5d203ebf98747e8f16dff9713ba8950097ceb760b161e19907,Domains_Alloy
1329,-2.982656040647388,-2.658135638882721,1.02,0.369422589111,86dd3a804d78ca5d203ebf98747e8f16dff9713ba8950097ceb760b161e19907,Domains_Alloy
1330,-2.983168033738776,-2.658135638882721,1.02,0.369422589111,86dd3a804d78ca5d203ebf98747e8f16dff9713ba8950097ceb760b161e19907,Domains_Alloy
1331,-2.983680214536248,-2.658135638882721,1.02,0.369422589111,86dd3a804d78ca5d203ebf98747e8f16dff9713ba8950097ceb760b161e19907,Domains_Alloy
1332,-2.984192582908284,-2.658135638882721,1.02,0.369422589111,86dd3a804d78ca5d203ebf98747e8f16dff9713ba8950097ceb760b161e19907,Domains_Alloy
1333,-2.984705138723543,-2.658135638882721,1.02,0.369422589111,86dd3a804d78ca5d203ebf98747e8f16dff9713ba8950097ceb760b161e19907,Domains_Alloy
1334,-2.985217881850862,-2.658135638882721,1.02,0.369422589111,86dd3a804d78ca5d203ebf98747e8f16dff9713ba8950097ceb760b161e19907,Domains_Alloy
1335,-2.985730812159251,-2.658135638882721,1.02,0.369422589111,86dd3a804d78ca5d203ebf98747e8f16dff9713ba8950097ceb760b161e19907,Domains_Alloy
1336,-2.986243929517902,-2.658135638882721,1.02,0.369422589111,86dd3a804d78ca5d203ebf98747e8f16dff9713ba8950097ceb760b161e19907,Domains_Alloy
1337,-2.986757233796178,-2.658135638882721,1.02,0.369422589111,86dd3a804d78ca5d203ebf98747e8f16dff9713ba8950097ceb760b161e19907,Domains_Alloy
1338,-2.987270724863622,-2.658135638882721,1.02,0.369422589111,86dd3a804d78ca5d203ebf98747e8f16dff9713ba8950097ceb760b161e19907,Domains_Alloy
1339,-2.987784402589949,-2.658135638882721,1.02,0.369422589111,86dd3a804d78ca5d203ebf98747e8f16dff9713ba8950097ceb760b161e19907,Domains_Alloy
1340,-2.988298266845052,-2.658135638882721,1.02,0.369422589111,86dd3a804d78ca5d203ebf98747e8f16dff9713ba8950097ceb760b161e19907,Domains_Alloy
1341,-2.988812317498996,-2.658135638882721,1.02,0.369422589111,86dd3a804d78ca5d203ebf98747e8f16dff9713ba8950097ceb760b161e19907,Domains_Alloy
1342,-2.989326554422023,-2.658135638882721,1.02,0.369422589111,86dd3a804d78ca5d203ebf98747e8f16dff9713ba8950097ceb760b161e19907,Domains_Alloy
1343,-2.989840977484548,-2.658135638882721,1.02,0.369422589111,86dd3a804d78ca5d203ebf98747e8f16dff9713ba8950097ceb760b161e19907,Domains_Alloy
1344,-2.990355586557159,-2.658135638882721,1.02,0.369422589111,86dd3a804d78ca5d203ebf98747e8f16dff9713ba8950097ceb760b161e19907,Domains_Alloy
1345,-2.990870381510619,-2.658135638882721,1.02,0.369422589111,86dd3a804d78ca5d203ebf98747e8f16dff9713ba8950097ceb760b161e19907,Domains_Alloy
1346,-2.991385362215864,-2.658135638882721,1.02,0.369422589111,86dd3a804d78ca5d203ebf98747e8f16dff9713ba8950097ceb760b161e19907,Domains_Alloy
1347,-2.991900528544,-2.658135638882721,1.02,0.369422589111,86dd3a804d78ca5d203ebf98747e8f16dff9713ba8950097ceb760b161e19907,Domains_Alloy
1348,-2.99241588036631,-2.658135638882721,1.02,0.369422589111,86dd3a804d78ca5d203ebf98747e8f16dff9713ba8950097ceb760b161e19907,Domains_Alloy
1349,-2.992931417554245,-2.658135638882721,1.02,0.369422589111,86dd3a804d78ca5d203ebf98747e8f16dff9713ba8950097ceb760b161e19907,Domains_Alloy
1350,-2.993447139979431,-2.658135638882721,1.02,0.369422589111,86dd3a804d78ca5d203ebf98747e8f16dff9713ba8950097ceb760b161e19907,Domains_Alloy
1351,-2.993963047513662,-2.658135638882721,1.02,0.369422589111,86dd3a804d78ca5d203ebf98747e8f16dff9713ba8950097ceb760b161e19907,Domains_Alloy
1352,-2.994479140028906,-2.658135638882721,1.02,0.369422589111,86dd3a804d78ca5d203ebf98747e8f16dff9713ba8950097ceb760b161e19907,Domains_Alloy
1353,-2.994995417397301,-2.658135638882721,1.02,0.369422589111,86dd3a804d78ca5d203ebf98747e8f16dff9713ba8950097ceb760b161e19907,Domains_Alloy
1354,-2.995511879491155,-2.658135638882721,1.02,0.369422589111,86dd3a804d78ca5d203ebf98747e8f16dff9713ba8950097ceb760b161e19907,Domains_Alloy
1355,-2.996028526182947,-2.658135638882721,1.02,0.369422589111,86dd3a804d78ca5d203ebf98747e8f16dff9713ba8950097ceb760b161e19907,Domains_Alloy
1356,-2.996545357345325,-2.658135638882721,1.02,0.369422589111,86dd3a804d78ca5d203ebf98747e8f16dff9713ba8950097ceb760b161e19907,Domains_Alloy
1357,-2.997062372851105,-2.658135638882721,1.02,0.369422589111,86dd3a804d78ca5d203ebf98747e8f16dff9713ba8950097ceb760b161e19907,Domains_Alloy
1358,-2.997579572573276,-2.658135638882721,1.02,0.369422589111,86dd3a804d78ca5d203ebf98747e8f16dff9713ba8950097ceb760b161e19907,Domains_Alloy
1359,-2.998096956384993,-2.658135638882721,1.02,0.369422589111,86dd3a804d78ca5d203ebf98747e8f16dff9713ba8950097ceb760b161e19907,Domains_Alloy
1360,-2.99861452415958,-2.658135638882721,1.02,0.369422589111,86dd3a804d78ca5d203ebf98747e8f16dff9713ba8950097ceb760b161e19907,Domains_Alloy
1361,-2.999132275770529,-2.658135638882721,1.02,0.369422589111,86dd3a804d78ca5d203ebf98747e8f16dff9713ba8950097ceb760b161e19907,Domains_Alloy
1362,-2.9996502110915,-2.658135638882721,1.02,0.369422589111,86dd3a804d78ca5d203ebf98747e8f16dff9713ba8950097ceb760b161e19907,Domains_Alloy
1363,-3.000168329996322,-2.658135638882721,1.02,0.369422589111,86dd3a804d78ca5d203ebf98747e8f16dff9713ba8950097ceb760b161e19907,Domains_Alloy
1364,-3.000686632358989,-2.658135638882721,1.02,0.369422589111,86dd3a804d78ca5d203ebf98747e8f16dff9713ba8950097ceb760b161e19907,Domains_Alloy
1365,-3.001205118053664,-2.658135638882721,1.02,0.369422589111,86dd3a804d78ca5d203ebf98747e8f16dff9713ba8950097ceb760b161e19907,Domains_Alloy
1366,-3.001723786954674,-2.658135638882721,1.02,0.369422589111,86dd3a804d78ca5d203ebf98747e8f16dff9713ba8950097ceb760b161e19907,Domains_Alloy
1367,-3.002242638936514,-2.658135638882721,1.02,0.369422589111,86dd3a804d78ca5d203ebf98747e8f16dff9713ba8950097ceb760b161e19907,Domains_Alloy
1368,-3.002761673873845,-2.658135638882721,1.02,0.369422589111,86dd3a804d78ca5d203ebf98747e8f16dff9713ba8950097ceb760b161e19907,Domains_Alloy
1369,-3.003280891641494,-2.658135638882721,1.02,0.369422589111,86dd3a804d78ca5d203ebf98747e8f16dff9713ba8950097ceb760b161e19907,Domains_Alloy
1370,-3.003800292114451,-2.658135638882721,1.02,0.369422589111,86dd3a804d78ca5d203ebf98747e8f16dff9713ba8950097ceb760b161e19907,Domains_Alloy
1371,-3.004319875167874,-2.658135638882721,1.02,0.369422589111,86dd3a804d78ca5d203ebf98747e8f16dff9713ba8950097ceb760b161e19907,Domains_Alloy
1372,-3.004839640677084,-2.658135638882721,1.02,0.369422589111,86dd3a804d78ca5d203ebf98747e8f16dff9713ba8950097ceb760b161e19907,Domains_Alloy
1373,-3.005359588517566,-2.658135638882721,1.02,0.369422589111,86dd3a804d78ca5d203ebf98747e8f16dff9713ba8950097ceb760b161e19907,Domains_Alloy
1374,-3.00587971856497,-2.658135638882721,1.02,0.369422589111,86dd3a804d78ca5d203ebf98747e8f16dff9713ba8950097ceb760b161e19907,Domains_Alloy
1375,-3.00640003069511,-2.658135638882721,1.02,0.369422589111,86dd3a804d78ca5d203ebf98747e8f16dff9713ba8950097ceb760b161e19907,Domains_Alloy
1376,-3.006920524783963,-2.658135638882721,1.02,0.369422589111,86dd3a804d78ca5d203ebf98747e8f16dff9713ba8950097ceb760b161e19907,Domains_Alloy
1377,-3.007441200707667,-2.658135638882721,1.02,0.369422589111,86dd3a804d78ca5d203ebf98747e8f16dff9713ba8950097ceb760b161e19907,Domains_Alloy
1378,-3.007962058342528,-2.658135638882721,1.02,0.369422589111,86dd3a804d78ca5d203ebf98747e8f16dff9713ba8950097ceb760b161e19907,Domains_Alloy
1379,-3.008483097565009,-2.658135638882721,1.02,0.369422589111,86dd3a804d78ca5d203ebf98747e8f16dff9713ba8950097ceb760b161e19907,Domains_Alloy
1380,-3.009004318251738,-2.658135638882721,1.02,0.369422589111,86dd3a804d78ca5d203ebf98747e8f16dff9713ba8950097ceb760b161e19907,Domains_Alloy
1381,-3.009525720279505,-2.658135638882721,1.02,0.369422589111,86dd3a804d78ca5d203ebf98747e8f16dff9713ba8950097ceb760b161e19907,Domains_Alloy
1382,-3.01004730352526,-2.658135638882721,1.02,0.369422589111,86dd3a804d78ca5d203ebf98747e8f16dff9713ba8950097ceb760b161e19907,Domains_Alloy
1383,-3.010569067866117,-2.658135638882721,1.02,0.369422589111,86dd3a804d78ca5d203ebf98747e8f16dff9713ba8950097ceb760b161e19907,Domains_Alloy
1384,-3.011091013179349,-2.658135638882721,1.02,0.369422589111,86dd3a804d78ca5d203ebf98747e8f16dff9713ba8950097ceb760b161e19907,Domains_Alloy
1385,-3.011613139342388,-2.658135638882721,1.02,0.369422589111,86dd3a804d78ca5d203ebf98747e8f16dff9713ba8950097ceb760b161e19907,Domains_Alloy
1386,-3.01213544623283,-2.658135638882721,1.02,0.369422589111,86dd3a804d78ca5d203ebf98747e8f16dff9713ba8950097ceb760b161e19907,Domains_Alloy
1387,-3.012657933728429,-2.658135638882721,1.02,0.369422589111,86dd3a804d78ca5d203ebf98747e8f16dff9713ba8950097ceb760b161e19907,Domains_Alloy
1388,-3.013180601707099,-2.658135638882721,1.02,0.369422589111,86dd3a804d78ca5d203ebf98747e8f16dff9713ba8950097ceb760b161e19907,Domains_Alloy
1389,-3.013703450046913,-2.658135638882721,1.02,0.369422589111,86dd3a804d78ca5d203ebf98747e8f16dff9713ba8950097ceb760b161e19907,Domains_Alloy
1390,-3.014226478626105,-2.658135638882721,1.02,0.369422589111,86dd3a804d78ca5d203ebf98747e8f16dff9713ba8950097ceb760b161e19907,Domains_Alloy
1391,-3.014749687323066,-2.658135638882721,1.02,0.369422589111,86dd3a804d78ca5d203ebf98747e8f16dff9713ba8950097ceb760b161e19907,Domains_Alloy
1392,-3.015273076016346,-2.658135638882721,1.02,0.369422589111,86dd3a804d78ca5d203ebf98747e8f16dff9713ba8950097ceb760b161e19907,Domains_Alloy
1393,-3.015796644584654,-2.658135638882721,1.02,0.369422589111,86dd3a804d78ca5d203ebf98747e8f16dff9713ba8950097ceb760b161e19907,Domains_Alloy
1394,-3.016320392906856,-2.658135638882721,1.02,0.369422589111,86dd3a804d78ca5d203ebf98747e8f16dff9713ba8950097ceb760b161e19907,Domains_Alloy
1395,-3.016844320861976,-2.658135638882721,1.02,0.369422589111,86dd3a804d78ca5d203ebf98747e8f16dff9713ba8950097ceb760b161e19907,Domains_Alloy
1396,-3.017368428329195,-2.658135638882721,1.02,0.369422589111,86dd3a804d78ca5d203ebf98747e8f16dff9713ba8950097ceb760b161e19907,Domains_Alloy
1397,-3.017892715187853,-2.658135638882721,1.02,0.369422589111,86dd3a804d78ca5d203ebf98747e8f16dff9713ba8950097ceb760b161e19907,Domains_Alloy
1398,-3.018417181317444,-2.658135638882721,1.02,0.369422589111,86dd3a804d78ca5d203ebf98747e8f16dff9713ba8950097ceb760b161e19907,Domains_Alloy
1399,-3.01894182659762,-2.658135638882721,1.02,0.369422589111,86dd3a804d78ca5d203ebf98747e8f16dff9713ba8950097ceb760b161e19907,Domains_Alloy
1400,-3.019466650908189,-2.658135638882721,1.02,0.369422589111,86dd3a804d78ca5d203ebf98747e8f16dff9713ba8950097ceb760b161e19907,Domains_Alloy
1401,-3.019991654129114,-2.658135638882721,1.02,0.369422589111,86dd3a804d78ca5d203ebf98747e8f16dff9713ba8950097ceb760b161e19907,Domains_Alloy
1402,-3.020516836140516,-2.658135638882721,1.02,0.369422589111,86dd3a804d78ca5d203ebf98747e8f16dff9713ba8950097ceb760b161e19907,Domains_Alloy
1403,-3.021042196822669,-2.658135638882721,1.02,0.369422589111,86dd3a804d78ca5d203ebf98747e8f16dff9713ba8950097ceb760b161e19907,Domains_Alloy
1404,-3.021567736056003,-2.658135638882721,1.02,0.369422589111,86dd3a804d78ca5d203ebf98747e8f16dff9713ba8950097ceb760b161e19907,Domains_Alloy
1405,-3.022093453721102,-2.658135638882721,1.02,0.369422589111,86dd3a804d78ca5d203ebf98747e8f16dff9713ba8950097ceb760b161e19907,Domains_Alloy
1406,-3.022619349698706,-2.658135638882721,1.02,0.369422589111,86dd3a804d78ca5d203ebf98747e8f16dff9713ba8950097ceb760b161e19907,Domains_Alloy
1407,-3.023145423869707,-2.658135638882721,1.02,0.369422589111,86dd3a804d78ca5d203ebf98747e8f16dff9713ba8950097ceb760b161e19907,Domains_Alloy
1408,-3.023671676115152,-2.658135638882721,1.02,0.369422589111,86dd3a804d78ca5d203ebf98747e8f16dff9713ba8950097ceb760b161e19907,Domains_Alloy
1409,-3.024198106316243,-2.658135638882721,1.02,0.369422589111,86dd3a804d78ca5d203ebf98747e8f16dff9713ba8950097ceb760b161e19907,Domains_Alloy
1410,-3.024724714354332,-2.658135638882721,1.02,0.369422589111,86dd3a804d78ca5d203ebf98747e8f16dff9713ba8950097ceb760b161e19907,Domains_Alloy
1411,-3.025251500110927,-2.658135638882721,1.02,0.369422589111,86dd3a804d78ca5d203ebf98747e8f16dff9713ba8950097ceb760b161e19907,Domains_Alloy
1412,-3.025778463467687,-2.658135638882721,1.02,0.369422589111,86dd3a804d78ca5d203ebf98747e8f16dff9713ba8950097ceb760b161e19907,Domains_Alloy
1413,-3.026305604306425,-2.658135638882721,1.02,0.369422589111,86dd3a804d78ca5d203ebf98747e8f16dff9713ba8950097ceb760b161e19907,Domains_Alloy
1414,-3.026832922509104,-2.658135638882721,1.02,0.369422589111,86dd3a804d78ca5d203ebf98747e8f16dff9713ba8950097ceb760b161e19907,Domains_Alloy
1415,-3.027360417957841,-2.658135638882721,1.02,0.369422589111,86dd3a804d78ca5d203ebf98747e8f16dff9713ba8950097ceb760b161e19907,Domains_Alloy
1416,-3.027888090534903,-2.658135638882721,1.02,0.369422589111,86dd3a804d78ca5d203ebf98747e8f16dff9713ba8950097ceb760b161e19907,Domains_Alloy
1417,-3.028415940122709,-2.658135638882721,1.02,0.369422589111,86dd3a804d78ca5d203ebf98747e8f16dff9713ba8950097ceb760b161e19907,Domains_Alloy
1418,-3.028943966603829,-2.658135638882721,1.02,0.369422589111,86dd3a804d78ca5d203ebf98747e8f16dff9713ba8950097ceb760b161e19907,Domains_Alloy
1419,-3.029472169860983,-2.658135638882721,1.02,0.369422589111,86dd3a804d78ca5d203ebf98747e8f16dff9713ba8950097ceb760b161e19907,Domains_Alloy
1420,-3.030000549777044,-2.658135638882721,1.02,0.369422589111,86dd3a804d78ca5d203ebf98747e8f16dff9713ba8950097ceb760b161e19907,Domains_Alloy
1421,-3.030529106235032,-2.658135638882721,1.02,0.369422589111,86dd3a804d78ca5d203ebf98747e8f16dff9713ba8950097ceb760b161e19907,Domains_Alloy
1422,-3.031057839118119,-2.658135638882721,1.02,0.369422589111,86dd3a804d78ca5d203ebf98747e8f16dff9713ba8950097ceb760b161e19907,Domains_Alloy
1423,-3.031586748309625,-2.658135638882721,1.02,0.369422589111,86dd3a804d78ca5d203ebf98747e8f16dff9713ba8950097ceb760b161e19907,Domains_Alloy
1424,-3.03211583369302,-2.658135638882721,1.02,0.369422589111,86dd3a804d78ca5d203ebf98747e8f16dff9713ba8950097ceb760b161e19907,Domains_Alloy
1425,-3.032645095151925,-2.658135638882721,1.02,0.369422589111,86dd3a804d78ca5d203ebf98747e8f16dff9713ba8950097ceb760b161e19907,Domains_Alloy
1426,-3.033174532570106,-2.658135638882721,1.02,0.369422589111,86dd3a804d78ca5d203ebf98747e8f16dff9713ba8950097ceb760b161e19907,Domains_Alloy
1427,-3.033704145831481,-2.658135638882721,1.02,0.369422589111,86dd3a804d78ca5d203ebf98747e8f16dff9713ba8950097ceb760b161e19907,Domains_Alloy
1428,-3.034233934820114,-2.658135638882721,1.02,0.369422589111,86dd3a804d78ca5d203ebf98747e8f16dff9713ba8950097ceb760b161e19907,Domains_Alloy
1429,-3.034763899420219,-2.658135638882721,1.02,0.369422589111,86dd3a804d78ca5d203ebf98747e8f16dff9713ba8950097ceb760b161e19907,Domains_Alloy
1430,-3.035294039516156,-2.658135638882721,1.02,0.369422589111,86dd3a804d78ca5d203ebf98747e8f16dff9713ba8950097ceb760b161e19907,Domains_Alloy
1431,-3.035824354992433,-2.658135638882721,1.02,0.369422589111,86dd3a804d78ca5d203ebf98747e8f16dff9713ba8950097ceb760b161e19907,Domains_Alloy
1432,-3.036354845733704,-2.658135638882721,1.02,0.369422589111,86dd3a804d78ca5d203ebf98747e8f16dff9713ba8950097ceb760b161e19907,Domains_Alloy
1433,-3.036885511624772,-2.658135638882721,1.02,0.369422589111,86dd3a804d78ca5d203ebf98747e8f16dff9713ba8950097ceb760b161e19907,Domains_Alloy
1434,-3.037416352550586,-2.658135638882721,1.02,0.369422589111,86dd3a804d78ca5d203ebf98747e8f16dff9713ba8950097ceb760b161e19907,Domains_Alloy
1435,-3.037947368396241,-2.658135638882721,1.02,0.369422589111,86dd3a804d78ca5d203ebf98747e8f16dff9713ba8950097ceb760b161e19907,Domains_Alloy
1436,-3.038478559046977,-2.658135638882721,1.02,0.369422589111,86dd3a804d78ca5d203ebf98747e8f16dff9713ba8950097ceb760b161e19907,Domains_Alloy
1437,-3.039009924388182,-2.658135638882721,1.02,0.369422589111,86dd3a804d78ca5d203ebf98747e8f16dff9713ba8950097ceb760b161e19907,Domains_Alloy
1438,-3.039541464305387,-2.658135638882721,1.02,0.369422589111,86dd3a804d78ca5d203ebf98747e8f16dff9713ba8950097ceb760b161e19907,Domains_Alloy
1439,-3.040073178684271,-2.658135638882721,1.02,0.369422589111,86dd3a804d78ca5d203ebf98747e8f16dff9713ba8950097ceb760b161e19907,Domains_Alloy
1440,-3.040605067410656,-2.658135638882721,1.02,0.369422589111,86dd3a804d78ca5d203ebf98747e8f16dff9713ba8950097ceb760b161e19907,Domains_Alloy
1441,-3.041137130370509,-2.658135638882721,1.02,0.369422589111,86dd3a804d78ca5d203ebf98747e8f16dff9713ba8950097ceb760b161e19907,Domains_Alloy
1442,-3.041669367449942,-2.658135638882721,1.02,0.369422589111,86dd3a804d78ca5d203ebf98747e8f16dff9713ba8950097ceb760b161e19907,Domains_Alloy
1443,-3.042201778535212,-2.658135638882721,1.02,0.369422589111,86dd3a804d78ca5d203ebf98747e8f16dff9713ba8950097ceb760b161e19907,Domains_Alloy
1444,-3.042734363512718,-2.658135638882721,1.02,0.369422589111,86dd3a804d78ca5d203ebf98747e8f16dff9713ba8950097ceb760b161e19907,Domains_Alloy
1445,-3.043267122269005,-2.658135638882721,1.02,0.369422589111,86dd3a804d78ca5d203ebf98747e8f16dff9713ba8950097ceb760b161e19907,Domains_Alloy
1446,-3.043800054690758,-2.658135638882721,1.02,0.369422589111,86dd3a804d78ca5d203ebf98747e8f16dff9713ba8950097ceb760b161e19907,Domains_Alloy
1447,-3.044333160664809,-2.658135638882721,1.02,0.369422589111,86dd3a804d78ca5d203ebf98747e8f16dff9713ba8950097ceb760b161e19907,Domains_Alloy
1448,-3.04486644007813,-2.658135638882721,1.02,0.369422589111,86dd3a804d78ca5d203ebf98747e8f16dff9713ba8950097ceb760b161e19907,Domains_Alloy
1449,-3.045399892817837,-2.658135638882721,1.02,0.369422589111,86dd3a804d78ca5d203ebf98747e8f16dff9713ba8950097ceb760b161e19907,Domains_Alloy
1450,-3.045933518771189,-2.658135638882721,1.02,0.369422589111,86dd3a804d78ca5d203ebf98747e8f16dff9713ba8950097ceb760b161e19907,Domains_Alloy
1451,-3.046467317825585,-2.658135638882721,1.02,0.369422589111,86dd3a804d78ca5d203ebf98747e8f16dff9713ba8950097ceb760b161e19907,Domains_Alloy
1452,-3.047001289868567,-2.658135638882721,1.02,0.369422589111,86dd3a804d78ca5d203ebf98747e8f16dff9713ba8950097ceb760b161e19907,Domains_Alloy
1453,-3.04753543478782,-2.658135638882721,1.02,0.369422589111,86dd3a804d78ca5d203ebf98747e8f16dff9713ba8950097ceb760b161e19907,Domains_Alloy
1454,-3.048069752471168,-2.658135638882721,1.02,0.369422589111,86dd3a804d78ca5d203ebf98747e8f16dff9713ba8950097ceb760b161e19907,Domains_Alloy
1455,-3.048604242806577,-2.658135638882721,1.02,0.369422589111,86dd3a804d78ca5d203ebf98747e8f16dff9713ba8950097ceb760b161e19907,Domains_Alloy
1456,-3.049138905682154,-2.658135638882721,1.02,0.369422589111,86dd3a804d78ca5d203ebf98747e8f16dff9713ba8950097ceb760b161e19907,Domains_Alloy
1457,-3.049673740986147,-2.658135638882721,1.02,0.369422589111,86dd3a804d78ca5d203ebf98747e8f16dff9713ba8950097ceb760b161e19907,Domains_Alloy
1458,-3.050208748606943,-2.658135638882721,1.02,0.369422589111,86dd3a804d78ca5d203ebf98747e8f16dff9713ba8950097ceb760b161e19907,Domains_Alloy
1459,-3.05074392843307,-2.658135638882721,1.02,0.369422589111,86dd3a804d78ca5d203ebf98747e8f16dff9713ba8950097ceb760b161e19907,Domains_Alloy
1460,-3.051279280353196,-2.658135638882721,1.02,0.369422589111,86dd3a804d78ca5d203ebf98747e8f16dff9713ba8950097ceb760b161e19907,Domains_Alloy
1461,-3.051814804256127,-2.658135638882721,1.02,0.369422589111,86dd3a804d78ca5d203ebf98747e8f16dff9713ba8950097ceb760b161e19907,Domains_Alloy
1462,-3.05235050003081,-2.658135638882721,1.02,0.369422589111,86dd3a804d78ca5d203ebf98747e8f16dff9713ba8950097ceb760b161e19907,Domains_Alloy
1463,-3.052886367566331,-2.658135638882721,1.02,0.369422589111,86dd3a804d78ca5d203ebf98747e8f16dff9713ba8950097ceb760b161e19907,Domains_Alloy
1464,-3.053422406751913,-2.658135638882721,1.02,0.369422589111,86dd3a804d78ca5d203ebf98747e8f16dff9713ba8950097ceb760b161e19907,Domains_Alloy
1465,-3.05395861747692,-2.658135638882721,1.02,0.369422589111,86dd3a804d78ca5d203ebf98747e8f16dff9713ba8950097ceb760b161e19907,Domains_Alloy
1466,-3.054494999630852,-2.658135638882721,1.02,0.369422589111,86dd3a804d78ca5d203ebf98747e8f16dff9713ba8950097ceb760b161e19907,Domains_Alloy
1467,-3.055031553103349,-2.658135638882721,1.02,0.369422589111,86dd3a804d78ca5d203ebf98747e8f16dff9713ba8950097ceb760b161e19907,Domains_Alloy
1468,-3.055568277784186,-2.658135638882721,1.02,0.369422589111,86dd3a804d78ca5d203ebf98747e8f16dff9713ba8950097ceb760b161e19907,Domains_Alloy
1469,-3.056105173563279,-2.658135638882721,1.02,0.369422589111,86dd3a804d78ca5d203ebf98747e8f16dff9713ba8950097ceb760b161e19907,Domains_Alloy
1470,-3.056642240330679,-2.658135638882721,1.02,0.369422589111,86dd3a804d78ca5d203ebf98747e8f16dff9713ba8950097ceb760b161e19907,Domains_Alloy
1471,-3.057179477976575,-2.658135638882721,1.02,0.369422589111,86dd3a804d78ca5d203ebf98747e8f16dff9713ba8950097ceb760b161e19907,Domains_Alloy
1472,-3.057716886391292,-2.658135638882721,1.02,0.369422589111,86dd3a804d78ca5d203ebf98747e8f16dff9713ba8950097ceb760b161e19907,Domains_Alloy
1473,-3.058254465465292,-2.658135638882721,1.02,0.369422589111,86dd3a804d78ca5d203ebf98747e8f16dff9713ba8950097ceb760b161e19907,Domains_Alloy
1474,-3.058792215089173,-2.658135638882721,1.02,0.369422589111,86dd3a804d78ca5d203ebf98747e8f16dff9713ba8950097ceb760b161e19907,Domains_Alloy
1475,-3.05933013515367,-2.658135638882721,1.02,0.369422589111,86dd3a804d78ca5d203ebf98747e8f16dff9713ba8950097ceb760b161e19907,Domains_Alloy
1476,-3.059868225549652,-2.658135638882721,1.02,0.369422589111,86dd3a804d78ca5d203ebf98747e8f16dff9713ba8950097ceb760b161e19907,Domains_Alloy
1477,-3.060406486168126,-2.658135638882721,1.02,0.369422589111,86dd3a804d78ca5d203ebf98747e8f16dff9713ba8950097ceb760b161e19907,Domains_Alloy
1478,-3.060944916900231,-2.658135638882721,1.02,0.369422589111,86dd3a804d78ca5d203ebf98747e8f16dff9713ba8950097ceb760b161e19907,Domains_Alloy
1479,-3.061483517637244,-2.658135638882721,1.02,0.369422589111,86dd3a804d78ca5d203ebf98747e8f16dff9713ba8950097ceb760b161e19907,Domains_Alloy
1480,-3.062022288270577,-2.658135638882721,1.02,0.369422589111,86dd3a804d78ca5d203ebf98747e8f16dff9713ba8950097ceb760b161e19907,Domains_Alloy
1481,-3.062561228691774,-2.658135638882721,1.02,0.369422589111,86dd3a804d78ca5d203ebf98747e8f16dff9713ba8950097ceb760b161e19907,Domains_Alloy
1482,-3.063100338792514,-2.658135638882721,1.02,0.369422589111,86dd3a804d78ca5d203ebf98747e8f16dff9713ba8950097ceb760b161e19907,Domains_Alloy
1483,-3.063639618464612,-2.658135638882721,1.02,0.369422589111,86dd3a804d78ca5d203ebf98747e8f16dff9713ba8950097ceb760b161e19907,Domains_Alloy
1484,-3.064179067600016,-2.658135638882721,1.02,0.369422589111,86dd3a804d78ca5d203ebf98747e8f16dff9713ba8950097ceb760b161e19907,Domains_Alloy
1485,-3.064718686090806,-2.658135638882721,1.02,0.369422589111,86dd3a804d78ca5d203ebf98747e8f16dff9713ba8950097ceb760b161e19907,Domains_Alloy
1486,-3.065258473829197,-2.658135638882721,1.02,0.369422589111,86dd3a804d78ca5d203ebf98747e8f16dff9713ba8950097ceb760b161e19907,Domains_Alloy
1487,-3.065798430707537,-2.658135638882721,1.02,0.369422589111,86dd3a804d78ca5d203ebf98747e8f16dff9713ba8950097ceb760b161e19907,Domains_Alloy
1488,-3.066338556618308,-2.658135638882721,1.02,0.369422589111,86dd3a804d78ca5d203ebf98747e8f16dff9713ba8950097ceb760b161e19907,Domains_Alloy
1489,-3.066878851454121,-2.658135638882721,1.02,0.369422589111,86dd3a804d78ca5d203ebf98747e8f16dff9713ba8950097ceb760b161e19907,Domains_Alloy
1490,-3.067419315107723,-2.658135638882721,1.02,0.369422589111,86dd3a804d78ca5d203ebf98747e8f16dff9713ba8950097ceb760b161e19907,Domains_Alloy
1491,-3.067959947471991,-2.658135638882721,1.02,0.369422589111,86dd3a804d78ca5d203ebf98747e8f16dff9713ba8950097ceb760b161e19907,Domains_Alloy
1492,-3.068500748439936,-2.658135638882721,1.02,0.369422589111,86dd3a804d78ca5d203ebf98747e8f16dff9713ba8950097ceb760b161e19907,Domains_Alloy
1493,-3.069041717904699,-2.658135638882721,1.02,0.369422589111,86dd3a804d78ca5d203ebf98747e8f16dff9713ba8950097ceb760b161e19907,Domains_Alloy
1494,-3.069582855759553,-2.658135638882721,1.02,0.369422589111,86dd3a804d78ca5d203ebf98747e8f16dff9713ba8950097ceb760b161e19907,Domains_Alloy
1495,-3.070124161897902,-2.658135638882721,1.02,0.369422589111,86dd3a804d78ca5d203ebf98747e8f16dff9713ba8950097ceb760b161e19907,Domains_Alloy
1496,-3.070665636213283,-2.658135638882721,1.02,0.369422589111,86dd3a804d78ca5d203ebf98747e8f16dff9713ba8950097ceb760b161e19907,Domains_Alloy
1497,-3.071207278599359,-2.658135638882721,1.02,0.369422589111,86dd3a804d78ca5d203ebf98747e8f16dff9713ba8950097ceb760b161e19907,Domains_Alloy
1498,-3.07174908894993,-2.658135638882721,1.02,0.369422589111,86dd3a804d78ca5d203ebf98747e8f16dff9713ba8950097ceb760b161e19907,Domains_Alloy
1499,-3.072291067158921,-2.658135638882721,1.02,0.369422589111,86dd3a804d78ca5d203ebf98747e8f16dff9713ba8950097ceb760b161e19907,Domains_Alloy
1500,-3.072833213120388,-2.658135638882721,1.02,0.369422589111,86dd3a804d78ca5d203ebf98747e8f16dff9713ba8950097ceb760b161e19907,Domains_Alloy
1501,-3.073375526728519,-2.658135638882721,1.02,0.369422589111,86dd3a804d78ca5d203ebf98747e8f16dff9713ba8950097ceb760b161e19907,Domains_Alloy
1502,-3.073918007877631,-2.658135638882721,1.02,0.369422589111,86dd3a804d78ca5d203ebf98747e8f16dff9713ba8950097ceb760b161e19907,Domains_Alloy
1503,-3.074460656462169,-2.658135638882721,1.02,0.369422589111,86dd3a804d78ca5d203ebf98747e8f16dff9713ba8950097ceb760b161e19907,Domains_Alloy
1504,-3.075003472376709,-2.658135638882721,1.02,0.369422589111,86dd3a804d78ca5d203ebf98747e8f16dff9713ba8950097ceb760b161e19907,Domains_Alloy
1505,-3.075546455515953,-2.658135638882721,1.02,0.369422589111,86dd3a804d78ca5d203ebf98747e8f16dff9713ba8950097ceb760b161e19907,Domains_Alloy
1506,-3.076089605774734,-2.658135638882721,1.02,0.369422589111,86dd3a804d78ca5d203ebf98747e8f16dff9713ba8950097ceb760b161e19907,Domains_Alloy
1507,-3.076632923048015,-2.658135638882721,1.02,0.369422589111,86dd3a804d78ca5d203ebf98747e8f16dff9713ba8950097ceb760b161e19907,Domains_Alloy
1508,-3.077176407230883,-2.658135638882721,1.02,0.369422589111,86dd3a804d78ca5d203ebf98747e8f16dff9713ba8950097ceb760b161e19907,Domains_Alloy
1509,-3.077720058218556,-2.658135638882721,1.02,0.369422589111,86dd3a804d78ca5d203ebf98747e8f16dff9713ba8950097ceb760b161e19907,Domains_Alloy
1510,-3.078263875906379,-2.658135638882721,1.02,0.369422589111,86dd3a804d78ca5d203ebf98747e8f16dff9713ba8950097ceb760b161e19907,Domains_Alloy
1511,-3.078807860189825,-2.658135638882721,1.02,0.369422589111,86dd3a804d78ca5d203ebf98747e8f16dff9713ba8950097ceb760b161e19907,Domains_Alloy
1512,-3.079352010964493,-2.658135638882721,1.02,0.369422589111,86dd3a804d78ca5d203ebf98747e8f16dff9713ba8950097ceb760b161e19907,Domains_Alloy
1513,-3.07989632812611,-2.658135638882721,1.02,0.369422589111,86dd3a804d78ca5d203ebf98747e8f16dff9713ba8950097ceb760b161e19907,Domains_Alloy
1514,-3.080440811570531,-2.658135638882721,1.02,0.369422589111,86dd3a804d78ca5d203ebf98747e8f16dff9713ba8950097ceb760b161e19907,Domains_Alloy
1515,-3.080985461193736,-2.658135638882721,1.02,0.369422589111,86dd3a804d78ca5d203ebf98747e8f16dff9713ba8950097ceb760b161e19907,Domains_Alloy
1516,-3.081530276891832,-2.658135638882721,1.02,0.369422589111,86dd3a804d78ca5d203ebf98747e8f16dff9713ba8950097ceb760b161e19907,Domains_Alloy
1517,-3.082075258561052,-2.658135638882721,1.02,0.369422589111,86dd3a804d78ca5d203ebf98747e8f16dff9713ba8950097ceb760b161e19907,Domains_Alloy
1518,-3.082620406097755,-2.658135638882721,1.02,0.369422589111,86dd3a804d78ca5d203ebf98747e8f16dff9713ba8950097ceb760b161e19907,Domains_Alloy
1519,-3.083165719398427,-2.658135638882721,1.02,0.369422589111,86dd3a804d78ca5d203ebf98747e8f16dff9713ba8950097ceb760b161e19907,Domains_Alloy
1520,-3.083711198359676,-2.658135638882721,1.02,0.369422589111,86dd3a804d78ca5d203ebf98747e8f16dff9713ba8950097ceb760b161e19907,Domains_Alloy
1521,-3.08425684287824,-2.658135638882721,1.02,0.369422589111,86dd3a804d78ca5d203ebf98747e8f16dff9713ba8950097ceb760b161e19907,Domains_Alloy
1522,-3.084802652850979,-2.658135638882721,1.02,0.369422589111,86dd3a804d78ca5d203ebf98747e8f16dff9713ba8950097ceb760b161e19907,Domains_Alloy
1523,-3.085348628174879,-2.658135638882721,1.02,0.369422589111,86dd3a804d78ca5d203ebf98747e8f16dff9713ba8950097ceb760b161e19907,Domains_Alloy
1524,-3.085894768747051,-2.658135638882721,1.02,0.369422589111,86dd3a804d78ca5d203ebf98747e8f16dff9713ba8950097ceb760b161e19907,Domains_Alloy
1525,-3.086441074464728,-2.658135638882721,1.02,0.369422589111,86dd3a804d78ca5d203ebf98747e8f16dff9713ba8950097ceb760b161e19907,Domains_Alloy
1526,-3.086987545225271,-2.658135638882721,1.02,0.369422589111,86dd3a804d78ca5d203ebf98747e8f16dff9713ba8950097ceb760b161e19907,Domains_Alloy
1527,-3.087534180926161,-2.658135638882721,1.02,0.369422589111,86dd3a804d78ca5d203ebf98747e8f16dff9713ba8950097ceb760b161e19907,Domains_Alloy
1528,-3.088080981465007,-2.658135638882721,1.02,0.369422589111,86dd3a804d78ca5d203ebf98747e8f16dff9713ba8950097ceb760b161e19907,Domains_Alloy
1529,-3.088627946739538,-2.658135638882721,1.02,0.369422589111,86dd3a804d78ca5d203ebf98747e8f16dff9713ba8950097ceb760b161e19907,Domains_Alloy
1530,-3.089175076647608,-2.658135638882721,1.02,0.369422589111,86dd3a804d78ca5d203ebf98747e8f16dff9713ba8950097ceb760b161e19907,Domains_Alloy
1531,-3.089722371087193,-2.658135638882721,1.02,0.369422589111,86dd3a804d78ca5d203ebf98747e8f16dff9713ba8950097ceb760b161e19907,Domains_Alloy
1532,-3.090269829956395,-2.658135638882721,1.02,0.369422589111,86dd3a804d78ca5d203ebf98747e8f16dff9713ba8950097ceb760b161e19907,Domains_Alloy
1533,-3.090817453153434,-2.658135638882721,1.02,0.369422589111,86dd3a804d78ca5d203ebf98747e8f16dff9713ba8950097ceb760b161e19907,Domains_Alloy
1534,-3.091365240576657,-2.658135638882721,1.02,0.369422589111,86dd3a804d78ca5d203ebf98747e8f16dff9713ba8950097ceb760b161e19907,Domains_Alloy
1535,-3.09191319212453,-2.658135638882721,1.02,0.369422589111,86dd3a804d78ca5d203ebf98747e8f16dff9713ba8950097ceb760b161e19907,Domains_Alloy
1536,-3.092461307695642,-2.658135638882721,1.02,0.369422589111,86dd3a804d78ca5d203ebf98747e8f16dff9713ba8950097ceb760b161e19907,Domains_Alloy
1537,-3.093009587188706,-2.658135638882721,1.02,0.369422589111,86dd3a804d78ca5d203ebf98747e8f16dff9713ba8950097ceb760b161e19907,Domains_Alloy
1538,-3.093558030502551,-2.658135638882721,1.02,0.369422589111,86dd3a804d78ca5d203ebf98747e8f16dff9713ba8950097ceb760b161e19907,Domains_Alloy
1539,-3.094106637536135,-2.658135638882721,1.02,0.369422589111,86dd3a804d78ca5d203ebf98747e8f16dff9713ba8950097ceb760b161e19907,Domains_Alloy
1540,-3.094655408188533,-2.658135638882721,1.02,0.369422589111,86dd3a804d78ca5d203ebf98747e8f16dff9713ba8950097ceb760b161e19907,Domains_Alloy
1541,-3.095204342358938,-2.658135638882721,1.02,0.369422589111,86dd3a804d78ca5d203ebf98747e8f16dff9713ba8950097ceb760b161e19907,Domains_Alloy
1542,-3.095753439946671,-2.658135638882721,1.02,0.369422589111,86dd3a804d78ca5d203ebf98747e8f16dff9713ba8950097ceb760b161e19907,Domains_Alloy
1543,-3.096302700851167,-2.658135638882721,1.02,0.369422589111,86dd3a804d78ca5d203ebf98747e8f16dff9713ba8950097ceb760b161e19907,Domains_Alloy
1544,-3.096852124971986,-2.658135638882721,1.02,0.369422589111,86dd3a804d78ca5d203ebf98747e8f16dff9713ba8950097ceb760b161e19907,Domains_Alloy
1545,-3.097401712208804,-2.658135638882721,1.02,0.369422589111,86dd3a804d78ca5d203ebf98747e8f16dff9713ba8950097ceb760b161e19907,Domains_Alloy
1546,-3.097951462461423,-2.658135638882721,1.02,0.369422589111,86dd3a804d78ca5d203ebf98747e8f16dff9713ba8950097ceb760b161e19907,Domains_Alloy
1547,-3.098501375629756,-2.658135638882721,1.02,0.369422589111,86dd3a804d78ca5d203ebf98747e8f16dff9713ba8950097ceb760b161e19907,Domains_Alloy
1548,-3.099051451613844,-2.658135638882721,1.02,0.369422589111,86dd3a804d78ca5d203ebf98747e8f16dff9713ba8950097ceb760b161e19907,Domains_Alloy
1549,-3.099601690313842,-2.658135638882721,1.02,0.369422589111,86dd3a804d78ca5d203ebf98747e8f16dff9713ba8950097ceb760b161e19907,Domains_Alloy
1550,-3.100152091630027,-2.658135638882721,1.02,0.369422589111,86dd3a804d78ca5d203ebf98747e8f16dff9713ba8950097ceb760b161e19907,Domains_Alloy
1551,-3.100702655462793,-2.658135638882721,1.02,0.369422589111,86dd3a804d78ca5d203ebf98747e8f16dff9713ba8950097ceb760b161e19907,Domains_Alloy
1552,-3.101253381712654,-2.658135638882721,1.02,0.369422589111,86dd3a804d78ca5d203ebf98747e8f16dff9713ba8950097ceb760b161e19907,Domains_Alloy
1553,-3.10180427028024,-2.658135638882721,1.02,0.369422589111,86dd3a804d78ca5d203ebf98747e8f16dff9713ba8950097ceb760b161e19907,Domains_Alloy
1554,-3.102355321066304,-2.658135638882721,1.02,0.369422589111,86dd3a804d78ca5d203ebf98747e8f16dff9713ba8950097ceb760b161e19907,Domains_Alloy
1555,-3.102906533971713,-2.658135638882721,1.02,0.369422589111,86dd3a804d78ca5d203ebf98747e8f16dff9713ba8950097ceb760b161e19907,Domains_Alloy
1556,-3.103457908897452,-2.658135638882721,1.02,0.369422589111,86dd3a804d78ca5d203ebf98747e8f16dff9713ba8950097ceb760b161e19907,Domains_Alloy
1557,-3.104009445744627,-2.658135638882721,1.02,0.369422589111,86dd3a804d78ca5d203ebf98747e8f16dff9713ba8950097ceb760b161e19907,Domains_Alloy
1558,-3.104561144414459,-2.658135638882721,1.02,0.369422589111,86dd3a804d78ca5d203ebf98747e8f16dff9713ba8950097ceb760b161e19907,Domains_Alloy
1559,-3.105113004808285,-2.658135638882721,1.02,0.369422589111,86dd3a804d78ca5d203ebf98747e8f16dff9713ba8950097ceb760b161e19907,Domains_Alloy
1560,-3.105665026827562,-2.658135638882721,1.02,0.369422589111,86dd3a804d78ca5d203ebf98747e8f16dff9713ba8950097ceb760b161e19907,Domains_Alloy
1561,-3.106217210373861,-2.658135638882721,1.02,0.369422589111,86dd3a804d78ca5d203ebf98747e8f16dff9713ba8950097ceb760b161e19907,Domains_Alloy
1562,-3.106769555348873,-2.658135638882721,1.02,0.369422589111,86dd3a804d78ca5d203ebf98747e8f16dff9713ba8950097ceb760b161e19907,Domains_Alloy
1563,-3.107322061654403,-2.658135638882721,1.02,0.369422589111,86dd3a804d78ca5d203ebf98747e8f16dff9713ba8950097ceb760b161e19907,Domains_Alloy
1564,-3.107874729192373,-2.658135638882721,1.02,0.369422589111,86dd3a804d78ca5d203ebf98747e8f16dff9713ba8950097ceb760b161e19907,Domains_Alloy
1565,-3.10842755786482,-2.658135638882721,1.02,0.369422589111,86dd3a804d78ca5d203ebf98747e8f16dff9713ba8950097ceb760b161e19907,Domains_Alloy
1566,-3.108980547573898,-2.658135638882721,1.02,0.369422589111,86dd3a804d78ca5d203ebf98747e8f16dff9713ba8950097ceb760b161e19907,Domains_Alloy
1567,-3.109533698221878,-2.658135638882721,1.02,0.369422589111,86dd3a804d78ca5d203ebf98747e8f16dff9713ba8950097ceb760b161e19907,Domains_Alloy
1568,-3.110087009711143,-2.658135638882721,1.02,0.369422589111,86dd3a804d78ca5d203ebf98747e8f16dff9713ba8950097ceb760b161e19907,Domains_Alloy
1569,-3.110640481944194,-2.658135638882721,1.02,0.369422589111,86dd3a804d78ca5d203ebf98747e8f16dff9713ba8950097ceb760b161e19907,Domains_Alloy
1570,-3.111194114823646,-2.658135638882721,1.02,0.369422589111,86dd3a804d78ca5d203ebf98747e8f16dff9713ba8950097ceb760b161e19907,Domains_Alloy
1571,-3.111747908252229,-2.658135638882721,1.02,0.369422589111,86dd3a804d78ca5d203ebf98747e8f16dff9713ba8950097ceb760b161e19907,Domains_Alloy
1572,-3.112301862132788,-2.658135638882721,1.02,0.369422589111,86dd3a804d78ca5d203ebf98747e8f16dff9713ba8950097ceb760b161e19907,Domains_Alloy
1573,-3.112855976368282,-2.658135638882721,1.02,0.369422589111,86dd3a804d78ca5d203ebf98747e8f16dff9713ba8950097ceb760b161e19907,Domains_Alloy
1574,-3.113410250861785,-2.658135638882721,1.02,0.369422589111,86dd3a804d78ca5d203ebf98747e8f16dff9713ba8950097ceb760b161e19907,Domains_Alloy
1575,-3.113964685516484,-2.658135638882721,1.02,0.369422589111,86dd3a804d78ca5d203ebf98747e8f16dff9713ba8950097ceb760b161e19907,Domains_Alloy
1576,-3.11451928023568,-2.658135638882721,1.02,0.369422589111,86dd3a804d78ca5d203ebf98747e8f16dff9713ba8950097ceb760b161e19907,Domains_Alloy
1577,-3.115074034922788,-2.658135638882721,1.02,0.369422589111,86dd3a804d78ca5d203ebf98747e8f16dff9713ba8950097ceb760b161e19907,Domains_Alloy
1578,-3.115628949481338,-2.658135638882721,1.02,0.369422589111,86dd3a804d78ca5d203ebf98747e8f16dff9713ba8950097ceb760b161e19907,Domains_Alloy
1579,-3.116184023814971,-2.658135638882721,1.02,0.369422589111,86dd3a804d78ca5d203ebf98747e8f16dff9713ba8950097ceb760b161e19907,Domains_Alloy
1580,-3.116739257827442,-2.658135638882721,1.02,0.369422589111,86dd3a804d78ca5d203ebf98747e8f16dff9713ba8950097ceb760b161e19907,Domains_Alloy
1581,-3.117294651422618,-2.658135638882721,1.02,0.369422589111,86dd3a804d78ca5d203ebf98747e8f16dff9713ba8950097ceb760b161e19907,Domains_Alloy
1582,-3.117850204504482,-2.658135638882721,1.02,0.369422589111,86dd3a804d78ca5d203ebf98747e8f16dff9713ba8950097ceb760b161e19907,Domains_Alloy
1583,-3.118405916977125,-2.658135638882721,1.02,0.369422589111,86dd3a804d78ca5d203ebf98747e8f16dff9713ba8950097ceb760b161e19907,Domains_Alloy
1584,-3.118961788744754,-2.658135638882721,1.02,0.369422589111,86dd3a804d78ca5d203ebf98747e8f16dff9713ba8950097ceb760b161e19907,Domains_Alloy
1585,-3.119517819711685,-2.658135638882721,1.02,0.369422589111,86dd3a804d78ca5d203ebf98747e8f16dff9713ba8950097ceb760b161e19907,Domains_Alloy
1586,-3.120074009782348,-2.658135638882721,1.02,0.369422589111,86dd3a804d78ca5d203ebf98747e8f16dff9713ba8950097ceb760b161e19907,Domains_Alloy
1587,-3.120630358861285,-2.658135638882721,1.02,0.369422589111,86dd3a804d78ca5d203ebf98747e8f16dff9713ba8950097ceb760b161e19907,Domains_Alloy
1588,-3.121186866853148,-2.658135638882721,1.02,0.369422589111,86dd3a804d78ca5d203ebf98747e8f16dff9713ba8950097ceb760b161e19907,Domains_Alloy
1589,-3.121743533662702,-2.658135638882721,1.02,0.369422589111,86dd3a804d78ca5d203ebf98747e8f16dff9713ba8950097ceb760b161e19907,Domains_Alloy
1590,-3.122300359194822,-2.658135638882721,1.02,0.369422589111,86dd3a804d78ca5d203ebf98747e8f16dff9713ba8950097ceb760b161e19907,Domains_Alloy
1591,-3.122857343354495,-2.658135638882721,1.02,0.369422589111,86dd3a804d78ca5d203ebf98747e8f16dff9713ba8950097ceb760b161e19907,Domains_Alloy
1592,-3.123414486046817,-2.658135638882721,1.02,0.369422589111,86dd3a804d78ca5d203ebf98747e8f16dff9713ba8950097ceb760b161e19907,Domains_Alloy
1593,-3.123971787176997,-2.658135638882721,1.02,0.369422589111,86dd3a804d78ca5d203ebf98747e8f16dff9713ba8950097ceb760b161e19907,Domains_Alloy
1594,-3.124529246650352,-2.658135638882721,1.02,0.369422589111,86dd3a804d78ca5d203ebf98747e8f16dff9713ba8950097ceb760b161e19907,Domains_Alloy
1595,-3.125086864372312,-2.658135638882721,1.02,0.369422589111,86dd3a804d78ca5d203ebf98747e8f16dff9713ba8950097ceb760b161e19907,Domains_Alloy
1596,-3.125644640248415,-2.658135638882721,1.02,0.369422589111,86dd3a804d78ca5d203ebf98747e8f16dff9713ba8950097ceb760b161e19907,Domains_Alloy
1597,-3.126202574184309,-2.658135638882721,1.02,0.369422589111,86dd3a804d78ca5d203ebf98747e8f16dff9713ba8950097ceb760b161e19907,Domains_Alloy
1598,-3.126760666085753,-2.658135638882721,1.02,0.369422589111,86dd3a804d78ca5d203ebf98747e8f16dff9713ba8950097ceb760b161e19907,Domains_Alloy
1599,-3.127318915858614,-2.658135638882721,1.02,0.369422589111,86dd3a804d78ca5d203ebf98747e8f16dff9713ba8950097ceb760b161e19907,Domains_Alloy
1600,-3.127877323408868,-2.658135638882721,1.02,0.369422589111,86dd3a804d78ca5d203ebf98747e8f16dff9713ba8950097ceb760b161e19907,Domains_Alloy
1601,-3.128435888642604,-2.658135638882721,1.02,0.369422589111,86dd3a804d78ca5d203ebf98747e8f16dff9713ba8950097ceb760b161e19907,Domains_Alloy
1602,-3.128994611466013,-2.658135638882721,1.02,0.369422589111,86dd3a804d78ca5d203ebf98747e8f16dff9713ba8950097ceb760b161e19907,Domains_Alloy
1603,-3.129553491785402,-2.658135638882721,1.02,0.369422589111,86dd3a804d78ca5d203ebf98747e8f16dff9713ba8950097ceb760b161e19907,Domains_Alloy
1604,-3.130112529507183,-2.658135638882721,1.02,0.369422589111,86dd3a804d78ca5d203ebf98747e8f16dff9713ba8950097ceb760b161e19907,Domains_Alloy
1605,-3.130671724537874,-2.658135638882721,1.02,0.369422589111,86dd3a804d78ca5d203ebf98747e8f16dff9713ba8950097ceb760b161e19907,Domains_Alloy
1606,-3.131231076784106,-2.658135638882721,1.02,0.369422589111,86dd3a804d78ca5d203ebf98747e8f16dff9713ba8950097ceb760b161e19907,Domains_Alloy
1607,-3.131790586152616,-2.658135638882721,1.02,0.369422589111,86dd3a804d78ca5d203ebf98747e8f16dff9713ba8950097ceb760b161e19907,Domains_Alloy
1608,-3.132350252550249,-2.658135638882721,1.02,0.369422589111,86dd3a804d78ca5d203ebf98747e8f16dff9713ba8950097ceb760b161e19907,Domains_Alloy
1609,-3.132910075883956,-2.658135638882721,1.02,0.369422589111,86dd3a804d78ca5d203ebf98747e8f16dff9713ba8950097ceb760b161e19907,Domains_Alloy
1610,-3.133470056060799,-2.658135638882721,1.02,0.369422589111,86dd3a804d78ca5d203ebf98747e8f16dff9713ba8950097ceb760b161e19907,Domains_Alloy
1611,-3.134030192987943,-2.658135638882721,1.02,0.369422589111,86dd3a804d78ca5d203ebf98747e8f16dff9713ba8950097ceb760b161e19907,Domains_Alloy
1612,-3.134590486572663,-2.658135638882721,1.02,0.369422589111,86dd3a804d78ca5d203ebf98747e8f16dff9713ba8950097ceb760b161e19907,Domains_Alloy
1613,-3.135150936722341,-2.658135638882721,1.02,0.369422589111,86dd3a804d78ca5d203ebf98747e8f16dff9713ba8950097ceb760b161e19907,Domains_Alloy
1614,-3.135711543344466,-2.658135638882721,1.02,0.369422589111,86dd3a804d78ca5d203ebf98747e8f16dff9713ba8950097ceb760b161e19907,Domains_Alloy
1615,-3.136272306346629,-2.658135638882721,1.02,0.369422589111,86dd3a804d78ca5d203ebf98747e8f16dff9713ba8950097ceb760b161e19907,Domains_Alloy
1616,-3.136833225636535,-2.658135638882721,1.02,0.369422589111,86dd3a804d78ca5d203ebf98747e8f16dff9713ba8950097ceb760b161e19907,Domains_Alloy
1617,-3.137394301121988,-2.658135638882721,1.02,0.369422589111,86dd3a804d78ca5d203ebf98747e8f16dff9713ba8950097ceb760b161e19907,Domains_Alloy
1618,-3.137955532710903,-2.658135638882721,1.02,0.369422589111,86dd3a804d78ca5d203ebf98747e8f16dff9713ba8950097ceb760b161e19907,Domains_Alloy
1619,-3.138516920311299,-2.658135638882721,1.02,0.369422589111,86dd3a804d78ca5d203ebf98747e8f16dff9713ba8950097ceb760b161e19907,Domains_Alloy
1620,-3.139078463831301,-2.658135638882721,1.02,0.369422589111,86dd3a804d78ca5d203ebf98747e8f16dff9713ba8950097ceb760b161e19907,Domains_Alloy
1621,-3.139640163179138,-2.658135638882721,1.02,0.369422589111,86dd3a804d78ca5d203ebf98747e8f16dff9713ba8950097ceb760b161e19907,Domains_Alloy
1622,-3.140202018263146,-2.658135638882721,1.02,0.369422589111,86dd3a804d78ca5d203ebf98747e8f16dff9713ba8950097ceb760b161e19907,Domains_Alloy
1623,-3.140764028991768,-2.658135638882721,1.02,0.369422589111,86dd3a804d78ca5d203ebf98747e8f16dff9713ba8950097ceb760b161e19907,Domains_Alloy
1624,-3.141326195273547,-2.658135638882721,1.02,0.369422589111,86dd3a804d78ca5d203ebf98747e8f16dff9713ba8950097ceb760b161e19907,Domains_Alloy
1625,-3.141888517017134,-2.658135638882721,1.02,0.369422589111,86dd3a804d78ca5d203ebf98747e8f16dff9713ba8950097ceb760b161e19907,Domains_Alloy
1626,-3.142450994131285,-2.658135638882721,1.02,0.369422589111,86dd3a804d78ca5d203ebf98747e8f16dff9713ba8950097ceb760b161e19907,Domains_Alloy
1627,-3.143013626524859,-2.658135638882721,1.02,0.369422589111,86dd3a804d78ca5d203ebf98747e8f16dff9713ba8950097ceb760b161e19907,Domains_Alloy
1628,-3.14357641410682,-2.658135638882721,1.02,0.369422589111,86dd3a804d78ca5d203ebf98747e8f16dff9713ba8950097ceb760b161e19907,Domains_Alloy
1629,-3.144139356786237,-2.658135638882721,1.02,0.369422589111,86dd3a804d78ca5d203ebf98747e8f16dff9713ba8950097ceb760b161e19907,Domains_Alloy
1630,-3.144702454472281,-2.658135638882721,1.02,0.369422589111,86dd3a804d78ca5d203ebf98747e8f16dff9713ba8950097ceb760b161e19907,Domains_Alloy
1631,-3.145265707074228,-2.658135638882721,1.02,0.369422589111,86dd3a804d78ca5d203ebf98747e8f16dff9713ba8950097ceb760b161e19907,Domains_Alloy
1632,-3.145829114501457,-2.658135638882721,1.02,0.369422589111,86dd3a804d78ca5d203ebf98747e8f16dff9713ba8950097ceb760b161e19907,Domains_Alloy
1633,-3.146392676663451,-2.658135638882721,1.02,0.369422589111,86dd3a804d78ca5d203ebf98747e8f16dff9713ba8950097ceb760b161e19907,Domains_Alloy
1634,-3.146956393469795,-2.658135638882721,1.02,0.369422589111,86dd3a804d78ca5d203ebf98747e8f16dff9713ba8950097ceb760b161e19907,Domains_Alloy
1635,-3.147520264830179,-2.658135638882721,1.02,0.369422589111,86dd3a804d78ca5d203ebf98747e8f16dff9713ba8950097ceb760b161e19907,Domains_Alloy
1636,-3.148084290654395,-2.658135638882721,1.02,0.369422589111,86dd3a804d78ca5d203ebf98747e8f16dff9713ba8950097ceb760b161e19907,Domains_Alloy
1637,-3.148648470852336,-2.658135638882721,1.02,0.369422589111,86dd3a804d78ca5d203ebf98747e8f16dff9713ba8950097ceb760b161e19907,Domains_Alloy
1638,-3.149212805334001,-2.658135638882721,1.02,0.369422589111,86dd3a804d78ca5d203ebf98747e8f16dff9713ba8950097ceb760b161e19907,Domains_Alloy
1639,-3.149777294009489,-2.658135638882721,1.02,0.369422589111,86dd3a804d78ca5d203ebf98747e8f16dff9713ba8950097ceb760b161e19907,Domains_Alloy
1640,-3.150341936789001,-2.658135638882721,1.02,0.369422589111,86dd3a804d78ca5d203ebf98747e8f16dff9713ba8950097ceb760b161e19907,Domains_Alloy
1641,-3.150906733582842,-2.658135638882721,1.02,0.369422589111,86dd3a804d78ca5d203ebf98747e8f16dff9713ba8950097ceb760b161e19907,Domains_Alloy
1642,-3.151471684301416,-2.658135638882721,1.02,0.369422589111,86dd3a804d78ca5d203ebf98747e8f16dff9713ba8950097ceb760b161e19907,Domains_Alloy
1643,-3.152036788855233,-2.658135638882721,1.02,0.369422589111,86dd3a804d78ca5d203ebf98747e8f16dff9713ba8950097ceb760b161e19907,Domains_Alloy
1644,-3.152602047154899,-2.658135638882721,1.02,0.369422589111,86dd3a804d78ca5d203ebf98747e8f16dff9713ba8950097ceb760b161e19907,Domains_Alloy
1645,-3.153167459111125,-2.658135638882721,1.02,0.369422589111,86dd3a804d78ca5d203ebf98747e8f16dff9713ba8950097ceb760b161e19907,Domains_Alloy
1646,-3.153733024634723,-2.658135638882721,1.02,0.369422589111,86dd3a804d78ca5d203ebf98747e8f16dff9713ba8950097ceb760b161e19907,Domains_Alloy
1647,-3.154298743636606,-2.658135638882721,1.02,0.369422589111,86dd3a804d78ca5d203ebf98747e8f16dff9713ba8950097ceb760b161e19907,Domains_Alloy
1648,-3.154864616027786,-2.658135638882721,1.02,0.369422589111,86dd3a804d78ca5d203ebf98747e8f16dff9713ba8950097ceb760b161e19907,Domains_Alloy
1649,-3.155430641719378,-2.658135638882721,1.02,0.369422589111,86dd3a804d78ca5d203ebf98747e8f16dff9713ba8950097ceb760b161e19907,Domains_Alloy
1650,-3.155996820622597,-2.658135638882721,1.02,0.369422589111,86dd3a804d78ca5d203ebf98747e8f16dff9713ba8950097ceb760b161e19907,Domains_Alloy
1651,-3.156563152648757,-2.658135638882721,1.02,0.369422589111,86dd3a804d78ca5d203ebf98747e8f16dff9713ba8950097ceb760b161e19907,Domains_Alloy
1652,-3.157129637709272,-2.658135638882721,1.02,0.369422589111,86dd3a804d78ca5d203ebf98747e8f16dff9713ba8950097ceb760b161e19907,Domains_Alloy
1653,-3.15769627571566,-2.658135638882721,1.02,0.369422589111,86dd3a804d78ca5d203ebf98747e8f16dff9713ba8950097ceb760b161e19907,Domains_Alloy
1654,-3.158263066579533,-2.658135638882721,1.02,0.369422589111,86dd3a804d78ca5d203ebf98747e8f16dff9713ba8950097ceb760b161e19907,Domains_Alloy
1655,-3.158830010212609,-2.658135638882721,1.02,0.369422589111,86dd3a804d78ca5d203ebf98747e8f16dff9713ba8950097ceb760b161e19907,Domains_Alloy
1656,-3.159397106526699,-2.658135638882721,1.02,0.369422589111,86dd3a804d78ca5d203ebf98747e8f16dff9713ba8950097ceb760b161e19907,Domains_Alloy
1657,-3.159964355433718,-2.658135638882721,1.02,0.369422589111,86dd3a804d78ca5d203ebf98747e8f16dff9713ba8950097ceb760b161e19907,Domains_Alloy
1658,-3.16053175684568,-2.658135638882721,1.02,0.369422589111,86dd3a804d78ca5d203ebf98747e8f16dff9713ba8950097ceb760b161e19907,Domains_Alloy
1659,-3.161099310674695,-2.658135638882721,1.02,0.369422589111,86dd3a804d78ca5d203ebf98747e8f16dff9713ba8950097ceb760b161e19907,Domains_Alloy
1660,-3.161667016832975,-2.658135638882721,1.02,0.369422589111,86dd3a804d78ca5d203ebf98747e8f16dff9713ba8950097ceb760b161e19907,Domains_Alloy
1661,-3.162234875232828,-2.658135638882721,1.02,0.369422589111,86dd3a804d78ca5d203ebf98747e8f16dff9713ba8950097ceb760b161e19907,Domains_Alloy
1662,-3.162802885786665,-2.658135638882721,1.02,0.369422589111,86dd3a804d78ca5d203ebf98747e8f16dff9713ba8950097ceb760b161e19907,Domains_Alloy
1663,-3.163371048406988,-2.658135638882721,1.02,0.369422589111,86dd3a804d78ca5d203ebf98747e8f16dff9713ba8950097ceb760b161e19907,Domains_Alloy
1664,-3.163939363006406,-2.658135638882721,1.02,0.369422589111,86dd3a804d78ca5d203ebf98747e8f16dff9713ba8950097ceb760b161e19907,Domains_Alloy
1665,-3.16450782949762,-2.658135638882721,1.02,0.369422589111,86dd3a804d78ca5d203ebf98747e8f16dff9713ba8950097ceb760b161e19907,Domains_Alloy
1666,-3.16507644779343,-2.658135638882721,1.02,0.369422589111,86dd3a804d78ca5d203ebf98747e8f16dff9713ba8950097ceb760b161e19907,Domains_Alloy
1667,-3.165645217806736,-2.658135638882721,1.02,0.369422589111,86dd3a804d78ca5d203ebf98747e8f16dff9713ba8950097ceb760b161e19907,Domains_Alloy
1668,-3.166214139450532,-2.658135638882721,1.02,0.369422589111,86dd3a804d78ca5d203ebf98747e8f16dff9713ba8950097ceb760b161e19907,Domains_Alloy
1669,-3.166783212637913,-2.658135638882721,1.02,0.369422589111,86dd3a804d78ca5d203ebf98747e8f16dff9713ba8950097ceb760b161e19907,Domains_Alloy
1670,-3.16735243728207,-2.658135638882721,1.02,0.369422589111,86dd3a804d78ca5d203ebf98747e8f16dff9713ba8950097ceb760b161e19907,Domains_Alloy
1671,-3.167921813296289,-2.658135638882721,1.02,0.369422589111,86dd3a804d78ca5d203ebf98747e8f16dff9713ba8950097ceb760b161e19907,Domains_Alloy
1672,-3.168491340593956,-2.658135638882721,1.02,0.369422589111,86dd3a804d78ca5d203ebf98747e8f16dff9713ba8950097ceb760b161e19907,Domains_Alloy
1673,-3.169061019088553,-2.658135638882721,1.02,0.369422589111,86dd3a804d78ca5d203ebf98747e8f16dff9713ba8950097ceb760b161e19907,Domains_Alloy
1674,-3.169630848693656,-2.658135638882721,1.02,0.369422589111,86dd3a804d78ca5d203ebf98747e8f16dff9713ba8950097ceb760b161e19907,Domains_Alloy
1675,-3.170200829322944,-2.658135638882721,1.02,0.369422589111,86dd3a804d78ca5d203ebf98747e8f16dff9713ba8950097ceb760b161e19907,Domains_Alloy
1676,-3.170770960890183,-2.658135638882721,1.02,0.369422589111,86dd3a804d78ca5d203ebf98747e8f16dff9713ba8950097ceb760b161e19907,Domains_Alloy
1677,-3.171341243309244,-2.658135638882721,1.02,0.369422589111,86dd3a804d78ca5d203ebf98747e8f16dff9713ba8950097ceb760b161e19907,Domains_Alloy
1678,-3.171911676494088,-2.658135638882721,1.02,0.369422589111,86dd3a804d78ca5d203ebf98747e8f16dff9713ba8950097ceb760b161e19907,Domains_Alloy
1679,-3.172482260358775,-2.658135638882721,1.02,0.369422589111,86dd3a804d78ca5d203ebf98747e8f16dff9713ba8950097ceb760b161e19907,Domains_Alloy
1680,-3.17305299481746,-2.658135638882721,1.02,0.369422589111,86dd3a804d78ca5d203ebf98747e8f16dff9713ba8950097ceb760b161e19907,Domains_Alloy
1681,-3.173623879784393,-2.658135638882721,1.02,0.369422589111,86dd3a804d78ca5d203ebf98747e8f16dff9713ba8950097ceb760b161e19907,Domains_Alloy
1682,-3.174194915173918,-2.658135638882721,1.02,0.369422589111,86dd3a804d78ca5d203ebf98747e8f16dff9713ba8950097ceb760b161e19907,Domains_Alloy
1683,-3.174766100900479,-2.658135638882721,1.02,0.369422589111,86dd3a804d78ca5d203ebf98747e8f16dff9713ba8950097ceb760b161e19907,Domains_Alloy
1684,-3.17533743687861,-2.658135638882721,1.02,0.369422589111,86dd3a804d78ca5d203ebf98747e8f16dff9713ba8950097ceb760b161e19907,Domains_Alloy
1685,-3.175908923022941,-2.658135638882721,1.02,0.369422589111,86dd3a804d78ca5d203ebf98747e8f16dff9713ba8950097ceb760b161e19907,Domains_Alloy
1686,-3.1764805592482,-2.658135638882721,1.02,0.369422589111,86dd3a804d78ca5d203ebf98747e8f16dff9713ba8950097ceb760b161e19907,Domains_Alloy
1687,-3.177052345469206,-2.658135638882721,1.02,0.369422589111,86dd3a804d78ca5d203ebf98747e8f16dff9713ba8950097ceb760b161e19907,Domains_Alloy
1688,-3.177624281600874,-2.658135638882721,1.02,0.369422589111,86dd3a804d78ca5d203ebf98747e8f16dff9713ba8950097ceb760b161e19907,Domains_Alloy
1689,-3.178196367558213,-2.658135638882721,1.02,0.369422589111,86dd3a804d78ca5d203ebf98747e8f16dff9713ba8950097ceb760b161e19907,Domains_Alloy
1690,-3.178768603256326,-2.658135638882721,1.02,0.369422589111,86dd3a804d78ca5d203ebf98747e8f16dff9713ba8950097ceb760b161e19907,Domains_Alloy
1691,-3.17934098861041,-2.658135638882721,1.02,0.369422589111,86dd3a804d78ca5d203ebf98747e8f16dff9713ba8950097ceb760b161e19907,Domains_Alloy
1692,-3.179913523535757,-2.658135638882721,1.02,0.369422589111,86dd3a804d78ca5d203ebf98747e8f16dff9713ba8950097ceb760b161e19907,Domains_Alloy
1693,-3.18048620794775,-2.658135638882721,1.02,0.369422589111,86dd3a804d78ca5d203ebf98747e8f16dff9713ba8950097ceb760b161e19907,Domains_Alloy
1694,-3.181059041761868,-2.658135638882721,1.02,0.369422589111,86dd3a804d78ca5d203ebf98747e8f16dff9713ba8950097ceb760b161e19907,Domains_Alloy
1695,-3.181632024893684,-2.658135638882721,1.02,0.369422589111,86dd3a804d78ca5d203ebf98747e8f16dff9713ba8950097ceb760b161e19907,Domains_Alloy
1696,-3.182205157258862,-2.658135638882721,1.02,0.369422589111,86dd3a804d78ca5d203ebf98747e8f16dff9713ba8950097ceb760b161e19907,Domains_Alloy
1697,-3.182778438773159,-2.658135638882721,1.02,0.369422589111,86dd3a804d78ca5d203ebf98747e8f16dff9713ba8950097ceb760b161e19907,Domains_Alloy
1698,-3.183351869352428,-2.658135638882721,1.02,0.369422589111,86dd3a804d78ca5d203ebf98747e8f16dff9713ba8950097ceb760b161e19907,Domains_Alloy
1699,-3.18392544891261,-2.658135638882721,1.02,0.369422589111,86dd3a804d78ca5d203ebf98747e8f16dff9713ba8950097ceb760b161e19907,Domains_Alloy
1700,-3.184499177369744,-2.658135638882721,1.02,0.369422589111,86dd3a804d78ca5d203ebf98747e8f16dff9713ba8950097ceb760b161e19907,Domains_Alloy
1701,-3.185073054639957,-2.658135638882721,1.02,0.369422589111,86dd3a804d78ca5d203ebf98747e8f16dff9713ba8950097ceb760b161e19907,Domains_Alloy
1702,-3.185647080639472,-2.658135638882721,1.02,0.369422589111,86dd3a804d78ca5d203ebf98747e8f16dff9713ba8950097ceb760b161e19907,Domains_Alloy
1703,-3.1862212552846,-2.658135638882721,1.02,0.369422589111,86dd3a804d78ca5d203ebf98747e8f16dff9713ba8950097ceb760b161e19907,Domains_Alloy
1704,-3.186795578491748,-2.658135638882721,1.02,0.369422589111,86dd3a804d78ca5d203ebf98747e8f16dff9713ba8950097ceb760b161e19907,Domains_Alloy
1705,-3.187370050177413,-2.658135638882721,1.02,0.369422589111,86dd3a804d78ca5d203ebf98747e8f16dff9713ba8950097ceb760b161e19907,Domains_Alloy
1706,-3.187944670258184,-2.658135638882721,1.02,0.369422589111,86dd3a804d78ca5d203ebf98747e8f16dff9713ba8950097ceb760b161e19907,Domains_Alloy
1707,-3.188519438650743,-2.658135638882721,1.02,0.369422589111,86dd3a804d78ca5d203ebf98747e8f16dff9713ba8950097ceb760b161e19907,Domains_Alloy
1708,-3.18909435527186,-2.658135638882721,1.02,0.369422589111,86dd3a804d78ca5d203ebf98747e8f16dff9713ba8950097ceb760b161e19907,Domains_Alloy
1709,-3.189669420038399,-2.658135638882721,1.02,0.369422589111,86dd3a804d78ca5d203ebf98747e8f16dff9713ba8950097ceb760b161e19907,Domains_Alloy
1710,-3.190244632867315,-2.658135638882721,1.02,0.369422589111,86dd3a804d78ca5d203ebf98747e8f16dff9713ba8950097ceb760b161e19907,Domains_Alloy
1711,-3.190819993675654,-2.658135638882721,1.02,0.369422589111,86dd3a804d78ca5d203ebf98747e8f16dff9713ba8950097ceb760b161e19907,Domains_Alloy
1712,-3.191395502380552,-2.658135638882721,1.02,0.369422589111,86dd3a804d78ca5d203ebf98747e8f16dff9713ba8950097ceb760b161e19907,Domains_Alloy
1713,-3.191971158899236,-2.658135638882721,1.02,0.369422589111,86dd3a804d78ca5d203ebf98747e8f16dff9713ba8950097ceb760b161e19907,Domains_Alloy
1714,-3.192546963149023,-2.658135638882721,1.02,0.369422589111,86dd3a804d78ca5d203ebf98747e8f16dff9713ba8950097ceb760b161e19907,Domains_Alloy
1715,-3.193122915047324,-2.658135638882721,1.02,0.369422589111,86dd3a804d78ca5d203ebf98747e8f16dff9713ba8950097ceb760b161e19907,Domains_Alloy
1716,-3.193699014511635,-2.658135638882721,1.02,0.369422589111,86dd3a804d78ca5d203ebf98747e8f16dff9713ba8950097ceb760b161e19907,Domains_Alloy
1717,-3.194275261459545,-2.658135638882721,1.02,0.369422589111,86dd3a804d78ca5d203ebf98747e8f16dff9713ba8950097ceb760b161e19907,Domains_Alloy
1718,-3.194851655808733,-2.658135638882721,1.02,0.369422589111,86dd3a804d78ca5d203ebf98747e8f16dff9713ba8950097ceb760b161e19907,Domains_Alloy
1719,-3.195428197476967,-2.658135638882721,1.02,0.369422589111,86dd3a804d78ca5d203ebf98747e8f16dff9713ba8950097ceb760b161e19907,Domains_Alloy
1720,-3.196004886382106,-2.658135638882721,1.02,0.369422589111,86dd3a804d78ca5d203ebf98747e8f16dff9713ba8950097ceb760b161e19907,Domains_Alloy
1721,-3.196581722442097,-2.658135638882721,1.02,0.369422589111,86dd3a804d78ca5d203ebf98747e8f16dff9713ba8950097ceb760b161e19907,Domains_Alloy
1722,-3.197158705574978,-2.658135638882721,1.02,0.369422589111,86dd3a804d78ca5d203ebf98747e8f16dff9713ba8950097ceb760b161e19907,Domains_Alloy
1723,-3.197735835698875,-2.658135638882721,1.02,0.369422589111,86dd3a804d78ca5d203ebf98747e8f16dff9713ba8950097ceb760b161e19907,Domains_Alloy
1724,-3.198313112732004,-2.658135638882721,1.02,0.369422589111,86dd3a804d78ca5d203ebf98747e8f16dff9713ba8950097ceb760b161e19907,Domains_Alloy
1725,-3.198890536592669,-2.658135638882721,1.02,0.369422589111,86dd3a804d78ca5d203ebf98747e8f16dff9713ba8950097ceb760b161e19907,Domains_Alloy
1726,-3.199468107199263,-2.658135638882721,1.02,0.369422589111,86dd3a804d78ca5d203ebf98747e8f16dff9713ba8950097ceb760b161e19907,Domains_Alloy
1727,-3.200045824470269,-2.658135638882721,1.02,0.369422589111,86dd3a804d78ca5d203ebf98747e8f16dff9713ba8950097ceb760b161e19907,Domains_Alloy
1728,-3.200623688324257,-2.658135638882721,1.02,0.369422589111,86dd3a804d78ca5d203ebf98747e8f16dff9713ba8950097ceb760b161e19907,Domains_Alloy
1729,-3.201201698679887,-2.658135638882721,1.02,0.369422589111,86dd3a804d78ca5d203ebf98747e8f16dff9713ba8950097ceb760b161e19907,Domains_Alloy
1730,-3.201779855455907,-2.658135638882721,1.02,0.369422589111,86dd3a804d78ca5d203ebf98747e8f16dff9713ba8950097ceb760b161e19907,Domains_Alloy
1731,-3.202358158571152,-2.658135638882721,1.02,0.369422589111,86dd3a804d78ca5d203ebf98747e8f16dff9713ba8950097ceb760b161e19907,Domains_Alloy
1732,-3.202936607944544,-2.658135638882721,1.02,0.369422589111,86dd3a804d78ca5d203ebf98747e8f16dff9713ba8950097ceb760b161e19907,Domains_Alloy
1733,-3.203515203495097,-2.658135638882721,1.02,0.369422589111,86dd3a804d78ca5d203ebf98747e8f16dff9713ba8950097ceb760b161e19907,Domains_Alloy
1734,-3.204093945141909,-2.658135638882721,1.02,0.369422589111,86dd3a804d78ca5d203ebf98747e8f16dff9713ba8950097ceb760b161e19907,Domains_Alloy
1735,-3.204672832804166,-2.658135638882721,1.02,0.369422589111,86dd3a804d78ca5d203ebf98747e8f16dff9713ba8950097ceb760b161e19907,Domains_Alloy
1736,-3.205251866401144,-2.658135638882721,1.02,0.369422589111,86dd3a804d78ca5d203ebf98747e8f16dff9713ba8950097ceb760b161e19907,Domains_Alloy
1737,-3.205831045852203,-2.658135638882721,1.02,0.369422589111,86dd3a804d78ca5d203ebf98747e8f16dff9713ba8950097ceb760b161e19907,Domains_Alloy
1738,-3.206410371076793,-2.658135638882721,1.02,0.369422589111,86dd3a804d78ca5d203ebf98747e8f16dff9713ba8950097ceb760b161e19907,Domains_Alloy
1739,-3.206989841994449,-2.658135638882721,1.02,0.369422589111,86dd3a804d78ca5d203ebf98747e8f16dff9713ba8950097ceb760b161e19907,Domains_Alloy
1740,-3.207569458524794,-2.658135638882721,1.02,0.369422589111,86dd3a804d78ca5d203ebf98747e8f16dff9713ba8950097ceb760b161e19907,Domains_Alloy
1741,-3.208149220587538,-2.658135638882721,1.02,0.369422589111,86dd3a804d78ca5d203ebf98747e8f16dff9713ba8950097ceb760b161e19907,Domains_Alloy
1742,-3.208729128102476,-2.658135638882721,1.02,0.369422589111,86dd3a804d78ca5d203ebf98747e8f16dff9713ba8950097ceb760b161e19907,Domains_Alloy
1743,-3.20930918098949,-2.658135638882721,1.02,0.369422589111,86dd3a804d78ca5d203ebf98747e8f16dff9713ba8950097ceb760b161e19907,Domains_Alloy
1744,-3.209889379168552,-2.658135638882721,1.02,0.369422589111,86dd3a804d78ca5d203ebf98747e8f16dff9713ba8950097ceb760b161e19907,Domains_Alloy
1745,-3.210469722559714,-2.658135638882721,1.02,0.369422589111,86dd3a804d78ca5d203ebf98747e8f16dff9713ba8950097ceb760b161e19907,Domains_Alloy
1746,-3.211050211083117,-2.658135638882721,1.02,0.369422589111,86dd3a804d78ca5d203ebf98747e8f16dff9713ba8950097ceb760b161e19907,Domains_Alloy
1747,-3.21163084465899,-2.658135638882721,1.02,0.369422589111,86dd3a804d78ca5d203ebf98747e8f16dff9713ba8950097ceb760b161e19907,Domains_Alloy
1748,-3.212211623207647,-2.658135638882721,1.02,0.369422589111,86dd3a804d78ca5d203ebf98747e8f16dff9713ba8950097ceb760b161e19907,Domains_Alloy
1749,-3.212792546649483,-2.658135638882721,1.02,0.369422589111,86dd3a804d78ca5d203ebf98747e8f16dff9713ba8950097ceb760b161e19907,Domains_Alloy
1750,-3.213373614904985,-2.658135638882721,1.02,0.369422589111,86dd3a804d78ca5d203ebf98747e8f16dff9713ba8950097ceb760b161e19907,Domains_Alloy
1751,-3.213954827894721,-2.658135638882721,1.02,0.369422589111,86dd3a804d78ca5d203ebf98747e8f16dff9713ba8950097ceb760b161e19907,Domains_Alloy
1752,-3.214536185539346,-2.658135638882721,1.02,0.369422589111,86dd3a804d78ca5d203ebf98747e8f16dff9713ba8950097ceb760b161e19907,Domains_Alloy
1753,-3.215117687759602,-2.658135638882721,1.02,0.369422589111,86dd3a804d78ca5d203ebf98747e8f16dff9713ba8950097ceb760b161e19907,Domains_Alloy
1754,-3.215699334476312,-2.658135638882721,1.02,0.369422589111,86dd3a804d78ca5d203ebf98747e8f16dff9713ba8950097ceb760b161e19907,Domains_Alloy
1755,-3.216281125610386,-2.658135638882721,1.02,0.369422589111,86dd3a804d78ca5d203ebf98747e8f16dff9713ba8950097ceb760b161e19907,Domains_Alloy
1756,-3.216863061082818,-2.658135638882721,1.02,0.369422589111,86dd3a804d78ca5d203ebf98747e8f16dff9713ba8950097ceb760b161e19907,Domains_Alloy
1757,-3.217445140814688,-2.658135638882721,1.02,0.369422589111,86dd3a804d78ca5d203ebf98747e8f16dff9713ba8950097ceb760b161e19907,Domains_Alloy
1758,-3.21802736472716,-2.658135638882721,1.02,0.369422589111,86dd3a804d78ca5d203ebf98747e8f16dff9713ba8950097ceb760b161e19907,Domains_Alloy
1759,-3.218609732741482,-2.658135638882721,1.02,0.369422589111,86dd3a804d78ca5d203ebf98747e8f16dff9713ba8950097ceb760b161e19907,Domains_Alloy
1760,-3.219192244778985,-2.658135638882721,1.02,0.369422589111,86dd3a804d78ca5d203ebf98747e8f16dff9713ba8950097ceb760b161e19907,Domains_Alloy
1761,-3.219774900761086,-2.658135638882721,1.02,0.369422589111,86dd3a804d78ca5d203ebf98747e8f16dff9713ba8950097ceb760b161e19907,Domains_Alloy
1762,-3.220357700609285,-2.658135638882721,1.02,0.369422589111,86dd3a804d78ca5d203ebf98747e8f16dff9713ba8950097ceb760b161e19907,Domains_Alloy
1763,-3.220940644245165,-2.658135638882721,1.02,0.369422589111,86dd3a804d78ca5d203ebf98747e8f16dff9713ba8950097ceb760b161e19907,Domains_Alloy
1764,-3.221523731590396,-2.658135638882721,1.02,0.369422589111,86dd3a804d78ca5d203ebf98747e8f16dff9713ba8950097ceb760b161e19907,Domains_Alloy
1765,-3.222106962566727,-2.658135638882721,1.02,0.369422589111,86dd3a804d78ca5d203ebf98747e8f16dff9713ba8950097ceb760b161e19907,Domains_Alloy
1766,-3.222690337095994,-2.658135638882721,1.02,0.369422589111,86dd3a804d78ca5d203ebf98747e8f16dff9713ba8950097ceb760b161e19907,Domains_Alloy
1767,-3.223273855100114,-2.658135638882721,1.02,0.369422589111,86dd3a804d78ca5d203ebf98747e8f16dff9713ba8950097ceb760b161e19907,Domains_Alloy
1768,-3.223857516501088,-2.658135638882721,1.02,0.369422589111,86dd3a804d78ca5d203ebf98747e8f16dff9713ba8950097ceb760b161e19907,Domains_Alloy
1769,-3.224441321221001,-2.658135638882721,1.02,0.369422589111,86dd3a804d78ca5d203ebf98747e8f16dff9713ba8950097ceb760b161e19907,Domains_Alloy
1770,-3.225025269182019,-2.658135638882721,1.02,0.369422589111,86dd3a804d78ca5d203ebf98747e8f16dff9713ba8950097ceb760b161e19907,Domains_Alloy
1771,-3.225609360306393,-2.658135638882721,1.02,0.369422589111,86dd3a804d78ca5d203ebf98747e8f16dff9713ba8950097ceb760b161e19907,Domains_Alloy
1772,-3.226193594516453,-2.658135638882721,1.02,0.369422589111,86dd3a804d78ca5d203ebf98747e8f16dff9713ba8950097ceb760b161e19907,Domains_Alloy
1773,-3.226777971734616,-2.658135638882721,1.02,0.369422589111,86dd3a804d78ca5d203ebf98747e8f16dff9713ba8950097ceb760b161e19907,Domains_Alloy
1774,-3.227362491883379,-2.658135638882721,1.02,0.369422589111,86dd3a804d78ca5d203ebf98747e8f16dff9713ba8950097ceb760b161e19907,Domains_Alloy
1775,-3.22794715488532,-2.658135638882721,1.02,0.369422589111,86dd3a804d78ca5d203ebf98747e8f16dff9713ba8950097ceb760b161e19907,Domains_Alloy
1776,-3.228531960663102,-2.658135638882721,1.02,0.369422589111,86dd3a804d78ca5d203ebf98747e8f16dff9713ba8950097ceb760b161e19907,Domains_Alloy
1777,-3.229116909139468,-2.658135638882721,1.02,0.369422589111,86dd3a804d78ca5d203ebf98747e8f16dff9713ba8950097ceb760b161e19907,Domains_Alloy
1778,-3.229702000237245,-2.658135638882721,1.02,0.369422589111,86dd3a804d78ca5d203ebf98747e8f16dff9713ba8950097ceb760b161e19907,Domains_Alloy
1779,-3.230287233879337,-2.658135638882721,1.02,0.369422589111,86dd3a804d78ca5d203ebf98747e8f16dff9713ba8950097ceb760b161e19907,Domains_Alloy
1780,-3.230872609988736,-2.658135638882721,1.02,0.369422589111,86dd3a804d78ca5d203ebf98747e8f16dff9713ba8950097ceb760b161e19907,Domains_Alloy
1781,-3.231458128488511,-2.658135638882721,1.02,0.369422589111,86dd3a804d78ca5d203ebf98747e8f16dff9713ba8950097ceb760b161e19907,Domains_Alloy
1782,-3.232043789301813,-2.658135638882721,1.02,0.369422589111,86dd3a804d78ca5d203ebf98747e8f16dff9713ba8950097ceb760b161e19907,Domains_Alloy
1783,-3.232629592351875,-2.658135638882721,1.02,0.369422589111,86dd3a804d78ca5d203ebf98747e8f16dff9713ba8950097ceb760b161e19907,Domains_Alloy
1784,-3.233215537562013,-2.658135638882721,1.02,0.369422589111,86dd3a804d78ca5d203ebf98747e8f16dff9713ba8950097ceb760b161e19907,Domains_Alloy
1785,-3.23380162485562,-2.658135638882721,1.02,0.369422589111,86dd3a804d78ca5d203ebf98747e8f16dff9713ba8950097ceb760b161e19907,Domains_Alloy
1786,-3.234387854156172,-2.658135638882721,1.02,0.369422589111,86dd3a804d78ca5d203ebf98747e8f16dff9713ba8950097ceb760b161e19907,Domains_Alloy
1787,-3.234974225387227,-2.658135638882721,1.02,0.369422589111,86dd3a804d78ca5d203ebf98747e8f16dff9713ba8950097ceb760b161e19907,Domains_Alloy
1788,-3.235560738472421,-2.658135638882721,1.02,0.369422589111,86dd3a804d78ca5d203ebf98747e8f16dff9713ba8950097ceb760b161e19907,Domains_Alloy
1789,-3.23614739333547,-2.658135638882721,1.02,0.369422589111,86dd3a804d78ca5d203ebf98747e8f16dff9713ba8950097ceb760b161e19907,Domains_Alloy
1790,-3.236734189900176,-2.658135638882721,1.02,0.369422589111,86dd3a804d78ca5d203ebf98747e8f16dff9713ba8950097ceb760b161e19907,Domains_Alloy
1791,-3.237321128090414,-2.658135638882721,1.02,0.369422589111,86dd3a804d78ca5d203ebf98747e8f16dff9713ba8950097ceb760b161e19907,Domains_Alloy
1792,-3.237908207830143,-2.658135638882721,1.02,0.369422589111,86dd3a804d78ca5d203ebf98747e8f16dff9713ba8950097ceb760b161e19907,Domains_Alloy
1793,-3.238495429043403,-2.658135638882721,1.02,0.369422589111,86dd3a804d78ca5d203ebf98747e8f16dff9713ba8950097ceb760b161e19907,Domains_Alloy
1794,-3.23908279165431,-2.658135638882721,1.02,0.369422589111,86dd3a804d78ca5d203ebf98747e8f16dff9713ba8950097ceb760b161e19907,Domains_Alloy
1795,-3.239670295587064,-2.658135638882721,1.02,0.369422589111,86dd3a804d78ca5d203ebf98747e8f16dff9713ba8950097ceb760b161e19907,Domains_Alloy
1796,-3.24025794076594,-2.658135638882721,1.02,0.369422589111,86dd3a804d78ca5d203ebf98747e8f16dff9713ba8950097ceb760b161e19907,Domains_Alloy
1797,-3.240845727115297,-2.658135638882721,1.02,0.369422589111,86dd3a804d78ca5d203ebf98747e8f16dff9713ba8950097ceb760b161e19907,Domains_Alloy
1798,-3.241433654559572,-2.658135638882721,1.02,0.369422589111,86dd3a804d78ca5d203ebf98747e8f16dff9713ba8950097ceb760b161e19907,Domains_Alloy
1799,-3.242021723023278,-2.658135638882721,1.02,0.369422589111,86dd3a804d78ca5d203ebf98747e8f16dff9713ba8950097ceb760b161e19907,Domains_Alloy
1800,-3.242609932431011,-2.658135638882721,1.02,0.369422589111,86dd3a804d78ca5d203ebf98747e8f16dff9713ba8950097ceb760b161e19907,Domains_Alloy
1801,-3.243198282707446,-2.658135638882721,1.02,0.369422589111,86dd3a804d78ca5d203ebf98747e8f16dff9713ba8950097ceb760b161e19907,Domains_Alloy
1802,-3.243786773777335,-2.658135638882721,1.02,0.369422589111,86dd3a804d78ca5d203ebf98747e8f16dff9713ba8950097ceb760b161e19907,Domains_Alloy
1803,-3.244375405565509,-2.658135638882721,1.02,0.369422589111,86dd3a804d78ca5d203ebf98747e8f16dff9713ba8950097ceb760b161e19907,Domains_Alloy
1804,-3.244964177996878,-2.658135638882721,1.02,0.369422589111,86dd3a804d78ca5d203ebf98747e8f16dff9713ba8950097ceb760b161e19907,Domains_Alloy
1805,-3.245553090996431,-2.658135638882721,1.02,0.369422589111,86dd3a804d78ca5d203ebf98747e8f16dff9713ba8950097ceb760b161e19907,Domains_Alloy
1806,-3.246142144489234,-2.658135638882721,1.02,0.369422589111,86dd3a804d78ca5d203ebf98747e8f16dff9713ba8950097ceb760b161e19907,Domains_Alloy
1807,-3.246731338400434,-2.658135638882721,1.02,0.369422589111,86dd3a804d78ca5d203ebf98747e8f16dff9713ba8950097ceb760b161e19907,Domains_Alloy
1808,-3.247320672655253,-2.658135638882721,1.02,0.369422589111,86dd3a804d78ca5d203ebf98747e8f16dff9713ba8950097ceb760b161e19907,Domains_Alloy
1809,-3.247910147178994,-2.658135638882721,1.02,0.369422589111,86dd3a804d78ca5d203ebf98747e8f16dff9713ba8950097ceb760b161e19907,Domains_Alloy
1810,-3.248499761897034,-2.658135638882721,1.02,0.369422589111,86dd3a804d78ca5d203ebf98747e8f16dff9713ba8950097ceb760b161e19907,Domains_Alloy
1811,-3.249089516734832,-2.658135638882721,1.02,0.369422589111,86dd3a804d78ca5d203ebf98747e8f16dff9713ba8950097ceb760b161e19907,Domains_Alloy
1812,-3.249679411617923,-2.658135638882721,1.02,0.369422589111,86dd3a804d78ca5d203ebf98747e8f16dff9713ba8950097ceb760b161e19907,Domains_Alloy
1813,-3.250269446471918,-2.658135638882721,1.02,0.369422589111,86dd3a804d78ca5d203ebf98747e8f16dff9713ba8950097ceb760b161e19907,Domains_Alloy
1814,-3.250859621222507,-2.658135638882721,1.02,0.369422589111,86dd3a804d78ca5d203ebf98747e8f16dff9713ba8950097ceb760b161e19907,Domains_Alloy
1815,-3.25144993579546,-2.658135638882721,1.02,0.369422589111,86dd3a804d78ca5d203ebf98747e8f16dff9713ba8950097ceb760b161e19907,Domains_Alloy
1816,-3.252040390116618,-2.658135638882721,1.02,0.369422589111,86dd3a804d78ca5d203ebf98747e8f16dff9713ba8950097ceb760b161e19907,Domains_Alloy
1817,-3.252630984111903,-2.658135638882721,1.02,0.369422589111,86dd3a804d78ca5d203ebf98747e8f16dff9713ba8950097ceb760b161e19907,Domains_Alloy
1818,-3.253221717707315,-2.658135638882721,1.02,0.369422589111,86dd3a804d78ca5d203ebf98747e8f16dff9713ba8950097ceb760b161e19907,Domains_Alloy
1819,-3.253812590828928,-2.658135638882721,1.02,0.369422589111,86dd3a804d78ca5d203ebf98747e8f16dff9713ba8950097ceb760b161e19907,Domains_Alloy
1820,-3.254403603402895,-2.658135638882721,1.02,0.369422589111,86dd3a804d78ca5d203ebf98747e8f16dff9713ba8950097ceb760b161e19907,Domains_Alloy
1821,-3.254994755355444,-2.658135638882721,1.02,0.369422589111,86dd3a804d78ca5d203ebf98747e8f16dff9713ba8950097ceb760b161e19907,Domains_Alloy
1822,-3.25558604661288,-2.658135638882721,1.02,0.369422589111,86dd3a804d78ca5d203ebf98747e8f16dff9713ba8950097ceb760b161e19907,Domains_Alloy
1823,-3.256177477101585,-2.658135638882721,1.02,0.369422589111,86dd3a804d78ca5d203ebf98747e8f16dff9713ba8950097ceb760b161e19907,Domains_Alloy
1824,-3.256769046748016,-2.658135638882721,1.02,0.369422589111,86dd3a804d78ca5d203ebf98747e8f16dff9713ba8950097ceb760b161e19907,Domains_Alloy
1825,-3.257360755478709,-2.658135638882721,1.02,0.369422589111,86dd3a804d78ca5d203ebf98747e8f16dff9713ba8950097ceb760b161e19907,Domains_Alloy
1826,-3.257952603220272,-2.658135638882721,1.02,0.369422589111,86dd3a804d78ca5d203ebf98747e8f16dff9713ba8950097ceb760b161e19907,Domains_Alloy
1827,-3.258544589899392,-2.658135638882721,1.02,0.369422589111,86dd3a804d78ca5d203ebf98747e8f16dff9713ba8950097ceb760b161e19907,Domains_Alloy
1828,-3.25913671544283,-2.658135638882721,1.02,0.369422589111,86dd3a804d78ca5d203ebf98747e8f16dff9713ba8950097ceb760b161e19907,Domains_Alloy
1829,-3.259728979777424,-2.658135638882721,1.02,0.369422589111,86dd3a804d78ca5d203ebf98747e8f16dff9713ba8950097ceb760b161e19907,Domains_Alloy
1830,-3.260321382830087,-2.658135638882721,1.02,0.369422589111,86dd3a804d78ca5d203ebf98747e8f16dff9713ba8950097ceb760b161e19907,Domains_Alloy
1831,-3.260913924527806,-2.658135638882721,1.02,0.369422589111,86dd3a804d78ca5d203ebf98747e8f16dff9713ba8950097ceb760b161e19907,Domains_Alloy
1832,-3.261506604797647,-2.658135638882721,1.02,0.369422589111,86dd3a804d78ca5d203ebf98747e8f16dff9713ba8950097ceb760b161e19907,Domains_Alloy
1833,-3.262099423566748,-2.658135638882721,1.02,0.369422589111,86dd3a804d78ca5d203ebf98747e8f16dff9713ba8950097ceb760b161e19907,Domains_Alloy
1834,-3.262692380762323,-2.658135638882721,1.02,0.369422589111,86dd3a804d78ca5d203ebf98747e8f16dff9713ba8950097ceb760b161e19907,Domains_Alloy
1835,-3.263285476311661,-2.658135638882721,1.02,0.369422589111,86dd3a804d78ca5d203ebf98747e8f16dff9713ba8950097ceb760b161e19907,Domains_Alloy
1836,-3.263878710142128,-2.658135638882721,1.02,0.369422589111,86dd3a804d78ca5d203ebf98747e8f16dff9713ba8950097ceb760b161e19907,Domains_Alloy
1837,-3.26447208218116,-2.658135638882721,1.02,0.369422589111,86dd3a804d78ca5d203ebf98747e8f16dff9713ba8950097ceb760b161e19907,Domains_Alloy
1838,-3.265065592356272,-2.658135638882721,1.02,0.369422589111,86dd3a804d78ca5d203ebf98747e8f16dff9713ba8950097ceb760b161e19907,Domains_Alloy
1839,-3.265659240595053,-2.658135638882721,1.02,0.369422589111,86dd3a804d78ca5d203ebf98747e8f16dff9713ba8950097ceb760b161e19907,Domains_Alloy
1840,-3.266253026825163,-2.658135638882721,1.02,0.369422589111,86dd3a804d78ca5d203ebf98747e8f16dff9713ba8950097ceb760b161e19907,Domains_Alloy
1841,-3.266846950974341,-2.658135638882721,1.02,0.369422589111,86dd3a804d78ca5d203ebf98747e8f16dff9713ba8950097ceb760b161e19907,Domains_Alloy
1842,-3.267441012970397,-2.658135638882721,1.02,0.369422589111,86dd3a804d78ca5d203ebf98747e8f16dff9713ba8950097ceb760b161e19907,Domains_Alloy
1843,-3.268035212741217,-2.658135638882721,1.02,0.369422589111,86dd3a804d78ca5d203ebf98747e8f16dff9713ba8950097ceb760b161e19907,Domains_Alloy
1844,-3.268629550214759,-2.658135638882721,1.02,0.369422589111,86dd3a804d78ca5d203ebf98747e8f16dff9713ba8950097ceb760b161e19907,Domains_Alloy
1845,-3.269224025319057,-2.658135638882721,1.02,0.369422589111,86dd3a804d78ca5d203ebf98747e8f16dff9713ba8950097ceb760b161e19907,Domains_Alloy
1846,-3.269818637982218,-2.658135638882721,1.02,0.369422589111,86dd3a804d78ca5d203ebf98747e8f16dff9713ba8950097ceb760b161e19907,Domains_Alloy
1847,-3.27041338813242,-2.658135638882721,1.02,0.369422589111,86dd3a804d78ca5d203ebf98747e8f16dff9713ba8950097ceb760b161e19907,Domains_Alloy
1848,-3.27100827569792,-2.658135638882721,1.02,0.369422589111,86dd3a804d78ca5d203ebf98747e8f16dff9713ba8950097ceb760b161e19907,Domains_Alloy
1849,-3.271603300607045,-2.658135638882721,1.02,0.369422589111,86dd3a804d78ca5d203ebf98747e8f16dff9713ba8950097ceb760b161e19907,Domains_Alloy
1850,-3.272198462788194,-2.658135638882721,1.02,0.369422589111,86dd3a804d78ca5d203ebf98747e8f16dff9713ba8950097ceb760b161e19907,Domains_Alloy
1851,-3.272793762169842,-2.658135638882721,1.02,0.369422589111,86dd3a804d78ca5d203ebf98747e8f16dff9713ba8950097ceb760b161e19907,Domains_Alloy
1852,-3.273389198680537,-2.658135638882721,1.02,0.369422589111,86dd3a804d78ca5d203ebf98747e8f16dff9713ba8950097ceb760b161e19907,Domains_Alloy
1853,-3.273984772248898,-2.658135638882721,1.02,0.369422589111,86dd3a804d78ca5d203ebf98747e8f16dff9713ba8950097ceb760b161e19907,Domains_Alloy
1854,-3.274580482803617,-2.658135638882721,1.02,0.369422589111,86dd3a804d78ca5d203ebf98747e8f16dff9713ba8950097ceb760b161e19907,Domains_Alloy
1855,-3.275176330273462,-2.658135638882721,1.02,0.369422589111,86dd3a804d78ca5d203ebf98747e8f16dff9713ba8950097ceb760b161e19907,Domains_Alloy
1856,-3.27577231458727,-2.658135638882721,1.02,0.369422589111,86dd3a804d78ca5d203ebf98747e8f16dff9713ba8950097ceb760b161e19907,Domains_Alloy
1857,-3.276368435673953,-2.658135638882721,1.02,0.369422589111,86dd3a804d78ca5d203ebf98747e8f16dff9713ba8950097ceb760b161e19907,Domains_Alloy
1858,-3.276964693462493,-2.658135638882721,1.02,0.369422589111,86dd3a804d78ca5d203ebf98747e8f16dff9713ba8950097ceb760b161e19907,Domains_Alloy
1859,-3.277561087881946,-2.658135638882721,1.02,0.369422589111,86dd3a804d78ca5d203ebf98747e8f16dff9713ba8950097ceb760b161e19907,Domains_Alloy
1860,-3.278157618861441,-2.658135638882721,1.02,0.369422589111,86dd3a804d78ca5d203ebf98747e8f16dff9713ba8950097ceb760b161e19907,Domains_Alloy
1861,-3.278754286330177,-2.658135638882721,1.02,0.369422589111,86dd3a804d78ca5d203ebf98747e8f16dff9713ba8950097ceb760b161e19907,Domains_Alloy
1862,-3.279351090217427,-2.658135638882721,1.02,0.369422589111,86dd3a804d78ca5d203ebf98747e8f16dff9713ba8950097ceb760b161e19907,Domains_Alloy
1863,-3.279948030452534,-2.658135638882721,1.02,0.369422589111,86dd3a804d78ca5d203ebf98747e8f16dff9713ba8950097ceb760b161e19907,Domains_Alloy
1864,-3.280545106964915,-2.658135638882721,1.02,0.369422589111,86dd3a804d78ca5d203ebf98747e8f16dff9713ba8950097ceb760b161e19907,Domains_Alloy
1865,-3.281142319684058,-2.658135638882721,1.02,0.369422589111,86dd3a804d78ca5d203ebf98747e8f16dff9713ba8950097ceb760b161e19907,Domains_Alloy
1866,-3.28173966853952,-2.658135638882721,1.02,0.369422589111,86dd3a804d78ca5d203ebf98747e8f16dff9713ba8950097ceb760b161e19907,Domains_Alloy
1867,-3.282337153460933,-2.658135638882721,1.02,0.369422589111,86dd3a804d78ca5d203ebf98747e8f16dff9713ba8950097ceb760b161e19907,Domains_Alloy
1868,-3.282934774378,-2.658135638882721,1.02,0.369422589111,86dd3a804d78ca5d203ebf98747e8f16dff9713ba8950097ceb760b161e19907,Domains_Alloy
1869,-3.283532531220492,-2.658135638882721,1.02,0.369422589111,86dd3a804d78ca5d203ebf98747e8f16dff9713ba8950097ceb760b161e19907,Domains_Alloy
1870,-3.284130423918254,-2.658135638882721,1.02,0.369422589111,86dd3a804d78ca5d203ebf98747e8f16dff9713ba8950097ceb760b161e19907,Domains_Alloy
1871,-3.284728452401202,-2.658135638882721,1.02,0.369422589111,86dd3a804d78ca5d203ebf98747e8f16dff9713ba8950097ceb760b161e19907,Domains_Alloy
1872,-3.285326616599323,-2.658135638882721,1.02,0.369422589111,86dd3a804d78ca5d203ebf98747e8f16dff9713ba8950097ceb760b161e19907,Domains_Alloy
1873,-3.285924916442673,-2.658135638882721,1.02,0.369422589111,86dd3a804d78ca5d203ebf98747e8f16dff9713ba8950097ceb760b161e19907,Domains_Alloy
1874,-3.286523351861381,-2.658135638882721,1.02,0.369422589111,86dd3a804d78ca5d203ebf98747e8f16dff9713ba8950097ceb760b161e19907,Domains_Alloy
1875,-3.287121922785645,-2.658135638882721,1.02,0.369422589111,86dd3a804d78ca5d203ebf98747e8f16dff9713ba8950097ceb760b161e19907,Domains_Alloy
1876,-3.287720629145734,-2.658135638882721,1.02,0.369422589111,86dd3a804d78ca5d203ebf98747e8f16dff9713ba8950097ceb760b161e19907,Domains_Alloy
1877,-3.288319470871989,-2.658135638882721,1.02,0.369422589111,86dd3a804d78ca5d203ebf98747e8f16dff9713ba8950097ceb760b161e19907,Domains_Alloy
1878,-3.288918447894818,-2.658135638882721,1.02,0.369422589111,86dd3a804d78ca5d203ebf98747e8f16dff9713ba8950097ceb760b161e19907,Domains_Alloy
1879,-3.289517560144703,-2.658135638882721,1.02,0.369422589111,86dd3a804d78ca5d203ebf98747e8f16dff9713ba8950097ceb760b161e19907,Domains_Alloy
1880,-3.290116807552192,-2.658135638882721,1.02,0.369422589111,86dd3a804d78ca5d203ebf98747e8f16dff9713ba8950097ceb760b161e19907,Domains_Alloy
1881,-3.290716190047907,-2.658135638882721,1.02,0.369422589111,86dd3a804d78ca5d203ebf98747e8f16dff9713ba8950097ceb760b161e19907,Domains_Alloy
1882,-3.291315707562538,-2.658135638882721,1.02,0.369422589111,86dd3a804d78ca5d203ebf98747e8f16dff9713ba8950097ceb760b161e19907,Domains_Alloy
1883,-3.291915360026843,-2.658135638882721,1.02,0.369422589111,86dd3a804d78ca5d203ebf98747e8f16dff9713ba8950097ceb760b161e19907,Domains_Alloy
1884,-3.292515147371655,-2.658135638882721,1.02,0.369422589111,86dd3a804d78ca5d203ebf98747e8f16dff9713ba8950097ceb760b161e19907,Domains_Alloy
1885,-3.29311506952787,-2.658135638882721,1.02,0.369422589111,86dd3a804d78ca5d203ebf98747e8f16dff9713ba8950097ceb760b161e19907,Domains_Alloy
1886,-3.293715126426459,-2.658135638882721,1.02,0.369422589111,86dd3a804d78ca5d203ebf98747e8f16dff9713ba8950097ceb760b161e19907,Domains_Alloy
1887,-3.294315317998458,-2.658135638882721,1.02,0.369422589111,86dd3a804d78ca5d203ebf98747e8f16dff9713ba8950097ceb760b161e19907,Domains_Alloy
1888,-3.294915644174976,-2.658135638882721,1.02,0.369422589111,86dd3a804d78ca5d203ebf98747e8f16dff9713ba8950097ceb760b161e19907,Domains_Alloy
1889,-3.29551610488719,-2.658135638882721,1.02,0.369422589111,86dd3a804d78ca5d203ebf98747e8f16dff9713ba8950097ceb760b161e19907,Domains_Alloy
1890,-3.296116700066344,-2.658135638882721,1.02,0.369422589111,86dd3a804d78ca5d203ebf98747e8f16dff9713ba8950097ceb760b161e19907,Domains_Alloy
1891,-3.296717429643754,-2.658135638882721,1.02,0.369422589111,86dd3a804d78ca5d203ebf98747e8f16dff9713ba8950097ceb760b161e19907,Domains_Alloy
1892,-3.297318293550802,-2.658135638882721,1.02,0.369422589111,86dd3a804d78ca5d203ebf98747e8f16dff9713ba8950097ceb760b161e19907,Domains_Alloy
1893,-3.297919291718942,-2.658135638882721,1.02,0.369422589111,86dd3a804d78ca5d203ebf98747e8f16dff9713ba8950097ceb760b161e19907,Domains_Alloy
1894,-3.298520424079694,-2.658135638882721,1.02,0.369422589111,86dd3a804d78ca5d203ebf98747e8f16dff9713ba8950097ceb760b161e19907,Domains_Alloy
1895,-3.299121690564648,-2.658135638882721,1.02,0.369422589111,86dd3a804d78ca5d203ebf98747e8f16dff9713ba8950097ceb760b161e19907,Domains_Alloy
1896,-3.299723091105461,-2.658135638882721,1.02,0.369422589111,86dd3a804d78ca5d203ebf98747e8f16dff9713ba8950097ceb760b161e19907,Domains_Alloy
1897,-3.30032462563386,-2.658135638882721,1.02,0.369422589111,86dd3a804d78ca5d203ebf98747e8f16dff9713ba8950097ceb760b161e19907,Domains_Alloy
1898,-3.30092629408164,-2.658135638882721,1.02,0.369422589111,86dd3a804d78ca5d203ebf98747e8f16dff9713ba8950097ceb760b161e19907,Domains_Alloy
1899,-3.301528096380663,-2.658135638882721,1.02,0.369422589111,86dd3a804d78ca5d203ebf98747e8f16dff9713ba8950097ceb760b161e19907,Domains_Alloy
1900,-3.302130032462861,-2.658135638882721,1.02,0.369422589111,86dd3a804d78ca5d203ebf98747e8f16dff9713ba8950097ceb760b161e19907,Domains_Alloy
1901,-3.302732102260231,-2.658135638882721,1.02,0.369422589111,86dd3a804d78ca5d203ebf98747e8f16dff9713ba8950097ceb760b161e19907,Domains_Alloy
1902,-3.303334305704841,-2.658135638882721,1.02,0.369422589111,86dd3a804d78ca5d203ebf98747e8f16dff9713ba8950097ceb760b161e19907,Domains_Alloy
1903,-3.303936642728826,-2.658135638882721,1.02,0.369422589111,86dd3a804d78ca5d203ebf98747e8f16dff9713ba8950097ceb760b161e19907,Domains_Alloy
1904,-3.304539113264388,-2.658135638882721,1.02,0.369422589111,86dd3a804d78ca5d203ebf98747e8f16dff9713ba8950097ceb760b161e19907,Domains_Alloy
1905,-3.305141717243796,-2.658135638882721,1.02,0.369422589111,86dd3a804d78ca5d203ebf98747e8f16dff9713ba8950097ceb760b161e19907,Domains_Alloy
1906,-3.305744454599386,-2.658135638882721,1.02,0.369422589111,86dd3a804d78ca5d203ebf98747e8f16dff9713ba8950097ceb760b161e19907,Domains_Alloy
1907,-3.306347325263566,-2.658135638882721,1.02,0.369422589111,86dd3a804d78ca5d203ebf98747e8f16dff9713ba8950097ceb760b161e19907,Domains_Alloy
1908,-3.306950329168804,-2.658135638882721,1.02,0.369422589111,86dd3a804d78ca5d203ebf98747e8f16dff9713ba8950097ceb760b161e19907,Domains_Alloy
1909,-3.307553466247641,-2.658135638882721,1.02,0.369422589111,86dd3a804d78ca5d203ebf98747e8f16dff9713ba8950097ceb760b161e19907,Domains_Alloy
1910,-3.308156736432684,-2.658135638882721,1.02,0.369422589111,86dd3a804d78ca5d203ebf98747e8f16dff9713ba8950097ceb760b161e19907,Domains_Alloy
1911,-3.308760139656604,-2.658135638882721,1.02,0.369422589111,86dd3a804d78ca5d203ebf98747e8f16dff9713ba8950097ceb760b161e19907,Domains_Alloy
1912,-3.309363675852143,-2.658135638882721,1.02,0.369422589111,86dd3a804d78ca5d203ebf98747e8f16dff9713ba8950097ceb760b161e19907,Domains_Alloy
1913,-3.309967344952105,-2.658135638882721,1.02,0.369422589111,86dd3a804d78ca5d203ebf98747e8f16dff9713ba8950097ceb760b161e19907,Domains_Alloy
1914,-3.310571146889366,-2.658135638882721,1.02,0.369422589111,86dd3a804d78ca5d203ebf98747e8f16dff9713ba8950097ceb760b161e19907,Domains_Alloy
1915,-3.311175081596866,-2.658135638882721,1.02,0.369422589111,86dd3a804d78ca5d203ebf98747e8f16dff9713ba8950097ceb760b161e19907,Domains_Alloy
1916,-3.311779149007609,-2.658135638882721,1.02,0.369422589111,86dd3a804d78ca5d203ebf98747e8f16dff9713ba8950097ceb760b161e19907,Domains_Alloy
1917,-3.31238334905467,-2.658135638882721,1.02,0.369422589111,86dd3a804d78ca5d203ebf98747e8f16dff9713ba8950097ceb760b161e19907,Domains_Alloy
1918,-3.312987681671187,-2.658135638882721,1.02,0.369422589111,86dd3a804d78ca5d203ebf98747e8f16dff9713ba8950097ceb760b161e19907,Domains_Alloy
1919,-3.313592146790366,-2.658135638882721,1.02,0.369422589111,86dd3a804d78ca5d203ebf98747e8f16dff9713ba8950097ceb760b161e19907,Domains_Alloy
1920,-3.314196744345479,-2.658135638882721,1.02,0.369422589111,86dd3a804d78ca5d203ebf98747e8f16dff9713ba8950097ceb760b161e19907,Domains_Alloy
1921,-3.314801474269863,-2.658135638882721,1.02,0.369422589111,86dd3a804d78ca5d203ebf98747e8f16dff9713ba8950097ceb760b161e19907,Domains_Alloy
1922,-3.315406336496921,-2.658135638882721,1.02,0.369422589111,86dd3a804d78ca5d203ebf98747e8f16dff9713ba8950097ceb760b161e19907,Domains_Alloy
1923,-3.316011330960124,-2.658135638882721,1.02,0.369422589111,86dd3a804d78ca5d203ebf98747e8f16dff9713ba8950097ceb760b161e19907,Domains_Alloy
1924,-3.316616457593003,-2.658135638882721,1.02,0.369422589111,86dd3a804d78ca5d203ebf98747e8f16dff9713ba8950097ceb760b161e19907,Domains_Alloy
1925,-3.317221716329164,-2.658135638882721,1.02,0.369422589111,86dd3a804d78ca5d203ebf98747e8f16dff9713ba8950097ceb760b161e19907,Domains_Alloy
1926,-3.317827107102268,-2.658135638882721,1.02,0.369422589111,86dd3a804d78ca5d203ebf98747e8f16dff9713ba8950097ceb760b161e19907,Domains_Alloy
1927,-3.31843262984605,-2.658135638882721,1.02,0.369422589111,86dd3a804d78ca5d203ebf98747e8f16dff9713ba8950097ceb760b161e19907,Domains_Alloy
1928,-3.319038284494305,-2.658135638882721,1.02,0.369422589111,86dd3a804d78ca5d203ebf98747e8f16dff9713ba8950097ceb760b161e19907,Domains_Alloy
1929,-3.319644070980896,-2.658135638882721,1.02,0.369422589111,86dd3a804d78ca5d203ebf98747e8f16dff9713ba8950097ceb760b161e19907,Domains_Alloy
1930,-3.32024998923975,-2.658135638882721,1.02,0.369422589111,86dd3a804d78ca5d203ebf98747e8f16dff9713ba8950097ceb760b161e19907,Domains_Alloy
1931,-3.320856039204859,-2.658135638882721,1.02,0.369422589111,86dd3a804d78ca5d203ebf98747e8f16dff9713ba8950097ceb760b161e19907,Domains_Alloy
1932,-3.321462220810281,-2.658135638882721,1.02,0.369422589111,86dd3a804d78ca5d203ebf98747e8f16dff9713ba8950097ceb760b161e19907,Domains_Alloy
1933,-3.322068533990138,-2.658135638882721,1.02,0.369422589111,86dd3a804d78ca5d203ebf98747e8f16dff9713ba8950097ceb760b161e19907,Domains_Alloy
1934,-3.322674978678616,-2.658135638882721,1.02,0.369422589111,86dd3a804d78ca5d203ebf98747e8f16dff9713ba8950097ceb760b161e19907,Domains_Alloy
1935,-3.323281554809968,-2.658135638882721,1.02,0.369422589111,86dd3a804d78ca5d203ebf98747e8f16dff9713ba8950097ceb760b161e19907,Domains_Alloy
1936,-3.323888262318508,-2.658135638882721,1.02,0.369422589111,86dd3a804d78ca5d203ebf98747e8f16dff9713ba8950097ceb760b161e19907,Domains_Alloy
1937,-3.324495101138619,-2.658135638882721,1.02,0.369422589111,86dd3a804d78ca5d203ebf98747e8f16dff9713ba8950097ceb760b161e19907,Domains_Alloy
1938,-3.325102071204746,-2.658135638882721,1.02,0.369422589111,86dd3a804d78ca5d203ebf98747e8f16dff9713ba8950097ceb760b161e19907,Domains_Alloy
1939,-3.325709172451397,-2.658135638882721,1.02,0.369422589111,86dd3a804d78ca5d203ebf98747e8f16dff9713ba8950097ceb760b161e19907,Domains_Alloy
1940,-3.326316404813146,-2.658135638882721,1.02,0.369422589111,86dd3a804d78ca5d203ebf98747e8f16dff9713ba8950097ceb760b161e19907,Domains_Alloy
1941,-3.326923768224631,-2.658135638882721,1.02,0.369422589111,86dd3a804d78ca5d203ebf98747e8f16dff9713ba8950097ceb760b161e19907,Domains_Alloy
1942,-3.327531262620554,-2.658135638882721,1.02,0.369422589111,86dd3a804d78ca5d203ebf98747e8f16dff9713ba8950097ceb760b161e19907,Domains_Alloy
1943,-3.32813888793568,-2.658135638882721,1.02,0.369422589111,86dd3a804d78ca5d203ebf98747e8f16dff9713ba8950097ceb760b161e19907,Domains_Alloy
1944,-3.328746644104839,-2.658135638882721,1.02,0.369422589111,86dd3a804d78ca5d203ebf98747e8f16dff9713ba8950097ceb760b161e19907,Domains_Alloy
1945,-3.329354531062923,-2.658135638882721,1.02,0.369422589111,86dd3a804d78ca5d203ebf98747e8f16dff9713ba8950097ceb760b161e19907,Domains_Alloy
1946,-3.32996254874489,-2.658135638882721,1.02,0.369422589111,86dd3a804d78ca5d203ebf98747e8f16dff9713ba8950097ceb760b161e19907,Domains_Alloy
1947,-3.330570697085762,-2.658135638882721,1.02,0.369422589111,86dd3a804d78ca5d203ebf98747e8f16dff9713ba8950097ceb760b161e19907,Domains_Alloy
1948,-3.331178976020621,-2.658135638882721,1.02,0.369422589111,86dd3a804d78ca5d203ebf98747e8f16dff9713ba8950097ceb760b161e19907,Domains_Alloy
1949,-3.331787385484614,-2.658135638882721,1.02,0.369422589111,86dd3a804d78ca5d203ebf98747e8f16dff9713ba8950097ceb760b161e19907,Domains_Alloy
1950,-3.332395925412953,-2.658135638882721,1.02,0.369422589111,86dd3a804d78ca5d203ebf98747e8f16dff9713ba8950097ceb760b161e19907,Domains_Alloy
1951,-3.333004595740911,-2.658135638882721,1.02,0.369422589111,86dd3a804d78ca5d203ebf98747e8f16dff9713ba8950097ceb760b161e19907,Domains_Alloy
1952,-3.333613396403825,-2.658135638882721,1.02,0.369422589111,86dd3a804d78ca5d203ebf98747e8f16dff9713ba8950097ceb760b161e19907,Domains_Alloy
1953,-3.334222327337096,-2.658135638882721,1.02,0.369422589111,86dd3a804d78ca5d203ebf98747e8f16dff9713ba8950097ceb760b161e19907,Domains_Alloy
1954,-3.334831388476186,-2.658135638882721,1.02,0.369422589111,86dd3a804d78ca5d203ebf98747e8f16dff9713ba8950097ceb760b161e19907,Domains_Alloy
1955,-3.335440579756621,-2.658135638882721,1.02,0.369422589111,86dd3a804d78ca5d203ebf98747e8f16dff9713ba8950097ceb760b161e19907,Domains_Alloy
1956,-3.336049901113989,-2.658135638882721,1.02,0.369422589111,86dd3a804d78ca5d203ebf98747e8f16dff9713ba8950097ceb760b161e19907,Domains_Alloy
1957,-3.336659352483941,-2.658135638882721,1.02,0.369422589111,86dd3a804d78ca5d203ebf98747e8f16dff9713ba8950097ceb760b161e19907,Domains_Alloy
1958,-3.337268933802194,-2.658135638882721,1.02,0.369422589111,86dd3a804d78ca5d203ebf98747e8f16dff9713ba8950097ceb760b161e19907,Domains_Alloy
1959,-3.337878645004519,-2.658135638882721,1.02,0.369422589111,86dd3a804d78ca5d203ebf98747e8f16dff9713ba8950097ceb760b161e19907,Domains_Alloy
1960,-3.338488486026757,-2.658135638882721,1.02,0.369422589111,86dd3a804d78ca5d203ebf98747e8f16dff9713ba8950097ceb760b161e19907,Domains_Alloy
1961,-3.33909845680481,-2.658135638882721,1.02,0.369422589111,86dd3a804d78ca5d203ebf98747e8f16dff9713ba8950097ceb760b161e19907,Domains_Alloy
1962,-3.33970855727464,-2.658135638882721,1.02,0.369422589111,86dd3a804d78ca5d203ebf98747e8f16dff9713ba8950097ceb760b161e19907,Domains_Alloy
1963,-3.340318787372273,-2.658135638882721,1.02,0.369422589111,86dd3a804d78ca5d203ebf98747e8f16dff9713ba8950097ceb760b161e19907,Domains_Alloy
1964,-3.340929147033794,-2.658135638882721,1.02,0.369422589111,86dd3a804d78ca5d203ebf98747e8f16dff9713ba8950097ceb760b161e19907,Domains_Alloy
1965,-3.341539636195356,-2.658135638882721,1.02,0.369422589111,86dd3a804d78ca5d203ebf98747e8f16dff9713ba8950097ceb760b161e19907,Domains_Alloy
1966,-3.342150254793166,-2.658135638882721,1.02,0.369422589111,86dd3a804d78ca5d203ebf98747e8f16dff9713ba8950097ceb760b161e19907,Domains_Alloy
1967,-3.342761002763501,-2.658135638882721,1.02,0.369422589111,86dd3a804d78ca5d203ebf98747e8f16dff9713ba8950097ceb760b161e19907,Domains_Alloy
1968,-3.343371880042692,-2.658135638882721,1.02,0.369422589111,86dd3a804d78ca5d203ebf98747e8f16dff9713ba8950097ceb760b161e19907,Domains_Alloy
1969,-3.343982886567137,-2.658135638882721,1.02,0.369422589111,86dd3a804d78ca5d203ebf98747e8f16dff9713ba8950097ceb760b161e19907,Domains_Alloy
1970,-3.344594022273293,-2.658135638882721,1.02,0.369422589111,86dd3a804d78ca5d203ebf98747e8f16dff9713ba8950097ceb760b161e19907,Domains_Alloy
1971,-3.345205287097679,-2.658135638882721,1.02,0.369422589111,86dd3a804d78ca5d203ebf98747e8f16dff9713ba8950097ceb760b161e19907,Domains_Alloy
1972,-3.345816680976875,-2.658135638882721,1.02,0.369422589111,86dd3a804d78ca5d203ebf98747e8f16dff9713ba8950097ceb760b161e19907,Domains_Alloy
1973,-3.346428203847524,-2.658135638882721,1.02,0.369422589111,86dd3a804d78ca5d203ebf98747e8f16dff9713ba8950097ceb760b161e19907,Domains_Alloy
1974,-3.347039855646328,-2.658135638882721,1.02,0.369422589111,86dd3a804d78ca5d203ebf98747e8f16dff9713ba8950097ceb760b161e19907,Domains_Alloy
1975,-3.347651636310051,-2.658135638882721,1.02,0.369422589111,86dd3a804d78ca5d203ebf98747e8f16dff9713ba8950097ceb760b161e19907,Domains_Alloy
1976,-3.348263545775517,-2.658135638882721,1.02,0.369422589111,86dd3a804d78ca5d203ebf98747e8f16dff9713ba8950097ceb760b161e19907,Domains_Alloy
1977,-3.348875583979614,-2.658135638882721,1.02,0.369422589111,86dd3a804d78ca5d203ebf98747e8f16dff9713ba8950097ceb760b161e19907,Domains_Alloy
1978,-3.349487750859286,-2.658135638882721,1.02,0.369422589111,86dd3a804d78ca5d203ebf98747e8f16dff9713ba8950097ceb760b161e19907,Domains_Alloy
1979,-3.350100046351541,-2.658135638882721,1.02,0.369422589111,86dd3a804d78ca5d203ebf98747e8f16dff9713ba8950097ceb760b161e19907,Domains_Alloy
1980,-3.350712470393447,-2.658135638882721,1.02,0.369422589111,86dd3a804d78ca5d203ebf98747e8f16dff9713ba8950097ceb760b161e19907,Domains_Alloy
1981,-3.351325022922133,-2.658135638882721,1.02,0.369422589111,86dd3a804d78ca5d203ebf98747e8f16dff9713ba8950097ceb760b161e19907,Domains_Alloy
1982,-3.351937703874788,-2.658135638882721,1.02,0.369422589111,86dd3a804d78ca5d203ebf98747e8f16dff9713ba8950097ceb760b161e19907,Domains_Alloy
1983,-3.35255051318866,-2.658135638882721,1.02,0.369422589111,86dd3a804d78ca5d203ebf98747e8f16dff9713ba8950097ceb760b161e19907,Domains_Alloy
1984,-3.353163450801061,-2.658135638882721,1.02,0.369422589111,86dd3a804d78ca5d203ebf98747e8f16dff9713ba8950097ceb760b161e19907,Domains_Alloy
1985,-3.353776516649358,-2.658135638882721,1.02,0.369422589111,86dd3a804d78ca5d203ebf98747e8f16dff9713ba8950097ceb760b161e19907,Domains_Alloy
1986,-3.354389710670982,-2.658135638882721,1.02,0.369422589111,86dd3a804d78ca5d203ebf98747e8f16dff9713ba8950097ceb760b161e19907,Domains_Alloy
1987,-3.355003032803423,-2.658135638882721,1.02,0.369422589111,86dd3a804d78ca5d203ebf98747e8f16dff9713ba8950097ceb760b161e19907,Domains_Alloy
1988,-3.355616482984232,-2.658135638882721,1.02,0.369422589111,86dd3a804d78ca5d203ebf98747e8f16dff9713ba8950097ceb760b161e19907,Domains_Alloy
1989,-3.356230061151017,-2.658135638882721,1.02,0.369422589111,86dd3a804d78ca5d203ebf98747e8f16dff9713ba8950097ceb760b161e19907,Domains_Alloy
1990,-3.356843767241449,-2.658135638882721,1.02,0.369422589111,86dd3a804d78ca5d203ebf98747e8f16dff9713ba8950097ceb760b161e19907,Domains_Alloy
1991,-3.357457601193256,-2.658135638882721,1.02,0.369422589111,86dd3a804d78ca5d203ebf98747e8f16dff9713ba8950097ceb760b161e19907,Domains_Alloy
1992,-3.358071562944228,-2.658135638882721,1.02,0.369422589111,86dd3a804d78ca5d203ebf98747e8f16dff9713ba8950097ceb760b161e19907,Domains_Alloy
1993,-3.358685652432214,-2.658135638882721,1.02,0.369422589111,86dd3a804d78ca5d203ebf98747e8f16dff9713ba8950097ceb760b161e19907,Domains_Alloy
1994,-3.359299869595119,-2.658135638882721,1.02,0.369422589111,86dd3a804d78ca5d203ebf98747e8f16dff9713ba8950097ceb760b161e19907,Domains_Alloy
1995,-3.359914214370913,-2.658135638882721,1.02,0.369422589111,86dd3a804d78ca5d203ebf98747e8f16dff9713ba8950097ceb760b161e19907,Domains_Alloy
1996,-3.360528686697622,-2.658135638882721,1.02,0.369422589111,86dd3a804d78ca5d203ebf98747e8f16dff9713ba8950097ceb760b161e19907,Domains_Alloy
1997,-3.361143286513331,-2.658135638882721,1.02,0.369422589111,86dd3a804d78ca5d203ebf98747e8f16dff9713ba8950097ceb760b161e19907,Domains_Alloy
1998,-3.361758013756185,-2.658135638882721,1.02,0.369422589111,86dd3a804d78ca5d203ebf98747e8f16dff9713ba8950097ceb760b161e19907,Domains_Alloy
1999,-3.362372868364388,-2.658135638882721,1.02,0.369422589111,86dd3a804d78ca5d203ebf98747e8f16dff9713ba8950097ceb760b161e19907,Domains_Alloy
2000,-3.362987850276203,-2.658135638882721,1.02,0.369422589111,86dd3a804d78ca5d203ebf98747e8f16dff9713ba8950097ceb760b161e19907,Domains_Alloy
2001,-3.363602959429951,-2.658135638882721,1.02,0.369422589111,86dd3a804d78ca5d203ebf98747e8f16dff9713ba8950097ceb760b161e19907,Domains_Alloy
2002,-3.364218195764013,-2.658135638882721,1.02,0.369422589111,86dd3a804d78ca5d203ebf98747e8f16dff9713ba8950097ceb760b161e19907,Domains_Alloy
2003,-3.364833559216828,-2.658135638882721,1.02,0.369422589111,86dd3a804d78ca5d203ebf98747e8f16dff9713ba8950097ceb760b161e19907,Domains_Alloy
2004,-3.365449049726894,-2.658135638882721,1.02,0.369422589111,86dd3a804d78ca5d203ebf98747e8f16dff9713ba8950097ceb760b161e19907,Domains_Alloy
2005,-3.366064667232767,-2.658135638882721,1.02,0.369422589111,86dd3a804d78ca5d203ebf98747e8f16dff9713ba8950097ceb760b161e19907,Domains_Alloy
2006,-3.366680411673062,-2.658135638882721,1.02,0.369422589111,86dd3a804d78ca5d203ebf98747e8f16dff9713ba8950097ceb760b161e19907,Domains_Alloy
2007,-3.367296282986451,-2.658135638882721,1.02,0.369422589111,86dd3a804d78ca5d203ebf98747e8f16dff9713ba8950097ceb760b161e19907,Domains_Alloy
2008,-3.367912281111667,-2.658135638882721,1.02,0.369422589111,86dd3a804d78ca5d203ebf98747e8f16dff9713ba8950097ceb760b161e19907,Domains_Alloy
2009,-3.368528405987499,-2.658135638882721,1.02,0.369422589111,86dd3a804d78ca5d203ebf98747e8f16dff9713ba8950097ceb760b161e19907,Domains_Alloy
2010,-3.369144657552794,-2.658135638882721,1.02,0.369422589111,86dd3a804d78ca5d203ebf98747e8f16dff9713ba8950097ceb760b161e19907,Domains_Alloy
2011,-3.369761035746459,-2.658135638882721,1.02,0.369422589111,86dd3a804d78ca5d203ebf98747e8f16dff9713ba8950097ceb760b161e19907,Domains_Alloy
2012,-3.370377540507457,-2.658135638882721,1.02,0.369422589111,86dd3a804d78ca5d203ebf98747e8f16dff9713ba8950097ceb760b161e19907,Domains_Alloy
2013,-3.37099417177481,-2.658135638882721,1.02,0.369422589111,86dd3a804d78ca5d203ebf98747e8f16dff9713ba8950097ceb760b161e19907,Domains_Alloy
2014,-3.371610929487597,-2.658135638882721,1.02,0.369422589111,86dd3a804d78ca5d203ebf98747e8f16dff9713ba8950097ceb760b161e19907,Domains_Alloy
2015,-3.372227813584955,-2.658135638882721,1.02,0.369422589111,86dd3a804d78ca5d203ebf98747e8f16dff9713ba8950097ceb760b161e19907,Domains_Alloy
2016,-3.37284482400608,-2.658135638882721,1.02,0.369422589111,86dd3a804d78ca5d203ebf98747e8f16dff9713ba8950097ceb760b161e19907,Domains_Alloy
2017,-3.373461960690223,-2.658135638882721,1.02,0.369422589111,86dd3a804d78ca5d203ebf98747e8f16dff9713ba8950097ceb760b161e19907,Domains_Alloy
2018,-3.374079223576694,-2.658135638882721,1.02,0.369422589111,86dd3a804d78ca5d203ebf98747e8f16dff9713ba8950097ceb760b161e19907,Domains_Alloy
2019,-3.374696612604861,-2.658135638882721,1.02,0.369422589111,86dd3a804d78ca5d203ebf98747e8f16dff9713ba8950097ceb760b161e19907,Domains_Alloy
2020,-3.375314127714148,-2.658135638882721,1.02,0.369422589111,86dd3a804d78ca5d203ebf98747e8f16dff9713ba8950097ceb760b161e19907,Domains_Alloy
2021,-3.375931768844036,-2.658135638882721,1.02,0.369422589111,86dd3a804d78ca5d203ebf98747e8f16dff9713ba8950097ceb760b161e19907,Domains_Alloy
2022,-3.376549535934065,-2.658135638882721,1.02,0.369422589111,86dd3a804d78ca5d203ebf98747e8f16dff9713ba8950097ceb760b161e19907,Domains_Alloy
2023,-3.377167428923831,-2.658135638882721,1.02,0.369422589111,86dd3a804d78ca5d203ebf98747e8f16dff9713ba8950097ceb760b161e19907,Domains_Alloy
2024,-3.377785447752987,-2.658135638882721,1.02,0.369422589111,86dd3a804d78ca5d203ebf98747e8f16dff9713ba8950097ceb760b161e19907,Domains_Alloy
2025,-3.378403592361241,-2.658135638882721,1.02,0.369422589111,86dd3a804d78ca5d203ebf98747e8f16dff9713ba8950097ceb760b161e19907,Domains_Alloy
2026,-3.379021862688363,-2.658135638882721,1.02,0.369422589111,86dd3a804d78ca5d203ebf98747e8f16dff9713ba8950097ceb760b161e19907,Domains_Alloy
2027,-3.379640258674174,-2.658135638882721,1.02,0.369422589111,86dd3a804d78ca5d203ebf98747e8f16dff9713ba8950097ceb760b161e19907,Domains_Alloy
2028,-3.380258780258556,-2.658135638882721,1.02,0.369422589111,86dd3a804d78ca5d203ebf98747e8f16dff9713ba8950097ceb760b161e19907,Domains_Alloy
2029,-3.380877427381444,-2.658135638882721,1.02,0.369422589111,86dd3a804d78ca5d203ebf98747e8f16dff9713ba8950097ceb760b161e19907,Domains_Alloy
2030,-3.381496199982833,-2.658135638882721,1.02,0.369422589111,86dd3a804d78ca5d203ebf98747e8f16dff9713ba8950097ceb760b161e19907,Domains_Alloy
2031,-3.382115098002771,-2.658135638882721,1.02,0.369422589111,86dd3a804d78ca5d203ebf98747e8f16dff9713ba8950097ceb760b161e19907,Domains_Alloy
2032,-3.382734121381366,-2.658135638882721,1.02,0.369422589111,86dd3a804d78ca5d203ebf98747e8f16dff9713ba8950097ceb760b161e19907,Domains_Alloy
2033,-3.38335327005878,-2.658135638882721,1.02,0.369422589111,86dd3a804d78ca5d203ebf98747e8f16dff9713ba8950097ceb760b161e19907,Domains_Alloy
2034,-3.383972543975231,-2.658135638882721,1.02,0.369422589111,86dd3a804d78ca5d203ebf98747e8f16dff9713ba8950097ceb760b161e19907,Domains_Alloy
2035,-3.384591943070994,-2.658135638882721,1.02,0.369422589111,86dd3a804d78ca5d203ebf98747e8f16dff9713ba8950097ceb760b161e19907,Domains_Alloy
2036,-3.385211467286399,-2.658135638882721,1.02,0.369422589111,86dd3a804d78ca5d203ebf98747e8f16dff9713ba8950097ceb760b161e19907,Domains_Alloy
2037,-3.385831116561834,-2.658135638882721,1.02,0.369422589111,86dd3a804d78ca5d203ebf98747e8f16dff9713ba8950097ceb760b161e19907,Domains_Alloy
2038,-3.386450890837743,-2.658135638882721,1.02,0.369422589111,86dd3a804d78ca5d203ebf98747e8f16dff9713ba8950097ceb760b161e19907,Domains_Alloy
2039,-3.387070790054622,-2.658135638882721,1.02,0.369422589111,86dd3a804d78ca5d203ebf98747e8f16dff9713ba8950097ceb760b161e19907,Domains_Alloy
2040,-3.387690814153026,-2.658135638882721,1.02,0.369422589111,86dd3a804d78ca5d203ebf98747e8f16dff9713ba8950097ceb760b161e19907,Domains_Alloy
2041,-3.388310963073565,-2.658135638882721,1.02,0.369422589111,86dd3a804d78ca5d203ebf98747e8f16dff9713ba8950097ceb760b161e19907,Domains_Alloy
2042,-3.388931236756906,-2.658135638882721,1.02,0.369422589111,86dd3a804d78ca5d203ebf98747e8f16dff9713ba8950097ceb760b161e19907,Domains_Alloy
2043,-3.389551635143768,-2.658135638882721,1.02,0.369422589111,86dd3a804d78ca5d203ebf98747e8f16dff9713ba8950097ceb760b161e19907,Domains_Alloy
2044,-3.390172158174928,-2.658135638882721,1.02,0.369422589111,86dd3a804d78ca5d203ebf98747e8f16dff9713ba8950097ceb760b161e19907,Domains_Alloy
2045,-3.390792805791219,-2.658135638882721,1.02,0.369422589111,86dd3a804d78ca5d203ebf98747e8f16dff9713ba8950097ceb760b161e19907,Domains_Alloy
2046,-3.391413577933528,-2.658135638882721,1.02,0.369422589111,86dd3a804d78ca5d203ebf98747e8f16dff9713ba8950097ceb760b161e19907,Domains_Alloy
2047,-3.392034474542796,-2.658135638882721,1.02,0.369422589111,86dd3a804d78ca5d203ebf98747e8f16dff9713ba8950097ceb760b161e19907,Domains_Alloy
2048,-3.392655495560022,-2.658135638882721,1.02,0.369422589111,86dd3a804d78ca5d203ebf98747e8f16dff9713ba8950097ceb760b161e19907,Domains_Alloy
2049,-3.393276640926257,-2.658135638882721,1.02,0.369422589111,86dd3a804d78ca5d203ebf98747e8f16dff9713ba8950097ceb760b161e19907,Domains_Alloy
2050,-3.39389791058261,-2.658135638882721,1.02,0.369422589111,86dd3a804d78ca5d203ebf98747e8f16dff9713ba8950097ceb760b161e19907,Domains_Alloy
2051,-3.394519304470243,-2.658135638882721,1.02,0.369422589111,86dd3a804d78ca5d203ebf98747e8f16dff9713ba8950097ceb760b161e19907,Domains_Alloy
2052,-3.395140822530373,-2.658135638882721,1.02,0.369422589111,86dd3a804d78ca5d203ebf98747e8f16dff9713ba8950097ceb760b161e19907,Domains_Alloy
2053,-3.395762464704272,-2.658135638882721,1.02,0.369422589111,86dd3a804d78ca5d203ebf98747e8f16dff9713ba8950097ceb760b161e19907,Domains_Alloy
2054,-3.396384230933267,-2.658135638882721,1.02,0.369422589111,86dd3a804d78ca5d203ebf98747e8f16dff9713ba8950097ceb760b161e19907,Domains_Alloy
2055,-3.39700612115874,-2.658135638882721,1.02,0.369422589111,86dd3a804d78ca5d203ebf98747e8f16dff9713ba8950097ceb760b161e19907,Domains_Alloy
2056,-3.397628135322127,-2.658135638882721,1.02,0.369422589111,86dd3a804d78ca5d203ebf98747e8f16dff9713ba8950097ceb760b161e19907,Domains_Alloy
2057,-3.398250273364916,-2.658135638882721,1.02,0.369422589111,86dd3a804d78ca5d203ebf98747e8f16dff9713ba8950097ceb760b161e19907,Domains_Alloy
2058,-3.398872535228654,-2.658135638882721,1.02,0.369422589111,86dd3a804d78ca5d203ebf98747e8f16dff9713ba8950097ceb760b161e19907,Domains_Alloy
2059,-3.399494920854939,-2.658135638882721,1.02,0.369422589111,86dd3a804d78ca5d203ebf98747e8f16dff9713ba8950097ceb760b161e19907,Domains_Alloy
2060,-3.400117430185424,-2.658135638882721,1.02,0.369422589111,86dd3a804d78ca5d203ebf98747e8f16dff9713ba8950097ceb760b161e19907,Domains_Alloy
2061,-3.400740063161818,-2.658135638882721,1.02,0.369422589111,86dd3a804d78ca5d203ebf98747e8f16dff9713ba8950097ceb760b161e19907,Domains_Alloy
2062,-3.401362819725881,-2.658135638882721,1.02,0.369422589111,86dd3a804d78ca5d203ebf98747e8f16dff9713ba8950097ceb760b161e19907,Domains_Alloy
2063,-3.401985699819428,-2.658135638882721,1.02,0.369422589111,86dd3a804d78ca5d203ebf98747e8f16dff9713ba8950097ceb760b161e19907,Domains_Alloy
2064,-3.40260870338433,-2.658135638882721,1.02,0.369422589111,86dd3a804d78ca5d203ebf98747e8f16dff9713ba8950097ceb760b161e19907,Domains_Alloy
2065,-3.40323183036251,-2.658135638882721,1.02,0.369422589111,86dd3a804d78ca5d203ebf98747e8f16dff9713ba8950097ceb760b161e19907,Domains_Alloy
2066,-3.403855080695943,-2.658135638882721,1.02,0.369422589111,86dd3a804d78ca5d203ebf98747e8f16dff9713ba8950097ceb760b161e19907,Domains_Alloy
2067,-3.404478454326663,-2.658135638882721,1.02,0.369422589111,86dd3a804d78ca5d203ebf98747e8f16dff9713ba8950097ceb760b161e19907,Domains_Alloy
2068,-3.405101951196753,-2.658135638882721,1.02,0.369422589111,86dd3a804d78ca5d203ebf98747e8f16dff9713ba8950097ceb760b161e19907,Domains_Alloy
2069,-3.405725571248351,-2.658135638882721,1.02,0.369422589111,86dd3a804d78ca5d203ebf98747e8f16dff9713ba8950097ceb760b161e19907,Domains_Alloy
2070,-3.406349314423647,-2.658135638882721,1.02,0.369422589111,86dd3a804d78ca5d203ebf98747e8f16dff9713ba8950097ceb760b161e19907,Domains_Alloy
2071,-3.406973180664888,-2.658135638882721,1.02,0.369422589111,86dd3a804d78ca5d203ebf98747e8f16dff9713ba8950097ceb760b161e19907,Domains_Alloy
2072,-3.407597169914372,-2.658135638882721,1.02,0.369422589111,86dd3a804d78ca5d203ebf98747e8f16dff9713ba8950097ceb760b161e19907,Domains_Alloy
2073,-3.40822128211445,-2.658135638882721,1.02,0.369422589111,86dd3a804d78ca5d203ebf98747e8f16dff9713ba8950097ceb760b161e19907,Domains_Alloy
2074,-3.408845517207527,-2.658135638882721,1.02,0.369422589111,86dd3a804d78ca5d203ebf98747e8f16dff9713ba8950097ceb760b161e19907,Domains_Alloy
2075,-3.409469875136061,-2.658135638882721,1.02,0.369422589111,86dd3a804d78ca5d203ebf98747e8f16dff9713ba8950097ceb760b161e19907,Domains_Alloy
2076,-3.410094355842562,-2.658135638882721,1.02,0.369422589111,86dd3a804d78ca5d203ebf98747e8f16dff9713ba8950097ceb760b161e19907,Domains_Alloy
2077,-3.410718959269595,-2.658135638882721,1.02,0.369422589111,86dd3a804d78ca5d203ebf98747e8f16dff9713ba8950097ceb760b161e19907,Domains_Alloy
2078,-3.411343685359777,-2.658135638882721,1.02,0.369422589111,86dd3a804d78ca5d203ebf98747e8f16dff9713ba8950097ceb760b161e19907,Domains_Alloy
2079,-3.411968534055776,-2.658135638882721,1.02,0.369422589111,86dd3a804d78ca5d203ebf98747e8f16dff9713ba8950097ceb760b161e19907,Domains_Alloy
2080,-3.412593505300317,-2.658135638882721,1.02,0.369422589111,86dd3a804d78ca5d203ebf98747e8f16dff9713ba8950097ceb760b161e19907,Domains_Alloy
2081,-3.413218599036174,-2.658135638882721,1.02,0.369422589111,86dd3a804d78ca5d203ebf98747e8f16dff9713ba8950097ceb760b161e19907,Domains_Alloy
2082,-3.413843815206174,-2.658135638882721,1.02,0.369422589111,86dd3a804d78ca5d203ebf98747e8f16dff9713ba8950097ceb760b161e19907,Domains_Alloy
2083,-3.414469153753198,-2.658135638882721,1.02,0.369422589111,86dd3a804d78ca5d203ebf98747e8f16dff9713ba8950097ceb760b161e19907,Domains_Alloy
2084,-3.415094614620178,-2.658135638882721,1.02,0.369422589111,86dd3a804d78ca5d203ebf98747e8f16dff9713ba8950097ceb760b161e19907,Domains_Alloy
2085,-3.415720197750101,-2.658135638882721,1.02,0.369422589111,86dd3a804d78ca5d203ebf98747e8f16dff9713ba8950097ceb760b161e19907,Domains_Alloy
2086,-3.416345903086003,-2.658135638882721,1.02,0.369422589111,86dd3a804d78ca5d203ebf98747e8f16dff9713ba8950097ceb760b161e19907,Domains_Alloy
2087,-3.416971730570975,-2.658135638882721,1.02,0.369422589111,86dd3a804d78ca5d203ebf98747e8f16dff9713ba8950097ceb760b161e19907,Domains_Alloy
2088,-3.417597680148158,-2.658135638882721,1.02,0.369422589111,86dd3a804d78ca5d203ebf98747e8f16dff9713ba8950097ceb760b161e19907,Domains_Alloy
2089,-3.418223751760747,-2.658135638882721,1.02,0.369422589111,86dd3a804d78ca5d203ebf98747e8f16dff9713ba8950097ceb760b161e19907,Domains_Alloy
2090,-3.418849945351988,-2.658135638882721,1.02,0.369422589111,86dd3a804d78ca5d203ebf98747e8f16dff9713ba8950097ceb760b161e19907,Domains_Alloy
2091,-3.41947626086518,-2.658135638882721,1.02,0.369422589111,86dd3a804d78ca5d203ebf98747e8f16dff9713ba8950097ceb760b161e19907,Domains_Alloy
2092,-3.420102698243671,-2.658135638882721,1.02,0.369422589111,86dd3a804d78ca5d203ebf98747e8f16dff9713ba8950097ceb760b161e19907,Domains_Alloy
2093,-3.420729257430866,-2.658135638882721,1.02,0.369422589111,86dd3a804d78ca5d203ebf98747e8f16dff9713ba8950097ceb760b161e19907,Domains_Alloy
2094,-3.421355938370216,-2.658135638882721,1.02,0.369422589111,86dd3a804d78ca5d203ebf98747e8f16dff9713ba8950097ceb760b161e19907,Domains_Alloy
2095,-3.421982741005228,-2.658135638882721,1.02,0.369422589111,86dd3a804d78ca5d203ebf98747e8f16dff9713ba8950097ceb760b161e19907,Domains_Alloy
2096,-3.422609665279458,-2.658135638882721,1.02,0.369422589111,86dd3a804d78ca5d203ebf98747e8f16dff9713ba8950097ceb760b161e19907,Domains_Alloy
2097,-3.423236711136517,-2.658135638882721,1.02,0.369422589111,86dd3a804d78ca5d203ebf98747e8f16dff9713ba8950097ceb760b161e19907,Domains_Alloy
2098,-3.423863878520062,-2.658135638882721,1.02,0.369422589111,86dd3a804d78ca5d203ebf98747e8f16dff9713ba8950097ceb760b161e19907,Domains_Alloy
2099,-3.424491167373807,-2.658135638882721,1.02,0.369422589111,86dd3a804d78ca5d203ebf98747e8f16dff9713ba8950097ceb760b161e19907,Domains_Alloy
2100,-3.425118577641515,-2.658135638882721,1.02,0.369422589111,86dd3a804d78ca5d203ebf98747e8f16dff9713ba8950097ceb760b161e19907,Domains_Alloy
2101,-3.425746109266999,-2.658135638882721,1.02,0.369422589111,86dd3a804d78ca5d203ebf98747e8f16dff9713ba8950097ceb760b161e19907,Domains_Alloy
2102,-3.426373762194125,-2.658135638882721,1.02,0.369422589111,86dd3a804d78ca5d203ebf98747e8f16dff9713ba8950097ceb760b161e19907,Domains_Alloy
2103,-3.427001536366811,-2.658135638882721,1.02,0.369422589111,86dd3a804d78ca5d203ebf98747e8f16dff9713ba8950097ceb760b161e19907,Domains_Alloy
2104,-3.427629431729022,-2.658135638882721,1.02,0.369422589111,86dd3a804d78ca5d203ebf98747e8f16dff9713ba8950097ceb760b161e19907,Domains_Alloy
2105,-3.428257448224779,-2.658135638882721,1.02,0.369422589111,86dd3a804d78ca5d203ebf98747e8f16dff9713ba8950097ceb760b161e19907,Domains_Alloy
2106,-3.428885585798151,-2.658135638882721,1.02,0.369422589111,86dd3a804d78ca5d203ebf98747e8f16dff9713ba8950097ceb760b161e19907,Domains_Alloy
2107,-3.429513844393258,-2.658135638882721,1.02,0.369422589111,86dd3a804d78ca5d203ebf98747e8f16dff9713ba8950097ceb760b161e19907,Domains_Alloy
2108,-3.430142223954272,-2.658135638882721,1.02,0.369422589111,86dd3a804d78ca5d203ebf98747e8f16dff9713ba8950097ceb760b161e19907,Domains_Alloy
2109,-3.430770724425416,-2.658135638882721,1.02,0.369422589111,86dd3a804d78ca5d203ebf98747e8f16dff9713ba8950097ceb760b161e19907,Domains_Alloy
2110,-3.431399345750962,-2.658135638882721,1.02,0.369422589111,86dd3a804d78ca5d203ebf98747e8f16dff9713ba8950097ceb760b161e19907,Domains_Alloy
2111,-3.432028087875232,-2.658135638882721,1.02,0.369422589111,86dd3a804d78ca5d203ebf98747e8f16dff9713ba8950097ceb760b161e19907,Domains_Alloy
2112,-3.432656950742602,-2.658135638882721,1.02,0.369422589111,86dd3a804d78ca5d203ebf98747e8f16dff9713ba8950097ceb760b161e19907,Domains_Alloy
2113,-3.433285934297496,-2.658135638882721,1.02,0.369422589111,86dd3a804d78ca5d203ebf98747e8f16dff9713ba8950097ceb760b161e19907,Domains_Alloy
2114,-3.433915038484389,-2.658135638882721,1.02,0.369422589111,86dd3a804d78ca5d203ebf98747e8f16dff9713ba8950097ceb760b161e19907,Domains_Alloy
2115,-3.434544263247806,-2.658135638882721,1.02,0.369422589111,86dd3a804d78ca5d203ebf98747e8f16dff9713ba8950097ceb760b161e19907,Domains_Alloy
2116,-3.435173608532322,-2.658135638882721,1.02,0.369422589111,86dd3a804d78ca5d203ebf98747e8f16dff9713ba8950097ceb760b161e19907,Domains_Alloy
2117,-3.435803074282562,-2.658135638882721,1.02,0.369422589111,86dd3a804d78ca5d203ebf98747e8f16dff9713ba8950097ceb760b161e19907,Domains_Alloy
2118,-3.436432660443203,-2.658135638882721,1.02,0.369422589111,86dd3a804d78ca5d203ebf98747e8f16dff9713ba8950097ceb760b161e19907,Domains_Alloy
2119,-3.437062366958971,-2.658135638882721,1.02,0.369422589111,86dd3a804d78ca5d203ebf98747e8f16dff9713ba8950097ceb760b161e19907,Domains_Alloy
2120,-3.437692193774641,-2.658135638882721,1.02,0.369422589111,86dd3a804d78ca5d203ebf98747e8f16dff9713ba8950097ceb760b161e19907,Domains_Alloy
2121,-3.438322140835039,-2.658135638882721,1.02,0.369422589111,86dd3a804d78ca5d203ebf98747e8f16dff9713ba8950097ceb760b161e19907,Domains_Alloy
2122,-3.438952208085042,-2.658135638882721,1.02,0.369422589111,86dd3a804d78ca5d203ebf98747e8f16dff9713ba8950097ceb760b161e19907,Domains_Alloy
2123,-3.439582395469573,-2.658135638882721,1.02,0.369422589111,86dd3a804d78ca5d203ebf98747e8f16dff9713ba8950097ceb760b161e19907,Domains_Alloy
2124,-3.440212702933608,-2.658135638882721,1.02,0.369422589111,86dd3a804d78ca5d203ebf98747e8f16dff9713ba8950097ceb760b161e19907,Domains_Alloy
2125,-3.440843130422174,-2.658135638882721,1.02,0.369422589111,86dd3a804d78ca5d203ebf98747e8f16dff9713ba8950097ceb760b161e19907,Domains_Alloy
2126,-3.441473677880342,-2.658135638882721,1.02,0.369422589111,86dd3a804d78ca5d203ebf98747e8f16dff9713ba8950097ceb760b161e19907,Domains_Alloy
2127,-3.442104345253238,-2.658135638882721,1.02,0.369422589111,86dd3a804d78ca5d203ebf98747e8f16dff9713ba8950097ceb760b161e19907,Domains_Alloy
2128,-3.442735132486036,-2.658135638882721,1.02,0.369422589111,86dd3a804d78ca5d203ebf98747e8f16dff9713ba8950097ceb760b161e19907,Domains_Alloy
2129,-3.443366039523957,-2.658135638882721,1.02,0.369422589111,86dd3a804d78ca5d203ebf98747e8f16dff9713ba8950097ceb760b161e19907,Domains_Alloy
2130,-3.443997066312275,-2.658135638882721,1.02,0.369422589111,86dd3a804d78ca5d203ebf98747e8f16dff9713ba8950097ceb760b161e19907,Domains_Alloy
2131,-3.44462821279631,-2.658135638882721,1.02,0.369422589111,86dd3a804d78ca5d203ebf98747e8f16dff9713ba8950097ceb760b161e19907,Domains_Alloy
2132,-3.445259478921433,-2.658135638882721,1.02,0.369422589111,86dd3a804d78ca5d203ebf98747e8f16dff9713ba8950097ceb760b161e19907,Domains_Alloy
2133,-3.445890864633065,-2.658135638882721,1.02,0.369422589111,86dd3a804d78ca5d203ebf98747e8f16dff9713ba8950097ceb760b161e19907,Domains_Alloy
2134,-3.446522369876673,-2.658135638882721,1.02,0.369422589111,86dd3a804d78ca5d203ebf98747e8f16dff9713ba8950097ceb760b161e19907,Domains_Alloy
2135,-3.447153994597777,-2.658135638882721,1.02,0.369422589111,86dd3a804d78ca5d203ebf98747e8f16dff9713ba8950097ceb760b161e19907,Domains_Alloy
2136,-3.447785738741942,-2.658135638882721,1.02,0.369422589111,86dd3a804d78ca5d203ebf98747e8f16dff9713ba8950097ceb760b161e19907,Domains_Alloy
2137,-3.448417602254785,-2.658135638882721,1.02,0.369422589111,86dd3a804d78ca5d203ebf98747e8f16dff9713ba8950097ceb760b161e19907,Domains_Alloy
2138,-3.449049585081969,-2.658135638882721,1.02,0.369422589111,86dd3a804d78ca5d203ebf98747e8f16dff9713ba8950097ceb760b161e19907,Domains_Alloy
2139,-3.449681687169209,-2.658135638882721,1.02,0.369422589111,86dd3a804d78ca5d203ebf98747e8f16dff9713ba8950097ceb760b161e19907,Domains_Alloy
2140,-3.450313908462267,-2.658135638882721,1.02,0.369422589111,86dd3a804d78ca5d203ebf98747e8f16dff9713ba8950097ceb760b161e19907,Domains_Alloy
2141,-3.450946248906951,-2.658135638882721,1.02,0.369422589111,86dd3a804d78ca5d203ebf98747e8f16dff9713ba8950097ceb760b161e19907,Domains_Alloy
2142,-3.451578708449124,-2.658135638882721,1.02,0.369422589111,86dd3a804d78ca5d203ebf98747e8f16dff9713ba8950097ceb760b161e19907,Domains_Alloy
2143,-3.45221128703469,-2.658135638882721,1.02,0.369422589111,86dd3a804d78ca5d203ebf98747e8f16dff9713ba8950097ceb760b161e19907,Domains_Alloy
2144,-3.452843984609607,-2.658135638882721,1.02,0.369422589111,86dd3a804d78ca5d203ebf98747e8f16dff9713ba8950097ceb760b161e19907,Domains_Alloy
2145,-3.453476801119879,-2.658135638882721,1.02,0.369422589111,86dd3a804d78ca5d203ebf98747e8f16dff9713ba8950097ceb760b161e19907,Domains_Alloy
2146,-3.45410973651156,-2.658135638882721,1.02,0.369422589111,86dd3a804d78ca5d203ebf98747e8f16dff9713ba8950097ceb760b161e19907,Domains_Alloy
2147,-3.454742790730748,-2.658135638882721,1.02,0.369422589111,86dd3a804d78ca5d203ebf98747e8f16dff9713ba8950097ceb760b161e19907,Domains_Alloy
2148,-3.455375963723596,-2.658135638882721,1.02,0.369422589111,86dd3a804d78ca5d203ebf98747e8f16dff9713ba8950097ceb760b161e19907,Domains_Alloy
2149,-3.456009255436298,-2.658135638882721,1.02,0.369422589111,86dd3a804d78ca5d203ebf98747e8f16dff9713ba8950097ceb760b161e19907,Domains_Alloy
2150,-3.456642665815101,-2.658135638882721,1.02,0.369422589111,86dd3a804d78ca5d203ebf98747e8f16dff9713ba8950097ceb760b161e19907,Domains_Alloy
2151,-3.457276194806298,-2.658135638882721,1.02,0.369422589111,86dd3a804d78ca5d203ebf98747e8f16dff9713ba8950097ceb760b161e19907,Domains_Alloy
2152,-3.457909842356229,-2.658135638882721,1.02,0.369422589111,86dd3a804d78ca5d203ebf98747e8f16dff9713ba8950097ceb760b161e19907,Domains_Alloy
2153,-3.458543608411285,-2.658135638882721,1.02,0.369422589111,86dd3a804d78ca5d203ebf98747e8f16dff9713ba8950097ceb760b161e19907,Domains_Alloy
2154,-3.459177492917902,-2.658135638882721,1.02,0.369422589111,86dd3a804d78ca5d203ebf98747e8f16dff9713ba8950097ceb760b161e19907,Domains_Alloy
2155,-3.459811495822564,-2.658135638882721,1.02,0.369422589111,86dd3a804d78ca5d203ebf98747e8f16dff9713ba8950097ceb760b161e19907,Domains_Alloy
2156,-3.460445617071804,-2.658135638882721,1.02,0.369422589111,86dd3a804d78ca5d203ebf98747e8f16dff9713ba8950097ceb760b161e19907,Domains_Alloy
2157,-3.461079856612201,-2.658135638882721,1.02,0.369422589111,86dd3a804d78ca5d203ebf98747e8f16dff9713ba8950097ceb760b161e19907,Domains_Alloy
2158,-3.461714214390385,-2.658135638882721,1.02,0.369422589111,86dd3a804d78ca5d203ebf98747e8f16dff9713ba8950097ceb760b161e19907,Domains_Alloy
2159,-3.462348690353027,-2.658135638882721,1.02,0.369422589111,86dd3a804d78ca5d203ebf98747e8f16dff9713ba8950097ceb760b161e19907,Domains_Alloy
2160,-3.462983284446852,-2.658135638882721,1.02,0.369422589111,86dd3a804d78ca5d203ebf98747e8f16dff9713ba8950097ceb760b161e19907,Domains_Alloy
2161,-3.463617996618628,-2.658135638882721,1.02,0.369422589111,86dd3a804d78ca5d203ebf98747e8f16dff9713ba8950097ceb760b161e19907,Domains_Alloy
2162,-3.464252826815174,-2.658135638882721,1.02,0.369422589111,86dd3a804d78ca5d203ebf98747e8f16dff9713ba8950097ceb760b161e19907,Domains_Alloy
2163,-3.464887774983352,-2.658135638882721,1.02,0.369422589111,86dd3a804d78ca5d203ebf98747e8f16dff9713ba8950097ceb760b161e19907,Domains_Alloy
2164,-3.465522841070074,-2.658135638882721,1.02,0.369422589111,86dd3a804d78ca5d203ebf98747e8f16dff9713ba8950097ceb760b161e19907,Domains_Alloy
2165,-3.4661580250223,-2.658135638882721,1.02,0.369422589111,86dd3a804d78ca5d203ebf98747e8f16dff9713ba8950097ceb760b161e19907,Domains_Alloy
2166,-3.466793326787033,-2.658135638882721,1.02,0.369422589111,86dd3a804d78ca5d203ebf98747e8f16dff9713ba8950097ceb760b161e19907,Domains_Alloy
2167,-3.467428746311326,-2.658135638882721,1.02,0.369422589111,86dd3a804d78ca5d203ebf98747e8f16dff9713ba8950097ceb760b161e19907,Domains_Alloy
2168,-3.46806428354228,-2.658135638882721,1.02,0.369422589111,86dd3a804d78ca5d203ebf98747e8f16dff9713ba8950097ceb760b161e19907,Domains_Alloy
2169,-3.468699938427041,-2.658135638882721,1.02,0.369422589111,86dd3a804d78ca5d203ebf98747e8f16dff9713ba8950097ceb760b161e19907,Domains_Alloy
2170,-3.469335710912801,-2.658135638882721,1.02,0.369422589111,86dd3a804d78ca5d203ebf98747e8f16dff9713ba8950097ceb760b161e19907,Domains_Alloy
2171,-3.4699716009468,-2.658135638882721,1.02,0.369422589111,86dd3a804d78ca5d203ebf98747e8f16dff9713ba8950097ceb760b161e19907,Domains_Alloy
2172,-3.470607608476324,-2.658135638882721,1.02,0.369422589111,86dd3a804d78ca5d203ebf98747e8f16dff9713ba8950097ceb760b161e19907,Domains_Alloy
2173,-3.471243733448707,-2.658135638882721,1.02,0.369422589111,86dd3a804d78ca5d203ebf98747e8f16dff9713ba8950097ceb760b161e19907,Domains_Alloy
2174,-3.471879975811329,-2.658135638882721,1.02,0.369422589111,86dd3a804d78ca5d203ebf98747e8f16dff9713ba8950097ceb760b161e19907,Domains_Alloy
2175,-3.472516335511615,-2.658135638882721,1.02,0.369422589111,86dd3a804d78ca5d203ebf98747e8f16dff9713ba8950097ceb760b161e19907,Domains_Alloy
2176,-3.473152812497037,-2.658135638882721,1.02,0.369422589111,86dd3a804d78ca5d203ebf98747e8f16dff9713ba8950097ceb760b161e19907,Domains_Alloy
2177,-3.473789406715116,-2.658135638882721,1.02,0.369422589111,86dd3a804d78ca5d203ebf98747e8f16dff9713ba8950097ceb760b161e19907,Domains_Alloy
2178,-3.474426118113416,-2.658135638882721,1.02,0.369422589111,86dd3a804d78ca5d203ebf98747e8f16dff9713ba8950097ceb760b161e19907,Domains_Alloy
2179,-3.475062946639549,-2.658135638882721,1.02,0.369422589111,86dd3a804d78ca5d203ebf98747e8f16dff9713ba8950097ceb760b161e19907,Domains_Alloy
2180,-3.475699892241172,-2.658135638882721,1.02,0.369422589111,86dd3a804d78ca5d203ebf98747e8f16dff9713ba8950097ceb760b161e19907,Domains_Alloy
2181,-3.47633695486599,-2.658135638882721,1.02,0.369422589111,86dd3a804d78ca5d203ebf98747e8f16dff9713ba8950097ceb760b161e19907,Domains_Alloy
2182,-3.476974134461751,-2.658135638882721,1.02,0.369422589111,86dd3a804d78ca5d203ebf98747e8f16dff9713ba8950097ceb760b161e19907,Domains_Alloy
2183,-3.477611430976252,-2.658135638882721,1.02,0.369422589111,86dd3a804d78ca5d203ebf98747e8f16dff9713ba8950097ceb760b161e19907,Domains_Alloy
2184,-3.478248844357335,-2.658135638882721,1.02,0.369422589111,86dd3a804d78ca5d203ebf98747e8f16dff9713ba8950097ceb760b161e19907,Domains_Alloy
2185,-3.478886374552887,-2.658135638882721,1.02,0.369422589111,86dd3a804d78ca5d203ebf98747e8f16dff9713ba8950097ceb760b161e19907,Domains_Alloy
2186,-3.479524021510843,-2.658135638882721,1.02,0.369422589111,86dd3a804d78ca5d203ebf98747e8f16dff9713ba8950097ceb760b161e19907,Domains_Alloy
2187,-3.480161785179181,-2.658135638882721,1.02,0.369422589111,86dd3a804d78ca5d203ebf98747e8f16dff9713ba8950097ceb760b161e19907,Domains_Alloy
2188,-3.480799665505926,-2.658135638882721,1.02,0.369422589111,86dd3a804d78ca5d203ebf98747e8f16dff9713ba8950097ceb760b161e19907,Domains_Alloy
2189,-3.481437662439149,-2.658135638882721,1.02,0.369422589111,86dd3a804d78ca5d203ebf98747e8f16dff9713ba8950097ceb760b161e19907,Domains_Alloy
2190,-3.482075775926967,-2.658135638882721,1.02,0.369422589111,86dd3a804d78ca5d203ebf98747e8f16dff9713ba8950097ceb760b161e19907,Domains_Alloy
2191,-3.482714005917541,-2.658135638882721,1.02,0.369422589111,86dd3a804d78ca5d203ebf98747e8f16dff9713ba8950097ceb760b161e19907,Domains_Alloy
2192,-3.48335235235908,-2.658135638882721,1.02,0.369422589111,86dd3a804d78ca5d203ebf98747e8f16dff9713ba8950097ceb760b161e19907,Domains_Alloy
2193,-3.483990815199834,-2.658135638882721,1.02,0.369422589111,86dd3a804d78ca5d203ebf98747e8f16dff9713ba8950097ceb760b161e19907,Domains_Alloy
2194,-3.484629394388102,-2.658135638882721,1.02,0.369422589111,86dd3a804d78ca5d203ebf98747e8f16dff9713ba8950097ceb760b161e19907,Domains_Alloy
2195,-3.485268089872229,-2.658135638882721,1.02,0.369422589111,86dd3a804d78ca5d203ebf98747e8f16dff9713ba8950097ceb760b161e19907,Domains_Alloy
2196,-3.485906901600602,-2.658135638882721,1.02,0.369422589111,86dd3a804d78ca5d203ebf98747e8f16dff9713ba8950097ceb760b161e19907,Domains_Alloy
2197,-3.486545829521654,-2.658135638882721,1.02,0.369422589111,86dd3a804d78ca5d203ebf98747e8f16dff9713ba8950097ceb760b161e19907,Domains_Alloy
2198,-3.487184873583866,-2.658135638882721,1.02,0.369422589111,86dd3a804d78ca5d203ebf98747e8f16dff9713ba8950097ceb760b161e19907,Domains_Alloy
2199,-3.487824033735762,-2.658135638882721,1.02,0.369422589111,86dd3a804d78ca5d203ebf98747e8f16dff9713ba8950097ceb760b161e19907,Domains_Alloy
2200,-3.488463309925908,-2.658135638882721,1.02,0.369422589111,86dd3a804d78ca5d203ebf98747e8f16dff9713ba8950097ceb760b161e19907,Domains_Alloy
2201,-3.489102702102922,-2.658135638882721,1.02,0.369422589111,86dd3a804d78ca5d203ebf98747e8f16dff9713ba8950097ceb760b161e19907,Domains_Alloy
2202,-3.48974221021546,-2.658135638882721,1.02,0.369422589111,86dd3a804d78ca5d203ebf98747e8f16dff9713ba8950097ceb760b161e19907,Domains_Alloy
2203,-3.490381834212227,-2.658135638882721,1.02,0.369422589111,86dd3a804d78ca5d203ebf98747e8f16dff9713ba8950097ceb760b161e19907,Domains_Alloy
2204,-3.49102157404197,-2.658135638882721,1.02,0.369422589111,86dd3a804d78ca5d203ebf98747e8f16dff9713ba8950097ceb760b161e19907,Domains_Alloy
2205,-3.491661429653484,-2.658135638882721,1.02,0.369422589111,86dd3a804d78ca5d203ebf98747e8f16dff9713ba8950097ceb760b161e19907,Domains_Alloy
2206,-3.492301400995605,-2.658135638882721,1.02,0.369422589111,86dd3a804d78ca5d203ebf98747e8f16dff9713ba8950097ceb760b161e19907,Domains_Alloy
2207,-3.492941488017216,-2.658135638882721,1.02,0.369422589111,86dd3a804d78ca5d203ebf98747e8f16dff9713ba8950097ceb760b161e19907,Domains_Alloy
2208,-3.493581690667246,-2.658135638882721,1.02,0.369422589111,86dd3a804d78ca5d203ebf98747e8f16dff9713ba8950097ceb760b161e19907,Domains_Alloy
2209,-3.494222008894663,-2.658135638882721,1.02,0.369422589111,86dd3a804d78ca5d203ebf98747e8f16dff9713ba8950097ceb760b161e19907,Domains_Alloy
2210,-3.494862442648486,-2.658135638882721,1.02,0.369422589111,86dd3a804d78ca5d203ebf98747e8f16dff9713ba8950097ceb760b161e19907,Domains_Alloy
2211,-3.495502991877773,-2.658135638882721,1.02,0.369422589111,86dd3a804d78ca5d203ebf98747e8f16dff9713ba8950097ceb760b161e19907,Domains_Alloy
2212,-3.496143656531629,-2.658135638882721,1.02,0.369422589111,86dd3a804d78ca5d203ebf98747e8f16dff9713ba8950097ceb760b161e19907,Domains_Alloy
2213,-3.496784436559204,-2.658135638882721,1.02,0.369422589111,86dd3a804d78ca5d203ebf98747e8f16dff9713ba8950097ceb760b161e19907,Domains_Alloy
2214,-3.49742533190969,-2.658135638882721,1.02,0.369422589111,86dd3a804d78ca5d203ebf98747e8f16dff9713ba8950097ceb760b161e19907,Domains_Alloy
2215,-3.498066342532324,-2.658135638882721,1.02,0.369422589111,86dd3a804d78ca5d203ebf98747e8f16dff9713ba8950097ceb760b161e19907,Domains_Alloy
2216,-3.498707468376387,-2.658135638882721,1.02,0.369422589111,86dd3a804d78ca5d203ebf98747e8f16dff9713ba8950097ceb760b161e19907,Domains_Alloy
2217,-3.499348709391205,-2.658135638882721,1.02,0.369422589111,86dd3a804d78ca5d203ebf98747e8f16dff9713ba8950097ceb760b161e19907,Domains_Alloy
2218,-3.499990065526148,-2.658135638882721,1.02,0.369422589111,86dd3a804d78ca5d203ebf98747e8f16dff9713ba8950097ceb760b161e19907,Domains_Alloy
2219,-3.500631536730628,-2.658135638882721,1.02,0.369422589111,86dd3a804d78ca5d203ebf98747e8f16dff9713ba8950097ceb760b161e19907,Domains_Alloy
2220,-3.501273122954101,-2.658135638882721,1.02,0.369422589111,86dd3a804d78ca5d203ebf98747e8f16dff9713ba8950097ceb760b161e19907,Domains_Alloy
2221,-3.50191482414607,-2.658135638882721,1.02,0.369422589111,86dd3a804d78ca5d203ebf98747e8f16dff9713ba8950097ceb760b161e19907,Domains_Alloy
2222,-3.502556640256079,-2.658135638882721,1.02,0.369422589111,86dd3a804d78ca5d203ebf98747e8f16dff9713ba8950097ceb760b161e19907,Domains_Alloy
2223,-3.503198571233715,-2.658135638882721,1.02,0.369422589111,86dd3a804d78ca5d203ebf98747e8f16dff9713ba8950097ceb760b161e19907,Domains_Alloy
2224,-3.503840617028612,-2.658135638882721,1.02,0.369422589111,86dd3a804d78ca5d203ebf98747e8f16dff9713ba8950097ceb760b161e19907,Domains_Alloy
2225,-3.504482777590443,-2.658135638882721,1.02,0.369422589111,86dd3a804d78ca5d203ebf98747e8f16dff9713ba8950097ceb760b161e19907,Domains_Alloy
2226,-3.505125052868929,-2.658135638882721,1.02,0.369422589111,86dd3a804d78ca5d203ebf98747e8f16dff9713ba8950097ceb760b161e19907,Domains_Alloy
2227,-3.505767442813832,-2.658135638882721,1.02,0.369422589111,86dd3a804d78ca5d203ebf98747e8f16dff9713ba8950097ceb760b161e19907,Domains_Alloy
2228,-3.506409947374957,-2.658135638882721,1.02,0.369422589111,86dd3a804d78ca5d203ebf98747e8f16dff9713ba8950097ceb760b161e19907,Domains_Alloy
2229,-3.507052566502154,-2.658135638882721,1.02,0.369422589111,86dd3a804d78ca5d203ebf98747e8f16dff9713ba8950097ceb760b161e19907,Domains_Alloy
2230,-3.507695300145316,-2.658135638882721,1.02,0.369422589111,86dd3a804d78ca5d203ebf98747e8f16dff9713ba8950097ceb760b161e19907,Domains_Alloy
2231,-3.508338148254378,-2.658135638882721,1.02,0.369422589111,86dd3a804d78ca5d203ebf98747e8f16dff9713ba8950097ceb760b161e19907,Domains_Alloy
2232,-3.508981110779319,-2.658135638882721,1.02,0.369422589111,86dd3a804d78ca5d203ebf98747e8f16dff9713ba8950097ceb760b161e19907,Domains_Alloy
2233,-3.509624187670162,-2.658135638882721,1.02,0.369422589111,86dd3a804d78ca5d203ebf98747e8f16dff9713ba8950097ceb760b161e19907,Domains_Alloy
2234,-3.51026737887697,-2.658135638882721,1.02,0.369422589111,86dd3a804d78ca5d203ebf98747e8f16dff9713ba8950097ceb760b161e19907,Domains_Alloy
2235,-3.510910684349855,-2.658135638882721,1.02,0.369422589111,86dd3a804d78ca5d203ebf98747e8f16dff9713ba8950097ceb760b161e19907,Domains_Alloy
2236,-3.511554104038965,-2.658135638882721,1.02,0.369422589111,86dd3a804d78ca5d203ebf98747e8f16dff9713ba8950097ceb760b161e19907,Domains_Alloy
2237,-3.512197637894495,-2.658135638882721,1.02,0.369422589111,86dd3a804d78ca5d203ebf98747e8f16dff9713ba8950097ceb760b161e19907,Domains_Alloy
2238,-3.512841285866682,-2.658135638882721,1.02,0.369422589111,86dd3a804d78ca5d203ebf98747e8f16dff9713ba8950097ceb760b161e19907,Domains_Alloy
2239,-3.513485047905808,-2.658135638882721,1.02,0.369422589111,86dd3a804d78ca5d203ebf98747e8f16dff9713ba8950097ceb760b161e19907,Domains_Alloy
2240,-3.514128923962191,-2.658135638882721,1.02,0.369422589111,86dd3a804d78ca5d203ebf98747e8f16dff9713ba8950097ceb760b161e19907,Domains_Alloy
2241,-3.514772913986199,-2.658135638882721,1.02,0.369422589111,86dd3a804d78ca5d203ebf98747e8f16dff9713ba8950097ceb760b161e19907,Domains_Alloy
2242,-3.51541701792824,-2.658135638882721,1.02,0.369422589111,86dd3a804d78ca5d203ebf98747e8f16dff9713ba8950097ceb760b161e19907,Domains_Alloy
2243,-3.516061235738764,-2.658135638882721,1.02,0.369422589111,86dd3a804d78ca5d203ebf98747e8f16dff9713ba8950097ceb760b161e19907,Domains_Alloy
2244,-3.516705567368264,-2.658135638882721,1.02,0.369422589111,86dd3a804d78ca5d203ebf98747e8f16dff9713ba8950097ceb760b161e19907,Domains_Alloy
2245,-3.517350012767277,-2.658135638882721,1.02,0.369422589111,86dd3a804d78ca5d203ebf98747e8f16dff9713ba8950097ceb760b161e19907,Domains_Alloy
2246,-3.517994571886378,-2.658135638882721,1.02,0.369422589111,86dd3a804d78ca5d203ebf98747e8f16dff9713ba8950097ceb760b161e19907,Domains_Alloy
2247,-3.51863924467619,-2.658135638882721,1.02,0.369422589111,86dd3a804d78ca5d203ebf98747e8f16dff9713ba8950097ceb760b161e19907,Domains_Alloy
2248,-3.519284031087373,-2.658135638882721,1.02,0.369422589111,86dd3a804d78ca5d203ebf98747e8f16dff9713ba8950097ceb760b161e19907,Domains_Alloy
2249,-3.519928931070635,-2.658135638882721,1.02,0.369422589111,86dd3a804d78ca5d203ebf98747e8f16dff9713ba8950097ceb760b161e19907,Domains_Alloy
2250,-3.520573944576721,-2.658135638882721,1.02,0.369422589111,86dd3a804d78ca5d203ebf98747e8f16dff9713ba8950097ceb760b161e19907,Domains_Alloy
2251,-3.52121907155642,-2.658135638882721,1.02,0.369422589111,86dd3a804d78ca5d203ebf98747e8f16dff9713ba8950097ceb760b161e19907,Domains_Alloy
2252,-3.521864311960565,-2.658135638882721,1.02,0.369422589111,86dd3a804d78ca5d203ebf98747e8f16dff9713ba8950097ceb760b161e19907,Domains_Alloy
2253,-3.522509665740028,-2.658135638882721,1.02,0.369422589111,86dd3a804d78ca5d203ebf98747e8f16dff9713ba8950097ceb760b161e19907,Domains_Alloy
2254,-3.523155132845726,-2.658135638882721,1.02,0.369422589111,86dd3a804d78ca5d203ebf98747e8f16dff9713ba8950097ceb760b161e19907,Domains_Alloy
2255,-3.523800713228615,-2.658135638882721,1.02,0.369422589111,86dd3a804d78ca5d203ebf98747e8f16dff9713ba8950097ceb760b161e19907,Domains_Alloy
2256,-3.524446406839694,-2.658135638882721,1.02,0.369422589111,86dd3a804d78ca5d203ebf98747e8f16dff9713ba8950097ceb760b161e19907,Domains_Alloy
2257,-3.525092213630006,-2.658135638882721,1.02,0.369422589111,86dd3a804d78ca5d203ebf98747e8f16dff9713ba8950097ceb760b161e19907,Domains_Alloy
2258,-3.525738133550631,-2.658135638882721,1.02,0.369422589111,86dd3a804d78ca5d203ebf98747e8f16dff9713ba8950097ceb760b161e19907,Domains_Alloy
2259,-3.526384166552697,-2.658135638882721,1.02,0.369422589111,86dd3a804d78ca5d203ebf98747e8f16dff9713ba8950097ceb760b161e19907,Domains_Alloy
2260,-3.527030312587367,-2.658135638882721,1.02,0.369422589111,86dd3a804d78ca5d203ebf98747e8f16dff9713ba8950097ceb760b161e19907,Domains_Alloy
2261,-3.527676571605852,-2.658135638882721,1.02,0.369422589111,86dd3a804d78ca5d203ebf98747e8f16dff9713ba8950097ceb760b161e19907,Domains_Alloy
2262,-3.528322943559399,-2.658135638882721,1.02,0.369422589111,86dd3a804d78ca5d203ebf98747e8f16dff9713ba8950097ceb760b161e19907,Domains_Alloy
2263,-3.528969428399301,-2.658135638882721,1.02,0.369422589111,86dd3a804d78ca5d203ebf98747e8f16dff9713ba8950097ceb760b161e19907,Domains_Alloy
2264,-3.529616026076889,-2.658135638882721,1.02,0.369422589111,86dd3a804d78ca5d203ebf98747e8f16dff9713ba8950097ceb760b161e19907,Domains_Alloy
2265,-3.530262736543539,-2.658135638882721,1.02,0.369422589111,86dd3a804d78ca5d203ebf98747e8f16dff9713ba8950097ceb760b161e19907,Domains_Alloy
2266,-3.530909559750664,-2.658135638882721,1.02,0.369422589111,86dd3a804d78ca5d203ebf98747e8f16dff9713ba8950097ceb760b161e19907,Domains_Alloy
2267,-3.531556495649722,-2.658135638882721,1.02,0.369422589111,86dd3a804d78ca5d203ebf98747e8f16dff9713ba8950097ceb760b161e19907,Domains_Alloy
2268,-3.532203544192209,-2.658135638882721,1.02,0.369422589111,86dd3a804d78ca5d203ebf98747e8f16dff9713ba8950097ceb760b161e19907,Domains_Alloy
2269,-3.532850705329667,-2.658135638882721,1.02,0.369422589111,86dd3a804d78ca5d203ebf98747e8f16dff9713ba8950097ceb760b161e19907,Domains_Alloy
2270,-3.533497979013675,-2.658135638882721,1.02,0.369422589111,86dd3a804d78ca5d203ebf98747e8f16dff9713ba8950097ceb760b161e19907,Domains_Alloy
2271,-3.534145365195854,-2.658135638882721,1.02,0.369422589111,86dd3a804d78ca5d203ebf98747e8f16dff9713ba8950097ceb760b161e19907,Domains_Alloy
2272,-3.534792863827866,-2.658135638882721,1.02,0.369422589111,86dd3a804d78ca5d203ebf98747e8f16dff9713ba8950097ceb760b161e19907,Domains_Alloy
2273,-3.535440474861416,-2.658135638882721,1.02,0.369422589111,86dd3a804d78ca5d203ebf98747e8f16dff9713ba8950097ceb760b161e19907,Domains_Alloy
2274,-3.536088198248247,-2.658135638882721,1.02,0.369422589111,86dd3a804d78ca5d203ebf98747e8f16dff9713ba8950097ceb760b161e19907,Domains_Alloy
2275,-3.536736033940146,-2.658135638882721,1.02,0.369422589111,86dd3a804d78ca5d203ebf98747e8f16dff9713ba8950097ceb760b161e19907,Domains_Alloy
2276,-3.537383981888937,-2.658135638882721,1.02,0.369422589111,86dd3a804d78ca5d203ebf98747e8f16dff9713ba8950097ceb760b161e19907,Domains_Alloy
2277,-3.538032042046487,-2.658135638882721,1.02,0.369422589111,86dd3a804d78ca5d203ebf98747e8f16dff9713ba8950097ceb760b161e19907,Domains_Alloy
2278,-3.538680214364707,-2.658135638882721,1.02,0.369422589111,86dd3a804d78ca5d203ebf98747e8f16dff9713ba8950097ceb760b161e19907,Domains_Alloy
2279,-3.53932849879554,-2.658135638882721,1.02,0.369422589111,86dd3a804d78ca5d203ebf98747e8f16dff9713ba8950097ceb760b161e19907,Domains_Alloy
2280,-3.539976895290981,-2.658135638882721,1.02,0.369422589111,86dd3a804d78ca5d203ebf98747e8f16dff9713ba8950097ceb760b161e19907,Domains_Alloy
2281,-3.540625403803054,-2.658135638882721,1.02,0.369422589111,86dd3a804d78ca5d203ebf98747e8f16dff9713ba8950097ceb760b161e19907,Domains_Alloy
2282,-3.541274024283834,-2.658135638882721,1.02,0.369422589111,86dd3a804d78ca5d203ebf98747e8f16dff9713ba8950097ceb760b161e19907,Domains_Alloy
2283,-3.541922756685429,-2.658135638882721,1.02,0.369422589111,86dd3a804d78ca5d203ebf98747e8f16dff9713ba8950097ceb760b161e19907,Domains_Alloy
2284,-3.542571600959991,-2.658135638882721,1.02,0.369422589111,86dd3a804d78ca5d203ebf98747e8f16dff9713ba8950097ceb760b161e19907,Domains_Alloy
2285,-3.543220557059711,-2.658135638882721,1.02,0.369422589111,86dd3a804d78ca5d203ebf98747e8f16dff9713ba8950097ceb760b161e19907,Domains_Alloy
2286,-3.54386962493682,-2.658135638882721,1.02,0.369422589111,86dd3a804d78ca5d203ebf98747e8f16dff9713ba8950097ceb760b161e19907,Domains_Alloy
2287,-3.544518804543593,-2.658135638882721,1.02,0.369422589111,86dd3a804d78ca5d203ebf98747e8f16dff9713ba8950097ceb760b161e19907,Domains_Alloy
2288,-3.545168095832339,-2.658135638882721,1.02,0.369422589111,86dd3a804d78ca5d203ebf98747e8f16dff9713ba8950097ceb760b161e19907,Domains_Alloy
2289,-3.545817498755414,-2.658135638882721,1.02,0.369422589111,86dd3a804d78ca5d203ebf98747e8f16dff9713ba8950097ceb760b161e19907,Domains_Alloy
2290,-3.546467013265208,-2.658135638882721,1.02,0.369422589111,86dd3a804d78ca5d203ebf98747e8f16dff9713ba8950097ceb760b161e19907,Domains_Alloy
2291,-3.547116639314155,-2.658135638882721,1.02,0.369422589111,86dd3a804d78ca5d203ebf98747e8f16dff9713ba8950097ceb760b161e19907,Domains_Alloy
2292,-3.547766376854727,-2.658135638882721,1.02,0.369422589111,86dd3a804d78ca5d203ebf98747e8f16dff9713ba8950097ceb760b161e19907,Domains_Alloy
2293,-3.548416225839439,-2.658135638882721,1.02,0.369422589111,86dd3a804d78ca5d203ebf98747e8f16dff9713ba8950097ceb760b161e19907,Domains_Alloy
2294,-3.549066186220841,-2.658135638882721,1.02,0.369422589111,86dd3a804d78ca5d203ebf98747e8f16dff9713ba8950097ceb760b161e19907,Domains_Alloy
2295,-3.549716257951528,-2.658135638882721,1.02,0.369422589111,86dd3a804d78ca5d203ebf98747e8f16dff9713ba8950097ceb760b161e19907,Domains_Alloy
2296,-3.55036644098413,-2.658135638882721,1.02,0.369422589111,86dd3a804d78ca5d203ebf98747e8f16dff9713ba8950097ceb760b161e19907,Domains_Alloy
2297,-3.551016735271322,-2.658135638882721,1.02,0.369422589111,86dd3a804d78ca5d203ebf98747e8f16dff9713ba8950097ceb760b161e19907,Domains_Alloy
2298,-3.551667140765816,-2.658135638882721,1.02,0.369422589111,86dd3a804d78ca5d203ebf98747e8f16dff9713ba8950097ceb760b161e19907,Domains_Alloy
2299,-3.552317657420361,-2.658135638882721,1.02,0.369422589111,86dd3a804d78ca5d203ebf98747e8f16dff9713ba8950097ceb760b161e19907,Domains_Alloy
2300,-3.552968285187751,-2.658135638882721,1.02,0.369422589111,86dd3a804d78ca5d203ebf98747e8f16dff9713ba8950097ceb760b161e19907,Domains_Alloy
2301,-3.553619024020816,-2.658135638882721,1.02,0.369422589111,86dd3a804d78ca5d203ebf98747e8f16dff9713ba8950097ceb760b161e19907,Domains_Alloy
2302,-3.554269873872426,-2.658135638882721,1.02,0.369422589111,86dd3a804d78ca5d203ebf98747e8f16dff9713ba8950097ceb760b161e19907,Domains_Alloy
2303,-3.554920834695493,-2.658135638882721,1.02,0.369422589111,86dd3a804d78ca5d203ebf98747e8f16dff9713ba8950097ceb760b161e19907,Domains_Alloy
2304,-3.555571906442965,-2.658135638882721,1.02,0.369422589111,86dd3a804d78ca5d203ebf98747e8f16dff9713ba8950097ceb760b161e19907,Domains_Alloy
2305,-3.556223089067831,-2.658135638882721,1.02,0.369422589111,86dd3a804d78ca5d203ebf98747e8f16dff9713ba8950097ceb760b161e19907,Domains_Alloy
2306,-3.556874382523118,-2.658135638882721,1.02,0.369422589111,86dd3a804d78ca5d203ebf98747e8f16dff9713ba8950097ceb760b161e19907,Domains_Alloy
2307,-3.557525786761897,-2.658135638882721,1.02,0.369422589111,86dd3a804d78ca5d203ebf98747e8f16dff9713ba8950097ceb760b161e19907,Domains_Alloy
2308,-3.558177301737271,-2.658135638882721,1.02,0.369422589111,86dd3a804d78ca5d203ebf98747e8f16dff9713ba8950097ceb760b161e19907,Domains_Alloy
2309,-3.55882892740239,-2.658135638882721,1.02,0.369422589111,86dd3a804d78ca5d203ebf98747e8f16dff9713ba8950097ceb760b161e19907,Domains_Alloy
2310,-3.559480663710435,-2.658135638882721,1.02,0.369422589111,86dd3a804d78ca5d203ebf98747e8f16dff9713ba8950097ceb760b161e19907,Domains_Alloy
2311,-3.560132510614634,-2.658135638882721,1.02,0.369422589111,86dd3a804d78ca5d203ebf98747e8f16dff9713ba8950097ceb760b161e19907,Domains_Alloy
2312,-3.560784468068247,-2.658135638882721,1.02,0.369422589111,86dd3a804d78ca5d203ebf98747e8f16dff9713ba8950097ceb760b161e19907,Domains_Alloy
2313,-3.561436536024578,-2.658135638882721,1.02,0.369422589111,86dd3a804d78ca5d203ebf98747e8f16dff9713ba8950097ceb760b161e19907,Domains_Alloy
2314,-3.562088714436968,-2.658135638882721,1.02,0.369422589111,86dd3a804d78ca5d203ebf98747e8f16dff9713ba8950097ceb760b161e19907,Domains_Alloy
2315,-3.562741003258798,-2.658135638882721,1.02,0.369422589111,86dd3a804d78ca5d203ebf98747e8f16dff9713ba8950097ceb760b161e19907,Domains_Alloy
2316,-3.563393402443487,-2.658135638882721,1.02,0.369422589111,86dd3a804d78ca5d203ebf98747e8f16dff9713ba8950097ceb760b161e19907,Domains_Alloy
2317,-3.564045911944492,-2.658135638882721,1.02,0.369422589111,86dd3a804d78ca5d203ebf98747e8f16dff9713ba8950097ceb760b161e19907,Domains_Alloy
2318,-3.56469853171531,-2.658135638882721,1.02,0.369422589111,86dd3a804d78ca5d203ebf98747e8f16dff9713ba8950097ceb760b161e19907,Domains_Alloy
2319,-3.565351261709476,-2.658135638882721,1.02,0.369422589111,86dd3a804d78ca5d203ebf98747e8f16dff9713ba8950097ceb760b161e19907,Domains_Alloy
2320,-3.566004101880565,-2.658135638882721,1.02,0.369422589111,86dd3a804d78ca5d203ebf98747e8f16dff9713ba8950097ceb760b161e19907,Domains_Alloy
2321,-3.56665705218219,-2.658135638882721,1.02,0.369422589111,86dd3a804d78ca5d203ebf98747e8f16dff9713ba8950097ceb760b161e19907,Domains_Alloy
2322,-3.567310112568001,-2.658135638882721,1.02,0.369422589111,86dd3a804d78ca5d203ebf98747e8f16dff9713ba8950097ceb760b161e19907,Domains_Alloy
2323,-3.567963282991689,-2.658135638882721,1.02,0.369422589111,86dd3a804d78ca5d203ebf98747e8f16dff9713ba8950097ceb760b161e19907,Domains_Alloy
2324,-3.568616563406981,-2.658135638882721,1.02,0.369422589111,86dd3a804d78ca5d203ebf98747e8f16dff9713ba8950097ceb760b161e19907,Domains_Alloy
2325,-3.569269953767644,-2.658135638882721,1.02,0.369422589111,86dd3a804d78ca5d203ebf98747e8f16dff9713ba8950097ceb760b161e19907,Domains_Alloy
2326,-3.569923454027484,-2.658135638882721,1.02,0.369422589111,86dd3a804d78ca5d203ebf98747e8f16dff9713ba8950097ceb760b161e19907,Domains_Alloy
2327,-3.570577064140345,-2.658135638882721,1.02,0.369422589111,86dd3a804d78ca5d203ebf98747e8f16dff9713ba8950097ceb760b161e19907,Domains_Alloy
2328,-3.571230784060106,-2.658135638882721,1.02,0.369422589111,86dd3a804d78ca5d203ebf98747e8f16dff9713ba8950097ceb760b161e19907,Domains_Alloy
2329,-3.571884613740691,-2.658135638882721,1.02,0.369422589111,86dd3a804d78ca5d203ebf98747e8f16dff9713ba8950097ceb760b161e19907,Domains_Alloy
2330,-3.572538553136054,-2.658135638882721,1.02,0.369422589111,86dd3a804d78ca5d203ebf98747e8f16dff9713ba8950097ceb760b161e19907,Domains_Alloy
2331,-3.573192602200194,-2.658135638882721,1.02,0.369422589111,86dd3a804d78ca5d203ebf98747e8f16dff9713ba8950097ceb760b161e19907,Domains_Alloy
2332,-3.573846760887144,-2.658135638882721,1.02,0.369422589111,86dd3a804d78ca5d203ebf98747e8f16dff9713ba8950097ceb760b161e19907,Domains_Alloy
2333,-3.574501029150979,-2.658135638882721,1.02,0.369422589111,86dd3a804d78ca5d203ebf98747e8f16dff9713ba8950097ceb760b161e19907,Domains_Alloy
2334,-3.575155406945808,-2.658135638882721,1.02,0.369422589111,86dd3a804d78ca5d203ebf98747e8f16dff9713ba8950097ceb760b161e19907,Domains_Alloy
2335,-3.575809894225779,-2.658135638882721,1.02,0.369422589111,86dd3a804d78ca5d203ebf98747e8f16dff9713ba8950097ceb760b161e19907,Domains_Alloy
2336,-3.576464490945078,-2.658135638882721,1.02,0.369422589111,86dd3a804d78ca5d203ebf98747e8f16dff9713ba8950097ceb760b161e19907,Domains_Alloy
2337,-3.577119197057931,-2.658135638882721,1.02,0.369422589111,86dd3a804d78ca5d203ebf98747e8f16dff9713ba8950097ceb760b161e19907,Domains_Alloy
2338,-3.5777740125186,-2.658135638882721,1.02,0.369422589111,86dd3a804d78ca5d203ebf98747e8f16dff9713ba8950097ceb760b161e19907,Domains_Alloy
2339,-3.578428937281385,-2.658135638882721,1.02,0.369422589111,86dd3a804d78ca5d203ebf98747e8f16dff9713ba8950097ceb760b161e19907,Domains_Alloy
2340,-3.579083971300622,-2.658135638882721,1.02,0.369422589111,86dd3a804d78ca5d203ebf98747e8f16dff9713ba8950097ceb760b161e19907,Domains_Alloy
2341,-3.579739114530687,-2.658135638882721,1.02,0.369422589111,86dd3a804d78ca5d203ebf98747e8f16dff9713ba8950097ceb760b161e19907,Domains_Alloy
2342,-3.580394366925994,-2.658135638882721,1.02,0.369422589111,86dd3a804d78ca5d203ebf98747e8f16dff9713ba8950097ceb760b161e19907,Domains_Alloy
2343,-3.581049728440993,-2.658135638882721,1.02,0.369422589111,86dd3a804d78ca5d203ebf98747e8f16dff9713ba8950097ceb760b161e19907,Domains_Alloy
2344,-3.581705199030172,-2.658135638882721,1.02,0.369422589111,86dd3a804d78ca5d203ebf98747e8f16dff9713ba8950097ceb760b161e19907,Domains_Alloy
2345,-3.582360778648057,-2.658135638882721,1.02,0.369422589111,86dd3a804d78ca5d203ebf98747e8f16dff9713ba8950097ceb760b161e19907,Domains_Alloy
2346,-3.583016467249211,-2.658135638882721,1.02,0.369422589111,86dd3a804d78ca5d203ebf98747e8f16dff9713ba8950097ceb760b161e19907,Domains_Alloy
2347,-3.583672264788234,-2.658135638882721,1.02,0.369422589111,86dd3a804d78ca5d203ebf98747e8f16dff9713ba8950097ceb760b161e19907,Domains_Alloy
2348,-3.584328171219764,-2.658135638882721,1.02,0.369422589111,86dd3a804d78ca5d203ebf98747e8f16dff9713ba8950097ceb760b161e19907,Domains_Alloy
2349,-3.584984186498477,-2.658135638882721,1.02,0.369422589111,86dd3a804d78ca5d203ebf98747e8f16dff9713ba8950097ceb760b161e19907,Domains_Alloy
2350,-3.585640310579086,-2.658135638882721,1.02,0.369422589111,86dd3a804d78ca5d203ebf98747e8f16dff9713ba8950097ceb760b161e19907,Domains_Alloy
2351,-3.586296543416339,-2.658135638882721,1.02,0.369422589111,86dd3a804d78ca5d203ebf98747e8f16dff9713ba8950097ceb760b161e19907,Domains_Alloy
2352,-3.586952884965024,-2.658135638882721,1.02,0.369422589111,86dd3a804d78ca5d203ebf98747e8f16dff9713ba8950097ceb760b161e19907,Domains_Alloy
2353,-3.587609335179965,-2.658135638882721,1.02,0.369422589111,86dd3a804d78ca5d203ebf98747e8f16dff9713ba8950097ceb760b161e19907,Domains_Alloy
2354,-3.588265894016023,-2.658135638882721,1.02,0.369422589111,86dd3a804d78ca5d203ebf98747e8f16dff9713ba8950097ceb760b161e19907,Domains_Alloy
2355,-3.588922561428095,-2.658135638882721,1.02,0.369422589111,86dd3a804d78ca5d203ebf98747e8f16dff9713ba8950097ceb760b161e19907,Domains_Alloy
2356,-3.589579337371119,-2.658135638882721,1.02,0.369422589111,86dd3a804d78ca5d203ebf98747e8f16dff9713ba8950097ceb760b161e19907,Domains_Alloy
2357,-3.590236221800065,-2.658135638882721,1.02,0.369422589111,86dd3a804d78ca5d203ebf98747e8f16dff9713ba8950097ceb760b161e19907,Domains_Alloy
2358,-3.590893214669943,-2.658135638882721,1.02,0.369422589111,86dd3a804d78ca5d203ebf98747e8f16dff9713ba8950097ceb760b161e19907,Domains_Alloy
2359,-3.591550315935798,-2.658135638882721,1.02,0.369422589111,86dd3a804d78ca5d203ebf98747e8f16dff9713ba8950097ceb760b161e19907,Domains_Alloy
2360,-3.592207525552714,-2.658135638882721,1.02,0.369422589111,86dd3a804d78ca5d203ebf98747e8f16dff9713ba8950097ceb760b161e19907,Domains_Alloy
2361,-3.592864843475811,-2.658135638882721,1.02,0.369422589111,86dd3a804d78ca5d203ebf98747e8f16dff9713ba8950097ceb760b161e19907,Domains_Alloy
2362,-3.593522269660243,-2.658135638882721,1.02,0.369422589111,86dd3a804d78ca5d203ebf98747e8f16dff9713ba8950097ceb760b161e19907,Domains_Alloy
2363,-3.594179804061205,-2.658135638882721,1.02,0.369422589111,86dd3a804d78ca5d203ebf98747e8f16dff9713ba8950097ceb760b161e19907,Domains_Alloy
2364,-3.594837446633926,-2.658135638882721,1.02,0.369422589111,86dd3a804d78ca5d203ebf98747e8f16dff9713ba8950097ceb760b161e19907,Domains_Alloy
2365,-3.595495197333672,-2.658135638882721,1.02,0.369422589111,86dd3a804d78ca5d203ebf98747e8f16dff9713ba8950097ceb760b161e19907,Domains_Alloy
2366,-3.596153056115746,-2.658135638882721,1.02,0.369422589111,86dd3a804d78ca5d203ebf98747e8f16dff9713ba8950097ceb760b161e19907,Domains_Alloy
2367,-3.596811022935488,-2.658135638882721,1.02,0.369422589111,86dd3a804d78ca5d203ebf98747e8f16dff9713ba8950097ceb760b161e19907,Domains_Alloy
2368,-3.597469097748274,-2.658135638882721,1.02,0.369422589111,86dd3a804d78ca5d203ebf98747e8f16dff9713ba8950097ceb760b161e19907,Domains_Alloy
2369,-3.598127280509514,-2.658135638882721,1.02,0.369422589111,86dd3a804d78ca5d203ebf98747e8f16dff9713ba8950097ceb760b161e19907,Domains_Alloy
2370,-3.598785571174659,-2.658135638882721,1.02,0.369422589111,86dd3a804d78ca5d203ebf98747e8f16dff9713ba8950097ceb760b161e19907,Domains_Alloy
2371,-3.599443969699193,-2.658135638882721,1.02,0.369422589111,86dd3a804d78ca5d203ebf98747e8f16dff9713ba8950097ceb760b161e19907,Domains_Alloy
2372,-3.600102476038638,-2.658135638882721,1.02,0.369422589111,86dd3a804d78ca5d203ebf98747e8f16dff9713ba8950097ceb760b161e19907,Domains_Alloy
2373,-3.60076109014855,-2.658135638882721,1.02,0.369422589111,86dd3a804d78ca5d203ebf98747e8f16dff9713ba8950097ceb760b161e19907,Domains_Alloy
2374,-3.601419811984524,-2.658135638882721,1.02,0.369422589111,86dd3a804d78ca5d203ebf98747e8f16dff9713ba8950097ceb760b161e19907,Domains_Alloy
2375,-3.60207864150219,-2.658135638882721,1.02,0.369422589111,86dd3a804d78ca5d203ebf98747e8f16dff9713ba8950097ceb760b161e19907,Domains_Alloy
2376,-3.602737578657214,-2.658135638882721,1.02,0.369422589111,86dd3a804d78ca5d203ebf98747e8f16dff9713ba8950097ceb760b161e19907,Domains_Alloy
2377,-3.603396623405296,-2.658135638882721,1.02,0.369422589111,86dd3a804d78ca5d203ebf98747e8f16dff9713ba8950097ceb760b161e19907,Domains_Alloy
2378,-3.604055775702177,-2.658135638882721,1.02,0.369422589111,86dd3a804d78ca5d203ebf98747e8f16dff9713ba8950097ceb760b161e19907,Domains_Alloy
2379,-3.604715035503629,-2.658135638882721,1.02,0.369422589111,86dd3a804d78ca5d203ebf98747e8f16dff9713ba8950097ceb760b161e19907,Domains_Alloy
2380,-3.605374402765463,-2.658135638882721,1.02,0.369422589111,86dd3a804d78ca5d203ebf98747e8f16dff9713ba8950097ceb760b161e19907,Domains_Alloy
2381,-3.606033877443525,-2.658135638882721,1.02,0.369422589111,86dd3a804d78ca5d203ebf98747e8f16dff9713ba8950097ceb760b161e19907,Domains_Alloy
2382,-3.606693459493696,-2.658135638882721,1.02,0.369422589111,86dd3a804d78ca5d203ebf98747e8f16dff9713ba8950097ceb760b161e19907,Domains_Alloy
2383,-3.607353148871895,-2.658135638882721,1.02,0.369422589111,86dd3a804d78ca5d203ebf98747e8f16dff9713ba8950097ceb760b161e19907,Domains_Alloy
2384,-3.608012945534075,-2.658135638882721,1.02,0.369422589111,86dd3a804d78ca5d203ebf98747e8f16dff9713ba8950097ceb760b161e19907,Domains_Alloy
2385,-3.608672849436223,-2.658135638882721,1.02,0.369422589111,86dd3a804d78ca5d203ebf98747e8f16dff9713ba8950097ceb760b161e19907,Domains_Alloy
2386,-3.609332860534367,-2.658135638882721,1.02,0.369422589111,86dd3a804d78ca5d203ebf98747e8f16dff9713ba8950097ceb760b161e19907,Domains_Alloy
2387,-3.609992978784566,-2.658135638882721,1.02,0.369422589111,86dd3a804d78ca5d203ebf98747e8f16dff9713ba8950097ceb760b161e19907,Domains_Alloy
2388,-3.610653204142916,-2.658135638882721,1.02,0.369422589111,86dd3a804d78ca5d203ebf98747e8f16dff9713ba8950097ceb760b161e19907,Domains_Alloy
2389,-3.611313536565549,-2.658135638882721,1.02,0.369422589111,86dd3a804d78ca5d203ebf98747e8f16dff9713ba8950097ceb760b161e19907,Domains_Alloy
2390,-3.611973976008631,-2.658135638882721,1.02,0.369422589111,86dd3a804d78ca5d203ebf98747e8f16dff9713ba8950097ceb760b161e19907,Domains_Alloy
2391,-3.612634522428366,-2.658135638882721,1.02,0.369422589111,86dd3a804d78ca5d203ebf98747e8f16dff9713ba8950097ceb760b161e19907,Domains_Alloy
2392,-3.613295175780991,-2.658135638882721,1.02,0.369422589111,86dd3a804d78ca5d203ebf98747e8f16dff9713ba8950097ceb760b161e19907,Domains_Alloy
2393,-3.613955936022781,-2.658135638882721,1.02,0.369422589111,86dd3a804d78ca5d203ebf98747e8f16dff9713ba8950097ceb760b161e19907,Domains_Alloy
2394,-3.614616803110045,-2.658135638882721,1.02,0.369422589111,86dd3a804d78ca5d203ebf98747e8f16dff9713ba8950097ceb760b161e19907,Domains_Alloy
2395,-3.615277776999124,-2.658135638882721,1.02,0.369422589111,86dd3a804d78ca5d203ebf98747e8f16dff9713ba8950097ceb760b161e19907,Domains_Alloy
2396,-3.6159388576464,-2.658135638882721,1.02,0.369422589111,86dd3a804d78ca5d203ebf98747e8f16dff9713ba8950097ceb760b161e19907,Domains_Alloy
2397,-3.616600045008286,-2.658135638882721,1.02,0.369422589111,86dd3a804d78ca5d203ebf98747e8f16dff9713ba8950097ceb760b161e19907,Domains_Alloy
2398,-3.617261339041232,-2.658135638882721,1.02,0.369422589111,86dd3a804d78ca5d203ebf98747e8f16dff9713ba8950097ceb760b161e19907,Domains_Alloy
2399,-3.617922739701725,-2.658135638882721,1.02,0.369422589111,86dd3a804d78ca5d203ebf98747e8f16dff9713ba8950097ceb760b161e19907,Domains_Alloy
2400,-3.618584246946283,-2.658135638882721,1.02,0.369422589111,86dd3a804d78ca5d203ebf98747e8f16dff9713ba8950097ceb760b161e19907,Domains_Alloy
2401,-3.619245860731461,-2.658135638882721,1.02,0.369422589111,86dd3a804d78ca5d203ebf98747e8f16dff9713ba8950097ceb760b161e19907,Domains_Alloy
2402,-3.61990758101385,-2.658135638882721,1.02,0.369422589111,86dd3a804d78ca5d203ebf98747e8f16dff9713ba8950097ceb760b161e19907,Domains_Alloy
2403,-3.620569407750074,-2.658135638882721,1.02,0.369422589111,86dd3a804d78ca5d203ebf98747e8f16dff9713ba8950097ceb760b161e19907,Domains_Alloy
2404,-3.621231340896793,-2.658135638882721,1.02,0.369422589111,86dd3a804d78ca5d203ebf98747e8f16dff9713ba8950097ceb760b161e19907,Domains_Alloy
2405,-3.621893380410704,-2.658135638882721,1.02,0.369422589111,86dd3a804d78ca5d203ebf98747e8f16dff9713ba8950097ceb760b161e19907,Domains_Alloy
2406,-3.622555526248533,-2.658135638882721,1.02,0.369422589111,86dd3a804d78ca5d203ebf98747e8f16dff9713ba8950097ceb760b161e19907,Domains_Alloy
2407,-3.623217778367048,-2.658135638882721,1.02,0.369422589111,86dd3a804d78ca5d203ebf98747e8f16dff9713ba8950097ceb760b161e19907,Domains_Alloy
2408,-3.623880136723046,-2.658135638882721,1.02,0.369422589111,86dd3a804d78ca5d203ebf98747e8f16dff9713ba8950097ceb760b161e19907,Domains_Alloy
2409,-3.624542601273361,-2.658135638882721,1.02,0.369422589111,86dd3a804d78ca5d203ebf98747e8f16dff9713ba8950097ceb760b161e19907,Domains_Alloy
2410,-3.625205171974863,-2.658135638882721,1.02,0.369422589111,86dd3a804d78ca5d203ebf98747e8f16dff9713ba8950097ceb760b161e19907,Domains_Alloy
2411,-3.625867848784454,-2.658135638882721,1.02,0.369422589111,86dd3a804d78ca5d203ebf98747e8f16dff9713ba8950097ceb760b161e19907,Domains_Alloy
2412,-3.626530631659072,-2.658135638882721,1.02,0.369422589111,86dd3a804d78ca5d203ebf98747e8f16dff9713ba8950097ceb760b161e19907,Domains_Alloy
2413,-3.627193520555689,-2.658135638882721,1.02,0.369422589111,86dd3a804d78ca5d203ebf98747e8f16dff9713ba8950097ceb760b161e19907,Domains_Alloy
2414,-3.627856515431314,-2.658135638882721,1.02,0.369422589111,86dd3a804d78ca5d203ebf98747e8f16dff9713ba8950097ceb760b161e19907,Domains_Alloy
2415,-3.628519616242986,-2.658135638882721,1.02,0.369422589111,86dd3a804d78ca5d203ebf98747e8f16dff9713ba8950097ceb760b161e19907,Domains_Alloy
2416,-3.629182822947782,-2.658135638882721,1.02,0.369422589111,86dd3a804d78ca5d203ebf98747e8f16dff9713ba8950097ceb760b161e19907,Domains_Alloy
2417,-3.629846135502812,-2.658135638882721,1.02,0.369422589111,86dd3a804d78ca5d203ebf98747e8f16dff9713ba8950097ceb760b161e19907,Domains_Alloy
2418,-3.63050955386522,-2.658135638882721,1.02,0.369422589111,86dd3a804d78ca5d203ebf98747e8f16dff9713ba8950097ceb760b161e19907,Domains_Alloy
2419,-3.631173077992186,-2.658135638882721,1.02,0.369422589111,86dd3a804d78ca5d203ebf98747e8f16dff9713ba8950097ceb760b161e19907,Domains_Alloy
2420,-3.631836707840923,-2.658135638882721,1.02,0.369422589111,86dd3a804d78ca5d203ebf98747e8f16dff9713ba8950097ceb760b161e19907,Domains_Alloy
2421,-3.632500443368677,-2.658135638882721,1.02,0.369422589111,86dd3a804d78ca5d203ebf98747e8f16dff9713ba8950097ceb760b161e19907,Domains_Alloy
2422,-3.63316428453273,-2.658135638882721,1.02,0.369422589111,86dd3a804d78ca5d203ebf98747e8f16dff9713ba8950097ceb760b161e19907,Domains_Alloy
2423,-3.633828231290399,-2.658135638882721,1.02,0.369422589111,86dd3a804d78ca5d203ebf98747e8f16dff9713ba8950097ceb760b161e19907,Domains_Alloy
2424,-3.634492283599033,-2.658135638882721,1.02,0.369422589111,86dd3a804d78ca5d203ebf98747e8f16dff9713ba8950097ceb760b161e19907,Domains_Alloy
2425,-3.635156441416015,-2.658135638882721,1.02,0.369422589111,86dd3a804d78ca5d203ebf98747e8f16dff9713ba8950097ceb760b161e19907,Domains_Alloy
2426,-3.635820704698763,-2.658135638882721,1.02,0.369422589111,86dd3a804d78ca5d203ebf98747e8f16dff9713ba8950097ceb760b161e19907,Domains_Alloy
2427,-3.636485073404732,-2.658135638882721,1.02,0.369422589111,86dd3a804d78ca5d203ebf98747e8f16dff9713ba8950097ceb760b161e19907,Domains_Alloy
2428,-3.637149547491402,-2.658135638882721,1.02,0.369422589111,86dd3a804d78ca5d203ebf98747e8f16dff9713ba8950097ceb760b161e19907,Domains_Alloy
2429,-3.637814126916298,-2.658135638882721,1.02,0.369422589111,86dd3a804d78ca5d203ebf98747e8f16dff9713ba8950097ceb760b161e19907,Domains_Alloy
2430,-3.638478811636971,-2.658135638882721,1.02,0.369422589111,86dd3a804d78ca5d203ebf98747e8f16dff9713ba8950097ceb760b161e19907,Domains_Alloy
2431,-3.639143601611008,-2.658135638882721,1.02,0.369422589111,86dd3a804d78ca5d203ebf98747e8f16dff9713ba8950097ceb760b161e19907,Domains_Alloy
2432,-3.639808496796033,-2.658135638882721,1.02,0.369422589111,86dd3a804d78ca5d203ebf98747e8f16dff9713ba8950097ceb760b161e19907,Domains_Alloy
2433,-3.640473497149698,-2.658135638882721,1.02,0.369422589111,86dd3a804d78ca5d203ebf98747e8f16dff9713ba8950097ceb760b161e19907,Domains_Alloy
2434,-3.641138602629693,-2.658135638882721,1.02,0.369422589111,86dd3a804d78ca5d203ebf98747e8f16dff9713ba8950097ceb760b161e19907,Domains_Alloy
2435,-3.641803813193738,-2.658135638882721,1.02,0.369422589111,86dd3a804d78ca5d203ebf98747e8f16dff9713ba8950097ceb760b161e19907,Domains_Alloy
2436,-3.642469128799593,-2.658135638882721,1.02,0.369422589111,86dd3a804d78ca5d203ebf98747e8f16dff9713ba8950097ceb760b161e19907,Domains_Alloy
2437,-3.643134549405045,-2.658135638882721,1.02,0.369422589111,86dd3a804d78ca5d203ebf98747e8f16dff9713ba8950097ceb760b161e19907,Domains_Alloy
2438,-3.643800074967918,-2.658135638882721,1.02,0.369422589111,86dd3a804d78ca5d203ebf98747e8f16dff9713ba8950097ceb760b161e19907,Domains_Alloy
2439,-3.644465705446067,-2.658135638882721,1.02,0.369422589111,86dd3a804d78ca5d203ebf98747e8f16dff9713ba8950097ceb760b161e19907,Domains_Alloy
2440,-3.645131440797384,-2.658135638882721,1.02,0.369422589111,86dd3a804d78ca5d203ebf98747e8f16dff9713ba8950097ceb760b161e19907,Domains_Alloy
2441,-3.645797280979789,-2.658135638882721,1.02,0.369422589111,86dd3a804d78ca5d203ebf98747e8f16dff9713ba8950097ceb760b161e19907,Domains_Alloy
2442,-3.646463225951242,-2.658135638882721,1.02,0.369422589111,86dd3a804d78ca5d203ebf98747e8f16dff9713ba8950097ceb760b161e19907,Domains_Alloy
2443,-3.647129275669734,-2.658135638882721,1.02,0.369422589111,86dd3a804d78ca5d203ebf98747e8f16dff9713ba8950097ceb760b161e19907,Domains_Alloy
2444,-3.647795430093287,-2.658135638882721,1.02,0.369422589111,86dd3a804d78ca5d203ebf98747e8f16dff9713ba8950097ceb760b161e19907,Domains_Alloy
2445,-3.648461689179956,-2.658135638882721,1.02,0.369422589111,86dd3a804d78ca5d203ebf98747e8f16dff9713ba8950097ceb760b161e19907,Domains_Alloy
2446,-3.649128052887833,-2.658135638882721,1.02,0.369422589111,86dd3a804d78ca5d203ebf98747e8f16dff9713ba8950097ceb760b161e19907,Domains_Alloy
2447,-3.649794521175041,-2.658135638882721,1.02,0.369422589111,86dd3a804d78ca5d203ebf98747e8f16dff9713ba8950097ceb760b161e19907,Domains_Alloy
2448,-3.650461093999736,-2.658135638882721,1.02,0.369422589111,86dd3a804d78ca5d203ebf98747e8f16dff9713ba8950097ceb760b161e19907,Domains_Alloy
2449,-3.651127771320108,-2.658135638882721,1.02,0.369422589111,86dd3a804d78ca5d203ebf98747e8f16dff9713ba8950097ceb760b161e19907,Domains_Alloy
2450,-3.651794553094379,-2.658135638882721,1.02,0.369422589111,86dd3a804d78ca5d203ebf98747e8f16dff9713ba8950097ceb760b161e19907,Domains_Alloy
2451,-3.652461439280804,-2.658135638882721,1.02,0.369422589111,86dd3a804d78ca5d203ebf98747e8f16dff9713ba8950097ceb760b161e19907,Domains_Alloy
2452,-3.653128429837673,-2.658135638882721,1.02,0.369422589111,86dd3a804d78ca5d203ebf98747e8f16dff9713ba8950097ceb760b161e19907,Domains_Alloy
2453,-3.653795524723306,-2.658135638882721,1.02,0.369422589111,86dd3a804d78ca5d203ebf98747e8f16dff9713ba8950097ceb760b161e19907,Domains_Alloy
2454,-3.654462723896057,-2.658135638882721,1.02,0.369422589111,86dd3a804d78ca5d203ebf98747e8f16dff9713ba8950097ceb760b161e19907,Domains_Alloy
2455,-3.655130027314317,-2.658135638882721,1.02,0.369422589111,86dd3a804d78ca5d203ebf98747e8f16dff9713ba8950097ceb760b161e19907,Domains_Alloy
2456,-3.655797434936502,-2.658135638882721,1.02,0.369422589111,86dd3a804d78ca5d203ebf98747e8f16dff9713ba8950097ceb760b161e19907,Domains_Alloy
2457,-3.656464946721067,-2.658135638882721,1.02,0.369422589111,86dd3a804d78ca5d203ebf98747e8f16dff9713ba8950097ceb760b161e19907,Domains_Alloy
2458,-3.657132562626496,-2.658135638882721,1.02,0.369422589111,86dd3a804d78ca5d203ebf98747e8f16dff9713ba8950097ceb760b161e19907,Domains_Alloy
2459,-3.65780028261131,-2.658135638882721,1.02,0.369422589111,86dd3a804d78ca5d203ebf98747e8f16dff9713ba8950097ceb760b161e19907,Domains_Alloy
2460,-3.658468106634059,-2.658135638882721,1.02,0.369422589111,86dd3a804d78ca5d203ebf98747e8f16dff9713ba8950097ceb760b161e19907,Domains_Alloy
2461,-3.659136034653326,-2.658135638882721,1.02,0.369422589111,86dd3a804d78ca5d203ebf98747e8f16dff9713ba8950097ceb760b161e19907,Domains_Alloy
2462,-3.659804066627728,-2.658135638882721,1.02,0.369422589111,86dd3a804d78ca5d203ebf98747e8f16dff9713ba8950097ceb760b161e19907,Domains_Alloy
2463,-3.660472202515914,-2.658135638882721,1.02,0.369422589111,86dd3a804d78ca5d203ebf98747e8f16dff9713ba8950097ceb760b161e19907,Domains_Alloy
2464,-3.661140442276565,-2.658135638882721,1.02,0.369422589111,86dd3a804d78ca5d203ebf98747e8f16dff9713ba8950097ceb760b161e19907,Domains_Alloy
2465,-3.661808785868396,-2.658135638882721,1.02,0.369422589111,86dd3a804d78ca5d203ebf98747e8f16dff9713ba8950097ceb760b161e19907,Domains_Alloy
2466,-3.662477233250153,-2.658135638882721,1.02,0.369422589111,86dd3a804d78ca5d203ebf98747e8f16dff9713ba8950097ceb760b161e19907,Domains_Alloy
2467,-3.663145784380615,-2.658135638882721,1.02,0.369422589111,86dd3a804d78ca5d203ebf98747e8f16dff9713ba8950097ceb760b161e19907,Domains_Alloy
2468,-3.663814439218593,-2.658135638882721,1.02,0.369422589111,86dd3a804d78ca5d203ebf98747e8f16dff9713ba8950097ceb760b161e19907,Domains_Alloy
2469,-3.66448319772293,-2.658135638882721,1.02,0.369422589111,86dd3a804d78ca5d203ebf98747e8f16dff9713ba8950097ceb760b161e19907,Domains_Alloy
2470,-3.665152059852504,-2.658135638882721,1.02,0.369422589111,86dd3a804d78ca5d203ebf98747e8f16dff9713ba8950097ceb760b161e19907,Domains_Alloy
2471,-3.665821025566221,-2.658135638882721,1.02,0.369422589111,86dd3a804d78ca5d203ebf98747e8f16dff9713ba8950097ceb760b161e19907,Domains_Alloy
2472,-3.666490094823024,-2.658135638882721,1.02,0.369422589111,86dd3a804d78ca5d203ebf98747e8f16dff9713ba8950097ceb760b161e19907,Domains_Alloy
2473,-3.667159267581882,-2.658135638882721,1.02,0.369422589111,86dd3a804d78ca5d203ebf98747e8f16dff9713ba8950097ceb760b161e19907,Domains_Alloy
2474,-3.667828543801803,-2.658135638882721,1.02,0.369422589111,86dd3a804d78ca5d203ebf98747e8f16dff9713ba8950097ceb760b161e19907,Domains_Alloy
2475,-3.668497923441822,-2.658135638882721,1.02,0.369422589111,86dd3a804d78ca5d203ebf98747e8f16dff9713ba8950097ceb760b161e19907,Domains_Alloy
2476,-3.669167406461009,-2.658135638882721,1.02,0.369422589111,86dd3a804d78ca5d203ebf98747e8f16dff9713ba8950097ceb760b161e19907,Domains_Alloy
2477,-3.669836992818466,-2.658135638882721,1.02,0.369422589111,86dd3a804d78ca5d203ebf98747e8f16dff9713ba8950097ceb760b161e19907,Domains_Alloy
2478,-3.670506682473323,-2.658135638882721,1.02,0.369422589111,86dd3a804d78ca5d203ebf98747e8f16dff9713ba8950097ceb760b161e19907,Domains_Alloy
2479,-3.671176475384748,-2.658135638882721,1.02,0.369422589111,86dd3a804d78ca5d203ebf98747e8f16dff9713ba8950097ceb760b161e19907,Domains_Alloy
2480,-3.671846371511936,-2.658135638882721,1.02,0.369422589111,86dd3a804d78ca5d203ebf98747e8f16dff9713ba8950097ceb760b161e19907,Domains_Alloy
2481,-3.672516370814117,-2.658135638882721,1.02,0.369422589111,86dd3a804d78ca5d203ebf98747e8f16dff9713ba8950097ceb760b161e19907,Domains_Alloy
2482,-3.673186473250553,-2.658135638882721,1.02,0.369422589111,86dd3a804d78ca5d203ebf98747e8f16dff9713ba8950097ceb760b161e19907,Domains_Alloy
2483,-3.673856678780533,-2.658135638882721,1.02,0.369422589111,86dd3a804d78ca5d203ebf98747e8f16dff9713ba8950097ceb760b161e19907,Domains_Alloy
2484,-3.674526987363384,-2.658135638882721,1.02,0.369422589111,86dd3a804d78ca5d203ebf98747e8f16dff9713ba8950097ceb760b161e19907,Domains_Alloy
2485,-3.675197398958463,-2.658135638882721,1.02,0.369422589111,86dd3a804d78ca5d203ebf98747e8f16dff9713ba8950097ceb760b161e19907,Domains_Alloy
2486,-3.675867913525154,-2.658135638882721,1.02,0.369422589111,86dd3a804d78ca5d203ebf98747e8f16dff9713ba8950097ceb760b161e19907,Domains_Alloy
2487,-3.676538531022881,-2.658135638882721,1.02,0.369422589111,86dd3a804d78ca5d203ebf98747e8f16dff9713ba8950097ceb760b161e19907,Domains_Alloy
2488,-3.677209251411091,-2.658135638882721,1.02,0.369422589111,86dd3a804d78ca5d203ebf98747e8f16dff9713ba8950097ceb760b161e19907,Domains_Alloy
2489,-3.677880074649271,-2.658135638882721,1.02,0.369422589111,86dd3a804d78ca5d203ebf98747e8f16dff9713ba8950097ceb760b161e19907,Domains_Alloy
2490,-3.678551000696931,-2.658135638882721,1.02,0.369422589111,86dd3a804d78ca5d203ebf98747e8f16dff9713ba8950097ceb760b161e19907,Domains_Alloy
2491,-3.67922202951362,-2.658135638882721,1.02,0.369422589111,86dd3a804d78ca5d203ebf98747e8f16dff9713ba8950097ceb760b161e19907,Domains_Alloy
2492,-3.679893161058915,-2.658135638882721,1.02,0.369422589111,86dd3a804d78ca5d203ebf98747e8f16dff9713ba8950097ceb760b161e19907,Domains_Alloy
2493,-3.680564395292422,-2.658135638882721,1.02,0.369422589111,86dd3a804d78ca5d203ebf98747e8f16dff9713ba8950097ceb760b161e19907,Domains_Alloy
2494,-3.681235732173784,-2.658135638882721,1.02,0.369422589111,86dd3a804d78ca5d203ebf98747e8f16dff9713ba8950097ceb760b161e19907,Domains_Alloy
2495,-3.681907171662671,-2.658135638882721,1.02,0.369422589111,86dd3a804d78ca5d203ebf98747e8f16dff9713ba8950097ceb760b161e19907,Domains_Alloy
2496,-3.682578713718789,-2.658135638882721,1.02,0.369422589111,86dd3a804d78ca5d203ebf98747e8f16dff9713ba8950097ceb760b161e19907,Domains_Alloy
2497,-3.683250358301869,-2.658135638882721,1.02,0.369422589111,86dd3a804d78ca5d203ebf98747e8f16dff9713ba8950097ceb760b161e19907,Domains_Alloy
2498,-3.683922105371678,-2.658135638882721,1.02,0.369422589111,86dd3a804d78ca5d203ebf98747e8f16dff9713ba8950097ceb760b161e19907,Domains_Alloy
2499,-3.684593954888011,-2.658135638882721,1.02,0.369422589111,86dd3a804d78ca5d203ebf98747e8f16dff9713ba8950097ceb760b161e19907,Domains_Alloy
