T_K,F_QH_eV_per_atom,E_static_eV_per_atom,volume_scale,min_frequency_THz,checkpoint_sha256,head
851,-2.76924307183005,-2.67487901449204,1,-0.654636123024,86dd3a804d78ca5d203ebf98747e8f16dff9713ba8950097ceb760b161e19907,Domains_Alloy
852,-2.769635676341851,-2.67487901449204,1,-0.654636123024,86dd3a804d78ca5d203ebf98747e8f16dff9713ba8950097ceb760b161e19907,Domains_Alloy
853,-2.77002855914472,-2.67487901449204,1,-0.654636123024,86dd3a804d78ca5d203ebf98747e8f16dff9713ba8950097ceb760b161e19907,Domains_Alloy
854,-2.770421719964143,-2.67487901449204,1,-0.654636123024,86dd3a804d78ca5d203ebf98747e8f16dff9713ba8950097ceb760b161e19907,Domains_Alloy
855,-2.770815158526093,-2.67487901449204,1,-0.654636123024,86dd3a804d78ca5d203ebf98747e8f16dff9713ba8950097ceb760b161e19907,Domains_Alloy
856,-2.771208874557036,-2.67487901449204,1,-0.654636123024,86dd3a804d78ca5d203ebf98747e8f16dff9713ba8950097ceb760b161e19907,Domains_Alloy
857,-2.771602867783922,-2.67487901449204,1,-0.654636123024,86dd3a804d78ca5d203ebf98747e8f16dff9713ba8950097ceb760b161e19907,Domains_Alloy
858,-2.771997137934189,-2.67487901449204,1,-0.654636123024,86dd3a804d78ca5d203ebf98747e8f16dff9713ba8950097ceb760b161e19907,Domains_Alloy
859,-2.772391684735758,-2.67487901449204,1,-0.654636123024,86dd3a804d78ca5d203ebf98747e8f16dff9713ba8950097ceb760b161e19907,Domains_Alloy
860,-2.772786507917037,-2.67487901449204,1,-0.654636123024,86dd3a804d78ca5d203ebf98747e8f16dff9713ba8950097ceb760b161e19907,Domains_Alloy
861,-2.773181607206913,-2.67487901449204,1,-0.654636123024,86dd3a804d78ca5d203ebf98747e8f16dff9713ba8950097ceb760b161e19907,Domains_Alloy
862,-2.773576982334759,-2.67487901449204,1,-0.654636123024,86dd3a804d78ca5d203ebf98747e8f16dff9713ba8950097ceb760b161e19907,Domains_Alloy
863,-2.773972633030424,-2.67487901449204,1,-0.654636123024,86dd3a804d78ca5d203ebf98747e8f16dff9713ba8950097ceb760b161e19907,Domains_Alloy
864,-2.77436855902424,-2.67487901449204,1,-0.654636123024,86dd3a804d78ca5d203ebf98747e8f16dff9713ba8950097ceb760b161e19907,Domains_Alloy
865,-2.774764760047016,-2.67487901449204,1,-0.654636123024,86dd3a804d78ca5d203ebf98747e8f16dff9713ba8950097ceb760b161e19907,Domains_Alloy
866,-2.775161235830037,-2.67487901449204,1,-0.654636123024,86dd3a804d78ca5d203ebf98747e8f16dff9713ba8950097ceb760b161e19907,Domains_Alloy
867,-2.775557986105065,-2.67487901449204,1,-0.654636123024,86dd3a804d78ca5d203ebf98747e8f16dff9713ba8950097ceb760b161e19907,Domains_Alloy
868,-2.775955010604339,-2.67487901449204,1,-0.654636123024,86dd3a804d78ca5d203ebf98747e8f16dff9713ba8950097ceb760b161e19907,Domains_Alloy
869,-2.776352309060568,-2.67487901449204,1,-0.654636123024,86dd3a804d78ca5d203ebf98747e8f16dff9713ba8950097ceb760b161e19907,Domains_Alloy
870,-2.776749881206937,-2.67487901449204,1,-0.654636123024,86dd3a804d78ca5d203ebf98747e8f16dff9713ba8950097ceb760b161e19907,Domains_Alloy
871,-2.777147726777101,-2.67487901449204,1,-0.654636123024,86dd3a804d78ca5d203ebf98747e8f16dff9713ba8950097ceb760b161e19907,Domains_Alloy
872,-2.777545845505184,-2.67487901449204,1,-0.654636123024,86dd3a804d78ca5d203ebf98747e8f16dff9713ba8950097ceb760b161e19907,Domains_Alloy
873,-2.777944237125785,-2.67487901449204,1,-0.654636123024,86dd3a804d78ca5d203ebf98747e8f16dff9713ba8950097ceb760b161e19907,Domains_Alloy
874,-2.778342901373965,-2.67487901449204,1,-0.654636123024,86dd3a804d78ca5d203ebf98747e8f16dff9713ba8950097ceb760b161e19907,Domains_Alloy
875,-2.778741837985255,-2.67487901449204,1,-0.654636123024,86dd3a804d78ca5d203ebf98747e8f16dff9713ba8950097ceb760b161e19907,Domains_Alloy
876,-2.779141046695653,-2.67487901449204,1,-0.654636123024,86dd3a804d78ca5d203ebf98747e8f16dff9713ba8950097ceb760b161e19907,Domains_Alloy
877,-2.779540527241621,-2.67487901449204,1,-0.654636123024,86dd3a804d78ca5d203ebf98747e8f16dff9713ba8950097ceb760b161e19907,Domains_Alloy
878,-2.779940279360085,-2.67487901449204,1,-0.654636123024,86dd3a804d78ca5d203ebf98747e8f16dff9713ba8950097ceb760b161e19907,Domains_Alloy
879,-2.780340302788435,-2.67487901449204,1,-0.654636123024,86dd3a804d78ca5d203ebf98747e8f16dff9713ba8950097ceb760b161e19907,Domains_Alloy
880,-2.78074059726452,-2.67487901449204,1,-0.654636123024,86dd3a804d78ca5d203ebf98747e8f16dff9713ba8950097ceb760b161e19907,Domains_Alloy
881,-2.781141162526653,-2.67487901449204,1,-0.654636123024,86dd3a804d78ca5d203ebf98747e8f16dff9713ba8950097ceb760b161e19907,Domains_Alloy
882,-2.781541998313606,-2.67487901449204,1,-0.654636123024,86dd3a804d78ca5d203ebf98747e8f16dff9713ba8950097ceb760b161e19907,Domains_Alloy
883,-2.781943104364608,-2.67487901449204,1,-0.654636123024,86dd3a804d78ca5d203ebf98747e8f16dff9713ba8950097ceb760b161e19907,Domains_Alloy
884,-2.782344480419346,-2.67487901449204,1,-0.654636123024,86dd3a804d78ca5d203ebf98747e8f16dff9713ba8950097ceb760b161e19907,Domains_Alloy
885,-2.782746126217966,-2.67487901449204,1,-0.654636123024,86dd3a804d78ca5d203ebf98747e8f16dff9713ba8950097ceb760b161e19907,Domains_Alloy
886,-2.783148041501067,-2.67487901449204,1,-0.654636123024,86dd3a804d78ca5d203ebf98747e8f16dff9713ba8950097ceb760b161e19907,Domains_Alloy
887,-2.783550226009702,-2.67487901449204,1,-0.654636123024,86dd3a804d78ca5d203ebf98747e8f16dff9713ba8950097ceb760b161e19907,Domains_Alloy
888,-2.78395267948538,-2.67487901449204,1,-0.654636123024,86dd3a804d78ca5d203ebf98747e8f16dff9713ba8950097ceb760b161e19907,Domains_Alloy
889,-2.784355401670059,-2.67487901449204,1,-0.654636123024,86dd3a804d78ca5d203ebf98747e8f16dff9713ba8950097ceb760b161e19907,Domains_Alloy
890,-2.78475839230615,-2.67487901449204,1,-0.654636123024,86dd3a804d78ca5d203ebf98747e8f16dff9713ba8950097ceb760b161e19907,Domains_Alloy
891,-2.785161651136515,-2.67487901449204,1,-0.654636123024,86dd3a804d78ca5d203ebf98747e8f16dff9713ba8950097ceb760b161e19907,Domains_Alloy
892,-2.785565177904462,-2.67487901449204,1,-0.654636123024,86dd3a804d78ca5d203ebf98747e8f16dff9713ba8950097ceb760b161e19907,Domains_Alloy
893,-2.785968972353752,-2.67487901449204,1,-0.654636123024,86dd3a804d78ca5d203ebf98747e8f16dff9713ba8950097ceb760b161e19907,Domains_Alloy
894,-2.786373034228589,-2.67487901449204,1,-0.654636123024,86dd3a804d78ca5d203ebf98747e8f16dff9713ba8950097ceb760b161e19907,Domains_Alloy
895,-2.786777363273623,-2.67487901449204,1,-0.654636123024,86dd3a804d78ca5d203ebf98747e8f16dff9713ba8950097ceb760b161e19907,Domains_Alloy
896,-2.787181959233951,-2.67487901449204,1,-0.654636123024,86dd3a804d78ca5d203ebf98747e8f16dff9713ba8950097ceb760b161e19907,Domains_Alloy
897,-2.787586821855114,-2.67487901449204,1,-0.654636123024,86dd3a804d78ca5d203ebf98747e8f16dff9713ba8950097ceb760b161e19907,Domains_Alloy
898,-2.787991950883095,-2.67487901449204,1,-0.654636123024,86dd3a804d78ca5d203ebf98747e8f16dff9713ba8950097ceb760b161e19907,Domains_Alloy
899,-2.788397346064317,-2.67487901449204,1,-0.654636123024,86dd3a804d78ca5d203ebf98747e8f16dff9713ba8950097ceb760b161e19907,Domains_Alloy
900,-2.788803007145649,-2.67487901449204,1,-0.654636123024,86dd3a804d78ca5d203ebf98747e8f16dff9713ba8950097ceb760b161e19907,Domains_Alloy
901,-2.789208933874394,-2.67487901449204,1,-0.654636123024,86dd3a804d78ca5d203ebf98747e8f16dff9713ba8950097ceb760b161e19907,Domains_Alloy
902,-2.789615125998298,-2.67487901449204,1,-0.654636123024,86dd3a804d78ca5d203ebf98747e8f16dff9713ba8950097ceb760b161e19907,Domains_Alloy
903,-2.790021583265543,-2.67487901449204,1,-0.654636123024,86dd3a804d78ca5d203ebf98747e8f16dff9713ba8950097ceb760b161e19907,Domains_Alloy
904,-2.790428305424748,-2.67487901449204,1,-0.654636123024,86dd3a804d78ca5d203ebf98747e8f16dff9713ba8950097ceb760b161e19907,Domains_Alloy
905,-2.790835292224967,-2.67487901449204,1,-0.654636123024,86dd3a804d78ca5d203ebf98747e8f16dff9713ba8950097ceb760b161e19907,Domains_Alloy
906,-2.791242543415692,-2.67487901449204,1,-0.654636123024,86dd3a804d78ca5d203ebf98747e8f16dff9713ba8950097ceb760b161e19907,Domains_Alloy
907,-2.791650058746844,-2.67487901449204,1,-0.654636123024,86dd3a804d78ca5d203ebf98747e8f16dff9713ba8950097ceb760b161e19907,Domains_Alloy
908,-2.792057837968781,-2.67487901449204,1,-0.654636123024,86dd3a804d78ca5d203ebf98747e8f16dff9713ba8950097ceb760b161e19907,Domains_Alloy
909,-2.79246588083229,-2.67487901449204,1,-0.654636123024,86dd3a804d78ca5d203ebf98747e8f16dff9713ba8950097ceb760b161e19907,Domains_Alloy
910,-2.79287418708859,-2.67487901449204,1,-0.654636123024,86dd3a804d78ca5d203ebf98747e8f16dff9713ba8950097ceb760b161e19907,Domains_Alloy
911,-2.79328275648933,-2.67487901449204,1,-0.654636123024,86dd3a804d78ca5d203ebf98747e8f16dff9713ba8950097ceb760b161e19907,Domains_Alloy
912,-2.793691588786587,-2.67487901449204,1,-0.654636123024,86dd3a804d78ca5d203ebf98747e8f16dff9713ba8950097ceb760b161e19907,Domains_Alloy
913,-2.794100683732866,-2.67487901449204,1,-0.654636123024,86dd3a804d78ca5d203ebf98747e8f16dff9713ba8950097ceb760b161e19907,Domains_Alloy
914,-2.794510041081099,-2.67487901449204,1,-0.654636123024,86dd3a804d78ca5d203ebf98747e8f16dff9713ba8950097ceb760b161e19907,Domains_Alloy
915,-2.794919660584644,-2.67487901449204,1,-0.654636123024,86dd3a804d78ca5d203ebf98747e8f16dff9713ba8950097ceb760b161e19907,Domains_Alloy
916,-2.795329541997284,-2.67487901449204,1,-0.654636123024,86dd3a804d78ca5d203ebf98747e8f16dff9713ba8950097ceb760b161e19907,Domains_Alloy
917,-2.795739685073224,-2.67487901449204,1,-0.654636123024,86dd3a804d78ca5d203ebf98747e8f16dff9713ba8950097ceb760b161e19907,Domains_Alloy
918,-2.796150089567095,-2.67487901449204,1,-0.654636123024,86dd3a804d78ca5d203ebf98747e8f16dff9713ba8950097ceb760b161e19907,Domains_Alloy
919,-2.796560755233947,-2.67487901449204,1,-0.654636123024,86dd3a804d78ca5d203ebf98747e8f16dff9713ba8950097ceb760b161e19907,Domains_Alloy
920,-2.796971681829253,-2.67487901449204,1,-0.654636123024,86dd3a804d78ca5d203ebf98747e8f16dff9713ba8950097ceb760b161e19907,Domains_Alloy
921,-2.797382869108904,-2.67487901449204,1,-0.654636123024,86dd3a804d78ca5d203ebf98747e8f16dff9713ba8950097ceb760b161e19907,Domains_Alloy
922,-2.797794316829213,-2.67487901449204,1,-0.654636123024,86dd3a804d78ca5d203ebf98747e8f16dff9713ba8950097ceb760b161e19907,Domains_Alloy
923,-2.798206024746908,-2.67487901449204,1,-0.654636123024,86dd3a804d78ca5d203ebf98747e8f16dff9713ba8950097ceb760b161e19907,Domains_Alloy
924,-2.798617992619135,-2.67487901449204,1,-0.654636123024,86dd3a804d78ca5d203ebf98747e8f16dff9713ba8950097ceb760b161e19907,Domains_Alloy
925,-2.799030220203457,-2.67487901449204,1,-0.654636123024,86dd3a804d78ca5d203ebf98747e8f16dff9713ba8950097ceb760b161e19907,Domains_Alloy
926,-2.79944270725785,-2.67487901449204,1,-0.654636123024,86dd3a804d78ca5d203ebf98747e8f16dff9713ba8950097ceb760b161e19907,Domains_Alloy
927,-2.799855453540709,-2.67487901449204,1,-0.654636123024,86dd3a804d78ca5d203ebf98747e8f16dff9713ba8950097ceb760b161e19907,Domains_Alloy
928,-2.800268458810836,-2.67487901449204,1,-0.654636123024,86dd3a804d78ca5d203ebf98747e8f16dff9713ba8950097ceb760b161e19907,Domains_Alloy
929,-2.800681722827449,-2.67487901449204,1,-0.654636123024,86dd3a804d78ca5d203ebf98747e8f16dff9713ba8950097ceb760b161e19907,Domains_Alloy
930,-2.801095245350176,-2.67487901449204,1,-0.654636123024,86dd3a804d78ca5d203ebf98747e8f16dff9713ba8950097ceb760b161e19907,Domains_Alloy
931,-2.801509026139057,-2.67487901449204,1,-0.654636123024,86dd3a804d78ca5d203ebf98747e8f16dff9713ba8950097ceb760b161e19907,Domains_Alloy
932,-2.801923064954539,-2.67487901449204,1,-0.654636123024,86dd3a804d78ca5d203ebf98747e8f16dff9713ba8950097ceb760b161e19907,Domains_Alloy
933,-2.802337361557481,-2.67487901449204,1,-0.654636123024,86dd3a804d78ca5d203ebf98747e8f16dff9713ba8950097ceb760b161e19907,Domains_Alloy
934,-2.802751915709147,-2.67487901449204,1,-0.654636123024,86dd3a804d78ca5d203ebf98747e8f16dff9713ba8950097ceb760b161e19907,Domains_Alloy
935,-2.803166727171206,-2.67487901449204,1,-0.654636123024,86dd3a804d78ca5d203ebf98747e8f16dff9713ba8950097ceb760b161e19907,Domains_Alloy
936,-2.803581795705738,-2.67487901449204,1,-0.654636123024,86dd3a804d78ca5d203ebf98747e8f16dff9713ba8950097ceb760b161e19907,Domains_Alloy
937,-2.803997121075222,-2.67487901449204,1,-0.654636123024,86dd3a804d78ca5d203ebf98747e8f16dff9713ba8950097ceb760b161e19907,Domains_Alloy
938,-2.804412703042545,-2.67487901449204,1,-0.654636123024,86dd3a804d78ca5d203ebf98747e8f16dff9713ba8950097ceb760b161e19907,Domains_Alloy
939,-2.804828541370995,-2.67487901449204,1,-0.654636123024,86dd3a804d78ca5d203ebf98747e8f16dff9713ba8950097ceb760b161e19907,Domains_Alloy
940,-2.805244635824263,-2.67487901449204,1,-0.654636123024,86dd3a804d78ca5d203ebf98747e8f16dff9713ba8950097ceb760b161e19907,Domains_Alloy
941,-2.805660986166439,-2.67487901449204,1,-0.654636123024,86dd3a804d78ca5d203ebf98747e8f16dff9713ba8950097ceb760b161e19907,Domains_Alloy
942,-2.806077592162016,-2.67487901449204,1,-0.654636123024,86dd3a804d78ca5d203ebf98747e8f16dff9713ba8950097ceb760b161e19907,Domains_Alloy
943,-2.806494453575884,-2.67487901449204,1,-0.654636123024,86dd3a804d78ca5d203ebf98747e8f16dff9713ba8950097ceb760b161e19907,Domains_Alloy
944,-2.806911570173333,-2.67487901449204,1,-0.654636123024,86dd3a804d78ca5d203ebf98747e8f16dff9713ba8950097ceb760b161e19907,Domains_Alloy
945,-2.80732894172005,-2.67487901449204,1,-0.654636123024,86dd3a804d78ca5d203ebf98747e8f16dff9713ba8950097ceb760b161e19907,Domains_Alloy
946,-2.807746567982117,-2.67487901449204,1,-0.654636123024,86dd3a804d78ca5d203ebf98747e8f16dff9713ba8950097ceb760b161e19907,Domains_Alloy
947,-2.808164448726013,-2.67487901449204,1,-0.654636123024,86dd3a804d78ca5d203ebf98747e8f16dff9713ba8950097ceb760b161e19907,Domains_Alloy
948,-2.808582583718612,-2.67487901449204,1,-0.654636123024,86dd3a804d78ca5d203ebf98747e8f16dff9713ba8950097ceb760b161e19907,Domains_Alloy
949,-2.809000972727182,-2.67487901449204,1,-0.654636123024,86dd3a804d78ca5d203ebf98747e8f16dff9713ba8950097ceb760b161e19907,Domains_Alloy
950,-2.809419615519381,-2.67487901449204,1,-0.654636123024,86dd3a804d78ca5d203ebf98747e8f16dff9713ba8950097ceb760b161e19907,Domains_Alloy
951,-2.809838511863263,-2.67487901449204,1,-0.654636123024,86dd3a804d78ca5d203ebf98747e8f16dff9713ba8950097ceb760b161e19907,Domains_Alloy
952,-2.810257661527271,-2.67487901449204,1,-0.654636123024,86dd3a804d78ca5d203ebf98747e8f16dff9713ba8950097ceb760b161e19907,Domains_Alloy
953,-2.810677064280237,-2.67487901449204,1,-0.654636123024,86dd3a804d78ca5d203ebf98747e8f16dff9713ba8950097ceb760b161e19907,Domains_Alloy
954,-2.811096719891386,-2.67487901449204,1,-0.654636123024,86dd3a804d78ca5d203ebf98747e8f16dff9713ba8950097ceb760b161e19907,Domains_Alloy
955,-2.811516628130328,-2.67487901449204,1,-0.654636123024,86dd3a804d78ca5d203ebf98747e8f16dff9713ba8950097ceb760b161e19907,Domains_Alloy
956,-2.811936788767062,-2.67487901449204,1,-0.654636123024,86dd3a804d78ca5d203ebf98747e8f16dff9713ba8950097ceb760b161e19907,Domains_Alloy
957,-2.812357201571973,-2.67487901449204,1,-0.654636123024,86dd3a804d78ca5d203ebf98747e8f16dff9713ba8950097ceb760b161e19907,Domains_Alloy
958,-2.812777866315833,-2.67487901449204,1,-0.654636123024,86dd3a804d78ca5d203ebf98747e8f16dff9713ba8950097ceb760b161e19907,Domains_Alloy
959,-2.813198782769798,-2.67487901449204,1,-0.654636123024,86dd3a804d78ca5d203ebf98747e8f16dff9713ba8950097ceb760b161e19907,Domains_Alloy
960,-2.813619950705407,-2.67487901449204,1,-0.654636123024,86dd3a804d78ca5d203ebf98747e8f16dff9713ba8950097ceb760b161e19907,Domains_Alloy
961,-2.814041369894585,-2.67487901449204,1,-0.654636123024,86dd3a804d78ca5d203ebf98747e8f16dff9713ba8950097ceb760b161e19907,Domains_Alloy
962,-2.814463040109638,-2.67487901449204,1,-0.654636123024,86dd3a804d78ca5d203ebf98747e8f16dff9713ba8950097ceb760b161e19907,Domains_Alloy
963,-2.81488496112325,-2.67487901449204,1,-0.654636123024,86dd3a804d78ca5d203ebf98747e8f16dff9713ba8950097ceb760b161e19907,Domains_Alloy
964,-2.815307132708492,-2.67487901449204,1,-0.654636123024,86dd3a804d78ca5d203ebf98747e8f16dff9713ba8950097ceb760b161e19907,Domains_Alloy
965,-2.815729554638809,-2.67487901449204,1,-0.654636123024,86dd3a804d78ca5d203ebf98747e8f16dff9713ba8950097ceb760b161e19907,Domains_Alloy
966,-2.816152226688027,-2.67487901449204,1,-0.654636123024,86dd3a804d78ca5d203ebf98747e8f16dff9713ba8950097ceb760b161e19907,Domains_Alloy
967,-2.816575148630352,-2.67487901449204,1,-0.654636123024,86dd3a804d78ca5d203ebf98747e8f16dff9713ba8950097ceb760b161e19907,Domains_Alloy
968,-2.816998320240364,-2.67487901449204,1,-0.654636123024,86dd3a804d78ca5d203ebf98747e8f16dff9713ba8950097ceb760b161e19907,Domains_Alloy
969,-2.81742174129302,-2.67487901449204,1,-0.654636123024,86dd3a804d78ca5d203ebf98747e8f16dff9713ba8950097ceb760b161e19907,Domains_Alloy
970,-2.817845411563653,-2.67487901449204,1,-0.654636123024,86dd3a804d78ca5d203ebf98747e8f16dff9713ba8950097ceb760b161e19907,Domains_Alloy
971,-2.81826933082797,-2.67487901449204,1,-0.654636123024,86dd3a804d78ca5d203ebf98747e8f16dff9713ba8950097ceb760b161e19907,Domains_Alloy
972,-2.818693498862052,-2.67487901449204,1,-0.654636123024,86dd3a804d78ca5d203ebf98747e8f16dff9713ba8950097ceb760b161e19907,Domains_Alloy
973,-2.819117915442354,-2.67487901449204,1,-0.654636123024,86dd3a804d78ca5d203ebf98747e8f16dff9713ba8950097ceb760b161e19907,Domains_Alloy
974,-2.8195425803457,-2.67487901449204,1,-0.654636123024,86dd3a804d78ca5d203ebf98747e8f16dff9713ba8950097ceb760b161e19907,Domains_Alloy
975,-2.819967493349289,-2.67487901449204,1,-0.654636123024,86dd3a804d78ca5d203ebf98747e8f16dff9713ba8950097ceb760b161e19907,Domains_Alloy
976,-2.820392654230686,-2.67487901449204,1,-0.654636123024,86dd3a804d78ca5d203ebf98747e8f16dff9713ba8950097ceb760b161e19907,Domains_Alloy
977,-2.820818062767829,-2.67487901449204,1,-0.654636123024,86dd3a804d78ca5d203ebf98747e8f16dff9713ba8950097ceb760b161e19907,Domains_Alloy
978,-2.821243718739024,-2.67487901449204,1,-0.654636123024,86dd3a804d78ca5d203ebf98747e8f16dff9713ba8950097ceb760b161e19907,Domains_Alloy
979,-2.821669621922942,-2.67487901449204,1,-0.654636123024,86dd3a804d78ca5d203ebf98747e8f16dff9713ba8950097ceb760b161e19907,Domains_Alloy
980,-2.822095772098625,-2.67487901449204,1,-0.654636123024,86dd3a804d78ca5d203ebf98747e8f16dff9713ba8950097ceb760b161e19907,Domains_Alloy
981,-2.82252216904548,-2.67487901449204,1,-0.654636123024,86dd3a804d78ca5d203ebf98747e8f16dff9713ba8950097ceb760b161e19907,Domains_Alloy
982,-2.822948812543276,-2.67487901449204,1,-0.654636123024,86dd3a804d78ca5d203ebf98747e8f16dff9713ba8950097ceb760b161e19907,Domains_Alloy
983,-2.823375702372151,-2.67487901449204,1,-0.654636123024,86dd3a804d78ca5d203ebf98747e8f16dff9713ba8950097ceb760b161e19907,Domains_Alloy
984,-2.823802838312604,-2.67487901449204,1,-0.654636123024,86dd3a804d78ca5d203ebf98747e8f16dff9713ba8950097ceb760b161e19907,Domains_Alloy
985,-2.824230220145498,-2.67487901449204,1,-0.654636123024,86dd3a804d78ca5d203ebf98747e8f16dff9713ba8950097ceb760b161e19907,Domains_Alloy
986,-2.824657847652058,-2.67487901449204,1,-0.654636123024,86dd3a804d78ca5d203ebf98747e8f16dff9713ba8950097ceb760b161e19907,Domains_Alloy
987,-2.825085720613869,-2.67487901449204,1,-0.654636123024,86dd3a804d78ca5d203ebf98747e8f16dff9713ba8950097ceb760b161e19907,Domains_Alloy
988,-2.825513838812877,-2.67487901449204,1,-0.654636123024,86dd3a804d78ca5d203ebf98747e8f16dff9713ba8950097ceb760b161e19907,Domains_Alloy
989,-2.825942202031389,-2.67487901449204,1,-0.654636123024,86dd3a804d78ca5d203ebf98747e8f16dff9713ba8950097ceb760b161e19907,Domains_Alloy
990,-2.826370810052069,-2.67487901449204,1,-0.654636123024,86dd3a804d78ca5d203ebf98747e8f16dff9713ba8950097ceb760b161e19907,Domains_Alloy
991,-2.826799662657939,-2.67487901449204,1,-0.654636123024,86dd3a804d78ca5d203ebf98747e8f16dff9713ba8950097ceb760b161e19907,Domains_Alloy
992,-2.82722875963238,-2.67487901449204,1,-0.654636123024,86dd3a804d78ca5d203ebf98747e8f16dff9713ba8950097ceb760b161e19907,Domains_Alloy
993,-2.827658100759126,-2.67487901449204,1,-0.654636123024,86dd3a804d78ca5d203ebf98747e8f16dff9713ba8950097ceb760b161e19907,Domains_Alloy
994,-2.828087685822271,-2.67487901449204,1,-0.654636123024,86dd3a804d78ca5d203ebf98747e8f16dff9713ba8950097ceb760b161e19907,Domains_Alloy
995,-2.828517514606259,-2.67487901449204,1,-0.654636123024,86dd3a804d78ca5d203ebf98747e8f16dff9713ba8950097ceb760b161e19907,Domains_Alloy
996,-2.828947586895892,-2.67487901449204,1,-0.654636123024,86dd3a804d78ca5d203ebf98747e8f16dff9713ba8950097ceb760b161e19907,Domains_Alloy
997,-2.829377902476323,-2.67487901449204,1,-0.654636123024,86dd3a804d78ca5d203ebf98747e8f16dff9713ba8950097ceb760b161e19907,Domains_Alloy
998,-2.829808461133058,-2.67487901449204,1,-0.654636123024,86dd3a804d78ca5d203ebf98747e8f16dff9713ba8950097ceb760b161e19907,Domains_Alloy
999,-2.830239262651954,-2.67487901449204,1,-0.654636123024,86dd3a804d78ca5d203ebf98747e8f16dff9713ba8950097ceb760b161e19907,Domains_Alloy
1000,-2.83067030681922,-2.67487901449204,1,-0.654636123024,86dd3a804d78ca5d203ebf98747e8f16dff9713ba8950097ceb760b161e19907,Domains_Alloy
1001,-2.831101593421413,-2.67487901449204,1,-0.654636123024,86dd3a804d78ca5d203ebf98747e8f16dff9713ba8950097ceb760b161e19907,Domains_Alloy
1002,-2.831533122245441,-2.67487901449204,1,-0.654636123024,86dd3a804d78ca5d203ebf98747e8f16dff9713ba8950097ceb760b161e19907,Domains_Alloy
1003,-2.831964893078561,-2.67487901449204,1,-0.654636123024,86dd3a804d78ca5d203ebf98747e8f16dff9713ba8950097ceb760b161e19907,Domains_Alloy
1004,-2.832396905708374,-2.67487901449204,1,-0.654636123024,86dd3a804d78ca5d203ebf98747e8f16dff9713ba8950097ceb760b161e19907,Domains_Alloy
1005,-2.832829159922832,-2.67487901449204,1,-0.654636123024,86dd3a804d78ca5d203ebf98747e8f16dff9713ba8950097ceb760b161e19907,Domains_Alloy
1006,-2.833261655510231,-2.67487901449204,1,-0.654636123024,86dd3a804d78ca5d203ebf98747e8f16dff9713ba8950097ceb760b161e19907,Domains_Alloy
1007,-2.833694392259213,-2.67487901449204,1,-0.654636123024,86dd3a804d78ca5d203ebf98747e8f16dff9713ba8950097ceb760b161e19907,Domains_Alloy
1008,-2.834127369958764,-2.67487901449204,1,-0.654636123024,86dd3a804d78ca5d203ebf98747e8f16dff9713ba8950097ceb760b161e19907,Domains_Alloy
1009,-2.834560588398215,-2.67487901449204,1,-0.654636123024,86dd3a804d78ca5d203ebf98747e8f16dff9713ba8950097ceb760b161e19907,Domains_Alloy
1010,-2.834994047367238,-2.67487901449204,1,-0.654636123024,86dd3a804d78ca5d203ebf98747e8f16dff9713ba8950097ceb760b161e19907,Domains_Alloy
1011,-2.835427746655848,-2.67487901449204,1,-0.654636123024,86dd3a804d78ca5d203ebf98747e8f16dff9713ba8950097ceb760b161e19907,Domains_Alloy
1012,-2.835861686054403,-2.67487901449204,1,-0.654636123024,86dd3a804d78ca5d203ebf98747e8f16dff9713ba8950097ceb760b161e19907,Domains_Alloy
1013,-2.836295865353601,-2.67487901449204,1,-0.654636123024,86dd3a804d78ca5d203ebf98747e8f16dff9713ba8950097ceb760b161e19907,Domains_Alloy
1014,-2.836730284344477,-2.67487901449204,1,-0.654636123024,86dd3a804d78ca5d203ebf98747e8f16dff9713ba8950097ceb760b161e19907,Domains_Alloy
1015,-2.83716494281841,-2.67487901449204,1,-0.654636123024,86dd3a804d78ca5d203ebf98747e8f16dff9713ba8950097ceb760b161e19907,Domains_Alloy
1016,-2.837599840567114,-2.67487901449204,1,-0.654636123024,86dd3a804d78ca5d203ebf98747e8f16dff9713ba8950097ceb760b161e19907,Domains_Alloy
1017,-2.838034977382641,-2.67487901449204,1,-0.654636123024,86dd3a804d78ca5d203ebf98747e8f16dff9713ba8950097ceb760b161e19907,Domains_Alloy
1018,-2.838470353057382,-2.67487901449204,1,-0.654636123024,86dd3a804d78ca5d203ebf98747e8f16dff9713ba8950097ceb760b161e19907,Domains_Alloy
1019,-2.838905967384064,-2.67487901449204,1,-0.654636123024,86dd3a804d78ca5d203ebf98747e8f16dff9713ba8950097ceb760b161e19907,Domains_Alloy
1020,-2.839341820155745,-2.67487901449204,1,-0.654636123024,86dd3a804d78ca5d203ebf98747e8f16dff9713ba8950097ceb760b161e19907,Domains_Alloy
1021,-2.839777911165824,-2.67487901449204,1,-0.654636123024,86dd3a804d78ca5d203ebf98747e8f16dff9713ba8950097ceb760b161e19907,Domains_Alloy
1022,-2.840214240208029,-2.67487901449204,1,-0.654636123024,86dd3a804d78ca5d203ebf98747e8f16dff9713ba8950097ceb760b161e19907,Domains_Alloy
1023,-2.840650807076424,-2.67487901449204,1,-0.654636123024,86dd3a804d78ca5d203ebf98747e8f16dff9713ba8950097ceb760b161e19907,Domains_Alloy
1024,-2.841087611565404,-2.67487901449204,1,-0.654636123024,86dd3a804d78ca5d203ebf98747e8f16dff9713ba8950097ceb760b161e19907,Domains_Alloy
1025,-2.841524653469697,-2.67487901449204,1,-0.654636123024,86dd3a804d78ca5d203ebf98747e8f16dff9713ba8950097ceb760b161e19907,Domains_Alloy
1026,-2.84196193258436,-2.67487901449204,1,-0.654636123024,86dd3a804d78ca5d203ebf98747e8f16dff9713ba8950097ceb760b161e19907,Domains_Alloy
1027,-2.842399448704783,-2.67487901449204,1,-0.654636123024,86dd3a804d78ca5d203ebf98747e8f16dff9713ba8950097ceb760b161e19907,Domains_Alloy
1028,-2.842837201626683,-2.67487901449204,1,-0.654636123024,86dd3a804d78ca5d203ebf98747e8f16dff9713ba8950097ceb760b161e19907,Domains_Alloy
1029,-2.843275191146108,-2.67487901449204,1,-0.654636123024,86dd3a804d78ca5d203ebf98747e8f16dff9713ba8950097ceb760b161e19907,Domains_Alloy
1030,-2.843713417059431,-2.67487901449204,1,-0.654636123024,86dd3a804d78ca5d203ebf98747e8f16dff9713ba8950097ceb760b161e19907,Domains_Alloy
1031,-2.844151879163355,-2.67487901449204,1,-0.654636123024,86dd3a804d78ca5d203ebf98747e8f16dff9713ba8950097ceb760b161e19907,Domains_Alloy
1032,-2.844590577254909,-2.67487901449204,1,-0.654636123024,86dd3a804d78ca5d203ebf98747e8f16dff9713ba8950097ceb760b161e19907,Domains_Alloy
1033,-2.845029511131447,-2.67487901449204,1,-0.654636123024,86dd3a804d78ca5d203ebf98747e8f16dff9713ba8950097ceb760b161e19907,Domains_Alloy
1034,-2.845468680590649,-2.67487901449204,1,-0.654636123024,86dd3a804d78ca5d203ebf98747e8f16dff9713ba8950097ceb760b161e19907,Domains_Alloy
1035,-2.84590808543052,-2.67487901449204,1,-0.654636123024,86dd3a804d78ca5d203ebf98747e8f16dff9713ba8950097ceb760b161e19907,Domains_Alloy
1036,-2.846347725449386,-2.67487901449204,1,-0.654636123024,86dd3a804d78ca5d203ebf98747e8f16dff9713ba8950097ceb760b161e19907,Domains_Alloy
1037,-2.8467876004459,-2.67487901449204,1,-0.654636123024,86dd3a804d78ca5d203ebf98747e8f16dff9713ba8950097ceb760b161e19907,Domains_Alloy
1038,-2.847227710219033,-2.67487901449204,1,-0.654636123024,86dd3a804d78ca5d203ebf98747e8f16dff9713ba8950097ceb760b161e19907,Domains_Alloy
1039,-2.847668054568081,-2.67487901449204,1,-0.654636123024,86dd3a804d78ca5d203ebf98747e8f16dff9713ba8950097ceb760b161e19907,Domains_Alloy
1040,-2.84810863329266,-2.67487901449204,1,-0.654636123024,86dd3a804d78ca5d203ebf98747e8f16dff9713ba8950097ceb760b161e19907,Domains_Alloy
1041,-2.848549446192704,-2.67487901449204,1,-0.654636123024,86dd3a804d78ca5d203ebf98747e8f16dff9713ba8950097ceb760b161e19907,Domains_Alloy
1042,-2.84899049306847,-2.67487901449204,1,-0.654636123024,86dd3a804d78ca5d203ebf98747e8f16dff9713ba8950097ceb760b161e19907,Domains_Alloy
1043,-2.849431773720531,-2.67487901449204,1,-0.654636123024,86dd3a804d78ca5d203ebf98747e8f16dff9713ba8950097ceb760b161e19907,Domains_Alloy
1044,-2.849873287949779,-2.67487901449204,1,-0.654636123024,86dd3a804d78ca5d203ebf98747e8f16dff9713ba8950097ceb760b161e19907,Domains_Alloy
1045,-2.850315035557423,-2.67487901449204,1,-0.654636123024,86dd3a804d78ca5d203ebf98747e8f16dff9713ba8950097ceb760b161e19907,Domains_Alloy
1046,-2.85075701634499,-2.67487901449204,1,-0.654636123024,86dd3a804d78ca5d203ebf98747e8f16dff9713ba8950097ceb760b161e19907,Domains_Alloy
1047,-2.85119923011432,-2.67487901449204,1,-0.654636123024,86dd3a804d78ca5d203ebf98747e8f16dff9713ba8950097ceb760b161e19907,Domains_Alloy
1048,-2.851641676667572,-2.67487901449204,1,-0.654636123024,86dd3a804d78ca5d203ebf98747e8f16dff9713ba8950097ceb760b161e19907,Domains_Alloy
1049,-2.852084355807216,-2.67487901449204,1,-0.654636123024,86dd3a804d78ca5d203ebf98747e8f16dff9713ba8950097ceb760b161e19907,Domains_Alloy
1050,-2.852527267336038,-2.67487901449204,1,-0.654636123024,86dd3a804d78ca5d203ebf98747e8f16dff9713ba8950097ceb760b161e19907,Domains_Alloy
1051,-2.852970411057137,-2.67487901449204,1,-0.654636123024,86dd3a804d78ca5d203ebf98747e8f16dff9713ba8950097ceb760b161e19907,Domains_Alloy
1052,-2.853413786773924,-2.67487901449204,1,-0.654636123024,86dd3a804d78ca5d203ebf98747e8f16dff9713ba8950097ceb760b161e19907,Domains_Alloy
1053,-2.853857394290122,-2.67487901449204,1,-0.654636123024,86dd3a804d78ca5d203ebf98747e8f16dff9713ba8950097ceb760b161e19907,Domains_Alloy
1054,-2.854301233409764,-2.67487901449204,1,-0.654636123024,86dd3a804d78ca5d203ebf98747e8f16dff9713ba8950097ceb760b161e19907,Domains_Alloy
1055,-2.854745303937196,-2.67487901449204,1,-0.654636123024,86dd3a804d78ca5d203ebf98747e8f16dff9713ba8950097ceb760b161e19907,Domains_Alloy
1056,-2.855189605677071,-2.67487901449204,1,-0.654636123024,86dd3a804d78ca5d203ebf98747e8f16dff9713ba8950097ceb760b161e19907,Domains_Alloy
1057,-2.855634138434352,-2.67487901449204,1,-0.654636123024,86dd3a804d78ca5d203ebf98747e8f16dff9713ba8950097ceb760b161e19907,Domains_Alloy
1058,-2.856078902014311,-2.67487901449204,1,-0.654636123024,86dd3a804d78ca5d203ebf98747e8f16dff9713ba8950097ceb760b161e19907,Domains_Alloy
1059,-2.856523896222528,-2.67487901449204,1,-0.654636123024,86dd3a804d78ca5d203ebf98747e8f16dff9713ba8950097ceb760b161e19907,Domains_Alloy
1060,-2.856969120864889,-2.67487901449204,1,-0.654636123024,86dd3a804d78ca5d203ebf98747e8f16dff9713ba8950097ceb760b161e19907,Domains_Alloy
1061,-2.857414575747585,-2.67487901449204,1,-0.654636123024,86dd3a804d78ca5d203ebf98747e8f16dff9713ba8950097ceb760b161e19907,Domains_Alloy
1062,-2.857860260677117,-2.67487901449204,1,-0.654636123024,86dd3a804d78ca5d203ebf98747e8f16dff9713ba8950097ceb760b161e19907,Domains_Alloy
1063,-2.858306175460286,-2.67487901449204,1,-0.654636123024,86dd3a804d78ca5d203ebf98747e8f16dff9713ba8950097ceb760b161e19907,Domains_Alloy
1064,-2.858752319904201,-2.67487901449204,1,-0.654636123024,86dd3a804d78ca5d203ebf98747e8f16dff9713ba8950097ceb760b161e19907,Domains_Alloy
1065,-2.859198693816274,-2.67487901449204,1,-0.654636123024,86dd3a804d78ca5d203ebf98747e8f16dff9713ba8950097ceb760b161e19907,Domains_Alloy
1066,-2.859645297004218,-2.67487901449204,1,-0.654636123024,86dd3a804d78ca5d203ebf98747e8f16dff9713ba8950097ceb760b161e19907,Domains_Alloy
1067,-2.860092129276051,-2.67487901449204,1,-0.654636123024,86dd3a804d78ca5d203ebf98747e8f16dff9713ba8950097ceb760b161e19907,Domains_Alloy
1068,-2.860539190440091,-2.67487901449204,1,-0.654636123024,86dd3a804d78ca5d203ebf98747e8f16dff9713ba8950097ceb760b161e19907,Domains_Alloy
1069,-2.860986480304957,-2.67487901449204,1,-0.654636123024,86dd3a804d78ca5d203ebf98747e8f16dff9713ba8950097ceb760b161e19907,Domains_Alloy
1070,-2.86143399867957,-2.67487901449204,1,-0.654636123024,86dd3a804d78ca5d203ebf98747e8f16dff9713ba8950097ceb760b161e19907,Domains_Alloy
1071,-2.861881745373149,-2.67487901449204,1,-0.654636123024,86dd3a804d78ca5d203ebf98747e8f16dff9713ba8950097ceb760b161e19907,Domains_Alloy
1072,-2.862329720195213,-2.67487901449204,1,-0.654636123024,86dd3a804d78ca5d203ebf98747e8f16dff9713ba8950097ceb760b161e19907,Domains_Alloy
1073,-2.862777922955579,-2.67487901449204,1,-0.654636123024,86dd3a804d78ca5d203ebf98747e8f16dff9713ba8950097ceb760b161e19907,Domains_Alloy
1074,-2.863226353464362,-2.67487901449204,1,-0.654636123024,86dd3a804d78ca5d203ebf98747e8f16dff9713ba8950097ceb760b161e19907,Domains_Alloy
1075,-2.863675011531975,-2.67487901449204,1,-0.654636123024,86dd3a804d78ca5d203ebf98747e8f16dff9713ba8950097ceb760b161e19907,Domains_Alloy
1076,-2.864123896969124,-2.67487901449204,1,-0.654636123024,86dd3a804d78ca5d203ebf98747e8f16dff9713ba8950097ceb760b161e19907,Domains_Alloy
1077,-2.864573009586817,-2.67487901449204,1,-0.654636123024,86dd3a804d78ca5d203ebf98747e8f16dff9713ba8950097ceb760b161e19907,Domains_Alloy
1078,-2.86502234919635,-2.67487901449204,1,-0.654636123024,86dd3a804d78ca5d203ebf98747e8f16dff9713ba8950097ceb760b161e19907,Domains_Alloy
1079,-2.86547191560932,-2.67487901449204,1,-0.654636123024,86dd3a804d78ca5d203ebf98747e8f16dff9713ba8950097ceb760b161e19907,Domains_Alloy
1080,-2.865921708637613,-2.67487901449204,1,-0.654636123024,86dd3a804d78ca5d203ebf98747e8f16dff9713ba8950097ceb760b161e19907,Domains_Alloy
1081,-2.866371728093413,-2.67487901449204,1,-0.654636123024,86dd3a804d78ca5d203ebf98747e8f16dff9713ba8950097ceb760b161e19907,Domains_Alloy
1082,-2.86682197378919,-2.67487901449204,1,-0.654636123024,86dd3a804d78ca5d203ebf98747e8f16dff9713ba8950097ceb760b161e19907,Domains_Alloy
1083,-2.867272445537713,-2.67487901449204,1,-0.654636123024,86dd3a804d78ca5d203ebf98747e8f16dff9713ba8950097ceb760b161e19907,Domains_Alloy
1084,-2.867723143152038,-2.67487901449204,1,-0.654636123024,86dd3a804d78ca5d203ebf98747e8f16dff9713ba8950097ceb760b161e19907,Domains_Alloy
1085,-2.868174066445514,-2.67487901449204,1,-0.654636123024,86dd3a804d78ca5d203ebf98747e8f16dff9713ba8950097ceb760b161e19907,Domains_Alloy
1086,-2.868625215231779,-2.67487901449204,1,-0.654636123024,86dd3a804d78ca5d203ebf98747e8f16dff9713ba8950097ceb760b161e19907,Domains_Alloy
1087,-2.869076589324761,-2.67487901449204,1,-0.654636123024,86dd3a804d78ca5d203ebf98747e8f16dff9713ba8950097ceb760b161e19907,Domains_Alloy
1088,-2.869528188538675,-2.67487901449204,1,-0.654636123024,86dd3a804d78ca5d203ebf98747e8f16dff9713ba8950097ceb760b161e19907,Domains_Alloy
1089,-2.869980012688026,-2.67487901449204,1,-0.654636123024,86dd3a804d78ca5d203ebf98747e8f16dff9713ba8950097ceb760b161e19907,Domains_Alloy
1090,-2.870432061587608,-2.67487901449204,1,-0.654636123024,86dd3a804d78ca5d203ebf98747e8f16dff9713ba8950097ceb760b161e19907,Domains_Alloy
1091,-2.8708843350525,-2.67487901449204,1,-0.654636123024,86dd3a804d78ca5d203ebf98747e8f16dff9713ba8950097ceb760b161e19907,Domains_Alloy
1092,-2.871336832898066,-2.67487901449204,1,-0.654636123024,86dd3a804d78ca5d203ebf98747e8f16dff9713ba8950097ceb760b161e19907,Domains_Alloy
1093,-2.87178955493996,-2.67487901449204,1,-0.654636123024,86dd3a804d78ca5d203ebf98747e8f16dff9713ba8950097ceb760b161e19907,Domains_Alloy
1094,-2.872242500994115,-2.67487901449204,1,-0.654636123024,86dd3a804d78ca5d203ebf98747e8f16dff9713ba8950097ceb760b161e19907,Domains_Alloy
1095,-2.872695670876756,-2.67487901449204,1,-0.654636123024,86dd3a804d78ca5d203ebf98747e8f16dff9713ba8950097ceb760b161e19907,Domains_Alloy
1096,-2.873149064404386,-2.67487901449204,1,-0.654636123024,86dd3a804d78ca5d203ebf98747e8f16dff9713ba8950097ceb760b161e19907,Domains_Alloy
1097,-2.873602681393793,-2.67487901449204,1,-0.654636123024,86dd3a804d78ca5d203ebf98747e8f16dff9713ba8950097ceb760b161e19907,Domains_Alloy
1098,-2.874056521662049,-2.67487901449204,1,-0.654636123024,86dd3a804d78ca5d203ebf98747e8f16dff9713ba8950097ceb760b161e19907,Domains_Alloy
1099,-2.874510585026507,-2.67487901449204,1,-0.654636123024,86dd3a804d78ca5d203ebf98747e8f16dff9713ba8950097ceb760b161e19907,Domains_Alloy
1100,-2.8749648713048,-2.67487901449204,1,-0.654636123024,86dd3a804d78ca5d203ebf98747e8f16dff9713ba8950097ceb760b161e19907,Domains_Alloy
1101,-2.875419380314845,-2.67487901449204,1,-0.654636123024,86dd3a804d78ca5d203ebf98747e8f16dff9713ba8950097ceb760b161e19907,Domains_Alloy
1102,-2.875874111874837,-2.67487901449204,1,-0.654636123024,86dd3a804d78ca5d203ebf98747e8f16dff9713ba8950097ceb760b161e19907,Domains_Alloy
1103,-2.876329065803251,-2.67487901449204,1,-0.654636123024,86dd3a804d78ca5d203ebf98747e8f16dff9713ba8950097ceb760b161e19907,Domains_Alloy
1104,-2.876784241918843,-2.67487901449204,1,-0.654636123024,86dd3a804d78ca5d203ebf98747e8f16dff9713ba8950097ceb760b161e19907,Domains_Alloy
1105,-2.877239640040643,-2.67487901449204,1,-0.654636123024,86dd3a804d78ca5d203ebf98747e8f16dff9713ba8950097ceb760b161e19907,Domains_Alloy
1106,-2.877695259987963,-2.67487901449204,1,-0.654636123024,86dd3a804d78ca5d203ebf98747e8f16dff9713ba8950097ceb760b161e19907,Domains_Alloy
1107,-2.878151101580392,-2.67487901449204,1,-0.654636123024,86dd3a804d78ca5d203ebf98747e8f16dff9713ba8950097ceb760b161e19907,Domains_Alloy
1108,-2.878607164637793,-2.67487901449204,1,-0.654636123024,86dd3a804d78ca5d203ebf98747e8f16dff9713ba8950097ceb760b161e19907,Domains_Alloy
1109,-2.879063448980306,-2.67487901449204,1,-0.654636123024,86dd3a804d78ca5d203ebf98747e8f16dff9713ba8950097ceb760b161e19907,Domains_Alloy
1110,-2.879519954428349,-2.67487901449204,1,-0.654636123024,86dd3a804d78ca5d203ebf98747e8f16dff9713ba8950097ceb760b161e19907,Domains_Alloy
1111,-2.879976680802612,-2.67487901449204,1,-0.654636123024,86dd3a804d78ca5d203ebf98747e8f16dff9713ba8950097ceb760b161e19907,Domains_Alloy
1112,-2.88043362792406,-2.67487901449204,1,-0.654636123024,86dd3a804d78ca5d203ebf98747e8f16dff9713ba8950097ceb760b161e19907,Domains_Alloy
1113,-2.880890795613933,-2.67487901449204,1,-0.654636123024,86dd3a804d78ca5d203ebf98747e8f16dff9713ba8950097ceb760b161e19907,Domains_Alloy
1114,-2.881348183693742,-2.67487901449204,1,-0.654636123024,86dd3a804d78ca5d203ebf98747e8f16dff9713ba8950097ceb760b161e19907,Domains_Alloy
1115,-2.881805791985273,-2.67487901449204,1,-0.654636123024,86dd3a804d78ca5d203ebf98747e8f16dff9713ba8950097ceb760b161e19907,Domains_Alloy
1116,-2.882263620310581,-2.67487901449204,1,-0.654636123024,86dd3a804d78ca5d203ebf98747e8f16dff9713ba8950097ceb760b161e19907,Domains_Alloy
1117,-2.882721668491995,-2.67487901449204,1,-0.654636123024,86dd3a804d78ca5d203ebf98747e8f16dff9713ba8950097ceb760b161e19907,Domains_Alloy
1118,-2.883179936352113,-2.67487901449204,1,-0.654636123024,86dd3a804d78ca5d203ebf98747e8f16dff9713ba8950097ceb760b161e19907,Domains_Alloy
1119,-2.883638423713805,-2.67487901449204,1,-0.654636123024,86dd3a804d78ca5d203ebf98747e8f16dff9713ba8950097ceb760b161e19907,Domains_Alloy
1120,-2.88409713040021,-2.67487901449204,1,-0.654636123024,86dd3a804d78ca5d203ebf98747e8f16dff9713ba8950097ceb760b161e19907,Domains_Alloy
1121,-2.884556056234734,-2.67487901449204,1,-0.654636123024,86dd3a804d78ca5d203ebf98747e8f16dff9713ba8950097ceb760b161e19907,Domains_Alloy
1122,-2.885015201041054,-2.67487901449204,1,-0.654636123024,86dd3a804d78ca5d203ebf98747e8f16dff9713ba8950097ceb760b161e19907,Domains_Alloy
1123,-2.885474564643114,-2.67487901449204,1,-0.654636123024,86dd3a804d78ca5d203ebf98747e8f16dff9713ba8950097ceb760b161e19907,Domains_Alloy
1124,-2.885934146865127,-2.67487901449204,1,-0.654636123024,86dd3a804d78ca5d203ebf98747e8f16dff9713ba8950097ceb760b161e19907,Domains_Alloy
1125,-2.88639394753157,-2.67487901449204,1,-0.654636123024,86dd3a804d78ca5d203ebf98747e8f16dff9713ba8950097ceb760b161e19907,Domains_Alloy
1126,-2.886853966467187,-2.67487901449204,1,-0.654636123024,86dd3a804d78ca5d203ebf98747e8f16dff9713ba8950097ceb760b161e19907,Domains_Alloy
1127,-2.887314203496989,-2.67487901449204,1,-0.654636123024,86dd3a804d78ca5d203ebf98747e8f16dff9713ba8950097ceb760b161e19907,Domains_Alloy
1128,-2.887774658446251,-2.67487901449204,1,-0.654636123024,86dd3a804d78ca5d203ebf98747e8f16dff9713ba8950097ceb760b161e19907,Domains_Alloy
1129,-2.888235331140513,-2.67487901449204,1,-0.654636123024,86dd3a804d78ca5d203ebf98747e8f16dff9713ba8950097ceb760b161e19907,Domains_Alloy
1130,-2.888696221405579,-2.67487901449204,1,-0.654636123024,86dd3a804d78ca5d203ebf98747e8f16dff9713ba8950097ceb760b161e19907,Domains_Alloy
1131,-2.889157329067516,-2.67487901449204,1,-0.654636123024,86dd3a804d78ca5d203ebf98747e8f16dff9713ba8950097ceb760b161e19907,Domains_Alloy
1132,-2.889618653952653,-2.67487901449204,1,-0.654636123024,86dd3a804d78ca5d203ebf98747e8f16dff9713ba8950097ceb760b161e19907,Domains_Alloy
1133,-2.890080195887584,-2.67487901449204,1,-0.654636123024,86dd3a804d78ca5d203ebf98747e8f16dff9713ba8950097ceb760b161e19907,Domains_Alloy
1134,-2.890541954699161,-2.67487901449204,1,-0.654636123024,86dd3a804d78ca5d203ebf98747e8f16dff9713ba8950097ceb760b161e19907,Domains_Alloy
1135,-2.891003930214501,-2.67487901449204,1,-0.654636123024,86dd3a804d78ca5d203ebf98747e8f16dff9713ba8950097ceb760b161e19907,Domains_Alloy
1136,-2.891466122260979,-2.67487901449204,1,-0.654636123024,86dd3a804d78ca5d203ebf98747e8f16dff9713ba8950097ceb760b161e19907,Domains_Alloy
1137,-2.891928530666231,-2.67487901449204,1,-0.654636123024,86dd3a804d78ca5d203ebf98747e8f16dff9713ba8950097ceb760b161e19907,Domains_Alloy
1138,-2.892391155258153,-2.67487901449204,1,-0.654636123024,86dd3a804d78ca5d203ebf98747e8f16dff9713ba8950097ceb760b161e19907,Domains_Alloy
1139,-2.892853995864898,-2.67487901449204,1,-0.654636123024,86dd3a804d78ca5d203ebf98747e8f16dff9713ba8950097ceb760b161e19907,Domains_Alloy
1140,-2.893317052314881,-2.67487901449204,1,-0.654636123024,86dd3a804d78ca5d203ebf98747e8f16dff9713ba8950097ceb760b161e19907,Domains_Alloy
1141,-2.893780324436769,-2.67487901449204,1,-0.654636123024,86dd3a804d78ca5d203ebf98747e8f16dff9713ba8950097ceb760b161e19907,Domains_Alloy
1142,-2.894243812059494,-2.67487901449204,1,-0.654636123024,86dd3a804d78ca5d203ebf98747e8f16dff9713ba8950097ceb760b161e19907,Domains_Alloy
1143,-2.894707515012239,-2.67487901449204,1,-0.654636123024,86dd3a804d78ca5d203ebf98747e8f16dff9713ba8950097ceb760b161e19907,Domains_Alloy
1144,-2.895171433124446,-2.67487901449204,1,-0.654636123024,86dd3a804d78ca5d203ebf98747e8f16dff9713ba8950097ceb760b161e19907,Domains_Alloy
1145,-2.895635566225811,-2.67487901449204,1,-0.654636123024,86dd3a804d78ca5d203ebf98747e8f16dff9713ba8950097ceb760b161e19907,Domains_Alloy
1146,-2.896099914146286,-2.67487901449204,1,-0.654636123024,86dd3a804d78ca5d203ebf98747e8f16dff9713ba8950097ceb760b161e19907,Domains_Alloy
1147,-2.896564476716077,-2.67487901449204,1,-0.654636123024,86dd3a804d78ca5d203ebf98747e8f16dff9713ba8950097ceb760b161e19907,Domains_Alloy
1148,-2.897029253765646,-2.67487901449204,1,-0.654636123024,86dd3a804d78ca5d203ebf98747e8f16dff9713ba8950097ceb760b161e19907,Domains_Alloy
1149,-2.897494245125707,-2.67487901449204,1,-0.654636123024,86dd3a804d78ca5d203ebf98747e8f16dff9713ba8950097ceb760b161e19907,Domains_Alloy
1150,-2.897959450627227,-2.67487901449204,1,-0.654636123024,86dd3a804d78ca5d203ebf98747e8f16dff9713ba8950097ceb760b161e19907,Domains_Alloy
1151,-2.898424870101425,-2.67487901449204,1,-0.654636123024,86dd3a804d78ca5d203ebf98747e8f16dff9713ba8950097ceb760b161e19907,Domains_Alloy
1152,-2.898890503379774,-2.67487901449204,1,-0.654636123024,86dd3a804d78ca5d203ebf98747e8f16dff9713ba8950097ceb760b161e19907,Domains_Alloy
1153,-2.899356350293997,-2.67487901449204,1,-0.654636123024,86dd3a804d78ca5d203ebf98747e8f16dff9713ba8950097ceb760b161e19907,Domains_Alloy
1154,-2.899822410676069,-2.67487901449204,1,-0.654636123024,86dd3a804d78ca5d203ebf98747e8f16dff9713ba8950097ceb760b161e19907,Domains_Alloy
1155,-2.900288684358212,-2.67487901449204,1,-0.654636123024,86dd3a804d78ca5d203ebf98747e8f16dff9713ba8950097ceb760b161e19907,Domains_Alloy
1156,-2.900755171172903,-2.67487901449204,1,-0.654636123024,86dd3a804d78ca5d203ebf98747e8f16dff9713ba8950097ceb760b161e19907,Domains_Alloy
1157,-2.901221870952863,-2.67487901449204,1,-0.654636123024,86dd3a804d78ca5d203ebf98747e8f16dff9713ba8950097ceb760b161e19907,Domains_Alloy
1158,-2.901688783531068,-2.67487901449204,1,-0.654636123024,86dd3a804d78ca5d203ebf98747e8f16dff9713ba8950097ceb760b161e19907,Domains_Alloy
1159,-2.902155908740736,-2.67487901449204,1,-0.654636123024,86dd3a804d78ca5d203ebf98747e8f16dff9713ba8950097ceb760b161e19907,Domains_Alloy
1160,-2.902623246415337,-2.67487901449204,1,-0.654636123024,86dd3a804d78ca5d203ebf98747e8f16dff9713ba8950097ceb760b161e19907,Domains_Alloy
1161,-2.903090796388586,-2.67487901449204,1,-0.654636123024,86dd3a804d78ca5d203ebf98747e8f16dff9713ba8950097ceb760b161e19907,Domains_Alloy
1162,-2.903558558494446,-2.67487901449204,1,-0.654636123024,86dd3a804d78ca5d203ebf98747e8f16dff9713ba8950097ceb760b161e19907,Domains_Alloy
1163,-2.904026532567126,-2.67487901449204,1,-0.654636123024,86dd3a804d78ca5d203ebf98747e8f16dff9713ba8950097ceb760b161e19907,Domains_Alloy
1164,-2.904494718441081,-2.67487901449204,1,-0.654636123024,86dd3a804d78ca5d203ebf98747e8f16dff9713ba8950097ceb760b161e19907,Domains_Alloy
1165,-2.904963115951009,-2.67487901449204,1,-0.654636123024,86dd3a804d78ca5d203ebf98747e8f16dff9713ba8950097ceb760b161e19907,Domains_Alloy
1166,-2.905431724931856,-2.67487901449204,1,-0.654636123024,86dd3a804d78ca5d203ebf98747e8f16dff9713ba8950097ceb760b161e19907,Domains_Alloy
1167,-2.905900545218811,-2.67487901449204,1,-0.654636123024,86dd3a804d78ca5d203ebf98747e8f16dff9713ba8950097ceb760b161e19907,Domains_Alloy
1168,-2.906369576647304,-2.67487901449204,1,-0.654636123024,86dd3a804d78ca5d203ebf98747e8f16dff9713ba8950097ceb760b161e19907,Domains_Alloy
1169,-2.906838819053012,-2.67487901449204,1,-0.654636123024,86dd3a804d78ca5d203ebf98747e8f16dff9713ba8950097ceb760b161e19907,Domains_Alloy
1170,-2.907308272271854,-2.67487901449204,1,-0.654636123024,86dd3a804d78ca5d203ebf98747e8f16dff9713ba8950097ceb760b161e19907,Domains_Alloy
1171,-2.907777936139988,-2.67487901449204,1,-0.654636123024,86dd3a804d78ca5d203ebf98747e8f16dff9713ba8950097ceb760b161e19907,Domains_Alloy
1172,-2.908247810493817,-2.67487901449204,1,-0.654636123024,86dd3a804d78ca5d203ebf98747e8f16dff9713ba8950097ceb760b161e19907,Domains_Alloy
1173,-2.908717895169984,-2.67487901449204,1,-0.654636123024,86dd3a804d78ca5d203ebf98747e8f16dff9713ba8950097ceb760b161e19907,Domains_Alloy
1174,-2.909188190005372,-2.67487901449204,1,-0.654636123024,86dd3a804d78ca5d203ebf98747e8f16dff9713ba8950097ceb760b161e19907,Domains_Alloy
1175,-2.909658694837105,-2.67487901449204,1,-0.654636123024,86dd3a804d78ca5d203ebf98747e8f16dff9713ba8950097ceb760b161e19907,Domains_Alloy
1176,-2.910129409502548,-2.67487901449204,1,-0.654636123024,86dd3a804d78ca5d203ebf98747e8f16dff9713ba8950097ceb760b161e19907,Domains_Alloy
1177,-2.910600333839301,-2.67487901449204,1,-0.654636123024,86dd3a804d78ca5d203ebf98747e8f16dff9713ba8950097ceb760b161e19907,Domains_Alloy
1178,-2.911071467685207,-2.67487901449204,1,-0.654636123024,86dd3a804d78ca5d203ebf98747e8f16dff9713ba8950097ceb760b161e19907,Domains_Alloy
1179,-2.911542810878345,-2.67487901449204,1,-0.654636123024,86dd3a804d78ca5d203ebf98747e8f16dff9713ba8950097ceb760b161e19907,Domains_Alloy
1180,-2.912014363257029,-2.67487901449204,1,-0.654636123024,86dd3a804d78ca5d203ebf98747e8f16dff9713ba8950097ceb760b161e19907,Domains_Alloy
1181,-2.912486124659818,-2.67487901449204,1,-0.654636123024,86dd3a804d78ca5d203ebf98747e8f16dff9713ba8950097ceb760b161e19907,Domains_Alloy
1182,-2.912958094925501,-2.67487901449204,1,-0.654636123024,86dd3a804d78ca5d203ebf98747e8f16dff9713ba8950097ceb760b161e19907,Domains_Alloy
1183,-2.913430273893104,-2.67487901449204,1,-0.654636123024,86dd3a804d78ca5d203ebf98747e8f16dff9713ba8950097ceb760b161e19907,Domains_Alloy
1184,-2.91390266140189,-2.67487901449204,1,-0.654636123024,86dd3a804d78ca5d203ebf98747e8f16dff9713ba8950097ceb760b161e19907,Domains_Alloy
1185,-2.914375257291357,-2.67487901449204,1,-0.654636123024,86dd3a804d78ca5d203ebf98747e8f16dff9713ba8950097ceb760b161e19907,Domains_Alloy
1186,-2.914848061401238,-2.67487901449204,1,-0.654636123024,86dd3a804d78ca5d203ebf98747e8f16dff9713ba8950097ceb760b161e19907,Domains_Alloy
1187,-2.9153210735715,-2.67487901449204,1,-0.654636123024,86dd3a804d78ca5d203ebf98747e8f16dff9713ba8950097ceb760b161e19907,Domains_Alloy
1188,-2.915794293642343,-2.67487901449204,1,-0.654636123024,86dd3a804d78ca5d203ebf98747e8f16dff9713ba8950097ceb760b161e19907,Domains_Alloy
1189,-2.916267721454201,-2.67487901449204,1,-0.654636123024,86dd3a804d78ca5d203ebf98747e8f16dff9713ba8950097ceb760b161e19907,Domains_Alloy
1190,-2.916741356847741,-2.67487901449204,1,-0.654636123024,86dd3a804d78ca5d203ebf98747e8f16dff9713ba8950097ceb760b161e19907,Domains_Alloy
1191,-2.917215199663862,-2.67487901449204,1,-0.654636123024,86dd3a804d78ca5d203ebf98747e8f16dff9713ba8950097ceb760b161e19907,Domains_Alloy
1192,-2.917689249743694,-2.67487901449204,1,-0.654636123024,86dd3a804d78ca5d203ebf98747e8f16dff9713ba8950097ceb760b161e19907,Domains_Alloy
1193,-2.9181635069286,-2.67487901449204,1,-0.654636123024,86dd3a804d78ca5d203ebf98747e8f16dff9713ba8950097ceb760b161e19907,Domains_Alloy
1194,-2.918637971060173,-2.67487901449204,1,-0.654636123024,86dd3a804d78ca5d203ebf98747e8f16dff9713ba8950097ceb760b161e19907,Domains_Alloy
1195,-2.919112641980236,-2.67487901449204,1,-0.654636123024,86dd3a804d78ca5d203ebf98747e8f16dff9713ba8950097ceb760b161e19907,Domains_Alloy
1196,-2.919587519530842,-2.67487901449204,1,-0.654636123024,86dd3a804d78ca5d203ebf98747e8f16dff9713ba8950097ceb760b161e19907,Domains_Alloy
1197,-2.920062603554275,-2.67487901449204,1,-0.654636123024,86dd3a804d78ca5d203ebf98747e8f16dff9713ba8950097ceb760b161e19907,Domains_Alloy
1198,-2.920537893893046,-2.67487901449204,1,-0.654636123024,86dd3a804d78ca5d203ebf98747e8f16dff9713ba8950097ceb760b161e19907,Domains_Alloy
1199,-2.921013390389895,-2.67487901449204,1,-0.654636123024,86dd3a804d78ca5d203ebf98747e8f16dff9713ba8950097ceb760b161e19907,Domains_Alloy
1200,-2.921489092887791,-2.67487901449204,1,-0.654636123024,86dd3a804d78ca5d203ebf98747e8f16dff9713ba8950097ceb760b161e19907,Domains_Alloy
1201,-2.921965001229931,-2.67487901449204,1,-0.654636123024,86dd3a804d78ca5d203ebf98747e8f16dff9713ba8950097ceb760b161e19907,Domains_Alloy
1202,-2.922441115259734,-2.67487901449204,1,-0.654636123024,86dd3a804d78ca5d203ebf98747e8f16dff9713ba8950097ceb760b161e19907,Domains_Alloy
1203,-2.922917434820854,-2.67487901449204,1,-0.654636123024,86dd3a804d78ca5d203ebf98747e8f16dff9713ba8950097ceb760b161e19907,Domains_Alloy
1204,-2.923393959757165,-2.67487901449204,1,-0.654636123024,86dd3a804d78ca5d203ebf98747e8f16dff9713ba8950097ceb760b161e19907,Domains_Alloy
1205,-2.923870689912768,-2.67487901449204,1,-0.654636123024,86dd3a804d78ca5d203ebf98747e8f16dff9713ba8950097ceb760b161e19907,Domains_Alloy
1206,-2.924347625131991,-2.67487901449204,1,-0.654636123024,86dd3a804d78ca5d203ebf98747e8f16dff9713ba8950097ceb760b161e19907,Domains_Alloy
1207,-2.924824765259385,-2.67487901449204,1,-0.654636123024,86dd3a804d78ca5d203ebf98747e8f16dff9713ba8950097ceb760b161e19907,Domains_Alloy
1208,-2.925302110139726,-2.67487901449204,1,-0.654636123024,86dd3a804d78ca5d203ebf98747e8f16dff9713ba8950097ceb760b161e19907,Domains_Alloy
1209,-2.925779659618015,-2.67487901449204,1,-0.654636123024,86dd3a804d78ca5d203ebf98747e8f16dff9713ba8950097ceb760b161e19907,Domains_Alloy
1210,-2.926257413539472,-2.67487901449204,1,-0.654636123024,86dd3a804d78ca5d203ebf98747e8f16dff9713ba8950097ceb760b161e19907,Domains_Alloy
1211,-2.926735371749547,-2.67487901449204,1,-0.654636123024,86dd3a804d78ca5d203ebf98747e8f16dff9713ba8950097ceb760b161e19907,Domains_Alloy
1212,-2.927213534093905,-2.67487901449204,1,-0.654636123024,86dd3a804d78ca5d203ebf98747e8f16dff9713ba8950097ceb760b161e19907,Domains_Alloy
1213,-2.92769190041844,-2.67487901449204,1,-0.654636123024,86dd3a804d78ca5d203ebf98747e8f16dff9713ba8950097ceb760b161e19907,Domains_Alloy
1214,-2.928170470569262,-2.67487901449204,1,-0.654636123024,86dd3a804d78ca5d203ebf98747e8f16dff9713ba8950097ceb760b161e19907,Domains_Alloy
1215,-2.928649244392706,-2.67487901449204,1,-0.654636123024,86dd3a804d78ca5d203ebf98747e8f16dff9713ba8950097ceb760b161e19907,Domains_Alloy
1216,-2.929128221735326,-2.67487901449204,1,-0.654636123024,86dd3a804d78ca5d203ebf98747e8f16dff9713ba8950097ceb760b161e19907,Domains_Alloy
1217,-2.929607402443895,-2.67487901449204,1,-0.654636123024,86dd3a804d78ca5d203ebf98747e8f16dff9713ba8950097ceb760b161e19907,Domains_Alloy
1218,-2.930086786365409,-2.67487901449204,1,-0.654636123024,86dd3a804d78ca5d203ebf98747e8f16dff9713ba8950097ceb760b161e19907,Domains_Alloy
1219,-2.93056637334708,-2.67487901449204,1,-0.654636123024,86dd3a804d78ca5d203ebf98747e8f16dff9713ba8950097ceb760b161e19907,Domains_Alloy
1220,-2.931046163236342,-2.67487901449204,1,-0.654636123024,86dd3a804d78ca5d203ebf98747e8f16dff9713ba8950097ceb760b161e19907,Domains_Alloy
1221,-2.931526155880844,-2.67487901449204,1,-0.654636123024,86dd3a804d78ca5d203ebf98747e8f16dff9713ba8950097ceb760b161e19907,Domains_Alloy
1222,-2.932006351128456,-2.67487901449204,1,-0.654636123024,86dd3a804d78ca5d203ebf98747e8f16dff9713ba8950097ceb760b161e19907,Domains_Alloy
1223,-2.932486748827266,-2.67487901449204,1,-0.654636123024,86dd3a804d78ca5d203ebf98747e8f16dff9713ba8950097ceb760b161e19907,Domains_Alloy
1224,-2.932967348825575,-2.67487901449204,1,-0.654636123024,86dd3a804d78ca5d203ebf98747e8f16dff9713ba8950097ceb760b161e19907,Domains_Alloy
1225,-2.933448150971905,-2.67487901449204,1,-0.654636123024,86dd3a804d78ca5d203ebf98747e8f16dff9713ba8950097ceb760b161e19907,Domains_Alloy
1226,-2.933929155114992,-2.67487901449204,1,-0.654636123024,86dd3a804d78ca5d203ebf98747e8f16dff9713ba8950097ceb760b161e19907,Domains_Alloy
1227,-2.934410361103789,-2.67487901449204,1,-0.654636123024,86dd3a804d78ca5d203ebf98747e8f16dff9713ba8950097ceb760b161e19907,Domains_Alloy
1228,-2.934891768787462,-2.67487901449204,1,-0.654636123024,86dd3a804d78ca5d203ebf98747e8f16dff9713ba8950097ceb760b161e19907,Domains_Alloy
1229,-2.935373378015397,-2.67487901449204,1,-0.654636123024,86dd3a804d78ca5d203ebf98747e8f16dff9713ba8950097ceb760b161e19907,Domains_Alloy
1230,-2.935855188637188,-2.67487901449204,1,-0.654636123024,86dd3a804d78ca5d203ebf98747e8f16dff9713ba8950097ceb760b161e19907,Domains_Alloy
1231,-2.936337200502647,-2.67487901449204,1,-0.654636123024,86dd3a804d78ca5d203ebf98747e8f16dff9713ba8950097ceb760b161e19907,Domains_Alloy
1232,-2.936819413461801,-2.67487901449204,1,-0.654636123024,86dd3a804d78ca5d203ebf98747e8f16dff9713ba8950097ceb760b161e19907,Domains_Alloy
1233,-2.937301827364886,-2.67487901449204,1,-0.654636123024,86dd3a804d78ca5d203ebf98747e8f16dff9713ba8950097ceb760b161e19907,Domains_Alloy
1234,-2.937784442062354,-2.67487901449204,1,-0.654636123024,86dd3a804d78ca5d203ebf98747e8f16dff9713ba8950097ceb760b161e19907,Domains_Alloy
1235,-2.938267257404867,-2.67487901449204,1,-0.654636123024,86dd3a804d78ca5d203ebf98747e8f16dff9713ba8950097ceb760b161e19907,Domains_Alloy
1236,-2.938750273243301,-2.67487901449204,1,-0.654636123024,86dd3a804d78ca5d203ebf98747e8f16dff9713ba8950097ceb760b161e19907,Domains_Alloy
1237,-2.939233489428743,-2.67487901449204,1,-0.654636123024,86dd3a804d78ca5d203ebf98747e8f16dff9713ba8950097ceb760b161e19907,Domains_Alloy
1238,-2.939716905812491,-2.67487901449204,1,-0.654636123024,86dd3a804d78ca5d203ebf98747e8f16dff9713ba8950097ceb760b161e19907,Domains_Alloy
1239,-2.940200522246053,-2.67487901449204,1,-0.654636123024,86dd3a804d78ca5d203ebf98747e8f16dff9713ba8950097ceb760b161e19907,Domains_Alloy
1240,-2.940684338581147,-2.67487901449204,1,-0.654636123024,86dd3a804d78ca5d203ebf98747e8f16dff9713ba8950097ceb760b161e19907,Domains_Alloy
1241,-2.941168354669702,-2.67487901449204,1,-0.654636123024,86dd3a804d78ca5d203ebf98747e8f16dff9713ba8950097ceb760b161e19907,Domains_Alloy
1242,-2.941652570363856,-2.67487901449204,1,-0.654636123024,86dd3a804d78ca5d203ebf98747e8f16dff9713ba8950097ceb760b161e19907,Domains_Alloy
1243,-2.942136985515955,-2.67487901449204,1,-0.654636123024,86dd3a804d78ca5d203ebf98747e8f16dff9713ba8950097ceb760b161e19907,Domains_Alloy
1244,-2.942621599978556,-2.67487901449204,1,-0.654636123024,86dd3a804d78ca5d203ebf98747e8f16dff9713ba8950097ceb760b161e19907,Domains_Alloy
1245,-2.943106413604419,-2.67487901449204,1,-0.654636123024,86dd3a804d78ca5d203ebf98747e8f16dff9713ba8950097ceb760b161e19907,Domains_Alloy
1246,-2.943591426246519,-2.67487901449204,1,-0.654636123024,86dd3a804d78ca5d203ebf98747e8f16dff9713ba8950097ceb760b161e19907,Domains_Alloy
1247,-2.944076637758032,-2.67487901449204,1,-0.654636123024,86dd3a804d78ca5d203ebf98747e8f16dff9713ba8950097ceb760b161e19907,Domains_Alloy
1248,-2.944562047992344,-2.67487901449204,1,-0.654636123024,86dd3a804d78ca5d203ebf98747e8f16dff9713ba8950097ceb760b161e19907,Domains_Alloy
1249,-2.945047656803046,-2.67487901449204,1,-0.654636123024,86dd3a804d78ca5d203ebf98747e8f16dff9713ba8950097ceb760b161e19907,Domains_Alloy
1250,-2.945533464043936,-2.67487901449204,1,-0.654636123024,86dd3a804d78ca5d203ebf98747e8f16dff9713ba8950097ceb760b161e19907,Domains_Alloy
1251,-2.946019469569019,-2.67487901449204,1,-0.654636123024,86dd3a804d78ca5d203ebf98747e8f16dff9713ba8950097ceb760b161e19907,Domains_Alloy
1252,-2.946505673232501,-2.67487901449204,1,-0.654636123024,86dd3a804d78ca5d203ebf98747e8f16dff9713ba8950097ceb760b161e19907,Domains_Alloy
1253,-2.946992074888796,-2.67487901449204,1,-0.654636123024,86dd3a804d78ca5d203ebf98747e8f16dff9713ba8950097ceb760b161e19907,Domains_Alloy
1254,-2.947478674392523,-2.67487901449204,1,-0.654636123024,86dd3a804d78ca5d203ebf98747e8f16dff9713ba8950097ceb760b161e19907,Domains_Alloy
1255,-2.947965471598502,-2.67487901449204,1,-0.654636123024,86dd3a804d78ca5d203ebf98747e8f16dff9713ba8950097ceb760b161e19907,Domains_Alloy
1256,-2.94845246636176,-2.67487901449204,1,-0.654636123024,86dd3a804d78ca5d203ebf98747e8f16dff9713ba8950097ceb760b161e19907,Domains_Alloy
1257,-2.948939658537525,-2.67487901449204,1,-0.654636123024,86dd3a804d78ca5d203ebf98747e8f16dff9713ba8950097ceb760b161e19907,Domains_Alloy
1258,-2.949427047981227,-2.67487901449204,1,-0.654636123024,86dd3a804d78ca5d203ebf98747e8f16dff9713ba8950097ceb760b161e19907,Domains_Alloy
1259,-2.9499146345485,-2.67487901449204,1,-0.654636123024,86dd3a804d78ca5d203ebf98747e8f16dff9713ba8950097ceb760b161e19907,Domains_Alloy
1260,-2.950402418095181,-2.67487901449204,1,-0.654636123024,86dd3a804d78ca5d203ebf98747e8f16dff9713ba8950097ceb760b161e19907,Domains_Alloy
1261,-2.950890398477306,-2.67487901449204,1,-0.654636123024,86dd3a804d78ca5d203ebf98747e8f16dff9713ba8950097ceb760b161e19907,Domains_Alloy
1262,-2.951378575551113,-2.67487901449204,1,-0.654636123024,86dd3a804d78ca5d203ebf98747e8f16dff9713ba8950097ceb760b161e19907,Domains_Alloy
1263,-2.951866949173042,-2.67487901449204,1,-0.654636123024,86dd3a804d78ca5d203ebf98747e8f16dff9713ba8950097ceb760b161e19907,Domains_Alloy
1264,-2.952355519199731,-2.67487901449204,1,-0.654636123024,86dd3a804d78ca5d203ebf98747e8f16dff9713ba8950097ceb760b161e19907,Domains_Alloy
1265,-2.95284428548802,-2.67487901449204,1,-0.654636123024,86dd3a804d78ca5d203ebf98747e8f16dff9713ba8950097ceb760b161e19907,Domains_Alloy
1266,-2.953333247894949,-2.67487901449204,1,-0.654636123024,86dd3a804d78ca5d203ebf98747e8f16dff9713ba8950097ceb760b161e19907,Domains_Alloy
1267,-2.953822406277754,-2.67487901449204,1,-0.654636123024,86dd3a804d78ca5d203ebf98747e8f16dff9713ba8950097ceb760b161e19907,Domains_Alloy
1268,-2.954311760493873,-2.67487901449204,1,-0.654636123024,86dd3a804d78ca5d203ebf98747e8f16dff9713ba8950097ceb760b161e19907,Domains_Alloy
1269,-2.954801310400942,-2.67487901449204,1,-0.654636123024,86dd3a804d78ca5d203ebf98747e8f16dff9713ba8950097ceb760b161e19907,Domains_Alloy
1270,-2.955291055856792,-2.67487901449204,1,-0.654636123024,86dd3a804d78ca5d203ebf98747e8f16dff9713ba8950097ceb760b161e19907,Domains_Alloy
1271,-2.955780996719455,-2.67487901449204,1,-0.654636123024,86dd3a804d78ca5d203ebf98747e8f16dff9713ba8950097ceb760b161e19907,Domains_Alloy
1272,-2.956271132847158,-2.67487901449204,1,-0.654636123024,86dd3a804d78ca5d203ebf98747e8f16dff9713ba8950097ceb760b161e19907,Domains_Alloy
1273,-2.956761464098328,-2.67487901449204,1,-0.654636123024,86dd3a804d78ca5d203ebf98747e8f16dff9713ba8950097ceb760b161e19907,Domains_Alloy
1274,-2.957251990331584,-2.67487901449204,1,-0.654636123024,86dd3a804d78ca5d203ebf98747e8f16dff9713ba8950097ceb760b161e19907,Domains_Alloy
1275,-2.957742711405743,-2.67487901449204,1,-0.654636123024,86dd3a804d78ca5d203ebf98747e8f16dff9713ba8950097ceb760b161e19907,Domains_Alloy
1276,-2.95823362717982,-2.67487901449204,1,-0.654636123024,86dd3a804d78ca5d203ebf98747e8f16dff9713ba8950097ceb760b161e19907,Domains_Alloy
1277,-2.958724737513022,-2.67487901449204,1,-0.654636123024,86dd3a804d78ca5d203ebf98747e8f16dff9713ba8950097ceb760b161e19907,Domains_Alloy
1278,-2.95921604226475,-2.67487901449204,1,-0.654636123024,86dd3a804d78ca5d203ebf98747e8f16dff9713ba8950097ceb760b161e19907,Domains_Alloy
1279,-2.959707541294604,-2.67487901449204,1,-0.654636123024,86dd3a804d78ca5d203ebf98747e8f16dff9713ba8950097ceb760b161e19907,Domains_Alloy
1280,-2.960199234462376,-2.67487901449204,1,-0.654636123024,86dd3a804d78ca5d203ebf98747e8f16dff9713ba8950097ceb760b161e19907,Domains_Alloy
1281,-2.960691121628048,-2.67487901449204,1,-0.654636123024,86dd3a804d78ca5d203ebf98747e8f16dff9713ba8950097ceb760b161e19907,Domains_Alloy
1282,-2.9611832026518,-2.67487901449204,1,-0.654636123024,86dd3a804d78ca5d203ebf98747e8f16dff9713ba8950097ceb760b161e19907,Domains_Alloy
1283,-2.961675477394006,-2.67487901449204,1,-0.654636123024,86dd3a804d78ca5d203ebf98747e8f16dff9713ba8950097ceb760b161e19907,Domains_Alloy
1284,-2.962167945715227,-2.67487901449204,1,-0.654636123024,86dd3a804d78ca5d203ebf98747e8f16dff9713ba8950097ceb760b161e19907,Domains_Alloy
1285,-2.962660607476219,-2.67487901449204,1,-0.654636123024,86dd3a804d78ca5d203ebf98747e8f16dff9713ba8950097ceb760b161e19907,Domains_Alloy
1286,-2.963153462537933,-2.67487901449204,1,-0.654636123024,86dd3a804d78ca5d203ebf98747e8f16dff9713ba8950097ceb760b161e19907,Domains_Alloy
1287,-2.963646510761506,-2.67487901449204,1,-0.654636123024,86dd3a804d78ca5d203ebf98747e8f16dff9713ba8950097ceb760b161e19907,Domains_Alloy
1288,-2.96413975200827,-2.67487901449204,1,-0.654636123024,86dd3a804d78ca5d203ebf98747e8f16dff9713ba8950097ceb760b161e19907,Domains_Alloy
1289,-2.964633186139745,-2.67487901449204,1,-0.654636123024,86dd3a804d78ca5d203ebf98747e8f16dff9713ba8950097ceb760b161e19907,Domains_Alloy
1290,-2.965126813017644,-2.67487901449204,1,-0.654636123024,86dd3a804d78ca5d203ebf98747e8f16dff9713ba8950097ceb760b161e19907,Domains_Alloy
1291,-2.965620632503867,-2.67487901449204,1,-0.654636123024,86dd3a804d78ca5d203ebf98747e8f16dff9713ba8950097ceb760b161e19907,Domains_Alloy
1292,-2.966114644460507,-2.67487901449204,1,-0.654636123024,86dd3a804d78ca5d203ebf98747e8f16dff9713ba8950097ceb760b161e19907,Domains_Alloy
1293,-2.966608848749843,-2.67487901449204,1,-0.654636123024,86dd3a804d78ca5d203ebf98747e8f16dff9713ba8950097ceb760b161e19907,Domains_Alloy
1294,-2.967103245234344,-2.67487901449204,1,-0.654636123024,86dd3a804d78ca5d203ebf98747e8f16dff9713ba8950097ceb760b161e19907,Domains_Alloy
1295,-2.967597833776668,-2.67487901449204,1,-0.654636123024,86dd3a804d78ca5d203ebf98747e8f16dff9713ba8950097ceb760b161e19907,Domains_Alloy
1296,-2.968092614239661,-2.67487901449204,1,-0.654636123024,86dd3a804d78ca5d203ebf98747e8f16dff9713ba8950097ceb760b161e19907,Domains_Alloy
1297,-2.968587586486355,-2.67487901449204,1,-0.654636123024,86dd3a804d78ca5d203ebf98747e8f16dff9713ba8950097ceb760b161e19907,Domains_Alloy
1298,-2.969082750379973,-2.67487901449204,1,-0.654636123024,86dd3a804d78ca5d203ebf98747e8f16dff9713ba8950097ceb760b161e19907,Domains_Alloy
1299,-2.969578105783919,-2.67487901449204,1,-0.654636123024,86dd3a804d78ca5d203ebf98747e8f16dff9713ba8950097ceb760b161e19907,Domains_Alloy
1300,-2.970073652561792,-2.67487901449204,1,-0.654636123024,86dd3a804d78ca5d203ebf98747e8f16dff9713ba8950097ceb760b161e19907,Domains_Alloy
1301,-2.970569390577368,-2.67487901449204,1,-0.654636123024,86dd3a804d78ca5d203ebf98747e8f16dff9713ba8950097ceb760b161e19907,Domains_Alloy
1302,-2.971065319694617,-2.67487901449204,1,-0.654636123024,86dd3a804d78ca5d203ebf98747e8f16dff9713ba8950097ceb760b161e19907,Domains_Alloy
1303,-2.971561439777689,-2.67487901449204,1,-0.654636123024,86dd3a804d78ca5d203ebf98747e8f16dff9713ba8950097ceb760b161e19907,Domains_Alloy
1304,-2.972057750690922,-2.67487901449204,1,-0.654636123024,86dd3a804d78ca5d203ebf98747e8f16dff9713ba8950097ceb760b161e19907,Domains_Alloy
1305,-2.972554252298838,-2.67487901449204,1,-0.654636123024,86dd3a804d78ca5d203ebf98747e8f16dff9713ba8950097ceb760b161e19907,Domains_Alloy
1306,-2.973050944466142,-2.67487901449204,1,-0.654636123024,86dd3a804d78ca5d203ebf98747e8f16dff9713ba8950097ceb760b161e19907,Domains_Alloy
1307,-2.973547827057727,-2.67487901449204,1,-0.654636123024,86dd3a804d78ca5d203ebf98747e8f16dff9713ba8950097ceb760b161e19907,Domains_Alloy
1308,-2.974044899938665,-2.67487901449204,1,-0.654636123024,86dd3a804d78ca5d203ebf98747e8f16dff9713ba8950097ceb760b161e19907,Domains_Alloy
1309,-2.974542162974215,-2.67487901449204,1,-0.654636123024,86dd3a804d78ca5d203ebf98747e8f16dff9713ba8950097ceb760b161e19907,Domains_Alloy
1310,-2.975039616029816,-2.67487901449204,1,-0.654636123024,86dd3a804d78ca5d203ebf98747e8f16dff9713ba8950097ceb760b161e19907,Domains_Alloy
1311,-2.975537258971093,-2.67487901449204,1,-0.654636123024,86dd3a804d78ca5d203ebf98747e8f16dff9713ba8950097ceb760b161e19907,Domains_Alloy
1312,-2.976035091663849,-2.67487901449204,1,-0.654636123024,86dd3a804d78ca5d203ebf98747e8f16dff9713ba8950097ceb760b161e19907,Domains_Alloy
1313,-2.976533113974075,-2.67487901449204,1,-0.654636123024,86dd3a804d78ca5d203ebf98747e8f16dff9713ba8950097ceb760b161e19907,Domains_Alloy
1314,-2.977031325767938,-2.67487901449204,1,-0.654636123024,86dd3a804d78ca5d203ebf98747e8f16dff9713ba8950097ceb760b161e19907,Domains_Alloy
1315,-2.977529726911789,-2.67487901449204,1,-0.654636123024,86dd3a804d78ca5d203ebf98747e8f16dff9713ba8950097ceb760b161e19907,Domains_Alloy
1316,-2.978028317272158,-2.67487901449204,1,-0.654636123024,86dd3a804d78ca5d203ebf98747e8f16dff9713ba8950097ceb760b161e19907,Domains_Alloy
1317,-2.978527096715757,-2.67487901449204,1,-0.654636123024,86dd3a804d78ca5d203ebf98747e8f16dff9713ba8950097ceb760b161e19907,Domains_Alloy
1318,-2.97902606510948,-2.67487901449204,1,-0.654636123024,86dd3a804d78ca5d203ebf98747e8f16dff9713ba8950097ceb760b161e19907,Domains_Alloy
1319,-2.979525222320397,-2.67487901449204,1,-0.654636123024,86dd3a804d78ca5d203ebf98747e8f16dff9713ba8950097ceb760b161e19907,Domains_Alloy
1320,-2.98002456821576,-2.67487901449204,1,-0.654636123024,86dd3a804d78ca5d203ebf98747e8f16dff9713ba8950097ceb760b161e19907,Domains_Alloy
1321,-2.980524102662999,-2.67487901449204,1,-0.654636123024,86dd3a804d78ca5d203ebf98747e8f16dff9713ba8950097ceb760b161e19907,Domains_Alloy
1322,-2.981023825529724,-2.67487901449204,1,-0.654636123024,86dd3a804d78ca5d203ebf98747e8f16dff9713ba8950097ceb760b161e19907,Domains_Alloy
1323,-2.981523736683722,-2.67487901449204,1,-0.654636123024,86dd3a804d78ca5d203ebf98747e8f16dff9713ba8950097ceb760b161e19907,Domains_Alloy
1324,-2.982023835992959,-2.67487901449204,1,-0.654636123024,86dd3a804d78ca5d203ebf98747e8f16dff9713ba8950097ceb760b161e19907,Domains_Alloy
1325,-2.982524123325578,-2.67487901449204,1,-0.654636123024,86dd3a804d78ca5d203ebf98747e8f16dff9713ba8950097ceb760b161e19907,Domains_Alloy
1326,-2.983024598549902,-2.67487901449204,1,-0.654636123024,86dd3a804d78ca5d203ebf98747e8f16dff9713ba8950097ceb760b161e19907,Domains_Alloy
1327,-2.983525261534427,-2.67487901449204,1,-0.654636123024,86dd3a804d78ca5d203ebf98747e8f16dff9713ba8950097ceb760b161e19907,Domains_Alloy
1328,-2.984026112147829,-2.67487901449204,1,-0.654636123024,86dd3a804d78ca5d203ebf98747e8f16dff9713ba8950097ceb760b161e19907,Domains_Alloy
1329,-2.984527150258958,-2.67487901449204,1,-0.654636123024,86dd3a804d78ca5d203ebf98747e8f16dff9713ba8950097ceb760b161e19907,Domains_Alloy
1330,-2.985028375736843,-2.67487901449204,1,-0.654636123024,86dd3a804d78ca5d203ebf98747e8f16dff9713ba8950097ceb760b161e19907,Domains_Alloy
1331,-2.985529788450687,-2.67487901449204,1,-0.654636123024,86dd3a804d78ca5d203ebf98747e8f16dff9713ba8950097ceb760b161e19907,Domains_Alloy
1332,-2.986031388269867,-2.67487901449204,1,-0.654636123024,86dd3a804d78ca5d203ebf98747e8f16dff9713ba8950097ceb760b161e19907,Domains_Alloy
1333,-2.986533175063936,-2.67487901449204,1,-0.654636123024,86dd3a804d78ca5d203ebf98747e8f16dff9713ba8950097ceb760b161e19907,Domains_Alloy
1334,-2.987035148702626,-2.67487901449204,1,-0.654636123024,86dd3a804d78ca5d203ebf98747e8f16dff9713ba8950097ceb760b161e19907,Domains_Alloy
1335,-2.987537309055836,-2.67487901449204,1,-0.654636123024,86dd3a804d78ca5d203ebf98747e8f16dff9713ba8950097ceb760b161e19907,Domains_Alloy
1336,-2.988039655993643,-2.67487901449204,1,-0.654636123024,86dd3a804d78ca5d203ebf98747e8f16dff9713ba8950097ceb760b161e19907,Domains_Alloy
1337,-2.988542189386298,-2.67487901449204,1,-0.654636123024,86dd3a804d78ca5d203ebf98747e8f16dff9713ba8950097ceb760b161e19907,Domains_Alloy
1338,-2.989044909104226,-2.67487901449204,1,-0.654636123024,86dd3a804d78ca5d203ebf98747e8f16dff9713ba8950097ceb760b161e19907,Domains_Alloy
1339,-2.989547815018022,-2.67487901449204,1,-0.654636123024,86dd3a804d78ca5d203ebf98747e8f16dff9713ba8950097ceb760b161e19907,Domains_Alloy
1340,-2.990050906998456,-2.67487901449204,1,-0.654636123024,86dd3a804d78ca5d203ebf98747e8f16dff9713ba8950097ceb760b161e19907,Domains_Alloy
1341,-2.99055418491647,-2.67487901449204,1,-0.654636123024,86dd3a804d78ca5d203ebf98747e8f16dff9713ba8950097ceb760b161e19907,Domains_Alloy
1342,-2.991057648643177,-2.67487901449204,1,-0.654636123024,86dd3a804d78ca5d203ebf98747e8f16dff9713ba8950097ceb760b161e19907,Domains_Alloy
1343,-2.991561298049865,-2.67487901449204,1,-0.654636123024,86dd3a804d78ca5d203ebf98747e8f16dff9713ba8950097ceb760b161e19907,Domains_Alloy
1344,-2.992065133007988,-2.67487901449204,1,-0.654636123024,86dd3a804d78ca5d203ebf98747e8f16dff9713ba8950097ceb760b161e19907,Domains_Alloy
1345,-2.992569153389177,-2.67487901449204,1,-0.654636123024,86dd3a804d78ca5d203ebf98747e8f16dff9713ba8950097ceb760b161e19907,Domains_Alloy
1346,-2.993073359065228,-2.67487901449204,1,-0.654636123024,86dd3a804d78ca5d203ebf98747e8f16dff9713ba8950097ceb760b161e19907,Domains_Alloy
1347,-2.993577749908113,-2.67487901449204,1,-0.654636123024,86dd3a804d78ca5d203ebf98747e8f16dff9713ba8950097ceb760b161e19907,Domains_Alloy
1348,-2.994082325789971,-2.67487901449204,1,-0.654636123024,86dd3a804d78ca5d203ebf98747e8f16dff9713ba8950097ceb760b161e19907,Domains_Alloy
1349,-2.994587086583107,-2.67487901449204,1,-0.654636123024,86dd3a804d78ca5d203ebf98747e8f16dff9713ba8950097ceb760b161e19907,Domains_Alloy
1350,-2.995092032160005,-2.67487901449204,1,-0.654636123024,86dd3a804d78ca5d203ebf98747e8f16dff9713ba8950097ceb760b161e19907,Domains_Alloy
1351,-2.995597162393311,-2.67487901449204,1,-0.654636123024,86dd3a804d78ca5d203ebf98747e8f16dff9713ba8950097ceb760b161e19907,Domains_Alloy
1352,-2.99610247715584,-2.67487901449204,1,-0.654636123024,86dd3a804d78ca5d203ebf98747e8f16dff9713ba8950097ceb760b161e19907,Domains_Alloy
1353,-2.996607976320579,-2.67487901449204,1,-0.654636123024,86dd3a804d78ca5d203ebf98747e8f16dff9713ba8950097ceb760b161e19907,Domains_Alloy
1354,-2.997113659760679,-2.67487901449204,1,-0.654636123024,86dd3a804d78ca5d203ebf98747e8f16dff9713ba8950097ceb760b161e19907,Domains_Alloy
1355,-2.997619527349463,-2.67487901449204,1,-0.654636123024,86dd3a804d78ca5d203ebf98747e8f16dff9713ba8950097ceb760b161e19907,Domains_Alloy
1356,-2.998125578960418,-2.67487901449204,1,-0.654636123024,86dd3a804d78ca5d203ebf98747e8f16dff9713ba8950097ceb760b161e19907,Domains_Alloy
1357,-2.9986318144672,-2.67487901449204,1,-0.654636123024,86dd3a804d78ca5d203ebf98747e8f16dff9713ba8950097ceb760b161e19907,Domains_Alloy
1358,-2.999138233743633,-2.67487901449204,1,-0.654636123024,86dd3a804d78ca5d203ebf98747e8f16dff9713ba8950097ceb760b161e19907,Domains_Alloy
1359,-2.999644836663705,-2.67487901449204,1,-0.654636123024,86dd3a804d78ca5d203ebf98747e8f16dff9713ba8950097ceb760b161e19907,Domains_Alloy
1360,-3.000151623101571,-2.67487901449204,1,-0.654636123024,86dd3a804d78ca5d203ebf98747e8f16dff9713ba8950097ceb760b161e19907,Domains_Alloy
1361,-3.000658592931553,-2.67487901449204,1,-0.654636123024,86dd3a804d78ca5d203ebf98747e8f16dff9713ba8950097ceb760b161e19907,Domains_Alloy
1362,-3.001165746028138,-2.67487901449204,1,-0.654636123024,86dd3a804d78ca5d203ebf98747e8f16dff9713ba8950097ceb760b161e19907,Domains_Alloy
1363,-3.001673082265978,-2.67487901449204,1,-0.654636123024,86dd3a804d78ca5d203ebf98747e8f16dff9713ba8950097ceb760b161e19907,Domains_Alloy
1364,-3.00218060151989,-2.67487901449204,1,-0.654636123024,86dd3a804d78ca5d203ebf98747e8f16dff9713ba8950097ceb760b161e19907,Domains_Alloy
1365,-3.002688303664857,-2.67487901449204,1,-0.654636123024,86dd3a804d78ca5d203ebf98747e8f16dff9713ba8950097ceb760b161e19907,Domains_Alloy
1366,-3.003196188576025,-2.67487901449204,1,-0.654636123024,86dd3a804d78ca5d203ebf98747e8f16dff9713ba8950097ceb760b161e19907,Domains_Alloy
1367,-3.003704256128703,-2.67487901449204,1,-0.654636123024,86dd3a804d78ca5d203ebf98747e8f16dff9713ba8950097ceb760b161e19907,Domains_Alloy
1368,-3.004212506198367,-2.67487901449204,1,-0.654636123024,86dd3a804d78ca5d203ebf98747e8f16dff9713ba8950097ceb760b161e19907,Domains_Alloy
1369,-3.004720938660653,-2.67487901449204,1,-0.654636123024,86dd3a804d78ca5d203ebf98747e8f16dff9713ba8950097ceb760b161e19907,Domains_Alloy
1370,-3.005229553391363,-2.67487901449204,1,-0.654636123024,86dd3a804d78ca5d203ebf98747e8f16dff9713ba8950097ceb760b161e19907,Domains_Alloy
1371,-3.00573835026646,-2.67487901449204,1,-0.654636123024,86dd3a804d78ca5d203ebf98747e8f16dff9713ba8950097ceb760b161e19907,Domains_Alloy
1372,-3.006247329162071,-2.67487901449204,1,-0.654636123024,86dd3a804d78ca5d203ebf98747e8f16dff9713ba8950097ceb760b161e19907,Domains_Alloy
1373,-3.006756489954483,-2.67487901449204,1,-0.654636123024,86dd3a804d78ca5d203ebf98747e8f16dff9713ba8950097ceb760b161e19907,Domains_Alloy
1374,-3.007265832520146,-2.67487901449204,1,-0.654636123024,86dd3a804d78ca5d203ebf98747e8f16dff9713ba8950097ceb760b161e19907,Domains_Alloy
1375,-3.007775356735674,-2.67487901449204,1,-0.654636123024,86dd3a804d78ca5d203ebf98747e8f16dff9713ba8950097ceb760b161e19907,Domains_Alloy
1376,-3.008285062477837,-2.67487901449204,1,-0.654636123024,86dd3a804d78ca5d203ebf98747e8f16dff9713ba8950097ceb760b161e19907,Domains_Alloy
1377,-3.008794949623572,-2.67487901449204,1,-0.654636123024,86dd3a804d78ca5d203ebf98747e8f16dff9713ba8950097ceb760b161e19907,Domains_Alloy
1378,-3.009305018049973,-2.67487901449204,1,-0.654636123024,86dd3a804d78ca5d203ebf98747e8f16dff9713ba8950097ceb760b161e19907,Domains_Alloy
1379,-3.009815267634294,-2.67487901449204,1,-0.654636123024,86dd3a804d78ca5d203ebf98747e8f16dff9713ba8950097ceb760b161e19907,Domains_Alloy
1380,-3.010325698253951,-2.67487901449204,1,-0.654636123024,86dd3a804d78ca5d203ebf98747e8f16dff9713ba8950097ceb760b161e19907,Domains_Alloy
1381,-3.01083630978652,-2.67487901449204,1,-0.654636123024,86dd3a804d78ca5d203ebf98747e8f16dff9713ba8950097ceb760b161e19907,Domains_Alloy
1382,-3.011347102109735,-2.67487901449204,1,-0.654636123024,86dd3a804d78ca5d203ebf98747e8f16dff9713ba8950097ceb760b161e19907,Domains_Alloy
1383,-3.01185807510149,-2.67487901449204,1,-0.654636123024,86dd3a804d78ca5d203ebf98747e8f16dff9713ba8950097ceb760b161e19907,Domains_Alloy
1384,-3.012369228639836,-2.67487901449204,1,-0.654636123024,86dd3a804d78ca5d203ebf98747e8f16dff9713ba8950097ceb760b161e19907,Domains_Alloy
1385,-3.012880562602986,-2.67487901449204,1,-0.654636123024,86dd3a804d78ca5d203ebf98747e8f16dff9713ba8950097ceb760b161e19907,Domains_Alloy
1386,-3.01339207686931,-2.67487901449204,1,-0.654636123024,86dd3a804d78ca5d203ebf98747e8f16dff9713ba8950097ceb760b161e19907,Domains_Alloy
1387,-3.013903771317334,-2.67487901449204,1,-0.654636123024,86dd3a804d78ca5d203ebf98747e8f16dff9713ba8950097ceb760b161e19907,Domains_Alloy
1388,-3.014415645825744,-2.67487901449204,1,-0.654636123024,86dd3a804d78ca5d203ebf98747e8f16dff9713ba8950097ceb760b161e19907,Domains_Alloy
1389,-3.014927700273383,-2.67487901449204,1,-0.654636123024,86dd3a804d78ca5d203ebf98747e8f16dff9713ba8950097ceb760b161e19907,Domains_Alloy
1390,-3.015439934539252,-2.67487901449204,1,-0.654636123024,86dd3a804d78ca5d203ebf98747e8f16dff9713ba8950097ceb760b161e19907,Domains_Alloy
1391,-3.015952348502505,-2.67487901449204,1,-0.654636123024,86dd3a804d78ca5d203ebf98747e8f16dff9713ba8950097ceb760b161e19907,Domains_Alloy
1392,-3.016464942042457,-2.67487901449204,1,-0.654636123024,86dd3a804d78ca5d203ebf98747e8f16dff9713ba8950097ceb760b161e19907,Domains_Alloy
1393,-3.016977715038578,-2.67487901449204,1,-0.654636123024,86dd3a804d78ca5d203ebf98747e8f16dff9713ba8950097ceb760b161e19907,Domains_Alloy
1394,-3.017490667370492,-2.67487901449204,1,-0.654636123024,86dd3a804d78ca5d203ebf98747e8f16dff9713ba8950097ceb760b161e19907,Domains_Alloy
1395,-3.01800379891798,-2.67487901449204,1,-0.654636123024,86dd3a804d78ca5d203ebf98747e8f16dff9713ba8950097ceb760b161e19907,Domains_Alloy
1396,-3.01851710956098,-2.67487901449204,1,-0.654636123024,86dd3a804d78ca5d203ebf98747e8f16dff9713ba8950097ceb760b161e19907,Domains_Alloy
1397,-3.019030599179581,-2.67487901449204,1,-0.654636123024,86dd3a804d78ca5d203ebf98747e8f16dff9713ba8950097ceb760b161e19907,Domains_Alloy
1398,-3.019544267654033,-2.67487901449204,1,-0.654636123024,86dd3a804d78ca5d203ebf98747e8f16dff9713ba8950097ceb760b161e19907,Domains_Alloy
1399,-3.020058114864734,-2.67487901449204,1,-0.654636123024,86dd3a804d78ca5d203ebf98747e8f16dff9713ba8950097ceb760b161e19907,Domains_Alloy
1400,-3.020572140692239,-2.67487901449204,1,-0.654636123024,86dd3a804d78ca5d203ebf98747e8f16dff9713ba8950097ceb760b161e19907,Domains_Alloy
1401,-3.021086345017259,-2.67487901449204,1,-0.654636123024,86dd3a804d78ca5d203ebf98747e8f16dff9713ba8950097ceb760b161e19907,Domains_Alloy
1402,-3.021600727720655,-2.67487901449204,1,-0.654636123024,86dd3a804d78ca5d203ebf98747e8f16dff9713ba8950097ceb760b161e19907,Domains_Alloy
1403,-3.022115288683444,-2.67487901449204,1,-0.654636123024,86dd3a804d78ca5d203ebf98747e8f16dff9713ba8950097ceb760b161e19907,Domains_Alloy
1404,-3.022630027786794,-2.67487901449204,1,-0.654636123024,86dd3a804d78ca5d203ebf98747e8f16dff9713ba8950097ceb760b161e19907,Domains_Alloy
1405,-3.023144944912028,-2.67487901449204,1,-0.654636123024,86dd3a804d78ca5d203ebf98747e8f16dff9713ba8950097ceb760b161e19907,Domains_Alloy
1406,-3.02366003994062,-2.67487901449204,1,-0.654636123024,86dd3a804d78ca5d203ebf98747e8f16dff9713ba8950097ceb760b161e19907,Domains_Alloy
1407,-3.024175312754196,-2.67487901449204,1,-0.654636123024,86dd3a804d78ca5d203ebf98747e8f16dff9713ba8950097ceb760b161e19907,Domains_Alloy
1408,-3.024690763234536,-2.67487901449204,1,-0.654636123024,86dd3a804d78ca5d203ebf98747e8f16dff9713ba8950097ceb760b161e19907,Domains_Alloy
1409,-3.025206391263569,-2.67487901449204,1,-0.654636123024,86dd3a804d78ca5d203ebf98747e8f16dff9713ba8950097ceb760b161e19907,Domains_Alloy
1410,-3.025722196723378,-2.67487901449204,1,-0.654636123024,86dd3a804d78ca5d203ebf98747e8f16dff9713ba8950097ceb760b161e19907,Domains_Alloy
1411,-3.026238179496193,-2.67487901449204,1,-0.654636123024,86dd3a804d78ca5d203ebf98747e8f16dff9713ba8950097ceb760b161e19907,Domains_Alloy
1412,-3.026754339464401,-2.67487901449204,1,-0.654636123024,86dd3a804d78ca5d203ebf98747e8f16dff9713ba8950097ceb760b161e19907,Domains_Alloy
1413,-3.027270676510534,-2.67487901449204,1,-0.654636123024,86dd3a804d78ca5d203ebf98747e8f16dff9713ba8950097ceb760b161e19907,Domains_Alloy
1414,-3.027787190517278,-2.67487901449204,1,-0.654636123024,86dd3a804d78ca5d203ebf98747e8f16dff9713ba8950097ceb760b161e19907,Domains_Alloy
1415,-3.028303881367465,-2.67487901449204,1,-0.654636123024,86dd3a804d78ca5d203ebf98747e8f16dff9713ba8950097ceb760b161e19907,Domains_Alloy
1416,-3.028820748944081,-2.67487901449204,1,-0.654636123024,86dd3a804d78ca5d203ebf98747e8f16dff9713ba8950097ceb760b161e19907,Domains_Alloy
1417,-3.029337793130259,-2.67487901449204,1,-0.654636123024,86dd3a804d78ca5d203ebf98747e8f16dff9713ba8950097ceb760b161e19907,Domains_Alloy
1418,-3.029855013809282,-2.67487901449204,1,-0.654636123024,86dd3a804d78ca5d203ebf98747e8f16dff9713ba8950097ceb760b161e19907,Domains_Alloy
1419,-3.030372410864582,-2.67487901449204,1,-0.654636123024,86dd3a804d78ca5d203ebf98747e8f16dff9713ba8950097ceb760b161e19907,Domains_Alloy
1420,-3.030889984179738,-2.67487901449204,1,-0.654636123024,86dd3a804d78ca5d203ebf98747e8f16dff9713ba8950097ceb760b161e19907,Domains_Alloy
1421,-3.03140773363848,-2.67487901449204,1,-0.654636123024,86dd3a804d78ca5d203ebf98747e8f16dff9713ba8950097ceb760b161e19907,Domains_Alloy
1422,-3.031925659124683,-2.67487901449204,1,-0.654636123024,86dd3a804d78ca5d203ebf98747e8f16dff9713ba8950097ceb760b161e19907,Domains_Alloy
1423,-3.032443760522374,-2.67487901449204,1,-0.654636123024,86dd3a804d78ca5d203ebf98747e8f16dff9713ba8950097ceb760b161e19907,Domains_Alloy
1424,-3.032962037715722,-2.67487901449204,1,-0.654636123024,86dd3a804d78ca5d203ebf98747e8f16dff9713ba8950097ceb760b161e19907,Domains_Alloy
1425,-3.033480490589049,-2.67487901449204,1,-0.654636123024,86dd3a804d78ca5d203ebf98747e8f16dff9713ba8950097ceb760b161e19907,Domains_Alloy
1426,-3.033999119026819,-2.67487901449204,1,-0.654636123024,86dd3a804d78ca5d203ebf98747e8f16dff9713ba8950097ceb760b161e19907,Domains_Alloy
1427,-3.034517922913647,-2.67487901449204,1,-0.654636123024,86dd3a804d78ca5d203ebf98747e8f16dff9713ba8950097ceb760b161e19907,Domains_Alloy
1428,-3.035036902134291,-2.67487901449204,1,-0.654636123024,86dd3a804d78ca5d203ebf98747e8f16dff9713ba8950097ceb760b161e19907,Domains_Alloy
1429,-3.035556056573657,-2.67487901449204,1,-0.654636123024,86dd3a804d78ca5d203ebf98747e8f16dff9713ba8950097ceb760b161e19907,Domains_Alloy
1430,-3.036075386116798,-2.67487901449204,1,-0.654636123024,86dd3a804d78ca5d203ebf98747e8f16dff9713ba8950097ceb760b161e19907,Domains_Alloy
1431,-3.036594890648908,-2.67487901449204,1,-0.654636123024,86dd3a804d78ca5d203ebf98747e8f16dff9713ba8950097ceb760b161e19907,Domains_Alloy
1432,-3.037114570055332,-2.67487901449204,1,-0.654636123024,86dd3a804d78ca5d203ebf98747e8f16dff9713ba8950097ceb760b161e19907,Domains_Alloy
1433,-3.037634424221557,-2.67487901449204,1,-0.654636123024,86dd3a804d78ca5d203ebf98747e8f16dff9713ba8950097ceb760b161e19907,Domains_Alloy
1434,-3.038154453033216,-2.67487901449204,1,-0.654636123024,86dd3a804d78ca5d203ebf98747e8f16dff9713ba8950097ceb760b161e19907,Domains_Alloy
1435,-3.038674656376085,-2.67487901449204,1,-0.654636123024,86dd3a804d78ca5d203ebf98747e8f16dff9713ba8950097ceb760b161e19907,Domains_Alloy
1436,-3.039195034136087,-2.67487901449204,1,-0.654636123024,86dd3a804d78ca5d203ebf98747e8f16dff9713ba8950097ceb760b161e19907,Domains_Alloy
1437,-3.039715586199287,-2.67487901449204,1,-0.654636123024,86dd3a804d78ca5d203ebf98747e8f16dff9713ba8950097ceb760b161e19907,Domains_Alloy
1438,-3.040236312451893,-2.67487901449204,1,-0.654636123024,86dd3a804d78ca5d203ebf98747e8f16dff9713ba8950097ceb760b161e19907,Domains_Alloy
1439,-3.04075721278026,-2.67487901449204,1,-0.654636123024,86dd3a804d78ca5d203ebf98747e8f16dff9713ba8950097ceb760b161e19907,Domains_Alloy
1440,-3.041278287070882,-2.67487901449204,1,-0.654636123024,86dd3a804d78ca5d203ebf98747e8f16dff9713ba8950097ceb760b161e19907,Domains_Alloy
1441,-3.0417995352104,-2.67487901449204,1,-0.654636123024,86dd3a804d78ca5d203ebf98747e8f16dff9713ba8950097ceb760b161e19907,Domains_Alloy
1442,-3.042320957085595,-2.67487901449204,1,-0.654636123024,86dd3a804d78ca5d203ebf98747e8f16dff9713ba8950097ceb760b161e19907,Domains_Alloy
1443,-3.042842552583391,-2.67487901449204,1,-0.654636123024,86dd3a804d78ca5d203ebf98747e8f16dff9713ba8950097ceb760b161e19907,Domains_Alloy
1444,-3.043364321590856,-2.67487901449204,1,-0.654636123024,86dd3a804d78ca5d203ebf98747e8f16dff9713ba8950097ceb760b161e19907,Domains_Alloy
1445,-3.043886263995197,-2.67487901449204,1,-0.654636123024,86dd3a804d78ca5d203ebf98747e8f16dff9713ba8950097ceb760b161e19907,Domains_Alloy
1446,-3.044408379683764,-2.67487901449204,1,-0.654636123024,86dd3a804d78ca5d203ebf98747e8f16dff9713ba8950097ceb760b161e19907,Domains_Alloy
1447,-3.044930668544052,-2.67487901449204,1,-0.654636123024,86dd3a804d78ca5d203ebf98747e8f16dff9713ba8950097ceb760b161e19907,Domains_Alloy
1448,-3.045453130463691,-2.67487901449204,1,-0.654636123024,86dd3a804d78ca5d203ebf98747e8f16dff9713ba8950097ceb760b161e19907,Domains_Alloy
1449,-3.045975765330455,-2.67487901449204,1,-0.654636123024,86dd3a804d78ca5d203ebf98747e8f16dff9713ba8950097ceb760b161e19907,Domains_Alloy
1450,-3.04649857303226,-2.67487901449204,1,-0.654636123024,86dd3a804d78ca5d203ebf98747e8f16dff9713ba8950097ceb760b161e19907,Domains_Alloy
1451,-3.047021553457161,-2.67487901449204,1,-0.654636123024,86dd3a804d78ca5d203ebf98747e8f16dff9713ba8950097ceb760b161e19907,Domains_Alloy
1452,-3.047544706493351,-2.67487901449204,1,-0.654636123024,86dd3a804d78ca5d203ebf98747e8f16dff9713ba8950097ceb760b161e19907,Domains_Alloy
1453,-3.048068032029168,-2.67487901449204,1,-0.654636123024,86dd3a804d78ca5d203ebf98747e8f16dff9713ba8950097ceb760b161e19907,Domains_Alloy
1454,-3.048591529953087,-2.67487901449204,1,-0.654636123024,86dd3a804d78ca5d203ebf98747e8f16dff9713ba8950097ceb760b161e19907,Domains_Alloy
1455,-3.04911520015372,-2.67487901449204,1,-0.654636123024,86dd3a804d78ca5d203ebf98747e8f16dff9713ba8950097ceb760b161e19907,Domains_Alloy
1456,-3.049639042519822,-2.67487901449204,1,-0.654636123024,86dd3a804d78ca5d203ebf98747e8f16dff9713ba8950097ceb760b161e19907,Domains_Alloy
1457,-3.050163056940285,-2.67487901449204,1,-0.654636123024,86dd3a804d78ca5d203ebf98747e8f16dff9713ba8950097ceb760b161e19907,Domains_Alloy
1458,-3.050687243304141,-2.67487901449204,1,-0.654636123024,86dd3a804d78ca5d203ebf98747e8f16dff9713ba8950097ceb760b161e19907,Domains_Alloy
1459,-3.051211601500557,-2.67487901449204,1,-0.654636123024,86dd3a804d78ca5d203ebf98747e8f16dff9713ba8950097ceb760b161e19907,Domains_Alloy
1460,-3.051736131418843,-2.67487901449204,1,-0.654636123024,86dd3a804d78ca5d203ebf98747e8f16dff9713ba8950097ceb760b161e19907,Domains_Alloy
1461,-3.052260832948444,-2.67487901449204,1,-0.654636123024,86dd3a804d78ca5d203ebf98747e8f16dff9713ba8950097ceb760b161e19907,Domains_Alloy
1462,-3.052785705978944,-2.67487901449204,1,-0.654636123024,86dd3a804d78ca5d203ebf98747e8f16dff9713ba8950097ceb760b161e19907,Domains_Alloy
1463,-3.053310750400061,-2.67487901449204,1,-0.654636123024,86dd3a804d78ca5d203ebf98747e8f16dff9713ba8950097ceb760b161e19907,Domains_Alloy
1464,-3.053835966101657,-2.67487901449204,1,-0.654636123024,86dd3a804d78ca5d203ebf98747e8f16dff9713ba8950097ceb760b161e19907,Domains_Alloy
1465,-3.054361352973723,-2.67487901449204,1,-0.654636123024,86dd3a804d78ca5d203ebf98747e8f16dff9713ba8950097ceb760b161e19907,Domains_Alloy
1466,-3.054886910906393,-2.67487901449204,1,-0.654636123024,86dd3a804d78ca5d203ebf98747e8f16dff9713ba8950097ceb760b161e19907,Domains_Alloy
1467,-3.055412639789933,-2.67487901449204,1,-0.654636123024,86dd3a804d78ca5d203ebf98747e8f16dff9713ba8950097ceb760b161e19907,Domains_Alloy
1468,-3.055938539514749,-2.67487901449204,1,-0.654636123024,86dd3a804d78ca5d203ebf98747e8f16dff9713ba8950097ceb760b161e19907,Domains_Alloy
1469,-3.05646460997138,-2.67487901449204,1,-0.654636123024,86dd3a804d78ca5d203ebf98747e8f16dff9713ba8950097ceb760b161e19907,Domains_Alloy
1470,-3.056990851050502,-2.67487901449204,1,-0.654636123024,86dd3a804d78ca5d203ebf98747e8f16dff9713ba8950097ceb760b161e19907,Domains_Alloy
1471,-3.057517262642926,-2.67487901449204,1,-0.654636123024,86dd3a804d78ca5d203ebf98747e8f16dff9713ba8950097ceb760b161e19907,Domains_Alloy
1472,-3.0580438446396,-2.67487901449204,1,-0.654636123024,86dd3a804d78ca5d203ebf98747e8f16dff9713ba8950097ceb760b161e19907,Domains_Alloy
1473,-3.058570596931603,-2.67487901449204,1,-0.654636123024,86dd3a804d78ca5d203ebf98747e8f16dff9713ba8950097ceb760b161e19907,Domains_Alloy
1474,-3.059097519410154,-2.67487901449204,1,-0.654636123024,86dd3a804d78ca5d203ebf98747e8f16dff9713ba8950097ceb760b161e19907,Domains_Alloy
1475,-3.059624611966602,-2.67487901449204,1,-0.654636123024,86dd3a804d78ca5d203ebf98747e8f16dff9713ba8950097ceb760b161e19907,Domains_Alloy
1476,-3.060151874492431,-2.67487901449204,1,-0.654636123024,86dd3a804d78ca5d203ebf98747e8f16dff9713ba8950097ceb760b161e19907,Domains_Alloy
1477,-3.060679306879261,-2.67487901449204,1,-0.654636123024,86dd3a804d78ca5d203ebf98747e8f16dff9713ba8950097ceb760b161e19907,Domains_Alloy
1478,-3.061206909018847,-2.67487901449204,1,-0.654636123024,86dd3a804d78ca5d203ebf98747e8f16dff9713ba8950097ceb760b161e19907,Domains_Alloy
1479,-3.061734680803073,-2.67487901449204,1,-0.654636123024,86dd3a804d78ca5d203ebf98747e8f16dff9713ba8950097ceb760b161e19907,Domains_Alloy
1480,-3.062262622123958,-2.67487901449204,1,-0.654636123024,86dd3a804d78ca5d203ebf98747e8f16dff9713ba8950097ceb760b161e19907,Domains_Alloy
1481,-3.062790732873656,-2.67487901449204,1,-0.654636123024,86dd3a804d78ca5d203ebf98747e8f16dff9713ba8950097ceb760b161e19907,Domains_Alloy
1482,-3.063319012944451,-2.67487901449204,1,-0.654636123024,86dd3a804d78ca5d203ebf98747e8f16dff9713ba8950097ceb760b161e19907,Domains_Alloy
1483,-3.063847462228764,-2.67487901449204,1,-0.654636123024,86dd3a804d78ca5d203ebf98747e8f16dff9713ba8950097ceb760b161e19907,Domains_Alloy
1484,-3.064376080619143,-2.67487901449204,1,-0.654636123024,86dd3a804d78ca5d203ebf98747e8f16dff9713ba8950097ceb760b161e19907,Domains_Alloy
1485,-3.064904868008271,-2.67487901449204,1,-0.654636123024,86dd3a804d78ca5d203ebf98747e8f16dff9713ba8950097ceb760b161e19907,Domains_Alloy
1486,-3.065433824288962,-2.67487901449204,1,-0.654636123024,86dd3a804d78ca5d203ebf98747e8f16dff9713ba8950097ceb760b161e19907,Domains_Alloy
1487,-3.065962949354163,-2.67487901449204,1,-0.654636123024,86dd3a804d78ca5d203ebf98747e8f16dff9713ba8950097ceb760b161e19907,Domains_Alloy
1488,-3.066492243096953,-2.67487901449204,1,-0.654636123024,86dd3a804d78ca5d203ebf98747e8f16dff9713ba8950097ceb760b161e19907,Domains_Alloy
1489,-3.067021705410536,-2.67487901449204,1,-0.654636123024,86dd3a804d78ca5d203ebf98747e8f16dff9713ba8950097ceb760b161e19907,Domains_Alloy
1490,-3.067551336188256,-2.67487901449204,1,-0.654636123024,86dd3a804d78ca5d203ebf98747e8f16dff9713ba8950097ceb760b161e19907,Domains_Alloy
1491,-3.068081135323582,-2.67487901449204,1,-0.654636123024,86dd3a804d78ca5d203ebf98747e8f16dff9713ba8950097ceb760b161e19907,Domains_Alloy
1492,-3.068611102710114,-2.67487901449204,1,-0.654636123024,86dd3a804d78ca5d203ebf98747e8f16dff9713ba8950097ceb760b161e19907,Domains_Alloy
1493,-3.069141238241584,-2.67487901449204,1,-0.654636123024,86dd3a804d78ca5d203ebf98747e8f16dff9713ba8950097ceb760b161e19907,Domains_Alloy
1494,-3.069671541811854,-2.67487901449204,1,-0.654636123024,86dd3a804d78ca5d203ebf98747e8f16dff9713ba8950097ceb760b161e19907,Domains_Alloy
1495,-3.070202013314912,-2.67487901449204,1,-0.654636123024,86dd3a804d78ca5d203ebf98747e8f16dff9713ba8950097ceb760b161e19907,Domains_Alloy
1496,-3.070732652644881,-2.67487901449204,1,-0.654636123024,86dd3a804d78ca5d203ebf98747e8f16dff9713ba8950097ceb760b161e19907,Domains_Alloy
1497,-3.07126345969601,-2.67487901449204,1,-0.654636123024,86dd3a804d78ca5d203ebf98747e8f16dff9713ba8950097ceb760b161e19907,Domains_Alloy
1498,-3.071794434362677,-2.67487901449204,1,-0.654636123024,86dd3a804d78ca5d203ebf98747e8f16dff9713ba8950097ceb760b161e19907,Domains_Alloy
1499,-3.072325576539391,-2.67487901449204,1,-0.654636123024,86dd3a804d78ca5d203ebf98747e8f16dff9713ba8950097ceb760b161e19907,Domains_Alloy
1500,-3.072856886120788,-2.67487901449204,1,-0.654636123024,86dd3a804d78ca5d203ebf98747e8f16dff9713ba8950097ceb760b161e19907,Domains_Alloy
1501,-3.073388363001633,-2.67487901449204,1,-0.654636123024,86dd3a804d78ca5d203ebf98747e8f16dff9713ba8950097ceb760b161e19907,Domains_Alloy
1502,-3.073920007076818,-2.67487901449204,1,-0.654636123024,86dd3a804d78ca5d203ebf98747e8f16dff9713ba8950097ceb760b161e19907,Domains_Alloy
1503,-3.074451818241365,-2.67487901449204,1,-0.654636123024,86dd3a804d78ca5d203ebf98747e8f16dff9713ba8950097ceb760b161e19907,Domains_Alloy
1504,-3.074983796390423,-2.67487901449204,1,-0.654636123024,86dd3a804d78ca5d203ebf98747e8f16dff9713ba8950097ceb760b161e19907,Domains_Alloy
1505,-3.075515941419267,-2.67487901449204,1,-0.654636123024,86dd3a804d78ca5d203ebf98747e8f16dff9713ba8950097ceb760b161e19907,Domains_Alloy
1506,-3.076048253223302,-2.67487901449204,1,-0.654636123024,86dd3a804d78ca5d203ebf98747e8f16dff9713ba8950097ceb760b161e19907,Domains_Alloy
1507,-3.076580731698057,-2.67487901449204,1,-0.654636123024,86dd3a804d78ca5d203ebf98747e8f16dff9713ba8950097ceb760b161e19907,Domains_Alloy
1508,-3.077113376739191,-2.67487901449204,1,-0.654636123024,86dd3a804d78ca5d203ebf98747e8f16dff9713ba8950097ceb760b161e19907,Domains_Alloy
1509,-3.077646188242486,-2.67487901449204,1,-0.654636123024,86dd3a804d78ca5d203ebf98747e8f16dff9713ba8950097ceb760b161e19907,Domains_Alloy
1510,-3.078179166103855,-2.67487901449204,1,-0.654636123024,86dd3a804d78ca5d203ebf98747e8f16dff9713ba8950097ceb760b161e19907,Domains_Alloy
1511,-3.078712310219332,-2.67487901449204,1,-0.654636123024,86dd3a804d78ca5d203ebf98747e8f16dff9713ba8950097ceb760b161e19907,Domains_Alloy
1512,-3.079245620485082,-2.67487901449204,1,-0.654636123024,86dd3a804d78ca5d203ebf98747e8f16dff9713ba8950097ceb760b161e19907,Domains_Alloy
1513,-3.079779096797392,-2.67487901449204,1,-0.654636123024,86dd3a804d78ca5d203ebf98747e8f16dff9713ba8950097ceb760b161e19907,Domains_Alloy
1514,-3.080312739052676,-2.67487901449204,1,-0.654636123024,86dd3a804d78ca5d203ebf98747e8f16dff9713ba8950097ceb760b161e19907,Domains_Alloy
1515,-3.080846547147472,-2.67487901449204,1,-0.654636123024,86dd3a804d78ca5d203ebf98747e8f16dff9713ba8950097ceb760b161e19907,Domains_Alloy
1516,-3.081380520978446,-2.67487901449204,1,-0.654636123024,86dd3a804d78ca5d203ebf98747e8f16dff9713ba8950097ceb760b161e19907,Domains_Alloy
1517,-3.081914660442387,-2.67487901449204,1,-0.654636123024,86dd3a804d78ca5d203ebf98747e8f16dff9713ba8950097ceb760b161e19907,Domains_Alloy
1518,-3.082448965436206,-2.67487901449204,1,-0.654636123024,86dd3a804d78ca5d203ebf98747e8f16dff9713ba8950097ceb760b161e19907,Domains_Alloy
1519,-3.082983435856945,-2.67487901449204,1,-0.654636123024,86dd3a804d78ca5d203ebf98747e8f16dff9713ba8950097ceb760b161e19907,Domains_Alloy
1520,-3.083518071601763,-2.67487901449204,1,-0.654636123024,86dd3a804d78ca5d203ebf98747e8f16dff9713ba8950097ceb760b161e19907,Domains_Alloy
1521,-3.084052872567947,-2.67487901449204,1,-0.654636123024,86dd3a804d78ca5d203ebf98747e8f16dff9713ba8950097ceb760b161e19907,Domains_Alloy
1522,-3.084587838652908,-2.67487901449204,1,-0.654636123024,86dd3a804d78ca5d203ebf98747e8f16dff9713ba8950097ceb760b161e19907,Domains_Alloy
1523,-3.08512296975418,-2.67487901449204,1,-0.654636123024,86dd3a804d78ca5d203ebf98747e8f16dff9713ba8950097ceb760b161e19907,Domains_Alloy
1524,-3.085658265769418,-2.67487901449204,1,-0.654636123024,86dd3a804d78ca5d203ebf98747e8f16dff9713ba8950097ceb760b161e19907,Domains_Alloy
1525,-3.086193726596404,-2.67487901449204,1,-0.654636123024,86dd3a804d78ca5d203ebf98747e8f16dff9713ba8950097ceb760b161e19907,Domains_Alloy
1526,-3.086729352133039,-2.67487901449204,1,-0.654636123024,86dd3a804d78ca5d203ebf98747e8f16dff9713ba8950097ceb760b161e19907,Domains_Alloy
1527,-3.087265142277349,-2.67487901449204,1,-0.654636123024,86dd3a804d78ca5d203ebf98747e8f16dff9713ba8950097ceb760b161e19907,Domains_Alloy
1528,-3.087801096927483,-2.67487901449204,1,-0.654636123024,86dd3a804d78ca5d203ebf98747e8f16dff9713ba8950097ceb760b161e19907,Domains_Alloy
1529,-3.088337215981711,-2.67487901449204,1,-0.654636123024,86dd3a804d78ca5d203ebf98747e8f16dff9713ba8950097ceb760b161e19907,Domains_Alloy
1530,-3.088873499338425,-2.67487901449204,1,-0.654636123024,86dd3a804d78ca5d203ebf98747e8f16dff9713ba8950097ceb760b161e19907,Domains_Alloy
1531,-3.08940994689614,-2.67487901449204,1,-0.654636123024,86dd3a804d78ca5d203ebf98747e8f16dff9713ba8950097ceb760b161e19907,Domains_Alloy
1532,-3.08994655855349,-2.67487901449204,1,-0.654636123024,86dd3a804d78ca5d203ebf98747e8f16dff9713ba8950097ceb760b161e19907,Domains_Alloy
1533,-3.090483334209235,-2.67487901449204,1,-0.654636123024,86dd3a804d78ca5d203ebf98747e8f16dff9713ba8950097ceb760b161e19907,Domains_Alloy
1534,-3.091020273762251,-2.67487901449204,1,-0.654636123024,86dd3a804d78ca5d203ebf98747e8f16dff9713ba8950097ceb760b161e19907,Domains_Alloy
1535,-3.091557377111538,-2.67487901449204,1,-0.654636123024,86dd3a804d78ca5d203ebf98747e8f16dff9713ba8950097ceb760b161e19907,Domains_Alloy
1536,-3.092094644156217,-2.67487901449204,1,-0.654636123024,86dd3a804d78ca5d203ebf98747e8f16dff9713ba8950097ceb760b161e19907,Domains_Alloy
1537,-3.092632074795528,-2.67487901449204,1,-0.654636123024,86dd3a804d78ca5d203ebf98747e8f16dff9713ba8950097ceb760b161e19907,Domains_Alloy
1538,-3.093169668928833,-2.67487901449204,1,-0.654636123024,86dd3a804d78ca5d203ebf98747e8f16dff9713ba8950097ceb760b161e19907,Domains_Alloy
1539,-3.093707426455613,-2.67487901449204,1,-0.654636123024,86dd3a804d78ca5d203ebf98747e8f16dff9713ba8950097ceb760b161e19907,Domains_Alloy
1540,-3.094245347275468,-2.67487901449204,1,-0.654636123024,86dd3a804d78ca5d203ebf98747e8f16dff9713ba8950097ceb760b161e19907,Domains_Alloy
1541,-3.094783431288121,-2.67487901449204,1,-0.654636123024,86dd3a804d78ca5d203ebf98747e8f16dff9713ba8950097ceb760b161e19907,Domains_Alloy
1542,-3.09532167839341,-2.67487901449204,1,-0.654636123024,86dd3a804d78ca5d203ebf98747e8f16dff9713ba8950097ceb760b161e19907,Domains_Alloy
1543,-3.095860088491297,-2.67487901449204,1,-0.654636123024,86dd3a804d78ca5d203ebf98747e8f16dff9713ba8950097ceb760b161e19907,Domains_Alloy
1544,-3.09639866148186,-2.67487901449204,1,-0.654636123024,86dd3a804d78ca5d203ebf98747e8f16dff9713ba8950097ceb760b161e19907,Domains_Alloy
1545,-3.096937397265298,-2.67487901449204,1,-0.654636123024,86dd3a804d78ca5d203ebf98747e8f16dff9713ba8950097ceb760b161e19907,Domains_Alloy
1546,-3.097476295741925,-2.67487901449204,1,-0.654636123024,86dd3a804d78ca5d203ebf98747e8f16dff9713ba8950097ceb760b161e19907,Domains_Alloy
1547,-3.098015356812178,-2.67487901449204,1,-0.654636123024,86dd3a804d78ca5d203ebf98747e8f16dff9713ba8950097ceb760b161e19907,Domains_Alloy
1548,-3.098554580376611,-2.67487901449204,1,-0.654636123024,86dd3a804d78ca5d203ebf98747e8f16dff9713ba8950097ceb760b161e19907,Domains_Alloy
1549,-3.099093966335894,-2.67487901449204,1,-0.654636123024,86dd3a804d78ca5d203ebf98747e8f16dff9713ba8950097ceb760b161e19907,Domains_Alloy
1550,-3.099633514590816,-2.67487901449204,1,-0.654636123024,86dd3a804d78ca5d203ebf98747e8f16dff9713ba8950097ceb760b161e19907,Domains_Alloy
1551,-3.100173225042286,-2.67487901449204,1,-0.654636123024,86dd3a804d78ca5d203ebf98747e8f16dff9713ba8950097ceb760b161e19907,Domains_Alloy
1552,-3.100713097591325,-2.67487901449204,1,-0.654636123024,86dd3a804d78ca5d203ebf98747e8f16dff9713ba8950097ceb760b161e19907,Domains_Alloy
1553,-3.101253132139078,-2.67487901449204,1,-0.654636123024,86dd3a804d78ca5d203ebf98747e8f16dff9713ba8950097ceb760b161e19907,Domains_Alloy
1554,-3.101793328586804,-2.67487901449204,1,-0.654636123024,86dd3a804d78ca5d203ebf98747e8f16dff9713ba8950097ceb760b161e19907,Domains_Alloy
1555,-3.102333686835877,-2.67487901449204,1,-0.654636123024,86dd3a804d78ca5d203ebf98747e8f16dff9713ba8950097ceb760b161e19907,Domains_Alloy
1556,-3.102874206787789,-2.67487901449204,1,-0.654636123024,86dd3a804d78ca5d203ebf98747e8f16dff9713ba8950097ceb760b161e19907,Domains_Alloy
1557,-3.10341488834415,-2.67487901449204,1,-0.654636123024,86dd3a804d78ca5d203ebf98747e8f16dff9713ba8950097ceb760b161e19907,Domains_Alloy
1558,-3.103955731406685,-2.67487901449204,1,-0.654636123024,86dd3a804d78ca5d203ebf98747e8f16dff9713ba8950097ceb760b161e19907,Domains_Alloy
1559,-3.104496735877237,-2.67487901449204,1,-0.654636123024,86dd3a804d78ca5d203ebf98747e8f16dff9713ba8950097ceb760b161e19907,Domains_Alloy
1560,-3.105037901657759,-2.67487901449204,1,-0.654636123024,86dd3a804d78ca5d203ebf98747e8f16dff9713ba8950097ceb760b161e19907,Domains_Alloy
1561,-3.105579228650326,-2.67487901449204,1,-0.654636123024,86dd3a804d78ca5d203ebf98747e8f16dff9713ba8950097ceb760b161e19907,Domains_Alloy
1562,-3.106120716757127,-2.67487901449204,1,-0.654636123024,86dd3a804d78ca5d203ebf98747e8f16dff9713ba8950097ceb760b161e19907,Domains_Alloy
1563,-3.106662365880465,-2.67487901449204,1,-0.654636123024,86dd3a804d78ca5d203ebf98747e8f16dff9713ba8950097ceb760b161e19907,Domains_Alloy
1564,-3.107204175922757,-2.67487901449204,1,-0.654636123024,86dd3a804d78ca5d203ebf98747e8f16dff9713ba8950097ceb760b161e19907,Domains_Alloy
1565,-3.107746146786538,-2.67487901449204,1,-0.654636123024,86dd3a804d78ca5d203ebf98747e8f16dff9713ba8950097ceb760b161e19907,Domains_Alloy
1566,-3.108288278374457,-2.67487901449204,1,-0.654636123024,86dd3a804d78ca5d203ebf98747e8f16dff9713ba8950097ceb760b161e19907,Domains_Alloy
1567,-3.108830570589276,-2.67487901449204,1,-0.654636123024,86dd3a804d78ca5d203ebf98747e8f16dff9713ba8950097ceb760b161e19907,Domains_Alloy
1568,-3.109373023333871,-2.67487901449204,1,-0.654636123024,86dd3a804d78ca5d203ebf98747e8f16dff9713ba8950097ceb760b161e19907,Domains_Alloy
1569,-3.109915636511234,-2.67487901449204,1,-0.654636123024,86dd3a804d78ca5d203ebf98747e8f16dff9713ba8950097ceb760b161e19907,Domains_Alloy
1570,-3.110458410024469,-2.67487901449204,1,-0.654636123024,86dd3a804d78ca5d203ebf98747e8f16dff9713ba8950097ceb760b161e19907,Domains_Alloy
1571,-3.111001343776797,-2.67487901449204,1,-0.654636123024,86dd3a804d78ca5d203ebf98747e8f16dff9713ba8950097ceb760b161e19907,Domains_Alloy
1572,-3.111544437671547,-2.67487901449204,1,-0.654636123024,86dd3a804d78ca5d203ebf98747e8f16dff9713ba8950097ceb760b161e19907,Domains_Alloy
1573,-3.112087691612167,-2.67487901449204,1,-0.654636123024,86dd3a804d78ca5d203ebf98747e8f16dff9713ba8950097ceb760b161e19907,Domains_Alloy
1574,-3.112631105502215,-2.67487901449204,1,-0.654636123024,86dd3a804d78ca5d203ebf98747e8f16dff9713ba8950097ceb760b161e19907,Domains_Alloy
1575,-3.113174679245363,-2.67487901449204,1,-0.654636123024,86dd3a804d78ca5d203ebf98747e8f16dff9713ba8950097ceb760b161e19907,Domains_Alloy
1576,-3.113718412745394,-2.67487901449204,1,-0.654636123024,86dd3a804d78ca5d203ebf98747e8f16dff9713ba8950097ceb760b161e19907,Domains_Alloy
1577,-3.114262305906206,-2.67487901449204,1,-0.654636123024,86dd3a804d78ca5d203ebf98747e8f16dff9713ba8950097ceb760b161e19907,Domains_Alloy
1578,-3.114806358631809,-2.67487901449204,1,-0.654636123024,86dd3a804d78ca5d203ebf98747e8f16dff9713ba8950097ceb760b161e19907,Domains_Alloy
1579,-3.115350570826322,-2.67487901449204,1,-0.654636123024,86dd3a804d78ca5d203ebf98747e8f16dff9713ba8950097ceb760b161e19907,Domains_Alloy
1580,-3.115894942393981,-2.67487901449204,1,-0.654636123024,86dd3a804d78ca5d203ebf98747e8f16dff9713ba8950097ceb760b161e19907,Domains_Alloy
1581,-3.116439473239132,-2.67487901449204,1,-0.654636123024,86dd3a804d78ca5d203ebf98747e8f16dff9713ba8950097ceb760b161e19907,Domains_Alloy
1582,-3.116984163266227,-2.67487901449204,1,-0.654636123024,86dd3a804d78ca5d203ebf98747e8f16dff9713ba8950097ceb760b161e19907,Domains_Alloy
1583,-3.117529012379839,-2.67487901449204,1,-0.654636123024,86dd3a804d78ca5d203ebf98747e8f16dff9713ba8950097ceb760b161e19907,Domains_Alloy
1584,-3.118074020484645,-2.67487901449204,1,-0.654636123024,86dd3a804d78ca5d203ebf98747e8f16dff9713ba8950097ceb760b161e19907,Domains_Alloy
1585,-3.118619187485438,-2.67487901449204,1,-0.654636123024,86dd3a804d78ca5d203ebf98747e8f16dff9713ba8950097ceb760b161e19907,Domains_Alloy
1586,-3.119164513287116,-2.67487901449204,1,-0.654636123024,86dd3a804d78ca5d203ebf98747e8f16dff9713ba8950097ceb760b161e19907,Domains_Alloy
1587,-3.119709997794693,-2.67487901449204,1,-0.654636123024,86dd3a804d78ca5d203ebf98747e8f16dff9713ba8950097ceb760b161e19907,Domains_Alloy
1588,-3.120255640913292,-2.67487901449204,1,-0.654636123024,86dd3a804d78ca5d203ebf98747e8f16dff9713ba8950097ceb760b161e19907,Domains_Alloy
1589,-3.120801442548144,-2.67487901449204,1,-0.654636123024,86dd3a804d78ca5d203ebf98747e8f16dff9713ba8950097ceb760b161e19907,Domains_Alloy
1590,-3.121347402604594,-2.67487901449204,1,-0.654636123024,86dd3a804d78ca5d203ebf98747e8f16dff9713ba8950097ceb760b161e19907,Domains_Alloy
1591,-3.121893520988093,-2.67487901449204,1,-0.654636123024,86dd3a804d78ca5d203ebf98747e8f16dff9713ba8950097ceb760b161e19907,Domains_Alloy
1592,-3.122439797604204,-2.67487901449204,1,-0.654636123024,86dd3a804d78ca5d203ebf98747e8f16dff9713ba8950097ceb760b161e19907,Domains_Alloy
1593,-3.1229862323586,-2.67487901449204,1,-0.654636123024,86dd3a804d78ca5d203ebf98747e8f16dff9713ba8950097ceb760b161e19907,Domains_Alloy
1594,-3.123532825157062,-2.67487901449204,1,-0.654636123024,86dd3a804d78ca5d203ebf98747e8f16dff9713ba8950097ceb760b161e19907,Domains_Alloy
1595,-3.124079575905479,-2.67487901449204,1,-0.654636123024,86dd3a804d78ca5d203ebf98747e8f16dff9713ba8950097ceb760b161e19907,Domains_Alloy
1596,-3.124626484509853,-2.67487901449204,1,-0.654636123024,86dd3a804d78ca5d203ebf98747e8f16dff9713ba8950097ceb760b161e19907,Domains_Alloy
1597,-3.125173550876291,-2.67487901449204,1,-0.654636123024,86dd3a804d78ca5d203ebf98747e8f16dff9713ba8950097ceb760b161e19907,Domains_Alloy
1598,-3.125720774911009,-2.67487901449204,1,-0.654636123024,86dd3a804d78ca5d203ebf98747e8f16dff9713ba8950097ceb760b161e19907,Domains_Alloy
1599,-3.126268156520337,-2.67487901449204,1,-0.654636123024,86dd3a804d78ca5d203ebf98747e8f16dff9713ba8950097ceb760b161e19907,Domains_Alloy
1600,-3.126815695610703,-2.67487901449204,1,-0.654636123024,86dd3a804d78ca5d203ebf98747e8f16dff9713ba8950097ceb760b161e19907,Domains_Alloy
1601,-3.127363392088652,-2.67487901449204,1,-0.654636123024,86dd3a804d78ca5d203ebf98747e8f16dff9713ba8950097ceb760b161e19907,Domains_Alloy
1602,-3.127911245860833,-2.67487901449204,1,-0.654636123024,86dd3a804d78ca5d203ebf98747e8f16dff9713ba8950097ceb760b161e19907,Domains_Alloy
1603,-3.128459256834004,-2.67487901449204,1,-0.654636123024,86dd3a804d78ca5d203ebf98747e8f16dff9713ba8950097ceb760b161e19907,Domains_Alloy
1604,-3.129007424915029,-2.67487901449204,1,-0.654636123024,86dd3a804d78ca5d203ebf98747e8f16dff9713ba8950097ceb760b161e19907,Domains_Alloy
1605,-3.129555750010879,-2.67487901449204,1,-0.654636123024,86dd3a804d78ca5d203ebf98747e8f16dff9713ba8950097ceb760b161e19907,Domains_Alloy
1606,-3.130104232028637,-2.67487901449204,1,-0.654636123024,86dd3a804d78ca5d203ebf98747e8f16dff9713ba8950097ceb760b161e19907,Domains_Alloy
1607,-3.130652870875487,-2.67487901449204,1,-0.654636123024,86dd3a804d78ca5d203ebf98747e8f16dff9713ba8950097ceb760b161e19907,Domains_Alloy
1608,-3.131201666458722,-2.67487901449204,1,-0.654636123024,86dd3a804d78ca5d203ebf98747e8f16dff9713ba8950097ceb760b161e19907,Domains_Alloy
1609,-3.131750618685744,-2.67487901449204,1,-0.654636123024,86dd3a804d78ca5d203ebf98747e8f16dff9713ba8950097ceb760b161e19907,Domains_Alloy
1610,-3.132299727464057,-2.67487901449204,1,-0.654636123024,86dd3a804d78ca5d203ebf98747e8f16dff9713ba8950097ceb760b161e19907,Domains_Alloy
1611,-3.132848992701275,-2.67487901449204,1,-0.654636123024,86dd3a804d78ca5d203ebf98747e8f16dff9713ba8950097ceb760b161e19907,Domains_Alloy
1612,-3.133398414305116,-2.67487901449204,1,-0.654636123024,86dd3a804d78ca5d203ebf98747e8f16dff9713ba8950097ceb760b161e19907,Domains_Alloy
1613,-3.133947992183405,-2.67487901449204,1,-0.654636123024,86dd3a804d78ca5d203ebf98747e8f16dff9713ba8950097ceb760b161e19907,Domains_Alloy
1614,-3.134497726244073,-2.67487901449204,1,-0.654636123024,86dd3a804d78ca5d203ebf98747e8f16dff9713ba8950097ceb760b161e19907,Domains_Alloy
1615,-3.135047616395154,-2.67487901449204,1,-0.654636123024,86dd3a804d78ca5d203ebf98747e8f16dff9713ba8950097ceb760b161e19907,Domains_Alloy
1616,-3.135597662544791,-2.67487901449204,1,-0.654636123024,86dd3a804d78ca5d203ebf98747e8f16dff9713ba8950097ceb760b161e19907,Domains_Alloy
1617,-3.13614786460123,-2.67487901449204,1,-0.654636123024,86dd3a804d78ca5d203ebf98747e8f16dff9713ba8950097ceb760b161e19907,Domains_Alloy
1618,-3.136698222472823,-2.67487901449204,1,-0.654636123024,86dd3a804d78ca5d203ebf98747e8f16dff9713ba8950097ceb760b161e19907,Domains_Alloy
1619,-3.137248736068027,-2.67487901449204,1,-0.654636123024,86dd3a804d78ca5d203ebf98747e8f16dff9713ba8950097ceb760b161e19907,Domains_Alloy
1620,-3.137799405295402,-2.67487901449204,1,-0.654636123024,86dd3a804d78ca5d203ebf98747e8f16dff9713ba8950097ceb760b161e19907,Domains_Alloy
1621,-3.138350230063613,-2.67487901449204,1,-0.654636123024,86dd3a804d78ca5d203ebf98747e8f16dff9713ba8950097ceb760b161e19907,Domains_Alloy
1622,-3.138901210281432,-2.67487901449204,1,-0.654636123024,86dd3a804d78ca5d203ebf98747e8f16dff9713ba8950097ceb760b161e19907,Domains_Alloy
1623,-3.139452345857733,-2.67487901449204,1,-0.654636123024,86dd3a804d78ca5d203ebf98747e8f16dff9713ba8950097ceb760b161e19907,Domains_Alloy
1624,-3.140003636701492,-2.67487901449204,1,-0.654636123024,86dd3a804d78ca5d203ebf98747e8f16dff9713ba8950097ceb760b161e19907,Domains_Alloy
1625,-3.140555082721793,-2.67487901449204,1,-0.654636123024,86dd3a804d78ca5d203ebf98747e8f16dff9713ba8950097ceb760b161e19907,Domains_Alloy
1626,-3.141106683827819,-2.67487901449204,1,-0.654636123024,86dd3a804d78ca5d203ebf98747e8f16dff9713ba8950097ceb760b161e19907,Domains_Alloy
1627,-3.141658439928864,-2.67487901449204,1,-0.654636123024,86dd3a804d78ca5d203ebf98747e8f16dff9713ba8950097ceb760b161e19907,Domains_Alloy
1628,-3.142210350934316,-2.67487901449204,1,-0.654636123024,86dd3a804d78ca5d203ebf98747e8f16dff9713ba8950097ceb760b161e19907,Domains_Alloy
1629,-3.142762416753672,-2.67487901449204,1,-0.654636123024,86dd3a804d78ca5d203ebf98747e8f16dff9713ba8950097ceb760b161e19907,Domains_Alloy
1630,-3.143314637296531,-2.67487901449204,1,-0.654636123024,86dd3a804d78ca5d203ebf98747e8f16dff9713ba8950097ceb760b161e19907,Domains_Alloy
1631,-3.143867012472594,-2.67487901449204,1,-0.654636123024,86dd3a804d78ca5d203ebf98747e8f16dff9713ba8950097ceb760b161e19907,Domains_Alloy
1632,-3.144419542191665,-2.67487901449204,1,-0.654636123024,86dd3a804d78ca5d203ebf98747e8f16dff9713ba8950097ceb760b161e19907,Domains_Alloy
1633,-3.14497222636365,-2.67487901449204,1,-0.654636123024,86dd3a804d78ca5d203ebf98747e8f16dff9713ba8950097ceb760b161e19907,Domains_Alloy
1634,-3.145525064898558,-2.67487901449204,1,-0.654636123024,86dd3a804d78ca5d203ebf98747e8f16dff9713ba8950097ceb760b161e19907,Domains_Alloy
1635,-3.146078057706499,-2.67487901449204,1,-0.654636123024,86dd3a804d78ca5d203ebf98747e8f16dff9713ba8950097ceb760b161e19907,Domains_Alloy
1636,-3.146631204697687,-2.67487901449204,1,-0.654636123024,86dd3a804d78ca5d203ebf98747e8f16dff9713ba8950097ceb760b161e19907,Domains_Alloy
1637,-3.147184505782436,-2.67487901449204,1,-0.654636123024,86dd3a804d78ca5d203ebf98747e8f16dff9713ba8950097ceb760b161e19907,Domains_Alloy
1638,-3.147737960871162,-2.67487901449204,1,-0.654636123024,86dd3a804d78ca5d203ebf98747e8f16dff9713ba8950097ceb760b161e19907,Domains_Alloy
1639,-3.148291569874381,-2.67487901449204,1,-0.654636123024,86dd3a804d78ca5d203ebf98747e8f16dff9713ba8950097ceb760b161e19907,Domains_Alloy
1640,-3.148845332702715,-2.67487901449204,1,-0.654636123024,86dd3a804d78ca5d203ebf98747e8f16dff9713ba8950097ceb760b161e19907,Domains_Alloy
1641,-3.149399249266881,-2.67487901449204,1,-0.654636123024,86dd3a804d78ca5d203ebf98747e8f16dff9713ba8950097ceb760b161e19907,Domains_Alloy
1642,-3.149953319477703,-2.67487901449204,1,-0.654636123024,86dd3a804d78ca5d203ebf98747e8f16dff9713ba8950097ceb760b161e19907,Domains_Alloy
1643,-3.150507543246099,-2.67487901449204,1,-0.654636123024,86dd3a804d78ca5d203ebf98747e8f16dff9713ba8950097ceb760b161e19907,Domains_Alloy
1644,-3.151061920483092,-2.67487901449204,1,-0.654636123024,86dd3a804d78ca5d203ebf98747e8f16dff9713ba8950097ceb760b161e19907,Domains_Alloy
1645,-3.151616451099809,-2.67487901449204,1,-0.654636123024,86dd3a804d78ca5d203ebf98747e8f16dff9713ba8950097ceb760b161e19907,Domains_Alloy
1646,-3.152171135007467,-2.67487901449204,1,-0.654636123024,86dd3a804d78ca5d203ebf98747e8f16dff9713ba8950097ceb760b161e19907,Domains_Alloy
1647,-3.152725972117394,-2.67487901449204,1,-0.654636123024,86dd3a804d78ca5d203ebf98747e8f16dff9713ba8950097ceb760b161e19907,Domains_Alloy
1648,-3.153280962341007,-2.67487901449204,1,-0.654636123024,86dd3a804d78ca5d203ebf98747e8f16dff9713ba8950097ceb760b161e19907,Domains_Alloy
1649,-3.153836105589835,-2.67487901449204,1,-0.654636123024,86dd3a804d78ca5d203ebf98747e8f16dff9713ba8950097ceb760b161e19907,Domains_Alloy
1650,-3.154391401775498,-2.67487901449204,1,-0.654636123024,86dd3a804d78ca5d203ebf98747e8f16dff9713ba8950097ceb760b161e19907,Domains_Alloy
1651,-3.154946850809718,-2.67487901449204,1,-0.654636123024,86dd3a804d78ca5d203ebf98747e8f16dff9713ba8950097ceb760b161e19907,Domains_Alloy
1652,-3.155502452604315,-2.67487901449204,1,-0.654636123024,86dd3a804d78ca5d203ebf98747e8f16dff9713ba8950097ceb760b161e19907,Domains_Alloy
1653,-3.156058207071211,-2.67487901449204,1,-0.654636123024,86dd3a804d78ca5d203ebf98747e8f16dff9713ba8950097ceb760b161e19907,Domains_Alloy
1654,-3.156614114122423,-2.67487901449204,1,-0.654636123024,86dd3a804d78ca5d203ebf98747e8f16dff9713ba8950097ceb760b161e19907,Domains_Alloy
1655,-3.157170173670072,-2.67487901449204,1,-0.654636123024,86dd3a804d78ca5d203ebf98747e8f16dff9713ba8950097ceb760b161e19907,Domains_Alloy
1656,-3.157726385626372,-2.67487901449204,1,-0.654636123024,86dd3a804d78ca5d203ebf98747e8f16dff9713ba8950097ceb760b161e19907,Domains_Alloy
1657,-3.158282749903639,-2.67487901449204,1,-0.654636123024,86dd3a804d78ca5d203ebf98747e8f16dff9713ba8950097ceb760b161e19907,Domains_Alloy
1658,-3.158839266414289,-2.67487901449204,1,-0.654636123024,86dd3a804d78ca5d203ebf98747e8f16dff9713ba8950097ceb760b161e19907,Domains_Alloy
1659,-3.15939593507083,-2.67487901449204,1,-0.654636123024,86dd3a804d78ca5d203ebf98747e8f16dff9713ba8950097ceb760b161e19907,Domains_Alloy
1660,-3.159952755785874,-2.67487901449204,1,-0.654636123024,86dd3a804d78ca5d203ebf98747e8f16dff9713ba8950097ceb760b161e19907,Domains_Alloy
1661,-3.160509728472126,-2.67487901449204,1,-0.654636123024,86dd3a804d78ca5d203ebf98747e8f16dff9713ba8950097ceb760b161e19907,Domains_Alloy
1662,-3.161066853042394,-2.67487901449204,1,-0.654636123024,86dd3a804d78ca5d203ebf98747e8f16dff9713ba8950097ceb760b161e19907,Domains_Alloy
1663,-3.16162412940958,-2.67487901449204,1,-0.654636123024,86dd3a804d78ca5d203ebf98747e8f16dff9713ba8950097ceb760b161e19907,Domains_Alloy
1664,-3.162181557486682,-2.67487901449204,1,-0.654636123024,86dd3a804d78ca5d203ebf98747e8f16dff9713ba8950097ceb760b161e19907,Domains_Alloy
1665,-3.162739137186801,-2.67487901449204,1,-0.654636123024,86dd3a804d78ca5d203ebf98747e8f16dff9713ba8950097ceb760b161e19907,Domains_Alloy
1666,-3.163296868423128,-2.67487901449204,1,-0.654636123024,86dd3a804d78ca5d203ebf98747e8f16dff9713ba8950097ceb760b161e19907,Domains_Alloy
1667,-3.163854751108954,-2.67487901449204,1,-0.654636123024,86dd3a804d78ca5d203ebf98747e8f16dff9713ba8950097ceb760b161e19907,Domains_Alloy
1668,-3.164412785157669,-2.67487901449204,1,-0.654636123024,86dd3a804d78ca5d203ebf98747e8f16dff9713ba8950097ceb760b161e19907,Domains_Alloy
1669,-3.164970970482757,-2.67487901449204,1,-0.654636123024,86dd3a804d78ca5d203ebf98747e8f16dff9713ba8950097ceb760b161e19907,Domains_Alloy
1670,-3.165529306997799,-2.67487901449204,1,-0.654636123024,86dd3a804d78ca5d203ebf98747e8f16dff9713ba8950097ceb760b161e19907,Domains_Alloy
1671,-3.16608779461647,-2.67487901449204,1,-0.654636123024,86dd3a804d78ca5d203ebf98747e8f16dff9713ba8950097ceb760b161e19907,Domains_Alloy
1672,-3.166646433252545,-2.67487901449204,1,-0.654636123024,86dd3a804d78ca5d203ebf98747e8f16dff9713ba8950097ceb760b161e19907,Domains_Alloy
1673,-3.167205222819895,-2.67487901449204,1,-0.654636123024,86dd3a804d78ca5d203ebf98747e8f16dff9713ba8950097ceb760b161e19907,Domains_Alloy
1674,-3.167764163232481,-2.67487901449204,1,-0.654636123024,86dd3a804d78ca5d203ebf98747e8f16dff9713ba8950097ceb760b161e19907,Domains_Alloy
1675,-3.168323254404366,-2.67487901449204,1,-0.654636123024,86dd3a804d78ca5d203ebf98747e8f16dff9713ba8950097ceb760b161e19907,Domains_Alloy
1676,-3.168882496249706,-2.67487901449204,1,-0.654636123024,86dd3a804d78ca5d203ebf98747e8f16dff9713ba8950097ceb760b161e19907,Domains_Alloy
1677,-3.169441888682752,-2.67487901449204,1,-0.654636123024,86dd3a804d78ca5d203ebf98747e8f16dff9713ba8950097ceb760b161e19907,Domains_Alloy
1678,-3.17000143161785,-2.67487901449204,1,-0.654636123024,86dd3a804d78ca5d203ebf98747e8f16dff9713ba8950097ceb760b161e19907,Domains_Alloy
1679,-3.170561124969441,-2.67487901449204,1,-0.654636123024,86dd3a804d78ca5d203ebf98747e8f16dff9713ba8950097ceb760b161e19907,Domains_Alloy
1680,-3.171120968652065,-2.67487901449204,1,-0.654636123024,86dd3a804d78ca5d203ebf98747e8f16dff9713ba8950097ceb760b161e19907,Domains_Alloy
1681,-3.171680962580348,-2.67487901449204,1,-0.654636123024,86dd3a804d78ca5d203ebf98747e8f16dff9713ba8950097ceb760b161e19907,Domains_Alloy
1682,-3.172241106669021,-2.67487901449204,1,-0.654636123024,86dd3a804d78ca5d203ebf98747e8f16dff9713ba8950097ceb760b161e19907,Domains_Alloy
1683,-3.1728014008329,-2.67487901449204,1,-0.654636123024,86dd3a804d78ca5d203ebf98747e8f16dff9713ba8950097ceb760b161e19907,Domains_Alloy
1684,-3.173361844986901,-2.67487901449204,1,-0.654636123024,86dd3a804d78ca5d203ebf98747e8f16dff9713ba8950097ceb760b161e19907,Domains_Alloy
1685,-3.173922439046032,-2.67487901449204,1,-0.654636123024,86dd3a804d78ca5d203ebf98747e8f16dff9713ba8950097ceb760b161e19907,Domains_Alloy
1686,-3.174483182925396,-2.67487901449204,1,-0.654636123024,86dd3a804d78ca5d203ebf98747e8f16dff9713ba8950097ceb760b161e19907,Domains_Alloy
1687,-3.175044076540188,-2.67487901449204,1,-0.654636123024,86dd3a804d78ca5d203ebf98747e8f16dff9713ba8950097ceb760b161e19907,Domains_Alloy
1688,-3.175605119805699,-2.67487901449204,1,-0.654636123024,86dd3a804d78ca5d203ebf98747e8f16dff9713ba8950097ceb760b161e19907,Domains_Alloy
1689,-3.176166312637311,-2.67487901449204,1,-0.654636123024,86dd3a804d78ca5d203ebf98747e8f16dff9713ba8950097ceb760b161e19907,Domains_Alloy
1690,-3.176727654950501,-2.67487901449204,1,-0.654636123024,86dd3a804d78ca5d203ebf98747e8f16dff9713ba8950097ceb760b161e19907,Domains_Alloy
1691,-3.177289146660841,-2.67487901449204,1,-0.654636123024,86dd3a804d78ca5d203ebf98747e8f16dff9713ba8950097ceb760b161e19907,Domains_Alloy
1692,-3.17785078768399,-2.67487901449204,1,-0.654636123024,86dd3a804d78ca5d203ebf98747e8f16dff9713ba8950097ceb760b161e19907,Domains_Alloy
1693,-3.178412577935708,-2.67487901449204,1,-0.654636123024,86dd3a804d78ca5d203ebf98747e8f16dff9713ba8950097ceb760b161e19907,Domains_Alloy
1694,-3.178974517331839,-2.67487901449204,1,-0.654636123024,86dd3a804d78ca5d203ebf98747e8f16dff9713ba8950097ceb760b161e19907,Domains_Alloy
1695,-3.179536605788328,-2.67487901449204,1,-0.654636123024,86dd3a804d78ca5d203ebf98747e8f16dff9713ba8950097ceb760b161e19907,Domains_Alloy
1696,-3.180098843221205,-2.67487901449204,1,-0.654636123024,86dd3a804d78ca5d203ebf98747e8f16dff9713ba8950097ceb760b161e19907,Domains_Alloy
1697,-3.180661229546599,-2.67487901449204,1,-0.654636123024,86dd3a804d78ca5d203ebf98747e8f16dff9713ba8950097ceb760b161e19907,Domains_Alloy
1698,-3.181223764680725,-2.67487901449204,1,-0.654636123024,86dd3a804d78ca5d203ebf98747e8f16dff9713ba8950097ceb760b161e19907,Domains_Alloy
1699,-3.181786448539896,-2.67487901449204,1,-0.654636123024,86dd3a804d78ca5d203ebf98747e8f16dff9713ba8950097ceb760b161e19907,Domains_Alloy
1700,-3.182349281040511,-2.67487901449204,1,-0.654636123024,86dd3a804d78ca5d203ebf98747e8f16dff9713ba8950097ceb760b161e19907,Domains_Alloy
1701,-3.182912262099065,-2.67487901449204,1,-0.654636123024,86dd3a804d78ca5d203ebf98747e8f16dff9713ba8950097ceb760b161e19907,Domains_Alloy
1702,-3.183475391632143,-2.67487901449204,1,-0.654636123024,86dd3a804d78ca5d203ebf98747e8f16dff9713ba8950097ceb760b161e19907,Domains_Alloy
1703,-3.184038669556421,-2.67487901449204,1,-0.654636123024,86dd3a804d78ca5d203ebf98747e8f16dff9713ba8950097ceb760b161e19907,Domains_Alloy
1704,-3.184602095788667,-2.67487901449204,1,-0.654636123024,86dd3a804d78ca5d203ebf98747e8f16dff9713ba8950097ceb760b161e19907,Domains_Alloy
1705,-3.18516567024574,-2.67487901449204,1,-0.654636123024,86dd3a804d78ca5d203ebf98747e8f16dff9713ba8950097ceb760b161e19907,Domains_Alloy
1706,-3.185729392844588,-2.67487901449204,1,-0.654636123024,86dd3a804d78ca5d203ebf98747e8f16dff9713ba8950097ceb760b161e19907,Domains_Alloy
1707,-3.186293263502255,-2.67487901449204,1,-0.654636123024,86dd3a804d78ca5d203ebf98747e8f16dff9713ba8950097ceb760b161e19907,Domains_Alloy
1708,-3.186857282135869,-2.67487901449204,1,-0.654636123024,86dd3a804d78ca5d203ebf98747e8f16dff9713ba8950097ceb760b161e19907,Domains_Alloy
1709,-3.187421448662654,-2.67487901449204,1,-0.654636123024,86dd3a804d78ca5d203ebf98747e8f16dff9713ba8950097ceb760b161e19907,Domains_Alloy
1710,-3.18798576299992,-2.67487901449204,1,-0.654636123024,86dd3a804d78ca5d203ebf98747e8f16dff9713ba8950097ceb760b161e19907,Domains_Alloy
1711,-3.188550225065073,-2.67487901449204,1,-0.654636123024,86dd3a804d78ca5d203ebf98747e8f16dff9713ba8950097ceb760b161e19907,Domains_Alloy
1712,-3.189114834775601,-2.67487901449204,1,-0.654636123024,86dd3a804d78ca5d203ebf98747e8f16dff9713ba8950097ceb760b161e19907,Domains_Alloy
1713,-3.18967959204909,-2.67487901449204,1,-0.654636123024,86dd3a804d78ca5d203ebf98747e8f16dff9713ba8950097ceb760b161e19907,Domains_Alloy
1714,-3.190244496803212,-2.67487901449204,1,-0.654636123024,86dd3a804d78ca5d203ebf98747e8f16dff9713ba8950097ceb760b161e19907,Domains_Alloy
1715,-3.190809548955727,-2.67487901449204,1,-0.654636123024,86dd3a804d78ca5d203ebf98747e8f16dff9713ba8950097ceb760b161e19907,Domains_Alloy
1716,-3.191374748424488,-2.67487901449204,1,-0.654636123024,86dd3a804d78ca5d203ebf98747e8f16dff9713ba8950097ceb760b161e19907,Domains_Alloy
1717,-3.191940095127436,-2.67487901449204,1,-0.654636123024,86dd3a804d78ca5d203ebf98747e8f16dff9713ba8950097ceb760b161e19907,Domains_Alloy
1718,-3.192505588982602,-2.67487901449204,1,-0.654636123024,86dd3a804d78ca5d203ebf98747e8f16dff9713ba8950097ceb760b161e19907,Domains_Alloy
1719,-3.193071229908102,-2.67487901449204,1,-0.654636123024,86dd3a804d78ca5d203ebf98747e8f16dff9713ba8950097ceb760b161e19907,Domains_Alloy
1720,-3.193637017822148,-2.67487901449204,1,-0.654636123024,86dd3a804d78ca5d203ebf98747e8f16dff9713ba8950097ceb760b161e19907,Domains_Alloy
1721,-3.194202952643035,-2.67487901449204,1,-0.654636123024,86dd3a804d78ca5d203ebf98747e8f16dff9713ba8950097ceb760b161e19907,Domains_Alloy
1722,-3.194769034289148,-2.67487901449204,1,-0.654636123024,86dd3a804d78ca5d203ebf98747e8f16dff9713ba8950097ceb760b161e19907,Domains_Alloy
1723,-3.195335262678963,-2.67487901449204,1,-0.654636123024,86dd3a804d78ca5d203ebf98747e8f16dff9713ba8950097ceb760b161e19907,Domains_Alloy
1724,-3.195901637731044,-2.67487901449204,1,-0.654636123024,86dd3a804d78ca5d203ebf98747e8f16dff9713ba8950097ceb760b161e19907,Domains_Alloy
1725,-3.196468159364038,-2.67487901449204,1,-0.654636123024,86dd3a804d78ca5d203ebf98747e8f16dff9713ba8950097ceb760b161e19907,Domains_Alloy
1726,-3.197034827496686,-2.67487901449204,1,-0.654636123024,86dd3a804d78ca5d203ebf98747e8f16dff9713ba8950097ceb760b161e19907,Domains_Alloy
1727,-3.197601642047814,-2.67487901449204,1,-0.654636123024,86dd3a804d78ca5d203ebf98747e8f16dff9713ba8950097ceb760b161e19907,Domains_Alloy
1728,-3.198168602936339,-2.67487901449204,1,-0.654636123024,86dd3a804d78ca5d203ebf98747e8f16dff9713ba8950097ceb760b161e19907,Domains_Alloy
1729,-3.198735710081262,-2.67487901449204,1,-0.654636123024,86dd3a804d78ca5d203ebf98747e8f16dff9713ba8950097ceb760b161e19907,Domains_Alloy
1730,-3.199302963401674,-2.67487901449204,1,-0.654636123024,86dd3a804d78ca5d203ebf98747e8f16dff9713ba8950097ceb760b161e19907,Domains_Alloy
1731,-3.199870362816752,-2.67487901449204,1,-0.654636123024,86dd3a804d78ca5d203ebf98747e8f16dff9713ba8950097ceb760b161e19907,Domains_Alloy
1732,-3.200437908245761,-2.67487901449204,1,-0.654636123024,86dd3a804d78ca5d203ebf98747e8f16dff9713ba8950097ceb760b161e19907,Domains_Alloy
1733,-3.201005599608053,-2.67487901449204,1,-0.654636123024,86dd3a804d78ca5d203ebf98747e8f16dff9713ba8950097ceb760b161e19907,Domains_Alloy
1734,-3.201573436823066,-2.67487901449204,1,-0.654636123024,86dd3a804d78ca5d203ebf98747e8f16dff9713ba8950097ceb760b161e19907,Domains_Alloy
1735,-3.202141419810327,-2.67487901449204,1,-0.654636123024,86dd3a804d78ca5d203ebf98747e8f16dff9713ba8950097ceb760b161e19907,Domains_Alloy
1736,-3.202709548489448,-2.67487901449204,1,-0.654636123024,86dd3a804d78ca5d203ebf98747e8f16dff9713ba8950097ceb760b161e19907,Domains_Alloy
1737,-3.203277822780128,-2.67487901449204,1,-0.654636123024,86dd3a804d78ca5d203ebf98747e8f16dff9713ba8950097ceb760b161e19907,Domains_Alloy
1738,-3.203846242602154,-2.67487901449204,1,-0.654636123024,86dd3a804d78ca5d203ebf98747e8f16dff9713ba8950097ceb760b161e19907,Domains_Alloy
1739,-3.204414807875397,-2.67487901449204,1,-0.654636123024,86dd3a804d78ca5d203ebf98747e8f16dff9713ba8950097ceb760b161e19907,Domains_Alloy
1740,-3.204983518519814,-2.67487901449204,1,-0.654636123024,86dd3a804d78ca5d203ebf98747e8f16dff9713ba8950097ceb760b161e19907,Domains_Alloy
1741,-3.205552374455452,-2.67487901449204,1,-0.654636123024,86dd3a804d78ca5d203ebf98747e8f16dff9713ba8950097ceb760b161e19907,Domains_Alloy
1742,-3.206121375602438,-2.67487901449204,1,-0.654636123024,86dd3a804d78ca5d203ebf98747e8f16dff9713ba8950097ceb760b161e19907,Domains_Alloy
1743,-3.20669052188099,-2.67487901449204,1,-0.654636123024,86dd3a804d78ca5d203ebf98747e8f16dff9713ba8950097ceb760b161e19907,Domains_Alloy
1744,-3.207259813211408,-2.67487901449204,1,-0.654636123024,86dd3a804d78ca5d203ebf98747e8f16dff9713ba8950097ceb760b161e19907,Domains_Alloy
1745,-3.207829249514081,-2.67487901449204,1,-0.654636123024,86dd3a804d78ca5d203ebf98747e8f16dff9713ba8950097ceb760b161e19907,Domains_Alloy
1746,-3.20839883070948,-2.67487901449204,1,-0.654636123024,86dd3a804d78ca5d203ebf98747e8f16dff9713ba8950097ceb760b161e19907,Domains_Alloy
1747,-3.208968556718163,-2.67487901449204,1,-0.654636123024,86dd3a804d78ca5d203ebf98747e8f16dff9713ba8950097ceb760b161e19907,Domains_Alloy
1748,-3.209538427460773,-2.67487901449204,1,-0.654636123024,86dd3a804d78ca5d203ebf98747e8f16dff9713ba8950097ceb760b161e19907,Domains_Alloy
1749,-3.210108442858038,-2.67487901449204,1,-0.654636123024,86dd3a804d78ca5d203ebf98747e8f16dff9713ba8950097ceb760b161e19907,Domains_Alloy
1750,-3.210678602830769,-2.67487901449204,1,-0.654636123024,86dd3a804d78ca5d203ebf98747e8f16dff9713ba8950097ceb760b161e19907,Domains_Alloy
1751,-3.211248907299867,-2.67487901449204,1,-0.654636123024,86dd3a804d78ca5d203ebf98747e8f16dff9713ba8950097ceb760b161e19907,Domains_Alloy
1752,-3.211819356186311,-2.67487901449204,1,-0.654636123024,86dd3a804d78ca5d203ebf98747e8f16dff9713ba8950097ceb760b161e19907,Domains_Alloy
1753,-3.212389949411167,-2.67487901449204,1,-0.654636123024,86dd3a804d78ca5d203ebf98747e8f16dff9713ba8950097ceb760b161e19907,Domains_Alloy
1754,-3.212960686895588,-2.67487901449204,1,-0.654636123024,86dd3a804d78ca5d203ebf98747e8f16dff9713ba8950097ceb760b161e19907,Domains_Alloy
1755,-3.213531568560806,-2.67487901449204,1,-0.654636123024,86dd3a804d78ca5d203ebf98747e8f16dff9713ba8950097ceb760b161e19907,Domains_Alloy
1756,-3.214102594328142,-2.67487901449204,1,-0.654636123024,86dd3a804d78ca5d203ebf98747e8f16dff9713ba8950097ceb760b161e19907,Domains_Alloy
1757,-3.214673764118999,-2.67487901449204,1,-0.654636123024,86dd3a804d78ca5d203ebf98747e8f16dff9713ba8950097ceb760b161e19907,Domains_Alloy
1758,-3.215245077854862,-2.67487901449204,1,-0.654636123024,86dd3a804d78ca5d203ebf98747e8f16dff9713ba8950097ceb760b161e19907,Domains_Alloy
1759,-3.215816535457304,-2.67487901449204,1,-0.654636123024,86dd3a804d78ca5d203ebf98747e8f16dff9713ba8950097ceb760b161e19907,Domains_Alloy
1760,-3.216388136847976,-2.67487901449204,1,-0.654636123024,86dd3a804d78ca5d203ebf98747e8f16dff9713ba8950097ceb760b161e19907,Domains_Alloy
1761,-3.216959881948616,-2.67487901449204,1,-0.654636123024,86dd3a804d78ca5d203ebf98747e8f16dff9713ba8950097ceb760b161e19907,Domains_Alloy
1762,-3.217531770681044,-2.67487901449204,1,-0.654636123024,86dd3a804d78ca5d203ebf98747e8f16dff9713ba8950097ceb760b161e19907,Domains_Alloy
1763,-3.218103802967165,-2.67487901449204,1,-0.654636123024,86dd3a804d78ca5d203ebf98747e8f16dff9713ba8950097ceb760b161e19907,Domains_Alloy
1764,-3.218675978728966,-2.67487901449204,1,-0.654636123024,86dd3a804d78ca5d203ebf98747e8f16dff9713ba8950097ceb760b161e19907,Domains_Alloy
1765,-3.219248297888516,-2.67487901449204,1,-0.654636123024,86dd3a804d78ca5d203ebf98747e8f16dff9713ba8950097ceb760b161e19907,Domains_Alloy
1766,-3.219820760367966,-2.67487901449204,1,-0.654636123024,86dd3a804d78ca5d203ebf98747e8f16dff9713ba8950097ceb760b161e19907,Domains_Alloy
1767,-3.220393366089552,-2.67487901449204,1,-0.654636123024,86dd3a804d78ca5d203ebf98747e8f16dff9713ba8950097ceb760b161e19907,Domains_Alloy
1768,-3.220966114975591,-2.67487901449204,1,-0.654636123024,86dd3a804d78ca5d203ebf98747e8f16dff9713ba8950097ceb760b161e19907,Domains_Alloy
1769,-3.221539006948483,-2.67487901449204,1,-0.654636123024,86dd3a804d78ca5d203ebf98747e8f16dff9713ba8950097ceb760b161e19907,Domains_Alloy
1770,-3.222112041930711,-2.67487901449204,1,-0.654636123024,86dd3a804d78ca5d203ebf98747e8f16dff9713ba8950097ceb760b161e19907,Domains_Alloy
1771,-3.222685219844837,-2.67487901449204,1,-0.654636123024,86dd3a804d78ca5d203ebf98747e8f16dff9713ba8950097ceb760b161e19907,Domains_Alloy
1772,-3.223258540613509,-2.67487901449204,1,-0.654636123024,86dd3a804d78ca5d203ebf98747e8f16dff9713ba8950097ceb760b161e19907,Domains_Alloy
1773,-3.223832004159452,-2.67487901449204,1,-0.654636123024,86dd3a804d78ca5d203ebf98747e8f16dff9713ba8950097ceb760b161e19907,Domains_Alloy
1774,-3.22440561040548,-2.67487901449204,1,-0.654636123024,86dd3a804d78ca5d203ebf98747e8f16dff9713ba8950097ceb760b161e19907,Domains_Alloy
1775,-3.224979359274482,-2.67487901449204,1,-0.654636123024,86dd3a804d78ca5d203ebf98747e8f16dff9713ba8950097ceb760b161e19907,Domains_Alloy
1776,-3.22555325068943,-2.67487901449204,1,-0.654636123024,86dd3a804d78ca5d203ebf98747e8f16dff9713ba8950097ceb760b161e19907,Domains_Alloy
1777,-3.226127284573379,-2.67487901449204,1,-0.654636123024,86dd3a804d78ca5d203ebf98747e8f16dff9713ba8950097ceb760b161e19907,Domains_Alloy
1778,-3.226701460849466,-2.67487901449204,1,-0.654636123024,86dd3a804d78ca5d203ebf98747e8f16dff9713ba8950097ceb760b161e19907,Domains_Alloy
1779,-3.227275779440903,-2.67487901449204,1,-0.654636123024,86dd3a804d78ca5d203ebf98747e8f16dff9713ba8950097ceb760b161e19907,Domains_Alloy
1780,-3.227850240270993,-2.67487901449204,1,-0.654636123024,86dd3a804d78ca5d203ebf98747e8f16dff9713ba8950097ceb760b161e19907,Domains_Alloy
1781,-3.22842484326311,-2.67487901449204,1,-0.654636123024,86dd3a804d78ca5d203ebf98747e8f16dff9713ba8950097ceb760b161e19907,Domains_Alloy
1782,-3.228999588340713,-2.67487901449204,1,-0.654636123024,86dd3a804d78ca5d203ebf98747e8f16dff9713ba8950097ceb760b161e19907,Domains_Alloy
1783,-3.229574475427346,-2.67487901449204,1,-0.654636123024,86dd3a804d78ca5d203ebf98747e8f16dff9713ba8950097ceb760b161e19907,Domains_Alloy
1784,-3.230149504446625,-2.67487901449204,1,-0.654636123024,86dd3a804d78ca5d203ebf98747e8f16dff9713ba8950097ceb760b161e19907,Domains_Alloy
1785,-3.230724675322251,-2.67487901449204,1,-0.654636123024,86dd3a804d78ca5d203ebf98747e8f16dff9713ba8950097ceb760b161e19907,Domains_Alloy
1786,-3.231299987978005,-2.67487901449204,1,-0.654636123024,86dd3a804d78ca5d203ebf98747e8f16dff9713ba8950097ceb760b161e19907,Domains_Alloy
1787,-3.231875442337749,-2.67487901449204,1,-0.654636123024,86dd3a804d78ca5d203ebf98747e8f16dff9713ba8950097ceb760b161e19907,Domains_Alloy
1788,-3.232451038325422,-2.67487901449204,1,-0.654636123024,86dd3a804d78ca5d203ebf98747e8f16dff9713ba8950097ceb760b161e19907,Domains_Alloy
1789,-3.233026775865045,-2.67487901449204,1,-0.654636123024,86dd3a804d78ca5d203ebf98747e8f16dff9713ba8950097ceb760b161e19907,Domains_Alloy
1790,-3.233602654880719,-2.67487901449204,1,-0.654636123024,86dd3a804d78ca5d203ebf98747e8f16dff9713ba8950097ceb760b161e19907,Domains_Alloy
1791,-3.234178675296624,-2.67487901449204,1,-0.654636123024,86dd3a804d78ca5d203ebf98747e8f16dff9713ba8950097ceb760b161e19907,Domains_Alloy
1792,-3.234754837037018,-2.67487901449204,1,-0.654636123024,86dd3a804d78ca5d203ebf98747e8f16dff9713ba8950097ceb760b161e19907,Domains_Alloy
1793,-3.235331140026241,-2.67487901449204,1,-0.654636123024,86dd3a804d78ca5d203ebf98747e8f16dff9713ba8950097ceb760b161e19907,Domains_Alloy
1794,-3.235907584188711,-2.67487901449204,1,-0.654636123024,86dd3a804d78ca5d203ebf98747e8f16dff9713ba8950097ceb760b161e19907,Domains_Alloy
1795,-3.236484169448926,-2.67487901449204,1,-0.654636123024,86dd3a804d78ca5d203ebf98747e8f16dff9713ba8950097ceb760b161e19907,Domains_Alloy
1796,-3.237060895731459,-2.67487901449204,1,-0.654636123024,86dd3a804d78ca5d203ebf98747e8f16dff9713ba8950097ceb760b161e19907,Domains_Alloy
1797,-3.237637762960968,-2.67487901449204,1,-0.654636123024,86dd3a804d78ca5d203ebf98747e8f16dff9713ba8950097ceb760b161e19907,Domains_Alloy
1798,-3.238214771062187,-2.67487901449204,1,-0.654636123024,86dd3a804d78ca5d203ebf98747e8f16dff9713ba8950097ceb760b161e19907,Domains_Alloy
1799,-3.238791919959927,-2.67487901449204,1,-0.654636123024,86dd3a804d78ca5d203ebf98747e8f16dff9713ba8950097ceb760b161e19907,Domains_Alloy
1800,-3.239369209579078,-2.67487901449204,1,-0.654636123024,86dd3a804d78ca5d203ebf98747e8f16dff9713ba8950097ceb760b161e19907,Domains_Alloy
1801,-3.239946639844613,-2.67487901449204,1,-0.654636123024,86dd3a804d78ca5d203ebf98747e8f16dff9713ba8950097ceb760b161e19907,Domains_Alloy
1802,-3.240524210681575,-2.67487901449204,1,-0.654636123024,86dd3a804d78ca5d203ebf98747e8f16dff9713ba8950097ceb760b161e19907,Domains_Alloy
1803,-3.241101922015094,-2.67487901449204,1,-0.654636123024,86dd3a804d78ca5d203ebf98747e8f16dff9713ba8950097ceb760b161e19907,Domains_Alloy
1804,-3.241679773770372,-2.67487901449204,1,-0.654636123024,86dd3a804d78ca5d203ebf98747e8f16dff9713ba8950097ceb760b161e19907,Domains_Alloy
1805,-3.242257765872691,-2.67487901449204,1,-0.654636123024,86dd3a804d78ca5d203ebf98747e8f16dff9713ba8950097ceb760b161e19907,Domains_Alloy
1806,-3.242835898247411,-2.67487901449204,1,-0.654636123024,86dd3a804d78ca5d203ebf98747e8f16dff9713ba8950097ceb760b161e19907,Domains_Alloy
1807,-3.243414170819968,-2.67487901449204,1,-0.654636123024,86dd3a804d78ca5d203ebf98747e8f16dff9713ba8950097ceb760b161e19907,Domains_Alloy
1808,-3.243992583515877,-2.67487901449204,1,-0.654636123024,86dd3a804d78ca5d203ebf98747e8f16dff9713ba8950097ceb760b161e19907,Domains_Alloy
1809,-3.244571136260731,-2.67487901449204,1,-0.654636123024,86dd3a804d78ca5d203ebf98747e8f16dff9713ba8950097ceb760b161e19907,Domains_Alloy
1810,-3.245149828980201,-2.67487901449204,1,-0.654636123024,86dd3a804d78ca5d203ebf98747e8f16dff9713ba8950097ceb760b161e19907,Domains_Alloy
1811,-3.245728661600031,-2.67487901449204,1,-0.654636123024,86dd3a804d78ca5d203ebf98747e8f16dff9713ba8950097ceb760b161e19907,Domains_Alloy
1812,-3.246307634046047,-2.67487901449204,1,-0.654636123024,86dd3a804d78ca5d203ebf98747e8f16dff9713ba8950097ceb760b161e19907,Domains_Alloy
1813,-3.246886746244149,-2.67487901449204,1,-0.654636123024,86dd3a804d78ca5d203ebf98747e8f16dff9713ba8950097ceb760b161e19907,Domains_Alloy
1814,-3.247465998120314,-2.67487901449204,1,-0.654636123024,86dd3a804d78ca5d203ebf98747e8f16dff9713ba8950097ceb760b161e19907,Domains_Alloy
1815,-3.248045389600599,-2.67487901449204,1,-0.654636123024,86dd3a804d78ca5d203ebf98747e8f16dff9713ba8950097ceb760b161e19907,Domains_Alloy
1816,-3.248624920611132,-2.67487901449204,1,-0.654636123024,86dd3a804d78ca5d203ebf98747e8f16dff9713ba8950097ceb760b161e19907,Domains_Alloy
1817,-3.249204591078124,-2.67487901449204,1,-0.654636123024,86dd3a804d78ca5d203ebf98747e8f16dff9713ba8950097ceb760b161e19907,Domains_Alloy
1818,-3.249784400927854,-2.67487901449204,1,-0.654636123024,86dd3a804d78ca5d203ebf98747e8f16dff9713ba8950097ceb760b161e19907,Domains_Alloy
1819,-3.250364350086689,-2.67487901449204,1,-0.654636123024,86dd3a804d78ca5d203ebf98747e8f16dff9713ba8950097ceb760b161e19907,Domains_Alloy
1820,-3.25094443848106,-2.67487901449204,1,-0.654636123024,86dd3a804d78ca5d203ebf98747e8f16dff9713ba8950097ceb760b161e19907,Domains_Alloy
1821,-3.251524666037482,-2.67487901449204,1,-0.654636123024,86dd3a804d78ca5d203ebf98747e8f16dff9713ba8950097ceb760b161e19907,Domains_Alloy
1822,-3.252105032682543,-2.67487901449204,1,-0.654636123024,86dd3a804d78ca5d203ebf98747e8f16dff9713ba8950097ceb760b161e19907,Domains_Alloy
1823,-3.252685538342907,-2.67487901449204,1,-0.654636123024,86dd3a804d78ca5d203ebf98747e8f16dff9713ba8950097ceb760b161e19907,Domains_Alloy
1824,-3.253266182945314,-2.67487901449204,1,-0.654636123024,86dd3a804d78ca5d203ebf98747e8f16dff9713ba8950097ceb760b161e19907,Domains_Alloy
1825,-3.25384696641658,-2.67487901449204,1,-0.654636123024,86dd3a804d78ca5d203ebf98747e8f16dff9713ba8950097ceb760b161e19907,Domains_Alloy
1826,-3.254427888683595,-2.67487901449204,1,-0.654636123024,86dd3a804d78ca5d203ebf98747e8f16dff9713ba8950097ceb760b161e19907,Domains_Alloy
1827,-3.255008949673327,-2.67487901449204,1,-0.654636123024,86dd3a804d78ca5d203ebf98747e8f16dff9713ba8950097ceb760b161e19907,Domains_Alloy
1828,-3.255590149312817,-2.67487901449204,1,-0.654636123024,86dd3a804d78ca5d203ebf98747e8f16dff9713ba8950097ceb760b161e19907,Domains_Alloy
1829,-3.256171487529181,-2.67487901449204,1,-0.654636123024,86dd3a804d78ca5d203ebf98747e8f16dff9713ba8950097ceb760b161e19907,Domains_Alloy
1830,-3.256752964249611,-2.67487901449204,1,-0.654636123024,86dd3a804d78ca5d203ebf98747e8f16dff9713ba8950097ceb760b161e19907,Domains_Alloy
1831,-3.257334579401375,-2.67487901449204,1,-0.654636123024,86dd3a804d78ca5d203ebf98747e8f16dff9713ba8950097ceb760b161e19907,Domains_Alloy
1832,-3.257916332911812,-2.67487901449204,1,-0.654636123024,86dd3a804d78ca5d203ebf98747e8f16dff9713ba8950097ceb760b161e19907,Domains_Alloy
1833,-3.25849822470834,-2.67487901449204,1,-0.654636123024,86dd3a804d78ca5d203ebf98747e8f16dff9713ba8950097ceb760b161e19907,Domains_Alloy
1834,-3.25908025471845,-2.67487901449204,1,-0.654636123024,86dd3a804d78ca5d203ebf98747e8f16dff9713ba8950097ceb760b161e19907,Domains_Alloy
1835,-3.259662422869706,-2.67487901449204,1,-0.654636123024,86dd3a804d78ca5d203ebf98747e8f16dff9713ba8950097ceb760b161e19907,Domains_Alloy
1836,-3.260244729089748,-2.67487901449204,1,-0.654636123024,86dd3a804d78ca5d203ebf98747e8f16dff9713ba8950097ceb760b161e19907,Domains_Alloy
1837,-3.260827173306289,-2.67487901449204,1,-0.654636123024,86dd3a804d78ca5d203ebf98747e8f16dff9713ba8950097ceb760b161e19907,Domains_Alloy
1838,-3.261409755447118,-2.67487901449204,1,-0.654636123024,86dd3a804d78ca5d203ebf98747e8f16dff9713ba8950097ceb760b161e19907,Domains_Alloy
1839,-3.261992475440097,-2.67487901449204,1,-0.654636123024,86dd3a804d78ca5d203ebf98747e8f16dff9713ba8950097ceb760b161e19907,Domains_Alloy
1840,-3.262575333213161,-2.67487901449204,1,-0.654636123024,86dd3a804d78ca5d203ebf98747e8f16dff9713ba8950097ceb760b161e19907,Domains_Alloy
1841,-3.26315832869432,-2.67487901449204,1,-0.654636123024,86dd3a804d78ca5d203ebf98747e8f16dff9713ba8950097ceb760b161e19907,Domains_Alloy
1842,-3.263741461811656,-2.67487901449204,1,-0.654636123024,86dd3a804d78ca5d203ebf98747e8f16dff9713ba8950097ceb760b161e19907,Domains_Alloy
1843,-3.264324732493327,-2.67487901449204,1,-0.654636123024,86dd3a804d78ca5d203ebf98747e8f16dff9713ba8950097ceb760b161e19907,Domains_Alloy
1844,-3.264908140667564,-2.67487901449204,1,-0.654636123024,86dd3a804d78ca5d203ebf98747e8f16dff9713ba8950097ceb760b161e19907,Domains_Alloy
1845,-3.265491686262669,-2.67487901449204,1,-0.654636123024,86dd3a804d78ca5d203ebf98747e8f16dff9713ba8950097ceb760b161e19907,Domains_Alloy
1846,-3.266075369207018,-2.67487901449204,1,-0.654636123024,86dd3a804d78ca5d203ebf98747e8f16dff9713ba8950097ceb760b161e19907,Domains_Alloy
1847,-3.266659189429065,-2.67487901449204,1,-0.654636123024,86dd3a804d78ca5d203ebf98747e8f16dff9713ba8950097ceb760b161e19907,Domains_Alloy
1848,-3.267243146857327,-2.67487901449204,1,-0.654636123024,86dd3a804d78ca5d203ebf98747e8f16dff9713ba8950097ceb760b161e19907,Domains_Alloy
1849,-3.267827241420405,-2.67487901449204,1,-0.654636123024,86dd3a804d78ca5d203ebf98747e8f16dff9713ba8950097ceb760b161e19907,Domains_Alloy
1850,-3.268411473046966,-2.67487901449204,1,-0.654636123024,86dd3a804d78ca5d203ebf98747e8f16dff9713ba8950097ceb760b161e19907,Domains_Alloy
1851,-3.268995841665749,-2.67487901449204,1,-0.654636123024,86dd3a804d78ca5d203ebf98747e8f16dff9713ba8950097ceb760b161e19907,Domains_Alloy
1852,-3.269580347205573,-2.67487901449204,1,-0.654636123024,86dd3a804d78ca5d203ebf98747e8f16dff9713ba8950097ceb760b161e19907,Domains_Alloy
1853,-3.270164989595319,-2.67487901449204,1,-0.654636123024,86dd3a804d78ca5d203ebf98747e8f16dff9713ba8950097ceb760b161e19907,Domains_Alloy
1854,-3.270749768763949,-2.67487901449204,1,-0.654636123024,86dd3a804d78ca5d203ebf98747e8f16dff9713ba8950097ceb760b161e19907,Domains_Alloy
1855,-3.271334684640493,-2.67487901449204,1,-0.654636123024,86dd3a804d78ca5d203ebf98747e8f16dff9713ba8950097ceb760b161e19907,Domains_Alloy
1856,-3.271919737154053,-2.67487901449204,1,-0.654636123024,86dd3a804d78ca5d203ebf98747e8f16dff9713ba8950097ceb760b161e19907,Domains_Alloy
1857,-3.272504926233806,-2.67487901449204,1,-0.654636123024,86dd3a804d78ca5d203ebf98747e8f16dff9713ba8950097ceb760b161e19907,Domains_Alloy
1858,-3.273090251808999,-2.67487901449204,1,-0.654636123024,86dd3a804d78ca5d203ebf98747e8f16dff9713ba8950097ceb760b161e19907,Domains_Alloy
1859,-3.27367571380895,-2.67487901449204,1,-0.654636123024,86dd3a804d78ca5d203ebf98747e8f16dff9713ba8950097ceb760b161e19907,Domains_Alloy
1860,-3.274261312163049,-2.67487901449204,1,-0.654636123024,86dd3a804d78ca5d203ebf98747e8f16dff9713ba8950097ceb760b161e19907,Domains_Alloy
1861,-3.27484704680076,-2.67487901449204,1,-0.654636123024,86dd3a804d78ca5d203ebf98747e8f16dff9713ba8950097ceb760b161e19907,Domains_Alloy
1862,-3.275432917651616,-2.67487901449204,1,-0.654636123024,86dd3a804d78ca5d203ebf98747e8f16dff9713ba8950097ceb760b161e19907,Domains_Alloy
1863,-3.276018924645222,-2.67487901449204,1,-0.654636123024,86dd3a804d78ca5d203ebf98747e8f16dff9713ba8950097ceb760b161e19907,Domains_Alloy
1864,-3.276605067711255,-2.67487901449204,1,-0.654636123024,86dd3a804d78ca5d203ebf98747e8f16dff9713ba8950097ceb760b161e19907,Domains_Alloy
1865,-3.27719134677946,-2.67487901449204,1,-0.654636123024,86dd3a804d78ca5d203ebf98747e8f16dff9713ba8950097ceb760b161e19907,Domains_Alloy
1866,-3.27777776177966,-2.67487901449204,1,-0.654636123024,86dd3a804d78ca5d203ebf98747e8f16dff9713ba8950097ceb760b161e19907,Domains_Alloy
1867,-3.278364312641742,-2.67487901449204,1,-0.654636123024,86dd3a804d78ca5d203ebf98747e8f16dff9713ba8950097ceb760b161e19907,Domains_Alloy
1868,-3.278950999295667,-2.67487901449204,1,-0.654636123024,86dd3a804d78ca5d203ebf98747e8f16dff9713ba8950097ceb760b161e19907,Domains_Alloy
1869,-3.279537821671466,-2.67487901449204,1,-0.654636123024,86dd3a804d78ca5d203ebf98747e8f16dff9713ba8950097ceb760b161e19907,Domains_Alloy
1870,-3.280124779699241,-2.67487901449204,1,-0.654636123024,86dd3a804d78ca5d203ebf98747e8f16dff9713ba8950097ceb760b161e19907,Domains_Alloy
1871,-3.280711873309165,-2.67487901449204,1,-0.654636123024,86dd3a804d78ca5d203ebf98747e8f16dff9713ba8950097ceb760b161e19907,Domains_Alloy
1872,-3.281299102431479,-2.67487901449204,1,-0.654636123024,86dd3a804d78ca5d203ebf98747e8f16dff9713ba8950097ceb760b161e19907,Domains_Alloy
1873,-3.2818864669965,-2.67487901449204,1,-0.654636123024,86dd3a804d78ca5d203ebf98747e8f16dff9713ba8950097ceb760b161e19907,Domains_Alloy
1874,-3.282473966934609,-2.67487901449204,1,-0.654636123024,86dd3a804d78ca5d203ebf98747e8f16dff9713ba8950097ceb760b161e19907,Domains_Alloy
1875,-3.28306160217626,-2.67487901449204,1,-0.654636123024,86dd3a804d78ca5d203ebf98747e8f16dff9713ba8950097ceb760b161e19907,Domains_Alloy
1876,-3.283649372651977,-2.67487901449204,1,-0.654636123024,86dd3a804d78ca5d203ebf98747e8f16dff9713ba8950097ceb760b161e19907,Domains_Alloy
1877,-3.284237278292353,-2.67487901449204,1,-0.654636123024,86dd3a804d78ca5d203ebf98747e8f16dff9713ba8950097ceb760b161e19907,Domains_Alloy
1878,-3.284825319028052,-2.67487901449204,1,-0.654636123024,86dd3a804d78ca5d203ebf98747e8f16dff9713ba8950097ceb760b161e19907,Domains_Alloy
1879,-3.285413494789807,-2.67487901449204,1,-0.654636123024,86dd3a804d78ca5d203ebf98747e8f16dff9713ba8950097ceb760b161e19907,Domains_Alloy
1880,-3.286001805508421,-2.67487901449204,1,-0.654636123024,86dd3a804d78ca5d203ebf98747e8f16dff9713ba8950097ceb760b161e19907,Domains_Alloy
1881,-3.286590251114765,-2.67487901449204,1,-0.654636123024,86dd3a804d78ca5d203ebf98747e8f16dff9713ba8950097ceb760b161e19907,Domains_Alloy
1882,-3.287178831539783,-2.67487901449204,1,-0.654636123024,86dd3a804d78ca5d203ebf98747e8f16dff9713ba8950097ceb760b161e19907,Domains_Alloy
1883,-3.287767546714485,-2.67487901449204,1,-0.654636123024,86dd3a804d78ca5d203ebf98747e8f16dff9713ba8950097ceb760b161e19907,Domains_Alloy
1884,-3.28835639656995,-2.67487901449204,1,-0.654636123024,86dd3a804d78ca5d203ebf98747e8f16dff9713ba8950097ceb760b161e19907,Domains_Alloy
1885,-3.28894538103733,-2.67487901449204,1,-0.654636123024,86dd3a804d78ca5d203ebf98747e8f16dff9713ba8950097ceb760b161e19907,Domains_Alloy
1886,-3.28953450004784,-2.67487901449204,1,-0.654636123024,86dd3a804d78ca5d203ebf98747e8f16dff9713ba8950097ceb760b161e19907,Domains_Alloy
1887,-3.290123753532769,-2.67487901449204,1,-0.654636123024,86dd3a804d78ca5d203ebf98747e8f16dff9713ba8950097ceb760b161e19907,Domains_Alloy
1888,-3.290713141423474,-2.67487901449204,1,-0.654636123024,86dd3a804d78ca5d203ebf98747e8f16dff9713ba8950097ceb760b161e19907,Domains_Alloy
1889,-3.291302663651379,-2.67487901449204,1,-0.654636123024,86dd3a804d78ca5d203ebf98747e8f16dff9713ba8950097ceb760b161e19907,Domains_Alloy
1890,-3.291892320147976,-2.67487901449204,1,-0.654636123024,86dd3a804d78ca5d203ebf98747e8f16dff9713ba8950097ceb760b161e19907,Domains_Alloy
1891,-3.292482110844828,-2.67487901449204,1,-0.654636123024,86dd3a804d78ca5d203ebf98747e8f16dff9713ba8950097ceb760b161e19907,Domains_Alloy
1892,-3.293072035673565,-2.67487901449204,1,-0.654636123024,86dd3a804d78ca5d203ebf98747e8f16dff9713ba8950097ceb760b161e19907,Domains_Alloy
1893,-3.293662094565887,-2.67487901449204,1,-0.654636123024,86dd3a804d78ca5d203ebf98747e8f16dff9713ba8950097ceb760b161e19907,Domains_Alloy
1894,-3.294252287453559,-2.67487901449204,1,-0.654636123024,86dd3a804d78ca5d203ebf98747e8f16dff9713ba8950097ceb760b161e19907,Domains_Alloy
1895,-3.294842614268416,-2.67487901449204,1,-0.654636123024,86dd3a804d78ca5d203ebf98747e8f16dff9713ba8950097ceb760b161e19907,Domains_Alloy
1896,-3.295433074942362,-2.67487901449204,1,-0.654636123024,86dd3a804d78ca5d203ebf98747e8f16dff9713ba8950097ceb760b161e19907,Domains_Alloy
1897,-3.296023669407365,-2.67487901449204,1,-0.654636123024,86dd3a804d78ca5d203ebf98747e8f16dff9713ba8950097ceb760b161e19907,Domains_Alloy
1898,-3.296614397595466,-2.67487901449204,1,-0.654636123024,86dd3a804d78ca5d203ebf98747e8f16dff9713ba8950097ceb760b161e19907,Domains_Alloy
1899,-3.297205259438771,-2.67487901449204,1,-0.654636123024,86dd3a804d78ca5d203ebf98747e8f16dff9713ba8950097ceb760b161e19907,Domains_Alloy
1900,-3.297796254869453,-2.67487901449204,1,-0.654636123024,86dd3a804d78ca5d203ebf98747e8f16dff9713ba8950097ceb760b161e19907,Domains_Alloy
1901,-3.298387383819755,-2.67487901449204,1,-0.654636123024,86dd3a804d78ca5d203ebf98747e8f16dff9713ba8950097ceb760b161e19907,Domains_Alloy
1902,-3.298978646221983,-2.67487901449204,1,-0.654636123024,86dd3a804d78ca5d203ebf98747e8f16dff9713ba8950097ceb760b161e19907,Domains_Alloy
1903,-3.299570042008516,-2.67487901449204,1,-0.654636123024,86dd3a804d78ca5d203ebf98747e8f16dff9713ba8950097ceb760b161e19907,Domains_Alloy
1904,-3.300161571111794,-2.67487901449204,1,-0.654636123024,86dd3a804d78ca5d203ebf98747e8f16dff9713ba8950097ceb760b161e19907,Domains_Alloy
1905,-3.30075323346433,-2.67487901449204,1,-0.654636123024,86dd3a804d78ca5d203ebf98747e8f16dff9713ba8950097ceb760b161e19907,Domains_Alloy
1906,-3.301345028998703,-2.67487901449204,1,-0.654636123024,86dd3a804d78ca5d203ebf98747e8f16dff9713ba8950097ceb760b161e19907,Domains_Alloy
1907,-3.301936957647551,-2.67487901449204,1,-0.654636123024,86dd3a804d78ca5d203ebf98747e8f16dff9713ba8950097ceb760b161e19907,Domains_Alloy
1908,-3.30252901934359,-2.67487901449204,1,-0.654636123024,86dd3a804d78ca5d203ebf98747e8f16dff9713ba8950097ceb760b161e19907,Domains_Alloy
1909,-3.303121214019597,-2.67487901449204,1,-0.654636123024,86dd3a804d78ca5d203ebf98747e8f16dff9713ba8950097ceb760b161e19907,Domains_Alloy
1910,-3.303713541608416,-2.67487901449204,1,-0.654636123024,86dd3a804d78ca5d203ebf98747e8f16dff9713ba8950097ceb760b161e19907,Domains_Alloy
1911,-3.304306002042959,-2.67487901449204,1,-0.654636123024,86dd3a804d78ca5d203ebf98747e8f16dff9713ba8950097ceb760b161e19907,Domains_Alloy
1912,-3.3048985952562,-2.67487901449204,1,-0.654636123024,86dd3a804d78ca5d203ebf98747e8f16dff9713ba8950097ceb760b161e19907,Domains_Alloy
1913,-3.305491321181187,-2.67487901449204,1,-0.654636123024,86dd3a804d78ca5d203ebf98747e8f16dff9713ba8950097ceb760b161e19907,Domains_Alloy
1914,-3.306084179751029,-2.67487901449204,1,-0.654636123024,86dd3a804d78ca5d203ebf98747e8f16dff9713ba8950097ceb760b161e19907,Domains_Alloy
1915,-3.306677170898898,-2.67487901449204,1,-0.654636123024,86dd3a804d78ca5d203ebf98747e8f16dff9713ba8950097ceb760b161e19907,Domains_Alloy
1916,-3.307270294558041,-2.67487901449204,1,-0.654636123024,86dd3a804d78ca5d203ebf98747e8f16dff9713ba8950097ceb760b161e19907,Domains_Alloy
1917,-3.307863550661765,-2.67487901449204,1,-0.654636123024,86dd3a804d78ca5d203ebf98747e8f16dff9713ba8950097ceb760b161e19907,Domains_Alloy
1918,-3.308456939143442,-2.67487901449204,1,-0.654636123024,86dd3a804d78ca5d203ebf98747e8f16dff9713ba8950097ceb760b161e19907,Domains_Alloy
1919,-3.309050459936512,-2.67487901449204,1,-0.654636123024,86dd3a804d78ca5d203ebf98747e8f16dff9713ba8950097ceb760b161e19907,Domains_Alloy
1920,-3.309644112974484,-2.67487901449204,1,-0.654636123024,86dd3a804d78ca5d203ebf98747e8f16dff9713ba8950097ceb760b161e19907,Domains_Alloy
1921,-3.310237898190923,-2.67487901449204,1,-0.654636123024,86dd3a804d78ca5d203ebf98747e8f16dff9713ba8950097ceb760b161e19907,Domains_Alloy
1922,-3.310831815519471,-2.67487901449204,1,-0.654636123024,86dd3a804d78ca5d203ebf98747e8f16dff9713ba8950097ceb760b161e19907,Domains_Alloy
1923,-3.311425864893826,-2.67487901449204,1,-0.654636123024,86dd3a804d78ca5d203ebf98747e8f16dff9713ba8950097ceb760b161e19907,Domains_Alloy
1924,-3.312020046247756,-2.67487901449204,1,-0.654636123024,86dd3a804d78ca5d203ebf98747e8f16dff9713ba8950097ceb760b161e19907,Domains_Alloy
1925,-3.312614359515093,-2.67487901449204,1,-0.654636123024,86dd3a804d78ca5d203ebf98747e8f16dff9713ba8950097ceb760b161e19907,Domains_Alloy
1926,-3.313208804629736,-2.67487901449204,1,-0.654636123024,86dd3a804d78ca5d203ebf98747e8f16dff9713ba8950097ceb760b161e19907,Domains_Alloy
1927,-3.313803381525645,-2.67487901449204,1,-0.654636123024,86dd3a804d78ca5d203ebf98747e8f16dff9713ba8950097ceb760b161e19907,Domains_Alloy
1928,-3.314398090136849,-2.67487901449204,1,-0.654636123024,86dd3a804d78ca5d203ebf98747e8f16dff9713ba8950097ceb760b161e19907,Domains_Alloy
1929,-3.314992930397438,-2.67487901449204,1,-0.654636123024,86dd3a804d78ca5d203ebf98747e8f16dff9713ba8950097ceb760b161e19907,Domains_Alloy
1930,-3.315587902241569,-2.67487901449204,1,-0.654636123024,86dd3a804d78ca5d203ebf98747e8f16dff9713ba8950097ceb760b161e19907,Domains_Alloy
1931,-3.316183005603465,-2.67487901449204,1,-0.654636123024,86dd3a804d78ca5d203ebf98747e8f16dff9713ba8950097ceb760b161e19907,Domains_Alloy
1932,-3.316778240417411,-2.67487901449204,1,-0.654636123024,86dd3a804d78ca5d203ebf98747e8f16dff9713ba8950097ceb760b161e19907,Domains_Alloy
1933,-3.317373606617757,-2.67487901449204,1,-0.654636123024,86dd3a804d78ca5d203ebf98747e8f16dff9713ba8950097ceb760b161e19907,Domains_Alloy
1934,-3.317969104138917,-2.67487901449204,1,-0.654636123024,86dd3a804d78ca5d203ebf98747e8f16dff9713ba8950097ceb760b161e19907,Domains_Alloy
1935,-3.318564732915372,-2.67487901449204,1,-0.654636123024,86dd3a804d78ca5d203ebf98747e8f16dff9713ba8950097ceb760b161e19907,Domains_Alloy
1936,-3.319160492881663,-2.67487901449204,1,-0.654636123024,86dd3a804d78ca5d203ebf98747e8f16dff9713ba8950097ceb760b161e19907,Domains_Alloy
1937,-3.319756383972398,-2.67487901449204,1,-0.654636123024,86dd3a804d78ca5d203ebf98747e8f16dff9713ba8950097ceb760b161e19907,Domains_Alloy
1938,-3.320352406122248,-2.67487901449204,1,-0.654636123024,86dd3a804d78ca5d203ebf98747e8f16dff9713ba8950097ceb760b161e19907,Domains_Alloy
1939,-3.320948559265946,-2.67487901449204,1,-0.654636123024,86dd3a804d78ca5d203ebf98747e8f16dff9713ba8950097ceb760b161e19907,Domains_Alloy
1940,-3.321544843338296,-2.67487901449204,1,-0.654636123024,86dd3a804d78ca5d203ebf98747e8f16dff9713ba8950097ceb760b161e19907,Domains_Alloy
1941,-3.322141258274154,-2.67487901449204,1,-0.654636123024,86dd3a804d78ca5d203ebf98747e8f16dff9713ba8950097ceb760b161e19907,Domains_Alloy
1942,-3.32273780400845,-2.67487901449204,1,-0.654636123024,86dd3a804d78ca5d203ebf98747e8f16dff9713ba8950097ceb760b161e19907,Domains_Alloy
1943,-3.323334480476172,-2.67487901449204,1,-0.654636123024,86dd3a804d78ca5d203ebf98747e8f16dff9713ba8950097ceb760b161e19907,Domains_Alloy
1944,-3.323931287612375,-2.67487901449204,1,-0.654636123024,86dd3a804d78ca5d203ebf98747e8f16dff9713ba8950097ceb760b161e19907,Domains_Alloy
1945,-3.324528225352172,-2.67487901449204,1,-0.654636123024,86dd3a804d78ca5d203ebf98747e8f16dff9713ba8950097ceb760b161e19907,Domains_Alloy
1946,-3.325125293630745,-2.67487901449204,1,-0.654636123024,86dd3a804d78ca5d203ebf98747e8f16dff9713ba8950097ceb760b161e19907,Domains_Alloy
1947,-3.325722492383337,-2.67487901449204,1,-0.654636123024,86dd3a804d78ca5d203ebf98747e8f16dff9713ba8950097ceb760b161e19907,Domains_Alloy
1948,-3.326319821545252,-2.67487901449204,1,-0.654636123024,86dd3a804d78ca5d203ebf98747e8f16dff9713ba8950097ceb760b161e19907,Domains_Alloy
1949,-3.326917281051858,-2.67487901449204,1,-0.654636123024,86dd3a804d78ca5d203ebf98747e8f16dff9713ba8950097ceb760b161e19907,Domains_Alloy
1950,-3.32751487083859,-2.67487901449204,1,-0.654636123024,86dd3a804d78ca5d203ebf98747e8f16dff9713ba8950097ceb760b161e19907,Domains_Alloy
1951,-3.32811259084094,-2.67487901449204,1,-0.654636123024,86dd3a804d78ca5d203ebf98747e8f16dff9713ba8950097ceb760b161e19907,Domains_Alloy
1952,-3.328710440994466,-2.67487901449204,1,-0.654636123024,86dd3a804d78ca5d203ebf98747e8f16dff9713ba8950097ceb760b161e19907,Domains_Alloy
1953,-3.329308421234786,-2.67487901449204,1,-0.654636123024,86dd3a804d78ca5d203ebf98747e8f16dff9713ba8950097ceb760b161e19907,Domains_Alloy
1954,-3.329906531497584,-2.67487901449204,1,-0.654636123024,86dd3a804d78ca5d203ebf98747e8f16dff9713ba8950097ceb760b161e19907,Domains_Alloy
1955,-3.330504771718605,-2.67487901449204,1,-0.654636123024,86dd3a804d78ca5d203ebf98747e8f16dff9713ba8950097ceb760b161e19907,Domains_Alloy
1956,-3.331103141833654,-2.67487901449204,1,-0.654636123024,86dd3a804d78ca5d203ebf98747e8f16dff9713ba8950097ceb760b161e19907,Domains_Alloy
1957,-3.331701641778602,-2.67487901449204,1,-0.654636123024,86dd3a804d78ca5d203ebf98747e8f16dff9713ba8950097ceb760b161e19907,Domains_Alloy
1958,-3.332300271489378,-2.67487901449204,1,-0.654636123024,86dd3a804d78ca5d203ebf98747e8f16dff9713ba8950097ceb760b161e19907,Domains_Alloy
1959,-3.33289903090198,-2.67487901449204,1,-0.654636123024,86dd3a804d78ca5d203ebf98747e8f16dff9713ba8950097ceb760b161e19907,Domains_Alloy
1960,-3.333497919952459,-2.67487901449204,1,-0.654636123024,86dd3a804d78ca5d203ebf98747e8f16dff9713ba8950097ceb760b161e19907,Domains_Alloy
1961,-3.334096938576935,-2.67487901449204,1,-0.654636123024,86dd3a804d78ca5d203ebf98747e8f16dff9713ba8950097ceb760b161e19907,Domains_Alloy
1962,-3.334696086711585,-2.67487901449204,1,-0.654636123024,86dd3a804d78ca5d203ebf98747e8f16dff9713ba8950097ceb760b161e19907,Domains_Alloy
1963,-3.335295364292651,-2.67487901449204,1,-0.654636123024,86dd3a804d78ca5d203ebf98747e8f16dff9713ba8950097ceb760b161e19907,Domains_Alloy
1964,-3.335894771256438,-2.67487901449204,1,-0.654636123024,86dd3a804d78ca5d203ebf98747e8f16dff9713ba8950097ceb760b161e19907,Domains_Alloy
1965,-3.336494307539306,-2.67487901449204,1,-0.654636123024,86dd3a804d78ca5d203ebf98747e8f16dff9713ba8950097ceb760b161e19907,Domains_Alloy
1966,-3.337093973077681,-2.67487901449204,1,-0.654636123024,86dd3a804d78ca5d203ebf98747e8f16dff9713ba8950097ceb760b161e19907,Domains_Alloy
1967,-3.337693767808053,-2.67487901449204,1,-0.654636123024,86dd3a804d78ca5d203ebf98747e8f16dff9713ba8950097ceb760b161e19907,Domains_Alloy
1968,-3.338293691666969,-2.67487901449204,1,-0.654636123024,86dd3a804d78ca5d203ebf98747e8f16dff9713ba8950097ceb760b161e19907,Domains_Alloy
1969,-3.338893744591037,-2.67487901449204,1,-0.654636123024,86dd3a804d78ca5d203ebf98747e8f16dff9713ba8950097ceb760b161e19907,Domains_Alloy
1970,-3.339493926516928,-2.67487901449204,1,-0.654636123024,86dd3a804d78ca5d203ebf98747e8f16dff9713ba8950097ceb760b161e19907,Domains_Alloy
1971,-3.340094237381375,-2.67487901449204,1,-0.654636123024,86dd3a804d78ca5d203ebf98747e8f16dff9713ba8950097ceb760b161e19907,Domains_Alloy
1972,-3.340694677121168,-2.67487901449204,1,-0.654636123024,86dd3a804d78ca5d203ebf98747e8f16dff9713ba8950097ceb760b161e19907,Domains_Alloy
1973,-3.341295245673161,-2.67487901449204,1,-0.654636123024,86dd3a804d78ca5d203ebf98747e8f16dff9713ba8950097ceb760b161e19907,Domains_Alloy
1974,-3.341895942974271,-2.67487901449204,1,-0.654636123024,86dd3a804d78ca5d203ebf98747e8f16dff9713ba8950097ceb760b161e19907,Domains_Alloy
1975,-3.342496768961468,-2.67487901449204,1,-0.654636123024,86dd3a804d78ca5d203ebf98747e8f16dff9713ba8950097ceb760b161e19907,Domains_Alloy
1976,-3.343097723571792,-2.67487901449204,1,-0.654636123024,86dd3a804d78ca5d203ebf98747e8f16dff9713ba8950097ceb760b161e19907,Domains_Alloy
1977,-3.343698806742337,-2.67487901449204,1,-0.654636123024,86dd3a804d78ca5d203ebf98747e8f16dff9713ba8950097ceb760b161e19907,Domains_Alloy
1978,-3.344300018410258,-2.67487901449204,1,-0.654636123024,86dd3a804d78ca5d203ebf98747e8f16dff9713ba8950097ceb760b161e19907,Domains_Alloy
1979,-3.344901358512772,-2.67487901449204,1,-0.654636123024,86dd3a804d78ca5d203ebf98747e8f16dff9713ba8950097ceb760b161e19907,Domains_Alloy
1980,-3.345502826987156,-2.67487901449204,1,-0.654636123024,86dd3a804d78ca5d203ebf98747e8f16dff9713ba8950097ceb760b161e19907,Domains_Alloy
1981,-3.34610442377075,-2.67487901449204,1,-0.654636123024,86dd3a804d78ca5d203ebf98747e8f16dff9713ba8950097ceb760b161e19907,Domains_Alloy
1982,-3.346706148800948,-2.67487901449204,1,-0.654636123024,86dd3a804d78ca5d203ebf98747e8f16dff9713ba8950097ceb760b161e19907,Domains_Alloy
1983,-3.347308002015206,-2.67487901449204,1,-0.654636123024,86dd3a804d78ca5d203ebf98747e8f16dff9713ba8950097ceb760b161e19907,Domains_Alloy
1984,-3.347909983351045,-2.67487901449204,1,-0.654636123024,86dd3a804d78ca5d203ebf98747e8f16dff9713ba8950097ceb760b161e19907,Domains_Alloy
1985,-3.348512092746038,-2.67487901449204,1,-0.654636123024,86dd3a804d78ca5d203ebf98747e8f16dff9713ba8950097ceb760b161e19907,Domains_Alloy
1986,-3.349114330137824,-2.67487901449204,1,-0.654636123024,86dd3a804d78ca5d203ebf98747e8f16dff9713ba8950097ceb760b161e19907,Domains_Alloy
1987,-3.349716695464099,-2.67487901449204,1,-0.654636123024,86dd3a804d78ca5d203ebf98747e8f16dff9713ba8950097ceb760b161e19907,Domains_Alloy
1988,-3.350319188662618,-2.67487901449204,1,-0.654636123024,86dd3a804d78ca5d203ebf98747e8f16dff9713ba8950097ceb760b161e19907,Domains_Alloy
1989,-3.350921809671197,-2.67487901449204,1,-0.654636123024,86dd3a804d78ca5d203ebf98747e8f16dff9713ba8950097ceb760b161e19907,Domains_Alloy
1990,-3.35152455842771,-2.67487901449204,1,-0.654636123024,86dd3a804d78ca5d203ebf98747e8f16dff9713ba8950097ceb760b161e19907,Domains_Alloy
1991,-3.352127434870092,-2.67487901449204,1,-0.654636123024,86dd3a804d78ca5d203ebf98747e8f16dff9713ba8950097ceb760b161e19907,Domains_Alloy
1992,-3.352730438936336,-2.67487901449204,1,-0.654636123024,86dd3a804d78ca5d203ebf98747e8f16dff9713ba8950097ceb760b161e19907,Domains_Alloy
1993,-3.353333570564494,-2.67487901449204,1,-0.654636123024,86dd3a804d78ca5d203ebf98747e8f16dff9713ba8950097ceb760b161e19907,Domains_Alloy
1994,-3.353936829692678,-2.67487901449204,1,-0.654636123024,86dd3a804d78ca5d203ebf98747e8f16dff9713ba8950097ceb760b161e19907,Domains_Alloy
1995,-3.354540216259058,-2.67487901449204,1,-0.654636123024,86dd3a804d78ca5d203ebf98747e8f16dff9713ba8950097ceb760b161e19907,Domains_Alloy
1996,-3.355143730201866,-2.67487901449204,1,-0.654636123024,86dd3a804d78ca5d203ebf98747e8f16dff9713ba8950097ceb760b161e19907,Domains_Alloy
1997,-3.355747371459386,-2.67487901449204,1,-0.654636123024,86dd3a804d78ca5d203ebf98747e8f16dff9713ba8950097ceb760b161e19907,Domains_Alloy
1998,-3.356351139969967,-2.67487901449204,1,-0.654636123024,86dd3a804d78ca5d203ebf98747e8f16dff9713ba8950097ceb760b161e19907,Domains_Alloy
1999,-3.356955035672016,-2.67487901449204,1,-0.654636123024,86dd3a804d78ca5d203ebf98747e8f16dff9713ba8950097ceb760b161e19907,Domains_Alloy
2000,-3.357559058503995,-2.67487901449204,1,-0.654636123024,86dd3a804d78ca5d203ebf98747e8f16dff9713ba8950097ceb760b161e19907,Domains_Alloy
2001,-3.358163208404429,-2.67487901449204,1,-0.654636123024,86dd3a804d78ca5d203ebf98747e8f16dff9713ba8950097ceb760b161e19907,Domains_Alloy
2002,-3.358767485311896,-2.67487901449204,1,-0.654636123024,86dd3a804d78ca5d203ebf98747e8f16dff9713ba8950097ceb760b161e19907,Domains_Alloy
2003,-3.359371889165041,-2.67487901449204,1,-0.654636123024,86dd3a804d78ca5d203ebf98747e8f16dff9713ba8950097ceb760b161e19907,Domains_Alloy
2004,-3.359976419902555,-2.67487901449204,1,-0.654636123024,86dd3a804d78ca5d203ebf98747e8f16dff9713ba8950097ceb760b161e19907,Domains_Alloy
2005,-3.360581077463198,-2.67487901449204,1,-0.654636123024,86dd3a804d78ca5d203ebf98747e8f16dff9713ba8950097ceb760b161e19907,Domains_Alloy
2006,-3.361185861785783,-2.67487901449204,1,-0.654636123024,86dd3a804d78ca5d203ebf98747e8f16dff9713ba8950097ceb760b161e19907,Domains_Alloy
2007,-3.361790772809183,-2.67487901449204,1,-0.654636123024,86dd3a804d78ca5d203ebf98747e8f16dff9713ba8950097ceb760b161e19907,Domains_Alloy
2008,-3.362395810472326,-2.67487901449204,1,-0.654636123024,86dd3a804d78ca5d203ebf98747e8f16dff9713ba8950097ceb760b161e19907,Domains_Alloy
2009,-3.363000974714202,-2.67487901449204,1,-0.654636123024,86dd3a804d78ca5d203ebf98747e8f16dff9713ba8950097ceb760b161e19907,Domains_Alloy
2010,-3.363606265473854,-2.67487901449204,1,-0.654636123024,86dd3a804d78ca5d203ebf98747e8f16dff9713ba8950097ceb760b161e19907,Domains_Alloy
2011,-3.364211682690389,-2.67487901449204,1,-0.654636123024,86dd3a804d78ca5d203ebf98747e8f16dff9713ba8950097ceb760b161e19907,Domains_Alloy
2012,-3.364817226302963,-2.67487901449204,1,-0.654636123024,86dd3a804d78ca5d203ebf98747e8f16dff9713ba8950097ceb760b161e19907,Domains_Alloy
2013,-3.365422896250799,-2.67487901449204,1,-0.654636123024,86dd3a804d78ca5d203ebf98747e8f16dff9713ba8950097ceb760b161e19907,Domains_Alloy
2014,-3.366028692473168,-2.67487901449204,1,-0.654636123024,86dd3a804d78ca5d203ebf98747e8f16dff9713ba8950097ceb760b161e19907,Domains_Alloy
2015,-3.366634614909409,-2.67487901449204,1,-0.654636123024,86dd3a804d78ca5d203ebf98747e8f16dff9713ba8950097ceb760b161e19907,Domains_Alloy
2016,-3.367240663498908,-2.67487901449204,1,-0.654636123024,86dd3a804d78ca5d203ebf98747e8f16dff9713ba8950097ceb760b161e19907,Domains_Alloy
2017,-3.367846838181114,-2.67487901449204,1,-0.654636123024,86dd3a804d78ca5d203ebf98747e8f16dff9713ba8950097ceb760b161e19907,Domains_Alloy
2018,-3.368453138895531,-2.67487901449204,1,-0.654636123024,86dd3a804d78ca5d203ebf98747e8f16dff9713ba8950097ceb760b161e19907,Domains_Alloy
2019,-3.369059565581723,-2.67487901449204,1,-0.654636123024,86dd3a804d78ca5d203ebf98747e8f16dff9713ba8950097ceb760b161e19907,Domains_Alloy
2020,-3.369666118179307,-2.67487901449204,1,-0.654636123024,86dd3a804d78ca5d203ebf98747e8f16dff9713ba8950097ceb760b161e19907,Domains_Alloy
2021,-3.370272796627959,-2.67487901449204,1,-0.654636123024,86dd3a804d78ca5d203ebf98747e8f16dff9713ba8950097ceb760b161e19907,Domains_Alloy
2022,-3.370879600867412,-2.67487901449204,1,-0.654636123024,86dd3a804d78ca5d203ebf98747e8f16dff9713ba8950097ceb760b161e19907,Domains_Alloy
2023,-3.371486530837455,-2.67487901449204,1,-0.654636123024,86dd3a804d78ca5d203ebf98747e8f16dff9713ba8950097ceb760b161e19907,Domains_Alloy
2024,-3.372093586477932,-2.67487901449204,1,-0.654636123024,86dd3a804d78ca5d203ebf98747e8f16dff9713ba8950097ceb760b161e19907,Domains_Alloy
2025,-3.37270076772875,-2.67487901449204,1,-0.654636123024,86dd3a804d78ca5d203ebf98747e8f16dff9713ba8950097ceb760b161e19907,Domains_Alloy
2026,-3.373308074529864,-2.67487901449204,1,-0.654636123024,86dd3a804d78ca5d203ebf98747e8f16dff9713ba8950097ceb760b161e19907,Domains_Alloy
2027,-3.37391550682129,-2.67487901449204,1,-0.654636123024,86dd3a804d78ca5d203ebf98747e8f16dff9713ba8950097ceb760b161e19907,Domains_Alloy
2028,-3.374523064543101,-2.67487901449204,1,-0.654636123024,86dd3a804d78ca5d203ebf98747e8f16dff9713ba8950097ceb760b161e19907,Domains_Alloy
2029,-3.375130747635425,-2.67487901449204,1,-0.654636123024,86dd3a804d78ca5d203ebf98747e8f16dff9713ba8950097ceb760b161e19907,Domains_Alloy
2030,-3.375738556038443,-2.67487901449204,1,-0.654636123024,86dd3a804d78ca5d203ebf98747e8f16dff9713ba8950097ceb760b161e19907,Domains_Alloy
2031,-3.3763464896924,-2.67487901449204,1,-0.654636123024,86dd3a804d78ca5d203ebf98747e8f16dff9713ba8950097ceb760b161e19907,Domains_Alloy
2032,-3.37695454853759,-2.67487901449204,1,-0.654636123024,86dd3a804d78ca5d203ebf98747e8f16dff9713ba8950097ceb760b161e19907,Domains_Alloy
2033,-3.377562732514364,-2.67487901449204,1,-0.654636123024,86dd3a804d78ca5d203ebf98747e8f16dff9713ba8950097ceb760b161e19907,Domains_Alloy
2034,-3.378171041563133,-2.67487901449204,1,-0.654636123024,86dd3a804d78ca5d203ebf98747e8f16dff9713ba8950097ceb760b161e19907,Domains_Alloy
2035,-3.378779475624357,-2.67487901449204,1,-0.654636123024,86dd3a804d78ca5d203ebf98747e8f16dff9713ba8950097ceb760b161e19907,Domains_Alloy
2036,-3.379388034638558,-2.67487901449204,1,-0.654636123024,86dd3a804d78ca5d203ebf98747e8f16dff9713ba8950097ceb760b161e19907,Domains_Alloy
2037,-3.379996718546312,-2.67487901449204,1,-0.654636123024,86dd3a804d78ca5d203ebf98747e8f16dff9713ba8950097ceb760b161e19907,Domains_Alloy
2038,-3.380605527288249,-2.67487901449204,1,-0.654636123024,86dd3a804d78ca5d203ebf98747e8f16dff9713ba8950097ceb760b161e19907,Domains_Alloy
2039,-3.381214460805055,-2.67487901449204,1,-0.654636123024,86dd3a804d78ca5d203ebf98747e8f16dff9713ba8950097ceb760b161e19907,Domains_Alloy
2040,-3.381823519037473,-2.67487901449204,1,-0.654636123024,86dd3a804d78ca5d203ebf98747e8f16dff9713ba8950097ceb760b161e19907,Domains_Alloy
2041,-3.382432701926299,-2.67487901449204,1,-0.654636123024,86dd3a804d78ca5d203ebf98747e8f16dff9713ba8950097ceb760b161e19907,Domains_Alloy
2042,-3.383042009412383,-2.67487901449204,1,-0.654636123024,86dd3a804d78ca5d203ebf98747e8f16dff9713ba8950097ceb760b161e19907,Domains_Alloy
2043,-3.383651441436637,-2.67487901449204,1,-0.654636123024,86dd3a804d78ca5d203ebf98747e8f16dff9713ba8950097ceb760b161e19907,Domains_Alloy
2044,-3.384260997940022,-2.67487901449204,1,-0.654636123024,86dd3a804d78ca5d203ebf98747e8f16dff9713ba8950097ceb760b161e19907,Domains_Alloy
2045,-3.384870678863553,-2.67487901449204,1,-0.654636123024,86dd3a804d78ca5d203ebf98747e8f16dff9713ba8950097ceb760b161e19907,Domains_Alloy
2046,-3.385480484148306,-2.67487901449204,1,-0.654636123024,86dd3a804d78ca5d203ebf98747e8f16dff9713ba8950097ceb760b161e19907,Domains_Alloy
2047,-3.386090413735408,-2.67487901449204,1,-0.654636123024,86dd3a804d78ca5d203ebf98747e8f16dff9713ba8950097ceb760b161e19907,Domains_Alloy
2048,-3.386700467566039,-2.67487901449204,1,-0.654636123024,86dd3a804d78ca5d203ebf98747e8f16dff9713ba8950097ceb760b161e19907,Domains_Alloy
2049,-3.38731064558144,-2.67487901449204,1,-0.654636123024,86dd3a804d78ca5d203ebf98747e8f16dff9713ba8950097ceb760b161e19907,Domains_Alloy
2050,-3.387920947722897,-2.67487901449204,1,-0.654636123024,86dd3a804d78ca5d203ebf98747e8f16dff9713ba8950097ceb760b161e19907,Domains_Alloy
2051,-3.388531373931762,-2.67487901449204,1,-0.654636123024,86dd3a804d78ca5d203ebf98747e8f16dff9713ba8950097ceb760b161e19907,Domains_Alloy
2052,-3.389141924149432,-2.67487901449204,1,-0.654636123024,86dd3a804d78ca5d203ebf98747e8f16dff9713ba8950097ceb760b161e19907,Domains_Alloy
2053,-3.389752598317364,-2.67487901449204,1,-0.654636123024,86dd3a804d78ca5d203ebf98747e8f16dff9713ba8950097ceb760b161e19907,Domains_Alloy
2054,-3.390363396377067,-2.67487901449204,1,-0.654636123024,86dd3a804d78ca5d203ebf98747e8f16dff9713ba8950097ceb760b161e19907,Domains_Alloy
2055,-3.390974318270104,-2.67487901449204,1,-0.654636123024,86dd3a804d78ca5d203ebf98747e8f16dff9713ba8950097ceb760b161e19907,Domains_Alloy
2056,-3.391585363938096,-2.67487901449204,1,-0.654636123024,86dd3a804d78ca5d203ebf98747e8f16dff9713ba8950097ceb760b161e19907,Domains_Alloy
2057,-3.392196533322712,-2.67487901449204,1,-0.654636123024,86dd3a804d78ca5d203ebf98747e8f16dff9713ba8950097ceb760b161e19907,Domains_Alloy
2058,-3.392807826365679,-2.67487901449204,1,-0.654636123024,86dd3a804d78ca5d203ebf98747e8f16dff9713ba8950097ceb760b161e19907,Domains_Alloy
2059,-3.393419243008778,-2.67487901449204,1,-0.654636123024,86dd3a804d78ca5d203ebf98747e8f16dff9713ba8950097ceb760b161e19907,Domains_Alloy
2060,-3.394030783193843,-2.67487901449204,1,-0.654636123024,86dd3a804d78ca5d203ebf98747e8f16dff9713ba8950097ceb760b161e19907,Domains_Alloy
2061,-3.394642446862762,-2.67487901449204,1,-0.654636123024,86dd3a804d78ca5d203ebf98747e8f16dff9713ba8950097ceb760b161e19907,Domains_Alloy
2062,-3.395254233957476,-2.67487901449204,1,-0.654636123024,86dd3a804d78ca5d203ebf98747e8f16dff9713ba8950097ceb760b161e19907,Domains_Alloy
2063,-3.395866144419981,-2.67487901449204,1,-0.654636123024,86dd3a804d78ca5d203ebf98747e8f16dff9713ba8950097ceb760b161e19907,Domains_Alloy
2064,-3.396478178192325,-2.67487901449204,1,-0.654636123024,86dd3a804d78ca5d203ebf98747e8f16dff9713ba8950097ceb760b161e19907,Domains_Alloy
2065,-3.397090335216613,-2.67487901449204,1,-0.654636123024,86dd3a804d78ca5d203ebf98747e8f16dff9713ba8950097ceb760b161e19907,Domains_Alloy
2066,-3.397702615434998,-2.67487901449204,1,-0.654636123024,86dd3a804d78ca5d203ebf98747e8f16dff9713ba8950097ceb760b161e19907,Domains_Alloy
2067,-3.398315018789692,-2.67487901449204,1,-0.654636123024,86dd3a804d78ca5d203ebf98747e8f16dff9713ba8950097ceb760b161e19907,Domains_Alloy
2068,-3.398927545222958,-2.67487901449204,1,-0.654636123024,86dd3a804d78ca5d203ebf98747e8f16dff9713ba8950097ceb760b161e19907,Domains_Alloy
2069,-3.399540194677109,-2.67487901449204,1,-0.654636123024,86dd3a804d78ca5d203ebf98747e8f16dff9713ba8950097ceb760b161e19907,Domains_Alloy
2070,-3.400152967094519,-2.67487901449204,1,-0.654636123024,86dd3a804d78ca5d203ebf98747e8f16dff9713ba8950097ceb760b161e19907,Domains_Alloy
2071,-3.400765862417606,-2.67487901449204,1,-0.654636123024,86dd3a804d78ca5d203ebf98747e8f16dff9713ba8950097ceb760b161e19907,Domains_Alloy
2072,-3.401378880588847,-2.67487901449204,1,-0.654636123024,86dd3a804d78ca5d203ebf98747e8f16dff9713ba8950097ceb760b161e19907,Domains_Alloy
2073,-3.40199202155077,-2.67487901449204,1,-0.654636123024,86dd3a804d78ca5d203ebf98747e8f16dff9713ba8950097ceb760b161e19907,Domains_Alloy
2074,-3.402605285245956,-2.67487901449204,1,-0.654636123024,86dd3a804d78ca5d203ebf98747e8f16dff9713ba8950097ceb760b161e19907,Domains_Alloy
2075,-3.403218671617042,-2.67487901449204,1,-0.654636123024,86dd3a804d78ca5d203ebf98747e8f16dff9713ba8950097ceb760b161e19907,Domains_Alloy
2076,-3.40383218060671,-2.67487901449204,1,-0.654636123024,86dd3a804d78ca5d203ebf98747e8f16dff9713ba8950097ceb760b161e19907,Domains_Alloy
2077,-3.404445812157704,-2.67487901449204,1,-0.654636123024,86dd3a804d78ca5d203ebf98747e8f16dff9713ba8950097ceb760b161e19907,Domains_Alloy
2078,-3.405059566212813,-2.67487901449204,1,-0.654636123024,86dd3a804d78ca5d203ebf98747e8f16dff9713ba8950097ceb760b161e19907,Domains_Alloy
2079,-3.405673442714884,-2.67487901449204,1,-0.654636123024,86dd3a804d78ca5d203ebf98747e8f16dff9713ba8950097ceb760b161e19907,Domains_Alloy
2080,-3.406287441606811,-2.67487901449204,1,-0.654636123024,86dd3a804d78ca5d203ebf98747e8f16dff9713ba8950097ceb760b161e19907,Domains_Alloy
2081,-3.406901562831546,-2.67487901449204,1,-0.654636123024,86dd3a804d78ca5d203ebf98747e8f16dff9713ba8950097ceb760b161e19907,Domains_Alloy
2082,-3.407515806332091,-2.67487901449204,1,-0.654636123024,86dd3a804d78ca5d203ebf98747e8f16dff9713ba8950097ceb760b161e19907,Domains_Alloy
2083,-3.4081301720515,-2.67487901449204,1,-0.654636123024,86dd3a804d78ca5d203ebf98747e8f16dff9713ba8950097ceb760b161e19907,Domains_Alloy
2084,-3.408744659932877,-2.67487901449204,1,-0.654636123024,86dd3a804d78ca5d203ebf98747e8f16dff9713ba8950097ceb760b161e19907,Domains_Alloy
2085,-3.409359269919383,-2.67487901449204,1,-0.654636123024,86dd3a804d78ca5d203ebf98747e8f16dff9713ba8950097ceb760b161e19907,Domains_Alloy
2086,-3.409974001954225,-2.67487901449204,1,-0.654636123024,86dd3a804d78ca5d203ebf98747e8f16dff9713ba8950097ceb760b161e19907,Domains_Alloy
2087,-3.410588855980671,-2.67487901449204,1,-0.654636123024,86dd3a804d78ca5d203ebf98747e8f16dff9713ba8950097ceb760b161e19907,Domains_Alloy
2088,-3.411203831942031,-2.67487901449204,1,-0.654636123024,86dd3a804d78ca5d203ebf98747e8f16dff9713ba8950097ceb760b161e19907,Domains_Alloy
2089,-3.411818929781672,-2.67487901449204,1,-0.654636123024,86dd3a804d78ca5d203ebf98747e8f16dff9713ba8950097ceb760b161e19907,Domains_Alloy
2090,-3.412434149443012,-2.67487901449204,1,-0.654636123024,86dd3a804d78ca5d203ebf98747e8f16dff9713ba8950097ceb760b161e19907,Domains_Alloy
2091,-3.413049490869522,-2.67487901449204,1,-0.654636123024,86dd3a804d78ca5d203ebf98747e8f16dff9713ba8950097ceb760b161e19907,Domains_Alloy
2092,-3.41366495400472,-2.67487901449204,1,-0.654636123024,86dd3a804d78ca5d203ebf98747e8f16dff9713ba8950097ceb760b161e19907,Domains_Alloy
2093,-3.414280538792181,-2.67487901449204,1,-0.654636123024,86dd3a804d78ca5d203ebf98747e8f16dff9713ba8950097ceb760b161e19907,Domains_Alloy
2094,-3.414896245175529,-2.67487901449204,1,-0.654636123024,86dd3a804d78ca5d203ebf98747e8f16dff9713ba8950097ceb760b161e19907,Domains_Alloy
2095,-3.41551207309844,-2.67487901449204,1,-0.654636123024,86dd3a804d78ca5d203ebf98747e8f16dff9713ba8950097ceb760b161e19907,Domains_Alloy
2096,-3.41612802250464,-2.67487901449204,1,-0.654636123024,86dd3a804d78ca5d203ebf98747e8f16dff9713ba8950097ceb760b161e19907,Domains_Alloy
2097,-3.416744093337909,-2.67487901449204,1,-0.654636123024,86dd3a804d78ca5d203ebf98747e8f16dff9713ba8950097ceb760b161e19907,Domains_Alloy
2098,-3.417360285542074,-2.67487901449204,1,-0.654636123024,86dd3a804d78ca5d203ebf98747e8f16dff9713ba8950097ceb760b161e19907,Domains_Alloy
2099,-3.417976599061018,-2.67487901449204,1,-0.654636123024,86dd3a804d78ca5d203ebf98747e8f16dff9713ba8950097ceb760b161e19907,Domains_Alloy
2100,-3.418593033838671,-2.67487901449204,1,-0.654636123024,86dd3a804d78ca5d203ebf98747e8f16dff9713ba8950097ceb760b161e19907,Domains_Alloy
2101,-3.419209589819016,-2.67487901449204,1,-0.654636123024,86dd3a804d78ca5d203ebf98747e8f16dff9713ba8950097ceb760b161e19907,Domains_Alloy
2102,-3.419826266946088,-2.67487901449204,1,-0.654636123024,86dd3a804d78ca5d203ebf98747e8f16dff9713ba8950097ceb760b161e19907,Domains_Alloy
2103,-3.42044306516397,-2.67487901449204,1,-0.654636123024,86dd3a804d78ca5d203ebf98747e8f16dff9713ba8950097ceb760b161e19907,Domains_Alloy
2104,-3.421059984416796,-2.67487901449204,1,-0.654636123024,86dd3a804d78ca5d203ebf98747e8f16dff9713ba8950097ceb760b161e19907,Domains_Alloy
2105,-3.421677024648754,-2.67487901449204,1,-0.654636123024,86dd3a804d78ca5d203ebf98747e8f16dff9713ba8950097ceb760b161e19907,Domains_Alloy
2106,-3.422294185804083,-2.67487901449204,1,-0.654636123024,86dd3a804d78ca5d203ebf98747e8f16dff9713ba8950097ceb760b161e19907,Domains_Alloy
2107,-3.422911467827065,-2.67487901449204,1,-0.654636123024,86dd3a804d78ca5d203ebf98747e8f16dff9713ba8950097ceb760b161e19907,Domains_Alloy
2108,-3.42352887066204,-2.67487901449204,1,-0.654636123024,86dd3a804d78ca5d203ebf98747e8f16dff9713ba8950097ceb760b161e19907,Domains_Alloy
2109,-3.424146394253398,-2.67487901449204,1,-0.654636123024,86dd3a804d78ca5d203ebf98747e8f16dff9713ba8950097ceb760b161e19907,Domains_Alloy
2110,-3.424764038545576,-2.67487901449204,1,-0.654636123024,86dd3a804d78ca5d203ebf98747e8f16dff9713ba8950097ceb760b161e19907,Domains_Alloy
2111,-3.425381803483064,-2.67487901449204,1,-0.654636123024,86dd3a804d78ca5d203ebf98747e8f16dff9713ba8950097ceb760b161e19907,Domains_Alloy
2112,-3.425999689010401,-2.67487901449204,1,-0.654636123024,86dd3a804d78ca5d203ebf98747e8f16dff9713ba8950097ceb760b161e19907,Domains_Alloy
2113,-3.426617695072173,-2.67487901449204,1,-0.654636123024,86dd3a804d78ca5d203ebf98747e8f16dff9713ba8950097ceb760b161e19907,Domains_Alloy
2114,-3.427235821613023,-2.67487901449204,1,-0.654636123024,86dd3a804d78ca5d203ebf98747e8f16dff9713ba8950097ceb760b161e19907,Domains_Alloy
2115,-3.427854068577642,-2.67487901449204,1,-0.654636123024,86dd3a804d78ca5d203ebf98747e8f16dff9713ba8950097ceb760b161e19907,Domains_Alloy
2116,-3.428472435910765,-2.67487901449204,1,-0.654636123024,86dd3a804d78ca5d203ebf98747e8f16dff9713ba8950097ceb760b161e19907,Domains_Alloy
2117,-3.429090923557185,-2.67487901449204,1,-0.654636123024,86dd3a804d78ca5d203ebf98747e8f16dff9713ba8950097ceb760b161e19907,Domains_Alloy
2118,-3.42970953146174,-2.67487901449204,1,-0.654636123024,86dd3a804d78ca5d203ebf98747e8f16dff9713ba8950097ceb760b161e19907,Domains_Alloy
2119,-3.430328259569319,-2.67487901449204,1,-0.654636123024,86dd3a804d78ca5d203ebf98747e8f16dff9713ba8950097ceb760b161e19907,Domains_Alloy
2120,-3.43094710782486,-2.67487901449204,1,-0.654636123024,86dd3a804d78ca5d203ebf98747e8f16dff9713ba8950097ceb760b161e19907,Domains_Alloy
2121,-3.431566076173355,-2.67487901449204,1,-0.654636123024,86dd3a804d78ca5d203ebf98747e8f16dff9713ba8950097ceb760b161e19907,Domains_Alloy
2122,-3.432185164559837,-2.67487901449204,1,-0.654636123024,86dd3a804d78ca5d203ebf98747e8f16dff9713ba8950097ceb760b161e19907,Domains_Alloy
2123,-3.432804372929399,-2.67487901449204,1,-0.654636123024,86dd3a804d78ca5d203ebf98747e8f16dff9713ba8950097ceb760b161e19907,Domains_Alloy
2124,-3.433423701227174,-2.67487901449204,1,-0.654636123024,86dd3a804d78ca5d203ebf98747e8f16dff9713ba8950097ceb760b161e19907,Domains_Alloy
2125,-3.43404314939835,-2.67487901449204,1,-0.654636123024,86dd3a804d78ca5d203ebf98747e8f16dff9713ba8950097ceb760b161e19907,Domains_Alloy
2126,-3.434662717388163,-2.67487901449204,1,-0.654636123024,86dd3a804d78ca5d203ebf98747e8f16dff9713ba8950097ceb760b161e19907,Domains_Alloy
2127,-3.435282405141897,-2.67487901449204,1,-0.654636123024,86dd3a804d78ca5d203ebf98747e8f16dff9713ba8950097ceb760b161e19907,Domains_Alloy
2128,-3.435902212604886,-2.67487901449204,1,-0.654636123024,86dd3a804d78ca5d203ebf98747e8f16dff9713ba8950097ceb760b161e19907,Domains_Alloy
2129,-3.436522139722515,-2.67487901449204,1,-0.654636123024,86dd3a804d78ca5d203ebf98747e8f16dff9713ba8950097ceb760b161e19907,Domains_Alloy
2130,-3.437142186440217,-2.67487901449204,1,-0.654636123024,86dd3a804d78ca5d203ebf98747e8f16dff9713ba8950097ceb760b161e19907,Domains_Alloy
2131,-3.43776235270347,-2.67487901449204,1,-0.654636123024,86dd3a804d78ca5d203ebf98747e8f16dff9713ba8950097ceb760b161e19907,Domains_Alloy
2132,-3.438382638457807,-2.67487901449204,1,-0.654636123024,86dd3a804d78ca5d203ebf98747e8f16dff9713ba8950097ceb760b161e19907,Domains_Alloy
2133,-3.439003043648809,-2.67487901449204,1,-0.654636123024,86dd3a804d78ca5d203ebf98747e8f16dff9713ba8950097ceb760b161e19907,Domains_Alloy
2134,-3.439623568222097,-2.67487901449204,1,-0.654636123024,86dd3a804d78ca5d203ebf98747e8f16dff9713ba8950097ceb760b161e19907,Domains_Alloy
2135,-3.440244212123356,-2.67487901449204,1,-0.654636123024,86dd3a804d78ca5d203ebf98747e8f16dff9713ba8950097ceb760b161e19907,Domains_Alloy
2136,-3.440864975298307,-2.67487901449204,1,-0.654636123024,86dd3a804d78ca5d203ebf98747e8f16dff9713ba8950097ceb760b161e19907,Domains_Alloy
2137,-3.441485857692724,-2.67487901449204,1,-0.654636123024,86dd3a804d78ca5d203ebf98747e8f16dff9713ba8950097ceb760b161e19907,Domains_Alloy
2138,-3.442106859252432,-2.67487901449204,1,-0.654636123024,86dd3a804d78ca5d203ebf98747e8f16dff9713ba8950097ceb760b161e19907,Domains_Alloy
2139,-3.442727979923298,-2.67487901449204,1,-0.654636123024,86dd3a804d78ca5d203ebf98747e8f16dff9713ba8950097ceb760b161e19907,Domains_Alloy
2140,-3.443349219651246,-2.67487901449204,1,-0.654636123024,86dd3a804d78ca5d203ebf98747e8f16dff9713ba8950097ceb760b161e19907,Domains_Alloy
2141,-3.443970578382243,-2.67487901449204,1,-0.654636123024,86dd3a804d78ca5d203ebf98747e8f16dff9713ba8950097ceb760b161e19907,Domains_Alloy
2142,-3.444592056062302,-2.67487901449204,1,-0.654636123024,86dd3a804d78ca5d203ebf98747e8f16dff9713ba8950097ceb760b161e19907,Domains_Alloy
2143,-3.445213652637491,-2.67487901449204,1,-0.654636123024,86dd3a804d78ca5d203ebf98747e8f16dff9713ba8950097ceb760b161e19907,Domains_Alloy
2144,-3.44583536805392,-2.67487901449204,1,-0.654636123024,86dd3a804d78ca5d203ebf98747e8f16dff9713ba8950097ceb760b161e19907,Domains_Alloy
2145,-3.446457202257751,-2.67487901449204,1,-0.654636123024,86dd3a804d78ca5d203ebf98747e8f16dff9713ba8950097ceb760b161e19907,Domains_Alloy
2146,-3.447079155195193,-2.67487901449204,1,-0.654636123024,86dd3a804d78ca5d203ebf98747e8f16dff9713ba8950097ceb760b161e19907,Domains_Alloy
2147,-3.447701226812502,-2.67487901449204,1,-0.654636123024,86dd3a804d78ca5d203ebf98747e8f16dff9713ba8950097ceb760b161e19907,Domains_Alloy
2148,-3.44832341705598,-2.67487901449204,1,-0.654636123024,86dd3a804d78ca5d203ebf98747e8f16dff9713ba8950097ceb760b161e19907,Domains_Alloy
2149,-3.448945725871985,-2.67487901449204,1,-0.654636123024,86dd3a804d78ca5d203ebf98747e8f16dff9713ba8950097ceb760b161e19907,Domains_Alloy
2150,-3.449568153206913,-2.67487901449204,1,-0.654636123024,86dd3a804d78ca5d203ebf98747e8f16dff9713ba8950097ceb760b161e19907,Domains_Alloy
2151,-3.450190699007213,-2.67487901449204,1,-0.654636123024,86dd3a804d78ca5d203ebf98747e8f16dff9713ba8950097ceb760b161e19907,Domains_Alloy
2152,-3.45081336321938,-2.67487901449204,1,-0.654636123024,86dd3a804d78ca5d203ebf98747e8f16dff9713ba8950097ceb760b161e19907,Domains_Alloy
2153,-3.451436145789959,-2.67487901449204,1,-0.654636123024,86dd3a804d78ca5d203ebf98747e8f16dff9713ba8950097ceb760b161e19907,Domains_Alloy
2154,-3.45205904666554,-2.67487901449204,1,-0.654636123024,86dd3a804d78ca5d203ebf98747e8f16dff9713ba8950097ceb760b161e19907,Domains_Alloy
2155,-3.452682065792758,-2.67487901449204,1,-0.654636123024,86dd3a804d78ca5d203ebf98747e8f16dff9713ba8950097ceb760b161e19907,Domains_Alloy
2156,-3.453305203118304,-2.67487901449204,1,-0.654636123024,86dd3a804d78ca5d203ebf98747e8f16dff9713ba8950097ceb760b161e19907,Domains_Alloy
2157,-3.453928458588909,-2.67487901449204,1,-0.654636123024,86dd3a804d78ca5d203ebf98747e8f16dff9713ba8950097ceb760b161e19907,Domains_Alloy
2158,-3.45455183215135,-2.67487901449204,1,-0.654636123024,86dd3a804d78ca5d203ebf98747e8f16dff9713ba8950097ceb760b161e19907,Domains_Alloy
2159,-3.455175323752457,-2.67487901449204,1,-0.654636123024,86dd3a804d78ca5d203ebf98747e8f16dff9713ba8950097ceb760b161e19907,Domains_Alloy
2160,-3.455798933339106,-2.67487901449204,1,-0.654636123024,86dd3a804d78ca5d203ebf98747e8f16dff9713ba8950097ceb760b161e19907,Domains_Alloy
2161,-3.456422660858216,-2.67487901449204,1,-0.654636123024,86dd3a804d78ca5d203ebf98747e8f16dff9713ba8950097ceb760b161e19907,Domains_Alloy
2162,-3.457046506256758,-2.67487901449204,1,-0.654636123024,86dd3a804d78ca5d203ebf98747e8f16dff9713ba8950097ceb760b161e19907,Domains_Alloy
2163,-3.457670469481746,-2.67487901449204,1,-0.654636123024,86dd3a804d78ca5d203ebf98747e8f16dff9713ba8950097ceb760b161e19907,Domains_Alloy
2164,-3.458294550480244,-2.67487901449204,1,-0.654636123024,86dd3a804d78ca5d203ebf98747e8f16dff9713ba8950097ceb760b161e19907,Domains_Alloy
2165,-3.45891874919936,-2.67487901449204,1,-0.654636123024,86dd3a804d78ca5d203ebf98747e8f16dff9713ba8950097ceb760b161e19907,Domains_Alloy
2166,-3.459543065586251,-2.67487901449204,1,-0.654636123024,86dd3a804d78ca5d203ebf98747e8f16dff9713ba8950097ceb760b161e19907,Domains_Alloy
2167,-3.46016749958812,-2.67487901449204,1,-0.654636123024,86dd3a804d78ca5d203ebf98747e8f16dff9713ba8950097ceb760b161e19907,Domains_Alloy
2168,-3.460792051152218,-2.67487901449204,1,-0.654636123024,86dd3a804d78ca5d203ebf98747e8f16dff9713ba8950097ceb760b161e19907,Domains_Alloy
2169,-3.461416720225839,-2.67487901449204,1,-0.654636123024,86dd3a804d78ca5d203ebf98747e8f16dff9713ba8950097ceb760b161e19907,Domains_Alloy
2170,-3.462041506756328,-2.67487901449204,1,-0.654636123024,86dd3a804d78ca5d203ebf98747e8f16dff9713ba8950097ceb760b161e19907,Domains_Alloy
2171,-3.462666410691072,-2.67487901449204,1,-0.654636123024,86dd3a804d78ca5d203ebf98747e8f16dff9713ba8950097ceb760b161e19907,Domains_Alloy
2172,-3.463291431977508,-2.67487901449204,1,-0.654636123024,86dd3a804d78ca5d203ebf98747e8f16dff9713ba8950097ceb760b161e19907,Domains_Alloy
2173,-3.463916570563118,-2.67487901449204,1,-0.654636123024,86dd3a804d78ca5d203ebf98747e8f16dff9713ba8950097ceb760b161e19907,Domains_Alloy
2174,-3.464541826395431,-2.67487901449204,1,-0.654636123024,86dd3a804d78ca5d203ebf98747e8f16dff9713ba8950097ceb760b161e19907,Domains_Alloy
2175,-3.465167199422021,-2.67487901449204,1,-0.654636123024,86dd3a804d78ca5d203ebf98747e8f16dff9713ba8950097ceb760b161e19907,Domains_Alloy
2176,-3.465792689590509,-2.67487901449204,1,-0.654636123024,86dd3a804d78ca5d203ebf98747e8f16dff9713ba8950097ceb760b161e19907,Domains_Alloy
2177,-3.466418296848563,-2.67487901449204,1,-0.654636123024,86dd3a804d78ca5d203ebf98747e8f16dff9713ba8950097ceb760b161e19907,Domains_Alloy
2178,-3.467044021143893,-2.67487901449204,1,-0.654636123024,86dd3a804d78ca5d203ebf98747e8f16dff9713ba8950097ceb760b161e19907,Domains_Alloy
2179,-3.467669862424262,-2.67487901449204,1,-0.654636123024,86dd3a804d78ca5d203ebf98747e8f16dff9713ba8950097ceb760b161e19907,Domains_Alloy
2180,-3.468295820637472,-2.67487901449204,1,-0.654636123024,86dd3a804d78ca5d203ebf98747e8f16dff9713ba8950097ceb760b161e19907,Domains_Alloy
2181,-3.468921895731376,-2.67487901449204,1,-0.654636123024,86dd3a804d78ca5d203ebf98747e8f16dff9713ba8950097ceb760b161e19907,Domains_Alloy
2182,-3.469548087653868,-2.67487901449204,1,-0.654636123024,86dd3a804d78ca5d203ebf98747e8f16dff9713ba8950097ceb760b161e19907,Domains_Alloy
2183,-3.470174396352895,-2.67487901449204,1,-0.654636123024,86dd3a804d78ca5d203ebf98747e8f16dff9713ba8950097ceb760b161e19907,Domains_Alloy
2184,-3.47080082177644,-2.67487901449204,1,-0.654636123024,86dd3a804d78ca5d203ebf98747e8f16dff9713ba8950097ceb760b161e19907,Domains_Alloy
2185,-3.47142736387254,-2.67487901449204,1,-0.654636123024,86dd3a804d78ca5d203ebf98747e8f16dff9713ba8950097ceb760b161e19907,Domains_Alloy
2186,-3.472054022589275,-2.67487901449204,1,-0.654636123024,86dd3a804d78ca5d203ebf98747e8f16dff9713ba8950097ceb760b161e19907,Domains_Alloy
2187,-3.472680797874766,-2.67487901449204,1,-0.654636123024,86dd3a804d78ca5d203ebf98747e8f16dff9713ba8950097ceb760b161e19907,Domains_Alloy
2188,-3.473307689677188,-2.67487901449204,1,-0.654636123024,86dd3a804d78ca5d203ebf98747e8f16dff9713ba8950097ceb760b161e19907,Domains_Alloy
2189,-3.473934697944754,-2.67487901449204,1,-0.654636123024,86dd3a804d78ca5d203ebf98747e8f16dff9713ba8950097ceb760b161e19907,Domains_Alloy
2190,-3.474561822625727,-2.67487901449204,1,-0.654636123024,86dd3a804d78ca5d203ebf98747e8f16dff9713ba8950097ceb760b161e19907,Domains_Alloy
2191,-3.475189063668412,-2.67487901449204,1,-0.654636123024,86dd3a804d78ca5d203ebf98747e8f16dff9713ba8950097ceb760b161e19907,Domains_Alloy
2192,-3.475816421021161,-2.67487901449204,1,-0.654636123024,86dd3a804d78ca5d203ebf98747e8f16dff9713ba8950097ceb760b161e19907,Domains_Alloy
2193,-3.476443894632372,-2.67487901449204,1,-0.654636123024,86dd3a804d78ca5d203ebf98747e8f16dff9713ba8950097ceb760b161e19907,Domains_Alloy
2194,-3.477071484450486,-2.67487901449204,1,-0.654636123024,86dd3a804d78ca5d203ebf98747e8f16dff9713ba8950097ceb760b161e19907,Domains_Alloy
2195,-3.47769919042399,-2.67487901449204,1,-0.654636123024,86dd3a804d78ca5d203ebf98747e8f16dff9713ba8950097ceb760b161e19907,Domains_Alloy
2196,-3.478327012501415,-2.67487901449204,1,-0.654636123024,86dd3a804d78ca5d203ebf98747e8f16dff9713ba8950097ceb760b161e19907,Domains_Alloy
2197,-3.478954950631342,-2.67487901449204,1,-0.654636123024,86dd3a804d78ca5d203ebf98747e8f16dff9713ba8950097ceb760b161e19907,Domains_Alloy
2198,-3.479583004762389,-2.67487901449204,1,-0.654636123024,86dd3a804d78ca5d203ebf98747e8f16dff9713ba8950097ceb760b161e19907,Domains_Alloy
2199,-3.480211174843225,-2.67487901449204,1,-0.654636123024,86dd3a804d78ca5d203ebf98747e8f16dff9713ba8950097ceb760b161e19907,Domains_Alloy
2200,-3.480839460822559,-2.67487901449204,1,-0.654636123024,86dd3a804d78ca5d203ebf98747e8f16dff9713ba8950097ceb760b161e19907,Domains_Alloy
2201,-3.481467862649151,-2.67487901449204,1,-0.654636123024,86dd3a804d78ca5d203ebf98747e8f16dff9713ba8950097ceb760b161e19907,Domains_Alloy
2202,-3.482096380271798,-2.67487901449204,1,-0.654636123024,86dd3a804d78ca5d203ebf98747e8f16dff9713ba8950097ceb760b161e19907,Domains_Alloy
2203,-3.482725013639347,-2.67487901449204,1,-0.654636123024,86dd3a804d78ca5d203ebf98747e8f16dff9713ba8950097ceb760b161e19907,Domains_Alloy
2204,-3.483353762700689,-2.67487901449204,1,-0.654636123024,86dd3a804d78ca5d203ebf98747e8f16dff9713ba8950097ceb760b161e19907,Domains_Alloy
2205,-3.483982627404761,-2.67487901449204,1,-0.654636123024,86dd3a804d78ca5d203ebf98747e8f16dff9713ba8950097ceb760b161e19907,Domains_Alloy
2206,-3.484611607700534,-2.67487901449204,1,-0.654636123024,86dd3a804d78ca5d203ebf98747e8f16dff9713ba8950097ceb760b161e19907,Domains_Alloy
2207,-3.485240703537037,-2.67487901449204,1,-0.654636123024,86dd3a804d78ca5d203ebf98747e8f16dff9713ba8950097ceb760b161e19907,Domains_Alloy
2208,-3.485869914863338,-2.67487901449204,1,-0.654636123024,86dd3a804d78ca5d203ebf98747e8f16dff9713ba8950097ceb760b161e19907,Domains_Alloy
2209,-3.486499241628549,-2.67487901449204,1,-0.654636123024,86dd3a804d78ca5d203ebf98747e8f16dff9713ba8950097ceb760b161e19907,Domains_Alloy
2210,-3.487128683781822,-2.67487901449204,1,-0.654636123024,86dd3a804d78ca5d203ebf98747e8f16dff9713ba8950097ceb760b161e19907,Domains_Alloy
2211,-3.487758241272361,-2.67487901449204,1,-0.654636123024,86dd3a804d78ca5d203ebf98747e8f16dff9713ba8950097ceb760b161e19907,Domains_Alloy
2212,-3.488387914049409,-2.67487901449204,1,-0.654636123024,86dd3a804d78ca5d203ebf98747e8f16dff9713ba8950097ceb760b161e19907,Domains_Alloy
2213,-3.489017702062255,-2.67487901449204,1,-0.654636123024,86dd3a804d78ca5d203ebf98747e8f16dff9713ba8950097ceb760b161e19907,Domains_Alloy
2214,-3.48964760526023,-2.67487901449204,1,-0.654636123024,86dd3a804d78ca5d203ebf98747e8f16dff9713ba8950097ceb760b161e19907,Domains_Alloy
2215,-3.490277623592712,-2.67487901449204,1,-0.654636123024,86dd3a804d78ca5d203ebf98747e8f16dff9713ba8950097ceb760b161e19907,Domains_Alloy
2216,-3.490907757009119,-2.67487901449204,1,-0.654636123024,86dd3a804d78ca5d203ebf98747e8f16dff9713ba8950097ceb760b161e19907,Domains_Alloy
2217,-3.491538005458916,-2.67487901449204,1,-0.654636123024,86dd3a804d78ca5d203ebf98747e8f16dff9713ba8950097ceb760b161e19907,Domains_Alloy
2218,-3.492168368891614,-2.67487901449204,1,-0.654636123024,86dd3a804d78ca5d203ebf98747e8f16dff9713ba8950097ceb760b161e19907,Domains_Alloy
2219,-3.492798847256757,-2.67487901449204,1,-0.654636123024,86dd3a804d78ca5d203ebf98747e8f16dff9713ba8950097ceb760b161e19907,Domains_Alloy
2220,-3.493429440503946,-2.67487901449204,1,-0.654636123024,86dd3a804d78ca5d203ebf98747e8f16dff9713ba8950097ceb760b161e19907,Domains_Alloy
2221,-3.494060148582817,-2.67487901449204,1,-0.654636123024,86dd3a804d78ca5d203ebf98747e8f16dff9713ba8950097ceb760b161e19907,Domains_Alloy
2222,-3.494690971443053,-2.67487901449204,1,-0.654636123024,86dd3a804d78ca5d203ebf98747e8f16dff9713ba8950097ceb760b161e19907,Domains_Alloy
2223,-3.495321909034379,-2.67487901449204,1,-0.654636123024,86dd3a804d78ca5d203ebf98747e8f16dff9713ba8950097ceb760b161e19907,Domains_Alloy
2224,-3.495952961306565,-2.67487901449204,1,-0.654636123024,86dd3a804d78ca5d203ebf98747e8f16dff9713ba8950097ceb760b161e19907,Domains_Alloy
2225,-3.496584128209422,-2.67487901449204,1,-0.654636123024,86dd3a804d78ca5d203ebf98747e8f16dff9713ba8950097ceb760b161e19907,Domains_Alloy
2226,-3.497215409692803,-2.67487901449204,1,-0.654636123024,86dd3a804d78ca5d203ebf98747e8f16dff9713ba8950097ceb760b161e19907,Domains_Alloy
2227,-3.497846805706614,-2.67487901449204,1,-0.654636123024,86dd3a804d78ca5d203ebf98747e8f16dff9713ba8950097ceb760b161e19907,Domains_Alloy
2228,-3.498478316200792,-2.67487901449204,1,-0.654636123024,86dd3a804d78ca5d203ebf98747e8f16dff9713ba8950097ceb760b161e19907,Domains_Alloy
2229,-3.499109941125323,-2.67487901449204,1,-0.654636123024,86dd3a804d78ca5d203ebf98747e8f16dff9713ba8950097ceb760b161e19907,Domains_Alloy
2230,-3.499741680430236,-2.67487901449204,1,-0.654636123024,86dd3a804d78ca5d203ebf98747e8f16dff9713ba8950097ceb760b161e19907,Domains_Alloy
2231,-3.500373534065601,-2.67487901449204,1,-0.654636123024,86dd3a804d78ca5d203ebf98747e8f16dff9713ba8950097ceb760b161e19907,Domains_Alloy
2232,-3.501005501981533,-2.67487901449204,1,-0.654636123024,86dd3a804d78ca5d203ebf98747e8f16dff9713ba8950097ceb760b161e19907,Domains_Alloy
2233,-3.50163758412819,-2.67487901449204,1,-0.654636123024,86dd3a804d78ca5d203ebf98747e8f16dff9713ba8950097ceb760b161e19907,Domains_Alloy
2234,-3.502269780455772,-2.67487901449204,1,-0.654636123024,86dd3a804d78ca5d203ebf98747e8f16dff9713ba8950097ceb760b161e19907,Domains_Alloy
2235,-3.50290209091452,-2.67487901449204,1,-0.654636123024,86dd3a804d78ca5d203ebf98747e8f16dff9713ba8950097ceb760b161e19907,Domains_Alloy
2236,-3.50353451545472,-2.67487901449204,1,-0.654636123024,86dd3a804d78ca5d203ebf98747e8f16dff9713ba8950097ceb760b161e19907,Domains_Alloy
2237,-3.504167054026705,-2.67487901449204,1,-0.654636123024,86dd3a804d78ca5d203ebf98747e8f16dff9713ba8950097ceb760b161e19907,Domains_Alloy
2238,-3.504799706580839,-2.67487901449204,1,-0.654636123024,86dd3a804d78ca5d203ebf98747e8f16dff9713ba8950097ceb760b161e19907,Domains_Alloy
2239,-3.505432473067538,-2.67487901449204,1,-0.654636123024,86dd3a804d78ca5d203ebf98747e8f16dff9713ba8950097ceb760b161e19907,Domains_Alloy
2240,-3.506065353437262,-2.67487901449204,1,-0.654636123024,86dd3a804d78ca5d203ebf98747e8f16dff9713ba8950097ceb760b161e19907,Domains_Alloy
2241,-3.506698347640504,-2.67487901449204,1,-0.654636123024,86dd3a804d78ca5d203ebf98747e8f16dff9713ba8950097ceb760b161e19907,Domains_Alloy
2242,-3.507331455627807,-2.67487901449204,1,-0.654636123024,86dd3a804d78ca5d203ebf98747e8f16dff9713ba8950097ceb760b161e19907,Domains_Alloy
2243,-3.507964677349756,-2.67487901449204,1,-0.654636123024,86dd3a804d78ca5d203ebf98747e8f16dff9713ba8950097ceb760b161e19907,Domains_Alloy
2244,-3.508598012756976,-2.67487901449204,1,-0.654636123024,86dd3a804d78ca5d203ebf98747e8f16dff9713ba8950097ceb760b161e19907,Domains_Alloy
2245,-3.509231461800134,-2.67487901449204,1,-0.654636123024,86dd3a804d78ca5d203ebf98747e8f16dff9713ba8950097ceb760b161e19907,Domains_Alloy
2246,-3.509865024429939,-2.67487901449204,1,-0.654636123024,86dd3a804d78ca5d203ebf98747e8f16dff9713ba8950097ceb760b161e19907,Domains_Alloy
2247,-3.510498700597149,-2.67487901449204,1,-0.654636123024,86dd3a804d78ca5d203ebf98747e8f16dff9713ba8950097ceb760b161e19907,Domains_Alloy
2248,-3.511132490252552,-2.67487901449204,1,-0.654636123024,86dd3a804d78ca5d203ebf98747e8f16dff9713ba8950097ceb760b161e19907,Domains_Alloy
2249,-3.511766393346988,-2.67487901449204,1,-0.654636123024,86dd3a804d78ca5d203ebf98747e8f16dff9713ba8950097ceb760b161e19907,Domains_Alloy
2250,-3.512400409831335,-2.67487901449204,1,-0.654636123024,86dd3a804d78ca5d203ebf98747e8f16dff9713ba8950097ceb760b161e19907,Domains_Alloy
2251,-3.513034539656512,-2.67487901449204,1,-0.654636123024,86dd3a804d78ca5d203ebf98747e8f16dff9713ba8950097ceb760b161e19907,Domains_Alloy
2252,-3.513668782773484,-2.67487901449204,1,-0.654636123024,86dd3a804d78ca5d203ebf98747e8f16dff9713ba8950097ceb760b161e19907,Domains_Alloy
2253,-3.514303139133253,-2.67487901449204,1,-0.654636123024,86dd3a804d78ca5d203ebf98747e8f16dff9713ba8950097ceb760b161e19907,Domains_Alloy
2254,-3.514937608686866,-2.67487901449204,1,-0.654636123024,86dd3a804d78ca5d203ebf98747e8f16dff9713ba8950097ceb760b161e19907,Domains_Alloy
2255,-3.515572191385411,-2.67487901449204,1,-0.654636123024,86dd3a804d78ca5d203ebf98747e8f16dff9713ba8950097ceb760b161e19907,Domains_Alloy
2256,-3.516206887180017,-2.67487901449204,1,-0.654636123024,86dd3a804d78ca5d203ebf98747e8f16dff9713ba8950097ceb760b161e19907,Domains_Alloy
2257,-3.516841696021855,-2.67487901449204,1,-0.654636123024,86dd3a804d78ca5d203ebf98747e8f16dff9713ba8950097ceb760b161e19907,Domains_Alloy
2258,-3.517476617862137,-2.67487901449204,1,-0.654636123024,86dd3a804d78ca5d203ebf98747e8f16dff9713ba8950097ceb760b161e19907,Domains_Alloy
2259,-3.518111652652119,-2.67487901449204,1,-0.654636123024,86dd3a804d78ca5d203ebf98747e8f16dff9713ba8950097ceb760b161e19907,Domains_Alloy
2260,-3.518746800343095,-2.67487901449204,1,-0.654636123024,86dd3a804d78ca5d203ebf98747e8f16dff9713ba8950097ceb760b161e19907,Domains_Alloy
2261,-3.519382060886403,-2.67487901449204,1,-0.654636123024,86dd3a804d78ca5d203ebf98747e8f16dff9713ba8950097ceb760b161e19907,Domains_Alloy
2262,-3.52001743423342,-2.67487901449204,1,-0.654636123024,86dd3a804d78ca5d203ebf98747e8f16dff9713ba8950097ceb760b161e19907,Domains_Alloy
2263,-3.520652920335569,-2.67487901449204,1,-0.654636123024,86dd3a804d78ca5d203ebf98747e8f16dff9713ba8950097ceb760b161e19907,Domains_Alloy
2264,-3.521288519144308,-2.67487901449204,1,-0.654636123024,86dd3a804d78ca5d203ebf98747e8f16dff9713ba8950097ceb760b161e19907,Domains_Alloy
2265,-3.521924230611141,-2.67487901449204,1,-0.654636123024,86dd3a804d78ca5d203ebf98747e8f16dff9713ba8950097ceb760b161e19907,Domains_Alloy
2266,-3.522560054687611,-2.67487901449204,1,-0.654636123024,86dd3a804d78ca5d203ebf98747e8f16dff9713ba8950097ceb760b161e19907,Domains_Alloy
2267,-3.523195991325299,-2.67487901449204,1,-0.654636123024,86dd3a804d78ca5d203ebf98747e8f16dff9713ba8950097ceb760b161e19907,Domains_Alloy
2268,-3.523832040475838,-2.67487901449204,1,-0.654636123024,86dd3a804d78ca5d203ebf98747e8f16dff9713ba8950097ceb760b161e19907,Domains_Alloy
2269,-3.524468202090889,-2.67487901449204,1,-0.654636123024,86dd3a804d78ca5d203ebf98747e8f16dff9713ba8950097ceb760b161e19907,Domains_Alloy
2270,-3.525104476122161,-2.67487901449204,1,-0.654636123024,86dd3a804d78ca5d203ebf98747e8f16dff9713ba8950097ceb760b161e19907,Domains_Alloy
2271,-3.525740862521402,-2.67487901449204,1,-0.654636123024,86dd3a804d78ca5d203ebf98747e8f16dff9713ba8950097ceb760b161e19907,Domains_Alloy
2272,-3.526377361240402,-2.67487901449204,1,-0.654636123024,86dd3a804d78ca5d203ebf98747e8f16dff9713ba8950097ceb760b161e19907,Domains_Alloy
2273,-3.527013972230992,-2.67487901449204,1,-0.654636123024,86dd3a804d78ca5d203ebf98747e8f16dff9713ba8950097ceb760b161e19907,Domains_Alloy
2274,-3.527650695445042,-2.67487901449204,1,-0.654636123024,86dd3a804d78ca5d203ebf98747e8f16dff9713ba8950097ceb760b161e19907,Domains_Alloy
2275,-3.528287530834462,-2.67487901449204,1,-0.654636123024,86dd3a804d78ca5d203ebf98747e8f16dff9713ba8950097ceb760b161e19907,Domains_Alloy
2276,-3.528924478351207,-2.67487901449204,1,-0.654636123024,86dd3a804d78ca5d203ebf98747e8f16dff9713ba8950097ceb760b161e19907,Domains_Alloy
2277,-3.529561537947268,-2.67487901449204,1,-0.654636123024,86dd3a804d78ca5d203ebf98747e8f16dff9713ba8950097ceb760b161e19907,Domains_Alloy
2278,-3.53019870957468,-2.67487901449204,1,-0.654636123024,86dd3a804d78ca5d203ebf98747e8f16dff9713ba8950097ceb760b161e19907,Domains_Alloy
2279,-3.530835993185516,-2.67487901449204,1,-0.654636123024,86dd3a804d78ca5d203ebf98747e8f16dff9713ba8950097ceb760b161e19907,Domains_Alloy
2280,-3.53147338873189,-2.67487901449204,1,-0.654636123024,86dd3a804d78ca5d203ebf98747e8f16dff9713ba8950097ceb760b161e19907,Domains_Alloy
2281,-3.532110896165956,-2.67487901449204,1,-0.654636123024,86dd3a804d78ca5d203ebf98747e8f16dff9713ba8950097ceb760b161e19907,Domains_Alloy
2282,-3.532748515439912,-2.67487901449204,1,-0.654636123024,86dd3a804d78ca5d203ebf98747e8f16dff9713ba8950097ceb760b161e19907,Domains_Alloy
2283,-3.53338624650599,-2.67487901449204,1,-0.654636123024,86dd3a804d78ca5d203ebf98747e8f16dff9713ba8950097ceb760b161e19907,Domains_Alloy
2284,-3.534024089316469,-2.67487901449204,1,-0.654636123024,86dd3a804d78ca5d203ebf98747e8f16dff9713ba8950097ceb760b161e19907,Domains_Alloy
2285,-3.534662043823661,-2.67487901449204,1,-0.654636123024,86dd3a804d78ca5d203ebf98747e8f16dff9713ba8950097ceb760b161e19907,Domains_Alloy
2286,-3.535300109979924,-2.67487901449204,1,-0.654636123024,86dd3a804d78ca5d203ebf98747e8f16dff9713ba8950097ceb760b161e19907,Domains_Alloy
2287,-3.535938287737655,-2.67487901449204,1,-0.654636123024,86dd3a804d78ca5d203ebf98747e8f16dff9713ba8950097ceb760b161e19907,Domains_Alloy
2288,-3.53657657704929,-2.67487901449204,1,-0.654636123024,86dd3a804d78ca5d203ebf98747e8f16dff9713ba8950097ceb760b161e19907,Domains_Alloy
2289,-3.537214977867304,-2.67487901449204,1,-0.654636123024,86dd3a804d78ca5d203ebf98747e8f16dff9713ba8950097ceb760b161e19907,Domains_Alloy
2290,-3.537853490144213,-2.67487901449204,1,-0.654636123024,86dd3a804d78ca5d203ebf98747e8f16dff9713ba8950097ceb760b161e19907,Domains_Alloy
2291,-3.538492113832573,-2.67487901449204,1,-0.654636123024,86dd3a804d78ca5d203ebf98747e8f16dff9713ba8950097ceb760b161e19907,Domains_Alloy
2292,-3.539130848884982,-2.67487901449204,1,-0.654636123024,86dd3a804d78ca5d203ebf98747e8f16dff9713ba8950097ceb760b161e19907,Domains_Alloy
2293,-3.539769695254074,-2.67487901449204,1,-0.654636123024,86dd3a804d78ca5d203ebf98747e8f16dff9713ba8950097ceb760b161e19907,Domains_Alloy
2294,-3.540408652892523,-2.67487901449204,1,-0.654636123024,86dd3a804d78ca5d203ebf98747e8f16dff9713ba8950097ceb760b161e19907,Domains_Alloy
2295,-3.541047721753045,-2.67487901449204,1,-0.654636123024,86dd3a804d78ca5d203ebf98747e8f16dff9713ba8950097ceb760b161e19907,Domains_Alloy
2296,-3.541686901788397,-2.67487901449204,1,-0.654636123024,86dd3a804d78ca5d203ebf98747e8f16dff9713ba8950097ceb760b161e19907,Domains_Alloy
2297,-3.54232619295137,-2.67487901449204,1,-0.654636123024,86dd3a804d78ca5d203ebf98747e8f16dff9713ba8950097ceb760b161e19907,Domains_Alloy
2298,-3.542965595194799,-2.67487901449204,1,-0.654636123024,86dd3a804d78ca5d203ebf98747e8f16dff9713ba8950097ceb760b161e19907,Domains_Alloy
2299,-3.543605108471557,-2.67487901449204,1,-0.654636123024,86dd3a804d78ca5d203ebf98747e8f16dff9713ba8950097ceb760b161e19907,Domains_Alloy
2300,-3.54424473273456,-2.67487901449204,1,-0.654636123024,86dd3a804d78ca5d203ebf98747e8f16dff9713ba8950097ceb760b161e19907,Domains_Alloy
2301,-3.544884467936758,-2.67487901449204,1,-0.654636123024,86dd3a804d78ca5d203ebf98747e8f16dff9713ba8950097ceb760b161e19907,Domains_Alloy
2302,-3.545524314031141,-2.67487901449204,1,-0.654636123024,86dd3a804d78ca5d203ebf98747e8f16dff9713ba8950097ceb760b161e19907,Domains_Alloy
2303,-3.546164270970741,-2.67487901449204,1,-0.654636123024,86dd3a804d78ca5d203ebf98747e8f16dff9713ba8950097ceb760b161e19907,Domains_Alloy
2304,-3.546804338708628,-2.67487901449204,1,-0.654636123024,86dd3a804d78ca5d203ebf98747e8f16dff9713ba8950097ceb760b161e19907,Domains_Alloy
2305,-3.547444517197913,-2.67487901449204,1,-0.654636123024,86dd3a804d78ca5d203ebf98747e8f16dff9713ba8950097ceb760b161e19907,Domains_Alloy
2306,-3.548084806391742,-2.67487901449204,1,-0.654636123024,86dd3a804d78ca5d203ebf98747e8f16dff9713ba8950097ceb760b161e19907,Domains_Alloy
2307,-3.548725206243306,-2.67487901449204,1,-0.654636123024,86dd3a804d78ca5d203ebf98747e8f16dff9713ba8950097ceb760b161e19907,Domains_Alloy
2308,-3.549365716705831,-2.67487901449204,1,-0.654636123024,86dd3a804d78ca5d203ebf98747e8f16dff9713ba8950097ceb760b161e19907,Domains_Alloy
2309,-3.550006337732579,-2.67487901449204,1,-0.654636123024,86dd3a804d78ca5d203ebf98747e8f16dff9713ba8950097ceb760b161e19907,Domains_Alloy
2310,-3.550647069276859,-2.67487901449204,1,-0.654636123024,86dd3a804d78ca5d203ebf98747e8f16dff9713ba8950097ceb760b161e19907,Domains_Alloy
2311,-3.551287911292013,-2.67487901449204,1,-0.654636123024,86dd3a804d78ca5d203ebf98747e8f16dff9713ba8950097ceb760b161e19907,Domains_Alloy
2312,-3.551928863731422,-2.67487901449204,1,-0.654636123024,86dd3a804d78ca5d203ebf98747e8f16dff9713ba8950097ceb760b161e19907,Domains_Alloy
2313,-3.55256992654851,-2.67487901449204,1,-0.654636123024,86dd3a804d78ca5d203ebf98747e8f16dff9713ba8950097ceb760b161e19907,Domains_Alloy
2314,-3.553211099696736,-2.67487901449204,1,-0.654636123024,86dd3a804d78ca5d203ebf98747e8f16dff9713ba8950097ceb760b161e19907,Domains_Alloy
2315,-3.553852383129598,-2.67487901449204,1,-0.654636123024,86dd3a804d78ca5d203ebf98747e8f16dff9713ba8950097ceb760b161e19907,Domains_Alloy
2316,-3.554493776800633,-2.67487901449204,1,-0.654636123024,86dd3a804d78ca5d203ebf98747e8f16dff9713ba8950097ceb760b161e19907,Domains_Alloy
2317,-3.555135280663421,-2.67487901449204,1,-0.654636123024,86dd3a804d78ca5d203ebf98747e8f16dff9713ba8950097ceb760b161e19907,Domains_Alloy
2318,-3.555776894671575,-2.67487901449204,1,-0.654636123024,86dd3a804d78ca5d203ebf98747e8f16dff9713ba8950097ceb760b161e19907,Domains_Alloy
2319,-3.556418618778744,-2.67487901449204,1,-0.654636123024,86dd3a804d78ca5d203ebf98747e8f16dff9713ba8950097ceb760b161e19907,Domains_Alloy
2320,-3.557060452938627,-2.67487901449204,1,-0.654636123024,86dd3a804d78ca5d203ebf98747e8f16dff9713ba8950097ceb760b161e19907,Domains_Alloy
2321,-3.557702397104949,-2.67487901449204,1,-0.654636123024,86dd3a804d78ca5d203ebf98747e8f16dff9713ba8950097ceb760b161e19907,Domains_Alloy
2322,-3.558344451231481,-2.67487901449204,1,-0.654636123024,86dd3a804d78ca5d203ebf98747e8f16dff9713ba8950097ceb760b161e19907,Domains_Alloy
2323,-3.558986615272027,-2.67487901449204,1,-0.654636123024,86dd3a804d78ca5d203ebf98747e8f16dff9713ba8950097ceb760b161e19907,Domains_Alloy
2324,-3.559628889180434,-2.67487901449204,1,-0.654636123024,86dd3a804d78ca5d203ebf98747e8f16dff9713ba8950097ceb760b161e19907,Domains_Alloy
2325,-3.560271272910589,-2.67487901449204,1,-0.654636123024,86dd3a804d78ca5d203ebf98747e8f16dff9713ba8950097ceb760b161e19907,Domains_Alloy
2326,-3.560913766416408,-2.67487901449204,1,-0.654636123024,86dd3a804d78ca5d203ebf98747e8f16dff9713ba8950097ceb760b161e19907,Domains_Alloy
2327,-3.561556369651856,-2.67487901449204,1,-0.654636123024,86dd3a804d78ca5d203ebf98747e8f16dff9713ba8950097ceb760b161e19907,Domains_Alloy
2328,-3.562199082570929,-2.67487901449204,1,-0.654636123024,86dd3a804d78ca5d203ebf98747e8f16dff9713ba8950097ceb760b161e19907,Domains_Alloy
2329,-3.562841905127661,-2.67487901449204,1,-0.654636123024,86dd3a804d78ca5d203ebf98747e8f16dff9713ba8950097ceb760b161e19907,Domains_Alloy
2330,-3.563484837276129,-2.67487901449204,1,-0.654636123024,86dd3a804d78ca5d203ebf98747e8f16dff9713ba8950097ceb760b161e19907,Domains_Alloy
2331,-3.564127878970444,-2.67487901449204,1,-0.654636123024,86dd3a804d78ca5d203ebf98747e8f16dff9713ba8950097ceb760b161e19907,Domains_Alloy
2332,-3.564771030164755,-2.67487901449204,1,-0.654636123024,86dd3a804d78ca5d203ebf98747e8f16dff9713ba8950097ceb760b161e19907,Domains_Alloy
2333,-3.565414290813251,-2.67487901449204,1,-0.654636123024,86dd3a804d78ca5d203ebf98747e8f16dff9713ba8950097ceb760b161e19907,Domains_Alloy
2334,-3.56605766087016,-2.67487901449204,1,-0.654636123024,86dd3a804d78ca5d203ebf98747e8f16dff9713ba8950097ceb760b161e19907,Domains_Alloy
2335,-3.566701140289741,-2.67487901449204,1,-0.654636123024,86dd3a804d78ca5d203ebf98747e8f16dff9713ba8950097ceb760b161e19907,Domains_Alloy
2336,-3.567344729026299,-2.67487901449204,1,-0.654636123024,86dd3a804d78ca5d203ebf98747e8f16dff9713ba8950097ceb760b161e19907,Domains_Alloy
2337,-3.567988427034171,-2.67487901449204,1,-0.654636123024,86dd3a804d78ca5d203ebf98747e8f16dff9713ba8950097ceb760b161e19907,Domains_Alloy
2338,-3.568632234267735,-2.67487901449204,1,-0.654636123024,86dd3a804d78ca5d203ebf98747e8f16dff9713ba8950097ceb760b161e19907,Domains_Alloy
2339,-3.569276150681403,-2.67487901449204,1,-0.654636123024,86dd3a804d78ca5d203ebf98747e8f16dff9713ba8950097ceb760b161e19907,Domains_Alloy
2340,-3.56992017622963,-2.67487901449204,1,-0.654636123024,86dd3a804d78ca5d203ebf98747e8f16dff9713ba8950097ceb760b161e19907,Domains_Alloy
2341,-3.570564310866902,-2.67487901449204,1,-0.654636123024,86dd3a804d78ca5d203ebf98747e8f16dff9713ba8950097ceb760b161e19907,Domains_Alloy
2342,-3.571208554547748,-2.67487901449204,1,-0.654636123024,86dd3a804d78ca5d203ebf98747e8f16dff9713ba8950097ceb760b161e19907,Domains_Alloy
2343,-3.571852907226732,-2.67487901449204,1,-0.654636123024,86dd3a804d78ca5d203ebf98747e8f16dff9713ba8950097ceb760b161e19907,Domains_Alloy
2344,-3.572497368858455,-2.67487901449204,1,-0.654636123024,86dd3a804d78ca5d203ebf98747e8f16dff9713ba8950097ceb760b161e19907,Domains_Alloy
2345,-3.573141939397556,-2.67487901449204,1,-0.654636123024,86dd3a804d78ca5d203ebf98747e8f16dff9713ba8950097ceb760b161e19907,Domains_Alloy
2346,-3.57378661879871,-2.67487901449204,1,-0.654636123024,86dd3a804d78ca5d203ebf98747e8f16dff9713ba8950097ceb760b161e19907,Domains_Alloy
2347,-3.574431407016634,-2.67487901449204,1,-0.654636123024,86dd3a804d78ca5d203ebf98747e8f16dff9713ba8950097ceb760b161e19907,Domains_Alloy
2348,-3.575076304006076,-2.67487901449204,1,-0.654636123024,86dd3a804d78ca5d203ebf98747e8f16dff9713ba8950097ceb760b161e19907,Domains_Alloy
2349,-3.575721309721824,-2.67487901449204,1,-0.654636123024,86dd3a804d78ca5d203ebf98747e8f16dff9713ba8950097ceb760b161e19907,Domains_Alloy
2350,-3.576366424118703,-2.67487901449204,1,-0.654636123024,86dd3a804d78ca5d203ebf98747e8f16dff9713ba8950097ceb760b161e19907,Domains_Alloy
2351,-3.577011647151576,-2.67487901449204,1,-0.654636123024,86dd3a804d78ca5d203ebf98747e8f16dff9713ba8950097ceb760b161e19907,Domains_Alloy
2352,-3.57765697877534,-2.67487901449204,1,-0.654636123024,86dd3a804d78ca5d203ebf98747e8f16dff9713ba8950097ceb760b161e19907,Domains_Alloy
2353,-3.578302418944932,-2.67487901449204,1,-0.654636123024,86dd3a804d78ca5d203ebf98747e8f16dff9713ba8950097ceb760b161e19907,Domains_Alloy
2354,-3.578947967615326,-2.67487901449204,1,-0.654636123024,86dd3a804d78ca5d203ebf98747e8f16dff9713ba8950097ceb760b161e19907,Domains_Alloy
2355,-3.579593624741531,-2.67487901449204,1,-0.654636123024,86dd3a804d78ca5d203ebf98747e8f16dff9713ba8950097ceb760b161e19907,Domains_Alloy
2356,-3.580239390278591,-2.67487901449204,1,-0.654636123024,86dd3a804d78ca5d203ebf98747e8f16dff9713ba8950097ceb760b161e19907,Domains_Alloy
2357,-3.580885264181594,-2.67487901449204,1,-0.654636123024,86dd3a804d78ca5d203ebf98747e8f16dff9713ba8950097ceb760b161e19907,Domains_Alloy
2358,-3.581531246405658,-2.67487901449204,1,-0.654636123024,86dd3a804d78ca5d203ebf98747e8f16dff9713ba8950097ceb760b161e19907,Domains_Alloy
2359,-3.58217733690594,-2.67487901449204,1,-0.654636123024,86dd3a804d78ca5d203ebf98747e8f16dff9713ba8950097ceb760b161e19907,Domains_Alloy
2360,-3.582823535637632,-2.67487901449204,1,-0.654636123024,86dd3a804d78ca5d203ebf98747e8f16dff9713ba8950097ceb760b161e19907,Domains_Alloy
2361,-3.583469842555966,-2.67487901449204,1,-0.654636123024,86dd3a804d78ca5d203ebf98747e8f16dff9713ba8950097ceb760b161e19907,Domains_Alloy
2362,-3.584116257616208,-2.67487901449204,1,-0.654636123024,86dd3a804d78ca5d203ebf98747e8f16dff9713ba8950097ceb760b161e19907,Domains_Alloy
2363,-3.584762780773663,-2.67487901449204,1,-0.654636123024,86dd3a804d78ca5d203ebf98747e8f16dff9713ba8950097ceb760b161e19907,Domains_Alloy
2364,-3.585409411983666,-2.67487901449204,1,-0.654636123024,86dd3a804d78ca5d203ebf98747e8f16dff9713ba8950097ceb760b161e19907,Domains_Alloy
2365,-3.586056151201597,-2.67487901449204,1,-0.654636123024,86dd3a804d78ca5d203ebf98747e8f16dff9713ba8950097ceb760b161e19907,Domains_Alloy
2366,-3.586702998382869,-2.67487901449204,1,-0.654636123024,86dd3a804d78ca5d203ebf98747e8f16dff9713ba8950097ceb760b161e19907,Domains_Alloy
2367,-3.587349953482929,-2.67487901449204,1,-0.654636123024,86dd3a804d78ca5d203ebf98747e8f16dff9713ba8950097ceb760b161e19907,Domains_Alloy
2368,-3.587997016457263,-2.67487901449204,1,-0.654636123024,86dd3a804d78ca5d203ebf98747e8f16dff9713ba8950097ceb760b161e19907,Domains_Alloy
2369,-3.588644187261391,-2.67487901449204,1,-0.654636123024,86dd3a804d78ca5d203ebf98747e8f16dff9713ba8950097ceb760b161e19907,Domains_Alloy
2370,-3.589291465850874,-2.67487901449204,1,-0.654636123024,86dd3a804d78ca5d203ebf98747e8f16dff9713ba8950097ceb760b161e19907,Domains_Alloy
2371,-3.589938852181302,-2.67487901449204,1,-0.654636123024,86dd3a804d78ca5d203ebf98747e8f16dff9713ba8950097ceb760b161e19907,Domains_Alloy
2372,-3.590586346208307,-2.67487901449204,1,-0.654636123024,86dd3a804d78ca5d203ebf98747e8f16dff9713ba8950097ceb760b161e19907,Domains_Alloy
2373,-3.591233947887555,-2.67487901449204,1,-0.654636123024,86dd3a804d78ca5d203ebf98747e8f16dff9713ba8950097ceb760b161e19907,Domains_Alloy
2374,-3.591881657174749,-2.67487901449204,1,-0.654636123024,86dd3a804d78ca5d203ebf98747e8f16dff9713ba8950097ceb760b161e19907,Domains_Alloy
2375,-3.592529474025624,-2.67487901449204,1,-0.654636123024,86dd3a804d78ca5d203ebf98747e8f16dff9713ba8950097ceb760b161e19907,Domains_Alloy
2376,-3.593177398395957,-2.67487901449204,1,-0.654636123024,86dd3a804d78ca5d203ebf98747e8f16dff9713ba8950097ceb760b161e19907,Domains_Alloy
2377,-3.593825430241556,-2.67487901449204,1,-0.654636123024,86dd3a804d78ca5d203ebf98747e8f16dff9713ba8950097ceb760b161e19907,Domains_Alloy
2378,-3.594473569518271,-2.67487901449204,1,-0.654636123024,86dd3a804d78ca5d203ebf98747e8f16dff9713ba8950097ceb760b161e19907,Domains_Alloy
2379,-3.595121816181977,-2.67487901449204,1,-0.654636123024,86dd3a804d78ca5d203ebf98747e8f16dff9713ba8950097ceb760b161e19907,Domains_Alloy
2380,-3.595770170188596,-2.67487901449204,1,-0.654636123024,86dd3a804d78ca5d203ebf98747e8f16dff9713ba8950097ceb760b161e19907,Domains_Alloy
2381,-3.596418631494082,-2.67487901449204,1,-0.654636123024,86dd3a804d78ca5d203ebf98747e8f16dff9713ba8950097ceb760b161e19907,Domains_Alloy
2382,-3.597067200054421,-2.67487901449204,1,-0.654636123024,86dd3a804d78ca5d203ebf98747e8f16dff9713ba8950097ceb760b161e19907,Domains_Alloy
2383,-3.597715875825638,-2.67487901449204,1,-0.654636123024,86dd3a804d78ca5d203ebf98747e8f16dff9713ba8950097ceb760b161e19907,Domains_Alloy
2384,-3.598364658763794,-2.67487901449204,1,-0.654636123024,86dd3a804d78ca5d203ebf98747e8f16dff9713ba8950097ceb760b161e19907,Domains_Alloy
2385,-3.599013548824983,-2.67487901449204,1,-0.654636123024,86dd3a804d78ca5d203ebf98747e8f16dff9713ba8950097ceb760b161e19907,Domains_Alloy
2386,-3.599662545965341,-2.67487901449204,1,-0.654636123024,86dd3a804d78ca5d203ebf98747e8f16dff9713ba8950097ceb760b161e19907,Domains_Alloy
2387,-3.600311650141029,-2.67487901449204,1,-0.654636123024,86dd3a804d78ca5d203ebf98747e8f16dff9713ba8950097ceb760b161e19907,Domains_Alloy
2388,-3.600960861308254,-2.67487901449204,1,-0.654636123024,86dd3a804d78ca5d203ebf98747e8f16dff9713ba8950097ceb760b161e19907,Domains_Alloy
2389,-3.601610179423249,-2.67487901449204,1,-0.654636123024,86dd3a804d78ca5d203ebf98747e8f16dff9713ba8950097ceb760b161e19907,Domains_Alloy
2390,-3.602259604442291,-2.67487901449204,1,-0.654636123024,86dd3a804d78ca5d203ebf98747e8f16dff9713ba8950097ceb760b161e19907,Domains_Alloy
2391,-3.602909136321686,-2.67487901449204,1,-0.654636123024,86dd3a804d78ca5d203ebf98747e8f16dff9713ba8950097ceb760b161e19907,Domains_Alloy
2392,-3.603558775017779,-2.67487901449204,1,-0.654636123024,86dd3a804d78ca5d203ebf98747e8f16dff9713ba8950097ceb760b161e19907,Domains_Alloy
2393,-3.604208520486948,-2.67487901449204,1,-0.654636123024,86dd3a804d78ca5d203ebf98747e8f16dff9713ba8950097ceb760b161e19907,Domains_Alloy
2394,-3.604858372685607,-2.67487901449204,1,-0.654636123024,86dd3a804d78ca5d203ebf98747e8f16dff9713ba8950097ceb760b161e19907,Domains_Alloy
2395,-3.605508331570204,-2.67487901449204,1,-0.654636123024,86dd3a804d78ca5d203ebf98747e8f16dff9713ba8950097ceb760b161e19907,Domains_Alloy
2396,-3.606158397097224,-2.67487901449204,1,-0.654636123024,86dd3a804d78ca5d203ebf98747e8f16dff9713ba8950097ceb760b161e19907,Domains_Alloy
2397,-3.606808569223189,-2.67487901449204,1,-0.654636123024,86dd3a804d78ca5d203ebf98747e8f16dff9713ba8950097ceb760b161e19907,Domains_Alloy
2398,-3.607458847904648,-2.67487901449204,1,-0.654636123024,86dd3a804d78ca5d203ebf98747e8f16dff9713ba8950097ceb760b161e19907,Domains_Alloy
2399,-3.608109233098196,-2.67487901449204,1,-0.654636123024,86dd3a804d78ca5d203ebf98747e8f16dff9713ba8950097ceb760b161e19907,Domains_Alloy
2400,-3.608759724760452,-2.67487901449204,1,-0.654636123024,86dd3a804d78ca5d203ebf98747e8f16dff9713ba8950097ceb760b161e19907,Domains_Alloy
2401,-3.609410322848078,-2.67487901449204,1,-0.654636123024,86dd3a804d78ca5d203ebf98747e8f16dff9713ba8950097ceb760b161e19907,Domains_Alloy
2402,-3.610061027317767,-2.67487901449204,1,-0.654636123024,86dd3a804d78ca5d203ebf98747e8f16dff9713ba8950097ceb760b161e19907,Domains_Alloy
2403,-3.610711838126248,-2.67487901449204,1,-0.654636123024,86dd3a804d78ca5d203ebf98747e8f16dff9713ba8950097ceb760b161e19907,Domains_Alloy
2404,-3.611362755230286,-2.67487901449204,1,-0.654636123024,86dd3a804d78ca5d203ebf98747e8f16dff9713ba8950097ceb760b161e19907,Domains_Alloy
2405,-3.612013778586677,-2.67487901449204,1,-0.654636123024,86dd3a804d78ca5d203ebf98747e8f16dff9713ba8950097ceb760b161e19907,Domains_Alloy
2406,-3.612664908152255,-2.67487901449204,1,-0.654636123024,86dd3a804d78ca5d203ebf98747e8f16dff9713ba8950097ceb760b161e19907,Domains_Alloy
2407,-3.61331614388389,-2.67487901449204,1,-0.654636123024,86dd3a804d78ca5d203ebf98747e8f16dff9713ba8950097ceb760b161e19907,Domains_Alloy
2408,-3.613967485738481,-2.67487901449204,1,-0.654636123024,86dd3a804d78ca5d203ebf98747e8f16dff9713ba8950097ceb760b161e19907,Domains_Alloy
2409,-3.614618933672965,-2.67487901449204,1,-0.654636123024,86dd3a804d78ca5d203ebf98747e8f16dff9713ba8950097ceb760b161e19907,Domains_Alloy
2410,-3.615270487644314,-2.67487901449204,1,-0.654636123024,86dd3a804d78ca5d203ebf98747e8f16dff9713ba8950097ceb760b161e19907,Domains_Alloy
2411,-3.615922147609533,-2.67487901449204,1,-0.654636123024,86dd3a804d78ca5d203ebf98747e8f16dff9713ba8950097ceb760b161e19907,Domains_Alloy
2412,-3.616573913525662,-2.67487901449204,1,-0.654636123024,86dd3a804d78ca5d203ebf98747e8f16dff9713ba8950097ceb760b161e19907,Domains_Alloy
2413,-3.61722578534978,-2.67487901449204,1,-0.654636123024,86dd3a804d78ca5d203ebf98747e8f16dff9713ba8950097ceb760b161e19907,Domains_Alloy
2414,-3.617877763038993,-2.67487901449204,1,-0.654636123024,86dd3a804d78ca5d203ebf98747e8f16dff9713ba8950097ceb760b161e19907,Domains_Alloy
2415,-3.61852984655044,-2.67487901449204,1,-0.654636123024,86dd3a804d78ca5d203ebf98747e8f16dff9713ba8950097ceb760b161e19907,Domains_Alloy
2416,-3.619182035841308,-2.67487901449204,1,-0.654636123024,86dd3a804d78ca5d203ebf98747e8f16dff9713ba8950097ceb760b161e19907,Domains_Alloy
2417,-3.619834330868799,-2.67487901449204,1,-0.654636123024,86dd3a804d78ca5d203ebf98747e8f16dff9713ba8950097ceb760b161e19907,Domains_Alloy
2418,-3.620486731590167,-2.67487901449204,1,-0.654636123024,86dd3a804d78ca5d203ebf98747e8f16dff9713ba8950097ceb760b161e19907,Domains_Alloy
2419,-3.621139237962686,-2.67487901449204,1,-0.654636123024,86dd3a804d78ca5d203ebf98747e8f16dff9713ba8950097ceb760b161e19907,Domains_Alloy
2420,-3.621791849943675,-2.67487901449204,1,-0.654636123024,86dd3a804d78ca5d203ebf98747e8f16dff9713ba8950097ceb760b161e19907,Domains_Alloy
2421,-3.622444567490479,-2.67487901449204,1,-0.654636123024,86dd3a804d78ca5d203ebf98747e8f16dff9713ba8950097ceb760b161e19907,Domains_Alloy
2422,-3.623097390560485,-2.67487901449204,1,-0.654636123024,86dd3a804d78ca5d203ebf98747e8f16dff9713ba8950097ceb760b161e19907,Domains_Alloy
2423,-3.623750319111103,-2.67487901449204,1,-0.654636123024,86dd3a804d78ca5d203ebf98747e8f16dff9713ba8950097ceb760b161e19907,Domains_Alloy
2424,-3.624403353099787,-2.67487901449204,1,-0.654636123024,86dd3a804d78ca5d203ebf98747e8f16dff9713ba8950097ceb760b161e19907,Domains_Alloy
2425,-3.625056492484023,-2.67487901449204,1,-0.654636123024,86dd3a804d78ca5d203ebf98747e8f16dff9713ba8950097ceb760b161e19907,Domains_Alloy
2426,-3.625709737221326,-2.67487901449204,1,-0.654636123024,86dd3a804d78ca5d203ebf98747e8f16dff9713ba8950097ceb760b161e19907,Domains_Alloy
2427,-3.626363087269249,-2.67487901449204,1,-0.654636123024,86dd3a804d78ca5d203ebf98747e8f16dff9713ba8950097ceb760b161e19907,Domains_Alloy
2428,-3.62701654258538,-2.67487901449204,1,-0.654636123024,86dd3a804d78ca5d203ebf98747e8f16dff9713ba8950097ceb760b161e19907,Domains_Alloy
2429,-3.627670103127336,-2.67487901449204,1,-0.654636123024,86dd3a804d78ca5d203ebf98747e8f16dff9713ba8950097ceb760b161e19907,Domains_Alloy
2430,-3.628323768852769,-2.67487901449204,1,-0.654636123024,86dd3a804d78ca5d203ebf98747e8f16dff9713ba8950097ceb760b161e19907,Domains_Alloy
2431,-3.62897753971937,-2.67487901449204,1,-0.654636123024,86dd3a804d78ca5d203ebf98747e8f16dff9713ba8950097ceb760b161e19907,Domains_Alloy
2432,-3.629631415684857,-2.67487901449204,1,-0.654636123024,86dd3a804d78ca5d203ebf98747e8f16dff9713ba8950097ceb760b161e19907,Domains_Alloy
2433,-3.630285396706985,-2.67487901449204,1,-0.654636123024,86dd3a804d78ca5d203ebf98747e8f16dff9713ba8950097ceb760b161e19907,Domains_Alloy
2434,-3.630939482743541,-2.67487901449204,1,-0.654636123024,86dd3a804d78ca5d203ebf98747e8f16dff9713ba8950097ceb760b161e19907,Domains_Alloy
2435,-3.631593673752347,-2.67487901449204,1,-0.654636123024,86dd3a804d78ca5d203ebf98747e8f16dff9713ba8950097ceb760b161e19907,Domains_Alloy
2436,-3.632247969691258,-2.67487901449204,1,-0.654636123024,86dd3a804d78ca5d203ebf98747e8f16dff9713ba8950097ceb760b161e19907,Domains_Alloy
2437,-3.632902370518161,-2.67487901449204,1,-0.654636123024,86dd3a804d78ca5d203ebf98747e8f16dff9713ba8950097ceb760b161e19907,Domains_Alloy
2438,-3.633556876190979,-2.67487901449204,1,-0.654636123024,86dd3a804d78ca5d203ebf98747e8f16dff9713ba8950097ceb760b161e19907,Domains_Alloy
2439,-3.634211486667667,-2.67487901449204,1,-0.654636123024,86dd3a804d78ca5d203ebf98747e8f16dff9713ba8950097ceb760b161e19907,Domains_Alloy
2440,-3.634866201906211,-2.67487901449204,1,-0.654636123024,86dd3a804d78ca5d203ebf98747e8f16dff9713ba8950097ceb760b161e19907,Domains_Alloy
2441,-3.635521021864634,-2.67487901449204,1,-0.654636123024,86dd3a804d78ca5d203ebf98747e8f16dff9713ba8950097ceb760b161e19907,Domains_Alloy
2442,-3.636175946500992,-2.67487901449204,1,-0.654636123024,86dd3a804d78ca5d203ebf98747e8f16dff9713ba8950097ceb760b161e19907,Domains_Alloy
2443,-3.636830975773372,-2.67487901449204,1,-0.654636123024,86dd3a804d78ca5d203ebf98747e8f16dff9713ba8950097ceb760b161e19907,Domains_Alloy
2444,-3.637486109639894,-2.67487901449204,1,-0.654636123024,86dd3a804d78ca5d203ebf98747e8f16dff9713ba8950097ceb760b161e19907,Domains_Alloy
2445,-3.638141348058715,-2.67487901449204,1,-0.654636123024,86dd3a804d78ca5d203ebf98747e8f16dff9713ba8950097ceb760b161e19907,Domains_Alloy
2446,-3.63879669098802,-2.67487901449204,1,-0.654636123024,86dd3a804d78ca5d203ebf98747e8f16dff9713ba8950097ceb760b161e19907,Domains_Alloy
2447,-3.639452138386029,-2.67487901449204,1,-0.654636123024,86dd3a804d78ca5d203ebf98747e8f16dff9713ba8950097ceb760b161e19907,Domains_Alloy
2448,-3.640107690210999,-2.67487901449204,1,-0.654636123024,86dd3a804d78ca5d203ebf98747e8f16dff9713ba8950097ceb760b161e19907,Domains_Alloy
2449,-3.640763346421212,-2.67487901449204,1,-0.654636123024,86dd3a804d78ca5d203ebf98747e8f16dff9713ba8950097ceb760b161e19907,Domains_Alloy
2450,-3.641419106974992,-2.67487901449204,1,-0.654636123024,86dd3a804d78ca5d203ebf98747e8f16dff9713ba8950097ceb760b161e19907,Domains_Alloy
2451,-3.642074971830687,-2.67487901449204,1,-0.654636123024,86dd3a804d78ca5d203ebf98747e8f16dff9713ba8950097ceb760b161e19907,Domains_Alloy
2452,-3.642730940946685,-2.67487901449204,1,-0.654636123024,86dd3a804d78ca5d203ebf98747e8f16dff9713ba8950097ceb760b161e19907,Domains_Alloy
2453,-3.643387014281402,-2.67487901449204,1,-0.654636123024,86dd3a804d78ca5d203ebf98747e8f16dff9713ba8950097ceb760b161e19907,Domains_Alloy
2454,-3.644043191793291,-2.67487901449204,1,-0.654636123024,86dd3a804d78ca5d203ebf98747e8f16dff9713ba8950097ceb760b161e19907,Domains_Alloy
2455,-3.644699473440832,-2.67487901449204,1,-0.654636123024,86dd3a804d78ca5d203ebf98747e8f16dff9713ba8950097ceb760b161e19907,Domains_Alloy
2456,-3.645355859182543,-2.67487901449204,1,-0.654636123024,86dd3a804d78ca5d203ebf98747e8f16dff9713ba8950097ceb760b161e19907,Domains_Alloy
2457,-3.646012348976973,-2.67487901449204,1,-0.654636123024,86dd3a804d78ca5d203ebf98747e8f16dff9713ba8950097ceb760b161e19907,Domains_Alloy
2458,-3.646668942782705,-2.67487901449204,1,-0.654636123024,86dd3a804d78ca5d203ebf98747e8f16dff9713ba8950097ceb760b161e19907,Domains_Alloy
2459,-3.647325640558351,-2.67487901449204,1,-0.654636123024,86dd3a804d78ca5d203ebf98747e8f16dff9713ba8950097ceb760b161e19907,Domains_Alloy
2460,-3.647982442262558,-2.67487901449204,1,-0.654636123024,86dd3a804d78ca5d203ebf98747e8f16dff9713ba8950097ceb760b161e19907,Domains_Alloy
2461,-3.648639347854005,-2.67487901449204,1,-0.654636123024,86dd3a804d78ca5d203ebf98747e8f16dff9713ba8950097ceb760b161e19907,Domains_Alloy
2462,-3.649296357291401,-2.67487901449204,1,-0.654636123024,86dd3a804d78ca5d203ebf98747e8f16dff9713ba8950097ceb760b161e19907,Domains_Alloy
2463,-3.649953470533497,-2.67487901449204,1,-0.654636123024,86dd3a804d78ca5d203ebf98747e8f16dff9713ba8950097ceb760b161e19907,Domains_Alloy
2464,-3.650610687539062,-2.67487901449204,1,-0.654636123024,86dd3a804d78ca5d203ebf98747e8f16dff9713ba8950097ceb760b161e19907,Domains_Alloy
2465,-3.651268008266911,-2.67487901449204,1,-0.654636123024,86dd3a804d78ca5d203ebf98747e8f16dff9713ba8950097ceb760b161e19907,Domains_Alloy
2466,-3.651925432675879,-2.67487901449204,1,-0.654636123024,86dd3a804d78ca5d203ebf98747e8f16dff9713ba8950097ceb760b161e19907,Domains_Alloy
2467,-3.652582960724843,-2.67487901449204,1,-0.654636123024,86dd3a804d78ca5d203ebf98747e8f16dff9713ba8950097ceb760b161e19907,Domains_Alloy
2468,-3.653240592372708,-2.67487901449204,1,-0.654636123024,86dd3a804d78ca5d203ebf98747e8f16dff9713ba8950097ceb760b161e19907,Domains_Alloy
2469,-3.653898327578411,-2.67487901449204,1,-0.654636123024,86dd3a804d78ca5d203ebf98747e8f16dff9713ba8950097ceb760b161e19907,Domains_Alloy
2470,-3.654556166300926,-2.67487901449204,1,-0.654636123024,86dd3a804d78ca5d203ebf98747e8f16dff9713ba8950097ceb760b161e19907,Domains_Alloy
2471,-3.655214108499248,-2.67487901449204,1,-0.654636123024,86dd3a804d78ca5d203ebf98747e8f16dff9713ba8950097ceb760b161e19907,Domains_Alloy
2472,-3.655872154132418,-2.67487901449204,1,-0.654636123024,86dd3a804d78ca5d203ebf98747e8f16dff9713ba8950097ceb760b161e19907,Domains_Alloy
2473,-3.656530303159498,-2.67487901449204,1,-0.654636123024,86dd3a804d78ca5d203ebf98747e8f16dff9713ba8950097ceb760b161e19907,Domains_Alloy
2474,-3.657188555539589,-2.67487901449204,1,-0.654636123024,86dd3a804d78ca5d203ebf98747e8f16dff9713ba8950097ceb760b161e19907,Domains_Alloy
2475,-3.657846911231821,-2.67487901449204,1,-0.654636123024,86dd3a804d78ca5d203ebf98747e8f16dff9713ba8950097ceb760b161e19907,Domains_Alloy
2476,-3.658505370195353,-2.67487901449204,1,-0.654636123024,86dd3a804d78ca5d203ebf98747e8f16dff9713ba8950097ceb760b161e19907,Domains_Alloy
2477,-3.659163932389383,-2.67487901449204,1,-0.654636123024,86dd3a804d78ca5d203ebf98747e8f16dff9713ba8950097ceb760b161e19907,Domains_Alloy
2478,-3.659822597773136,-2.67487901449204,1,-0.654636123024,86dd3a804d78ca5d203ebf98747e8f16dff9713ba8950097ceb760b161e19907,Domains_Alloy
2479,-3.660481366305869,-2.67487901449204,1,-0.654636123024,86dd3a804d78ca5d203ebf98747e8f16dff9713ba8950097ceb760b161e19907,Domains_Alloy
2480,-3.661140237946872,-2.67487901449204,1,-0.654636123024,86dd3a804d78ca5d203ebf98747e8f16dff9713ba8950097ceb760b161e19907,Domains_Alloy
2481,-3.661799212655469,-2.67487901449204,1,-0.654636123024,86dd3a804d78ca5d203ebf98747e8f16dff9713ba8950097ceb760b161e19907,Domains_Alloy
2482,-3.662458290391009,-2.67487901449204,1,-0.654636123024,86dd3a804d78ca5d203ebf98747e8f16dff9713ba8950097ceb760b161e19907,Domains_Alloy
2483,-3.663117471112881,-2.67487901449204,1,-0.654636123024,86dd3a804d78ca5d203ebf98747e8f16dff9713ba8950097ceb760b161e19907,Domains_Alloy
2484,-3.663776754780497,-2.67487901449204,1,-0.654636123024,86dd3a804d78ca5d203ebf98747e8f16dff9713ba8950097ceb760b161e19907,Domains_Alloy
2485,-3.664436141353307,-2.67487901449204,1,-0.654636123024,86dd3a804d78ca5d203ebf98747e8f16dff9713ba8950097ceb760b161e19907,Domains_Alloy
2486,-3.665095630790796,-2.67487901449204,1,-0.654636123024,86dd3a804d78ca5d203ebf98747e8f16dff9713ba8950097ceb760b161e19907,Domains_Alloy
2487,-3.665755223052466,-2.67487901449204,1,-0.654636123024,86dd3a804d78ca5d203ebf98747e8f16dff9713ba8950097ceb760b161e19907,Domains_Alloy
2488,-3.666414918097866,-2.67487901449204,1,-0.654636123024,86dd3a804d78ca5d203ebf98747e8f16dff9713ba8950097ceb760b161e19907,Domains_Alloy
2489,-3.66707471588657,-2.67487901449204,1,-0.654636123024,86dd3a804d78ca5d203ebf98747e8f16dff9713ba8950097ceb760b161e19907,Domains_Alloy
2490,-3.667734616378182,-2.67487901449204,1,-0.654636123024,86dd3a804d78ca5d203ebf98747e8f16dff9713ba8950097ceb760b161e19907,Domains_Alloy
2491,-3.668394619532341,-2.67487901449204,1,-0.654636123024,86dd3a804d78ca5d203ebf98747e8f16dff9713ba8950097ceb760b161e19907,Domains_Alloy
2492,-3.669054725308714,-2.67487901449204,1,-0.654636123024,86dd3a804d78ca5d203ebf98747e8f16dff9713ba8950097ceb760b161e19907,Domains_Alloy
2493,-3.669714933666997,-2.67487901449204,1,-0.654636123024,86dd3a804d78ca5d203ebf98747e8f16dff9713ba8950097ceb760b161e19907,Domains_Alloy
2494,-3.67037524456693,-2.67487901449204,1,-0.654636123024,86dd3a804d78ca5d203ebf98747e8f16dff9713ba8950097ceb760b161e19907,Domains_Alloy
2495,-3.671035657968267,-2.67487901449204,1,-0.654636123024,86dd3a804d78ca5d203ebf98747e8f16dff9713ba8950097ceb760b161e19907,Domains_Alloy
2496,-3.671696173830806,-2.67487901449204,1,-0.654636123024,86dd3a804d78ca5d203ebf98747e8f16dff9713ba8950097ceb760b161e19907,Domains_Alloy
2497,-3.672356792114373,-2.67487901449204,1,-0.654636123024,86dd3a804d78ca5d203ebf98747e8f16dff9713ba8950097ceb760b161e19907,Domains_Alloy
2498,-3.67301751277882,-2.67487901449204,1,-0.654636123024,86dd3a804d78ca5d203ebf98747e8f16dff9713ba8950097ceb760b161e19907,Domains_Alloy
2499,-3.673678335784036,-2.67487901449204,1,-0.654636123024,86dd3a804d78ca5d203ebf98747e8f16dff9713ba8950097ceb760b161e19907,Domains_Alloy
