T_K,F_QH_eV_per_atom,E_static_eV_per_atom,volume_scale,min_frequency_THz,checkpoint_sha256,head
851,-2.764928570765263,-2.656177279849852,1.02,0.0723304633518,86dd3a804d78ca5d203ebf98747e8f16dff9713ba8950097ceb760b161e19907,Domains_Alloy
852,-2.765336911798812,-2.656177279849852,1.02,0.0723304633518,86dd3a804d78ca5d203ebf98747e8f16dff9713ba8950097ceb760b161e19907,Domains_Alloy
853,-2.765745532623398,-2.656177279849852,1.02,0.0723304633518,86dd3a804d78ca5d203ebf98747e8f16dff9713ba8950097ceb760b161e19907,Domains_Alloy
854,-2.766154432959969,-2.656177279849852,1.02,0.0723304633518,86dd3a804d78ca5d203ebf98747e8f16dff9713ba8950097ceb760b161e19907,Domains_Alloy
855,-2.766563612529982,-2.656177279849852,1.02,0.0723304633518,86dd3a804d78ca5d203ebf98747e8f16dff9713ba8950097ceb760b161e19907,Domains_Alloy
856,-2.766973071055402,-2.656177279849852,1.02,0.0723304633518,86dd3a804d78ca5d203ebf98747e8f16dff9713ba8950097ceb760b161e19907,Domains_Alloy
857,-2.767382808258698,-2.656177279849852,1.02,0.0723304633518,86dd3a804d78ca5d203ebf98747e8f16dff9713ba8950097ceb760b161e19907,Domains_Alloy
858,-2.767792823862844,-2.656177279849852,1.02,0.0723304633518,86dd3a804d78ca5d203ebf98747e8f16dff9713ba8950097ceb760b161e19907,Domains_Alloy
859,-2.768203117591317,-2.656177279849852,1.02,0.0723304633518,86dd3a804d78ca5d203ebf98747e8f16dff9713ba8950097ceb760b161e19907,Domains_Alloy
860,-2.768613689168097,-2.656177279849852,1.02,0.0723304633518,86dd3a804d78ca5d203ebf98747e8f16dff9713ba8950097ceb760b161e19907,Domains_Alloy
861,-2.769024538317665,-2.656177279849852,1.02,0.0723304633518,86dd3a804d78ca5d203ebf98747e8f16dff9713ba8950097ceb760b161e19907,Domains_Alloy
862,-2.769435664765,-2.656177279849852,1.02,0.0723304633518,86dd3a804d78ca5d203ebf98747e8f16dff9713ba8950097ceb760b161e19907,Domains_Alloy
863,-2.76984706823558,-2.656177279849852,1.02,0.0723304633518,86dd3a804d78ca5d203ebf98747e8f16dff9713ba8950097ceb760b161e19907,Domains_Alloy
864,-2.770258748455382,-2.656177279849852,1.02,0.0723304633518,86dd3a804d78ca5d203ebf98747e8f16dff9713ba8950097ceb760b161e19907,Domains_Alloy
865,-2.770670705150877,-2.656177279849852,1.02,0.0723304633518,86dd3a804d78ca5d203ebf98747e8f16dff9713ba8950097ceb760b161e19907,Domains_Alloy
866,-2.771082938049032,-2.656177279849852,1.02,0.0723304633518,86dd3a804d78ca5d203ebf98747e8f16dff9713ba8950097ceb760b161e19907,Domains_Alloy
867,-2.771495446877306,-2.656177279849852,1.02,0.0723304633518,86dd3a804d78ca5d203ebf98747e8f16dff9713ba8950097ceb760b161e19907,Domains_Alloy
868,-2.771908231363652,-2.656177279849852,1.02,0.0723304633518,86dd3a804d78ca5d203ebf98747e8f16dff9713ba8950097ceb760b161e19907,Domains_Alloy
869,-2.772321291236513,-2.656177279849852,1.02,0.0723304633518,86dd3a804d78ca5d203ebf98747e8f16dff9713ba8950097ceb760b161e19907,Domains_Alloy
870,-2.772734626224824,-2.656177279849852,1.02,0.0723304633518,86dd3a804d78ca5d203ebf98747e8f16dff9713ba8950097ceb760b161e19907,Domains_Alloy
871,-2.773148236058007,-2.656177279849852,1.02,0.0723304633518,86dd3a804d78ca5d203ebf98747e8f16dff9713ba8950097ceb760b161e19907,Domains_Alloy
872,-2.773562120465972,-2.656177279849852,1.02,0.0723304633518,86dd3a804d78ca5d203ebf98747e8f16dff9713ba8950097ceb760b161e19907,Domains_Alloy
873,-2.773976279179114,-2.656177279849852,1.02,0.0723304633518,86dd3a804d78ca5d203ebf98747e8f16dff9713ba8950097ceb760b161e19907,Domains_Alloy
874,-2.774390711928318,-2.656177279849852,1.02,0.0723304633518,86dd3a804d78ca5d203ebf98747e8f16dff9713ba8950097ceb760b161e19907,Domains_Alloy
875,-2.774805418444947,-2.656177279849852,1.02,0.0723304633518,86dd3a804d78ca5d203ebf98747e8f16dff9713ba8950097ceb760b161e19907,Domains_Alloy
876,-2.775220398460852,-2.656177279849852,1.02,0.0723304633518,86dd3a804d78ca5d203ebf98747e8f16dff9713ba8950097ceb760b161e19907,Domains_Alloy
877,-2.775635651708363,-2.656177279849852,1.02,0.0723304633518,86dd3a804d78ca5d203ebf98747e8f16dff9713ba8950097ceb760b161e19907,Domains_Alloy
878,-2.776051177920291,-2.656177279849852,1.02,0.0723304633518,86dd3a804d78ca5d203ebf98747e8f16dff9713ba8950097ceb760b161e19907,Domains_Alloy
879,-2.776466976829927,-2.656177279849852,1.02,0.0723304633518,86dd3a804d78ca5d203ebf98747e8f16dff9713ba8950097ceb760b161e19907,Domains_Alloy
880,-2.77688304817104,-2.656177279849852,1.02,0.0723304633518,86dd3a804d78ca5d203ebf98747e8f16dff9713ba8950097ceb760b161e19907,Domains_Alloy
881,-2.777299391677876,-2.656177279849852,1.02,0.0723304633518,86dd3a804d78ca5d203ebf98747e8f16dff9713ba8950097ceb760b161e19907,Domains_Alloy
882,-2.777716007085158,-2.656177279849852,1.02,0.0723304633518,86dd3a804d78ca5d203ebf98747e8f16dff9713ba8950097ceb760b161e19907,Domains_Alloy
883,-2.778132894128081,-2.656177279849852,1.02,0.0723304633518,86dd3a804d78ca5d203ebf98747e8f16dff9713ba8950097ceb760b161e19907,Domains_Alloy
884,-2.778550052542317,-2.656177279849852,1.02,0.0723304633518,86dd3a804d78ca5d203ebf98747e8f16dff9713ba8950097ceb760b161e19907,Domains_Alloy
885,-2.77896748206401,-2.656177279849852,1.02,0.0723304633518,86dd3a804d78ca5d203ebf98747e8f16dff9713ba8950097ceb760b161e19907,Domains_Alloy
886,-2.779385182429772,-2.656177279849852,1.02,0.0723304633518,86dd3a804d78ca5d203ebf98747e8f16dff9713ba8950097ceb760b161e19907,Domains_Alloy
887,-2.77980315337669,-2.656177279849852,1.02,0.0723304633518,86dd3a804d78ca5d203ebf98747e8f16dff9713ba8950097ceb760b161e19907,Domains_Alloy
888,-2.780221394642317,-2.656177279849852,1.02,0.0723304633518,86dd3a804d78ca5d203ebf98747e8f16dff9713ba8950097ceb760b161e19907,Domains_Alloy
889,-2.780639905964675,-2.656177279849852,1.02,0.0723304633518,86dd3a804d78ca5d203ebf98747e8f16dff9713ba8950097ceb760b161e19907,Domains_Alloy
890,-2.781058687082254,-2.656177279849852,1.02,0.0723304633518,86dd3a804d78ca5d203ebf98747e8f16dff9713ba8950097ceb760b161e19907,Domains_Alloy
891,-2.781477737734006,-2.656177279849852,1.02,0.0723304633518,86dd3a804d78ca5d203ebf98747e8f16dff9713ba8950097ceb760b161e19907,Domains_Alloy
892,-2.781897057659353,-2.656177279849852,1.02,0.0723304633518,86dd3a804d78ca5d203ebf98747e8f16dff9713ba8950097ceb760b161e19907,Domains_Alloy
893,-2.782316646598175,-2.656177279849852,1.02,0.0723304633518,86dd3a804d78ca5d203ebf98747e8f16dff9713ba8950097ceb760b161e19907,Domains_Alloy
894,-2.78273650429082,-2.656177279849852,1.02,0.0723304633518,86dd3a804d78ca5d203ebf98747e8f16dff9713ba8950097ceb760b161e19907,Domains_Alloy
895,-2.783156630478091,-2.656177279849852,1.02,0.0723304633518,86dd3a804d78ca5d203ebf98747e8f16dff9713ba8950097ceb760b161e19907,Domains_Alloy
896,-2.783577024901257,-2.656177279849852,1.02,0.0723304633518,86dd3a804d78ca5d203ebf98747e8f16dff9713ba8950097ceb760b161e19907,Domains_Alloy
897,-2.783997687302042,-2.656177279849852,1.02,0.0723304633518,86dd3a804d78ca5d203ebf98747e8f16dff9713ba8950097ceb760b161e19907,Domains_Alloy
898,-2.784418617422632,-2.656177279849852,1.02,0.0723304633518,86dd3a804d78ca5d203ebf98747e8f16dff9713ba8950097ceb760b161e19907,Domains_Alloy
899,-2.784839815005664,-2.656177279849852,1.02,0.0723304633518,86dd3a804d78ca5d203ebf98747e8f16dff9713ba8950097ceb760b161e19907,Domains_Alloy
900,-2.785261279794236,-2.656177279849852,1.02,0.0723304633518,86dd3a804d78ca5d203ebf98747e8f16dff9713ba8950097ceb760b161e19907,Domains_Alloy
901,-2.7856830115319,-2.656177279849852,1.02,0.0723304633518,86dd3a804d78ca5d203ebf98747e8f16dff9713ba8950097ceb760b161e19907,Domains_Alloy
902,-2.786105009962658,-2.656177279849852,1.02,0.0723304633518,86dd3a804d78ca5d203ebf98747e8f16dff9713ba8950097ceb760b161e19907,Domains_Alloy
903,-2.786527274830968,-2.656177279849852,1.02,0.0723304633518,86dd3a804d78ca5d203ebf98747e8f16dff9713ba8950097ceb760b161e19907,Domains_Alloy
904,-2.786949805881738,-2.656177279849852,1.02,0.0723304633518,86dd3a804d78ca5d203ebf98747e8f16dff9713ba8950097ceb760b161e19907,Domains_Alloy
905,-2.787372602860327,-2.656177279849852,1.02,0.0723304633518,86dd3a804d78ca5d203ebf98747e8f16dff9713ba8950097ceb760b161e19907,Domains_Alloy
906,-2.787795665512543,-2.656177279849852,1.02,0.0723304633518,86dd3a804d78ca5d203ebf98747e8f16dff9713ba8950097ceb760b161e19907,Domains_Alloy
907,-2.788218993584642,-2.656177279849852,1.02,0.0723304633518,86dd3a804d78ca5d203ebf98747e8f16dff9713ba8950097ceb760b161e19907,Domains_Alloy
908,-2.788642586823326,-2.656177279849852,1.02,0.0723304633518,86dd3a804d78ca5d203ebf98747e8f16dff9713ba8950097ceb760b161e19907,Domains_Alloy
909,-2.789066444975746,-2.656177279849852,1.02,0.0723304633518,86dd3a804d78ca5d203ebf98747e8f16dff9713ba8950097ceb760b161e19907,Domains_Alloy
910,-2.789490567789495,-2.656177279849852,1.02,0.0723304633518,86dd3a804d78ca5d203ebf98747e8f16dff9713ba8950097ceb760b161e19907,Domains_Alloy
911,-2.789914955012612,-2.656177279849852,1.02,0.0723304633518,86dd3a804d78ca5d203ebf98747e8f16dff9713ba8950097ceb760b161e19907,Domains_Alloy
912,-2.790339606393576,-2.656177279849852,1.02,0.0723304633518,86dd3a804d78ca5d203ebf98747e8f16dff9713ba8950097ceb760b161e19907,Domains_Alloy
913,-2.790764521681311,-2.656177279849852,1.02,0.0723304633518,86dd3a804d78ca5d203ebf98747e8f16dff9713ba8950097ceb760b161e19907,Domains_Alloy
914,-2.791189700625182,-2.656177279849852,1.02,0.0723304633518,86dd3a804d78ca5d203ebf98747e8f16dff9713ba8950097ceb760b161e19907,Domains_Alloy
915,-2.791615142974989,-2.656177279849852,1.02,0.0723304633518,86dd3a804d78ca5d203ebf98747e8f16dff9713ba8950097ceb760b161e19907,Domains_Alloy
916,-2.792040848480975,-2.656177279849852,1.02,0.0723304633518,86dd3a804d78ca5d203ebf98747e8f16dff9713ba8950097ceb760b161e19907,Domains_Alloy
917,-2.792466816893819,-2.656177279849852,1.02,0.0723304633518,86dd3a804d78ca5d203ebf98747e8f16dff9713ba8950097ceb760b161e19907,Domains_Alloy
918,-2.792893047964638,-2.656177279849852,1.02,0.0723304633518,86dd3a804d78ca5d203ebf98747e8f16dff9713ba8950097ceb760b161e19907,Domains_Alloy
919,-2.793319541444982,-2.656177279849852,1.02,0.0723304633518,86dd3a804d78ca5d203ebf98747e8f16dff9713ba8950097ceb760b161e19907,Domains_Alloy
920,-2.793746297086837,-2.656177279849852,1.02,0.0723304633518,86dd3a804d78ca5d203ebf98747e8f16dff9713ba8950097ceb760b161e19907,Domains_Alloy
921,-2.794173314642623,-2.656177279849852,1.02,0.0723304633518,86dd3a804d78ca5d203ebf98747e8f16dff9713ba8950097ceb760b161e19907,Domains_Alloy
922,-2.794600593865191,-2.656177279849852,1.02,0.0723304633518,86dd3a804d78ca5d203ebf98747e8f16dff9713ba8950097ceb760b161e19907,Domains_Alloy
923,-2.795028134507823,-2.656177279849852,1.02,0.0723304633518,86dd3a804d78ca5d203ebf98747e8f16dff9713ba8950097ceb760b161e19907,Domains_Alloy
924,-2.795455936324234,-2.656177279849852,1.02,0.0723304633518,86dd3a804d78ca5d203ebf98747e8f16dff9713ba8950097ceb760b161e19907,Domains_Alloy
925,-2.795883999068566,-2.656177279849852,1.02,0.0723304633518,86dd3a804d78ca5d203ebf98747e8f16dff9713ba8950097ceb760b161e19907,Domains_Alloy
926,-2.796312322495389,-2.656177279849852,1.02,0.0723304633518,86dd3a804d78ca5d203ebf98747e8f16dff9713ba8950097ceb760b161e19907,Domains_Alloy
927,-2.796740906359702,-2.656177279849852,1.02,0.0723304633518,86dd3a804d78ca5d203ebf98747e8f16dff9713ba8950097ceb760b161e19907,Domains_Alloy
928,-2.797169750416929,-2.656177279849852,1.02,0.0723304633518,86dd3a804d78ca5d203ebf98747e8f16dff9713ba8950097ceb760b161e19907,Domains_Alloy
929,-2.797598854422921,-2.656177279849852,1.02,0.0723304633518,86dd3a804d78ca5d203ebf98747e8f16dff9713ba8950097ceb760b161e19907,Domains_Alloy
930,-2.79802821813395,-2.656177279849852,1.02,0.0723304633518,86dd3a804d78ca5d203ebf98747e8f16dff9713ba8950097ceb760b161e19907,Domains_Alloy
931,-2.798457841306715,-2.656177279849852,1.02,0.0723304633518,86dd3a804d78ca5d203ebf98747e8f16dff9713ba8950097ceb760b161e19907,Domains_Alloy
932,-2.798887723698333,-2.656177279849852,1.02,0.0723304633518,86dd3a804d78ca5d203ebf98747e8f16dff9713ba8950097ceb760b161e19907,Domains_Alloy
933,-2.799317865066347,-2.656177279849852,1.02,0.0723304633518,86dd3a804d78ca5d203ebf98747e8f16dff9713ba8950097ceb760b161e19907,Domains_Alloy
934,-2.799748265168717,-2.656177279849852,1.02,0.0723304633518,86dd3a804d78ca5d203ebf98747e8f16dff9713ba8950097ceb760b161e19907,Domains_Alloy
935,-2.800178923763823,-2.656177279849852,1.02,0.0723304633518,86dd3a804d78ca5d203ebf98747e8f16dff9713ba8950097ceb760b161e19907,Domains_Alloy
936,-2.800609840610463,-2.656177279849852,1.02,0.0723304633518,86dd3a804d78ca5d203ebf98747e8f16dff9713ba8950097ceb760b161e19907,Domains_Alloy
937,-2.801041015467853,-2.656177279849852,1.02,0.0723304633518,86dd3a804d78ca5d203ebf98747e8f16dff9713ba8950097ceb760b161e19907,Domains_Alloy
938,-2.801472448095624,-2.656177279849852,1.02,0.0723304633518,86dd3a804d78ca5d203ebf98747e8f16dff9713ba8950097ceb760b161e19907,Domains_Alloy
939,-2.801904138253825,-2.656177279849852,1.02,0.0723304633518,86dd3a804d78ca5d203ebf98747e8f16dff9713ba8950097ceb760b161e19907,Domains_Alloy
940,-2.802336085702916,-2.656177279849852,1.02,0.0723304633518,86dd3a804d78ca5d203ebf98747e8f16dff9713ba8950097ceb760b161e19907,Domains_Alloy
941,-2.802768290203772,-2.656177279849852,1.02,0.0723304633518,86dd3a804d78ca5d203ebf98747e8f16dff9713ba8950097ceb760b161e19907,Domains_Alloy
942,-2.803200751517679,-2.656177279849852,1.02,0.0723304633518,86dd3a804d78ca5d203ebf98747e8f16dff9713ba8950097ceb760b161e19907,Domains_Alloy
943,-2.803633469406338,-2.656177279849852,1.02,0.0723304633518,86dd3a804d78ca5d203ebf98747e8f16dff9713ba8950097ceb760b161e19907,Domains_Alloy
944,-2.804066443631857,-2.656177279849852,1.02,0.0723304633518,86dd3a804d78ca5d203ebf98747e8f16dff9713ba8950097ceb760b161e19907,Domains_Alloy
945,-2.804499673956753,-2.656177279849852,1.02,0.0723304633518,86dd3a804d78ca5d203ebf98747e8f16dff9713ba8950097ceb760b161e19907,Domains_Alloy
946,-2.804933160143953,-2.656177279849852,1.02,0.0723304633518,86dd3a804d78ca5d203ebf98747e8f16dff9713ba8950097ceb760b161e19907,Domains_Alloy
947,-2.805366901956794,-2.656177279849852,1.02,0.0723304633518,86dd3a804d78ca5d203ebf98747e8f16dff9713ba8950097ceb760b161e19907,Domains_Alloy
948,-2.805800899159013,-2.656177279849852,1.02,0.0723304633518,86dd3a804d78ca5d203ebf98747e8f16dff9713ba8950097ceb760b161e19907,Domains_Alloy
949,-2.806235151514758,-2.656177279849852,1.02,0.0723304633518,86dd3a804d78ca5d203ebf98747e8f16dff9713ba8950097ceb760b161e19907,Domains_Alloy
950,-2.806669658788581,-2.656177279849852,1.02,0.0723304633518,86dd3a804d78ca5d203ebf98747e8f16dff9713ba8950097ceb760b161e19907,Domains_Alloy
951,-2.807104420745436,-2.656177279849852,1.02,0.0723304633518,86dd3a804d78ca5d203ebf98747e8f16dff9713ba8950097ceb760b161e19907,Domains_Alloy
952,-2.80753943715068,-2.656177279849852,1.02,0.0723304633518,86dd3a804d78ca5d203ebf98747e8f16dff9713ba8950097ceb760b161e19907,Domains_Alloy
953,-2.807974707770074,-2.656177279849852,1.02,0.0723304633518,86dd3a804d78ca5d203ebf98747e8f16dff9713ba8950097ceb760b161e19907,Domains_Alloy
954,-2.808410232369775,-2.656177279849852,1.02,0.0723304633518,86dd3a804d78ca5d203ebf98747e8f16dff9713ba8950097ceb760b161e19907,Domains_Alloy
955,-2.808846010716346,-2.656177279849852,1.02,0.0723304633518,86dd3a804d78ca5d203ebf98747e8f16dff9713ba8950097ceb760b161e19907,Domains_Alloy
956,-2.809282042576745,-2.656177279849852,1.02,0.0723304633518,86dd3a804d78ca5d203ebf98747e8f16dff9713ba8950097ceb760b161e19907,Domains_Alloy
957,-2.809718327718329,-2.656177279849852,1.02,0.0723304633518,86dd3a804d78ca5d203ebf98747e8f16dff9713ba8950097ceb760b161e19907,Domains_Alloy
958,-2.810154865908851,-2.656177279849852,1.02,0.0723304633518,86dd3a804d78ca5d203ebf98747e8f16dff9713ba8950097ceb760b161e19907,Domains_Alloy
959,-2.810591656916463,-2.656177279849852,1.02,0.0723304633518,86dd3a804d78ca5d203ebf98747e8f16dff9713ba8950097ceb760b161e19907,Domains_Alloy
960,-2.811028700509709,-2.656177279849852,1.02,0.0723304633518,86dd3a804d78ca5d203ebf98747e8f16dff9713ba8950097ceb760b161e19907,Domains_Alloy
961,-2.81146599645753,-2.656177279849852,1.02,0.0723304633518,86dd3a804d78ca5d203ebf98747e8f16dff9713ba8950097ceb760b161e19907,Domains_Alloy
962,-2.811903544529259,-2.656177279849852,1.02,0.0723304633518,86dd3a804d78ca5d203ebf98747e8f16dff9713ba8950097ceb760b161e19907,Domains_Alloy
963,-2.812341344494621,-2.656177279849852,1.02,0.0723304633518,86dd3a804d78ca5d203ebf98747e8f16dff9713ba8950097ceb760b161e19907,Domains_Alloy
964,-2.812779396123733,-2.656177279849852,1.02,0.0723304633518,86dd3a804d78ca5d203ebf98747e8f16dff9713ba8950097ceb760b161e19907,Domains_Alloy
965,-2.813217699187104,-2.656177279849852,1.02,0.0723304633518,86dd3a804d78ca5d203ebf98747e8f16dff9713ba8950097ceb760b161e19907,Domains_Alloy
966,-2.81365625345563,-2.656177279849852,1.02,0.0723304633518,86dd3a804d78ca5d203ebf98747e8f16dff9713ba8950097ceb760b161e19907,Domains_Alloy
967,-2.814095058700599,-2.656177279849852,1.02,0.0723304633518,86dd3a804d78ca5d203ebf98747e8f16dff9713ba8950097ceb760b161e19907,Domains_Alloy
968,-2.814534114693684,-2.656177279849852,1.02,0.0723304633518,86dd3a804d78ca5d203ebf98747e8f16dff9713ba8950097ceb760b161e19907,Domains_Alloy
969,-2.814973421206947,-2.656177279849852,1.02,0.0723304633518,86dd3a804d78ca5d203ebf98747e8f16dff9713ba8950097ceb760b161e19907,Domains_Alloy
970,-2.815412978012835,-2.656177279849852,1.02,0.0723304633518,86dd3a804d78ca5d203ebf98747e8f16dff9713ba8950097ceb760b161e19907,Domains_Alloy
971,-2.815852784884179,-2.656177279849852,1.02,0.0723304633518,86dd3a804d78ca5d203ebf98747e8f16dff9713ba8950097ceb760b161e19907,Domains_Alloy
972,-2.816292841594199,-2.656177279849852,1.02,0.0723304633518,86dd3a804d78ca5d203ebf98747e8f16dff9713ba8950097ceb760b161e19907,Domains_Alloy
973,-2.816733147916492,-2.656177279849852,1.02,0.0723304633518,86dd3a804d78ca5d203ebf98747e8f16dff9713ba8950097ceb760b161e19907,Domains_Alloy
974,-2.817173703625043,-2.656177279849852,1.02,0.0723304633518,86dd3a804d78ca5d203ebf98747e8f16dff9713ba8950097ceb760b161e19907,Domains_Alloy
975,-2.817614508494215,-2.656177279849852,1.02,0.0723304633518,86dd3a804d78ca5d203ebf98747e8f16dff9713ba8950097ceb760b161e19907,Domains_Alloy
976,-2.818055562298754,-2.656177279849852,1.02,0.0723304633518,86dd3a804d78ca5d203ebf98747e8f16dff9713ba8950097ceb760b161e19907,Domains_Alloy
977,-2.818496864813783,-2.656177279849852,1.02,0.0723304633518,86dd3a804d78ca5d203ebf98747e8f16dff9713ba8950097ceb760b161e19907,Domains_Alloy
978,-2.818938415814808,-2.656177279849852,1.02,0.0723304633518,86dd3a804d78ca5d203ebf98747e8f16dff9713ba8950097ceb760b161e19907,Domains_Alloy
979,-2.819380215077709,-2.656177279849852,1.02,0.0723304633518,86dd3a804d78ca5d203ebf98747e8f16dff9713ba8950097ceb760b161e19907,Domains_Alloy
980,-2.819822262378746,-2.656177279849852,1.02,0.0723304633518,86dd3a804d78ca5d203ebf98747e8f16dff9713ba8950097ceb760b161e19907,Domains_Alloy
981,-2.820264557494555,-2.656177279849852,1.02,0.0723304633518,86dd3a804d78ca5d203ebf98747e8f16dff9713ba8950097ceb760b161e19907,Domains_Alloy
982,-2.820707100202145,-2.656177279849852,1.02,0.0723304633518,86dd3a804d78ca5d203ebf98747e8f16dff9713ba8950097ceb760b161e19907,Domains_Alloy
983,-2.821149890278904,-2.656177279849852,1.02,0.0723304633518,86dd3a804d78ca5d203ebf98747e8f16dff9713ba8950097ceb760b161e19907,Domains_Alloy
984,-2.821592927502588,-2.656177279849852,1.02,0.0723304633518,86dd3a804d78ca5d203ebf98747e8f16dff9713ba8950097ceb760b161e19907,Domains_Alloy
985,-2.822036211651331,-2.656177279849852,1.02,0.0723304633518,86dd3a804d78ca5d203ebf98747e8f16dff9713ba8950097ceb760b161e19907,Domains_Alloy
986,-2.822479742503637,-2.656177279849852,1.02,0.0723304633518,86dd3a804d78ca5d203ebf98747e8f16dff9713ba8950097ceb760b161e19907,Domains_Alloy
987,-2.82292351983838,-2.656177279849852,1.02,0.0723304633518,86dd3a804d78ca5d203ebf98747e8f16dff9713ba8950097ceb760b161e19907,Domains_Alloy
988,-2.823367543434805,-2.656177279849852,1.02,0.0723304633518,86dd3a804d78ca5d203ebf98747e8f16dff9713ba8950097ceb760b161e19907,Domains_Alloy
989,-2.823811813072528,-2.656177279849852,1.02,0.0723304633518,86dd3a804d78ca5d203ebf98747e8f16dff9713ba8950097ceb760b161e19907,Domains_Alloy
990,-2.824256328531532,-2.656177279849852,1.02,0.0723304633518,86dd3a804d78ca5d203ebf98747e8f16dff9713ba8950097ceb760b161e19907,Domains_Alloy
991,-2.824701089592167,-2.656177279849852,1.02,0.0723304633518,86dd3a804d78ca5d203ebf98747e8f16dff9713ba8950097ceb760b161e19907,Domains_Alloy
992,-2.825146096035151,-2.656177279849852,1.02,0.0723304633518,86dd3a804d78ca5d203ebf98747e8f16dff9713ba8950097ceb760b161e19907,Domains_Alloy
993,-2.825591347641568,-2.656177279849852,1.02,0.0723304633518,86dd3a804d78ca5d203ebf98747e8f16dff9713ba8950097ceb760b161e19907,Domains_Alloy
994,-2.826036844192866,-2.656177279849852,1.02,0.0723304633518,86dd3a804d78ca5d203ebf98747e8f16dff9713ba8950097ceb760b161e19907,Domains_Alloy
995,-2.82648258547086,-2.656177279849852,1.02,0.0723304633518,86dd3a804d78ca5d203ebf98747e8f16dff9713ba8950097ceb760b161e19907,Domains_Alloy
996,-2.826928571257724,-2.656177279849852,1.02,0.0723304633518,86dd3a804d78ca5d203ebf98747e8f16dff9713ba8950097ceb760b161e19907,Domains_Alloy
997,-2.827374801336,-2.656177279849852,1.02,0.0723304633518,86dd3a804d78ca5d203ebf98747e8f16dff9713ba8950097ceb760b161e19907,Domains_Alloy
998,-2.827821275488587,-2.656177279849852,1.02,0.0723304633518,86dd3a804d78ca5d203ebf98747e8f16dff9713ba8950097ceb760b161e19907,Domains_Alloy
999,-2.828267993498748,-2.656177279849852,1.02,0.0723304633518,86dd3a804d78ca5d203ebf98747e8f16dff9713ba8950097ceb760b161e19907,Domains_Alloy
1000,-2.828714955150105,-2.656177279849852,1.02,0.0723304633518,86dd3a804d78ca5d203ebf98747e8f16dff9713ba8950097ceb760b161e19907,Domains_Alloy
1001,-2.829162160226639,-2.656177279849852,1.02,0.0723304633518,86dd3a804d78ca5d203ebf98747e8f16dff9713ba8950097ceb760b161e19907,Domains_Alloy
1002,-2.82960960851269,-2.656177279849852,1.02,0.0723304633518,86dd3a804d78ca5d203ebf98747e8f16dff9713ba8950097ceb760b161e19907,Domains_Alloy
1003,-2.830057299792956,-2.656177279849852,1.02,0.0723304633518,86dd3a804d78ca5d203ebf98747e8f16dff9713ba8950097ceb760b161e19907,Domains_Alloy
1004,-2.830505233852491,-2.656177279849852,1.02,0.0723304633518,86dd3a804d78ca5d203ebf98747e8f16dff9713ba8950097ceb760b161e19907,Domains_Alloy
1005,-2.830953410476705,-2.656177279849852,1.02,0.0723304633518,86dd3a804d78ca5d203ebf98747e8f16dff9713ba8950097ceb760b161e19907,Domains_Alloy
1006,-2.831401829451364,-2.656177279849852,1.02,0.0723304633518,86dd3a804d78ca5d203ebf98747e8f16dff9713ba8950097ceb760b161e19907,Domains_Alloy
1007,-2.831850490562588,-2.656177279849852,1.02,0.0723304633518,86dd3a804d78ca5d203ebf98747e8f16dff9713ba8950097ceb760b161e19907,Domains_Alloy
1008,-2.83229939359685,-2.656177279849852,1.02,0.0723304633518,86dd3a804d78ca5d203ebf98747e8f16dff9713ba8950097ceb760b161e19907,Domains_Alloy
1009,-2.832748538340977,-2.656177279849852,1.02,0.0723304633518,86dd3a804d78ca5d203ebf98747e8f16dff9713ba8950097ceb760b161e19907,Domains_Alloy
1010,-2.833197924582145,-2.656177279849852,1.02,0.0723304633518,86dd3a804d78ca5d203ebf98747e8f16dff9713ba8950097ceb760b161e19907,Domains_Alloy
1011,-2.833647552107886,-2.656177279849852,1.02,0.0723304633518,86dd3a804d78ca5d203ebf98747e8f16dff9713ba8950097ceb760b161e19907,Domains_Alloy
1012,-2.834097420706078,-2.656177279849852,1.02,0.0723304633518,86dd3a804d78ca5d203ebf98747e8f16dff9713ba8950097ceb760b161e19907,Domains_Alloy
1013,-2.834547530164951,-2.656177279849852,1.02,0.0723304633518,86dd3a804d78ca5d203ebf98747e8f16dff9713ba8950097ceb760b161e19907,Domains_Alloy
1014,-2.834997880273082,-2.656177279849852,1.02,0.0723304633518,86dd3a804d78ca5d203ebf98747e8f16dff9713ba8950097ceb760b161e19907,Domains_Alloy
1015,-2.835448470819397,-2.656177279849852,1.02,0.0723304633518,86dd3a804d78ca5d203ebf98747e8f16dff9713ba8950097ceb760b161e19907,Domains_Alloy
1016,-2.835899301593169,-2.656177279849852,1.02,0.0723304633518,86dd3a804d78ca5d203ebf98747e8f16dff9713ba8950097ceb760b161e19907,Domains_Alloy
1017,-2.836350372384017,-2.656177279849852,1.02,0.0723304633518,86dd3a804d78ca5d203ebf98747e8f16dff9713ba8950097ceb760b161e19907,Domains_Alloy
1018,-2.836801682981906,-2.656177279849852,1.02,0.0723304633518,86dd3a804d78ca5d203ebf98747e8f16dff9713ba8950097ceb760b161e19907,Domains_Alloy
1019,-2.837253233177147,-2.656177279849852,1.02,0.0723304633518,86dd3a804d78ca5d203ebf98747e8f16dff9713ba8950097ceb760b161e19907,Domains_Alloy
1020,-2.837705022760391,-2.656177279849852,1.02,0.0723304633518,86dd3a804d78ca5d203ebf98747e8f16dff9713ba8950097ceb760b161e19907,Domains_Alloy
1021,-2.838157051522635,-2.656177279849852,1.02,0.0723304633518,86dd3a804d78ca5d203ebf98747e8f16dff9713ba8950097ceb760b161e19907,Domains_Alloy
1022,-2.83860931925522,-2.656177279849852,1.02,0.0723304633518,86dd3a804d78ca5d203ebf98747e8f16dff9713ba8950097ceb760b161e19907,Domains_Alloy
1023,-2.839061825749825,-2.656177279849852,1.02,0.0723304633518,86dd3a804d78ca5d203ebf98747e8f16dff9713ba8950097ceb760b161e19907,Domains_Alloy
1024,-2.839514570798473,-2.656177279849852,1.02,0.0723304633518,86dd3a804d78ca5d203ebf98747e8f16dff9713ba8950097ceb760b161e19907,Domains_Alloy
1025,-2.839967554193525,-2.656177279849852,1.02,0.0723304633518,86dd3a804d78ca5d203ebf98747e8f16dff9713ba8950097ceb760b161e19907,Domains_Alloy
1026,-2.840420775727681,-2.656177279849852,1.02,0.0723304633518,86dd3a804d78ca5d203ebf98747e8f16dff9713ba8950097ceb760b161e19907,Domains_Alloy
1027,-2.840874235193981,-2.656177279849852,1.02,0.0723304633518,86dd3a804d78ca5d203ebf98747e8f16dff9713ba8950097ceb760b161e19907,Domains_Alloy
1028,-2.841327932385803,-2.656177279849852,1.02,0.0723304633518,86dd3a804d78ca5d203ebf98747e8f16dff9713ba8950097ceb760b161e19907,Domains_Alloy
1029,-2.841781867096861,-2.656177279849852,1.02,0.0723304633518,86dd3a804d78ca5d203ebf98747e8f16dff9713ba8950097ceb760b161e19907,Domains_Alloy
1030,-2.842236039121205,-2.656177279849852,1.02,0.0723304633518,86dd3a804d78ca5d203ebf98747e8f16dff9713ba8950097ceb760b161e19907,Domains_Alloy
1031,-2.842690448253221,-2.656177279849852,1.02,0.0723304633518,86dd3a804d78ca5d203ebf98747e8f16dff9713ba8950097ceb760b161e19907,Domains_Alloy
1032,-2.84314509428763,-2.656177279849852,1.02,0.0723304633518,86dd3a804d78ca5d203ebf98747e8f16dff9713ba8950097ceb760b161e19907,Domains_Alloy
1033,-2.843599977019486,-2.656177279849852,1.02,0.0723304633518,86dd3a804d78ca5d203ebf98747e8f16dff9713ba8950097ceb760b161e19907,Domains_Alloy
1034,-2.844055096244176,-2.656177279849852,1.02,0.0723304633518,86dd3a804d78ca5d203ebf98747e8f16dff9713ba8950097ceb760b161e19907,Domains_Alloy
1035,-2.844510451757422,-2.656177279849852,1.02,0.0723304633518,86dd3a804d78ca5d203ebf98747e8f16dff9713ba8950097ceb760b161e19907,Domains_Alloy
1036,-2.844966043355275,-2.656177279849852,1.02,0.0723304633518,86dd3a804d78ca5d203ebf98747e8f16dff9713ba8950097ceb760b161e19907,Domains_Alloy
1037,-2.845421870834118,-2.656177279849852,1.02,0.0723304633518,86dd3a804d78ca5d203ebf98747e8f16dff9713ba8950097ceb760b161e19907,Domains_Alloy
1038,-2.845877933990664,-2.656177279849852,1.02,0.0723304633518,86dd3a804d78ca5d203ebf98747e8f16dff9713ba8950097ceb760b161e19907,Domains_Alloy
1039,-2.846334232621954,-2.656177279849852,1.02,0.0723304633518,86dd3a804d78ca5d203ebf98747e8f16dff9713ba8950097ceb760b161e19907,Domains_Alloy
1040,-2.84679076652536,-2.656177279849852,1.02,0.0723304633518,86dd3a804d78ca5d203ebf98747e8f16dff9713ba8950097ceb760b161e19907,Domains_Alloy
1041,-2.847247535498582,-2.656177279849852,1.02,0.0723304633518,86dd3a804d78ca5d203ebf98747e8f16dff9713ba8950097ceb760b161e19907,Domains_Alloy
1042,-2.847704539339645,-2.656177279849852,1.02,0.0723304633518,86dd3a804d78ca5d203ebf98747e8f16dff9713ba8950097ceb760b161e19907,Domains_Alloy
1043,-2.848161777846902,-2.656177279849852,1.02,0.0723304633518,86dd3a804d78ca5d203ebf98747e8f16dff9713ba8950097ceb760b161e19907,Domains_Alloy
1044,-2.848619250819031,-2.656177279849852,1.02,0.0723304633518,86dd3a804d78ca5d203ebf98747e8f16dff9713ba8950097ceb760b161e19907,Domains_Alloy
1045,-2.849076958055036,-2.656177279849852,1.02,0.0723304633518,86dd3a804d78ca5d203ebf98747e8f16dff9713ba8950097ceb760b161e19907,Domains_Alloy
1046,-2.849534899354245,-2.656177279849852,1.02,0.0723304633518,86dd3a804d78ca5d203ebf98747e8f16dff9713ba8950097ceb760b161e19907,Domains_Alloy
1047,-2.849993074516308,-2.656177279849852,1.02,0.0723304633518,86dd3a804d78ca5d203ebf98747e8f16dff9713ba8950097ceb760b161e19907,Domains_Alloy
1048,-2.850451483341199,-2.656177279849852,1.02,0.0723304633518,86dd3a804d78ca5d203ebf98747e8f16dff9713ba8950097ceb760b161e19907,Domains_Alloy
1049,-2.850910125629216,-2.656177279849852,1.02,0.0723304633518,86dd3a804d78ca5d203ebf98747e8f16dff9713ba8950097ceb760b161e19907,Domains_Alloy
1050,-2.851369001180974,-2.656177279849852,1.02,0.0723304633518,86dd3a804d78ca5d203ebf98747e8f16dff9713ba8950097ceb760b161e19907,Domains_Alloy
1051,-2.851828109797412,-2.656177279849852,1.02,0.0723304633518,86dd3a804d78ca5d203ebf98747e8f16dff9713ba8950097ceb760b161e19907,Domains_Alloy
1052,-2.852287451279789,-2.656177279849852,1.02,0.0723304633518,86dd3a804d78ca5d203ebf98747e8f16dff9713ba8950097ceb760b161e19907,Domains_Alloy
1053,-2.85274702542968,-2.656177279849852,1.02,0.0723304633518,86dd3a804d78ca5d203ebf98747e8f16dff9713ba8950097ceb760b161e19907,Domains_Alloy
1054,-2.853206832048983,-2.656177279849852,1.02,0.0723304633518,86dd3a804d78ca5d203ebf98747e8f16dff9713ba8950097ceb760b161e19907,Domains_Alloy
1055,-2.853666870939909,-2.656177279849852,1.02,0.0723304633518,86dd3a804d78ca5d203ebf98747e8f16dff9713ba8950097ceb760b161e19907,Domains_Alloy
1056,-2.85412714190499,-2.656177279849852,1.02,0.0723304633518,86dd3a804d78ca5d203ebf98747e8f16dff9713ba8950097ceb760b161e19907,Domains_Alloy
1057,-2.854587644747073,-2.656177279849852,1.02,0.0723304633518,86dd3a804d78ca5d203ebf98747e8f16dff9713ba8950097ceb760b161e19907,Domains_Alloy
1058,-2.855048379269319,-2.656177279849852,1.02,0.0723304633518,86dd3a804d78ca5d203ebf98747e8f16dff9713ba8950097ceb760b161e19907,Domains_Alloy
1059,-2.855509345275206,-2.656177279849852,1.02,0.0723304633518,86dd3a804d78ca5d203ebf98747e8f16dff9713ba8950097ceb760b161e19907,Domains_Alloy
1060,-2.855970542568525,-2.656177279849852,1.02,0.0723304633518,86dd3a804d78ca5d203ebf98747e8f16dff9713ba8950097ceb760b161e19907,Domains_Alloy
1061,-2.856431970953382,-2.656177279849852,1.02,0.0723304633518,86dd3a804d78ca5d203ebf98747e8f16dff9713ba8950097ceb760b161e19907,Domains_Alloy
1062,-2.856893630234195,-2.656177279849852,1.02,0.0723304633518,86dd3a804d78ca5d203ebf98747e8f16dff9713ba8950097ceb760b161e19907,Domains_Alloy
1063,-2.857355520215693,-2.656177279849852,1.02,0.0723304633518,86dd3a804d78ca5d203ebf98747e8f16dff9713ba8950097ceb760b161e19907,Domains_Alloy
1064,-2.857817640702918,-2.656177279849852,1.02,0.0723304633518,86dd3a804d78ca5d203ebf98747e8f16dff9713ba8950097ceb760b161e19907,Domains_Alloy
1065,-2.858279991501221,-2.656177279849852,1.02,0.0723304633518,86dd3a804d78ca5d203ebf98747e8f16dff9713ba8950097ceb760b161e19907,Domains_Alloy
1066,-2.858742572416265,-2.656177279849852,1.02,0.0723304633518,86dd3a804d78ca5d203ebf98747e8f16dff9713ba8950097ceb760b161e19907,Domains_Alloy
1067,-2.859205383254022,-2.656177279849852,1.02,0.0723304633518,86dd3a804d78ca5d203ebf98747e8f16dff9713ba8950097ceb760b161e19907,Domains_Alloy
1068,-2.859668423820771,-2.656177279849852,1.02,0.0723304633518,86dd3a804d78ca5d203ebf98747e8f16dff9713ba8950097ceb760b161e19907,Domains_Alloy
1069,-2.860131693923101,-2.656177279849852,1.02,0.0723304633518,86dd3a804d78ca5d203ebf98747e8f16dff9713ba8950097ceb760b161e19907,Domains_Alloy
1070,-2.860595193367906,-2.656177279849852,1.02,0.0723304633518,86dd3a804d78ca5d203ebf98747e8f16dff9713ba8950097ceb760b161e19907,Domains_Alloy
1071,-2.861058921962389,-2.656177279849852,1.02,0.0723304633518,86dd3a804d78ca5d203ebf98747e8f16dff9713ba8950097ceb760b161e19907,Domains_Alloy
1072,-2.861522879514058,-2.656177279849852,1.02,0.0723304633518,86dd3a804d78ca5d203ebf98747e8f16dff9713ba8950097ceb760b161e19907,Domains_Alloy
1073,-2.861987065830726,-2.656177279849852,1.02,0.0723304633518,86dd3a804d78ca5d203ebf98747e8f16dff9713ba8950097ceb760b161e19907,Domains_Alloy
1074,-2.86245148072051,-2.656177279849852,1.02,0.0723304633518,86dd3a804d78ca5d203ebf98747e8f16dff9713ba8950097ceb760b161e19907,Domains_Alloy
1075,-2.862916123991831,-2.656177279849852,1.02,0.0723304633518,86dd3a804d78ca5d203ebf98747e8f16dff9713ba8950097ceb760b161e19907,Domains_Alloy
1076,-2.863380995453414,-2.656177279849852,1.02,0.0723304633518,86dd3a804d78ca5d203ebf98747e8f16dff9713ba8950097ceb760b161e19907,Domains_Alloy
1077,-2.863846094914287,-2.656177279849852,1.02,0.0723304633518,86dd3a804d78ca5d203ebf98747e8f16dff9713ba8950097ceb760b161e19907,Domains_Alloy
1078,-2.864311422183779,-2.656177279849852,1.02,0.0723304633518,86dd3a804d78ca5d203ebf98747e8f16dff9713ba8950097ceb760b161e19907,Domains_Alloy
1079,-2.864776977071519,-2.656177279849852,1.02,0.0723304633518,86dd3a804d78ca5d203ebf98747e8f16dff9713ba8950097ceb760b161e19907,Domains_Alloy
1080,-2.865242759387439,-2.656177279849852,1.02,0.0723304633518,86dd3a804d78ca5d203ebf98747e8f16dff9713ba8950097ceb760b161e19907,Domains_Alloy
1081,-2.865708768941768,-2.656177279849852,1.02,0.0723304633518,86dd3a804d78ca5d203ebf98747e8f16dff9713ba8950097ceb760b161e19907,Domains_Alloy
1082,-2.866175005545037,-2.656177279849852,1.02,0.0723304633518,86dd3a804d78ca5d203ebf98747e8f16dff9713ba8950097ceb760b161e19907,Domains_Alloy
1083,-2.866641469008075,-2.656177279849852,1.02,0.0723304633518,86dd3a804d78ca5d203ebf98747e8f16dff9713ba8950097ceb760b161e19907,Domains_Alloy
1084,-2.867108159142006,-2.656177279849852,1.02,0.0723304633518,86dd3a804d78ca5d203ebf98747e8f16dff9713ba8950097ceb760b161e19907,Domains_Alloy
1085,-2.867575075758255,-2.656177279849852,1.02,0.0723304633518,86dd3a804d78ca5d203ebf98747e8f16dff9713ba8950097ceb760b161e19907,Domains_Alloy
1086,-2.868042218668541,-2.656177279849852,1.02,0.0723304633518,86dd3a804d78ca5d203ebf98747e8f16dff9713ba8950097ceb760b161e19907,Domains_Alloy
1087,-2.868509587684881,-2.656177279849852,1.02,0.0723304633518,86dd3a804d78ca5d203ebf98747e8f16dff9713ba8950097ceb760b161e19907,Domains_Alloy
1088,-2.868977182619584,-2.656177279849852,1.02,0.0723304633518,86dd3a804d78ca5d203ebf98747e8f16dff9713ba8950097ceb760b161e19907,Domains_Alloy
1089,-2.869445003285257,-2.656177279849852,1.02,0.0723304633518,86dd3a804d78ca5d203ebf98747e8f16dff9713ba8950097ceb760b161e19907,Domains_Alloy
1090,-2.869913049494799,-2.656177279849852,1.02,0.0723304633518,86dd3a804d78ca5d203ebf98747e8f16dff9713ba8950097ceb760b161e19907,Domains_Alloy
1091,-2.870381321061404,-2.656177279849852,1.02,0.0723304633518,86dd3a804d78ca5d203ebf98747e8f16dff9713ba8950097ceb760b161e19907,Domains_Alloy
1092,-2.870849817798555,-2.656177279849852,1.02,0.0723304633518,86dd3a804d78ca5d203ebf98747e8f16dff9713ba8950097ceb760b161e19907,Domains_Alloy
1093,-2.871318539520032,-2.656177279849852,1.02,0.0723304633518,86dd3a804d78ca5d203ebf98747e8f16dff9713ba8950097ceb760b161e19907,Domains_Alloy
1094,-2.871787486039903,-2.656177279849852,1.02,0.0723304633518,86dd3a804d78ca5d203ebf98747e8f16dff9713ba8950097ceb760b161e19907,Domains_Alloy
1095,-2.872256657172527,-2.656177279849852,1.02,0.0723304633518,86dd3a804d78ca5d203ebf98747e8f16dff9713ba8950097ceb760b161e19907,Domains_Alloy
1096,-2.872726052732554,-2.656177279849852,1.02,0.0723304633518,86dd3a804d78ca5d203ebf98747e8f16dff9713ba8950097ceb760b161e19907,Domains_Alloy
1097,-2.873195672534923,-2.656177279849852,1.02,0.0723304633518,86dd3a804d78ca5d203ebf98747e8f16dff9713ba8950097ceb760b161e19907,Domains_Alloy
1098,-2.873665516394861,-2.656177279849852,1.02,0.0723304633518,86dd3a804d78ca5d203ebf98747e8f16dff9713ba8950097ceb760b161e19907,Domains_Alloy
1099,-2.874135584127886,-2.656177279849852,1.02,0.0723304633518,86dd3a804d78ca5d203ebf98747e8f16dff9713ba8950097ceb760b161e19907,Domains_Alloy
1100,-2.8746058755498,-2.656177279849852,1.02,0.0723304633518,86dd3a804d78ca5d203ebf98747e8f16dff9713ba8950097ceb760b161e19907,Domains_Alloy
1101,-2.875076390476694,-2.656177279849852,1.02,0.0723304633518,86dd3a804d78ca5d203ebf98747e8f16dff9713ba8950097ceb760b161e19907,Domains_Alloy
1102,-2.875547128724945,-2.656177279849852,1.02,0.0723304633518,86dd3a804d78ca5d203ebf98747e8f16dff9713ba8950097ceb760b161e19907,Domains_Alloy
1103,-2.876018090111215,-2.656177279849852,1.02,0.0723304633518,86dd3a804d78ca5d203ebf98747e8f16dff9713ba8950097ceb760b161e19907,Domains_Alloy
1104,-2.87648927445245,-2.656177279849852,1.02,0.0723304633518,86dd3a804d78ca5d203ebf98747e8f16dff9713ba8950097ceb760b161e19907,Domains_Alloy
1105,-2.876960681565885,-2.656177279849852,1.02,0.0723304633518,86dd3a804d78ca5d203ebf98747e8f16dff9713ba8950097ceb760b161e19907,Domains_Alloy
1106,-2.877432311269032,-2.656177279849852,1.02,0.0723304633518,86dd3a804d78ca5d203ebf98747e8f16dff9713ba8950097ceb760b161e19907,Domains_Alloy
1107,-2.877904163379692,-2.656177279849852,1.02,0.0723304633518,86dd3a804d78ca5d203ebf98747e8f16dff9713ba8950097ceb760b161e19907,Domains_Alloy
1108,-2.878376237715947,-2.656177279849852,1.02,0.0723304633518,86dd3a804d78ca5d203ebf98747e8f16dff9713ba8950097ceb760b161e19907,Domains_Alloy
1109,-2.878848534096158,-2.656177279849852,1.02,0.0723304633518,86dd3a804d78ca5d203ebf98747e8f16dff9713ba8950097ceb760b161e19907,Domains_Alloy
1110,-2.879321052338972,-2.656177279849852,1.02,0.0723304633518,86dd3a804d78ca5d203ebf98747e8f16dff9713ba8950097ceb760b161e19907,Domains_Alloy
1111,-2.879793792263312,-2.656177279849852,1.02,0.0723304633518,86dd3a804d78ca5d203ebf98747e8f16dff9713ba8950097ceb760b161e19907,Domains_Alloy
1112,-2.880266753688383,-2.656177279849852,1.02,0.0723304633518,86dd3a804d78ca5d203ebf98747e8f16dff9713ba8950097ceb760b161e19907,Domains_Alloy
1113,-2.880739936433672,-2.656177279849852,1.02,0.0723304633518,86dd3a804d78ca5d203ebf98747e8f16dff9713ba8950097ceb760b161e19907,Domains_Alloy
1114,-2.88121334031894,-2.656177279849852,1.02,0.0723304633518,86dd3a804d78ca5d203ebf98747e8f16dff9713ba8950097ceb760b161e19907,Domains_Alloy
1115,-2.881686965164231,-2.656177279849852,1.02,0.0723304633518,86dd3a804d78ca5d203ebf98747e8f16dff9713ba8950097ceb760b161e19907,Domains_Alloy
1116,-2.882160810789864,-2.656177279849852,1.02,0.0723304633518,86dd3a804d78ca5d203ebf98747e8f16dff9713ba8950097ceb760b161e19907,Domains_Alloy
1117,-2.882634877016435,-2.656177279849852,1.02,0.0723304633518,86dd3a804d78ca5d203ebf98747e8f16dff9713ba8950097ceb760b161e19907,Domains_Alloy
1118,-2.883109163664818,-2.656177279849852,1.02,0.0723304633518,86dd3a804d78ca5d203ebf98747e8f16dff9713ba8950097ceb760b161e19907,Domains_Alloy
1119,-2.88358367055616,-2.656177279849852,1.02,0.0723304633518,86dd3a804d78ca5d203ebf98747e8f16dff9713ba8950097ceb760b161e19907,Domains_Alloy
1120,-2.884058397511887,-2.656177279849852,1.02,0.0723304633518,86dd3a804d78ca5d203ebf98747e8f16dff9713ba8950097ceb760b161e19907,Domains_Alloy
1121,-2.884533344353696,-2.656177279849852,1.02,0.0723304633518,86dd3a804d78ca5d203ebf98747e8f16dff9713ba8950097ceb760b161e19907,Domains_Alloy
1122,-2.885008510903561,-2.656177279849852,1.02,0.0723304633518,86dd3a804d78ca5d203ebf98747e8f16dff9713ba8950097ceb760b161e19907,Domains_Alloy
1123,-2.885483896983728,-2.656177279849852,1.02,0.0723304633518,86dd3a804d78ca5d203ebf98747e8f16dff9713ba8950097ceb760b161e19907,Domains_Alloy
1124,-2.885959502416716,-2.656177279849852,1.02,0.0723304633518,86dd3a804d78ca5d203ebf98747e8f16dff9713ba8950097ceb760b161e19907,Domains_Alloy
1125,-2.886435327025317,-2.656177279849852,1.02,0.0723304633518,86dd3a804d78ca5d203ebf98747e8f16dff9713ba8950097ceb760b161e19907,Domains_Alloy
1126,-2.886911370632592,-2.656177279849852,1.02,0.0723304633518,86dd3a804d78ca5d203ebf98747e8f16dff9713ba8950097ceb760b161e19907,Domains_Alloy
1127,-2.887387633061877,-2.656177279849852,1.02,0.0723304633518,86dd3a804d78ca5d203ebf98747e8f16dff9713ba8950097ceb760b161e19907,Domains_Alloy
1128,-2.887864114136776,-2.656177279849852,1.02,0.0723304633518,86dd3a804d78ca5d203ebf98747e8f16dff9713ba8950097ceb760b161e19907,Domains_Alloy
1129,-2.888340813681164,-2.656177279849852,1.02,0.0723304633518,86dd3a804d78ca5d203ebf98747e8f16dff9713ba8950097ceb760b161e19907,Domains_Alloy
1130,-2.888817731519184,-2.656177279849852,1.02,0.0723304633518,86dd3a804d78ca5d203ebf98747e8f16dff9713ba8950097ceb760b161e19907,Domains_Alloy
1131,-2.889294867475249,-2.656177279849852,1.02,0.0723304633518,86dd3a804d78ca5d203ebf98747e8f16dff9713ba8950097ceb760b161e19907,Domains_Alloy
1132,-2.88977222137404,-2.656177279849852,1.02,0.0723304633518,86dd3a804d78ca5d203ebf98747e8f16dff9713ba8950097ceb760b161e19907,Domains_Alloy
1133,-2.890249793040505,-2.656177279849852,1.02,0.0723304633518,86dd3a804d78ca5d203ebf98747e8f16dff9713ba8950097ceb760b161e19907,Domains_Alloy
1134,-2.89072758229986,-2.656177279849852,1.02,0.0723304633518,86dd3a804d78ca5d203ebf98747e8f16dff9713ba8950097ceb760b161e19907,Domains_Alloy
1135,-2.891205588977586,-2.656177279849852,1.02,0.0723304633518,86dd3a804d78ca5d203ebf98747e8f16dff9713ba8950097ceb760b161e19907,Domains_Alloy
1136,-2.891683812899432,-2.656177279849852,1.02,0.0723304633518,86dd3a804d78ca5d203ebf98747e8f16dff9713ba8950097ceb760b161e19907,Domains_Alloy
1137,-2.89216225389141,-2.656177279849852,1.02,0.0723304633518,86dd3a804d78ca5d203ebf98747e8f16dff9713ba8950097ceb760b161e19907,Domains_Alloy
1138,-2.892640911779798,-2.656177279849852,1.02,0.0723304633518,86dd3a804d78ca5d203ebf98747e8f16dff9713ba8950097ceb760b161e19907,Domains_Alloy
1139,-2.893119786391138,-2.656177279849852,1.02,0.0723304633518,86dd3a804d78ca5d203ebf98747e8f16dff9713ba8950097ceb760b161e19907,Domains_Alloy
1140,-2.893598877552235,-2.656177279849852,1.02,0.0723304633518,86dd3a804d78ca5d203ebf98747e8f16dff9713ba8950097ceb760b161e19907,Domains_Alloy
1141,-2.894078185090158,-2.656177279849852,1.02,0.0723304633518,86dd3a804d78ca5d203ebf98747e8f16dff9713ba8950097ceb760b161e19907,Domains_Alloy
1142,-2.894557708832238,-2.656177279849852,1.02,0.0723304633518,86dd3a804d78ca5d203ebf98747e8f16dff9713ba8950097ceb760b161e19907,Domains_Alloy
1143,-2.895037448606069,-2.656177279849852,1.02,0.0723304633518,86dd3a804d78ca5d203ebf98747e8f16dff9713ba8950097ceb760b161e19907,Domains_Alloy
1144,-2.895517404239502,-2.656177279849852,1.02,0.0723304633518,86dd3a804d78ca5d203ebf98747e8f16dff9713ba8950097ceb760b161e19907,Domains_Alloy
1145,-2.895997575560655,-2.656177279849852,1.02,0.0723304633518,86dd3a804d78ca5d203ebf98747e8f16dff9713ba8950097ceb760b161e19907,Domains_Alloy
1146,-2.896477962397901,-2.656177279849852,1.02,0.0723304633518,86dd3a804d78ca5d203ebf98747e8f16dff9713ba8950097ceb760b161e19907,Domains_Alloy
1147,-2.896958564579877,-2.656177279849852,1.02,0.0723304633518,86dd3a804d78ca5d203ebf98747e8f16dff9713ba8950097ceb760b161e19907,Domains_Alloy
1148,-2.897439381935476,-2.656177279849852,1.02,0.0723304633518,86dd3a804d78ca5d203ebf98747e8f16dff9713ba8950097ceb760b161e19907,Domains_Alloy
1149,-2.897920414293849,-2.656177279849852,1.02,0.0723304633518,86dd3a804d78ca5d203ebf98747e8f16dff9713ba8950097ceb760b161e19907,Domains_Alloy
1150,-2.898401661484409,-2.656177279849852,1.02,0.0723304633518,86dd3a804d78ca5d203ebf98747e8f16dff9713ba8950097ceb760b161e19907,Domains_Alloy
1151,-2.898883123336822,-2.656177279849852,1.02,0.0723304633518,86dd3a804d78ca5d203ebf98747e8f16dff9713ba8950097ceb760b161e19907,Domains_Alloy
1152,-2.899364799681013,-2.656177279849852,1.02,0.0723304633518,86dd3a804d78ca5d203ebf98747e8f16dff9713ba8950097ceb760b161e19907,Domains_Alloy
1153,-2.899846690347164,-2.656177279849852,1.02,0.0723304633518,86dd3a804d78ca5d203ebf98747e8f16dff9713ba8950097ceb760b161e19907,Domains_Alloy
1154,-2.900328795165712,-2.656177279849852,1.02,0.0723304633518,86dd3a804d78ca5d203ebf98747e8f16dff9713ba8950097ceb760b161e19907,Domains_Alloy
1155,-2.900811113967348,-2.656177279849852,1.02,0.0723304633518,86dd3a804d78ca5d203ebf98747e8f16dff9713ba8950097ceb760b161e19907,Domains_Alloy
1156,-2.901293646583019,-2.656177279849852,1.02,0.0723304633518,86dd3a804d78ca5d203ebf98747e8f16dff9713ba8950097ceb760b161e19907,Domains_Alloy
1157,-2.901776392843928,-2.656177279849852,1.02,0.0723304633518,86dd3a804d78ca5d203ebf98747e8f16dff9713ba8950097ceb760b161e19907,Domains_Alloy
1158,-2.902259352581527,-2.656177279849852,1.02,0.0723304633518,86dd3a804d78ca5d203ebf98747e8f16dff9713ba8950097ceb760b161e19907,Domains_Alloy
1159,-2.902742525627525,-2.656177279849852,1.02,0.0723304633518,86dd3a804d78ca5d203ebf98747e8f16dff9713ba8950097ceb760b161e19907,Domains_Alloy
1160,-2.903225911813882,-2.656177279849852,1.02,0.0723304633518,86dd3a804d78ca5d203ebf98747e8f16dff9713ba8950097ceb760b161e19907,Domains_Alloy
1161,-2.903709510972811,-2.656177279849852,1.02,0.0723304633518,86dd3a804d78ca5d203ebf98747e8f16dff9713ba8950097ceb760b161e19907,Domains_Alloy
1162,-2.904193322936774,-2.656177279849852,1.02,0.0723304633518,86dd3a804d78ca5d203ebf98747e8f16dff9713ba8950097ceb760b161e19907,Domains_Alloy
1163,-2.904677347538488,-2.656177279849852,1.02,0.0723304633518,86dd3a804d78ca5d203ebf98747e8f16dff9713ba8950097ceb760b161e19907,Domains_Alloy
1164,-2.905161584610916,-2.656177279849852,1.02,0.0723304633518,86dd3a804d78ca5d203ebf98747e8f16dff9713ba8950097ceb760b161e19907,Domains_Alloy
1165,-2.905646033987274,-2.656177279849852,1.02,0.0723304633518,86dd3a804d78ca5d203ebf98747e8f16dff9713ba8950097ceb760b161e19907,Domains_Alloy
1166,-2.906130695501026,-2.656177279849852,1.02,0.0723304633518,86dd3a804d78ca5d203ebf98747e8f16dff9713ba8950097ceb760b161e19907,Domains_Alloy
1167,-2.906615568985886,-2.656177279849852,1.02,0.0723304633518,86dd3a804d78ca5d203ebf98747e8f16dff9713ba8950097ceb760b161e19907,Domains_Alloy
1168,-2.907100654275813,-2.656177279849852,1.02,0.0723304633518,86dd3a804d78ca5d203ebf98747e8f16dff9713ba8950097ceb760b161e19907,Domains_Alloy
1169,-2.907585951205019,-2.656177279849852,1.02,0.0723304633518,86dd3a804d78ca5d203ebf98747e8f16dff9713ba8950097ceb760b161e19907,Domains_Alloy
1170,-2.908071459607958,-2.656177279849852,1.02,0.0723304633518,86dd3a804d78ca5d203ebf98747e8f16dff9713ba8950097ceb760b161e19907,Domains_Alloy
1171,-2.908557179319334,-2.656177279849852,1.02,0.0723304633518,86dd3a804d78ca5d203ebf98747e8f16dff9713ba8950097ceb760b161e19907,Domains_Alloy
1172,-2.909043110174096,-2.656177279849852,1.02,0.0723304633518,86dd3a804d78ca5d203ebf98747e8f16dff9713ba8950097ceb760b161e19907,Domains_Alloy
1173,-2.90952925200744,-2.656177279849852,1.02,0.0723304633518,86dd3a804d78ca5d203ebf98747e8f16dff9713ba8950097ceb760b161e19907,Domains_Alloy
1174,-2.910015604654805,-2.656177279849852,1.02,0.0723304633518,86dd3a804d78ca5d203ebf98747e8f16dff9713ba8950097ceb760b161e19907,Domains_Alloy
1175,-2.910502167951875,-2.656177279849852,1.02,0.0723304633518,86dd3a804d78ca5d203ebf98747e8f16dff9713ba8950097ceb760b161e19907,Domains_Alloy
1176,-2.91098894173458,-2.656177279849852,1.02,0.0723304633518,86dd3a804d78ca5d203ebf98747e8f16dff9713ba8950097ceb760b161e19907,Domains_Alloy
1177,-2.911475925839093,-2.656177279849852,1.02,0.0723304633518,86dd3a804d78ca5d203ebf98747e8f16dff9713ba8950097ceb760b161e19907,Domains_Alloy
1178,-2.911963120101828,-2.656177279849852,1.02,0.0723304633518,86dd3a804d78ca5d203ebf98747e8f16dff9713ba8950097ceb760b161e19907,Domains_Alloy
1179,-2.912450524359443,-2.656177279849852,1.02,0.0723304633518,86dd3a804d78ca5d203ebf98747e8f16dff9713ba8950097ceb760b161e19907,Domains_Alloy
1180,-2.912938138448839,-2.656177279849852,1.02,0.0723304633518,86dd3a804d78ca5d203ebf98747e8f16dff9713ba8950097ceb760b161e19907,Domains_Alloy
1181,-2.913425962207157,-2.656177279849852,1.02,0.0723304633518,86dd3a804d78ca5d203ebf98747e8f16dff9713ba8950097ceb760b161e19907,Domains_Alloy
1182,-2.913913995471781,-2.656177279849852,1.02,0.0723304633518,86dd3a804d78ca5d203ebf98747e8f16dff9713ba8950097ceb760b161e19907,Domains_Alloy
1183,-2.914402238080333,-2.656177279849852,1.02,0.0723304633518,86dd3a804d78ca5d203ebf98747e8f16dff9713ba8950097ceb760b161e19907,Domains_Alloy
1184,-2.914890689870676,-2.656177279849852,1.02,0.0723304633518,86dd3a804d78ca5d203ebf98747e8f16dff9713ba8950097ceb760b161e19907,Domains_Alloy
1185,-2.915379350680913,-2.656177279849852,1.02,0.0723304633518,86dd3a804d78ca5d203ebf98747e8f16dff9713ba8950097ceb760b161e19907,Domains_Alloy
1186,-2.915868220349387,-2.656177279849852,1.02,0.0723304633518,86dd3a804d78ca5d203ebf98747e8f16dff9713ba8950097ceb760b161e19907,Domains_Alloy
1187,-2.916357298714678,-2.656177279849852,1.02,0.0723304633518,86dd3a804d78ca5d203ebf98747e8f16dff9713ba8950097ceb760b161e19907,Domains_Alloy
1188,-2.916846585615604,-2.656177279849852,1.02,0.0723304633518,86dd3a804d78ca5d203ebf98747e8f16dff9713ba8950097ceb760b161e19907,Domains_Alloy
1189,-2.91733608089122,-2.656177279849852,1.02,0.0723304633518,86dd3a804d78ca5d203ebf98747e8f16dff9713ba8950097ceb760b161e19907,Domains_Alloy
1190,-2.91782578438082,-2.656177279849852,1.02,0.0723304633518,86dd3a804d78ca5d203ebf98747e8f16dff9713ba8950097ceb760b161e19907,Domains_Alloy
1191,-2.918315695923933,-2.656177279849852,1.02,0.0723304633518,86dd3a804d78ca5d203ebf98747e8f16dff9713ba8950097ceb760b161e19907,Domains_Alloy
1192,-2.918805815360324,-2.656177279849852,1.02,0.0723304633518,86dd3a804d78ca5d203ebf98747e8f16dff9713ba8950097ceb760b161e19907,Domains_Alloy
1193,-2.919296142529996,-2.656177279849852,1.02,0.0723304633518,86dd3a804d78ca5d203ebf98747e8f16dff9713ba8950097ceb760b161e19907,Domains_Alloy
1194,-2.919786677273184,-2.656177279849852,1.02,0.0723304633518,86dd3a804d78ca5d203ebf98747e8f16dff9713ba8950097ceb760b161e19907,Domains_Alloy
1195,-2.920277419430357,-2.656177279849852,1.02,0.0723304633518,86dd3a804d78ca5d203ebf98747e8f16dff9713ba8950097ceb760b161e19907,Domains_Alloy
1196,-2.920768368842222,-2.656177279849852,1.02,0.0723304633518,86dd3a804d78ca5d203ebf98747e8f16dff9713ba8950097ceb760b161e19907,Domains_Alloy
1197,-2.921259525349716,-2.656177279849852,1.02,0.0723304633518,86dd3a804d78ca5d203ebf98747e8f16dff9713ba8950097ceb760b161e19907,Domains_Alloy
1198,-2.92175088879401,-2.656177279849852,1.02,0.0723304633518,86dd3a804d78ca5d203ebf98747e8f16dff9713ba8950097ceb760b161e19907,Domains_Alloy
1199,-2.92224245901651,-2.656177279849852,1.02,0.0723304633518,86dd3a804d78ca5d203ebf98747e8f16dff9713ba8950097ceb760b161e19907,Domains_Alloy
1200,-2.92273423585885,-2.656177279849852,1.02,0.0723304633518,86dd3a804d78ca5d203ebf98747e8f16dff9713ba8950097ceb760b161e19907,Domains_Alloy
1201,-2.923226219162899,-2.656177279849852,1.02,0.0723304633518,86dd3a804d78ca5d203ebf98747e8f16dff9713ba8950097ceb760b161e19907,Domains_Alloy
1202,-2.923718408770755,-2.656177279849852,1.02,0.0723304633518,86dd3a804d78ca5d203ebf98747e8f16dff9713ba8950097ceb760b161e19907,Domains_Alloy
1203,-2.924210804524748,-2.656177279849852,1.02,0.0723304633518,86dd3a804d78ca5d203ebf98747e8f16dff9713ba8950097ceb760b161e19907,Domains_Alloy
1204,-2.924703406267438,-2.656177279849852,1.02,0.0723304633518,86dd3a804d78ca5d203ebf98747e8f16dff9713ba8950097ceb760b161e19907,Domains_Alloy
1205,-2.925196213841613,-2.656177279849852,1.02,0.0723304633518,86dd3a804d78ca5d203ebf98747e8f16dff9713ba8950097ceb760b161e19907,Domains_Alloy
1206,-2.925689227090294,-2.656177279849852,1.02,0.0723304633518,86dd3a804d78ca5d203ebf98747e8f16dff9713ba8950097ceb760b161e19907,Domains_Alloy
1207,-2.926182445856727,-2.656177279849852,1.02,0.0723304633518,86dd3a804d78ca5d203ebf98747e8f16dff9713ba8950097ceb760b161e19907,Domains_Alloy
1208,-2.926675869984388,-2.656177279849852,1.02,0.0723304633518,86dd3a804d78ca5d203ebf98747e8f16dff9713ba8950097ceb760b161e19907,Domains_Alloy
1209,-2.92716949931698,-2.656177279849852,1.02,0.0723304633518,86dd3a804d78ca5d203ebf98747e8f16dff9713ba8950097ceb760b161e19907,Domains_Alloy
1210,-2.927663333698435,-2.656177279849852,1.02,0.0723304633518,86dd3a804d78ca5d203ebf98747e8f16dff9713ba8950097ceb760b161e19907,Domains_Alloy
1211,-2.92815737297291,-2.656177279849852,1.02,0.0723304633518,86dd3a804d78ca5d203ebf98747e8f16dff9713ba8950097ceb760b161e19907,Domains_Alloy
1212,-2.92865161698479,-2.656177279849852,1.02,0.0723304633518,86dd3a804d78ca5d203ebf98747e8f16dff9713ba8950097ceb760b161e19907,Domains_Alloy
1213,-2.929146065578684,-2.656177279849852,1.02,0.0723304633518,86dd3a804d78ca5d203ebf98747e8f16dff9713ba8950097ceb760b161e19907,Domains_Alloy
1214,-2.929640718599428,-2.656177279849852,1.02,0.0723304633518,86dd3a804d78ca5d203ebf98747e8f16dff9713ba8950097ceb760b161e19907,Domains_Alloy
1215,-2.930135575892083,-2.656177279849852,1.02,0.0723304633518,86dd3a804d78ca5d203ebf98747e8f16dff9713ba8950097ceb760b161e19907,Domains_Alloy
1216,-2.930630637301934,-2.656177279849852,1.02,0.0723304633518,86dd3a804d78ca5d203ebf98747e8f16dff9713ba8950097ceb760b161e19907,Domains_Alloy
1217,-2.931125902674488,-2.656177279849852,1.02,0.0723304633518,86dd3a804d78ca5d203ebf98747e8f16dff9713ba8950097ceb760b161e19907,Domains_Alloy
1218,-2.931621371855481,-2.656177279849852,1.02,0.0723304633518,86dd3a804d78ca5d203ebf98747e8f16dff9713ba8950097ceb760b161e19907,Domains_Alloy
1219,-2.932117044690867,-2.656177279849852,1.02,0.0723304633518,86dd3a804d78ca5d203ebf98747e8f16dff9713ba8950097ceb760b161e19907,Domains_Alloy
1220,-2.932612921026826,-2.656177279849852,1.02,0.0723304633518,86dd3a804d78ca5d203ebf98747e8f16dff9713ba8950097ceb760b161e19907,Domains_Alloy
1221,-2.933109000709758,-2.656177279849852,1.02,0.0723304633518,86dd3a804d78ca5d203ebf98747e8f16dff9713ba8950097ceb760b161e19907,Domains_Alloy
1222,-2.933605283586285,-2.656177279849852,1.02,0.0723304633518,86dd3a804d78ca5d203ebf98747e8f16dff9713ba8950097ceb760b161e19907,Domains_Alloy
1223,-2.934101769503251,-2.656177279849852,1.02,0.0723304633518,86dd3a804d78ca5d203ebf98747e8f16dff9713ba8950097ceb760b161e19907,Domains_Alloy
1224,-2.934598458307721,-2.656177279849852,1.02,0.0723304633518,86dd3a804d78ca5d203ebf98747e8f16dff9713ba8950097ceb760b161e19907,Domains_Alloy
1225,-2.935095349846981,-2.656177279849852,1.02,0.0723304633518,86dd3a804d78ca5d203ebf98747e8f16dff9713ba8950097ceb760b161e19907,Domains_Alloy
1226,-2.935592443968535,-2.656177279849852,1.02,0.0723304633518,86dd3a804d78ca5d203ebf98747e8f16dff9713ba8950097ceb760b161e19907,Domains_Alloy
1227,-2.936089740520108,-2.656177279849852,1.02,0.0723304633518,86dd3a804d78ca5d203ebf98747e8f16dff9713ba8950097ceb760b161e19907,Domains_Alloy
1228,-2.936587239349644,-2.656177279849852,1.02,0.0723304633518,86dd3a804d78ca5d203ebf98747e8f16dff9713ba8950097ceb760b161e19907,Domains_Alloy
1229,-2.937084940305304,-2.656177279849852,1.02,0.0723304633518,86dd3a804d78ca5d203ebf98747e8f16dff9713ba8950097ceb760b161e19907,Domains_Alloy
1230,-2.93758284323547,-2.656177279849852,1.02,0.0723304633518,86dd3a804d78ca5d203ebf98747e8f16dff9713ba8950097ceb760b161e19907,Domains_Alloy
1231,-2.938080947988738,-2.656177279849852,1.02,0.0723304633518,86dd3a804d78ca5d203ebf98747e8f16dff9713ba8950097ceb760b161e19907,Domains_Alloy
1232,-2.938579254413926,-2.656177279849852,1.02,0.0723304633518,86dd3a804d78ca5d203ebf98747e8f16dff9713ba8950097ceb760b161e19907,Domains_Alloy
1233,-2.939077762360064,-2.656177279849852,1.02,0.0723304633518,86dd3a804d78ca5d203ebf98747e8f16dff9713ba8950097ceb760b161e19907,Domains_Alloy
1234,-2.939576471676402,-2.656177279849852,1.02,0.0723304633518,86dd3a804d78ca5d203ebf98747e8f16dff9713ba8950097ceb760b161e19907,Domains_Alloy
1235,-2.940075382212403,-2.656177279849852,1.02,0.0723304633518,86dd3a804d78ca5d203ebf98747e8f16dff9713ba8950097ceb760b161e19907,Domains_Alloy
1236,-2.940574493817748,-2.656177279849852,1.02,0.0723304633518,86dd3a804d78ca5d203ebf98747e8f16dff9713ba8950097ceb760b161e19907,Domains_Alloy
1237,-2.941073806342331,-2.656177279849852,1.02,0.0723304633518,86dd3a804d78ca5d203ebf98747e8f16dff9713ba8950097ceb760b161e19907,Domains_Alloy
1238,-2.941573319636262,-2.656177279849852,1.02,0.0723304633518,86dd3a804d78ca5d203ebf98747e8f16dff9713ba8950097ceb760b161e19907,Domains_Alloy
1239,-2.942073033549865,-2.656177279849852,1.02,0.0723304633518,86dd3a804d78ca5d203ebf98747e8f16dff9713ba8950097ceb760b161e19907,Domains_Alloy
1240,-2.942572947933676,-2.656177279849852,1.02,0.0723304633518,86dd3a804d78ca5d203ebf98747e8f16dff9713ba8950097ceb760b161e19907,Domains_Alloy
1241,-2.943073062638448,-2.656177279849852,1.02,0.0723304633518,86dd3a804d78ca5d203ebf98747e8f16dff9713ba8950097ceb760b161e19907,Domains_Alloy
1242,-2.943573377515143,-2.656177279849852,1.02,0.0723304633518,86dd3a804d78ca5d203ebf98747e8f16dff9713ba8950097ceb760b161e19907,Domains_Alloy
1243,-2.944073892414937,-2.656177279849852,1.02,0.0723304633518,86dd3a804d78ca5d203ebf98747e8f16dff9713ba8950097ceb760b161e19907,Domains_Alloy
1244,-2.944574607189219,-2.656177279849852,1.02,0.0723304633518,86dd3a804d78ca5d203ebf98747e8f16dff9713ba8950097ceb760b161e19907,Domains_Alloy
1245,-2.945075521689587,-2.656177279849852,1.02,0.0723304633518,86dd3a804d78ca5d203ebf98747e8f16dff9713ba8950097ceb760b161e19907,Domains_Alloy
1246,-2.945576635767853,-2.656177279849852,1.02,0.0723304633518,86dd3a804d78ca5d203ebf98747e8f16dff9713ba8950097ceb760b161e19907,Domains_Alloy
1247,-2.946077949276037,-2.656177279849852,1.02,0.0723304633518,86dd3a804d78ca5d203ebf98747e8f16dff9713ba8950097ceb760b161e19907,Domains_Alloy
1248,-2.946579462066372,-2.656177279849852,1.02,0.0723304633518,86dd3a804d78ca5d203ebf98747e8f16dff9713ba8950097ceb760b161e19907,Domains_Alloy
1249,-2.947081173991299,-2.656177279849852,1.02,0.0723304633518,86dd3a804d78ca5d203ebf98747e8f16dff9713ba8950097ceb760b161e19907,Domains_Alloy
1250,-2.947583084903468,-2.656177279849852,1.02,0.0723304633518,86dd3a804d78ca5d203ebf98747e8f16dff9713ba8950097ceb760b161e19907,Domains_Alloy
1251,-2.948085194655741,-2.656177279849852,1.02,0.0723304633518,86dd3a804d78ca5d203ebf98747e8f16dff9713ba8950097ceb760b161e19907,Domains_Alloy
1252,-2.948587503101183,-2.656177279849852,1.02,0.0723304633518,86dd3a804d78ca5d203ebf98747e8f16dff9713ba8950097ceb760b161e19907,Domains_Alloy
1253,-2.949090010093074,-2.656177279849852,1.02,0.0723304633518,86dd3a804d78ca5d203ebf98747e8f16dff9713ba8950097ceb760b161e19907,Domains_Alloy
1254,-2.949592715484896,-2.656177279849852,1.02,0.0723304633518,86dd3a804d78ca5d203ebf98747e8f16dff9713ba8950097ceb760b161e19907,Domains_Alloy
1255,-2.950095619130341,-2.656177279849852,1.02,0.0723304633518,86dd3a804d78ca5d203ebf98747e8f16dff9713ba8950097ceb760b161e19907,Domains_Alloy
1256,-2.950598720883309,-2.656177279849852,1.02,0.0723304633518,86dd3a804d78ca5d203ebf98747e8f16dff9713ba8950097ceb760b161e19907,Domains_Alloy
1257,-2.951102020597903,-2.656177279849852,1.02,0.0723304633518,86dd3a804d78ca5d203ebf98747e8f16dff9713ba8950097ceb760b161e19907,Domains_Alloy
1258,-2.951605518128435,-2.656177279849852,1.02,0.0723304633518,86dd3a804d78ca5d203ebf98747e8f16dff9713ba8950097ceb760b161e19907,Domains_Alloy
1259,-2.95210921332942,-2.656177279849852,1.02,0.0723304633518,86dd3a804d78ca5d203ebf98747e8f16dff9713ba8950097ceb760b161e19907,Domains_Alloy
1260,-2.952613106055582,-2.656177279849852,1.02,0.0723304633518,86dd3a804d78ca5d203ebf98747e8f16dff9713ba8950097ceb760b161e19907,Domains_Alloy
1261,-2.953117196161847,-2.656177279849852,1.02,0.0723304633518,86dd3a804d78ca5d203ebf98747e8f16dff9713ba8950097ceb760b161e19907,Domains_Alloy
1262,-2.953621483503346,-2.656177279849852,1.02,0.0723304633518,86dd3a804d78ca5d203ebf98747e8f16dff9713ba8950097ceb760b161e19907,Domains_Alloy
1263,-2.954125967935412,-2.656177279849852,1.02,0.0723304633518,86dd3a804d78ca5d203ebf98747e8f16dff9713ba8950097ceb760b161e19907,Domains_Alloy
1264,-2.954630649313586,-2.656177279849852,1.02,0.0723304633518,86dd3a804d78ca5d203ebf98747e8f16dff9713ba8950097ceb760b161e19907,Domains_Alloy
1265,-2.95513552749361,-2.656177279849852,1.02,0.0723304633518,86dd3a804d78ca5d203ebf98747e8f16dff9713ba8950097ceb760b161e19907,Domains_Alloy
1266,-2.955640602331425,-2.656177279849852,1.02,0.0723304633518,86dd3a804d78ca5d203ebf98747e8f16dff9713ba8950097ceb760b161e19907,Domains_Alloy
1267,-2.956145873683181,-2.656177279849852,1.02,0.0723304633518,86dd3a804d78ca5d203ebf98747e8f16dff9713ba8950097ceb760b161e19907,Domains_Alloy
1268,-2.956651341405225,-2.656177279849852,1.02,0.0723304633518,86dd3a804d78ca5d203ebf98747e8f16dff9713ba8950097ceb760b161e19907,Domains_Alloy
1269,-2.957157005354109,-2.656177279849852,1.02,0.0723304633518,86dd3a804d78ca5d203ebf98747e8f16dff9713ba8950097ceb760b161e19907,Domains_Alloy
1270,-2.957662865386582,-2.656177279849852,1.02,0.0723304633518,86dd3a804d78ca5d203ebf98747e8f16dff9713ba8950097ceb760b161e19907,Domains_Alloy
1271,-2.958168921359598,-2.656177279849852,1.02,0.0723304633518,86dd3a804d78ca5d203ebf98747e8f16dff9713ba8950097ceb760b161e19907,Domains_Alloy
1272,-2.958675173130308,-2.656177279849852,1.02,0.0723304633518,86dd3a804d78ca5d203ebf98747e8f16dff9713ba8950097ceb760b161e19907,Domains_Alloy
1273,-2.959181620556064,-2.656177279849852,1.02,0.0723304633518,86dd3a804d78ca5d203ebf98747e8f16dff9713ba8950097ceb760b161e19907,Domains_Alloy
1274,-2.95968826349442,-2.656177279849852,1.02,0.0723304633518,86dd3a804d78ca5d203ebf98747e8f16dff9713ba8950097ceb760b161e19907,Domains_Alloy
1275,-2.960195101803124,-2.656177279849852,1.02,0.0723304633518,86dd3a804d78ca5d203ebf98747e8f16dff9713ba8950097ceb760b161e19907,Domains_Alloy
1276,-2.960702135340128,-2.656177279849852,1.02,0.0723304633518,86dd3a804d78ca5d203ebf98747e8f16dff9713ba8950097ceb760b161e19907,Domains_Alloy
1277,-2.961209363963578,-2.656177279849852,1.02,0.0723304633518,86dd3a804d78ca5d203ebf98747e8f16dff9713ba8950097ceb760b161e19907,Domains_Alloy
1278,-2.961716787531821,-2.656177279849852,1.02,0.0723304633518,86dd3a804d78ca5d203ebf98747e8f16dff9713ba8950097ceb760b161e19907,Domains_Alloy
1279,-2.962224405903399,-2.656177279849852,1.02,0.0723304633518,86dd3a804d78ca5d203ebf98747e8f16dff9713ba8950097ceb760b161e19907,Domains_Alloy
1280,-2.962732218937055,-2.656177279849852,1.02,0.0723304633518,86dd3a804d78ca5d203ebf98747e8f16dff9713ba8950097ceb760b161e19907,Domains_Alloy
1281,-2.963240226491723,-2.656177279849852,1.02,0.0723304633518,86dd3a804d78ca5d203ebf98747e8f16dff9713ba8950097ceb760b161e19907,Domains_Alloy
1282,-2.963748428426539,-2.656177279849852,1.02,0.0723304633518,86dd3a804d78ca5d203ebf98747e8f16dff9713ba8950097ceb760b161e19907,Domains_Alloy
1283,-2.964256824600831,-2.656177279849852,1.02,0.0723304633518,86dd3a804d78ca5d203ebf98747e8f16dff9713ba8950097ceb760b161e19907,Domains_Alloy
1284,-2.964765414874125,-2.656177279849852,1.02,0.0723304633518,86dd3a804d78ca5d203ebf98747e8f16dff9713ba8950097ceb760b161e19907,Domains_Alloy
1285,-2.96527419910614,-2.656177279849852,1.02,0.0723304633518,86dd3a804d78ca5d203ebf98747e8f16dff9713ba8950097ceb760b161e19907,Domains_Alloy
1286,-2.965783177156791,-2.656177279849852,1.02,0.0723304633518,86dd3a804d78ca5d203ebf98747e8f16dff9713ba8950097ceb760b161e19907,Domains_Alloy
1287,-2.966292348886189,-2.656177279849852,1.02,0.0723304633518,86dd3a804d78ca5d203ebf98747e8f16dff9713ba8950097ceb760b161e19907,Domains_Alloy
1288,-2.966801714154636,-2.656177279849852,1.02,0.0723304633518,86dd3a804d78ca5d203ebf98747e8f16dff9713ba8950097ceb760b161e19907,Domains_Alloy
1289,-2.967311272822629,-2.656177279849852,1.02,0.0723304633518,86dd3a804d78ca5d203ebf98747e8f16dff9713ba8950097ceb760b161e19907,Domains_Alloy
1290,-2.967821024750859,-2.656177279849852,1.02,0.0723304633518,86dd3a804d78ca5d203ebf98747e8f16dff9713ba8950097ceb760b161e19907,Domains_Alloy
1291,-2.968330969800208,-2.656177279849852,1.02,0.0723304633518,86dd3a804d78ca5d203ebf98747e8f16dff9713ba8950097ceb760b161e19907,Domains_Alloy
1292,-2.968841107831752,-2.656177279849852,1.02,0.0723304633518,86dd3a804d78ca5d203ebf98747e8f16dff9713ba8950097ceb760b161e19907,Domains_Alloy
1293,-2.969351438706759,-2.656177279849852,1.02,0.0723304633518,86dd3a804d78ca5d203ebf98747e8f16dff9713ba8950097ceb760b161e19907,Domains_Alloy
1294,-2.969861962286687,-2.656177279849852,1.02,0.0723304633518,86dd3a804d78ca5d203ebf98747e8f16dff9713ba8950097ceb760b161e19907,Domains_Alloy
1295,-2.970372678433188,-2.656177279849852,1.02,0.0723304633518,86dd3a804d78ca5d203ebf98747e8f16dff9713ba8950097ceb760b161e19907,Domains_Alloy
1296,-2.970883587008102,-2.656177279849852,1.02,0.0723304633518,86dd3a804d78ca5d203ebf98747e8f16dff9713ba8950097ceb760b161e19907,Domains_Alloy
1297,-2.971394687873462,-2.656177279849852,1.02,0.0723304633518,86dd3a804d78ca5d203ebf98747e8f16dff9713ba8950097ceb760b161e19907,Domains_Alloy
1298,-2.971905980891492,-2.656177279849852,1.02,0.0723304633518,86dd3a804d78ca5d203ebf98747e8f16dff9713ba8950097ceb760b161e19907,Domains_Alloy
1299,-2.972417465924601,-2.656177279849852,1.02,0.0723304633518,86dd3a804d78ca5d203ebf98747e8f16dff9713ba8950097ceb760b161e19907,Domains_Alloy
1300,-2.972929142835393,-2.656177279849852,1.02,0.0723304633518,86dd3a804d78ca5d203ebf98747e8f16dff9713ba8950097ceb760b161e19907,Domains_Alloy
1301,-2.973441011486656,-2.656177279849852,1.02,0.0723304633518,86dd3a804d78ca5d203ebf98747e8f16dff9713ba8950097ceb760b161e19907,Domains_Alloy
1302,-2.973953071741372,-2.656177279849852,1.02,0.0723304633518,86dd3a804d78ca5d203ebf98747e8f16dff9713ba8950097ceb760b161e19907,Domains_Alloy
1303,-2.974465323462708,-2.656177279849852,1.02,0.0723304633518,86dd3a804d78ca5d203ebf98747e8f16dff9713ba8950097ceb760b161e19907,Domains_Alloy
1304,-2.974977766514018,-2.656177279849852,1.02,0.0723304633518,86dd3a804d78ca5d203ebf98747e8f16dff9713ba8950097ceb760b161e19907,Domains_Alloy
1305,-2.975490400758846,-2.656177279849852,1.02,0.0723304633518,86dd3a804d78ca5d203ebf98747e8f16dff9713ba8950097ceb760b161e19907,Domains_Alloy
1306,-2.976003226060923,-2.656177279849852,1.02,0.0723304633518,86dd3a804d78ca5d203ebf98747e8f16dff9713ba8950097ceb760b161e19907,Domains_Alloy
1307,-2.976516242284166,-2.656177279849852,1.02,0.0723304633518,86dd3a804d78ca5d203ebf98747e8f16dff9713ba8950097ceb760b161e19907,Domains_Alloy
1308,-2.977029449292677,-2.656177279849852,1.02,0.0723304633518,86dd3a804d78ca5d203ebf98747e8f16dff9713ba8950097ceb760b161e19907,Domains_Alloy
1309,-2.977542846950747,-2.656177279849852,1.02,0.0723304633518,86dd3a804d78ca5d203ebf98747e8f16dff9713ba8950097ceb760b161e19907,Domains_Alloy
1310,-2.978056435122852,-2.656177279849852,1.02,0.0723304633518,86dd3a804d78ca5d203ebf98747e8f16dff9713ba8950097ceb760b161e19907,Domains_Alloy
1311,-2.978570213673651,-2.656177279849852,1.02,0.0723304633518,86dd3a804d78ca5d203ebf98747e8f16dff9713ba8950097ceb760b161e19907,Domains_Alloy
1312,-2.979084182467992,-2.656177279849852,1.02,0.0723304633518,86dd3a804d78ca5d203ebf98747e8f16dff9713ba8950097ceb760b161e19907,Domains_Alloy
1313,-2.979598341370904,-2.656177279849852,1.02,0.0723304633518,86dd3a804d78ca5d203ebf98747e8f16dff9713ba8950097ceb760b161e19907,Domains_Alloy
1314,-2.980112690247602,-2.656177279849852,1.02,0.0723304633518,86dd3a804d78ca5d203ebf98747e8f16dff9713ba8950097ceb760b161e19907,Domains_Alloy
1315,-2.980627228963484,-2.656177279849852,1.02,0.0723304633518,86dd3a804d78ca5d203ebf98747e8f16dff9713ba8950097ceb760b161e19907,Domains_Alloy
1316,-2.981141957384133,-2.656177279849852,1.02,0.0723304633518,86dd3a804d78ca5d203ebf98747e8f16dff9713ba8950097ceb760b161e19907,Domains_Alloy
1317,-2.981656875375316,-2.656177279849852,1.02,0.0723304633518,86dd3a804d78ca5d203ebf98747e8f16dff9713ba8950097ceb760b161e19907,Domains_Alloy
1318,-2.982171982802978,-2.656177279849852,1.02,0.0723304633518,86dd3a804d78ca5d203ebf98747e8f16dff9713ba8950097ceb760b161e19907,Domains_Alloy
1319,-2.982687279533251,-2.656177279849852,1.02,0.0723304633518,86dd3a804d78ca5d203ebf98747e8f16dff9713ba8950097ceb760b161e19907,Domains_Alloy
1320,-2.983202765432448,-2.656177279849852,1.02,0.0723304633518,86dd3a804d78ca5d203ebf98747e8f16dff9713ba8950097ceb760b161e19907,Domains_Alloy
1321,-2.983718440367065,-2.656177279849852,1.02,0.0723304633518,86dd3a804d78ca5d203ebf98747e8f16dff9713ba8950097ceb760b161e19907,Domains_Alloy
1322,-2.984234304203775,-2.656177279849852,1.02,0.0723304633518,86dd3a804d78ca5d203ebf98747e8f16dff9713ba8950097ceb760b161e19907,Domains_Alloy
1323,-2.984750356809438,-2.656177279849852,1.02,0.0723304633518,86dd3a804d78ca5d203ebf98747e8f16dff9713ba8950097ceb760b161e19907,Domains_Alloy
1324,-2.985266598051089,-2.656177279849852,1.02,0.0723304633518,86dd3a804d78ca5d203ebf98747e8f16dff9713ba8950097ceb760b161e19907,Domains_Alloy
1325,-2.985783027795949,-2.656177279849852,1.02,0.0723304633518,86dd3a804d78ca5d203ebf98747e8f16dff9713ba8950097ceb760b161e19907,Domains_Alloy
1326,-2.986299645911414,-2.656177279849852,1.02,0.0723304633518,86dd3a804d78ca5d203ebf98747e8f16dff9713ba8950097ceb760b161e19907,Domains_Alloy
1327,-2.986816452265062,-2.656177279849852,1.02,0.0723304633518,86dd3a804d78ca5d203ebf98747e8f16dff9713ba8950097ceb760b161e19907,Domains_Alloy
1328,-2.98733344672465,-2.656177279849852,1.02,0.0723304633518,86dd3a804d78ca5d203ebf98747e8f16dff9713ba8950097ceb760b161e19907,Domains_Alloy
1329,-2.987850629158114,-2.656177279849852,1.02,0.0723304633518,86dd3a804d78ca5d203ebf98747e8f16dff9713ba8950097ceb760b161e19907,Domains_Alloy
1330,-2.98836799943357,-2.656177279849852,1.02,0.0723304633518,86dd3a804d78ca5d203ebf98747e8f16dff9713ba8950097ceb760b161e19907,Domains_Alloy
1331,-2.988885557419309,-2.656177279849852,1.02,0.0723304633518,86dd3a804d78ca5d203ebf98747e8f16dff9713ba8950097ceb760b161e19907,Domains_Alloy
1332,-2.989403302983803,-2.656177279849852,1.02,0.0723304633518,86dd3a804d78ca5d203ebf98747e8f16dff9713ba8950097ceb760b161e19907,Domains_Alloy
1333,-2.989921235995699,-2.656177279849852,1.02,0.0723304633518,86dd3a804d78ca5d203ebf98747e8f16dff9713ba8950097ceb760b161e19907,Domains_Alloy
1334,-2.990439356323823,-2.656177279849852,1.02,0.0723304633518,86dd3a804d78ca5d203ebf98747e8f16dff9713ba8950097ceb760b161e19907,Domains_Alloy
1335,-2.990957663837179,-2.656177279849852,1.02,0.0723304633518,86dd3a804d78ca5d203ebf98747e8f16dff9713ba8950097ceb760b161e19907,Domains_Alloy
1336,-2.991476158404943,-2.656177279849852,1.02,0.0723304633518,86dd3a804d78ca5d203ebf98747e8f16dff9713ba8950097ceb760b161e19907,Domains_Alloy
1337,-2.991994839896472,-2.656177279849852,1.02,0.0723304633518,86dd3a804d78ca5d203ebf98747e8f16dff9713ba8950097ceb760b161e19907,Domains_Alloy
1338,-2.992513708181297,-2.656177279849852,1.02,0.0723304633518,86dd3a804d78ca5d203ebf98747e8f16dff9713ba8950097ceb760b161e19907,Domains_Alloy
1339,-2.993032763129124,-2.656177279849852,1.02,0.0723304633518,86dd3a804d78ca5d203ebf98747e8f16dff9713ba8950097ceb760b161e19907,Domains_Alloy
1340,-2.993552004609834,-2.656177279849852,1.02,0.0723304633518,86dd3a804d78ca5d203ebf98747e8f16dff9713ba8950097ceb760b161e19907,Domains_Alloy
1341,-2.994071432493484,-2.656177279849852,1.02,0.0723304633518,86dd3a804d78ca5d203ebf98747e8f16dff9713ba8950097ceb760b161e19907,Domains_Alloy
1342,-2.994591046650305,-2.656177279849852,1.02,0.0723304633518,86dd3a804d78ca5d203ebf98747e8f16dff9713ba8950097ceb760b161e19907,Domains_Alloy
1343,-2.995110846950701,-2.656177279849852,1.02,0.0723304633518,86dd3a804d78ca5d203ebf98747e8f16dff9713ba8950097ceb760b161e19907,Domains_Alloy
1344,-2.995630833265253,-2.656177279849852,1.02,0.0723304633518,86dd3a804d78ca5d203ebf98747e8f16dff9713ba8950097ceb760b161e19907,Domains_Alloy
1345,-2.99615100546471,-2.656177279849852,1.02,0.0723304633518,86dd3a804d78ca5d203ebf98747e8f16dff9713ba8950097ceb760b161e19907,Domains_Alloy
1346,-2.99667136342,-2.656177279849852,1.02,0.0723304633518,86dd3a804d78ca5d203ebf98747e8f16dff9713ba8950097ceb760b161e19907,Domains_Alloy
1347,-2.997191907002222,-2.656177279849852,1.02,0.0723304633518,86dd3a804d78ca5d203ebf98747e8f16dff9713ba8950097ceb760b161e19907,Domains_Alloy
1348,-2.997712636082645,-2.656177279849852,1.02,0.0723304633518,86dd3a804d78ca5d203ebf98747e8f16dff9713ba8950097ceb760b161e19907,Domains_Alloy
1349,-2.998233550532712,-2.656177279849852,1.02,0.0723304633518,86dd3a804d78ca5d203ebf98747e8f16dff9713ba8950097ceb760b161e19907,Domains_Alloy
1350,-2.998754650224037,-2.656177279849852,1.02,0.0723304633518,86dd3a804d78ca5d203ebf98747e8f16dff9713ba8950097ceb760b161e19907,Domains_Alloy
1351,-2.999275935028409,-2.656177279849852,1.02,0.0723304633518,86dd3a804d78ca5d203ebf98747e8f16dff9713ba8950097ceb760b161e19907,Domains_Alloy
1352,-2.999797404817782,-2.656177279849852,1.02,0.0723304633518,86dd3a804d78ca5d203ebf98747e8f16dff9713ba8950097ceb760b161e19907,Domains_Alloy
1353,-3.000319059464287,-2.656177279849852,1.02,0.0723304633518,86dd3a804d78ca5d203ebf98747e8f16dff9713ba8950097ceb760b161e19907,Domains_Alloy
1354,-3.000840898840219,-2.656177279849852,1.02,0.0723304633518,86dd3a804d78ca5d203ebf98747e8f16dff9713ba8950097ceb760b161e19907,Domains_Alloy
1355,-3.00136292281805,-2.656177279849852,1.02,0.0723304633518,86dd3a804d78ca5d203ebf98747e8f16dff9713ba8950097ceb760b161e19907,Domains_Alloy
1356,-3.001885131270418,-2.656177279849852,1.02,0.0723304633518,86dd3a804d78ca5d203ebf98747e8f16dff9713ba8950097ceb760b161e19907,Domains_Alloy
1357,-3.00240752407013,-2.656177279849852,1.02,0.0723304633518,86dd3a804d78ca5d203ebf98747e8f16dff9713ba8950097ceb760b161e19907,Domains_Alloy
1358,-3.002930101090164,-2.656177279849852,1.02,0.0723304633518,86dd3a804d78ca5d203ebf98747e8f16dff9713ba8950097ceb760b161e19907,Domains_Alloy
1359,-3.003452862203667,-2.656177279849852,1.02,0.0723304633518,86dd3a804d78ca5d203ebf98747e8f16dff9713ba8950097ceb760b161e19907,Domains_Alloy
1360,-3.003975807283952,-2.656177279849852,1.02,0.0723304633518,86dd3a804d78ca5d203ebf98747e8f16dff9713ba8950097ceb760b161e19907,Domains_Alloy
1361,-3.004498936204503,-2.656177279849852,1.02,0.0723304633518,86dd3a804d78ca5d203ebf98747e8f16dff9713ba8950097ceb760b161e19907,Domains_Alloy
1362,-3.005022248838971,-2.656177279849852,1.02,0.0723304633518,86dd3a804d78ca5d203ebf98747e8f16dff9713ba8950097ceb760b161e19907,Domains_Alloy
1363,-3.005545745061174,-2.656177279849852,1.02,0.0723304633518,86dd3a804d78ca5d203ebf98747e8f16dff9713ba8950097ceb760b161e19907,Domains_Alloy
1364,-3.006069424745097,-2.656177279849852,1.02,0.0723304633518,86dd3a804d78ca5d203ebf98747e8f16dff9713ba8950097ceb760b161e19907,Domains_Alloy
1365,-3.006593287764893,-2.656177279849852,1.02,0.0723304633518,86dd3a804d78ca5d203ebf98747e8f16dff9713ba8950097ceb760b161e19907,Domains_Alloy
1366,-3.007117333994881,-2.656177279849852,1.02,0.0723304633518,86dd3a804d78ca5d203ebf98747e8f16dff9713ba8950097ceb760b161e19907,Domains_Alloy
1367,-3.007641563309548,-2.656177279849852,1.02,0.0723304633518,86dd3a804d78ca5d203ebf98747e8f16dff9713ba8950097ceb760b161e19907,Domains_Alloy
1368,-3.008165975583544,-2.656177279849852,1.02,0.0723304633518,86dd3a804d78ca5d203ebf98747e8f16dff9713ba8950097ceb760b161e19907,Domains_Alloy
1369,-3.008690570691686,-2.656177279849852,1.02,0.0723304633518,86dd3a804d78ca5d203ebf98747e8f16dff9713ba8950097ceb760b161e19907,Domains_Alloy
1370,-3.009215348508955,-2.656177279849852,1.02,0.0723304633518,86dd3a804d78ca5d203ebf98747e8f16dff9713ba8950097ceb760b161e19907,Domains_Alloy
1371,-3.009740308910503,-2.656177279849852,1.02,0.0723304633518,86dd3a804d78ca5d203ebf98747e8f16dff9713ba8950097ceb760b161e19907,Domains_Alloy
1372,-3.010265451771638,-2.656177279849852,1.02,0.0723304633518,86dd3a804d78ca5d203ebf98747e8f16dff9713ba8950097ceb760b161e19907,Domains_Alloy
1373,-3.010790776967838,-2.656177279849852,1.02,0.0723304633518,86dd3a804d78ca5d203ebf98747e8f16dff9713ba8950097ceb760b161e19907,Domains_Alloy
1374,-3.011316284374744,-2.656177279849852,1.02,0.0723304633518,86dd3a804d78ca5d203ebf98747e8f16dff9713ba8950097ceb760b161e19907,Domains_Alloy
1375,-3.011841973868159,-2.656177279849852,1.02,0.0723304633518,86dd3a804d78ca5d203ebf98747e8f16dff9713ba8950097ceb760b161e19907,Domains_Alloy
1376,-3.012367845324053,-2.656177279849852,1.02,0.0723304633518,86dd3a804d78ca5d203ebf98747e8f16dff9713ba8950097ceb760b161e19907,Domains_Alloy
1377,-3.012893898618556,-2.656177279849852,1.02,0.0723304633518,86dd3a804d78ca5d203ebf98747e8f16dff9713ba8950097ceb760b161e19907,Domains_Alloy
1378,-3.013420133627962,-2.656177279849852,1.02,0.0723304633518,86dd3a804d78ca5d203ebf98747e8f16dff9713ba8950097ceb760b161e19907,Domains_Alloy
1379,-3.013946550228728,-2.656177279849852,1.02,0.0723304633518,86dd3a804d78ca5d203ebf98747e8f16dff9713ba8950097ceb760b161e19907,Domains_Alloy
1380,-3.01447314829747,-2.656177279849852,1.02,0.0723304633518,86dd3a804d78ca5d203ebf98747e8f16dff9713ba8950097ceb760b161e19907,Domains_Alloy
1381,-3.014999927710972,-2.656177279849852,1.02,0.0723304633518,86dd3a804d78ca5d203ebf98747e8f16dff9713ba8950097ceb760b161e19907,Domains_Alloy
1382,-3.015526888346175,-2.656177279849852,1.02,0.0723304633518,86dd3a804d78ca5d203ebf98747e8f16dff9713ba8950097ceb760b161e19907,Domains_Alloy
1383,-3.016054030080182,-2.656177279849852,1.02,0.0723304633518,86dd3a804d78ca5d203ebf98747e8f16dff9713ba8950097ceb760b161e19907,Domains_Alloy
1384,-3.016581352790258,-2.656177279849852,1.02,0.0723304633518,86dd3a804d78ca5d203ebf98747e8f16dff9713ba8950097ceb760b161e19907,Domains_Alloy
1385,-3.017108856353828,-2.656177279849852,1.02,0.0723304633518,86dd3a804d78ca5d203ebf98747e8f16dff9713ba8950097ceb760b161e19907,Domains_Alloy
1386,-3.017636540648478,-2.656177279849852,1.02,0.0723304633518,86dd3a804d78ca5d203ebf98747e8f16dff9713ba8950097ceb760b161e19907,Domains_Alloy
1387,-3.018164405551953,-2.656177279849852,1.02,0.0723304633518,86dd3a804d78ca5d203ebf98747e8f16dff9713ba8950097ceb760b161e19907,Domains_Alloy
1388,-3.018692450942159,-2.656177279849852,1.02,0.0723304633518,86dd3a804d78ca5d203ebf98747e8f16dff9713ba8950097ceb760b161e19907,Domains_Alloy
1389,-3.019220676697161,-2.656177279849852,1.02,0.0723304633518,86dd3a804d78ca5d203ebf98747e8f16dff9713ba8950097ceb760b161e19907,Domains_Alloy
1390,-3.019749082695183,-2.656177279849852,1.02,0.0723304633518,86dd3a804d78ca5d203ebf98747e8f16dff9713ba8950097ceb760b161e19907,Domains_Alloy
1391,-3.020277668814608,-2.656177279849852,1.02,0.0723304633518,86dd3a804d78ca5d203ebf98747e8f16dff9713ba8950097ceb760b161e19907,Domains_Alloy
1392,-3.020806434933978,-2.656177279849852,1.02,0.0723304633518,86dd3a804d78ca5d203ebf98747e8f16dff9713ba8950097ceb760b161e19907,Domains_Alloy
1393,-3.021335380931992,-2.656177279849852,1.02,0.0723304633518,86dd3a804d78ca5d203ebf98747e8f16dff9713ba8950097ceb760b161e19907,Domains_Alloy
1394,-3.021864506687509,-2.656177279849852,1.02,0.0723304633518,86dd3a804d78ca5d203ebf98747e8f16dff9713ba8950097ceb760b161e19907,Domains_Alloy
1395,-3.022393812079543,-2.656177279849852,1.02,0.0723304633518,86dd3a804d78ca5d203ebf98747e8f16dff9713ba8950097ceb760b161e19907,Domains_Alloy
1396,-3.022923296987269,-2.656177279849852,1.02,0.0723304633518,86dd3a804d78ca5d203ebf98747e8f16dff9713ba8950097ceb760b161e19907,Domains_Alloy
1397,-3.023452961290017,-2.656177279849852,1.02,0.0723304633518,86dd3a804d78ca5d203ebf98747e8f16dff9713ba8950097ceb760b161e19907,Domains_Alloy
1398,-3.023982804867271,-2.656177279849852,1.02,0.0723304633518,86dd3a804d78ca5d203ebf98747e8f16dff9713ba8950097ceb760b161e19907,Domains_Alloy
1399,-3.024512827598678,-2.656177279849852,1.02,0.0723304633518,86dd3a804d78ca5d203ebf98747e8f16dff9713ba8950097ceb760b161e19907,Domains_Alloy
1400,-3.025043029364036,-2.656177279849852,1.02,0.0723304633518,86dd3a804d78ca5d203ebf98747e8f16dff9713ba8950097ceb760b161e19907,Domains_Alloy
1401,-3.025573410043299,-2.656177279849852,1.02,0.0723304633518,86dd3a804d78ca5d203ebf98747e8f16dff9713ba8950097ceb760b161e19907,Domains_Alloy
1402,-3.026103969516582,-2.656177279849852,1.02,0.0723304633518,86dd3a804d78ca5d203ebf98747e8f16dff9713ba8950097ceb760b161e19907,Domains_Alloy
1403,-3.026634707664148,-2.656177279849852,1.02,0.0723304633518,86dd3a804d78ca5d203ebf98747e8f16dff9713ba8950097ceb760b161e19907,Domains_Alloy
1404,-3.02716562436642,-2.656177279849852,1.02,0.0723304633518,86dd3a804d78ca5d203ebf98747e8f16dff9713ba8950097ceb760b161e19907,Domains_Alloy
1405,-3.027696719503974,-2.656177279849852,1.02,0.0723304633518,86dd3a804d78ca5d203ebf98747e8f16dff9713ba8950097ceb760b161e19907,Domains_Alloy
1406,-3.028227992957541,-2.656177279849852,1.02,0.0723304633518,86dd3a804d78ca5d203ebf98747e8f16dff9713ba8950097ceb760b161e19907,Domains_Alloy
1407,-3.028759444608007,-2.656177279849852,1.02,0.0723304633518,86dd3a804d78ca5d203ebf98747e8f16dff9713ba8950097ceb760b161e19907,Domains_Alloy
1408,-3.029291074336409,-2.656177279849852,1.02,0.0723304633518,86dd3a804d78ca5d203ebf98747e8f16dff9713ba8950097ceb760b161e19907,Domains_Alloy
1409,-3.02982288202394,-2.656177279849852,1.02,0.0723304633518,86dd3a804d78ca5d203ebf98747e8f16dff9713ba8950097ceb760b161e19907,Domains_Alloy
1410,-3.030354867551946,-2.656177279849852,1.02,0.0723304633518,86dd3a804d78ca5d203ebf98747e8f16dff9713ba8950097ceb760b161e19907,Domains_Alloy
1411,-3.030887030801925,-2.656177279849852,1.02,0.0723304633518,86dd3a804d78ca5d203ebf98747e8f16dff9713ba8950097ceb760b161e19907,Domains_Alloy
1412,-3.031419371655532,-2.656177279849852,1.02,0.0723304633518,86dd3a804d78ca5d203ebf98747e8f16dff9713ba8950097ceb760b161e19907,Domains_Alloy
1413,-3.031951889994567,-2.656177279849852,1.02,0.0723304633518,86dd3a804d78ca5d203ebf98747e8f16dff9713ba8950097ceb760b161e19907,Domains_Alloy
1414,-3.032484585700987,-2.656177279849852,1.02,0.0723304633518,86dd3a804d78ca5d203ebf98747e8f16dff9713ba8950097ceb760b161e19907,Domains_Alloy
1415,-3.033017458656901,-2.656177279849852,1.02,0.0723304633518,86dd3a804d78ca5d203ebf98747e8f16dff9713ba8950097ceb760b161e19907,Domains_Alloy
1416,-3.033550508744569,-2.656177279849852,1.02,0.0723304633518,86dd3a804d78ca5d203ebf98747e8f16dff9713ba8950097ceb760b161e19907,Domains_Alloy
1417,-3.034083735846401,-2.656177279849852,1.02,0.0723304633518,86dd3a804d78ca5d203ebf98747e8f16dff9713ba8950097ceb760b161e19907,Domains_Alloy
1418,-3.03461713984496,-2.656177279849852,1.02,0.0723304633518,86dd3a804d78ca5d203ebf98747e8f16dff9713ba8950097ceb760b161e19907,Domains_Alloy
1419,-3.035150720622958,-2.656177279849852,1.02,0.0723304633518,86dd3a804d78ca5d203ebf98747e8f16dff9713ba8950097ceb760b161e19907,Domains_Alloy
1420,-3.035684478063259,-2.656177279849852,1.02,0.0723304633518,86dd3a804d78ca5d203ebf98747e8f16dff9713ba8950097ceb760b161e19907,Domains_Alloy
1421,-3.036218412048876,-2.656177279849852,1.02,0.0723304633518,86dd3a804d78ca5d203ebf98747e8f16dff9713ba8950097ceb760b161e19907,Domains_Alloy
1422,-3.036752522462973,-2.656177279849852,1.02,0.0723304633518,86dd3a804d78ca5d203ebf98747e8f16dff9713ba8950097ceb760b161e19907,Domains_Alloy
1423,-3.037286809188863,-2.656177279849852,1.02,0.0723304633518,86dd3a804d78ca5d203ebf98747e8f16dff9713ba8950097ceb760b161e19907,Domains_Alloy
1424,-3.037821272110007,-2.656177279849852,1.02,0.0723304633518,86dd3a804d78ca5d203ebf98747e8f16dff9713ba8950097ceb760b161e19907,Domains_Alloy
1425,-3.038355911110019,-2.656177279849852,1.02,0.0723304633518,86dd3a804d78ca5d203ebf98747e8f16dff9713ba8950097ceb760b161e19907,Domains_Alloy
1426,-3.038890726072658,-2.656177279849852,1.02,0.0723304633518,86dd3a804d78ca5d203ebf98747e8f16dff9713ba8950097ceb760b161e19907,Domains_Alloy
1427,-3.039425716881834,-2.656177279849852,1.02,0.0723304633518,86dd3a804d78ca5d203ebf98747e8f16dff9713ba8950097ceb760b161e19907,Domains_Alloy
1428,-3.039960883421603,-2.656177279849852,1.02,0.0723304633518,86dd3a804d78ca5d203ebf98747e8f16dff9713ba8950097ceb760b161e19907,Domains_Alloy
1429,-3.040496225576171,-2.656177279849852,1.02,0.0723304633518,86dd3a804d78ca5d203ebf98747e8f16dff9713ba8950097ceb760b161e19907,Domains_Alloy
1430,-3.04103174322989,-2.656177279849852,1.02,0.0723304633518,86dd3a804d78ca5d203ebf98747e8f16dff9713ba8950097ceb760b161e19907,Domains_Alloy
1431,-3.041567436267262,-2.656177279849852,1.02,0.0723304633518,86dd3a804d78ca5d203ebf98747e8f16dff9713ba8950097ceb760b161e19907,Domains_Alloy
1432,-3.042103304572934,-2.656177279849852,1.02,0.0723304633518,86dd3a804d78ca5d203ebf98747e8f16dff9713ba8950097ceb760b161e19907,Domains_Alloy
1433,-3.042639348031699,-2.656177279849852,1.02,0.0723304633518,86dd3a804d78ca5d203ebf98747e8f16dff9713ba8950097ceb760b161e19907,Domains_Alloy
1434,-3.0431755665285,-2.656177279849852,1.02,0.0723304633518,86dd3a804d78ca5d203ebf98747e8f16dff9713ba8950097ceb760b161e19907,Domains_Alloy
1435,-3.043711959948423,-2.656177279849852,1.02,0.0723304633518,86dd3a804d78ca5d203ebf98747e8f16dff9713ba8950097ceb760b161e19907,Domains_Alloy
1436,-3.044248528176704,-2.656177279849852,1.02,0.0723304633518,86dd3a804d78ca5d203ebf98747e8f16dff9713ba8950097ceb760b161e19907,Domains_Alloy
1437,-3.04478527109872,-2.656177279849852,1.02,0.0723304633518,86dd3a804d78ca5d203ebf98747e8f16dff9713ba8950097ceb760b161e19907,Domains_Alloy
1438,-3.045322188599995,-2.656177279849852,1.02,0.0723304633518,86dd3a804d78ca5d203ebf98747e8f16dff9713ba8950097ceb760b161e19907,Domains_Alloy
1439,-3.045859280566203,-2.656177279849852,1.02,0.0723304633518,86dd3a804d78ca5d203ebf98747e8f16dff9713ba8950097ceb760b161e19907,Domains_Alloy
1440,-3.046396546883156,-2.656177279849852,1.02,0.0723304633518,86dd3a804d78ca5d203ebf98747e8f16dff9713ba8950097ceb760b161e19907,Domains_Alloy
1441,-3.046933987436816,-2.656177279849852,1.02,0.0723304633518,86dd3a804d78ca5d203ebf98747e8f16dff9713ba8950097ceb760b161e19907,Domains_Alloy
1442,-3.047471602113287,-2.656177279849852,1.02,0.0723304633518,86dd3a804d78ca5d203ebf98747e8f16dff9713ba8950097ceb760b161e19907,Domains_Alloy
1443,-3.048009390798818,-2.656177279849852,1.02,0.0723304633518,86dd3a804d78ca5d203ebf98747e8f16dff9713ba8950097ceb760b161e19907,Domains_Alloy
1444,-3.0485473533798,-2.656177279849852,1.02,0.0723304633518,86dd3a804d78ca5d203ebf98747e8f16dff9713ba8950097ceb760b161e19907,Domains_Alloy
1445,-3.049085489742772,-2.656177279849852,1.02,0.0723304633518,86dd3a804d78ca5d203ebf98747e8f16dff9713ba8950097ceb760b161e19907,Domains_Alloy
1446,-3.049623799774412,-2.656177279849852,1.02,0.0723304633518,86dd3a804d78ca5d203ebf98747e8f16dff9713ba8950097ceb760b161e19907,Domains_Alloy
1447,-3.050162283361542,-2.656177279849852,1.02,0.0723304633518,86dd3a804d78ca5d203ebf98747e8f16dff9713ba8950097ceb760b161e19907,Domains_Alloy
1448,-3.050700940391132,-2.656177279849852,1.02,0.0723304633518,86dd3a804d78ca5d203ebf98747e8f16dff9713ba8950097ceb760b161e19907,Domains_Alloy
1449,-3.051239770750288,-2.656177279849852,1.02,0.0723304633518,86dd3a804d78ca5d203ebf98747e8f16dff9713ba8950097ceb760b161e19907,Domains_Alloy
1450,-3.05177877432626,-2.656177279849852,1.02,0.0723304633518,86dd3a804d78ca5d203ebf98747e8f16dff9713ba8950097ceb760b161e19907,Domains_Alloy
1451,-3.052317951006442,-2.656177279849852,1.02,0.0723304633518,86dd3a804d78ca5d203ebf98747e8f16dff9713ba8950097ceb760b161e19907,Domains_Alloy
1452,-3.05285730067837,-2.656177279849852,1.02,0.0723304633518,86dd3a804d78ca5d203ebf98747e8f16dff9713ba8950097ceb760b161e19907,Domains_Alloy
1453,-3.053396823229719,-2.656177279849852,1.02,0.0723304633518,86dd3a804d78ca5d203ebf98747e8f16dff9713ba8950097ceb760b161e19907,Domains_Alloy
1454,-3.053936518548308,-2.656177279849852,1.02,0.0723304633518,86dd3a804d78ca5d203ebf98747e8f16dff9713ba8950097ceb760b161e19907,Domains_Alloy
1455,-3.054476386522095,-2.656177279849852,1.02,0.0723304633518,86dd3a804d78ca5d203ebf98747e8f16dff9713ba8950097ceb760b161e19907,Domains_Alloy
1456,-3.055016427039181,-2.656177279849852,1.02,0.0723304633518,86dd3a804d78ca5d203ebf98747e8f16dff9713ba8950097ceb760b161e19907,Domains_Alloy
1457,-3.055556639987806,-2.656177279849852,1.02,0.0723304633518,86dd3a804d78ca5d203ebf98747e8f16dff9713ba8950097ceb760b161e19907,Domains_Alloy
1458,-3.056097025256351,-2.656177279849852,1.02,0.0723304633518,86dd3a804d78ca5d203ebf98747e8f16dff9713ba8950097ceb760b161e19907,Domains_Alloy
1459,-3.056637582733336,-2.656177279849852,1.02,0.0723304633518,86dd3a804d78ca5d203ebf98747e8f16dff9713ba8950097ceb760b161e19907,Domains_Alloy
1460,-3.057178312307422,-2.656177279849852,1.02,0.0723304633518,86dd3a804d78ca5d203ebf98747e8f16dff9713ba8950097ceb760b161e19907,Domains_Alloy
1461,-3.05771921386741,-2.656177279849852,1.02,0.0723304633518,86dd3a804d78ca5d203ebf98747e8f16dff9713ba8950097ceb760b161e19907,Domains_Alloy
1462,-3.058260287302239,-2.656177279849852,1.02,0.0723304633518,86dd3a804d78ca5d203ebf98747e8f16dff9713ba8950097ceb760b161e19907,Domains_Alloy
1463,-3.058801532500985,-2.656177279849852,1.02,0.0723304633518,86dd3a804d78ca5d203ebf98747e8f16dff9713ba8950097ceb760b161e19907,Domains_Alloy
1464,-3.05934294935287,-2.656177279849852,1.02,0.0723304633518,86dd3a804d78ca5d203ebf98747e8f16dff9713ba8950097ceb760b161e19907,Domains_Alloy
1465,-3.059884537747247,-2.656177279849852,1.02,0.0723304633518,86dd3a804d78ca5d203ebf98747e8f16dff9713ba8950097ceb760b161e19907,Domains_Alloy
1466,-3.06042629757361,-2.656177279849852,1.02,0.0723304633518,86dd3a804d78ca5d203ebf98747e8f16dff9713ba8950097ceb760b161e19907,Domains_Alloy
1467,-3.060968228721593,-2.656177279849852,1.02,0.0723304633518,86dd3a804d78ca5d203ebf98747e8f16dff9713ba8950097ceb760b161e19907,Domains_Alloy
1468,-3.061510331080964,-2.656177279849852,1.02,0.0723304633518,86dd3a804d78ca5d203ebf98747e8f16dff9713ba8950097ceb760b161e19907,Domains_Alloy
1469,-3.062052604541632,-2.656177279849852,1.02,0.0723304633518,86dd3a804d78ca5d203ebf98747e8f16dff9713ba8950097ceb760b161e19907,Domains_Alloy
1470,-3.062595048993642,-2.656177279849852,1.02,0.0723304633518,86dd3a804d78ca5d203ebf98747e8f16dff9713ba8950097ceb760b161e19907,Domains_Alloy
1471,-3.063137664327175,-2.656177279849852,1.02,0.0723304633518,86dd3a804d78ca5d203ebf98747e8f16dff9713ba8950097ceb760b161e19907,Domains_Alloy
1472,-3.06368045043255,-2.656177279849852,1.02,0.0723304633518,86dd3a804d78ca5d203ebf98747e8f16dff9713ba8950097ceb760b161e19907,Domains_Alloy
1473,-3.064223407200222,-2.656177279849852,1.02,0.0723304633518,86dd3a804d78ca5d203ebf98747e8f16dff9713ba8950097ceb760b161e19907,Domains_Alloy
1474,-3.064766534520783,-2.656177279849852,1.02,0.0723304633518,86dd3a804d78ca5d203ebf98747e8f16dff9713ba8950097ceb760b161e19907,Domains_Alloy
1475,-3.065309832284961,-2.656177279849852,1.02,0.0723304633518,86dd3a804d78ca5d203ebf98747e8f16dff9713ba8950097ceb760b161e19907,Domains_Alloy
1476,-3.065853300383619,-2.656177279849852,1.02,0.0723304633518,86dd3a804d78ca5d203ebf98747e8f16dff9713ba8950097ceb760b161e19907,Domains_Alloy
1477,-3.066396938707756,-2.656177279849852,1.02,0.0723304633518,86dd3a804d78ca5d203ebf98747e8f16dff9713ba8950097ceb760b161e19907,Domains_Alloy
1478,-3.066940747148506,-2.656177279849852,1.02,0.0723304633518,86dd3a804d78ca5d203ebf98747e8f16dff9713ba8950097ceb760b161e19907,Domains_Alloy
1479,-3.067484725597139,-2.656177279849852,1.02,0.0723304633518,86dd3a804d78ca5d203ebf98747e8f16dff9713ba8950097ceb760b161e19907,Domains_Alloy
1480,-3.068028873945059,-2.656177279849852,1.02,0.0723304633518,86dd3a804d78ca5d203ebf98747e8f16dff9713ba8950097ceb760b161e19907,Domains_Alloy
1481,-3.068573192083805,-2.656177279849852,1.02,0.0723304633518,86dd3a804d78ca5d203ebf98747e8f16dff9713ba8950097ceb760b161e19907,Domains_Alloy
1482,-3.069117679905049,-2.656177279849852,1.02,0.0723304633518,86dd3a804d78ca5d203ebf98747e8f16dff9713ba8950097ceb760b161e19907,Domains_Alloy
1483,-3.0696623373006,-2.656177279849852,1.02,0.0723304633518,86dd3a804d78ca5d203ebf98747e8f16dff9713ba8950097ceb760b161e19907,Domains_Alloy
1484,-3.070207164162399,-2.656177279849852,1.02,0.0723304633518,86dd3a804d78ca5d203ebf98747e8f16dff9713ba8950097ceb760b161e19907,Domains_Alloy
1485,-3.07075216038252,-2.656177279849852,1.02,0.0723304633518,86dd3a804d78ca5d203ebf98747e8f16dff9713ba8950097ceb760b161e19907,Domains_Alloy
1486,-3.071297325853173,-2.656177279849852,1.02,0.0723304633518,86dd3a804d78ca5d203ebf98747e8f16dff9713ba8950097ceb760b161e19907,Domains_Alloy
1487,-3.071842660466698,-2.656177279849852,1.02,0.0723304633518,86dd3a804d78ca5d203ebf98747e8f16dff9713ba8950097ceb760b161e19907,Domains_Alloy
1488,-3.072388164115567,-2.656177279849852,1.02,0.0723304633518,86dd3a804d78ca5d203ebf98747e8f16dff9713ba8950097ceb760b161e19907,Domains_Alloy
1489,-3.072933836692391,-2.656177279849852,1.02,0.0723304633518,86dd3a804d78ca5d203ebf98747e8f16dff9713ba8950097ceb760b161e19907,Domains_Alloy
1490,-3.073479678089908,-2.656177279849852,1.02,0.0723304633518,86dd3a804d78ca5d203ebf98747e8f16dff9713ba8950097ceb760b161e19907,Domains_Alloy
1491,-3.074025688200988,-2.656177279849852,1.02,0.0723304633518,86dd3a804d78ca5d203ebf98747e8f16dff9713ba8950097ceb760b161e19907,Domains_Alloy
1492,-3.074571866918637,-2.656177279849852,1.02,0.0723304633518,86dd3a804d78ca5d203ebf98747e8f16dff9713ba8950097ceb760b161e19907,Domains_Alloy
1493,-3.075118214135989,-2.656177279849852,1.02,0.0723304633518,86dd3a804d78ca5d203ebf98747e8f16dff9713ba8950097ceb760b161e19907,Domains_Alloy
1494,-3.07566472974631,-2.656177279849852,1.02,0.0723304633518,86dd3a804d78ca5d203ebf98747e8f16dff9713ba8950097ceb760b161e19907,Domains_Alloy
1495,-3.076211413642999,-2.656177279849852,1.02,0.0723304633518,86dd3a804d78ca5d203ebf98747e8f16dff9713ba8950097ceb760b161e19907,Domains_Alloy
1496,-3.076758265719586,-2.656177279849852,1.02,0.0723304633518,86dd3a804d78ca5d203ebf98747e8f16dff9713ba8950097ceb760b161e19907,Domains_Alloy
1497,-3.077305285869728,-2.656177279849852,1.02,0.0723304633518,86dd3a804d78ca5d203ebf98747e8f16dff9713ba8950097ceb760b161e19907,Domains_Alloy
1498,-3.07785247398722,-2.656177279849852,1.02,0.0723304633518,86dd3a804d78ca5d203ebf98747e8f16dff9713ba8950097ceb760b161e19907,Domains_Alloy
1499,-3.078399829965977,-2.656177279849852,1.02,0.0723304633518,86dd3a804d78ca5d203ebf98747e8f16dff9713ba8950097ceb760b161e19907,Domains_Alloy
1500,-3.078947353700054,-2.656177279849852,1.02,0.0723304633518,86dd3a804d78ca5d203ebf98747e8f16dff9713ba8950097ceb760b161e19907,Domains_Alloy
1501,-3.079495045083631,-2.656177279849852,1.02,0.0723304633518,86dd3a804d78ca5d203ebf98747e8f16dff9713ba8950097ceb760b161e19907,Domains_Alloy
1502,-3.080042904011017,-2.656177279849852,1.02,0.0723304633518,86dd3a804d78ca5d203ebf98747e8f16dff9713ba8950097ceb760b161e19907,Domains_Alloy
1503,-3.080590930376652,-2.656177279849852,1.02,0.0723304633518,86dd3a804d78ca5d203ebf98747e8f16dff9713ba8950097ceb760b161e19907,Domains_Alloy
1504,-3.081139124075105,-2.656177279849852,1.02,0.0723304633518,86dd3a804d78ca5d203ebf98747e8f16dff9713ba8950097ceb760b161e19907,Domains_Alloy
1505,-3.081687485001074,-2.656177279849852,1.02,0.0723304633518,86dd3a804d78ca5d203ebf98747e8f16dff9713ba8950097ceb760b161e19907,Domains_Alloy
1506,-3.082236013049387,-2.656177279849852,1.02,0.0723304633518,86dd3a804d78ca5d203ebf98747e8f16dff9713ba8950097ceb760b161e19907,Domains_Alloy
1507,-3.082784708114996,-2.656177279849852,1.02,0.0723304633518,86dd3a804d78ca5d203ebf98747e8f16dff9713ba8950097ceb760b161e19907,Domains_Alloy
1508,-3.083333570092987,-2.656177279849852,1.02,0.0723304633518,86dd3a804d78ca5d203ebf98747e8f16dff9713ba8950097ceb760b161e19907,Domains_Alloy
1509,-3.083882598878569,-2.656177279849852,1.02,0.0723304633518,86dd3a804d78ca5d203ebf98747e8f16dff9713ba8950097ceb760b161e19907,Domains_Alloy
1510,-3.084431794367082,-2.656177279849852,1.02,0.0723304633518,86dd3a804d78ca5d203ebf98747e8f16dff9713ba8950097ceb760b161e19907,Domains_Alloy
1511,-3.084981156453992,-2.656177279849852,1.02,0.0723304633518,86dd3a804d78ca5d203ebf98747e8f16dff9713ba8950097ceb760b161e19907,Domains_Alloy
1512,-3.085530685034894,-2.656177279849852,1.02,0.0723304633518,86dd3a804d78ca5d203ebf98747e8f16dff9713ba8950097ceb760b161e19907,Domains_Alloy
1513,-3.086080380005509,-2.656177279849852,1.02,0.0723304633518,86dd3a804d78ca5d203ebf98747e8f16dff9713ba8950097ceb760b161e19907,Domains_Alloy
1514,-3.086630241261685,-2.656177279849852,1.02,0.0723304633518,86dd3a804d78ca5d203ebf98747e8f16dff9713ba8950097ceb760b161e19907,Domains_Alloy
1515,-3.087180268699395,-2.656177279849852,1.02,0.0723304633518,86dd3a804d78ca5d203ebf98747e8f16dff9713ba8950097ceb760b161e19907,Domains_Alloy
1516,-3.087730462214743,-2.656177279849852,1.02,0.0723304633518,86dd3a804d78ca5d203ebf98747e8f16dff9713ba8950097ceb760b161e19907,Domains_Alloy
1517,-3.088280821703953,-2.656177279849852,1.02,0.0723304633518,86dd3a804d78ca5d203ebf98747e8f16dff9713ba8950097ceb760b161e19907,Domains_Alloy
1518,-3.088831347063381,-2.656177279849852,1.02,0.0723304633518,86dd3a804d78ca5d203ebf98747e8f16dff9713ba8950097ceb760b161e19907,Domains_Alloy
1519,-3.089382038189503,-2.656177279849852,1.02,0.0723304633518,86dd3a804d78ca5d203ebf98747e8f16dff9713ba8950097ceb760b161e19907,Domains_Alloy
1520,-3.089932894978927,-2.656177279849852,1.02,0.0723304633518,86dd3a804d78ca5d203ebf98747e8f16dff9713ba8950097ceb760b161e19907,Domains_Alloy
1521,-3.090483917328382,-2.656177279849852,1.02,0.0723304633518,86dd3a804d78ca5d203ebf98747e8f16dff9713ba8950097ceb760b161e19907,Domains_Alloy
1522,-3.091035105134722,-2.656177279849852,1.02,0.0723304633518,86dd3a804d78ca5d203ebf98747e8f16dff9713ba8950097ceb760b161e19907,Domains_Alloy
1523,-3.091586458294928,-2.656177279849852,1.02,0.0723304633518,86dd3a804d78ca5d203ebf98747e8f16dff9713ba8950097ceb760b161e19907,Domains_Alloy
1524,-3.092137976706103,-2.656177279849852,1.02,0.0723304633518,86dd3a804d78ca5d203ebf98747e8f16dff9713ba8950097ceb760b161e19907,Domains_Alloy
1525,-3.092689660265479,-2.656177279849852,1.02,0.0723304633518,86dd3a804d78ca5d203ebf98747e8f16dff9713ba8950097ceb760b161e19907,Domains_Alloy
1526,-3.093241508870407,-2.656177279849852,1.02,0.0723304633518,86dd3a804d78ca5d203ebf98747e8f16dff9713ba8950097ceb760b161e19907,Domains_Alloy
1527,-3.093793522418365,-2.656177279849852,1.02,0.0723304633518,86dd3a804d78ca5d203ebf98747e8f16dff9713ba8950097ceb760b161e19907,Domains_Alloy
1528,-3.094345700806954,-2.656177279849852,1.02,0.0723304633518,86dd3a804d78ca5d203ebf98747e8f16dff9713ba8950097ceb760b161e19907,Domains_Alloy
1529,-3.094898043933898,-2.656177279849852,1.02,0.0723304633518,86dd3a804d78ca5d203ebf98747e8f16dff9713ba8950097ceb760b161e19907,Domains_Alloy
1530,-3.095450551697047,-2.656177279849852,1.02,0.0723304633518,86dd3a804d78ca5d203ebf98747e8f16dff9713ba8950097ceb760b161e19907,Domains_Alloy
1531,-3.096003223994371,-2.656177279849852,1.02,0.0723304633518,86dd3a804d78ca5d203ebf98747e8f16dff9713ba8950097ceb760b161e19907,Domains_Alloy
1532,-3.096556060723964,-2.656177279849852,1.02,0.0723304633518,86dd3a804d78ca5d203ebf98747e8f16dff9713ba8950097ceb760b161e19907,Domains_Alloy
1533,-3.097109061784043,-2.656177279849852,1.02,0.0723304633518,86dd3a804d78ca5d203ebf98747e8f16dff9713ba8950097ceb760b161e19907,Domains_Alloy
1534,-3.097662227072948,-2.656177279849852,1.02,0.0723304633518,86dd3a804d78ca5d203ebf98747e8f16dff9713ba8950097ceb760b161e19907,Domains_Alloy
1535,-3.098215556489139,-2.656177279849852,1.02,0.0723304633518,86dd3a804d78ca5d203ebf98747e8f16dff9713ba8950097ceb760b161e19907,Domains_Alloy
1536,-3.098769049931201,-2.656177279849852,1.02,0.0723304633518,86dd3a804d78ca5d203ebf98747e8f16dff9713ba8950097ceb760b161e19907,Domains_Alloy
1537,-3.09932270729784,-2.656177279849852,1.02,0.0723304633518,86dd3a804d78ca5d203ebf98747e8f16dff9713ba8950097ceb760b161e19907,Domains_Alloy
1538,-3.099876528487882,-2.656177279849852,1.02,0.0723304633518,86dd3a804d78ca5d203ebf98747e8f16dff9713ba8950097ceb760b161e19907,Domains_Alloy
1539,-3.100430513400277,-2.656177279849852,1.02,0.0723304633518,86dd3a804d78ca5d203ebf98747e8f16dff9713ba8950097ceb760b161e19907,Domains_Alloy
1540,-3.100984661934094,-2.656177279849852,1.02,0.0723304633518,86dd3a804d78ca5d203ebf98747e8f16dff9713ba8950097ceb760b161e19907,Domains_Alloy
1541,-3.101538973988524,-2.656177279849852,1.02,0.0723304633518,86dd3a804d78ca5d203ebf98747e8f16dff9713ba8950097ceb760b161e19907,Domains_Alloy
1542,-3.102093449462878,-2.656177279849852,1.02,0.0723304633518,86dd3a804d78ca5d203ebf98747e8f16dff9713ba8950097ceb760b161e19907,Domains_Alloy
1543,-3.102648088256589,-2.656177279849852,1.02,0.0723304633518,86dd3a804d78ca5d203ebf98747e8f16dff9713ba8950097ceb760b161e19907,Domains_Alloy
1544,-3.103202890269209,-2.656177279849852,1.02,0.0723304633518,86dd3a804d78ca5d203ebf98747e8f16dff9713ba8950097ceb760b161e19907,Domains_Alloy
1545,-3.103757855400413,-2.656177279849852,1.02,0.0723304633518,86dd3a804d78ca5d203ebf98747e8f16dff9713ba8950097ceb760b161e19907,Domains_Alloy
1546,-3.104312983549992,-2.656177279849852,1.02,0.0723304633518,86dd3a804d78ca5d203ebf98747e8f16dff9713ba8950097ceb760b161e19907,Domains_Alloy
1547,-3.104868274617858,-2.656177279849852,1.02,0.0723304633518,86dd3a804d78ca5d203ebf98747e8f16dff9713ba8950097ceb760b161e19907,Domains_Alloy
1548,-3.105423728504044,-2.656177279849852,1.02,0.0723304633518,86dd3a804d78ca5d203ebf98747e8f16dff9713ba8950097ceb760b161e19907,Domains_Alloy
1549,-3.1059793451087,-2.656177279849852,1.02,0.0723304633518,86dd3a804d78ca5d203ebf98747e8f16dff9713ba8950097ceb760b161e19907,Domains_Alloy
1550,-3.106535124332098,-2.656177279849852,1.02,0.0723304633518,86dd3a804d78ca5d203ebf98747e8f16dff9713ba8950097ceb760b161e19907,Domains_Alloy
1551,-3.107091066074628,-2.656177279849852,1.02,0.0723304633518,86dd3a804d78ca5d203ebf98747e8f16dff9713ba8950097ceb760b161e19907,Domains_Alloy
1552,-3.107647170236796,-2.656177279849852,1.02,0.0723304633518,86dd3a804d78ca5d203ebf98747e8f16dff9713ba8950097ceb760b161e19907,Domains_Alloy
1553,-3.10820343671923,-2.656177279849852,1.02,0.0723304633518,86dd3a804d78ca5d203ebf98747e8f16dff9713ba8950097ceb760b161e19907,Domains_Alloy
1554,-3.108759865422675,-2.656177279849852,1.02,0.0723304633518,86dd3a804d78ca5d203ebf98747e8f16dff9713ba8950097ceb760b161e19907,Domains_Alloy
1555,-3.109316456247993,-2.656177279849852,1.02,0.0723304633518,86dd3a804d78ca5d203ebf98747e8f16dff9713ba8950097ceb760b161e19907,Domains_Alloy
1556,-3.109873209096166,-2.656177279849852,1.02,0.0723304633518,86dd3a804d78ca5d203ebf98747e8f16dff9713ba8950097ceb760b161e19907,Domains_Alloy
1557,-3.110430123868293,-2.656177279849852,1.02,0.0723304633518,86dd3a804d78ca5d203ebf98747e8f16dff9713ba8950097ceb760b161e19907,Domains_Alloy
1558,-3.110987200465589,-2.656177279849852,1.02,0.0723304633518,86dd3a804d78ca5d203ebf98747e8f16dff9713ba8950097ceb760b161e19907,Domains_Alloy
1559,-3.111544438789386,-2.656177279849852,1.02,0.0723304633518,86dd3a804d78ca5d203ebf98747e8f16dff9713ba8950097ceb760b161e19907,Domains_Alloy
1560,-3.112101838741138,-2.656177279849852,1.02,0.0723304633518,86dd3a804d78ca5d203ebf98747e8f16dff9713ba8950097ceb760b161e19907,Domains_Alloy
1561,-3.112659400222411,-2.656177279849852,1.02,0.0723304633518,86dd3a804d78ca5d203ebf98747e8f16dff9713ba8950097ceb760b161e19907,Domains_Alloy
1562,-3.113217123134888,-2.656177279849852,1.02,0.0723304633518,86dd3a804d78ca5d203ebf98747e8f16dff9713ba8950097ceb760b161e19907,Domains_Alloy
1563,-3.113775007380368,-2.656177279849852,1.02,0.0723304633518,86dd3a804d78ca5d203ebf98747e8f16dff9713ba8950097ceb760b161e19907,Domains_Alloy
1564,-3.114333052860772,-2.656177279849852,1.02,0.0723304633518,86dd3a804d78ca5d203ebf98747e8f16dff9713ba8950097ceb760b161e19907,Domains_Alloy
1565,-3.114891259478128,-2.656177279849852,1.02,0.0723304633518,86dd3a804d78ca5d203ebf98747e8f16dff9713ba8950097ceb760b161e19907,Domains_Alloy
1566,-3.11544962713459,-2.656177279849852,1.02,0.0723304633518,86dd3a804d78ca5d203ebf98747e8f16dff9713ba8950097ceb760b161e19907,Domains_Alloy
1567,-3.116008155732418,-2.656177279849852,1.02,0.0723304633518,86dd3a804d78ca5d203ebf98747e8f16dff9713ba8950097ceb760b161e19907,Domains_Alloy
1568,-3.116566845173994,-2.656177279849852,1.02,0.0723304633518,86dd3a804d78ca5d203ebf98747e8f16dff9713ba8950097ceb760b161e19907,Domains_Alloy
1569,-3.117125695361811,-2.656177279849852,1.02,0.0723304633518,86dd3a804d78ca5d203ebf98747e8f16dff9713ba8950097ceb760b161e19907,Domains_Alloy
1570,-3.117684706198482,-2.656177279849852,1.02,0.0723304633518,86dd3a804d78ca5d203ebf98747e8f16dff9713ba8950097ceb760b161e19907,Domains_Alloy
1571,-3.11824387758673,-2.656177279849852,1.02,0.0723304633518,86dd3a804d78ca5d203ebf98747e8f16dff9713ba8950097ceb760b161e19907,Domains_Alloy
1572,-3.118803209429394,-2.656177279849852,1.02,0.0723304633518,86dd3a804d78ca5d203ebf98747e8f16dff9713ba8950097ceb760b161e19907,Domains_Alloy
1573,-3.119362701629431,-2.656177279849852,1.02,0.0723304633518,86dd3a804d78ca5d203ebf98747e8f16dff9713ba8950097ceb760b161e19907,Domains_Alloy
1574,-3.119922354089908,-2.656177279849852,1.02,0.0723304633518,86dd3a804d78ca5d203ebf98747e8f16dff9713ba8950097ceb760b161e19907,Domains_Alloy
1575,-3.120482166714007,-2.656177279849852,1.02,0.0723304633518,86dd3a804d78ca5d203ebf98747e8f16dff9713ba8950097ceb760b161e19907,Domains_Alloy
1576,-3.121042139405025,-2.656177279849852,1.02,0.0723304633518,86dd3a804d78ca5d203ebf98747e8f16dff9713ba8950097ceb760b161e19907,Domains_Alloy
1577,-3.121602272066373,-2.656177279849852,1.02,0.0723304633518,86dd3a804d78ca5d203ebf98747e8f16dff9713ba8950097ceb760b161e19907,Domains_Alloy
1578,-3.122162564601572,-2.656177279849852,1.02,0.0723304633518,86dd3a804d78ca5d203ebf98747e8f16dff9713ba8950097ceb760b161e19907,Domains_Alloy
1579,-3.122723016914261,-2.656177279849852,1.02,0.0723304633518,86dd3a804d78ca5d203ebf98747e8f16dff9713ba8950097ceb760b161e19907,Domains_Alloy
1580,-3.12328362890819,-2.656177279849852,1.02,0.0723304633518,86dd3a804d78ca5d203ebf98747e8f16dff9713ba8950097ceb760b161e19907,Domains_Alloy
1581,-3.123844400487223,-2.656177279849852,1.02,0.0723304633518,86dd3a804d78ca5d203ebf98747e8f16dff9713ba8950097ceb760b161e19907,Domains_Alloy
1582,-3.124405331555333,-2.656177279849852,1.02,0.0723304633518,86dd3a804d78ca5d203ebf98747e8f16dff9713ba8950097ceb760b161e19907,Domains_Alloy
1583,-3.124966422016611,-2.656177279849852,1.02,0.0723304633518,86dd3a804d78ca5d203ebf98747e8f16dff9713ba8950097ceb760b161e19907,Domains_Alloy
1584,-3.125527671775255,-2.656177279849852,1.02,0.0723304633518,86dd3a804d78ca5d203ebf98747e8f16dff9713ba8950097ceb760b161e19907,Domains_Alloy
1585,-3.12608908073558,-2.656177279849852,1.02,0.0723304633518,86dd3a804d78ca5d203ebf98747e8f16dff9713ba8950097ceb760b161e19907,Domains_Alloy
1586,-3.12665064880201,-2.656177279849852,1.02,0.0723304633518,86dd3a804d78ca5d203ebf98747e8f16dff9713ba8950097ceb760b161e19907,Domains_Alloy
1587,-3.12721237587908,-2.656177279849852,1.02,0.0723304633518,86dd3a804d78ca5d203ebf98747e8f16dff9713ba8950097ceb760b161e19907,Domains_Alloy
1588,-3.127774261871441,-2.656177279849852,1.02,0.0723304633518,86dd3a804d78ca5d203ebf98747e8f16dff9713ba8950097ceb760b161e19907,Domains_Alloy
1589,-3.12833630668385,-2.656177279849852,1.02,0.0723304633518,86dd3a804d78ca5d203ebf98747e8f16dff9713ba8950097ceb760b161e19907,Domains_Alloy
1590,-3.128898510221179,-2.656177279849852,1.02,0.0723304633518,86dd3a804d78ca5d203ebf98747e8f16dff9713ba8950097ceb760b161e19907,Domains_Alloy
1591,-3.129460872388408,-2.656177279849852,1.02,0.0723304633518,86dd3a804d78ca5d203ebf98747e8f16dff9713ba8950097ceb760b161e19907,Domains_Alloy
1592,-3.13002339309063,-2.656177279849852,1.02,0.0723304633518,86dd3a804d78ca5d203ebf98747e8f16dff9713ba8950097ceb760b161e19907,Domains_Alloy
1593,-3.130586072233051,-2.656177279849852,1.02,0.0723304633518,86dd3a804d78ca5d203ebf98747e8f16dff9713ba8950097ceb760b161e19907,Domains_Alloy
1594,-3.13114890972098,-2.656177279849852,1.02,0.0723304633518,86dd3a804d78ca5d203ebf98747e8f16dff9713ba8950097ceb760b161e19907,Domains_Alloy
1595,-3.131711905459844,-2.656177279849852,1.02,0.0723304633518,86dd3a804d78ca5d203ebf98747e8f16dff9713ba8950097ceb760b161e19907,Domains_Alloy
1596,-3.132275059355176,-2.656177279849852,1.02,0.0723304633518,86dd3a804d78ca5d203ebf98747e8f16dff9713ba8950097ceb760b161e19907,Domains_Alloy
1597,-3.13283837131262,-2.656177279849852,1.02,0.0723304633518,86dd3a804d78ca5d203ebf98747e8f16dff9713ba8950097ceb760b161e19907,Domains_Alloy
1598,-3.133401841237927,-2.656177279849852,1.02,0.0723304633518,86dd3a804d78ca5d203ebf98747e8f16dff9713ba8950097ceb760b161e19907,Domains_Alloy
1599,-3.133965469036964,-2.656177279849852,1.02,0.0723304633518,86dd3a804d78ca5d203ebf98747e8f16dff9713ba8950097ceb760b161e19907,Domains_Alloy
1600,-3.134529254615701,-2.656177279849852,1.02,0.0723304633518,86dd3a804d78ca5d203ebf98747e8f16dff9713ba8950097ceb760b161e19907,Domains_Alloy
1601,-3.13509319788022,-2.656177279849852,1.02,0.0723304633518,86dd3a804d78ca5d203ebf98747e8f16dff9713ba8950097ceb760b161e19907,Domains_Alloy
1602,-3.13565729873671,-2.656177279849852,1.02,0.0723304633518,86dd3a804d78ca5d203ebf98747e8f16dff9713ba8950097ceb760b161e19907,Domains_Alloy
1603,-3.136221557091471,-2.656177279849852,1.02,0.0723304633518,86dd3a804d78ca5d203ebf98747e8f16dff9713ba8950097ceb760b161e19907,Domains_Alloy
1604,-3.136785972850912,-2.656177279849852,1.02,0.0723304633518,86dd3a804d78ca5d203ebf98747e8f16dff9713ba8950097ceb760b161e19907,Domains_Alloy
1605,-3.137350545921547,-2.656177279849852,1.02,0.0723304633518,86dd3a804d78ca5d203ebf98747e8f16dff9713ba8950097ceb760b161e19907,Domains_Alloy
1606,-3.137915276210002,-2.656177279849852,1.02,0.0723304633518,86dd3a804d78ca5d203ebf98747e8f16dff9713ba8950097ceb760b161e19907,Domains_Alloy
1607,-3.138480163623009,-2.656177279849852,1.02,0.0723304633518,86dd3a804d78ca5d203ebf98747e8f16dff9713ba8950097ceb760b161e19907,Domains_Alloy
1608,-3.139045208067407,-2.656177279849852,1.02,0.0723304633518,86dd3a804d78ca5d203ebf98747e8f16dff9713ba8950097ceb760b161e19907,Domains_Alloy
1609,-3.139610409450145,-2.656177279849852,1.02,0.0723304633518,86dd3a804d78ca5d203ebf98747e8f16dff9713ba8950097ceb760b161e19907,Domains_Alloy
1610,-3.140175767678279,-2.656177279849852,1.02,0.0723304633518,86dd3a804d78ca5d203ebf98747e8f16dff9713ba8950097ceb760b161e19907,Domains_Alloy
1611,-3.14074128265897,-2.656177279849852,1.02,0.0723304633518,86dd3a804d78ca5d203ebf98747e8f16dff9713ba8950097ceb760b161e19907,Domains_Alloy
1612,-3.14130695429949,-2.656177279849852,1.02,0.0723304633518,86dd3a804d78ca5d203ebf98747e8f16dff9713ba8950097ceb760b161e19907,Domains_Alloy
1613,-3.141872782507214,-2.656177279849852,1.02,0.0723304633518,86dd3a804d78ca5d203ebf98747e8f16dff9713ba8950097ceb760b161e19907,Domains_Alloy
1614,-3.142438767189625,-2.656177279849852,1.02,0.0723304633518,86dd3a804d78ca5d203ebf98747e8f16dff9713ba8950097ceb760b161e19907,Domains_Alloy
1615,-3.143004908254316,-2.656177279849852,1.02,0.0723304633518,86dd3a804d78ca5d203ebf98747e8f16dff9713ba8950097ceb760b161e19907,Domains_Alloy
1616,-3.14357120560898,-2.656177279849852,1.02,0.0723304633518,86dd3a804d78ca5d203ebf98747e8f16dff9713ba8950097ceb760b161e19907,Domains_Alloy
1617,-3.144137659161423,-2.656177279849852,1.02,0.0723304633518,86dd3a804d78ca5d203ebf98747e8f16dff9713ba8950097ceb760b161e19907,Domains_Alloy
1618,-3.144704268819552,-2.656177279849852,1.02,0.0723304633518,86dd3a804d78ca5d203ebf98747e8f16dff9713ba8950097ceb760b161e19907,Domains_Alloy
1619,-3.14527103449138,-2.656177279849852,1.02,0.0723304633518,86dd3a804d78ca5d203ebf98747e8f16dff9713ba8950097ceb760b161e19907,Domains_Alloy
1620,-3.145837956085031,-2.656177279849852,1.02,0.0723304633518,86dd3a804d78ca5d203ebf98747e8f16dff9713ba8950097ceb760b161e19907,Domains_Alloy
1621,-3.14640503350873,-2.656177279849852,1.02,0.0723304633518,86dd3a804d78ca5d203ebf98747e8f16dff9713ba8950097ceb760b161e19907,Domains_Alloy
1622,-3.146972266670807,-2.656177279849852,1.02,0.0723304633518,86dd3a804d78ca5d203ebf98747e8f16dff9713ba8950097ceb760b161e19907,Domains_Alloy
1623,-3.147539655479698,-2.656177279849852,1.02,0.0723304633518,86dd3a804d78ca5d203ebf98747e8f16dff9713ba8950097ceb760b161e19907,Domains_Alloy
1624,-3.148107199843945,-2.656177279849852,1.02,0.0723304633518,86dd3a804d78ca5d203ebf98747e8f16dff9713ba8950097ceb760b161e19907,Domains_Alloy
1625,-3.148674899672196,-2.656177279849852,1.02,0.0723304633518,86dd3a804d78ca5d203ebf98747e8f16dff9713ba8950097ceb760b161e19907,Domains_Alloy
1626,-3.149242754873199,-2.656177279849852,1.02,0.0723304633518,86dd3a804d78ca5d203ebf98747e8f16dff9713ba8950097ceb760b161e19907,Domains_Alloy
1627,-3.149810765355811,-2.656177279849852,1.02,0.0723304633518,86dd3a804d78ca5d203ebf98747e8f16dff9713ba8950097ceb760b161e19907,Domains_Alloy
1628,-3.150378931028991,-2.656177279849852,1.02,0.0723304633518,86dd3a804d78ca5d203ebf98747e8f16dff9713ba8950097ceb760b161e19907,Domains_Alloy
1629,-3.150947251801803,-2.656177279849852,1.02,0.0723304633518,86dd3a804d78ca5d203ebf98747e8f16dff9713ba8950097ceb760b161e19907,Domains_Alloy
1630,-3.151515727583415,-2.656177279849852,1.02,0.0723304633518,86dd3a804d78ca5d203ebf98747e8f16dff9713ba8950097ceb760b161e19907,Domains_Alloy
1631,-3.152084358283098,-2.656177279849852,1.02,0.0723304633518,86dd3a804d78ca5d203ebf98747e8f16dff9713ba8950097ceb760b161e19907,Domains_Alloy
1632,-3.152653143810226,-2.656177279849852,1.02,0.0723304633518,86dd3a804d78ca5d203ebf98747e8f16dff9713ba8950097ceb760b161e19907,Domains_Alloy
1633,-3.15322208407428,-2.656177279849852,1.02,0.0723304633518,86dd3a804d78ca5d203ebf98747e8f16dff9713ba8950097ceb760b161e19907,Domains_Alloy
1634,-3.153791178984839,-2.656177279849852,1.02,0.0723304633518,86dd3a804d78ca5d203ebf98747e8f16dff9713ba8950097ceb760b161e19907,Domains_Alloy
1635,-3.154360428451588,-2.656177279849852,1.02,0.0723304633518,86dd3a804d78ca5d203ebf98747e8f16dff9713ba8950097ceb760b161e19907,Domains_Alloy
1636,-3.154929832384317,-2.656177279849852,1.02,0.0723304633518,86dd3a804d78ca5d203ebf98747e8f16dff9713ba8950097ceb760b161e19907,Domains_Alloy
1637,-3.155499390692913,-2.656177279849852,1.02,0.0723304633518,86dd3a804d78ca5d203ebf98747e8f16dff9713ba8950097ceb760b161e19907,Domains_Alloy
1638,-3.156069103287372,-2.656177279849852,1.02,0.0723304633518,86dd3a804d78ca5d203ebf98747e8f16dff9713ba8950097ceb760b161e19907,Domains_Alloy
1639,-3.156638970077788,-2.656177279849852,1.02,0.0723304633518,86dd3a804d78ca5d203ebf98747e8f16dff9713ba8950097ceb760b161e19907,Domains_Alloy
1640,-3.157208990974358,-2.656177279849852,1.02,0.0723304633518,86dd3a804d78ca5d203ebf98747e8f16dff9713ba8950097ceb760b161e19907,Domains_Alloy
1641,-3.157779165887383,-2.656177279849852,1.02,0.0723304633518,86dd3a804d78ca5d203ebf98747e8f16dff9713ba8950097ceb760b161e19907,Domains_Alloy
1642,-3.158349494727263,-2.656177279849852,1.02,0.0723304633518,86dd3a804d78ca5d203ebf98747e8f16dff9713ba8950097ceb760b161e19907,Domains_Alloy
1643,-3.158919977404502,-2.656177279849852,1.02,0.0723304633518,86dd3a804d78ca5d203ebf98747e8f16dff9713ba8950097ceb760b161e19907,Domains_Alloy
1644,-3.159490613829705,-2.656177279849852,1.02,0.0723304633518,86dd3a804d78ca5d203ebf98747e8f16dff9713ba8950097ceb760b161e19907,Domains_Alloy
1645,-3.160061403913578,-2.656177279849852,1.02,0.0723304633518,86dd3a804d78ca5d203ebf98747e8f16dff9713ba8950097ceb760b161e19907,Domains_Alloy
1646,-3.160632347566928,-2.656177279849852,1.02,0.0723304633518,86dd3a804d78ca5d203ebf98747e8f16dff9713ba8950097ceb760b161e19907,Domains_Alloy
1647,-3.161203444700663,-2.656177279849852,1.02,0.0723304633518,86dd3a804d78ca5d203ebf98747e8f16dff9713ba8950097ceb760b161e19907,Domains_Alloy
1648,-3.161774695225794,-2.656177279849852,1.02,0.0723304633518,86dd3a804d78ca5d203ebf98747e8f16dff9713ba8950097ceb760b161e19907,Domains_Alloy
1649,-3.162346099053428,-2.656177279849852,1.02,0.0723304633518,86dd3a804d78ca5d203ebf98747e8f16dff9713ba8950097ceb760b161e19907,Domains_Alloy
1650,-3.162917656094778,-2.656177279849852,1.02,0.0723304633518,86dd3a804d78ca5d203ebf98747e8f16dff9713ba8950097ceb760b161e19907,Domains_Alloy
1651,-3.163489366261154,-2.656177279849852,1.02,0.0723304633518,86dd3a804d78ca5d203ebf98747e8f16dff9713ba8950097ceb760b161e19907,Domains_Alloy
1652,-3.164061229463967,-2.656177279849852,1.02,0.0723304633518,86dd3a804d78ca5d203ebf98747e8f16dff9713ba8950097ceb760b161e19907,Domains_Alloy
1653,-3.164633245614728,-2.656177279849852,1.02,0.0723304633518,86dd3a804d78ca5d203ebf98747e8f16dff9713ba8950097ceb760b161e19907,Domains_Alloy
1654,-3.165205414625048,-2.656177279849852,1.02,0.0723304633518,86dd3a804d78ca5d203ebf98747e8f16dff9713ba8950097ceb760b161e19907,Domains_Alloy
1655,-3.165777736406639,-2.656177279849852,1.02,0.0723304633518,86dd3a804d78ca5d203ebf98747e8f16dff9713ba8950097ceb760b161e19907,Domains_Alloy
1656,-3.166350210871309,-2.656177279849852,1.02,0.0723304633518,86dd3a804d78ca5d203ebf98747e8f16dff9713ba8950097ceb760b161e19907,Domains_Alloy
1657,-3.166922837930969,-2.656177279849852,1.02,0.0723304633518,86dd3a804d78ca5d203ebf98747e8f16dff9713ba8950097ceb760b161e19907,Domains_Alloy
1658,-3.167495617497628,-2.656177279849852,1.02,0.0723304633518,86dd3a804d78ca5d203ebf98747e8f16dff9713ba8950097ceb760b161e19907,Domains_Alloy
1659,-3.168068549483393,-2.656177279849852,1.02,0.0723304633518,86dd3a804d78ca5d203ebf98747e8f16dff9713ba8950097ceb760b161e19907,Domains_Alloy
1660,-3.168641633800472,-2.656177279849852,1.02,0.0723304633518,86dd3a804d78ca5d203ebf98747e8f16dff9713ba8950097ceb760b161e19907,Domains_Alloy
1661,-3.169214870361169,-2.656177279849852,1.02,0.0723304633518,86dd3a804d78ca5d203ebf98747e8f16dff9713ba8950097ceb760b161e19907,Domains_Alloy
1662,-3.169788259077889,-2.656177279849852,1.02,0.0723304633518,86dd3a804d78ca5d203ebf98747e8f16dff9713ba8950097ceb760b161e19907,Domains_Alloy
1663,-3.170361799863136,-2.656177279849852,1.02,0.0723304633518,86dd3a804d78ca5d203ebf98747e8f16dff9713ba8950097ceb760b161e19907,Domains_Alloy
1664,-3.170935492629507,-2.656177279849852,1.02,0.0723304633518,86dd3a804d78ca5d203ebf98747e8f16dff9713ba8950097ceb760b161e19907,Domains_Alloy
1665,-3.171509337289704,-2.656177279849852,1.02,0.0723304633518,86dd3a804d78ca5d203ebf98747e8f16dff9713ba8950097ceb760b161e19907,Domains_Alloy
1666,-3.172083333756524,-2.656177279849852,1.02,0.0723304633518,86dd3a804d78ca5d203ebf98747e8f16dff9713ba8950097ceb760b161e19907,Domains_Alloy
1667,-3.172657481942859,-2.656177279849852,1.02,0.0723304633518,86dd3a804d78ca5d203ebf98747e8f16dff9713ba8950097ceb760b161e19907,Domains_Alloy
1668,-3.173231781761703,-2.656177279849852,1.02,0.0723304633518,86dd3a804d78ca5d203ebf98747e8f16dff9713ba8950097ceb760b161e19907,Domains_Alloy
1669,-3.173806233126145,-2.656177279849852,1.02,0.0723304633518,86dd3a804d78ca5d203ebf98747e8f16dff9713ba8950097ceb760b161e19907,Domains_Alloy
1670,-3.174380835949371,-2.656177279849852,1.02,0.0723304633518,86dd3a804d78ca5d203ebf98747e8f16dff9713ba8950097ceb760b161e19907,Domains_Alloy
1671,-3.174955590144667,-2.656177279849852,1.02,0.0723304633518,86dd3a804d78ca5d203ebf98747e8f16dff9713ba8950097ceb760b161e19907,Domains_Alloy
1672,-3.175530495625413,-2.656177279849852,1.02,0.0723304633518,86dd3a804d78ca5d203ebf98747e8f16dff9713ba8950097ceb760b161e19907,Domains_Alloy
1673,-3.176105552305085,-2.656177279849852,1.02,0.0723304633518,86dd3a804d78ca5d203ebf98747e8f16dff9713ba8950097ceb760b161e19907,Domains_Alloy
1674,-3.17668076009726,-2.656177279849852,1.02,0.0723304633518,86dd3a804d78ca5d203ebf98747e8f16dff9713ba8950097ceb760b161e19907,Domains_Alloy
1675,-3.177256118915608,-2.656177279849852,1.02,0.0723304633518,86dd3a804d78ca5d203ebf98747e8f16dff9713ba8950097ceb760b161e19907,Domains_Alloy
1676,-3.177831628673895,-2.656177279849852,1.02,0.0723304633518,86dd3a804d78ca5d203ebf98747e8f16dff9713ba8950097ceb760b161e19907,Domains_Alloy
1677,-3.178407289285987,-2.656177279849852,1.02,0.0723304633518,86dd3a804d78ca5d203ebf98747e8f16dff9713ba8950097ceb760b161e19907,Domains_Alloy
1678,-3.178983100665841,-2.656177279849852,1.02,0.0723304633518,86dd3a804d78ca5d203ebf98747e8f16dff9713ba8950097ceb760b161e19907,Domains_Alloy
1679,-3.179559062727512,-2.656177279849852,1.02,0.0723304633518,86dd3a804d78ca5d203ebf98747e8f16dff9713ba8950097ceb760b161e19907,Domains_Alloy
1680,-3.180135175385155,-2.656177279849852,1.02,0.0723304633518,86dd3a804d78ca5d203ebf98747e8f16dff9713ba8950097ceb760b161e19907,Domains_Alloy
1681,-3.180711438553012,-2.656177279849852,1.02,0.0723304633518,86dd3a804d78ca5d203ebf98747e8f16dff9713ba8950097ceb760b161e19907,Domains_Alloy
1682,-3.181287852145426,-2.656177279849852,1.02,0.0723304633518,86dd3a804d78ca5d203ebf98747e8f16dff9713ba8950097ceb760b161e19907,Domains_Alloy
1683,-3.181864416076835,-2.656177279849852,1.02,0.0723304633518,86dd3a804d78ca5d203ebf98747e8f16dff9713ba8950097ceb760b161e19907,Domains_Alloy
1684,-3.182441130261771,-2.656177279849852,1.02,0.0723304633518,86dd3a804d78ca5d203ebf98747e8f16dff9713ba8950097ceb760b161e19907,Domains_Alloy
1685,-3.183017994614862,-2.656177279849852,1.02,0.0723304633518,86dd3a804d78ca5d203ebf98747e8f16dff9713ba8950097ceb760b161e19907,Domains_Alloy
1686,-3.183595009050827,-2.656177279849852,1.02,0.0723304633518,86dd3a804d78ca5d203ebf98747e8f16dff9713ba8950097ceb760b161e19907,Domains_Alloy
1687,-3.184172173484486,-2.656177279849852,1.02,0.0723304633518,86dd3a804d78ca5d203ebf98747e8f16dff9713ba8950097ceb760b161e19907,Domains_Alloy
1688,-3.184749487830748,-2.656177279849852,1.02,0.0723304633518,86dd3a804d78ca5d203ebf98747e8f16dff9713ba8950097ceb760b161e19907,Domains_Alloy
1689,-3.18532695200462,-2.656177279849852,1.02,0.0723304633518,86dd3a804d78ca5d203ebf98747e8f16dff9713ba8950097ceb760b161e19907,Domains_Alloy
1690,-3.185904565921199,-2.656177279849852,1.02,0.0723304633518,86dd3a804d78ca5d203ebf98747e8f16dff9713ba8950097ceb760b161e19907,Domains_Alloy
1691,-3.186482329495682,-2.656177279849852,1.02,0.0723304633518,86dd3a804d78ca5d203ebf98747e8f16dff9713ba8950097ceb760b161e19907,Domains_Alloy
1692,-3.187060242643354,-2.656177279849852,1.02,0.0723304633518,86dd3a804d78ca5d203ebf98747e8f16dff9713ba8950097ceb760b161e19907,Domains_Alloy
1693,-3.187638305279595,-2.656177279849852,1.02,0.0723304633518,86dd3a804d78ca5d203ebf98747e8f16dff9713ba8950097ceb760b161e19907,Domains_Alloy
1694,-3.188216517319881,-2.656177279849852,1.02,0.0723304633518,86dd3a804d78ca5d203ebf98747e8f16dff9713ba8950097ceb760b161e19907,Domains_Alloy
1695,-3.188794878679781,-2.656177279849852,1.02,0.0723304633518,86dd3a804d78ca5d203ebf98747e8f16dff9713ba8950097ceb760b161e19907,Domains_Alloy
1696,-3.189373389274955,-2.656177279849852,1.02,0.0723304633518,86dd3a804d78ca5d203ebf98747e8f16dff9713ba8950097ceb760b161e19907,Domains_Alloy
1697,-3.189952049021159,-2.656177279849852,1.02,0.0723304633518,86dd3a804d78ca5d203ebf98747e8f16dff9713ba8950097ceb760b161e19907,Domains_Alloy
1698,-3.190530857834238,-2.656177279849852,1.02,0.0723304633518,86dd3a804d78ca5d203ebf98747e8f16dff9713ba8950097ceb760b161e19907,Domains_Alloy
1699,-3.191109815630134,-2.656177279849852,1.02,0.0723304633518,86dd3a804d78ca5d203ebf98747e8f16dff9713ba8950097ceb760b161e19907,Domains_Alloy
1700,-3.191688922324879,-2.656177279849852,1.02,0.0723304633518,86dd3a804d78ca5d203ebf98747e8f16dff9713ba8950097ceb760b161e19907,Domains_Alloy
1701,-3.192268177834598,-2.656177279849852,1.02,0.0723304633518,86dd3a804d78ca5d203ebf98747e8f16dff9713ba8950097ceb760b161e19907,Domains_Alloy
1702,-3.192847582075509,-2.656177279849852,1.02,0.0723304633518,86dd3a804d78ca5d203ebf98747e8f16dff9713ba8950097ceb760b161e19907,Domains_Alloy
1703,-3.193427134963922,-2.656177279849852,1.02,0.0723304633518,86dd3a804d78ca5d203ebf98747e8f16dff9713ba8950097ceb760b161e19907,Domains_Alloy
1704,-3.194006836416238,-2.656177279849852,1.02,0.0723304633518,86dd3a804d78ca5d203ebf98747e8f16dff9713ba8950097ceb760b161e19907,Domains_Alloy
1705,-3.194586686348952,-2.656177279849852,1.02,0.0723304633518,86dd3a804d78ca5d203ebf98747e8f16dff9713ba8950097ceb760b161e19907,Domains_Alloy
1706,-3.195166684678648,-2.656177279849852,1.02,0.0723304633518,86dd3a804d78ca5d203ebf98747e8f16dff9713ba8950097ceb760b161e19907,Domains_Alloy
1707,-3.195746831322006,-2.656177279849852,1.02,0.0723304633518,86dd3a804d78ca5d203ebf98747e8f16dff9713ba8950097ceb760b161e19907,Domains_Alloy
1708,-3.196327126195791,-2.656177279849852,1.02,0.0723304633518,86dd3a804d78ca5d203ebf98747e8f16dff9713ba8950097ceb760b161e19907,Domains_Alloy
1709,-3.196907569216866,-2.656177279849852,1.02,0.0723304633518,86dd3a804d78ca5d203ebf98747e8f16dff9713ba8950097ceb760b161e19907,Domains_Alloy
1710,-3.19748816030218,-2.656177279849852,1.02,0.0723304633518,86dd3a804d78ca5d203ebf98747e8f16dff9713ba8950097ceb760b161e19907,Domains_Alloy
1711,-3.198068899368777,-2.656177279849852,1.02,0.0723304633518,86dd3a804d78ca5d203ebf98747e8f16dff9713ba8950097ceb760b161e19907,Domains_Alloy
1712,-3.198649786333788,-2.656177279849852,1.02,0.0723304633518,86dd3a804d78ca5d203ebf98747e8f16dff9713ba8950097ceb760b161e19907,Domains_Alloy
1713,-3.199230821114438,-2.656177279849852,1.02,0.0723304633518,86dd3a804d78ca5d203ebf98747e8f16dff9713ba8950097ceb760b161e19907,Domains_Alloy
1714,-3.199812003628041,-2.656177279849852,1.02,0.0723304633518,86dd3a804d78ca5d203ebf98747e8f16dff9713ba8950097ceb760b161e19907,Domains_Alloy
1715,-3.200393333792002,-2.656177279849852,1.02,0.0723304633518,86dd3a804d78ca5d203ebf98747e8f16dff9713ba8950097ceb760b161e19907,Domains_Alloy
1716,-3.200974811523816,-2.656177279849852,1.02,0.0723304633518,86dd3a804d78ca5d203ebf98747e8f16dff9713ba8950097ceb760b161e19907,Domains_Alloy
1717,-3.201556436741066,-2.656177279849852,1.02,0.0723304633518,86dd3a804d78ca5d203ebf98747e8f16dff9713ba8950097ceb760b161e19907,Domains_Alloy
1718,-3.202138209361431,-2.656177279849852,1.02,0.0723304633518,86dd3a804d78ca5d203ebf98747e8f16dff9713ba8950097ceb760b161e19907,Domains_Alloy
1719,-3.202720129302675,-2.656177279849852,1.02,0.0723304633518,86dd3a804d78ca5d203ebf98747e8f16dff9713ba8950097ceb760b161e19907,Domains_Alloy
1720,-3.20330219648265,-2.656177279849852,1.02,0.0723304633518,86dd3a804d78ca5d203ebf98747e8f16dff9713ba8950097ceb760b161e19907,Domains_Alloy
1721,-3.203884410819304,-2.656177279849852,1.02,0.0723304633518,86dd3a804d78ca5d203ebf98747e8f16dff9713ba8950097ceb760b161e19907,Domains_Alloy
1722,-3.204466772230668,-2.656177279849852,1.02,0.0723304633518,86dd3a804d78ca5d203ebf98747e8f16dff9713ba8950097ceb760b161e19907,Domains_Alloy
1723,-3.205049280634867,-2.656177279849852,1.02,0.0723304633518,86dd3a804d78ca5d203ebf98747e8f16dff9713ba8950097ceb760b161e19907,Domains_Alloy
1724,-3.205631935950113,-2.656177279849852,1.02,0.0723304633518,86dd3a804d78ca5d203ebf98747e8f16dff9713ba8950097ceb760b161e19907,Domains_Alloy
1725,-3.206214738094707,-2.656177279849852,1.02,0.0723304633518,86dd3a804d78ca5d203ebf98747e8f16dff9713ba8950097ceb760b161e19907,Domains_Alloy
1726,-3.206797686987038,-2.656177279849852,1.02,0.0723304633518,86dd3a804d78ca5d203ebf98747e8f16dff9713ba8950097ceb760b161e19907,Domains_Alloy
1727,-3.207380782545586,-2.656177279849852,1.02,0.0723304633518,86dd3a804d78ca5d203ebf98747e8f16dff9713ba8950097ceb760b161e19907,Domains_Alloy
1728,-3.207964024688918,-2.656177279849852,1.02,0.0723304633518,86dd3a804d78ca5d203ebf98747e8f16dff9713ba8950097ceb760b161e19907,Domains_Alloy
1729,-3.208547413335689,-2.656177279849852,1.02,0.0723304633518,86dd3a804d78ca5d203ebf98747e8f16dff9713ba8950097ceb760b161e19907,Domains_Alloy
1730,-3.209130948404644,-2.656177279849852,1.02,0.0723304633518,86dd3a804d78ca5d203ebf98747e8f16dff9713ba8950097ceb760b161e19907,Domains_Alloy
1731,-3.209714629814618,-2.656177279849852,1.02,0.0723304633518,86dd3a804d78ca5d203ebf98747e8f16dff9713ba8950097ceb760b161e19907,Domains_Alloy
1732,-3.210298457484527,-2.656177279849852,1.02,0.0723304633518,86dd3a804d78ca5d203ebf98747e8f16dff9713ba8950097ceb760b161e19907,Domains_Alloy
1733,-3.21088243133338,-2.656177279849852,1.02,0.0723304633518,86dd3a804d78ca5d203ebf98747e8f16dff9713ba8950097ceb760b161e19907,Domains_Alloy
1734,-3.211466551280274,-2.656177279849852,1.02,0.0723304633518,86dd3a804d78ca5d203ebf98747e8f16dff9713ba8950097ceb760b161e19907,Domains_Alloy
1735,-3.212050817244393,-2.656177279849852,1.02,0.0723304633518,86dd3a804d78ca5d203ebf98747e8f16dff9713ba8950097ceb760b161e19907,Domains_Alloy
1736,-3.212635229145008,-2.656177279849852,1.02,0.0723304633518,86dd3a804d78ca5d203ebf98747e8f16dff9713ba8950097ceb760b161e19907,Domains_Alloy
1737,-3.213219786901475,-2.656177279849852,1.02,0.0723304633518,86dd3a804d78ca5d203ebf98747e8f16dff9713ba8950097ceb760b161e19907,Domains_Alloy
1738,-3.213804490433242,-2.656177279849852,1.02,0.0723304633518,86dd3a804d78ca5d203ebf98747e8f16dff9713ba8950097ceb760b161e19907,Domains_Alloy
1739,-3.21438933965984,-2.656177279849852,1.02,0.0723304633518,86dd3a804d78ca5d203ebf98747e8f16dff9713ba8950097ceb760b161e19907,Domains_Alloy
1740,-3.21497433450089,-2.656177279849852,1.02,0.0723304633518,86dd3a804d78ca5d203ebf98747e8f16dff9713ba8950097ceb760b161e19907,Domains_Alloy
1741,-3.215559474876097,-2.656177279849852,1.02,0.0723304633518,86dd3a804d78ca5d203ebf98747e8f16dff9713ba8950097ceb760b161e19907,Domains_Alloy
1742,-3.216144760705254,-2.656177279849852,1.02,0.0723304633518,86dd3a804d78ca5d203ebf98747e8f16dff9713ba8950097ceb760b161e19907,Domains_Alloy
1743,-3.21673019190824,-2.656177279849852,1.02,0.0723304633518,86dd3a804d78ca5d203ebf98747e8f16dff9713ba8950097ceb760b161e19907,Domains_Alloy
1744,-3.217315768405022,-2.656177279849852,1.02,0.0723304633518,86dd3a804d78ca5d203ebf98747e8f16dff9713ba8950097ceb760b161e19907,Domains_Alloy
1745,-3.217901490115652,-2.656177279849852,1.02,0.0723304633518,86dd3a804d78ca5d203ebf98747e8f16dff9713ba8950097ceb760b161e19907,Domains_Alloy
1746,-3.218487356960264,-2.656177279849852,1.02,0.0723304633518,86dd3a804d78ca5d203ebf98747e8f16dff9713ba8950097ceb760b161e19907,Domains_Alloy
1747,-3.219073368859088,-2.656177279849852,1.02,0.0723304633518,86dd3a804d78ca5d203ebf98747e8f16dff9713ba8950097ceb760b161e19907,Domains_Alloy
1748,-3.219659525732429,-2.656177279849852,1.02,0.0723304633518,86dd3a804d78ca5d203ebf98747e8f16dff9713ba8950097ceb760b161e19907,Domains_Alloy
1749,-3.220245827500684,-2.656177279849852,1.02,0.0723304633518,86dd3a804d78ca5d203ebf98747e8f16dff9713ba8950097ceb760b161e19907,Domains_Alloy
1750,-3.220832274084335,-2.656177279849852,1.02,0.0723304633518,86dd3a804d78ca5d203ebf98747e8f16dff9713ba8950097ceb760b161e19907,Domains_Alloy
1751,-3.221418865403948,-2.656177279849852,1.02,0.0723304633518,86dd3a804d78ca5d203ebf98747e8f16dff9713ba8950097ceb760b161e19907,Domains_Alloy
1752,-3.222005601380175,-2.656177279849852,1.02,0.0723304633518,86dd3a804d78ca5d203ebf98747e8f16dff9713ba8950097ceb760b161e19907,Domains_Alloy
1753,-3.222592481933751,-2.656177279849852,1.02,0.0723304633518,86dd3a804d78ca5d203ebf98747e8f16dff9713ba8950097ceb760b161e19907,Domains_Alloy
1754,-3.223179506985499,-2.656177279849852,1.02,0.0723304633518,86dd3a804d78ca5d203ebf98747e8f16dff9713ba8950097ceb760b161e19907,Domains_Alloy
1755,-3.223766676456326,-2.656177279849852,1.02,0.0723304633518,86dd3a804d78ca5d203ebf98747e8f16dff9713ba8950097ceb760b161e19907,Domains_Alloy
1756,-3.224353990267224,-2.656177279849852,1.02,0.0723304633518,86dd3a804d78ca5d203ebf98747e8f16dff9713ba8950097ceb760b161e19907,Domains_Alloy
1757,-3.224941448339266,-2.656177279849852,1.02,0.0723304633518,86dd3a804d78ca5d203ebf98747e8f16dff9713ba8950097ceb760b161e19907,Domains_Alloy
1758,-3.225529050593617,-2.656177279849852,1.02,0.0723304633518,86dd3a804d78ca5d203ebf98747e8f16dff9713ba8950097ceb760b161e19907,Domains_Alloy
1759,-3.226116796951518,-2.656177279849852,1.02,0.0723304633518,86dd3a804d78ca5d203ebf98747e8f16dff9713ba8950097ceb760b161e19907,Domains_Alloy
1760,-3.2267046873343,-2.656177279849852,1.02,0.0723304633518,86dd3a804d78ca5d203ebf98747e8f16dff9713ba8950097ceb760b161e19907,Domains_Alloy
1761,-3.227292721663377,-2.656177279849852,1.02,0.0723304633518,86dd3a804d78ca5d203ebf98747e8f16dff9713ba8950097ceb760b161e19907,Domains_Alloy
1762,-3.227880899860243,-2.656177279849852,1.02,0.0723304633518,86dd3a804d78ca5d203ebf98747e8f16dff9713ba8950097ceb760b161e19907,Domains_Alloy
1763,-3.228469221846482,-2.656177279849852,1.02,0.0723304633518,86dd3a804d78ca5d203ebf98747e8f16dff9713ba8950097ceb760b161e19907,Domains_Alloy
1764,-3.229057687543757,-2.656177279849852,1.02,0.0723304633518,86dd3a804d78ca5d203ebf98747e8f16dff9713ba8950097ceb760b161e19907,Domains_Alloy
1765,-3.229646296873817,-2.656177279849852,1.02,0.0723304633518,86dd3a804d78ca5d203ebf98747e8f16dff9713ba8950097ceb760b161e19907,Domains_Alloy
1766,-3.230235049758492,-2.656177279849852,1.02,0.0723304633518,86dd3a804d78ca5d203ebf98747e8f16dff9713ba8950097ceb760b161e19907,Domains_Alloy
1767,-3.230823946119699,-2.656177279849852,1.02,0.0723304633518,86dd3a804d78ca5d203ebf98747e8f16dff9713ba8950097ceb760b161e19907,Domains_Alloy
1768,-3.231412985879434,-2.656177279849852,1.02,0.0723304633518,86dd3a804d78ca5d203ebf98747e8f16dff9713ba8950097ceb760b161e19907,Domains_Alloy
1769,-3.23200216895978,-2.656177279849852,1.02,0.0723304633518,86dd3a804d78ca5d203ebf98747e8f16dff9713ba8950097ceb760b161e19907,Domains_Alloy
1770,-3.232591495282899,-2.656177279849852,1.02,0.0723304633518,86dd3a804d78ca5d203ebf98747e8f16dff9713ba8950097ceb760b161e19907,Domains_Alloy
1771,-3.233180964771039,-2.656177279849852,1.02,0.0723304633518,86dd3a804d78ca5d203ebf98747e8f16dff9713ba8950097ceb760b161e19907,Domains_Alloy
1772,-3.233770577346529,-2.656177279849852,1.02,0.0723304633518,86dd3a804d78ca5d203ebf98747e8f16dff9713ba8950097ceb760b161e19907,Domains_Alloy
1773,-3.23436033293178,-2.656177279849852,1.02,0.0723304633518,86dd3a804d78ca5d203ebf98747e8f16dff9713ba8950097ceb760b161e19907,Domains_Alloy
1774,-3.234950231449289,-2.656177279849852,1.02,0.0723304633518,86dd3a804d78ca5d203ebf98747e8f16dff9713ba8950097ceb760b161e19907,Domains_Alloy
1775,-3.23554027282163,-2.656177279849852,1.02,0.0723304633518,86dd3a804d78ca5d203ebf98747e8f16dff9713ba8950097ceb760b161e19907,Domains_Alloy
1776,-3.236130456971462,-2.656177279849852,1.02,0.0723304633518,86dd3a804d78ca5d203ebf98747e8f16dff9713ba8950097ceb760b161e19907,Domains_Alloy
1777,-3.236720783821526,-2.656177279849852,1.02,0.0723304633518,86dd3a804d78ca5d203ebf98747e8f16dff9713ba8950097ceb760b161e19907,Domains_Alloy
1778,-3.237311253294644,-2.656177279849852,1.02,0.0723304633518,86dd3a804d78ca5d203ebf98747e8f16dff9713ba8950097ceb760b161e19907,Domains_Alloy
1779,-3.237901865313721,-2.656177279849852,1.02,0.0723304633518,86dd3a804d78ca5d203ebf98747e8f16dff9713ba8950097ceb760b161e19907,Domains_Alloy
1780,-3.238492619801743,-2.656177279849852,1.02,0.0723304633518,86dd3a804d78ca5d203ebf98747e8f16dff9713ba8950097ceb760b161e19907,Domains_Alloy
1781,-3.239083516681776,-2.656177279849852,1.02,0.0723304633518,86dd3a804d78ca5d203ebf98747e8f16dff9713ba8950097ceb760b161e19907,Domains_Alloy
1782,-3.23967455587697,-2.656177279849852,1.02,0.0723304633518,86dd3a804d78ca5d203ebf98747e8f16dff9713ba8950097ceb760b161e19907,Domains_Alloy
1783,-3.240265737310555,-2.656177279849852,1.02,0.0723304633518,86dd3a804d78ca5d203ebf98747e8f16dff9713ba8950097ceb760b161e19907,Domains_Alloy
1784,-3.240857060905842,-2.656177279849852,1.02,0.0723304633518,86dd3a804d78ca5d203ebf98747e8f16dff9713ba8950097ceb760b161e19907,Domains_Alloy
1785,-3.241448526586222,-2.656177279849852,1.02,0.0723304633518,86dd3a804d78ca5d203ebf98747e8f16dff9713ba8950097ceb760b161e19907,Domains_Alloy
1786,-3.24204013427517,-2.656177279849852,1.02,0.0723304633518,86dd3a804d78ca5d203ebf98747e8f16dff9713ba8950097ceb760b161e19907,Domains_Alloy
1787,-3.242631883896237,-2.656177279849852,1.02,0.0723304633518,86dd3a804d78ca5d203ebf98747e8f16dff9713ba8950097ceb760b161e19907,Domains_Alloy
1788,-3.243223775373061,-2.656177279849852,1.02,0.0723304633518,86dd3a804d78ca5d203ebf98747e8f16dff9713ba8950097ceb760b161e19907,Domains_Alloy
1789,-3.243815808629353,-2.656177279849852,1.02,0.0723304633518,86dd3a804d78ca5d203ebf98747e8f16dff9713ba8950097ceb760b161e19907,Domains_Alloy
1790,-3.24440798358891,-2.656177279849852,1.02,0.0723304633518,86dd3a804d78ca5d203ebf98747e8f16dff9713ba8950097ceb760b161e19907,Domains_Alloy
1791,-3.245000300175608,-2.656177279849852,1.02,0.0723304633518,86dd3a804d78ca5d203ebf98747e8f16dff9713ba8950097ceb760b161e19907,Domains_Alloy
1792,-3.245592758313399,-2.656177279849852,1.02,0.0723304633518,86dd3a804d78ca5d203ebf98747e8f16dff9713ba8950097ceb760b161e19907,Domains_Alloy
1793,-3.246185357926323,-2.656177279849852,1.02,0.0723304633518,86dd3a804d78ca5d203ebf98747e8f16dff9713ba8950097ceb760b161e19907,Domains_Alloy
1794,-3.246778098938494,-2.656177279849852,1.02,0.0723304633518,86dd3a804d78ca5d203ebf98747e8f16dff9713ba8950097ceb760b161e19907,Domains_Alloy
1795,-3.247370981274105,-2.656177279849852,1.02,0.0723304633518,86dd3a804d78ca5d203ebf98747e8f16dff9713ba8950097ceb760b161e19907,Domains_Alloy
1796,-3.247964004857433,-2.656177279849852,1.02,0.0723304633518,86dd3a804d78ca5d203ebf98747e8f16dff9713ba8950097ceb760b161e19907,Domains_Alloy
1797,-3.248557169612832,-2.656177279849852,1.02,0.0723304633518,86dd3a804d78ca5d203ebf98747e8f16dff9713ba8950097ceb760b161e19907,Domains_Alloy
1798,-3.249150475464733,-2.656177279849852,1.02,0.0723304633518,86dd3a804d78ca5d203ebf98747e8f16dff9713ba8950097ceb760b161e19907,Domains_Alloy
1799,-3.249743922337653,-2.656177279849852,1.02,0.0723304633518,86dd3a804d78ca5d203ebf98747e8f16dff9713ba8950097ceb760b161e19907,Domains_Alloy
1800,-3.250337510156181,-2.656177279849852,1.02,0.0723304633518,86dd3a804d78ca5d203ebf98747e8f16dff9713ba8950097ceb760b161e19907,Domains_Alloy
1801,-3.250931238844988,-2.656177279849852,1.02,0.0723304633518,86dd3a804d78ca5d203ebf98747e8f16dff9713ba8950097ceb760b161e19907,Domains_Alloy
1802,-3.251525108328828,-2.656177279849852,1.02,0.0723304633518,86dd3a804d78ca5d203ebf98747e8f16dff9713ba8950097ceb760b161e19907,Domains_Alloy
1803,-3.252119118532522,-2.656177279849852,1.02,0.0723304633518,86dd3a804d78ca5d203ebf98747e8f16dff9713ba8950097ceb760b161e19907,Domains_Alloy
1804,-3.252713269380983,-2.656177279849852,1.02,0.0723304633518,86dd3a804d78ca5d203ebf98747e8f16dff9713ba8950097ceb760b161e19907,Domains_Alloy
1805,-3.253307560799197,-2.656177279849852,1.02,0.0723304633518,86dd3a804d78ca5d203ebf98747e8f16dff9713ba8950097ceb760b161e19907,Domains_Alloy
1806,-3.253901992712226,-2.656177279849852,1.02,0.0723304633518,86dd3a804d78ca5d203ebf98747e8f16dff9713ba8950097ceb760b161e19907,Domains_Alloy
1807,-3.254496565045213,-2.656177279849852,1.02,0.0723304633518,86dd3a804d78ca5d203ebf98747e8f16dff9713ba8950097ceb760b161e19907,Domains_Alloy
1808,-3.25509127772338,-2.656177279849852,1.02,0.0723304633518,86dd3a804d78ca5d203ebf98747e8f16dff9713ba8950097ceb760b161e19907,Domains_Alloy
1809,-3.255686130672024,-2.656177279849852,1.02,0.0723304633518,86dd3a804d78ca5d203ebf98747e8f16dff9713ba8950097ceb760b161e19907,Domains_Alloy
1810,-3.256281123816522,-2.656177279849852,1.02,0.0723304633518,86dd3a804d78ca5d203ebf98747e8f16dff9713ba8950097ceb760b161e19907,Domains_Alloy
1811,-3.256876257082328,-2.656177279849852,1.02,0.0723304633518,86dd3a804d78ca5d203ebf98747e8f16dff9713ba8950097ceb760b161e19907,Domains_Alloy
1812,-3.257471530394976,-2.656177279849852,1.02,0.0723304633518,86dd3a804d78ca5d203ebf98747e8f16dff9713ba8950097ceb760b161e19907,Domains_Alloy
1813,-3.258066943680073,-2.656177279849852,1.02,0.0723304633518,86dd3a804d78ca5d203ebf98747e8f16dff9713ba8950097ceb760b161e19907,Domains_Alloy
1814,-3.258662496863309,-2.656177279849852,1.02,0.0723304633518,86dd3a804d78ca5d203ebf98747e8f16dff9713ba8950097ceb760b161e19907,Domains_Alloy
1815,-3.259258189870448,-2.656177279849852,1.02,0.0723304633518,86dd3a804d78ca5d203ebf98747e8f16dff9713ba8950097ceb760b161e19907,Domains_Alloy
1816,-3.25985402262733,-2.656177279849852,1.02,0.0723304633518,86dd3a804d78ca5d203ebf98747e8f16dff9713ba8950097ceb760b161e19907,Domains_Alloy
1817,-3.260449995059874,-2.656177279849852,1.02,0.0723304633518,86dd3a804d78ca5d203ebf98747e8f16dff9713ba8950097ceb760b161e19907,Domains_Alloy
1818,-3.261046107094077,-2.656177279849852,1.02,0.0723304633518,86dd3a804d78ca5d203ebf98747e8f16dff9713ba8950097ceb760b161e19907,Domains_Alloy
1819,-3.261642358656012,-2.656177279849852,1.02,0.0723304633518,86dd3a804d78ca5d203ebf98747e8f16dff9713ba8950097ceb760b161e19907,Domains_Alloy
1820,-3.262238749671826,-2.656177279849852,1.02,0.0723304633518,86dd3a804d78ca5d203ebf98747e8f16dff9713ba8950097ceb760b161e19907,Domains_Alloy
1821,-3.262835280067747,-2.656177279849852,1.02,0.0723304633518,86dd3a804d78ca5d203ebf98747e8f16dff9713ba8950097ceb760b161e19907,Domains_Alloy
1822,-3.263431949770077,-2.656177279849852,1.02,0.0723304633518,86dd3a804d78ca5d203ebf98747e8f16dff9713ba8950097ceb760b161e19907,Domains_Alloy
1823,-3.264028758705193,-2.656177279849852,1.02,0.0723304633518,86dd3a804d78ca5d203ebf98747e8f16dff9713ba8950097ceb760b161e19907,Domains_Alloy
1824,-3.264625706799555,-2.656177279849852,1.02,0.0723304633518,86dd3a804d78ca5d203ebf98747e8f16dff9713ba8950097ceb760b161e19907,Domains_Alloy
1825,-3.26522279397969,-2.656177279849852,1.02,0.0723304633518,86dd3a804d78ca5d203ebf98747e8f16dff9713ba8950097ceb760b161e19907,Domains_Alloy
1826,-3.265820020172207,-2.656177279849852,1.02,0.0723304633518,86dd3a804d78ca5d203ebf98747e8f16dff9713ba8950097ceb760b161e19907,Domains_Alloy
1827,-3.266417385303789,-2.656177279849852,1.02,0.0723304633518,86dd3a804d78ca5d203ebf98747e8f16dff9713ba8950097ceb760b161e19907,Domains_Alloy
1828,-3.267014889301195,-2.656177279849852,1.02,0.0723304633518,86dd3a804d78ca5d203ebf98747e8f16dff9713ba8950097ceb760b161e19907,Domains_Alloy
1829,-3.267612532091258,-2.656177279849852,1.02,0.0723304633518,86dd3a804d78ca5d203ebf98747e8f16dff9713ba8950097ceb760b161e19907,Domains_Alloy
1830,-3.268210313600893,-2.656177279849852,1.02,0.0723304633518,86dd3a804d78ca5d203ebf98747e8f16dff9713ba8950097ceb760b161e19907,Domains_Alloy
1831,-3.268808233757082,-2.656177279849852,1.02,0.0723304633518,86dd3a804d78ca5d203ebf98747e8f16dff9713ba8950097ceb760b161e19907,Domains_Alloy
1832,-3.269406292486887,-2.656177279849852,1.02,0.0723304633518,86dd3a804d78ca5d203ebf98747e8f16dff9713ba8950097ceb760b161e19907,Domains_Alloy
1833,-3.270004489717445,-2.656177279849852,1.02,0.0723304633518,86dd3a804d78ca5d203ebf98747e8f16dff9713ba8950097ceb760b161e19907,Domains_Alloy
1834,-3.270602825375968,-2.656177279849852,1.02,0.0723304633518,86dd3a804d78ca5d203ebf98747e8f16dff9713ba8950097ceb760b161e19907,Domains_Alloy
1835,-3.271201299389742,-2.656177279849852,1.02,0.0723304633518,86dd3a804d78ca5d203ebf98747e8f16dff9713ba8950097ceb760b161e19907,Domains_Alloy
1836,-3.271799911686129,-2.656177279849852,1.02,0.0723304633518,86dd3a804d78ca5d203ebf98747e8f16dff9713ba8950097ceb760b161e19907,Domains_Alloy
1837,-3.272398662192563,-2.656177279849852,1.02,0.0723304633518,86dd3a804d78ca5d203ebf98747e8f16dff9713ba8950097ceb760b161e19907,Domains_Alloy
1838,-3.272997550836559,-2.656177279849852,1.02,0.0723304633518,86dd3a804d78ca5d203ebf98747e8f16dff9713ba8950097ceb760b161e19907,Domains_Alloy
1839,-3.2735965775457,-2.656177279849852,1.02,0.0723304633518,86dd3a804d78ca5d203ebf98747e8f16dff9713ba8950097ceb760b161e19907,Domains_Alloy
1840,-3.274195742247645,-2.656177279849852,1.02,0.0723304633518,86dd3a804d78ca5d203ebf98747e8f16dff9713ba8950097ceb760b161e19907,Domains_Alloy
1841,-3.27479504487013,-2.656177279849852,1.02,0.0723304633518,86dd3a804d78ca5d203ebf98747e8f16dff9713ba8950097ceb760b161e19907,Domains_Alloy
1842,-3.275394485340962,-2.656177279849852,1.02,0.0723304633518,86dd3a804d78ca5d203ebf98747e8f16dff9713ba8950097ceb760b161e19907,Domains_Alloy
1843,-3.275994063588026,-2.656177279849852,1.02,0.0723304633518,86dd3a804d78ca5d203ebf98747e8f16dff9713ba8950097ceb760b161e19907,Domains_Alloy
1844,-3.276593779539278,-2.656177279849852,1.02,0.0723304633518,86dd3a804d78ca5d203ebf98747e8f16dff9713ba8950097ceb760b161e19907,Domains_Alloy
1845,-3.277193633122746,-2.656177279849852,1.02,0.0723304633518,86dd3a804d78ca5d203ebf98747e8f16dff9713ba8950097ceb760b161e19907,Domains_Alloy
1846,-3.277793624266537,-2.656177279849852,1.02,0.0723304633518,86dd3a804d78ca5d203ebf98747e8f16dff9713ba8950097ceb760b161e19907,Domains_Alloy
1847,-3.278393752898827,-2.656177279849852,1.02,0.0723304633518,86dd3a804d78ca5d203ebf98747e8f16dff9713ba8950097ceb760b161e19907,Domains_Alloy
1848,-3.27899401894787,-2.656177279849852,1.02,0.0723304633518,86dd3a804d78ca5d203ebf98747e8f16dff9713ba8950097ceb760b161e19907,Domains_Alloy
1849,-3.279594422341988,-2.656177279849852,1.02,0.0723304633518,86dd3a804d78ca5d203ebf98747e8f16dff9713ba8950097ceb760b161e19907,Domains_Alloy
1850,-3.280194963009583,-2.656177279849852,1.02,0.0723304633518,86dd3a804d78ca5d203ebf98747e8f16dff9713ba8950097ceb760b161e19907,Domains_Alloy
1851,-3.280795640879121,-2.656177279849852,1.02,0.0723304633518,86dd3a804d78ca5d203ebf98747e8f16dff9713ba8950097ceb760b161e19907,Domains_Alloy
1852,-3.281396455879151,-2.656177279849852,1.02,0.0723304633518,86dd3a804d78ca5d203ebf98747e8f16dff9713ba8950097ceb760b161e19907,Domains_Alloy
1853,-3.281997407938289,-2.656177279849852,1.02,0.0723304633518,86dd3a804d78ca5d203ebf98747e8f16dff9713ba8950097ceb760b161e19907,Domains_Alloy
1854,-3.282598496985227,-2.656177279849852,1.02,0.0723304633518,86dd3a804d78ca5d203ebf98747e8f16dff9713ba8950097ceb760b161e19907,Domains_Alloy
1855,-3.283199722948726,-2.656177279849852,1.02,0.0723304633518,86dd3a804d78ca5d203ebf98747e8f16dff9713ba8950097ceb760b161e19907,Domains_Alloy
1856,-3.283801085757624,-2.656177279849852,1.02,0.0723304633518,86dd3a804d78ca5d203ebf98747e8f16dff9713ba8950097ceb760b161e19907,Domains_Alloy
1857,-3.284402585340827,-2.656177279849852,1.02,0.0723304633518,86dd3a804d78ca5d203ebf98747e8f16dff9713ba8950097ceb760b161e19907,Domains_Alloy
1858,-3.285004221627319,-2.656177279849852,1.02,0.0723304633518,86dd3a804d78ca5d203ebf98747e8f16dff9713ba8950097ceb760b161e19907,Domains_Alloy
1859,-3.285605994546153,-2.656177279849852,1.02,0.0723304633518,86dd3a804d78ca5d203ebf98747e8f16dff9713ba8950097ceb760b161e19907,Domains_Alloy
1860,-3.286207904026452,-2.656177279849852,1.02,0.0723304633518,86dd3a804d78ca5d203ebf98747e8f16dff9713ba8950097ceb760b161e19907,Domains_Alloy
1861,-3.286809949997415,-2.656177279849852,1.02,0.0723304633518,86dd3a804d78ca5d203ebf98747e8f16dff9713ba8950097ceb760b161e19907,Domains_Alloy
1862,-3.287412132388312,-2.656177279849852,1.02,0.0723304633518,86dd3a804d78ca5d203ebf98747e8f16dff9713ba8950097ceb760b161e19907,Domains_Alloy
1863,-3.288014451128484,-2.656177279849852,1.02,0.0723304633518,86dd3a804d78ca5d203ebf98747e8f16dff9713ba8950097ceb760b161e19907,Domains_Alloy
1864,-3.288616906147344,-2.656177279849852,1.02,0.0723304633518,86dd3a804d78ca5d203ebf98747e8f16dff9713ba8950097ceb760b161e19907,Domains_Alloy
1865,-3.289219497374381,-2.656177279849852,1.02,0.0723304633518,86dd3a804d78ca5d203ebf98747e8f16dff9713ba8950097ceb760b161e19907,Domains_Alloy
1866,-3.289822224739147,-2.656177279849852,1.02,0.0723304633518,86dd3a804d78ca5d203ebf98747e8f16dff9713ba8950097ceb760b161e19907,Domains_Alloy
1867,-3.290425088171272,-2.656177279849852,1.02,0.0723304633518,86dd3a804d78ca5d203ebf98747e8f16dff9713ba8950097ceb760b161e19907,Domains_Alloy
1868,-3.291028087600456,-2.656177279849852,1.02,0.0723304633518,86dd3a804d78ca5d203ebf98747e8f16dff9713ba8950097ceb760b161e19907,Domains_Alloy
1869,-3.291631222956468,-2.656177279849852,1.02,0.0723304633518,86dd3a804d78ca5d203ebf98747e8f16dff9713ba8950097ceb760b161e19907,Domains_Alloy
1870,-3.292234494169153,-2.656177279849852,1.02,0.0723304633518,86dd3a804d78ca5d203ebf98747e8f16dff9713ba8950097ceb760b161e19907,Domains_Alloy
1871,-3.292837901168423,-2.656177279849852,1.02,0.0723304633518,86dd3a804d78ca5d203ebf98747e8f16dff9713ba8950097ceb760b161e19907,Domains_Alloy
1872,-3.29344144388426,-2.656177279849852,1.02,0.0723304633518,86dd3a804d78ca5d203ebf98747e8f16dff9713ba8950097ceb760b161e19907,Domains_Alloy
1873,-3.29404512224672,-2.656177279849852,1.02,0.0723304633518,86dd3a804d78ca5d203ebf98747e8f16dff9713ba8950097ceb760b161e19907,Domains_Alloy
1874,-3.294648936185931,-2.656177279849852,1.02,0.0723304633518,86dd3a804d78ca5d203ebf98747e8f16dff9713ba8950097ceb760b161e19907,Domains_Alloy
1875,-3.295252885632086,-2.656177279849852,1.02,0.0723304633518,86dd3a804d78ca5d203ebf98747e8f16dff9713ba8950097ceb760b161e19907,Domains_Alloy
1876,-3.295856970515454,-2.656177279849852,1.02,0.0723304633518,86dd3a804d78ca5d203ebf98747e8f16dff9713ba8950097ceb760b161e19907,Domains_Alloy
1877,-3.296461190766371,-2.656177279849852,1.02,0.0723304633518,86dd3a804d78ca5d203ebf98747e8f16dff9713ba8950097ceb760b161e19907,Domains_Alloy
1878,-3.297065546315245,-2.656177279849852,1.02,0.0723304633518,86dd3a804d78ca5d203ebf98747e8f16dff9713ba8950097ceb760b161e19907,Domains_Alloy
1879,-3.297670037092552,-2.656177279849852,1.02,0.0723304633518,86dd3a804d78ca5d203ebf98747e8f16dff9713ba8950097ceb760b161e19907,Domains_Alloy
1880,-3.298274663028845,-2.656177279849852,1.02,0.0723304633518,86dd3a804d78ca5d203ebf98747e8f16dff9713ba8950097ceb760b161e19907,Domains_Alloy
1881,-3.298879424054737,-2.656177279849852,1.02,0.0723304633518,86dd3a804d78ca5d203ebf98747e8f16dff9713ba8950097ceb760b161e19907,Domains_Alloy
1882,-3.299484320100918,-2.656177279849852,1.02,0.0723304633518,86dd3a804d78ca5d203ebf98747e8f16dff9713ba8950097ceb760b161e19907,Domains_Alloy
1883,-3.300089351098144,-2.656177279849852,1.02,0.0723304633518,86dd3a804d78ca5d203ebf98747e8f16dff9713ba8950097ceb760b161e19907,Domains_Alloy
1884,-3.300694516977244,-2.656177279849852,1.02,0.0723304633518,86dd3a804d78ca5d203ebf98747e8f16dff9713ba8950097ceb760b161e19907,Domains_Alloy
1885,-3.301299817669115,-2.656177279849852,1.02,0.0723304633518,86dd3a804d78ca5d203ebf98747e8f16dff9713ba8950097ceb760b161e19907,Domains_Alloy
1886,-3.301905253104721,-2.656177279849852,1.02,0.0723304633518,86dd3a804d78ca5d203ebf98747e8f16dff9713ba8950097ceb760b161e19907,Domains_Alloy
1887,-3.302510823215101,-2.656177279849852,1.02,0.0723304633518,86dd3a804d78ca5d203ebf98747e8f16dff9713ba8950097ceb760b161e19907,Domains_Alloy
1888,-3.303116527931359,-2.656177279849852,1.02,0.0723304633518,86dd3a804d78ca5d203ebf98747e8f16dff9713ba8950097ceb760b161e19907,Domains_Alloy
1889,-3.303722367184667,-2.656177279849852,1.02,0.0723304633518,86dd3a804d78ca5d203ebf98747e8f16dff9713ba8950097ceb760b161e19907,Domains_Alloy
1890,-3.304328340906272,-2.656177279849852,1.02,0.0723304633518,86dd3a804d78ca5d203ebf98747e8f16dff9713ba8950097ceb760b161e19907,Domains_Alloy
1891,-3.304934449027485,-2.656177279849852,1.02,0.0723304633518,86dd3a804d78ca5d203ebf98747e8f16dff9713ba8950097ceb760b161e19907,Domains_Alloy
1892,-3.305540691479685,-2.656177279849852,1.02,0.0723304633518,86dd3a804d78ca5d203ebf98747e8f16dff9713ba8950097ceb760b161e19907,Domains_Alloy
1893,-3.306147068194325,-2.656177279849852,1.02,0.0723304633518,86dd3a804d78ca5d203ebf98747e8f16dff9713ba8950097ceb760b161e19907,Domains_Alloy
1894,-3.306753579102922,-2.656177279849852,1.02,0.0723304633518,86dd3a804d78ca5d203ebf98747e8f16dff9713ba8950097ceb760b161e19907,Domains_Alloy
1895,-3.307360224137065,-2.656177279849852,1.02,0.0723304633518,86dd3a804d78ca5d203ebf98747e8f16dff9713ba8950097ceb760b161e19907,Domains_Alloy
1896,-3.307967003228407,-2.656177279849852,1.02,0.0723304633518,86dd3a804d78ca5d203ebf98747e8f16dff9713ba8950097ceb760b161e19907,Domains_Alloy
1897,-3.308573916308676,-2.656177279849852,1.02,0.0723304633518,86dd3a804d78ca5d203ebf98747e8f16dff9713ba8950097ceb760b161e19907,Domains_Alloy
1898,-3.309180963309659,-2.656177279849852,1.02,0.0723304633518,86dd3a804d78ca5d203ebf98747e8f16dff9713ba8950097ceb760b161e19907,Domains_Alloy
1899,-3.309788144163223,-2.656177279849852,1.02,0.0723304633518,86dd3a804d78ca5d203ebf98747e8f16dff9713ba8950097ceb760b161e19907,Domains_Alloy
1900,-3.310395458801292,-2.656177279849852,1.02,0.0723304633518,86dd3a804d78ca5d203ebf98747e8f16dff9713ba8950097ceb760b161e19907,Domains_Alloy
1901,-3.311002907155864,-2.656177279849852,1.02,0.0723304633518,86dd3a804d78ca5d203ebf98747e8f16dff9713ba8950097ceb760b161e19907,Domains_Alloy
1902,-3.311610489159003,-2.656177279849852,1.02,0.0723304633518,86dd3a804d78ca5d203ebf98747e8f16dff9713ba8950097ceb760b161e19907,Domains_Alloy
1903,-3.312218204742842,-2.656177279849852,1.02,0.0723304633518,86dd3a804d78ca5d203ebf98747e8f16dff9713ba8950097ceb760b161e19907,Domains_Alloy
1904,-3.312826053839581,-2.656177279849852,1.02,0.0723304633518,86dd3a804d78ca5d203ebf98747e8f16dff9713ba8950097ceb760b161e19907,Domains_Alloy
1905,-3.313434036381488,-2.656177279849852,1.02,0.0723304633518,86dd3a804d78ca5d203ebf98747e8f16dff9713ba8950097ceb760b161e19907,Domains_Alloy
1906,-3.314042152300895,-2.656177279849852,1.02,0.0723304633518,86dd3a804d78ca5d203ebf98747e8f16dff9713ba8950097ceb760b161e19907,Domains_Alloy
1907,-3.314650401530208,-2.656177279849852,1.02,0.0723304633518,86dd3a804d78ca5d203ebf98747e8f16dff9713ba8950097ceb760b161e19907,Domains_Alloy
1908,-3.315258784001896,-2.656177279849852,1.02,0.0723304633518,86dd3a804d78ca5d203ebf98747e8f16dff9713ba8950097ceb760b161e19907,Domains_Alloy
1909,-3.315867299648494,-2.656177279849852,1.02,0.0723304633518,86dd3a804d78ca5d203ebf98747e8f16dff9713ba8950097ceb760b161e19907,Domains_Alloy
1910,-3.316475948402607,-2.656177279849852,1.02,0.0723304633518,86dd3a804d78ca5d203ebf98747e8f16dff9713ba8950097ceb760b161e19907,Domains_Alloy
1911,-3.317084730196905,-2.656177279849852,1.02,0.0723304633518,86dd3a804d78ca5d203ebf98747e8f16dff9713ba8950097ceb760b161e19907,Domains_Alloy
1912,-3.317693644964128,-2.656177279849852,1.02,0.0723304633518,86dd3a804d78ca5d203ebf98747e8f16dff9713ba8950097ceb760b161e19907,Domains_Alloy
1913,-3.318302692637079,-2.656177279849852,1.02,0.0723304633518,86dd3a804d78ca5d203ebf98747e8f16dff9713ba8950097ceb760b161e19907,Domains_Alloy
1914,-3.318911873148631,-2.656177279849852,1.02,0.0723304633518,86dd3a804d78ca5d203ebf98747e8f16dff9713ba8950097ceb760b161e19907,Domains_Alloy
1915,-3.319521186431717,-2.656177279849852,1.02,0.0723304633518,86dd3a804d78ca5d203ebf98747e8f16dff9713ba8950097ceb760b161e19907,Domains_Alloy
1916,-3.320130632419347,-2.656177279849852,1.02,0.0723304633518,86dd3a804d78ca5d203ebf98747e8f16dff9713ba8950097ceb760b161e19907,Domains_Alloy
1917,-3.320740211044589,-2.656177279849852,1.02,0.0723304633518,86dd3a804d78ca5d203ebf98747e8f16dff9713ba8950097ceb760b161e19907,Domains_Alloy
1918,-3.32134992224058,-2.656177279849852,1.02,0.0723304633518,86dd3a804d78ca5d203ebf98747e8f16dff9713ba8950097ceb760b161e19907,Domains_Alloy
1919,-3.321959765940525,-2.656177279849852,1.02,0.0723304633518,86dd3a804d78ca5d203ebf98747e8f16dff9713ba8950097ceb760b161e19907,Domains_Alloy
1920,-3.32256974207769,-2.656177279849852,1.02,0.0723304633518,86dd3a804d78ca5d203ebf98747e8f16dff9713ba8950097ceb760b161e19907,Domains_Alloy
1921,-3.323179850585414,-2.656177279849852,1.02,0.0723304633518,86dd3a804d78ca5d203ebf98747e8f16dff9713ba8950097ceb760b161e19907,Domains_Alloy
1922,-3.323790091397096,-2.656177279849852,1.02,0.0723304633518,86dd3a804d78ca5d203ebf98747e8f16dff9713ba8950097ceb760b161e19907,Domains_Alloy
1923,-3.324400464446205,-2.656177279849852,1.02,0.0723304633518,86dd3a804d78ca5d203ebf98747e8f16dff9713ba8950097ceb760b161e19907,Domains_Alloy
1924,-3.325010969666271,-2.656177279849852,1.02,0.0723304633518,86dd3a804d78ca5d203ebf98747e8f16dff9713ba8950097ceb760b161e19907,Domains_Alloy
1925,-3.325621606990894,-2.656177279849852,1.02,0.0723304633518,86dd3a804d78ca5d203ebf98747e8f16dff9713ba8950097ceb760b161e19907,Domains_Alloy
1926,-3.326232376353741,-2.656177279849852,1.02,0.0723304633518,86dd3a804d78ca5d203ebf98747e8f16dff9713ba8950097ceb760b161e19907,Domains_Alloy
1927,-3.326843277688536,-2.656177279849852,1.02,0.0723304633518,86dd3a804d78ca5d203ebf98747e8f16dff9713ba8950097ceb760b161e19907,Domains_Alloy
1928,-3.327454310929079,-2.656177279849852,1.02,0.0723304633518,86dd3a804d78ca5d203ebf98747e8f16dff9713ba8950097ceb760b161e19907,Domains_Alloy
1929,-3.328065476009225,-2.656177279849852,1.02,0.0723304633518,86dd3a804d78ca5d203ebf98747e8f16dff9713ba8950097ceb760b161e19907,Domains_Alloy
1930,-3.328676772862903,-2.656177279849852,1.02,0.0723304633518,86dd3a804d78ca5d203ebf98747e8f16dff9713ba8950097ceb760b161e19907,Domains_Alloy
1931,-3.329288201424101,-2.656177279849852,1.02,0.0723304633518,86dd3a804d78ca5d203ebf98747e8f16dff9713ba8950097ceb760b161e19907,Domains_Alloy
1932,-3.329899761626875,-2.656177279849852,1.02,0.0723304633518,86dd3a804d78ca5d203ebf98747e8f16dff9713ba8950097ceb760b161e19907,Domains_Alloy
1933,-3.330511453405344,-2.656177279849852,1.02,0.0723304633518,86dd3a804d78ca5d203ebf98747e8f16dff9713ba8950097ceb760b161e19907,Domains_Alloy
1934,-3.331123276693697,-2.656177279849852,1.02,0.0723304633518,86dd3a804d78ca5d203ebf98747e8f16dff9713ba8950097ceb760b161e19907,Domains_Alloy
1935,-3.331735231426178,-2.656177279849852,1.02,0.0723304633518,86dd3a804d78ca5d203ebf98747e8f16dff9713ba8950097ceb760b161e19907,Domains_Alloy
1936,-3.332347317537105,-2.656177279849852,1.02,0.0723304633518,86dd3a804d78ca5d203ebf98747e8f16dff9713ba8950097ceb760b161e19907,Domains_Alloy
1937,-3.332959534960855,-2.656177279849852,1.02,0.0723304633518,86dd3a804d78ca5d203ebf98747e8f16dff9713ba8950097ceb760b161e19907,Domains_Alloy
1938,-3.333571883631871,-2.656177279849852,1.02,0.0723304633518,86dd3a804d78ca5d203ebf98747e8f16dff9713ba8950097ceb760b161e19907,Domains_Alloy
1939,-3.334184363484662,-2.656177279849852,1.02,0.0723304633518,86dd3a804d78ca5d203ebf98747e8f16dff9713ba8950097ceb760b161e19907,Domains_Alloy
1940,-3.334796974453796,-2.656177279849852,1.02,0.0723304633518,86dd3a804d78ca5d203ebf98747e8f16dff9713ba8950097ceb760b161e19907,Domains_Alloy
1941,-3.335409716473913,-2.656177279849852,1.02,0.0723304633518,86dd3a804d78ca5d203ebf98747e8f16dff9713ba8950097ceb760b161e19907,Domains_Alloy
1942,-3.33602258947971,-2.656177279849852,1.02,0.0723304633518,86dd3a804d78ca5d203ebf98747e8f16dff9713ba8950097ceb760b161e19907,Domains_Alloy
1943,-3.33663559340595,-2.656177279849852,1.02,0.0723304633518,86dd3a804d78ca5d203ebf98747e8f16dff9713ba8950097ceb760b161e19907,Domains_Alloy
1944,-3.337248728187463,-2.656177279849852,1.02,0.0723304633518,86dd3a804d78ca5d203ebf98747e8f16dff9713ba8950097ceb760b161e19907,Domains_Alloy
1945,-3.337861993759139,-2.656177279849852,1.02,0.0723304633518,86dd3a804d78ca5d203ebf98747e8f16dff9713ba8950097ceb760b161e19907,Domains_Alloy
1946,-3.338475390055932,-2.656177279849852,1.02,0.0723304633518,86dd3a804d78ca5d203ebf98747e8f16dff9713ba8950097ceb760b161e19907,Domains_Alloy
1947,-3.339088917012863,-2.656177279849852,1.02,0.0723304633518,86dd3a804d78ca5d203ebf98747e8f16dff9713ba8950097ceb760b161e19907,Domains_Alloy
1948,-3.339702574565011,-2.656177279849852,1.02,0.0723304633518,86dd3a804d78ca5d203ebf98747e8f16dff9713ba8950097ceb760b161e19907,Domains_Alloy
1949,-3.340316362647524,-2.656177279849852,1.02,0.0723304633518,86dd3a804d78ca5d203ebf98747e8f16dff9713ba8950097ceb760b161e19907,Domains_Alloy
1950,-3.340930281195608,-2.656177279849852,1.02,0.0723304633518,86dd3a804d78ca5d203ebf98747e8f16dff9713ba8950097ceb760b161e19907,Domains_Alloy
1951,-3.341544330144537,-2.656177279849852,1.02,0.0723304633518,86dd3a804d78ca5d203ebf98747e8f16dff9713ba8950097ceb760b161e19907,Domains_Alloy
1952,-3.342158509429646,-2.656177279849852,1.02,0.0723304633518,86dd3a804d78ca5d203ebf98747e8f16dff9713ba8950097ceb760b161e19907,Domains_Alloy
1953,-3.342772818986332,-2.656177279849852,1.02,0.0723304633518,86dd3a804d78ca5d203ebf98747e8f16dff9713ba8950097ceb760b161e19907,Domains_Alloy
1954,-3.343387258750054,-2.656177279849852,1.02,0.0723304633518,86dd3a804d78ca5d203ebf98747e8f16dff9713ba8950097ceb760b161e19907,Domains_Alloy
1955,-3.34400182865634,-2.656177279849852,1.02,0.0723304633518,86dd3a804d78ca5d203ebf98747e8f16dff9713ba8950097ceb760b161e19907,Domains_Alloy
1956,-3.344616528640774,-2.656177279849852,1.02,0.0723304633518,86dd3a804d78ca5d203ebf98747e8f16dff9713ba8950097ceb760b161e19907,Domains_Alloy
1957,-3.345231358639006,-2.656177279849852,1.02,0.0723304633518,86dd3a804d78ca5d203ebf98747e8f16dff9713ba8950097ceb760b161e19907,Domains_Alloy
1958,-3.345846318586748,-2.656177279849852,1.02,0.0723304633518,86dd3a804d78ca5d203ebf98747e8f16dff9713ba8950097ceb760b161e19907,Domains_Alloy
1959,-3.346461408419772,-2.656177279849852,1.02,0.0723304633518,86dd3a804d78ca5d203ebf98747e8f16dff9713ba8950097ceb760b161e19907,Domains_Alloy
1960,-3.347076628073918,-2.656177279849852,1.02,0.0723304633518,86dd3a804d78ca5d203ebf98747e8f16dff9713ba8950097ceb760b161e19907,Domains_Alloy
1961,-3.347691977485083,-2.656177279849852,1.02,0.0723304633518,86dd3a804d78ca5d203ebf98747e8f16dff9713ba8950097ceb760b161e19907,Domains_Alloy
1962,-3.348307456589228,-2.656177279849852,1.02,0.0723304633518,86dd3a804d78ca5d203ebf98747e8f16dff9713ba8950097ceb760b161e19907,Domains_Alloy
1963,-3.348923065322377,-2.656177279849852,1.02,0.0723304633518,86dd3a804d78ca5d203ebf98747e8f16dff9713ba8950097ceb760b161e19907,Domains_Alloy
1964,-3.349538803620616,-2.656177279849852,1.02,0.0723304633518,86dd3a804d78ca5d203ebf98747e8f16dff9713ba8950097ceb760b161e19907,Domains_Alloy
1965,-3.350154671420092,-2.656177279849852,1.02,0.0723304633518,86dd3a804d78ca5d203ebf98747e8f16dff9713ba8950097ceb760b161e19907,Domains_Alloy
1966,-3.350770668657012,-2.656177279849852,1.02,0.0723304633518,86dd3a804d78ca5d203ebf98747e8f16dff9713ba8950097ceb760b161e19907,Domains_Alloy
1967,-3.35138679526765,-2.656177279849852,1.02,0.0723304633518,86dd3a804d78ca5d203ebf98747e8f16dff9713ba8950097ceb760b161e19907,Domains_Alloy
1968,-3.352003051188336,-2.656177279849852,1.02,0.0723304633518,86dd3a804d78ca5d203ebf98747e8f16dff9713ba8950097ceb760b161e19907,Domains_Alloy
1969,-3.352619436355467,-2.656177279849852,1.02,0.0723304633518,86dd3a804d78ca5d203ebf98747e8f16dff9713ba8950097ceb760b161e19907,Domains_Alloy
1970,-3.353235950705496,-2.656177279849852,1.02,0.0723304633518,86dd3a804d78ca5d203ebf98747e8f16dff9713ba8950097ceb760b161e19907,Domains_Alloy
1971,-3.353852594174942,-2.656177279849852,1.02,0.0723304633518,86dd3a804d78ca5d203ebf98747e8f16dff9713ba8950097ceb760b161e19907,Domains_Alloy
1972,-3.354469366700382,-2.656177279849852,1.02,0.0723304633518,86dd3a804d78ca5d203ebf98747e8f16dff9713ba8950097ceb760b161e19907,Domains_Alloy
1973,-3.355086268218457,-2.656177279849852,1.02,0.0723304633518,86dd3a804d78ca5d203ebf98747e8f16dff9713ba8950097ceb760b161e19907,Domains_Alloy
1974,-3.355703298665867,-2.656177279849852,1.02,0.0723304633518,86dd3a804d78ca5d203ebf98747e8f16dff9713ba8950097ceb760b161e19907,Domains_Alloy
1975,-3.356320457979376,-2.656177279849852,1.02,0.0723304633518,86dd3a804d78ca5d203ebf98747e8f16dff9713ba8950097ceb760b161e19907,Domains_Alloy
1976,-3.356937746095804,-2.656177279849852,1.02,0.0723304633518,86dd3a804d78ca5d203ebf98747e8f16dff9713ba8950097ceb760b161e19907,Domains_Alloy
1977,-3.357555162952036,-2.656177279849852,1.02,0.0723304633518,86dd3a804d78ca5d203ebf98747e8f16dff9713ba8950097ceb760b161e19907,Domains_Alloy
1978,-3.358172708485018,-2.656177279849852,1.02,0.0723304633518,86dd3a804d78ca5d203ebf98747e8f16dff9713ba8950097ceb760b161e19907,Domains_Alloy
1979,-3.358790382631754,-2.656177279849852,1.02,0.0723304633518,86dd3a804d78ca5d203ebf98747e8f16dff9713ba8950097ceb760b161e19907,Domains_Alloy
1980,-3.35940818532931,-2.656177279849852,1.02,0.0723304633518,86dd3a804d78ca5d203ebf98747e8f16dff9713ba8950097ceb760b161e19907,Domains_Alloy
1981,-3.360026116514812,-2.656177279849852,1.02,0.0723304633518,86dd3a804d78ca5d203ebf98747e8f16dff9713ba8950097ceb760b161e19907,Domains_Alloy
1982,-3.36064417612545,-2.656177279849852,1.02,0.0723304633518,86dd3a804d78ca5d203ebf98747e8f16dff9713ba8950097ceb760b161e19907,Domains_Alloy
1983,-3.36126236409847,-2.656177279849852,1.02,0.0723304633518,86dd3a804d78ca5d203ebf98747e8f16dff9713ba8950097ceb760b161e19907,Domains_Alloy
1984,-3.361880680371177,-2.656177279849852,1.02,0.0723304633518,86dd3a804d78ca5d203ebf98747e8f16dff9713ba8950097ceb760b161e19907,Domains_Alloy
1985,-3.362499124880942,-2.656177279849852,1.02,0.0723304633518,86dd3a804d78ca5d203ebf98747e8f16dff9713ba8950097ceb760b161e19907,Domains_Alloy
1986,-3.363117697565193,-2.656177279849852,1.02,0.0723304633518,86dd3a804d78ca5d203ebf98747e8f16dff9713ba8950097ceb760b161e19907,Domains_Alloy
1987,-3.363736398361417,-2.656177279849852,1.02,0.0723304633518,86dd3a804d78ca5d203ebf98747e8f16dff9713ba8950097ceb760b161e19907,Domains_Alloy
1988,-3.364355227207161,-2.656177279849852,1.02,0.0723304633518,86dd3a804d78ca5d203ebf98747e8f16dff9713ba8950097ceb760b161e19907,Domains_Alloy
1989,-3.364974184040036,-2.656177279849852,1.02,0.0723304633518,86dd3a804d78ca5d203ebf98747e8f16dff9713ba8950097ceb760b161e19907,Domains_Alloy
1990,-3.365593268797707,-2.656177279849852,1.02,0.0723304633518,86dd3a804d78ca5d203ebf98747e8f16dff9713ba8950097ceb760b161e19907,Domains_Alloy
1991,-3.366212481417904,-2.656177279849852,1.02,0.0723304633518,86dd3a804d78ca5d203ebf98747e8f16dff9713ba8950097ceb760b161e19907,Domains_Alloy
1992,-3.366831821838412,-2.656177279849852,1.02,0.0723304633518,86dd3a804d78ca5d203ebf98747e8f16dff9713ba8950097ceb760b161e19907,Domains_Alloy
1993,-3.367451289997079,-2.656177279849852,1.02,0.0723304633518,86dd3a804d78ca5d203ebf98747e8f16dff9713ba8950097ceb760b161e19907,Domains_Alloy
1994,-3.368070885831809,-2.656177279849852,1.02,0.0723304633518,86dd3a804d78ca5d203ebf98747e8f16dff9713ba8950097ceb760b161e19907,Domains_Alloy
1995,-3.36869060928057,-2.656177279849852,1.02,0.0723304633518,86dd3a804d78ca5d203ebf98747e8f16dff9713ba8950097ceb760b161e19907,Domains_Alloy
1996,-3.369310460281384,-2.656177279849852,1.02,0.0723304633518,86dd3a804d78ca5d203ebf98747e8f16dff9713ba8950097ceb760b161e19907,Domains_Alloy
1997,-3.369930438772339,-2.656177279849852,1.02,0.0723304633518,86dd3a804d78ca5d203ebf98747e8f16dff9713ba8950097ceb760b161e19907,Domains_Alloy
1998,-3.370550544691572,-2.656177279849852,1.02,0.0723304633518,86dd3a804d78ca5d203ebf98747e8f16dff9713ba8950097ceb760b161e19907,Domains_Alloy
1999,-3.37117077797729,-2.656177279849852,1.02,0.0723304633518,86dd3a804d78ca5d203ebf98747e8f16dff9713ba8950097ceb760b161e19907,Domains_Alloy
2000,-3.371791138567754,-2.656177279849852,1.02,0.0723304633518,86dd3a804d78ca5d203ebf98747e8f16dff9713ba8950097ceb760b161e19907,Domains_Alloy
2001,-3.372411626401279,-2.656177279849852,1.02,0.0723304633518,86dd3a804d78ca5d203ebf98747e8f16dff9713ba8950097ceb760b161e19907,Domains_Alloy
2002,-3.373032241416251,-2.656177279849852,1.02,0.0723304633518,86dd3a804d78ca5d203ebf98747e8f16dff9713ba8950097ceb760b161e19907,Domains_Alloy
2003,-3.373652983551101,-2.656177279849852,1.02,0.0723304633518,86dd3a804d78ca5d203ebf98747e8f16dff9713ba8950097ceb760b161e19907,Domains_Alloy
2004,-3.374273852744326,-2.656177279849852,1.02,0.0723304633518,86dd3a804d78ca5d203ebf98747e8f16dff9713ba8950097ceb760b161e19907,Domains_Alloy
2005,-3.374894848934486,-2.656177279849852,1.02,0.0723304633518,86dd3a804d78ca5d203ebf98747e8f16dff9713ba8950097ceb760b161e19907,Domains_Alloy
2006,-3.375515972060186,-2.656177279849852,1.02,0.0723304633518,86dd3a804d78ca5d203ebf98747e8f16dff9713ba8950097ceb760b161e19907,Domains_Alloy
2007,-3.376137222060104,-2.656177279849852,1.02,0.0723304633518,86dd3a804d78ca5d203ebf98747e8f16dff9713ba8950097ceb760b161e19907,Domains_Alloy
2008,-3.376758598872965,-2.656177279849852,1.02,0.0723304633518,86dd3a804d78ca5d203ebf98747e8f16dff9713ba8950097ceb760b161e19907,Domains_Alloy
2009,-3.377380102437559,-2.656177279849852,1.02,0.0723304633518,86dd3a804d78ca5d203ebf98747e8f16dff9713ba8950097ceb760b161e19907,Domains_Alloy
2010,-3.378001732692732,-2.656177279849852,1.02,0.0723304633518,86dd3a804d78ca5d203ebf98747e8f16dff9713ba8950097ceb760b161e19907,Domains_Alloy
2011,-3.378623489577388,-2.656177279849852,1.02,0.0723304633518,86dd3a804d78ca5d203ebf98747e8f16dff9713ba8950097ceb760b161e19907,Domains_Alloy
2012,-3.379245373030488,-2.656177279849852,1.02,0.0723304633518,86dd3a804d78ca5d203ebf98747e8f16dff9713ba8950097ceb760b161e19907,Domains_Alloy
2013,-3.379867382991052,-2.656177279849852,1.02,0.0723304633518,86dd3a804d78ca5d203ebf98747e8f16dff9713ba8950097ceb760b161e19907,Domains_Alloy
2014,-3.38048951939816,-2.656177279849852,1.02,0.0723304633518,86dd3a804d78ca5d203ebf98747e8f16dff9713ba8950097ceb760b161e19907,Domains_Alloy
2015,-3.381111782190944,-2.656177279849852,1.02,0.0723304633518,86dd3a804d78ca5d203ebf98747e8f16dff9713ba8950097ceb760b161e19907,Domains_Alloy
2016,-3.3817341713086,-2.656177279849852,1.02,0.0723304633518,86dd3a804d78ca5d203ebf98747e8f16dff9713ba8950097ceb760b161e19907,Domains_Alloy
2017,-3.382356686690376,-2.656177279849852,1.02,0.0723304633518,86dd3a804d78ca5d203ebf98747e8f16dff9713ba8950097ceb760b161e19907,Domains_Alloy
2018,-3.382979328275583,-2.656177279849852,1.02,0.0723304633518,86dd3a804d78ca5d203ebf98747e8f16dff9713ba8950097ceb760b161e19907,Domains_Alloy
2019,-3.383602096003585,-2.656177279849852,1.02,0.0723304633518,86dd3a804d78ca5d203ebf98747e8f16dff9713ba8950097ceb760b161e19907,Domains_Alloy
2020,-3.384224989813802,-2.656177279849852,1.02,0.0723304633518,86dd3a804d78ca5d203ebf98747e8f16dff9713ba8950097ceb760b161e19907,Domains_Alloy
2021,-3.384848009645719,-2.656177279849852,1.02,0.0723304633518,86dd3a804d78ca5d203ebf98747e8f16dff9713ba8950097ceb760b161e19907,Domains_Alloy
2022,-3.385471155438872,-2.656177279849852,1.02,0.0723304633518,86dd3a804d78ca5d203ebf98747e8f16dff9713ba8950097ceb760b161e19907,Domains_Alloy
2023,-3.386094427132853,-2.656177279849852,1.02,0.0723304633518,86dd3a804d78ca5d203ebf98747e8f16dff9713ba8950097ceb760b161e19907,Domains_Alloy
2024,-3.386717824667314,-2.656177279849852,1.02,0.0723304633518,86dd3a804d78ca5d203ebf98747e8f16dff9713ba8950097ceb760b161e19907,Domains_Alloy
2025,-3.387341347981964,-2.656177279849852,1.02,0.0723304633518,86dd3a804d78ca5d203ebf98747e8f16dff9713ba8950097ceb760b161e19907,Domains_Alloy
2026,-3.38796499701657,-2.656177279849852,1.02,0.0723304633518,86dd3a804d78ca5d203ebf98747e8f16dff9713ba8950097ceb760b161e19907,Domains_Alloy
2027,-3.388588771710948,-2.656177279849852,1.02,0.0723304633518,86dd3a804d78ca5d203ebf98747e8f16dff9713ba8950097ceb760b161e19907,Domains_Alloy
2028,-3.389212672004982,-2.656177279849852,1.02,0.0723304633518,86dd3a804d78ca5d203ebf98747e8f16dff9713ba8950097ceb760b161e19907,Domains_Alloy
2029,-3.389836697838606,-2.656177279849852,1.02,0.0723304633518,86dd3a804d78ca5d203ebf98747e8f16dff9713ba8950097ceb760b161e19907,Domains_Alloy
2030,-3.390460849151811,-2.656177279849852,1.02,0.0723304633518,86dd3a804d78ca5d203ebf98747e8f16dff9713ba8950097ceb760b161e19907,Domains_Alloy
2031,-3.391085125884645,-2.656177279849852,1.02,0.0723304633518,86dd3a804d78ca5d203ebf98747e8f16dff9713ba8950097ceb760b161e19907,Domains_Alloy
2032,-3.391709527977213,-2.656177279849852,1.02,0.0723304633518,86dd3a804d78ca5d203ebf98747e8f16dff9713ba8950097ceb760b161e19907,Domains_Alloy
2033,-3.392334055369674,-2.656177279849852,1.02,0.0723304633518,86dd3a804d78ca5d203ebf98747e8f16dff9713ba8950097ceb760b161e19907,Domains_Alloy
2034,-3.392958708002247,-2.656177279849852,1.02,0.0723304633518,86dd3a804d78ca5d203ebf98747e8f16dff9713ba8950097ceb760b161e19907,Domains_Alloy
2035,-3.393583485815205,-2.656177279849852,1.02,0.0723304633518,86dd3a804d78ca5d203ebf98747e8f16dff9713ba8950097ceb760b161e19907,Domains_Alloy
2036,-3.394208388748876,-2.656177279849852,1.02,0.0723304633518,86dd3a804d78ca5d203ebf98747e8f16dff9713ba8950097ceb760b161e19907,Domains_Alloy
2037,-3.394833416743647,-2.656177279849852,1.02,0.0723304633518,86dd3a804d78ca5d203ebf98747e8f16dff9713ba8950097ceb760b161e19907,Domains_Alloy
2038,-3.395458569739957,-2.656177279849852,1.02,0.0723304633518,86dd3a804d78ca5d203ebf98747e8f16dff9713ba8950097ceb760b161e19907,Domains_Alloy
2039,-3.396083847678304,-2.656177279849852,1.02,0.0723304633518,86dd3a804d78ca5d203ebf98747e8f16dff9713ba8950097ceb760b161e19907,Domains_Alloy
2040,-3.396709250499239,-2.656177279849852,1.02,0.0723304633518,86dd3a804d78ca5d203ebf98747e8f16dff9713ba8950097ceb760b161e19907,Domains_Alloy
2041,-3.397334778143374,-2.656177279849852,1.02,0.0723304633518,86dd3a804d78ca5d203ebf98747e8f16dff9713ba8950097ceb760b161e19907,Domains_Alloy
2042,-3.397960430551369,-2.656177279849852,1.02,0.0723304633518,86dd3a804d78ca5d203ebf98747e8f16dff9713ba8950097ceb760b161e19907,Domains_Alloy
2043,-3.398586207663946,-2.656177279849852,1.02,0.0723304633518,86dd3a804d78ca5d203ebf98747e8f16dff9713ba8950097ceb760b161e19907,Domains_Alloy
2044,-3.39921210942188,-2.656177279849852,1.02,0.0723304633518,86dd3a804d78ca5d203ebf98747e8f16dff9713ba8950097ceb760b161e19907,Domains_Alloy
2045,-3.399838135765999,-2.656177279849852,1.02,0.0723304633518,86dd3a804d78ca5d203ebf98747e8f16dff9713ba8950097ceb760b161e19907,Domains_Alloy
2046,-3.400464286637191,-2.656177279849852,1.02,0.0723304633518,86dd3a804d78ca5d203ebf98747e8f16dff9713ba8950097ceb760b161e19907,Domains_Alloy
2047,-3.401090561976394,-2.656177279849852,1.02,0.0723304633518,86dd3a804d78ca5d203ebf98747e8f16dff9713ba8950097ceb760b161e19907,Domains_Alloy
2048,-3.401716961724607,-2.656177279849852,1.02,0.0723304633518,86dd3a804d78ca5d203ebf98747e8f16dff9713ba8950097ceb760b161e19907,Domains_Alloy
2049,-3.402343485822878,-2.656177279849852,1.02,0.0723304633518,86dd3a804d78ca5d203ebf98747e8f16dff9713ba8950097ceb760b161e19907,Domains_Alloy
2050,-3.402970134212316,-2.656177279849852,1.02,0.0723304633518,86dd3a804d78ca5d203ebf98747e8f16dff9713ba8950097ceb760b161e19907,Domains_Alloy
2051,-3.40359690683408,-2.656177279849852,1.02,0.0723304633518,86dd3a804d78ca5d203ebf98747e8f16dff9713ba8950097ceb760b161e19907,Domains_Alloy
2052,-3.404223803629385,-2.656177279849852,1.02,0.0723304633518,86dd3a804d78ca5d203ebf98747e8f16dff9713ba8950097ceb760b161e19907,Domains_Alloy
2053,-3.404850824539503,-2.656177279849852,1.02,0.0723304633518,86dd3a804d78ca5d203ebf98747e8f16dff9713ba8950097ceb760b161e19907,Domains_Alloy
2054,-3.405477969505758,-2.656177279849852,1.02,0.0723304633518,86dd3a804d78ca5d203ebf98747e8f16dff9713ba8950097ceb760b161e19907,Domains_Alloy
2055,-3.406105238469533,-2.656177279849852,1.02,0.0723304633518,86dd3a804d78ca5d203ebf98747e8f16dff9713ba8950097ceb760b161e19907,Domains_Alloy
2056,-3.406732631372255,-2.656177279849852,1.02,0.0723304633518,86dd3a804d78ca5d203ebf98747e8f16dff9713ba8950097ceb760b161e19907,Domains_Alloy
2057,-3.407360148155421,-2.656177279849852,1.02,0.0723304633518,86dd3a804d78ca5d203ebf98747e8f16dff9713ba8950097ceb760b161e19907,Domains_Alloy
2058,-3.407987788760568,-2.656177279849852,1.02,0.0723304633518,86dd3a804d78ca5d203ebf98747e8f16dff9713ba8950097ceb760b161e19907,Domains_Alloy
2059,-3.408615553129297,-2.656177279849852,1.02,0.0723304633518,86dd3a804d78ca5d203ebf98747e8f16dff9713ba8950097ceb760b161e19907,Domains_Alloy
2060,-3.409243441203258,-2.656177279849852,1.02,0.0723304633518,86dd3a804d78ca5d203ebf98747e8f16dff9713ba8950097ceb760b161e19907,Domains_Alloy
2061,-3.409871452924158,-2.656177279849852,1.02,0.0723304633518,86dd3a804d78ca5d203ebf98747e8f16dff9713ba8950097ceb760b161e19907,Domains_Alloy
2062,-3.410499588233755,-2.656177279849852,1.02,0.0723304633518,86dd3a804d78ca5d203ebf98747e8f16dff9713ba8950097ceb760b161e19907,Domains_Alloy
2063,-3.411127847073865,-2.656177279849852,1.02,0.0723304633518,86dd3a804d78ca5d203ebf98747e8f16dff9713ba8950097ceb760b161e19907,Domains_Alloy
2064,-3.411756229386356,-2.656177279849852,1.02,0.0723304633518,86dd3a804d78ca5d203ebf98747e8f16dff9713ba8950097ceb760b161e19907,Domains_Alloy
2065,-3.412384735113146,-2.656177279849852,1.02,0.0723304633518,86dd3a804d78ca5d203ebf98747e8f16dff9713ba8950097ceb760b161e19907,Domains_Alloy
2066,-3.413013364196215,-2.656177279849852,1.02,0.0723304633518,86dd3a804d78ca5d203ebf98747e8f16dff9713ba8950097ceb760b161e19907,Domains_Alloy
2067,-3.413642116577591,-2.656177279849852,1.02,0.0723304633518,86dd3a804d78ca5d203ebf98747e8f16dff9713ba8950097ceb760b161e19907,Domains_Alloy
2068,-3.414270992199356,-2.656177279849852,1.02,0.0723304633518,86dd3a804d78ca5d203ebf98747e8f16dff9713ba8950097ceb760b161e19907,Domains_Alloy
2069,-3.414899991003648,-2.656177279849852,1.02,0.0723304633518,86dd3a804d78ca5d203ebf98747e8f16dff9713ba8950097ceb760b161e19907,Domains_Alloy
2070,-3.415529112932655,-2.656177279849852,1.02,0.0723304633518,86dd3a804d78ca5d203ebf98747e8f16dff9713ba8950097ceb760b161e19907,Domains_Alloy
2071,-3.416158357928619,-2.656177279849852,1.02,0.0723304633518,86dd3a804d78ca5d203ebf98747e8f16dff9713ba8950097ceb760b161e19907,Domains_Alloy
2072,-3.416787725933841,-2.656177279849852,1.02,0.0723304633518,86dd3a804d78ca5d203ebf98747e8f16dff9713ba8950097ceb760b161e19907,Domains_Alloy
2073,-3.417417216890669,-2.656177279849852,1.02,0.0723304633518,86dd3a804d78ca5d203ebf98747e8f16dff9713ba8950097ceb760b161e19907,Domains_Alloy
2074,-3.418046830741506,-2.656177279849852,1.02,0.0723304633518,86dd3a804d78ca5d203ebf98747e8f16dff9713ba8950097ceb760b161e19907,Domains_Alloy
2075,-3.418676567428808,-2.656177279849852,1.02,0.0723304633518,86dd3a804d78ca5d203ebf98747e8f16dff9713ba8950097ceb760b161e19907,Domains_Alloy
2076,-3.419306426895085,-2.656177279849852,1.02,0.0723304633518,86dd3a804d78ca5d203ebf98747e8f16dff9713ba8950097ceb760b161e19907,Domains_Alloy
2077,-3.419936409082899,-2.656177279849852,1.02,0.0723304633518,86dd3a804d78ca5d203ebf98747e8f16dff9713ba8950097ceb760b161e19907,Domains_Alloy
2078,-3.420566513934867,-2.656177279849852,1.02,0.0723304633518,86dd3a804d78ca5d203ebf98747e8f16dff9713ba8950097ceb760b161e19907,Domains_Alloy
2079,-3.421196741393655,-2.656177279849852,1.02,0.0723304633518,86dd3a804d78ca5d203ebf98747e8f16dff9713ba8950097ceb760b161e19907,Domains_Alloy
2080,-3.421827091401985,-2.656177279849852,1.02,0.0723304633518,86dd3a804d78ca5d203ebf98747e8f16dff9713ba8950097ceb760b161e19907,Domains_Alloy
2081,-3.422457563902631,-2.656177279849852,1.02,0.0723304633518,86dd3a804d78ca5d203ebf98747e8f16dff9713ba8950097ceb760b161e19907,Domains_Alloy
2082,-3.423088158838418,-2.656177279849852,1.02,0.0723304633518,86dd3a804d78ca5d203ebf98747e8f16dff9713ba8950097ceb760b161e19907,Domains_Alloy
2083,-3.423718876152225,-2.656177279849852,1.02,0.0723304633518,86dd3a804d78ca5d203ebf98747e8f16dff9713ba8950097ceb760b161e19907,Domains_Alloy
2084,-3.424349715786985,-2.656177279849852,1.02,0.0723304633518,86dd3a804d78ca5d203ebf98747e8f16dff9713ba8950097ceb760b161e19907,Domains_Alloy
2085,-3.42498067768568,-2.656177279849852,1.02,0.0723304633518,86dd3a804d78ca5d203ebf98747e8f16dff9713ba8950097ceb760b161e19907,Domains_Alloy
2086,-3.425611761791346,-2.656177279849852,1.02,0.0723304633518,86dd3a804d78ca5d203ebf98747e8f16dff9713ba8950097ceb760b161e19907,Domains_Alloy
2087,-3.426242968047074,-2.656177279849852,1.02,0.0723304633518,86dd3a804d78ca5d203ebf98747e8f16dff9713ba8950097ceb760b161e19907,Domains_Alloy
2088,-3.426874296396001,-2.656177279849852,1.02,0.0723304633518,86dd3a804d78ca5d203ebf98747e8f16dff9713ba8950097ceb760b161e19907,Domains_Alloy
2089,-3.427505746781322,-2.656177279849852,1.02,0.0723304633518,86dd3a804d78ca5d203ebf98747e8f16dff9713ba8950097ceb760b161e19907,Domains_Alloy
2090,-3.428137319146282,-2.656177279849852,1.02,0.0723304633518,86dd3a804d78ca5d203ebf98747e8f16dff9713ba8950097ceb760b161e19907,Domains_Alloy
2091,-3.428769013434176,-2.656177279849852,1.02,0.0723304633518,86dd3a804d78ca5d203ebf98747e8f16dff9713ba8950097ceb760b161e19907,Domains_Alloy
2092,-3.429400829588353,-2.656177279849852,1.02,0.0723304633518,86dd3a804d78ca5d203ebf98747e8f16dff9713ba8950097ceb760b161e19907,Domains_Alloy
2093,-3.430032767552215,-2.656177279849852,1.02,0.0723304633518,86dd3a804d78ca5d203ebf98747e8f16dff9713ba8950097ceb760b161e19907,Domains_Alloy
2094,-3.430664827269212,-2.656177279849852,1.02,0.0723304633518,86dd3a804d78ca5d203ebf98747e8f16dff9713ba8950097ceb760b161e19907,Domains_Alloy
2095,-3.431297008682851,-2.656177279849852,1.02,0.0723304633518,86dd3a804d78ca5d203ebf98747e8f16dff9713ba8950097ceb760b161e19907,Domains_Alloy
2096,-3.431929311736686,-2.656177279849852,1.02,0.0723304633518,86dd3a804d78ca5d203ebf98747e8f16dff9713ba8950097ceb760b161e19907,Domains_Alloy
2097,-3.432561736374323,-2.656177279849852,1.02,0.0723304633518,86dd3a804d78ca5d203ebf98747e8f16dff9713ba8950097ceb760b161e19907,Domains_Alloy
2098,-3.433194282539422,-2.656177279849852,1.02,0.0723304633518,86dd3a804d78ca5d203ebf98747e8f16dff9713ba8950097ceb760b161e19907,Domains_Alloy
2099,-3.433826950175694,-2.656177279849852,1.02,0.0723304633518,86dd3a804d78ca5d203ebf98747e8f16dff9713ba8950097ceb760b161e19907,Domains_Alloy
2100,-3.434459739226901,-2.656177279849852,1.02,0.0723304633518,86dd3a804d78ca5d203ebf98747e8f16dff9713ba8950097ceb760b161e19907,Domains_Alloy
2101,-3.435092649636854,-2.656177279849852,1.02,0.0723304633518,86dd3a804d78ca5d203ebf98747e8f16dff9713ba8950097ceb760b161e19907,Domains_Alloy
2102,-3.435725681349416,-2.656177279849852,1.02,0.0723304633518,86dd3a804d78ca5d203ebf98747e8f16dff9713ba8950097ceb760b161e19907,Domains_Alloy
2103,-3.436358834308504,-2.656177279849852,1.02,0.0723304633518,86dd3a804d78ca5d203ebf98747e8f16dff9713ba8950097ceb760b161e19907,Domains_Alloy
2104,-3.436992108458086,-2.656177279849852,1.02,0.0723304633518,86dd3a804d78ca5d203ebf98747e8f16dff9713ba8950097ceb760b161e19907,Domains_Alloy
2105,-3.437625503742176,-2.656177279849852,1.02,0.0723304633518,86dd3a804d78ca5d203ebf98747e8f16dff9713ba8950097ceb760b161e19907,Domains_Alloy
2106,-3.438259020104845,-2.656177279849852,1.02,0.0723304633518,86dd3a804d78ca5d203ebf98747e8f16dff9713ba8950097ceb760b161e19907,Domains_Alloy
2107,-3.438892657490211,-2.656177279849852,1.02,0.0723304633518,86dd3a804d78ca5d203ebf98747e8f16dff9713ba8950097ceb760b161e19907,Domains_Alloy
2108,-3.439526415842443,-2.656177279849852,1.02,0.0723304633518,86dd3a804d78ca5d203ebf98747e8f16dff9713ba8950097ceb760b161e19907,Domains_Alloy
2109,-3.440160295105763,-2.656177279849852,1.02,0.0723304633518,86dd3a804d78ca5d203ebf98747e8f16dff9713ba8950097ceb760b161e19907,Domains_Alloy
2110,-3.440794295224443,-2.656177279849852,1.02,0.0723304633518,86dd3a804d78ca5d203ebf98747e8f16dff9713ba8950097ceb760b161e19907,Domains_Alloy
2111,-3.441428416142802,-2.656177279849852,1.02,0.0723304633518,86dd3a804d78ca5d203ebf98747e8f16dff9713ba8950097ceb760b161e19907,Domains_Alloy
2112,-3.442062657805216,-2.656177279849852,1.02,0.0723304633518,86dd3a804d78ca5d203ebf98747e8f16dff9713ba8950097ceb760b161e19907,Domains_Alloy
2113,-3.442697020156107,-2.656177279849852,1.02,0.0723304633518,86dd3a804d78ca5d203ebf98747e8f16dff9713ba8950097ceb760b161e19907,Domains_Alloy
2114,-3.443331503139948,-2.656177279849852,1.02,0.0723304633518,86dd3a804d78ca5d203ebf98747e8f16dff9713ba8950097ceb760b161e19907,Domains_Alloy
2115,-3.443966106701261,-2.656177279849852,1.02,0.0723304633518,86dd3a804d78ca5d203ebf98747e8f16dff9713ba8950097ceb760b161e19907,Domains_Alloy
2116,-3.444600830784623,-2.656177279849852,1.02,0.0723304633518,86dd3a804d78ca5d203ebf98747e8f16dff9713ba8950097ceb760b161e19907,Domains_Alloy
2117,-3.445235675334657,-2.656177279849852,1.02,0.0723304633518,86dd3a804d78ca5d203ebf98747e8f16dff9713ba8950097ceb760b161e19907,Domains_Alloy
2118,-3.445870640296037,-2.656177279849852,1.02,0.0723304633518,86dd3a804d78ca5d203ebf98747e8f16dff9713ba8950097ceb760b161e19907,Domains_Alloy
2119,-3.446505725613488,-2.656177279849852,1.02,0.0723304633518,86dd3a804d78ca5d203ebf98747e8f16dff9713ba8950097ceb760b161e19907,Domains_Alloy
2120,-3.447140931231786,-2.656177279849852,1.02,0.0723304633518,86dd3a804d78ca5d203ebf98747e8f16dff9713ba8950097ceb760b161e19907,Domains_Alloy
2121,-3.447776257095752,-2.656177279849852,1.02,0.0723304633518,86dd3a804d78ca5d203ebf98747e8f16dff9713ba8950097ceb760b161e19907,Domains_Alloy
2122,-3.448411703150263,-2.656177279849852,1.02,0.0723304633518,86dd3a804d78ca5d203ebf98747e8f16dff9713ba8950097ceb760b161e19907,Domains_Alloy
2123,-3.449047269340242,-2.656177279849852,1.02,0.0723304633518,86dd3a804d78ca5d203ebf98747e8f16dff9713ba8950097ceb760b161e19907,Domains_Alloy
2124,-3.449682955610662,-2.656177279849852,1.02,0.0723304633518,86dd3a804d78ca5d203ebf98747e8f16dff9713ba8950097ceb760b161e19907,Domains_Alloy
2125,-3.450318761906547,-2.656177279849852,1.02,0.0723304633518,86dd3a804d78ca5d203ebf98747e8f16dff9713ba8950097ceb760b161e19907,Domains_Alloy
2126,-3.45095468817297,-2.656177279849852,1.02,0.0723304633518,86dd3a804d78ca5d203ebf98747e8f16dff9713ba8950097ceb760b161e19907,Domains_Alloy
2127,-3.451590734355055,-2.656177279849852,1.02,0.0723304633518,86dd3a804d78ca5d203ebf98747e8f16dff9713ba8950097ceb760b161e19907,Domains_Alloy
2128,-3.452226900397974,-2.656177279849852,1.02,0.0723304633518,86dd3a804d78ca5d203ebf98747e8f16dff9713ba8950097ceb760b161e19907,Domains_Alloy
2129,-3.452863186246947,-2.656177279849852,1.02,0.0723304633518,86dd3a804d78ca5d203ebf98747e8f16dff9713ba8950097ceb760b161e19907,Domains_Alloy
2130,-3.453499591847243,-2.656177279849852,1.02,0.0723304633518,86dd3a804d78ca5d203ebf98747e8f16dff9713ba8950097ceb760b161e19907,Domains_Alloy
2131,-3.454136117144186,-2.656177279849852,1.02,0.0723304633518,86dd3a804d78ca5d203ebf98747e8f16dff9713ba8950097ceb760b161e19907,Domains_Alloy
2132,-3.454772762083144,-2.656177279849852,1.02,0.0723304633518,86dd3a804d78ca5d203ebf98747e8f16dff9713ba8950097ceb760b161e19907,Domains_Alloy
2133,-3.455409526609534,-2.656177279849852,1.02,0.0723304633518,86dd3a804d78ca5d203ebf98747e8f16dff9713ba8950097ceb760b161e19907,Domains_Alloy
2134,-3.456046410668827,-2.656177279849852,1.02,0.0723304633518,86dd3a804d78ca5d203ebf98747e8f16dff9713ba8950097ceb760b161e19907,Domains_Alloy
2135,-3.456683414206534,-2.656177279849852,1.02,0.0723304633518,86dd3a804d78ca5d203ebf98747e8f16dff9713ba8950097ceb760b161e19907,Domains_Alloy
2136,-3.457320537168226,-2.656177279849852,1.02,0.0723304633518,86dd3a804d78ca5d203ebf98747e8f16dff9713ba8950097ceb760b161e19907,Domains_Alloy
2137,-3.457957779499516,-2.656177279849852,1.02,0.0723304633518,86dd3a804d78ca5d203ebf98747e8f16dff9713ba8950097ceb760b161e19907,Domains_Alloy
2138,-3.458595141146064,-2.656177279849852,1.02,0.0723304633518,86dd3a804d78ca5d203ebf98747e8f16dff9713ba8950097ceb760b161e19907,Domains_Alloy
2139,-3.459232622053585,-2.656177279849852,1.02,0.0723304633518,86dd3a804d78ca5d203ebf98747e8f16dff9713ba8950097ceb760b161e19907,Domains_Alloy
2140,-3.459870222167839,-2.656177279849852,1.02,0.0723304633518,86dd3a804d78ca5d203ebf98747e8f16dff9713ba8950097ceb760b161e19907,Domains_Alloy
2141,-3.460507941434635,-2.656177279849852,1.02,0.0723304633518,86dd3a804d78ca5d203ebf98747e8f16dff9713ba8950097ceb760b161e19907,Domains_Alloy
2142,-3.46114577979983,-2.656177279849852,1.02,0.0723304633518,86dd3a804d78ca5d203ebf98747e8f16dff9713ba8950097ceb760b161e19907,Domains_Alloy
2143,-3.461783737209334,-2.656177279849852,1.02,0.0723304633518,86dd3a804d78ca5d203ebf98747e8f16dff9713ba8950097ceb760b161e19907,Domains_Alloy
2144,-3.462421813609097,-2.656177279849852,1.02,0.0723304633518,86dd3a804d78ca5d203ebf98747e8f16dff9713ba8950097ceb760b161e19907,Domains_Alloy
2145,-3.463060008945123,-2.656177279849852,1.02,0.0723304633518,86dd3a804d78ca5d203ebf98747e8f16dff9713ba8950097ceb760b161e19907,Domains_Alloy
2146,-3.463698323163465,-2.656177279849852,1.02,0.0723304633518,86dd3a804d78ca5d203ebf98747e8f16dff9713ba8950097ceb760b161e19907,Domains_Alloy
2147,-3.464336756210223,-2.656177279849852,1.02,0.0723304633518,86dd3a804d78ca5d203ebf98747e8f16dff9713ba8950097ceb760b161e19907,Domains_Alloy
2148,-3.464975308031543,-2.656177279849852,1.02,0.0723304633518,86dd3a804d78ca5d203ebf98747e8f16dff9713ba8950097ceb760b161e19907,Domains_Alloy
2149,-3.465613978573623,-2.656177279849852,1.02,0.0723304633518,86dd3a804d78ca5d203ebf98747e8f16dff9713ba8950097ceb760b161e19907,Domains_Alloy
2150,-3.466252767782704,-2.656177279849852,1.02,0.0723304633518,86dd3a804d78ca5d203ebf98747e8f16dff9713ba8950097ceb760b161e19907,Domains_Alloy
2151,-3.466891675605082,-2.656177279849852,1.02,0.0723304633518,86dd3a804d78ca5d203ebf98747e8f16dff9713ba8950097ceb760b161e19907,Domains_Alloy
2152,-3.467530701987095,-2.656177279849852,1.02,0.0723304633518,86dd3a804d78ca5d203ebf98747e8f16dff9713ba8950097ceb760b161e19907,Domains_Alloy
2153,-3.468169846875128,-2.656177279849852,1.02,0.0723304633518,86dd3a804d78ca5d203ebf98747e8f16dff9713ba8950097ceb760b161e19907,Domains_Alloy
2154,-3.46880911021562,-2.656177279849852,1.02,0.0723304633518,86dd3a804d78ca5d203ebf98747e8f16dff9713ba8950097ceb760b161e19907,Domains_Alloy
2155,-3.469448491955054,-2.656177279849852,1.02,0.0723304633518,86dd3a804d78ca5d203ebf98747e8f16dff9713ba8950097ceb760b161e19907,Domains_Alloy
2156,-3.470087992039959,-2.656177279849852,1.02,0.0723304633518,86dd3a804d78ca5d203ebf98747e8f16dff9713ba8950097ceb760b161e19907,Domains_Alloy
2157,-3.470727610416915,-2.656177279849852,1.02,0.0723304633518,86dd3a804d78ca5d203ebf98747e8f16dff9713ba8950097ceb760b161e19907,Domains_Alloy
2158,-3.47136734703255,-2.656177279849852,1.02,0.0723304633518,86dd3a804d78ca5d203ebf98747e8f16dff9713ba8950097ceb760b161e19907,Domains_Alloy
2159,-3.472007201833534,-2.656177279849852,1.02,0.0723304633518,86dd3a804d78ca5d203ebf98747e8f16dff9713ba8950097ceb760b161e19907,Domains_Alloy
2160,-3.472647174766589,-2.656177279849852,1.02,0.0723304633518,86dd3a804d78ca5d203ebf98747e8f16dff9713ba8950097ceb760b161e19907,Domains_Alloy
2161,-3.473287265778485,-2.656177279849852,1.02,0.0723304633518,86dd3a804d78ca5d203ebf98747e8f16dff9713ba8950097ceb760b161e19907,Domains_Alloy
2162,-3.473927474816035,-2.656177279849852,1.02,0.0723304633518,86dd3a804d78ca5d203ebf98747e8f16dff9713ba8950097ceb760b161e19907,Domains_Alloy
2163,-3.474567801826103,-2.656177279849852,1.02,0.0723304633518,86dd3a804d78ca5d203ebf98747e8f16dff9713ba8950097ceb760b161e19907,Domains_Alloy
2164,-3.475208246755602,-2.656177279849852,1.02,0.0723304633518,86dd3a804d78ca5d203ebf98747e8f16dff9713ba8950097ceb760b161e19907,Domains_Alloy
2165,-3.475848809551482,-2.656177279849852,1.02,0.0723304633518,86dd3a804d78ca5d203ebf98747e8f16dff9713ba8950097ceb760b161e19907,Domains_Alloy
2166,-3.476489490160755,-2.656177279849852,1.02,0.0723304633518,86dd3a804d78ca5d203ebf98747e8f16dff9713ba8950097ceb760b161e19907,Domains_Alloy
2167,-3.477130288530471,-2.656177279849852,1.02,0.0723304633518,86dd3a804d78ca5d203ebf98747e8f16dff9713ba8950097ceb760b161e19907,Domains_Alloy
2168,-3.477771204607722,-2.656177279849852,1.02,0.0723304633518,86dd3a804d78ca5d203ebf98747e8f16dff9713ba8950097ceb760b161e19907,Domains_Alloy
2169,-3.478412238339659,-2.656177279849852,1.02,0.0723304633518,86dd3a804d78ca5d203ebf98747e8f16dff9713ba8950097ceb760b161e19907,Domains_Alloy
2170,-3.479053389673473,-2.656177279849852,1.02,0.0723304633518,86dd3a804d78ca5d203ebf98747e8f16dff9713ba8950097ceb760b161e19907,Domains_Alloy
2171,-3.479694658556398,-2.656177279849852,1.02,0.0723304633518,86dd3a804d78ca5d203ebf98747e8f16dff9713ba8950097ceb760b161e19907,Domains_Alloy
2172,-3.480336044935727,-2.656177279849852,1.02,0.0723304633518,86dd3a804d78ca5d203ebf98747e8f16dff9713ba8950097ceb760b161e19907,Domains_Alloy
2173,-3.480977548758784,-2.656177279849852,1.02,0.0723304633518,86dd3a804d78ca5d203ebf98747e8f16dff9713ba8950097ceb760b161e19907,Domains_Alloy
2174,-3.481619169972951,-2.656177279849852,1.02,0.0723304633518,86dd3a804d78ca5d203ebf98747e8f16dff9713ba8950097ceb760b161e19907,Domains_Alloy
2175,-3.482260908525654,-2.656177279849852,1.02,0.0723304633518,86dd3a804d78ca5d203ebf98747e8f16dff9713ba8950097ceb760b161e19907,Domains_Alloy
2176,-3.482902764364362,-2.656177279849852,1.02,0.0723304633518,86dd3a804d78ca5d203ebf98747e8f16dff9713ba8950097ceb760b161e19907,Domains_Alloy
2177,-3.483544737436592,-2.656177279849852,1.02,0.0723304633518,86dd3a804d78ca5d203ebf98747e8f16dff9713ba8950097ceb760b161e19907,Domains_Alloy
2178,-3.484186827689913,-2.656177279849852,1.02,0.0723304633518,86dd3a804d78ca5d203ebf98747e8f16dff9713ba8950097ceb760b161e19907,Domains_Alloy
2179,-3.484829035071931,-2.656177279849852,1.02,0.0723304633518,86dd3a804d78ca5d203ebf98747e8f16dff9713ba8950097ceb760b161e19907,Domains_Alloy
2180,-3.485471359530302,-2.656177279849852,1.02,0.0723304633518,86dd3a804d78ca5d203ebf98747e8f16dff9713ba8950097ceb760b161e19907,Domains_Alloy
2181,-3.486113801012729,-2.656177279849852,1.02,0.0723304633518,86dd3a804d78ca5d203ebf98747e8f16dff9713ba8950097ceb760b161e19907,Domains_Alloy
2182,-3.486756359466965,-2.656177279849852,1.02,0.0723304633518,86dd3a804d78ca5d203ebf98747e8f16dff9713ba8950097ceb760b161e19907,Domains_Alloy
2183,-3.487399034840799,-2.656177279849852,1.02,0.0723304633518,86dd3a804d78ca5d203ebf98747e8f16dff9713ba8950097ceb760b161e19907,Domains_Alloy
2184,-3.488041827082073,-2.656177279849852,1.02,0.0723304633518,86dd3a804d78ca5d203ebf98747e8f16dff9713ba8950097ceb760b161e19907,Domains_Alloy
2185,-3.488684736138676,-2.656177279849852,1.02,0.0723304633518,86dd3a804d78ca5d203ebf98747e8f16dff9713ba8950097ceb760b161e19907,Domains_Alloy
2186,-3.489327761958538,-2.656177279849852,1.02,0.0723304633518,86dd3a804d78ca5d203ebf98747e8f16dff9713ba8950097ceb760b161e19907,Domains_Alloy
2187,-3.489970904489637,-2.656177279849852,1.02,0.0723304633518,86dd3a804d78ca5d203ebf98747e8f16dff9713ba8950097ceb760b161e19907,Domains_Alloy
2188,-3.49061416368,-2.656177279849852,1.02,0.0723304633518,86dd3a804d78ca5d203ebf98747e8f16dff9713ba8950097ceb760b161e19907,Domains_Alloy
2189,-3.491257539477692,-2.656177279849852,1.02,0.0723304633518,86dd3a804d78ca5d203ebf98747e8f16dff9713ba8950097ceb760b161e19907,Domains_Alloy
2190,-3.491901031830829,-2.656177279849852,1.02,0.0723304633518,86dd3a804d78ca5d203ebf98747e8f16dff9713ba8950097ceb760b161e19907,Domains_Alloy
2191,-3.492544640687576,-2.656177279849852,1.02,0.0723304633518,86dd3a804d78ca5d203ebf98747e8f16dff9713ba8950097ceb760b161e19907,Domains_Alloy
2192,-3.493188365996132,-2.656177279849852,1.02,0.0723304633518,86dd3a804d78ca5d203ebf98747e8f16dff9713ba8950097ceb760b161e19907,Domains_Alloy
2193,-3.493832207704755,-2.656177279849852,1.02,0.0723304633518,86dd3a804d78ca5d203ebf98747e8f16dff9713ba8950097ceb760b161e19907,Domains_Alloy
2194,-3.49447616576174,-2.656177279849852,1.02,0.0723304633518,86dd3a804d78ca5d203ebf98747e8f16dff9713ba8950097ceb760b161e19907,Domains_Alloy
2195,-3.495120240115425,-2.656177279849852,1.02,0.0723304633518,86dd3a804d78ca5d203ebf98747e8f16dff9713ba8950097ceb760b161e19907,Domains_Alloy
2196,-3.495764430714203,-2.656177279849852,1.02,0.0723304633518,86dd3a804d78ca5d203ebf98747e8f16dff9713ba8950097ceb760b161e19907,Domains_Alloy
2197,-3.496408737506504,-2.656177279849852,1.02,0.0723304633518,86dd3a804d78ca5d203ebf98747e8f16dff9713ba8950097ceb760b161e19907,Domains_Alloy
2198,-3.497053160440807,-2.656177279849852,1.02,0.0723304633518,86dd3a804d78ca5d203ebf98747e8f16dff9713ba8950097ceb760b161e19907,Domains_Alloy
2199,-3.497697699465633,-2.656177279849852,1.02,0.0723304633518,86dd3a804d78ca5d203ebf98747e8f16dff9713ba8950097ceb760b161e19907,Domains_Alloy
2200,-3.498342354529552,-2.656177279849852,1.02,0.0723304633518,86dd3a804d78ca5d203ebf98747e8f16dff9713ba8950097ceb760b161e19907,Domains_Alloy
2201,-3.498987125581174,-2.656177279849852,1.02,0.0723304633518,86dd3a804d78ca5d203ebf98747e8f16dff9713ba8950097ceb760b161e19907,Domains_Alloy
2202,-3.499632012569159,-2.656177279849852,1.02,0.0723304633518,86dd3a804d78ca5d203ebf98747e8f16dff9713ba8950097ceb760b161e19907,Domains_Alloy
2203,-3.500277015442205,-2.656177279849852,1.02,0.0723304633518,86dd3a804d78ca5d203ebf98747e8f16dff9713ba8950097ceb760b161e19907,Domains_Alloy
2204,-3.500922134149068,-2.656177279849852,1.02,0.0723304633518,86dd3a804d78ca5d203ebf98747e8f16dff9713ba8950097ceb760b161e19907,Domains_Alloy
2205,-3.501567368638533,-2.656177279849852,1.02,0.0723304633518,86dd3a804d78ca5d203ebf98747e8f16dff9713ba8950097ceb760b161e19907,Domains_Alloy
2206,-3.502212718859438,-2.656177279849852,1.02,0.0723304633518,86dd3a804d78ca5d203ebf98747e8f16dff9713ba8950097ceb760b161e19907,Domains_Alloy
2207,-3.502858184760662,-2.656177279849852,1.02,0.0723304633518,86dd3a804d78ca5d203ebf98747e8f16dff9713ba8950097ceb760b161e19907,Domains_Alloy
2208,-3.503503766291136,-2.656177279849852,1.02,0.0723304633518,86dd3a804d78ca5d203ebf98747e8f16dff9713ba8950097ceb760b161e19907,Domains_Alloy
2209,-3.504149463399828,-2.656177279849852,1.02,0.0723304633518,86dd3a804d78ca5d203ebf98747e8f16dff9713ba8950097ceb760b161e19907,Domains_Alloy
2210,-3.504795276035752,-2.656177279849852,1.02,0.0723304633518,86dd3a804d78ca5d203ebf98747e8f16dff9713ba8950097ceb760b161e19907,Domains_Alloy
2211,-3.505441204147967,-2.656177279849852,1.02,0.0723304633518,86dd3a804d78ca5d203ebf98747e8f16dff9713ba8950097ceb760b161e19907,Domains_Alloy
2212,-3.506087247685576,-2.656177279849852,1.02,0.0723304633518,86dd3a804d78ca5d203ebf98747e8f16dff9713ba8950097ceb760b161e19907,Domains_Alloy
2213,-3.506733406597729,-2.656177279849852,1.02,0.0723304633518,86dd3a804d78ca5d203ebf98747e8f16dff9713ba8950097ceb760b161e19907,Domains_Alloy
2214,-3.507379680833616,-2.656177279849852,1.02,0.0723304633518,86dd3a804d78ca5d203ebf98747e8f16dff9713ba8950097ceb760b161e19907,Domains_Alloy
2215,-3.508026070342471,-2.656177279849852,1.02,0.0723304633518,86dd3a804d78ca5d203ebf98747e8f16dff9713ba8950097ceb760b161e19907,Domains_Alloy
2216,-3.508672575073579,-2.656177279849852,1.02,0.0723304633518,86dd3a804d78ca5d203ebf98747e8f16dff9713ba8950097ceb760b161e19907,Domains_Alloy
2217,-3.509319194976261,-2.656177279849852,1.02,0.0723304633518,86dd3a804d78ca5d203ebf98747e8f16dff9713ba8950097ceb760b161e19907,Domains_Alloy
2218,-3.509965929999885,-2.656177279849852,1.02,0.0723304633518,86dd3a804d78ca5d203ebf98747e8f16dff9713ba8950097ceb760b161e19907,Domains_Alloy
2219,-3.510612780093863,-2.656177279849852,1.02,0.0723304633518,86dd3a804d78ca5d203ebf98747e8f16dff9713ba8950097ceb760b161e19907,Domains_Alloy
2220,-3.511259745207652,-2.656177279849852,1.02,0.0723304633518,86dd3a804d78ca5d203ebf98747e8f16dff9713ba8950097ceb760b161e19907,Domains_Alloy
2221,-3.511906825290751,-2.656177279849852,1.02,0.0723304633518,86dd3a804d78ca5d203ebf98747e8f16dff9713ba8950097ceb760b161e19907,Domains_Alloy
2222,-3.512554020292704,-2.656177279849852,1.02,0.0723304633518,86dd3a804d78ca5d203ebf98747e8f16dff9713ba8950097ceb760b161e19907,Domains_Alloy
2223,-3.513201330163097,-2.656177279849852,1.02,0.0723304633518,86dd3a804d78ca5d203ebf98747e8f16dff9713ba8950097ceb760b161e19907,Domains_Alloy
2224,-3.513848754851561,-2.656177279849852,1.02,0.0723304633518,86dd3a804d78ca5d203ebf98747e8f16dff9713ba8950097ceb760b161e19907,Domains_Alloy
2225,-3.514496294307772,-2.656177279849852,1.02,0.0723304633518,86dd3a804d78ca5d203ebf98747e8f16dff9713ba8950097ceb760b161e19907,Domains_Alloy
2226,-3.515143948481446,-2.656177279849852,1.02,0.0723304633518,86dd3a804d78ca5d203ebf98747e8f16dff9713ba8950097ceb760b161e19907,Domains_Alloy
2227,-3.515791717322345,-2.656177279849852,1.02,0.0723304633518,86dd3a804d78ca5d203ebf98747e8f16dff9713ba8950097ceb760b161e19907,Domains_Alloy
2228,-3.516439600780274,-2.656177279849852,1.02,0.0723304633518,86dd3a804d78ca5d203ebf98747e8f16dff9713ba8950097ceb760b161e19907,Domains_Alloy
2229,-3.51708759880508,-2.656177279849852,1.02,0.0723304633518,86dd3a804d78ca5d203ebf98747e8f16dff9713ba8950097ceb760b161e19907,Domains_Alloy
2230,-3.517735711346655,-2.656177279849852,1.02,0.0723304633518,86dd3a804d78ca5d203ebf98747e8f16dff9713ba8950097ceb760b161e19907,Domains_Alloy
2231,-3.518383938354935,-2.656177279849852,1.02,0.0723304633518,86dd3a804d78ca5d203ebf98747e8f16dff9713ba8950097ceb760b161e19907,Domains_Alloy
2232,-3.519032279779896,-2.656177279849852,1.02,0.0723304633518,86dd3a804d78ca5d203ebf98747e8f16dff9713ba8950097ceb760b161e19907,Domains_Alloy
2233,-3.519680735571561,-2.656177279849852,1.02,0.0723304633518,86dd3a804d78ca5d203ebf98747e8f16dff9713ba8950097ceb760b161e19907,Domains_Alloy
2234,-3.520329305679991,-2.656177279849852,1.02,0.0723304633518,86dd3a804d78ca5d203ebf98747e8f16dff9713ba8950097ceb760b161e19907,Domains_Alloy
2235,-3.520977990055297,-2.656177279849852,1.02,0.0723304633518,86dd3a804d78ca5d203ebf98747e8f16dff9713ba8950097ceb760b161e19907,Domains_Alloy
2236,-3.521626788647624,-2.656177279849852,1.02,0.0723304633518,86dd3a804d78ca5d203ebf98747e8f16dff9713ba8950097ceb760b161e19907,Domains_Alloy
2237,-3.522275701407171,-2.656177279849852,1.02,0.0723304633518,86dd3a804d78ca5d203ebf98747e8f16dff9713ba8950097ceb760b161e19907,Domains_Alloy
2238,-3.52292472828417,-2.656177279849852,1.02,0.0723304633518,86dd3a804d78ca5d203ebf98747e8f16dff9713ba8950097ceb760b161e19907,Domains_Alloy
2239,-3.523573869228901,-2.656177279849852,1.02,0.0723304633518,86dd3a804d78ca5d203ebf98747e8f16dff9713ba8950097ceb760b161e19907,Domains_Alloy
2240,-3.524223124191684,-2.656177279849852,1.02,0.0723304633518,86dd3a804d78ca5d203ebf98747e8f16dff9713ba8950097ceb760b161e19907,Domains_Alloy
2241,-3.524872493122885,-2.656177279849852,1.02,0.0723304633518,86dd3a804d78ca5d203ebf98747e8f16dff9713ba8950097ceb760b161e19907,Domains_Alloy
2242,-3.52552197597291,-2.656177279849852,1.02,0.0723304633518,86dd3a804d78ca5d203ebf98747e8f16dff9713ba8950097ceb760b161e19907,Domains_Alloy
2243,-3.526171572692209,-2.656177279849852,1.02,0.0723304633518,86dd3a804d78ca5d203ebf98747e8f16dff9713ba8950097ceb760b161e19907,Domains_Alloy
2244,-3.526821283231273,-2.656177279849852,1.02,0.0723304633518,86dd3a804d78ca5d203ebf98747e8f16dff9713ba8950097ceb760b161e19907,Domains_Alloy
2245,-3.527471107540636,-2.656177279849852,1.02,0.0723304633518,86dd3a804d78ca5d203ebf98747e8f16dff9713ba8950097ceb760b161e19907,Domains_Alloy
2246,-3.528121045570876,-2.656177279849852,1.02,0.0723304633518,86dd3a804d78ca5d203ebf98747e8f16dff9713ba8950097ceb760b161e19907,Domains_Alloy
2247,-3.528771097272612,-2.656177279849852,1.02,0.0723304633518,86dd3a804d78ca5d203ebf98747e8f16dff9713ba8950097ceb760b161e19907,Domains_Alloy
2248,-3.529421262596505,-2.656177279849852,1.02,0.0723304633518,86dd3a804d78ca5d203ebf98747e8f16dff9713ba8950097ceb760b161e19907,Domains_Alloy
2249,-3.530071541493259,-2.656177279849852,1.02,0.0723304633518,86dd3a804d78ca5d203ebf98747e8f16dff9713ba8950097ceb760b161e19907,Domains_Alloy
2250,-3.53072193391362,-2.656177279849852,1.02,0.0723304633518,86dd3a804d78ca5d203ebf98747e8f16dff9713ba8950097ceb760b161e19907,Domains_Alloy
2251,-3.531372439808376,-2.656177279849852,1.02,0.0723304633518,86dd3a804d78ca5d203ebf98747e8f16dff9713ba8950097ceb760b161e19907,Domains_Alloy
2252,-3.532023059128357,-2.656177279849852,1.02,0.0723304633518,86dd3a804d78ca5d203ebf98747e8f16dff9713ba8950097ceb760b161e19907,Domains_Alloy
2253,-3.532673791824439,-2.656177279849852,1.02,0.0723304633518,86dd3a804d78ca5d203ebf98747e8f16dff9713ba8950097ceb760b161e19907,Domains_Alloy
2254,-3.533324637847532,-2.656177279849852,1.02,0.0723304633518,86dd3a804d78ca5d203ebf98747e8f16dff9713ba8950097ceb760b161e19907,Domains_Alloy
2255,-3.53397559714859,-2.656177279849852,1.02,0.0723304633518,86dd3a804d78ca5d203ebf98747e8f16dff9713ba8950097ceb760b161e19907,Domains_Alloy
2256,-3.53462666967862,-2.656177279849852,1.02,0.0723304633518,86dd3a804d78ca5d203ebf98747e8f16dff9713ba8950097ceb760b161e19907,Domains_Alloy
2257,-3.535277855388654,-2.656177279849852,1.02,0.0723304633518,86dd3a804d78ca5d203ebf98747e8f16dff9713ba8950097ceb760b161e19907,Domains_Alloy
2258,-3.535929154229778,-2.656177279849852,1.02,0.0723304633518,86dd3a804d78ca5d203ebf98747e8f16dff9713ba8950097ceb760b161e19907,Domains_Alloy
2259,-3.536580566153114,-2.656177279849852,1.02,0.0723304633518,86dd3a804d78ca5d203ebf98747e8f16dff9713ba8950097ceb760b161e19907,Domains_Alloy
2260,-3.537232091109825,-2.656177279849852,1.02,0.0723304633518,86dd3a804d78ca5d203ebf98747e8f16dff9713ba8950097ceb760b161e19907,Domains_Alloy
2261,-3.537883729051124,-2.656177279849852,1.02,0.0723304633518,86dd3a804d78ca5d203ebf98747e8f16dff9713ba8950097ceb760b161e19907,Domains_Alloy
2262,-3.538535479928252,-2.656177279849852,1.02,0.0723304633518,86dd3a804d78ca5d203ebf98747e8f16dff9713ba8950097ceb760b161e19907,Domains_Alloy
2263,-3.539187343692507,-2.656177279849852,1.02,0.0723304633518,86dd3a804d78ca5d203ebf98747e8f16dff9713ba8950097ceb760b161e19907,Domains_Alloy
2264,-3.539839320295215,-2.656177279849852,1.02,0.0723304633518,86dd3a804d78ca5d203ebf98747e8f16dff9713ba8950097ceb760b161e19907,Domains_Alloy
2265,-3.540491409687748,-2.656177279849852,1.02,0.0723304633518,86dd3a804d78ca5d203ebf98747e8f16dff9713ba8950097ceb760b161e19907,Domains_Alloy
2266,-3.541143611821524,-2.656177279849852,1.02,0.0723304633518,86dd3a804d78ca5d203ebf98747e8f16dff9713ba8950097ceb760b161e19907,Domains_Alloy
2267,-3.541795926647997,-2.656177279849852,1.02,0.0723304633518,86dd3a804d78ca5d203ebf98747e8f16dff9713ba8950097ceb760b161e19907,Domains_Alloy
2268,-3.542448354118664,-2.656177279849852,1.02,0.0723304633518,86dd3a804d78ca5d203ebf98747e8f16dff9713ba8950097ceb760b161e19907,Domains_Alloy
2269,-3.543100894185064,-2.656177279849852,1.02,0.0723304633518,86dd3a804d78ca5d203ebf98747e8f16dff9713ba8950097ceb760b161e19907,Domains_Alloy
2270,-3.543753546798774,-2.656177279849852,1.02,0.0723304633518,86dd3a804d78ca5d203ebf98747e8f16dff9713ba8950097ceb760b161e19907,Domains_Alloy
2271,-3.544406311911415,-2.656177279849852,1.02,0.0723304633518,86dd3a804d78ca5d203ebf98747e8f16dff9713ba8950097ceb760b161e19907,Domains_Alloy
2272,-3.54505918947465,-2.656177279849852,1.02,0.0723304633518,86dd3a804d78ca5d203ebf98747e8f16dff9713ba8950097ceb760b161e19907,Domains_Alloy
2273,-3.545712179440178,-2.656177279849852,1.02,0.0723304633518,86dd3a804d78ca5d203ebf98747e8f16dff9713ba8950097ceb760b161e19907,Domains_Alloy
2274,-3.546365281759747,-2.656177279849852,1.02,0.0723304633518,86dd3a804d78ca5d203ebf98747e8f16dff9713ba8950097ceb760b161e19907,Domains_Alloy
2275,-3.547018496385138,-2.656177279849852,1.02,0.0723304633518,86dd3a804d78ca5d203ebf98747e8f16dff9713ba8950097ceb760b161e19907,Domains_Alloy
2276,-3.547671823268177,-2.656177279849852,1.02,0.0723304633518,86dd3a804d78ca5d203ebf98747e8f16dff9713ba8950097ceb760b161e19907,Domains_Alloy
2277,-3.548325262360732,-2.656177279849852,1.02,0.0723304633518,86dd3a804d78ca5d203ebf98747e8f16dff9713ba8950097ceb760b161e19907,Domains_Alloy
2278,-3.548978813614703,-2.656177279849852,1.02,0.0723304633518,86dd3a804d78ca5d203ebf98747e8f16dff9713ba8950097ceb760b161e19907,Domains_Alloy
2279,-3.549632476982046,-2.656177279849852,1.02,0.0723304633518,86dd3a804d78ca5d203ebf98747e8f16dff9713ba8950097ceb760b161e19907,Domains_Alloy
2280,-3.550286252414744,-2.656177279849852,1.02,0.0723304633518,86dd3a804d78ca5d203ebf98747e8f16dff9713ba8950097ceb760b161e19907,Domains_Alloy
2281,-3.550940139864823,-2.656177279849852,1.02,0.0723304633518,86dd3a804d78ca5d203ebf98747e8f16dff9713ba8950097ceb760b161e19907,Domains_Alloy
2282,-3.551594139284361,-2.656177279849852,1.02,0.0723304633518,86dd3a804d78ca5d203ebf98747e8f16dff9713ba8950097ceb760b161e19907,Domains_Alloy
2283,-3.552248250625462,-2.656177279849852,1.02,0.0723304633518,86dd3a804d78ca5d203ebf98747e8f16dff9713ba8950097ceb760b161e19907,Domains_Alloy
2284,-3.552902473840274,-2.656177279849852,1.02,0.0723304633518,86dd3a804d78ca5d203ebf98747e8f16dff9713ba8950097ceb760b161e19907,Domains_Alloy
2285,-3.553556808880991,-2.656177279849852,1.02,0.0723304633518,86dd3a804d78ca5d203ebf98747e8f16dff9713ba8950097ceb760b161e19907,Domains_Alloy
2286,-3.554211255699843,-2.656177279849852,1.02,0.0723304633518,86dd3a804d78ca5d203ebf98747e8f16dff9713ba8950097ceb760b161e19907,Domains_Alloy
2287,-3.554865814249101,-2.656177279849852,1.02,0.0723304633518,86dd3a804d78ca5d203ebf98747e8f16dff9713ba8950097ceb760b161e19907,Domains_Alloy
2288,-3.555520484481075,-2.656177279849852,1.02,0.0723304633518,86dd3a804d78ca5d203ebf98747e8f16dff9713ba8950097ceb760b161e19907,Domains_Alloy
2289,-3.556175266348119,-2.656177279849852,1.02,0.0723304633518,86dd3a804d78ca5d203ebf98747e8f16dff9713ba8950097ceb760b161e19907,Domains_Alloy
2290,-3.556830159802625,-2.656177279849852,1.02,0.0723304633518,86dd3a804d78ca5d203ebf98747e8f16dff9713ba8950097ceb760b161e19907,Domains_Alloy
2291,-3.557485164797022,-2.656177279849852,1.02,0.0723304633518,86dd3a804d78ca5d203ebf98747e8f16dff9713ba8950097ceb760b161e19907,Domains_Alloy
2292,-3.558140281283784,-2.656177279849852,1.02,0.0723304633518,86dd3a804d78ca5d203ebf98747e8f16dff9713ba8950097ceb760b161e19907,Domains_Alloy
2293,-3.558795509215422,-2.656177279849852,1.02,0.0723304633518,86dd3a804d78ca5d203ebf98747e8f16dff9713ba8950097ceb760b161e19907,Domains_Alloy
2294,-3.559450848544488,-2.656177279849852,1.02,0.0723304633518,86dd3a804d78ca5d203ebf98747e8f16dff9713ba8950097ceb760b161e19907,Domains_Alloy
2295,-3.560106299223573,-2.656177279849852,1.02,0.0723304633518,86dd3a804d78ca5d203ebf98747e8f16dff9713ba8950097ceb760b161e19907,Domains_Alloy
2296,-3.56076186120531,-2.656177279849852,1.02,0.0723304633518,86dd3a804d78ca5d203ebf98747e8f16dff9713ba8950097ceb760b161e19907,Domains_Alloy
2297,-3.561417534442371,-2.656177279849852,1.02,0.0723304633518,86dd3a804d78ca5d203ebf98747e8f16dff9713ba8950097ceb760b161e19907,Domains_Alloy
2298,-3.562073318887462,-2.656177279849852,1.02,0.0723304633518,86dd3a804d78ca5d203ebf98747e8f16dff9713ba8950097ceb760b161e19907,Domains_Alloy
2299,-3.562729214493341,-2.656177279849852,1.02,0.0723304633518,86dd3a804d78ca5d203ebf98747e8f16dff9713ba8950097ceb760b161e19907,Domains_Alloy
2300,-3.563385221212794,-2.656177279849852,1.02,0.0723304633518,86dd3a804d78ca5d203ebf98747e8f16dff9713ba8950097ceb760b161e19907,Domains_Alloy
2301,-3.56404133899865,-2.656177279849852,1.02,0.0723304633518,86dd3a804d78ca5d203ebf98747e8f16dff9713ba8950097ceb760b161e19907,Domains_Alloy
2302,-3.564697567803782,-2.656177279849852,1.02,0.0723304633518,86dd3a804d78ca5d203ebf98747e8f16dff9713ba8950097ceb760b161e19907,Domains_Alloy
2303,-3.565353907581097,-2.656177279849852,1.02,0.0723304633518,86dd3a804d78ca5d203ebf98747e8f16dff9713ba8950097ceb760b161e19907,Domains_Alloy
2304,-3.566010358283545,-2.656177279849852,1.02,0.0723304633518,86dd3a804d78ca5d203ebf98747e8f16dff9713ba8950097ceb760b161e19907,Domains_Alloy
2305,-3.566666919864112,-2.656177279849852,1.02,0.0723304633518,86dd3a804d78ca5d203ebf98747e8f16dff9713ba8950097ceb760b161e19907,Domains_Alloy
2306,-3.567323592275825,-2.656177279849852,1.02,0.0723304633518,86dd3a804d78ca5d203ebf98747e8f16dff9713ba8950097ceb760b161e19907,Domains_Alloy
2307,-3.567980375471755,-2.656177279849852,1.02,0.0723304633518,86dd3a804d78ca5d203ebf98747e8f16dff9713ba8950097ceb760b161e19907,Domains_Alloy
2308,-3.568637269405002,-2.656177279849852,1.02,0.0723304633518,86dd3a804d78ca5d203ebf98747e8f16dff9713ba8950097ceb760b161e19907,Domains_Alloy
2309,-3.569294274028715,-2.656177279849852,1.02,0.0723304633518,86dd3a804d78ca5d203ebf98747e8f16dff9713ba8950097ceb760b161e19907,Domains_Alloy
2310,-3.569951389296076,-2.656177279849852,1.02,0.0723304633518,86dd3a804d78ca5d203ebf98747e8f16dff9713ba8950097ceb760b161e19907,Domains_Alloy
2311,-3.570608615160309,-2.656177279849852,1.02,0.0723304633518,86dd3a804d78ca5d203ebf98747e8f16dff9713ba8950097ceb760b161e19907,Domains_Alloy
2312,-3.571265951574678,-2.656177279849852,1.02,0.0723304633518,86dd3a804d78ca5d203ebf98747e8f16dff9713ba8950097ceb760b161e19907,Domains_Alloy
2313,-3.57192339849248,-2.656177279849852,1.02,0.0723304633518,86dd3a804d78ca5d203ebf98747e8f16dff9713ba8950097ceb760b161e19907,Domains_Alloy
2314,-3.572580955867062,-2.656177279849852,1.02,0.0723304633518,86dd3a804d78ca5d203ebf98747e8f16dff9713ba8950097ceb760b161e19907,Domains_Alloy
2315,-3.573238623651796,-2.656177279849852,1.02,0.0723304633518,86dd3a804d78ca5d203ebf98747e8f16dff9713ba8950097ceb760b161e19907,Domains_Alloy
2316,-3.573896401800105,-2.656177279849852,1.02,0.0723304633518,86dd3a804d78ca5d203ebf98747e8f16dff9713ba8950097ceb760b161e19907,Domains_Alloy
2317,-3.574554290265445,-2.656177279849852,1.02,0.0723304633518,86dd3a804d78ca5d203ebf98747e8f16dff9713ba8950097ceb760b161e19907,Domains_Alloy
2318,-3.575212289001311,-2.656177279849852,1.02,0.0723304633518,86dd3a804d78ca5d203ebf98747e8f16dff9713ba8950097ceb760b161e19907,Domains_Alloy
2319,-3.575870397961238,-2.656177279849852,1.02,0.0723304633518,86dd3a804d78ca5d203ebf98747e8f16dff9713ba8950097ceb760b161e19907,Domains_Alloy
2320,-3.576528617098798,-2.656177279849852,1.02,0.0723304633518,86dd3a804d78ca5d203ebf98747e8f16dff9713ba8950097ceb760b161e19907,Domains_Alloy
2321,-3.577186946367603,-2.656177279849852,1.02,0.0723304633518,86dd3a804d78ca5d203ebf98747e8f16dff9713ba8950097ceb760b161e19907,Domains_Alloy
2322,-3.577845385721307,-2.656177279849852,1.02,0.0723304633518,86dd3a804d78ca5d203ebf98747e8f16dff9713ba8950097ceb760b161e19907,Domains_Alloy
2323,-3.578503935113593,-2.656177279849852,1.02,0.0723304633518,86dd3a804d78ca5d203ebf98747e8f16dff9713ba8950097ceb760b161e19907,Domains_Alloy
2324,-3.57916259449819,-2.656177279849852,1.02,0.0723304633518,86dd3a804d78ca5d203ebf98747e8f16dff9713ba8950097ceb760b161e19907,Domains_Alloy
2325,-3.579821363828867,-2.656177279849852,1.02,0.0723304633518,86dd3a804d78ca5d203ebf98747e8f16dff9713ba8950097ceb760b161e19907,Domains_Alloy
2326,-3.580480243059428,-2.656177279849852,1.02,0.0723304633518,86dd3a804d78ca5d203ebf98747e8f16dff9713ba8950097ceb760b161e19907,Domains_Alloy
2327,-3.58113923214371,-2.656177279849852,1.02,0.0723304633518,86dd3a804d78ca5d203ebf98747e8f16dff9713ba8950097ceb760b161e19907,Domains_Alloy
2328,-3.581798331035599,-2.656177279849852,1.02,0.0723304633518,86dd3a804d78ca5d203ebf98747e8f16dff9713ba8950097ceb760b161e19907,Domains_Alloy
2329,-3.582457539689013,-2.656177279849852,1.02,0.0723304633518,86dd3a804d78ca5d203ebf98747e8f16dff9713ba8950097ceb760b161e19907,Domains_Alloy
2330,-3.583116858057909,-2.656177279849852,1.02,0.0723304633518,86dd3a804d78ca5d203ebf98747e8f16dff9713ba8950097ceb760b161e19907,Domains_Alloy
2331,-3.58377628609628,-2.656177279849852,1.02,0.0723304633518,86dd3a804d78ca5d203ebf98747e8f16dff9713ba8950097ceb760b161e19907,Domains_Alloy
2332,-3.584435823758163,-2.656177279849852,1.02,0.0723304633518,86dd3a804d78ca5d203ebf98747e8f16dff9713ba8950097ceb760b161e19907,Domains_Alloy
2333,-3.585095470997628,-2.656177279849852,1.02,0.0723304633518,86dd3a804d78ca5d203ebf98747e8f16dff9713ba8950097ceb760b161e19907,Domains_Alloy
2334,-3.585755227768786,-2.656177279849852,1.02,0.0723304633518,86dd3a804d78ca5d203ebf98747e8f16dff9713ba8950097ceb760b161e19907,Domains_Alloy
2335,-3.586415094025782,-2.656177279849852,1.02,0.0723304633518,86dd3a804d78ca5d203ebf98747e8f16dff9713ba8950097ceb760b161e19907,Domains_Alloy
2336,-3.587075069722806,-2.656177279849852,1.02,0.0723304633518,86dd3a804d78ca5d203ebf98747e8f16dff9713ba8950097ceb760b161e19907,Domains_Alloy
2337,-3.587735154814075,-2.656177279849852,1.02,0.0723304633518,86dd3a804d78ca5d203ebf98747e8f16dff9713ba8950097ceb760b161e19907,Domains_Alloy
2338,-3.588395349253855,-2.656177279849852,1.02,0.0723304633518,86dd3a804d78ca5d203ebf98747e8f16dff9713ba8950097ceb760b161e19907,Domains_Alloy
2339,-3.589055652996447,-2.656177279849852,1.02,0.0723304633518,86dd3a804d78ca5d203ebf98747e8f16dff9713ba8950097ceb760b161e19907,Domains_Alloy
2340,-3.589716065996181,-2.656177279849852,1.02,0.0723304633518,86dd3a804d78ca5d203ebf98747e8f16dff9713ba8950097ceb760b161e19907,Domains_Alloy
2341,-3.590376588207435,-2.656177279849852,1.02,0.0723304633518,86dd3a804d78ca5d203ebf98747e8f16dff9713ba8950097ceb760b161e19907,Domains_Alloy
2342,-3.591037219584622,-2.656177279849852,1.02,0.0723304633518,86dd3a804d78ca5d203ebf98747e8f16dff9713ba8950097ceb760b161e19907,Domains_Alloy
2343,-3.591697960082189,-2.656177279849852,1.02,0.0723304633518,86dd3a804d78ca5d203ebf98747e8f16dff9713ba8950097ceb760b161e19907,Domains_Alloy
2344,-3.592358809654627,-2.656177279849852,1.02,0.0723304633518,86dd3a804d78ca5d203ebf98747e8f16dff9713ba8950097ceb760b161e19907,Domains_Alloy
2345,-3.593019768256458,-2.656177279849852,1.02,0.0723304633518,86dd3a804d78ca5d203ebf98747e8f16dff9713ba8950097ceb760b161e19907,Domains_Alloy
2346,-3.593680835842244,-2.656177279849852,1.02,0.0723304633518,86dd3a804d78ca5d203ebf98747e8f16dff9713ba8950097ceb760b161e19907,Domains_Alloy
2347,-3.594342012366587,-2.656177279849852,1.02,0.0723304633518,86dd3a804d78ca5d203ebf98747e8f16dff9713ba8950097ceb760b161e19907,Domains_Alloy
2348,-3.595003297784124,-2.656177279849852,1.02,0.0723304633518,86dd3a804d78ca5d203ebf98747e8f16dff9713ba8950097ceb760b161e19907,Domains_Alloy
2349,-3.595664692049525,-2.656177279849852,1.02,0.0723304633518,86dd3a804d78ca5d203ebf98747e8f16dff9713ba8950097ceb760b161e19907,Domains_Alloy
2350,-3.596326195117504,-2.656177279849852,1.02,0.0723304633518,86dd3a804d78ca5d203ebf98747e8f16dff9713ba8950097ceb760b161e19907,Domains_Alloy
2351,-3.596987806942813,-2.656177279849852,1.02,0.0723304633518,86dd3a804d78ca5d203ebf98747e8f16dff9713ba8950097ceb760b161e19907,Domains_Alloy
2352,-3.597649527480232,-2.656177279849852,1.02,0.0723304633518,86dd3a804d78ca5d203ebf98747e8f16dff9713ba8950097ceb760b161e19907,Domains_Alloy
2353,-3.59831135668459,-2.656177279849852,1.02,0.0723304633518,86dd3a804d78ca5d203ebf98747e8f16dff9713ba8950097ceb760b161e19907,Domains_Alloy
2354,-3.598973294510744,-2.656177279849852,1.02,0.0723304633518,86dd3a804d78ca5d203ebf98747e8f16dff9713ba8950097ceb760b161e19907,Domains_Alloy
2355,-3.599635340913593,-2.656177279849852,1.02,0.0723304633518,86dd3a804d78ca5d203ebf98747e8f16dff9713ba8950097ceb760b161e19907,Domains_Alloy
2356,-3.600297495848068,-2.656177279849852,1.02,0.0723304633518,86dd3a804d78ca5d203ebf98747e8f16dff9713ba8950097ceb760b161e19907,Domains_Alloy
2357,-3.600959759269143,-2.656177279849852,1.02,0.0723304633518,86dd3a804d78ca5d203ebf98747e8f16dff9713ba8950097ceb760b161e19907,Domains_Alloy
2358,-3.601622131131827,-2.656177279849852,1.02,0.0723304633518,86dd3a804d78ca5d203ebf98747e8f16dff9713ba8950097ceb760b161e19907,Domains_Alloy
2359,-3.602284611391163,-2.656177279849852,1.02,0.0723304633518,86dd3a804d78ca5d203ebf98747e8f16dff9713ba8950097ceb760b161e19907,Domains_Alloy
2360,-3.602947200002236,-2.656177279849852,1.02,0.0723304633518,86dd3a804d78ca5d203ebf98747e8f16dff9713ba8950097ceb760b161e19907,Domains_Alloy
2361,-3.60360989692016,-2.656177279849852,1.02,0.0723304633518,86dd3a804d78ca5d203ebf98747e8f16dff9713ba8950097ceb760b161e19907,Domains_Alloy
2362,-3.604272702100095,-2.656177279849852,1.02,0.0723304633518,86dd3a804d78ca5d203ebf98747e8f16dff9713ba8950097ceb760b161e19907,Domains_Alloy
2363,-3.604935615497228,-2.656177279849852,1.02,0.0723304633518,86dd3a804d78ca5d203ebf98747e8f16dff9713ba8950097ceb760b161e19907,Domains_Alloy
2364,-3.605598637066795,-2.656177279849852,1.02,0.0723304633518,86dd3a804d78ca5d203ebf98747e8f16dff9713ba8950097ceb760b161e19907,Domains_Alloy
2365,-3.606261766764054,-2.656177279849852,1.02,0.0723304633518,86dd3a804d78ca5d203ebf98747e8f16dff9713ba8950097ceb760b161e19907,Domains_Alloy
2366,-3.606925004544311,-2.656177279849852,1.02,0.0723304633518,86dd3a804d78ca5d203ebf98747e8f16dff9713ba8950097ceb760b161e19907,Domains_Alloy
2367,-3.607588350362904,-2.656177279849852,1.02,0.0723304633518,86dd3a804d78ca5d203ebf98747e8f16dff9713ba8950097ceb760b161e19907,Domains_Alloy
2368,-3.608251804175208,-2.656177279849852,1.02,0.0723304633518,86dd3a804d78ca5d203ebf98747e8f16dff9713ba8950097ceb760b161e19907,Domains_Alloy
2369,-3.608915365936634,-2.656177279849852,1.02,0.0723304633518,86dd3a804d78ca5d203ebf98747e8f16dff9713ba8950097ceb760b161e19907,Domains_Alloy
2370,-3.609579035602629,-2.656177279849852,1.02,0.0723304633518,86dd3a804d78ca5d203ebf98747e8f16dff9713ba8950097ceb760b161e19907,Domains_Alloy
2371,-3.610242813128679,-2.656177279849852,1.02,0.0723304633518,86dd3a804d78ca5d203ebf98747e8f16dff9713ba8950097ceb760b161e19907,Domains_Alloy
2372,-3.6109066984703,-2.656177279849852,1.02,0.0723304633518,86dd3a804d78ca5d203ebf98747e8f16dff9713ba8950097ceb760b161e19907,Domains_Alloy
2373,-3.611570691583054,-2.656177279849852,1.02,0.0723304633518,86dd3a804d78ca5d203ebf98747e8f16dff9713ba8950097ceb760b161e19907,Domains_Alloy
2374,-3.612234792422532,-2.656177279849852,1.02,0.0723304633518,86dd3a804d78ca5d203ebf98747e8f16dff9713ba8950097ceb760b161e19907,Domains_Alloy
2375,-3.612899000944365,-2.656177279849852,1.02,0.0723304633518,86dd3a804d78ca5d203ebf98747e8f16dff9713ba8950097ceb760b161e19907,Domains_Alloy
2376,-3.613563317104211,-2.656177279849852,1.02,0.0723304633518,86dd3a804d78ca5d203ebf98747e8f16dff9713ba8950097ceb760b161e19907,Domains_Alloy
2377,-3.614227740857778,-2.656177279849852,1.02,0.0723304633518,86dd3a804d78ca5d203ebf98747e8f16dff9713ba8950097ceb760b161e19907,Domains_Alloy
2378,-3.614892272160801,-2.656177279849852,1.02,0.0723304633518,86dd3a804d78ca5d203ebf98747e8f16dff9713ba8950097ceb760b161e19907,Domains_Alloy
2379,-3.615556910969054,-2.656177279849852,1.02,0.0723304633518,86dd3a804d78ca5d203ebf98747e8f16dff9713ba8950097ceb760b161e19907,Domains_Alloy
2380,-3.616221657238347,-2.656177279849852,1.02,0.0723304633518,86dd3a804d78ca5d203ebf98747e8f16dff9713ba8950097ceb760b161e19907,Domains_Alloy
2381,-3.616886510924522,-2.656177279849852,1.02,0.0723304633518,86dd3a804d78ca5d203ebf98747e8f16dff9713ba8950097ceb760b161e19907,Domains_Alloy
2382,-3.617551471983462,-2.656177279849852,1.02,0.0723304633518,86dd3a804d78ca5d203ebf98747e8f16dff9713ba8950097ceb760b161e19907,Domains_Alloy
2383,-3.618216540371083,-2.656177279849852,1.02,0.0723304633518,86dd3a804d78ca5d203ebf98747e8f16dff9713ba8950097ceb760b161e19907,Domains_Alloy
2384,-3.61888171604334,-2.656177279849852,1.02,0.0723304633518,86dd3a804d78ca5d203ebf98747e8f16dff9713ba8950097ceb760b161e19907,Domains_Alloy
2385,-3.619546998956218,-2.656177279849852,1.02,0.0723304633518,86dd3a804d78ca5d203ebf98747e8f16dff9713ba8950097ceb760b161e19907,Domains_Alloy
2386,-3.620212389065741,-2.656177279849852,1.02,0.0723304633518,86dd3a804d78ca5d203ebf98747e8f16dff9713ba8950097ceb760b161e19907,Domains_Alloy
2387,-3.620877886327972,-2.656177279849852,1.02,0.0723304633518,86dd3a804d78ca5d203ebf98747e8f16dff9713ba8950097ceb760b161e19907,Domains_Alloy
2388,-3.621543490699003,-2.656177279849852,1.02,0.0723304633518,86dd3a804d78ca5d203ebf98747e8f16dff9713ba8950097ceb760b161e19907,Domains_Alloy
2389,-3.622209202134966,-2.656177279849852,1.02,0.0723304633518,86dd3a804d78ca5d203ebf98747e8f16dff9713ba8950097ceb760b161e19907,Domains_Alloy
2390,-3.622875020592029,-2.656177279849852,1.02,0.0723304633518,86dd3a804d78ca5d203ebf98747e8f16dff9713ba8950097ceb760b161e19907,Domains_Alloy
2391,-3.623540946026389,-2.656177279849852,1.02,0.0723304633518,86dd3a804d78ca5d203ebf98747e8f16dff9713ba8950097ceb760b161e19907,Domains_Alloy
2392,-3.624206978394289,-2.656177279849852,1.02,0.0723304633518,86dd3a804d78ca5d203ebf98747e8f16dff9713ba8950097ceb760b161e19907,Domains_Alloy
2393,-3.624873117651998,-2.656177279849852,1.02,0.0723304633518,86dd3a804d78ca5d203ebf98747e8f16dff9713ba8950097ceb760b161e19907,Domains_Alloy
2394,-3.625539363755824,-2.656177279849852,1.02,0.0723304633518,86dd3a804d78ca5d203ebf98747e8f16dff9713ba8950097ceb760b161e19907,Domains_Alloy
2395,-3.626205716662112,-2.656177279849852,1.02,0.0723304633518,86dd3a804d78ca5d203ebf98747e8f16dff9713ba8950097ceb760b161e19907,Domains_Alloy
2396,-3.626872176327238,-2.656177279849852,1.02,0.0723304633518,86dd3a804d78ca5d203ebf98747e8f16dff9713ba8950097ceb760b161e19907,Domains_Alloy
2397,-3.627538742707619,-2.656177279849852,1.02,0.0723304633518,86dd3a804d78ca5d203ebf98747e8f16dff9713ba8950097ceb760b161e19907,Domains_Alloy
2398,-3.628205415759701,-2.656177279849852,1.02,0.0723304633518,86dd3a804d78ca5d203ebf98747e8f16dff9713ba8950097ceb760b161e19907,Domains_Alloy
2399,-3.628872195439969,-2.656177279849852,1.02,0.0723304633518,86dd3a804d78ca5d203ebf98747e8f16dff9713ba8950097ceb760b161e19907,Domains_Alloy
2400,-3.629539081704946,-2.656177279849852,1.02,0.0723304633518,86dd3a804d78ca5d203ebf98747e8f16dff9713ba8950097ceb760b161e19907,Domains_Alloy
2401,-3.630206074511178,-2.656177279849852,1.02,0.0723304633518,86dd3a804d78ca5d203ebf98747e8f16dff9713ba8950097ceb760b161e19907,Domains_Alloy
2402,-3.630873173815259,-2.656177279849852,1.02,0.0723304633518,86dd3a804d78ca5d203ebf98747e8f16dff9713ba8950097ceb760b161e19907,Domains_Alloy
2403,-3.631540379573815,-2.656177279849852,1.02,0.0723304633518,86dd3a804d78ca5d203ebf98747e8f16dff9713ba8950097ceb760b161e19907,Domains_Alloy
2404,-3.632207691743504,-2.656177279849852,1.02,0.0723304633518,86dd3a804d78ca5d203ebf98747e8f16dff9713ba8950097ceb760b161e19907,Domains_Alloy
2405,-3.632875110281016,-2.656177279849852,1.02,0.0723304633518,86dd3a804d78ca5d203ebf98747e8f16dff9713ba8950097ceb760b161e19907,Domains_Alloy
2406,-3.633542635143086,-2.656177279849852,1.02,0.0723304633518,86dd3a804d78ca5d203ebf98747e8f16dff9713ba8950097ceb760b161e19907,Domains_Alloy
2407,-3.634210266286471,-2.656177279849852,1.02,0.0723304633518,86dd3a804d78ca5d203ebf98747e8f16dff9713ba8950097ceb760b161e19907,Domains_Alloy
2408,-3.634878003667975,-2.656177279849852,1.02,0.0723304633518,86dd3a804d78ca5d203ebf98747e8f16dff9713ba8950097ceb760b161e19907,Domains_Alloy
2409,-3.63554584724443,-2.656177279849852,1.02,0.0723304633518,86dd3a804d78ca5d203ebf98747e8f16dff9713ba8950097ceb760b161e19907,Domains_Alloy
2410,-3.636213796972702,-2.656177279849852,1.02,0.0723304633518,86dd3a804d78ca5d203ebf98747e8f16dff9713ba8950097ceb760b161e19907,Domains_Alloy
2411,-3.636881852809694,-2.656177279849852,1.02,0.0723304633518,86dd3a804d78ca5d203ebf98747e8f16dff9713ba8950097ceb760b161e19907,Domains_Alloy
2412,-3.637550014712344,-2.656177279849852,1.02,0.0723304633518,86dd3a804d78ca5d203ebf98747e8f16dff9713ba8950097ceb760b161e19907,Domains_Alloy
2413,-3.638218282637622,-2.656177279849852,1.02,0.0723304633518,86dd3a804d78ca5d203ebf98747e8f16dff9713ba8950097ceb760b161e19907,Domains_Alloy
2414,-3.638886656542536,-2.656177279849852,1.02,0.0723304633518,86dd3a804d78ca5d203ebf98747e8f16dff9713ba8950097ceb760b161e19907,Domains_Alloy
2415,-3.639555136384124,-2.656177279849852,1.02,0.0723304633518,86dd3a804d78ca5d203ebf98747e8f16dff9713ba8950097ceb760b161e19907,Domains_Alloy
2416,-3.640223722119465,-2.656177279849852,1.02,0.0723304633518,86dd3a804d78ca5d203ebf98747e8f16dff9713ba8950097ceb760b161e19907,Domains_Alloy
2417,-3.640892413705664,-2.656177279849852,1.02,0.0723304633518,86dd3a804d78ca5d203ebf98747e8f16dff9713ba8950097ceb760b161e19907,Domains_Alloy
2418,-3.641561211099868,-2.656177279849852,1.02,0.0723304633518,86dd3a804d78ca5d203ebf98747e8f16dff9713ba8950097ceb760b161e19907,Domains_Alloy
2419,-3.642230114259252,-2.656177279849852,1.02,0.0723304633518,86dd3a804d78ca5d203ebf98747e8f16dff9713ba8950097ceb760b161e19907,Domains_Alloy
2420,-3.642899123141032,-2.656177279849852,1.02,0.0723304633518,86dd3a804d78ca5d203ebf98747e8f16dff9713ba8950097ceb760b161e19907,Domains_Alloy
2421,-3.643568237702454,-2.656177279849852,1.02,0.0723304633518,86dd3a804d78ca5d203ebf98747e8f16dff9713ba8950097ceb760b161e19907,Domains_Alloy
2422,-3.644237457900795,-2.656177279849852,1.02,0.0723304633518,86dd3a804d78ca5d203ebf98747e8f16dff9713ba8950097ceb760b161e19907,Domains_Alloy
2423,-3.644906783693373,-2.656177279849852,1.02,0.0723304633518,86dd3a804d78ca5d203ebf98747e8f16dff9713ba8950097ceb760b161e19907,Domains_Alloy
2424,-3.645576215037537,-2.656177279849852,1.02,0.0723304633518,86dd3a804d78ca5d203ebf98747e8f16dff9713ba8950097ceb760b161e19907,Domains_Alloy
2425,-3.646245751890667,-2.656177279849852,1.02,0.0723304633518,86dd3a804d78ca5d203ebf98747e8f16dff9713ba8950097ceb760b161e19907,Domains_Alloy
2426,-3.646915394210185,-2.656177279849852,1.02,0.0723304633518,86dd3a804d78ca5d203ebf98747e8f16dff9713ba8950097ceb760b161e19907,Domains_Alloy
2427,-3.64758514195354,-2.656177279849852,1.02,0.0723304633518,86dd3a804d78ca5d203ebf98747e8f16dff9713ba8950097ceb760b161e19907,Domains_Alloy
2428,-3.648254995078214,-2.656177279849852,1.02,0.0723304633518,86dd3a804d78ca5d203ebf98747e8f16dff9713ba8950097ceb760b161e19907,Domains_Alloy
2429,-3.648924953541731,-2.656177279849852,1.02,0.0723304633518,86dd3a804d78ca5d203ebf98747e8f16dff9713ba8950097ceb760b161e19907,Domains_Alloy
2430,-3.649595017301639,-2.656177279849852,1.02,0.0723304633518,86dd3a804d78ca5d203ebf98747e8f16dff9713ba8950097ceb760b161e19907,Domains_Alloy
2431,-3.650265186315527,-2.656177279849852,1.02,0.0723304633518,86dd3a804d78ca5d203ebf98747e8f16dff9713ba8950097ceb760b161e19907,Domains_Alloy
2432,-3.650935460541017,-2.656177279849852,1.02,0.0723304633518,86dd3a804d78ca5d203ebf98747e8f16dff9713ba8950097ceb760b161e19907,Domains_Alloy
2433,-3.65160583993576,-2.656177279849852,1.02,0.0723304633518,86dd3a804d78ca5d203ebf98747e8f16dff9713ba8950097ceb760b161e19907,Domains_Alloy
2434,-3.652276324457446,-2.656177279849852,1.02,0.0723304633518,86dd3a804d78ca5d203ebf98747e8f16dff9713ba8950097ceb760b161e19907,Domains_Alloy
2435,-3.652946914063795,-2.656177279849852,1.02,0.0723304633518,86dd3a804d78ca5d203ebf98747e8f16dff9713ba8950097ceb760b161e19907,Domains_Alloy
2436,-3.653617608712563,-2.656177279849852,1.02,0.0723304633518,86dd3a804d78ca5d203ebf98747e8f16dff9713ba8950097ceb760b161e19907,Domains_Alloy
2437,-3.654288408361539,-2.656177279849852,1.02,0.0723304633518,86dd3a804d78ca5d203ebf98747e8f16dff9713ba8950097ceb760b161e19907,Domains_Alloy
2438,-3.654959312968544,-2.656177279849852,1.02,0.0723304633518,86dd3a804d78ca5d203ebf98747e8f16dff9713ba8950097ceb760b161e19907,Domains_Alloy
2439,-3.655630322491436,-2.656177279849852,1.02,0.0723304633518,86dd3a804d78ca5d203ebf98747e8f16dff9713ba8950097ceb760b161e19907,Domains_Alloy
2440,-3.656301436888102,-2.656177279849852,1.02,0.0723304633518,86dd3a804d78ca5d203ebf98747e8f16dff9713ba8950097ceb760b161e19907,Domains_Alloy
2441,-3.656972656116466,-2.656177279849852,1.02,0.0723304633518,86dd3a804d78ca5d203ebf98747e8f16dff9713ba8950097ceb760b161e19907,Domains_Alloy
2442,-3.657643980134481,-2.656177279849852,1.02,0.0723304633518,86dd3a804d78ca5d203ebf98747e8f16dff9713ba8950097ceb760b161e19907,Domains_Alloy
2443,-3.658315408900142,-2.656177279849852,1.02,0.0723304633518,86dd3a804d78ca5d203ebf98747e8f16dff9713ba8950097ceb760b161e19907,Domains_Alloy
2444,-3.658986942371468,-2.656177279849852,1.02,0.0723304633518,86dd3a804d78ca5d203ebf98747e8f16dff9713ba8950097ceb760b161e19907,Domains_Alloy
2445,-3.659658580506515,-2.656177279849852,1.02,0.0723304633518,86dd3a804d78ca5d203ebf98747e8f16dff9713ba8950097ceb760b161e19907,Domains_Alloy
2446,-3.660330323263373,-2.656177279849852,1.02,0.0723304633518,86dd3a804d78ca5d203ebf98747e8f16dff9713ba8950097ceb760b161e19907,Domains_Alloy
2447,-3.661002170600165,-2.656177279849852,1.02,0.0723304633518,86dd3a804d78ca5d203ebf98747e8f16dff9713ba8950097ceb760b161e19907,Domains_Alloy
2448,-3.661674122475045,-2.656177279849852,1.02,0.0723304633518,86dd3a804d78ca5d203ebf98747e8f16dff9713ba8950097ceb760b161e19907,Domains_Alloy
2449,-3.662346178846204,-2.656177279849852,1.02,0.0723304633518,86dd3a804d78ca5d203ebf98747e8f16dff9713ba8950097ceb760b161e19907,Domains_Alloy
2450,-3.663018339671861,-2.656177279849852,1.02,0.0723304633518,86dd3a804d78ca5d203ebf98747e8f16dff9713ba8950097ceb760b161e19907,Domains_Alloy
2451,-3.663690604910273,-2.656177279849852,1.02,0.0723304633518,86dd3a804d78ca5d203ebf98747e8f16dff9713ba8950097ceb760b161e19907,Domains_Alloy
2452,-3.664362974519726,-2.656177279849852,1.02,0.0723304633518,86dd3a804d78ca5d203ebf98747e8f16dff9713ba8950097ceb760b161e19907,Domains_Alloy
2453,-3.665035448458541,-2.656177279849852,1.02,0.0723304633518,86dd3a804d78ca5d203ebf98747e8f16dff9713ba8950097ceb760b161e19907,Domains_Alloy
2454,-3.665708026685074,-2.656177279849852,1.02,0.0723304633518,86dd3a804d78ca5d203ebf98747e8f16dff9713ba8950097ceb760b161e19907,Domains_Alloy
2455,-3.666380709157708,-2.656177279849852,1.02,0.0723304633518,86dd3a804d78ca5d203ebf98747e8f16dff9713ba8950097ceb760b161e19907,Domains_Alloy
2456,-3.667053495834865,-2.656177279849852,1.02,0.0723304633518,86dd3a804d78ca5d203ebf98747e8f16dff9713ba8950097ceb760b161e19907,Domains_Alloy
2457,-3.667726386674997,-2.656177279849852,1.02,0.0723304633518,86dd3a804d78ca5d203ebf98747e8f16dff9713ba8950097ceb760b161e19907,Domains_Alloy
2458,-3.668399381636588,-2.656177279849852,1.02,0.0723304633518,86dd3a804d78ca5d203ebf98747e8f16dff9713ba8950097ceb760b161e19907,Domains_Alloy
2459,-3.669072480678157,-2.656177279849852,1.02,0.0723304633518,86dd3a804d78ca5d203ebf98747e8f16dff9713ba8950097ceb760b161e19907,Domains_Alloy
2460,-3.669745683758251,-2.656177279849852,1.02,0.0723304633518,86dd3a804d78ca5d203ebf98747e8f16dff9713ba8950097ceb760b161e19907,Domains_Alloy
2461,-3.670418990835459,-2.656177279849852,1.02,0.0723304633518,86dd3a804d78ca5d203ebf98747e8f16dff9713ba8950097ceb760b161e19907,Domains_Alloy
2462,-3.671092401868391,-2.656177279849852,1.02,0.0723304633518,86dd3a804d78ca5d203ebf98747e8f16dff9713ba8950097ceb760b161e19907,Domains_Alloy
2463,-3.671765916815697,-2.656177279849852,1.02,0.0723304633518,86dd3a804d78ca5d203ebf98747e8f16dff9713ba8950097ceb760b161e19907,Domains_Alloy
2464,-3.672439535636059,-2.656177279849852,1.02,0.0723304633518,86dd3a804d78ca5d203ebf98747e8f16dff9713ba8950097ceb760b161e19907,Domains_Alloy
2465,-3.67311325828819,-2.656177279849852,1.02,0.0723304633518,86dd3a804d78ca5d203ebf98747e8f16dff9713ba8950097ceb760b161e19907,Domains_Alloy
2466,-3.673787084730834,-2.656177279849852,1.02,0.0723304633518,86dd3a804d78ca5d203ebf98747e8f16dff9713ba8950097ceb760b161e19907,Domains_Alloy
2467,-3.674461014922771,-2.656177279849852,1.02,0.0723304633518,86dd3a804d78ca5d203ebf98747e8f16dff9713ba8950097ceb760b161e19907,Domains_Alloy
2468,-3.67513504882281,-2.656177279849852,1.02,0.0723304633518,86dd3a804d78ca5d203ebf98747e8f16dff9713ba8950097ceb760b161e19907,Domains_Alloy
2469,-3.675809186389796,-2.656177279849852,1.02,0.0723304633518,86dd3a804d78ca5d203ebf98747e8f16dff9713ba8950097ceb760b161e19907,Domains_Alloy
2470,-3.676483427582602,-2.656177279849852,1.02,0.0723304633518,86dd3a804d78ca5d203ebf98747e8f16dff9713ba8950097ceb760b161e19907,Domains_Alloy
2471,-3.677157772360136,-2.656177279849852,1.02,0.0723304633518,86dd3a804d78ca5d203ebf98747e8f16dff9713ba8950097ceb760b161e19907,Domains_Alloy
2472,-3.677832220681339,-2.656177279849852,1.02,0.0723304633518,86dd3a804d78ca5d203ebf98747e8f16dff9713ba8950097ceb760b161e19907,Domains_Alloy
2473,-3.678506772505182,-2.656177279849852,1.02,0.0723304633518,86dd3a804d78ca5d203ebf98747e8f16dff9713ba8950097ceb760b161e19907,Domains_Alloy
2474,-3.679181427790669,-2.656177279849852,1.02,0.0723304633518,86dd3a804d78ca5d203ebf98747e8f16dff9713ba8950097ceb760b161e19907,Domains_Alloy
2475,-3.679856186496837,-2.656177279849852,1.02,0.0723304633518,86dd3a804d78ca5d203ebf98747e8f16dff9713ba8950097ceb760b161e19907,Domains_Alloy
2476,-3.680531048582752,-2.656177279849852,1.02,0.0723304633518,86dd3a804d78ca5d203ebf98747e8f16dff9713ba8950097ceb760b161e19907,Domains_Alloy
2477,-3.681206014007516,-2.656177279849852,1.02,0.0723304633518,86dd3a804d78ca5d203ebf98747e8f16dff9713ba8950097ceb760b161e19907,Domains_Alloy
2478,-3.681881082730264,-2.656177279849852,1.02,0.0723304633518,86dd3a804d78ca5d203ebf98747e8f16dff9713ba8950097ceb760b161e19907,Domains_Alloy
2479,-3.682556254710157,-2.656177279849852,1.02,0.0723304633518,86dd3a804d78ca5d203ebf98747e8f16dff9713ba8950097ceb760b161e19907,Domains_Alloy
2480,-3.68323152990639,-2.656177279849852,1.02,0.0723304633518,86dd3a804d78ca5d203ebf98747e8f16dff9713ba8950097ceb760b161e19907,Domains_Alloy
2481,-3.683906908278193,-2.656177279849852,1.02,0.0723304633518,86dd3a804d78ca5d203ebf98747e8f16dff9713ba8950097ceb760b161e19907,Domains_Alloy
2482,-3.684582389784827,-2.656177279849852,1.02,0.0723304633518,86dd3a804d78ca5d203ebf98747e8f16dff9713ba8950097ceb760b161e19907,Domains_Alloy
2483,-3.685257974385583,-2.656177279849852,1.02,0.0723304633518,86dd3a804d78ca5d203ebf98747e8f16dff9713ba8950097ceb760b161e19907,Domains_Alloy
2484,-3.685933662039783,-2.656177279849852,1.02,0.0723304633518,86dd3a804d78ca5d203ebf98747e8f16dff9713ba8950097ceb760b161e19907,Domains_Alloy
2485,-3.686609452706784,-2.656177279849852,1.02,0.0723304633518,86dd3a804d78ca5d203ebf98747e8f16dff9713ba8950097ceb760b161e19907,Domains_Alloy
2486,-3.687285346345976,-2.656177279849852,1.02,0.0723304633518,86dd3a804d78ca5d203ebf98747e8f16dff9713ba8950097ceb760b161e19907,Domains_Alloy
2487,-3.687961342916771,-2.656177279849852,1.02,0.0723304633518,86dd3a804d78ca5d203ebf98747e8f16dff9713ba8950097ceb760b161e19907,Domains_Alloy
2488,-3.688637442378626,-2.656177279849852,1.02,0.0723304633518,86dd3a804d78ca5d203ebf98747e8f16dff9713ba8950097ceb760b161e19907,Domains_Alloy
2489,-3.689313644691018,-2.656177279849852,1.02,0.0723304633518,86dd3a804d78ca5d203ebf98747e8f16dff9713ba8950097ceb760b161e19907,Domains_Alloy
2490,-3.689989949813465,-2.656177279849852,1.02,0.0723304633518,86dd3a804d78ca5d203ebf98747e8f16dff9713ba8950097ceb760b161e19907,Domains_Alloy
2491,-3.690666357705508,-2.656177279849852,1.02,0.0723304633518,86dd3a804d78ca5d203ebf98747e8f16dff9713ba8950097ceb760b161e19907,Domains_Alloy
2492,-3.691342868326727,-2.656177279849852,1.02,0.0723304633518,86dd3a804d78ca5d203ebf98747e8f16dff9713ba8950097ceb760b161e19907,Domains_Alloy
2493,-3.692019481636728,-2.656177279849852,1.02,0.0723304633518,86dd3a804d78ca5d203ebf98747e8f16dff9713ba8950097ceb760b161e19907,Domains_Alloy
2494,-3.692696197595151,-2.656177279849852,1.02,0.0723304633518,86dd3a804d78ca5d203ebf98747e8f16dff9713ba8950097ceb760b161e19907,Domains_Alloy
2495,-3.693373016161666,-2.656177279849852,1.02,0.0723304633518,86dd3a804d78ca5d203ebf98747e8f16dff9713ba8950097ceb760b161e19907,Domains_Alloy
2496,-3.694049937295978,-2.656177279849852,1.02,0.0723304633518,86dd3a804d78ca5d203ebf98747e8f16dff9713ba8950097ceb760b161e19907,Domains_Alloy
2497,-3.694726960957819,-2.656177279849852,1.02,0.0723304633518,86dd3a804d78ca5d203ebf98747e8f16dff9713ba8950097ceb760b161e19907,Domains_Alloy
2498,-3.695404087106954,-2.656177279849852,1.02,0.0723304633518,86dd3a804d78ca5d203ebf98747e8f16dff9713ba8950097ceb760b161e19907,Domains_Alloy
2499,-3.696081315703178,-2.656177279849852,1.02,0.0723304633518,86dd3a804d78ca5d203ebf98747e8f16dff9713ba8950097ceb760b161e19907,Domains_Alloy
