T_K,P_GPa,G_eV_per_atom,level,source
851,0,-8.108071128186547,reference,DaRUS-4999/direct_upsampling_data_rungs_1-3/thermodynamic_properties/tridymite_ortho_pbe_d3bj.csv
852,0,-8.108445748926572,reference,DaRUS-4999/direct_upsampling_data_rungs_1-3/thermodynamic_properties/tridymite_ortho_pbe_d3bj.csv
853,0,-8.108820659822497,reference,DaRUS-4999/direct_upsampling_data_rungs_1-3/thermodynamic_properties/tridymite_ortho_pbe_d3bj.csv
854,0,-8.109195860579256,reference,DaRUS-4999/direct_upsampling_data_rungs_1-3/thermodynamic_properties/tridymite_ortho_pbe_d3bj.csv
855,0,-8.109571350902325,reference,DaRUS-4999/direct_upsampling_data_rungs_1-3/thermodynamic_properties/tridymite_ortho_pbe_d3bj.csv
856,0,-8.109947130497767,reference,DaRUS-4999/direct_upsampling_data_rungs_1-3/thermodynamic_properties/tridymite_ortho_pbe_d3bj.csv
857,0,-8.110323199072198,reference,DaRUS-4999/direct_upsampling_data_rungs_1-3/thermodynamic_properties/tridymite_ortho_pbe_d3bj.csv
858,0,-8.11069955633279,reference,DaRUS-4999/direct_upsampling_data_rungs_1-3/thermodynamic_properties/tridymite_ortho_pbe_d3bj.csv
859,0,-8.111076201987295,reference,DaRUS-4999/direct_upsampling_data_rungs_1-3/thermodynamic_properties/tridymite_ortho_pbe_d3bj.csv
860,0,-8.111453135744,reference,DaRUS-4999/direct_upsampling_data_rungs_1-3/thermodynamic_properties/tridymite_ortho_pbe_d3bj.csv
861,0,-8.111830357311767,reference,DaRUS-4999/direct_upsampling_data_rungs_1-3/thermodynamic_properties/tridymite_ortho_pbe_d3bj.csv
862,0,-8.112207866400002,reference,DaRUS-4999/direct_upsampling_data_rungs_1-3/thermodynamic_properties/tridymite_ortho_pbe_d3bj.csv
863,0,-8.112585662718676,reference,DaRUS-4999/direct_upsampling_data_rungs_1-3/thermodynamic_properties/tridymite_ortho_pbe_d3bj.csv
864,0,-8.112963745978309,reference,DaRUS-4999/direct_upsampling_data_rungs_1-3/thermodynamic_properties/tridymite_ortho_pbe_d3bj.csv
865,0,-8.113342115889964,reference,DaRUS-4999/direct_upsampling_data_rungs_1-3/thermodynamic_properties/tridymite_ortho_pbe_d3bj.csv
866,0,-8.113720772165269,reference,DaRUS-4999/direct_upsampling_data_rungs_1-3/thermodynamic_properties/tridymite_ortho_pbe_d3bj.csv
867,0,-8.11409971451639,reference,DaRUS-4999/direct_upsampling_data_rungs_1-3/thermodynamic_properties/tridymite_ortho_pbe_d3bj.csv
868,0,-8.114478942656051,reference,DaRUS-4999/direct_upsampling_data_rungs_1-3/thermodynamic_properties/tridymite_ortho_pbe_d3bj.csv
869,0,-8.114858456297503,reference,DaRUS-4999/direct_upsampling_data_rungs_1-3/thermodynamic_properties/tridymite_ortho_pbe_d3bj.csv
870,0,-8.115238255154566,reference,DaRUS-4999/direct_upsampling_data_rungs_1-3/thermodynamic_properties/tridymite_ortho_pbe_d3bj.csv
871,0,-8.115618338941578,reference,DaRUS-4999/direct_upsampling_data_rungs_1-3/thermodynamic_properties/tridymite_ortho_pbe_d3bj.csv
872,0,-8.115998707373445,reference,DaRUS-4999/direct_upsampling_data_rungs_1-3/thermodynamic_properties/tridymite_ortho_pbe_d3bj.csv
873,0,-8.116379360165588,reference,DaRUS-4999/direct_upsampling_data_rungs_1-3/thermodynamic_properties/tridymite_ortho_pbe_d3bj.csv
874,0,-8.116760297033984,reference,DaRUS-4999/direct_upsampling_data_rungs_1-3/thermodynamic_properties/tridymite_ortho_pbe_d3bj.csv
875,0,-8.117141517695142,reference,DaRUS-4999/direct_upsampling_data_rungs_1-3/thermodynamic_properties/tridymite_ortho_pbe_d3bj.csv
876,0,-8.117523021866106,reference,DaRUS-4999/direct_upsampling_data_rungs_1-3/thermodynamic_properties/tridymite_ortho_pbe_d3bj.csv
877,0,-8.117904809264456,reference,DaRUS-4999/direct_upsampling_data_rungs_1-3/thermodynamic_properties/tridymite_ortho_pbe_d3bj.csv
878,0,-8.118286879608304,reference,DaRUS-4999/direct_upsampling_data_rungs_1-3/thermodynamic_properties/tridymite_ortho_pbe_d3bj.csv
879,0,-8.118669232616295,reference,DaRUS-4999/direct_upsampling_data_rungs_1-3/thermodynamic_properties/tridymite_ortho_pbe_d3bj.csv
880,0,-8.119051868007611,reference,DaRUS-4999/direct_upsampling_data_rungs_1-3/thermodynamic_properties/tridymite_ortho_pbe_d3bj.csv
881,0,-8.119434785501948,reference,DaRUS-4999/direct_upsampling_data_rungs_1-3/thermodynamic_properties/tridymite_ortho_pbe_d3bj.csv
882,0,-8.119817984819543,reference,DaRUS-4999/direct_upsampling_data_rungs_1-3/thermodynamic_properties/tridymite_ortho_pbe_d3bj.csv
883,0,-8.120201465681157,reference,DaRUS-4999/direct_upsampling_data_rungs_1-3/thermodynamic_properties/tridymite_ortho_pbe_d3bj.csv
884,0,-8.120585227808068,reference,DaRUS-4999/direct_upsampling_data_rungs_1-3/thermodynamic_properties/tridymite_ortho_pbe_d3bj.csv
885,0,-8.120969270922089,reference,DaRUS-4999/direct_upsampling_data_rungs_1-3/thermodynamic_properties/tridymite_ortho_pbe_d3bj.csv
886,0,-8.121353594745553,reference,DaRUS-4999/direct_upsampling_data_rungs_1-3/thermodynamic_properties/tridymite_ortho_pbe_d3bj.csv
887,0,-8.12173819900131,reference,DaRUS-4999/direct_upsampling_data_rungs_1-3/thermodynamic_properties/tridymite_ortho_pbe_d3bj.csv
888,0,-8.122123083412728,reference,DaRUS-4999/direct_upsampling_data_rungs_1-3/thermodynamic_properties/tridymite_ortho_pbe_d3bj.csv
889,0,-8.122508247703699,reference,DaRUS-4999/direct_upsampling_data_rungs_1-3/thermodynamic_properties/tridymite_ortho_pbe_d3bj.csv
890,0,-8.122893691598632,reference,DaRUS-4999/direct_upsampling_data_rungs_1-3/thermodynamic_properties/tridymite_ortho_pbe_d3bj.csv
891,0,-8.123279414822449,reference,DaRUS-4999/direct_upsampling_data_rungs_1-3/thermodynamic_properties/tridymite_ortho_pbe_d3bj.csv
892,0,-8.123665417100581,reference,DaRUS-4999/direct_upsampling_data_rungs_1-3/thermodynamic_properties/tridymite_ortho_pbe_d3bj.csv
893,0,-8.124051698158988,reference,DaRUS-4999/direct_upsampling_data_rungs_1-3/thermodynamic_properties/tridymite_ortho_pbe_d3bj.csv
894,0,-8.124438257724128,reference,DaRUS-4999/direct_upsampling_data_rungs_1-3/thermodynamic_properties/tridymite_ortho_pbe_d3bj.csv
895,0,-8.124825095522969,reference,DaRUS-4999/direct_upsampling_data_rungs_1-3/thermodynamic_properties/tridymite_ortho_pbe_d3bj.csv
896,0,-8.125212211283001,reference,DaRUS-4999/direct_upsampling_data_rungs_1-3/thermodynamic_properties/tridymite_ortho_pbe_d3bj.csv
897,0,-8.125599604732205,reference,DaRUS-4999/direct_upsampling_data_rungs_1-3/thermodynamic_properties/tridymite_ortho_pbe_d3bj.csv
898,0,-8.125987275599083,reference,DaRUS-4999/direct_upsampling_data_rungs_1-3/thermodynamic_properties/tridymite_ortho_pbe_d3bj.csv
899,0,-8.126375223612637,reference,DaRUS-4999/direct_upsampling_data_rungs_1-3/thermodynamic_properties/tridymite_ortho_pbe_d3bj.csv
900,0,-8.126763448502366,reference,DaRUS-4999/direct_upsampling_data_rungs_1-3/thermodynamic_properties/tridymite_ortho_pbe_d3bj.csv
901,0,-8.127151949998286,reference,DaRUS-4999/direct_upsampling_data_rungs_1-3/thermodynamic_properties/tridymite_ortho_pbe_d3bj.csv
902,0,-8.127540727830896,reference,DaRUS-4999/direct_upsampling_data_rungs_1-3/thermodynamic_properties/tridymite_ortho_pbe_d3bj.csv
903,0,-8.127929781731217,reference,DaRUS-4999/direct_upsampling_data_rungs_1-3/thermodynamic_properties/tridymite_ortho_pbe_d3bj.csv
904,0,-8.128319111430754,reference,DaRUS-4999/direct_upsampling_data_rungs_1-3/thermodynamic_properties/tridymite_ortho_pbe_d3bj.csv
905,0,-8.128708716661505,reference,DaRUS-4999/direct_upsampling_data_rungs_1-3/thermodynamic_properties/tridymite_ortho_pbe_d3bj.csv
906,0,-8.129098597155982,reference,DaRUS-4999/direct_upsampling_data_rungs_1-3/thermodynamic_properties/tridymite_ortho_pbe_d3bj.csv
907,0,-8.129488752647179,reference,DaRUS-4999/direct_upsampling_data_rungs_1-3/thermodynamic_properties/tridymite_ortho_pbe_d3bj.csv
908,0,-8.129879182868583,reference,DaRUS-4999/direct_upsampling_data_rungs_1-3/thermodynamic_properties/tridymite_ortho_pbe_d3bj.csv
909,0,-8.130269887554183,reference,DaRUS-4999/direct_upsampling_data_rungs_1-3/thermodynamic_properties/tridymite_ortho_pbe_d3bj.csv
910,0,-8.130660866438451,reference,DaRUS-4999/direct_upsampling_data_rungs_1-3/thermodynamic_properties/tridymite_ortho_pbe_d3bj.csv
911,0,-8.131052119256351,reference,DaRUS-4999/direct_upsampling_data_rungs_1-3/thermodynamic_properties/tridymite_ortho_pbe_d3bj.csv
912,0,-8.131443645743337,reference,DaRUS-4999/direct_upsampling_data_rungs_1-3/thermodynamic_properties/tridymite_ortho_pbe_d3bj.csv
913,0,-8.131835445635355,reference,DaRUS-4999/direct_upsampling_data_rungs_1-3/thermodynamic_properties/tridymite_ortho_pbe_d3bj.csv
914,0,-8.132227518668824,reference,DaRUS-4999/direct_upsampling_data_rungs_1-3/thermodynamic_properties/tridymite_ortho_pbe_d3bj.csv
915,0,-8.13261986458066,reference,DaRUS-4999/direct_upsampling_data_rungs_1-3/thermodynamic_properties/tridymite_ortho_pbe_d3bj.csv
916,0,-8.133012483108262,reference,DaRUS-4999/direct_upsampling_data_rungs_1-3/thermodynamic_properties/tridymite_ortho_pbe_d3bj.csv
917,0,-8.1334053739895,reference,DaRUS-4999/direct_upsampling_data_rungs_1-3/thermodynamic_properties/tridymite_ortho_pbe_d3bj.csv
918,0,-8.133798536962745,reference,DaRUS-4999/direct_upsampling_data_rungs_1-3/thermodynamic_properties/tridymite_ortho_pbe_d3bj.csv
919,0,-8.134191971766828,reference,DaRUS-4999/direct_upsampling_data_rungs_1-3/thermodynamic_properties/tridymite_ortho_pbe_d3bj.csv
920,0,-8.134585678141068,reference,DaRUS-4999/direct_upsampling_data_rungs_1-3/thermodynamic_properties/tridymite_ortho_pbe_d3bj.csv
921,0,-8.134979655825273,reference,DaRUS-4999/direct_upsampling_data_rungs_1-3/thermodynamic_properties/tridymite_ortho_pbe_d3bj.csv
922,0,-8.135373904559701,reference,DaRUS-4999/direct_upsampling_data_rungs_1-3/thermodynamic_properties/tridymite_ortho_pbe_d3bj.csv
923,0,-8.135768424085109,reference,DaRUS-4999/direct_upsampling_data_rungs_1-3/thermodynamic_properties/tridymite_ortho_pbe_d3bj.csv
924,0,-8.136163214142718,reference,DaRUS-4999/direct_upsampling_data_rungs_1-3/thermodynamic_properties/tridymite_ortho_pbe_d3bj.csv
925,0,-8.136558274474222,reference,DaRUS-4999/direct_upsampling_data_rungs_1-3/thermodynamic_properties/tridymite_ortho_pbe_d3bj.csv
926,0,-8.136953604821789,reference,DaRUS-4999/direct_upsampling_data_rungs_1-3/thermodynamic_properties/tridymite_ortho_pbe_d3bj.csv
927,0,-8.137349204928055,reference,DaRUS-4999/direct_upsampling_data_rungs_1-3/thermodynamic_properties/tridymite_ortho_pbe_d3bj.csv
928,0,-8.137745074536129,reference,DaRUS-4999/direct_upsampling_data_rungs_1-3/thermodynamic_properties/tridymite_ortho_pbe_d3bj.csv
929,0,-8.138141213389583,reference,DaRUS-4999/direct_upsampling_data_rungs_1-3/thermodynamic_properties/tridymite_ortho_pbe_d3bj.csv
930,0,-8.138537621232457,reference,DaRUS-4999/direct_upsampling_data_rungs_1-3/thermodynamic_properties/tridymite_ortho_pbe_d3bj.csv
931,0,-8.138934297809264,reference,DaRUS-4999/direct_upsampling_data_rungs_1-3/thermodynamic_properties/tridymite_ortho_pbe_d3bj.csv
932,0,-8.139331242864975,reference,DaRUS-4999/direct_upsampling_data_rungs_1-3/thermodynamic_properties/tridymite_ortho_pbe_d3bj.csv
933,0,-8.139728456145022,reference,DaRUS-4999/direct_upsampling_data_rungs_1-3/thermodynamic_properties/tridymite_ortho_pbe_d3bj.csv
934,0,-8.140125937395299,reference,DaRUS-4999/direct_upsampling_data_rungs_1-3/thermodynamic_properties/tridymite_ortho_pbe_d3bj.csv
935,0,-8.140523686362176,reference,DaRUS-4999/direct_upsampling_data_rungs_1-3/thermodynamic_properties/tridymite_ortho_pbe_d3bj.csv
936,0,-8.140921702792461,reference,DaRUS-4999/direct_upsampling_data_rungs_1-3/thermodynamic_properties/tridymite_ortho_pbe_d3bj.csv
937,0,-8.141319986433436,reference,DaRUS-4999/direct_upsampling_data_rungs_1-3/thermodynamic_properties/tridymite_ortho_pbe_d3bj.csv
938,0,-8.141718537032837,reference,DaRUS-4999/direct_upsampling_data_rungs_1-3/thermodynamic_properties/tridymite_ortho_pbe_d3bj.csv
939,0,-8.142117354338852,reference,DaRUS-4999/direct_upsampling_data_rungs_1-3/thermodynamic_properties/tridymite_ortho_pbe_d3bj.csv
940,0,-8.142516438100127,reference,DaRUS-4999/direct_upsampling_data_rungs_1-3/thermodynamic_properties/tridymite_ortho_pbe_d3bj.csv
941,0,-8.142915788065766,reference,DaRUS-4999/direct_upsampling_data_rungs_1-3/thermodynamic_properties/tridymite_ortho_pbe_d3bj.csv
942,0,-8.143315403985321,reference,DaRUS-4999/direct_upsampling_data_rungs_1-3/thermodynamic_properties/tridymite_ortho_pbe_d3bj.csv
943,0,-8.143715285608797,reference,DaRUS-4999/direct_upsampling_data_rungs_1-3/thermodynamic_properties/tridymite_ortho_pbe_d3bj.csv
944,0,-8.144115432686654,reference,DaRUS-4999/direct_upsampling_data_rungs_1-3/thermodynamic_properties/tridymite_ortho_pbe_d3bj.csv
945,0,-8.14451584496979,reference,DaRUS-4999/direct_upsampling_data_rungs_1-3/thermodynamic_properties/tridymite_ortho_pbe_d3bj.csv
946,0,-8.144916522209563,reference,DaRUS-4999/direct_upsampling_data_rungs_1-3/thermodynamic_properties/tridymite_ortho_pbe_d3bj.csv
947,0,-8.145317464157779,reference,DaRUS-4999/direct_upsampling_data_rungs_1-3/thermodynamic_properties/tridymite_ortho_pbe_d3bj.csv
948,0,-8.145718670566682,reference,DaRUS-4999/direct_upsampling_data_rungs_1-3/thermodynamic_properties/tridymite_ortho_pbe_d3bj.csv
949,0,-8.146120141188966,reference,DaRUS-4999/direct_upsampling_data_rungs_1-3/thermodynamic_properties/tridymite_ortho_pbe_d3bj.csv
950,0,-8.146521875777767,reference,DaRUS-4999/direct_upsampling_data_rungs_1-3/thermodynamic_properties/tridymite_ortho_pbe_d3bj.csv
951,0,-8.146923874086664,reference,DaRUS-4999/direct_upsampling_data_rungs_1-3/thermodynamic_properties/tridymite_ortho_pbe_d3bj.csv
952,0,-8.147326135869683,reference,DaRUS-4999/direct_upsampling_data_rungs_1-3/thermodynamic_properties/tridymite_ortho_pbe_d3bj.csv
953,0,-8.147728660881281,reference,DaRUS-4999/direct_upsampling_data_rungs_1-3/thermodynamic_properties/tridymite_ortho_pbe_d3bj.csv
954,0,-8.148131448876365,reference,DaRUS-4999/direct_upsampling_data_rungs_1-3/thermodynamic_properties/tridymite_ortho_pbe_d3bj.csv
955,0,-8.148534499610269,reference,DaRUS-4999/direct_upsampling_data_rungs_1-3/thermodynamic_properties/tridymite_ortho_pbe_d3bj.csv
956,0,-8.148937812838779,reference,DaRUS-4999/direct_upsampling_data_rungs_1-3/thermodynamic_properties/tridymite_ortho_pbe_d3bj.csv
957,0,-8.149341388318106,reference,DaRUS-4999/direct_upsampling_data_rungs_1-3/thermodynamic_properties/tridymite_ortho_pbe_d3bj.csv
958,0,-8.149745225804894,reference,DaRUS-4999/direct_upsampling_data_rungs_1-3/thermodynamic_properties/tridymite_ortho_pbe_d3bj.csv
959,0,-8.150149325056232,reference,DaRUS-4999/direct_upsampling_data_rungs_1-3/thermodynamic_properties/tridymite_ortho_pbe_d3bj.csv
960,0,-8.150553685829637,reference,DaRUS-4999/direct_upsampling_data_rungs_1-3/thermodynamic_properties/tridymite_ortho_pbe_d3bj.csv
961,0,-8.150958307883057,reference,DaRUS-4999/direct_upsampling_data_rungs_1-3/thermodynamic_properties/tridymite_ortho_pbe_d3bj.csv
962,0,-8.151363190974868,reference,DaRUS-4999/direct_upsampling_data_rungs_1-3/thermodynamic_properties/tridymite_ortho_pbe_d3bj.csv
963,0,-8.151768334863881,reference,DaRUS-4999/direct_upsampling_data_rungs_1-3/thermodynamic_properties/tridymite_ortho_pbe_d3bj.csv
964,0,-8.152173739309337,reference,DaRUS-4999/direct_upsampling_data_rungs_1-3/thermodynamic_properties/tridymite_ortho_pbe_d3bj.csv
965,0,-8.152579404070902,reference,DaRUS-4999/direct_upsampling_data_rungs_1-3/thermodynamic_properties/tridymite_ortho_pbe_d3bj.csv
966,0,-8.15298532890866,reference,DaRUS-4999/direct_upsampling_data_rungs_1-3/thermodynamic_properties/tridymite_ortho_pbe_d3bj.csv
967,0,-8.15339151358314,reference,DaRUS-4999/direct_upsampling_data_rungs_1-3/thermodynamic_properties/tridymite_ortho_pbe_d3bj.csv
968,0,-8.153797957855275,reference,DaRUS-4999/direct_upsampling_data_rungs_1-3/thermodynamic_properties/tridymite_ortho_pbe_d3bj.csv
969,0,-8.154204661486437,reference,DaRUS-4999/direct_upsampling_data_rungs_1-3/thermodynamic_properties/tridymite_ortho_pbe_d3bj.csv
970,0,-8.154611624238415,reference,DaRUS-4999/direct_upsampling_data_rungs_1-3/thermodynamic_properties/tridymite_ortho_pbe_d3bj.csv
971,0,-8.155018845873414,reference,DaRUS-4999/direct_upsampling_data_rungs_1-3/thermodynamic_properties/tridymite_ortho_pbe_d3bj.csv
972,0,-8.155426326154066,reference,DaRUS-4999/direct_upsampling_data_rungs_1-3/thermodynamic_properties/tridymite_ortho_pbe_d3bj.csv
973,0,-8.155834064843422,reference,DaRUS-4999/direct_upsampling_data_rungs_1-3/thermodynamic_properties/tridymite_ortho_pbe_d3bj.csv
974,0,-8.156242061704948,reference,DaRUS-4999/direct_upsampling_data_rungs_1-3/thermodynamic_properties/tridymite_ortho_pbe_d3bj.csv
975,0,-8.156650316502532,reference,DaRUS-4999/direct_upsampling_data_rungs_1-3/thermodynamic_properties/tridymite_ortho_pbe_d3bj.csv
976,0,-8.157058829000471,reference,DaRUS-4999/direct_upsampling_data_rungs_1-3/thermodynamic_properties/tridymite_ortho_pbe_d3bj.csv
977,0,-8.157467598963486,reference,DaRUS-4999/direct_upsampling_data_rungs_1-3/thermodynamic_properties/tridymite_ortho_pbe_d3bj.csv
978,0,-8.1578766261567,reference,DaRUS-4999/direct_upsampling_data_rungs_1-3/thermodynamic_properties/tridymite_ortho_pbe_d3bj.csv
979,0,-8.158285910345661,reference,DaRUS-4999/direct_upsampling_data_rungs_1-3/thermodynamic_properties/tridymite_ortho_pbe_d3bj.csv
980,0,-8.158695451296328,reference,DaRUS-4999/direct_upsampling_data_rungs_1-3/thermodynamic_properties/tridymite_ortho_pbe_d3bj.csv
981,0,-8.159105248775063,reference,DaRUS-4999/direct_upsampling_data_rungs_1-3/thermodynamic_properties/tridymite_ortho_pbe_d3bj.csv
982,0,-8.159515302548645,reference,DaRUS-4999/direct_upsampling_data_rungs_1-3/thermodynamic_properties/tridymite_ortho_pbe_d3bj.csv
983,0,-8.159925612384258,reference,DaRUS-4999/direct_upsampling_data_rungs_1-3/thermodynamic_properties/tridymite_ortho_pbe_d3bj.csv
984,0,-8.160336178049501,reference,DaRUS-4999/direct_upsampling_data_rungs_1-3/thermodynamic_properties/tridymite_ortho_pbe_d3bj.csv
985,0,-8.160746999312368,reference,DaRUS-4999/direct_upsampling_data_rungs_1-3/thermodynamic_properties/tridymite_ortho_pbe_d3bj.csv
986,0,-8.161158075941271,reference,DaRUS-4999/direct_upsampling_data_rungs_1-3/thermodynamic_properties/tridymite_ortho_pbe_d3bj.csv
987,0,-8.161569407705022,reference,DaRUS-4999/direct_upsampling_data_rungs_1-3/thermodynamic_properties/tridymite_ortho_pbe_d3bj.csv
988,0,-8.161980994372838,reference,DaRUS-4999/direct_upsampling_data_rungs_1-3/thermodynamic_properties/tridymite_ortho_pbe_d3bj.csv
989,0,-8.162392835714334,reference,DaRUS-4999/direct_upsampling_data_rungs_1-3/thermodynamic_properties/tridymite_ortho_pbe_d3bj.csv
990,0,-8.162804931499537,reference,DaRUS-4999/direct_upsampling_data_rungs_1-3/thermodynamic_properties/tridymite_ortho_pbe_d3bj.csv
991,0,-8.163217281498865,reference,DaRUS-4999/direct_upsampling_data_rungs_1-3/thermodynamic_properties/tridymite_ortho_pbe_d3bj.csv
992,0,-8.163629885483143,reference,DaRUS-4999/direct_upsampling_data_rungs_1-3/thermodynamic_properties/tridymite_ortho_pbe_d3bj.csv
993,0,-8.164042743223597,reference,DaRUS-4999/direct_upsampling_data_rungs_1-3/thermodynamic_properties/tridymite_ortho_pbe_d3bj.csv
994,0,-8.164455854491839,reference,DaRUS-4999/direct_upsampling_data_rungs_1-3/thermodynamic_properties/tridymite_ortho_pbe_d3bj.csv
995,0,-8.164869219059893,reference,DaRUS-4999/direct_upsampling_data_rungs_1-3/thermodynamic_properties/tridymite_ortho_pbe_d3bj.csv
996,0,-8.165282836700172,reference,DaRUS-4999/direct_upsampling_data_rungs_1-3/thermodynamic_properties/tridymite_ortho_pbe_d3bj.csv
997,0,-8.16569670718548,reference,DaRUS-4999/direct_upsampling_data_rungs_1-3/thermodynamic_properties/tridymite_ortho_pbe_d3bj.csv
998,0,-8.166110830289027,reference,DaRUS-4999/direct_upsampling_data_rungs_1-3/thermodynamic_properties/tridymite_ortho_pbe_d3bj.csv
999,0,-8.166525205784403,reference,DaRUS-4999/direct_upsampling_data_rungs_1-3/thermodynamic_properties/tridymite_ortho_pbe_d3bj.csv
1000,0,-8.166939833445602,reference,DaRUS-4999/direct_upsampling_data_rungs_1-3/thermodynamic_properties/tridymite_ortho_pbe_d3bj.csv
1001,0,-8.167354713047004,reference,DaRUS-4999/direct_upsampling_data_rungs_1-3/thermodynamic_properties/tridymite_ortho_pbe_d3bj.csv
1002,0,-8.167769844363375,reference,DaRUS-4999/direct_upsampling_data_rungs_1-3/thermodynamic_properties/tridymite_ortho_pbe_d3bj.csv
1003,0,-8.168185227169882,reference,DaRUS-4999/direct_upsampling_data_rungs_1-3/thermodynamic_properties/tridymite_ortho_pbe_d3bj.csv
1004,0,-8.168600861242069,reference,DaRUS-4999/direct_upsampling_data_rungs_1-3/thermodynamic_properties/tridymite_ortho_pbe_d3bj.csv
1005,0,-8.169016746355876,reference,DaRUS-4999/direct_upsampling_data_rungs_1-3/thermodynamic_properties/tridymite_ortho_pbe_d3bj.csv
1006,0,-8.169432882287625,reference,DaRUS-4999/direct_upsampling_data_rungs_1-3/thermodynamic_properties/tridymite_ortho_pbe_d3bj.csv
1007,0,-8.169849268814028,reference,DaRUS-4999/direct_upsampling_data_rungs_1-3/thermodynamic_properties/tridymite_ortho_pbe_d3bj.csv
1008,0,-8.170265905712176,reference,DaRUS-4999/direct_upsampling_data_rungs_1-3/thermodynamic_properties/tridymite_ortho_pbe_d3bj.csv
1009,0,-8.170682792759543,reference,DaRUS-4999/direct_upsampling_data_rungs_1-3/thermodynamic_properties/tridymite_ortho_pbe_d3bj.csv
1010,0,-8.171099929733995,reference,DaRUS-4999/direct_upsampling_data_rungs_1-3/thermodynamic_properties/tridymite_ortho_pbe_d3bj.csv
1011,0,-8.171517316413775,reference,DaRUS-4999/direct_upsampling_data_rungs_1-3/thermodynamic_properties/tridymite_ortho_pbe_d3bj.csv
1012,0,-8.171934952577509,reference,DaRUS-4999/direct_upsampling_data_rungs_1-3/thermodynamic_properties/tridymite_ortho_pbe_d3bj.csv
1013,0,-8.172352838004196,reference,DaRUS-4999/direct_upsampling_data_rungs_1-3/thermodynamic_properties/tridymite_ortho_pbe_d3bj.csv
1014,0,-8.17277097247322,reference,DaRUS-4999/direct_upsampling_data_rungs_1-3/thermodynamic_properties/tridymite_ortho_pbe_d3bj.csv
1015,0,-8.173189355764348,reference,DaRUS-4999/direct_upsampling_data_rungs_1-3/thermodynamic_properties/tridymite_ortho_pbe_d3bj.csv
1016,0,-8.173607987657713,reference,DaRUS-4999/direct_upsampling_data_rungs_1-3/thermodynamic_properties/tridymite_ortho_pbe_d3bj.csv
1017,0,-8.174026867933833,reference,DaRUS-4999/direct_upsampling_data_rungs_1-3/thermodynamic_properties/tridymite_ortho_pbe_d3bj.csv
1018,0,-8.174445996373604,reference,DaRUS-4999/direct_upsampling_data_rungs_1-3/thermodynamic_properties/tridymite_ortho_pbe_d3bj.csv
1019,0,-8.174865372758285,reference,DaRUS-4999/direct_upsampling_data_rungs_1-3/thermodynamic_properties/tridymite_ortho_pbe_d3bj.csv
1020,0,-8.175284996869523,reference,DaRUS-4999/direct_upsampling_data_rungs_1-3/thermodynamic_properties/tridymite_ortho_pbe_d3bj.csv
1021,0,-8.175704868489323,reference,DaRUS-4999/direct_upsampling_data_rungs_1-3/thermodynamic_properties/tridymite_ortho_pbe_d3bj.csv
1022,0,-8.176124987400073,reference,DaRUS-4999/direct_upsampling_data_rungs_1-3/thermodynamic_properties/tridymite_ortho_pbe_d3bj.csv
1023,0,-8.176545353384531,reference,DaRUS-4999/direct_upsampling_data_rungs_1-3/thermodynamic_properties/tridymite_ortho_pbe_d3bj.csv
1024,0,-8.176965966225826,reference,DaRUS-4999/direct_upsampling_data_rungs_1-3/thermodynamic_properties/tridymite_ortho_pbe_d3bj.csv
1025,0,-8.177386825707446,reference,DaRUS-4999/direct_upsampling_data_rungs_1-3/thermodynamic_properties/tridymite_ortho_pbe_d3bj.csv
1026,0,-8.177807931613259,reference,DaRUS-4999/direct_upsampling_data_rungs_1-3/thermodynamic_properties/tridymite_ortho_pbe_d3bj.csv
1027,0,-8.178229283727497,reference,DaRUS-4999/direct_upsampling_data_rungs_1-3/thermodynamic_properties/tridymite_ortho_pbe_d3bj.csv
1028,0,-8.178650881834757,reference,DaRUS-4999/direct_upsampling_data_rungs_1-3/thermodynamic_properties/tridymite_ortho_pbe_d3bj.csv
1029,0,-8.179072725720005,reference,DaRUS-4999/direct_upsampling_data_rungs_1-3/thermodynamic_properties/tridymite_ortho_pbe_d3bj.csv
1030,0,-8.179494815168566,reference,DaRUS-4999/direct_upsampling_data_rungs_1-3/thermodynamic_properties/tridymite_ortho_pbe_d3bj.csv
1031,0,-8.179917149966139,reference,DaRUS-4999/direct_upsampling_data_rungs_1-3/thermodynamic_properties/tridymite_ortho_pbe_d3bj.csv
1032,0,-8.180339729898773,reference,DaRUS-4999/direct_upsampling_data_rungs_1-3/thermodynamic_properties/tridymite_ortho_pbe_d3bj.csv
1033,0,-8.180762554752894,reference,DaRUS-4999/direct_upsampling_data_rungs_1-3/thermodynamic_properties/tridymite_ortho_pbe_d3bj.csv
1034,0,-8.181185624315276,reference,DaRUS-4999/direct_upsampling_data_rungs_1-3/thermodynamic_properties/tridymite_ortho_pbe_d3bj.csv
1035,0,-8.181608938373065,reference,DaRUS-4999/direct_upsampling_data_rungs_1-3/thermodynamic_properties/tridymite_ortho_pbe_d3bj.csv
1036,0,-8.182032496713758,reference,DaRUS-4999/direct_upsampling_data_rungs_1-3/thermodynamic_properties/tridymite_ortho_pbe_d3bj.csv
1037,0,-8.182456299125212,reference,DaRUS-4999/direct_upsampling_data_rungs_1-3/thermodynamic_properties/tridymite_ortho_pbe_d3bj.csv
1038,0,-8.182880345395647,reference,DaRUS-4999/direct_upsampling_data_rungs_1-3/thermodynamic_properties/tridymite_ortho_pbe_d3bj.csv
1039,0,-8.183304635313638,reference,DaRUS-4999/direct_upsampling_data_rungs_1-3/thermodynamic_properties/tridymite_ortho_pbe_d3bj.csv
1040,0,-8.183729168668114,reference,DaRUS-4999/direct_upsampling_data_rungs_1-3/thermodynamic_properties/tridymite_ortho_pbe_d3bj.csv
1041,0,-8.184153945248363,reference,DaRUS-4999/direct_upsampling_data_rungs_1-3/thermodynamic_properties/tridymite_ortho_pbe_d3bj.csv
1042,0,-8.184578964844023,reference,DaRUS-4999/direct_upsampling_data_rungs_1-3/thermodynamic_properties/tridymite_ortho_pbe_d3bj.csv
1043,0,-8.18500422724509,reference,DaRUS-4999/direct_upsampling_data_rungs_1-3/thermodynamic_properties/tridymite_ortho_pbe_d3bj.csv
1044,0,-8.185429732241913,reference,DaRUS-4999/direct_upsampling_data_rungs_1-3/thermodynamic_properties/tridymite_ortho_pbe_d3bj.csv
1045,0,-8.185855479625188,reference,DaRUS-4999/direct_upsampling_data_rungs_1-3/thermodynamic_properties/tridymite_ortho_pbe_d3bj.csv
1046,0,-8.186281469185966,reference,DaRUS-4999/direct_upsampling_data_rungs_1-3/thermodynamic_properties/tridymite_ortho_pbe_d3bj.csv
1047,0,-8.186707700715647,reference,DaRUS-4999/direct_upsampling_data_rungs_1-3/thermodynamic_properties/tridymite_ortho_pbe_d3bj.csv
1048,0,-8.187134174005989,reference,DaRUS-4999/direct_upsampling_data_rungs_1-3/thermodynamic_properties/tridymite_ortho_pbe_d3bj.csv
1049,0,-8.187560888849085,reference,DaRUS-4999/direct_upsampling_data_rungs_1-3/thermodynamic_properties/tridymite_ortho_pbe_d3bj.csv
1050,0,-8.187987845037384,reference,DaRUS-4999/direct_upsampling_data_rungs_1-3/thermodynamic_properties/tridymite_ortho_pbe_d3bj.csv
1051,0,-8.188415042363678,reference,DaRUS-4999/direct_upsampling_data_rungs_1-3/thermodynamic_properties/tridymite_ortho_pbe_d3bj.csv
1052,0,-8.18884248062111,reference,DaRUS-4999/direct_upsampling_data_rungs_1-3/thermodynamic_properties/tridymite_ortho_pbe_d3bj.csv
1053,0,-8.18927015960317,reference,DaRUS-4999/direct_upsampling_data_rungs_1-3/thermodynamic_properties/tridymite_ortho_pbe_d3bj.csv
1054,0,-8.189698079103682,reference,DaRUS-4999/direct_upsampling_data_rungs_1-3/thermodynamic_properties/tridymite_ortho_pbe_d3bj.csv
1055,0,-8.190126238916822,reference,DaRUS-4999/direct_upsampling_data_rungs_1-3/thermodynamic_properties/tridymite_ortho_pbe_d3bj.csv
1056,0,-8.190554638837114,reference,DaRUS-4999/direct_upsampling_data_rungs_1-3/thermodynamic_properties/tridymite_ortho_pbe_d3bj.csv
1057,0,-8.190983278659408,reference,DaRUS-4999/direct_upsampling_data_rungs_1-3/thermodynamic_properties/tridymite_ortho_pbe_d3bj.csv
1058,0,-8.191412158178915,reference,DaRUS-4999/direct_upsampling_data_rungs_1-3/thermodynamic_properties/tridymite_ortho_pbe_d3bj.csv
1059,0,-8.191841277191166,reference,DaRUS-4999/direct_upsampling_data_rungs_1-3/thermodynamic_properties/tridymite_ortho_pbe_d3bj.csv
1060,0,-8.192270635492056,reference,DaRUS-4999/direct_upsampling_data_rungs_1-3/thermodynamic_properties/tridymite_ortho_pbe_d3bj.csv
1061,0,-8.192700232877796,reference,DaRUS-4999/direct_upsampling_data_rungs_1-3/thermodynamic_properties/tridymite_ortho_pbe_d3bj.csv
1062,0,-8.193130069144944,reference,DaRUS-4999/direct_upsampling_data_rungs_1-3/thermodynamic_properties/tridymite_ortho_pbe_d3bj.csv
1063,0,-8.1935601440904,reference,DaRUS-4999/direct_upsampling_data_rungs_1-3/thermodynamic_properties/tridymite_ortho_pbe_d3bj.csv
1064,0,-8.193990457511401,reference,DaRUS-4999/direct_upsampling_data_rungs_1-3/thermodynamic_properties/tridymite_ortho_pbe_d3bj.csv
1065,0,-8.194421009205509,reference,DaRUS-4999/direct_upsampling_data_rungs_1-3/thermodynamic_properties/tridymite_ortho_pbe_d3bj.csv
1066,0,-8.194851798970626,reference,DaRUS-4999/direct_upsampling_data_rungs_1-3/thermodynamic_properties/tridymite_ortho_pbe_d3bj.csv
1067,0,-8.195282826604998,reference,DaRUS-4999/direct_upsampling_data_rungs_1-3/thermodynamic_properties/tridymite_ortho_pbe_d3bj.csv
1068,0,-8.19571409190719,reference,DaRUS-4999/direct_upsampling_data_rungs_1-3/thermodynamic_properties/tridymite_ortho_pbe_d3bj.csv
1069,0,-8.196145594676107,reference,DaRUS-4999/direct_upsampling_data_rungs_1-3/thermodynamic_properties/tridymite_ortho_pbe_d3bj.csv
1070,0,-8.196577334710986,reference,DaRUS-4999/direct_upsampling_data_rungs_1-3/thermodynamic_properties/tridymite_ortho_pbe_d3bj.csv
1071,0,-8.197009311811396,reference,DaRUS-4999/direct_upsampling_data_rungs_1-3/thermodynamic_properties/tridymite_ortho_pbe_d3bj.csv
1072,0,-8.197441525777229,reference,DaRUS-4999/direct_upsampling_data_rungs_1-3/thermodynamic_properties/tridymite_ortho_pbe_d3bj.csv
1073,0,-8.197873976408717,reference,DaRUS-4999/direct_upsampling_data_rungs_1-3/thermodynamic_properties/tridymite_ortho_pbe_d3bj.csv
1074,0,-8.198306663506413,reference,DaRUS-4999/direct_upsampling_data_rungs_1-3/thermodynamic_properties/tridymite_ortho_pbe_d3bj.csv
1075,0,-8.1987395868712,reference,DaRUS-4999/direct_upsampling_data_rungs_1-3/thermodynamic_properties/tridymite_ortho_pbe_d3bj.csv
1076,0,-8.199172746304294,reference,DaRUS-4999/direct_upsampling_data_rungs_1-3/thermodynamic_properties/tridymite_ortho_pbe_d3bj.csv
1077,0,-8.199606141607225,reference,DaRUS-4999/direct_upsampling_data_rungs_1-3/thermodynamic_properties/tridymite_ortho_pbe_d3bj.csv
1078,0,-8.200039772581862,reference,DaRUS-4999/direct_upsampling_data_rungs_1-3/thermodynamic_properties/tridymite_ortho_pbe_d3bj.csv
1079,0,-8.200473639030392,reference,DaRUS-4999/direct_upsampling_data_rungs_1-3/thermodynamic_properties/tridymite_ortho_pbe_d3bj.csv
1080,0,-8.200907740755323,reference,DaRUS-4999/direct_upsampling_data_rungs_1-3/thermodynamic_properties/tridymite_ortho_pbe_d3bj.csv
1081,0,-8.201342077559501,reference,DaRUS-4999/direct_upsampling_data_rungs_1-3/thermodynamic_properties/tridymite_ortho_pbe_d3bj.csv
1082,0,-8.201776649246073,reference,DaRUS-4999/direct_upsampling_data_rungs_1-3/thermodynamic_properties/tridymite_ortho_pbe_d3bj.csv
1083,0,-8.202211455618526,reference,DaRUS-4999/direct_upsampling_data_rungs_1-3/thermodynamic_properties/tridymite_ortho_pbe_d3bj.csv
1084,0,-8.202646496480661,reference,DaRUS-4999/direct_upsampling_data_rungs_1-3/thermodynamic_properties/tridymite_ortho_pbe_d3bj.csv
1085,0,-8.203081771636597,reference,DaRUS-4999/direct_upsampling_data_rungs_1-3/thermodynamic_properties/tridymite_ortho_pbe_d3bj.csv
1086,0,-8.203517280890782,reference,DaRUS-4999/direct_upsampling_data_rungs_1-3/thermodynamic_properties/tridymite_ortho_pbe_d3bj.csv
1087,0,-8.203953024047971,reference,DaRUS-4999/direct_upsampling_data_rungs_1-3/thermodynamic_properties/tridymite_ortho_pbe_d3bj.csv
1088,0,-8.204389000913245,reference,DaRUS-4999/direct_upsampling_data_rungs_1-3/thermodynamic_properties/tridymite_ortho_pbe_d3bj.csv
1089,0,-8.204825211292004,reference,DaRUS-4999/direct_upsampling_data_rungs_1-3/thermodynamic_properties/tridymite_ortho_pbe_d3bj.csv
1090,0,-8.205261654989958,reference,DaRUS-4999/direct_upsampling_data_rungs_1-3/thermodynamic_properties/tridymite_ortho_pbe_d3bj.csv
1091,0,-8.205698331813137,reference,DaRUS-4999/direct_upsampling_data_rungs_1-3/thermodynamic_properties/tridymite_ortho_pbe_d3bj.csv
1092,0,-8.206135241567885,reference,DaRUS-4999/direct_upsampling_data_rungs_1-3/thermodynamic_properties/tridymite_ortho_pbe_d3bj.csv
1093,0,-8.206572384060859,reference,DaRUS-4999/direct_upsampling_data_rungs_1-3/thermodynamic_properties/tridymite_ortho_pbe_d3bj.csv
1094,0,-8.207009759099037,reference,DaRUS-4999/direct_upsampling_data_rungs_1-3/thermodynamic_properties/tridymite_ortho_pbe_d3bj.csv
1095,0,-8.207447366489705,reference,DaRUS-4999/direct_upsampling_data_rungs_1-3/thermodynamic_properties/tridymite_ortho_pbe_d3bj.csv
1096,0,-8.207885206040459,reference,DaRUS-4999/direct_upsampling_data_rungs_1-3/thermodynamic_properties/tridymite_ortho_pbe_d3bj.csv
1097,0,-8.208323277559213,reference,DaRUS-4999/direct_upsampling_data_rungs_1-3/thermodynamic_properties/tridymite_ortho_pbe_d3bj.csv
1098,0,-8.208761580854182,reference,DaRUS-4999/direct_upsampling_data_rungs_1-3/thermodynamic_properties/tridymite_ortho_pbe_d3bj.csv
1099,0,-8.209200115733903,reference,DaRUS-4999/direct_upsampling_data_rungs_1-3/thermodynamic_properties/tridymite_ortho_pbe_d3bj.csv
1100,0,-8.209638882007214,reference,DaRUS-4999/direct_upsampling_data_rungs_1-3/thermodynamic_properties/tridymite_ortho_pbe_d3bj.csv
1101,0,-8.210077879483263,reference,DaRUS-4999/direct_upsampling_data_rungs_1-3/thermodynamic_properties/tridymite_ortho_pbe_d3bj.csv
1102,0,-8.210517107971514,reference,DaRUS-4999/direct_upsampling_data_rungs_1-3/thermodynamic_properties/tridymite_ortho_pbe_d3bj.csv
1103,0,-8.210956567281729,reference,DaRUS-4999/direct_upsampling_data_rungs_1-3/thermodynamic_properties/tridymite_ortho_pbe_d3bj.csv
1104,0,-8.211396257223981,reference,DaRUS-4999/direct_upsampling_data_rungs_1-3/thermodynamic_properties/tridymite_ortho_pbe_d3bj.csv
1105,0,-8.211836177608646,reference,DaRUS-4999/direct_upsampling_data_rungs_1-3/thermodynamic_properties/tridymite_ortho_pbe_d3bj.csv
1106,0,-8.212276328246409,reference,DaRUS-4999/direct_upsampling_data_rungs_1-3/thermodynamic_properties/tridymite_ortho_pbe_d3bj.csv
1107,0,-8.212716708948257,reference,DaRUS-4999/direct_upsampling_data_rungs_1-3/thermodynamic_properties/tridymite_ortho_pbe_d3bj.csv
1108,0,-8.213157319525482,reference,DaRUS-4999/direct_upsampling_data_rungs_1-3/thermodynamic_properties/tridymite_ortho_pbe_d3bj.csv
1109,0,-8.213598159789679,reference,DaRUS-4999/direct_upsampling_data_rungs_1-3/thermodynamic_properties/tridymite_ortho_pbe_d3bj.csv
1110,0,-8.214039229552746,reference,DaRUS-4999/direct_upsampling_data_rungs_1-3/thermodynamic_properties/tridymite_ortho_pbe_d3bj.csv
1111,0,-8.214480528626881,reference,DaRUS-4999/direct_upsampling_data_rungs_1-3/thermodynamic_properties/tridymite_ortho_pbe_d3bj.csv
1112,0,-8.214922056824586,reference,DaRUS-4999/direct_upsampling_data_rungs_1-3/thermodynamic_properties/tridymite_ortho_pbe_d3bj.csv
1113,0,-8.215363813958657,reference,DaRUS-4999/direct_upsampling_data_rungs_1-3/thermodynamic_properties/tridymite_ortho_pbe_d3bj.csv
1114,0,-8.215805799842199,reference,DaRUS-4999/direct_upsampling_data_rungs_1-3/thermodynamic_properties/tridymite_ortho_pbe_d3bj.csv
1115,0,-8.216248014288613,reference,DaRUS-4999/direct_upsampling_data_rungs_1-3/thermodynamic_properties/tridymite_ortho_pbe_d3bj.csv
1116,0,-8.216690457111589,reference,DaRUS-4999/direct_upsampling_data_rungs_1-3/thermodynamic_properties/tridymite_ortho_pbe_d3bj.csv
1117,0,-8.217133128125132,reference,DaRUS-4999/direct_upsampling_data_rungs_1-3/thermodynamic_properties/tridymite_ortho_pbe_d3bj.csv
1118,0,-8.217576027143529,reference,DaRUS-4999/direct_upsampling_data_rungs_1-3/thermodynamic_properties/tridymite_ortho_pbe_d3bj.csv
1119,0,-8.21801915398137,reference,DaRUS-4999/direct_upsampling_data_rungs_1-3/thermodynamic_properties/tridymite_ortho_pbe_d3bj.csv
1120,0,-8.218462508453539,reference,DaRUS-4999/direct_upsampling_data_rungs_1-3/thermodynamic_properties/tridymite_ortho_pbe_d3bj.csv
1121,0,-8.218906090375219,reference,DaRUS-4999/direct_upsampling_data_rungs_1-3/thermodynamic_properties/tridymite_ortho_pbe_d3bj.csv
1122,0,-8.219349899561877,reference,DaRUS-4999/direct_upsampling_data_rungs_1-3/thermodynamic_properties/tridymite_ortho_pbe_d3bj.csv
1123,0,-8.219793935829285,reference,DaRUS-4999/direct_upsampling_data_rungs_1-3/thermodynamic_properties/tridymite_ortho_pbe_d3bj.csv
1124,0,-8.220238198993503,reference,DaRUS-4999/direct_upsampling_data_rungs_1-3/thermodynamic_properties/tridymite_ortho_pbe_d3bj.csv
1125,0,-8.220682688870884,reference,DaRUS-4999/direct_upsampling_data_rungs_1-3/thermodynamic_properties/tridymite_ortho_pbe_d3bj.csv
1126,0,-8.22112740527807,reference,DaRUS-4999/direct_upsampling_data_rungs_1-3/thermodynamic_properties/tridymite_ortho_pbe_d3bj.csv
1127,0,-8.221572348032,reference,DaRUS-4999/direct_upsampling_data_rungs_1-3/thermodynamic_properties/tridymite_ortho_pbe_d3bj.csv
1128,0,-8.222017516949895,reference,DaRUS-4999/direct_upsampling_data_rungs_1-3/thermodynamic_properties/tridymite_ortho_pbe_d3bj.csv
1129,0,-8.222462911849274,reference,DaRUS-4999/direct_upsampling_data_rungs_1-3/thermodynamic_properties/tridymite_ortho_pbe_d3bj.csv
1130,0,-8.222908532547942,reference,DaRUS-4999/direct_upsampling_data_rungs_1-3/thermodynamic_properties/tridymite_ortho_pbe_d3bj.csv
1131,0,-8.223354378863988,reference,DaRUS-4999/direct_upsampling_data_rungs_1-3/thermodynamic_properties/tridymite_ortho_pbe_d3bj.csv
1132,0,-8.223800450615794,reference,DaRUS-4999/direct_upsampling_data_rungs_1-3/thermodynamic_properties/tridymite_ortho_pbe_d3bj.csv
1133,0,-8.224246747622027,reference,DaRUS-4999/direct_upsampling_data_rungs_1-3/thermodynamic_properties/tridymite_ortho_pbe_d3bj.csv
1134,0,-8.224693269701644,reference,DaRUS-4999/direct_upsampling_data_rungs_1-3/thermodynamic_properties/tridymite_ortho_pbe_d3bj.csv
1135,0,-8.22514001667388,reference,DaRUS-4999/direct_upsampling_data_rungs_1-3/thermodynamic_properties/tridymite_ortho_pbe_d3bj.csv
1136,0,-8.225586988358263,reference,DaRUS-4999/direct_upsampling_data_rungs_1-3/thermodynamic_properties/tridymite_ortho_pbe_d3bj.csv
1137,0,-8.226034184574599,reference,DaRUS-4999/direct_upsampling_data_rungs_1-3/thermodynamic_properties/tridymite_ortho_pbe_d3bj.csv
1138,0,-8.226481605142984,reference,DaRUS-4999/direct_upsampling_data_rungs_1-3/thermodynamic_properties/tridymite_ortho_pbe_d3bj.csv
1139,0,-8.226929249883792,reference,DaRUS-4999/direct_upsampling_data_rungs_1-3/thermodynamic_properties/tridymite_ortho_pbe_d3bj.csv
1140,0,-8.227377118617685,reference,DaRUS-4999/direct_upsampling_data_rungs_1-3/thermodynamic_properties/tridymite_ortho_pbe_d3bj.csv
1141,0,-8.2278252111656,reference,DaRUS-4999/direct_upsampling_data_rungs_1-3/thermodynamic_properties/tridymite_ortho_pbe_d3bj.csv
1142,0,-8.22827352734876,reference,DaRUS-4999/direct_upsampling_data_rungs_1-3/thermodynamic_properties/tridymite_ortho_pbe_d3bj.csv
1143,0,-8.228722066988668,reference,DaRUS-4999/direct_upsampling_data_rungs_1-3/thermodynamic_properties/tridymite_ortho_pbe_d3bj.csv
1144,0,-8.229170829907108,reference,DaRUS-4999/direct_upsampling_data_rungs_1-3/thermodynamic_properties/tridymite_ortho_pbe_d3bj.csv
1145,0,-8.229619815926139,reference,DaRUS-4999/direct_upsampling_data_rungs_1-3/thermodynamic_properties/tridymite_ortho_pbe_d3bj.csv
1146,0,-8.230069024868101,reference,DaRUS-4999/direct_upsampling_data_rungs_1-3/thermodynamic_properties/tridymite_ortho_pbe_d3bj.csv
1147,0,-8.23051845655562,reference,DaRUS-4999/direct_upsampling_data_rungs_1-3/thermodynamic_properties/tridymite_ortho_pbe_d3bj.csv
1148,0,-8.230968110811586,reference,DaRUS-4999/direct_upsampling_data_rungs_1-3/thermodynamic_properties/tridymite_ortho_pbe_d3bj.csv
1149,0,-8.231417987459173,reference,DaRUS-4999/direct_upsampling_data_rungs_1-3/thermodynamic_properties/tridymite_ortho_pbe_d3bj.csv
1150,0,-8.23186808632183,reference,DaRUS-4999/direct_upsampling_data_rungs_1-3/thermodynamic_properties/tridymite_ortho_pbe_d3bj.csv
1151,0,-8.232318407223284,reference,DaRUS-4999/direct_upsampling_data_rungs_1-3/thermodynamic_properties/tridymite_ortho_pbe_d3bj.csv
1152,0,-8.232768949987538,reference,DaRUS-4999/direct_upsampling_data_rungs_1-3/thermodynamic_properties/tridymite_ortho_pbe_d3bj.csv
1153,0,-8.23321971443886,reference,DaRUS-4999/direct_upsampling_data_rungs_1-3/thermodynamic_properties/tridymite_ortho_pbe_d3bj.csv
1154,0,-8.233670700401801,reference,DaRUS-4999/direct_upsampling_data_rungs_1-3/thermodynamic_properties/tridymite_ortho_pbe_d3bj.csv
1155,0,-8.234121907701185,reference,DaRUS-4999/direct_upsampling_data_rungs_1-3/thermodynamic_properties/tridymite_ortho_pbe_d3bj.csv
1156,0,-8.234573336162107,reference,DaRUS-4999/direct_upsampling_data_rungs_1-3/thermodynamic_properties/tridymite_ortho_pbe_d3bj.csv
1157,0,-8.235024985609931,reference,DaRUS-4999/direct_upsampling_data_rungs_1-3/thermodynamic_properties/tridymite_ortho_pbe_d3bj.csv
1158,0,-8.235476855870292,reference,DaRUS-4999/direct_upsampling_data_rungs_1-3/thermodynamic_properties/tridymite_ortho_pbe_d3bj.csv
1159,0,-8.235928946769102,reference,DaRUS-4999/direct_upsampling_data_rungs_1-3/thermodynamic_properties/tridymite_ortho_pbe_d3bj.csv
1160,0,-8.236381258132543,reference,DaRUS-4999/direct_upsampling_data_rungs_1-3/thermodynamic_properties/tridymite_ortho_pbe_d3bj.csv
1161,0,-8.236833789787058,reference,DaRUS-4999/direct_upsampling_data_rungs_1-3/thermodynamic_properties/tridymite_ortho_pbe_d3bj.csv
1162,0,-8.237286541559364,reference,DaRUS-4999/direct_upsampling_data_rungs_1-3/thermodynamic_properties/tridymite_ortho_pbe_d3bj.csv
1163,0,-8.237739513276445,reference,DaRUS-4999/direct_upsampling_data_rungs_1-3/thermodynamic_properties/tridymite_ortho_pbe_d3bj.csv
1164,0,-8.238192704765559,reference,DaRUS-4999/direct_upsampling_data_rungs_1-3/thermodynamic_properties/tridymite_ortho_pbe_d3bj.csv
1165,0,-8.238646115854227,reference,DaRUS-4999/direct_upsampling_data_rungs_1-3/thermodynamic_properties/tridymite_ortho_pbe_d3bj.csv
1166,0,-8.239099746370231,reference,DaRUS-4999/direct_upsampling_data_rungs_1-3/thermodynamic_properties/tridymite_ortho_pbe_d3bj.csv
1167,0,-8.239553596141629,reference,DaRUS-4999/direct_upsampling_data_rungs_1-3/thermodynamic_properties/tridymite_ortho_pbe_d3bj.csv
1168,0,-8.240007664996735,reference,DaRUS-4999/direct_upsampling_data_rungs_1-3/thermodynamic_properties/tridymite_ortho_pbe_d3bj.csv
1169,0,-8.240461952764138,reference,DaRUS-4999/direct_upsampling_data_rungs_1-3/thermodynamic_properties/tridymite_ortho_pbe_d3bj.csv
1170,0,-8.240916459272681,reference,DaRUS-4999/direct_upsampling_data_rungs_1-3/thermodynamic_properties/tridymite_ortho_pbe_d3bj.csv
1171,0,-8.241371184351474,reference,DaRUS-4999/direct_upsampling_data_rungs_1-3/thermodynamic_properties/tridymite_ortho_pbe_d3bj.csv
1172,0,-8.241826127829899,reference,DaRUS-4999/direct_upsampling_data_rungs_1-3/thermodynamic_properties/tridymite_ortho_pbe_d3bj.csv
1173,0,-8.242281289537582,reference,DaRUS-4999/direct_upsampling_data_rungs_1-3/thermodynamic_properties/tridymite_ortho_pbe_d3bj.csv
1174,0,-8.242736669304429,reference,DaRUS-4999/direct_upsampling_data_rungs_1-3/thermodynamic_properties/tridymite_ortho_pbe_d3bj.csv
1175,0,-8.2431922669606,reference,DaRUS-4999/direct_upsampling_data_rungs_1-3/thermodynamic_properties/tridymite_ortho_pbe_d3bj.csv
1176,0,-8.243648082336513,reference,DaRUS-4999/direct_upsampling_data_rungs_1-3/thermodynamic_properties/tridymite_ortho_pbe_d3bj.csv
1177,0,-8.244104115262852,reference,DaRUS-4999/direct_upsampling_data_rungs_1-3/thermodynamic_properties/tridymite_ortho_pbe_d3bj.csv
1178,0,-8.244560365570555,reference,DaRUS-4999/direct_upsampling_data_rungs_1-3/thermodynamic_properties/tridymite_ortho_pbe_d3bj.csv
1179,0,-8.245016833090819,reference,DaRUS-4999/direct_upsampling_data_rungs_1-3/thermodynamic_properties/tridymite_ortho_pbe_d3bj.csv
1180,0,-8.24547351765511,reference,DaRUS-4999/direct_upsampling_data_rungs_1-3/thermodynamic_properties/tridymite_ortho_pbe_d3bj.csv
1181,0,-8.245930419095137,reference,DaRUS-4999/direct_upsampling_data_rungs_1-3/thermodynamic_properties/tridymite_ortho_pbe_d3bj.csv
1182,0,-8.246387537242875,reference,DaRUS-4999/direct_upsampling_data_rungs_1-3/thermodynamic_properties/tridymite_ortho_pbe_d3bj.csv
1183,0,-8.246844871930557,reference,DaRUS-4999/direct_upsampling_data_rungs_1-3/thermodynamic_properties/tridymite_ortho_pbe_d3bj.csv
1184,0,-8.247302422990668,reference,DaRUS-4999/direct_upsampling_data_rungs_1-3/thermodynamic_properties/tridymite_ortho_pbe_d3bj.csv
1185,0,-8.247760190255949,reference,DaRUS-4999/direct_upsampling_data_rungs_1-3/thermodynamic_properties/tridymite_ortho_pbe_d3bj.csv
1186,0,-8.248218173559396,reference,DaRUS-4999/direct_upsampling_data_rungs_1-3/thermodynamic_properties/tridymite_ortho_pbe_d3bj.csv
1187,0,-8.248676372734264,reference,DaRUS-4999/direct_upsampling_data_rungs_1-3/thermodynamic_properties/tridymite_ortho_pbe_d3bj.csv
1188,0,-8.249134787614055,reference,DaRUS-4999/direct_upsampling_data_rungs_1-3/thermodynamic_properties/tridymite_ortho_pbe_d3bj.csv
1189,0,-8.249593418032532,reference,DaRUS-4999/direct_upsampling_data_rungs_1-3/thermodynamic_properties/tridymite_ortho_pbe_d3bj.csv
1190,0,-8.250052263823701,reference,DaRUS-4999/direct_upsampling_data_rungs_1-3/thermodynamic_properties/tridymite_ortho_pbe_d3bj.csv
1191,0,-8.250511324821835,reference,DaRUS-4999/direct_upsampling_data_rungs_1-3/thermodynamic_properties/tridymite_ortho_pbe_d3bj.csv
1192,0,-8.250970600861439,reference,DaRUS-4999/direct_upsampling_data_rungs_1-3/thermodynamic_properties/tridymite_ortho_pbe_d3bj.csv
1193,0,-8.251430091777287,reference,DaRUS-4999/direct_upsampling_data_rungs_1-3/thermodynamic_properties/tridymite_ortho_pbe_d3bj.csv
1194,0,-8.251889797404397,reference,DaRUS-4999/direct_upsampling_data_rungs_1-3/thermodynamic_properties/tridymite_ortho_pbe_d3bj.csv
1195,0,-8.252349717578035,reference,DaRUS-4999/direct_upsampling_data_rungs_1-3/thermodynamic_properties/tridymite_ortho_pbe_d3bj.csv
1196,0,-8.252809852133717,reference,DaRUS-4999/direct_upsampling_data_rungs_1-3/thermodynamic_properties/tridymite_ortho_pbe_d3bj.csv
1197,0,-8.253270200907215,reference,DaRUS-4999/direct_upsampling_data_rungs_1-3/thermodynamic_properties/tridymite_ortho_pbe_d3bj.csv
1198,0,-8.253730763734538,reference,DaRUS-4999/direct_upsampling_data_rungs_1-3/thermodynamic_properties/tridymite_ortho_pbe_d3bj.csv
1199,0,-8.254191540451954,reference,DaRUS-4999/direct_upsampling_data_rungs_1-3/thermodynamic_properties/tridymite_ortho_pbe_d3bj.csv
1200,0,-8.254652530895966,reference,DaRUS-4999/direct_upsampling_data_rungs_1-3/thermodynamic_properties/tridymite_ortho_pbe_d3bj.csv
1201,0,-8.255113734903338,reference,DaRUS-4999/direct_upsampling_data_rungs_1-3/thermodynamic_properties/tridymite_ortho_pbe_d3bj.csv
1202,0,-8.255575152311071,reference,DaRUS-4999/direct_upsampling_data_rungs_1-3/thermodynamic_properties/tridymite_ortho_pbe_d3bj.csv
1203,0,-8.256036782956414,reference,DaRUS-4999/direct_upsampling_data_rungs_1-3/thermodynamic_properties/tridymite_ortho_pbe_d3bj.csv
1204,0,-8.256498626676866,reference,DaRUS-4999/direct_upsampling_data_rungs_1-3/thermodynamic_properties/tridymite_ortho_pbe_d3bj.csv
1205,0,-8.256960683310158,reference,DaRUS-4999/direct_upsampling_data_rungs_1-3/thermodynamic_properties/tridymite_ortho_pbe_d3bj.csv
1206,0,-8.257422952694279,reference,DaRUS-4999/direct_upsampling_data_rungs_1-3/thermodynamic_properties/tridymite_ortho_pbe_d3bj.csv
1207,0,-8.257885434667458,reference,DaRUS-4999/direct_upsampling_data_rungs_1-3/thermodynamic_properties/tridymite_ortho_pbe_d3bj.csv
1208,0,-8.258348129068159,reference,DaRUS-4999/direct_upsampling_data_rungs_1-3/thermodynamic_properties/tridymite_ortho_pbe_d3bj.csv
1209,0,-8.2588110357351,reference,DaRUS-4999/direct_upsampling_data_rungs_1-3/thermodynamic_properties/tridymite_ortho_pbe_d3bj.csv
1210,0,-8.259274154507233,reference,DaRUS-4999/direct_upsampling_data_rungs_1-3/thermodynamic_properties/tridymite_ortho_pbe_d3bj.csv
1211,0,-8.259737485223759,reference,DaRUS-4999/direct_upsampling_data_rungs_1-3/thermodynamic_properties/tridymite_ortho_pbe_d3bj.csv
1212,0,-8.260201027724115,reference,DaRUS-4999/direct_upsampling_data_rungs_1-3/thermodynamic_properties/tridymite_ortho_pbe_d3bj.csv
1213,0,-8.260664781847971,reference,DaRUS-4999/direct_upsampling_data_rungs_1-3/thermodynamic_properties/tridymite_ortho_pbe_d3bj.csv
1214,0,-8.261128747435256,reference,DaRUS-4999/direct_upsampling_data_rungs_1-3/thermodynamic_properties/tridymite_ortho_pbe_d3bj.csv
1215,0,-8.261592924326123,reference,DaRUS-4999/direct_upsampling_data_rungs_1-3/thermodynamic_properties/tridymite_ortho_pbe_d3bj.csv
1216,0,-8.262057312360966,reference,DaRUS-4999/direct_upsampling_data_rungs_1-3/thermodynamic_properties/tridymite_ortho_pbe_d3bj.csv
1217,0,-8.262521911380423,reference,DaRUS-4999/direct_upsampling_data_rungs_1-3/thermodynamic_properties/tridymite_ortho_pbe_d3bj.csv
1218,0,-8.262986721225369,reference,DaRUS-4999/direct_upsampling_data_rungs_1-3/thermodynamic_properties/tridymite_ortho_pbe_d3bj.csv
1219,0,-8.263451741736915,reference,DaRUS-4999/direct_upsampling_data_rungs_1-3/thermodynamic_properties/tridymite_ortho_pbe_d3bj.csv
1220,0,-8.263916972756402,reference,DaRUS-4999/direct_upsampling_data_rungs_1-3/thermodynamic_properties/tridymite_ortho_pbe_d3bj.csv
1221,0,-8.26438241412542,reference,DaRUS-4999/direct_upsampling_data_rungs_1-3/thermodynamic_properties/tridymite_ortho_pbe_d3bj.csv
1222,0,-8.264848065685788,reference,DaRUS-4999/direct_upsampling_data_rungs_1-3/thermodynamic_properties/tridymite_ortho_pbe_d3bj.csv
1223,0,-8.265313927279561,reference,DaRUS-4999/direct_upsampling_data_rungs_1-3/thermodynamic_properties/tridymite_ortho_pbe_d3bj.csv
1224,0,-8.265779998749025,reference,DaRUS-4999/direct_upsampling_data_rungs_1-3/thermodynamic_properties/tridymite_ortho_pbe_d3bj.csv
1225,0,-8.266246279936707,reference,DaRUS-4999/direct_upsampling_data_rungs_1-3/thermodynamic_properties/tridymite_ortho_pbe_d3bj.csv
1226,0,-8.266712770685368,reference,DaRUS-4999/direct_upsampling_data_rungs_1-3/thermodynamic_properties/tridymite_ortho_pbe_d3bj.csv
1227,0,-8.267179470838002,reference,DaRUS-4999/direct_upsampling_data_rungs_1-3/thermodynamic_properties/tridymite_ortho_pbe_d3bj.csv
1228,0,-8.267646380237826,reference,DaRUS-4999/direct_upsampling_data_rungs_1-3/thermodynamic_properties/tridymite_ortho_pbe_d3bj.csv
1229,0,-8.268113498728304,reference,DaRUS-4999/direct_upsampling_data_rungs_1-3/thermodynamic_properties/tridymite_ortho_pbe_d3bj.csv
1230,0,-8.268580826153118,reference,DaRUS-4999/direct_upsampling_data_rungs_1-3/thermodynamic_properties/tridymite_ortho_pbe_d3bj.csv
1231,0,-8.269048362356195,reference,DaRUS-4999/direct_upsampling_data_rungs_1-3/thermodynamic_properties/tridymite_ortho_pbe_d3bj.csv
1232,0,-8.269516107181685,reference,DaRUS-4999/direct_upsampling_data_rungs_1-3/thermodynamic_properties/tridymite_ortho_pbe_d3bj.csv
1233,0,-8.269984060473968,reference,DaRUS-4999/direct_upsampling_data_rungs_1-3/thermodynamic_properties/tridymite_ortho_pbe_d3bj.csv
1234,0,-8.270452222077658,reference,DaRUS-4999/direct_upsampling_data_rungs_1-3/thermodynamic_properties/tridymite_ortho_pbe_d3bj.csv
1235,0,-8.270920591837593,reference,DaRUS-4999/direct_upsampling_data_rungs_1-3/thermodynamic_properties/tridymite_ortho_pbe_d3bj.csv
1236,0,-8.271389169598846,reference,DaRUS-4999/direct_upsampling_data_rungs_1-3/thermodynamic_properties/tridymite_ortho_pbe_d3bj.csv
1237,0,-8.271857955206714,reference,DaRUS-4999/direct_upsampling_data_rungs_1-3/thermodynamic_properties/tridymite_ortho_pbe_d3bj.csv
1238,0,-8.272326948506727,reference,DaRUS-4999/direct_upsampling_data_rungs_1-3/thermodynamic_properties/tridymite_ortho_pbe_d3bj.csv
1239,0,-8.272796149344636,reference,DaRUS-4999/direct_upsampling_data_rungs_1-3/thermodynamic_properties/tridymite_ortho_pbe_d3bj.csv
1240,0,-8.273265557566418,reference,DaRUS-4999/direct_upsampling_data_rungs_1-3/thermodynamic_properties/tridymite_ortho_pbe_d3bj.csv
1241,0,-8.27373517301829,reference,DaRUS-4999/direct_upsampling_data_rungs_1-3/thermodynamic_properties/tridymite_ortho_pbe_d3bj.csv
1242,0,-8.274204995546679,reference,DaRUS-4999/direct_upsampling_data_rungs_1-3/thermodynamic_properties/tridymite_ortho_pbe_d3bj.csv
1243,0,-8.274675024998247,reference,DaRUS-4999/direct_upsampling_data_rungs_1-3/thermodynamic_properties/tridymite_ortho_pbe_d3bj.csv
1244,0,-8.275145261219878,reference,DaRUS-4999/direct_upsampling_data_rungs_1-3/thermodynamic_properties/tridymite_ortho_pbe_d3bj.csv
1245,0,-8.275615704058684,reference,DaRUS-4999/direct_upsampling_data_rungs_1-3/thermodynamic_properties/tridymite_ortho_pbe_d3bj.csv
1246,0,-8.276086353361988,reference,DaRUS-4999/direct_upsampling_data_rungs_1-3/thermodynamic_properties/tridymite_ortho_pbe_d3bj.csv
1247,0,-8.276557208977357,reference,DaRUS-4999/direct_upsampling_data_rungs_1-3/thermodynamic_properties/tridymite_ortho_pbe_d3bj.csv
1248,0,-8.277028270752567,reference,DaRUS-4999/direct_upsampling_data_rungs_1-3/thermodynamic_properties/tridymite_ortho_pbe_d3bj.csv
1249,0,-8.277499538535622,reference,DaRUS-4999/direct_upsampling_data_rungs_1-3/thermodynamic_properties/tridymite_ortho_pbe_d3bj.csv
1250,0,-8.277971012174749,reference,DaRUS-4999/direct_upsampling_data_rungs_1-3/thermodynamic_properties/tridymite_ortho_pbe_d3bj.csv
1251,0,-8.278442691518388,reference,DaRUS-4999/direct_upsampling_data_rungs_1-3/thermodynamic_properties/tridymite_ortho_pbe_d3bj.csv
1252,0,-8.278914576415215,reference,DaRUS-4999/direct_upsampling_data_rungs_1-3/thermodynamic_properties/tridymite_ortho_pbe_d3bj.csv
1253,0,-8.279386666714114,reference,DaRUS-4999/direct_upsampling_data_rungs_1-3/thermodynamic_properties/tridymite_ortho_pbe_d3bj.csv
1254,0,-8.279858962264196,reference,DaRUS-4999/direct_upsampling_data_rungs_1-3/thermodynamic_properties/tridymite_ortho_pbe_d3bj.csv
1255,0,-8.280331462914789,reference,DaRUS-4999/direct_upsampling_data_rungs_1-3/thermodynamic_properties/tridymite_ortho_pbe_d3bj.csv
1256,0,-8.280804168515445,reference,DaRUS-4999/direct_upsampling_data_rungs_1-3/thermodynamic_properties/tridymite_ortho_pbe_d3bj.csv
1257,0,-8.281277078915927,reference,DaRUS-4999/direct_upsampling_data_rungs_1-3/thermodynamic_properties/tridymite_ortho_pbe_d3bj.csv
1258,0,-8.281750193966225,reference,DaRUS-4999/direct_upsampling_data_rungs_1-3/thermodynamic_properties/tridymite_ortho_pbe_d3bj.csv
1259,0,-8.282223513516545,reference,DaRUS-4999/direct_upsampling_data_rungs_1-3/thermodynamic_properties/tridymite_ortho_pbe_d3bj.csv
1260,0,-8.282697037417302,reference,DaRUS-4999/direct_upsampling_data_rungs_1-3/thermodynamic_properties/tridymite_ortho_pbe_d3bj.csv
1261,0,-8.283170765519143,reference,DaRUS-4999/direct_upsampling_data_rungs_1-3/thermodynamic_properties/tridymite_ortho_pbe_d3bj.csv
1262,0,-8.283644697672919,reference,DaRUS-4999/direct_upsampling_data_rungs_1-3/thermodynamic_properties/tridymite_ortho_pbe_d3bj.csv
1263,0,-8.284118833729705,reference,DaRUS-4999/direct_upsampling_data_rungs_1-3/thermodynamic_properties/tridymite_ortho_pbe_d3bj.csv
1264,0,-8.284593173540786,reference,DaRUS-4999/direct_upsampling_data_rungs_1-3/thermodynamic_properties/tridymite_ortho_pbe_d3bj.csv
1265,0,-8.285067716957665,reference,DaRUS-4999/direct_upsampling_data_rungs_1-3/thermodynamic_properties/tridymite_ortho_pbe_d3bj.csv
1266,0,-8.285542463832066,reference,DaRUS-4999/direct_upsampling_data_rungs_1-3/thermodynamic_properties/tridymite_ortho_pbe_d3bj.csv
1267,0,-8.286017414015914,reference,DaRUS-4999/direct_upsampling_data_rungs_1-3/thermodynamic_properties/tridymite_ortho_pbe_d3bj.csv
1268,0,-8.286492567361361,reference,DaRUS-4999/direct_upsampling_data_rungs_1-3/thermodynamic_properties/tridymite_ortho_pbe_d3bj.csv
1269,0,-8.286967923720768,reference,DaRUS-4999/direct_upsampling_data_rungs_1-3/thermodynamic_properties/tridymite_ortho_pbe_d3bj.csv
1270,0,-8.287443482946705,reference,DaRUS-4999/direct_upsampling_data_rungs_1-3/thermodynamic_properties/tridymite_ortho_pbe_d3bj.csv
1271,0,-8.287919244891954,reference,DaRUS-4999/direct_upsampling_data_rungs_1-3/thermodynamic_properties/tridymite_ortho_pbe_d3bj.csv
1272,0,-8.288395209409524,reference,DaRUS-4999/direct_upsampling_data_rungs_1-3/thermodynamic_properties/tridymite_ortho_pbe_d3bj.csv
1273,0,-8.288871376352615,reference,DaRUS-4999/direct_upsampling_data_rungs_1-3/thermodynamic_properties/tridymite_ortho_pbe_d3bj.csv
1274,0,-8.289347745574657,reference,DaRUS-4999/direct_upsampling_data_rungs_1-3/thermodynamic_properties/tridymite_ortho_pbe_d3bj.csv
1275,0,-8.289824316929277,reference,DaRUS-4999/direct_upsampling_data_rungs_1-3/thermodynamic_properties/tridymite_ortho_pbe_d3bj.csv
1276,0,-8.290301090270313,reference,DaRUS-4999/direct_upsampling_data_rungs_1-3/thermodynamic_properties/tridymite_ortho_pbe_d3bj.csv
1277,0,-8.29077806545183,reference,DaRUS-4999/direct_upsampling_data_rungs_1-3/thermodynamic_properties/tridymite_ortho_pbe_d3bj.csv
1278,0,-8.291255242328081,reference,DaRUS-4999/direct_upsampling_data_rungs_1-3/thermodynamic_properties/tridymite_ortho_pbe_d3bj.csv
1279,0,-8.291732620753542,reference,DaRUS-4999/direct_upsampling_data_rungs_1-3/thermodynamic_properties/tridymite_ortho_pbe_d3bj.csv
1280,0,-8.29221020058289,reference,DaRUS-4999/direct_upsampling_data_rungs_1-3/thermodynamic_properties/tridymite_ortho_pbe_d3bj.csv
1281,0,-8.292687981671016,reference,DaRUS-4999/direct_upsampling_data_rungs_1-3/thermodynamic_properties/tridymite_ortho_pbe_d3bj.csv
1282,0,-8.293165963873015,reference,DaRUS-4999/direct_upsampling_data_rungs_1-3/thermodynamic_properties/tridymite_ortho_pbe_d3bj.csv
1283,0,-8.293644147044192,reference,DaRUS-4999/direct_upsampling_data_rungs_1-3/thermodynamic_properties/tridymite_ortho_pbe_d3bj.csv
1284,0,-8.294122531040056,reference,DaRUS-4999/direct_upsampling_data_rungs_1-3/thermodynamic_properties/tridymite_ortho_pbe_d3bj.csv
1285,0,-8.294601115716326,reference,DaRUS-4999/direct_upsampling_data_rungs_1-3/thermodynamic_properties/tridymite_ortho_pbe_d3bj.csv
1286,0,-8.295079900928922,reference,DaRUS-4999/direct_upsampling_data_rungs_1-3/thermodynamic_properties/tridymite_ortho_pbe_d3bj.csv
1287,0,-8.295558886533982,reference,DaRUS-4999/direct_upsampling_data_rungs_1-3/thermodynamic_properties/tridymite_ortho_pbe_d3bj.csv
1288,0,-8.296038072387832,reference,DaRUS-4999/direct_upsampling_data_rungs_1-3/thermodynamic_properties/tridymite_ortho_pbe_d3bj.csv
1289,0,-8.296517458347013,reference,DaRUS-4999/direct_upsampling_data_rungs_1-3/thermodynamic_properties/tridymite_ortho_pbe_d3bj.csv
1290,0,-8.296997044268272,reference,DaRUS-4999/direct_upsampling_data_rungs_1-3/thermodynamic_properties/tridymite_ortho_pbe_d3bj.csv
1291,0,-8.297476830008554,reference,DaRUS-4999/direct_upsampling_data_rungs_1-3/thermodynamic_properties/tridymite_ortho_pbe_d3bj.csv
1292,0,-8.297956815425012,reference,DaRUS-4999/direct_upsampling_data_rungs_1-3/thermodynamic_properties/tridymite_ortho_pbe_d3bj.csv
1293,0,-8.298437000375001,reference,DaRUS-4999/direct_upsampling_data_rungs_1-3/thermodynamic_properties/tridymite_ortho_pbe_d3bj.csv
1294,0,-8.298917384716077,reference,DaRUS-4999/direct_upsampling_data_rungs_1-3/thermodynamic_properties/tridymite_ortho_pbe_d3bj.csv
1295,0,-8.299397968306,reference,DaRUS-4999/direct_upsampling_data_rungs_1-3/thermodynamic_properties/tridymite_ortho_pbe_d3bj.csv
1296,0,-8.299878751002732,reference,DaRUS-4999/direct_upsampling_data_rungs_1-3/thermodynamic_properties/tridymite_ortho_pbe_d3bj.csv
1297,0,-8.300359732664434,reference,DaRUS-4999/direct_upsampling_data_rungs_1-3/thermodynamic_properties/tridymite_ortho_pbe_d3bj.csv
1298,0,-8.300840913149475,reference,DaRUS-4999/direct_upsampling_data_rungs_1-3/thermodynamic_properties/tridymite_ortho_pbe_d3bj.csv
1299,0,-8.301322292316419,reference,DaRUS-4999/direct_upsampling_data_rungs_1-3/thermodynamic_properties/tridymite_ortho_pbe_d3bj.csv
1300,0,-8.301803870024029,reference,DaRUS-4999/direct_upsampling_data_rungs_1-3/thermodynamic_properties/tridymite_ortho_pbe_d3bj.csv
1301,0,-8.302285646131271,reference,DaRUS-4999/direct_upsampling_data_rungs_1-3/thermodynamic_properties/tridymite_ortho_pbe_d3bj.csv
1302,0,-8.30276762049731,reference,DaRUS-4999/direct_upsampling_data_rungs_1-3/thermodynamic_properties/tridymite_ortho_pbe_d3bj.csv
1303,0,-8.303249792981511,reference,DaRUS-4999/direct_upsampling_data_rungs_1-3/thermodynamic_properties/tridymite_ortho_pbe_d3bj.csv
1304,0,-8.303732163443433,reference,DaRUS-4999/direct_upsampling_data_rungs_1-3/thermodynamic_properties/tridymite_ortho_pbe_d3bj.csv
1305,0,-8.304214731742839,reference,DaRUS-4999/direct_upsampling_data_rungs_1-3/thermodynamic_properties/tridymite_ortho_pbe_d3bj.csv
1306,0,-8.304697497739689,reference,DaRUS-4999/direct_upsampling_data_rungs_1-3/thermodynamic_properties/tridymite_ortho_pbe_d3bj.csv
1307,0,-8.305180461294134,reference,DaRUS-4999/direct_upsampling_data_rungs_1-3/thermodynamic_properties/tridymite_ortho_pbe_d3bj.csv
1308,0,-8.305663622266533,reference,DaRUS-4999/direct_upsampling_data_rungs_1-3/thermodynamic_properties/tridymite_ortho_pbe_d3bj.csv
1309,0,-8.306146980517429,reference,DaRUS-4999/direct_upsampling_data_rungs_1-3/thermodynamic_properties/tridymite_ortho_pbe_d3bj.csv
1310,0,-8.306630535907573,reference,DaRUS-4999/direct_upsampling_data_rungs_1-3/thermodynamic_properties/tridymite_ortho_pbe_d3bj.csv
1311,0,-8.307114288297905,reference,DaRUS-4999/direct_upsampling_data_rungs_1-3/thermodynamic_properties/tridymite_ortho_pbe_d3bj.csv
1312,0,-8.307598237549561,reference,DaRUS-4999/direct_upsampling_data_rungs_1-3/thermodynamic_properties/tridymite_ortho_pbe_d3bj.csv
1313,0,-8.308082383523873,reference,DaRUS-4999/direct_upsampling_data_rungs_1-3/thermodynamic_properties/tridymite_ortho_pbe_d3bj.csv
1314,0,-8.308566726082372,reference,DaRUS-4999/direct_upsampling_data_rungs_1-3/thermodynamic_properties/tridymite_ortho_pbe_d3bj.csv
1315,0,-8.309051265086769,reference,DaRUS-4999/direct_upsampling_data_rungs_1-3/thermodynamic_properties/tridymite_ortho_pbe_d3bj.csv
1316,0,-8.309536000398991,reference,DaRUS-4999/direct_upsampling_data_rungs_1-3/thermodynamic_properties/tridymite_ortho_pbe_d3bj.csv
1317,0,-8.310020931881137,reference,DaRUS-4999/direct_upsampling_data_rungs_1-3/thermodynamic_properties/tridymite_ortho_pbe_d3bj.csv
1318,0,-8.310506059395513,reference,DaRUS-4999/direct_upsampling_data_rungs_1-3/thermodynamic_properties/tridymite_ortho_pbe_d3bj.csv
1319,0,-8.310991382804609,reference,DaRUS-4999/direct_upsampling_data_rungs_1-3/thermodynamic_properties/tridymite_ortho_pbe_d3bj.csv
1320,0,-8.311476901971117,reference,DaRUS-4999/direct_upsampling_data_rungs_1-3/thermodynamic_properties/tridymite_ortho_pbe_d3bj.csv
1321,0,-8.31196261675791,reference,DaRUS-4999/direct_upsampling_data_rungs_1-3/thermodynamic_properties/tridymite_ortho_pbe_d3bj.csv
1322,0,-8.31244852702806,reference,DaRUS-4999/direct_upsampling_data_rungs_1-3/thermodynamic_properties/tridymite_ortho_pbe_d3bj.csv
1323,0,-8.312934632644826,reference,DaRUS-4999/direct_upsampling_data_rungs_1-3/thermodynamic_properties/tridymite_ortho_pbe_d3bj.csv
1324,0,-8.31342093347166,reference,DaRUS-4999/direct_upsampling_data_rungs_1-3/thermodynamic_properties/tridymite_ortho_pbe_d3bj.csv
1325,0,-8.313907429372204,reference,DaRUS-4999/direct_upsampling_data_rungs_1-3/thermodynamic_properties/tridymite_ortho_pbe_d3bj.csv
1326,0,-8.314394120210292,reference,DaRUS-4999/direct_upsampling_data_rungs_1-3/thermodynamic_properties/tridymite_ortho_pbe_d3bj.csv
1327,0,-8.314881005849939,reference,DaRUS-4999/direct_upsampling_data_rungs_1-3/thermodynamic_properties/tridymite_ortho_pbe_d3bj.csv
1328,0,-8.315368086155361,reference,DaRUS-4999/direct_upsampling_data_rungs_1-3/thermodynamic_properties/tridymite_ortho_pbe_d3bj.csv
1329,0,-8.315855360990961,reference,DaRUS-4999/direct_upsampling_data_rungs_1-3/thermodynamic_properties/tridymite_ortho_pbe_d3bj.csv
1330,0,-8.316342830221314,reference,DaRUS-4999/direct_upsampling_data_rungs_1-3/thermodynamic_properties/tridymite_ortho_pbe_d3bj.csv
1331,0,-8.316830493711207,reference,DaRUS-4999/direct_upsampling_data_rungs_1-3/thermodynamic_properties/tridymite_ortho_pbe_d3bj.csv
1332,0,-8.3173183513256,reference,DaRUS-4999/direct_upsampling_data_rungs_1-3/thermodynamic_properties/tridymite_ortho_pbe_d3bj.csv
1333,0,-8.317806402929637,reference,DaRUS-4999/direct_upsampling_data_rungs_1-3/thermodynamic_properties/tridymite_ortho_pbe_d3bj.csv
1334,0,-8.318294648388669,reference,DaRUS-4999/direct_upsampling_data_rungs_1-3/thermodynamic_properties/tridymite_ortho_pbe_d3bj.csv
1335,0,-8.31878308756821,reference,DaRUS-4999/direct_upsampling_data_rungs_1-3/thermodynamic_properties/tridymite_ortho_pbe_d3bj.csv
1336,0,-8.319271720333974,reference,DaRUS-4999/direct_upsampling_data_rungs_1-3/thermodynamic_properties/tridymite_ortho_pbe_d3bj.csv
1337,0,-8.319760546551855,reference,DaRUS-4999/direct_upsampling_data_rungs_1-3/thermodynamic_properties/tridymite_ortho_pbe_d3bj.csv
1338,0,-8.320249566087936,reference,DaRUS-4999/direct_upsampling_data_rungs_1-3/thermodynamic_properties/tridymite_ortho_pbe_d3bj.csv
1339,0,-8.320738778808483,reference,DaRUS-4999/direct_upsampling_data_rungs_1-3/thermodynamic_properties/tridymite_ortho_pbe_d3bj.csv
1340,0,-8.321228184579947,reference,DaRUS-4999/direct_upsampling_data_rungs_1-3/thermodynamic_properties/tridymite_ortho_pbe_d3bj.csv
1341,0,-8.321717783268966,reference,DaRUS-4999/direct_upsampling_data_rungs_1-3/thermodynamic_properties/tridymite_ortho_pbe_d3bj.csv
1342,0,-8.322207574742354,reference,DaRUS-4999/direct_upsampling_data_rungs_1-3/thermodynamic_properties/tridymite_ortho_pbe_d3bj.csv
1343,0,-8.322697558867121,reference,DaRUS-4999/direct_upsampling_data_rungs_1-3/thermodynamic_properties/tridymite_ortho_pbe_d3bj.csv
1344,0,-8.323187735510446,reference,DaRUS-4999/direct_upsampling_data_rungs_1-3/thermodynamic_properties/tridymite_ortho_pbe_d3bj.csv
1345,0,-8.323678104539704,reference,DaRUS-4999/direct_upsampling_data_rungs_1-3/thermodynamic_properties/tridymite_ortho_pbe_d3bj.csv
1346,0,-8.324168665822443,reference,DaRUS-4999/direct_upsampling_data_rungs_1-3/thermodynamic_properties/tridymite_ortho_pbe_d3bj.csv
1347,0,-8.324659419226398,reference,DaRUS-4999/direct_upsampling_data_rungs_1-3/thermodynamic_properties/tridymite_ortho_pbe_d3bj.csv
1348,0,-8.325150364619484,reference,DaRUS-4999/direct_upsampling_data_rungs_1-3/thermodynamic_properties/tridymite_ortho_pbe_d3bj.csv
1349,0,-8.325641501869798,reference,DaRUS-4999/direct_upsampling_data_rungs_1-3/thermodynamic_properties/tridymite_ortho_pbe_d3bj.csv
1350,0,-8.326132830845618,reference,DaRUS-4999/direct_upsampling_data_rungs_1-3/thermodynamic_properties/tridymite_ortho_pbe_d3bj.csv
1351,0,-8.326624351415401,reference,DaRUS-4999/direct_upsampling_data_rungs_1-3/thermodynamic_properties/tridymite_ortho_pbe_d3bj.csv
1352,0,-8.327116063447784,reference,DaRUS-4999/direct_upsampling_data_rungs_1-3/thermodynamic_properties/tridymite_ortho_pbe_d3bj.csv
1353,0,-8.327607966811591,reference,DaRUS-4999/direct_upsampling_data_rungs_1-3/thermodynamic_properties/tridymite_ortho_pbe_d3bj.csv
1354,0,-8.328100061375816,reference,DaRUS-4999/direct_upsampling_data_rungs_1-3/thermodynamic_properties/tridymite_ortho_pbe_d3bj.csv
1355,0,-8.328592347009641,reference,DaRUS-4999/direct_upsampling_data_rungs_1-3/thermodynamic_properties/tridymite_ortho_pbe_d3bj.csv
1356,0,-8.329084823582413,reference,DaRUS-4999/direct_upsampling_data_rungs_1-3/thermodynamic_properties/tridymite_ortho_pbe_d3bj.csv
1357,0,-8.329577490963679,reference,DaRUS-4999/direct_upsampling_data_rungs_1-3/thermodynamic_properties/tridymite_ortho_pbe_d3bj.csv
1358,0,-8.330070349023142,reference,DaRUS-4999/direct_upsampling_data_rungs_1-3/thermodynamic_properties/tridymite_ortho_pbe_d3bj.csv
1359,0,-8.330563397630698,reference,DaRUS-4999/direct_upsampling_data_rungs_1-3/thermodynamic_properties/tridymite_ortho_pbe_d3bj.csv
1360,0,-8.331056636656415,reference,DaRUS-4999/direct_upsampling_data_rungs_1-3/thermodynamic_properties/tridymite_ortho_pbe_d3bj.csv
1361,0,-8.331550065970536,reference,DaRUS-4999/direct_upsampling_data_rungs_1-3/thermodynamic_properties/tridymite_ortho_pbe_d3bj.csv
1362,0,-8.332043685443484,reference,DaRUS-4999/direct_upsampling_data_rungs_1-3/thermodynamic_properties/tridymite_ortho_pbe_d3bj.csv
1363,0,-8.332537494945855,reference,DaRUS-4999/direct_upsampling_data_rungs_1-3/thermodynamic_properties/tridymite_ortho_pbe_d3bj.csv
1364,0,-8.333031494348431,reference,DaRUS-4999/direct_upsampling_data_rungs_1-3/thermodynamic_properties/tridymite_ortho_pbe_d3bj.csv
1365,0,-8.333525683522156,reference,DaRUS-4999/direct_upsampling_data_rungs_1-3/thermodynamic_properties/tridymite_ortho_pbe_d3bj.csv
1366,0,-8.334020062338157,reference,DaRUS-4999/direct_upsampling_data_rungs_1-3/thermodynamic_properties/tridymite_ortho_pbe_d3bj.csv
1367,0,-8.334514630667732,reference,DaRUS-4999/direct_upsampling_data_rungs_1-3/thermodynamic_properties/tridymite_ortho_pbe_d3bj.csv
1368,0,-8.335009388382362,reference,DaRUS-4999/direct_upsampling_data_rungs_1-3/thermodynamic_properties/tridymite_ortho_pbe_d3bj.csv
1369,0,-8.335504335353695,reference,DaRUS-4999/direct_upsampling_data_rungs_1-3/thermodynamic_properties/tridymite_ortho_pbe_d3bj.csv
1370,0,-8.335999471453549,reference,DaRUS-4999/direct_upsampling_data_rungs_1-3/thermodynamic_properties/tridymite_ortho_pbe_d3bj.csv
1371,0,-8.33649479655393,reference,DaRUS-4999/direct_upsampling_data_rungs_1-3/thermodynamic_properties/tridymite_ortho_pbe_d3bj.csv
1372,0,-8.336990310527002,reference,DaRUS-4999/direct_upsampling_data_rungs_1-3/thermodynamic_properties/tridymite_ortho_pbe_d3bj.csv
1373,0,-8.33748601324511,reference,DaRUS-4999/direct_upsampling_data_rungs_1-3/thermodynamic_properties/tridymite_ortho_pbe_d3bj.csv
1374,0,-8.33798190458077,reference,DaRUS-4999/direct_upsampling_data_rungs_1-3/thermodynamic_properties/tridymite_ortho_pbe_d3bj.csv
1375,0,-8.338477984406673,reference,DaRUS-4999/direct_upsampling_data_rungs_1-3/thermodynamic_properties/tridymite_ortho_pbe_d3bj.csv
1376,0,-8.338974252595674,reference,DaRUS-4999/direct_upsampling_data_rungs_1-3/thermodynamic_properties/tridymite_ortho_pbe_d3bj.csv
1377,0,-8.33947070902081,reference,DaRUS-4999/direct_upsampling_data_rungs_1-3/thermodynamic_properties/tridymite_ortho_pbe_d3bj.csv
1378,0,-8.339967353555283,reference,DaRUS-4999/direct_upsampling_data_rungs_1-3/thermodynamic_properties/tridymite_ortho_pbe_d3bj.csv
1379,0,-8.340464186072465,reference,DaRUS-4999/direct_upsampling_data_rungs_1-3/thermodynamic_properties/tridymite_ortho_pbe_d3bj.csv
1380,0,-8.340961206445902,reference,DaRUS-4999/direct_upsampling_data_rungs_1-3/thermodynamic_properties/tridymite_ortho_pbe_d3bj.csv
1381,0,-8.341458414549308,reference,DaRUS-4999/direct_upsampling_data_rungs_1-3/thermodynamic_properties/tridymite_ortho_pbe_d3bj.csv
1382,0,-8.34195581025657,reference,DaRUS-4999/direct_upsampling_data_rungs_1-3/thermodynamic_properties/tridymite_ortho_pbe_d3bj.csv
1383,0,-8.342453393441742,reference,DaRUS-4999/direct_upsampling_data_rungs_1-3/thermodynamic_properties/tridymite_ortho_pbe_d3bj.csv
1384,0,-8.342951163979045,reference,DaRUS-4999/direct_upsampling_data_rungs_1-3/thermodynamic_properties/tridymite_ortho_pbe_d3bj.csv
1385,0,-8.343449121742875,reference,DaRUS-4999/direct_upsampling_data_rungs_1-3/thermodynamic_properties/tridymite_ortho_pbe_d3bj.csv
1386,0,-8.343947266607792,reference,DaRUS-4999/direct_upsampling_data_rungs_1-3/thermodynamic_properties/tridymite_ortho_pbe_d3bj.csv
1387,0,-8.344445598448525,reference,DaRUS-4999/direct_upsampling_data_rungs_1-3/thermodynamic_properties/tridymite_ortho_pbe_d3bj.csv
1388,0,-8.344944117139974,reference,DaRUS-4999/direct_upsampling_data_rungs_1-3/thermodynamic_properties/tridymite_ortho_pbe_d3bj.csv
1389,0,-8.345442822557199,reference,DaRUS-4999/direct_upsampling_data_rungs_1-3/thermodynamic_properties/tridymite_ortho_pbe_d3bj.csv
1390,0,-8.345941714575435,reference,DaRUS-4999/direct_upsampling_data_rungs_1-3/thermodynamic_properties/tridymite_ortho_pbe_d3bj.csv
1391,0,-8.346440793070084,reference,DaRUS-4999/direct_upsampling_data_rungs_1-3/thermodynamic_properties/tridymite_ortho_pbe_d3bj.csv
1392,0,-8.34694005791671,reference,DaRUS-4999/direct_upsampling_data_rungs_1-3/thermodynamic_properties/tridymite_ortho_pbe_d3bj.csv
1393,0,-8.347439508991044,reference,DaRUS-4999/direct_upsampling_data_rungs_1-3/thermodynamic_properties/tridymite_ortho_pbe_d3bj.csv
1394,0,-8.347939146168983,reference,DaRUS-4999/direct_upsampling_data_rungs_1-3/thermodynamic_properties/tridymite_ortho_pbe_d3bj.csv
1395,0,-8.348438969326599,reference,DaRUS-4999/direct_upsampling_data_rungs_1-3/thermodynamic_properties/tridymite_ortho_pbe_d3bj.csv
1396,0,-8.34893897834011,reference,DaRUS-4999/direct_upsampling_data_rungs_1-3/thermodynamic_properties/tridymite_ortho_pbe_d3bj.csv
1397,0,-8.349439173085919,reference,DaRUS-4999/direct_upsampling_data_rungs_1-3/thermodynamic_properties/tridymite_ortho_pbe_d3bj.csv
1398,0,-8.349939553440581,reference,DaRUS-4999/direct_upsampling_data_rungs_1-3/thermodynamic_properties/tridymite_ortho_pbe_d3bj.csv
1399,0,-8.350440119280822,reference,DaRUS-4999/direct_upsampling_data_rungs_1-3/thermodynamic_properties/tridymite_ortho_pbe_d3bj.csv
1400,0,-8.35094087048353,reference,DaRUS-4999/direct_upsampling_data_rungs_1-3/thermodynamic_properties/tridymite_ortho_pbe_d3bj.csv
1401,0,-8.351441806925751,reference,DaRUS-4999/direct_upsampling_data_rungs_1-3/thermodynamic_properties/tridymite_ortho_pbe_d3bj.csv
1402,0,-8.351942928484705,reference,DaRUS-4999/direct_upsampling_data_rungs_1-3/thermodynamic_properties/tridymite_ortho_pbe_d3bj.csv
1403,0,-8.352444235037765,reference,DaRUS-4999/direct_upsampling_data_rungs_1-3/thermodynamic_properties/tridymite_ortho_pbe_d3bj.csv
1404,0,-8.352945726462478,reference,DaRUS-4999/direct_upsampling_data_rungs_1-3/thermodynamic_properties/tridymite_ortho_pbe_d3bj.csv
1405,0,-8.353447402636542,reference,DaRUS-4999/direct_upsampling_data_rungs_1-3/thermodynamic_properties/tridymite_ortho_pbe_d3bj.csv
1406,0,-8.353949263437823,reference,DaRUS-4999/direct_upsampling_data_rungs_1-3/thermodynamic_properties/tridymite_ortho_pbe_d3bj.csv
1407,0,-8.354451308744352,reference,DaRUS-4999/direct_upsampling_data_rungs_1-3/thermodynamic_properties/tridymite_ortho_pbe_d3bj.csv
1408,0,-8.354953538434312,reference,DaRUS-4999/direct_upsampling_data_rungs_1-3/thermodynamic_properties/tridymite_ortho_pbe_d3bj.csv
1409,0,-8.355455952386059,reference,DaRUS-4999/direct_upsampling_data_rungs_1-3/thermodynamic_properties/tridymite_ortho_pbe_d3bj.csv
1410,0,-8.355958550478102,reference,DaRUS-4999/direct_upsampling_data_rungs_1-3/thermodynamic_properties/tridymite_ortho_pbe_d3bj.csv
1411,0,-8.356461332589108,reference,DaRUS-4999/direct_upsampling_data_rungs_1-3/thermodynamic_properties/tridymite_ortho_pbe_d3bj.csv
1412,0,-8.356964298597914,reference,DaRUS-4999/direct_upsampling_data_rungs_1-3/thermodynamic_properties/tridymite_ortho_pbe_d3bj.csv
1413,0,-8.35746744838351,reference,DaRUS-4999/direct_upsampling_data_rungs_1-3/thermodynamic_properties/tridymite_ortho_pbe_d3bj.csv
1414,0,-8.357970781825047,reference,DaRUS-4999/direct_upsampling_data_rungs_1-3/thermodynamic_properties/tridymite_ortho_pbe_d3bj.csv
1415,0,-8.358474298801838,reference,DaRUS-4999/direct_upsampling_data_rungs_1-3/thermodynamic_properties/tridymite_ortho_pbe_d3bj.csv
1416,0,-8.35897799919335,reference,DaRUS-4999/direct_upsampling_data_rungs_1-3/thermodynamic_properties/tridymite_ortho_pbe_d3bj.csv
1417,0,-8.359481882879216,reference,DaRUS-4999/direct_upsampling_data_rungs_1-3/thermodynamic_properties/tridymite_ortho_pbe_d3bj.csv
1418,0,-8.359985949739219,reference,DaRUS-4999/direct_upsampling_data_rungs_1-3/thermodynamic_properties/tridymite_ortho_pbe_d3bj.csv
1419,0,-8.360490199653306,reference,DaRUS-4999/direct_upsampling_data_rungs_1-3/thermodynamic_properties/tridymite_ortho_pbe_d3bj.csv
1420,0,-8.360994632501582,reference,DaRUS-4999/direct_upsampling_data_rungs_1-3/thermodynamic_properties/tridymite_ortho_pbe_d3bj.csv
1421,0,-8.361499248164307,reference,DaRUS-4999/direct_upsampling_data_rungs_1-3/thermodynamic_properties/tridymite_ortho_pbe_d3bj.csv
1422,0,-8.362004046521895,reference,DaRUS-4999/direct_upsampling_data_rungs_1-3/thermodynamic_properties/tridymite_ortho_pbe_d3bj.csv
1423,0,-8.362509027454928,reference,DaRUS-4999/direct_upsampling_data_rungs_1-3/thermodynamic_properties/tridymite_ortho_pbe_d3bj.csv
1424,0,-8.363014190844135,reference,DaRUS-4999/direct_upsampling_data_rungs_1-3/thermodynamic_properties/tridymite_ortho_pbe_d3bj.csv
1425,0,-8.363519536570402,reference,DaRUS-4999/direct_upsampling_data_rungs_1-3/thermodynamic_properties/tridymite_ortho_pbe_d3bj.csv
1426,0,-8.364025064514776,reference,DaRUS-4999/direct_upsampling_data_rungs_1-3/thermodynamic_properties/tridymite_ortho_pbe_d3bj.csv
1427,0,-8.364530774558455,reference,DaRUS-4999/direct_upsampling_data_rungs_1-3/thermodynamic_properties/tridymite_ortho_pbe_d3bj.csv
1428,0,-8.365036666582798,reference,DaRUS-4999/direct_upsampling_data_rungs_1-3/thermodynamic_properties/tridymite_ortho_pbe_d3bj.csv
1429,0,-8.365542740469312,reference,DaRUS-4999/direct_upsampling_data_rungs_1-3/thermodynamic_properties/tridymite_ortho_pbe_d3bj.csv
1430,0,-8.366048996099661,reference,DaRUS-4999/direct_upsampling_data_rungs_1-3/thermodynamic_properties/tridymite_ortho_pbe_d3bj.csv
1431,0,-8.36655543335567,reference,DaRUS-4999/direct_upsampling_data_rungs_1-3/thermodynamic_properties/tridymite_ortho_pbe_d3bj.csv
1432,0,-8.367062052119312,reference,DaRUS-4999/direct_upsampling_data_rungs_1-3/thermodynamic_properties/tridymite_ortho_pbe_d3bj.csv
1433,0,-8.367568852272713,reference,DaRUS-4999/direct_upsampling_data_rungs_1-3/thermodynamic_properties/tridymite_ortho_pbe_d3bj.csv
1434,0,-8.368075833698157,reference,DaRUS-4999/direct_upsampling_data_rungs_1-3/thermodynamic_properties/tridymite_ortho_pbe_d3bj.csv
1435,0,-8.36858299627808,reference,DaRUS-4999/direct_upsampling_data_rungs_1-3/thermodynamic_properties/tridymite_ortho_pbe_d3bj.csv
1436,0,-8.369090339895067,reference,DaRUS-4999/direct_upsampling_data_rungs_1-3/thermodynamic_properties/tridymite_ortho_pbe_d3bj.csv
1437,0,-8.369597864431865,reference,DaRUS-4999/direct_upsampling_data_rungs_1-3/thermodynamic_properties/tridymite_ortho_pbe_d3bj.csv
1438,0,-8.370105569771367,reference,DaRUS-4999/direct_upsampling_data_rungs_1-3/thermodynamic_properties/tridymite_ortho_pbe_d3bj.csv
1439,0,-8.370613455796613,reference,DaRUS-4999/direct_upsampling_data_rungs_1-3/thermodynamic_properties/tridymite_ortho_pbe_d3bj.csv
1440,0,-8.371121522390808,reference,DaRUS-4999/direct_upsampling_data_rungs_1-3/thermodynamic_properties/tridymite_ortho_pbe_d3bj.csv
1441,0,-8.371629769437302,reference,DaRUS-4999/direct_upsampling_data_rungs_1-3/thermodynamic_properties/tridymite_ortho_pbe_d3bj.csv
1442,0,-8.37213819681959,reference,DaRUS-4999/direct_upsampling_data_rungs_1-3/thermodynamic_properties/tridymite_ortho_pbe_d3bj.csv
1443,0,-8.372646804421329,reference,DaRUS-4999/direct_upsampling_data_rungs_1-3/thermodynamic_properties/tridymite_ortho_pbe_d3bj.csv
1444,0,-8.373155592126325,reference,DaRUS-4999/direct_upsampling_data_rungs_1-3/thermodynamic_properties/tridymite_ortho_pbe_d3bj.csv
1445,0,-8.373664559818529,reference,DaRUS-4999/direct_upsampling_data_rungs_1-3/thermodynamic_properties/tridymite_ortho_pbe_d3bj.csv
1446,0,-8.37417370738204,reference,DaRUS-4999/direct_upsampling_data_rungs_1-3/thermodynamic_properties/tridymite_ortho_pbe_d3bj.csv
1447,0,-8.374683034701119,reference,DaRUS-4999/direct_upsampling_data_rungs_1-3/thermodynamic_properties/tridymite_ortho_pbe_d3bj.csv
1448,0,-8.375192541660169,reference,DaRUS-4999/direct_upsampling_data_rungs_1-3/thermodynamic_properties/tridymite_ortho_pbe_d3bj.csv
1449,0,-8.375702228143739,reference,DaRUS-4999/direct_upsampling_data_rungs_1-3/thermodynamic_properties/tridymite_ortho_pbe_d3bj.csv
1450,0,-8.376212094036536,reference,DaRUS-4999/direct_upsampling_data_rungs_1-3/thermodynamic_properties/tridymite_ortho_pbe_d3bj.csv
1451,0,-8.376722139223405,reference,DaRUS-4999/direct_upsampling_data_rungs_1-3/thermodynamic_properties/tridymite_ortho_pbe_d3bj.csv
1452,0,-8.37723236358935,reference,DaRUS-4999/direct_upsampling_data_rungs_1-3/thermodynamic_properties/tridymite_ortho_pbe_d3bj.csv
1453,0,-8.377742767019521,reference,DaRUS-4999/direct_upsampling_data_rungs_1-3/thermodynamic_properties/tridymite_ortho_pbe_d3bj.csv
1454,0,-8.378253349399209,reference,DaRUS-4999/direct_upsampling_data_rungs_1-3/thermodynamic_properties/tridymite_ortho_pbe_d3bj.csv
1455,0,-8.37876411061386,reference,DaRUS-4999/direct_upsampling_data_rungs_1-3/thermodynamic_properties/tridymite_ortho_pbe_d3bj.csv
1456,0,-8.379275050549065,reference,DaRUS-4999/direct_upsampling_data_rungs_1-3/thermodynamic_properties/tridymite_ortho_pbe_d3bj.csv
1457,0,-8.37978616909056,reference,DaRUS-4999/direct_upsampling_data_rungs_1-3/thermodynamic_properties/tridymite_ortho_pbe_d3bj.csv
1458,0,-8.380297466124237,reference,DaRUS-4999/direct_upsampling_data_rungs_1-3/thermodynamic_properties/tridymite_ortho_pbe_d3bj.csv
1459,0,-8.380808941536117,reference,DaRUS-4999/direct_upsampling_data_rungs_1-3/thermodynamic_properties/tridymite_ortho_pbe_d3bj.csv
1460,0,-8.381320595212387,reference,DaRUS-4999/direct_upsampling_data_rungs_1-3/thermodynamic_properties/tridymite_ortho_pbe_d3bj.csv
1461,0,-8.381832427039368,reference,DaRUS-4999/direct_upsampling_data_rungs_1-3/thermodynamic_properties/tridymite_ortho_pbe_d3bj.csv
1462,0,-8.38234443690353,reference,DaRUS-4999/direct_upsampling_data_rungs_1-3/thermodynamic_properties/tridymite_ortho_pbe_d3bj.csv
1463,0,-8.382856624691488,reference,DaRUS-4999/direct_upsampling_data_rungs_1-3/thermodynamic_properties/tridymite_ortho_pbe_d3bj.csv
1464,0,-8.383368990290004,reference,DaRUS-4999/direct_upsampling_data_rungs_1-3/thermodynamic_properties/tridymite_ortho_pbe_d3bj.csv
1465,0,-8.38388153358598,reference,DaRUS-4999/direct_upsampling_data_rungs_1-3/thermodynamic_properties/tridymite_ortho_pbe_d3bj.csv
1466,0,-8.384394254466475,reference,DaRUS-4999/direct_upsampling_data_rungs_1-3/thermodynamic_properties/tridymite_ortho_pbe_d3bj.csv
1467,0,-8.384907152818673,reference,DaRUS-4999/direct_upsampling_data_rungs_1-3/thermodynamic_properties/tridymite_ortho_pbe_d3bj.csv
1468,0,-8.385420228529922,reference,DaRUS-4999/direct_upsampling_data_rungs_1-3/thermodynamic_properties/tridymite_ortho_pbe_d3bj.csv
1469,0,-8.385933481487701,reference,DaRUS-4999/direct_upsampling_data_rungs_1-3/thermodynamic_properties/tridymite_ortho_pbe_d3bj.csv
1470,0,-8.386446911579636,reference,DaRUS-4999/direct_upsampling_data_rungs_1-3/thermodynamic_properties/tridymite_ortho_pbe_d3bj.csv
1471,0,-8.386960518693499,reference,DaRUS-4999/direct_upsampling_data_rungs_1-3/thermodynamic_properties/tridymite_ortho_pbe_d3bj.csv
1472,0,-8.387474302717203,reference,DaRUS-4999/direct_upsampling_data_rungs_1-3/thermodynamic_properties/tridymite_ortho_pbe_d3bj.csv
1473,0,-8.387988263538801,reference,DaRUS-4999/direct_upsampling_data_rungs_1-3/thermodynamic_properties/tridymite_ortho_pbe_d3bj.csv
1474,0,-8.388502401046495,reference,DaRUS-4999/direct_upsampling_data_rungs_1-3/thermodynamic_properties/tridymite_ortho_pbe_d3bj.csv
1475,0,-8.389016715128623,reference,DaRUS-4999/direct_upsampling_data_rungs_1-3/thermodynamic_properties/tridymite_ortho_pbe_d3bj.csv
1476,0,-8.38953120567367,reference,DaRUS-4999/direct_upsampling_data_rungs_1-3/thermodynamic_properties/tridymite_ortho_pbe_d3bj.csv
1477,0,-8.39004587257026,reference,DaRUS-4999/direct_upsampling_data_rungs_1-3/thermodynamic_properties/tridymite_ortho_pbe_d3bj.csv
1478,0,-8.39056071570716,reference,DaRUS-4999/direct_upsampling_data_rungs_1-3/thermodynamic_properties/tridymite_ortho_pbe_d3bj.csv
1479,0,-8.391075734973274,reference,DaRUS-4999/direct_upsampling_data_rungs_1-3/thermodynamic_properties/tridymite_ortho_pbe_d3bj.csv
1480,0,-8.391590930257655,reference,DaRUS-4999/direct_upsampling_data_rungs_1-3/thermodynamic_properties/tridymite_ortho_pbe_d3bj.csv
1481,0,-8.392106301449489,reference,DaRUS-4999/direct_upsampling_data_rungs_1-3/thermodynamic_properties/tridymite_ortho_pbe_d3bj.csv
1482,0,-8.392621848438104,reference,DaRUS-4999/direct_upsampling_data_rungs_1-3/thermodynamic_properties/tridymite_ortho_pbe_d3bj.csv
1483,0,-8.393137571112977,reference,DaRUS-4999/direct_upsampling_data_rungs_1-3/thermodynamic_properties/tridymite_ortho_pbe_d3bj.csv
1484,0,-8.393653469363709,reference,DaRUS-4999/direct_upsampling_data_rungs_1-3/thermodynamic_properties/tridymite_ortho_pbe_d3bj.csv
1485,0,-8.394169543080055,reference,DaRUS-4999/direct_upsampling_data_rungs_1-3/thermodynamic_properties/tridymite_ortho_pbe_d3bj.csv
1486,0,-8.394685792151902,reference,DaRUS-4999/direct_upsampling_data_rungs_1-3/thermodynamic_properties/tridymite_ortho_pbe_d3bj.csv
1487,0,-8.395202216469276,reference,DaRUS-4999/direct_upsampling_data_rungs_1-3/thermodynamic_properties/tridymite_ortho_pbe_d3bj.csv
1488,0,-8.395718815922351,reference,DaRUS-4999/direct_upsampling_data_rungs_1-3/thermodynamic_properties/tridymite_ortho_pbe_d3bj.csv
1489,0,-8.396235590401425,reference,DaRUS-4999/direct_upsampling_data_rungs_1-3/thermodynamic_properties/tridymite_ortho_pbe_d3bj.csv
1490,0,-8.396752539796946,reference,DaRUS-4999/direct_upsampling_data_rungs_1-3/thermodynamic_properties/tridymite_ortho_pbe_d3bj.csv
1491,0,-8.397269663999495,reference,DaRUS-4999/direct_upsampling_data_rungs_1-3/thermodynamic_properties/tridymite_ortho_pbe_d3bj.csv
1492,0,-8.397786962899792,reference,DaRUS-4999/direct_upsampling_data_rungs_1-3/thermodynamic_properties/tridymite_ortho_pbe_d3bj.csv
1493,0,-8.398304436388695,reference,DaRUS-4999/direct_upsampling_data_rungs_1-3/thermodynamic_properties/tridymite_ortho_pbe_d3bj.csv
1494,0,-8.398822084357198,reference,DaRUS-4999/direct_upsampling_data_rungs_1-3/thermodynamic_properties/tridymite_ortho_pbe_d3bj.csv
1495,0,-8.399339906696436,reference,DaRUS-4999/direct_upsampling_data_rungs_1-3/thermodynamic_properties/tridymite_ortho_pbe_d3bj.csv
1496,0,-8.399857903297679,reference,DaRUS-4999/direct_upsampling_data_rungs_1-3/thermodynamic_properties/tridymite_ortho_pbe_d3bj.csv
1497,0,-8.400376074052327,reference,DaRUS-4999/direct_upsampling_data_rungs_1-3/thermodynamic_properties/tridymite_ortho_pbe_d3bj.csv
1498,0,-8.400894418851928,reference,DaRUS-4999/direct_upsampling_data_rungs_1-3/thermodynamic_properties/tridymite_ortho_pbe_d3bj.csv
1499,0,-8.401412937588157,reference,DaRUS-4999/direct_upsampling_data_rungs_1-3/thermodynamic_properties/tridymite_ortho_pbe_d3bj.csv
1500,0,-8.401931630152831,reference,DaRUS-4999/direct_upsampling_data_rungs_1-3/thermodynamic_properties/tridymite_ortho_pbe_d3bj.csv
1501,0,-8.402450496437895,reference,DaRUS-4999/direct_upsampling_data_rungs_1-3/thermodynamic_properties/tridymite_ortho_pbe_d3bj.csv
1502,0,-8.402969536335441,reference,DaRUS-4999/direct_upsampling_data_rungs_1-3/thermodynamic_properties/tridymite_ortho_pbe_d3bj.csv
1503,0,-8.403488749737683,reference,DaRUS-4999/direct_upsampling_data_rungs_1-3/thermodynamic_properties/tridymite_ortho_pbe_d3bj.csv
1504,0,-8.404008136536984,reference,DaRUS-4999/direct_upsampling_data_rungs_1-3/thermodynamic_properties/tridymite_ortho_pbe_d3bj.csv
1505,0,-8.404527696625825,reference,DaRUS-4999/direct_upsampling_data_rungs_1-3/thermodynamic_properties/tridymite_ortho_pbe_d3bj.csv
1506,0,-8.405047429896838,reference,DaRUS-4999/direct_upsampling_data_rungs_1-3/thermodynamic_properties/tridymite_ortho_pbe_d3bj.csv
1507,0,-8.405567336242774,reference,DaRUS-4999/direct_upsampling_data_rungs_1-3/thermodynamic_properties/tridymite_ortho_pbe_d3bj.csv
1508,0,-8.406087415556534,reference,DaRUS-4999/direct_upsampling_data_rungs_1-3/thermodynamic_properties/tridymite_ortho_pbe_d3bj.csv
1509,0,-8.406607667731137,reference,DaRUS-4999/direct_upsampling_data_rungs_1-3/thermodynamic_properties/tridymite_ortho_pbe_d3bj.csv
1510,0,-8.407128092659748,reference,DaRUS-4999/direct_upsampling_data_rungs_1-3/thermodynamic_properties/tridymite_ortho_pbe_d3bj.csv
1511,0,-8.407648690235655,reference,DaRUS-4999/direct_upsampling_data_rungs_1-3/thermodynamic_properties/tridymite_ortho_pbe_d3bj.csv
1512,0,-8.408169460352289,reference,DaRUS-4999/direct_upsampling_data_rungs_1-3/thermodynamic_properties/tridymite_ortho_pbe_d3bj.csv
1513,0,-8.408690402903202,reference,DaRUS-4999/direct_upsampling_data_rungs_1-3/thermodynamic_properties/tridymite_ortho_pbe_d3bj.csv
1514,0,-8.40921151778209,reference,DaRUS-4999/direct_upsampling_data_rungs_1-3/thermodynamic_properties/tridymite_ortho_pbe_d3bj.csv
1515,0,-8.409732804882774,reference,DaRUS-4999/direct_upsampling_data_rungs_1-3/thermodynamic_properties/tridymite_ortho_pbe_d3bj.csv
1516,0,-8.41025426409921,reference,DaRUS-4999/direct_upsampling_data_rungs_1-3/thermodynamic_properties/tridymite_ortho_pbe_d3bj.csv
1517,0,-8.410775895325482,reference,DaRUS-4999/direct_upsampling_data_rungs_1-3/thermodynamic_properties/tridymite_ortho_pbe_d3bj.csv
1518,0,-8.411297698455812,reference,DaRUS-4999/direct_upsampling_data_rungs_1-3/thermodynamic_properties/tridymite_ortho_pbe_d3bj.csv
1519,0,-8.411819673384549,reference,DaRUS-4999/direct_upsampling_data_rungs_1-3/thermodynamic_properties/tridymite_ortho_pbe_d3bj.csv
1520,0,-8.412341820006171,reference,DaRUS-4999/direct_upsampling_data_rungs_1-3/thermodynamic_properties/tridymite_ortho_pbe_d3bj.csv
1521,0,-8.412864138215291,reference,DaRUS-4999/direct_upsampling_data_rungs_1-3/thermodynamic_properties/tridymite_ortho_pbe_d3bj.csv
1522,0,-8.41338662790665,reference,DaRUS-4999/direct_upsampling_data_rungs_1-3/thermodynamic_properties/tridymite_ortho_pbe_d3bj.csv
1523,0,-8.413909288975125,reference,DaRUS-4999/direct_upsampling_data_rungs_1-3/thermodynamic_properties/tridymite_ortho_pbe_d3bj.csv
1524,0,-8.414432121315713,reference,DaRUS-4999/direct_upsampling_data_rungs_1-3/thermodynamic_properties/tridymite_ortho_pbe_d3bj.csv
1525,0,-8.414955124823546,reference,DaRUS-4999/direct_upsampling_data_rungs_1-3/thermodynamic_properties/tridymite_ortho_pbe_d3bj.csv
1526,0,-8.415478299393889,reference,DaRUS-4999/direct_upsampling_data_rungs_1-3/thermodynamic_properties/tridymite_ortho_pbe_d3bj.csv
1527,0,-8.416001644922131,reference,DaRUS-4999/direct_upsampling_data_rungs_1-3/thermodynamic_properties/tridymite_ortho_pbe_d3bj.csv
1528,0,-8.416525161303795,reference,DaRUS-4999/direct_upsampling_data_rungs_1-3/thermodynamic_properties/tridymite_ortho_pbe_d3bj.csv
1529,0,-8.417048848434524,reference,DaRUS-4999/direct_upsampling_data_rungs_1-3/thermodynamic_properties/tridymite_ortho_pbe_d3bj.csv
1530,0,-8.417572706210104,reference,DaRUS-4999/direct_upsampling_data_rungs_1-3/thermodynamic_properties/tridymite_ortho_pbe_d3bj.csv
1531,0,-8.418096734526436,reference,DaRUS-4999/direct_upsampling_data_rungs_1-3/thermodynamic_properties/tridymite_ortho_pbe_d3bj.csv
1532,0,-8.418620933279554,reference,DaRUS-4999/direct_upsampling_data_rungs_1-3/thermodynamic_properties/tridymite_ortho_pbe_d3bj.csv
1533,0,-8.419145302365628,reference,DaRUS-4999/direct_upsampling_data_rungs_1-3/thermodynamic_properties/tridymite_ortho_pbe_d3bj.csv
1534,0,-8.419669841680935,reference,DaRUS-4999/direct_upsampling_data_rungs_1-3/thermodynamic_properties/tridymite_ortho_pbe_d3bj.csv
1535,0,-8.420194551121908,reference,DaRUS-4999/direct_upsampling_data_rungs_1-3/thermodynamic_properties/tridymite_ortho_pbe_d3bj.csv
1536,0,-8.420719430585081,reference,DaRUS-4999/direct_upsampling_data_rungs_1-3/thermodynamic_properties/tridymite_ortho_pbe_d3bj.csv
1537,0,-8.421244479967131,reference,DaRUS-4999/direct_upsampling_data_rungs_1-3/thermodynamic_properties/tridymite_ortho_pbe_d3bj.csv
1538,0,-8.421769699164853,reference,DaRUS-4999/direct_upsampling_data_rungs_1-3/thermodynamic_properties/tridymite_ortho_pbe_d3bj.csv
1539,0,-8.422295088075181,reference,DaRUS-4999/direct_upsampling_data_rungs_1-3/thermodynamic_properties/tridymite_ortho_pbe_d3bj.csv
1540,0,-8.422820646595158,reference,DaRUS-4999/direct_upsampling_data_rungs_1-3/thermodynamic_properties/tridymite_ortho_pbe_d3bj.csv
1541,0,-8.423346374621966,reference,DaRUS-4999/direct_upsampling_data_rungs_1-3/thermodynamic_properties/tridymite_ortho_pbe_d3bj.csv
1542,0,-8.423872272052908,reference,DaRUS-4999/direct_upsampling_data_rungs_1-3/thermodynamic_properties/tridymite_ortho_pbe_d3bj.csv
1543,0,-8.424398338785418,reference,DaRUS-4999/direct_upsampling_data_rungs_1-3/thermodynamic_properties/tridymite_ortho_pbe_d3bj.csv
1544,0,-8.424924574717046,reference,DaRUS-4999/direct_upsampling_data_rungs_1-3/thermodynamic_properties/tridymite_ortho_pbe_d3bj.csv
1545,0,-8.425450979745476,reference,DaRUS-4999/direct_upsampling_data_rungs_1-3/thermodynamic_properties/tridymite_ortho_pbe_d3bj.csv
1546,0,-8.42597755376851,reference,DaRUS-4999/direct_upsampling_data_rungs_1-3/thermodynamic_properties/tridymite_ortho_pbe_d3bj.csv
1547,0,-8.426504296684083,reference,DaRUS-4999/direct_upsampling_data_rungs_1-3/thermodynamic_properties/tridymite_ortho_pbe_d3bj.csv
1548,0,-8.427031208390247,reference,DaRUS-4999/direct_upsampling_data_rungs_1-3/thermodynamic_properties/tridymite_ortho_pbe_d3bj.csv
1549,0,-8.42755828878518,reference,DaRUS-4999/direct_upsampling_data_rungs_1-3/thermodynamic_properties/tridymite_ortho_pbe_d3bj.csv
1550,0,-8.428085537767188,reference,DaRUS-4999/direct_upsampling_data_rungs_1-3/thermodynamic_properties/tridymite_ortho_pbe_d3bj.csv
1551,0,-8.428612955234696,reference,DaRUS-4999/direct_upsampling_data_rungs_1-3/thermodynamic_properties/tridymite_ortho_pbe_d3bj.csv
1552,0,-8.429140541086262,reference,DaRUS-4999/direct_upsampling_data_rungs_1-3/thermodynamic_properties/tridymite_ortho_pbe_d3bj.csv
1553,0,-8.429668295220553,reference,DaRUS-4999/direct_upsampling_data_rungs_1-3/thermodynamic_properties/tridymite_ortho_pbe_d3bj.csv
1554,0,-8.43019621753637,reference,DaRUS-4999/direct_upsampling_data_rungs_1-3/thermodynamic_properties/tridymite_ortho_pbe_d3bj.csv
1555,0,-8.430724307932632,reference,DaRUS-4999/direct_upsampling_data_rungs_1-3/thermodynamic_properties/tridymite_ortho_pbe_d3bj.csv
1556,0,-8.431252566308386,reference,DaRUS-4999/direct_upsampling_data_rungs_1-3/thermodynamic_properties/tridymite_ortho_pbe_d3bj.csv
1557,0,-8.431780992562794,reference,DaRUS-4999/direct_upsampling_data_rungs_1-3/thermodynamic_properties/tridymite_ortho_pbe_d3bj.csv
1558,0,-8.432309586595148,reference,DaRUS-4999/direct_upsampling_data_rungs_1-3/thermodynamic_properties/tridymite_ortho_pbe_d3bj.csv
1559,0,-8.432838348304859,reference,DaRUS-4999/direct_upsampling_data_rungs_1-3/thermodynamic_properties/tridymite_ortho_pbe_d3bj.csv
1560,0,-8.433367277591461,reference,DaRUS-4999/direct_upsampling_data_rungs_1-3/thermodynamic_properties/tridymite_ortho_pbe_d3bj.csv
1561,0,-8.433896374354603,reference,DaRUS-4999/direct_upsampling_data_rungs_1-3/thermodynamic_properties/tridymite_ortho_pbe_d3bj.csv
1562,0,-8.434425638494066,reference,DaRUS-4999/direct_upsampling_data_rungs_1-3/thermodynamic_properties/tridymite_ortho_pbe_d3bj.csv
1563,0,-8.434955069909748,reference,DaRUS-4999/direct_upsampling_data_rungs_1-3/thermodynamic_properties/tridymite_ortho_pbe_d3bj.csv
1564,0,-8.435484668501662,reference,DaRUS-4999/direct_upsampling_data_rungs_1-3/thermodynamic_properties/tridymite_ortho_pbe_d3bj.csv
1565,0,-8.436014434169955,reference,DaRUS-4999/direct_upsampling_data_rungs_1-3/thermodynamic_properties/tridymite_ortho_pbe_d3bj.csv
1566,0,-8.43654436681488,reference,DaRUS-4999/direct_upsampling_data_rungs_1-3/thermodynamic_properties/tridymite_ortho_pbe_d3bj.csv
1567,0,-8.437074466336822,reference,DaRUS-4999/direct_upsampling_data_rungs_1-3/thermodynamic_properties/tridymite_ortho_pbe_d3bj.csv
1568,0,-8.437604732636283,reference,DaRUS-4999/direct_upsampling_data_rungs_1-3/thermodynamic_properties/tridymite_ortho_pbe_d3bj.csv
1569,0,-8.438135165613879,reference,DaRUS-4999/direct_upsampling_data_rungs_1-3/thermodynamic_properties/tridymite_ortho_pbe_d3bj.csv
1570,0,-8.438665765170356,reference,DaRUS-4999/direct_upsampling_data_rungs_1-3/thermodynamic_properties/tridymite_ortho_pbe_d3bj.csv
1571,0,-8.439196531206568,reference,DaRUS-4999/direct_upsampling_data_rungs_1-3/thermodynamic_properties/tridymite_ortho_pbe_d3bj.csv
1572,0,-8.439727463623496,reference,DaRUS-4999/direct_upsampling_data_rungs_1-3/thermodynamic_properties/tridymite_ortho_pbe_d3bj.csv
1573,0,-8.440258562322246,reference,DaRUS-4999/direct_upsampling_data_rungs_1-3/thermodynamic_properties/tridymite_ortho_pbe_d3bj.csv
1574,0,-8.440789827204027,reference,DaRUS-4999/direct_upsampling_data_rungs_1-3/thermodynamic_properties/tridymite_ortho_pbe_d3bj.csv
1575,0,-8.441321258170179,reference,DaRUS-4999/direct_upsampling_data_rungs_1-3/thermodynamic_properties/tridymite_ortho_pbe_d3bj.csv
1576,0,-8.441852855122157,reference,DaRUS-4999/direct_upsampling_data_rungs_1-3/thermodynamic_properties/tridymite_ortho_pbe_d3bj.csv
1577,0,-8.442384617961537,reference,DaRUS-4999/direct_upsampling_data_rungs_1-3/thermodynamic_properties/tridymite_ortho_pbe_d3bj.csv
1578,0,-8.442916546590006,reference,DaRUS-4999/direct_upsampling_data_rungs_1-3/thermodynamic_properties/tridymite_ortho_pbe_d3bj.csv
1579,0,-8.443448640909377,reference,DaRUS-4999/direct_upsampling_data_rungs_1-3/thermodynamic_properties/tridymite_ortho_pbe_d3bj.csv
1580,0,-8.443980900821575,reference,DaRUS-4999/direct_upsampling_data_rungs_1-3/thermodynamic_properties/tridymite_ortho_pbe_d3bj.csv
1581,0,-8.444513326228646,reference,DaRUS-4999/direct_upsampling_data_rungs_1-3/thermodynamic_properties/tridymite_ortho_pbe_d3bj.csv
1582,0,-8.445045917032752,reference,DaRUS-4999/direct_upsampling_data_rungs_1-3/thermodynamic_properties/tridymite_ortho_pbe_d3bj.csv
1583,0,-8.445578673136174,reference,DaRUS-4999/direct_upsampling_data_rungs_1-3/thermodynamic_properties/tridymite_ortho_pbe_d3bj.csv
1584,0,-8.446111594441305,reference,DaRUS-4999/direct_upsampling_data_rungs_1-3/thermodynamic_properties/tridymite_ortho_pbe_d3bj.csv
1585,0,-8.446644680850659,reference,DaRUS-4999/direct_upsampling_data_rungs_1-3/thermodynamic_properties/tridymite_ortho_pbe_d3bj.csv
1586,0,-8.447177932266865,reference,DaRUS-4999/direct_upsampling_data_rungs_1-3/thermodynamic_properties/tridymite_ortho_pbe_d3bj.csv
1587,0,-8.447711348592669,reference,DaRUS-4999/direct_upsampling_data_rungs_1-3/thermodynamic_properties/tridymite_ortho_pbe_d3bj.csv
1588,0,-8.448244929730933,reference,DaRUS-4999/direct_upsampling_data_rungs_1-3/thermodynamic_properties/tridymite_ortho_pbe_d3bj.csv
1589,0,-8.448778675584634,reference,DaRUS-4999/direct_upsampling_data_rungs_1-3/thermodynamic_properties/tridymite_ortho_pbe_d3bj.csv
1590,0,-8.449312586056866,reference,DaRUS-4999/direct_upsampling_data_rungs_1-3/thermodynamic_properties/tridymite_ortho_pbe_d3bj.csv
1591,0,-8.449846661050836,reference,DaRUS-4999/direct_upsampling_data_rungs_1-3/thermodynamic_properties/tridymite_ortho_pbe_d3bj.csv
1592,0,-8.450380900469868,reference,DaRUS-4999/direct_upsampling_data_rungs_1-3/thermodynamic_properties/tridymite_ortho_pbe_d3bj.csv
1593,0,-8.450915304217407,reference,DaRUS-4999/direct_upsampling_data_rungs_1-3/thermodynamic_properties/tridymite_ortho_pbe_d3bj.csv
1594,0,-8.451449872196999,reference,DaRUS-4999/direct_upsampling_data_rungs_1-3/thermodynamic_properties/tridymite_ortho_pbe_d3bj.csv
1595,0,-8.451984604312317,reference,DaRUS-4999/direct_upsampling_data_rungs_1-3/thermodynamic_properties/tridymite_ortho_pbe_d3bj.csv
1596,0,-8.452519500467142,reference,DaRUS-4999/direct_upsampling_data_rungs_1-3/thermodynamic_properties/tridymite_ortho_pbe_d3bj.csv
1597,0,-8.453054560565375,reference,DaRUS-4999/direct_upsampling_data_rungs_1-3/thermodynamic_properties/tridymite_ortho_pbe_d3bj.csv
1598,0,-8.453589784511022,reference,DaRUS-4999/direct_upsampling_data_rungs_1-3/thermodynamic_properties/tridymite_ortho_pbe_d3bj.csv
1599,0,-8.454125172208217,reference,DaRUS-4999/direct_upsampling_data_rungs_1-3/thermodynamic_properties/tridymite_ortho_pbe_d3bj.csv
1600,0,-8.454660723561188,reference,DaRUS-4999/direct_upsampling_data_rungs_1-3/thermodynamic_properties/tridymite_ortho_pbe_d3bj.csv
1601,0,-8.455196438474296,reference,DaRUS-4999/direct_upsampling_data_rungs_1-3/thermodynamic_properties/tridymite_ortho_pbe_d3bj.csv
1602,0,-8.455732316852004,reference,DaRUS-4999/direct_upsampling_data_rungs_1-3/thermodynamic_properties/tridymite_ortho_pbe_d3bj.csv
1603,0,-8.456268358598889,reference,DaRUS-4999/direct_upsampling_data_rungs_1-3/thermodynamic_properties/tridymite_ortho_pbe_d3bj.csv
1604,0,-8.456804563619647,reference,DaRUS-4999/direct_upsampling_data_rungs_1-3/thermodynamic_properties/tridymite_ortho_pbe_d3bj.csv
1605,0,-8.457340931819077,reference,DaRUS-4999/direct_upsampling_data_rungs_1-3/thermodynamic_properties/tridymite_ortho_pbe_d3bj.csv
1606,0,-8.457877463102104,reference,DaRUS-4999/direct_upsampling_data_rungs_1-3/thermodynamic_properties/tridymite_ortho_pbe_d3bj.csv
1607,0,-8.458414157373751,reference,DaRUS-4999/direct_upsampling_data_rungs_1-3/thermodynamic_properties/tridymite_ortho_pbe_d3bj.csv
1608,0,-8.458951014539165,reference,DaRUS-4999/direct_upsampling_data_rungs_1-3/thermodynamic_properties/tridymite_ortho_pbe_d3bj.csv
1609,0,-8.459488034503593,reference,DaRUS-4999/direct_upsampling_data_rungs_1-3/thermodynamic_properties/tridymite_ortho_pbe_d3bj.csv
1610,0,-8.460025217172403,reference,DaRUS-4999/direct_upsampling_data_rungs_1-3/thermodynamic_properties/tridymite_ortho_pbe_d3bj.csv
1611,0,-8.460562562451072,reference,DaRUS-4999/direct_upsampling_data_rungs_1-3/thermodynamic_properties/tridymite_ortho_pbe_d3bj.csv
1612,0,-8.461100070245188,reference,DaRUS-4999/direct_upsampling_data_rungs_1-3/thermodynamic_properties/tridymite_ortho_pbe_d3bj.csv
1613,0,-8.46163774046045,reference,DaRUS-4999/direct_upsampling_data_rungs_1-3/thermodynamic_properties/tridymite_ortho_pbe_d3bj.csv
1614,0,-8.462175573002668,reference,DaRUS-4999/direct_upsampling_data_rungs_1-3/thermodynamic_properties/tridymite_ortho_pbe_d3bj.csv
1615,0,-8.462713567777765,reference,DaRUS-4999/direct_upsampling_data_rungs_1-3/thermodynamic_properties/tridymite_ortho_pbe_d3bj.csv
1616,0,-8.463251724691771,reference,DaRUS-4999/direct_upsampling_data_rungs_1-3/thermodynamic_properties/tridymite_ortho_pbe_d3bj.csv
1617,0,-8.463790043650828,reference,DaRUS-4999/direct_upsampling_data_rungs_1-3/thermodynamic_properties/tridymite_ortho_pbe_d3bj.csv
1618,0,-8.464328524561187,reference,DaRUS-4999/direct_upsampling_data_rungs_1-3/thermodynamic_properties/tridymite_ortho_pbe_d3bj.csv
1619,0,-8.464867167329214,reference,DaRUS-4999/direct_upsampling_data_rungs_1-3/thermodynamic_properties/tridymite_ortho_pbe_d3bj.csv
1620,0,-8.465405971861378,reference,DaRUS-4999/direct_upsampling_data_rungs_1-3/thermodynamic_properties/tridymite_ortho_pbe_d3bj.csv
1621,0,-8.465944938064258,reference,DaRUS-4999/direct_upsampling_data_rungs_1-3/thermodynamic_properties/tridymite_ortho_pbe_d3bj.csv
1622,0,-8.466484065844549,reference,DaRUS-4999/direct_upsampling_data_rungs_1-3/thermodynamic_properties/tridymite_ortho_pbe_d3bj.csv
1623,0,-8.467023355109053,reference,DaRUS-4999/direct_upsampling_data_rungs_1-3/thermodynamic_properties/tridymite_ortho_pbe_d3bj.csv
1624,0,-8.467562805764674,reference,DaRUS-4999/direct_upsampling_data_rungs_1-3/thermodynamic_properties/tridymite_ortho_pbe_d3bj.csv
1625,0,-8.468102417718438,reference,DaRUS-4999/direct_upsampling_data_rungs_1-3/thermodynamic_properties/tridymite_ortho_pbe_d3bj.csv
1626,0,-8.468642190877462,reference,DaRUS-4999/direct_upsampling_data_rungs_1-3/thermodynamic_properties/tridymite_ortho_pbe_d3bj.csv
1627,0,-8.469182125148988,reference,DaRUS-4999/direct_upsampling_data_rungs_1-3/thermodynamic_properties/tridymite_ortho_pbe_d3bj.csv
1628,0,-8.46972222044036,reference,DaRUS-4999/direct_upsampling_data_rungs_1-3/thermodynamic_properties/tridymite_ortho_pbe_d3bj.csv
1629,0,-8.47026247665903,reference,DaRUS-4999/direct_upsampling_data_rungs_1-3/thermodynamic_properties/tridymite_ortho_pbe_d3bj.csv
1630,0,-8.470802893712557,reference,DaRUS-4999/direct_upsampling_data_rungs_1-3/thermodynamic_properties/tridymite_ortho_pbe_d3bj.csv
1631,0,-8.471343471508607,reference,DaRUS-4999/direct_upsampling_data_rungs_1-3/thermodynamic_properties/tridymite_ortho_pbe_d3bj.csv
1632,0,-8.471884209954958,reference,DaRUS-4999/direct_upsampling_data_rungs_1-3/thermodynamic_properties/tridymite_ortho_pbe_d3bj.csv
1633,0,-8.47242510895949,reference,DaRUS-4999/direct_upsampling_data_rungs_1-3/thermodynamic_properties/tridymite_ortho_pbe_d3bj.csv
1634,0,-8.472966168430196,reference,DaRUS-4999/direct_upsampling_data_rungs_1-3/thermodynamic_properties/tridymite_ortho_pbe_d3bj.csv
1635,0,-8.473507388275172,reference,DaRUS-4999/direct_upsampling_data_rungs_1-3/thermodynamic_properties/tridymite_ortho_pbe_d3bj.csv
1636,0,-8.474048768402623,reference,DaRUS-4999/direct_upsampling_data_rungs_1-3/thermodynamic_properties/tridymite_ortho_pbe_d3bj.csv
1637,0,-8.474590308720858,reference,DaRUS-4999/direct_upsampling_data_rungs_1-3/thermodynamic_properties/tridymite_ortho_pbe_d3bj.csv
1638,0,-8.475132009138292,reference,DaRUS-4999/direct_upsampling_data_rungs_1-3/thermodynamic_properties/tridymite_ortho_pbe_d3bj.csv
1639,0,-8.475673869563453,reference,DaRUS-4999/direct_upsampling_data_rungs_1-3/thermodynamic_properties/tridymite_ortho_pbe_d3bj.csv
1640,0,-8.476215889904967,reference,DaRUS-4999/direct_upsampling_data_rungs_1-3/thermodynamic_properties/tridymite_ortho_pbe_d3bj.csv
1641,0,-8.476758070071574,reference,DaRUS-4999/direct_upsampling_data_rungs_1-3/thermodynamic_properties/tridymite_ortho_pbe_d3bj.csv
1642,0,-8.477300409972107,reference,DaRUS-4999/direct_upsampling_data_rungs_1-3/thermodynamic_properties/tridymite_ortho_pbe_d3bj.csv
1643,0,-8.477842909515521,reference,DaRUS-4999/direct_upsampling_data_rungs_1-3/thermodynamic_properties/tridymite_ortho_pbe_d3bj.csv
1644,0,-8.478385568610866,reference,DaRUS-4999/direct_upsampling_data_rungs_1-3/thermodynamic_properties/tridymite_ortho_pbe_d3bj.csv
1645,0,-8.478928387167299,reference,DaRUS-4999/direct_upsampling_data_rungs_1-3/thermodynamic_properties/tridymite_ortho_pbe_d3bj.csv
1646,0,-8.47947136509408,reference,DaRUS-4999/direct_upsampling_data_rungs_1-3/thermodynamic_properties/tridymite_ortho_pbe_d3bj.csv
1647,0,-8.48001450230058,reference,DaRUS-4999/direct_upsampling_data_rungs_1-3/thermodynamic_properties/tridymite_ortho_pbe_d3bj.csv
1648,0,-8.480557798696271,reference,DaRUS-4999/direct_upsampling_data_rungs_1-3/thermodynamic_properties/tridymite_ortho_pbe_d3bj.csv
1649,0,-8.48110125419073,reference,DaRUS-4999/direct_upsampling_data_rungs_1-3/thermodynamic_properties/tridymite_ortho_pbe_d3bj.csv
1650,0,-8.481644868693634,reference,DaRUS-4999/direct_upsampling_data_rungs_1-3/thermodynamic_properties/tridymite_ortho_pbe_d3bj.csv
1651,0,-8.482188642114769,reference,DaRUS-4999/direct_upsampling_data_rungs_1-3/thermodynamic_properties/tridymite_ortho_pbe_d3bj.csv
1652,0,-8.482732574364029,reference,DaRUS-4999/direct_upsampling_data_rungs_1-3/thermodynamic_properties/tridymite_ortho_pbe_d3bj.csv
1653,0,-8.483276665351406,reference,DaRUS-4999/direct_upsampling_data_rungs_1-3/thermodynamic_properties/tridymite_ortho_pbe_d3bj.csv
1654,0,-8.483820914986993,reference,DaRUS-4999/direct_upsampling_data_rungs_1-3/thermodynamic_properties/tridymite_ortho_pbe_d3bj.csv
1655,0,-8.484365323180993,reference,DaRUS-4999/direct_upsampling_data_rungs_1-3/thermodynamic_properties/tridymite_ortho_pbe_d3bj.csv
1656,0,-8.484909889843708,reference,DaRUS-4999/direct_upsampling_data_rungs_1-3/thermodynamic_properties/tridymite_ortho_pbe_d3bj.csv
1657,0,-8.485454614885546,reference,DaRUS-4999/direct_upsampling_data_rungs_1-3/thermodynamic_properties/tridymite_ortho_pbe_d3bj.csv
1658,0,-8.485999498217016,reference,DaRUS-4999/direct_upsampling_data_rungs_1-3/thermodynamic_properties/tridymite_ortho_pbe_d3bj.csv
1659,0,-8.48654453974873,reference,DaRUS-4999/direct_upsampling_data_rungs_1-3/thermodynamic_properties/tridymite_ortho_pbe_d3bj.csv
1660,0,-8.487089739391404,reference,DaRUS-4999/direct_upsampling_data_rungs_1-3/thermodynamic_properties/tridymite_ortho_pbe_d3bj.csv
1661,0,-8.487635097055852,reference,DaRUS-4999/direct_upsampling_data_rungs_1-3/thermodynamic_properties/tridymite_ortho_pbe_d3bj.csv
1662,0,-8.488180612652997,reference,DaRUS-4999/direct_upsampling_data_rungs_1-3/thermodynamic_properties/tridymite_ortho_pbe_d3bj.csv
1663,0,-8.488726286093861,reference,DaRUS-4999/direct_upsampling_data_rungs_1-3/thermodynamic_properties/tridymite_ortho_pbe_d3bj.csv
1664,0,-8.489272117289566,reference,DaRUS-4999/direct_upsampling_data_rungs_1-3/thermodynamic_properties/tridymite_ortho_pbe_d3bj.csv
1665,0,-8.489818106151338,reference,DaRUS-4999/direct_upsampling_data_rungs_1-3/thermodynamic_properties/tridymite_ortho_pbe_d3bj.csv
1666,0,-8.490364252590505,reference,DaRUS-4999/direct_upsampling_data_rungs_1-3/thermodynamic_properties/tridymite_ortho_pbe_d3bj.csv
1667,0,-8.490910556518493,reference,DaRUS-4999/direct_upsampling_data_rungs_1-3/thermodynamic_properties/tridymite_ortho_pbe_d3bj.csv
1668,0,-8.491457017846832,reference,DaRUS-4999/direct_upsampling_data_rungs_1-3/thermodynamic_properties/tridymite_ortho_pbe_d3bj.csv
1669,0,-8.492003636487153,reference,DaRUS-4999/direct_upsampling_data_rungs_1-3/thermodynamic_properties/tridymite_ortho_pbe_d3bj.csv
1670,0,-8.492550412351191,reference,DaRUS-4999/direct_upsampling_data_rungs_1-3/thermodynamic_properties/tridymite_ortho_pbe_d3bj.csv
1671,0,-8.493097345350774,reference,DaRUS-4999/direct_upsampling_data_rungs_1-3/thermodynamic_properties/tridymite_ortho_pbe_d3bj.csv
1672,0,-8.493644435397837,reference,DaRUS-4999/direct_upsampling_data_rungs_1-3/thermodynamic_properties/tridymite_ortho_pbe_d3bj.csv
1673,0,-8.494191682404411,reference,DaRUS-4999/direct_upsampling_data_rungs_1-3/thermodynamic_properties/tridymite_ortho_pbe_d3bj.csv
1674,0,-8.494739086282632,reference,DaRUS-4999/direct_upsampling_data_rungs_1-3/thermodynamic_properties/tridymite_ortho_pbe_d3bj.csv
1675,0,-8.495286646944731,reference,DaRUS-4999/direct_upsampling_data_rungs_1-3/thermodynamic_properties/tridymite_ortho_pbe_d3bj.csv
1676,0,-8.495834364303047,reference,DaRUS-4999/direct_upsampling_data_rungs_1-3/thermodynamic_properties/tridymite_ortho_pbe_d3bj.csv
1677,0,-8.496382238270005,reference,DaRUS-4999/direct_upsampling_data_rungs_1-3/thermodynamic_properties/tridymite_ortho_pbe_d3bj.csv
1678,0,-8.496930268758145,reference,DaRUS-4999/direct_upsampling_data_rungs_1-3/thermodynamic_properties/tridymite_ortho_pbe_d3bj.csv
1679,0,-8.497478455680096,reference,DaRUS-4999/direct_upsampling_data_rungs_1-3/thermodynamic_properties/tridymite_ortho_pbe_d3bj.csv
1680,0,-8.498026798948587,reference,DaRUS-4999/direct_upsampling_data_rungs_1-3/thermodynamic_properties/tridymite_ortho_pbe_d3bj.csv
1681,0,-8.498575298476453,reference,DaRUS-4999/direct_upsampling_data_rungs_1-3/thermodynamic_properties/tridymite_ortho_pbe_d3bj.csv
1682,0,-8.499123954176619,reference,DaRUS-4999/direct_upsampling_data_rungs_1-3/thermodynamic_properties/tridymite_ortho_pbe_d3bj.csv
1683,0,-8.499672765962115,reference,DaRUS-4999/direct_upsampling_data_rungs_1-3/thermodynamic_properties/tridymite_ortho_pbe_d3bj.csv
1684,0,-8.50022173374607,reference,DaRUS-4999/direct_upsampling_data_rungs_1-3/thermodynamic_properties/tridymite_ortho_pbe_d3bj.csv
1685,0,-8.500770857441708,reference,DaRUS-4999/direct_upsampling_data_rungs_1-3/thermodynamic_properties/tridymite_ortho_pbe_d3bj.csv
1686,0,-8.501320136962349,reference,DaRUS-4999/direct_upsampling_data_rungs_1-3/thermodynamic_properties/tridymite_ortho_pbe_d3bj.csv
1687,0,-8.501869572221416,reference,DaRUS-4999/direct_upsampling_data_rungs_1-3/thermodynamic_properties/tridymite_ortho_pbe_d3bj.csv
1688,0,-8.502419163132432,reference,DaRUS-4999/direct_upsampling_data_rungs_1-3/thermodynamic_properties/tridymite_ortho_pbe_d3bj.csv
1689,0,-8.502968909609004,reference,DaRUS-4999/direct_upsampling_data_rungs_1-3/thermodynamic_properties/tridymite_ortho_pbe_d3bj.csv
1690,0,-8.503518811564859,reference,DaRUS-4999/direct_upsampling_data_rungs_1-3/thermodynamic_properties/tridymite_ortho_pbe_d3bj.csv
1691,0,-8.504068868913802,reference,DaRUS-4999/direct_upsampling_data_rungs_1-3/thermodynamic_properties/tridymite_ortho_pbe_d3bj.csv
1692,0,-8.504619081569743,reference,DaRUS-4999/direct_upsampling_data_rungs_1-3/thermodynamic_properties/tridymite_ortho_pbe_d3bj.csv
1693,0,-8.505169449446692,reference,DaRUS-4999/direct_upsampling_data_rungs_1-3/thermodynamic_properties/tridymite_ortho_pbe_d3bj.csv
1694,0,-8.505719972458746,reference,DaRUS-4999/direct_upsampling_data_rungs_1-3/thermodynamic_properties/tridymite_ortho_pbe_d3bj.csv
1695,0,-8.50627065052011,reference,DaRUS-4999/direct_upsampling_data_rungs_1-3/thermodynamic_properties/tridymite_ortho_pbe_d3bj.csv
1696,0,-8.506821483545076,reference,DaRUS-4999/direct_upsampling_data_rungs_1-3/thermodynamic_properties/tridymite_ortho_pbe_d3bj.csv
1697,0,-8.507372471448047,reference,DaRUS-4999/direct_upsampling_data_rungs_1-3/thermodynamic_properties/tridymite_ortho_pbe_d3bj.csv
1698,0,-8.507923614143502,reference,DaRUS-4999/direct_upsampling_data_rungs_1-3/thermodynamic_properties/tridymite_ortho_pbe_d3bj.csv
1699,0,-8.508474911546031,reference,DaRUS-4999/direct_upsampling_data_rungs_1-3/thermodynamic_properties/tridymite_ortho_pbe_d3bj.csv
1700,0,-8.509026363570317,reference,DaRUS-4999/direct_upsampling_data_rungs_1-3/thermodynamic_properties/tridymite_ortho_pbe_d3bj.csv
1701,0,-8.509577970131138,reference,DaRUS-4999/direct_upsampling_data_rungs_1-3/thermodynamic_properties/tridymite_ortho_pbe_d3bj.csv
1702,0,-8.510129731143364,reference,DaRUS-4999/direct_upsampling_data_rungs_1-3/thermodynamic_properties/tridymite_ortho_pbe_d3bj.csv
1703,0,-8.510681646521963,reference,DaRUS-4999/direct_upsampling_data_rungs_1-3/thermodynamic_properties/tridymite_ortho_pbe_d3bj.csv
1704,0,-8.511233716182005,reference,DaRUS-4999/direct_upsampling_data_rungs_1-3/thermodynamic_properties/tridymite_ortho_pbe_d3bj.csv
1705,0,-8.511785940038644,reference,DaRUS-4999/direct_upsampling_data_rungs_1-3/thermodynamic_properties/tridymite_ortho_pbe_d3bj.csv
1706,0,-8.512338318007133,reference,DaRUS-4999/direct_upsampling_data_rungs_1-3/thermodynamic_properties/tridymite_ortho_pbe_d3bj.csv
1707,0,-8.512890850002828,reference,DaRUS-4999/direct_upsampling_data_rungs_1-3/thermodynamic_properties/tridymite_ortho_pbe_d3bj.csv
1708,0,-8.513443535941169,reference,DaRUS-4999/direct_upsampling_data_rungs_1-3/thermodynamic_properties/tridymite_ortho_pbe_d3bj.csv
1709,0,-8.513996375737694,reference,DaRUS-4999/direct_upsampling_data_rungs_1-3/thermodynamic_properties/tridymite_ortho_pbe_d3bj.csv
1710,0,-8.514549369308035,reference,DaRUS-4999/direct_upsampling_data_rungs_1-3/thermodynamic_properties/tridymite_ortho_pbe_d3bj.csv
1711,0,-8.515102516567927,reference,DaRUS-4999/direct_upsampling_data_rungs_1-3/thermodynamic_properties/tridymite_ortho_pbe_d3bj.csv
1712,0,-8.515655817433183,reference,DaRUS-4999/direct_upsampling_data_rungs_1-3/thermodynamic_properties/tridymite_ortho_pbe_d3bj.csv
1713,0,-8.51620927181972,reference,DaRUS-4999/direct_upsampling_data_rungs_1-3/thermodynamic_properties/tridymite_ortho_pbe_d3bj.csv
1714,0,-8.516762879643547,reference,DaRUS-4999/direct_upsampling_data_rungs_1-3/thermodynamic_properties/tridymite_ortho_pbe_d3bj.csv
1715,0,-8.51731664082077,reference,DaRUS-4999/direct_upsampling_data_rungs_1-3/thermodynamic_properties/tridymite_ortho_pbe_d3bj.csv
1716,0,-8.517870555267582,reference,DaRUS-4999/direct_upsampling_data_rungs_1-3/thermodynamic_properties/tridymite_ortho_pbe_d3bj.csv
1717,0,-8.518424622900278,reference,DaRUS-4999/direct_upsampling_data_rungs_1-3/thermodynamic_properties/tridymite_ortho_pbe_d3bj.csv
1718,0,-8.518978843635233,reference,DaRUS-4999/direct_upsampling_data_rungs_1-3/thermodynamic_properties/tridymite_ortho_pbe_d3bj.csv
1719,0,-8.519533217388929,reference,DaRUS-4999/direct_upsampling_data_rungs_1-3/thermodynamic_properties/tridymite_ortho_pbe_d3bj.csv
1720,0,-8.520087744077932,reference,DaRUS-4999/direct_upsampling_data_rungs_1-3/thermodynamic_properties/tridymite_ortho_pbe_d3bj.csv
1721,0,-8.520642423618906,reference,DaRUS-4999/direct_upsampling_data_rungs_1-3/thermodynamic_properties/tridymite_ortho_pbe_d3bj.csv
1722,0,-8.521197255928602,reference,DaRUS-4999/direct_upsampling_data_rungs_1-3/thermodynamic_properties/tridymite_ortho_pbe_d3bj.csv
1723,0,-8.52175224092387,reference,DaRUS-4999/direct_upsampling_data_rungs_1-3/thermodynamic_properties/tridymite_ortho_pbe_d3bj.csv
1724,0,-8.522307378521646,reference,DaRUS-4999/direct_upsampling_data_rungs_1-3/thermodynamic_properties/tridymite_ortho_pbe_d3bj.csv
1725,0,-8.522862668638963,reference,DaRUS-4999/direct_upsampling_data_rungs_1-3/thermodynamic_properties/tridymite_ortho_pbe_d3bj.csv
1726,0,-8.523418111192944,reference,DaRUS-4999/direct_upsampling_data_rungs_1-3/thermodynamic_properties/tridymite_ortho_pbe_d3bj.csv
1727,0,-8.523973706100803,reference,DaRUS-4999/direct_upsampling_data_rungs_1-3/thermodynamic_properties/tridymite_ortho_pbe_d3bj.csv
1728,0,-8.524529453279845,reference,DaRUS-4999/direct_upsampling_data_rungs_1-3/thermodynamic_properties/tridymite_ortho_pbe_d3bj.csv
1729,0,-8.525085352647473,reference,DaRUS-4999/direct_upsampling_data_rungs_1-3/thermodynamic_properties/tridymite_ortho_pbe_d3bj.csv
1730,0,-8.525641404121171,reference,DaRUS-4999/direct_upsampling_data_rungs_1-3/thermodynamic_properties/tridymite_ortho_pbe_d3bj.csv
1731,0,-8.526197607618524,reference,DaRUS-4999/direct_upsampling_data_rungs_1-3/thermodynamic_properties/tridymite_ortho_pbe_d3bj.csv
1732,0,-8.526753963057203,reference,DaRUS-4999/direct_upsampling_data_rungs_1-3/thermodynamic_properties/tridymite_ortho_pbe_d3bj.csv
1733,0,-8.527310470354971,reference,DaRUS-4999/direct_upsampling_data_rungs_1-3/thermodynamic_properties/tridymite_ortho_pbe_d3bj.csv
1734,0,-8.527867129429678,reference,DaRUS-4999/direct_upsampling_data_rungs_1-3/thermodynamic_properties/tridymite_ortho_pbe_d3bj.csv
1735,0,-8.528423940199273,reference,DaRUS-4999/direct_upsampling_data_rungs_1-3/thermodynamic_properties/tridymite_ortho_pbe_d3bj.csv
1736,0,-8.52898090258179,reference,DaRUS-4999/direct_upsampling_data_rungs_1-3/thermodynamic_properties/tridymite_ortho_pbe_d3bj.csv
1737,0,-8.529538016495353,reference,DaRUS-4999/direct_upsampling_data_rungs_1-3/thermodynamic_properties/tridymite_ortho_pbe_d3bj.csv
1738,0,-8.530095281858177,reference,DaRUS-4999/direct_upsampling_data_rungs_1-3/thermodynamic_properties/tridymite_ortho_pbe_d3bj.csv
1739,0,-8.530652698588566,reference,DaRUS-4999/direct_upsampling_data_rungs_1-3/thermodynamic_properties/tridymite_ortho_pbe_d3bj.csv
1740,0,-8.531210266604923,reference,DaRUS-4999/direct_upsampling_data_rungs_1-3/thermodynamic_properties/tridymite_ortho_pbe_d3bj.csv
1741,0,-8.531767985825724,reference,DaRUS-4999/direct_upsampling_data_rungs_1-3/thermodynamic_properties/tridymite_ortho_pbe_d3bj.csv
1742,0,-8.532325856169548,reference,DaRUS-4999/direct_upsampling_data_rungs_1-3/thermodynamic_properties/tridymite_ortho_pbe_d3bj.csv
1743,0,-8.532883877555062,reference,DaRUS-4999/direct_upsampling_data_rungs_1-3/thermodynamic_properties/tridymite_ortho_pbe_d3bj.csv
1744,0,-8.533442049901012,reference,DaRUS-4999/direct_upsampling_data_rungs_1-3/thermodynamic_properties/tridymite_ortho_pbe_d3bj.csv
1745,0,-8.534000373126251,reference,DaRUS-4999/direct_upsampling_data_rungs_1-3/thermodynamic_properties/tridymite_ortho_pbe_d3bj.csv
1746,0,-8.5345588471497,reference,DaRUS-4999/direct_upsampling_data_rungs_1-3/thermodynamic_properties/tridymite_ortho_pbe_d3bj.csv
1747,0,-8.535117471890391,reference,DaRUS-4999/direct_upsampling_data_rungs_1-3/thermodynamic_properties/tridymite_ortho_pbe_d3bj.csv
1748,0,-8.535676247267425,reference,DaRUS-4999/direct_upsampling_data_rungs_1-3/thermodynamic_properties/tridymite_ortho_pbe_d3bj.csv
1749,0,-8.536235173200007,reference,DaRUS-4999/direct_upsampling_data_rungs_1-3/thermodynamic_properties/tridymite_ortho_pbe_d3bj.csv
1750,0,-8.536794249607414,reference,DaRUS-4999/direct_upsampling_data_rungs_1-3/thermodynamic_properties/tridymite_ortho_pbe_d3bj.csv
1751,0,-8.537353476409031,reference,DaRUS-4999/direct_upsampling_data_rungs_1-3/thermodynamic_properties/tridymite_ortho_pbe_d3bj.csv
1752,0,-8.53791285352432,reference,DaRUS-4999/direct_upsampling_data_rungs_1-3/thermodynamic_properties/tridymite_ortho_pbe_d3bj.csv
1753,0,-8.538472380872829,reference,DaRUS-4999/direct_upsampling_data_rungs_1-3/thermodynamic_properties/tridymite_ortho_pbe_d3bj.csv
1754,0,-8.539032058374197,reference,DaRUS-4999/direct_upsampling_data_rungs_1-3/thermodynamic_properties/tridymite_ortho_pbe_d3bj.csv
1755,0,-8.539591885948155,reference,DaRUS-4999/direct_upsampling_data_rungs_1-3/thermodynamic_properties/tridymite_ortho_pbe_d3bj.csv
1756,0,-8.540151863514513,reference,DaRUS-4999/direct_upsampling_data_rungs_1-3/thermodynamic_properties/tridymite_ortho_pbe_d3bj.csv
1757,0,-8.540711990993177,reference,DaRUS-4999/direct_upsampling_data_rungs_1-3/thermodynamic_properties/tridymite_ortho_pbe_d3bj.csv
1758,0,-8.541272268304137,reference,DaRUS-4999/direct_upsampling_data_rungs_1-3/thermodynamic_properties/tridymite_ortho_pbe_d3bj.csv
1759,0,-8.541832695367466,reference,DaRUS-4999/direct_upsampling_data_rungs_1-3/thermodynamic_properties/tridymite_ortho_pbe_d3bj.csv
1760,0,-8.542393272103332,reference,DaRUS-4999/direct_upsampling_data_rungs_1-3/thermodynamic_properties/tridymite_ortho_pbe_d3bj.csv
1761,0,-8.542953998431983,reference,DaRUS-4999/direct_upsampling_data_rungs_1-3/thermodynamic_properties/tridymite_ortho_pbe_d3bj.csv
1762,0,-8.543514874273759,reference,DaRUS-4999/direct_upsampling_data_rungs_1-3/thermodynamic_properties/tridymite_ortho_pbe_d3bj.csv
1763,0,-8.544075899549084,reference,DaRUS-4999/direct_upsampling_data_rungs_1-3/thermodynamic_properties/tridymite_ortho_pbe_d3bj.csv
1764,0,-8.544637074178468,reference,DaRUS-4999/direct_upsampling_data_rungs_1-3/thermodynamic_properties/tridymite_ortho_pbe_d3bj.csv
1765,0,-8.545198398082507,reference,DaRUS-4999/direct_upsampling_data_rungs_1-3/thermodynamic_properties/tridymite_ortho_pbe_d3bj.csv
1766,0,-8.545759871181888,reference,DaRUS-4999/direct_upsampling_data_rungs_1-3/thermodynamic_properties/tridymite_ortho_pbe_d3bj.csv
1767,0,-8.546321493397377,reference,DaRUS-4999/direct_upsampling_data_rungs_1-3/thermodynamic_properties/tridymite_ortho_pbe_d3bj.csv
1768,0,-8.546883264649832,reference,DaRUS-4999/direct_upsampling_data_rungs_1-3/thermodynamic_properties/tridymite_ortho_pbe_d3bj.csv
1769,0,-8.547445184860194,reference,DaRUS-4999/direct_upsampling_data_rungs_1-3/thermodynamic_properties/tridymite_ortho_pbe_d3bj.csv
1770,0,-8.548007253949489,reference,DaRUS-4999/direct_upsampling_data_rungs_1-3/thermodynamic_properties/tridymite_ortho_pbe_d3bj.csv
1771,0,-8.548569471838835,reference,DaRUS-4999/direct_upsampling_data_rungs_1-3/thermodynamic_properties/tridymite_ortho_pbe_d3bj.csv
1772,0,-8.549131838449425,reference,DaRUS-4999/direct_upsampling_data_rungs_1-3/thermodynamic_properties/tridymite_ortho_pbe_d3bj.csv
1773,0,-8.54969435370254,reference,DaRUS-4999/direct_upsampling_data_rungs_1-3/thermodynamic_properties/tridymite_ortho_pbe_d3bj.csv
1774,0,-8.550257017519558,reference,DaRUS-4999/direct_upsampling_data_rungs_1-3/thermodynamic_properties/tridymite_ortho_pbe_d3bj.csv
1775,0,-8.55081982982192,reference,DaRUS-4999/direct_upsampling_data_rungs_1-3/thermodynamic_properties/tridymite_ortho_pbe_d3bj.csv
1776,0,-8.551382790531177,reference,DaRUS-4999/direct_upsampling_data_rungs_1-3/thermodynamic_properties/tridymite_ortho_pbe_d3bj.csv
1777,0,-8.551945899568947,reference,DaRUS-4999/direct_upsampling_data_rungs_1-3/thermodynamic_properties/tridymite_ortho_pbe_d3bj.csv
1778,0,-8.552509156856935,reference,DaRUS-4999/direct_upsampling_data_rungs_1-3/thermodynamic_properties/tridymite_ortho_pbe_d3bj.csv
1779,0,-8.553072562316943,reference,DaRUS-4999/direct_upsampling_data_rungs_1-3/thermodynamic_properties/tridymite_ortho_pbe_d3bj.csv
1780,0,-8.553636115870837,reference,DaRUS-4999/direct_upsampling_data_rungs_1-3/thermodynamic_properties/tridymite_ortho_pbe_d3bj.csv
1781,0,-8.554199817440582,reference,DaRUS-4999/direct_upsampling_data_rungs_1-3/thermodynamic_properties/tridymite_ortho_pbe_d3bj.csv
1782,0,-8.554763666948226,reference,DaRUS-4999/direct_upsampling_data_rungs_1-3/thermodynamic_properties/tridymite_ortho_pbe_d3bj.csv
1783,0,-8.555327664315891,reference,DaRUS-4999/direct_upsampling_data_rungs_1-3/thermodynamic_properties/tridymite_ortho_pbe_d3bj.csv
1784,0,-8.555891809465802,reference,DaRUS-4999/direct_upsampling_data_rungs_1-3/thermodynamic_properties/tridymite_ortho_pbe_d3bj.csv
1785,0,-8.556456102320244,reference,DaRUS-4999/direct_upsampling_data_rungs_1-3/thermodynamic_properties/tridymite_ortho_pbe_d3bj.csv
1786,0,-8.557020542801601,reference,DaRUS-4999/direct_upsampling_data_rungs_1-3/thermodynamic_properties/tridymite_ortho_pbe_d3bj.csv
1787,0,-8.557585130832338,reference,DaRUS-4999/direct_upsampling_data_rungs_1-3/thermodynamic_properties/tridymite_ortho_pbe_d3bj.csv
1788,0,-8.558149866335002,reference,DaRUS-4999/direct_upsampling_data_rungs_1-3/thermodynamic_properties/tridymite_ortho_pbe_d3bj.csv
1789,0,-8.558714749232223,reference,DaRUS-4999/direct_upsampling_data_rungs_1-3/thermodynamic_properties/tridymite_ortho_pbe_d3bj.csv
1790,0,-8.559279779446712,reference,DaRUS-4999/direct_upsampling_data_rungs_1-3/thermodynamic_properties/tridymite_ortho_pbe_d3bj.csv
1791,0,-8.559844956901266,reference,DaRUS-4999/direct_upsampling_data_rungs_1-3/thermodynamic_properties/tridymite_ortho_pbe_d3bj.csv
1792,0,-8.560410281518767,reference,DaRUS-4999/direct_upsampling_data_rungs_1-3/thermodynamic_properties/tridymite_ortho_pbe_d3bj.csv
1793,0,-8.560975753222172,reference,DaRUS-4999/direct_upsampling_data_rungs_1-3/thermodynamic_properties/tridymite_ortho_pbe_d3bj.csv
1794,0,-8.561541371934526,reference,DaRUS-4999/direct_upsampling_data_rungs_1-3/thermodynamic_properties/tridymite_ortho_pbe_d3bj.csv
1795,0,-8.562107137578957,reference,DaRUS-4999/direct_upsampling_data_rungs_1-3/thermodynamic_properties/tridymite_ortho_pbe_d3bj.csv
1796,0,-8.562673050078674,reference,DaRUS-4999/direct_upsampling_data_rungs_1-3/thermodynamic_properties/tridymite_ortho_pbe_d3bj.csv
1797,0,-8.563239109356964,reference,DaRUS-4999/direct_upsampling_data_rungs_1-3/thermodynamic_properties/tridymite_ortho_pbe_d3bj.csv
1798,0,-8.563805315337204,reference,DaRUS-4999/direct_upsampling_data_rungs_1-3/thermodynamic_properties/tridymite_ortho_pbe_d3bj.csv
1799,0,-8.564371667942849,reference,DaRUS-4999/direct_upsampling_data_rungs_1-3/thermodynamic_properties/tridymite_ortho_pbe_d3bj.csv
1800,0,-8.564938167097429,reference,DaRUS-4999/direct_upsampling_data_rungs_1-3/thermodynamic_properties/tridymite_ortho_pbe_d3bj.csv
1801,0,-8.565504812724573,reference,DaRUS-4999/direct_upsampling_data_rungs_1-3/thermodynamic_properties/tridymite_ortho_pbe_d3bj.csv
1802,0,-8.566071604747966,reference,DaRUS-4999/direct_upsampling_data_rungs_1-3/thermodynamic_properties/tridymite_ortho_pbe_d3bj.csv
1803,0,-8.566638543091399,reference,DaRUS-4999/direct_upsampling_data_rungs_1-3/thermodynamic_properties/tridymite_ortho_pbe_d3bj.csv
1804,0,-8.567205627678732,reference,DaRUS-4999/direct_upsampling_data_rungs_1-3/thermodynamic_properties/tridymite_ortho_pbe_d3bj.csv
1805,0,-8.56777285843391,reference,DaRUS-4999/direct_upsampling_data_rungs_1-3/thermodynamic_properties/tridymite_ortho_pbe_d3bj.csv
1806,0,-8.568340235280953,reference,DaRUS-4999/direct_upsampling_data_rungs_1-3/thermodynamic_properties/tridymite_ortho_pbe_d3bj.csv
1807,0,-8.568907758143968,reference,DaRUS-4999/direct_upsampling_data_rungs_1-3/thermodynamic_properties/tridymite_ortho_pbe_d3bj.csv
1808,0,-8.569475426947141,reference,DaRUS-4999/direct_upsampling_data_rungs_1-3/thermodynamic_properties/tridymite_ortho_pbe_d3bj.csv
1809,0,-8.570043241614739,reference,DaRUS-4999/direct_upsampling_data_rungs_1-3/thermodynamic_properties/tridymite_ortho_pbe_d3bj.csv
1810,0,-8.570611202071106,reference,DaRUS-4999/direct_upsampling_data_rungs_1-3/thermodynamic_properties/tridymite_ortho_pbe_d3bj.csv
1811,0,-8.571179308240673,reference,DaRUS-4999/direct_upsampling_data_rungs_1-3/thermodynamic_properties/tridymite_ortho_pbe_d3bj.csv
1812,0,-8.571747560047942,reference,DaRUS-4999/direct_upsampling_data_rungs_1-3/thermodynamic_properties/tridymite_ortho_pbe_d3bj.csv
1813,0,-8.572315957417509,reference,DaRUS-4999/direct_upsampling_data_rungs_1-3/thermodynamic_properties/tridymite_ortho_pbe_d3bj.csv
1814,0,-8.572884500274034,reference,DaRUS-4999/direct_upsampling_data_rungs_1-3/thermodynamic_properties/tridymite_ortho_pbe_d3bj.csv
1815,0,-8.573453188542269,reference,DaRUS-4999/direct_upsampling_data_rungs_1-3/thermodynamic_properties/tridymite_ortho_pbe_d3bj.csv
1816,0,-8.574022022147034,reference,DaRUS-4999/direct_upsampling_data_rungs_1-3/thermodynamic_properties/tridymite_ortho_pbe_d3bj.csv
1817,0,-8.574591001013243,reference,DaRUS-4999/direct_upsampling_data_rungs_1-3/thermodynamic_properties/tridymite_ortho_pbe_d3bj.csv
1818,0,-8.575160125065878,reference,DaRUS-4999/direct_upsampling_data_rungs_1-3/thermodynamic_properties/tridymite_ortho_pbe_d3bj.csv
1819,0,-8.575729394230006,reference,DaRUS-4999/direct_upsampling_data_rungs_1-3/thermodynamic_properties/tridymite_ortho_pbe_d3bj.csv
1820,0,-8.576298808430773,reference,DaRUS-4999/direct_upsampling_data_rungs_1-3/thermodynamic_properties/tridymite_ortho_pbe_d3bj.csv
1821,0,-8.576868367593399,reference,DaRUS-4999/direct_upsampling_data_rungs_1-3/thermodynamic_properties/tridymite_ortho_pbe_d3bj.csv
1822,0,-8.577438071643192,reference,DaRUS-4999/direct_upsampling_data_rungs_1-3/thermodynamic_properties/tridymite_ortho_pbe_d3bj.csv
1823,0,-8.578007920505527,reference,DaRUS-4999/direct_upsampling_data_rungs_1-3/thermodynamic_properties/tridymite_ortho_pbe_d3bj.csv
1824,0,-8.578577914105871,reference,DaRUS-4999/direct_upsampling_data_rungs_1-3/thermodynamic_properties/tridymite_ortho_pbe_d3bj.csv
1825,0,-8.57914805236976,reference,DaRUS-4999/direct_upsampling_data_rungs_1-3/thermodynamic_properties/tridymite_ortho_pbe_d3bj.csv
1826,0,-8.579718335222811,reference,DaRUS-4999/direct_upsampling_data_rungs_1-3/thermodynamic_properties/tridymite_ortho_pbe_d3bj.csv
1827,0,-8.580288762590721,reference,DaRUS-4999/direct_upsampling_data_rungs_1-3/thermodynamic_properties/tridymite_ortho_pbe_d3bj.csv
1828,0,-8.580859334399266,reference,DaRUS-4999/direct_upsampling_data_rungs_1-3/thermodynamic_properties/tridymite_ortho_pbe_d3bj.csv
1829,0,-8.581430050574292,reference,DaRUS-4999/direct_upsampling_data_rungs_1-3/thermodynamic_properties/tridymite_ortho_pbe_d3bj.csv
1830,0,-8.582000911041735,reference,DaRUS-4999/direct_upsampling_data_rungs_1-3/thermodynamic_properties/tridymite_ortho_pbe_d3bj.csv
1831,0,-8.582571915727602,reference,DaRUS-4999/direct_upsampling_data_rungs_1-3/thermodynamic_properties/tridymite_ortho_pbe_d3bj.csv
1832,0,-8.58314306455798,reference,DaRUS-4999/direct_upsampling_data_rungs_1-3/thermodynamic_properties/tridymite_ortho_pbe_d3bj.csv
1833,0,-8.58371435745903,reference,DaRUS-4999/direct_upsampling_data_rungs_1-3/thermodynamic_properties/tridymite_ortho_pbe_d3bj.csv
1834,0,-8.584285794356994,reference,DaRUS-4999/direct_upsampling_data_rungs_1-3/thermodynamic_properties/tridymite_ortho_pbe_d3bj.csv
1835,0,-8.584857375178192,reference,DaRUS-4999/direct_upsampling_data_rungs_1-3/thermodynamic_properties/tridymite_ortho_pbe_d3bj.csv
1836,0,-8.585429099849017,reference,DaRUS-4999/direct_upsampling_data_rungs_1-3/thermodynamic_properties/tridymite_ortho_pbe_d3bj.csv
1837,0,-8.586000968295945,reference,DaRUS-4999/direct_upsampling_data_rungs_1-3/thermodynamic_properties/tridymite_ortho_pbe_d3bj.csv
1838,0,-8.586572980445524,reference,DaRUS-4999/direct_upsampling_data_rungs_1-3/thermodynamic_properties/tridymite_ortho_pbe_d3bj.csv
1839,0,-8.587145136224384,reference,DaRUS-4999/direct_upsampling_data_rungs_1-3/thermodynamic_properties/tridymite_ortho_pbe_d3bj.csv
1840,0,-8.587717435559226,reference,DaRUS-4999/direct_upsampling_data_rungs_1-3/thermodynamic_properties/tridymite_ortho_pbe_d3bj.csv
1841,0,-8.58828987837683,reference,DaRUS-4999/direct_upsampling_data_rungs_1-3/thermodynamic_properties/tridymite_ortho_pbe_d3bj.csv
1842,0,-8.588862464604057,reference,DaRUS-4999/direct_upsampling_data_rungs_1-3/thermodynamic_properties/tridymite_ortho_pbe_d3bj.csv
1843,0,-8.589435194167839,reference,DaRUS-4999/direct_upsampling_data_rungs_1-3/thermodynamic_properties/tridymite_ortho_pbe_d3bj.csv
1844,0,-8.590008066995184,reference,DaRUS-4999/direct_upsampling_data_rungs_1-3/thermodynamic_properties/tridymite_ortho_pbe_d3bj.csv
1845,0,-8.590581083013179,reference,DaRUS-4999/direct_upsampling_data_rungs_1-3/thermodynamic_properties/tridymite_ortho_pbe_d3bj.csv
1846,0,-8.591154242148988,reference,DaRUS-4999/direct_upsampling_data_rungs_1-3/thermodynamic_properties/tridymite_ortho_pbe_d3bj.csv
1847,0,-8.591727544329849,reference,DaRUS-4999/direct_upsampling_data_rungs_1-3/thermodynamic_properties/tridymite_ortho_pbe_d3bj.csv
1848,0,-8.592300989483073,reference,DaRUS-4999/direct_upsampling_data_rungs_1-3/thermodynamic_properties/tridymite_ortho_pbe_d3bj.csv
1849,0,-8.592874577536055,reference,DaRUS-4999/direct_upsampling_data_rungs_1-3/thermodynamic_properties/tridymite_ortho_pbe_d3bj.csv
1850,0,-8.59344830841626,reference,DaRUS-4999/direct_upsampling_data_rungs_1-3/thermodynamic_properties/tridymite_ortho_pbe_d3bj.csv
1851,0,-8.594022182051221,reference,DaRUS-4999/direct_upsampling_data_rungs_1-3/thermodynamic_properties/tridymite_ortho_pbe_d3bj.csv
1852,0,-8.594596198368567,reference,DaRUS-4999/direct_upsampling_data_rungs_1-3/thermodynamic_properties/tridymite_ortho_pbe_d3bj.csv
1853,0,-8.595170357295983,reference,DaRUS-4999/direct_upsampling_data_rungs_1-3/thermodynamic_properties/tridymite_ortho_pbe_d3bj.csv
1854,0,-8.595744658761234,reference,DaRUS-4999/direct_upsampling_data_rungs_1-3/thermodynamic_properties/tridymite_ortho_pbe_d3bj.csv
1855,0,-8.596319102692169,reference,DaRUS-4999/direct_upsampling_data_rungs_1-3/thermodynamic_properties/tridymite_ortho_pbe_d3bj.csv
1856,0,-8.596893689016699,reference,DaRUS-4999/direct_upsampling_data_rungs_1-3/thermodynamic_properties/tridymite_ortho_pbe_d3bj.csv
1857,0,-8.597468417662817,reference,DaRUS-4999/direct_upsampling_data_rungs_1-3/thermodynamic_properties/tridymite_ortho_pbe_d3bj.csv
1858,0,-8.598043288558598,reference,DaRUS-4999/direct_upsampling_data_rungs_1-3/thermodynamic_properties/tridymite_ortho_pbe_d3bj.csv
1859,0,-8.598618301632172,reference,DaRUS-4999/direct_upsampling_data_rungs_1-3/thermodynamic_properties/tridymite_ortho_pbe_d3bj.csv
1860,0,-8.599193456811761,reference,DaRUS-4999/direct_upsampling_data_rungs_1-3/thermodynamic_properties/tridymite_ortho_pbe_d3bj.csv
1861,0,-8.599768754025654,reference,DaRUS-4999/direct_upsampling_data_rungs_1-3/thermodynamic_properties/tridymite_ortho_pbe_d3bj.csv
1862,0,-8.600344193202211,reference,DaRUS-4999/direct_upsampling_data_rungs_1-3/thermodynamic_properties/tridymite_ortho_pbe_d3bj.csv
1863,0,-8.600919774269881,reference,DaRUS-4999/direct_upsampling_data_rungs_1-3/thermodynamic_properties/tridymite_ortho_pbe_d3bj.csv
1864,0,-8.601495497157169,reference,DaRUS-4999/direct_upsampling_data_rungs_1-3/thermodynamic_properties/tridymite_ortho_pbe_d3bj.csv
1865,0,-8.602071361792662,reference,DaRUS-4999/direct_upsampling_data_rungs_1-3/thermodynamic_properties/tridymite_ortho_pbe_d3bj.csv
1866,0,-8.602647368105023,reference,DaRUS-4999/direct_upsampling_data_rungs_1-3/thermodynamic_properties/tridymite_ortho_pbe_d3bj.csv
1867,0,-8.603223516022986,reference,DaRUS-4999/direct_upsampling_data_rungs_1-3/thermodynamic_properties/tridymite_ortho_pbe_d3bj.csv
1868,0,-8.60379980547536,reference,DaRUS-4999/direct_upsampling_data_rungs_1-3/thermodynamic_properties/tridymite_ortho_pbe_d3bj.csv
1869,0,-8.604376236391023,reference,DaRUS-4999/direct_upsampling_data_rungs_1-3/thermodynamic_properties/tridymite_ortho_pbe_d3bj.csv
1870,0,-8.604952808698933,reference,DaRUS-4999/direct_upsampling_data_rungs_1-3/thermodynamic_properties/tridymite_ortho_pbe_d3bj.csv
1871,0,-8.605529522328114,reference,DaRUS-4999/direct_upsampling_data_rungs_1-3/thermodynamic_properties/tridymite_ortho_pbe_d3bj.csv
1872,0,-8.606106377207674,reference,DaRUS-4999/direct_upsampling_data_rungs_1-3/thermodynamic_properties/tridymite_ortho_pbe_d3bj.csv
1873,0,-8.60668337326678,reference,DaRUS-4999/direct_upsampling_data_rungs_1-3/thermodynamic_properties/tridymite_ortho_pbe_d3bj.csv
1874,0,-8.607260510434685,reference,DaRUS-4999/direct_upsampling_data_rungs_1-3/thermodynamic_properties/tridymite_ortho_pbe_d3bj.csv
1875,0,-8.607837788640703,reference,DaRUS-4999/direct_upsampling_data_rungs_1-3/thermodynamic_properties/tridymite_ortho_pbe_d3bj.csv
1876,0,-8.608415207814234,reference,DaRUS-4999/direct_upsampling_data_rungs_1-3/thermodynamic_properties/tridymite_ortho_pbe_d3bj.csv
1877,0,-8.608992767884738,reference,DaRUS-4999/direct_upsampling_data_rungs_1-3/thermodynamic_properties/tridymite_ortho_pbe_d3bj.csv
1878,0,-8.609570468781753,reference,DaRUS-4999/direct_upsampling_data_rungs_1-3/thermodynamic_properties/tridymite_ortho_pbe_d3bj.csv
1879,0,-8.610148310434894,reference,DaRUS-4999/direct_upsampling_data_rungs_1-3/thermodynamic_properties/tridymite_ortho_pbe_d3bj.csv
1880,0,-8.61072629277384,reference,DaRUS-4999/direct_upsampling_data_rungs_1-3/thermodynamic_properties/tridymite_ortho_pbe_d3bj.csv
1881,0,-8.611304415728345,reference,DaRUS-4999/direct_upsampling_data_rungs_1-3/thermodynamic_properties/tridymite_ortho_pbe_d3bj.csv
1882,0,-8.611882679228239,reference,DaRUS-4999/direct_upsampling_data_rungs_1-3/thermodynamic_properties/tridymite_ortho_pbe_d3bj.csv
1883,0,-8.612461083203417,reference,DaRUS-4999/direct_upsampling_data_rungs_1-3/thermodynamic_properties/tridymite_ortho_pbe_d3bj.csv
1884,0,-8.613039627583852,reference,DaRUS-4999/direct_upsampling_data_rungs_1-3/thermodynamic_properties/tridymite_ortho_pbe_d3bj.csv
1885,0,-8.613618312299588,reference,DaRUS-4999/direct_upsampling_data_rungs_1-3/thermodynamic_properties/tridymite_ortho_pbe_d3bj.csv
1886,0,-8.614197137280733,reference,DaRUS-4999/direct_upsampling_data_rungs_1-3/thermodynamic_properties/tridymite_ortho_pbe_d3bj.csv
1887,0,-8.614776102457478,reference,DaRUS-4999/direct_upsampling_data_rungs_1-3/thermodynamic_properties/tridymite_ortho_pbe_d3bj.csv
1888,0,-8.615355207760077,reference,DaRUS-4999/direct_upsampling_data_rungs_1-3/thermodynamic_properties/tridymite_ortho_pbe_d3bj.csv
1889,0,-8.615934453118863,reference,DaRUS-4999/direct_upsampling_data_rungs_1-3/thermodynamic_properties/tridymite_ortho_pbe_d3bj.csv
1890,0,-8.616513838464231,reference,DaRUS-4999/direct_upsampling_data_rungs_1-3/thermodynamic_properties/tridymite_ortho_pbe_d3bj.csv
1891,0,-8.617093363726655,reference,DaRUS-4999/direct_upsampling_data_rungs_1-3/thermodynamic_properties/tridymite_ortho_pbe_d3bj.csv
1892,0,-8.617673028836672,reference,DaRUS-4999/direct_upsampling_data_rungs_1-3/thermodynamic_properties/tridymite_ortho_pbe_d3bj.csv
1893,0,-8.618252833724895,reference,DaRUS-4999/direct_upsampling_data_rungs_1-3/thermodynamic_properties/tridymite_ortho_pbe_d3bj.csv
1894,0,-8.618832778322011,reference,DaRUS-4999/direct_upsampling_data_rungs_1-3/thermodynamic_properties/tridymite_ortho_pbe_d3bj.csv
1895,0,-8.619412862558773,reference,DaRUS-4999/direct_upsampling_data_rungs_1-3/thermodynamic_properties/tridymite_ortho_pbe_d3bj.csv
1896,0,-8.619993086366007,reference,DaRUS-4999/direct_upsampling_data_rungs_1-3/thermodynamic_properties/tridymite_ortho_pbe_d3bj.csv
1897,0,-8.620573449674598,reference,DaRUS-4999/direct_upsampling_data_rungs_1-3/thermodynamic_properties/tridymite_ortho_pbe_d3bj.csv
1898,0,-8.621153952415526,reference,DaRUS-4999/direct_upsampling_data_rungs_1-3/thermodynamic_properties/tridymite_ortho_pbe_d3bj.csv
1899,0,-8.621734594519816,reference,DaRUS-4999/direct_upsampling_data_rungs_1-3/thermodynamic_properties/tridymite_ortho_pbe_d3bj.csv
1900,0,-8.62231537591858,reference,DaRUS-4999/direct_upsampling_data_rungs_1-3/thermodynamic_properties/tridymite_ortho_pbe_d3bj.csv
1901,0,-8.622896296542988,reference,DaRUS-4999/direct_upsampling_data_rungs_1-3/thermodynamic_properties/tridymite_ortho_pbe_d3bj.csv
1902,0,-8.62347735632429,reference,DaRUS-4999/direct_upsampling_data_rungs_1-3/thermodynamic_properties/tridymite_ortho_pbe_d3bj.csv
1903,0,-8.6240585551938,reference,DaRUS-4999/direct_upsampling_data_rungs_1-3/thermodynamic_properties/tridymite_ortho_pbe_d3bj.csv
1904,0,-8.624639893082904,reference,DaRUS-4999/direct_upsampling_data_rungs_1-3/thermodynamic_properties/tridymite_ortho_pbe_d3bj.csv
1905,0,-8.625221369923057,reference,DaRUS-4999/direct_upsampling_data_rungs_1-3/thermodynamic_properties/tridymite_ortho_pbe_d3bj.csv
1906,0,-8.62580298564578,reference,DaRUS-4999/direct_upsampling_data_rungs_1-3/thermodynamic_properties/tridymite_ortho_pbe_d3bj.csv
1907,0,-8.626384740182674,reference,DaRUS-4999/direct_upsampling_data_rungs_1-3/thermodynamic_properties/tridymite_ortho_pbe_d3bj.csv
1908,0,-8.626966633465397,reference,DaRUS-4999/direct_upsampling_data_rungs_1-3/thermodynamic_properties/tridymite_ortho_pbe_d3bj.csv
1909,0,-8.62754866542568,reference,DaRUS-4999/direct_upsampling_data_rungs_1-3/thermodynamic_properties/tridymite_ortho_pbe_d3bj.csv
1910,0,-8.628130835995329,reference,DaRUS-4999/direct_upsampling_data_rungs_1-3/thermodynamic_properties/tridymite_ortho_pbe_d3bj.csv
1911,0,-8.628713145106213,reference,DaRUS-4999/direct_upsampling_data_rungs_1-3/thermodynamic_properties/tridymite_ortho_pbe_d3bj.csv
1912,0,-8.629295592690271,reference,DaRUS-4999/direct_upsampling_data_rungs_1-3/thermodynamic_properties/tridymite_ortho_pbe_d3bj.csv
1913,0,-8.629878178679508,reference,DaRUS-4999/direct_upsampling_data_rungs_1-3/thermodynamic_properties/tridymite_ortho_pbe_d3bj.csv
1914,0,-8.630460903006007,reference,DaRUS-4999/direct_upsampling_data_rungs_1-3/thermodynamic_properties/tridymite_ortho_pbe_d3bj.csv
1915,0,-8.631043765601911,reference,DaRUS-4999/direct_upsampling_data_rungs_1-3/thermodynamic_properties/tridymite_ortho_pbe_d3bj.csv
1916,0,-8.631626766399433,reference,DaRUS-4999/direct_upsampling_data_rungs_1-3/thermodynamic_properties/tridymite_ortho_pbe_d3bj.csv
1917,0,-8.632209905330855,reference,DaRUS-4999/direct_upsampling_data_rungs_1-3/thermodynamic_properties/tridymite_ortho_pbe_d3bj.csv
1918,0,-8.632793182328532,reference,DaRUS-4999/direct_upsampling_data_rungs_1-3/thermodynamic_properties/tridymite_ortho_pbe_d3bj.csv
1919,0,-8.633376597324876,reference,DaRUS-4999/direct_upsampling_data_rungs_1-3/thermodynamic_properties/tridymite_ortho_pbe_d3bj.csv
1920,0,-8.63396015025238,reference,DaRUS-4999/direct_upsampling_data_rungs_1-3/thermodynamic_properties/tridymite_ortho_pbe_d3bj.csv
1921,0,-8.634543841043598,reference,DaRUS-4999/direct_upsampling_data_rungs_1-3/thermodynamic_properties/tridymite_ortho_pbe_d3bj.csv
1922,0,-8.635127669631151,reference,DaRUS-4999/direct_upsampling_data_rungs_1-3/thermodynamic_properties/tridymite_ortho_pbe_d3bj.csv
1923,0,-8.635711635947729,reference,DaRUS-4999/direct_upsampling_data_rungs_1-3/thermodynamic_properties/tridymite_ortho_pbe_d3bj.csv
1924,0,-8.636295739926094,reference,DaRUS-4999/direct_upsampling_data_rungs_1-3/thermodynamic_properties/tridymite_ortho_pbe_d3bj.csv
1925,0,-8.636879981499067,reference,DaRUS-4999/direct_upsampling_data_rungs_1-3/thermodynamic_properties/tridymite_ortho_pbe_d3bj.csv
1926,0,-8.637464360599546,reference,DaRUS-4999/direct_upsampling_data_rungs_1-3/thermodynamic_properties/tridymite_ortho_pbe_d3bj.csv
1927,0,-8.638048877160493,reference,DaRUS-4999/direct_upsampling_data_rungs_1-3/thermodynamic_properties/tridymite_ortho_pbe_d3bj.csv
1928,0,-8.63863353111493,reference,DaRUS-4999/direct_upsampling_data_rungs_1-3/thermodynamic_properties/tridymite_ortho_pbe_d3bj.csv
1929,0,-8.639218322395958,reference,DaRUS-4999/direct_upsampling_data_rungs_1-3/thermodynamic_properties/tridymite_ortho_pbe_d3bj.csv
1930,0,-8.63980325093674,reference,DaRUS-4999/direct_upsampling_data_rungs_1-3/thermodynamic_properties/tridymite_ortho_pbe_d3bj.csv
1931,0,-8.640388316670499,reference,DaRUS-4999/direct_upsampling_data_rungs_1-3/thermodynamic_properties/tridymite_ortho_pbe_d3bj.csv
1932,0,-8.640973519530538,reference,DaRUS-4999/direct_upsampling_data_rungs_1-3/thermodynamic_properties/tridymite_ortho_pbe_d3bj.csv
1933,0,-8.641558859450218,reference,DaRUS-4999/direct_upsampling_data_rungs_1-3/thermodynamic_properties/tridymite_ortho_pbe_d3bj.csv
1934,0,-8.642144336362968,reference,DaRUS-4999/direct_upsampling_data_rungs_1-3/thermodynamic_properties/tridymite_ortho_pbe_d3bj.csv
1935,0,-8.642729950202284,reference,DaRUS-4999/direct_upsampling_data_rungs_1-3/thermodynamic_properties/tridymite_ortho_pbe_d3bj.csv
1936,0,-8.643315700901731,reference,DaRUS-4999/direct_upsampling_data_rungs_1-3/thermodynamic_properties/tridymite_ortho_pbe_d3bj.csv
1937,0,-8.643901588394939,reference,DaRUS-4999/direct_upsampling_data_rungs_1-3/thermodynamic_properties/tridymite_ortho_pbe_d3bj.csv
1938,0,-8.644487612615601,reference,DaRUS-4999/direct_upsampling_data_rungs_1-3/thermodynamic_properties/tridymite_ortho_pbe_d3bj.csv
1939,0,-8.645073773497481,reference,DaRUS-4999/direct_upsampling_data_rungs_1-3/thermodynamic_properties/tridymite_ortho_pbe_d3bj.csv
1940,0,-8.645660070974404,reference,DaRUS-4999/direct_upsampling_data_rungs_1-3/thermodynamic_properties/tridymite_ortho_pbe_d3bj.csv
1941,0,-8.646246504980272,reference,DaRUS-4999/direct_upsampling_data_rungs_1-3/thermodynamic_properties/tridymite_ortho_pbe_d3bj.csv
1942,0,-8.646833075449036,reference,DaRUS-4999/direct_upsampling_data_rungs_1-3/thermodynamic_properties/tridymite_ortho_pbe_d3bj.csv
1943,0,-8.647419782314724,reference,DaRUS-4999/direct_upsampling_data_rungs_1-3/thermodynamic_properties/tridymite_ortho_pbe_d3bj.csv
1944,0,-8.648006625511433,reference,DaRUS-4999/direct_upsampling_data_rungs_1-3/thermodynamic_properties/tridymite_ortho_pbe_d3bj.csv
1945,0,-8.648593604973319,reference,DaRUS-4999/direct_upsampling_data_rungs_1-3/thermodynamic_properties/tridymite_ortho_pbe_d3bj.csv
1946,0,-8.649180720634597,reference,DaRUS-4999/direct_upsampling_data_rungs_1-3/thermodynamic_properties/tridymite_ortho_pbe_d3bj.csv
1947,0,-8.649767972429562,reference,DaRUS-4999/direct_upsampling_data_rungs_1-3/thermodynamic_properties/tridymite_ortho_pbe_d3bj.csv
1948,0,-8.650355360292565,reference,DaRUS-4999/direct_upsampling_data_rungs_1-3/thermodynamic_properties/tridymite_ortho_pbe_d3bj.csv
1949,0,-8.650942884158029,reference,DaRUS-4999/direct_upsampling_data_rungs_1-3/thermodynamic_properties/tridymite_ortho_pbe_d3bj.csv
1950,0,-8.651530543960433,reference,DaRUS-4999/direct_upsampling_data_rungs_1-3/thermodynamic_properties/tridymite_ortho_pbe_d3bj.csv
1951,0,-8.652118339634329,reference,DaRUS-4999/direct_upsampling_data_rungs_1-3/thermodynamic_properties/tridymite_ortho_pbe_d3bj.csv
1952,0,-8.652706271114333,reference,DaRUS-4999/direct_upsampling_data_rungs_1-3/thermodynamic_properties/tridymite_ortho_pbe_d3bj.csv
1953,0,-8.653294338335117,reference,DaRUS-4999/direct_upsampling_data_rungs_1-3/thermodynamic_properties/tridymite_ortho_pbe_d3bj.csv
1954,0,-8.653882541231431,reference,DaRUS-4999/direct_upsampling_data_rungs_1-3/thermodynamic_properties/tridymite_ortho_pbe_d3bj.csv
1955,0,-8.654470879738083,reference,DaRUS-4999/direct_upsampling_data_rungs_1-3/thermodynamic_properties/tridymite_ortho_pbe_d3bj.csv
1956,0,-8.655059353789945,reference,DaRUS-4999/direct_upsampling_data_rungs_1-3/thermodynamic_properties/tridymite_ortho_pbe_d3bj.csv
1957,0,-8.65564796332195,reference,DaRUS-4999/direct_upsampling_data_rungs_1-3/thermodynamic_properties/tridymite_ortho_pbe_d3bj.csv
1958,0,-8.656236708269105,reference,DaRUS-4999/direct_upsampling_data_rungs_1-3/thermodynamic_properties/tridymite_ortho_pbe_d3bj.csv
1959,0,-8.656825588566479,reference,DaRUS-4999/direct_upsampling_data_rungs_1-3/thermodynamic_properties/tridymite_ortho_pbe_d3bj.csv
1960,0,-8.657414604149196,reference,DaRUS-4999/direct_upsampling_data_rungs_1-3/thermodynamic_properties/tridymite_ortho_pbe_d3bj.csv
1961,0,-8.658003754952452,reference,DaRUS-4999/direct_upsampling_data_rungs_1-3/thermodynamic_properties/tridymite_ortho_pbe_d3bj.csv
1962,0,-8.65859304091151,reference,DaRUS-4999/direct_upsampling_data_rungs_1-3/thermodynamic_properties/tridymite_ortho_pbe_d3bj.csv
1963,0,-8.659182461961688,reference,DaRUS-4999/direct_upsampling_data_rungs_1-3/thermodynamic_properties/tridymite_ortho_pbe_d3bj.csv
1964,0,-8.659772018038373,reference,DaRUS-4999/direct_upsampling_data_rungs_1-3/thermodynamic_properties/tridymite_ortho_pbe_d3bj.csv
1965,0,-8.660361709077019,reference,DaRUS-4999/direct_upsampling_data_rungs_1-3/thermodynamic_properties/tridymite_ortho_pbe_d3bj.csv
1966,0,-8.660951535013133,reference,DaRUS-4999/direct_upsampling_data_rungs_1-3/thermodynamic_properties/tridymite_ortho_pbe_d3bj.csv
1967,0,-8.661541495782302,reference,DaRUS-4999/direct_upsampling_data_rungs_1-3/thermodynamic_properties/tridymite_ortho_pbe_d3bj.csv
1968,0,-8.662131591320156,reference,DaRUS-4999/direct_upsampling_data_rungs_1-3/thermodynamic_properties/tridymite_ortho_pbe_d3bj.csv
1969,0,-8.662721821562407,reference,DaRUS-4999/direct_upsampling_data_rungs_1-3/thermodynamic_properties/tridymite_ortho_pbe_d3bj.csv
1970,0,-8.663312186444822,reference,DaRUS-4999/direct_upsampling_data_rungs_1-3/thermodynamic_properties/tridymite_ortho_pbe_d3bj.csv
1971,0,-8.663902685903226,reference,DaRUS-4999/direct_upsampling_data_rungs_1-3/thermodynamic_properties/tridymite_ortho_pbe_d3bj.csv
1972,0,-8.664493319873522,reference,DaRUS-4999/direct_upsampling_data_rungs_1-3/thermodynamic_properties/tridymite_ortho_pbe_d3bj.csv
1973,0,-8.66508408829166,reference,DaRUS-4999/direct_upsampling_data_rungs_1-3/thermodynamic_properties/tridymite_ortho_pbe_d3bj.csv
1974,0,-8.665674991093661,reference,DaRUS-4999/direct_upsampling_data_rungs_1-3/thermodynamic_properties/tridymite_ortho_pbe_d3bj.csv
1975,0,-8.66626602821561,reference,DaRUS-4999/direct_upsampling_data_rungs_1-3/thermodynamic_properties/tridymite_ortho_pbe_d3bj.csv
1976,0,-8.66685719959365,reference,DaRUS-4999/direct_upsampling_data_rungs_1-3/thermodynamic_properties/tridymite_ortho_pbe_d3bj.csv
1977,0,-8.667448505163993,reference,DaRUS-4999/direct_upsampling_data_rungs_1-3/thermodynamic_properties/tridymite_ortho_pbe_d3bj.csv
1978,0,-8.668039944862903,reference,DaRUS-4999/direct_upsampling_data_rungs_1-3/thermodynamic_properties/tridymite_ortho_pbe_d3bj.csv
1979,0,-8.668631518626718,reference,DaRUS-4999/direct_upsampling_data_rungs_1-3/thermodynamic_properties/tridymite_ortho_pbe_d3bj.csv
1980,0,-8.669223226391837,reference,DaRUS-4999/direct_upsampling_data_rungs_1-3/thermodynamic_properties/tridymite_ortho_pbe_d3bj.csv
1981,0,-8.66981506809471,reference,DaRUS-4999/direct_upsampling_data_rungs_1-3/thermodynamic_properties/tridymite_ortho_pbe_d3bj.csv
1982,0,-8.670407043671863,reference,DaRUS-4999/direct_upsampling_data_rungs_1-3/thermodynamic_properties/tridymite_ortho_pbe_d3bj.csv
1983,0,-8.670999153059874,reference,DaRUS-4999/direct_upsampling_data_rungs_1-3/thermodynamic_properties/tridymite_ortho_pbe_d3bj.csv
1984,0,-8.671591396195392,reference,DaRUS-4999/direct_upsampling_data_rungs_1-3/thermodynamic_properties/tridymite_ortho_pbe_d3bj.csv
1985,0,-8.672183773015119,reference,DaRUS-4999/direct_upsampling_data_rungs_1-3/thermodynamic_properties/tridymite_ortho_pbe_d3bj.csv
1986,0,-8.672776283455828,reference,DaRUS-4999/direct_upsampling_data_rungs_1-3/thermodynamic_properties/tridymite_ortho_pbe_d3bj.csv
1987,0,-8.673368927454341,reference,DaRUS-4999/direct_upsampling_data_rungs_1-3/thermodynamic_properties/tridymite_ortho_pbe_d3bj.csv
1988,0,-8.673961704947557,reference,DaRUS-4999/direct_upsampling_data_rungs_1-3/thermodynamic_properties/tridymite_ortho_pbe_d3bj.csv
1989,0,-8.674554615872426,reference,DaRUS-4999/direct_upsampling_data_rungs_1-3/thermodynamic_properties/tridymite_ortho_pbe_d3bj.csv
1990,0,-8.67514766016596,reference,DaRUS-4999/direct_upsampling_data_rungs_1-3/thermodynamic_properties/tridymite_ortho_pbe_d3bj.csv
1991,0,-8.675740837765243,reference,DaRUS-4999/direct_upsampling_data_rungs_1-3/thermodynamic_properties/tridymite_ortho_pbe_d3bj.csv
1992,0,-8.676334148607406,reference,DaRUS-4999/direct_upsampling_data_rungs_1-3/thermodynamic_properties/tridymite_ortho_pbe_d3bj.csv
1993,0,-8.676927592629649,reference,DaRUS-4999/direct_upsampling_data_rungs_1-3/thermodynamic_properties/tridymite_ortho_pbe_d3bj.csv
1994,0,-8.67752116976923,reference,DaRUS-4999/direct_upsampling_data_rungs_1-3/thermodynamic_properties/tridymite_ortho_pbe_d3bj.csv
1995,0,-8.678114879963477,reference,DaRUS-4999/direct_upsampling_data_rungs_1-3/thermodynamic_properties/tridymite_ortho_pbe_d3bj.csv
1996,0,-8.678708723149761,reference,DaRUS-4999/direct_upsampling_data_rungs_1-3/thermodynamic_properties/tridymite_ortho_pbe_d3bj.csv
1997,0,-8.679302699265534,reference,DaRUS-4999/direct_upsampling_data_rungs_1-3/thermodynamic_properties/tridymite_ortho_pbe_d3bj.csv
1998,0,-8.679896808248293,reference,DaRUS-4999/direct_upsampling_data_rungs_1-3/thermodynamic_properties/tridymite_ortho_pbe_d3bj.csv
1999,0,-8.680491050035608,reference,DaRUS-4999/direct_upsampling_data_rungs_1-3/thermodynamic_properties/tridymite_ortho_pbe_d3bj.csv
2000,0,-8.681085424565097,reference,DaRUS-4999/direct_upsampling_data_rungs_1-3/thermodynamic_properties/tridymite_ortho_pbe_d3bj.csv
2001,0,-8.681679931774452,reference,DaRUS-4999/direct_upsampling_data_rungs_1-3/thermodynamic_properties/tridymite_ortho_pbe_d3bj.csv
2002,0,-8.68227457160142,reference,DaRUS-4999/direct_upsampling_data_rungs_1-3/thermodynamic_properties/tridymite_ortho_pbe_d3bj.csv
2003,0,-8.6828693439838,reference,DaRUS-4999/direct_upsampling_data_rungs_1-3/thermodynamic_properties/tridymite_ortho_pbe_d3bj.csv
2004,0,-8.683464248859464,reference,DaRUS-4999/direct_upsampling_data_rungs_1-3/thermodynamic_properties/tridymite_ortho_pbe_d3bj.csv
2005,0,-8.684059286166336,reference,DaRUS-4999/direct_upsampling_data_rungs_1-3/thermodynamic_properties/tridymite_ortho_pbe_d3bj.csv
2006,0,-8.684654455842404,reference,DaRUS-4999/direct_upsampling_data_rungs_1-3/thermodynamic_properties/tridymite_ortho_pbe_d3bj.csv
2007,0,-8.685249757825716,reference,DaRUS-4999/direct_upsampling_data_rungs_1-3/thermodynamic_properties/tridymite_ortho_pbe_d3bj.csv
2008,0,-8.685845192054376,reference,DaRUS-4999/direct_upsampling_data_rungs_1-3/thermodynamic_properties/tridymite_ortho_pbe_d3bj.csv
2009,0,-8.686440758466553,reference,DaRUS-4999/direct_upsampling_data_rungs_1-3/thermodynamic_properties/tridymite_ortho_pbe_d3bj.csv
2010,0,-8.687036457000476,reference,DaRUS-4999/direct_upsampling_data_rungs_1-3/thermodynamic_properties/tridymite_ortho_pbe_d3bj.csv
2011,0,-8.687632287594425,reference,DaRUS-4999/direct_upsampling_data_rungs_1-3/thermodynamic_properties/tridymite_ortho_pbe_d3bj.csv
2012,0,-8.688228250186752,reference,DaRUS-4999/direct_upsampling_data_rungs_1-3/thermodynamic_properties/tridymite_ortho_pbe_d3bj.csv
2013,0,-8.688824344715856,reference,DaRUS-4999/direct_upsampling_data_rungs_1-3/thermodynamic_properties/tridymite_ortho_pbe_d3bj.csv
2014,0,-8.689420571120209,reference,DaRUS-4999/direct_upsampling_data_rungs_1-3/thermodynamic_properties/tridymite_ortho_pbe_d3bj.csv
2015,0,-8.690016929338331,reference,DaRUS-4999/direct_upsampling_data_rungs_1-3/thermodynamic_properties/tridymite_ortho_pbe_d3bj.csv
2016,0,-8.690613419308804,reference,DaRUS-4999/direct_upsampling_data_rungs_1-3/thermodynamic_properties/tridymite_ortho_pbe_d3bj.csv
2017,0,-8.691210040970276,reference,DaRUS-4999/direct_upsampling_data_rungs_1-3/thermodynamic_properties/tridymite_ortho_pbe_d3bj.csv
2018,0,-8.69180679426144,reference,DaRUS-4999/direct_upsampling_data_rungs_1-3/thermodynamic_properties/tridymite_ortho_pbe_d3bj.csv
2019,0,-8.692403679121067,reference,DaRUS-4999/direct_upsampling_data_rungs_1-3/thermodynamic_properties/tridymite_ortho_pbe_d3bj.csv
2020,0,-8.693000695487969,reference,DaRUS-4999/direct_upsampling_data_rungs_1-3/thermodynamic_properties/tridymite_ortho_pbe_d3bj.csv
2021,0,-8.693597843301028,reference,DaRUS-4999/direct_upsampling_data_rungs_1-3/thermodynamic_properties/tridymite_ortho_pbe_d3bj.csv
2022,0,-8.694195122499179,reference,DaRUS-4999/direct_upsampling_data_rungs_1-3/thermodynamic_properties/tridymite_ortho_pbe_d3bj.csv
2023,0,-8.694792533021424,reference,DaRUS-4999/direct_upsampling_data_rungs_1-3/thermodynamic_properties/tridymite_ortho_pbe_d3bj.csv
2024,0,-8.695390074806809,reference,DaRUS-4999/direct_upsampling_data_rungs_1-3/thermodynamic_properties/tridymite_ortho_pbe_d3bj.csv
2025,0,-8.695987747794454,reference,DaRUS-4999/direct_upsampling_data_rungs_1-3/thermodynamic_properties/tridymite_ortho_pbe_d3bj.csv
2026,0,-8.696585551923528,reference,DaRUS-4999/direct_upsampling_data_rungs_1-3/thermodynamic_properties/tridymite_ortho_pbe_d3bj.csv
2027,0,-8.697183487133261,reference,DaRUS-4999/direct_upsampling_data_rungs_1-3/thermodynamic_properties/tridymite_ortho_pbe_d3bj.csv
2028,0,-8.697781553362939,reference,DaRUS-4999/direct_upsampling_data_rungs_1-3/thermodynamic_properties/tridymite_ortho_pbe_d3bj.csv
2029,0,-8.698379750551911,reference,DaRUS-4999/direct_upsampling_data_rungs_1-3/thermodynamic_properties/tridymite_ortho_pbe_d3bj.csv
2030,0,-8.698978078639584,reference,DaRUS-4999/direct_upsampling_data_rungs_1-3/thermodynamic_properties/tridymite_ortho_pbe_d3bj.csv
2031,0,-8.699576537565417,reference,DaRUS-4999/direct_upsampling_data_rungs_1-3/thermodynamic_properties/tridymite_ortho_pbe_d3bj.csv
2032,0,-8.700175127268928,reference,DaRUS-4999/direct_upsampling_data_rungs_1-3/thermodynamic_properties/tridymite_ortho_pbe_d3bj.csv
2033,0,-8.700773847689703,reference,DaRUS-4999/direct_upsampling_data_rungs_1-3/thermodynamic_properties/tridymite_ortho_pbe_d3bj.csv
2034,0,-8.701372698767372,reference,DaRUS-4999/direct_upsampling_data_rungs_1-3/thermodynamic_properties/tridymite_ortho_pbe_d3bj.csv
2035,0,-8.701971680441629,reference,DaRUS-4999/direct_upsampling_data_rungs_1-3/thermodynamic_properties/tridymite_ortho_pbe_d3bj.csv
2036,0,-8.702570792652228,reference,DaRUS-4999/direct_upsampling_data_rungs_1-3/thermodynamic_properties/tridymite_ortho_pbe_d3bj.csv
2037,0,-8.70317003533898,reference,DaRUS-4999/direct_upsampling_data_rungs_1-3/thermodynamic_properties/tridymite_ortho_pbe_d3bj.csv
2038,0,-8.703769408441749,reference,DaRUS-4999/direct_upsampling_data_rungs_1-3/thermodynamic_properties/tridymite_ortho_pbe_d3bj.csv
2039,0,-8.704368911900456,reference,DaRUS-4999/direct_upsampling_data_rungs_1-3/thermodynamic_properties/tridymite_ortho_pbe_d3bj.csv
2040,0,-8.704968545655086,reference,DaRUS-4999/direct_upsampling_data_rungs_1-3/thermodynamic_properties/tridymite_ortho_pbe_d3bj.csv
2041,0,-8.705568309645679,reference,DaRUS-4999/direct_upsampling_data_rungs_1-3/thermodynamic_properties/tridymite_ortho_pbe_d3bj.csv
2042,0,-8.706168203812325,reference,DaRUS-4999/direct_upsampling_data_rungs_1-3/thermodynamic_properties/tridymite_ortho_pbe_d3bj.csv
2043,0,-8.706768228095182,reference,DaRUS-4999/direct_upsampling_data_rungs_1-3/thermodynamic_properties/tridymite_ortho_pbe_d3bj.csv
2044,0,-8.707368382434456,reference,DaRUS-4999/direct_upsampling_data_rungs_1-3/thermodynamic_properties/tridymite_ortho_pbe_d3bj.csv
2045,0,-8.707968666770418,reference,DaRUS-4999/direct_upsampling_data_rungs_1-3/thermodynamic_properties/tridymite_ortho_pbe_d3bj.csv
2046,0,-8.708569081043388,reference,DaRUS-4999/direct_upsampling_data_rungs_1-3/thermodynamic_properties/tridymite_ortho_pbe_d3bj.csv
2047,0,-8.709169625193745,reference,DaRUS-4999/direct_upsampling_data_rungs_1-3/thermodynamic_properties/tridymite_ortho_pbe_d3bj.csv
2048,0,-8.70977029916193,reference,DaRUS-4999/direct_upsampling_data_rungs_1-3/thermodynamic_properties/tridymite_ortho_pbe_d3bj.csv
2049,0,-8.710371102888432,reference,DaRUS-4999/direct_upsampling_data_rungs_1-3/thermodynamic_properties/tridymite_ortho_pbe_d3bj.csv
2050,0,-8.710972036313803,reference,DaRUS-4999/direct_upsampling_data_rungs_1-3/thermodynamic_properties/tridymite_ortho_pbe_d3bj.csv
2051,0,-8.711573099378652,reference,DaRUS-4999/direct_upsampling_data_rungs_1-3/thermodynamic_properties/tridymite_ortho_pbe_d3bj.csv
2052,0,-8.712174292023636,reference,DaRUS-4999/direct_upsampling_data_rungs_1-3/thermodynamic_properties/tridymite_ortho_pbe_d3bj.csv
2053,0,-8.71277561418948,reference,DaRUS-4999/direct_upsampling_data_rungs_1-3/thermodynamic_properties/tridymite_ortho_pbe_d3bj.csv
2054,0,-8.713377065816957,reference,DaRUS-4999/direct_upsampling_data_rungs_1-3/thermodynamic_properties/tridymite_ortho_pbe_d3bj.csv
2055,0,-8.713978646846897,reference,DaRUS-4999/direct_upsampling_data_rungs_1-3/thermodynamic_properties/tridymite_ortho_pbe_d3bj.csv
2056,0,-8.714580357220186,reference,DaRUS-4999/direct_upsampling_data_rungs_1-3/thermodynamic_properties/tridymite_ortho_pbe_d3bj.csv
2057,0,-8.715182196877771,reference,DaRUS-4999/direct_upsampling_data_rungs_1-3/thermodynamic_properties/tridymite_ortho_pbe_d3bj.csv
2058,0,-8.715784165760649,reference,DaRUS-4999/direct_upsampling_data_rungs_1-3/thermodynamic_properties/tridymite_ortho_pbe_d3bj.csv
2059,0,-8.716386263809877,reference,DaRUS-4999/direct_upsampling_data_rungs_1-3/thermodynamic_properties/tridymite_ortho_pbe_d3bj.csv
2060,0,-8.716988490966568,reference,DaRUS-4999/direct_upsampling_data_rungs_1-3/thermodynamic_properties/tridymite_ortho_pbe_d3bj.csv
2061,0,-8.717590847171877,reference,DaRUS-4999/direct_upsampling_data_rungs_1-3/thermodynamic_properties/tridymite_ortho_pbe_d3bj.csv
2062,0,-8.71819333236704,reference,DaRUS-4999/direct_upsampling_data_rungs_1-3/thermodynamic_properties/tridymite_ortho_pbe_d3bj.csv
2063,0,-8.71879594649333,reference,DaRUS-4999/direct_upsampling_data_rungs_1-3/thermodynamic_properties/tridymite_ortho_pbe_d3bj.csv
2064,0,-8.719398689492076,reference,DaRUS-4999/direct_upsampling_data_rungs_1-3/thermodynamic_properties/tridymite_ortho_pbe_d3bj.csv
2065,0,-8.720001561304668,reference,DaRUS-4999/direct_upsampling_data_rungs_1-3/thermodynamic_properties/tridymite_ortho_pbe_d3bj.csv
2066,0,-8.720604561872554,reference,DaRUS-4999/direct_upsampling_data_rungs_1-3/thermodynamic_properties/tridymite_ortho_pbe_d3bj.csv
2067,0,-8.721207691137225,reference,DaRUS-4999/direct_upsampling_data_rungs_1-3/thermodynamic_properties/tridymite_ortho_pbe_d3bj.csv
2068,0,-8.721810949040242,reference,DaRUS-4999/direct_upsampling_data_rungs_1-3/thermodynamic_properties/tridymite_ortho_pbe_d3bj.csv
2069,0,-8.722414335523212,reference,DaRUS-4999/direct_upsampling_data_rungs_1-3/thermodynamic_properties/tridymite_ortho_pbe_d3bj.csv
2070,0,-8.723017850527796,reference,DaRUS-4999/direct_upsampling_data_rungs_1-3/thermodynamic_properties/tridymite_ortho_pbe_d3bj.csv
2071,0,-8.723621493995715,reference,DaRUS-4999/direct_upsampling_data_rungs_1-3/thermodynamic_properties/tridymite_ortho_pbe_d3bj.csv
2072,0,-8.724225265868744,reference,DaRUS-4999/direct_upsampling_data_rungs_1-3/thermodynamic_properties/tridymite_ortho_pbe_d3bj.csv
2073,0,-8.724829166088711,reference,DaRUS-4999/direct_upsampling_data_rungs_1-3/thermodynamic_properties/tridymite_ortho_pbe_d3bj.csv
2074,0,-8.725433194597494,reference,DaRUS-4999/direct_upsampling_data_rungs_1-3/thermodynamic_properties/tridymite_ortho_pbe_d3bj.csv
2075,0,-8.726037351337038,reference,DaRUS-4999/direct_upsampling_data_rungs_1-3/thermodynamic_properties/tridymite_ortho_pbe_d3bj.csv
2076,0,-8.726641636249333,reference,DaRUS-4999/direct_upsampling_data_rungs_1-3/thermodynamic_properties/tridymite_ortho_pbe_d3bj.csv
2077,0,-8.727246049276424,reference,DaRUS-4999/direct_upsampling_data_rungs_1-3/thermodynamic_properties/tridymite_ortho_pbe_d3bj.csv
2078,0,-8.72785059036041,reference,DaRUS-4999/direct_upsampling_data_rungs_1-3/thermodynamic_properties/tridymite_ortho_pbe_d3bj.csv
2079,0,-8.728455259443448,reference,DaRUS-4999/direct_upsampling_data_rungs_1-3/thermodynamic_properties/tridymite_ortho_pbe_d3bj.csv
2080,0,-8.72906005646775,reference,DaRUS-4999/direct_upsampling_data_rungs_1-3/thermodynamic_properties/tridymite_ortho_pbe_d3bj.csv
2081,0,-8.729664981375578,reference,DaRUS-4999/direct_upsampling_data_rungs_1-3/thermodynamic_properties/tridymite_ortho_pbe_d3bj.csv
2082,0,-8.73027003410925,reference,DaRUS-4999/direct_upsampling_data_rungs_1-3/thermodynamic_properties/tridymite_ortho_pbe_d3bj.csv
2083,0,-8.730875214611139,reference,DaRUS-4999/direct_upsampling_data_rungs_1-3/thermodynamic_properties/tridymite_ortho_pbe_d3bj.csv
2084,0,-8.731480522823665,reference,DaRUS-4999/direct_upsampling_data_rungs_1-3/thermodynamic_properties/tridymite_ortho_pbe_d3bj.csv
2085,0,-8.732085958689316,reference,DaRUS-4999/direct_upsampling_data_rungs_1-3/thermodynamic_properties/tridymite_ortho_pbe_d3bj.csv
2086,0,-8.732691522150617,reference,DaRUS-4999/direct_upsampling_data_rungs_1-3/thermodynamic_properties/tridymite_ortho_pbe_d3bj.csv
2087,0,-8.733297213150159,reference,DaRUS-4999/direct_upsampling_data_rungs_1-3/thermodynamic_properties/tridymite_ortho_pbe_d3bj.csv
2088,0,-8.733903031630584,reference,DaRUS-4999/direct_upsampling_data_rungs_1-3/thermodynamic_properties/tridymite_ortho_pbe_d3bj.csv
2089,0,-8.734508977534581,reference,DaRUS-4999/direct_upsampling_data_rungs_1-3/thermodynamic_properties/tridymite_ortho_pbe_d3bj.csv
2090,0,-8.735115050804906,reference,DaRUS-4999/direct_upsampling_data_rungs_1-3/thermodynamic_properties/tridymite_ortho_pbe_d3bj.csv
2091,0,-8.735721251384351,reference,DaRUS-4999/direct_upsampling_data_rungs_1-3/thermodynamic_properties/tridymite_ortho_pbe_d3bj.csv
2092,0,-8.736327579215777,reference,DaRUS-4999/direct_upsampling_data_rungs_1-3/thermodynamic_properties/tridymite_ortho_pbe_d3bj.csv
2093,0,-8.736934034242086,reference,DaRUS-4999/direct_upsampling_data_rungs_1-3/thermodynamic_properties/tridymite_ortho_pbe_d3bj.csv
2094,0,-8.737540616406243,reference,DaRUS-4999/direct_upsampling_data_rungs_1-3/thermodynamic_properties/tridymite_ortho_pbe_d3bj.csv
2095,0,-8.73814732565126,reference,DaRUS-4999/direct_upsampling_data_rungs_1-3/thermodynamic_properties/tridymite_ortho_pbe_d3bj.csv
2096,0,-8.738754161920207,reference,DaRUS-4999/direct_upsampling_data_rungs_1-3/thermodynamic_properties/tridymite_ortho_pbe_d3bj.csv
2097,0,-8.739361125156199,reference,DaRUS-4999/direct_upsampling_data_rungs_1-3/thermodynamic_properties/tridymite_ortho_pbe_d3bj.csv
2098,0,-8.739968215302413,reference,DaRUS-4999/direct_upsampling_data_rungs_1-3/thermodynamic_properties/tridymite_ortho_pbe_d3bj.csv
2099,0,-8.740575432302071,reference,DaRUS-4999/direct_upsampling_data_rungs_1-3/thermodynamic_properties/tridymite_ortho_pbe_d3bj.csv
2100,0,-8.741182776098459,reference,DaRUS-4999/direct_upsampling_data_rungs_1-3/thermodynamic_properties/tridymite_ortho_pbe_d3bj.csv
2101,0,-8.741790246634899,reference,DaRUS-4999/direct_upsampling_data_rungs_1-3/thermodynamic_properties/tridymite_ortho_pbe_d3bj.csv
2102,0,-8.74239784385478,reference,DaRUS-4999/direct_upsampling_data_rungs_1-3/thermodynamic_properties/tridymite_ortho_pbe_d3bj.csv
2103,0,-8.743005567701536,reference,DaRUS-4999/direct_upsampling_data_rungs_1-3/thermodynamic_properties/tridymite_ortho_pbe_d3bj.csv
2104,0,-8.743613418118656,reference,DaRUS-4999/direct_upsampling_data_rungs_1-3/thermodynamic_properties/tridymite_ortho_pbe_d3bj.csv
2105,0,-8.744221395049681,reference,DaRUS-4999/direct_upsampling_data_rungs_1-3/thermodynamic_properties/tridymite_ortho_pbe_d3bj.csv
2106,0,-8.744829498438207,reference,DaRUS-4999/direct_upsampling_data_rungs_1-3/thermodynamic_properties/tridymite_ortho_pbe_d3bj.csv
2107,0,-8.745437728227879,reference,DaRUS-4999/direct_upsampling_data_rungs_1-3/thermodynamic_properties/tridymite_ortho_pbe_d3bj.csv
2108,0,-8.746046084362392,reference,DaRUS-4999/direct_upsampling_data_rungs_1-3/thermodynamic_properties/tridymite_ortho_pbe_d3bj.csv
2109,0,-8.746654566785498,reference,DaRUS-4999/direct_upsampling_data_rungs_1-3/thermodynamic_properties/tridymite_ortho_pbe_d3bj.csv
2110,0,-8.747263175440999,reference,DaRUS-4999/direct_upsampling_data_rungs_1-3/thermodynamic_properties/tridymite_ortho_pbe_d3bj.csv
2111,0,-8.74787191027275,reference,DaRUS-4999/direct_upsampling_data_rungs_1-3/thermodynamic_properties/tridymite_ortho_pbe_d3bj.csv
2112,0,-8.748480771224658,reference,DaRUS-4999/direct_upsampling_data_rungs_1-3/thermodynamic_properties/tridymite_ortho_pbe_d3bj.csv
2113,0,-8.749089758240675,reference,DaRUS-4999/direct_upsampling_data_rungs_1-3/thermodynamic_properties/tridymite_ortho_pbe_d3bj.csv
2114,0,-8.749698871264817,reference,DaRUS-4999/direct_upsampling_data_rungs_1-3/thermodynamic_properties/tridymite_ortho_pbe_d3bj.csv
2115,0,-8.750308110241143,reference,DaRUS-4999/direct_upsampling_data_rungs_1-3/thermodynamic_properties/tridymite_ortho_pbe_d3bj.csv
2116,0,-8.750917475113765,reference,DaRUS-4999/direct_upsampling_data_rungs_1-3/thermodynamic_properties/tridymite_ortho_pbe_d3bj.csv
2117,0,-8.751526965826848,reference,DaRUS-4999/direct_upsampling_data_rungs_1-3/thermodynamic_properties/tridymite_ortho_pbe_d3bj.csv
2118,0,-8.75213658232461,reference,DaRUS-4999/direct_upsampling_data_rungs_1-3/thermodynamic_properties/tridymite_ortho_pbe_d3bj.csv
2119,0,-8.752746324551314,reference,DaRUS-4999/direct_upsampling_data_rungs_1-3/thermodynamic_properties/tridymite_ortho_pbe_d3bj.csv
2120,0,-8.753356192451282,reference,DaRUS-4999/direct_upsampling_data_rungs_1-3/thermodynamic_properties/tridymite_ortho_pbe_d3bj.csv
2121,0,-8.753966185968885,reference,DaRUS-4999/direct_upsampling_data_rungs_1-3/thermodynamic_properties/tridymite_ortho_pbe_d3bj.csv
2122,0,-8.754576305048541,reference,DaRUS-4999/direct_upsampling_data_rungs_1-3/thermodynamic_properties/tridymite_ortho_pbe_d3bj.csv
2123,0,-8.755186549634727,reference,DaRUS-4999/direct_upsampling_data_rungs_1-3/thermodynamic_properties/tridymite_ortho_pbe_d3bj.csv
2124,0,-8.75579691967196,reference,DaRUS-4999/direct_upsampling_data_rungs_1-3/thermodynamic_properties/tridymite_ortho_pbe_d3bj.csv
2125,0,-8.756407415104819,reference,DaRUS-4999/direct_upsampling_data_rungs_1-3/thermodynamic_properties/tridymite_ortho_pbe_d3bj.csv
2126,0,-8.757018035877927,reference,DaRUS-4999/direct_upsampling_data_rungs_1-3/thermodynamic_properties/tridymite_ortho_pbe_d3bj.csv
2127,0,-8.757628781935964,reference,DaRUS-4999/direct_upsampling_data_rungs_1-3/thermodynamic_properties/tridymite_ortho_pbe_d3bj.csv
2128,0,-8.758239653223651,reference,DaRUS-4999/direct_upsampling_data_rungs_1-3/thermodynamic_properties/tridymite_ortho_pbe_d3bj.csv
2129,0,-8.758850649685771,reference,DaRUS-4999/direct_upsampling_data_rungs_1-3/thermodynamic_properties/tridymite_ortho_pbe_d3bj.csv
2130,0,-8.759461771267151,reference,DaRUS-4999/direct_upsampling_data_rungs_1-3/thermodynamic_properties/tridymite_ortho_pbe_d3bj.csv
2131,0,-8.760073017912671,reference,DaRUS-4999/direct_upsampling_data_rungs_1-3/thermodynamic_properties/tridymite_ortho_pbe_d3bj.csv
2132,0,-8.760684389567256,reference,DaRUS-4999/direct_upsampling_data_rungs_1-3/thermodynamic_properties/tridymite_ortho_pbe_d3bj.csv
2133,0,-8.761295886175891,reference,DaRUS-4999/direct_upsampling_data_rungs_1-3/thermodynamic_properties/tridymite_ortho_pbe_d3bj.csv
2134,0,-8.761907507683604,reference,DaRUS-4999/direct_upsampling_data_rungs_1-3/thermodynamic_properties/tridymite_ortho_pbe_d3bj.csv
2135,0,-8.762519254035478,reference,DaRUS-4999/direct_upsampling_data_rungs_1-3/thermodynamic_properties/tridymite_ortho_pbe_d3bj.csv
2136,0,-8.76313112517664,reference,DaRUS-4999/direct_upsampling_data_rungs_1-3/thermodynamic_properties/tridymite_ortho_pbe_d3bj.csv
2137,0,-8.763743121052276,reference,DaRUS-4999/direct_upsampling_data_rungs_1-3/thermodynamic_properties/tridymite_ortho_pbe_d3bj.csv
2138,0,-8.764355241607614,reference,DaRUS-4999/direct_upsampling_data_rungs_1-3/thermodynamic_properties/tridymite_ortho_pbe_d3bj.csv
2139,0,-8.764967486787935,reference,DaRUS-4999/direct_upsampling_data_rungs_1-3/thermodynamic_properties/tridymite_ortho_pbe_d3bj.csv
2140,0,-8.765579856538572,reference,DaRUS-4999/direct_upsampling_data_rungs_1-3/thermodynamic_properties/tridymite_ortho_pbe_d3bj.csv
2141,0,-8.766192350804905,reference,DaRUS-4999/direct_upsampling_data_rungs_1-3/thermodynamic_properties/tridymite_ortho_pbe_d3bj.csv
2142,0,-8.766804969532371,reference,DaRUS-4999/direct_upsampling_data_rungs_1-3/thermodynamic_properties/tridymite_ortho_pbe_d3bj.csv
2143,0,-8.76741771266644,reference,DaRUS-4999/direct_upsampling_data_rungs_1-3/thermodynamic_properties/tridymite_ortho_pbe_d3bj.csv
2144,0,-8.768030580152651,reference,DaRUS-4999/direct_upsampling_data_rungs_1-3/thermodynamic_properties/tridymite_ortho_pbe_d3bj.csv
2145,0,-8.768643571936581,reference,DaRUS-4999/direct_upsampling_data_rungs_1-3/thermodynamic_properties/tridymite_ortho_pbe_d3bj.csv
2146,0,-8.769256687963862,reference,DaRUS-4999/direct_upsampling_data_rungs_1-3/thermodynamic_properties/tridymite_ortho_pbe_d3bj.csv
2147,0,-8.769869928180171,reference,DaRUS-4999/direct_upsampling_data_rungs_1-3/thermodynamic_properties/tridymite_ortho_pbe_d3bj.csv
2148,0,-8.770483292531237,reference,DaRUS-4999/direct_upsampling_data_rungs_1-3/thermodynamic_properties/tridymite_ortho_pbe_d3bj.csv
2149,0,-8.771096780962841,reference,DaRUS-4999/direct_upsampling_data_rungs_1-3/thermodynamic_properties/tridymite_ortho_pbe_d3bj.csv
2150,0,-8.771710393420806,reference,DaRUS-4999/direct_upsampling_data_rungs_1-3/thermodynamic_properties/tridymite_ortho_pbe_d3bj.csv
2151,0,-8.772324129851016,reference,DaRUS-4999/direct_upsampling_data_rungs_1-3/thermodynamic_properties/tridymite_ortho_pbe_d3bj.csv
2152,0,-8.772937990199392,reference,DaRUS-4999/direct_upsampling_data_rungs_1-3/thermodynamic_properties/tridymite_ortho_pbe_d3bj.csv
2153,0,-8.773551974411909,reference,DaRUS-4999/direct_upsampling_data_rungs_1-3/thermodynamic_properties/tridymite_ortho_pbe_d3bj.csv
2154,0,-8.774166082434588,reference,DaRUS-4999/direct_upsampling_data_rungs_1-3/thermodynamic_properties/tridymite_ortho_pbe_d3bj.csv
2155,0,-8.774780314213512,reference,DaRUS-4999/direct_upsampling_data_rungs_1-3/thermodynamic_properties/tridymite_ortho_pbe_d3bj.csv
2156,0,-8.775394669694796,reference,DaRUS-4999/direct_upsampling_data_rungs_1-3/thermodynamic_properties/tridymite_ortho_pbe_d3bj.csv
2157,0,-8.776009148824611,reference,DaRUS-4999/direct_upsampling_data_rungs_1-3/thermodynamic_properties/tridymite_ortho_pbe_d3bj.csv
2158,0,-8.776623751549181,reference,DaRUS-4999/direct_upsampling_data_rungs_1-3/thermodynamic_properties/tridymite_ortho_pbe_d3bj.csv
2159,0,-8.777238477814771,reference,DaRUS-4999/direct_upsampling_data_rungs_1-3/thermodynamic_properties/tridymite_ortho_pbe_d3bj.csv
2160,0,-8.7778533275677,reference,DaRUS-4999/direct_upsampling_data_rungs_1-3/thermodynamic_properties/tridymite_ortho_pbe_d3bj.csv
2161,0,-8.778468300754334,reference,DaRUS-4999/direct_upsampling_data_rungs_1-3/thermodynamic_properties/tridymite_ortho_pbe_d3bj.csv
2162,0,-8.779083397321084,reference,DaRUS-4999/direct_upsampling_data_rungs_1-3/thermodynamic_properties/tridymite_ortho_pbe_d3bj.csv
2163,0,-8.779698617214418,reference,DaRUS-4999/direct_upsampling_data_rungs_1-3/thermodynamic_properties/tridymite_ortho_pbe_d3bj.csv
2164,0,-8.780313960380845,reference,DaRUS-4999/direct_upsampling_data_rungs_1-3/thermodynamic_properties/tridymite_ortho_pbe_d3bj.csv
2165,0,-8.780929426766924,reference,DaRUS-4999/direct_upsampling_data_rungs_1-3/thermodynamic_properties/tridymite_ortho_pbe_d3bj.csv
2166,0,-8.781545016319264,reference,DaRUS-4999/direct_upsampling_data_rungs_1-3/thermodynamic_properties/tridymite_ortho_pbe_d3bj.csv
2167,0,-8.78216072898452,reference,DaRUS-4999/direct_upsampling_data_rungs_1-3/thermodynamic_properties/tridymite_ortho_pbe_d3bj.csv
2168,0,-8.782776564709398,reference,DaRUS-4999/direct_upsampling_data_rungs_1-3/thermodynamic_properties/tridymite_ortho_pbe_d3bj.csv
2169,0,-8.78339252344065,reference,DaRUS-4999/direct_upsampling_data_rungs_1-3/thermodynamic_properties/tridymite_ortho_pbe_d3bj.csv
2170,0,-8.784008605125075,reference,DaRUS-4999/direct_upsampling_data_rungs_1-3/thermodynamic_properties/tridymite_ortho_pbe_d3bj.csv
2171,0,-8.784624809709525,reference,DaRUS-4999/direct_upsampling_data_rungs_1-3/thermodynamic_properties/tridymite_ortho_pbe_d3bj.csv
2172,0,-8.785241137140892,reference,DaRUS-4999/direct_upsampling_data_rungs_1-3/thermodynamic_properties/tridymite_ortho_pbe_d3bj.csv
2173,0,-8.785857587366124,reference,DaRUS-4999/direct_upsampling_data_rungs_1-3/thermodynamic_properties/tridymite_ortho_pbe_d3bj.csv
2174,0,-8.786474160332213,reference,DaRUS-4999/direct_upsampling_data_rungs_1-3/thermodynamic_properties/tridymite_ortho_pbe_d3bj.csv
2175,0,-8.787090855986198,reference,DaRUS-4999/direct_upsampling_data_rungs_1-3/thermodynamic_properties/tridymite_ortho_pbe_d3bj.csv
2176,0,-8.787707674275163,reference,DaRUS-4999/direct_upsampling_data_rungs_1-3/thermodynamic_properties/tridymite_ortho_pbe_d3bj.csv
2177,0,-8.788324615146246,reference,DaRUS-4999/direct_upsampling_data_rungs_1-3/thermodynamic_properties/tridymite_ortho_pbe_d3bj.csv
2178,0,-8.788941678546632,reference,DaRUS-4999/direct_upsampling_data_rungs_1-3/thermodynamic_properties/tridymite_ortho_pbe_d3bj.csv
2179,0,-8.789558864423546,reference,DaRUS-4999/direct_upsampling_data_rungs_1-3/thermodynamic_properties/tridymite_ortho_pbe_d3bj.csv
2180,0,-8.790176172724269,reference,DaRUS-4999/direct_upsampling_data_rungs_1-3/thermodynamic_properties/tridymite_ortho_pbe_d3bj.csv
2181,0,-8.790793603396127,reference,DaRUS-4999/direct_upsampling_data_rungs_1-3/thermodynamic_properties/tridymite_ortho_pbe_d3bj.csv
2182,0,-8.791411156386486,reference,DaRUS-4999/direct_upsampling_data_rungs_1-3/thermodynamic_properties/tridymite_ortho_pbe_d3bj.csv
2183,0,-8.792028831642771,reference,DaRUS-4999/direct_upsampling_data_rungs_1-3/thermodynamic_properties/tridymite_ortho_pbe_d3bj.csv
2184,0,-8.792646629112447,reference,DaRUS-4999/direct_upsampling_data_rungs_1-3/thermodynamic_properties/tridymite_ortho_pbe_d3bj.csv
2185,0,-8.793264548743029,reference,DaRUS-4999/direct_upsampling_data_rungs_1-3/thermodynamic_properties/tridymite_ortho_pbe_d3bj.csv
2186,0,-8.793882590482074,reference,DaRUS-4999/direct_upsampling_data_rungs_1-3/thermodynamic_properties/tridymite_ortho_pbe_d3bj.csv
2187,0,-8.794500754277191,reference,DaRUS-4999/direct_upsampling_data_rungs_1-3/thermodynamic_properties/tridymite_ortho_pbe_d3bj.csv
2188,0,-8.795119040076036,reference,DaRUS-4999/direct_upsampling_data_rungs_1-3/thermodynamic_properties/tridymite_ortho_pbe_d3bj.csv
2189,0,-8.795737447826312,reference,DaRUS-4999/direct_upsampling_data_rungs_1-3/thermodynamic_properties/tridymite_ortho_pbe_d3bj.csv
2190,0,-8.796355977475761,reference,DaRUS-4999/direct_upsampling_data_rungs_1-3/thermodynamic_properties/tridymite_ortho_pbe_d3bj.csv
2191,0,-8.796974628972182,reference,DaRUS-4999/direct_upsampling_data_rungs_1-3/thermodynamic_properties/tridymite_ortho_pbe_d3bj.csv
2192,0,-8.797593402263416,reference,DaRUS-4999/direct_upsampling_data_rungs_1-3/thermodynamic_properties/tridymite_ortho_pbe_d3bj.csv
2193,0,-8.798212297297354,reference,DaRUS-4999/direct_upsampling_data_rungs_1-3/thermodynamic_properties/tridymite_ortho_pbe_d3bj.csv
2194,0,-8.798831314021928,reference,DaRUS-4999/direct_upsampling_data_rungs_1-3/thermodynamic_properties/tridymite_ortho_pbe_d3bj.csv
2195,0,-8.799450452385116,reference,DaRUS-4999/direct_upsampling_data_rungs_1-3/thermodynamic_properties/tridymite_ortho_pbe_d3bj.csv
2196,0,-8.800069712334952,reference,DaRUS-4999/direct_upsampling_data_rungs_1-3/thermodynamic_properties/tridymite_ortho_pbe_d3bj.csv
2197,0,-8.800689093819503,reference,DaRUS-4999/direct_upsampling_data_rungs_1-3/thermodynamic_properties/tridymite_ortho_pbe_d3bj.csv
2198,0,-8.8013085967869,reference,DaRUS-4999/direct_upsampling_data_rungs_1-3/thermodynamic_properties/tridymite_ortho_pbe_d3bj.csv
2199,0,-8.801928221185296,reference,DaRUS-4999/direct_upsampling_data_rungs_1-3/thermodynamic_properties/tridymite_ortho_pbe_d3bj.csv
2200,0,-8.802547966962917,reference,DaRUS-4999/direct_upsampling_data_rungs_1-3/thermodynamic_properties/tridymite_ortho_pbe_d3bj.csv
2201,0,-8.803167834068013,reference,DaRUS-4999/direct_upsampling_data_rungs_1-3/thermodynamic_properties/tridymite_ortho_pbe_d3bj.csv
2202,0,-8.803787822448889,reference,DaRUS-4999/direct_upsampling_data_rungs_1-3/thermodynamic_properties/tridymite_ortho_pbe_d3bj.csv
2203,0,-8.804407932053902,reference,DaRUS-4999/direct_upsampling_data_rungs_1-3/thermodynamic_properties/tridymite_ortho_pbe_d3bj.csv
2204,0,-8.805028162831443,reference,DaRUS-4999/direct_upsampling_data_rungs_1-3/thermodynamic_properties/tridymite_ortho_pbe_d3bj.csv
2205,0,-8.805648514729961,reference,DaRUS-4999/direct_upsampling_data_rungs_1-3/thermodynamic_properties/tridymite_ortho_pbe_d3bj.csv
2206,0,-8.806268987697941,reference,DaRUS-4999/direct_upsampling_data_rungs_1-3/thermodynamic_properties/tridymite_ortho_pbe_d3bj.csv
2207,0,-8.806889581683915,reference,DaRUS-4999/direct_upsampling_data_rungs_1-3/thermodynamic_properties/tridymite_ortho_pbe_d3bj.csv
2208,0,-8.807510296636465,reference,DaRUS-4999/direct_upsampling_data_rungs_1-3/thermodynamic_properties/tridymite_ortho_pbe_d3bj.csv
2209,0,-8.80813113250422,reference,DaRUS-4999/direct_upsampling_data_rungs_1-3/thermodynamic_properties/tridymite_ortho_pbe_d3bj.csv
2210,0,-8.808752089235851,reference,DaRUS-4999/direct_upsampling_data_rungs_1-3/thermodynamic_properties/tridymite_ortho_pbe_d3bj.csv
2211,0,-8.809373166780066,reference,DaRUS-4999/direct_upsampling_data_rungs_1-3/thermodynamic_properties/tridymite_ortho_pbe_d3bj.csv
2212,0,-8.80999436508564,reference,DaRUS-4999/direct_upsampling_data_rungs_1-3/thermodynamic_properties/tridymite_ortho_pbe_d3bj.csv
2213,0,-8.810615684101373,reference,DaRUS-4999/direct_upsampling_data_rungs_1-3/thermodynamic_properties/tridymite_ortho_pbe_d3bj.csv
2214,0,-8.811237123776118,reference,DaRUS-4999/direct_upsampling_data_rungs_1-3/thermodynamic_properties/tridymite_ortho_pbe_d3bj.csv
2215,0,-8.81185868405878,reference,DaRUS-4999/direct_upsampling_data_rungs_1-3/thermodynamic_properties/tridymite_ortho_pbe_d3bj.csv
2216,0,-8.812480364898297,reference,DaRUS-4999/direct_upsampling_data_rungs_1-3/thermodynamic_properties/tridymite_ortho_pbe_d3bj.csv
2217,0,-8.813102166243658,reference,DaRUS-4999/direct_upsampling_data_rungs_1-3/thermodynamic_properties/tridymite_ortho_pbe_d3bj.csv
2218,0,-8.8137240880439,reference,DaRUS-4999/direct_upsampling_data_rungs_1-3/thermodynamic_properties/tridymite_ortho_pbe_d3bj.csv
2219,0,-8.814346130248099,reference,DaRUS-4999/direct_upsampling_data_rungs_1-3/thermodynamic_properties/tridymite_ortho_pbe_d3bj.csv
2220,0,-8.814968292805379,reference,DaRUS-4999/direct_upsampling_data_rungs_1-3/thermodynamic_properties/tridymite_ortho_pbe_d3bj.csv
2221,0,-8.815590575664913,reference,DaRUS-4999/direct_upsampling_data_rungs_1-3/thermodynamic_properties/tridymite_ortho_pbe_d3bj.csv
2222,0,-8.816212978775912,reference,DaRUS-4999/direct_upsampling_data_rungs_1-3/thermodynamic_properties/tridymite_ortho_pbe_d3bj.csv
2223,0,-8.816835502087637,reference,DaRUS-4999/direct_upsampling_data_rungs_1-3/thermodynamic_properties/tridymite_ortho_pbe_d3bj.csv
2224,0,-8.817458145549386,reference,DaRUS-4999/direct_upsampling_data_rungs_1-3/thermodynamic_properties/tridymite_ortho_pbe_d3bj.csv
2225,0,-8.818080909110513,reference,DaRUS-4999/direct_upsampling_data_rungs_1-3/thermodynamic_properties/tridymite_ortho_pbe_d3bj.csv
2226,0,-8.818703792720408,reference,DaRUS-4999/direct_upsampling_data_rungs_1-3/thermodynamic_properties/tridymite_ortho_pbe_d3bj.csv
2227,0,-8.819326796328513,reference,DaRUS-4999/direct_upsampling_data_rungs_1-3/thermodynamic_properties/tridymite_ortho_pbe_d3bj.csv
2228,0,-8.819949919884303,reference,DaRUS-4999/direct_upsampling_data_rungs_1-3/thermodynamic_properties/tridymite_ortho_pbe_d3bj.csv
2229,0,-8.820573163337308,reference,DaRUS-4999/direct_upsampling_data_rungs_1-3/thermodynamic_properties/tridymite_ortho_pbe_d3bj.csv
2230,0,-8.821196526637101,reference,DaRUS-4999/direct_upsampling_data_rungs_1-3/thermodynamic_properties/tridymite_ortho_pbe_d3bj.csv
2231,0,-8.821820009733297,reference,DaRUS-4999/direct_upsampling_data_rungs_1-3/thermodynamic_properties/tridymite_ortho_pbe_d3bj.csv
2232,0,-8.822443612575551,reference,DaRUS-4999/direct_upsampling_data_rungs_1-3/thermodynamic_properties/tridymite_ortho_pbe_d3bj.csv
2233,0,-8.823067335113572,reference,DaRUS-4999/direct_upsampling_data_rungs_1-3/thermodynamic_properties/tridymite_ortho_pbe_d3bj.csv
2234,0,-8.823691177297107,reference,DaRUS-4999/direct_upsampling_data_rungs_1-3/thermodynamic_properties/tridymite_ortho_pbe_d3bj.csv
2235,0,-8.824315139075948,reference,DaRUS-4999/direct_upsampling_data_rungs_1-3/thermodynamic_properties/tridymite_ortho_pbe_d3bj.csv
2236,0,-8.824939220399932,reference,DaRUS-4999/direct_upsampling_data_rungs_1-3/thermodynamic_properties/tridymite_ortho_pbe_d3bj.csv
2237,0,-8.825563421218936,reference,DaRUS-4999/direct_upsampling_data_rungs_1-3/thermodynamic_properties/tridymite_ortho_pbe_d3bj.csv
2238,0,-8.826187741482887,reference,DaRUS-4999/direct_upsampling_data_rungs_1-3/thermodynamic_properties/tridymite_ortho_pbe_d3bj.csv
2239,0,-8.826812181141754,reference,DaRUS-4999/direct_upsampling_data_rungs_1-3/thermodynamic_properties/tridymite_ortho_pbe_d3bj.csv
2240,0,-8.827436740145552,reference,DaRUS-4999/direct_upsampling_data_rungs_1-3/thermodynamic_properties/tridymite_ortho_pbe_d3bj.csv
2241,0,-8.828061418444332,reference,DaRUS-4999/direct_upsampling_data_rungs_1-3/thermodynamic_properties/tridymite_ortho_pbe_d3bj.csv
2242,0,-8.828686215988192,reference,DaRUS-4999/direct_upsampling_data_rungs_1-3/thermodynamic_properties/tridymite_ortho_pbe_d3bj.csv
2243,0,-8.829311132727282,reference,DaRUS-4999/direct_upsampling_data_rungs_1-3/thermodynamic_properties/tridymite_ortho_pbe_d3bj.csv
2244,0,-8.829936168611786,reference,DaRUS-4999/direct_upsampling_data_rungs_1-3/thermodynamic_properties/tridymite_ortho_pbe_d3bj.csv
2245,0,-8.830561323591937,reference,DaRUS-4999/direct_upsampling_data_rungs_1-3/thermodynamic_properties/tridymite_ortho_pbe_d3bj.csv
2246,0,-8.831186597618006,reference,DaRUS-4999/direct_upsampling_data_rungs_1-3/thermodynamic_properties/tridymite_ortho_pbe_d3bj.csv
2247,0,-8.831811990640309,reference,DaRUS-4999/direct_upsampling_data_rungs_1-3/thermodynamic_properties/tridymite_ortho_pbe_d3bj.csv
2248,0,-8.832437502609213,reference,DaRUS-4999/direct_upsampling_data_rungs_1-3/thermodynamic_properties/tridymite_ortho_pbe_d3bj.csv
2249,0,-8.833063133475116,reference,DaRUS-4999/direct_upsampling_data_rungs_1-3/thermodynamic_properties/tridymite_ortho_pbe_d3bj.csv
2250,0,-8.833688883188474,reference,DaRUS-4999/direct_upsampling_data_rungs_1-3/thermodynamic_properties/tridymite_ortho_pbe_d3bj.csv
2251,0,-8.834314751699774,reference,DaRUS-4999/direct_upsampling_data_rungs_1-3/thermodynamic_properties/tridymite_ortho_pbe_d3bj.csv
2252,0,-8.834940738959546,reference,DaRUS-4999/direct_upsampling_data_rungs_1-3/thermodynamic_properties/tridymite_ortho_pbe_d3bj.csv
2253,0,-8.83556684491837,reference,DaRUS-4999/direct_upsampling_data_rungs_1-3/thermodynamic_properties/tridymite_ortho_pbe_d3bj.csv
2254,0,-8.836193069526871,reference,DaRUS-4999/direct_upsampling_data_rungs_1-3/thermodynamic_properties/tridymite_ortho_pbe_d3bj.csv
2255,0,-8.836819412735711,reference,DaRUS-4999/direct_upsampling_data_rungs_1-3/thermodynamic_properties/tridymite_ortho_pbe_d3bj.csv
2256,0,-8.837445874495591,reference,DaRUS-4999/direct_upsampling_data_rungs_1-3/thermodynamic_properties/tridymite_ortho_pbe_d3bj.csv
2257,0,-8.838072454757267,reference,DaRUS-4999/direct_upsampling_data_rungs_1-3/thermodynamic_properties/tridymite_ortho_pbe_d3bj.csv
2258,0,-8.838699153471529,reference,DaRUS-4999/direct_upsampling_data_rungs_1-3/thermodynamic_properties/tridymite_ortho_pbe_d3bj.csv
2259,0,-8.83932597058921,reference,DaRUS-4999/direct_upsampling_data_rungs_1-3/thermodynamic_properties/tridymite_ortho_pbe_d3bj.csv
2260,0,-8.839952906061193,reference,DaRUS-4999/direct_upsampling_data_rungs_1-3/thermodynamic_properties/tridymite_ortho_pbe_d3bj.csv
2261,0,-8.840579959838392,reference,DaRUS-4999/direct_upsampling_data_rungs_1-3/thermodynamic_properties/tridymite_ortho_pbe_d3bj.csv
2262,0,-8.841207131871778,reference,DaRUS-4999/direct_upsampling_data_rungs_1-3/thermodynamic_properties/tridymite_ortho_pbe_d3bj.csv
2263,0,-8.841834422112347,reference,DaRUS-4999/direct_upsampling_data_rungs_1-3/thermodynamic_properties/tridymite_ortho_pbe_d3bj.csv
2264,0,-8.84246183051116,reference,DaRUS-4999/direct_upsampling_data_rungs_1-3/thermodynamic_properties/tridymite_ortho_pbe_d3bj.csv
2265,0,-8.843089357019299,reference,DaRUS-4999/direct_upsampling_data_rungs_1-3/thermodynamic_properties/tridymite_ortho_pbe_d3bj.csv
2266,0,-8.843717001587898,reference,DaRUS-4999/direct_upsampling_data_rungs_1-3/thermodynamic_properties/tridymite_ortho_pbe_d3bj.csv
2267,0,-8.844344764168138,reference,DaRUS-4999/direct_upsampling_data_rungs_1-3/thermodynamic_properties/tridymite_ortho_pbe_d3bj.csv
2268,0,-8.84497264471123,reference,DaRUS-4999/direct_upsampling_data_rungs_1-3/thermodynamic_properties/tridymite_ortho_pbe_d3bj.csv
2269,0,-8.84560064316844,reference,DaRUS-4999/direct_upsampling_data_rungs_1-3/thermodynamic_properties/tridymite_ortho_pbe_d3bj.csv
2270,0,-8.846228759491066,reference,DaRUS-4999/direct_upsampling_data_rungs_1-3/thermodynamic_properties/tridymite_ortho_pbe_d3bj.csv
2271,0,-8.84685699363046,reference,DaRUS-4999/direct_upsampling_data_rungs_1-3/thermodynamic_properties/tridymite_ortho_pbe_d3bj.csv
2272,0,-8.847485345538004,reference,DaRUS-4999/direct_upsampling_data_rungs_1-3/thermodynamic_properties/tridymite_ortho_pbe_d3bj.csv
2273,0,-8.848113815165126,reference,DaRUS-4999/direct_upsampling_data_rungs_1-3/thermodynamic_properties/tridymite_ortho_pbe_d3bj.csv
2274,0,-8.848742402463298,reference,DaRUS-4999/direct_upsampling_data_rungs_1-3/thermodynamic_properties/tridymite_ortho_pbe_d3bj.csv
2275,0,-8.849371107384034,reference,DaRUS-4999/direct_upsampling_data_rungs_1-3/thermodynamic_properties/tridymite_ortho_pbe_d3bj.csv
2276,0,-8.849999929878889,reference,DaRUS-4999/direct_upsampling_data_rungs_1-3/thermodynamic_properties/tridymite_ortho_pbe_d3bj.csv
2277,0,-8.85062886989946,reference,DaRUS-4999/direct_upsampling_data_rungs_1-3/thermodynamic_properties/tridymite_ortho_pbe_d3bj.csv
2278,0,-8.851257927397384,reference,DaRUS-4999/direct_upsampling_data_rungs_1-3/thermodynamic_properties/tridymite_ortho_pbe_d3bj.csv
2279,0,-8.851887102324342,reference,DaRUS-4999/direct_upsampling_data_rungs_1-3/thermodynamic_properties/tridymite_ortho_pbe_d3bj.csv
2280,0,-8.852516394632058,reference,DaRUS-4999/direct_upsampling_data_rungs_1-3/thermodynamic_properties/tridymite_ortho_pbe_d3bj.csv
2281,0,-8.853145804272293,reference,DaRUS-4999/direct_upsampling_data_rungs_1-3/thermodynamic_properties/tridymite_ortho_pbe_d3bj.csv
2282,0,-8.853775331196852,reference,DaRUS-4999/direct_upsampling_data_rungs_1-3/thermodynamic_properties/tridymite_ortho_pbe_d3bj.csv
2283,0,-8.854404975357584,reference,DaRUS-4999/direct_upsampling_data_rungs_1-3/thermodynamic_properties/tridymite_ortho_pbe_d3bj.csv
2284,0,-8.855034736706378,reference,DaRUS-4999/direct_upsampling_data_rungs_1-3/thermodynamic_properties/tridymite_ortho_pbe_d3bj.csv
2285,0,-8.855664615195158,reference,DaRUS-4999/direct_upsampling_data_rungs_1-3/thermodynamic_properties/tridymite_ortho_pbe_d3bj.csv
2286,0,-8.856294610775903,reference,DaRUS-4999/direct_upsampling_data_rungs_1-3/thermodynamic_properties/tridymite_ortho_pbe_d3bj.csv
2287,0,-8.856924723400621,reference,DaRUS-4999/direct_upsampling_data_rungs_1-3/thermodynamic_properties/tridymite_ortho_pbe_d3bj.csv
2288,0,-8.857554953021365,reference,DaRUS-4999/direct_upsampling_data_rungs_1-3/thermodynamic_properties/tridymite_ortho_pbe_d3bj.csv
2289,0,-8.858185299590234,reference,DaRUS-4999/direct_upsampling_data_rungs_1-3/thermodynamic_properties/tridymite_ortho_pbe_d3bj.csv
2290,0,-8.858815763059361,reference,DaRUS-4999/direct_upsampling_data_rungs_1-3/thermodynamic_properties/tridymite_ortho_pbe_d3bj.csv
2291,0,-8.859446343380924,reference,DaRUS-4999/direct_upsampling_data_rungs_1-3/thermodynamic_properties/tridymite_ortho_pbe_d3bj.csv
2292,0,-8.860077040507139,reference,DaRUS-4999/direct_upsampling_data_rungs_1-3/thermodynamic_properties/tridymite_ortho_pbe_d3bj.csv
2293,0,-8.86070785439027,reference,DaRUS-4999/direct_upsampling_data_rungs_1-3/thermodynamic_properties/tridymite_ortho_pbe_d3bj.csv
2294,0,-8.861338784982616,reference,DaRUS-4999/direct_upsampling_data_rungs_1-3/thermodynamic_properties/tridymite_ortho_pbe_d3bj.csv
2295,0,-8.861969832236515,reference,DaRUS-4999/direct_upsampling_data_rungs_1-3/thermodynamic_properties/tridymite_ortho_pbe_d3bj.csv
2296,0,-8.862600996104355,reference,DaRUS-4999/direct_upsampling_data_rungs_1-3/thermodynamic_properties/tridymite_ortho_pbe_d3bj.csv
2297,0,-8.863232276538556,reference,DaRUS-4999/direct_upsampling_data_rungs_1-3/thermodynamic_properties/tridymite_ortho_pbe_d3bj.csv
2298,0,-8.863863673491577,reference,DaRUS-4999/direct_upsampling_data_rungs_1-3/thermodynamic_properties/tridymite_ortho_pbe_d3bj.csv
2299,0,-8.86449518691593,reference,DaRUS-4999/direct_upsampling_data_rungs_1-3/thermodynamic_properties/tridymite_ortho_pbe_d3bj.csv
2300,0,-8.865126816764157,reference,DaRUS-4999/direct_upsampling_data_rungs_1-3/thermodynamic_properties/tridymite_ortho_pbe_d3bj.csv
2301,0,-8.865758562988844,reference,DaRUS-4999/direct_upsampling_data_rungs_1-3/thermodynamic_properties/tridymite_ortho_pbe_d3bj.csv
2302,0,-8.866390425542617,reference,DaRUS-4999/direct_upsampling_data_rungs_1-3/thermodynamic_properties/tridymite_ortho_pbe_d3bj.csv
2303,0,-8.867022404378147,reference,DaRUS-4999/direct_upsampling_data_rungs_1-3/thermodynamic_properties/tridymite_ortho_pbe_d3bj.csv
2304,0,-8.867654499448134,reference,DaRUS-4999/direct_upsampling_data_rungs_1-3/thermodynamic_properties/tridymite_ortho_pbe_d3bj.csv
2305,0,-8.868286710705329,reference,DaRUS-4999/direct_upsampling_data_rungs_1-3/thermodynamic_properties/tridymite_ortho_pbe_d3bj.csv
2306,0,-8.868919038102526,reference,DaRUS-4999/direct_upsampling_data_rungs_1-3/thermodynamic_properties/tridymite_ortho_pbe_d3bj.csv
2307,0,-8.869551481592541,reference,DaRUS-4999/direct_upsampling_data_rungs_1-3/thermodynamic_properties/tridymite_ortho_pbe_d3bj.csv
2308,0,-8.870184041128255,reference,DaRUS-4999/direct_upsampling_data_rungs_1-3/thermodynamic_properties/tridymite_ortho_pbe_d3bj.csv
2309,0,-8.870816716662571,reference,DaRUS-4999/direct_upsampling_data_rungs_1-3/thermodynamic_properties/tridymite_ortho_pbe_d3bj.csv
2310,0,-8.871449508148437,reference,DaRUS-4999/direct_upsampling_data_rungs_1-3/thermodynamic_properties/tridymite_ortho_pbe_d3bj.csv
2311,0,-8.872082415538845,reference,DaRUS-4999/direct_upsampling_data_rungs_1-3/thermodynamic_properties/tridymite_ortho_pbe_d3bj.csv
2312,0,-8.872715438786827,reference,DaRUS-4999/direct_upsampling_data_rungs_1-3/thermodynamic_properties/tridymite_ortho_pbe_d3bj.csv
2313,0,-8.873348577845444,reference,DaRUS-4999/direct_upsampling_data_rungs_1-3/thermodynamic_properties/tridymite_ortho_pbe_d3bj.csv
2314,0,-8.873981832667814,reference,DaRUS-4999/direct_upsampling_data_rungs_1-3/thermodynamic_properties/tridymite_ortho_pbe_d3bj.csv
2315,0,-8.874615203207082,reference,DaRUS-4999/direct_upsampling_data_rungs_1-3/thermodynamic_properties/tridymite_ortho_pbe_d3bj.csv
2316,0,-8.875248689416436,reference,DaRUS-4999/direct_upsampling_data_rungs_1-3/thermodynamic_properties/tridymite_ortho_pbe_d3bj.csv
2317,0,-8.875882291249107,reference,DaRUS-4999/direct_upsampling_data_rungs_1-3/thermodynamic_properties/tridymite_ortho_pbe_d3bj.csv
2318,0,-8.876516008658367,reference,DaRUS-4999/direct_upsampling_data_rungs_1-3/thermodynamic_properties/tridymite_ortho_pbe_d3bj.csv
2319,0,-8.877149841597516,reference,DaRUS-4999/direct_upsampling_data_rungs_1-3/thermodynamic_properties/tridymite_ortho_pbe_d3bj.csv
2320,0,-8.87778379001991,reference,DaRUS-4999/direct_upsampling_data_rungs_1-3/thermodynamic_properties/tridymite_ortho_pbe_d3bj.csv
2321,0,-8.878417853878931,reference,DaRUS-4999/direct_upsampling_data_rungs_1-3/thermodynamic_properties/tridymite_ortho_pbe_d3bj.csv
2322,0,-8.87905203312801,reference,DaRUS-4999/direct_upsampling_data_rungs_1-3/thermodynamic_properties/tridymite_ortho_pbe_d3bj.csv
2323,0,-8.879686327720615,reference,DaRUS-4999/direct_upsampling_data_rungs_1-3/thermodynamic_properties/tridymite_ortho_pbe_d3bj.csv
2324,0,-8.880320737610248,reference,DaRUS-4999/direct_upsampling_data_rungs_1-3/thermodynamic_properties/tridymite_ortho_pbe_d3bj.csv
2325,0,-8.880955262750458,reference,DaRUS-4999/direct_upsampling_data_rungs_1-3/thermodynamic_properties/tridymite_ortho_pbe_d3bj.csv
2326,0,-8.881589903094827,reference,DaRUS-4999/direct_upsampling_data_rungs_1-3/thermodynamic_properties/tridymite_ortho_pbe_d3bj.csv
2327,0,-8.882224658596984,reference,DaRUS-4999/direct_upsampling_data_rungs_1-3/thermodynamic_properties/tridymite_ortho_pbe_d3bj.csv
2328,0,-8.882859529210588,reference,DaRUS-4999/direct_upsampling_data_rungs_1-3/thermodynamic_properties/tridymite_ortho_pbe_d3bj.csv
2329,0,-8.883494514889348,reference,DaRUS-4999/direct_upsampling_data_rungs_1-3/thermodynamic_properties/tridymite_ortho_pbe_d3bj.csv
2330,0,-8.884129615586998,reference,DaRUS-4999/direct_upsampling_data_rungs_1-3/thermodynamic_properties/tridymite_ortho_pbe_d3bj.csv
2331,0,-8.884764831257328,reference,DaRUS-4999/direct_upsampling_data_rungs_1-3/thermodynamic_properties/tridymite_ortho_pbe_d3bj.csv
2332,0,-8.885400161854154,reference,DaRUS-4999/direct_upsampling_data_rungs_1-3/thermodynamic_properties/tridymite_ortho_pbe_d3bj.csv
2333,0,-8.886035607331333,reference,DaRUS-4999/direct_upsampling_data_rungs_1-3/thermodynamic_properties/tridymite_ortho_pbe_d3bj.csv
2334,0,-8.886671167642769,reference,DaRUS-4999/direct_upsampling_data_rungs_1-3/thermodynamic_properties/tridymite_ortho_pbe_d3bj.csv
2335,0,-8.887306842742396,reference,DaRUS-4999/direct_upsampling_data_rungs_1-3/thermodynamic_properties/tridymite_ortho_pbe_d3bj.csv
2336,0,-8.88794263258419,reference,DaRUS-4999/direct_upsampling_data_rungs_1-3/thermodynamic_properties/tridymite_ortho_pbe_d3bj.csv
2337,0,-8.888578537122168,reference,DaRUS-4999/direct_upsampling_data_rungs_1-3/thermodynamic_properties/tridymite_ortho_pbe_d3bj.csv
2338,0,-8.889214556310383,reference,DaRUS-4999/direct_upsampling_data_rungs_1-3/thermodynamic_properties/tridymite_ortho_pbe_d3bj.csv
2339,0,-8.889850690102929,reference,DaRUS-4999/direct_upsampling_data_rungs_1-3/thermodynamic_properties/tridymite_ortho_pbe_d3bj.csv
2340,0,-8.890486938453938,reference,DaRUS-4999/direct_upsampling_data_rungs_1-3/thermodynamic_properties/tridymite_ortho_pbe_d3bj.csv
2341,0,-8.891123301317576,reference,DaRUS-4999/direct_upsampling_data_rungs_1-3/thermodynamic_properties/tridymite_ortho_pbe_d3bj.csv
2342,0,-8.891759778648053,reference,DaRUS-4999/direct_upsampling_data_rungs_1-3/thermodynamic_properties/tridymite_ortho_pbe_d3bj.csv
2343,0,-8.89239637039962,reference,DaRUS-4999/direct_upsampling_data_rungs_1-3/thermodynamic_properties/tridymite_ortho_pbe_d3bj.csv
2344,0,-8.893033076526564,reference,DaRUS-4999/direct_upsampling_data_rungs_1-3/thermodynamic_properties/tridymite_ortho_pbe_d3bj.csv
2345,0,-8.893669896983202,reference,DaRUS-4999/direct_upsampling_data_rungs_1-3/thermodynamic_properties/tridymite_ortho_pbe_d3bj.csv
2346,0,-8.894306831723901,reference,DaRUS-4999/direct_upsampling_data_rungs_1-3/thermodynamic_properties/tridymite_ortho_pbe_d3bj.csv
2347,0,-8.894943880703064,reference,DaRUS-4999/direct_upsampling_data_rungs_1-3/thermodynamic_properties/tridymite_ortho_pbe_d3bj.csv
2348,0,-8.895581043875127,reference,DaRUS-4999/direct_upsampling_data_rungs_1-3/thermodynamic_properties/tridymite_ortho_pbe_d3bj.csv
2349,0,-8.896218321194571,reference,DaRUS-4999/direct_upsampling_data_rungs_1-3/thermodynamic_properties/tridymite_ortho_pbe_d3bj.csv
2350,0,-8.89685571261591,reference,DaRUS-4999/direct_upsampling_data_rungs_1-3/thermodynamic_properties/tridymite_ortho_pbe_d3bj.csv
2351,0,-8.897493218093697,reference,DaRUS-4999/direct_upsampling_data_rungs_1-3/thermodynamic_properties/tridymite_ortho_pbe_d3bj.csv
2352,0,-8.898130837582523,reference,DaRUS-4999/direct_upsampling_data_rungs_1-3/thermodynamic_properties/tridymite_ortho_pbe_d3bj.csv
2353,0,-8.898768571037024,reference,DaRUS-4999/direct_upsampling_data_rungs_1-3/thermodynamic_properties/tridymite_ortho_pbe_d3bj.csv
2354,0,-8.899406418411868,reference,DaRUS-4999/direct_upsampling_data_rungs_1-3/thermodynamic_properties/tridymite_ortho_pbe_d3bj.csv
2355,0,-8.900044379661757,reference,DaRUS-4999/direct_upsampling_data_rungs_1-3/thermodynamic_properties/tridymite_ortho_pbe_d3bj.csv
2356,0,-8.900682454741439,reference,DaRUS-4999/direct_upsampling_data_rungs_1-3/thermodynamic_properties/tridymite_ortho_pbe_d3bj.csv
2357,0,-8.901320643605697,reference,DaRUS-4999/direct_upsampling_data_rungs_1-3/thermodynamic_properties/tridymite_ortho_pbe_d3bj.csv
2358,0,-8.901958946209346,reference,DaRUS-4999/direct_upsampling_data_rungs_1-3/thermodynamic_properties/tridymite_ortho_pbe_d3bj.csv
2359,0,-8.902597362507251,reference,DaRUS-4999/direct_upsampling_data_rungs_1-3/thermodynamic_properties/tridymite_ortho_pbe_d3bj.csv
2360,0,-8.903235892454301,reference,DaRUS-4999/direct_upsampling_data_rungs_1-3/thermodynamic_properties/tridymite_ortho_pbe_d3bj.csv
2361,0,-8.903874536005437,reference,DaRUS-4999/direct_upsampling_data_rungs_1-3/thermodynamic_properties/tridymite_ortho_pbe_d3bj.csv
2362,0,-8.904513293115626,reference,DaRUS-4999/direct_upsampling_data_rungs_1-3/thermodynamic_properties/tridymite_ortho_pbe_d3bj.csv
2363,0,-8.905152163739878,reference,DaRUS-4999/direct_upsampling_data_rungs_1-3/thermodynamic_properties/tridymite_ortho_pbe_d3bj.csv
2364,0,-8.90579114783324,reference,DaRUS-4999/direct_upsampling_data_rungs_1-3/thermodynamic_properties/tridymite_ortho_pbe_d3bj.csv
2365,0,-8.906430245350792,reference,DaRUS-4999/direct_upsampling_data_rungs_1-3/thermodynamic_properties/tridymite_ortho_pbe_d3bj.csv
2366,0,-8.907069456247664,reference,DaRUS-4999/direct_upsampling_data_rungs_1-3/thermodynamic_properties/tridymite_ortho_pbe_d3bj.csv
2367,0,-8.907708780479005,reference,DaRUS-4999/direct_upsampling_data_rungs_1-3/thermodynamic_properties/tridymite_ortho_pbe_d3bj.csv
2368,0,-8.908348218000022,reference,DaRUS-4999/direct_upsampling_data_rungs_1-3/thermodynamic_properties/tridymite_ortho_pbe_d3bj.csv
2369,0,-8.90898776876594,reference,DaRUS-4999/direct_upsampling_data_rungs_1-3/thermodynamic_properties/tridymite_ortho_pbe_d3bj.csv
2370,0,-8.909627432732036,reference,DaRUS-4999/direct_upsampling_data_rungs_1-3/thermodynamic_properties/tridymite_ortho_pbe_d3bj.csv
2371,0,-8.910267209853616,reference,DaRUS-4999/direct_upsampling_data_rungs_1-3/thermodynamic_properties/tridymite_ortho_pbe_d3bj.csv
2372,0,-8.910907100086028,reference,DaRUS-4999/direct_upsampling_data_rungs_1-3/thermodynamic_properties/tridymite_ortho_pbe_d3bj.csv
2373,0,-8.911547103384651,reference,DaRUS-4999/direct_upsampling_data_rungs_1-3/thermodynamic_properties/tridymite_ortho_pbe_d3bj.csv
2374,0,-8.912187219704906,reference,DaRUS-4999/direct_upsampling_data_rungs_1-3/thermodynamic_properties/tridymite_ortho_pbe_d3bj.csv
2375,0,-8.912827449002254,reference,DaRUS-4999/direct_upsampling_data_rungs_1-3/thermodynamic_properties/tridymite_ortho_pbe_d3bj.csv
2376,0,-8.913467791232186,reference,DaRUS-4999/direct_upsampling_data_rungs_1-3/thermodynamic_properties/tridymite_ortho_pbe_d3bj.csv
2377,0,-8.914108246350235,reference,DaRUS-4999/direct_upsampling_data_rungs_1-3/thermodynamic_properties/tridymite_ortho_pbe_d3bj.csv
2378,0,-8.914748814311967,reference,DaRUS-4999/direct_upsampling_data_rungs_1-3/thermodynamic_properties/tridymite_ortho_pbe_d3bj.csv
2379,0,-8.91538949507299,reference,DaRUS-4999/direct_upsampling_data_rungs_1-3/thermodynamic_properties/tridymite_ortho_pbe_d3bj.csv
2380,0,-8.916030288588942,reference,DaRUS-4999/direct_upsampling_data_rungs_1-3/thermodynamic_properties/tridymite_ortho_pbe_d3bj.csv
2381,0,-8.916671194815509,reference,DaRUS-4999/direct_upsampling_data_rungs_1-3/thermodynamic_properties/tridymite_ortho_pbe_d3bj.csv
2382,0,-8.917312213708398,reference,DaRUS-4999/direct_upsampling_data_rungs_1-3/thermodynamic_properties/tridymite_ortho_pbe_d3bj.csv
2383,0,-8.917953345223367,reference,DaRUS-4999/direct_upsampling_data_rungs_1-3/thermodynamic_properties/tridymite_ortho_pbe_d3bj.csv
2384,0,-8.9185945893162,reference,DaRUS-4999/direct_upsampling_data_rungs_1-3/thermodynamic_properties/tridymite_ortho_pbe_d3bj.csv
2385,0,-8.919235945942733,reference,DaRUS-4999/direct_upsampling_data_rungs_1-3/thermodynamic_properties/tridymite_ortho_pbe_d3bj.csv
2386,0,-8.919877415058817,reference,DaRUS-4999/direct_upsampling_data_rungs_1-3/thermodynamic_properties/tridymite_ortho_pbe_d3bj.csv
2387,0,-8.920518996620359,reference,DaRUS-4999/direct_upsampling_data_rungs_1-3/thermodynamic_properties/tridymite_ortho_pbe_d3bj.csv
2388,0,-8.921160690583289,reference,DaRUS-4999/direct_upsampling_data_rungs_1-3/thermodynamic_properties/tridymite_ortho_pbe_d3bj.csv
2389,0,-8.921802496903585,reference,DaRUS-4999/direct_upsampling_data_rungs_1-3/thermodynamic_properties/tridymite_ortho_pbe_d3bj.csv
2390,0,-8.922444415537246,reference,DaRUS-4999/direct_upsampling_data_rungs_1-3/thermodynamic_properties/tridymite_ortho_pbe_d3bj.csv
2391,0,-8.923086446440328,reference,DaRUS-4999/direct_upsampling_data_rungs_1-3/thermodynamic_properties/tridymite_ortho_pbe_d3bj.csv
2392,0,-8.923728589568906,reference,DaRUS-4999/direct_upsampling_data_rungs_1-3/thermodynamic_properties/tridymite_ortho_pbe_d3bj.csv
2393,0,-8.924370844879096,reference,DaRUS-4999/direct_upsampling_data_rungs_1-3/thermodynamic_properties/tridymite_ortho_pbe_d3bj.csv
2394,0,-8.925013212327057,reference,DaRUS-4999/direct_upsampling_data_rungs_1-3/thermodynamic_properties/tridymite_ortho_pbe_d3bj.csv
2395,0,-8.925655691868972,reference,DaRUS-4999/direct_upsampling_data_rungs_1-3/thermodynamic_properties/tridymite_ortho_pbe_d3bj.csv
2396,0,-8.926298283461072,reference,DaRUS-4999/direct_upsampling_data_rungs_1-3/thermodynamic_properties/tridymite_ortho_pbe_d3bj.csv
2397,0,-8.926940987059625,reference,DaRUS-4999/direct_upsampling_data_rungs_1-3/thermodynamic_properties/tridymite_ortho_pbe_d3bj.csv
2398,0,-8.927583802620916,reference,DaRUS-4999/direct_upsampling_data_rungs_1-3/thermodynamic_properties/tridymite_ortho_pbe_d3bj.csv
2399,0,-8.928226730101292,reference,DaRUS-4999/direct_upsampling_data_rungs_1-3/thermodynamic_properties/tridymite_ortho_pbe_d3bj.csv
2400,0,-8.928869769457114,reference,DaRUS-4999/direct_upsampling_data_rungs_1-3/thermodynamic_properties/tridymite_ortho_pbe_d3bj.csv
2401,0,-8.929512920644793,reference,DaRUS-4999/direct_upsampling_data_rungs_1-3/thermodynamic_properties/tridymite_ortho_pbe_d3bj.csv
2402,0,-8.930156183620769,reference,DaRUS-4999/direct_upsampling_data_rungs_1-3/thermodynamic_properties/tridymite_ortho_pbe_d3bj.csv
2403,0,-8.930799558341523,reference,DaRUS-4999/direct_upsampling_data_rungs_1-3/thermodynamic_properties/tridymite_ortho_pbe_d3bj.csv
2404,0,-8.931443044763576,reference,DaRUS-4999/direct_upsampling_data_rungs_1-3/thermodynamic_properties/tridymite_ortho_pbe_d3bj.csv
2405,0,-8.93208664284346,reference,DaRUS-4999/direct_upsampling_data_rungs_1-3/thermodynamic_properties/tridymite_ortho_pbe_d3bj.csv
2406,0,-8.932730352537773,reference,DaRUS-4999/direct_upsampling_data_rungs_1-3/thermodynamic_properties/tridymite_ortho_pbe_d3bj.csv
2407,0,-8.933374173803136,reference,DaRUS-4999/direct_upsampling_data_rungs_1-3/thermodynamic_properties/tridymite_ortho_pbe_d3bj.csv
2408,0,-8.934018106596202,reference,DaRUS-4999/direct_upsampling_data_rungs_1-3/thermodynamic_properties/tridymite_ortho_pbe_d3bj.csv
2409,0,-8.934662150873667,reference,DaRUS-4999/direct_upsampling_data_rungs_1-3/thermodynamic_properties/tridymite_ortho_pbe_d3bj.csv
2410,0,-8.935306306592258,reference,DaRUS-4999/direct_upsampling_data_rungs_1-3/thermodynamic_properties/tridymite_ortho_pbe_d3bj.csv
2411,0,-8.935950573708737,reference,DaRUS-4999/direct_upsampling_data_rungs_1-3/thermodynamic_properties/tridymite_ortho_pbe_d3bj.csv
2412,0,-8.936594952179904,reference,DaRUS-4999/direct_upsampling_data_rungs_1-3/thermodynamic_properties/tridymite_ortho_pbe_d3bj.csv
2413,0,-8.937239441962596,reference,DaRUS-4999/direct_upsampling_data_rungs_1-3/thermodynamic_properties/tridymite_ortho_pbe_d3bj.csv
2414,0,-8.937884043013684,reference,DaRUS-4999/direct_upsampling_data_rungs_1-3/thermodynamic_properties/tridymite_ortho_pbe_d3bj.csv
2415,0,-8.938528755290065,reference,DaRUS-4999/direct_upsampling_data_rungs_1-3/thermodynamic_properties/tridymite_ortho_pbe_d3bj.csv
2416,0,-8.939173578748692,reference,DaRUS-4999/direct_upsampling_data_rungs_1-3/thermodynamic_properties/tridymite_ortho_pbe_d3bj.csv
2417,0,-8.939818513346532,reference,DaRUS-4999/direct_upsampling_data_rungs_1-3/thermodynamic_properties/tridymite_ortho_pbe_d3bj.csv
2418,0,-8.940463559040598,reference,DaRUS-4999/direct_upsampling_data_rungs_1-3/thermodynamic_properties/tridymite_ortho_pbe_d3bj.csv
2419,0,-8.941108715787941,reference,DaRUS-4999/direct_upsampling_data_rungs_1-3/thermodynamic_properties/tridymite_ortho_pbe_d3bj.csv
2420,0,-8.94175398354564,reference,DaRUS-4999/direct_upsampling_data_rungs_1-3/thermodynamic_properties/tridymite_ortho_pbe_d3bj.csv
2421,0,-8.942399362270811,reference,DaRUS-4999/direct_upsampling_data_rungs_1-3/thermodynamic_properties/tridymite_ortho_pbe_d3bj.csv
2422,0,-8.943044851920604,reference,DaRUS-4999/direct_upsampling_data_rungs_1-3/thermodynamic_properties/tridymite_ortho_pbe_d3bj.csv
2423,0,-8.943690452452211,reference,DaRUS-4999/direct_upsampling_data_rungs_1-3/thermodynamic_properties/tridymite_ortho_pbe_d3bj.csv
2424,0,-8.94433616382285,reference,DaRUS-4999/direct_upsampling_data_rungs_1-3/thermodynamic_properties/tridymite_ortho_pbe_d3bj.csv
2425,0,-8.944981985989781,reference,DaRUS-4999/direct_upsampling_data_rungs_1-3/thermodynamic_properties/tridymite_ortho_pbe_d3bj.csv
2426,0,-8.945627918910294,reference,DaRUS-4999/direct_upsampling_data_rungs_1-3/thermodynamic_properties/tridymite_ortho_pbe_d3bj.csv
2427,0,-8.946273962541715,reference,DaRUS-4999/direct_upsampling_data_rungs_1-3/thermodynamic_properties/tridymite_ortho_pbe_d3bj.csv
2428,0,-8.946920116841406,reference,DaRUS-4999/direct_upsampling_data_rungs_1-3/thermodynamic_properties/tridymite_ortho_pbe_d3bj.csv
2429,0,-8.947566381766768,reference,DaRUS-4999/direct_upsampling_data_rungs_1-3/thermodynamic_properties/tridymite_ortho_pbe_d3bj.csv
2430,0,-8.948212757275224,reference,DaRUS-4999/direct_upsampling_data_rungs_1-3/thermodynamic_properties/tridymite_ortho_pbe_d3bj.csv
2431,0,-8.948859243324245,reference,DaRUS-4999/direct_upsampling_data_rungs_1-3/thermodynamic_properties/tridymite_ortho_pbe_d3bj.csv
2432,0,-8.94950583987133,reference,DaRUS-4999/direct_upsampling_data_rungs_1-3/thermodynamic_properties/tridymite_ortho_pbe_d3bj.csv
2433,0,-8.950152546874016,reference,DaRUS-4999/direct_upsampling_data_rungs_1-3/thermodynamic_properties/tridymite_ortho_pbe_d3bj.csv
2434,0,-8.950799364289869,reference,DaRUS-4999/direct_upsampling_data_rungs_1-3/thermodynamic_properties/tridymite_ortho_pbe_d3bj.csv
2435,0,-8.951446292076495,reference,DaRUS-4999/direct_upsampling_data_rungs_1-3/thermodynamic_properties/tridymite_ortho_pbe_d3bj.csv
2436,0,-8.952093330191536,reference,DaRUS-4999/direct_upsampling_data_rungs_1-3/thermodynamic_properties/tridymite_ortho_pbe_d3bj.csv
2437,0,-8.952740478592661,reference,DaRUS-4999/direct_upsampling_data_rungs_1-3/thermodynamic_properties/tridymite_ortho_pbe_d3bj.csv
2438,0,-8.953387737237579,reference,DaRUS-4999/direct_upsampling_data_rungs_1-3/thermodynamic_properties/tridymite_ortho_pbe_d3bj.csv
2439,0,-8.954035106084033,reference,DaRUS-4999/direct_upsampling_data_rungs_1-3/thermodynamic_properties/tridymite_ortho_pbe_d3bj.csv
2440,0,-8.954682585089799,reference,DaRUS-4999/direct_upsampling_data_rungs_1-3/thermodynamic_properties/tridymite_ortho_pbe_d3bj.csv
2441,0,-8.955330174212689,reference,DaRUS-4999/direct_upsampling_data_rungs_1-3/thermodynamic_properties/tridymite_ortho_pbe_d3bj.csv
2442,0,-8.955977873410543,reference,DaRUS-4999/direct_upsampling_data_rungs_1-3/thermodynamic_properties/tridymite_ortho_pbe_d3bj.csv
2443,0,-8.956625682641244,reference,DaRUS-4999/direct_upsampling_data_rungs_1-3/thermodynamic_properties/tridymite_ortho_pbe_d3bj.csv
2444,0,-8.957273601862703,reference,DaRUS-4999/direct_upsampling_data_rungs_1-3/thermodynamic_properties/tridymite_ortho_pbe_d3bj.csv
2445,0,-8.957921631032873,reference,DaRUS-4999/direct_upsampling_data_rungs_1-3/thermodynamic_properties/tridymite_ortho_pbe_d3bj.csv
2446,0,-8.958569770109731,reference,DaRUS-4999/direct_upsampling_data_rungs_1-3/thermodynamic_properties/tridymite_ortho_pbe_d3bj.csv
2447,0,-8.959218019051292,reference,DaRUS-4999/direct_upsampling_data_rungs_1-3/thermodynamic_properties/tridymite_ortho_pbe_d3bj.csv
2448,0,-8.959866377815608,reference,DaRUS-4999/direct_upsampling_data_rungs_1-3/thermodynamic_properties/tridymite_ortho_pbe_d3bj.csv
2449,0,-8.960514846360763,reference,DaRUS-4999/direct_upsampling_data_rungs_1-3/thermodynamic_properties/tridymite_ortho_pbe_d3bj.csv
2450,0,-8.961163424644875,reference,DaRUS-4999/direct_upsampling_data_rungs_1-3/thermodynamic_properties/tridymite_ortho_pbe_d3bj.csv
2451,0,-8.961812112626092,reference,DaRUS-4999/direct_upsampling_data_rungs_1-3/thermodynamic_properties/tridymite_ortho_pbe_d3bj.csv
2452,0,-8.962460910262603,reference,DaRUS-4999/direct_upsampling_data_rungs_1-3/thermodynamic_properties/tridymite_ortho_pbe_d3bj.csv
2453,0,-8.963109817512628,reference,DaRUS-4999/direct_upsampling_data_rungs_1-3/thermodynamic_properties/tridymite_ortho_pbe_d3bj.csv
2454,0,-8.963758834334417,reference,DaRUS-4999/direct_upsampling_data_rungs_1-3/thermodynamic_properties/tridymite_ortho_pbe_d3bj.csv
2455,0,-8.964407960686259,reference,DaRUS-4999/direct_upsampling_data_rungs_1-3/thermodynamic_properties/tridymite_ortho_pbe_d3bj.csv
2456,0,-8.965057196526471,reference,DaRUS-4999/direct_upsampling_data_rungs_1-3/thermodynamic_properties/tridymite_ortho_pbe_d3bj.csv
2457,0,-8.965706541813411,reference,DaRUS-4999/direct_upsampling_data_rungs_1-3/thermodynamic_properties/tridymite_ortho_pbe_d3bj.csv
2458,0,-8.966355996505467,reference,DaRUS-4999/direct_upsampling_data_rungs_1-3/thermodynamic_properties/tridymite_ortho_pbe_d3bj.csv
2459,0,-8.967005560561057,reference,DaRUS-4999/direct_upsampling_data_rungs_1-3/thermodynamic_properties/tridymite_ortho_pbe_d3bj.csv
2460,0,-8.967655233938642,reference,DaRUS-4999/direct_upsampling_data_rungs_1-3/thermodynamic_properties/tridymite_ortho_pbe_d3bj.csv
2461,0,-8.968305016596702,reference,DaRUS-4999/direct_upsampling_data_rungs_1-3/thermodynamic_properties/tridymite_ortho_pbe_d3bj.csv
2462,0,-8.968954908493766,reference,DaRUS-4999/direct_upsampling_data_rungs_1-3/thermodynamic_properties/tridymite_ortho_pbe_d3bj.csv
2463,0,-8.969604909588385,reference,DaRUS-4999/direct_upsampling_data_rungs_1-3/thermodynamic_properties/tridymite_ortho_pbe_d3bj.csv
2464,0,-8.970255019839152,reference,DaRUS-4999/direct_upsampling_data_rungs_1-3/thermodynamic_properties/tridymite_ortho_pbe_d3bj.csv
2465,0,-8.970905239204686,reference,DaRUS-4999/direct_upsampling_data_rungs_1-3/thermodynamic_properties/tridymite_ortho_pbe_d3bj.csv
2466,0,-8.971555567643643,reference,DaRUS-4999/direct_upsampling_data_rungs_1-3/thermodynamic_properties/tridymite_ortho_pbe_d3bj.csv
2467,0,-8.972206005114714,reference,DaRUS-4999/direct_upsampling_data_rungs_1-3/thermodynamic_properties/tridymite_ortho_pbe_d3bj.csv
2468,0,-8.972856551576619,reference,DaRUS-4999/direct_upsampling_data_rungs_1-3/thermodynamic_properties/tridymite_ortho_pbe_d3bj.csv
2469,0,-8.973507206988113,reference,DaRUS-4999/direct_upsampling_data_rungs_1-3/thermodynamic_properties/tridymite_ortho_pbe_d3bj.csv
2470,0,-8.974157971307983,reference,DaRUS-4999/direct_upsampling_data_rungs_1-3/thermodynamic_properties/tridymite_ortho_pbe_d3bj.csv
2471,0,-8.974808844495058,reference,DaRUS-4999/direct_upsampling_data_rungs_1-3/thermodynamic_properties/tridymite_ortho_pbe_d3bj.csv
2472,0,-8.975459826508182,reference,DaRUS-4999/direct_upsampling_data_rungs_1-3/thermodynamic_properties/tridymite_ortho_pbe_d3bj.csv
2473,0,-8.976110917306249,reference,DaRUS-4999/direct_upsampling_data_rungs_1-3/thermodynamic_properties/tridymite_ortho_pbe_d3bj.csv
2474,0,-8.976762116848182,reference,DaRUS-4999/direct_upsampling_data_rungs_1-3/thermodynamic_properties/tridymite_ortho_pbe_d3bj.csv
2475,0,-8.977413425092927,reference,DaRUS-4999/direct_upsampling_data_rungs_1-3/thermodynamic_properties/tridymite_ortho_pbe_d3bj.csv
2476,0,-8.978064841999476,reference,DaRUS-4999/direct_upsampling_data_rungs_1-3/thermodynamic_properties/tridymite_ortho_pbe_d3bj.csv
2477,0,-8.978716367526847,reference,DaRUS-4999/direct_upsampling_data_rungs_1-3/thermodynamic_properties/tridymite_ortho_pbe_d3bj.csv
2478,0,-8.979368001634095,reference,DaRUS-4999/direct_upsampling_data_rungs_1-3/thermodynamic_properties/tridymite_ortho_pbe_d3bj.csv
2479,0,-8.9800197442803,reference,DaRUS-4999/direct_upsampling_data_rungs_1-3/thermodynamic_properties/tridymite_ortho_pbe_d3bj.csv
2480,0,-8.980671595424587,reference,DaRUS-4999/direct_upsampling_data_rungs_1-3/thermodynamic_properties/tridymite_ortho_pbe_d3bj.csv
2481,0,-8.981323555026098,reference,DaRUS-4999/direct_upsampling_data_rungs_1-3/thermodynamic_properties/tridymite_ortho_pbe_d3bj.csv
2482,0,-8.981975623044026,reference,DaRUS-4999/direct_upsampling_data_rungs_1-3/thermodynamic_properties/tridymite_ortho_pbe_d3bj.csv
2483,0,-8.982627799437578,reference,DaRUS-4999/direct_upsampling_data_rungs_1-3/thermodynamic_properties/tridymite_ortho_pbe_d3bj.csv
2484,0,-8.983280084166013,reference,DaRUS-4999/direct_upsampling_data_rungs_1-3/thermodynamic_properties/tridymite_ortho_pbe_d3bj.csv
2485,0,-8.983932477188603,reference,DaRUS-4999/direct_upsampling_data_rungs_1-3/thermodynamic_properties/tridymite_ortho_pbe_d3bj.csv
2486,0,-8.984584978464664,reference,DaRUS-4999/direct_upsampling_data_rungs_1-3/thermodynamic_properties/tridymite_ortho_pbe_d3bj.csv
2487,0,-8.985237587953547,reference,DaRUS-4999/direct_upsampling_data_rungs_1-3/thermodynamic_properties/tridymite_ortho_pbe_d3bj.csv
2488,0,-8.985890305614626,reference,DaRUS-4999/direct_upsampling_data_rungs_1-3/thermodynamic_properties/tridymite_ortho_pbe_d3bj.csv
2489,0,-8.986543131407316,reference,DaRUS-4999/direct_upsampling_data_rungs_1-3/thermodynamic_properties/tridymite_ortho_pbe_d3bj.csv
2490,0,-8.987196065291057,reference,DaRUS-4999/direct_upsampling_data_rungs_1-3/thermodynamic_properties/tridymite_ortho_pbe_d3bj.csv
2491,0,-8.98784910722533,reference,DaRUS-4999/direct_upsampling_data_rungs_1-3/thermodynamic_properties/tridymite_ortho_pbe_d3bj.csv
2492,0,-8.988502257169637,reference,DaRUS-4999/direct_upsampling_data_rungs_1-3/thermodynamic_properties/tridymite_ortho_pbe_d3bj.csv
2493,0,-8.989155515083526,reference,DaRUS-4999/direct_upsampling_data_rungs_1-3/thermodynamic_properties/tridymite_ortho_pbe_d3bj.csv
2494,0,-8.989808880926567,reference,DaRUS-4999/direct_upsampling_data_rungs_1-3/thermodynamic_properties/tridymite_ortho_pbe_d3bj.csv
2495,0,-8.990462354658366,reference,DaRUS-4999/direct_upsampling_data_rungs_1-3/thermodynamic_properties/tridymite_ortho_pbe_d3bj.csv
2496,0,-8.991115936238558,reference,DaRUS-4999/direct_upsampling_data_rungs_1-3/thermodynamic_properties/tridymite_ortho_pbe_d3bj.csv
2497,0,-8.991769625626816,reference,DaRUS-4999/direct_upsampling_data_rungs_1-3/thermodynamic_properties/tridymite_ortho_pbe_d3bj.csv
2498,0,-8.992423422782839,reference,DaRUS-4999/direct_upsampling_data_rungs_1-3/thermodynamic_properties/tridymite_ortho_pbe_d3bj.csv
2499,0,-8.993077327666363,reference,DaRUS-4999/direct_upsampling_data_rungs_1-3/thermodynamic_properties/tridymite_ortho_pbe_d3bj.csv
